# Blender 4.2.0
# www.blender.org
o 19689_X4Y1
v -0.459491 -0.011074 0.207735
v -0.461369 -0.058152 0.165420
v -0.466017 -0.026961 0.180519
v -0.467287 -0.067534 0.126979
v -0.483471 -0.025396 0.126979
v -0.457805 -0.102339 0.056605
v -0.469944 -0.080086 0.074596
v -0.494092 -0.025396 0.076187
v -0.459226 -0.103884 0.025396
v -0.477634 -0.076187 0.025396
v -0.499656 -0.025396 0.025396
v -0.412271 -0.060142 0.263329
v -0.418497 -0.025396 0.272821
v -0.409030 -0.104149 0.208635
v -0.420773 -0.076718 0.226764
v -0.445640 -0.026961 0.226224
v -0.415649 -0.110380 0.177771
v -0.443362 -0.075524 0.180519
v -0.455626 -0.044935 0.199281
v -0.425119 -0.118334 0.126979
v -0.450515 -0.092930 0.126979
v -0.435844 -0.119107 0.074596
v -0.455517 -0.099616 0.090466
v -0.431729 -0.127633 0.025396
v -0.263329 -0.060990 0.412271
v -0.272822 -0.025396 0.418497
v -0.207735 -0.011074 0.459491
v -0.209600 -0.164807 0.411189
v -0.216406 -0.126979 0.415682
v -0.230214 -0.077227 0.423800
v -0.226224 -0.026961 0.445719
v -0.165694 -0.067578 0.461675
v -0.180683 -0.026961 0.466200
v -0.166280 -0.218841 0.414423
v -0.181035 -0.180151 0.422671
v -0.177771 -0.126979 0.439064
v -0.180683 -0.081180 0.450688
v -0.199555 -0.044935 0.455758
v -0.110802 -0.161912 0.459991
v -0.121116 -0.126979 0.463720
v -0.131995 -0.081180 0.469368
v -0.126979 -0.025396 0.484167
v -0.116639 -0.261418 0.411943
v -0.130933 -0.232888 0.423291
v -0.127431 -0.178414 0.448812
v -0.146512 -0.126979 0.455110
v -0.152269 -0.101439 0.457085
v -0.055954 -0.205182 0.458120
v -0.074206 -0.178414 0.463304
v -0.076187 -0.126979 0.475138
v -0.076187 -0.076187 0.484536
v -0.076187 -0.025396 0.494953
v -0.076187 -0.269158 0.417359
v -0.074206 -0.224692 0.444208
v -0.089815 -0.195773 0.454757
v -0.025396 -0.206909 0.458900
v -0.025396 -0.177771 0.468863
v -0.025396 -0.126979 0.480578
v -0.025396 -0.076187 0.489710
v -0.025396 -0.025396 0.500343
v -0.025396 -0.274317 0.420544
v -0.025396 -0.232305 0.445940
v -0.102741 -0.406739 0.155716
v -0.102741 -0.406739 0.146970
v -0.058346 -0.407645 0.208699
v -0.075641 -0.409147 0.174696
v -0.078735 -0.409921 0.128816
v -0.063503 -0.408935 0.089191
v -0.025396 -0.409032 0.213990
v -0.025396 -0.414128 0.177771
v -0.025396 -0.415426 0.126979
v -0.025396 -0.410331 0.081247
v -0.357696 -0.008608 0.357696
v -0.366761 -0.065207 0.318745
v -0.373208 -0.025482 0.333463
v -0.365797 -0.111106 0.267813
v -0.383209 -0.079605 0.282502
v -0.401404 -0.025396 0.298217
v -0.357758 -0.155009 0.207431
v -0.378708 -0.124558 0.224964
v -0.399658 -0.094003 0.242496
v -0.363509 -0.160502 0.177771
v -0.388904 -0.135776 0.177771
v -0.370500 -0.165135 0.126979
v -0.395896 -0.143730 0.126979
v -0.375008 -0.166194 0.076187
v -0.400404 -0.148317 0.076187
v -0.378417 -0.166579 0.025396
v -0.403813 -0.150728 0.025396
v -0.318745 -0.066711 0.366761
v -0.333463 -0.025482 0.373208
v -0.305348 -0.154342 0.305777
v -0.316247 -0.126979 0.317563
v -0.336043 -0.082889 0.336707
v -0.352606 -0.042470 0.352606
v -0.307847 -0.209250 0.261045
v -0.313296 -0.173872 0.278527
v -0.340593 -0.127614 0.282588
v -0.353342 -0.099068 0.301674
v -0.312781 -0.219281 0.228562
v -0.337820 -0.174272 0.226042
v -0.349159 -0.144967 0.241292
v -0.305546 -0.255161 0.160809
v -0.315848 -0.232725 0.177752
v -0.343421 -0.185898 0.177771
v -0.305546 -0.255161 0.139418
v -0.317119 -0.233368 0.124284
v -0.345010 -0.190531 0.126979
v -0.319715 -0.224771 0.076187
v -0.345111 -0.191590 0.076187
v -0.316941 -0.216136 0.025396
v -0.342336 -0.191975 0.025396
v -0.260474 -0.168400 0.362602
v -0.270911 -0.126979 0.370290
v -0.283618 -0.080781 0.384384
v -0.298217 -0.025396 0.401404
v -0.255934 -0.256618 0.307492
v -0.264500 -0.228562 0.319148
v -0.280186 -0.178302 0.330421
v -0.296307 -0.126979 0.342959
v -0.303907 -0.100572 0.354668
v -0.263456 -0.266280 0.279354
v -0.289121 -0.227133 0.278527
v -0.299898 -0.188203 0.294906
v -0.257087 -0.307864 0.212353
v -0.271889 -0.282536 0.228995
v -0.299421 -0.244676 0.228562
v -0.260118 -0.311128 0.177771
v -0.288844 -0.274997 0.177752
v -0.303888 -0.252430 0.194670
v -0.260558 -0.311672 0.126979
v -0.289558 -0.274997 0.124284
v -0.304492 -0.253503 0.105557
v -0.257674 -0.308589 0.087243
v -0.273856 -0.283949 0.072662
v -0.301439 -0.250167 0.076187
v -0.268601 -0.272488 0.025396
v -0.293997 -0.241532 0.025396
v -0.207919 -0.259125 0.359837
v -0.219119 -0.228562 0.369930
v -0.231573 -0.183534 0.383447
v -0.241802 -0.126979 0.395686
v -0.248246 -0.094851 0.402007
v -0.206192 -0.307239 0.308178
v -0.223986 -0.274802 0.324766
v -0.244515 -0.228562 0.344544
v -0.253545 -0.202261 0.355066
v -0.215844 -0.315425 0.279354
v -0.241240 -0.291676 0.279354
v -0.203826 -0.356013 0.204793
v -0.227366 -0.329110 0.225504
v -0.250905 -0.301588 0.246215
v -0.205659 -0.357288 0.177771
v -0.231055 -0.336524 0.177771
v -0.206488 -0.357896 0.126979
v -0.231884 -0.337067 0.126979
v -0.204931 -0.356824 0.096576
v -0.229059 -0.330376 0.074979
v -0.253188 -0.303942 0.053382
v -0.220515 -0.319152 0.025396
v -0.245911 -0.297884 0.025396
v -0.153747 -0.305605 0.356479
v -0.173515 -0.277375 0.368359
v -0.181035 -0.232888 0.397046
v -0.200141 -0.198668 0.404291
v -0.173515 -0.314711 0.327124
v -0.187608 -0.292986 0.342039
v -0.160819 -0.360073 0.263673
v -0.177758 -0.341562 0.280104
v -0.177758 -0.364274 0.224459
v -0.194680 -0.350356 0.238654
v -0.177771 -0.372831 0.177771
v -0.177771 -0.373837 0.126979
v -0.179645 -0.366289 0.078262
v -0.197826 -0.352163 0.062715
v -0.163965 -0.362092 0.034927
v -0.179645 -0.346453 0.020956
v -0.126979 -0.311714 0.362919
v -0.130933 -0.278750 0.391437
v -0.150500 -0.252702 0.405531
v -0.110019 -0.358787 0.309994
v -0.126961 -0.338593 0.328213
v -0.126961 -0.366626 0.280104
v -0.143880 -0.351869 0.297534
v -0.126979 -0.385548 0.228562
v -0.122595 -0.397431 0.174696
v -0.122595 -0.398249 0.128816
v -0.126979 -0.389378 0.076187
v -0.131348 -0.370490 0.020956
v -0.151191 -0.355052 0.001066
v -0.076187 -0.320673 0.372283
v -0.076187 -0.294554 0.397679
v -0.076187 -0.363264 0.317188
v -0.076187 -0.346068 0.342584
v -0.076187 -0.381890 0.279354
v -0.075641 -0.399897 0.226803
v -0.092207 -0.404632 0.189577
v -0.097364 -0.405467 0.113109
v -0.078735 -0.402507 0.073831
v -0.076187 -0.388340 0.025396
v -0.025396 -0.324219 0.376665
v -0.025396 -0.299713 0.402061
v -0.025396 -0.366335 0.322065
v -0.025396 -0.349615 0.347461
v -0.025396 -0.388025 0.279354
v -0.025396 -0.402627 0.239386
v -0.025396 -0.405259 0.055851
v -0.025396 -0.394236 0.025396
v -0.459491 0.011074 0.207735
v -0.466017 0.026961 0.180519
v -0.461369 0.058152 0.165420
v -0.483472 0.025396 0.126979
v -0.467287 0.067535 0.126979
v -0.494092 0.025396 0.076187
v -0.469945 0.080086 0.074598
v -0.457805 0.102340 0.056607
v -0.499656 0.025396 0.025396
v -0.477635 0.076187 0.025396
v -0.459226 0.103884 0.025396
v -0.418497 0.025396 0.272822
v -0.412271 0.060142 0.263330
v -0.445640 0.026961 0.226224
v -0.420773 0.076719 0.226765
v -0.409030 0.104149 0.208636
v -0.455626 0.044936 0.199282
v -0.443362 0.075525 0.180519
v -0.415650 0.110381 0.177771
v -0.450516 0.092930 0.126979
v -0.425120 0.118334 0.126979
v -0.455518 0.099616 0.090468
v -0.435844 0.119108 0.074598
v -0.431729 0.127634 0.025396
v -0.272822 0.025396 0.418497
v -0.263330 0.060142 0.412271
v -0.207735 0.011075 0.459491
v -0.226224 0.026961 0.445640
v -0.226765 0.076719 0.420773
v -0.208636 0.104149 0.409030
v -0.180519 0.026961 0.466017
v -0.165420 0.058152 0.461369
v -0.199282 0.044936 0.455626
v -0.180519 0.075525 0.443362
v -0.177771 0.110381 0.415650
v -0.126979 0.025396 0.483472
v -0.126979 0.067535 0.467287
v -0.126979 0.092930 0.450516
v -0.126979 0.118334 0.425120
v -0.076187 0.025396 0.494092
v -0.074598 0.080086 0.469945
v -0.056607 0.102340 0.457805
v -0.090468 0.099616 0.455518
v -0.074598 0.119194 0.435844
v -0.025396 0.025396 0.499657
v -0.025396 0.076187 0.477635
v -0.025396 0.103884 0.459226
v -0.021163 0.132995 0.426751
v -0.001411 0.152516 0.406502
v -0.357696 0.008609 0.357696
v -0.373208 0.025482 0.333463
v -0.366761 0.065207 0.318745
v -0.401404 0.025396 0.298217
v -0.383210 0.079605 0.282502
v -0.365797 0.109845 0.267813
v -0.399658 0.094003 0.242497
v -0.382012 0.117252 0.226765
v -0.379273 0.138109 0.179677
v -0.361232 0.155735 0.164017
v -0.393600 0.143730 0.126979
v -0.368204 0.159806 0.126979
v -0.400145 0.148318 0.076187
v -0.374750 0.163654 0.076187
v -0.403814 0.150729 0.025396
v -0.378418 0.165737 0.025396
v -0.333463 0.025482 0.373208
v -0.318745 0.065207 0.366761
v -0.352606 0.042470 0.352606
v -0.335881 0.082138 0.335881
v -0.319156 0.112023 0.319156
v -0.353018 0.099068 0.301674
v -0.329939 0.127865 0.279166
v -0.306861 0.153430 0.256658
v -0.342307 0.144640 0.228562
v -0.316911 0.158787 0.228562
v -0.352715 0.150730 0.197878
v -0.333529 0.165716 0.179677
v -0.330146 0.178883 0.126979
v -0.330146 0.186065 0.076187
v -0.330146 0.189985 0.025396
v -0.298217 0.025396 0.401404
v -0.282502 0.079605 0.383210
v -0.267813 0.109845 0.365797
v -0.301674 0.099068 0.353018
v -0.279166 0.127865 0.329939
v -0.256658 0.153430 0.306861
v -0.290519 0.145884 0.290519
v -0.275895 0.158875 0.275895
v -0.279354 0.175452 0.228562
v -0.275274 0.192114 0.174215
v -0.255624 0.203771 0.154913
v -0.287630 0.196848 0.126979
v -0.262235 0.206176 0.126979
v -0.296754 0.200181 0.076187
v -0.271358 0.209268 0.076187
v -0.301505 0.202019 0.025396
v -0.276109 0.210595 0.025396
v -0.242497 0.094003 0.399658
v -0.226765 0.117252 0.382012
v -0.228562 0.144640 0.342307
v -0.228562 0.158787 0.316911
v -0.228562 0.175929 0.279354
v -0.227436 0.194502 0.228055
v -0.209754 0.205411 0.210786
v -0.243615 0.199732 0.188774
v -0.227436 0.207938 0.174215
v -0.228562 0.215610 0.126979
v -0.228562 0.221685 0.076187
v -0.228562 0.224681 0.025396
v -0.179677 0.138109 0.379273
v -0.164017 0.155859 0.361232
v -0.197879 0.150730 0.352715
v -0.179677 0.167322 0.333529
v -0.179446 0.194027 0.281014
v -0.163633 0.208661 0.265190
v -0.197494 0.200367 0.244648
v -0.179446 0.213557 0.228055
v -0.177771 0.224738 0.177771
v -0.177771 0.230239 0.126979
v -0.177771 0.233461 0.076187
v -0.177771 0.235828 0.025396
v -0.126979 0.143730 0.394275
v -0.126979 0.161929 0.368879
v -0.127650 0.188694 0.328655
v -0.111167 0.206957 0.310731
v -0.145029 0.200169 0.299051
v -0.127650 0.215636 0.281014
v -0.126979 0.234831 0.228562
v -0.123033 0.245722 0.175995
v -0.103471 0.254581 0.157880
v -0.123033 0.247725 0.122594
v -0.103471 0.254581 0.136602
v -0.126979 0.244630 0.076187
v -0.126979 0.244047 0.025396
v -0.076187 0.148425 0.401333
v -0.076187 0.169197 0.375937
v -0.076187 0.194593 0.343498
v -0.076187 0.211444 0.318103
v -0.076187 0.230872 0.279354
v -0.077961 0.248415 0.228753
v -0.062213 0.256550 0.211949
v -0.096074 0.252677 0.191741
v -0.077961 0.258176 0.175995
v -0.100966 0.253912 0.102741
v -0.080896 0.257391 0.122594
v -0.080896 0.252354 0.072935
v -0.067104 0.255242 0.087698
v -0.076187 0.250047 0.025396
v -0.035272 0.150868 0.404504
v -0.021163 0.168506 0.384919
v -0.025396 0.197828 0.348204
v -0.025396 0.214605 0.322808
v -0.025396 0.237004 0.279354
v -0.025396 0.250961 0.243304
v -0.025396 0.257785 0.217908
v -0.025396 0.264117 0.177771
v -0.025396 0.263836 0.126979
v -0.044387 0.253698 0.053837
v -0.026632 0.257049 0.072935
v -0.026632 0.253302 0.020320
v -0.010526 0.254382 0.033867
v -0.459226 -0.103884 -0.025396
v -0.477634 -0.076187 -0.025396
v -0.499656 -0.025396 -0.025396
v -0.457805 -0.102339 -0.056605
v -0.469944 -0.080086 -0.074596
v -0.494092 -0.025396 -0.076187
v -0.467287 -0.067534 -0.126979
v -0.483471 -0.025396 -0.126979
v -0.461369 -0.058152 -0.165420
v -0.466017 -0.026961 -0.180519
v -0.459491 -0.011074 -0.207735
v -0.431729 -0.127633 -0.025396
v -0.435844 -0.119107 -0.074596
v -0.455517 -0.099616 -0.090466
v -0.425119 -0.118334 -0.126979
v -0.450515 -0.092930 -0.126979
v -0.415649 -0.110380 -0.177771
v -0.443362 -0.075524 -0.180519
v -0.455626 -0.044935 -0.199281
v -0.409030 -0.104149 -0.208635
v -0.420773 -0.076718 -0.226764
v -0.445640 -0.026961 -0.226224
v -0.412271 -0.060142 -0.263329
v -0.418497 -0.025396 -0.272821
v -0.378417 -0.165736 -0.025396
v -0.403813 -0.150728 -0.025396
v -0.374749 -0.163654 -0.076187
v -0.400145 -0.148317 -0.076187
v -0.368204 -0.159805 -0.126979
v -0.393599 -0.143730 -0.126979
v -0.361232 -0.155734 -0.164016
v -0.379272 -0.138109 -0.179676
v -0.382011 -0.117251 -0.226764
v -0.399658 -0.094003 -0.242496
v -0.365797 -0.109845 -0.267813
v -0.383209 -0.079605 -0.282502
v -0.401404 -0.025396 -0.298217
v -0.366761 -0.065207 -0.318745
v -0.373208 -0.025482 -0.333463
v -0.357696 -0.008608 -0.357696
v -0.310780 -0.208129 -0.013317
v -0.328684 -0.192875 -0.028307
v -0.330146 -0.186064 -0.076187
v -0.330146 -0.178882 -0.126979
v -0.333528 -0.165715 -0.179676
v -0.352714 -0.150730 -0.197877
v -0.316910 -0.158787 -0.228562
v -0.342306 -0.144639 -0.228562
v -0.306860 -0.153429 -0.256657
v -0.329939 -0.127864 -0.279166
v -0.353017 -0.099068 -0.301674
v -0.319156 -0.112023 -0.319156
v -0.335881 -0.082137 -0.335881
v -0.352606 -0.042469 -0.352606
v -0.318745 -0.065207 -0.366761
v -0.333463 -0.025482 -0.373208
v -0.260708 -0.262542 -0.009580
v -0.281928 -0.228328 -0.028379
v -0.303148 -0.202059 -0.047178
v -0.272481 -0.214384 -0.076187
v -0.297877 -0.200181 -0.076187
v -0.262233 -0.206213 -0.126979
v -0.287629 -0.196848 -0.126979
v -0.255623 -0.203771 -0.154912
v -0.275274 -0.192113 -0.174214
v -0.279354 -0.175451 -0.228562
v -0.275894 -0.158874 -0.275894
v -0.290518 -0.145884 -0.290518
v -0.256657 -0.153429 -0.306860
v -0.279166 -0.127864 -0.329939
v -0.301674 -0.099068 -0.353017
v -0.267813 -0.109845 -0.365797
v -0.282502 -0.079605 -0.383209
v -0.298217 -0.025396 -0.401404
v -0.210138 -0.310401 -0.008453
v -0.228402 -0.280241 -0.025947
v -0.246667 -0.248528 -0.043441
v -0.212806 -0.264079 -0.061626
v -0.229267 -0.240068 -0.077609
v -0.228562 -0.219625 -0.126979
v -0.227175 -0.207797 -0.174214
v -0.243180 -0.199731 -0.188773
v -0.209319 -0.205080 -0.209319
v -0.227175 -0.194120 -0.227175
v -0.228562 -0.175451 -0.279354
v -0.228562 -0.158787 -0.316910
v -0.228562 -0.144639 -0.342306
v -0.226764 -0.117251 -0.382011
v -0.242496 -0.094003 -0.399658
v -0.177600 -0.321143 -0.025389
v -0.194416 -0.297940 -0.042315
v -0.160555 -0.309980 -0.056840
v -0.177612 -0.278746 -0.076164
v -0.194670 -0.249712 -0.095487
v -0.160809 -0.259553 -0.107687
v -0.177752 -0.240088 -0.125562
v -0.177771 -0.219663 -0.177771
v -0.174214 -0.207732 -0.227175
v -0.188773 -0.199731 -0.243180
v -0.154912 -0.203771 -0.255623
v -0.174214 -0.192113 -0.275274
v -0.179676 -0.165715 -0.333528
v -0.197877 -0.150730 -0.352714
v -0.164016 -0.155734 -0.361232
v -0.179676 -0.138109 -0.379272
v -0.117330 -0.361484 -0.010590
v -0.131348 -0.345815 -0.026671
v -0.126979 -0.318354 -0.066240
v -0.126979 -0.294251 -0.091636
v -0.126979 -0.268855 -0.117657
v -0.126979 -0.247689 -0.143053
v -0.126979 -0.231719 -0.177771
v -0.126979 -0.215601 -0.228562
v -0.126979 -0.206176 -0.262233
v -0.126979 -0.196848 -0.287629
v -0.126979 -0.178882 -0.330146
v -0.126979 -0.159805 -0.368204
v -0.126979 -0.143730 -0.393599
v -0.076187 -0.367077 -0.019917
v -0.076187 -0.352033 -0.045313
v -0.076106 -0.323564 -0.079838
v -0.092982 -0.302087 -0.099202
v -0.059121 -0.306923 -0.103587
v -0.077719 -0.279266 -0.127180
v -0.096316 -0.252739 -0.150772
v -0.062455 -0.256444 -0.155874
v -0.078107 -0.242843 -0.174791
v -0.076187 -0.221684 -0.228562
v -0.076187 -0.209268 -0.271357
v -0.076187 -0.200181 -0.296753
v -0.076187 -0.186064 -0.330146
v -0.076187 -0.163654 -0.374749
v -0.076187 -0.148317 -0.400145
v -0.025920 -0.367486 -0.029896
v -0.043201 -0.354886 -0.049827
v -0.009339 -0.356285 -0.051790
v -0.025920 -0.337771 -0.071707
v -0.025396 -0.308424 -0.105045
v -0.025396 -0.283783 -0.130440
v -0.025396 -0.258387 -0.158602
v -0.025396 -0.242648 -0.183998
v -0.025396 -0.224680 -0.228562
v -0.025396 -0.210595 -0.276108
v -0.025396 -0.202019 -0.301503
v -0.025396 -0.189984 -0.330146
v -0.025396 -0.165736 -0.378417
v -0.025396 -0.150728 -0.403813
v -0.263329 -0.060142 -0.412271
v -0.272821 -0.025396 -0.418497
v -0.208635 -0.104149 -0.409030
v -0.226764 -0.076718 -0.420773
v -0.226224 -0.026961 -0.445640
v -0.207735 -0.011074 -0.459491
v -0.177771 -0.110380 -0.415649
v -0.180519 -0.075524 -0.443362
v -0.199281 -0.044935 -0.455626
v -0.165420 -0.058152 -0.461369
v -0.180519 -0.026961 -0.466017
v -0.126979 -0.118334 -0.425119
v -0.126979 -0.092930 -0.450515
v -0.126979 -0.067534 -0.467287
v -0.126979 -0.025396 -0.483471
v -0.074596 -0.119107 -0.435843
v -0.090466 -0.099616 -0.455517
v -0.056605 -0.102339 -0.457805
v -0.074596 -0.080086 -0.469944
v -0.076187 -0.025396 -0.494092
v -0.025396 -0.127633 -0.431729
v -0.025396 -0.103884 -0.459226
v -0.025396 -0.076187 -0.477634
v -0.025396 -0.025396 -0.499657
v -0.499656 0.025396 -0.025396
v -0.477635 0.076187 -0.025396
v -0.459226 0.103884 -0.025396
v -0.494092 0.025396 -0.076187
v -0.469945 0.080086 -0.074598
v -0.457805 0.102340 -0.056607
v -0.483472 0.025396 -0.126979
v -0.467287 0.067535 -0.126979
v -0.466017 0.026961 -0.180519
v -0.461369 0.058152 -0.165420
v -0.459491 0.011074 -0.207735
v -0.431729 0.127634 -0.025396
v -0.455518 0.099616 -0.090468
v -0.435844 0.119108 -0.074598
v -0.450516 0.092930 -0.126979
v -0.425120 0.118334 -0.126979
v -0.455626 0.044936 -0.199281
v -0.443362 0.075525 -0.180519
v -0.415650 0.110381 -0.177771
v -0.445640 0.026961 -0.226224
v -0.420773 0.076719 -0.226765
v -0.409030 0.104149 -0.208636
v -0.418497 0.025396 -0.272822
v -0.412271 0.060142 -0.263330
v -0.403814 0.150729 -0.025396
v -0.378418 0.165737 -0.025396
v -0.400145 0.148318 -0.076187
v -0.374750 0.163654 -0.076187
v -0.393600 0.143730 -0.126979
v -0.368204 0.159806 -0.126979
v -0.379273 0.138109 -0.179677
v -0.361232 0.155735 -0.164017
v -0.399658 0.094003 -0.242497
v -0.382012 0.117252 -0.226765
v -0.401404 0.025396 -0.298217
v -0.383210 0.079605 -0.282502
v -0.365797 0.109845 -0.267813
v -0.373208 0.025482 -0.333463
v -0.366761 0.065207 -0.318745
v -0.357696 0.008609 -0.357696
v -0.330146 0.189985 -0.025396
v -0.330146 0.186065 -0.076187
v -0.330146 0.178883 -0.126979
v -0.352715 0.150730 -0.197878
v -0.333529 0.165716 -0.179677
v -0.342307 0.144640 -0.228562
v -0.316911 0.158787 -0.228562
v -0.353018 0.099068 -0.301674
v -0.329939 0.127865 -0.279166
v -0.306861 0.153430 -0.256658
v -0.352606 0.042470 -0.352606
v -0.335881 0.082137 -0.335881
v -0.319156 0.112023 -0.319156
v -0.333463 0.025482 -0.373208
v -0.318745 0.065207 -0.366761
v -0.301505 0.202019 -0.025396
v -0.276109 0.210595 -0.025396
v -0.296754 0.200181 -0.076187
v -0.271358 0.209268 -0.076187
v -0.287630 0.196848 -0.126979
v -0.262235 0.206176 -0.126979
v -0.275274 0.192114 -0.174215
v -0.255624 0.203771 -0.154913
v -0.279354 0.175452 -0.228562
v -0.290519 0.145884 -0.290519
v -0.275895 0.158875 -0.275895
v -0.301674 0.099068 -0.353018
v -0.279166 0.127865 -0.329939
v -0.256658 0.153430 -0.306861
v -0.298217 0.025396 -0.401404
v -0.282502 0.079605 -0.383209
v -0.267813 0.109845 -0.365797
v -0.228562 0.224681 -0.025396
v -0.228562 0.221685 -0.076187
v -0.228562 0.215602 -0.126979
v -0.243181 0.199732 -0.188774
v -0.227175 0.207732 -0.174215
v -0.227175 0.194121 -0.227175
v -0.209320 0.205081 -0.209320
v -0.228562 0.175452 -0.279354
v -0.228562 0.144640 -0.342307
v -0.228562 0.158787 -0.316911
v -0.242497 0.094003 -0.399658
v -0.226765 0.117252 -0.382012
v -0.177771 0.235828 -0.025396
v -0.177771 0.232992 -0.076187
v -0.177771 0.227336 -0.126979
v -0.177771 0.218691 -0.177771
v -0.188774 0.199732 -0.243181
v -0.174215 0.207732 -0.227175
v -0.174215 0.192114 -0.275274
v -0.154913 0.203771 -0.255624
v -0.197878 0.150730 -0.352715
v -0.179677 0.165716 -0.333529
v -0.179677 0.138109 -0.379273
v -0.164017 0.155735 -0.361232
v -0.126979 0.244035 -0.025396
v -0.126979 0.241272 -0.076187
v -0.126979 0.235989 -0.126979
v -0.126979 0.227336 -0.177771
v -0.126979 0.215602 -0.228562
v -0.126979 0.196848 -0.287630
v -0.126979 0.206176 -0.262235
v -0.126979 0.178883 -0.330146
v -0.126979 0.143730 -0.393600
v -0.126979 0.159806 -0.368204
v -0.076187 0.249346 -0.025396
v -0.076187 0.246587 -0.076187
v -0.076187 0.241272 -0.126979
v -0.076187 0.232992 -0.177771
v -0.076187 0.221685 -0.228562
v -0.076187 0.200181 -0.296754
v -0.076187 0.209268 -0.271358
v -0.076187 0.186065 -0.330146
v -0.076187 0.148318 -0.400145
v -0.076187 0.163654 -0.374750
v -0.025396 0.251823 -0.025396
v -0.025396 0.249346 -0.076187
v -0.025396 0.244035 -0.126979
v -0.025396 0.235828 -0.177771
v -0.025396 0.224681 -0.228562
v -0.025396 0.202019 -0.301505
v -0.025396 0.210595 -0.276109
v -0.025396 0.189985 -0.330146
v -0.025396 0.150729 -0.403814
v -0.025396 0.165737 -0.378418
v -0.272822 0.025396 -0.418497
v -0.263330 0.060142 -0.412271
v -0.226224 0.026961 -0.445640
v -0.226765 0.076719 -0.420773
v -0.208636 0.104149 -0.409030
v -0.207735 0.011074 -0.459491
v -0.199281 0.044935 -0.455626
v -0.180519 0.075525 -0.443362
v -0.177771 0.110381 -0.415650
v -0.180519 0.026961 -0.466017
v -0.165420 0.058152 -0.461369
v -0.126979 0.092930 -0.450516
v -0.126979 0.118334 -0.425120
v -0.126979 0.025396 -0.483471
v -0.126979 0.067535 -0.467287
v -0.090468 0.099616 -0.455518
v -0.074597 0.119108 -0.435844
v -0.076187 0.025396 -0.494092
v -0.074597 0.080086 -0.469945
v -0.056607 0.102340 -0.457805
v -0.025396 0.127634 -0.431729
v -0.025396 0.025396 -0.499657
v -0.025396 0.076187 -0.477635
v -0.025396 0.103884 -0.459226
v 0.010520 -0.206142 0.458496
v 0.026629 -0.181308 0.464748
v 0.025396 -0.126979 0.478356
v 0.025396 -0.076187 0.488919
v 0.025396 -0.025396 0.500312
v 0.025396 -0.272372 0.419439
v 0.026629 -0.225268 0.446777
v 0.044381 -0.200596 0.456265
v 0.067657 -0.166735 0.461613
v 0.081228 -0.131939 0.465431
v 0.076187 -0.076187 0.480019
v 0.076187 -0.025396 0.494455
v 0.076187 -0.263352 0.413295
v 0.076187 -0.228562 0.433778
v 0.081228 -0.181308 0.453182
v 0.101518 -0.152177 0.457105
v 0.106244 -0.118316 0.458707
v 0.124696 -0.076237 0.466204
v 0.126979 -0.025396 0.483471
v 0.105088 -0.256271 0.407998
v 0.124003 -0.226086 0.415448
v 0.126979 -0.177771 0.435750
v 0.124696 -0.131939 0.449504
v 0.140105 -0.093201 0.452589
v 0.165420 -0.059340 0.461369
v 0.180519 -0.026961 0.466017
v 0.155661 -0.207505 0.408621
v 0.164681 -0.177771 0.414637
v 0.180565 -0.128616 0.422163
v 0.180519 -0.076237 0.446468
v 0.199281 -0.044935 0.455626
v 0.207735 -0.011074 0.459491
v 0.212007 -0.112777 0.411537
v 0.228787 -0.076718 0.422277
v 0.226224 -0.026961 0.445640
v 0.263329 -0.060142 0.412271
v 0.272822 -0.025396 0.418497
v 0.025396 -0.408195 0.210390
v 0.025396 -0.412480 0.177771
v 0.025396 -0.413049 0.126979
v 0.025396 -0.408764 0.088565
v 0.051455 -0.406528 0.203899
v 0.056045 -0.407899 0.177771
v 0.057200 -0.408137 0.126979
v 0.052995 -0.406845 0.098949
v 0.025396 -0.322285 0.374936
v 0.025396 -0.297767 0.400332
v 0.025396 -0.364719 0.319396
v 0.025396 -0.347680 0.344792
v 0.025396 -0.385089 0.279354
v 0.025396 -0.401307 0.235786
v 0.025396 -0.403873 0.063169
v 0.025396 -0.391795 0.025396
v 0.076187 -0.315632 0.367292
v 0.076187 -0.288748 0.392688
v 0.067256 -0.360438 0.312532
v 0.080987 -0.343833 0.329736
v 0.080987 -0.370333 0.284240
v 0.101117 -0.355379 0.304427
v 0.071506 -0.394812 0.223923
v 0.081441 -0.400083 0.177771
v 0.082596 -0.401158 0.126979
v 0.072430 -0.397848 0.079686
v 0.076187 -0.380886 0.025396
v 0.109762 -0.309038 0.360091
v 0.124356 -0.277476 0.379295
v 0.138950 -0.241366 0.398500
v 0.126807 -0.321926 0.331220
v 0.143623 -0.298682 0.348867
v 0.116783 -0.362920 0.270566
v 0.131019 -0.349267 0.284240
v 0.131019 -0.369397 0.231806
v 0.150644 -0.354607 0.250900
v 0.126979 -0.382108 0.177771
v 0.126979 -0.384311 0.126979
v 0.126979 -0.377279 0.076187
v 0.124893 -0.363169 0.028955
v 0.140433 -0.349077 0.014397
v 0.163374 -0.264821 0.364639
v 0.176448 -0.227128 0.380165
v 0.190077 -0.177771 0.396038
v 0.199358 -0.146638 0.403249
v 0.161861 -0.312321 0.315006
v 0.179548 -0.281350 0.332282
v 0.197236 -0.246752 0.349558
v 0.178383 -0.320911 0.278105
v 0.195722 -0.297880 0.294203
v 0.158680 -0.359423 0.217039
v 0.176475 -0.342347 0.231806
v 0.164315 -0.362962 0.177771
v 0.189711 -0.345824 0.177771
v 0.165563 -0.364090 0.126979
v 0.190958 -0.346301 0.126979
v 0.159555 -0.360354 0.076187
v 0.184951 -0.341878 0.076187
v 0.153980 -0.356573 0.048258
v 0.177199 -0.329698 0.026464
v 0.200418 -0.302275 0.004669
v 0.209586 -0.212891 0.361830
v 0.218382 -0.177771 0.370642
v 0.231451 -0.130640 0.384915
v 0.245868 -0.094003 0.400442
v 0.211679 -0.264019 0.315697
v 0.227563 -0.226496 0.328455
v 0.243777 -0.177771 0.341929
v 0.250895 -0.148504 0.351720
v 0.206703 -0.308117 0.260342
v 0.226122 -0.276501 0.274967
v 0.245540 -0.240101 0.289591
v 0.213367 -0.314353 0.228562
v 0.238763 -0.286407 0.228562
v 0.219474 -0.320428 0.177771
v 0.244870 -0.293530 0.177771
v 0.219881 -0.320906 0.126979
v 0.245277 -0.294468 0.126979
v 0.215643 -0.316482 0.076187
v 0.241039 -0.289160 0.076187
v 0.209194 -0.310319 0.038530
v 0.229093 -0.279909 0.024811
v 0.248992 -0.249541 0.011092
v 0.268281 -0.114643 0.366581
v 0.282736 -0.079605 0.383601
v 0.298217 -0.025396 0.401404
v 0.255577 -0.206240 0.307353
v 0.263738 -0.177771 0.316534
v 0.283761 -0.130793 0.335438
v 0.302143 -0.099068 0.353017
v 0.254791 -0.255123 0.255730
v 0.261248 -0.225327 0.275338
v 0.287917 -0.177292 0.280225
v 0.299240 -0.146944 0.297736
v 0.258712 -0.261011 0.228562
v 0.277352 -0.228562 0.228562
v 0.297994 -0.194489 0.228562
v 0.263890 -0.268134 0.177771
v 0.291314 -0.225569 0.178410
v 0.302975 -0.200859 0.195767
v 0.264993 -0.269072 0.126979
v 0.290389 -0.234897 0.126979
v 0.261042 -0.263764 0.076187
v 0.286438 -0.234156 0.076187
v 0.256428 -0.257543 0.044953
v 0.280290 -0.227598 0.023859
v 0.304152 -0.202743 0.002764
v 0.318745 -0.065207 0.366761
v 0.333463 -0.025482 0.373208
v 0.319156 -0.113083 0.319156
v 0.335881 -0.082137 0.335881
v 0.352606 -0.042470 0.352606
v 0.312307 -0.160043 0.263875
v 0.332662 -0.128395 0.282775
v 0.353017 -0.099068 0.301674
v 0.321630 -0.169093 0.228562
v 0.347026 -0.144639 0.228562
v 0.307302 -0.206643 0.161906
v 0.330431 -0.178335 0.179892
v 0.353561 -0.150730 0.197877
v 0.310297 -0.209501 0.126979
v 0.335692 -0.185258 0.126979
v 0.311076 -0.208761 0.076187
v 0.336472 -0.189050 0.076187
v 0.308341 -0.205656 0.036625
v 0.327221 -0.193285 0.021975
v 0.357696 -0.008609 0.357696
v 0.366761 -0.065207 0.318745
v 0.373208 -0.025482 0.333463
v 0.365797 -0.109845 0.267813
v 0.383209 -0.079605 0.282502
v 0.401404 -0.025396 0.298217
v 0.382011 -0.117251 0.226765
v 0.399658 -0.094003 0.242497
v 0.361232 -0.155810 0.164016
v 0.379272 -0.138109 0.179676
v 0.368204 -0.159862 0.126979
v 0.393600 -0.143730 0.126979
v 0.374749 -0.163654 0.076187
v 0.400145 -0.148317 0.076187
v 0.378417 -0.165736 0.025396
v 0.403813 -0.150728 0.025396
v 0.412271 -0.060142 0.263329
v 0.418497 -0.025396 0.272822
v 0.409030 -0.104149 0.208635
v 0.420773 -0.076718 0.226765
v 0.445640 -0.026961 0.226224
v 0.415650 -0.110380 0.177771
v 0.443362 -0.075524 0.180519
v 0.455626 -0.044935 0.199281
v 0.425119 -0.118334 0.126979
v 0.450515 -0.092930 0.126979
v 0.435844 -0.119107 0.074596
v 0.455517 -0.099616 0.090466
v 0.431729 -0.127633 0.025396
v 0.459491 -0.011074 0.207735
v 0.461369 -0.058152 0.165420
v 0.466017 -0.026961 0.180519
v 0.467287 -0.067534 0.126979
v 0.483472 -0.025396 0.126979
v 0.457805 -0.102339 0.056605
v 0.469944 -0.080086 0.074596
v 0.494092 -0.025396 0.076187
v 0.459226 -0.103884 0.025396
v 0.477634 -0.076187 0.025396
v 0.499657 -0.025396 0.025396
v 0.025396 0.025396 0.499657
v 0.025396 0.076187 0.477635
v 0.025396 0.103884 0.459226
v 0.021089 0.132909 0.426751
v 0.001287 0.152516 0.406502
v 0.076187 0.025396 0.494092
v 0.074598 0.080086 0.469945
v 0.056607 0.102340 0.457805
v 0.090468 0.099616 0.455518
v 0.074598 0.119108 0.435844
v 0.126979 0.025396 0.483472
v 0.126979 0.067535 0.467287
v 0.126979 0.092930 0.450516
v 0.126979 0.118334 0.425120
v 0.180519 0.026961 0.466017
v 0.165420 0.058152 0.461369
v 0.199282 0.044936 0.455626
v 0.180519 0.075525 0.443362
v 0.177771 0.110381 0.415650
v 0.207735 0.011075 0.459491
v 0.226224 0.026961 0.445640
v 0.226765 0.076719 0.420773
v 0.208636 0.104149 0.409030
v 0.272822 0.025396 0.418497
v 0.263330 0.060142 0.412271
v 0.035148 0.150725 0.404251
v 0.021089 0.167765 0.384767
v 0.025396 0.196903 0.346240
v 0.025396 0.213253 0.320844
v 0.025396 0.234767 0.279354
v 0.025396 0.250076 0.238660
v 0.025396 0.256319 0.213264
v 0.025396 0.261649 0.177771
v 0.025396 0.262571 0.126979
v 0.039513 0.253110 0.059145
v 0.023708 0.256838 0.076120
v 0.023708 0.252949 0.020320
v 0.005652 0.254382 0.033867
v 0.076187 0.148318 0.400469
v 0.076187 0.166379 0.375073
v 0.081193 0.194028 0.330589
v 0.067600 0.208610 0.313954
v 0.101461 0.203125 0.304669
v 0.081193 0.219236 0.284385
v 0.072623 0.244150 0.225037
v 0.053316 0.254595 0.205756
v 0.084816 0.249356 0.177771
v 0.059420 0.256296 0.177771
v 0.086011 0.250166 0.126979
v 0.060615 0.256517 0.126979
v 0.073579 0.250376 0.076120
v 0.054910 0.254890 0.093006
v 0.076187 0.249600 0.025396
v 0.126979 0.143730 0.393600
v 0.126979 0.159943 0.368205
v 0.126979 0.181290 0.330146
v 0.126979 0.199117 0.294539
v 0.126979 0.210281 0.269143
v 0.126979 0.224587 0.228562
v 0.126979 0.234937 0.177771
v 0.126979 0.239560 0.126979
v 0.126979 0.242129 0.076187
v 0.126979 0.244040 0.025396
v 0.179677 0.138109 0.379273
v 0.164017 0.155735 0.361232
v 0.197879 0.150730 0.352715
v 0.179677 0.165832 0.333529
v 0.175515 0.192230 0.276313
v 0.157080 0.204540 0.257355
v 0.190941 0.199732 0.243181
v 0.175515 0.208721 0.227175
v 0.177771 0.219397 0.177771
v 0.177771 0.227382 0.126979
v 0.177771 0.232992 0.076187
v 0.177771 0.235828 0.025396
v 0.242497 0.094003 0.399658
v 0.226765 0.117252 0.382012
v 0.228562 0.144640 0.342307
v 0.228562 0.158787 0.316911
v 0.228562 0.175452 0.279354
v 0.227175 0.194121 0.227175
v 0.209320 0.205081 0.209320
v 0.243181 0.199732 0.188774
v 0.227175 0.207733 0.174215
v 0.228562 0.215602 0.126979
v 0.228562 0.221685 0.076187
v 0.228562 0.224681 0.025396
v 0.298218 0.025396 0.401404
v 0.282502 0.079605 0.383210
v 0.267813 0.109845 0.365797
v 0.301675 0.099068 0.353018
v 0.279166 0.127865 0.329939
v 0.256658 0.153430 0.306861
v 0.290519 0.145884 0.290519
v 0.275895 0.158875 0.275895
v 0.279354 0.175452 0.228562
v 0.275274 0.192114 0.174215
v 0.255624 0.203771 0.154913
v 0.287630 0.196848 0.126979
v 0.262235 0.206176 0.126979
v 0.296754 0.200181 0.076187
v 0.271359 0.209268 0.076187
v 0.301505 0.202019 0.025396
v 0.276109 0.210595 0.025396
v 0.333463 0.025482 0.373208
v 0.318745 0.065207 0.366761
v 0.352606 0.042470 0.352606
v 0.335881 0.082138 0.335881
v 0.319157 0.112023 0.319157
v 0.353018 0.099068 0.301675
v 0.329939 0.127865 0.279166
v 0.306861 0.153430 0.256658
v 0.342307 0.144640 0.228562
v 0.316911 0.158787 0.228562
v 0.352715 0.150730 0.197879
v 0.333529 0.165716 0.179677
v 0.330146 0.178883 0.126979
v 0.330146 0.186065 0.076187
v 0.330146 0.189985 0.025396
v 0.357696 0.008609 0.357696
v 0.373208 0.025482 0.333463
v 0.366761 0.065207 0.318745
v 0.401404 0.025396 0.298218
v 0.383210 0.079605 0.282502
v 0.365797 0.109845 0.267813
v 0.399658 0.094003 0.242497
v 0.382012 0.117252 0.226765
v 0.379273 0.138109 0.179677
v 0.361232 0.155735 0.164017
v 0.393600 0.143730 0.126979
v 0.368205 0.159806 0.126979
v 0.400145 0.148318 0.076187
v 0.374750 0.163654 0.076187
v 0.403814 0.150729 0.025396
v 0.378418 0.165737 0.025396
v 0.418497 0.025396 0.272822
v 0.412271 0.060142 0.263330
v 0.445640 0.026962 0.226224
v 0.420773 0.076719 0.226765
v 0.409030 0.104149 0.208636
v 0.455626 0.044936 0.199282
v 0.443362 0.075525 0.180519
v 0.415650 0.110381 0.177771
v 0.450516 0.092931 0.126979
v 0.425120 0.118334 0.126979
v 0.455518 0.099616 0.090469
v 0.435844 0.119108 0.074598
v 0.431729 0.127634 0.025396
v 0.459491 0.011075 0.207735
v 0.466017 0.026962 0.180519
v 0.461369 0.058152 0.165421
v 0.483472 0.025396 0.126979
v 0.467287 0.067535 0.126979
v 0.494092 0.025396 0.076187
v 0.469945 0.080086 0.074598
v 0.457805 0.102340 0.056607
v 0.499657 0.025396 0.025396
v 0.477635 0.076187 0.025396
v 0.459226 0.103884 0.025396
v 0.022746 -0.366641 -0.028188
v 0.037910 -0.353005 -0.046980
v 0.004049 -0.356285 -0.051790
v 0.026906 -0.330240 -0.076594
v 0.049762 -0.304544 -0.101399
v 0.015901 -0.307475 -0.104194
v 0.029857 -0.287179 -0.123466
v 0.025396 -0.257545 -0.157593
v 0.025396 -0.242648 -0.182989
v 0.025396 -0.224680 -0.228562
v 0.025396 -0.210595 -0.276108
v 0.025396 -0.202019 -0.301503
v 0.025396 -0.189984 -0.330146
v 0.025396 -0.165736 -0.378417
v 0.025396 -0.150728 -0.403813
v 0.076187 -0.363349 -0.013156
v 0.076187 -0.347467 -0.038552
v 0.076187 -0.322071 -0.070942
v 0.076187 -0.299346 -0.096338
v 0.073937 -0.270769 -0.128744
v 0.089368 -0.250441 -0.146851
v 0.055506 -0.255321 -0.154530
v 0.073937 -0.241464 -0.173984
v 0.076187 -0.221684 -0.228562
v 0.076187 -0.209268 -0.271357
v 0.076187 -0.200181 -0.296753
v 0.076187 -0.186064 -0.330146
v 0.076187 -0.163654 -0.374749
v 0.076187 -0.148317 -0.400145
v 0.106572 -0.357921 -0.004423
v 0.129279 -0.331264 -0.027456
v 0.151986 -0.304499 -0.050490
v 0.118125 -0.313451 -0.060912
v 0.131825 -0.290627 -0.077181
v 0.126979 -0.261889 -0.110844
v 0.126979 -0.245310 -0.136240
v 0.126979 -0.229340 -0.177771
v 0.126979 -0.215601 -0.228562
v 0.126979 -0.206176 -0.262233
v 0.126979 -0.196848 -0.287629
v 0.126979 -0.178882 -0.330146
v 0.126979 -0.159805 -0.368204
v 0.126979 -0.143730 -0.393600
v 0.166557 -0.315216 -0.016629
v 0.181201 -0.293144 -0.030294
v 0.173286 -0.264540 -0.071372
v 0.187227 -0.245584 -0.085093
v 0.153366 -0.254602 -0.102524
v 0.173286 -0.237021 -0.122464
v 0.177771 -0.218926 -0.177771
v 0.174214 -0.207732 -0.227175
v 0.188773 -0.199731 -0.243180
v 0.154912 -0.203771 -0.255623
v 0.174214 -0.192113 -0.275274
v 0.179676 -0.165715 -0.333528
v 0.197877 -0.150730 -0.352714
v 0.164016 -0.155734 -0.361232
v 0.179676 -0.138109 -0.379272
v 0.212366 -0.265035 -0.025396
v 0.237761 -0.241820 -0.025396
v 0.203468 -0.254272 -0.051231
v 0.223664 -0.233761 -0.071372
v 0.228562 -0.216412 -0.126979
v 0.227175 -0.207732 -0.174214
v 0.243180 -0.199731 -0.188773
v 0.209319 -0.205080 -0.209319
v 0.227175 -0.194120 -0.227175
v 0.228562 -0.175451 -0.279354
v 0.228562 -0.158787 -0.316910
v 0.228562 -0.144639 -0.342306
v 0.226765 -0.117251 -0.382011
v 0.242497 -0.094003 -0.399658
v 0.276581 -0.216424 -0.025396
v 0.301976 -0.202019 -0.025396
v 0.271357 -0.209596 -0.076187
v 0.296753 -0.200181 -0.076187
v 0.262233 -0.206177 -0.126979
v 0.287629 -0.196848 -0.126979
v 0.255623 -0.203771 -0.154912
v 0.275274 -0.192113 -0.174214
v 0.279354 -0.175451 -0.228562
v 0.275894 -0.158874 -0.275894
v 0.290518 -0.145884 -0.290518
v 0.256657 -0.153429 -0.306860
v 0.279166 -0.127864 -0.329939
v 0.301674 -0.099068 -0.353017
v 0.267813 -0.109845 -0.365797
v 0.282502 -0.079605 -0.383209
v 0.298218 -0.025396 -0.401404
v 0.330146 -0.189984 -0.025396
v 0.330146 -0.186064 -0.076187
v 0.330146 -0.178882 -0.126979
v 0.333528 -0.165715 -0.179676
v 0.352714 -0.150730 -0.197877
v 0.316910 -0.158787 -0.228562
v 0.342306 -0.144639 -0.228562
v 0.306860 -0.153429 -0.256657
v 0.329939 -0.127864 -0.279166
v 0.353017 -0.099068 -0.301674
v 0.319156 -0.112023 -0.319156
v 0.335881 -0.082137 -0.335881
v 0.352606 -0.042470 -0.352606
v 0.318745 -0.065207 -0.366761
v 0.333463 -0.025482 -0.373208
v 0.378417 -0.165736 -0.025396
v 0.403813 -0.150728 -0.025396
v 0.374749 -0.163654 -0.076187
v 0.400145 -0.148317 -0.076187
v 0.368204 -0.159805 -0.126979
v 0.393600 -0.143730 -0.126979
v 0.361232 -0.155734 -0.164016
v 0.379272 -0.138109 -0.179676
v 0.382011 -0.117251 -0.226765
v 0.399658 -0.094003 -0.242497
v 0.365797 -0.109845 -0.267813
v 0.383209 -0.079605 -0.282502
v 0.401404 -0.025396 -0.298218
v 0.366761 -0.065207 -0.318745
v 0.373208 -0.025482 -0.333463
v 0.357696 -0.008609 -0.357696
v 0.025396 -0.127633 -0.431729
v 0.025396 -0.103884 -0.459226
v 0.025396 -0.076187 -0.477634
v 0.025396 -0.025396 -0.499657
v 0.074596 -0.119107 -0.435844
v 0.090466 -0.099616 -0.455517
v 0.056605 -0.102339 -0.457805
v 0.074596 -0.080086 -0.469944
v 0.076187 -0.025396 -0.494092
v 0.126979 -0.118334 -0.425119
v 0.126979 -0.092930 -0.450515
v 0.126979 -0.067534 -0.467287
v 0.126979 -0.025396 -0.483472
v 0.177771 -0.110380 -0.415650
v 0.180519 -0.075524 -0.443362
v 0.199281 -0.044936 -0.455626
v 0.165420 -0.058152 -0.461369
v 0.180519 -0.026961 -0.466017
v 0.208635 -0.104149 -0.409030
v 0.226765 -0.076718 -0.420773
v 0.226224 -0.026961 -0.445640
v 0.207735 -0.011075 -0.459492
v 0.263330 -0.060142 -0.412271
v 0.272822 -0.025396 -0.418497
v 0.431729 -0.127633 -0.025396
v 0.435844 -0.119107 -0.074596
v 0.455517 -0.099616 -0.090466
v 0.425119 -0.118334 -0.126979
v 0.450515 -0.092930 -0.126979
v 0.415650 -0.110380 -0.177771
v 0.443362 -0.075524 -0.180519
v 0.455626 -0.044936 -0.199281
v 0.409030 -0.104149 -0.208635
v 0.420773 -0.076718 -0.226765
v 0.445640 -0.026961 -0.226224
v 0.412271 -0.060142 -0.263330
v 0.418497 -0.025396 -0.272822
v 0.459226 -0.103884 -0.025396
v 0.477634 -0.076187 -0.025396
v 0.499657 -0.025396 -0.025396
v 0.457805 -0.102339 -0.056605
v 0.469944 -0.080086 -0.074596
v 0.494092 -0.025396 -0.076187
v 0.467287 -0.067534 -0.126979
v 0.483472 -0.025396 -0.126979
v 0.461369 -0.058152 -0.165420
v 0.466017 -0.026961 -0.180519
v 0.459492 -0.011074 -0.207735
v 0.025396 0.251823 -0.025396
v 0.025396 0.249346 -0.076187
v 0.025396 0.244035 -0.126979
v 0.025396 0.235828 -0.177771
v 0.025396 0.224681 -0.228562
v 0.025396 0.202019 -0.301505
v 0.025396 0.210595 -0.276109
v 0.025396 0.189985 -0.330146
v 0.025396 0.150729 -0.403814
v 0.025396 0.165737 -0.378418
v 0.076187 0.249346 -0.025396
v 0.076187 0.246587 -0.076187
v 0.076187 0.241272 -0.126979
v 0.076187 0.232992 -0.177771
v 0.076187 0.221685 -0.228562
v 0.076187 0.200181 -0.296754
v 0.076187 0.209268 -0.271359
v 0.076187 0.186065 -0.330146
v 0.076187 0.148318 -0.400145
v 0.076187 0.163654 -0.374750
v 0.126979 0.244035 -0.025396
v 0.126979 0.241272 -0.076187
v 0.126979 0.235989 -0.126979
v 0.126979 0.227336 -0.177771
v 0.126979 0.215602 -0.228562
v 0.126979 0.196848 -0.287630
v 0.126979 0.206176 -0.262235
v 0.126979 0.178883 -0.330146
v 0.126979 0.143730 -0.393600
v 0.126979 0.159806 -0.368205
v 0.177771 0.235828 -0.025396
v 0.177771 0.232992 -0.076187
v 0.177771 0.227336 -0.126979
v 0.177771 0.218691 -0.177771
v 0.188775 0.199732 -0.243181
v 0.174215 0.207733 -0.227175
v 0.174215 0.192114 -0.275274
v 0.154913 0.203771 -0.255624
v 0.197879 0.150730 -0.352715
v 0.179677 0.165716 -0.333529
v 0.179677 0.138109 -0.379273
v 0.164017 0.155735 -0.361232
v 0.228562 0.224681 -0.025396
v 0.228562 0.221685 -0.076187
v 0.228562 0.215602 -0.126979
v 0.243181 0.199732 -0.188775
v 0.227175 0.207733 -0.174215
v 0.227175 0.194121 -0.227175
v 0.209320 0.205081 -0.209320
v 0.228562 0.175452 -0.279354
v 0.228562 0.144640 -0.342307
v 0.228562 0.158787 -0.316911
v 0.242497 0.094003 -0.399658
v 0.226765 0.117252 -0.382012
v 0.301505 0.202019 -0.025396
v 0.276109 0.210595 -0.025396
v 0.296754 0.200181 -0.076187
v 0.271359 0.209268 -0.076187
v 0.287630 0.196848 -0.126979
v 0.262235 0.206176 -0.126979
v 0.275274 0.192114 -0.174215
v 0.255624 0.203771 -0.154913
v 0.279354 0.175452 -0.228562
v 0.290519 0.145884 -0.290519
v 0.275895 0.158875 -0.275895
v 0.301675 0.099068 -0.353018
v 0.279166 0.127865 -0.329939
v 0.256658 0.153430 -0.306861
v 0.298218 0.025396 -0.401404
v 0.282502 0.079605 -0.383210
v 0.267814 0.109845 -0.365797
v 0.330146 0.189985 -0.025396
v 0.330146 0.186065 -0.076187
v 0.330146 0.178883 -0.126979
v 0.352715 0.150730 -0.197879
v 0.333529 0.165716 -0.179677
v 0.342307 0.144640 -0.228562
v 0.316911 0.158787 -0.228562
v 0.353018 0.099068 -0.301675
v 0.329939 0.127865 -0.279166
v 0.306861 0.153430 -0.256658
v 0.352606 0.042470 -0.352606
v 0.335881 0.082138 -0.335881
v 0.319157 0.112023 -0.319157
v 0.333463 0.025482 -0.373208
v 0.318745 0.065207 -0.366761
v 0.403814 0.150729 -0.025396
v 0.378418 0.165737 -0.025396
v 0.400145 0.148318 -0.076187
v 0.374750 0.163654 -0.076187
v 0.393600 0.143730 -0.126979
v 0.368205 0.159806 -0.126979
v 0.379273 0.138109 -0.179677
v 0.361232 0.155735 -0.164017
v 0.399658 0.094003 -0.242497
v 0.382012 0.117252 -0.226765
v 0.401404 0.025396 -0.298218
v 0.383210 0.079605 -0.282502
v 0.365797 0.109845 -0.267813
v 0.373208 0.025482 -0.333463
v 0.366761 0.065207 -0.318745
v 0.357696 0.008609 -0.357696
v 0.025396 0.127634 -0.431729
v 0.025396 0.025396 -0.499657
v 0.025396 0.076187 -0.477635
v 0.025396 0.103884 -0.459226
v 0.090468 0.099616 -0.455518
v 0.074598 0.119108 -0.435844
v 0.076187 0.025396 -0.494092
v 0.074598 0.080086 -0.469945
v 0.056607 0.102340 -0.457805
v 0.126979 0.092931 -0.450516
v 0.126979 0.118334 -0.425120
v 0.126979 0.025396 -0.483472
v 0.126979 0.067535 -0.467287
v 0.199282 0.044936 -0.455626
v 0.180519 0.075525 -0.443362
v 0.177771 0.110381 -0.415650
v 0.180519 0.026962 -0.466017
v 0.165421 0.058152 -0.461369
v 0.226224 0.026962 -0.445640
v 0.226765 0.076719 -0.420773
v 0.208636 0.104149 -0.409030
v 0.207735 0.011075 -0.459492
v 0.272822 0.025396 -0.418497
v 0.263330 0.060142 -0.412271
v 0.431729 0.127634 -0.025396
v 0.455518 0.099616 -0.090469
v 0.435844 0.119108 -0.074598
v 0.450516 0.092931 -0.126979
v 0.425120 0.118334 -0.126979
v 0.455626 0.044936 -0.199282
v 0.443362 0.075525 -0.180519
v 0.415650 0.110381 -0.177771
v 0.445640 0.026962 -0.226224
v 0.420773 0.076719 -0.226765
v 0.409030 0.104149 -0.208636
v 0.418497 0.025396 -0.272822
v 0.412271 0.060142 -0.263330
v 0.499657 0.025396 -0.025396
v 0.477635 0.076187 -0.025396
v 0.459226 0.103884 -0.025396
v 0.494092 0.025396 -0.076187
v 0.469945 0.080086 -0.074598
v 0.457805 0.102340 -0.056607
v 0.483472 0.025396 -0.126979
v 0.467287 0.067535 -0.126979
v 0.466017 0.026962 -0.180519
v 0.461369 0.058152 -0.165421
v 0.459492 0.011075 -0.207735
vn -0.9035 -0.0653 0.4236
vn -0.8586 -0.4268 0.2842
vn -0.9460 -0.1439 0.2904
vn -0.8689 -0.4485 0.2095
vn -0.9552 -0.1682 0.2435
vn -0.7516 -0.6540 0.0856
vn -0.8741 -0.4704 0.1214
vn -0.9689 -0.1980 0.1486
vn -0.7495 -0.6611 0.0333
vn -0.8800 -0.4727 0.0462
vn -0.9781 -0.2015 0.0531
vn -0.7597 -0.4199 0.4966
vn -0.8370 -0.1425 0.5284
vn -0.6986 -0.6341 0.3317
vn -0.7695 -0.5028 0.3938
vn -0.8393 -0.1925 0.5084
vn -0.6959 -0.6679 0.2639
vn -0.7625 -0.5624 0.3199
vn -0.8498 -0.3545 0.3901
vn -0.6596 -0.7255 0.1962
vn -0.7548 -0.6103 0.2405
vn -0.6410 -0.7597 0.1090
vn -0.7557 -0.6370 0.1521
vn -0.6440 -0.7641 0.0382
vn -0.5230 -0.3660 0.7698
vn -0.5289 -0.1392 0.8372
vn -0.4259 -0.0632 0.9025
vn -0.5651 -0.2598 0.7830
vn -0.5515 -0.2324 0.8011
vn -0.4986 -0.3318 0.8008
vn -0.5109 -0.1663 0.8434
vn -0.3338 -0.2520 0.9083
vn -0.3040 -0.1186 0.9453
vn -0.4304 -0.3891 0.8144
vn -0.4473 -0.2937 0.8448
vn -0.4620 -0.2278 0.8571
vn -0.4231 -0.2897 0.8585
vn -0.4133 -0.2663 0.8708
vn -0.2749 -0.2441 0.9300
vn -0.2849 -0.1793 0.9417
vn -0.2845 -0.2129 0.9347
vn -0.2619 -0.1001 0.9599
vn -0.2580 -0.5523 0.7927
vn -0.3086 -0.4240 0.8515
vn -0.3558 -0.3155 0.8797
vn -0.3844 -0.1953 0.9023
vn -0.3683 -0.2156 0.9044
vn -0.1189 -0.3863 0.9147
vn -0.1567 -0.2573 0.9535
vn -0.1681 -0.1962 0.9661
vn -0.1663 -0.1933 0.9669
vn -0.1555 -0.0921 0.9835
vn -0.1621 -0.5567 0.8148
vn -0.1816 -0.4778 0.8595
vn -0.2400 -0.3621 0.9007
vn -0.0134 -0.3912 0.9202
vn -0.0231 -0.2635 0.9644
vn -0.0336 -0.2046 0.9783
vn -0.0445 -0.1921 0.9804
vn -0.0521 -0.0958 0.9940
vn -0.0359 -0.5573 0.8296
vn -0.0266 -0.4947 0.8687
vn -0.2618 -0.9639 0.0493
vn -0.2651 -0.9640 -0.0222
vn -0.1274 -0.9731 0.1921
vn -0.1276 -0.9889 0.0757
vn -0.1323 -0.9906 -0.0344
vn -0.1363 -0.9774 -0.1619
vn -0.0196 -0.9802 0.1971
vn -0.0289 -0.9967 0.0754
vn -0.0225 -0.9990 -0.0377
vn -0.0088 -0.9875 -0.1574
vn -0.7054 -0.0687 0.7054
vn -0.7024 -0.4472 0.5538
vn -0.7847 -0.1749 0.5947
vn -0.6568 -0.6165 0.4343
vn -0.6919 -0.5109 0.5102
vn -0.7891 -0.1807 0.5871
vn -0.7322 -0.6138 0.2953
vn -0.6561 -0.6644 0.3579
vn -0.6865 -0.5948 0.4181
vn -0.7263 -0.6543 0.2107
vn -0.6703 -0.7022 0.2402
vn -0.6787 -0.7270 0.1042
vn -0.6392 -0.7520 0.1608
vn -0.6092 -0.7910 0.0570
vn -0.6026 -0.7919 0.0987
vn -0.5564 -0.8306 0.0207
vn -0.5832 -0.8115 0.0364
vn -0.5765 -0.4245 0.6981
vn -0.5962 -0.1705 0.7845
vn -0.7614 -0.4045 0.5066
vn -0.6724 -0.5162 0.5306
vn -0.6251 -0.5120 0.5892
vn -0.6682 -0.3378 0.6629
vn -0.8322 -0.4202 0.3619
vn -0.8157 -0.3846 0.4321
vn -0.6953 -0.5634 0.4463
vn -0.6559 -0.5613 0.5047
vn -0.8582 -0.4573 0.2332
vn -0.8222 -0.4833 0.3008
vn -0.7296 -0.5706 0.3769
vn -0.8403 -0.5410 0.0356
vn -0.8746 -0.4740 0.1021
vn -0.8126 -0.5596 0.1630
vn -0.8344 -0.5509 -0.0173
vn -0.8582 -0.5130 -0.0204
vn -0.7753 -0.6307 0.0334
vn -0.8038 -0.5841 -0.1127
vn -0.7192 -0.6946 -0.0164
vn -0.7158 -0.6737 -0.1835
vn -0.6153 -0.7853 -0.0687
vn -0.6982 -0.3017 0.6492
vn -0.6386 -0.3350 0.6928
vn -0.5607 -0.4060 0.7216
vn -0.5878 -0.1705 0.7909
vn -0.6977 -0.5309 0.4809
vn -0.7524 -0.4167 0.5102
vn -0.7771 -0.3435 0.5273
vn -0.7089 -0.4181 0.5680
vn -0.6227 -0.4665 0.6282
vn -0.7460 -0.5583 0.3630
vn -0.7914 -0.4605 0.4021
vn -0.8134 -0.3424 0.4703
vn -0.7103 -0.6782 0.1884
vn -0.7748 -0.5810 0.2492
vn -0.8173 -0.5093 0.2695
vn -0.7219 -0.6883 0.0712
vn -0.7816 -0.6181 0.0845
vn -0.8377 -0.5236 0.1552
vn -0.7245 -0.6878 -0.0452
vn -0.7815 -0.6214 -0.0558
vn -0.8154 -0.5716 -0.0917
vn -0.7152 -0.6834 -0.1465
vn -0.7746 -0.6052 -0.1838
vn -0.7833 -0.5940 -0.1834
vn -0.7349 -0.6124 -0.2913
vn -0.7324 -0.6336 -0.2492
vn -0.5649 -0.5346 0.6286
vn -0.5992 -0.4283 0.6764
vn -0.6369 -0.3191 0.7018
vn -0.6248 -0.2639 0.7348
vn -0.5639 -0.3563 0.7450
vn -0.5535 -0.6817 0.4785
vn -0.6151 -0.5854 0.5281
vn -0.6593 -0.4747 0.5830
vn -0.6976 -0.3693 0.6140
vn -0.5841 -0.7210 0.3730
vn -0.6549 -0.6343 0.4107
vn -0.5509 -0.8157 0.1763
vn -0.6220 -0.7423 0.2493
vn -0.6844 -0.6592 0.3114
vn -0.5620 -0.8258 0.0480
vn -0.6479 -0.7577 0.0786
vn -0.5626 -0.8265 -0.0197
vn -0.6517 -0.7571 -0.0453
vn -0.5577 -0.8181 -0.1402
vn -0.6316 -0.7477 -0.2051
vn -0.6894 -0.6800 -0.2497
vn -0.5821 -0.7419 -0.3327
vn -0.6468 -0.6747 -0.3557
vn -0.3998 -0.6785 0.6163
vn -0.4585 -0.5862 0.6680
vn -0.5108 -0.4657 0.7227
vn -0.5452 -0.3708 0.7519
vn -0.4499 -0.7287 0.5163
vn -0.5112 -0.6391 0.5746
vn -0.4167 -0.8409 0.3453
vn -0.4887 -0.7675 0.4149
vn -0.4233 -0.8766 0.2290
vn -0.5287 -0.7895 0.3119
vn -0.4337 -0.8972 0.0828
vn -0.4371 -0.8983 -0.0453
vn -0.4307 -0.8828 -0.1877
vn -0.5399 -0.7978 -0.2682
vn -0.4295 -0.8526 -0.2976
vn -0.5146 -0.7734 -0.3703
vn -0.2878 -0.7030 0.6503
vn -0.3166 -0.6321 0.7072
vn -0.3964 -0.5212 0.7558
vn -0.2791 -0.8285 0.4854
vn -0.3334 -0.7598 0.5582
vn -0.3058 -0.8794 0.3648
vn -0.3909 -0.7979 0.4587
vn -0.3244 -0.9124 0.2496
vn -0.3658 -0.9244 0.1080
vn -0.3778 -0.9238 -0.0619
vn -0.3368 -0.9183 -0.2080
vn -0.3075 -0.8935 -0.3273
vn -0.4065 -0.8084 -0.4257
vn -0.1791 -0.7170 0.6737
vn -0.1828 -0.6477 0.7396
vn -0.1597 -0.8521 0.4983
vn -0.1825 -0.7814 0.5967
vn -0.1810 -0.9091 0.3752
vn -0.1948 -0.9411 0.2763
vn -0.2314 -0.9585 0.1663
vn -0.2534 -0.9598 -0.1204
vn -0.2117 -0.9461 -0.2450
vn -0.1850 -0.9176 -0.3517
vn -0.0326 -0.7347 0.6776
vn -0.0399 -0.6565 0.7533
vn -0.0236 -0.8629 0.5049
vn -0.0263 -0.7973 0.6031
vn -0.0272 -0.9178 0.3962
vn -0.0321 -0.9534 0.2999
vn -0.0294 -0.9620 -0.2715
vn -0.0310 -0.9225 -0.3847
vn -0.9035 0.0652 0.4236
vn -0.9460 0.1439 0.2904
vn -0.8586 0.4268 0.2841
vn -0.9552 0.1681 0.2435
vn -0.8689 0.4485 0.2095
vn -0.9689 0.1980 0.1486
vn -0.8741 0.4704 0.1214
vn -0.7516 0.6540 0.0856
vn -0.9781 0.2015 0.0531
vn -0.8800 0.4727 0.0462
vn -0.7495 0.6611 0.0333
vn -0.8370 0.1425 0.5284
vn -0.7597 0.4199 0.4966
vn -0.8393 0.1925 0.5084
vn -0.7695 0.5028 0.3938
vn -0.6698 0.6653 0.3297
vn -0.8498 0.3545 0.3901
vn -0.7625 0.5624 0.3199
vn -0.6659 0.6957 0.2694
vn -0.7548 0.6103 0.2405
vn -0.6483 0.7349 0.1993
vn -0.7557 0.6370 0.1521
vn -0.6398 0.7608 0.1091
vn -0.6436 0.7644 0.0387
vn -0.5284 0.1425 0.8370
vn -0.4966 0.4199 0.7597
vn -0.4244 0.0665 0.9030
vn -0.5084 0.1929 0.8392
vn -0.3938 0.5028 0.7695
vn -0.3297 0.6653 0.6698
vn -0.2907 0.1456 0.9457
vn -0.2841 0.4268 0.8586
vn -0.3901 0.3545 0.8498
vn -0.3199 0.5624 0.7625
vn -0.2706 0.6946 0.6665
vn -0.2443 0.1737 0.9540
vn -0.2095 0.4485 0.8689
vn -0.2405 0.6103 0.7548
vn -0.2012 0.7304 0.6527
vn -0.1488 0.2058 0.9672
vn -0.1214 0.4704 0.8741
vn -0.0869 0.6513 0.7538
vn -0.1524 0.6364 0.7562
vn -0.1135 0.7534 0.6477
vn -0.0525 0.2084 0.9766
vn -0.0462 0.4727 0.8800
vn -0.0341 0.6556 0.7543
vn -0.0449 0.7456 0.6649
vn -0.0192 0.7670 0.6414
vn -0.7054 0.0687 0.7054
vn -0.7847 0.1749 0.5947
vn -0.6954 0.4530 0.5579
vn -0.7891 0.1807 0.5871
vn -0.6883 0.5174 0.5085
vn -0.5818 0.6993 0.4152
vn -0.6719 0.6149 0.4127
vn -0.5743 0.7433 0.3432
vn -0.5747 0.7734 0.2676
vn -0.4969 0.8395 0.2197
vn -0.5745 0.7976 0.1836
vn -0.4865 0.8595 0.1568
vn -0.5734 0.8117 0.1109
vn -0.4827 0.8699 0.1014
vn -0.5751 0.8171 0.0400
vn -0.4799 0.8766 0.0362
vn -0.5947 0.1749 0.7847
vn -0.5579 0.4530 0.6954
vn -0.6634 0.3461 0.6634
vn -0.5866 0.5585 0.5866
vn -0.4977 0.7104 0.4977
vn -0.5886 0.6377 0.4970
vn -0.4951 0.7664 0.4093
vn -0.4294 0.8303 0.3553
vn -0.5014 0.7938 0.3442
vn -0.4219 0.8574 0.2948
vn -0.5003 0.8170 0.2868
vn -0.4129 0.8814 0.2295
vn -0.4126 0.8969 0.1593
vn -0.4169 0.9036 0.0983
vn -0.4178 0.9079 0.0350
vn -0.5871 0.1807 0.7891
vn -0.5085 0.5174 0.6883
vn -0.4152 0.6993 0.5818
vn -0.4970 0.6377 0.5886
vn -0.4093 0.7664 0.4951
vn -0.3572 0.8283 0.4316
vn -0.4204 0.8041 0.4204
vn -0.3585 0.8631 0.3558
vn -0.3572 0.8888 0.2872
vn -0.3588 0.9067 0.2216
vn -0.3051 0.9349 0.1812
vn -0.3647 0.9184 0.1533
vn -0.3063 0.9424 0.1342
vn -0.3609 0.9278 0.0947
vn -0.3088 0.9473 0.0849
vn -0.3547 0.9344 0.0337
vn -0.3038 0.9523 0.0284
vn -0.4127 0.6149 0.6719
vn -0.3432 0.7433 0.5743
vn -0.3442 0.7938 0.5014
vn -0.3135 0.8456 0.4320
vn -0.3318 0.8744 0.3539
vn -0.3275 0.9027 0.2791
vn -0.3340 0.9135 0.2325
vn -0.3124 0.9211 0.2325
vn -0.2915 0.9387 0.1839
vn -0.2689 0.9536 0.1357
vn -0.2572 0.9632 0.0781
vn -0.2500 0.9679 0.0263
vn -0.2709 0.7725 0.5743
vn -0.2564 0.8048 0.5354
vn -0.2956 0.8065 0.5120
vn -0.2940 0.8355 0.4643
vn -0.3588 0.8497 0.3863
vn -0.3664 0.8654 0.3419
vn -0.3653 0.8820 0.2977
vn -0.3736 0.8961 0.2399
vn -0.3454 0.9267 0.1483
vn -0.2955 0.9514 0.0870
vn -0.2309 0.9720 0.0430
vn -0.1940 0.9809 0.0157
vn -0.2063 0.7736 0.5991
vn -0.2273 0.7957 0.5614
vn -0.2773 0.8050 0.5245
vn -0.2654 0.8354 0.4813
vn -0.3346 0.8327 0.4412
vn -0.2950 0.8798 0.3727
vn -0.3127 0.9158 0.2521
vn -0.3392 0.9338 0.1138
vn -0.2609 0.9645 0.0405
vn -0.3007 0.9537 -0.0015
vn -0.2289 0.9734 -0.0114
vn -0.2009 0.9789 -0.0380
vn -0.1429 0.9896 -0.0136
vn -0.1246 0.7625 0.6349
vn -0.1399 0.7755 0.6157
vn -0.1654 0.8023 0.5736
vn -0.1559 0.8540 0.4964
vn -0.1775 0.9058 0.3847
vn -0.2086 0.9335 0.2916
vn -0.1438 0.9672 0.2096
vn -0.2597 0.9524 0.1600
vn -0.1517 0.9865 0.0608
vn -0.1916 0.9779 -0.0832
vn -0.1151 0.9922 -0.0472
vn -0.1131 0.9896 -0.0893
vn -0.0910 0.9901 -0.1072
vn -0.0916 0.9952 -0.0354
vn -0.0852 0.7619 0.6420
vn -0.0447 0.7809 0.6230
vn -0.0363 0.8094 0.5862
vn -0.0314 0.8629 0.5044
vn -0.0344 0.9118 0.4092
vn -0.0348 0.9483 0.3154
vn -0.0120 0.9776 0.2101
vn -0.0291 0.9971 0.0707
vn -0.0416 0.9973 -0.0599
vn -0.0726 0.9945 -0.0752
vn -0.0429 0.9937 -0.1030
vn -0.0330 0.9987 -0.0390
vn -0.0160 0.9975 -0.0690
vn -0.7495 -0.6611 -0.0333
vn -0.8800 -0.4727 -0.0462
vn -0.9781 -0.2015 -0.0531
vn -0.7516 -0.6540 -0.0856
vn -0.8741 -0.4704 -0.1214
vn -0.9689 -0.1980 -0.1486
vn -0.8689 -0.4485 -0.2095
vn -0.9552 -0.1682 -0.2435
vn -0.8586 -0.4268 -0.2842
vn -0.9460 -0.1439 -0.2904
vn -0.9035 -0.0653 -0.4236
vn -0.6436 -0.7644 -0.0387
vn -0.6398 -0.7608 -0.1091
vn -0.7557 -0.6370 -0.1521
vn -0.6483 -0.7349 -0.1993
vn -0.7548 -0.6103 -0.2405
vn -0.6659 -0.6957 -0.2694
vn -0.7625 -0.5624 -0.3199
vn -0.8498 -0.3545 -0.3901
vn -0.6698 -0.6653 -0.3297
vn -0.7695 -0.5028 -0.3938
vn -0.8393 -0.1925 -0.5084
vn -0.7597 -0.4199 -0.4966
vn -0.8370 -0.1425 -0.5284
vn -0.5085 -0.8593 -0.0543
vn -0.5751 -0.8171 -0.0400
vn -0.4871 -0.8668 -0.1066
vn -0.5734 -0.8117 -0.1109
vn -0.4865 -0.8595 -0.1568
vn -0.5745 -0.7976 -0.1836
vn -0.4969 -0.8395 -0.2197
vn -0.5747 -0.7734 -0.2676
vn -0.5743 -0.7433 -0.3432
vn -0.6719 -0.6150 -0.4127
vn -0.5818 -0.6993 -0.4152
vn -0.6883 -0.5174 -0.5085
vn -0.7891 -0.1807 -0.5871
vn -0.6954 -0.4530 -0.5579
vn -0.7847 -0.1749 -0.5947
vn -0.7054 -0.0687 -0.7054
vn -0.6184 -0.7469 -0.2445
vn -0.4873 -0.8620 -0.1400
vn -0.4235 -0.8976 -0.1223
vn -0.4136 -0.8962 -0.1605
vn -0.4129 -0.8814 -0.2295
vn -0.5003 -0.8170 -0.2868
vn -0.4219 -0.8574 -0.2948
vn -0.5014 -0.7938 -0.3442
vn -0.4294 -0.8303 -0.3553
vn -0.4951 -0.7664 -0.4093
vn -0.5885 -0.6377 -0.4970
vn -0.4977 -0.7104 -0.4977
vn -0.5866 -0.5585 -0.5866
vn -0.6634 -0.3461 -0.6634
vn -0.5579 -0.4530 -0.6954
vn -0.5947 -0.1749 -0.7847
vn -0.6512 -0.6370 -0.4125
vn -0.6315 -0.6950 -0.3439
vn -0.5146 -0.8299 -0.2154
vn -0.4927 -0.8261 -0.2736
vn -0.4389 -0.8875 -0.1403
vn -0.3513 -0.9167 -0.1906
vn -0.3766 -0.9094 -0.1767
vn -0.3291 -0.9223 -0.2027
vn -0.3575 -0.9071 -0.2223
vn -0.3528 -0.8902 -0.2881
vn -0.3553 -0.8646 -0.3553
vn -0.4204 -0.8041 -0.4204
vn -0.3553 -0.8303 -0.4294
vn -0.4093 -0.7664 -0.4951
vn -0.4970 -0.6377 -0.5885
vn -0.4152 -0.6993 -0.5818
vn -0.5085 -0.5174 -0.6883
vn -0.5871 -0.1807 -0.7891
vn -0.5591 -0.7039 -0.4381
vn -0.5929 -0.6380 -0.4914
vn -0.5618 -0.6855 -0.4630
vn -0.5335 -0.6527 -0.5380
vn -0.4852 -0.7646 -0.4241
vn -0.3579 -0.8864 -0.2936
vn -0.2655 -0.9381 -0.2225
vn -0.3039 -0.9226 -0.2377
vn -0.2500 -0.9353 -0.2505
vn -0.2929 -0.9102 -0.2929
vn -0.2881 -0.8902 -0.3528
vn -0.2948 -0.8574 -0.4219
vn -0.3442 -0.7938 -0.5014
vn -0.3432 -0.7433 -0.5743
vn -0.4127 -0.6150 -0.6719
vn -0.4661 -0.7406 -0.4840
vn -0.5196 -0.6611 -0.5412
vn -0.4155 -0.6973 -0.5841
vn -0.4518 -0.6484 -0.6127
vn -0.4224 -0.7552 -0.5013
vn -0.3762 -0.7190 -0.5844
vn -0.3263 -0.8413 -0.4309
vn -0.2381 -0.9271 -0.2894
vn -0.1904 -0.9474 -0.2571
vn -0.2371 -0.9230 -0.3032
vn -0.1831 -0.9354 -0.3026
vn -0.2223 -0.9071 -0.3575
vn -0.2295 -0.8814 -0.4129
vn -0.2868 -0.8170 -0.5003
vn -0.2197 -0.8395 -0.4969
vn -0.2676 -0.7734 -0.5747
vn -0.2712 -0.8479 -0.4556
vn -0.3346 -0.7751 -0.5359
vn -0.3075 -0.7305 -0.6098
vn -0.3425 -0.6748 -0.6537
vn -0.3286 -0.6990 -0.6351
vn -0.2754 -0.8233 -0.4963
vn -0.1976 -0.9077 -0.3701
vn -0.1448 -0.9509 -0.2735
vn -0.1342 -0.9425 -0.3062
vn -0.1533 -0.9184 -0.3647
vn -0.1593 -0.8969 -0.4126
vn -0.1568 -0.8595 -0.4865
vn -0.1836 -0.7976 -0.5745
vn -0.1656 -0.8732 -0.4585
vn -0.1997 -0.8015 -0.5636
vn -0.1836 -0.7532 -0.6316
vn -0.2459 -0.7088 -0.6612
vn -0.1238 -0.7287 -0.6735
vn -0.1889 -0.7140 -0.6741
vn -0.2173 -0.8070 -0.5491
vn -0.1214 -0.7979 -0.5904
vn -0.1347 -0.8878 -0.4401
vn -0.0932 -0.9447 -0.3143
vn -0.0849 -0.9473 -0.3088
vn -0.0947 -0.9278 -0.3609
vn -0.0983 -0.9036 -0.4169
vn -0.1014 -0.8699 -0.4827
vn -0.1109 -0.8117 -0.5734
vn -0.0401 -0.8910 -0.4522
vn -0.1034 -0.8151 -0.5700
vn -0.0213 -0.8186 -0.5740
vn -0.0381 -0.7478 -0.6629
vn -0.0154 -0.7342 -0.6788
vn -0.0284 -0.7285 -0.6845
vn -0.0328 -0.8009 -0.5979
vn -0.0319 -0.8942 -0.4465
vn -0.0272 -0.9440 -0.3289
vn -0.0284 -0.9523 -0.3038
vn -0.0337 -0.9344 -0.3547
vn -0.0350 -0.9079 -0.4178
vn -0.0362 -0.8766 -0.4799
vn -0.0400 -0.8171 -0.5751
vn -0.4966 -0.4199 -0.7597
vn -0.5284 -0.1425 -0.8370
vn -0.3297 -0.6653 -0.6698
vn -0.3938 -0.5028 -0.7695
vn -0.5084 -0.1925 -0.8393
vn -0.4236 -0.0653 -0.9035
vn -0.2694 -0.6957 -0.6659
vn -0.3199 -0.5624 -0.7625
vn -0.3901 -0.3545 -0.8498
vn -0.2842 -0.4268 -0.8586
vn -0.2904 -0.1439 -0.9460
vn -0.1993 -0.7349 -0.6483
vn -0.2405 -0.6103 -0.7548
vn -0.2095 -0.4485 -0.8689
vn -0.2435 -0.1682 -0.9552
vn -0.1091 -0.7608 -0.6398
vn -0.1521 -0.6370 -0.7557
vn -0.0856 -0.6540 -0.7516
vn -0.1214 -0.4704 -0.8741
vn -0.1486 -0.1980 -0.9689
vn -0.0387 -0.7644 -0.6436
vn -0.0333 -0.6611 -0.7495
vn -0.0462 -0.4727 -0.8800
vn -0.0531 -0.2015 -0.9781
vn -0.9781 0.2015 -0.0531
vn -0.8800 0.4727 -0.0462
vn -0.7495 0.6611 -0.0333
vn -0.9689 0.1980 -0.1486
vn -0.8741 0.4704 -0.1214
vn -0.7516 0.6540 -0.0856
vn -0.9552 0.1681 -0.2435
vn -0.8689 0.4485 -0.2095
vn -0.9460 0.1439 -0.2904
vn -0.8586 0.4268 -0.2841
vn -0.9035 0.0652 -0.4236
vn -0.6436 0.7644 -0.0387
vn -0.7557 0.6370 -0.1521
vn -0.6398 0.7608 -0.1091
vn -0.7548 0.6103 -0.2405
vn -0.6483 0.7349 -0.1993
vn -0.8498 0.3545 -0.3901
vn -0.7625 0.5624 -0.3199
vn -0.6659 0.6957 -0.2694
vn -0.8393 0.1925 -0.5084
vn -0.7695 0.5028 -0.3938
vn -0.6698 0.6653 -0.3297
vn -0.8370 0.1425 -0.5284
vn -0.7597 0.4199 -0.4966
vn -0.5751 0.8171 -0.0400
vn -0.4799 0.8766 -0.0362
vn -0.5734 0.8117 -0.1109
vn -0.4827 0.8699 -0.1014
vn -0.5745 0.7976 -0.1836
vn -0.4865 0.8595 -0.1568
vn -0.5747 0.7734 -0.2676
vn -0.4969 0.8395 -0.2197
vn -0.6719 0.6149 -0.4127
vn -0.5743 0.7433 -0.3432
vn -0.7891 0.1807 -0.5871
vn -0.6883 0.5174 -0.5085
vn -0.5818 0.6993 -0.4152
vn -0.7847 0.1749 -0.5947
vn -0.6954 0.4530 -0.5579
vn -0.7054 0.0687 -0.7054
vn -0.4178 0.9079 -0.0350
vn -0.4169 0.9036 -0.0983
vn -0.4126 0.8969 -0.1593
vn -0.5003 0.8170 -0.2868
vn -0.4129 0.8814 -0.2295
vn -0.5014 0.7938 -0.3442
vn -0.4219 0.8574 -0.2948
vn -0.5886 0.6377 -0.4970
vn -0.4951 0.7664 -0.4093
vn -0.4294 0.8303 -0.3553
vn -0.6634 0.3461 -0.6634
vn -0.5866 0.5585 -0.5866
vn -0.4977 0.7104 -0.4977
vn -0.5947 0.1749 -0.7847
vn -0.5579 0.4530 -0.6954
vn -0.3547 0.9344 -0.0337
vn -0.3038 0.9523 -0.0284
vn -0.3609 0.9278 -0.0947
vn -0.3088 0.9473 -0.0849
vn -0.3647 0.9184 -0.1533
vn -0.3062 0.9425 -0.1342
vn -0.3575 0.9071 -0.2223
vn -0.3026 0.9354 -0.1831
vn -0.3528 0.8902 -0.2881
vn -0.4204 0.8041 -0.4204
vn -0.3553 0.8646 -0.3553
vn -0.4970 0.6377 -0.5886
vn -0.4093 0.7664 -0.4951
vn -0.3553 0.8303 -0.4294
vn -0.5871 0.1807 -0.7891
vn -0.5085 0.5174 -0.6883
vn -0.4152 0.6993 -0.5818
vn -0.2489 0.9681 -0.0275
vn -0.2472 0.9653 -0.0842
vn -0.2426 0.9602 -0.1383
vn -0.3032 0.9230 -0.2371
vn -0.2491 0.9499 -0.1886
vn -0.2929 0.9102 -0.2929
vn -0.2449 0.9381 -0.2449
vn -0.2881 0.8902 -0.3528
vn -0.3442 0.7938 -0.5014
vn -0.2948 0.8574 -0.4219
vn -0.4127 0.6149 -0.6719
vn -0.3432 0.7433 -0.5743
vn -0.1870 0.9820 -0.0272
vn -0.1890 0.9786 -0.0812
vn -0.1939 0.9713 -0.1379
vn -0.1905 0.9630 -0.1905
vn -0.2371 0.9230 -0.3032
vn -0.1886 0.9499 -0.2491
vn -0.2223 0.9071 -0.3575
vn -0.1831 0.9354 -0.3026
vn -0.2868 0.8170 -0.5003
vn -0.2295 0.8814 -0.4129
vn -0.2676 0.7734 -0.5747
vn -0.2197 0.8395 -0.4969
vn -0.1317 0.9909 -0.0270
vn -0.1318 0.9882 -0.0784
vn -0.1345 0.9818 -0.1344
vn -0.1379 0.9713 -0.1939
vn -0.1383 0.9602 -0.2426
vn -0.1533 0.9184 -0.3647
vn -0.1342 0.9425 -0.3062
vn -0.1593 0.8969 -0.4126
vn -0.1836 0.7976 -0.5745
vn -0.1568 0.8595 -0.4865
vn -0.0811 0.9961 -0.0339
vn -0.0789 0.9938 -0.0789
vn -0.0784 0.9882 -0.1318
vn -0.0812 0.9786 -0.1890
vn -0.0842 0.9653 -0.2472
vn -0.0947 0.9278 -0.3609
vn -0.0849 0.9473 -0.3088
vn -0.0983 0.9036 -0.4169
vn -0.1109 0.8117 -0.5734
vn -0.1014 0.8699 -0.4827
vn -0.0232 0.9989 -0.0399
vn -0.0263 0.9967 -0.0770
vn -0.0269 0.9909 -0.1317
vn -0.0272 0.9820 -0.1870
vn -0.0275 0.9681 -0.2489
vn -0.0337 0.9344 -0.3547
vn -0.0284 0.9523 -0.3038
vn -0.0350 0.9079 -0.4178
vn -0.0400 0.8171 -0.5751
vn -0.0362 0.8766 -0.4799
vn -0.5284 0.1425 -0.8370
vn -0.4966 0.4199 -0.7597
vn -0.5084 0.1925 -0.8393
vn -0.3938 0.5028 -0.7695
vn -0.3297 0.6653 -0.6698
vn -0.4236 0.0652 -0.9035
vn -0.3901 0.3545 -0.8498
vn -0.3199 0.5624 -0.7625
vn -0.2694 0.6957 -0.6659
vn -0.2904 0.1439 -0.9460
vn -0.2842 0.4268 -0.8586
vn -0.2405 0.6103 -0.7548
vn -0.1993 0.7349 -0.6483
vn -0.2435 0.1681 -0.9552
vn -0.2095 0.4485 -0.8689
vn -0.1521 0.6370 -0.7557
vn -0.1091 0.7608 -0.6398
vn -0.1486 0.1980 -0.9689
vn -0.1214 0.4704 -0.8741
vn -0.0856 0.6540 -0.7516
vn -0.0387 0.7644 -0.6436
vn -0.0531 0.2015 -0.9781
vn -0.0462 0.4727 -0.8800
vn -0.0333 0.6611 -0.7495
vn 0.0678 -0.3865 0.9198
vn 0.1101 -0.2656 0.9578
vn 0.1147 -0.2174 0.9693
vn 0.0883 -0.2142 0.9728
vn 0.0589 -0.1012 0.9931
vn 0.1229 -0.5550 0.8227
vn 0.1248 -0.4812 0.8677
vn 0.1876 -0.3699 0.9099
vn 0.2097 -0.2513 0.9449
vn 0.2548 -0.1809 0.9499
vn 0.2187 -0.2588 0.9409
vn 0.1676 -0.1241 0.9780
vn 0.2376 -0.5542 0.7978
vn 0.2711 -0.4431 0.8545
vn 0.2966 -0.3502 0.8885
vn 0.3447 -0.2223 0.9120
vn 0.3356 -0.1918 0.9223
vn 0.2865 -0.3368 0.8969
vn 0.2563 -0.1468 0.9554
vn 0.3541 -0.5303 0.7704
vn 0.3888 -0.4167 0.8217
vn 0.4209 -0.3135 0.8512
vn 0.4140 -0.2055 0.8868
vn 0.3502 -0.3480 0.8696
vn 0.2925 -0.3657 0.8835
vn 0.2918 -0.1407 0.9461
vn 0.5002 -0.3902 0.7731
vn 0.5051 -0.3007 0.8090
vn 0.4465 -0.3275 0.8327
vn 0.3556 -0.4330 0.8283
vn 0.3911 -0.3230 0.8618
vn 0.4236 -0.0653 0.9035
vn 0.4895 -0.4205 0.7639
vn 0.4427 -0.4284 0.7878
vn 0.5092 -0.1804 0.8415
vn 0.5123 -0.3971 0.7615
vn 0.5284 -0.1425 0.8370
vn 0.0726 -0.9771 0.2001
vn 0.0836 -0.9944 0.0641
vn 0.0922 -0.9948 -0.0432
vn 0.0894 -0.9843 -0.1520
vn 0.2183 -0.9570 0.1909
vn 0.2249 -0.9731 0.0507
vn 0.2142 -0.9763 -0.0309
vn 0.2053 -0.9682 -0.1429
vn 0.1245 -0.7355 0.6660
vn 0.1310 -0.6528 0.7461
vn 0.1113 -0.8566 0.5039
vn 0.1285 -0.7912 0.5979
vn 0.1253 -0.9115 0.3918
vn 0.1196 -0.9427 0.3114
vn 0.1281 -0.9596 -0.2503
vn 0.1230 -0.9228 -0.3652
vn 0.2433 -0.7157 0.6547
vn 0.2653 -0.6318 0.7283
vn 0.2107 -0.8404 0.4993
vn 0.2657 -0.7665 0.5847
vn 0.2540 -0.8960 0.3642
vn 0.3446 -0.8119 0.4712
vn 0.2958 -0.9172 0.2670
vn 0.3346 -0.9376 0.0945
vn 0.3155 -0.9478 -0.0472
vn 0.2826 -0.9356 -0.2118
vn 0.2633 -0.9053 -0.3332
vn 0.3485 -0.6854 0.6393
vn 0.4036 -0.5876 0.7013
vn 0.4639 -0.4925 0.7363
vn 0.4058 -0.7435 0.5315
vn 0.4693 -0.6458 0.6022
vn 0.3699 -0.8667 0.3347
vn 0.4585 -0.7838 0.4189
vn 0.3878 -0.8921 0.2317
vn 0.4882 -0.8133 0.3165
vn 0.4064 -0.9076 0.1055
vn 0.4098 -0.9111 -0.0443
vn 0.3907 -0.8997 -0.1949
vn 0.3834 -0.8660 -0.3209
vn 0.4669 -0.7920 -0.3934
vn 0.5199 -0.5459 0.6571
vn 0.5575 -0.4421 0.7027
vn 0.5893 -0.3528 0.7268
vn 0.5575 -0.3534 0.7512
vn 0.5172 -0.7034 0.4875
vn 0.5770 -0.6030 0.5508
vn 0.6177 -0.5050 0.6028
vn 0.5486 -0.7425 0.3843
vn 0.6174 -0.6476 0.4465
vn 0.5049 -0.8408 0.1951
vn 0.5843 -0.7711 0.2531
vn 0.5077 -0.8568 0.0903
vn 0.6045 -0.7902 0.1008
vn 0.5199 -0.8529 -0.0486
vn 0.6138 -0.7874 -0.0570
vn 0.5195 -0.8375 -0.1698
vn 0.6004 -0.7757 -0.1947
vn 0.4983 -0.8173 -0.2894
vn 0.5563 -0.7590 -0.3382
vn 0.6310 -0.6627 -0.4032
vn 0.6520 -0.4027 0.6425
vn 0.6615 -0.3531 0.6616
vn 0.5854 -0.4522 0.6730
vn 0.5047 -0.4966 0.7062
vn 0.6693 -0.5516 0.4978
vn 0.7151 -0.4463 0.5381
vn 0.7170 -0.3760 0.5870
vn 0.6382 -0.4656 0.6131
vn 0.6450 -0.6845 0.3397
vn 0.7056 -0.5916 0.3900
vn 0.7474 -0.4919 0.4466
vn 0.6657 -0.7110 0.2268
vn 0.7411 -0.6286 0.2357
vn 0.6867 -0.7211 0.0923
vn 0.7613 -0.6409 0.0984
vn 0.6901 -0.7217 -0.0537
vn 0.7567 -0.6514 -0.0552
vn 0.6764 -0.7142 -0.1798
vn 0.7463 -0.6370 -0.1930
vn 0.6589 -0.6951 -0.2876
vn 0.7167 -0.6104 -0.3374
vn 0.6401 -0.6985 -0.3199
vn 0.5412 -0.5543 0.6323
vn 0.5329 -0.4848 0.6935
vn 0.5873 -0.1791 0.7893
vn 0.7505 -0.4324 0.4998
vn 0.7164 -0.4366 0.5442
vn 0.5899 -0.5809 0.5609
vn 0.5479 -0.5772 0.6055
vn 0.7832 -0.5253 0.3327
vn 0.8076 -0.4546 0.3757
vn 0.7426 -0.5237 0.4175
vn 0.6416 -0.5903 0.4898
vn 0.8122 -0.5490 0.1974
vn 0.8354 -0.4918 0.2455
vn 0.7673 -0.5754 0.2833
vn 0.8127 -0.5721 0.1102
vn 0.8244 -0.5448 0.1533
vn 0.7671 -0.6027 0.2197
vn 0.7918 -0.6093 -0.0432
vn 0.7957 -0.6055 0.0161
vn 0.7600 -0.6245 -0.1801
vn 0.7272 -0.6748 -0.1260
vn 0.7144 -0.6511 -0.2563
vn 0.6454 -0.7364 -0.2028
vn 0.5109 -0.8522 -0.1131
vn 0.5615 -0.4501 0.6944
vn 0.5947 -0.1749 0.7847
vn 0.5620 -0.6383 0.5261
vn 0.5905 -0.5529 0.5879
vn 0.6634 -0.3461 0.6634
vn 0.6637 -0.6340 0.3969
vn 0.5879 -0.6791 0.4396
vn 0.6063 -0.6127 0.5069
vn 0.6763 -0.6723 0.3010
vn 0.6280 -0.7087 0.3216
vn 0.7550 -0.6385 0.1494
vn 0.6743 -0.7067 0.2142
vn 0.6211 -0.7361 0.2692
vn 0.7331 -0.6765 0.0699
vn 0.6570 -0.7454 0.1134
vn 0.6724 -0.7375 -0.0629
vn 0.5792 -0.8149 0.0228
vn 0.6004 -0.7919 -0.1114
vn 0.4748 -0.8788 -0.0476
vn 0.7054 -0.0687 0.7054
vn 0.6954 -0.4530 0.5579
vn 0.7847 -0.1749 0.5947
vn 0.6119 -0.6735 0.4148
vn 0.6883 -0.5174 0.5085
vn 0.7891 -0.1807 0.5871
vn 0.5907 -0.7323 0.3388
vn 0.6719 -0.6150 0.4127
vn 0.5960 -0.7727 0.2183
vn 0.5791 -0.7710 0.2648
vn 0.5618 -0.8128 0.1543
vn 0.5751 -0.7973 0.1835
vn 0.5336 -0.8393 0.1045
vn 0.5734 -0.8117 0.1109
vn 0.4984 -0.8666 0.0226
vn 0.5751 -0.8171 0.0400
vn 0.7597 -0.4199 0.4966
vn 0.8370 -0.1425 0.5284
vn 0.6698 -0.6653 0.3297
vn 0.7695 -0.5028 0.3938
vn 0.8393 -0.1925 0.5084
vn 0.6659 -0.6957 0.2694
vn 0.7625 -0.5624 0.3199
vn 0.8498 -0.3545 0.3901
vn 0.6483 -0.7349 0.1993
vn 0.7548 -0.6103 0.2405
vn 0.6398 -0.7608 0.1091
vn 0.7557 -0.6370 0.1521
vn 0.6436 -0.7644 0.0387
vn 0.9035 -0.0653 0.4236
vn 0.8585 -0.4268 0.2841
vn 0.9460 -0.1439 0.2904
vn 0.8689 -0.4485 0.2095
vn 0.9552 -0.1682 0.2435
vn 0.7516 -0.6540 0.0856
vn 0.8741 -0.4704 0.1214
vn 0.9689 -0.1980 0.1486
vn 0.7495 -0.6611 0.0333
vn 0.8800 -0.4727 0.0462
vn 0.9781 -0.2015 0.0531
vn 0.0538 0.2071 0.9768
vn 0.0462 0.4727 0.8800
vn 0.0343 0.6560 0.7539
vn 0.0478 0.7473 0.6628
vn 0.0252 0.7708 0.6366
vn 0.1494 0.2007 0.9682
vn 0.1214 0.4704 0.8741
vn 0.0870 0.6521 0.7532
vn 0.1521 0.6370 0.7557
vn 0.1138 0.7572 0.6432
vn 0.2435 0.1682 0.9552
vn 0.2095 0.4485 0.8689
vn 0.2405 0.6103 0.7548
vn 0.2000 0.7344 0.6486
vn 0.2904 0.1439 0.9460
vn 0.2841 0.4268 0.8586
vn 0.3901 0.3545 0.8498
vn 0.3199 0.5624 0.7625
vn 0.2694 0.6957 0.6659
vn 0.4236 0.0653 0.9035
vn 0.5084 0.1925 0.8393
vn 0.3938 0.5028 0.7695
vn 0.3297 0.6653 0.6698
vn 0.5284 0.1425 0.8370
vn 0.4966 0.4199 0.7597
vn 0.0974 0.7744 0.6251
vn 0.0758 0.7906 0.6077
vn 0.1061 0.8166 0.5674
vn 0.1082 0.8598 0.4990
vn 0.1236 0.9083 0.3996
vn 0.1198 0.9449 0.3045
vn 0.0807 0.9772 0.1963
vn 0.0950 0.9925 0.0764
vn 0.0941 0.9944 -0.0471
vn 0.0988 0.9928 -0.0679
vn 0.0734 0.9919 -0.1036
vn 0.0399 0.9987 -0.0319
vn 0.0256 0.9971 -0.0722
vn 0.1254 0.7870 0.6041
vn 0.1532 0.8129 0.5619
vn 0.2195 0.8280 0.5160
vn 0.2171 0.8487 0.4822
vn 0.2765 0.8561 0.4365
vn 0.2562 0.8888 0.3801
vn 0.2737 0.9221 0.2737
vn 0.2049 0.9601 0.1901
vn 0.2910 0.9512 0.1029
vn 0.2138 0.9751 0.0591
vn 0.2290 0.9734 -0.0024
vn 0.2097 0.9772 -0.0343
vn 0.1448 0.9887 -0.0399
vn 0.1613 0.9830 -0.0882
vn 0.0957 0.9954 -0.0043
vn 0.1933 0.7916 0.5796
vn 0.1915 0.8374 0.5120
vn 0.2439 0.8589 0.4502
vn 0.2907 0.8682 0.4022
vn 0.2981 0.8872 0.3522
vn 0.3028 0.9168 0.2604
vn 0.2974 0.9434 0.1465
vn 0.2429 0.9678 0.0665
vn 0.1681 0.9854 0.0284
vn 0.1336 0.9909 0.0180
vn 0.2676 0.7734 0.5747
vn 0.2277 0.8317 0.5064
vn 0.2874 0.8162 0.5012
vn 0.2458 0.8741 0.4190
vn 0.2604 0.8954 0.3612
vn 0.2800 0.9032 0.3253
vn 0.2630 0.9156 0.3043
vn 0.2680 0.9281 0.2584
vn 0.2630 0.9483 0.1775
vn 0.2363 0.9638 0.1238
vn 0.2034 0.9763 0.0741
vn 0.1891 0.9816 0.0251
vn 0.4127 0.6149 0.6719
vn 0.3432 0.7433 0.5743
vn 0.3442 0.7938 0.5014
vn 0.2956 0.8570 0.4220
vn 0.2934 0.8882 0.3536
vn 0.2978 0.9093 0.2905
vn 0.2587 0.9351 0.2421
vn 0.3032 0.9230 0.2371
vn 0.2530 0.9490 0.1880
vn 0.2430 0.9601 0.1383
vn 0.2473 0.9653 0.0840
vn 0.2489 0.9681 0.0275
vn 0.5871 0.1807 0.7891
vn 0.5085 0.5174 0.6883
vn 0.4152 0.6993 0.5818
vn 0.4970 0.6377 0.5886
vn 0.4093 0.7664 0.4951
vn 0.3553 0.8303 0.4294
vn 0.4204 0.8041 0.4204
vn 0.3553 0.8646 0.3553
vn 0.3528 0.8902 0.2881
vn 0.3575 0.9071 0.2223
vn 0.3026 0.9354 0.1831
vn 0.3647 0.9184 0.1533
vn 0.3062 0.9425 0.1342
vn 0.3609 0.9278 0.0947
vn 0.3088 0.9473 0.0849
vn 0.3547 0.9344 0.0337
vn 0.3038 0.9523 0.0284
vn 0.5947 0.1749 0.7847
vn 0.5579 0.4530 0.6954
vn 0.6634 0.3461 0.6634
vn 0.5866 0.5585 0.5866
vn 0.4977 0.7104 0.4977
vn 0.5885 0.6377 0.4970
vn 0.4951 0.7664 0.4093
vn 0.4294 0.8303 0.3553
vn 0.5014 0.7938 0.3442
vn 0.4219 0.8574 0.2948
vn 0.5003 0.8170 0.2868
vn 0.4129 0.8814 0.2295
vn 0.4126 0.8969 0.1593
vn 0.4169 0.9036 0.0983
vn 0.4178 0.9079 0.0350
vn 0.7054 0.0687 0.7054
vn 0.7847 0.1749 0.5947
vn 0.6954 0.4530 0.5579
vn 0.7891 0.1807 0.5871
vn 0.6883 0.5174 0.5085
vn 0.5818 0.6993 0.4152
vn 0.6719 0.6149 0.4127
vn 0.5743 0.7433 0.3432
vn 0.5747 0.7734 0.2676
vn 0.4969 0.8395 0.2197
vn 0.5745 0.7976 0.1836
vn 0.4865 0.8595 0.1568
vn 0.5734 0.8117 0.1109
vn 0.4827 0.8699 0.1014
vn 0.5751 0.8171 0.0400
vn 0.4799 0.8766 0.0362
vn 0.8370 0.1425 0.5284
vn 0.7597 0.4199 0.4966
vn 0.8393 0.1925 0.5084
vn 0.7695 0.5028 0.3938
vn 0.6698 0.6653 0.3297
vn 0.8498 0.3545 0.3901
vn 0.7625 0.5624 0.3199
vn 0.6659 0.6957 0.2694
vn 0.7548 0.6103 0.2405
vn 0.6483 0.7349 0.1993
vn 0.7557 0.6370 0.1521
vn 0.6398 0.7608 0.1091
vn 0.6436 0.7644 0.0387
vn 0.9035 0.0653 0.4236
vn 0.9460 0.1439 0.2904
vn 0.8586 0.4268 0.2841
vn 0.9552 0.1682 0.2435
vn 0.8689 0.4485 0.2095
vn 0.9689 0.1980 0.1486
vn 0.8741 0.4704 0.1214
vn 0.7516 0.6540 0.0856
vn 0.9781 0.2015 0.0531
vn 0.8800 0.4727 0.0462
vn 0.7495 0.6611 0.0333
vn 0.1158 -0.8850 -0.4509
vn 0.1909 -0.8043 -0.5628
vn 0.0645 -0.8162 -0.5741
vn 0.1263 -0.7483 -0.6512
vn 0.1898 -0.7289 -0.6578
vn 0.0703 -0.7335 -0.6760
vn 0.1095 -0.7283 -0.6765
vn 0.0725 -0.8076 -0.5853
vn 0.0525 -0.9005 -0.4317
vn 0.0282 -0.9449 -0.3261
vn 0.0284 -0.9523 -0.3038
vn 0.0337 -0.9344 -0.3547
vn 0.0350 -0.9079 -0.4178
vn 0.0362 -0.8766 -0.4799
vn 0.0400 -0.8171 -0.5751
vn 0.2396 -0.8566 -0.4569
vn 0.2785 -0.7870 -0.5505
vn 0.2601 -0.7411 -0.6189
vn 0.2940 -0.7063 -0.6440
vn 0.2660 -0.7324 -0.6267
vn 0.2447 -0.8374 -0.4888
vn 0.1708 -0.8140 -0.5552
vn 0.1569 -0.9069 -0.3910
vn 0.0982 -0.9491 -0.2993
vn 0.0849 -0.9473 -0.3088
vn 0.0947 -0.9278 -0.3609
vn 0.0983 -0.9036 -0.4169
vn 0.1014 -0.8699 -0.4827
vn 0.1109 -0.8117 -0.5734
vn 0.3577 -0.8256 -0.4364
vn 0.4058 -0.7709 -0.4910
vn 0.4804 -0.6827 -0.5506
vn 0.3418 -0.7255 -0.5973
vn 0.3928 -0.6652 -0.6349
vn 0.3453 -0.7349 -0.5837
vn 0.2586 -0.8691 -0.4217
vn 0.1811 -0.9314 -0.3157
vn 0.1379 -0.9556 -0.2603
vn 0.1342 -0.9425 -0.3062
vn 0.1533 -0.9184 -0.3647
vn 0.1593 -0.8969 -0.4126
vn 0.1568 -0.8595 -0.4865
vn 0.1836 -0.7976 -0.5745
vn 0.5223 -0.7313 -0.4385
vn 0.5931 -0.6324 -0.4982
vn 0.5233 -0.6653 -0.5325
vn 0.4254 -0.8175 -0.3883
vn 0.4002 -0.7682 -0.4997
vn 0.3107 -0.8914 -0.3300
vn 0.2272 -0.9425 -0.2453
vn 0.1930 -0.9475 -0.2551
vn 0.2371 -0.9230 -0.3032
vn 0.1831 -0.9354 -0.3026
vn 0.2223 -0.9071 -0.3575
vn 0.2295 -0.8814 -0.4129
vn 0.2868 -0.8170 -0.5003
vn 0.2197 -0.8395 -0.4969
vn 0.2676 -0.7734 -0.5747
vn 0.6386 -0.6273 -0.4457
vn 0.5492 -0.7726 -0.3185
vn 0.5454 -0.7139 -0.4392
vn 0.4269 -0.8570 -0.2886
vn 0.3124 -0.9262 -0.2112
vn 0.2530 -0.9474 -0.1959
vn 0.3032 -0.9230 -0.2371
vn 0.2461 -0.9375 -0.2461
vn 0.2929 -0.9102 -0.2929
vn 0.2881 -0.8902 -0.3528
vn 0.2948 -0.8574 -0.4219
vn 0.3442 -0.7938 -0.5014
vn 0.3432 -0.7433 -0.5743
vn 0.4127 -0.6150 -0.6719
vn 0.5299 -0.8303 -0.1726
vn 0.4422 -0.8944 -0.0671
vn 0.3842 -0.9066 -0.1744
vn 0.3791 -0.9180 -0.1161
vn 0.3153 -0.9390 -0.1376
vn 0.3655 -0.9179 -0.1545
vn 0.3080 -0.9328 -0.1872
vn 0.3575 -0.9071 -0.2223
vn 0.3528 -0.8902 -0.2881
vn 0.3553 -0.8646 -0.3553
vn 0.4204 -0.8041 -0.4204
vn 0.3553 -0.8303 -0.4294
vn 0.4093 -0.7664 -0.4951
vn 0.4970 -0.6377 -0.5885
vn 0.4152 -0.6993 -0.5818
vn 0.5085 -0.5174 -0.6883
vn 0.5871 -0.1807 -0.7891
vn 0.4265 -0.9031 -0.0505
vn 0.4173 -0.9034 -0.0989
vn 0.4126 -0.8969 -0.1593
vn 0.4129 -0.8814 -0.2295
vn 0.5003 -0.8170 -0.2868
vn 0.4219 -0.8574 -0.2948
vn 0.5014 -0.7938 -0.3442
vn 0.4294 -0.8303 -0.3553
vn 0.4951 -0.7664 -0.4093
vn 0.5885 -0.6377 -0.4970
vn 0.4977 -0.7104 -0.4977
vn 0.5866 -0.5585 -0.5866
vn 0.6634 -0.3461 -0.6634
vn 0.5579 -0.4530 -0.6954
vn 0.5947 -0.1749 -0.7847
vn 0.4799 -0.8766 -0.0362
vn 0.5751 -0.8171 -0.0400
vn 0.4827 -0.8699 -0.1014
vn 0.5734 -0.8117 -0.1109
vn 0.4865 -0.8595 -0.1568
vn 0.5745 -0.7976 -0.1836
vn 0.4969 -0.8395 -0.2197
vn 0.5747 -0.7734 -0.2676
vn 0.5743 -0.7433 -0.3432
vn 0.6719 -0.6150 -0.4127
vn 0.5818 -0.6993 -0.4152
vn 0.6883 -0.5174 -0.5085
vn 0.7891 -0.1807 -0.5871
vn 0.6954 -0.4530 -0.5579
vn 0.7847 -0.1749 -0.5947
vn 0.7054 -0.0687 -0.7054
vn 0.0387 -0.7644 -0.6436
vn 0.0333 -0.6611 -0.7495
vn 0.0462 -0.4727 -0.8800
vn 0.0531 -0.2015 -0.9781
vn 0.1091 -0.7608 -0.6398
vn 0.1521 -0.6370 -0.7557
vn 0.0856 -0.6540 -0.7516
vn 0.1214 -0.4704 -0.8741
vn 0.1486 -0.1980 -0.9689
vn 0.1993 -0.7349 -0.6483
vn 0.2405 -0.6103 -0.7548
vn 0.2095 -0.4485 -0.8689
vn 0.2435 -0.1682 -0.9552
vn 0.2694 -0.6957 -0.6659
vn 0.3199 -0.5624 -0.7625
vn 0.3901 -0.3545 -0.8498
vn 0.2841 -0.4268 -0.8585
vn 0.2904 -0.1439 -0.9460
vn 0.3297 -0.6653 -0.6698
vn 0.3938 -0.5028 -0.7695
vn 0.5084 -0.1925 -0.8393
vn 0.4236 -0.0653 -0.9035
vn 0.4966 -0.4199 -0.7597
vn 0.5284 -0.1425 -0.8370
vn 0.6436 -0.7644 -0.0387
vn 0.6398 -0.7608 -0.1091
vn 0.7557 -0.6370 -0.1521
vn 0.6483 -0.7349 -0.1993
vn 0.7548 -0.6103 -0.2405
vn 0.6659 -0.6957 -0.2694
vn 0.7625 -0.5624 -0.3199
vn 0.8498 -0.3545 -0.3901
vn 0.6698 -0.6653 -0.3297
vn 0.7695 -0.5028 -0.3938
vn 0.8393 -0.1925 -0.5084
vn 0.7597 -0.4199 -0.4966
vn 0.8370 -0.1425 -0.5284
vn 0.7495 -0.6611 -0.0333
vn 0.8800 -0.4727 -0.0462
vn 0.9781 -0.2015 -0.0531
vn 0.7516 -0.6540 -0.0856
vn 0.8741 -0.4704 -0.1214
vn 0.9689 -0.1980 -0.1486
vn 0.8689 -0.4485 -0.2095
vn 0.9552 -0.1682 -0.2435
vn 0.8585 -0.4268 -0.2841
vn 0.9460 -0.1439 -0.2904
vn 0.9035 -0.0653 -0.4236
vn 0.0246 0.9990 -0.0362
vn 0.0263 0.9967 -0.0770
vn 0.0269 0.9909 -0.1317
vn 0.0272 0.9820 -0.1870
vn 0.0275 0.9681 -0.2489
vn 0.0337 0.9344 -0.3547
vn 0.0284 0.9523 -0.3038
vn 0.0350 0.9079 -0.4178
vn 0.0400 0.8171 -0.5751
vn 0.0362 0.8766 -0.4799
vn 0.0797 0.9964 -0.0303
vn 0.0789 0.9938 -0.0789
vn 0.0784 0.9882 -0.1318
vn 0.0812 0.9786 -0.1890
vn 0.0842 0.9653 -0.2472
vn 0.0947 0.9278 -0.3609
vn 0.0849 0.9473 -0.3088
vn 0.0983 0.9036 -0.4169
vn 0.1109 0.8117 -0.5734
vn 0.1014 0.8699 -0.4827
vn 0.1317 0.9909 -0.0269
vn 0.1318 0.9882 -0.0784
vn 0.1344 0.9818 -0.1344
vn 0.1379 0.9713 -0.1939
vn 0.1383 0.9602 -0.2426
vn 0.1533 0.9184 -0.3647
vn 0.1342 0.9425 -0.3062
vn 0.1593 0.8969 -0.4126
vn 0.1836 0.7976 -0.5745
vn 0.1568 0.8595 -0.4865
vn 0.1870 0.9820 -0.0272
vn 0.1890 0.9786 -0.0812
vn 0.1939 0.9713 -0.1379
vn 0.1905 0.9630 -0.1905
vn 0.2371 0.9230 -0.3032
vn 0.1886 0.9499 -0.2491
vn 0.2223 0.9071 -0.3575
vn 0.1831 0.9354 -0.3026
vn 0.2868 0.8170 -0.5003
vn 0.2295 0.8814 -0.4129
vn 0.2676 0.7734 -0.5747
vn 0.2197 0.8395 -0.4969
vn 0.2489 0.9681 -0.0275
vn 0.2472 0.9653 -0.0842
vn 0.2426 0.9602 -0.1383
vn 0.3032 0.9230 -0.2371
vn 0.2491 0.9499 -0.1886
vn 0.2929 0.9102 -0.2929
vn 0.2449 0.9381 -0.2449
vn 0.2881 0.8902 -0.3528
vn 0.3442 0.7938 -0.5014
vn 0.2948 0.8574 -0.4219
vn 0.4127 0.6149 -0.6719
vn 0.3432 0.7433 -0.5743
vn 0.3547 0.9344 -0.0337
vn 0.3038 0.9523 -0.0284
vn 0.3609 0.9278 -0.0947
vn 0.3088 0.9473 -0.0849
vn 0.3647 0.9184 -0.1533
vn 0.3062 0.9425 -0.1342
vn 0.3575 0.9071 -0.2223
vn 0.3026 0.9354 -0.1831
vn 0.3528 0.8902 -0.2881
vn 0.4204 0.8041 -0.4204
vn 0.3553 0.8646 -0.3553
vn 0.4970 0.6377 -0.5885
vn 0.4093 0.7664 -0.4951
vn 0.3553 0.8303 -0.4294
vn 0.5871 0.1807 -0.7891
vn 0.5085 0.5174 -0.6883
vn 0.4152 0.6993 -0.5818
vn 0.4178 0.9079 -0.0350
vn 0.4169 0.9036 -0.0983
vn 0.4126 0.8969 -0.1593
vn 0.5003 0.8170 -0.2868
vn 0.4129 0.8814 -0.2295
vn 0.5014 0.7938 -0.3442
vn 0.4219 0.8574 -0.2948
vn 0.5886 0.6377 -0.4970
vn 0.4951 0.7664 -0.4093
vn 0.4294 0.8303 -0.3553
vn 0.6634 0.3461 -0.6634
vn 0.5866 0.5585 -0.5866
vn 0.4977 0.7104 -0.4977
vn 0.5947 0.1749 -0.7847
vn 0.5579 0.4530 -0.6954
vn 0.5751 0.8171 -0.0400
vn 0.4799 0.8766 -0.0362
vn 0.5734 0.8117 -0.1109
vn 0.4827 0.8699 -0.1014
vn 0.5745 0.7976 -0.1836
vn 0.4865 0.8595 -0.1568
vn 0.5747 0.7734 -0.2676
vn 0.4969 0.8395 -0.2197
vn 0.6719 0.6149 -0.4127
vn 0.5743 0.7433 -0.3432
vn 0.7891 0.1807 -0.5871
vn 0.6883 0.5174 -0.5085
vn 0.5818 0.6993 -0.4152
vn 0.7847 0.1749 -0.5947
vn 0.6954 0.4530 -0.5579
vn 0.7054 0.0687 -0.7054
vn 0.0387 0.7644 -0.6436
vn 0.0531 0.2015 -0.9781
vn 0.0462 0.4727 -0.8800
vn 0.0333 0.6611 -0.7495
vn 0.1521 0.6370 -0.7557
vn 0.1091 0.7608 -0.6398
vn 0.1486 0.1980 -0.9689
vn 0.1214 0.4704 -0.8741
vn 0.0856 0.6540 -0.7516
vn 0.2405 0.6103 -0.7548
vn 0.1993 0.7349 -0.6483
vn 0.2435 0.1682 -0.9552
vn 0.2095 0.4485 -0.8689
vn 0.3901 0.3545 -0.8498
vn 0.3199 0.5624 -0.7625
vn 0.2694 0.6957 -0.6659
vn 0.2904 0.1439 -0.9460
vn 0.2841 0.4268 -0.8586
vn 0.5084 0.1925 -0.8393
vn 0.3938 0.5028 -0.7695
vn 0.3297 0.6653 -0.6698
vn 0.4236 0.0653 -0.9035
vn 0.5284 0.1425 -0.8370
vn 0.4966 0.4199 -0.7597
vn 0.6436 0.7644 -0.0387
vn 0.7557 0.6370 -0.1521
vn 0.6398 0.7608 -0.1091
vn 0.7548 0.6103 -0.2405
vn 0.6483 0.7349 -0.1993
vn 0.8498 0.3545 -0.3901
vn 0.7625 0.5624 -0.3199
vn 0.6659 0.6957 -0.2694
vn 0.8393 0.1925 -0.5084
vn 0.7695 0.5028 -0.3938
vn 0.6698 0.6653 -0.3297
vn 0.8370 0.1425 -0.5284
vn 0.7597 0.4199 -0.4966
vn 0.9781 0.2015 -0.0531
vn 0.8800 0.4727 -0.0462
vn 0.7495 0.6611 -0.0333
vn 0.9689 0.1980 -0.1486
vn 0.8741 0.4704 -0.1214
vn 0.7516 0.6540 -0.0856
vn 0.9552 0.1682 -0.2435
vn 0.8689 0.4485 -0.2095
vn 0.9460 0.1439 -0.2904
vn 0.8586 0.4268 -0.2841
vn 0.9035 0.0653 -0.4236
s 1
f 5//5 2//2 3//3
f 8//8 4//4 5//5
f 10//10 6//6 7//7
f 10//10 8//8 11//11
f 16//16 12//12 13//13
f 18//18 14//14 15//15
f 19//19 15//15 16//16
f 19//19 2//2 18//18
f 19//19 1//1 3//3
f 21//21 17//17 18//18
f 21//21 2//2 4//4
f 23//23 20//20 21//21
f 23//23 6//6 22//22
f 23//23 4//4 7//7
f 24//24 6//6 9//9
f 31//31 25//25 30//30
f 36//36 28//28 35//35
f 37//37 29//29 36//36
f 38//38 32//32 33//33
f 38//38 30//30 37//37
f 38//38 27//27 31//31
f 42//42 32//32 41//41
f 45//45 34//34 44//44
f 46//46 39//39 40//40
f 46//46 35//35 45//45
f 47//47 40//40 41//41
f 47//47 36//36 46//46
f 47//47 32//32 37//37
f 50//50 39//39 49//49
f 51//51 40//40 50//50
f 42//42 51//51 52//52
f 54//54 43//43 53//53
f 55//55 48//48 49//49
f 55//55 44//44 54//54
f 55//55 39//39 45//45
f 57//57 48//48 56//56
f 50//50 57//57 58//58
f 51//51 58//58 59//59
f 52//52 59//59 60//60
f 62//62 53//53 61//61
f 62//62 48//48 54//54
f 67//67 63//63 64//64
f 70//70 65//65 66//66
f 71//71 66//66 67//67
f 68//68 71//71 67//67
f 78//78 74//74 75//75
f 78//78 12//12 77//77
f 81//81 76//76 77//77
f 81//81 14//14 80//80
f 81//81 12//12 15//15
f 83//83 79//79 80//80
f 83//83 14//14 17//17
f 84//84 83//83 85//85
f 85//85 17//17 20//20
f 86//86 85//85 87//87
f 87//87 20//20 22//22
f 88//88 87//87 89//89
f 24//24 87//87 22//22
f 95//95 90//90 91//91
f 95//95 74//74 94//94
f 95//95 73//73 75//75
f 98//98 92//92 93//93
f 99//99 93//93 94//94
f 99//99 76//76 98//98
f 99//99 74//74 77//77
f 101//101 96//96 97//97
f 102//102 97//97 98//98
f 102//102 79//79 101//101
f 102//102 76//76 80//80
f 105//105 100//100 101//101
f 105//105 79//79 82//82
f 107//107 103//103 104//104
f 108//108 104//104 105//105
f 84//84 105//105 82//82
f 109//109 108//108 110//110
f 110//110 84//84 86//86
f 111//111 110//110 112//112
f 112//112 86//86 88//88
f 116//116 25//25 26//26
f 116//116 90//90 115//115
f 120//120 113//113 114//114
f 120//120 92//92 119//119
f 121//121 114//114 115//115
f 121//121 93//93 120//120
f 121//121 90//90 94//94
f 123//123 117//117 118//118
f 124//124 118//118 119//119
f 124//124 96//96 123//123
f 124//124 92//92 97//97
f 127//127 122//122 123//123
f 127//127 96//96 100//100
f 129//129 125//125 126//126
f 130//130 126//126 127//127
f 130//130 103//103 129//129
f 130//130 100//100 104//104
f 131//131 129//129 132//132
f 132//132 103//103 106//106
f 133//133 106//106 107//107
f 134//134 132//132 135//135
f 135//135 133//133 136//136
f 109//109 133//133 107//107
f 137//137 136//136 138//138
f 138//138 109//109 111//111
f 142//142 28//28 29//29
f 142//142 113//113 141//141
f 143//143 29//29 30//30
f 143//143 114//114 142//142
f 143//143 25//25 115//115
f 146//146 139//139 140//140
f 146//146 117//117 145//145
f 147//147 140//140 141//141
f 147//147 118//118 146//146
f 147//147 113//113 119//119
f 149//149 144//144 145//145
f 149//149 117//117 122//122
f 152//152 148//148 149//149
f 152//152 125//125 151//151
f 152//152 122//122 126//126
f 154//154 150//150 151//151
f 154//154 125//125 128//128
f 155//155 154//154 156//156
f 156//156 128//128 131//131
f 157//157 156//156 158//158
f 134//134 156//156 131//131
f 159//159 134//134 135//135
f 160//160 159//159 161//161
f 137//137 159//159 135//135
f 164//164 139//139 163//163
f 165//165 34//34 35//35
f 165//165 140//140 164//164
f 165//165 28//28 141//141
f 167//167 162//162 163//163
f 167//167 144//144 166//166
f 167//167 139//139 145//145
f 169//169 144//144 148//148
f 171//171 168//168 169//169
f 171//171 150//150 170//170
f 171//171 148//148 151//151
f 172//172 150//150 153//153
f 155//155 172//172 153//153
f 157//157 173//173 155//155
f 175//175 157//157 158//158
f 176//176 175//175 177//177
f 160//160 175//175 158//158
f 179//179 162//162 178//178
f 180//180 43//43 44//44
f 180//180 163//163 179//179
f 180//180 34//34 164//164
f 182//182 162//162 166//166
f 184//184 181//181 182//182
f 184//184 168//168 183//183
f 184//184 166//166 169//169
f 185//185 168//168 170//170
f 172//172 185//185 170//170
f 187//187 63//63 186//186
f 173//173 186//186 172//172
f 188//188 173//173 174//174
f 176//176 188//188 174//174
f 190//190 176//176 177//177
f 192//192 178//178 191//191
f 192//192 43//43 179//179
f 194//194 181//181 193//193
f 194//194 178//178 182//182
f 195//195 181//181 183//183
f 185//185 195//195 183//183
f 197//197 65//65 196//196
f 197//197 63//63 66//66
f 197//197 185//185 186//186
f 198//198 64//64 187//187
f 68//68 198//198 199//199
f 188//188 198//198 187//187
f 200//200 188//188 189//189
f 192//192 201//201 202//202
f 192//192 61//61 53//53
f 194//194 203//203 204//204
f 204//204 191//191 194//194
f 205//205 193//193 195//195
f 206//206 65//65 69//69
f 206//206 195//195 196//196
f 207//207 68//68 199//199
f 200//200 207//207 199//199
f 210//210 1//1 209//209
f 212//212 3//3 210//210
f 212//212 211//211 213//213
f 8//8 212//212 214//214
f 214//214 213//213 215//215
f 11//11 214//214 217//217
f 218//218 214//214 215//215
f 218//218 216//216 219//219
f 16//16 220//220 222//222
f 222//222 1//1 16//16
f 222//222 221//221 223//223
f 225//225 209//209 222//222
f 225//225 223//223 226//226
f 211//211 225//225 226//226
f 226//226 224//224 227//227
f 228//228 211//211 226//226
f 228//228 227//227 229//229
f 230//230 213//213 228//228
f 230//230 229//229 231//231
f 216//216 230//230 231//231
f 232//232 216//216 231//231
f 31//31 235//235 236//236
f 236//236 26//26 31//31
f 234//234 236//236 237//237
f 235//235 33//33 239//239
f 241//241 235//235 239//239
f 241//241 240//240 242//242
f 237//237 241//241 242//242
f 238//238 242//242 243//243
f 244//244 33//33 42//42
f 240//240 244//244 245//245
f 246//246 240//240 245//245
f 243//243 246//246 247//247
f 248//248 42//42 52//52
f 245//245 248//248 249//249
f 251//251 245//245 249//249
f 251//251 250//250 252//252
f 247//247 251//251 252//252
f 253//253 52//52 60//60
f 254//254 248//248 253//253
f 250//250 254//254 255//255
f 256//256 250//250 255//255
f 259//259 73//73 258//258
f 261//261 75//75 259//259
f 220//220 78//78 261//261
f 261//261 260//260 262//262
f 221//221 261//261 262//262
f 264//264 221//221 262//262
f 264//264 263//263 265//265
f 224//224 264//264 265//265
f 266//266 224//224 265//265
f 268//268 227//227 266//266
f 268//268 267//267 269//269
f 270//270 229//229 268//268
f 271//271 268//268 269//269
f 232//232 270//270 272//272
f 273//273 270//270 271//271
f 274//274 73//73 91//91
f 276//276 258//258 274//274
f 276//276 275//275 277//277
f 260//260 276//276 277//277
f 279//279 260//260 277//277
f 279//279 278//278 280//280
f 263//263 279//279 280//280
f 282//282 263//263 280//280
f 282//282 281//281 283//283
f 284//284 265//265 282//282
f 284//284 283//283 285//285
f 267//267 284//284 285//285
f 286//286 267//267 285//285
f 287//287 269//269 286//286
f 288//288 271//271 287//287
f 116//116 233//233 289//289
f 289//289 91//91 116//116
f 289//289 234//234 290//290
f 275//275 289//289 290//290
f 292//292 275//275 290//290
f 292//292 291//291 293//293
f 278//278 292//292 293//293
f 295//295 278//278 293//293
f 295//295 294//294 296//296
f 281//281 295//295 296//296
f 297//297 281//281 296//296
f 285//285 297//297 298//298
f 286//286 298//298 300//300
f 300//300 299//299 301//301
f 302//302 286//286 300//300
f 303//303 300//300 301//301
f 304//304 287//287 302//302
f 305//305 302//302 303//303
f 306//306 234//234 237//237
f 306//306 238//238 307//307
f 291//291 306//306 307//307
f 308//308 291//291 307//307
f 294//294 308//308 309//309
f 310//310 294//294 309//309
f 297//297 310//310 311//311
f 313//313 297//297 311//311
f 313//313 312//312 314//314
f 299//299 313//313 314//314
f 315//315 299//299 314//314
f 316//316 301//301 315//315
f 317//317 303//303 316//316
f 318//318 238//238 243//243
f 320//320 307//307 318//318
f 320//320 319//319 321//321
f 309//309 320//320 321//321
f 322//322 309//309 321//321
f 324//324 310//310 322//322
f 324//324 323//323 325//325
f 312//312 324//324 325//325
f 326//326 312//312 325//325
f 327//327 314//314 326//326
f 316//316 327//327 328//328
f 317//317 328//328 329//329
f 330//330 243//243 247//247
f 319//319 330//330 331//331
f 332//332 319//319 331//331
f 334//334 321//321 332//332
f 334//334 333//333 335//335
f 323//323 334//334 335//335
f 336//336 323//323 335//335
f 326//326 336//336 337//337
f 327//327 337//337 339//339
f 339//339 338//338 340//340
f 328//328 339//339 341//341
f 329//329 341//341 342//342
f 343//343 247//247 252//252
f 344//344 330//330 343//343
f 345//345 331//331 344//344
f 333//333 345//345 346//346
f 347//347 333//333 346//346
f 336//336 347//347 348//348
f 350//350 336//336 348//348
f 350//350 349//349 351//351
f 338//338 350//350 351//351
f 340//340 352//352 339//339
f 353//353 338//338 351//351
f 341//341 352//352 354//354
f 355//355 352//352 353//353
f 342//342 354//354 356//356
f 357//357 252//252 256//256
f 357//357 257//257 358//358
f 344//344 357//357 358//358
f 359//359 344//344 358//358
f 360//360 345//345 359//359
f 347//347 360//360 361//361
f 362//362 347//347 361//361
f 349//349 362//362 363//363
f 364//364 349//349 363//363
f 365//365 351//351 364//364
f 355//355 366//366 354//354
f 355//355 365//365 367//367
f 356//356 366//366 368//368
f 369//369 366//366 367//367
f 370//370 10//10 371//371
f 371//371 11//11 372//372
f 373//373 371//371 374//374
f 375//375 371//371 372//372
f 376//376 375//375 377//377
f 378//378 377//377 379//379
f 381//381 9//9 370//370
f 373//373 381//381 370//370
f 383//383 373//373 374//374
f 384//384 383//383 385//385
f 376//376 383//383 374//374
f 386//386 385//385 387//387
f 378//378 385//385 376//376
f 388//388 378//378 379//379
f 389//389 387//387 390//390
f 390//390 388//388 391//391
f 380//380 388//388 379//379
f 392//392 391//391 393//393
f 394//394 89//89 395//395
f 395//395 24//24 381//381
f 397//397 394//394 395//395
f 397//397 381//381 382//382
f 399//399 396//396 397//397
f 384//384 397//397 382//382
f 400//400 399//399 401//401
f 386//386 399//399 384//384
f 389//389 401//401 386//386
f 403//403 389//389 390//390
f 404//404 403//403 405//405
f 392//392 403//403 390//390
f 406//406 392//392 393//393
f 407//407 406//406 408//408
f 410//410 112//112 411//411
f 394//394 112//112 88//88
f 396//396 411//411 394//394
f 398//398 412//412 396//396
f 400//400 413//413 398//398
f 415//415 400//400 401//401
f 416//416 415//415 417//417
f 402//402 415//415 401//401
f 418//418 417//417 419//419
f 404//404 417//417 402//402
f 420//420 404//404 405//405
f 421//421 420//420 422//422
f 407//407 420//420 405//405
f 423//423 407//407 408//408
f 424//424 423//423 425//425
f 409//409 423//423 408//408
f 426//426 138//138 427//427
f 410//410 138//138 111//111
f 428//428 410//410 411//411
f 429//429 428//428 430//430
f 412//412 428//428 411//411
f 432//432 429//429 430//430
f 413//413 430//430 412//412
f 433//433 432//432 434//434
f 434//434 413//413 414//414
f 435//435 414//414 416//416
f 418//418 435//435 416//416
f 437//437 418//418 419//419
f 438//438 437//437 439//439
f 421//421 437//437 419//419
f 440//440 421//421 422//422
f 441//441 440//440 442//442
f 424//424 440//440 422//422
f 443//443 424//424 425//425
f 444//444 161//161 445//445
f 426//426 161//161 137//137
f 446//446 426//426 427//427
f 447//447 446//446 448//448
f 429//429 446//446 427//427
f 449//449 429//429 431//431
f 433//433 449//449 431//431
f 451//451 433//433 434//434
f 452//452 451//451 453//453
f 435//435 451//451 434//434
f 454//454 435//435 436//436
f 438//438 454//454 436//436
f 456//456 438//438 439//439
f 441//441 456//456 439//439
f 458//458 441//441 442//442
f 444//444 177//177 160//160
f 460//460 444//444 445//445
f 461//461 460//460 462//462
f 447//447 460//460 445//445
f 463//463 447//447 448//448
f 464//464 463//463 465//465
f 449//449 463//463 448//448
f 466//466 449//449 450//450
f 452//452 466//466 450//450
f 468//468 452//452 453//453
f 469//469 468//468 470//470
f 454//454 468//468 453//453
f 471//471 454//454 455//455
f 472//472 455//455 456//456
f 473//473 472//472 474//474
f 457//457 472//472 456//456
f 475//475 190//190 476//476
f 459//459 190//190 177//177
f 461//461 476//476 459//459
f 478//478 461//461 462//462
f 464//464 478//478 462//462
f 480//480 464//464 465//465
f 466//466 480//480 465//465
f 482//482 466//466 467//467
f 469//469 482//482 467//467
f 484//484 469//469 470//470
f 485//485 470//470 471//471
f 473//473 485//485 471//471
f 487//487 473//473 474//474
f 475//475 200//200 189//189
f 489//489 475//475 476//476
f 477//477 489//489 476//476
f 491//491 477//477 478//478
f 492//492 491//491 493//493
f 479//479 491//491 478//478
f 494//494 479//479 480//480
f 495//495 494//494 496//496
f 481//481 494//494 480//480
f 497//497 481//481 482//482
f 483//483 497//497 482//482
f 484//484 498//498 483//483
f 485//485 499//499 484//484
f 486//486 500//500 485//485
f 487//487 501//501 486//486
f 488//488 208//208 200//200
f 504//504 488//488 489//489
f 505//505 504//504 506//506
f 490//490 504//504 489//489
f 492//492 506//506 490//490
f 508//508 492//492 493//493
f 495//495 508//508 493//493
f 510//510 495//495 496//496
f 497//497 510//510 496//496
f 498//498 511//511 497//497
f 499//499 512//512 498//498
f 500//500 513//513 499//499
f 501//501 514//514 500//500
f 502//502 515//515 501//501
f 517//517 443//443 518//518
f 519//519 458//458 520//520
f 517//517 458//458 442//442
f 521//521 517//517 518//518
f 519//519 474//474 457//457
f 524//524 519//519 520//520
f 525//525 520//520 521//521
f 526//526 525//525 527//527
f 522//522 525//525 521//521
f 523//523 487//487 474//474
f 529//529 523//523 524//524
f 526//526 529//529 524//524
f 531//531 526//526 527//527
f 528//528 502//502 487//487
f 533//533 528//528 529//529
f 534//534 533//533 535//535
f 530//530 533//533 529//529
f 536//536 530//530 531//531
f 537//537 502//502 532//532
f 534//534 537//537 532//532
f 539//539 534//534 535//535
f 536//536 539//539 535//535
f 372//372 217//217 541//541
f 541//541 218//218 542//542
f 543//543 218//218 219//219
f 544//544 372//372 541//541
f 544//544 542//542 545//545
f 546//546 542//542 543//543
f 547//547 375//375 544//544
f 548//548 544//544 545//545
f 379//379 547//547 549//549
f 550//550 547//547 548//548
f 380//380 549//549 551//551
f 552//552 219//219 232//232
f 546//546 553//553 545//545
f 546//546 552//552 554//554
f 548//548 553//553 555//555
f 556//556 553//553 554//554
f 550//550 557//557 549//549
f 550//550 555//555 558//558
f 559//559 555//555 556//556
f 560//560 380//380 551//551
f 551//551 557//557 560//560
f 561//561 557//557 558//558
f 562//562 558//558 559//559
f 563//563 391//391 560//560
f 564//564 560//560 561//561
f 552//552 272//272 565//565
f 565//565 273//273 566//566
f 567//567 552//552 565//565
f 567//567 566//566 568//568
f 556//556 567//567 569//569
f 569//569 568//568 570//570
f 559//559 569//569 571//571
f 572//572 569//569 570//570
f 562//562 573//573 561//561
f 562//562 571//571 574//574
f 563//563 406//406 393//393
f 564//564 575//575 563//563
f 564//564 573//573 576//576
f 577//577 573//573 574//574
f 408//408 575//575 578//578
f 579//579 575//575 576//576
f 409//409 578//578 580//580
f 581//581 273//273 288//288
f 568//568 581//581 582//582
f 570//570 582//582 583//583
f 572//572 584//584 571//571
f 572//572 583//583 585//585
f 574//574 584//584 586//586
f 587//587 584//584 585//585
f 577//577 588//588 576//576
f 577//577 586//586 589//589
f 590//590 586//586 587//587
f 579//579 591//591 578//578
f 579//579 588//588 592//592
f 593//593 588//588 589//589
f 594//594 409//409 580//580
f 580//580 591//591 594//594
f 595//595 591//591 592//592
f 596//596 288//288 304//304
f 596//596 305//305 597//597
f 582//582 596//596 598//598
f 598//598 597//597 599//599
f 583//583 598//598 600//600
f 600//600 599//599 601//601
f 602//602 583//583 600//600
f 603//603 600//600 601//601
f 604//604 585//585 602//602
f 590//590 605//605 589//589
f 590//590 604//604 606//606
f 593//593 607//607 592//592
f 593//593 605//605 608//608
f 609//609 605//605 606//606
f 610//610 425//425 594//594
f 595//595 610//610 594//594
f 595//595 607//607 611//611
f 612//612 607//607 608//608
f 597//597 317//317 613//613
f 599//599 613//613 614//614
f 601//601 614//614 615//615
f 603//603 616//616 602//602
f 603//603 615//615 617//617
f 604//604 616//616 618//618
f 619//619 616//616 617//617
f 620//620 604//604 618//618
f 609//609 621//621 608//608
f 609//609 620//620 622//622
f 612//612 623//623 611//611
f 612//612 621//621 624//624
f 613//613 329//329 625//625
f 626//626 613//613 625//625
f 627//627 614//614 626//626
f 617//617 627//627 628//628
f 619//619 629//629 618//618
f 619//619 628//628 630//630
f 620//620 629//629 631//631
f 632//632 629//629 630//630
f 622//622 633//633 621//621
f 634//634 620//620 631//631
f 624//624 633//633 635//635
f 636//636 633//633 634//634
f 637//637 329//329 342//342
f 638//638 625//625 637//637
f 639//639 626//626 638//638
f 640//640 627//627 639//639
f 630//630 640//640 641//641
f 632//632 642//642 631//631
f 632//632 641//641 643//643
f 644//644 631//631 642//642
f 636//636 645//645 635//635
f 636//636 644//644 646//646
f 647//647 342//342 356//356
f 648//648 637//637 647//647
f 649//649 638//638 648//648
f 650//650 639//639 649//649
f 651//651 640//640 650//650
f 653//653 642//642 643//643
f 643//643 651//651 653//653
f 644//644 652//652 654//654
f 656//656 645//645 646//646
f 646//646 654//654 656//656
f 647//647 368//368 657//657
f 658//658 647//647 657//657
f 659//659 648//648 658//658
f 660//660 649//649 659//659
f 661//661 650//650 660//660
f 663//663 652//652 653//653
f 653//653 661//661 663//663
f 654//654 662//662 664//664
f 666//666 655//655 656//656
f 656//656 664//664 666//666
f 667//667 443//443 610//610
f 668//668 610//610 611//611
f 667//667 521//521 518//518
f 668//668 669//669 667//667
f 668//668 623//623 670//670
f 671//671 623//623 624//624
f 522//522 669//669 672//672
f 670//670 673//673 669//669
f 671//671 674//674 670//670
f 671//671 635//635 675//675
f 676//676 522//522 672//672
f 672//672 673//673 676//676
f 677//677 673//673 674//674
f 675//675 678//678 674//674
f 675//675 645//645 679//679
f 680//680 527//527 676//676
f 677//677 680//680 676//676
f 677//677 678//678 681//681
f 679//679 682//682 678//678
f 679//679 655//655 683//683
f 680//680 536//536 531//531
f 681//681 684//684 680//680
f 681//681 682//682 685//685
f 686//686 682//682 683//683
f 687//687 655//655 665//665
f 684//684 540//540 536//536
f 689//689 684//684 685//685
f 686//686 689//689 685//685
f 686//686 687//687 690//690
f 57//57 691//691 692//692
f 693//693 57//57 692//692
f 694//694 58//58 693//693
f 695//695 59//59 694//694
f 62//62 696//696 697//697
f 62//62 691//691 56//56
f 698//698 691//691 697//697
f 693//693 699//699 700//700
f 701//701 693//693 700//700
f 702//702 694//694 701//701
f 704//704 696//696 703//703
f 698//698 704//704 705//705
f 698//698 699//699 692//692
f 706//706 699//699 705//705
f 701//701 707//707 708//708
f 709//709 701//701 708//708
f 704//704 710//710 711//711
f 712//712 704//704 711//711
f 706//706 712//712 713//713
f 706//706 707//707 700//700
f 714//714 707//707 713//713
f 709//709 715//715 716//716
f 712//712 717//717 718//718
f 713//713 718//718 719//719
f 714//714 719//719 720//720
f 714//714 715//715 708//708
f 721//721 715//715 720//720
f 720//720 723//723 724//724
f 721//721 724//724 725//725
f 721//721 722//722 716//716
f 725//725 726//726 727//727
f 70//70 728//728 69//69
f 730//730 70//70 71//71
f 731//731 71//71 72//72
f 729//729 732//732 728//728
f 730//730 733//733 729//729
f 735//735 730//730 731//731
f 202//202 736//736 737//737
f 737//737 61//61 202//202
f 739//739 203//203 738//738
f 204//204 736//736 201//201
f 205//205 738//738 203//203
f 741//741 69//69 728//728
f 206//206 740//740 205//205
f 742//742 72//72 207//207
f 743//743 207//207 208//208
f 737//737 744//744 745//745
f 745//745 696//696 737//737
f 739//739 746//746 747//747
f 739//739 744//744 736//736
f 740//740 746//746 738//738
f 749//749 746//746 748//748
f 741//741 732//732 750//750
f 750//750 740//740 741//741
f 751//751 732//732 733//733
f 734//734 751//751 733//733
f 735//735 752//752 734//734
f 742//742 735//735 731//731
f 754//754 742//742 743//743
f 745//745 755//755 756//756
f 745//745 710//710 703//703
f 757//757 710//710 756//756
f 747//747 755//755 744//744
f 759//759 755//755 758//758
f 749//749 760//760 761//761
f 749//749 758//758 747//747
f 750//750 760//760 748//748
f 763//763 760//760 762//762
f 764//764 750//750 751//751
f 765//765 751//751 752//752
f 766//766 752//752 753//753
f 754//754 766//766 753//753
f 757//757 769//769 770//770
f 757//757 717//717 711//711
f 771//771 717//717 770//770
f 772//772 718//718 771//771
f 759//759 773//773 774//774
f 759//759 769//769 756//756
f 775//775 769//769 774//774
f 761//761 773//773 758//758
f 777//777 773//773 776//776
f 763//763 778//778 779//779
f 763//763 776//776 761//761
f 764//764 778//778 762//762
f 781//781 778//778 780//780
f 782//782 764//764 765//765
f 782//782 781//781 780//780
f 784//784 765//765 766//766
f 785//785 782//782 784//784
f 786//786 766//766 767//767
f 786//786 785//785 784//784
f 768//768 786//786 767//767
f 771//771 789//789 790//790
f 772//772 790//790 791//791
f 772//772 723//723 719//719
f 792//792 723//723 791//791
f 775//775 793//793 794//794
f 775//775 789//789 770//770
f 795//795 789//789 794//794
f 796//796 790//790 795//795
f 777//777 797//797 798//798
f 777//777 793//793 774//774
f 799//799 793//793 798//798
f 779//779 797//797 776//776
f 801//801 797//797 800//800
f 781//781 800//800 779//779
f 803//803 800//800 802//802
f 783//783 802//802 781//781
f 805//805 802//802 804//804
f 806//806 783//783 785//785
f 806//806 805//805 804//804
f 808//808 785//785 787//787
f 808//808 807//807 806//806
f 788//788 808//808 787//787
f 792//792 811//811 812//812
f 792//792 726//726 724//724
f 813//813 726//726 812//812
f 795//795 814//814 815//815
f 796//796 815//815 816//816
f 796//796 811//811 791//791
f 817//817 811//811 816//816
f 799//799 818//818 819//819
f 799//799 814//814 794//794
f 820//820 814//814 819//819
f 821//821 815//815 820//820
f 801//801 818//818 798//798
f 823//823 818//818 822//822
f 824//824 819//819 823//823
f 825//825 801//801 803//803
f 825//825 823//823 822//822
f 827//827 823//823 826//826
f 828//828 803//803 805//805
f 829//829 825//825 828//828
f 807//807 828//828 805//805
f 831//831 828//828 830//830
f 832//832 807//807 809//809
f 832//832 831//831 830//830
f 810//810 832//832 809//809
f 813//813 835//835 836//836
f 817//817 837//837 838//838
f 817//817 835//835 812//812
f 839//839 835//835 838//838
f 821//821 840//840 841//841
f 821//821 837//837 816//816
f 842//842 837//837 841//841
f 824//824 840//840 820//820
f 844//844 840//840 843//843
f 827//827 845//845 846//846
f 827//827 843//843 824//824
f 847//847 843//843 846//846
f 829//829 845//845 826//826
f 849//849 845//845 848//848
f 850//850 829//829 831//831
f 851//851 848//848 850//850
f 852//852 831//831 833//833
f 852//852 851//851 850//850
f 834//834 852//852 833//833
f 839//839 855//855 856//856
f 839//839 854//854 836//836
f 842//842 857//857 858//858
f 842//842 855//855 838//838
f 859//859 855//855 858//858
f 844//844 857//857 841//841
f 861//861 857//857 860//860
f 847//847 862//862 863//863
f 847//847 860//860 844//844
f 849//849 862//862 846//846
f 865//865 862//862 864//864
f 851//851 864//864 849//849
f 866//866 865//865 864//864
f 868//868 851//851 853//853
f 868//868 867//867 866//866
f 859//859 870//870 871//871
f 861//861 872//872 873//873
f 861//861 870//870 858//858
f 874//874 870//870 873//873
f 863//863 872//872 860//860
f 876//876 872//872 875//875
f 877//877 873//873 876//876
f 865//865 875//875 863//863
f 879//879 875//875 878//878
f 867//867 878//878 865//865
f 881//881 878//878 880//880
f 882//882 867//867 869//869
f 877//877 884//884 885//885
f 877//877 883//883 874//874
f 879//879 884//884 876//876
f 887//887 884//884 886//886
f 881//881 888//888 889//889
f 881//881 886//886 879//879
f 890//890 886//886 889//889
f 882//882 888//888 880//880
f 892//892 888//888 891//891
f 892//892 890//890 889//889
f 253//253 695//695 894//894
f 895//895 253//253 894//894
f 255//255 895//895 896//896
f 897//897 255//255 896//896
f 898//898 256//256 897//897
f 894//894 702//702 899//899
f 895//895 899//899 900//900
f 901//901 895//895 900//900
f 902//902 901//901 900//900
f 897//897 901//901 903//903
f 899//899 709//709 904//904
f 905//905 899//899 904//904
f 902//902 905//905 906//906
f 907//907 902//902 906//906
f 904//904 716//716 908//908
f 909//909 904//904 908//908
f 910//910 909//909 908//908
f 906//906 909//909 911//911
f 912//912 906//906 911//911
f 908//908 722//722 913//913
f 914//914 722//722 725//725
f 910//910 913//913 914//914
f 915//915 910//910 914//914
f 916//916 911//911 915//915
f 917//917 725//725 727//727
f 918//918 914//914 917//917
f 919//919 898//898 897//897
f 920//920 257//257 898//898
f 359//359 920//920 921//921
f 360//360 921//921 922//922
f 361//361 922//922 923//923
f 362//362 923//923 924//924
f 363//363 924//924 925//925
f 364//364 925//925 926//926
f 927//927 364//364 926//926
f 929//929 365//365 927//927
f 931//931 928//928 930//930
f 931//931 368//368 369//369
f 931//931 367//367 929//929
f 919//919 903//903 932//932
f 933//933 919//919 932//932
f 921//921 933//933 934//934
f 935//935 921//921 934//934
f 936//936 935//935 934//934
f 923//923 935//935 937//937
f 938//938 923//923 937//937
f 939//939 924//924 938//938
f 940//940 939//939 938//938
f 926//926 939//939 941//941
f 943//943 940//940 942//942
f 927//927 941//941 943//943
f 945//945 942//942 944//944
f 945//945 928//928 929//929
f 945//945 927//927 943//943
f 946//946 928//928 944//944
f 932//932 907//907 947//947
f 933//933 947//947 948//948
f 934//934 948//948 949//949
f 936//936 949//949 950//950
f 951//951 936//936 950//950
f 952//952 937//937 951//951
f 940//940 952//952 953//953
f 954//954 940//940 953//953
f 955//955 942//942 954//954
f 946//946 955//955 956//956
f 947//947 912//912 957//957
f 958//958 947//947 957//957
f 959//959 958//958 957//957
f 949//949 958//958 960//960
f 961//961 949//949 960//960
f 962//962 950//950 961//961
f 963//963 962//962 961//961
f 952//952 962//962 964//964
f 965//965 952//952 964//964
f 966//966 953//953 965//965
f 967//967 954//954 966//966
f 968//968 955//955 967//967
f 969//969 916//916 915//915
f 957//957 916//916 970//970
f 959//959 970//970 971//971
f 972//972 959//959 971//971
f 973//973 960//960 972//972
f 963//963 973//973 974//974
f 975//975 963//963 974//974
f 976//976 975//975 974//974
f 965//965 975//975 977//977
f 966//966 977//977 978//978
f 979//979 966//966 978//978
f 980//980 967//967 979//979
f 813//813 917//917 727//727
f 981//981 918//918 917//917
f 969//969 918//918 982//982
f 983//983 969//969 982//982
f 984//984 983//983 982//982
f 971//971 983//983 985//985
f 986//986 971//971 985//985
f 987//987 986//986 985//985
f 973//973 986//986 988//988
f 989//989 973//973 988//988
f 976//976 989//989 990//990
f 991//991 976//976 990//990
f 992//992 991//991 990//990
f 978//978 991//991 993//993
f 995//995 992//992 994//994
f 979//979 993//993 995//995
f 997//997 994//994 996//996
f 980//980 995//995 997//997
f 981//981 836//836 998//998
f 999//999 981//981 998//998
f 1000//1000 999//999 998//998
f 984//984 999//999 1001//1001
f 1002//1002 984//984 1001//1001
f 1003//1003 1002//1002 1001//1001
f 987//987 1002//1002 1004//1004
f 1005//1005 987//987 1004//1004
f 1006//1006 1005//1005 1004//1004
f 989//989 1005//1005 1007//1007
f 1008//1008 1007//1007 1006//1006
f 1009//1009 989//989 1007//1007
f 1010//1010 990//990 1009//1009
f 994//994 1010//1010 1011//1011
f 996//996 1011//1011 1012//1012
f 998//998 854//854 1013//1013
f 1014//1014 854//854 856//856
f 1000//1000 1013//1013 1014//1014
f 1015//1015 1000//1000 1014//1014
f 1016//1016 856//856 859//859
f 1016//1016 1015//1015 1014//1014
f 1003//1003 1015//1015 1017//1017
f 1018//1018 1003//1003 1017//1017
f 1019//1019 1018//1018 1017//1017
f 1006//1006 1018//1018 1020//1020
f 1008//1008 1020//1020 1021//1021
f 1022//1022 1008//1008 1021//1021
f 1023//1023 1022//1022 1021//1021
f 1010//1010 1022//1022 1024//1024
f 1026//1026 1023//1023 1025//1025
f 1011//1011 1024//1024 1026//1026
f 1028//1028 1025//1025 1027//1027
f 1012//1012 1026//1026 1028//1028
f 1029//1029 859//859 871//871
f 1030//1030 1016//1016 1029//1029
f 874//874 1029//1029 871//871
f 1031//1031 1030//1030 1029//1029
f 1019//1019 1030//1030 1032//1032
f 1033//1033 1019//1019 1032//1032
f 1034//1034 1032//1032 1031//1031
f 1035//1035 1033//1033 1032//1032
f 1021//1021 1033//1033 1036//1036
f 1037//1037 1036//1036 1035//1035
f 1023//1023 1036//1036 1038//1038
f 1039//1039 1038//1038 1037//1037
f 1025//1025 1038//1038 1040//1040
f 1041//1041 1025//1025 1040//1040
f 1031//1031 883//883 1042//1042
f 1043//1043 883//883 885//885
f 1034//1034 1042//1042 1043//1043
f 1044//1044 1034//1034 1043//1043
f 1045//1045 885//885 887//887
f 1045//1045 1044//1044 1043//1043
f 1037//1037 1044//1044 1046//1046
f 890//890 1045//1045 887//887
f 1047//1047 1046//1046 1045//1045
f 1039//1039 1046//1046 1048//1048
f 1049//1049 1039//1039 1048//1048
f 893//893 1047//1047 890//890
f 1051//1051 1047//1047 1050//1050
f 1051//1051 1049//1049 1048//1048
f 1041//1041 1049//1049 1052//1052
f 1053//1053 208//208 503//503
f 1055//1055 503//503 505//505
f 1055//1055 1054//1054 1053//1053
f 506//506 1055//1055 505//505
f 1058//1058 506//506 507//507
f 1058//1058 1057//1057 1056//1056
f 508//508 1058//1058 507//507
f 1060//1060 508//508 509//509
f 1061//1061 509//509 510//510
f 1062//1062 510//510 511//511
f 512//512 1062//1062 511//511
f 513//513 1063//1063 512//512
f 514//514 1064//1064 513//513
f 1066//1066 514//514 515//515
f 516//516 1066//1066 515//515
f 1068//1068 743//743 1053//1053
f 1054//1054 1068//1068 1053//1053
f 1070//1070 1054//1054 1056//1056
f 1057//1057 1070//1070 1056//1056
f 1072//1072 1057//1057 1059//1059
f 1074//1074 1059//1059 1060//1060
f 1074//1074 1073//1073 1072//1072
f 1061//1061 1074//1074 1060//1060
f 1076//1076 1061//1061 1062//1062
f 1077//1077 1062//1062 1063//1063
f 1078//1078 1063//1063 1064//1064
f 1079//1079 1064//1064 1065//1065
f 1080//1080 1065//1065 1066//1066
f 1081//1081 1066//1066 1067//1067
f 1082//1082 754//754 1068//1068
f 1082//1082 768//768 767//767
f 1069//1069 1082//1082 1068//1068
f 1085//1085 1069//1069 1070//1070
f 1085//1085 1084//1084 1083//1083
f 1071//1071 1085//1085 1070//1070
f 1087//1087 1071//1071 1072//1072
f 1073//1073 1087//1087 1072//1072
f 1089//1089 1073//1073 1075//1075
f 1076//1076 1089//1089 1075//1075
f 1091//1091 1076//1076 1077//1077
f 1092//1092 1077//1077 1078//1078
f 1093//1093 1078//1078 1079//1079
f 1094//1094 1079//1079 1080//1080
f 1095//1095 1080//1080 1081//1081
f 1096//1096 768//768 1083//1083
f 1096//1096 788//788 787//787
f 1084//1084 1096//1096 1083//1083
f 1098//1098 1084//1084 1086//1086
f 1100//1100 1086//1086 1087//1087
f 1100//1100 1099//1099 1098//1098
f 1088//1088 1100//1100 1087//1087
f 1102//1102 1088//1088 1089//1089
f 1103//1103 1089//1089 1090//1090
f 1105//1105 1090//1090 1091//1091
f 1105//1105 1104//1104 1103//1103
f 1092//1092 1105//1105 1091//1091
f 1093//1093 1106//1106 1092//1092
f 1109//1109 1093//1093 1094//1094
f 1109//1109 1108//1108 1107//1107
f 1095//1095 1109//1109 1094//1094
f 1111//1111 788//788 1097//1097
f 1111//1111 810//810 809//809
f 1113//1113 1097//1097 1098//1098
f 1113//1113 1112//1112 1111//1111
f 1099//1099 1113//1113 1098//1098
f 1115//1115 1099//1099 1101//1101
f 1102//1102 1115//1115 1101//1101
f 1118//1118 1102//1102 1103//1103
f 1118//1118 1117//1117 1116//1116
f 1104//1104 1118//1118 1103//1103
f 1120//1120 1104//1104 1106//1106
f 1107//1107 1120//1120 1106//1106
f 1108//1108 1121//1121 1107//1107
f 1123//1123 1108//1108 1110//1110
f 1125//1125 810//810 1112//1112
f 1125//1125 834//834 833//833
f 1127//1127 1112//1112 1114//1114
f 1128//1128 1125//1125 1127//1127
f 1115//1115 1127//1127 1114//1114
f 1130//1130 1127//1127 1129//1129
f 1131//1131 1115//1115 1116//1116
f 1131//1131 1130//1130 1129//1129
f 1117//1117 1131//1131 1116//1116
f 1133//1133 1117//1117 1119//1119
f 1120//1120 1133//1133 1119//1119
f 1136//1136 1120//1120 1121//1121
f 1136//1136 1135//1135 1134//1134
f 1122//1122 1136//1136 1121//1121
f 1139//1139 1122//1122 1123//1123
f 1139//1139 1138//1138 1137//1137
f 1124//1124 1139//1139 1123//1123
f 1142//1142 834//834 1126//1126
f 1143//1143 1126//1126 1128//1128
f 1144//1144 1128//1128 1130//1130
f 1132//1132 1144//1144 1130//1130
f 1133//1133 1145//1145 1132//1132
f 1147//1147 1146//1146 1145//1145
f 1149//1149 1133//1133 1134//1134
f 1149//1149 1148//1148 1147//1147
f 1135//1135 1149//1149 1134//1134
f 1152//1152 1135//1135 1137//1137
f 1152//1152 1151//1151 1150//1150
f 1138//1138 1152//1152 1137//1137
f 1155//1155 1138//1138 1140//1140
f 1155//1155 1154//1154 1153//1153
f 1141//1141 1155//1155 1140//1140
f 1142//1142 868//868 853//853
f 1158//1158 868//868 1157//1157
f 1159//1159 1142//1142 1143//1143
f 1160//1160 1157//1157 1159//1159
f 1161//1161 1143//1143 1144//1144
f 1162//1162 1159//1159 1161//1161
f 1163//1163 1144//1144 1145//1145
f 1163//1163 1162//1162 1161//1161
f 1146//1146 1163//1163 1145//1145
f 1165//1165 1146//1146 1148//1148
f 1167//1167 1148//1148 1150//1150
f 1167//1167 1166//1166 1165//1165
f 1151//1151 1167//1167 1150//1150
f 1170//1170 1151//1151 1153//1153
f 1170//1170 1169//1169 1168//1168
f 1154//1154 1170//1170 1153//1153
f 1172//1172 1154//1154 1156//1156
f 1173//1173 516//516 537//537
f 1174//1174 537//537 538//538
f 539//539 1174//1174 538//538
f 540//540 1175//1175 539//539
f 1173//1173 1081//1081 1067//1067
f 1179//1179 1173//1173 1174//1174
f 1179//1179 1178//1178 1177//1177
f 1175//1175 1179//1179 1174//1174
f 1181//1181 1175//1175 1176//1176
f 1182//1182 1081//1081 1177//1177
f 1178//1178 1182//1182 1177//1177
f 1184//1184 1178//1178 1180//1180
f 1181//1181 1184//1184 1180//1180
f 1186//1186 1095//1095 1182//1182
f 1183//1183 1186//1186 1182//1182
f 1189//1189 1183//1183 1184//1184
f 1189//1189 1188//1188 1187//1187
f 1185//1185 1189//1189 1184//1184
f 1191//1191 1110//1110 1186//1186
f 1191//1191 1124//1124 1123//1123
f 1187//1187 1191//1191 1186//1186
f 1188//1188 1192//1192 1187//1187
f 1194//1194 1188//1188 1190//1190
f 1195//1195 1124//1124 1192//1192
f 1195//1195 1141//1141 1140//1140
f 1193//1193 1195//1195 1192//1192
f 1197//1197 869//869 1158//1158
f 1160//1160 1197//1197 1158//1158
f 1200//1200 1160//1160 1162//1162
f 1200//1200 1199//1199 1198//1198
f 1202//1202 1162//1162 1164//1164
f 1202//1202 1201//1201 1200//1200
f 1205//1205 1164//1164 1165//1165
f 1205//1205 1203//1203 1202//1202
f 1166//1166 1205//1205 1165//1165
f 1206//1206 1204//1204 1203//1203
f 1208//1208 1166//1166 1168//1168
f 1208//1208 1207//1207 1206//1206
f 1169//1169 1208//1208 1168//1168
f 1210//1210 882//882 1197//1197
f 1211//1211 891//891 1210//1210
f 1212//1212 892//892 1211//1211
f 1213//1213 1197//1197 1198//1198
f 1213//1213 1211//1211 1210//1210
f 1199//1199 1213//1213 1198//1198
f 1215//1215 1211//1211 1214//1214
f 1216//1216 1199//1199 1201//1201
f 1216//1216 1215//1215 1214//1214
f 1218//1218 1201//1201 1203//1203
f 1218//1218 1217//1217 1216//1216
f 1204//1204 1218//1218 1203//1203
f 1220//1220 1204//1204 1207//1207
f 657//657 930//930 1221//1221
f 658//658 1221//1221 1222//1222
f 659//659 1222//1222 1223//1223
f 660//660 1223//1223 1224//1224
f 1225//1225 660//660 1224//1224
f 1227//1227 662//662 663//663
f 663//663 1225//1225 1227//1227
f 664//664 1226//1226 1228//1228
f 1230//1230 665//665 666//666
f 666//666 1228//1228 1230//1230
f 1231//1231 930//930 946//946
f 1222//1222 1231//1231 1232//1232
f 1223//1223 1232//1232 1233//1233
f 1224//1224 1233//1233 1234//1234
f 1225//1225 1234//1234 1235//1235
f 1227//1227 1236//1236 1226//1226
f 1237//1237 1225//1225 1235//1235
f 1238//1238 1226//1226 1236//1236
f 1230//1230 1239//1239 1229//1229
f 1240//1240 1228//1228 1238//1238
f 1231//1231 956//956 1241//1241
f 1232//1232 1241//1241 1242//1242
f 1233//1233 1242//1242 1243//1243
f 1234//1234 1243//1243 1244//1244
f 1235//1235 1244//1244 1245//1245
f 1237//1237 1246//1246 1236//1236
f 1247//1247 1235//1235 1245//1245
f 1248//1248 1236//1236 1246//1246
f 1240//1240 1249//1249 1239//1239
f 1250//1250 1238//1238 1248//1248
f 1241//1241 968//968 1251//1251
f 1242//1242 1251//1251 1252//1252
f 1243//1243 1252//1252 1253//1253
f 1244//1244 1253//1253 1254//1254
f 1256//1256 1244//1244 1254//1254
f 1258//1258 1255//1255 1257//1257
f 1258//1258 1246//1246 1247//1247
f 1258//1258 1245//1245 1256//1256
f 1248//1248 1257//1257 1260//1260
f 1262//1262 1259//1259 1261//1261
f 1262//1262 1249//1249 1250//1250
f 1262//1262 1248//1248 1260//1260
f 1251//1251 980//980 1263//1263
f 1252//1252 1263//1263 1264//1264
f 1253//1253 1264//1264 1265//1265
f 1267//1267 1253//1253 1265//1265
f 1269//1269 1266//1266 1268//1268
f 1269//1269 1255//1255 1256//1256
f 1269//1269 1254//1254 1267//1267
f 1270//1270 1255//1255 1268//1268
f 1272//1272 1259//1259 1260//1260
f 1260//1260 1270//1270 1272//1272
f 1274//1274 1259//1259 1271//1271
f 1276//1276 996//996 1275//1275
f 1263//1263 997//997 1276//1276
f 1277//1277 1276//1276 1275//1275
f 1278//1278 1263//1263 1276//1276
f 1279//1279 1278//1278 1277//1277
f 1280//1280 1264//1264 1278//1278
f 1282//1282 1279//1279 1281//1281
f 1282//1282 1266//1266 1267//1267
f 1282//1282 1265//1265 1280//1280
f 1283//1283 1266//1266 1281//1281
f 1270//1270 1283//1283 1285//1285
f 1288//1288 1284//1284 1287//1287
f 1288//1288 1271//1271 1272//1272
f 1288//1288 1270//1270 1285//1285
f 1291//1291 1286//1286 1290//1290
f 1291//1291 1273//1273 1274//1274
f 1291//1291 1271//1271 1287//1287
f 1292//1292 996//996 1012//1012
f 1293//1293 1275//1275 1292//1292
f 1294//1294 1277//1277 1293//1293
f 1281//1281 1294//1294 1296//1296
f 1298//1298 1295//1295 1297//1297
f 1283//1283 1296//1296 1298//1298
f 1301//1301 1297//1297 1300//1300
f 1301//1301 1284//1284 1285//1285
f 1301//1301 1283//1283 1298//1298
f 1304//1304 1299//1299 1303//1303
f 1304//1304 1286//1286 1287//1287
f 1304//1304 1284//1284 1300//1300
f 1289//1289 1156//1156 1141//1141
f 1306//1306 1302//1302 1305//1305
f 1306//1306 1289//1289 1290//1290
f 1306//1306 1286//1286 1303//1303
f 1308//1308 1027//1027 1307//1307
f 1308//1308 1012//1012 1028//1028
f 1309//1309 1308//1308 1307//1307
f 1310//1310 1292//1292 1308//1308
f 1311//1311 1310//1310 1309//1309
f 1312//1312 1293//1293 1310//1310
f 1314//1314 1311//1311 1313//1313
f 1314//1314 1295//1295 1296//1296
f 1314//1314 1294//1294 1312//1312
f 1316//1316 1295//1295 1313//1313
f 1319//1319 1315//1315 1318//1318
f 1319//1319 1299//1299 1300//1300
f 1319//1319 1297//1297 1316//1316
f 1171//1171 1317//1317 1169//1169
f 1321//1321 1317//1317 1320//1320
f 1321//1321 1302//1302 1303//1303
f 1321//1321 1299//1299 1318//1318
f 1172//1172 1320//1320 1171//1171
f 1305//1305 1172//1172 1156//1156
f 1322//1322 1302//1302 1320//1320
f 1323//1323 665//665 1229//1229
f 1324//1324 540//540 688//688
f 1325//1325 688//688 689//689
f 1326//1326 689//689 690//690
f 1326//1326 687//687 1323//1323
f 1323//1323 1239//1239 1328//1328
f 1329//1329 1176//1176 1324//1324
f 1325//1325 1329//1329 1324//1324
f 1331//1331 1327//1327 1330//1330
f 1331//1331 1325//1325 1326//1326
f 1331//1331 1323//1323 1328//1328
f 1333//1333 1327//1327 1328//1328
f 1333//1333 1239//1239 1249//1249
f 1334//1334 1181//1181 1329//1329
f 1335//1335 1329//1329 1330//1330
f 1335//1335 1327//1327 1332//1332
f 1338//1338 1332//1332 1333//1333
f 1338//1338 1249//1249 1261//1261
f 1334//1334 1190//1190 1185//1185
f 1340//1340 1336//1336 1339//1339
f 1340//1340 1334//1334 1335//1335
f 1340//1340 1332//1332 1337//1337
f 1342//1342 1336//1336 1337//1337
f 1343//1343 1273//1273 1342//1342
f 1343//1343 1337//1337 1338//1338
f 1343//1343 1261//1261 1274//1274
f 1194//1194 1341//1341 1193//1193
f 1339//1339 1194//1194 1190//1190
f 1344//1344 1336//1336 1341//1341
f 1345//1345 1141//1141 1196//1196
f 1345//1345 1193//1193 1341//1341
f 1346//1346 1289//1289 1345//1345
f 1346//1346 1341//1341 1342//1342
f 1346//1346 1273//1273 1290//1290
f 1307//1307 1041//1041 1347//1347
f 1309//1309 1347//1347 1349//1349
f 1351//1351 1348//1348 1350//1350
f 1351//1351 1309//1309 1349//1349
f 1354//1354 1350//1350 1353//1353
f 1354//1354 1311//1311 1351//1351
f 1356//1356 1352//1352 1355//1355
f 1357//1357 1353//1353 1356//1356
f 1357//1357 1315//1315 1316//1316
f 1357//1357 1313//1313 1354//1354
f 1358//1358 1207//1207 1209//1209
f 1358//1358 1169//1169 1317//1317
f 1359//1359 1355//1355 1358//1358
f 1359//1359 1317//1317 1318//1318
f 1359//1359 1315//1315 1356//1356
f 1360//1360 893//893 1212//1212
f 1361//1361 1050//1050 1360//1360
f 1362//1362 1051//1051 1361//1361
f 1347//1347 1052//1052 1362//1362
f 1363//1363 1212//1212 1215//1215
f 1363//1363 1361//1361 1360//1360
f 1365//1365 1361//1361 1364//1364
f 1365//1365 1348//1348 1349//1349
f 1365//1365 1347//1347 1362//1362
f 1366//1366 1215//1215 1217//1217
f 1367//1367 1363//1363 1366//1366
f 1367//1367 1348//1348 1364//1364
f 1219//1219 1366//1366 1217//1217
f 1369//1369 1366//1366 1368//1368
f 1369//1369 1352//1352 1353//1353
f 1369//1369 1350//1350 1367//1367
f 1220//1220 1368//1368 1219//1219
f 1355//1355 1220//1220 1207//1207
f 1370//1370 1352//1352 1368//1368
f 5//5 4//4 2//2
f 8//8 7//7 4//4
f 10//10 9//9 6//6
f 10//10 7//7 8//8
f 16//16 15//15 12//12
f 18//18 17//17 14//14
f 19//19 18//18 15//15
f 19//19 3//3 2//2
f 19//19 16//16 1//1
f 21//21 20//20 17//17
f 21//21 18//18 2//2
f 23//23 22//22 20//20
f 23//23 7//7 6//6
f 23//23 21//21 4//4
f 24//24 22//22 6//6
f 31//31 26//26 25//25
f 36//36 29//29 28//28
f 37//37 30//30 29//29
f 38//38 37//37 32//32
f 38//38 31//31 30//30
f 38//38 33//33 27//27
f 42//42 33//33 32//32
f 45//45 35//35 34//34
f 46//46 45//45 39//39
f 46//46 36//36 35//35
f 47//47 46//46 40//40
f 47//47 37//37 36//36
f 47//47 41//41 32//32
f 50//50 40//40 39//39
f 51//51 41//41 40//40
f 42//42 41//41 51//51
f 54//54 44//44 43//43
f 55//55 54//54 48//48
f 55//55 45//45 44//44
f 55//55 49//49 39//39
f 57//57 49//49 48//48
f 50//50 49//49 57//57
f 51//51 50//50 58//58
f 52//52 51//51 59//59
f 62//62 54//54 53//53
f 62//62 56//56 48//48
f 67//67 66//66 63//63
f 70//70 69//69 65//65
f 71//71 70//70 66//66
f 68//68 72//72 71//71
f 78//78 77//77 74//74
f 78//78 13//13 12//12
f 81//81 80//80 76//76
f 81//81 15//15 14//14
f 81//81 77//77 12//12
f 83//83 82//82 79//79
f 83//83 80//80 14//14
f 84//84 82//82 83//83
f 85//85 83//83 17//17
f 86//86 84//84 85//85
f 87//87 85//85 20//20
f 88//88 86//86 87//87
f 24//24 89//89 87//87
f 95//95 94//94 90//90
f 95//95 75//75 74//74
f 95//95 91//91 73//73
f 98//98 97//97 92//92
f 99//99 98//98 93//93
f 99//99 77//77 76//76
f 99//99 94//94 74//74
f 101//101 100//100 96//96
f 102//102 101//101 97//97
f 102//102 80//80 79//79
f 102//102 98//98 76//76
f 105//105 104//104 100//100
f 105//105 101//101 79//79
f 107//107 106//106 103//103
f 108//108 107//107 104//104
f 84//84 108//108 105//105
f 109//109 107//107 108//108
f 110//110 108//108 84//84
f 111//111 109//109 110//110
f 112//112 110//110 86//86
f 116//116 115//115 25//25
f 116//116 91//91 90//90
f 120//120 119//119 113//113
f 120//120 93//93 92//92
f 121//121 120//120 114//114
f 121//121 94//94 93//93
f 121//121 115//115 90//90
f 123//123 122//122 117//117
f 124//124 123//123 118//118
f 124//124 97//97 96//96
f 124//124 119//119 92//92
f 127//127 126//126 122//122
f 127//127 123//123 96//96
f 129//129 128//128 125//125
f 130//130 129//129 126//126
f 130//130 104//104 103//103
f 130//130 127//127 100//100
f 131//131 128//128 129//129
f 132//132 129//129 103//103
f 133//133 132//132 106//106
f 134//134 131//131 132//132
f 135//135 132//132 133//133
f 109//109 136//136 133//133
f 137//137 135//135 136//136
f 138//138 136//136 109//109
f 142//142 141//141 28//28
f 142//142 114//114 113//113
f 143//143 142//142 29//29
f 143//143 115//115 114//114
f 143//143 30//30 25//25
f 146//146 145//145 139//139
f 146//146 118//118 117//117
f 147//147 146//146 140//140
f 147//147 119//119 118//118
f 147//147 141//141 113//113
f 149//149 148//148 144//144
f 149//149 145//145 117//117
f 152//152 151//151 148//148
f 152//152 126//126 125//125
f 152//152 149//149 122//122
f 154//154 153//153 150//150
f 154//154 151//151 125//125
f 155//155 153//153 154//154
f 156//156 154//154 128//128
f 157//157 155//155 156//156
f 134//134 158//158 156//156
f 159//159 158//158 134//134
f 160//160 158//158 159//159
f 137//137 161//161 159//159
f 164//164 140//140 139//139
f 165//165 164//164 34//34
f 165//165 141//141 140//140
f 165//165 35//35 28//28
f 167//167 166//166 162//162
f 167//167 145//145 144//144
f 167//167 163//163 139//139
f 169//169 166//166 144//144
f 171//171 170//170 168//168
f 171//171 151//151 150//150
f 171//171 169//169 148//148
f 172//172 170//170 150//150
f 155//155 173//173 172//172
f 157//157 174//174 173//173
f 175//175 174//174 157//157
f 176//176 174//174 175//175
f 160//160 177//177 175//175
f 179//179 163//163 162//162
f 180//180 179//179 43//43
f 180//180 164//164 163//163
f 180//180 44//44 34//34
f 182//182 178//178 162//162
f 184//184 183//183 181//181
f 184//184 169//169 168//168
f 184//184 182//182 166//166
f 185//185 183//183 168//168
f 172//172 186//186 185//185
f 187//187 64//64 63//63
f 173//173 187//187 186//186
f 188//188 187//187 173//173
f 176//176 189//189 188//188
f 190//190 189//189 176//176
f 192//192 179//179 178//178
f 192//192 53//53 43//43
f 194//194 182//182 181//181
f 194//194 191//191 178//178
f 195//195 193//193 181//181
f 185//185 196//196 195//195
f 197//197 66//66 65//65
f 197//197 186//186 63//63
f 197//197 196//196 185//185
f 198//198 67//67 64//64
f 68//68 67//67 198//198
f 188//188 199//199 198//198
f 200//200 199//199 188//188
f 192//192 191//191 201//201
f 192//192 202//202 61//61
f 194//194 193//193 203//203
f 204//204 201//201 191//191
f 205//205 203//203 193//193
f 206//206 196//196 65//65
f 206//206 205//205 195//195
f 207//207 72//72 68//68
f 200//200 208//208 207//207
f 210//210 3//3 1//1
f 212//212 5//5 3//3
f 212//212 210//210 211//211
f 8//8 5//5 212//212
f 214//214 212//212 213//213
f 11//11 8//8 214//214
f 218//218 217//217 214//214
f 218//218 215//215 216//216
f 16//16 13//13 220//220
f 222//222 209//209 1//1
f 222//222 220//220 221//221
f 225//225 210//210 209//209
f 225//225 222//222 223//223
f 211//211 210//210 225//225
f 226//226 223//223 224//224
f 228//228 213//213 211//211
f 228//228 226//226 227//227
f 230//230 215//215 213//213
f 230//230 228//228 229//229
f 216//216 215//215 230//230
f 232//232 219//219 216//216
f 31//31 27//27 235//235
f 236//236 233//233 26//26
f 234//234 233//233 236//236
f 235//235 27//27 33//33
f 241//241 236//236 235//235
f 241//241 239//239 240//240
f 237//237 236//236 241//241
f 238//238 237//237 242//242
f 244//244 239//239 33//33
f 240//240 239//239 244//244
f 246//246 242//242 240//240
f 243//243 242//242 246//246
f 248//248 244//244 42//42
f 245//245 244//244 248//248
f 251//251 246//246 245//245
f 251//251 249//249 250//250
f 247//247 246//246 251//251
f 253//253 248//248 52//52
f 254//254 249//249 248//248
f 250//250 249//249 254//254
f 256//256 252//252 250//250
f 259//259 75//75 73//73
f 261//261 78//78 75//75
f 220//220 13//13 78//78
f 261//261 259//259 260//260
f 221//221 220//220 261//261
f 264//264 223//223 221//221
f 264//264 262//262 263//263
f 224//224 223//223 264//264
f 266//266 227//227 224//224
f 268//268 229//229 227//227
f 268//268 266//266 267//267
f 270//270 231//231 229//229
f 271//271 270//270 268//268
f 232//232 231//231 270//270
f 273//273 272//272 270//270
f 274//274 258//258 73//73
f 276//276 259//259 258//258
f 276//276 274//274 275//275
f 260//260 259//259 276//276
f 279//279 262//262 260//260
f 279//279 277//277 278//278
f 263//263 262//262 279//279
f 282//282 265//265 263//263
f 282//282 280//280 281//281
f 284//284 266//266 265//265
f 284//284 282//282 283//283
f 267//267 266//266 284//284
f 286//286 269//269 267//267
f 287//287 271//271 269//269
f 288//288 273//273 271//271
f 116//116 26//26 233//233
f 289//289 274//274 91//91
f 289//289 233//233 234//234
f 275//275 274//274 289//289
f 292//292 277//277 275//275
f 292//292 290//290 291//291
f 278//278 277//277 292//292
f 295//295 280//280 278//278
f 295//295 293//293 294//294
f 281//281 280//280 295//295
f 297//297 283//283 281//281
f 285//285 283//283 297//297
f 286//286 285//285 298//298
f 300//300 298//298 299//299
f 302//302 287//287 286//286
f 303//303 302//302 300//300
f 304//304 288//288 287//287
f 305//305 304//304 302//302
f 306//306 290//290 234//234
f 306//306 237//237 238//238
f 291//291 290//290 306//306
f 308//308 293//293 291//291
f 294//294 293//293 308//308
f 310//310 296//296 294//294
f 297//297 296//296 310//310
f 313//313 298//298 297//297
f 313//313 311//311 312//312
f 299//299 298//298 313//313
f 315//315 301//301 299//299
f 316//316 303//303 301//301
f 317//317 305//305 303//303
f 318//318 307//307 238//238
f 320//320 308//308 307//307
f 320//320 318//318 319//319
f 309//309 308//308 320//320
f 322//322 310//310 309//309
f 324//324 311//311 310//310
f 324//324 322//322 323//323
f 312//312 311//311 324//324
f 326//326 314//314 312//312
f 327//327 315//315 314//314
f 316//316 315//315 327//327
f 317//317 316//316 328//328
f 330//330 318//318 243//243
f 319//319 318//318 330//330
f 332//332 321//321 319//319
f 334//334 322//322 321//321
f 334//334 332//332 333//333
f 323//323 322//322 334//334
f 336//336 325//325 323//323
f 326//326 325//325 336//336
f 327//327 326//326 337//337
f 339//339 337//337 338//338
f 328//328 327//327 339//339
f 329//329 328//328 341//341
f 343//343 330//330 247//247
f 344//344 331//331 330//330
f 345//345 332//332 331//331
f 333//333 332//332 345//345
f 347//347 335//335 333//333
f 336//336 335//335 347//347
f 350//350 337//337 336//336
f 350//350 348//348 349//349
f 338//338 337//337 350//350
f 340//340 353//353 352//352
f 353//353 340//340 338//338
f 341//341 339//339 352//352
f 355//355 354//354 352//352
f 342//342 341//341 354//354
f 357//357 343//343 252//252
f 357//357 256//256 257//257
f 344//344 343//343 357//357
f 359//359 345//345 344//344
f 360//360 346//346 345//345
f 347//347 346//346 360//360
f 362//362 348//348 347//347
f 349//349 348//348 362//362
f 364//364 351//351 349//349
f 365//365 353//353 351//351
f 355//355 367//367 366//366
f 355//355 353//353 365//365
f 356//356 354//354 366//366
f 369//369 368//368 366//366
f 370//370 9//9 10//10
f 371//371 10//10 11//11
f 373//373 370//370 371//371
f 375//375 374//374 371//371
f 376//376 374//374 375//375
f 378//378 376//376 377//377
f 381//381 24//24 9//9
f 373//373 382//382 381//381
f 383//383 382//382 373//373
f 384//384 382//382 383//383
f 376//376 385//385 383//383
f 386//386 384//384 385//385
f 378//378 387//387 385//385
f 388//388 387//387 378//378
f 389//389 386//386 387//387
f 390//390 387//387 388//388
f 380//380 391//391 388//388
f 392//392 390//390 391//391
f 394//394 88//88 89//89
f 395//395 89//89 24//24
f 397//397 396//396 394//394
f 397//397 395//395 381//381
f 399//399 398//398 396//396
f 384//384 399//399 397//397
f 400//400 398//398 399//399
f 386//386 401//401 399//399
f 389//389 402//402 401//401
f 403//403 402//402 389//389
f 404//404 402//402 403//403
f 392//392 405//405 403//403
f 406//406 405//405 392//392
f 407//407 405//405 406//406
f 410//410 111//111 112//112
f 394//394 411//411 112//112
f 396//396 412//412 411//411
f 398//398 413//413 412//412
f 400//400 414//414 413//413
f 415//415 414//414 400//400
f 416//416 414//414 415//415
f 402//402 417//417 415//415
f 418//418 416//416 417//417
f 404//404 419//419 417//417
f 420//420 419//419 404//404
f 421//421 419//419 420//420
f 407//407 422//422 420//420
f 423//423 422//422 407//407
f 424//424 422//422 423//423
f 409//409 425//425 423//423
f 426//426 137//137 138//138
f 410//410 427//427 138//138
f 428//428 427//427 410//410
f 429//429 427//427 428//428
f 412//412 430//430 428//428
f 432//432 431//431 429//429
f 413//413 432//432 430//430
f 433//433 431//431 432//432
f 434//434 432//432 413//413
f 435//435 434//434 414//414
f 418//418 436//436 435//435
f 437//437 436//436 418//418
f 438//438 436//436 437//437
f 421//421 439//439 437//437
f 440//440 439//439 421//421
f 441//441 439//439 440//440
f 424//424 442//442 440//440
f 443//443 442//442 424//424
f 444//444 160//160 161//161
f 426//426 445//445 161//161
f 446//446 445//445 426//426
f 447//447 445//445 446//446
f 429//429 448//448 446//446
f 449//449 448//448 429//429
f 433//433 450//450 449//449
f 451//451 450//450 433//433
f 452//452 450//450 451//451
f 435//435 453//453 451//451
f 454//454 453//453 435//435
f 438//438 455//455 454//454
f 456//456 455//455 438//438
f 441//441 457//457 456//456
f 458//458 457//457 441//441
f 444//444 459//459 177//177
f 460//460 459//459 444//444
f 461//461 459//459 460//460
f 447//447 462//462 460//460
f 463//463 462//462 447//447
f 464//464 462//462 463//463
f 449//449 465//465 463//463
f 466//466 465//465 449//449
f 452//452 467//467 466//466
f 468//468 467//467 452//452
f 469//469 467//467 468//468
f 454//454 470//470 468//468
f 471//471 470//470 454//454
f 472//472 471//471 455//455
f 473//473 471//471 472//472
f 457//457 474//474 472//472
f 475//475 189//189 190//190
f 459//459 476//476 190//190
f 461//461 477//477 476//476
f 478//478 477//477 461//461
f 464//464 479//479 478//478
f 480//480 479//479 464//464
f 466//466 481//481 480//480
f 482//482 481//481 466//466
f 469//469 483//483 482//482
f 484//484 483//483 469//469
f 485//485 484//484 470//470
f 473//473 486//486 485//485
f 487//487 486//486 473//473
f 475//475 488//488 200//200
f 489//489 488//488 475//475
f 477//477 490//490 489//489
f 491//491 490//490 477//477
f 492//492 490//490 491//491
f 479//479 493//493 491//491
f 494//494 493//493 479//479
f 495//495 493//493 494//494
f 481//481 496//496 494//494
f 497//497 496//496 481//481
f 483//483 498//498 497//497
f 484//484 499//499 498//498
f 485//485 500//500 499//499
f 486//486 501//501 500//500
f 487//487 502//502 501//501
f 488//488 503//503 208//208
f 504//504 503//503 488//488
f 505//505 503//503 504//504
f 490//490 506//506 504//504
f 492//492 507//507 506//506
f 508//508 507//507 492//492
f 495//495 509//509 508//508
f 510//510 509//509 495//495
f 497//497 511//511 510//510
f 498//498 512//512 511//511
f 499//499 513//513 512//512
f 500//500 514//514 513//513
f 501//501 515//515 514//514
f 502//502 516//516 515//515
f 517//517 442//442 443//443
f 519//519 457//457 458//458
f 517//517 520//520 458//458
f 521//521 520//520 517//517
f 519//519 523//523 474//474
f 524//524 523//523 519//519
f 525//525 524//524 520//520
f 526//526 524//524 525//525
f 522//522 527//527 525//525
f 523//523 528//528 487//487
f 529//529 528//528 523//523
f 526//526 530//530 529//529
f 531//531 530//530 526//526
f 528//528 532//532 502//502
f 533//533 532//532 528//528
f 534//534 532//532 533//533
f 530//530 535//535 533//533
f 536//536 535//535 530//530
f 537//537 516//516 502//502
f 534//534 538//538 537//537
f 539//539 538//538 534//534
f 536//536 540//540 539//539
f 372//372 11//11 217//217
f 541//541 217//217 218//218
f 543//543 542//542 218//218
f 544//544 375//375 372//372
f 544//544 541//541 542//542
f 546//546 545//545 542//542
f 547//547 377//377 375//375
f 548//548 547//547 544//544
f 379//379 377//377 547//547
f 550//550 549//549 547//547
f 380//380 379//379 549//549
f 552//552 543//543 219//219
f 546//546 554//554 553//553
f 546//546 543//543 552//552
f 548//548 545//545 553//553
f 556//556 555//555 553//553
f 550//550 558//558 557//557
f 550//550 548//548 555//555
f 559//559 558//558 555//555
f 560//560 391//391 380//380
f 551//551 549//549 557//557
f 561//561 560//560 557//557
f 562//562 561//561 558//558
f 563//563 393//393 391//391
f 564//564 563//563 560//560
f 552//552 232//232 272//272
f 565//565 272//272 273//273
f 567//567 554//554 552//552
f 567//567 565//565 566//566
f 556//556 554//554 567//567
f 569//569 567//567 568//568
f 559//559 556//556 569//569
f 572//572 571//571 569//569
f 562//562 574//574 573//573
f 562//562 559//559 571//571
f 563//563 575//575 406//406
f 564//564 576//576 575//575
f 564//564 561//561 573//573
f 577//577 576//576 573//573
f 408//408 406//406 575//575
f 579//579 578//578 575//575
f 409//409 408//408 578//578
f 581//581 566//566 273//273
f 568//568 566//566 581//581
f 570//570 568//568 582//582
f 572//572 585//585 584//584
f 572//572 570//570 583//583
f 574//574 571//571 584//584
f 587//587 586//586 584//584
f 577//577 589//589 588//588
f 577//577 574//574 586//586
f 590//590 589//589 586//586
f 579//579 592//592 591//591
f 579//579 576//576 588//588
f 593//593 592//592 588//588
f 594//594 425//425 409//409
f 580//580 578//578 591//591
f 595//595 594//594 591//591
f 596//596 581//581 288//288
f 596//596 304//304 305//305
f 582//582 581//581 596//596
f 598//598 596//596 597//597
f 583//583 582//582 598//598
f 600//600 598//598 599//599
f 602//602 585//585 583//583
f 603//603 602//602 600//600
f 604//604 587//587 585//585
f 590//590 606//606 605//605
f 590//590 587//587 604//604
f 593//593 608//608 607//607
f 593//593 589//589 605//605
f 609//609 608//608 605//605
f 610//610 443//443 425//425
f 595//595 611//611 610//610
f 595//595 592//592 607//607
f 612//612 611//611 607//607
f 597//597 305//305 317//317
f 599//599 597//597 613//613
f 601//601 599//599 614//614
f 603//603 617//617 616//616
f 603//603 601//601 615//615
f 604//604 602//602 616//616
f 619//619 618//618 616//616
f 620//620 606//606 604//604
f 609//609 622//622 621//621
f 609//609 606//606 620//620
f 612//612 624//624 623//623
f 612//612 608//608 621//621
f 613//613 317//317 329//329
f 626//626 614//614 613//613
f 627//627 615//615 614//614
f 617//617 615//615 627//627
f 619//619 630//630 629//629
f 619//619 617//617 628//628
f 620//620 618//618 629//629
f 632//632 631//631 629//629
f 622//622 634//634 633//633
f 634//634 622//622 620//620
f 624//624 621//621 633//633
f 636//636 635//635 633//633
f 637//637 625//625 329//329
f 638//638 626//626 625//625
f 639//639 627//627 626//626
f 640//640 628//628 627//627
f 630//630 628//628 640//640
f 632//632 643//643 642//642
f 632//632 630//630 641//641
f 644//644 634//634 631//631
f 636//636 646//646 645//645
f 636//636 634//634 644//644
f 647//647 637//637 342//342
f 648//648 638//638 637//637
f 649//649 639//639 638//638
f 650//650 640//640 639//639
f 651//651 641//641 640//640
f 653//653 652//652 642//642
f 643//643 641//641 651//651
f 644//644 642//642 652//652
f 656//656 655//655 645//645
f 646//646 644//644 654//654
f 647//647 356//356 368//368
f 658//658 648//648 647//647
f 659//659 649//649 648//648
f 660//660 650//650 649//649
f 661//661 651//651 650//650
f 663//663 662//662 652//652
f 653//653 651//651 661//661
f 654//654 652//652 662//662
f 666//666 665//665 655//655
f 656//656 654//654 664//664
f 667//667 518//518 443//443
f 668//668 667//667 610//610
f 667//667 669//669 521//521
f 668//668 670//670 669//669
f 668//668 611//611 623//623
f 671//671 670//670 623//623
f 522//522 521//521 669//669
f 670//670 674//674 673//673
f 671//671 675//675 674//674
f 671//671 624//624 635//635
f 676//676 527//527 522//522
f 672//672 669//669 673//673
f 677//677 676//676 673//673
f 675//675 679//679 678//678
f 675//675 635//635 645//645
f 680//680 531//531 527//527
f 677//677 681//681 680//680
f 677//677 674//674 678//678
f 679//679 683//683 682//682
f 679//679 645//645 655//655
f 680//680 684//684 536//536
f 681//681 685//685 684//684
f 681//681 678//678 682//682
f 686//686 685//685 682//682
f 687//687 683//683 655//655
f 684//684 688//688 540//540
f 689//689 688//688 684//684
f 686//686 690//690 689//689
f 686//686 683//683 687//687
f 57//57 56//56 691//691
f 693//693 58//58 57//57
f 694//694 59//59 58//58
f 695//695 60//60 59//59
f 62//62 61//61 696//696
f 62//62 697//697 691//691
f 698//698 692//692 691//691
f 693//693 692//692 699//699
f 701//701 694//694 693//693
f 702//702 695//695 694//694
f 704//704 697//697 696//696
f 698//698 697//697 704//704
f 698//698 705//705 699//699
f 706//706 700//700 699//699
f 701//701 700//700 707//707
f 709//709 702//702 701//701
f 704//704 703//703 710//710
f 712//712 705//705 704//704
f 706//706 705//705 712//712
f 706//706 713//713 707//707
f 714//714 708//708 707//707
f 709//709 708//708 715//715
f 712//712 711//711 717//717
f 713//713 712//712 718//718
f 714//714 713//713 719//719
f 714//714 720//720 715//715
f 721//721 716//716 715//715
f 720//720 719//719 723//723
f 721//721 720//720 724//724
f 721//721 725//725 722//722
f 725//725 724//724 726//726
f 70//70 729//729 728//728
f 730//730 729//729 70//70
f 731//731 730//730 71//71
f 729//729 733//733 732//732
f 730//730 734//734 733//733
f 735//735 734//734 730//730
f 202//202 201//201 736//736
f 737//737 696//696 61//61
f 739//739 204//204 203//203
f 204//204 739//739 736//736
f 205//205 740//740 738//738
f 741//741 206//206 69//69
f 206//206 741//741 740//740
f 742//742 731//731 72//72
f 743//743 742//742 207//207
f 737//737 736//736 744//744
f 745//745 703//703 696//696
f 739//739 738//738 746//746
f 739//739 747//747 744//744
f 740//740 748//748 746//746
f 749//749 747//747 746//746
f 741//741 728//728 732//732
f 750//750 748//748 740//740
f 751//751 750//750 732//732
f 734//734 752//752 751//751
f 735//735 753//753 752//752
f 742//742 753//753 735//735
f 754//754 753//753 742//742
f 745//745 744//744 755//755
f 745//745 756//756 710//710
f 757//757 711//711 710//710
f 747//747 758//758 755//755
f 759//759 756//756 755//755
f 749//749 748//748 760//760
f 749//749 761//761 758//758
f 750//750 762//762 760//760
f 763//763 761//761 760//760
f 764//764 762//762 750//750
f 765//765 764//764 751//751
f 766//766 765//765 752//752
f 754//754 767//767 766//766
f 757//757 756//756 769//769
f 757//757 770//770 717//717
f 771//771 718//718 717//717
f 772//772 719//719 718//718
f 759//759 758//758 773//773
f 759//759 774//774 769//769
f 775//775 770//770 769//769
f 761//761 776//776 773//773
f 777//777 774//774 773//773
f 763//763 762//762 778//778
f 763//763 779//779 776//776
f 764//764 780//780 778//778
f 781//781 779//779 778//778
f 782//782 780//780 764//764
f 782//782 783//783 781//781
f 784//784 782//782 765//765
f 785//785 783//783 782//782
f 786//786 784//784 766//766
f 786//786 787//787 785//785
f 768//768 787//787 786//786
f 771//771 770//770 789//789
f 772//772 771//771 790//790
f 772//772 791//791 723//723
f 792//792 724//724 723//723
f 775//775 774//774 793//793
f 775//775 794//794 789//789
f 795//795 790//790 789//789
f 796//796 791//791 790//790
f 777//777 776//776 797//797
f 777//777 798//798 793//793
f 799//799 794//794 793//793
f 779//779 800//800 797//797
f 801//801 798//798 797//797
f 781//781 802//802 800//800
f 803//803 801//801 800//800
f 783//783 804//804 802//802
f 805//805 803//803 802//802
f 806//806 804//804 783//783
f 806//806 807//807 805//805
f 808//808 806//806 785//785
f 808//808 809//809 807//807
f 788//788 809//809 808//808
f 792//792 791//791 811//811
f 792//792 812//812 726//726
f 813//813 727//727 726//726
f 795//795 794//794 814//814
f 796//796 795//795 815//815
f 796//796 816//816 811//811
f 817//817 812//812 811//811
f 799//799 798//798 818//818
f 799//799 819//819 814//814
f 820//820 815//815 814//814
f 821//821 816//816 815//815
f 801//801 822//822 818//818
f 823//823 819//819 818//818
f 824//824 820//820 819//819
f 825//825 822//822 801//801
f 825//825 826//826 823//823
f 827//827 824//824 823//823
f 828//828 825//825 803//803
f 829//829 826//826 825//825
f 807//807 830//830 828//828
f 831//831 829//829 828//828
f 832//832 830//830 807//807
f 832//832 833//833 831//831
f 810//810 833//833 832//832
f 813//813 812//812 835//835
f 817//817 816//816 837//837
f 817//817 838//838 835//835
f 839//839 836//836 835//835
f 821//821 820//820 840//840
f 821//821 841//841 837//837
f 842//842 838//838 837//837
f 824//824 843//843 840//840
f 844//844 841//841 840//840
f 827//827 826//826 845//845
f 827//827 846//846 843//843
f 847//847 844//844 843//843
f 829//829 848//848 845//845
f 849//849 846//846 845//845
f 850//850 848//848 829//829
f 851//851 849//849 848//848
f 852//852 850//850 831//831
f 852//852 853//853 851//851
f 834//834 853//853 852//852
f 839//839 838//838 855//855
f 839//839 856//856 854//854
f 842//842 841//841 857//857
f 842//842 858//858 855//855
f 859//859 856//856 855//855
f 844//844 860//860 857//857
f 861//861 858//858 857//857
f 847//847 846//846 862//862
f 847//847 863//863 860//860
f 849//849 864//864 862//862
f 865//865 863//863 862//862
f 851//851 866//866 864//864
f 866//866 867//867 865//865
f 868//868 866//866 851//851
f 868//868 869//869 867//867
f 859//859 858//858 870//870
f 861//861 860//860 872//872
f 861//861 873//873 870//870
f 874//874 871//871 870//870
f 863//863 875//875 872//872
f 876//876 873//873 872//872
f 877//877 874//874 873//873
f 865//865 878//878 875//875
f 879//879 876//876 875//875
f 867//867 880//880 878//878
f 881//881 879//879 878//878
f 882//882 880//880 867//867
f 877//877 876//876 884//884
f 877//877 885//885 883//883
f 879//879 886//886 884//884
f 887//887 885//885 884//884
f 881//881 880//880 888//888
f 881//881 889//889 886//886
f 890//890 887//887 886//886
f 882//882 891//891 888//888
f 892//892 889//889 888//888
f 892//892 893//893 890//890
f 253//253 60//60 695//695
f 895//895 254//254 253//253
f 255//255 254//254 895//895
f 897//897 256//256 255//255
f 898//898 257//257 256//256
f 894//894 695//695 702//702
f 895//895 894//894 899//899
f 901//901 896//896 895//895
f 902//902 903//903 901//901
f 897//897 896//896 901//901
f 899//899 702//702 709//709
f 905//905 900//900 899//899
f 902//902 900//900 905//905
f 907//907 903//903 902//902
f 904//904 709//709 716//716
f 909//909 905//905 904//904
f 910//910 911//911 909//909
f 906//906 905//905 909//909
f 912//912 907//907 906//906
f 908//908 716//716 722//722
f 914//914 913//913 722//722
f 910//910 908//908 913//913
f 915//915 911//911 910//910
f 916//916 912//912 911//911
f 917//917 914//914 725//725
f 918//918 915//915 914//914
f 919//919 920//920 898//898
f 920//920 358//358 257//257
f 359//359 358//358 920//920
f 360//360 359//359 921//921
f 361//361 360//360 922//922
f 362//362 361//361 923//923
f 363//363 362//362 924//924
f 364//364 363//363 925//925
f 927//927 365//365 364//364
f 929//929 367//367 365//365
f 931//931 929//929 928//928
f 931//931 930//930 368//368
f 931//931 369//369 367//367
f 919//919 897//897 903//903
f 933//933 920//920 919//919
f 921//921 920//920 933//933
f 935//935 922//922 921//921
f 936//936 937//937 935//935
f 923//923 922//922 935//935
f 938//938 924//924 923//923
f 939//939 925//925 924//924
f 940//940 941//941 939//939
f 926//926 925//925 939//939
f 943//943 941//941 940//940
f 927//927 926//926 941//941
f 945//945 943//943 942//942
f 945//945 944//944 928//928
f 945//945 929//929 927//927
f 946//946 930//930 928//928
f 932//932 903//903 907//907
f 933//933 932//932 947//947
f 934//934 933//933 948//948
f 936//936 934//934 949//949
f 951//951 937//937 936//936
f 952//952 938//938 937//937
f 940//940 938//938 952//952
f 954//954 942//942 940//940
f 955//955 944//944 942//942
f 946//946 944//944 955//955
f 947//947 907//907 912//912
f 958//958 948//948 947//947
f 959//959 960//960 958//958
f 949//949 948//948 958//958
f 961//961 950//950 949//949
f 962//962 951//951 950//950
f 963//963 964//964 962//962
f 952//952 951//951 962//962
f 965//965 953//953 952//952
f 966//966 954//954 953//953
f 967//967 955//955 954//954
f 968//968 956//956 955//955
f 969//969 970//970 916//916
f 957//957 912//912 916//916
f 959//959 957//957 970//970
f 972//972 960//960 959//959
f 973//973 961//961 960//960
f 963//963 961//961 973//973
f 975//975 964//964 963//963
f 976//976 977//977 975//975
f 965//965 964//964 975//975
f 966//966 965//965 977//977
f 979//979 967//967 966//966
f 980//980 968//968 967//967
f 813//813 981//981 917//917
f 981//981 982//982 918//918
f 969//969 915//915 918//918
f 983//983 970//970 969//969
f 984//984 985//985 983//983
f 971//971 970//970 983//983
f 986//986 972//972 971//971
f 987//987 988//988 986//986
f 973//973 972//972 986//986
f 989//989 974//974 973//973
f 976//976 974//974 989//989
f 991//991 977//977 976//976
f 992//992 993//993 991//991
f 978//978 977//977 991//991
f 995//995 993//993 992//992
f 979//979 978//978 993//993
f 997//997 995//995 994//994
f 980//980 979//979 995//995
f 981//981 813//813 836//836
f 999//999 982//982 981//981
f 1000//1000 1001//1001 999//999
f 984//984 982//982 999//999
f 1002//1002 985//985 984//984
f 1003//1003 1004//1004 1002//1002
f 987//987 985//985 1002//1002
f 1005//1005 988//988 987//987
f 1006//1006 1007//1007 1005//1005
f 989//989 988//988 1005//1005
f 1008//1008 1009//1009 1007//1007
f 1009//1009 990//990 989//989
f 1010//1010 992//992 990//990
f 994//994 992//992 1010//1010
f 996//996 994//994 1011//1011
f 998//998 836//836 854//854
f 1014//1014 1013//1013 854//854
f 1000//1000 998//998 1013//1013
f 1015//1015 1001//1001 1000//1000
f 1016//1016 1014//1014 856//856
f 1016//1016 1017//1017 1015//1015
f 1003//1003 1001//1001 1015//1015
f 1018//1018 1004//1004 1003//1003
f 1019//1019 1020//1020 1018//1018
f 1006//1006 1004//1004 1018//1018
f 1008//1008 1006//1006 1020//1020
f 1022//1022 1009//1009 1008//1008
f 1023//1023 1024//1024 1022//1022
f 1010//1010 1009//1009 1022//1022
f 1026//1026 1024//1024 1023//1023
f 1011//1011 1010//1010 1024//1024
f 1028//1028 1026//1026 1025//1025
f 1012//1012 1011//1011 1026//1026
f 1029//1029 1016//1016 859//859
f 1030//1030 1017//1017 1016//1016
f 874//874 1031//1031 1029//1029
f 1031//1031 1032//1032 1030//1030
f 1019//1019 1017//1017 1030//1030
f 1033//1033 1020//1020 1019//1019
f 1034//1034 1035//1035 1032//1032
f 1035//1035 1036//1036 1033//1033
f 1021//1021 1020//1020 1033//1033
f 1037//1037 1038//1038 1036//1036
f 1023//1023 1021//1021 1036//1036
f 1039//1039 1040//1040 1038//1038
f 1025//1025 1023//1023 1038//1038
f 1041//1041 1027//1027 1025//1025
f 1031//1031 874//874 883//883
f 1043//1043 1042//1042 883//883
f 1034//1034 1031//1031 1042//1042
f 1044//1044 1035//1035 1034//1034
f 1045//1045 1043//1043 885//885
f 1045//1045 1046//1046 1044//1044
f 1037//1037 1035//1035 1044//1044
f 890//890 1047//1047 1045//1045
f 1047//1047 1048//1048 1046//1046
f 1039//1039 1037//1037 1046//1046
f 1049//1049 1040//1040 1039//1039
f 893//893 1050//1050 1047//1047
f 1051//1051 1048//1048 1047//1047
f 1051//1051 1052//1052 1049//1049
f 1041//1041 1040//1040 1049//1049
f 1053//1053 743//743 208//208
f 1055//1055 1053//1053 503//503
f 1055//1055 1056//1056 1054//1054
f 506//506 1056//1056 1055//1055
f 1058//1058 1056//1056 506//506
f 1058//1058 1059//1059 1057//1057
f 508//508 1059//1059 1058//1058
f 1060//1060 1059//1059 508//508
f 1061//1061 1060//1060 509//509
f 1062//1062 1061//1061 510//510
f 512//512 1063//1063 1062//1062
f 513//513 1064//1064 1063//1063
f 514//514 1065//1065 1064//1064
f 1066//1066 1065//1065 514//514
f 516//516 1067//1067 1066//1066
f 1068//1068 754//754 743//743
f 1054//1054 1069//1069 1068//1068
f 1070//1070 1069//1069 1054//1054
f 1057//1057 1071//1071 1070//1070
f 1072//1072 1071//1071 1057//1057
f 1074//1074 1072//1072 1059//1059
f 1074//1074 1075//1075 1073//1073
f 1061//1061 1075//1075 1074//1074
f 1076//1076 1075//1075 1061//1061
f 1077//1077 1076//1076 1062//1062
f 1078//1078 1077//1077 1063//1063
f 1079//1079 1078//1078 1064//1064
f 1080//1080 1079//1079 1065//1065
f 1081//1081 1080//1080 1066//1066
f 1082//1082 767//767 754//754
f 1082//1082 1083//1083 768//768
f 1069//1069 1083//1083 1082//1082
f 1085//1085 1083//1083 1069//1069
f 1085//1085 1086//1086 1084//1084
f 1071//1071 1086//1086 1085//1085
f 1087//1087 1086//1086 1071//1071
f 1073//1073 1088//1088 1087//1087
f 1089//1089 1088//1088 1073//1073
f 1076//1076 1090//1090 1089//1089
f 1091//1091 1090//1090 1076//1076
f 1092//1092 1091//1091 1077//1077
f 1093//1093 1092//1092 1078//1078
f 1094//1094 1093//1093 1079//1079
f 1095//1095 1094//1094 1080//1080
f 1096//1096 787//787 768//768
f 1096//1096 1097//1097 788//788
f 1084//1084 1097//1097 1096//1096
f 1098//1098 1097//1097 1084//1084
f 1100//1100 1098//1098 1086//1086
f 1100//1100 1101//1101 1099//1099
f 1088//1088 1101//1101 1100//1100
f 1102//1102 1101//1101 1088//1088
f 1103//1103 1102//1102 1089//1089
f 1105//1105 1103//1103 1090//1090
f 1105//1105 1106//1106 1104//1104
f 1092//1092 1106//1106 1105//1105
f 1093//1093 1107//1107 1106//1106
f 1109//1109 1107//1107 1093//1093
f 1109//1109 1110//1110 1108//1108
f 1095//1095 1110//1110 1109//1109
f 1111//1111 809//809 788//788
f 1111//1111 1112//1112 810//810
f 1113//1113 1111//1111 1097//1097
f 1113//1113 1114//1114 1112//1112
f 1099//1099 1114//1114 1113//1113
f 1115//1115 1114//1114 1099//1099
f 1102//1102 1116//1116 1115//1115
f 1118//1118 1116//1116 1102//1102
f 1118//1118 1119//1119 1117//1117
f 1104//1104 1119//1119 1118//1118
f 1120//1120 1119//1119 1104//1104
f 1107//1107 1121//1121 1120//1120
f 1108//1108 1122//1122 1121//1121
f 1123//1123 1122//1122 1108//1108
f 1125//1125 833//833 810//810
f 1125//1125 1126//1126 834//834
f 1127//1127 1125//1125 1112//1112
f 1128//1128 1126//1126 1125//1125
f 1115//1115 1129//1129 1127//1127
f 1130//1130 1128//1128 1127//1127
f 1131//1131 1129//1129 1115//1115
f 1131//1131 1132//1132 1130//1130
f 1117//1117 1132//1132 1131//1131
f 1133//1133 1132//1132 1117//1117
f 1120//1120 1134//1134 1133//1133
f 1136//1136 1134//1134 1120//1120
f 1136//1136 1137//1137 1135//1135
f 1122//1122 1137//1137 1136//1136
f 1139//1139 1137//1137 1122//1122
f 1139//1139 1140//1140 1138//1138
f 1124//1124 1140//1140 1139//1139
f 1142//1142 853//853 834//834
f 1143//1143 1142//1142 1126//1126
f 1144//1144 1143//1143 1128//1128
f 1132//1132 1145//1145 1144//1144
f 1133//1133 1147//1147 1145//1145
f 1147//1147 1148//1148 1146//1146
f 1149//1149 1147//1147 1133//1133
f 1149//1149 1150//1150 1148//1148
f 1135//1135 1150//1150 1149//1149
f 1152//1152 1150//1150 1135//1135
f 1152//1152 1153//1153 1151//1151
f 1138//1138 1153//1153 1152//1152
f 1155//1155 1153//1153 1138//1138
f 1155//1155 1156//1156 1154//1154
f 1141//1141 1156//1156 1155//1155
f 1142//1142 1157//1157 868//868
f 1158//1158 869//869 868//868
f 1159//1159 1157//1157 1142//1142
f 1160//1160 1158//1158 1157//1157
f 1161//1161 1159//1159 1143//1143
f 1162//1162 1160//1160 1159//1159
f 1163//1163 1161//1161 1144//1144
f 1163//1163 1164//1164 1162//1162
f 1146//1146 1164//1164 1163//1163
f 1165//1165 1164//1164 1146//1146
f 1167//1167 1165//1165 1148//1148
f 1167//1167 1168//1168 1166//1166
f 1151//1151 1168//1168 1167//1167
f 1170//1170 1168//1168 1151//1151
f 1170//1170 1171//1171 1169//1169
f 1154//1154 1171//1171 1170//1170
f 1172//1172 1171//1171 1154//1154
f 1173//1173 1067//1067 516//516
f 1174//1174 1173//1173 537//537
f 539//539 1175//1175 1174//1174
f 540//540 1176//1176 1175//1175
f 1173//1173 1177//1177 1081//1081
f 1179//1179 1177//1177 1173//1173
f 1179//1179 1180//1180 1178//1178
f 1175//1175 1180//1180 1179//1179
f 1181//1181 1180//1180 1175//1175
f 1182//1182 1095//1095 1081//1081
f 1178//1178 1183//1183 1182//1182
f 1184//1184 1183//1183 1178//1178
f 1181//1181 1185//1185 1184//1184
f 1186//1186 1110//1110 1095//1095
f 1183//1183 1187//1187 1186//1186
f 1189//1189 1187//1187 1183//1183
f 1189//1189 1190//1190 1188//1188
f 1185//1185 1190//1190 1189//1189
f 1191//1191 1123//1123 1110//1110
f 1191//1191 1192//1192 1124//1124
f 1187//1187 1192//1192 1191//1191
f 1188//1188 1193//1193 1192//1192
f 1194//1194 1193//1193 1188//1188
f 1195//1195 1140//1140 1124//1124
f 1195//1195 1196//1196 1141//1141
f 1193//1193 1196//1196 1195//1195
f 1197//1197 882//882 869//869
f 1160//1160 1198//1198 1197//1197
f 1200//1200 1198//1198 1160//1160
f 1200//1200 1201//1201 1199//1199
f 1202//1202 1200//1200 1162//1162
f 1202//1202 1203//1203 1201//1201
f 1205//1205 1202//1202 1164//1164
f 1205//1205 1206//1206 1203//1203
f 1166//1166 1206//1206 1205//1205
f 1206//1206 1207//1207 1204//1204
f 1208//1208 1206//1206 1166//1166
f 1208//1208 1209//1209 1207//1207
f 1169//1169 1209//1209 1208//1208
f 1210//1210 891//891 882//882
f 1211//1211 892//892 891//891
f 1212//1212 893//893 892//892
f 1213//1213 1210//1210 1197//1197
f 1213//1213 1214//1214 1211//1211
f 1199//1199 1214//1214 1213//1213
f 1215//1215 1212//1212 1211//1211
f 1216//1216 1214//1214 1199//1199
f 1216//1216 1217//1217 1215//1215
f 1218//1218 1216//1216 1201//1201
f 1218//1218 1219//1219 1217//1217
f 1204//1204 1219//1219 1218//1218
f 1220//1220 1219//1219 1204//1204
f 657//657 368//368 930//930
f 658//658 657//657 1221//1221
f 659//659 658//658 1222//1222
f 660//660 659//659 1223//1223
f 1225//1225 661//661 660//660
f 1227//1227 1226//1226 662//662
f 663//663 661//661 1225//1225
f 664//664 662//662 1226//1226
f 1230//1230 1229//1229 665//665
f 666//666 664//664 1228//1228
f 1231//1231 1221//1221 930//930
f 1222//1222 1221//1221 1231//1231
f 1223//1223 1222//1222 1232//1232
f 1224//1224 1223//1223 1233//1233
f 1225//1225 1224//1224 1234//1234
f 1227//1227 1237//1237 1236//1236
f 1237//1237 1227//1227 1225//1225
f 1238//1238 1228//1228 1226//1226
f 1230//1230 1240//1240 1239//1239
f 1240//1240 1230//1230 1228//1228
f 1231//1231 946//946 956//956
f 1232//1232 1231//1231 1241//1241
f 1233//1233 1232//1232 1242//1242
f 1234//1234 1233//1233 1243//1243
f 1235//1235 1234//1234 1244//1244
f 1237//1237 1247//1247 1246//1246
f 1247//1247 1237//1237 1235//1235
f 1248//1248 1238//1238 1236//1236
f 1240//1240 1250//1250 1249//1249
f 1250//1250 1240//1240 1238//1238
f 1241//1241 956//956 968//968
f 1242//1242 1241//1241 1251//1251
f 1243//1243 1242//1242 1252//1252
f 1244//1244 1243//1243 1253//1253
f 1256//1256 1245//1245 1244//1244
f 1258//1258 1256//1256 1255//1255
f 1258//1258 1257//1257 1246//1246
f 1258//1258 1247//1247 1245//1245
f 1248//1248 1246//1246 1257//1257
f 1262//1262 1260//1260 1259//1259
f 1262//1262 1261//1261 1249//1249
f 1262//1262 1250//1250 1248//1248
f 1251//1251 968//968 980//980
f 1252//1252 1251//1251 1263//1263
f 1253//1253 1252//1252 1264//1264
f 1267//1267 1254//1254 1253//1253
f 1269//1269 1267//1267 1266//1266
f 1269//1269 1268//1268 1255//1255
f 1269//1269 1256//1256 1254//1254
f 1270//1270 1257//1257 1255//1255
f 1272//1272 1271//1271 1259//1259
f 1260//1260 1257//1257 1270//1270
f 1274//1274 1261//1261 1259//1259
f 1276//1276 997//997 996//996
f 1263//1263 980//980 997//997
f 1277//1277 1278//1278 1276//1276
f 1278//1278 1264//1264 1263//1263
f 1279//1279 1280//1280 1278//1278
f 1280//1280 1265//1265 1264//1264
f 1282//1282 1280//1280 1279//1279
f 1282//1282 1281//1281 1266//1266
f 1282//1282 1267//1267 1265//1265
f 1283//1283 1268//1268 1266//1266
f 1270//1270 1268//1268 1283//1283
f 1288//1288 1285//1285 1284//1284
f 1288//1288 1287//1287 1271//1271
f 1288//1288 1272//1272 1270//1270
f 1291//1291 1287//1287 1286//1286
f 1291//1291 1290//1290 1273//1273
f 1291//1291 1274//1274 1271//1271
f 1292//1292 1275//1275 996//996
f 1293//1293 1277//1277 1275//1275
f 1294//1294 1279//1279 1277//1277
f 1281//1281 1279//1279 1294//1294
f 1298//1298 1296//1296 1295//1295
f 1283//1283 1281//1281 1296//1296
f 1301//1301 1298//1298 1297//1297
f 1301//1301 1300//1300 1284//1284
f 1301//1301 1285//1285 1283//1283
f 1304//1304 1300//1300 1299//1299
f 1304//1304 1303//1303 1286//1286
f 1304//1304 1287//1287 1284//1284
f 1289//1289 1305//1305 1156//1156
f 1306//1306 1303//1303 1302//1302
f 1306//1306 1305//1305 1289//1289
f 1306//1306 1290//1290 1286//1286
f 1308//1308 1028//1028 1027//1027
f 1308//1308 1292//1292 1012//1012
f 1309//1309 1310//1310 1308//1308
f 1310//1310 1293//1293 1292//1292
f 1311//1311 1312//1312 1310//1310
f 1312//1312 1294//1294 1293//1293
f 1314//1314 1312//1312 1311//1311
f 1314//1314 1313//1313 1295//1295
f 1314//1314 1296//1296 1294//1294
f 1316//1316 1297//1297 1295//1295
f 1319//1319 1316//1316 1315//1315
f 1319//1319 1318//1318 1299//1299
f 1319//1319 1300//1300 1297//1297
f 1171//1171 1320//1320 1317//1317
f 1321//1321 1318//1318 1317//1317
f 1321//1321 1320//1320 1302//1302
f 1321//1321 1303//1303 1299//1299
f 1172//1172 1322//1322 1320//1320
f 1305//1305 1322//1322 1172//1172
f 1322//1322 1305//1305 1302//1302
f 1323//1323 687//687 665//665
f 1324//1324 1176//1176 540//540
f 1325//1325 1324//1324 688//688
f 1326//1326 1325//1325 689//689
f 1326//1326 690//690 687//687
f 1323//1323 1229//1229 1239//1239
f 1329//1329 1181//1181 1176//1176
f 1325//1325 1330//1330 1329//1329
f 1331//1331 1328//1328 1327//1327
f 1331//1331 1330//1330 1325//1325
f 1331//1331 1326//1326 1323//1323
f 1333//1333 1332//1332 1327//1327
f 1333//1333 1328//1328 1239//1239
f 1334//1334 1185//1185 1181//1181
f 1335//1335 1334//1334 1329//1329
f 1335//1335 1330//1330 1327//1327
f 1338//1338 1337//1337 1332//1332
f 1338//1338 1333//1333 1249//1249
f 1334//1334 1339//1339 1190//1190
f 1340//1340 1337//1337 1336//1336
f 1340//1340 1339//1339 1334//1334
f 1340//1340 1335//1335 1332//1332
f 1342//1342 1341//1341 1336//1336
f 1343//1343 1274//1274 1273//1273
f 1343//1343 1342//1342 1337//1337
f 1343//1343 1338//1338 1261//1261
f 1194//1194 1344//1344 1341//1341
f 1339//1339 1344//1344 1194//1194
f 1344//1344 1339//1339 1336//1336
f 1345//1345 1289//1289 1141//1141
f 1345//1345 1196//1196 1193//1193
f 1346//1346 1290//1290 1289//1289
f 1346//1346 1345//1345 1341//1341
f 1346//1346 1342//1342 1273//1273
f 1307//1307 1027//1027 1041//1041
f 1309//1309 1307//1307 1347//1347
f 1351//1351 1349//1349 1348//1348
f 1351//1351 1311//1311 1309//1309
f 1354//1354 1351//1351 1350//1350
f 1354//1354 1313//1313 1311//1311
f 1356//1356 1353//1353 1352//1352
f 1357//1357 1354//1354 1353//1353
f 1357//1357 1356//1356 1315//1315
f 1357//1357 1316//1316 1313//1313
f 1358//1358 1355//1355 1207//1207
f 1358//1358 1209//1209 1169//1169
f 1359//1359 1356//1356 1355//1355
f 1359//1359 1358//1358 1317//1317
f 1359//1359 1318//1318 1315//1315
f 1360//1360 1050//1050 893//893
f 1361//1361 1051//1051 1050//1050
f 1362//1362 1052//1052 1051//1051
f 1347//1347 1041//1041 1052//1052
f 1363//1363 1360//1360 1212//1212
f 1363//1363 1364//1364 1361//1361
f 1365//1365 1362//1362 1361//1361
f 1365//1365 1364//1364 1348//1348
f 1365//1365 1349//1349 1347//1347
f 1366//1366 1363//1363 1215//1215
f 1367//1367 1364//1364 1363//1363
f 1367//1367 1350//1350 1348//1348
f 1219//1219 1368//1368 1366//1366
f 1369//1369 1367//1367 1366//1366
f 1369//1369 1368//1368 1352//1352
f 1369//1369 1353//1353 1350//1350
f 1220//1220 1370//1370 1368//1368
f 1355//1355 1370//1370 1220//1220
f 1370//1370 1355//1355 1352//1352
