# Blender 4.2.0
# www.blender.org
o 23031_X4Y4
v -0.375079 -0.250495 0.069889
v -0.375126 -0.250550 0.046773
v -0.374547 -0.249877 0.029976
v -0.348928 -0.255899 0.132196
v -0.344335 -0.281792 0.096135
v -0.353395 -0.265795 0.107573
v -0.345058 -0.282439 0.077956
v -0.363159 -0.262554 0.079352
v -0.344625 -0.282066 0.046773
v -0.360216 -0.266141 0.046773
v -0.343757 -0.281294 0.029273
v -0.357417 -0.263613 0.019231
v -0.319321 -0.258757 0.162551
v -0.318196 -0.286907 0.133986
v -0.329153 -0.267722 0.143485
v -0.328120 -0.291031 0.107573
v -0.338984 -0.276687 0.116924
v -0.327414 -0.297346 0.077956
v -0.327414 -0.295823 0.046773
v -0.328215 -0.288999 0.017564
v -0.339142 -0.277349 0.008485
v -0.285594 -0.256049 0.189698
v -0.281121 -0.312215 0.156359
v -0.288134 -0.296232 0.162563
v -0.298267 -0.267797 0.173836
v -0.285648 -0.316085 0.140320
v -0.302826 -0.296873 0.142756
v -0.310940 -0.279545 0.154774
v -0.292643 -0.321512 0.109138
v -0.308234 -0.308357 0.109138
v -0.295418 -0.323516 0.077956
v -0.311009 -0.311139 0.077956
v -0.293810 -0.322034 0.046773
v -0.309401 -0.309989 0.046773
v -0.288641 -0.317734 0.015591
v -0.304232 -0.306189 0.015591
v -0.257053 -0.286918 0.191046
v -0.266488 -0.265886 0.195658
v -0.265050 -0.317228 0.161531
v -0.266488 -0.296880 0.177932
v -0.277842 -0.276837 0.185121
v -0.252037 -0.344673 0.128231
v -0.263479 -0.331795 0.139303
v -0.255809 -0.346860 0.109138
v -0.271400 -0.337104 0.109138
v -0.258799 -0.348513 0.077956
v -0.274390 -0.339107 0.077956
v -0.256240 -0.346928 0.046773
v -0.271831 -0.337626 0.046773
v -0.251934 -0.344364 0.026281
v -0.263417 -0.334340 0.015769
v -0.467835 -0.063869 0.062559
v -0.468178 -0.046773 0.063195
v -0.468762 -0.015591 0.063936
v -0.468678 -0.096608 0.037758
v -0.470434 -0.075740 0.047601
v -0.475050 -0.046773 0.046773
v -0.477647 -0.015591 0.046773
v -0.469724 -0.098888 0.015591
v -0.476024 -0.077956 0.015591
v -0.483908 -0.046773 0.015591
v -0.488833 -0.015591 0.015591
v -0.437466 -0.128103 0.094928
v -0.439756 -0.109138 0.098176
v -0.442854 -0.077956 0.101573
v -0.443341 -0.046773 0.101057
v -0.440893 -0.015591 0.097991
v -0.437381 -0.157802 0.065716
v -0.440829 -0.139226 0.076848
v -0.451129 -0.109138 0.077956
v -0.459933 -0.075740 0.074954
v -0.458932 -0.046773 0.078787
v -0.456485 -0.015591 0.079527
v -0.439061 -0.160389 0.046773
v -0.449068 -0.140320 0.046773
v -0.462898 -0.107856 0.047601
v -0.467119 -0.084657 0.058546
v -0.439423 -0.160567 0.015591
v -0.451075 -0.140320 0.015591
v -0.463795 -0.114479 0.015591
v -0.407270 -0.160434 0.127213
v -0.410119 -0.140320 0.130160
v -0.412758 -0.109138 0.131739
v -0.413345 -0.077956 0.131481
v -0.412317 -0.046773 0.130474
v -0.409420 -0.021429 0.127975
v -0.408774 -0.192172 0.099557
v -0.413688 -0.171098 0.109626
v -0.426777 -0.139226 0.106848
v -0.428349 -0.109138 0.113767
v -0.428936 -0.077956 0.117164
v -0.427909 -0.046773 0.116648
v -0.420273 -0.012857 0.115677
v -0.412857 -0.198156 0.077956
v -0.428968 -0.169518 0.076848
v -0.434717 -0.148891 0.086504
v -0.415179 -0.201120 0.046773
v -0.430770 -0.175980 0.046773
v -0.414166 -0.199299 0.015591
v -0.429758 -0.176158 0.015591
v -0.375846 -0.161220 0.157043
v -0.378022 -0.140320 0.158710
v -0.379388 -0.109138 0.159777
v -0.377465 -0.077956 0.158194
v -0.375078 -0.059900 0.156401
v -0.376732 -0.222110 0.127856
v -0.381798 -0.202685 0.133773
v -0.389212 -0.171221 0.140831
v -0.393613 -0.140320 0.145751
v -0.394980 -0.109138 0.147330
v -0.393056 -0.077956 0.147072
v -0.387195 -0.048413 0.147089
v -0.392680 -0.012857 0.135690
v -0.381171 -0.228589 0.109138
v -0.396809 -0.202614 0.109626
v -0.402579 -0.181222 0.120345
v -0.405009 -0.000641 0.124506
v -0.384679 -0.236699 0.079352
v -0.402225 -0.213747 0.077956
v -0.389469 -0.233867 0.046773
v -0.404122 -0.216711 0.046773
v -0.384509 -0.235165 0.017986
v -0.402410 -0.214890 0.015591
v -0.347213 -0.224930 0.160058
v -0.352871 -0.202685 0.164046
v -0.360846 -0.171570 0.165510
v -0.358597 -0.140320 0.171192
v -0.358597 -0.109138 0.171873
v -0.358597 -0.077956 0.168369
v -0.359904 -0.048413 0.161999
v -0.349612 -0.015591 0.159167
v -0.358465 -0.233914 0.140420
v -0.368462 -0.202685 0.149364
v -0.372740 -0.182009 0.154449
v -0.371170 -0.039112 0.154336
v -0.365203 -0.015591 0.151587
v -0.370586 -0.244180 0.109138
v -0.373857 -0.248981 0.090677
v -0.371076 -0.246424 0.009188
v -0.311953 -0.218512 0.187160
v -0.315403 -0.202685 0.189259
v -0.320119 -0.171503 0.191618
v -0.320983 -0.140320 0.191316
v -0.319092 -0.109138 0.190127
v -0.315720 -0.083369 0.188720
v -0.326031 -0.232115 0.171699
v -0.330994 -0.202685 0.179637
v -0.335710 -0.171503 0.182652
v -0.336574 -0.140320 0.183985
v -0.334683 -0.109138 0.183598
v -0.326634 -0.074967 0.182740
v -0.327414 -0.046773 0.176286
v -0.327414 -0.015591 0.167450
v -0.340109 -0.245719 0.152984
v -0.296086 -0.230890 0.191917
v -0.296232 -0.202685 0.198377
v -0.296232 -0.171503 0.201975
v -0.296232 -0.140320 0.201648
v -0.296232 -0.109138 0.198803
v -0.299269 -0.074967 0.192480
v -0.288456 -0.046773 0.189036
v -0.280802 -0.031019 0.187144
v -0.306382 -0.239300 0.183339
v -0.311688 -0.062581 0.187059
v -0.304047 -0.046773 0.184635
v -0.293211 -0.018611 0.179324
v -0.265050 -0.233867 0.206162
v -0.265050 -0.202685 0.210989
v -0.265050 -0.171503 0.212578
v -0.265050 -0.140320 0.211977
v -0.265050 -0.109138 0.208207
v -0.265050 -0.077956 0.201979
v -0.265050 -0.046773 0.194819
v -0.264339 -0.018611 0.190018
v -0.274259 -0.010231 0.183888
v -0.161665 -0.036923 0.253104
v -0.167493 -0.015591 0.256927
v -0.127534 -0.006800 0.282094
v -0.128088 -0.064174 0.251114
v -0.139217 -0.047100 0.258324
v -0.138885 -0.016553 0.273591
v -0.101557 -0.035702 0.283247
v -0.110826 -0.016553 0.286100
v -0.109138 -0.068745 0.255179
v -0.110826 -0.046367 0.272192
v -0.122345 -0.027588 0.279721
v -0.077956 -0.041462 0.286880
v -0.077956 -0.015591 0.296817
v -0.077956 -0.074409 0.260993
v -0.077956 -0.057053 0.276584
v -0.034755 -0.062829 0.281059
v -0.045799 -0.049167 0.288512
v -0.046773 -0.015591 0.303337
v -0.045799 -0.074241 0.267576
v -0.055543 -0.061157 0.279655
v -0.000001 -0.000000 0.311823
v -0.015591 -0.063778 0.281931
v -0.015591 -0.046773 0.293233
v -0.012473 -0.012473 0.307767
v -0.015591 -0.078798 0.265050
v -0.220923 -0.251951 0.219112
v -0.223273 -0.315519 0.189845
v -0.233747 -0.296880 0.195626
v -0.232337 -0.263427 0.211078
v -0.223594 -0.346444 0.160153
v -0.233828 -0.327473 0.171949
v -0.244061 -0.307707 0.183744
v -0.233940 -0.351102 0.139303
v -0.244382 -0.339427 0.149019
v -0.233867 -0.360352 0.109138
v -0.233867 -0.363170 0.077956
v -0.233867 -0.359679 0.046773
v -0.235277 -0.350512 0.015769
v -0.246611 -0.341470 0.005493
v -0.189097 -0.282527 0.218963
v -0.200769 -0.263427 0.220910
v -0.187902 -0.343500 0.187560
v -0.200052 -0.326513 0.193402
v -0.200769 -0.294245 0.210105
v -0.209885 -0.272739 0.215398
v -0.200052 -0.350769 0.170930
v -0.208691 -0.336307 0.180941
v -0.193762 -0.377389 0.132049
v -0.203567 -0.367978 0.141594
v -0.198736 -0.379747 0.109138
v -0.214328 -0.372088 0.109138
v -0.200849 -0.380657 0.077956
v -0.216440 -0.373253 0.077956
v -0.197070 -0.378858 0.046773
v -0.212661 -0.371348 0.046773
v -0.190912 -0.376000 0.024266
v -0.201858 -0.367803 0.014559
v -0.171503 -0.288493 0.221377
v -0.171503 -0.265050 0.227144
v -0.171503 -0.346757 0.190415
v -0.171503 -0.327414 0.203088
v -0.171503 -0.304084 0.215357
v -0.162753 -0.376812 0.159726
v -0.172489 -0.363884 0.170673
v -0.172489 -0.382022 0.141594
v -0.183541 -0.372800 0.152837
v -0.171503 -0.391307 0.109138
v -0.171503 -0.393078 0.077956
v -0.171503 -0.389471 0.046773
v -0.173076 -0.380463 0.014559
v -0.184519 -0.373182 0.003478
v -0.130515 -0.314085 0.219272
v -0.140674 -0.298264 0.223411
v -0.140320 -0.265050 0.231879
v -0.140320 -0.352776 0.195022
v -0.140674 -0.325653 0.211670
v -0.151303 -0.310012 0.217483
v -0.140320 -0.381115 0.165173
v -0.140320 -0.368367 0.180764
v -0.126881 -0.406170 0.126591
v -0.138493 -0.396542 0.138319
v -0.129795 -0.407289 0.109138
v -0.145386 -0.401339 0.109138
v -0.132009 -0.408141 0.077956
v -0.147600 -0.402199 0.077956
v -0.129832 -0.407305 0.054619
v -0.140264 -0.400988 0.045245
v -0.140320 -0.393138 0.015591
v -0.109138 -0.318263 0.221054
v -0.109138 -0.296232 0.227725
v -0.109138 -0.265050 0.234076
v -0.098608 -0.375833 0.188788
v -0.109056 -0.360591 0.197237
v -0.109138 -0.333854 0.214094
v -0.109056 -0.384884 0.173505
v -0.119396 -0.372314 0.185234
v -0.109138 -0.408545 0.132470
v -0.109138 -0.401916 0.148061
v -0.109138 -0.413222 0.109138
v -0.109138 -0.415038 0.077956
v -0.110856 -0.410685 0.045245
v -0.122395 -0.404705 0.033831
v -0.101607 -0.407574 0.022299
v -0.110856 -0.402626 0.013380
v -0.077956 -0.322046 0.222681
v -0.077956 -0.296232 0.230176
v -0.077956 -0.265050 0.235785
v -0.077956 -0.377434 0.190273
v -0.077956 -0.358597 0.203424
v -0.077956 -0.337638 0.215835
v -0.067834 -0.406244 0.157227
v -0.078119 -0.395000 0.169174
v -0.078119 -0.411016 0.142278
v -0.088622 -0.404547 0.153977
v -0.077956 -0.420043 0.109138
v -0.077956 -0.422367 0.077956
v -0.077956 -0.419195 0.046773
v -0.080095 -0.410658 0.013380
v -0.091916 -0.404965 0.001511
v -0.046773 -0.322285 0.222503
v -0.046773 -0.296232 0.229800
v -0.046773 -0.265050 0.235224
v -0.046773 -0.378992 0.191406
v -0.046773 -0.358597 0.204757
v -0.046773 -0.337876 0.216036
v -0.046773 -0.407927 0.159446
v -0.046773 -0.394584 0.175037
v -0.046773 -0.416826 0.140320
v -0.046773 -0.425652 0.109138
v -0.046773 -0.428682 0.077956
v -0.046773 -0.425982 0.046773
v -0.046773 -0.418813 0.015591
v -0.015591 -0.321094 0.221460
v -0.015591 -0.296232 0.227713
v -0.015591 -0.265050 0.232588
v -0.015591 -0.380428 0.192231
v -0.015591 -0.358597 0.205489
v -0.015591 -0.336685 0.215943
v -0.015591 -0.409657 0.161601
v -0.015591 -0.396019 0.177192
v -0.015591 -0.420336 0.140320
v -0.015591 -0.429722 0.109138
v -0.015591 -0.433052 0.077956
v -0.015591 -0.430637 0.046773
v -0.015591 -0.423827 0.015591
v -0.226122 -0.233867 0.220362
v -0.230891 -0.202685 0.221801
v -0.232159 -0.171503 0.221865
v -0.227908 -0.140320 0.220222
v -0.221613 -0.120728 0.218840
v -0.219640 -0.005308 0.219599
v -0.241714 -0.233867 0.215774
v -0.246482 -0.202685 0.217462
v -0.247751 -0.171503 0.217812
v -0.243499 -0.140320 0.217236
v -0.232751 -0.109856 0.215213
v -0.233867 -0.077956 0.209100
v -0.233867 -0.046773 0.205380
v -0.231567 -0.015658 0.208052
v -0.202685 -0.233867 0.225437
v -0.202685 -0.202685 0.228114
v -0.202685 -0.171503 0.228015
v -0.202685 -0.140320 0.224726
v -0.202054 -0.109856 0.220367
v -0.191539 -0.077956 0.219304
v -0.195083 -0.046773 0.224343
v -0.204889 -0.015658 0.229380
v -0.212028 -0.099940 0.217374
v -0.207130 -0.077956 0.215319
v -0.210674 -0.046773 0.215188
v -0.216753 -0.026096 0.217200
v -0.171503 -0.233867 0.231362
v -0.171503 -0.202685 0.233019
v -0.171503 -0.171503 0.231871
v -0.171503 -0.140320 0.228904
v -0.171503 -0.109138 0.224042
v -0.171503 -0.077956 0.225900
v -0.171837 -0.047100 0.240192
v -0.183084 -0.015591 0.246755
v -0.140320 -0.233867 0.235673
v -0.140320 -0.202685 0.236461
v -0.140320 -0.171503 0.234463
v -0.140320 -0.140320 0.231208
v -0.140320 -0.109138 0.227588
v -0.139217 -0.075923 0.238416
v -0.148876 -0.057711 0.246712
v -0.109138 -0.233867 0.237474
v -0.109138 -0.202685 0.237749
v -0.109138 -0.171503 0.236006
v -0.109138 -0.140320 0.232151
v -0.109138 -0.109138 0.232549
v -0.109138 -0.084336 0.242592
v -0.077956 -0.233867 0.238210
v -0.077956 -0.202685 0.237561
v -0.077956 -0.171503 0.235656
v -0.077956 -0.140320 0.231507
v -0.077956 -0.109138 0.236411
v -0.077956 -0.090000 0.246786
v -0.046773 -0.233867 0.237247
v -0.046773 -0.202685 0.236582
v -0.046773 -0.171503 0.234221
v -0.046773 -0.140320 0.229462
v -0.046773 -0.109138 0.236977
v -0.046773 -0.092452 0.248341
v -0.015591 -0.233867 0.234283
v -0.015591 -0.202685 0.233970
v -0.015591 -0.171503 0.230664
v -0.012923 -0.137814 0.223438
v -0.012923 -0.112049 0.231490
v -0.015591 -0.092977 0.248575
v -0.000749 -0.125748 0.218099
v -0.000749 -0.124384 0.218099
v -0.468614 0.004672 0.063547
v -0.474791 0.015276 0.048772
v -0.473316 0.046773 0.040419
v -0.470434 0.070181 0.034969
v -0.489157 0.015591 0.015591
v -0.485488 0.046773 0.015591
v -0.477320 0.079527 0.017944
v -0.473272 0.109138 0.008523
v -0.469219 0.127399 0.002245
v -0.438333 0.008298 0.095368
v -0.452384 0.016879 0.078311
v -0.447072 0.046773 0.073774
v -0.440400 0.077956 0.066470
v -0.436752 0.093894 0.062550
v -0.466436 0.025461 0.060499
v -0.462663 0.046773 0.056010
v -0.457720 0.079527 0.045927
v -0.445062 0.106228 0.046513
v -0.441174 0.131392 0.035945
v -0.466702 0.090969 0.029907
v -0.462631 0.109138 0.024114
v -0.452153 0.139790 0.015109
v -0.442344 0.165632 0.007184
v -0.423729 0.017452 0.104668
v -0.415544 0.046773 0.100368
v -0.409126 0.067331 0.096098
v -0.435968 0.029086 0.093076
v -0.431135 0.046773 0.089365
v -0.420096 0.077818 0.082625
v -0.419521 0.106228 0.068160
v -0.408167 0.127823 0.064334
v -0.428955 0.114682 0.056733
v -0.420554 0.140002 0.046586
v -0.412153 0.162865 0.036440
v -0.432941 0.152181 0.027972
v -0.424078 0.174642 0.017882
v -0.415215 0.196152 0.007793
v -0.384838 0.015591 0.131286
v -0.378355 0.037567 0.127268
v -0.400429 0.015591 0.121674
v -0.389161 0.047486 0.116777
v -0.390198 0.077818 0.102458
v -0.380084 0.099744 0.097013
v -0.400872 0.088120 0.090657
v -0.390198 0.109738 0.085350
v -0.388251 0.139058 0.069310
v -0.376839 0.158101 0.063924
v -0.397627 0.148611 0.057228
v -0.389355 0.170877 0.046479
v -0.381084 0.193267 0.035730
v -0.401872 0.183653 0.028581
v -0.392444 0.205103 0.017663
v -0.383017 0.225353 0.006745
v -0.344438 0.001554 0.156510
v -0.356338 0.013406 0.146540
v -0.359291 0.047486 0.131777
v -0.349360 0.067539 0.127116
v -0.370148 0.058356 0.123169
v -0.359291 0.077942 0.118103
v -0.358366 0.109738 0.101545
v -0.347818 0.128283 0.095571
v -0.368606 0.120532 0.091199
v -0.358366 0.139335 0.084334
v -0.358597 0.164102 0.068200
v -0.358597 0.179693 0.057092
v -0.357281 0.203270 0.040237
v -0.346010 0.219817 0.032516
v -0.366798 0.214055 0.027533
v -0.357329 0.232979 0.015042
v -0.324825 0.013406 0.158802
v -0.312705 0.031959 0.156237
v -0.333493 0.022343 0.152338
v -0.324825 0.044121 0.146502
v -0.326863 0.077942 0.130937
v -0.316101 0.096530 0.126398
v -0.336889 0.088327 0.122174
v -0.326863 0.107810 0.115605
v -0.324326 0.139335 0.098440
v -0.311873 0.155940 0.093565
v -0.332662 0.149072 0.089374
v -0.326119 0.170686 0.077514
v -0.319576 0.191877 0.065654
v -0.340365 0.185432 0.061180
v -0.328948 0.202437 0.053600
v -0.327414 0.224585 0.036706
v -0.327414 0.240176 0.022959
v -0.296232 0.015591 0.166937
v -0.296232 0.037157 0.158625
v -0.296232 0.052748 0.151693
v -0.296232 0.077956 0.140252
v -0.296232 0.101063 0.128879
v -0.296232 0.116654 0.120077
v -0.296232 0.140320 0.106291
v -0.296232 0.158652 0.095352
v -0.296232 0.174243 0.084745
v -0.296232 0.196793 0.069154
v -0.296232 0.212384 0.057838
v -0.293893 0.234872 0.040280
v -0.302729 0.245936 0.028061
v -0.253471 0.005293 0.189319
v -0.264339 0.015649 0.179557
v -0.264872 0.047969 0.163646
v -0.254360 0.064806 0.157369
v -0.275148 0.059160 0.154390
v -0.264872 0.076302 0.148428
v -0.263091 0.110243 0.130894
v -0.251391 0.125489 0.125168
v -0.272180 0.121374 0.122808
v -0.263091 0.137658 0.115395
v -0.265050 0.164048 0.098912
v -0.265050 0.179639 0.088446
v -0.263792 0.204456 0.071180
v -0.252560 0.219166 0.063070
v -0.273348 0.216030 0.060691
v -0.263792 0.231283 0.050812
v -0.347860 0.252337 0.002550
v -0.327414 0.257450 0.007367
v -0.281940 0.249962 0.031593
v -0.293809 0.263993 0.014871
v -0.284890 0.282345 0.001682
v -0.265050 0.252289 0.033588
v -0.265050 0.267880 0.019824
v -0.265050 0.285147 0.004233
v -0.167493 0.015591 0.256927
v -0.161665 0.036923 0.253104
v -0.127534 0.006800 0.282094
v -0.138885 0.016553 0.273590
v -0.139217 0.047100 0.258324
v -0.128087 0.063940 0.251114
v -0.110825 0.016553 0.286100
v -0.101556 0.035701 0.283246
v -0.122344 0.027588 0.279721
v -0.110825 0.046367 0.272192
v -0.109138 0.067765 0.255178
v -0.077956 0.015591 0.296816
v -0.077956 0.041461 0.286880
v -0.077956 0.057052 0.276583
v -0.077956 0.072648 0.260992
v -0.046773 0.015591 0.303337
v -0.045797 0.049167 0.288511
v -0.034752 0.062829 0.281058
v -0.055540 0.061157 0.279654
v -0.045797 0.073123 0.267576
v -0.000001 0.000000 0.311823
v -0.012473 0.012473 0.307767
v -0.015591 0.046773 0.293233
v -0.015591 0.063777 0.281931
v -0.015591 0.078357 0.265050
v -0.219640 0.005286 0.219599
v -0.233125 0.015684 0.202897
v -0.225823 0.040032 0.195686
v -0.246611 0.026081 0.184839
v -0.235277 0.048965 0.179571
v -0.233867 0.070950 0.163790
v -0.233867 0.086541 0.151732
v -0.233867 0.109138 0.137998
v -0.233867 0.127888 0.126587
v -0.233867 0.143479 0.117398
v -0.233867 0.168565 0.101807
v -0.233867 0.184156 0.091549
v -0.233867 0.202685 0.078494
v -0.233867 0.221663 0.064902
v -0.233867 0.237255 0.052667
v -0.204722 0.015644 0.229122
v -0.195686 0.040032 0.225164
v -0.216474 0.026074 0.216474
v -0.206206 0.050426 0.206206
v -0.195938 0.068774 0.195938
v -0.216727 0.060820 0.185747
v -0.205527 0.080466 0.172911
v -0.194328 0.096122 0.160075
v -0.215116 0.092158 0.154760
v -0.203907 0.107565 0.145793
v -0.202685 0.130916 0.128536
v -0.202685 0.146507 0.119112
v -0.202010 0.174173 0.101717
v -0.191165 0.187560 0.093865
v -0.211953 0.186348 0.093052
v -0.202010 0.199847 0.084414
v -0.202685 0.224420 0.066910
v -0.202685 0.240011 0.055010
v -0.183084 0.015591 0.246433
v -0.173435 0.048872 0.235262
v -0.164418 0.067437 0.224573
v -0.185206 0.060820 0.216727
v -0.171387 0.078499 0.202558
v -0.157569 0.094194 0.188389
v -0.178357 0.089562 0.180863
v -0.169379 0.099114 0.170882
v -0.171503 0.115611 0.146809
v -0.171503 0.133386 0.131217
v -0.171503 0.148977 0.120314
v -0.171503 0.171503 0.105810
v -0.171503 0.188665 0.094634
v -0.171503 0.204256 0.083560
v -0.171503 0.225706 0.067969
v -0.171503 0.241297 0.056002
v -0.148875 0.057711 0.245361
v -0.139217 0.071984 0.234527
v -0.140320 0.088798 0.210151
v -0.140320 0.097483 0.194559
v -0.140320 0.108390 0.171503
v -0.140320 0.120044 0.150510
v -0.140320 0.135397 0.134919
v -0.140320 0.150988 0.120871
v -0.140320 0.171503 0.107011
v -0.140320 0.189631 0.095279
v -0.140320 0.205222 0.084369
v -0.140320 0.226734 0.068777
v -0.140320 0.242325 0.056687
v -0.110308 0.084789 0.232845
v -0.100694 0.095610 0.221770
v -0.121482 0.092537 0.216541
v -0.110308 0.101737 0.204762
v -0.106752 0.118064 0.168807
v -0.094767 0.124981 0.156616
v -0.115555 0.122821 0.153490
v -0.106752 0.134265 0.141986
v -0.109138 0.152051 0.121082
v -0.109138 0.171503 0.106804
v -0.109138 0.189045 0.094860
v -0.109138 0.204636 0.084089
v -0.109138 0.226545 0.068498
v -0.109138 0.242136 0.056723
v -0.077956 0.088239 0.241641
v -0.077956 0.098109 0.226050
v -0.077956 0.109821 0.202685
v -0.077956 0.120850 0.176345
v -0.077956 0.126489 0.160753
v -0.077956 0.138962 0.140320
v -0.077956 0.152793 0.121441
v -0.075487 0.174560 0.103733
v -0.084235 0.187940 0.094120
v -0.063447 0.186993 0.093479
v -0.075487 0.200075 0.085007
v -0.077956 0.224991 0.067332
v -0.077956 0.240582 0.055616
v -0.046773 0.091056 0.245659
v -0.046773 0.100471 0.230068
v -0.046773 0.114229 0.202685
v -0.046773 0.122896 0.182184
v -0.046773 0.128477 0.166593
v -0.046773 0.140735 0.140320
v -0.046773 0.152579 0.120902
v -0.046773 0.170112 0.105311
v -0.046773 0.185703 0.092650
v -0.046773 0.202685 0.080678
v -0.046773 0.223017 0.065984
v -0.046773 0.238609 0.053850
v -0.015591 0.092536 0.247911
v -0.015591 0.101750 0.232320
v -0.015591 0.116636 0.202685
v -0.015591 0.124025 0.185101
v -0.015591 0.129290 0.169510
v -0.015591 0.140426 0.140320
v -0.015591 0.151457 0.119206
v -0.015591 0.167121 0.103615
v -0.015591 0.182713 0.090410
v -0.015591 0.202685 0.076512
v -0.015591 0.220459 0.064058
v -0.015591 0.236050 0.051678
v -0.233867 0.256181 0.037076
v -0.233867 0.271772 0.023112
v -0.233867 0.288695 0.007521
v -0.202685 0.259193 0.039419
v -0.202685 0.274784 0.025980
v -0.202685 0.291570 0.010388
v -0.171503 0.260743 0.040411
v -0.171503 0.276334 0.027540
v -0.171503 0.293650 0.011949
v -0.140320 0.261244 0.041096
v -0.140320 0.276835 0.027879
v -0.140320 0.294373 0.012287
v -0.109138 0.261402 0.041132
v -0.109138 0.276993 0.027960
v -0.109138 0.293979 0.012369
v -0.077956 0.260515 0.040025
v -0.077956 0.276106 0.027365
v -0.077956 0.293183 0.011774
v -0.046773 0.258298 0.038259
v -0.046773 0.273889 0.025631
v -0.046773 0.291772 0.010040
v -0.015591 0.255426 0.036087
v -0.015591 0.271018 0.023111
v -0.015591 0.289353 0.007520
v -0.350500 -0.256768 -0.015591
v -0.345716 -0.252102 -0.035112
v -0.317273 -0.284729 -0.015591
v -0.332864 -0.272360 -0.015591
v -0.312558 -0.281182 -0.032090
v -0.325155 -0.263298 -0.043995
v -0.316963 -0.253705 -0.068541
v -0.283644 -0.314052 -0.004597
v -0.294916 -0.300865 -0.015231
v -0.294257 -0.286208 -0.044200
v -0.303334 -0.274493 -0.052879
v -0.282546 -0.281910 -0.064409
v -0.295227 -0.264366 -0.076869
v -0.287120 -0.254239 -0.099071
v -0.265534 -0.320718 -0.015231
v -0.276250 -0.308897 -0.025385
v -0.255462 -0.315560 -0.037891
v -0.265534 -0.303274 -0.047680
v -0.262665 -0.286762 -0.076064
v -0.271470 -0.275028 -0.085198
v -0.250682 -0.281377 -0.094442
v -0.262460 -0.263534 -0.107150
v -0.253450 -0.252041 -0.127866
v -0.469444 -0.097607 -0.009146
v -0.474222 -0.080742 -0.017961
v -0.486318 -0.046773 -0.015591
v -0.493079 -0.015591 -0.015591
v -0.472509 -0.073255 -0.046773
v -0.482738 -0.046773 -0.046773
v -0.490992 -0.015591 -0.046773
v -0.469943 -0.067045 -0.067664
v -0.473528 -0.046638 -0.078017
v -0.483347 -0.015591 -0.077956
v -0.469763 -0.036154 -0.097351
v -0.472590 -0.013541 -0.108302
v -0.468514 -0.001780 -0.126081
v -0.437864 -0.158039 -0.005999
v -0.445276 -0.142565 -0.016072
v -0.463058 -0.108456 -0.017961
v -0.467501 -0.092993 -0.029935
v -0.441601 -0.132708 -0.046773
v -0.454685 -0.109138 -0.046773
v -0.465228 -0.088846 -0.046773
v -0.437635 -0.126430 -0.064503
v -0.442788 -0.108054 -0.076120
v -0.459418 -0.077646 -0.078017
v -0.465352 -0.056942 -0.088452
v -0.438575 -0.096936 -0.097211
v -0.443813 -0.077109 -0.108218
v -0.459044 -0.046638 -0.108302
v -0.463961 -0.022568 -0.118139
v -0.438619 -0.066151 -0.127617
v -0.441810 -0.043737 -0.138935
v -0.456141 -0.013541 -0.138013
v -0.436628 -0.031318 -0.156007
v -0.440482 -0.015591 -0.160943
v -0.410130 -0.193593 -0.015591
v -0.427226 -0.169661 -0.016072
v -0.435450 -0.154455 -0.026787
v -0.406488 -0.188516 -0.033605
v -0.414313 -0.171814 -0.045109
v -0.431301 -0.148299 -0.046773
v -0.409865 -0.161627 -0.070040
v -0.420962 -0.140059 -0.077666
v -0.432060 -0.117725 -0.085291
v -0.411271 -0.132901 -0.101384
v -0.421688 -0.109456 -0.109692
v -0.432105 -0.086939 -0.117999
v -0.411317 -0.101187 -0.131823
v -0.420712 -0.077741 -0.140114
v -0.430107 -0.052106 -0.148405
v -0.409318 -0.068544 -0.160348
v -0.418352 -0.042621 -0.168572
v -0.427021 -0.015591 -0.176534
v -0.406598 -0.033136 -0.188413
v -0.411430 -0.015591 -0.193367
v -0.381996 -0.225971 -0.015591
v -0.397587 -0.209184 -0.015591
v -0.377054 -0.221177 -0.036559
v -0.389214 -0.201845 -0.045476
v -0.401374 -0.182415 -0.054393
v -0.380586 -0.194385 -0.070937
v -0.392031 -0.173586 -0.080882
v -0.403476 -0.153689 -0.090828
v -0.380565 -0.162547 -0.109138
v -0.396713 -0.142105 -0.110722
v -0.403226 -0.121975 -0.122173
v -0.374191 -0.155915 -0.124733
v -0.380378 -0.140320 -0.132068
v -0.392521 -0.112629 -0.143561
v -0.402603 -0.089332 -0.152611
v -0.381815 -0.103282 -0.163543
v -0.390776 -0.079098 -0.172339
v -0.399737 -0.053925 -0.181136
v -0.378949 -0.068863 -0.191481
v -0.387364 -0.043090 -0.200341
v -0.395682 -0.015591 -0.208958
v -0.374991 -0.032256 -0.218931
v -0.380090 -0.015591 -0.223560
v -0.366091 -0.241562 -0.015591
v -0.358320 -0.233115 -0.046229
v -0.370923 -0.215173 -0.057347
v -0.350135 -0.224264 -0.070945
v -0.361417 -0.205635 -0.081335
v -0.372698 -0.185544 -0.091725
v -0.349737 -0.193900 -0.109138
v -0.365328 -0.178138 -0.109138
v -0.343077 -0.187166 -0.124798
v -0.355521 -0.168386 -0.130749
v -0.361337 -0.143135 -0.149050
v -0.373558 -0.124070 -0.155300
v -0.352770 -0.134617 -0.163957
v -0.361834 -0.112543 -0.174144
v -0.370898 -0.089651 -0.184331
v -0.350110 -0.101016 -0.192773
v -0.358392 -0.077714 -0.202522
v -0.366675 -0.053044 -0.212270
v -0.345886 -0.065776 -0.220579
v -0.357207 -0.044300 -0.225149
v -0.358531 -0.016647 -0.240075
v -0.337752 -0.245053 -0.055900
v -0.329230 -0.235390 -0.080137
v -0.341496 -0.216884 -0.091733
v -0.320708 -0.225727 -0.102134
v -0.329627 -0.210220 -0.111172
v -0.327414 -0.193659 -0.131250
v -0.330216 -0.173505 -0.148395
v -0.342479 -0.155405 -0.155478
v -0.321691 -0.164446 -0.163995
v -0.330923 -0.143902 -0.174370
v -0.340155 -0.121804 -0.184745
v -0.319367 -0.132399 -0.193168
v -0.328230 -0.110069 -0.203365
v -0.337093 -0.086564 -0.213562
v -0.316305 -0.098333 -0.221566
v -0.326985 -0.076884 -0.227685
v -0.329024 -0.049589 -0.243283
v -0.340492 -0.027746 -0.247562
v -0.307908 -0.246515 -0.089330
v -0.298350 -0.235359 -0.110997
v -0.309580 -0.216563 -0.122922
v -0.288792 -0.224204 -0.131192
v -0.299233 -0.205171 -0.142667
v -0.309674 -0.185235 -0.154142
v -0.288885 -0.193780 -0.162355
v -0.298808 -0.173528 -0.173569
v -0.308731 -0.153188 -0.184783
v -0.287943 -0.161821 -0.191903
v -0.296537 -0.140454 -0.202929
v -0.305131 -0.119121 -0.213956
v -0.284342 -0.127719 -0.220481
v -0.295335 -0.108892 -0.227212
v -0.299048 -0.080162 -0.244416
v -0.311319 -0.061859 -0.249153
v -0.274238 -0.244992 -0.119859
v -0.264516 -0.233563 -0.139923
v -0.275583 -0.214568 -0.151981
v -0.254794 -0.222134 -0.159513
v -0.264591 -0.202229 -0.171328
v -0.274387 -0.182610 -0.183144
v -0.253599 -0.189889 -0.189529
v -0.262396 -0.169605 -0.201110
v -0.271194 -0.148508 -0.212691
v -0.250405 -0.156600 -0.218833
v -0.262500 -0.138996 -0.224971
v -0.267153 -0.110547 -0.242749
v -0.278949 -0.092027 -0.248464
v -0.348093 -0.006957 -0.253208
v -0.319704 -0.041071 -0.255114
v -0.326717 -0.014608 -0.264555
v -0.312942 -0.001470 -0.281402
v -0.290531 -0.071239 -0.255063
v -0.297046 -0.047567 -0.265483
v -0.303561 -0.022258 -0.275902
v -0.282773 -0.033276 -0.281819
v -0.294393 -0.013355 -0.285723
v -0.258161 -0.101092 -0.254574
v -0.265174 -0.078118 -0.265213
v -0.272187 -0.054064 -0.275852
v -0.251398 -0.064209 -0.281740
v -0.263095 -0.044911 -0.286099
v -0.263825 -0.014471 -0.301831
v -0.252615 -0.003330 -0.313454
v -0.225823 -0.347098 -0.008037
v -0.235277 -0.337337 -0.017295
v -0.234733 -0.321712 -0.047680
v -0.245703 -0.309625 -0.058679
v -0.224915 -0.315428 -0.067728
v -0.234733 -0.302483 -0.078055
v -0.233867 -0.286205 -0.100591
v -0.233867 -0.273612 -0.116182
v -0.233867 -0.258021 -0.134550
v -0.204342 -0.353510 -0.017295
v -0.215841 -0.341750 -0.028825
v -0.195053 -0.347031 -0.038888
v -0.204342 -0.337288 -0.048279
v -0.201287 -0.320167 -0.078055
v -0.210750 -0.308113 -0.088516
v -0.189961 -0.313217 -0.095383
v -0.202695 -0.296326 -0.109108
v -0.215430 -0.279081 -0.122833
v -0.194641 -0.284540 -0.129395
v -0.206073 -0.266805 -0.142434
v -0.196716 -0.254529 -0.160950
v -0.163731 -0.377064 -0.005968
v -0.173076 -0.368442 -0.016054
v -0.172651 -0.352113 -0.048279
v -0.183811 -0.341520 -0.059676
v -0.163023 -0.345967 -0.066817
v -0.172651 -0.334141 -0.077509
v -0.171503 -0.317448 -0.101269
v -0.171503 -0.305851 -0.116860
v -0.171503 -0.290260 -0.135659
v -0.171503 -0.276292 -0.151250
v -0.171503 -0.260701 -0.167304
v -0.139960 -0.381095 -0.016054
v -0.150113 -0.371985 -0.026756
v -0.129325 -0.375933 -0.034690
v -0.139960 -0.366263 -0.045760
v -0.140320 -0.350342 -0.073137
v -0.140320 -0.339527 -0.088728
v -0.141228 -0.323039 -0.111095
v -0.152227 -0.310355 -0.122795
v -0.131439 -0.314366 -0.127843
v -0.143117 -0.297412 -0.141634
v -0.154795 -0.280165 -0.155425
v -0.134007 -0.284469 -0.159974
v -0.144701 -0.267012 -0.173413
v -0.134607 -0.253858 -0.191491
v -0.109138 -0.391857 -0.015591
v -0.109138 -0.379197 -0.041406
v -0.109138 -0.371402 -0.056997
v -0.111658 -0.355174 -0.080784
v -0.123733 -0.342656 -0.093063
v -0.102945 -0.346213 -0.098080
v -0.111658 -0.335596 -0.108739
v -0.109138 -0.318415 -0.132695
v -0.109138 -0.304872 -0.148286
v -0.109138 -0.289281 -0.165133
v -0.109138 -0.274618 -0.180724
v -0.109138 -0.259027 -0.196446
v -0.071127 -0.407384 -0.004543
v -0.080095 -0.400168 -0.015199
v -0.080764 -0.383215 -0.049729
v -0.093031 -0.374047 -0.062094
v -0.072243 -0.376711 -0.066452
v -0.080764 -0.367219 -0.077290
v -0.077956 -0.349992 -0.103420
v -0.077956 -0.338954 -0.119011
v -0.075776 -0.321339 -0.141706
v -0.084717 -0.309121 -0.153024
v -0.063929 -0.312296 -0.156422
v -0.075522 -0.295496 -0.170677
v -0.087116 -0.278605 -0.184933
v -0.066327 -0.281871 -0.188417
v -0.076084 -0.264493 -0.202185
v -0.065052 -0.250381 -0.219069
v -0.046773 -0.410131 -0.010685
v -0.046773 -0.403015 -0.026276
v -0.046773 -0.392972 -0.046773
v -0.046773 -0.379735 -0.071342
v -0.046773 -0.369688 -0.086933
v -0.046797 -0.352630 -0.111198
v -0.057207 -0.341751 -0.122966
v -0.036419 -0.344258 -0.126433
v -0.046797 -0.332025 -0.138224
v -0.046773 -0.314629 -0.158928
v -0.046773 -0.300146 -0.174519
v -0.046773 -0.284554 -0.191300
v -0.046773 -0.268765 -0.206891
v -0.046773 -0.253174 -0.221484
v -0.017266 -0.411794 -0.018295
v -0.028777 -0.405036 -0.030492
v -0.007988 -0.406480 -0.033408
v -0.017266 -0.399411 -0.044990
v -0.013150 -0.381027 -0.079567
v -0.021916 -0.372474 -0.091036
v -0.001128 -0.374395 -0.093839
v -0.013150 -0.363344 -0.106195
v -0.015591 -0.346326 -0.129338
v -0.015591 -0.334109 -0.144929
v -0.015591 -0.318518 -0.163098
v -0.015591 -0.303980 -0.178689
v -0.015591 -0.288389 -0.195303
v -0.015591 -0.272981 -0.210894
v -0.015591 -0.257390 -0.225212
v -0.233867 -0.244243 -0.150141
v -0.233867 -0.228652 -0.165711
v -0.233867 -0.211800 -0.181302
v -0.233867 -0.196209 -0.195227
v -0.233867 -0.178063 -0.210818
v -0.233867 -0.162472 -0.223529
v -0.234813 -0.140228 -0.239989
v -0.245837 -0.121880 -0.247460
v -0.217504 -0.249041 -0.155474
v -0.206624 -0.236089 -0.173557
v -0.216532 -0.217241 -0.186163
v -0.195744 -0.223137 -0.191799
v -0.205155 -0.204198 -0.204045
v -0.214567 -0.184759 -0.216291
v -0.193779 -0.191155 -0.221527
v -0.201581 -0.170765 -0.233519
v -0.209384 -0.150561 -0.245512
v -0.171503 -0.245129 -0.182896
v -0.171503 -0.229538 -0.197765
v -0.171503 -0.212745 -0.213356
v -0.171503 -0.197154 -0.226320
v -0.171503 -0.177107 -0.241911
v -0.155395 -0.249219 -0.186852
v -0.144116 -0.235545 -0.204448
v -0.153625 -0.217234 -0.217405
v -0.132837 -0.221870 -0.221261
v -0.140610 -0.202848 -0.233900
v -0.148382 -0.183312 -0.246538
v -0.109138 -0.242347 -0.212037
v -0.109138 -0.226756 -0.225429
v -0.109138 -0.208093 -0.241020
v -0.085840 -0.246776 -0.215954
v -0.076450 -0.235376 -0.228517
v -0.077956 -0.214275 -0.246073
v -0.048336 -0.232155 -0.239148
v -0.059772 -0.217494 -0.248786
v -0.015591 -0.239323 -0.240803
v -0.225049 -0.129773 -0.252945
v -0.234813 -0.110547 -0.260784
v -0.233867 -0.086989 -0.276592
v -0.233867 -0.071398 -0.286106
v -0.232756 -0.045443 -0.301578
v -0.242409 -0.024119 -0.308250
v -0.221621 -0.034163 -0.313471
v -0.232756 -0.014471 -0.317848
v -0.188596 -0.156771 -0.250094
v -0.200468 -0.140228 -0.256703
v -0.205636 -0.110036 -0.274960
v -0.217997 -0.093353 -0.280521
v -0.197209 -0.100240 -0.284931
v -0.202643 -0.077927 -0.296274
v -0.208077 -0.054951 -0.307617
v -0.187289 -0.062501 -0.311902
v -0.199684 -0.045443 -0.316303
v -0.200552 -0.013264 -0.332786
v -0.188736 -0.001318 -0.343669
v -0.171503 -0.161516 -0.253699
v -0.171212 -0.138932 -0.270096
v -0.181413 -0.121028 -0.278200
v -0.160625 -0.127613 -0.282658
v -0.171212 -0.110036 -0.289642
v -0.171503 -0.083682 -0.305971
v -0.171503 -0.068091 -0.315066
v -0.171503 -0.046773 -0.326633
v -0.171503 -0.023296 -0.338981
v -0.171503 -0.007705 -0.346750
v -0.127594 -0.188463 -0.250575
v -0.138921 -0.172352 -0.258676
v -0.140320 -0.149030 -0.275734
v -0.140320 -0.133439 -0.286434
v -0.140478 -0.107780 -0.302965
v -0.150977 -0.090652 -0.310124
v -0.130189 -0.096481 -0.313636
v -0.140478 -0.079337 -0.320266
v -0.142258 -0.047166 -0.337460
v -0.153943 -0.029744 -0.342294
v -0.133155 -0.037033 -0.345963
v -0.142258 -0.017846 -0.352036
v -0.109138 -0.192502 -0.253910
v -0.109928 -0.170013 -0.271029
v -0.120848 -0.154247 -0.279474
v -0.100060 -0.158626 -0.282490
v -0.109928 -0.142440 -0.290432
v -0.109138 -0.117201 -0.307084
v -0.109138 -0.101609 -0.316798
v -0.107049 -0.075325 -0.333084
v -0.116050 -0.057822 -0.340624
v -0.095262 -0.063177 -0.343470
v -0.107049 -0.047166 -0.348774
v -0.106939 -0.013083 -0.365626
v -0.095079 -0.001016 -0.374631
v -0.077956 -0.198684 -0.258916
v -0.077956 -0.178578 -0.274507
v -0.077956 -0.162987 -0.285517
v -0.077695 -0.138421 -0.302272
v -0.087915 -0.122152 -0.310192
v -0.067127 -0.126760 -0.313204
v -0.077695 -0.110710 -0.320159
v -0.077956 -0.082754 -0.336798
v -0.077956 -0.067162 -0.345683
v -0.077956 -0.046773 -0.356984
v -0.077956 -0.021654 -0.369897
v -0.077956 -0.006063 -0.376820
v -0.038984 -0.220619 -0.251468
v -0.048336 -0.205334 -0.261546
v -0.046773 -0.184287 -0.278652
v -0.046773 -0.168696 -0.289473
v -0.046773 -0.146059 -0.305064
v -0.046773 -0.130468 -0.315678
v -0.046773 -0.109138 -0.328966
v -0.046773 -0.089448 -0.340702
v -0.046773 -0.073857 -0.349418
v -0.045857 -0.044547 -0.365934
v -0.055640 -0.027856 -0.372669
v -0.034851 -0.032668 -0.374975
v -0.045857 -0.016713 -0.379661
v -0.015591 -0.223732 -0.254076
v -0.018579 -0.201279 -0.271832
v -0.030965 -0.187025 -0.280592
v -0.010177 -0.189948 -0.282847
v -0.018579 -0.174580 -0.291784
v -0.015591 -0.151028 -0.308506
v -0.015591 -0.135436 -0.318857
v -0.017506 -0.107569 -0.335938
v -0.029176 -0.092890 -0.342637
v -0.008388 -0.096129 -0.344551
v -0.017506 -0.080680 -0.351716
v -0.015591 -0.051629 -0.368326
v -0.015591 -0.036038 -0.376656
v -0.015591 -0.015591 -0.385918
v -0.499234 0.057733 -0.030122
v -0.499234 0.064503 -0.030122
v -0.498982 0.030881 -0.060897
v -0.499474 0.047113 -0.049011
v -0.499565 0.068263 -0.046773
v -0.498982 0.030881 -0.062650
v -0.499375 0.046773 -0.065469
v -0.499463 0.068090 -0.066219
v -0.495463 0.015591 -0.015591
v -0.495945 0.047113 -0.018073
v -0.493613 0.076121 -0.018073
v -0.484379 0.109138 -0.015591
v -0.473420 0.138804 -0.016371
v -0.469985 0.160544 -0.027286
v -0.496631 0.018529 -0.049011
v -0.498523 0.036945 -0.040109
v -0.497588 0.083854 -0.046773
v -0.492835 0.109138 -0.046773
v -0.484300 0.140320 -0.046773
v -0.473052 0.171164 -0.048022
v -0.468961 0.189400 -0.059248
v -0.492997 0.018529 -0.075008
v -0.496343 0.046773 -0.081060
v -0.497427 0.078273 -0.077150
v -0.494998 0.109138 -0.077956
v -0.490019 0.140320 -0.077956
v -0.480452 0.171503 -0.077956
v -0.470963 0.193338 -0.077956
v -0.481456 0.015591 -0.109138
v -0.488174 0.046773 -0.109138
v -0.491033 0.077956 -0.109138
v -0.491754 0.109138 -0.109138
v -0.489347 0.140320 -0.109138
v -0.481796 0.171503 -0.109138
v -0.472171 0.198535 -0.109138
v -0.471532 0.015591 -0.131129
v -0.474231 0.047930 -0.141511
v -0.479848 0.077956 -0.140320
v -0.483134 0.109138 -0.140320
v -0.482246 0.140320 -0.140320
v -0.476968 0.171503 -0.140320
v -0.470651 0.197025 -0.140320
v -0.468666 0.059096 -0.157386
v -0.470613 0.077956 -0.161058
v -0.472383 0.109138 -0.165077
v -0.472347 0.140320 -0.165483
v -0.470666 0.171503 -0.162704
v -0.468786 0.191100 -0.159040
v -0.463132 0.148187 -0.006497
v -0.453298 0.173482 -0.013932
v -0.443464 0.195820 -0.021367
v -0.464252 0.181333 -0.038460
v -0.452895 0.203004 -0.046333
v -0.441538 0.224362 -0.054206
v -0.462000 0.208929 -0.077956
v -0.445867 0.234401 -0.078303
v -0.465767 0.214126 -0.109138
v -0.455241 0.233867 -0.109138
v -0.462217 0.015591 -0.146720
v -0.465608 0.038307 -0.152699
v -0.466173 0.212617 -0.140320
v -0.457380 0.233867 -0.140320
v -0.445443 0.016718 -0.172352
v -0.457510 0.047930 -0.169269
v -0.460883 0.077956 -0.176649
v -0.463900 0.109138 -0.180669
v -0.464708 0.140320 -0.181074
v -0.464179 0.171503 -0.178295
v -0.462615 0.201970 -0.170262
v -0.452333 0.233867 -0.171503
v -0.437938 0.027863 -0.188804
v -0.440958 0.046773 -0.193133
v -0.445292 0.077956 -0.198738
v -0.446452 0.109348 -0.205077
v -0.451599 0.140320 -0.202685
v -0.452061 0.171503 -0.202685
v -0.448723 0.202685 -0.202685
v -0.441221 0.231157 -0.202417
v -0.437377 0.119883 -0.219333
v -0.439035 0.140320 -0.221443
v -0.440025 0.171503 -0.222951
v -0.438259 0.202685 -0.220734
v -0.436684 0.218956 -0.218485
v -0.436003 0.186420 -0.000579
v -0.425115 0.206380 -0.011328
v -0.414226 0.227130 -0.022078
v -0.435015 0.216608 -0.033418
v -0.423624 0.236140 -0.043558
v -0.433022 0.245150 -0.068140
v -0.433010 0.007074 -0.183312
v -0.420166 0.017181 -0.201865
v -0.427557 0.046773 -0.208724
v -0.433158 0.077956 -0.214330
v -0.435578 0.099094 -0.217066
v -0.434670 0.239745 -0.212632
v -0.407322 0.027287 -0.220259
v -0.411966 0.046773 -0.224471
v -0.417567 0.077956 -0.230485
v -0.422003 0.107263 -0.234199
v -0.426291 0.140320 -0.237034
v -0.427393 0.171503 -0.238542
v -0.427339 0.202685 -0.236325
v -0.426513 0.231157 -0.230875
v -0.403805 0.216940 -0.001290
v -0.393233 0.236636 -0.012745
v -0.403449 0.247919 -0.032910
v -0.402043 0.006499 -0.214927
v -0.388933 0.017474 -0.232857
v -0.395435 0.046773 -0.240062
v -0.401682 0.077956 -0.246076
v -0.404942 0.094643 -0.249066
v -0.368648 0.246141 -0.003411
v -0.368882 0.007661 -0.245455
v -0.438934 0.252516 -0.088928
v -0.441617 0.256363 -0.109138
v -0.443350 0.259334 -0.140320
v -0.441200 0.257249 -0.171503
v -0.438056 0.252827 -0.191844
v -0.412234 0.257216 -0.053699
v -0.420657 0.265260 -0.078080
v -0.408292 0.283299 -0.088019
v -0.428453 0.271954 -0.109138
v -0.412862 0.288376 -0.109138
v -0.432207 0.274925 -0.140320
v -0.414535 0.297707 -0.142778
v -0.405651 0.312187 -0.154811
v -0.432350 0.272840 -0.171503
v -0.417601 0.296232 -0.171503
v -0.406212 0.312799 -0.171503
v -0.429745 0.263953 -0.202417
v -0.412671 0.297387 -0.201375
v -0.406212 0.312761 -0.190108
v -0.414095 0.266051 -0.235798
v -0.409438 0.287764 -0.226691
v -0.382661 0.256090 -0.024200
v -0.392231 0.267047 -0.044697
v -0.381014 0.284970 -0.056484
v -0.401802 0.278005 -0.067231
v -0.388905 0.294528 -0.079311
v -0.376008 0.313411 -0.091390
v -0.396681 0.303967 -0.109138
v -0.381090 0.317838 -0.109138
v -0.402359 0.309085 -0.134023
v -0.391091 0.321897 -0.142778
v -0.387079 0.331074 -0.170869
v -0.374885 0.343685 -0.180840
v -0.403242 0.308552 -0.210896
v -0.389063 0.327849 -0.203778
v -0.374885 0.343685 -0.196661
v -0.404235 0.277113 -0.247479
v -0.399136 0.297387 -0.235798
v -0.382837 0.323235 -0.233867
v -0.358263 0.264607 -0.015689
v -0.347878 0.283621 -0.027966
v -0.368666 0.276878 -0.035696
v -0.356132 0.294690 -0.048782
v -0.343597 0.312189 -0.061868
v -0.364385 0.305758 -0.070602
v -0.355833 0.317623 -0.079780
v -0.358513 0.333735 -0.108662
v -0.348063 0.346384 -0.118739
v -0.369739 0.339733 -0.140320
v -0.354148 0.350476 -0.140320
v -0.373592 0.342606 -0.160052
v -0.361358 0.353217 -0.170869
v -0.374127 0.342937 -0.217449
v -0.361679 0.355314 -0.205307
v -0.371384 0.338826 -0.233867
v -0.355793 0.356770 -0.233867
v -0.327414 0.273042 -0.007377
v -0.327414 0.288256 -0.022968
v -0.327414 0.303847 -0.041210
v -0.327414 0.316748 -0.056801
v -0.327284 0.332863 -0.078723
v -0.316803 0.345296 -0.089629
v -0.337591 0.340324 -0.097951
v -0.327284 0.351335 -0.108662
v -0.327127 0.366383 -0.139748
v -0.316542 0.377325 -0.149760
v -0.338045 0.370851 -0.171503
v -0.322454 0.380815 -0.171503
v -0.342018 0.373472 -0.202685
v -0.326426 0.383968 -0.202685
v -0.340950 0.372361 -0.233867
v -0.325359 0.383847 -0.233867
v -0.305678 0.278024 -0.002658
v -0.294342 0.295474 -0.016408
v -0.283006 0.312736 -0.030159
v -0.303795 0.308603 -0.034655
v -0.294533 0.321770 -0.045739
v -0.296232 0.339163 -0.068117
v -0.296232 0.349966 -0.083708
v -0.296506 0.365975 -0.109518
v -0.286295 0.376677 -0.120166
v -0.307083 0.372007 -0.128972
v -0.296506 0.382046 -0.139748
v -0.293404 0.396445 -0.174161
v -0.281124 0.405599 -0.186327
v -0.299979 0.399559 -0.202685
v -0.284387 0.407156 -0.202685
v -0.302131 0.399438 -0.233867
v -0.286540 0.408719 -0.233867
v -0.265050 0.300738 -0.011315
v -0.265050 0.315789 -0.026906
v -0.266263 0.333147 -0.048262
v -0.256678 0.345118 -0.059648
v -0.277466 0.342076 -0.063559
v -0.266263 0.354587 -0.075554
v -0.265050 0.371488 -0.098134
v -0.265050 0.380608 -0.113725
v -0.262610 0.396280 -0.142963
v -0.250590 0.405727 -0.155118
v -0.271378 0.402447 -0.165539
v -0.262610 0.408733 -0.174161
v -0.265050 0.416227 -0.202685
v -0.265050 0.420384 -0.233867
v -0.408429 0.115431 -0.252597
v -0.410700 0.140320 -0.255052
v -0.411802 0.171503 -0.256321
v -0.411748 0.202685 -0.256904
v -0.409823 0.233867 -0.255384
v -0.375824 0.028449 -0.250811
v -0.379844 0.046773 -0.254535
v -0.386091 0.077956 -0.260301
v -0.390291 0.107204 -0.265942
v -0.393981 0.140320 -0.270643
v -0.396776 0.171503 -0.271912
v -0.397730 0.202685 -0.272495
v -0.397125 0.233867 -0.270975
v -0.375641 0.119766 -0.281801
v -0.378390 0.140320 -0.284203
v -0.381185 0.171503 -0.287353
v -0.382139 0.202685 -0.288402
v -0.381534 0.233867 -0.287583
v -0.358531 0.017069 -0.257662
v -0.357835 0.046120 -0.271135
v -0.368136 0.077956 -0.275892
v -0.372585 0.098978 -0.279286
v -0.346933 0.056079 -0.283359
v -0.352545 0.077956 -0.287619
v -0.360753 0.109278 -0.290963
v -0.356543 0.139701 -0.301638
v -0.362964 0.171503 -0.302944
v -0.364754 0.202685 -0.303993
v -0.364216 0.233867 -0.303174
v -0.344780 0.149683 -0.313132
v -0.347372 0.171503 -0.314868
v -0.349163 0.202685 -0.316586
v -0.348625 0.233867 -0.316691
v -0.334078 0.015591 -0.274289
v -0.340378 0.035291 -0.278816
v -0.318487 0.015591 -0.285257
v -0.328956 0.046120 -0.291141
v -0.326868 0.076541 -0.304330
v -0.337469 0.109138 -0.308264
v -0.341732 0.128895 -0.310886
v -0.316109 0.085992 -0.314495
v -0.321878 0.109138 -0.318375
v -0.329769 0.139701 -0.321251
v -0.327414 0.171503 -0.328459
v -0.325027 0.202215 -0.333976
v -0.329090 0.233867 -0.332282
v -0.313042 0.212296 -0.343801
v -0.313499 0.233867 -0.344163
v -0.294351 0.017245 -0.300725
v -0.304366 0.046773 -0.307319
v -0.310212 0.065204 -0.310819
v -0.282703 0.028742 -0.312969
v -0.288775 0.046773 -0.316790
v -0.298384 0.076541 -0.321995
v -0.294596 0.109380 -0.334821
v -0.303408 0.140320 -0.338217
v -0.308666 0.171503 -0.341006
v -0.310910 0.191508 -0.342393
v -0.283111 0.119935 -0.344353
v -0.287817 0.140320 -0.347215
v -0.293075 0.171503 -0.350701
v -0.298802 0.202215 -0.351115
v -0.296232 0.233867 -0.354779
v -0.273403 0.007953 -0.307960
v -0.263825 0.017245 -0.317246
v -0.262254 0.049521 -0.332026
v -0.271085 0.077956 -0.338126
v -0.277756 0.099147 -0.341417
v -0.249996 0.061746 -0.343259
v -0.255493 0.077956 -0.346269
v -0.266437 0.109380 -0.350412
v -0.265050 0.140320 -0.359387
v -0.263364 0.171202 -0.367234
v -0.269681 0.202685 -0.368137
v -0.271713 0.233867 -0.369212
v -0.251847 0.181396 -0.375476
v -0.254089 0.202685 -0.376731
v -0.256122 0.233867 -0.377848
v -0.407332 0.256325 -0.252263
v -0.395224 0.266051 -0.263614
v -0.382087 0.294171 -0.265177
v -0.377454 0.316712 -0.254867
v -0.377948 0.265050 -0.284420
v -0.374828 0.282402 -0.281412
v -0.371052 0.303191 -0.275656
v -0.364540 0.327229 -0.265177
v -0.348889 0.350207 -0.265050
v -0.362784 0.265050 -0.300012
v -0.358155 0.294719 -0.295546
v -0.349296 0.327414 -0.287905
v -0.344134 0.344332 -0.282075
v -0.347193 0.265050 -0.315564
v -0.345258 0.286248 -0.313921
v -0.334659 0.365799 -0.265050
v -0.319068 0.379575 -0.265050
v -0.340763 0.307036 -0.309680
v -0.335187 0.327414 -0.303496
v -0.324137 0.355447 -0.292867
v -0.313451 0.375831 -0.282870
v -0.324906 0.264953 -0.333048
v -0.329187 0.296478 -0.323218
v -0.319596 0.327414 -0.318779
v -0.314035 0.345774 -0.313802
v -0.312839 0.254495 -0.343754
v -0.299255 0.395166 -0.265050
v -0.283664 0.407459 -0.265050
v -0.305861 0.366562 -0.303658
v -0.293590 0.387696 -0.292654
v -0.281318 0.405842 -0.281650
v -0.310658 0.275283 -0.342209
v -0.308173 0.296232 -0.340084
v -0.301995 0.327414 -0.334370
v -0.293747 0.355650 -0.325688
v -0.285073 0.378772 -0.316785
v -0.298651 0.264953 -0.351694
v -0.292581 0.296232 -0.351302
v -0.286403 0.327414 -0.347233
v -0.281632 0.344738 -0.343884
v -0.265050 0.418508 -0.265050
v -0.273338 0.399560 -0.302438
v -0.263786 0.410659 -0.293719
v -0.274298 0.365526 -0.337574
v -0.263424 0.388544 -0.326083
v -0.252550 0.407458 -0.314592
v -0.272049 0.265050 -0.368896
v -0.269010 0.296232 -0.366893
v -0.262559 0.325782 -0.363807
v -0.264362 0.356518 -0.350021
v -0.253510 0.377527 -0.345575
v -0.256458 0.265050 -0.378243
v -0.253418 0.296232 -0.376602
v -0.250504 0.314300 -0.374777
v -0.233867 0.304286 -0.007248
v -0.233867 0.319741 -0.022839
v -0.233867 0.335332 -0.040313
v -0.233867 0.348363 -0.055905
v -0.236410 0.365884 -0.079462
v -0.227711 0.375981 -0.090860
v -0.248499 0.373993 -0.093832
v -0.236410 0.384144 -0.106191
v -0.233867 0.400879 -0.134272
v -0.233867 0.408366 -0.149863
v -0.233867 0.418126 -0.171503
v -0.231203 0.429897 -0.205205
v -0.219033 0.436796 -0.217278
v -0.237618 0.432626 -0.233867
v -0.222027 0.437682 -0.233867
v -0.202685 0.307162 -0.004725
v -0.202685 0.322243 -0.020316
v -0.202685 0.337835 -0.036741
v -0.202685 0.351675 -0.052333
v -0.202685 0.367266 -0.071951
v -0.202685 0.378328 -0.087543
v -0.200436 0.395210 -0.112014
v -0.188542 0.405632 -0.124325
v -0.209330 0.403705 -0.127852
v -0.200436 0.411364 -0.139076
v -0.202685 0.426085 -0.171503
v -0.202685 0.434380 -0.195167
v -0.202685 0.439160 -0.210758
v -0.202685 0.443374 -0.233867
v -0.171503 0.309241 -0.002597
v -0.171503 0.324127 -0.018188
v -0.171503 0.339718 -0.034849
v -0.171503 0.353346 -0.050440
v -0.171503 0.368937 -0.068900
v -0.171503 0.380990 -0.084491
v -0.171503 0.396581 -0.107226
v -0.171503 0.406511 -0.122817
v -0.171503 0.416600 -0.140320
v -0.172952 0.431852 -0.172587
v -0.163525 0.437916 -0.183704
v -0.184313 0.436054 -0.188461
v -0.172952 0.442399 -0.200387
v -0.171503 0.451610 -0.233867
v -0.140320 0.309964 -0.001739
v -0.140320 0.325363 -0.017331
v -0.140320 0.340954 -0.033508
v -0.140320 0.354276 -0.049099
v -0.140320 0.369867 -0.067562
v -0.140320 0.382406 -0.083153
v -0.140320 0.397997 -0.105003
v -0.140320 0.407881 -0.120594
v -0.140320 0.419544 -0.140320
v -0.140320 0.432624 -0.164266
v -0.140320 0.439828 -0.179857
v -0.140320 0.448313 -0.202685
v -0.140320 0.457127 -0.233867
v -0.109138 0.309570 -0.002128
v -0.109138 0.325598 -0.017719
v -0.109138 0.341189 -0.033116
v -0.109138 0.354591 -0.048708
v -0.109138 0.370183 -0.067409
v -0.109138 0.382526 -0.083000
v -0.109138 0.398117 -0.103594
v -0.109138 0.408996 -0.119185
v -0.109138 0.421344 -0.140320
v -0.109138 0.433309 -0.162002
v -0.109138 0.441242 -0.177594
v -0.109138 0.450845 -0.202685
v -0.109138 0.460090 -0.233867
v -0.077956 0.308774 -0.002995
v -0.077956 0.324554 -0.018586
v -0.077956 0.340145 -0.034105
v -0.077956 0.354299 -0.049696
v -0.077956 0.369890 -0.067820
v -0.077956 0.381963 -0.083411
v -0.077956 0.397554 -0.103913
v -0.077956 0.408986 -0.119504
v -0.077956 0.421179 -0.140320
v -0.077956 0.433154 -0.162301
v -0.077956 0.441328 -0.177892
v -0.077956 0.451639 -0.202685
v -0.077956 0.461918 -0.233867
v -0.046773 0.307363 -0.004376
v -0.046773 0.322795 -0.019967
v -0.046773 0.338386 -0.035957
v -0.046773 0.353141 -0.051548
v -0.046773 0.368732 -0.069129
v -0.046773 0.380738 -0.084720
v -0.046773 0.396329 -0.105730
v -0.046773 0.407818 -0.121321
v -0.046773 0.419527 -0.140320
v -0.046773 0.432670 -0.163469
v -0.046773 0.440705 -0.179060
v -0.046773 0.451052 -0.202685
v -0.046773 0.461691 -0.233867
v -0.015591 0.304944 -0.006500
v -0.015591 0.320540 -0.022091
v -0.015591 0.336131 -0.038435
v -0.015591 0.350886 -0.054026
v -0.015591 0.366477 -0.071606
v -0.015591 0.378935 -0.087197
v -0.014342 0.396391 -0.111295
v -0.023903 0.406558 -0.123128
v -0.003115 0.404864 -0.125447
v -0.014342 0.414370 -0.137633
v -0.015591 0.431320 -0.166398
v -0.015591 0.439099 -0.181989
v -0.015591 0.448405 -0.202685
v -0.015591 0.459336 -0.233867
v -0.231778 0.017564 -0.333090
v -0.240779 0.040958 -0.338872
v -0.219991 0.029274 -0.343796
v -0.231778 0.049521 -0.346552
v -0.233867 0.077956 -0.356475
v -0.232575 0.109367 -0.367321
v -0.242229 0.140320 -0.370769
v -0.247171 0.160608 -0.373126
v -0.221319 0.119914 -0.375600
v -0.226638 0.140320 -0.378069
v -0.235613 0.171202 -0.380814
v -0.233867 0.202685 -0.386686
v -0.233867 0.233867 -0.388963
v -0.209525 0.008486 -0.339375
v -0.200552 0.017564 -0.347110
v -0.202685 0.046773 -0.358160
v -0.203282 0.076941 -0.369141
v -0.214074 0.099126 -0.372535
v -0.193286 0.086658 -0.376609
v -0.203282 0.109367 -0.380067
v -0.202685 0.140320 -0.388595
v -0.202685 0.171503 -0.395072
v -0.201528 0.200862 -0.400637
v -0.208031 0.233867 -0.400894
v -0.190362 0.210041 -0.406798
v -0.192440 0.233867 -0.407706
v -0.171503 0.015591 -0.357676
v -0.172731 0.045503 -0.369716
v -0.183943 0.065870 -0.372956
v -0.163155 0.055051 -0.376958
v -0.172731 0.076941 -0.380983
v -0.171503 0.109138 -0.392189
v -0.170961 0.139414 -0.400770
v -0.181786 0.171503 -0.403346
v -0.186116 0.189253 -0.404997
v -0.160206 0.149204 -0.407007
v -0.166195 0.171503 -0.409244
v -0.174034 0.200862 -0.411537
v -0.171503 0.233867 -0.415939
v -0.141110 0.015991 -0.368243
v -0.152030 0.034262 -0.372975
v -0.131242 0.026652 -0.376194
v -0.141110 0.045503 -0.380818
v -0.140320 0.077956 -0.392735
v -0.141706 0.107660 -0.401761
v -0.153023 0.128415 -0.404457
v -0.132235 0.117069 -0.407698
v -0.141706 0.139414 -0.410740
v -0.140320 0.171503 -0.418013
v -0.140320 0.202685 -0.423357
v -0.140320 0.233867 -0.426680
v -0.115867 0.005864 -0.371557
v -0.106939 0.015991 -0.378609
v -0.109138 0.046773 -0.391045
v -0.110469 0.076991 -0.401724
v -0.121750 0.096281 -0.404529
v -0.100962 0.086742 -0.407438
v -0.110469 0.107660 -0.411144
v -0.109138 0.140320 -0.420844
v -0.109138 0.171503 -0.427543
v -0.108209 0.201850 -0.432792
v -0.116286 0.233867 -0.434038
v -0.097195 0.211687 -0.437595
v -0.100694 0.233867 -0.438653
v -0.077956 0.015591 -0.386124
v -0.078421 0.047759 -0.399671
v -0.089125 0.065954 -0.404255
v -0.068336 0.058810 -0.406826
v -0.078421 0.076991 -0.410223
v -0.077956 0.109138 -0.420003
v -0.074895 0.143390 -0.430424
v -0.083753 0.171503 -0.434366
v -0.090787 0.190899 -0.435940
v -0.062460 0.155831 -0.436573
v -0.068162 0.171503 -0.437817
v -0.079418 0.201850 -0.440163
v -0.077956 0.233867 -0.444112
v -0.046773 0.015591 -0.393332
v -0.046773 0.037523 -0.402672
v -0.046773 0.053114 -0.409154
v -0.046773 0.077956 -0.417614
v -0.046773 0.109138 -0.426948
v -0.046773 0.134010 -0.434079
v -0.046773 0.149601 -0.438195
v -0.046773 0.171503 -0.442359
v -0.046773 0.202685 -0.447368
v -0.046773 0.233867 -0.450818
v -0.016448 0.017042 -0.399893
v -0.027413 0.032798 -0.404681
v -0.006625 0.028403 -0.406580
v -0.016448 0.044624 -0.411426
v -0.015591 0.077956 -0.423416
v -0.016730 0.109876 -0.432854
v -0.027884 0.126789 -0.435998
v -0.007096 0.120762 -0.437745
v -0.016730 0.138438 -0.440748
v -0.015591 0.171503 -0.447827
v -0.015591 0.202685 -0.452945
v -0.015591 0.233867 -0.456249
v -0.238020 0.432010 -0.265050
v -0.222429 0.437940 -0.265050
v -0.231525 0.427713 -0.294497
v -0.219569 0.437140 -0.282946
v -0.240740 0.398315 -0.335380
v -0.231754 0.412186 -0.325957
v -0.246054 0.335088 -0.372037
v -0.234943 0.360331 -0.367448
v -0.231754 0.388664 -0.350844
v -0.219952 0.406535 -0.344365
v -0.233867 0.265050 -0.389710
v -0.233867 0.296232 -0.386851
v -0.234943 0.325782 -0.380411
v -0.225266 0.351094 -0.378057
v -0.202685 0.445074 -0.265050
v -0.213742 0.434266 -0.303735
v -0.203083 0.441597 -0.294497
v -0.203083 0.428438 -0.328231
v -0.192954 0.439217 -0.318382
v -0.216284 0.371882 -0.372929
v -0.204608 0.392205 -0.367507
v -0.202685 0.412533 -0.351189
v -0.208918 0.265050 -0.401246
v -0.207262 0.296232 -0.400028
v -0.200558 0.326799 -0.398015
v -0.204608 0.360331 -0.385006
v -0.195495 0.383428 -0.379209
v -0.193327 0.265050 -0.408093
v -0.191671 0.296232 -0.407447
v -0.188745 0.315994 -0.406194
v -0.171503 0.455022 -0.265050
v -0.171503 0.452634 -0.296232
v -0.182537 0.434544 -0.339170
v -0.171887 0.442880 -0.328231
v -0.185561 0.404217 -0.373346
v -0.173655 0.421982 -0.359618
v -0.161749 0.438588 -0.345891
v -0.183707 0.336782 -0.404116
v -0.172589 0.359941 -0.400732
v -0.173702 0.392205 -0.384912
v -0.164773 0.409420 -0.377748
v -0.171503 0.265050 -0.416582
v -0.171503 0.296232 -0.415252
v -0.172589 0.326799 -0.410199
v -0.162918 0.350443 -0.407849
v -0.140320 0.461337 -0.265050
v -0.140320 0.459929 -0.296232
v -0.140320 0.452598 -0.327414
v -0.140320 0.430291 -0.366722
v -0.140320 0.441916 -0.351131
v -0.153169 0.371231 -0.404268
v -0.141793 0.390005 -0.398962
v -0.140320 0.414700 -0.382595
v -0.140320 0.265050 -0.427376
v -0.140320 0.296232 -0.426254
v -0.140320 0.327414 -0.421724
v -0.141793 0.359941 -0.412388
v -0.132381 0.379762 -0.408430
v -0.106607 0.465663 -0.267020
v -0.094526 0.467864 -0.278727
v -0.111512 0.465303 -0.296232
v -0.095921 0.468206 -0.296232
v -0.107332 0.461733 -0.325314
v -0.095733 0.468233 -0.313520
v -0.119901 0.434549 -0.371743
v -0.109359 0.445603 -0.360248
v -0.117588 0.400550 -0.402625
v -0.108350 0.420813 -0.389699
v -0.099112 0.438853 -0.376773
v -0.117912 0.265050 -0.434478
v -0.116648 0.296232 -0.434039
v -0.108537 0.327845 -0.432244
v -0.109138 0.358597 -0.424375
v -0.107972 0.390005 -0.411918
v -0.096800 0.407078 -0.406521
v -0.102321 0.265050 -0.439151
v -0.101057 0.296232 -0.438797
v -0.097743 0.317738 -0.437838
v -0.077956 0.467197 -0.256526
v -0.077956 0.468708 -0.272117
v -0.077956 0.469895 -0.296232
v -0.077956 0.464441 -0.331881
v -0.077956 0.468922 -0.316290
v -0.077956 0.453467 -0.358597
v -0.077956 0.425491 -0.395135
v -0.077956 0.441170 -0.379544
v -0.088817 0.338527 -0.435579
v -0.078236 0.358199 -0.432757
v -0.077956 0.389779 -0.420197
v -0.077956 0.409900 -0.408620
v -0.077956 0.265050 -0.445067
v -0.077956 0.296232 -0.444305
v -0.078236 0.327845 -0.440079
v -0.068028 0.347541 -0.437718
v -0.046773 0.466935 -0.254205
v -0.046773 0.469245 -0.269796
v -0.046773 0.470630 -0.296232
v -0.046773 0.465588 -0.333759
v -0.046773 0.469120 -0.318168
v -0.046773 0.456592 -0.358597
v -0.046773 0.429127 -0.397989
v -0.046773 0.443147 -0.382398
v -0.053873 0.368329 -0.434892
v -0.044797 0.387078 -0.428122
v -0.046773 0.413535 -0.411668
v -0.046773 0.265050 -0.451703
v -0.046773 0.296232 -0.450833
v -0.046773 0.327414 -0.446649
v -0.044797 0.358199 -0.439452
v -0.033085 0.374884 -0.436914
v -0.015591 0.465622 -0.259543
v -0.015591 0.468761 -0.275134
v -0.015591 0.469663 -0.296232
v -0.015591 0.466290 -0.333614
v -0.015591 0.468636 -0.318023
v -0.015591 0.458785 -0.358597
v -0.015591 0.432209 -0.400740
v -0.015591 0.444639 -0.385149
v -0.015591 0.392982 -0.430112
v -0.015591 0.416618 -0.414521
v -0.015591 0.265050 -0.457027
v -0.015591 0.296232 -0.456073
v -0.015591 0.327414 -0.451873
v -0.015591 0.358597 -0.444200
v -0.015591 0.377391 -0.438155
v 0.000001 -0.000000 0.311823
v 0.015591 -0.063778 0.281931
v 0.015591 -0.046773 0.293233
v 0.012473 -0.012473 0.307767
v 0.015591 -0.078359 0.265050
v 0.034755 -0.062829 0.281059
v 0.045799 -0.049167 0.288512
v 0.046773 -0.015591 0.303337
v 0.045799 -0.073124 0.267576
v 0.055543 -0.061157 0.279654
v 0.077956 -0.041462 0.286880
v 0.077956 -0.015591 0.296816
v 0.077956 -0.072649 0.260993
v 0.077956 -0.057053 0.276584
v 0.101557 -0.035702 0.283247
v 0.110826 -0.016553 0.286100
v 0.109138 -0.067766 0.255179
v 0.110826 -0.046367 0.272192
v 0.122345 -0.027588 0.279721
v 0.127534 -0.006800 0.282094
v 0.128088 -0.063940 0.251114
v 0.139217 -0.047100 0.258324
v 0.138885 -0.016553 0.273590
v 0.161665 -0.036923 0.253104
v 0.167493 -0.015591 0.256927
v 0.015591 -0.317017 0.219872
v 0.015591 -0.296232 0.224697
v 0.015591 -0.265050 0.229284
v 0.015591 -0.379465 0.191237
v 0.015591 -0.358597 0.203416
v 0.015591 -0.332608 0.214864
v 0.015591 -0.409221 0.160818
v 0.015591 -0.395056 0.176409
v 0.015591 -0.420084 0.140320
v 0.015591 -0.430882 0.109138
v 0.015591 -0.434793 0.077956
v 0.015591 -0.432884 0.046773
v 0.015591 -0.426702 0.015591
v 0.032897 -0.313030 0.218629
v 0.044684 -0.294420 0.220340
v 0.046773 -0.265050 0.224084
v 0.040797 -0.376626 0.188973
v 0.049424 -0.361544 0.195920
v 0.044684 -0.325020 0.212429
v 0.053686 -0.303605 0.216490
v 0.046773 -0.407183 0.158067
v 0.049424 -0.388124 0.176244
v 0.061585 -0.373902 0.186925
v 0.046773 -0.417344 0.140320
v 0.046773 -0.430658 0.109138
v 0.046773 -0.435755 0.077956
v 0.046773 -0.434761 0.046773
v 0.046773 -0.429230 0.015591
v 0.064663 -0.282817 0.218749
v 0.068398 -0.265050 0.219548
v 0.077956 -0.355315 0.193668
v 0.077956 -0.327414 0.204974
v 0.076217 -0.294420 0.213849
v 0.083989 -0.265050 0.216284
v 0.065309 -0.405832 0.156431
v 0.076604 -0.392189 0.167235
v 0.077956 -0.370906 0.185267
v 0.076604 -0.412986 0.142555
v 0.086097 -0.404190 0.154440
v 0.077956 -0.428952 0.109138
v 0.077956 -0.434637 0.077956
v 0.077956 -0.434473 0.046773
v 0.077956 -0.429424 0.015591
v 0.103376 -0.349310 0.190460
v 0.111917 -0.330203 0.194951
v 0.109138 -0.296232 0.205080
v 0.109138 -0.265050 0.209613
v 0.109138 -0.384865 0.165341
v 0.111917 -0.359261 0.182042
v 0.124164 -0.342456 0.186890
v 0.109138 -0.411723 0.134427
v 0.109138 -0.400456 0.150018
v 0.109138 -0.423265 0.109138
v 0.109138 -0.430098 0.077956
v 0.109138 -0.431187 0.046773
v 0.109138 -0.427101 0.015591
v 0.133943 -0.321667 0.190354
v 0.142730 -0.298201 0.193475
v 0.140320 -0.265050 0.199660
v 0.140320 -0.378204 0.159457
v 0.140320 -0.358597 0.171611
v 0.142730 -0.330203 0.184094
v 0.154731 -0.309907 0.186676
v 0.132855 -0.408150 0.128737
v 0.142077 -0.395545 0.139607
v 0.142077 -0.413211 0.111256
v 0.153643 -0.404429 0.123062
v 0.140320 -0.424204 0.077956
v 0.140320 -0.427058 0.046773
v 0.140320 -0.424086 0.015591
v 0.161084 -0.289119 0.188942
v 0.166280 -0.265050 0.190741
v 0.156615 -0.374520 0.156194
v 0.168807 -0.357479 0.160793
v 0.171503 -0.327414 0.173938
v 0.171488 -0.298201 0.183151
v 0.181872 -0.265050 0.185147
v 0.168807 -0.383086 0.140503
v 0.177403 -0.367128 0.151018
v 0.171503 -0.408969 0.101480
v 0.171503 -0.400653 0.117071
v 0.171503 -0.416699 0.077956
v 0.171503 -0.420529 0.046773
v 0.171503 -0.418467 0.015591
v 0.190297 -0.346340 0.157751
v 0.201489 -0.325635 0.161376
v 0.202685 -0.296232 0.170012
v 0.202685 -0.265050 0.175686
v 0.194656 -0.379233 0.130230
v 0.202871 -0.359076 0.140850
v 0.211085 -0.334843 0.151469
v 0.189152 -0.406300 0.095398
v 0.202298 -0.390030 0.108825
v 0.215444 -0.371812 0.122253
v 0.194552 -0.408757 0.077956
v 0.210143 -0.401106 0.077956
v 0.204298 -0.409920 0.045521
v 0.215767 -0.404229 0.055080
v 0.204660 -0.409284 0.015942
v 0.216370 -0.404803 0.005781
v 0.220204 -0.314055 0.156975
v 0.224265 -0.296232 0.159037
v 0.230349 -0.265050 0.162041
v 0.227699 -0.351024 0.130681
v 0.234346 -0.327968 0.140629
v 0.239856 -0.296232 0.150245
v 0.245940 -0.265050 0.154106
v 0.227329 -0.380038 0.101464
v 0.237908 -0.362139 0.112746
v 0.248487 -0.341881 0.124027
v 0.236181 -0.385965 0.080215
v 0.248117 -0.373255 0.092115
v 0.219642 -0.405823 0.034291
v 0.231569 -0.399233 0.045521
v 0.219642 -0.405823 0.026569
v 0.231569 -0.400770 0.015942
v 0.015591 -0.233867 0.230624
v 0.015591 -0.202685 0.230136
v 0.015591 -0.171503 0.225848
v 0.015591 -0.144122 0.220153
v 0.015591 -0.108394 0.232440
v 0.015591 -0.092537 0.248031
v 0.015591 -0.128531 0.217880
v 0.015591 -0.123986 0.217880
v 0.046773 -0.233867 0.225338
v 0.046773 -0.202685 0.224743
v 0.046150 -0.171545 0.220953
v 0.035340 -0.149567 0.218872
v 0.046773 -0.106486 0.230178
v 0.046773 -0.091056 0.245770
v 0.056128 -0.161180 0.217443
v 0.046150 -0.139632 0.216654
v 0.046773 -0.122077 0.216874
v 0.071163 -0.233867 0.220149
v 0.069642 -0.202685 0.219840
v 0.066082 -0.181968 0.219087
v 0.077956 -0.102770 0.227115
v 0.077956 -0.088240 0.242707
v 0.086754 -0.233867 0.216830
v 0.085233 -0.202685 0.216475
v 0.077068 -0.171545 0.215022
v 0.077956 -0.140320 0.211018
v 0.077956 -0.118361 0.213988
v 0.103718 -0.098339 0.223190
v 0.112122 -0.085338 0.233697
v 0.109138 -0.233867 0.210784
v 0.109138 -0.202685 0.210130
v 0.109138 -0.171503 0.206903
v 0.109138 -0.140320 0.202370
v 0.112122 -0.108895 0.211057
v 0.124506 -0.093452 0.218178
v 0.139217 -0.072620 0.234527
v 0.148876 -0.057711 0.245361
v 0.140320 -0.233867 0.201156
v 0.140320 -0.202685 0.200743
v 0.140320 -0.171503 0.197757
v 0.142092 -0.139600 0.191922
v 0.142092 -0.111520 0.198476
v 0.140320 -0.089594 0.214918
v 0.153668 -0.128725 0.186362
v 0.153668 -0.123502 0.186362
v 0.164418 -0.067583 0.224573
v 0.173436 -0.048872 0.235263
v 0.183084 -0.015591 0.246433
v 0.168470 -0.233867 0.191611
v 0.167597 -0.202685 0.191497
v 0.163844 -0.171503 0.190096
v 0.159001 -0.149513 0.188235
v 0.163929 -0.102714 0.193109
v 0.174568 -0.079308 0.204918
v 0.185206 -0.060821 0.216727
v 0.184061 -0.233867 0.185954
v 0.183188 -0.202685 0.185567
v 0.179436 -0.171503 0.184153
v 0.170238 -0.139600 0.182174
v 0.173195 -0.111520 0.182555
v 0.184717 -0.091034 0.184954
v 0.195686 -0.040033 0.225164
v 0.204722 -0.015644 0.229122
v 0.195939 -0.070245 0.195939
v 0.206206 -0.050427 0.206207
v 0.216474 -0.026074 0.216474
v 0.202685 -0.233867 0.177888
v 0.202685 -0.202685 0.177228
v 0.202685 -0.171503 0.174833
v 0.202685 -0.140320 0.169649
v 0.202685 -0.109138 0.167633
v 0.204874 -0.079566 0.178889
v 0.216727 -0.060821 0.185618
v 0.219599 -0.005286 0.219599
v 0.225164 -0.040032 0.195686
v 0.229122 -0.015644 0.204722
v 0.236773 -0.234868 0.162136
v 0.236547 -0.202766 0.161918
v 0.231587 -0.171503 0.162183
v 0.226539 -0.140320 0.159658
v 0.220892 -0.109138 0.157167
v 0.224186 -0.077956 0.162852
v 0.235777 -0.049058 0.173642
v 0.246433 -0.015591 0.183084
v 0.249104 -0.245928 0.155726
v 0.248728 -0.192426 0.155538
v 0.247178 -0.171503 0.154805
v 0.242130 -0.140320 0.152545
v 0.236483 -0.109138 0.149512
v 0.239777 -0.077956 0.148879
v 0.246389 -0.058084 0.151680
v 0.256956 -0.321093 0.129789
v 0.266430 -0.296423 0.133911
v 0.265050 -0.265050 0.142778
v 0.265050 -0.351320 0.102053
v 0.266430 -0.329858 0.117768
v 0.277744 -0.306944 0.122574
v 0.258169 -0.378713 0.071327
v 0.267158 -0.367639 0.080215
v 0.267158 -0.381742 0.046666
v 0.278957 -0.372975 0.056989
v 0.265050 -0.386358 0.015591
v 0.283593 -0.286156 0.126799
v 0.286824 -0.265050 0.128992
v 0.282274 -0.344630 0.095196
v 0.288770 -0.327414 0.100963
v 0.297114 -0.297950 0.110187
v 0.302415 -0.265050 0.117510
v 0.288782 -0.351110 0.077956
v 0.305151 -0.329805 0.080352
v 0.310635 -0.309744 0.092343
v 0.281930 -0.375076 0.036200
v 0.296291 -0.360047 0.048337
v 0.310652 -0.341794 0.060473
v 0.283861 -0.376092 0.015591
v 0.299453 -0.366150 0.015591
v 0.316575 -0.288956 0.097800
v 0.322831 -0.265050 0.101918
v 0.320701 -0.321006 0.071555
v 0.329032 -0.299299 0.079996
v 0.338422 -0.265050 0.089404
v 0.317717 -0.347120 0.039685
v 0.329603 -0.329925 0.049979
v 0.341489 -0.309643 0.060273
v 0.322721 -0.350558 0.015591
v 0.338312 -0.338853 0.015591
v 0.347912 -0.288855 0.067650
v 0.353196 -0.265050 0.073813
v 0.347970 -0.318055 0.039485
v 0.358335 -0.296276 0.046888
v 0.368788 -0.265050 0.054761
v 0.353693 -0.323261 0.015591
v 0.369284 -0.304690 0.015591
v 0.375703 -0.282908 0.033503
v 0.380504 -0.265050 0.039170
v 0.380210 -0.289099 0.015591
v 0.395622 -0.264684 0.015453
v 0.408162 -0.254046 0.004968
v 0.250097 -0.225140 0.156252
v 0.250097 -0.213214 0.156252
v 0.253104 -0.037296 0.161665
v 0.256926 -0.015591 0.167493
v 0.262315 -0.234868 0.148440
v 0.262315 -0.202766 0.148708
v 0.265050 -0.171503 0.145040
v 0.265050 -0.140320 0.141096
v 0.267360 -0.107897 0.133284
v 0.260691 -0.077956 0.133287
v 0.260887 -0.047323 0.140900
v 0.273590 -0.016552 0.138885
v 0.279294 -0.096676 0.123849
v 0.276282 -0.077956 0.121819
v 0.276601 -0.046773 0.121696
v 0.279721 -0.027587 0.123685
v 0.290274 -0.233867 0.131120
v 0.292043 -0.202685 0.131596
v 0.290726 -0.171503 0.130556
v 0.287519 -0.140320 0.128871
v 0.284014 -0.117464 0.126731
v 0.282094 -0.006799 0.127534
v 0.305865 -0.233867 0.120660
v 0.307634 -0.202685 0.122073
v 0.306317 -0.171503 0.121308
v 0.303110 -0.140320 0.119207
v 0.295138 -0.107897 0.117629
v 0.296232 -0.077956 0.109520
v 0.297815 -0.048765 0.103922
v 0.289781 -0.016552 0.111630
v 0.309265 -0.039699 0.090887
v 0.306567 -0.015591 0.087186
v 0.330251 -0.233912 0.102983
v 0.327414 -0.202685 0.107565
v 0.327414 -0.171503 0.106828
v 0.329611 -0.141699 0.101844
v 0.322962 -0.109138 0.100923
v 0.316984 -0.077956 0.096839
v 0.312709 -0.060487 0.094094
v 0.342536 -0.244337 0.093132
v 0.341469 -0.132223 0.092477
v 0.338554 -0.109138 0.090401
v 0.332575 -0.077956 0.086763
v 0.324828 -0.048765 0.082628
v 0.327347 -0.017608 0.070214
v 0.337696 -0.008559 0.058564
v 0.343427 -0.223548 0.093912
v 0.344260 -0.202685 0.094630
v 0.344388 -0.171503 0.094658
v 0.343598 -0.153012 0.093949
v 0.357951 -0.233951 0.078620
v 0.359851 -0.202685 0.081111
v 0.359979 -0.171503 0.082038
v 0.355834 -0.141699 0.083061
v 0.360942 -0.108660 0.073161
v 0.354338 -0.077956 0.071172
v 0.348384 -0.046773 0.066302
v 0.344172 -0.029347 0.063140
v 0.372475 -0.244354 0.060300
v 0.372899 -0.097947 0.061336
v 0.369929 -0.077956 0.058919
v 0.363975 -0.046773 0.054460
v 0.358731 -0.015531 0.046583
v 0.373289 -0.001714 0.030528
v 0.376013 -0.223565 0.064108
v 0.377660 -0.202685 0.065520
v 0.378555 -0.171503 0.066447
v 0.377685 -0.140320 0.065650
v 0.375833 -0.118735 0.063766
v 0.388948 -0.231712 0.045915
v 0.393251 -0.202685 0.049241
v 0.394146 -0.171503 0.050874
v 0.393276 -0.140320 0.050176
v 0.387648 -0.108660 0.051123
v 0.391336 -0.079043 0.041540
v 0.382830 -0.046773 0.038869
v 0.377919 -0.022503 0.034602
v 0.401883 -0.239858 0.025756
v 0.402768 -0.069374 0.028795
v 0.398421 -0.046773 0.024808
v 0.388899 -0.013502 0.021025
v 0.405629 -0.219070 0.031530
v 0.407347 -0.202685 0.033650
v 0.408928 -0.171503 0.035282
v 0.408559 -0.140320 0.034585
v 0.407611 -0.109138 0.033492
v 0.406472 -0.090162 0.032251
v 0.411348 -0.231225 0.015453
v 0.419228 -0.202685 0.015591
v 0.426046 -0.170080 0.012925
v 0.424150 -0.140320 0.017039
v 0.425420 -0.108680 0.013179
v 0.416450 -0.079043 0.017277
v 0.414665 -0.046773 0.009217
v 0.409048 -0.015591 0.003385
v 0.437100 -0.158738 0.000753
v 0.437716 -0.140320 0.001448
v 0.437556 -0.118768 0.001177
v 0.000001 0.000000 0.311823
v 0.012473 0.012473 0.307767
v 0.015591 0.046773 0.293233
v 0.015591 0.063777 0.281931
v 0.015591 0.078357 0.265050
v 0.046773 0.015591 0.303337
v 0.045797 0.049167 0.288511
v 0.034752 0.062829 0.281058
v 0.055540 0.061157 0.279654
v 0.045797 0.073123 0.267576
v 0.077956 0.015591 0.296816
v 0.077956 0.041461 0.286880
v 0.077956 0.057052 0.276583
v 0.077956 0.072648 0.260992
v 0.110825 0.016552 0.286100
v 0.101556 0.035701 0.283246
v 0.122344 0.027587 0.279721
v 0.110825 0.046367 0.272192
v 0.109138 0.067765 0.255178
v 0.127534 0.006799 0.282094
v 0.138885 0.016552 0.273590
v 0.139217 0.047099 0.258324
v 0.128087 0.063940 0.251114
v 0.167493 0.015591 0.256927
v 0.161665 0.036923 0.253104
v 0.015591 0.092536 0.247911
v 0.015591 0.101750 0.232320
v 0.015591 0.116636 0.202685
v 0.015591 0.124025 0.185101
v 0.015591 0.129290 0.169510
v 0.015591 0.139041 0.140320
v 0.015591 0.150072 0.116941
v 0.015591 0.163809 0.101350
v 0.015591 0.179400 0.087402
v 0.013421 0.204145 0.070125
v 0.001580 0.218730 0.062704
v 0.022369 0.215513 0.060454
v 0.013421 0.231021 0.050435
v 0.046773 0.091056 0.245659
v 0.046773 0.100471 0.230068
v 0.046773 0.114229 0.202685
v 0.046773 0.122896 0.182184
v 0.046773 0.128475 0.166593
v 0.046773 0.136548 0.140320
v 0.046773 0.148393 0.113865
v 0.046773 0.160351 0.098273
v 0.046773 0.175943 0.084001
v 0.046773 0.195855 0.068410
v 0.046773 0.211446 0.057639
v 0.044494 0.235354 0.040088
v 0.053369 0.246739 0.028873
v 0.077956 0.088239 0.241641
v 0.077956 0.098109 0.226050
v 0.077956 0.109820 0.202685
v 0.077956 0.120850 0.176583
v 0.077956 0.126577 0.160992
v 0.077956 0.132477 0.140320
v 0.078128 0.147303 0.107164
v 0.067849 0.157607 0.095454
v 0.088637 0.154485 0.091885
v 0.078128 0.169402 0.081764
v 0.077956 0.190140 0.064474
v 0.077956 0.205731 0.053603
v 0.077956 0.226954 0.038012
v 0.077956 0.242546 0.025344
v 0.110308 0.084789 0.232845
v 0.100694 0.095609 0.221770
v 0.121482 0.092537 0.216541
v 0.110308 0.101737 0.204762
v 0.106954 0.117943 0.168998
v 0.095104 0.125100 0.156934
v 0.115893 0.122620 0.149295
v 0.106954 0.127537 0.139468
v 0.109138 0.138519 0.109138
v 0.109138 0.150879 0.087904
v 0.106035 0.171908 0.070328
v 0.093572 0.187104 0.062372
v 0.114360 0.182573 0.059304
v 0.108400 0.202344 0.046794
v 0.102441 0.222172 0.034285
v 0.123229 0.217584 0.030633
v 0.111356 0.233087 0.022136
v 0.148875 0.057711 0.245361
v 0.139217 0.071983 0.234527
v 0.140320 0.088798 0.210150
v 0.140320 0.097483 0.194559
v 0.140320 0.107714 0.171503
v 0.139468 0.119175 0.139468
v 0.128506 0.125905 0.128506
v 0.149295 0.122620 0.118074
v 0.139468 0.129262 0.108263
v 0.140320 0.145105 0.081532
v 0.140320 0.160570 0.065941
v 0.140320 0.176161 0.054741
v 0.140320 0.197647 0.039150
v 0.140320 0.213238 0.027316
v 0.139370 0.235116 0.010185
v 0.183084 0.015591 0.246433
v 0.173435 0.048871 0.235262
v 0.164417 0.067437 0.224572
v 0.185206 0.060820 0.216726
v 0.171387 0.078499 0.202558
v 0.157568 0.094194 0.188389
v 0.178357 0.089562 0.178357
v 0.169379 0.097537 0.169379
v 0.171503 0.107714 0.140320
v 0.170184 0.118149 0.108263
v 0.158911 0.125998 0.097286
v 0.179699 0.121665 0.089182
v 0.168079 0.138516 0.075891
v 0.156458 0.156250 0.062601
v 0.177247 0.151034 0.058129
v 0.170469 0.170893 0.046301
v 0.163691 0.191462 0.034472
v 0.184480 0.185535 0.030077
v 0.173052 0.202188 0.022450
v 0.171503 0.225249 0.005505
v 0.204722 0.015644 0.229122
v 0.195686 0.040032 0.225164
v 0.216474 0.026073 0.216474
v 0.206206 0.050426 0.206206
v 0.195938 0.068774 0.195938
v 0.216726 0.060820 0.185205
v 0.202558 0.078499 0.171387
v 0.188389 0.094194 0.157568
v 0.210150 0.088798 0.140320
v 0.194559 0.097483 0.140320
v 0.216540 0.092537 0.121482
v 0.204762 0.101953 0.110308
v 0.205217 0.117554 0.078455
v 0.196511 0.130246 0.068394
v 0.217299 0.124150 0.061795
v 0.205217 0.140512 0.054256
v 0.202685 0.164397 0.037064
v 0.202685 0.179989 0.026148
v 0.201611 0.203305 0.009377
v 0.190500 0.220296 0.001553
v 0.219599 0.005285 0.219599
v 0.229122 0.015644 0.204722
v 0.225164 0.040032 0.195686
v 0.246433 0.015591 0.183084
v 0.235262 0.048871 0.173435
v 0.224572 0.067437 0.164417
v 0.245360 0.057711 0.148875
v 0.234527 0.071983 0.139217
v 0.232845 0.084788 0.110308
v 0.221770 0.095627 0.100694
v 0.242558 0.088778 0.086668
v 0.232845 0.102296 0.076947
v 0.233867 0.118514 0.056719
v 0.232818 0.140235 0.040149
v 0.221725 0.158391 0.032866
v 0.242513 0.150572 0.027521
v 0.234739 0.172086 0.016154
v 0.226964 0.193324 0.004787
v 0.015591 0.251978 0.033294
v 0.015591 0.267570 0.020025
v 0.015591 0.285852 0.004434
v 0.032581 0.249874 0.031537
v 0.045839 0.264766 0.015351
v 0.038309 0.282773 0.001830
v 0.077956 0.260859 0.009752
v 0.109138 0.255012 0.004695
v 0.128342 0.251074 0.001342
v 0.256926 0.015591 0.167492
v 0.253104 0.036923 0.161665
v 0.273590 0.016552 0.138885
v 0.258323 0.047099 0.139217
v 0.251114 0.063940 0.128087
v 0.279721 0.027587 0.122344
v 0.272191 0.046366 0.110825
v 0.255178 0.067765 0.109138
v 0.276217 0.056489 0.087312
v 0.264322 0.077199 0.076596
v 0.252427 0.096233 0.065880
v 0.273215 0.086409 0.056082
v 0.264187 0.108319 0.045350
v 0.255159 0.129784 0.034618
v 0.275947 0.120405 0.028423
v 0.265352 0.140235 0.021417
v 0.265050 0.163273 0.005454
v 0.282094 0.006799 0.127534
v 0.286669 0.016552 0.110825
v 0.283291 0.035701 0.101556
v 0.304330 0.018310 0.077581
v 0.290138 0.046366 0.077333
v 0.283720 0.065620 0.066524
v 0.311528 0.030516 0.062090
v 0.306116 0.046773 0.057352
v 0.295874 0.077721 0.045625
v 0.287240 0.099617 0.035294
v 0.308029 0.089821 0.028971
v 0.297074 0.109662 0.022878
v 0.293659 0.138563 0.005819
v 0.281550 0.156646 0.000539
v 0.316908 0.009728 0.066936
v 0.327347 0.018310 0.054835
v 0.327563 0.045845 0.040797
v 0.317269 0.069033 0.035167
v 0.338057 0.055621 0.027461
v 0.327563 0.078839 0.021763
v 0.325582 0.106591 0.006201
v 0.313967 0.126997 0.001525
v 0.352129 0.015591 0.037567
v 0.345675 0.034833 0.033102
v 0.367720 0.015591 0.026320
v 0.359156 0.047538 0.016013
v 0.350241 0.077956 0.005475
v 0.343809 0.094499 0.000628
v 0.389769 0.012755 0.008722
v 0.379369 0.039456 0.004566
v 0.405606 0.000470 0.000231
v 0.015591 -0.416711 -0.015591
v 0.015591 -0.408119 -0.036692
v 0.015591 -0.400340 -0.052283
v 0.015591 -0.386359 -0.077956
v 0.015591 -0.375798 -0.095800
v 0.015591 -0.364498 -0.111392
v 0.015591 -0.348907 -0.132804
v 0.015591 -0.337051 -0.148395
v 0.015591 -0.321460 -0.166408
v 0.015591 -0.307021 -0.181999
v 0.015591 -0.291430 -0.198423
v 0.015591 -0.276306 -0.214014
v 0.015591 -0.260715 -0.228347
v 0.046773 -0.419473 -0.015591
v 0.046773 -0.409746 -0.039797
v 0.046773 -0.401790 -0.055388
v 0.046773 -0.389696 -0.077956
v 0.046773 -0.377685 -0.098618
v 0.046773 -0.366384 -0.114210
v 0.046773 -0.350793 -0.135223
v 0.046773 -0.339075 -0.150814
v 0.046773 -0.323484 -0.168962
v 0.046773 -0.309376 -0.184553
v 0.046773 -0.293785 -0.200596
v 0.046773 -0.278572 -0.216188
v 0.046773 -0.262981 -0.230924
v 0.077956 -0.419995 -0.015591
v 0.077956 -0.410186 -0.041003
v 0.077956 -0.402374 -0.056595
v 0.077956 -0.391086 -0.077956
v 0.077956 -0.378491 -0.100210
v 0.077956 -0.367734 -0.115801
v 0.077956 -0.352143 -0.136639
v 0.077956 -0.340185 -0.152231
v 0.080267 -0.322115 -0.174070
v 0.071414 -0.310912 -0.186175
v 0.092202 -0.311949 -0.187230
v 0.080267 -0.298804 -0.199140
v 0.077956 -0.280010 -0.217641
v 0.077956 -0.264419 -0.232585
v 0.109138 -0.418827 -0.015591
v 0.109138 -0.409728 -0.041140
v 0.109138 -0.402674 -0.056731
v 0.109138 -0.391256 -0.077956
v 0.109138 -0.378361 -0.100432
v 0.109138 -0.368372 -0.116023
v 0.109138 -0.352781 -0.137157
v 0.109138 -0.340504 -0.152748
v 0.109138 -0.325193 -0.171503
v 0.109138 -0.312103 -0.187403
v 0.106188 -0.293372 -0.206044
v 0.093827 -0.280629 -0.218265
v 0.114615 -0.281072 -0.218686
v 0.106188 -0.268161 -0.230421
v 0.140320 -0.416451 -0.015591
v 0.140320 -0.408305 -0.038657
v 0.140320 -0.402043 -0.054248
v 0.140320 -0.389656 -0.077956
v 0.140320 -0.377391 -0.099005
v 0.140320 -0.368012 -0.114596
v 0.140320 -0.352421 -0.137086
v 0.140320 -0.340360 -0.152677
v 0.139323 -0.322328 -0.174286
v 0.149052 -0.311342 -0.186536
v 0.128264 -0.312070 -0.187370
v 0.139323 -0.299727 -0.199733
v 0.140320 -0.281473 -0.219083
v 0.140320 -0.265050 -0.233945
v 0.172557 -0.410651 -0.017515
v 0.183653 -0.404754 -0.029192
v 0.162865 -0.406615 -0.034601
v 0.172557 -0.400744 -0.045707
v 0.171503 -0.386417 -0.077956
v 0.171503 -0.376147 -0.096803
v 0.171503 -0.366446 -0.112395
v 0.171503 -0.350855 -0.135823
v 0.171503 -0.339554 -0.151414
v 0.171503 -0.323963 -0.170031
v 0.171503 -0.310516 -0.185622
v 0.171409 -0.292475 -0.205342
v 0.181740 -0.279903 -0.217507
v 0.160952 -0.281319 -0.218942
v 0.171409 -0.267725 -0.230373
v 0.195582 -0.407896 -0.008404
v 0.204660 -0.403174 -0.017515
v 0.202685 -0.394800 -0.046773
v 0.202671 -0.380595 -0.079900
v 0.213055 -0.373246 -0.091591
v 0.192267 -0.375079 -0.094957
v 0.202671 -0.365332 -0.106866
v 0.202685 -0.348233 -0.132563
v 0.202685 -0.337629 -0.148154
v 0.202685 -0.322038 -0.168207
v 0.202685 -0.308856 -0.183799
v 0.202685 -0.293265 -0.200335
v 0.202685 -0.278353 -0.215926
v 0.202685 -0.262762 -0.231361
v 0.233867 -0.395867 -0.015591
v 0.233867 -0.386856 -0.046773
v 0.233867 -0.377431 -0.069575
v 0.233867 -0.370369 -0.085166
v 0.233867 -0.357103 -0.109138
v 0.233867 -0.345330 -0.128178
v 0.233867 -0.334236 -0.143770
v 0.233867 -0.318645 -0.164535
v 0.233867 -0.306126 -0.180126
v 0.233867 -0.290535 -0.197799
v 0.233867 -0.275763 -0.213390
v 0.233867 -0.260172 -0.228419
v 0.015591 -0.242888 -0.243938
v 0.046773 -0.245924 -0.246515
v 0.077956 -0.247976 -0.248176
v 0.109138 -0.248663 -0.248741
v 0.140320 -0.248626 -0.248730
v 0.171503 -0.248348 -0.248489
v 0.202685 -0.246704 -0.246952
v 0.233867 -0.243539 -0.244010
v 0.015591 -0.227296 -0.256930
v 0.015591 -0.208357 -0.272521
v 0.015591 -0.192766 -0.285080
v 0.016156 -0.169073 -0.302210
v 0.006138 -0.154172 -0.310670
v 0.026927 -0.157060 -0.312612
v 0.016156 -0.142395 -0.320131
v 0.015591 -0.115263 -0.337208
v 0.015591 -0.099672 -0.346702
v 0.015591 -0.077956 -0.359253
v 0.015591 -0.056489 -0.371148
v 0.015591 -0.040897 -0.378920
v 0.015591 -0.015591 -0.390655
v 0.046773 -0.230332 -0.259190
v 0.046773 -0.210893 -0.274781
v 0.046773 -0.195302 -0.286974
v 0.046773 -0.174333 -0.302565
v 0.046773 -0.158742 -0.313808
v 0.046773 -0.140320 -0.325928
v 0.046773 -0.119052 -0.339534
v 0.046773 -0.103461 -0.348902
v 0.046773 -0.077956 -0.363374
v 0.046773 -0.060091 -0.373068
v 0.046773 -0.044499 -0.380705
v 0.046773 -0.015591 -0.394493
v 0.077956 -0.232384 -0.261016
v 0.077956 -0.213029 -0.276607
v 0.077956 -0.197437 -0.288387
v 0.077956 -0.176183 -0.303978
v 0.077956 -0.160592 -0.315086
v 0.077956 -0.140320 -0.328582
v 0.077956 -0.121288 -0.340911
v 0.077956 -0.105697 -0.350174
v 0.077494 -0.075291 -0.367266
v 0.066792 -0.061762 -0.373883
v 0.087580 -0.063121 -0.374599
v 0.077494 -0.049530 -0.380835
v 0.078495 -0.012982 -0.398952
v 0.089249 -0.000849 -0.405760
v 0.109138 -0.233071 -0.262120
v 0.109138 -0.214544 -0.277711
v 0.109138 -0.198953 -0.289607
v 0.109138 -0.177659 -0.305198
v 0.109138 -0.162068 -0.316027
v 0.109138 -0.140320 -0.330356
v 0.109138 -0.122668 -0.341743
v 0.109138 -0.107077 -0.351056
v 0.109138 -0.080044 -0.366647
v 0.109138 -0.064453 -0.375341
v 0.109138 -0.046773 -0.384398
v 0.109138 -0.016769 -0.398836
v 0.109138 -0.001178 -0.405888
v 0.140320 -0.233035 -0.262085
v 0.140320 -0.214642 -0.277676
v 0.140320 -0.199051 -0.289913
v 0.140320 -0.178264 -0.305504
v 0.140320 -0.162672 -0.316513
v 0.140320 -0.140320 -0.331354
v 0.140320 -0.123501 -0.342256
v 0.140320 -0.107910 -0.351499
v 0.140320 -0.080659 -0.367090
v 0.140320 -0.065068 -0.375651
v 0.140320 -0.046773 -0.384758
v 0.140320 -0.016423 -0.398886
v 0.140320 -0.000832 -0.405724
v 0.171503 -0.232757 -0.261413
v 0.171503 -0.213703 -0.277004
v 0.171503 -0.198111 -0.289118
v 0.171503 -0.177320 -0.304709
v 0.171503 -0.161729 -0.315923
v 0.171503 -0.140320 -0.330250
v 0.171503 -0.122645 -0.341741
v 0.171503 -0.107054 -0.350956
v 0.171503 -0.079368 -0.366547
v 0.171503 -0.063776 -0.374927
v 0.171503 -0.046773 -0.383372
v 0.171965 -0.012705 -0.399575
v 0.161879 -0.000387 -0.405542
v 0.202685 -0.231112 -0.260456
v 0.202685 -0.212552 -0.276047
v 0.202685 -0.196961 -0.288059
v 0.202685 -0.175662 -0.303651
v 0.202685 -0.160070 -0.314703
v 0.202685 -0.140320 -0.327808
v 0.202685 -0.120626 -0.340519
v 0.202685 -0.105035 -0.349806
v 0.201068 -0.075021 -0.366851
v 0.210384 -0.061400 -0.373680
v 0.189596 -0.062670 -0.374349
v 0.201068 -0.049313 -0.380451
v 0.202685 -0.015591 -0.396426
v 0.233867 -0.227948 -0.258146
v 0.233867 -0.209751 -0.273737
v 0.233867 -0.194160 -0.286046
v 0.236515 -0.169710 -0.303598
v 0.248674 -0.155726 -0.311696
v 0.227886 -0.158121 -0.313337
v 0.236515 -0.143327 -0.321858
v 0.233867 -0.117760 -0.338822
v 0.233867 -0.102169 -0.348061
v 0.233867 -0.077956 -0.361659
v 0.233867 -0.058295 -0.372195
v 0.233867 -0.042704 -0.379983
v 0.233867 -0.015591 -0.392351
v 0.267821 -0.381875 -0.017822
v 0.280063 -0.373914 -0.029704
v 0.258079 -0.378072 -0.046773
v 0.273670 -0.371919 -0.046773
v 0.251135 -0.374717 -0.063540
v 0.262938 -0.365565 -0.075543
v 0.263034 -0.348856 -0.109346
v 0.272084 -0.340241 -0.119879
v 0.251296 -0.343588 -0.125556
v 0.263034 -0.330870 -0.137698
v 0.265050 -0.314318 -0.159119
v 0.265050 -0.302081 -0.174710
v 0.265050 -0.286489 -0.193779
v 0.265050 -0.272125 -0.209370
v 0.265050 -0.256534 -0.225015
v 0.283646 -0.375838 -0.008916
v 0.294917 -0.368242 -0.017822
v 0.296232 -0.362414 -0.046773
v 0.297235 -0.351096 -0.078918
v 0.308297 -0.341384 -0.089954
v 0.287509 -0.345929 -0.099090
v 0.297235 -0.335847 -0.109346
v 0.293377 -0.318196 -0.140202
v 0.301868 -0.308628 -0.150517
v 0.281080 -0.311965 -0.156095
v 0.294340 -0.295787 -0.170681
v 0.307601 -0.278947 -0.185268
v 0.286812 -0.282946 -0.189763
v 0.298148 -0.265818 -0.203514
v 0.288696 -0.252689 -0.221551
v 0.325231 -0.351370 -0.015591
v 0.340823 -0.341380 -0.015591
v 0.322192 -0.349091 -0.046773
v 0.337783 -0.339484 -0.046773
v 0.316407 -0.345923 -0.069166
v 0.327046 -0.335438 -0.078918
v 0.328012 -0.320780 -0.109952
v 0.338805 -0.309827 -0.120889
v 0.318017 -0.314672 -0.129729
v 0.328012 -0.303340 -0.140202
v 0.327414 -0.287124 -0.163810
v 0.327414 -0.274715 -0.179401
v 0.327414 -0.259124 -0.197690
v 0.357502 -0.325788 -0.015591
v 0.373093 -0.310528 -0.015591
v 0.357785 -0.323893 -0.046773
v 0.373376 -0.311187 -0.046773
v 0.353944 -0.319171 -0.077956
v 0.369535 -0.308552 -0.077956
v 0.347927 -0.315129 -0.100101
v 0.358431 -0.303395 -0.109952
v 0.356880 -0.287866 -0.139068
v 0.366130 -0.275656 -0.148626
v 0.345342 -0.282086 -0.157875
v 0.357952 -0.264651 -0.170961
v 0.349773 -0.253646 -0.191839
v 0.386805 -0.294937 -0.015591
v 0.402396 -0.276202 -0.015591
v 0.389679 -0.295596 -0.046773
v 0.405270 -0.280512 -0.046773
v 0.387883 -0.292961 -0.077956
v 0.403474 -0.278884 -0.077956
v 0.381937 -0.287194 -0.109138
v 0.397528 -0.273489 -0.109138
v 0.376607 -0.282839 -0.127838
v 0.389693 -0.264127 -0.139943
v 0.381991 -0.254868 -0.163259
v 0.412153 -0.260611 -0.015591
v 0.415762 -0.264921 -0.046773
v 0.416282 -0.263293 -0.077956
v 0.413169 -0.257897 -0.109138
v 0.408823 -0.252599 -0.131260
v 0.265050 -0.239910 -0.240606
v 0.309484 -0.248499 -0.217265
v 0.298544 -0.234763 -0.234887
v 0.308393 -0.216881 -0.248222
v 0.327414 -0.244581 -0.213281
v 0.327414 -0.228990 -0.228470
v 0.327414 -0.212185 -0.244061
v 0.370562 -0.247043 -0.184047
v 0.360783 -0.235085 -0.204279
v 0.371793 -0.216762 -0.216720
v 0.351004 -0.223126 -0.222711
v 0.360975 -0.203762 -0.235258
v 0.370945 -0.185321 -0.247805
v 0.402779 -0.247497 -0.152048
v 0.391342 -0.240754 -0.172793
v 0.389779 -0.224459 -0.193926
v 0.389779 -0.209757 -0.209517
v 0.389779 -0.194166 -0.225255
v 0.392551 -0.173557 -0.242305
v 0.404793 -0.155329 -0.249018
v 0.427418 -0.231421 -0.017890
v 0.432842 -0.202685 -0.008516
v 0.435086 -0.179526 -0.002327
v 0.435798 -0.097980 -0.000967
v 0.433985 -0.077956 -0.003150
v 0.430257 -0.046773 -0.006923
v 0.426993 -0.012548 -0.016071
v 0.431353 -0.239314 -0.046773
v 0.436503 -0.000125 -0.031242
v 0.431873 -0.242754 -0.077956
v 0.428760 -0.241132 -0.109138
v 0.421469 -0.234876 -0.141589
v 0.434116 -0.215303 -0.151917
v 0.411541 -0.224798 -0.171503
v 0.428842 -0.204019 -0.174353
v 0.436262 -0.186761 -0.186648
v 0.405640 -0.218540 -0.187365
v 0.412006 -0.199896 -0.199730
v 0.429053 -0.180274 -0.202685
v 0.406055 -0.187643 -0.218841
v 0.418254 -0.169364 -0.225431
v 0.423586 -0.143089 -0.243343
v 0.435730 -0.123834 -0.248694
v 0.437052 -0.219396 -0.029816
v 0.440657 -0.202685 -0.024107
v 0.443899 -0.170080 -0.013869
v 0.448186 -0.140320 -0.015591
v 0.445868 -0.108680 -0.013053
v 0.446207 -0.077956 -0.018741
v 0.443285 -0.046773 -0.022514
v 0.439943 -0.020913 -0.026785
v 0.439694 -0.223722 -0.046773
v 0.449553 -0.202685 -0.046773
v 0.460946 -0.169850 -0.048900
v 0.462613 -0.140320 -0.042653
v 0.463035 -0.109138 -0.040334
v 0.461798 -0.077956 -0.040301
v 0.460574 -0.043919 -0.047561
v 0.449051 -0.012548 -0.043691
v 0.442468 -0.227163 -0.077956
v 0.456152 -0.202685 -0.077956
v 0.465828 -0.180270 -0.077956
v 0.467612 -0.031621 -0.062576
v 0.465224 -0.015591 -0.066176
v 0.442029 -0.225541 -0.109138
v 0.455898 -0.202685 -0.109138
v 0.466013 -0.183336 -0.109138
v 0.439656 -0.222255 -0.131129
v 0.446947 -0.204019 -0.141042
v 0.462810 -0.178585 -0.140320
v 0.442355 -0.194515 -0.165860
v 0.453970 -0.172792 -0.173699
v 0.465585 -0.152399 -0.181538
v 0.443657 -0.164683 -0.202685
v 0.459162 -0.141331 -0.203149
v 0.464762 -0.119741 -0.213853
v 0.437781 -0.157545 -0.219682
v 0.443040 -0.140320 -0.226553
v 0.453783 -0.111393 -0.235758
v 0.463592 -0.085431 -0.243611
v 0.468376 -0.158355 -0.060711
v 0.469604 -0.140320 -0.058244
v 0.470838 -0.109138 -0.055925
v 0.471249 -0.077956 -0.055892
v 0.470133 -0.052410 -0.058480
v 0.470036 -0.164679 -0.077956
v 0.475291 -0.140320 -0.077956
v 0.480109 -0.109138 -0.077956
v 0.481298 -0.077956 -0.077956
v 0.475953 -0.043919 -0.074964
v 0.474149 -0.015591 -0.081767
v 0.472056 -0.167745 -0.109138
v 0.481129 -0.140320 -0.109138
v 0.488551 -0.109138 -0.109138
v 0.491205 -0.077956 -0.109138
v 0.489966 -0.046773 -0.109138
v 0.486683 -0.015591 -0.109138
v 0.471352 -0.162993 -0.140320
v 0.481189 -0.140320 -0.140320
v 0.490679 -0.109138 -0.140320
v 0.495463 -0.077956 -0.140320
v 0.497244 -0.047743 -0.141465
v 0.495861 -0.015591 -0.137057
v 0.469223 -0.158823 -0.160750
v 0.474254 -0.141331 -0.171288
v 0.486433 -0.109138 -0.171503
v 0.494331 -0.077956 -0.171503
v 0.498257 -0.056910 -0.171503
v 0.470939 -0.131611 -0.193065
v 0.475280 -0.109263 -0.203149
v 0.487321 -0.077956 -0.202685
v 0.495462 -0.047676 -0.201827
v 0.497415 -0.015591 -0.208727
v 0.470577 -0.098953 -0.222823
v 0.474261 -0.076205 -0.233477
v 0.483562 -0.046773 -0.233867
v 0.489650 -0.015591 -0.233867
v 0.265050 -0.224319 -0.254686
v 0.265050 -0.205352 -0.270277
v 0.265050 -0.189761 -0.282772
v 0.265050 -0.171503 -0.296327
v 0.265050 -0.152935 -0.309787
v 0.265050 -0.137344 -0.320322
v 0.265050 -0.112839 -0.335913
v 0.265050 -0.097247 -0.345143
v 0.265050 -0.077956 -0.355884
v 0.265050 -0.052391 -0.369337
v 0.265050 -0.036800 -0.376895
v 0.265050 -0.015591 -0.386637
v 0.287604 -0.221028 -0.251772
v 0.295001 -0.202130 -0.264996
v 0.302397 -0.184109 -0.278219
v 0.281609 -0.187380 -0.280869
v 0.293694 -0.172830 -0.288642
v 0.296232 -0.147539 -0.306063
v 0.296232 -0.131948 -0.316680
v 0.293761 -0.106274 -0.333149
v 0.302508 -0.089886 -0.340890
v 0.281720 -0.093971 -0.343251
v 0.293761 -0.078877 -0.349102
v 0.295050 -0.044590 -0.366645
v 0.304656 -0.027199 -0.372488
v 0.283868 -0.032740 -0.374938
v 0.295050 -0.016319 -0.379644
v 0.327414 -0.196594 -0.257875
v 0.327414 -0.177997 -0.273466
v 0.327414 -0.162406 -0.285296
v 0.327487 -0.139010 -0.301825
v 0.337930 -0.121485 -0.309740
v 0.317142 -0.127743 -0.313849
v 0.327487 -0.110310 -0.320578
v 0.330110 -0.078877 -0.337896
v 0.342301 -0.061798 -0.342712
v 0.321513 -0.069098 -0.346845
v 0.330110 -0.049552 -0.353400
v 0.328664 -0.016319 -0.369104
v 0.319104 -0.006411 -0.376923
v 0.350157 -0.190762 -0.252708
v 0.357985 -0.171242 -0.264796
v 0.365812 -0.150639 -0.276884
v 0.345024 -0.157162 -0.281546
v 0.356689 -0.140275 -0.288360
v 0.361592 -0.110310 -0.306475
v 0.373984 -0.093394 -0.311737
v 0.353196 -0.100697 -0.316110
v 0.361592 -0.080982 -0.323893
v 0.358597 -0.055452 -0.339286
v 0.358597 -0.039860 -0.347263
v 0.358597 -0.015591 -0.357989
v 0.384005 -0.164533 -0.256096
v 0.392506 -0.142590 -0.266881
v 0.401008 -0.120767 -0.277666
v 0.380220 -0.129851 -0.284290
v 0.390280 -0.109879 -0.291638
v 0.392446 -0.080982 -0.307865
v 0.404618 -0.061448 -0.311335
v 0.383830 -0.072605 -0.317552
v 0.390241 -0.047187 -0.327604
v 0.397300 -0.015591 -0.338048
v 0.375863 -0.032926 -0.343892
v 0.381709 -0.015591 -0.347478
v 0.414942 -0.134541 -0.256877
v 0.423654 -0.111906 -0.267070
v 0.432366 -0.088011 -0.277262
v 0.411578 -0.099979 -0.285012
v 0.421568 -0.077752 -0.290759
v 0.422143 -0.049342 -0.305317
v 0.433325 -0.025954 -0.309275
v 0.412537 -0.040660 -0.316869
v 0.422143 -0.015573 -0.321650
v 0.442804 -0.103046 -0.256474
v 0.451432 -0.076327 -0.264061
v 0.459525 -0.046773 -0.270929
v 0.464464 -0.023017 -0.276685
v 0.439271 -0.067223 -0.283228
v 0.443933 -0.046773 -0.288465
v 0.451695 -0.014092 -0.295496
v 0.438927 -0.005166 -0.314023
v 0.468883 -0.064643 -0.250860
v 0.471886 -0.046773 -0.255338
v 0.474480 -0.013810 -0.265794
v 0.468543 -0.002229 -0.281718
v 0.499567 -0.037995 -0.152621
v 0.499618 -0.015591 -0.152648
v 0.500080 -0.041318 -0.171503
v 0.500435 -0.015591 -0.171503
v 0.499818 -0.037884 -0.190862
v 0.499735 -0.015591 -0.193136
v 0.149131 0.246342 -0.002509
v 0.171503 0.240840 -0.007238
v 0.211288 0.214112 -0.003492
v 0.202164 0.233534 -0.015711
v 0.213828 0.246773 -0.033596
v 0.247752 0.185781 -0.001003
v 0.235962 0.203305 -0.008413
v 0.233867 0.224814 -0.025355
v 0.233867 0.240406 -0.039199
v 0.015591 0.301443 -0.009599
v 0.015591 0.317563 -0.025190
v 0.015591 0.333154 -0.041701
v 0.015591 0.347764 -0.057292
v 0.015591 0.363355 -0.074998
v 0.015591 0.376437 -0.090589
v 0.015591 0.389827 -0.109138
v 0.015591 0.403169 -0.127816
v 0.015591 0.413475 -0.143407
v 0.016685 0.430282 -0.173448
v 0.007019 0.437528 -0.185138
v 0.027808 0.436083 -0.188034
v 0.016685 0.443307 -0.200131
v 0.015591 0.456320 -0.233867
v 0.059097 0.279658 -0.000844
v 0.050281 0.297283 -0.014618
v 0.041465 0.314515 -0.028391
v 0.062254 0.311792 -0.031214
v 0.050443 0.328367 -0.045730
v 0.038632 0.344977 -0.060246
v 0.059420 0.342219 -0.063212
v 0.046455 0.358578 -0.078034
v 0.033489 0.374726 -0.092856
v 0.054278 0.372179 -0.096242
v 0.045040 0.382559 -0.107637
v 0.046773 0.399839 -0.132520
v 0.046773 0.410523 -0.148111
v 0.046773 0.423615 -0.171503
v 0.046773 0.434053 -0.192205
v 0.046773 0.441588 -0.207796
v 0.046773 0.451146 -0.233867
v 0.077956 0.276450 -0.003568
v 0.077956 0.293667 -0.019159
v 0.077956 0.309258 -0.033839
v 0.077956 0.323846 -0.049431
v 0.077956 0.339438 -0.066179
v 0.077956 0.353320 -0.081771
v 0.077956 0.368911 -0.100664
v 0.077956 0.380184 -0.116255
v 0.080018 0.397400 -0.141396
v 0.070998 0.407618 -0.152507
v 0.091786 0.404879 -0.156783
v 0.080018 0.414163 -0.168907
v 0.080010 0.431251 -0.203092
v 0.070986 0.438708 -0.213757
v 0.091774 0.436099 -0.219629
v 0.080010 0.442638 -0.231561
v 0.109138 0.270603 -0.008503
v 0.109138 0.288223 -0.024095
v 0.109138 0.303814 -0.039577
v 0.109138 0.318557 -0.055168
v 0.109138 0.334148 -0.071783
v 0.109138 0.348373 -0.087374
v 0.110519 0.365403 -0.110096
v 0.101046 0.376735 -0.121129
v 0.121834 0.373177 -0.126129
v 0.110519 0.385553 -0.138042
v 0.109138 0.402075 -0.161839
v 0.109138 0.410306 -0.177430
v 0.109138 0.422921 -0.202685
v 0.112213 0.434159 -0.231561
v 0.103869 0.439351 -0.240417
v 0.140407 0.265056 -0.015361
v 0.131683 0.283745 -0.028213
v 0.152471 0.279038 -0.032794
v 0.141680 0.296877 -0.046223
v 0.130889 0.314379 -0.059652
v 0.151677 0.310009 -0.064221
v 0.140595 0.327543 -0.077846
v 0.129513 0.344795 -0.091471
v 0.150301 0.340707 -0.096417
v 0.140072 0.352976 -0.107742
v 0.140320 0.369718 -0.130922
v 0.140320 0.380923 -0.146513
v 0.139897 0.396940 -0.172604
v 0.129221 0.407076 -0.183732
v 0.150009 0.403128 -0.191599
v 0.139897 0.412279 -0.202270
v 0.140320 0.425319 -0.233867
v 0.171503 0.258601 -0.022829
v 0.171503 0.274193 -0.037469
v 0.171503 0.289828 -0.053060
v 0.171503 0.305419 -0.068858
v 0.171503 0.320277 -0.084449
v 0.171503 0.335869 -0.102832
v 0.171503 0.347592 -0.118423
v 0.172077 0.364282 -0.141316
v 0.162065 0.376677 -0.152375
v 0.182853 0.372352 -0.158998
v 0.172077 0.382948 -0.170236
v 0.173013 0.399533 -0.202270
v 0.163626 0.408301 -0.212388
v 0.184414 0.404320 -0.221171
v 0.173013 0.412451 -0.232486
v 0.193040 0.252857 -0.027930
v 0.203920 0.265800 -0.046169
v 0.194013 0.284309 -0.058742
v 0.214801 0.278742 -0.064231
v 0.203974 0.296859 -0.077093
v 0.193148 0.314999 -0.089954
v 0.213936 0.309408 -0.096483
v 0.201205 0.326762 -0.110165
v 0.188473 0.343676 -0.123846
v 0.209261 0.338525 -0.130502
v 0.200394 0.350542 -0.140666
v 0.204244 0.368045 -0.170236
v 0.194889 0.378147 -0.179786
v 0.215677 0.372848 -0.189610
v 0.204244 0.384686 -0.201076
v 0.202641 0.399401 -0.232486
v 0.192218 0.407827 -0.241959
v 0.233867 0.257598 -0.054790
v 0.233867 0.273189 -0.070030
v 0.233867 0.287921 -0.085621
v 0.236866 0.305103 -0.107782
v 0.228472 0.317737 -0.117272
v 0.249260 0.311704 -0.124874
v 0.236848 0.329162 -0.138082
v 0.224436 0.346337 -0.151290
v 0.245224 0.340586 -0.159940
v 0.234445 0.352587 -0.170801
v 0.235631 0.368599 -0.201076
v 0.226413 0.378382 -0.210398
v 0.247202 0.373024 -0.221966
v 0.235631 0.382518 -0.232963
v 0.015591 0.008758 -0.401514
v 0.015591 0.024349 -0.408411
v 0.015591 0.046773 -0.417258
v 0.015591 0.077956 -0.427894
v 0.015591 0.099847 -0.434638
v 0.015591 0.115439 -0.439434
v 0.015591 0.140320 -0.445826
v 0.015591 0.171503 -0.452059
v 0.015591 0.202685 -0.457330
v 0.015591 0.233867 -0.460245
v 0.046773 0.004016 -0.403567
v 0.046773 0.019607 -0.410402
v 0.046773 0.046773 -0.420818
v 0.047070 0.080162 -0.432040
v 0.036873 0.095521 -0.435931
v 0.057661 0.092027 -0.437067
v 0.047070 0.107204 -0.440645
v 0.046773 0.140320 -0.449142
v 0.046773 0.171503 -0.455156
v 0.046773 0.202685 -0.460349
v 0.046773 0.233867 -0.463009
v 0.068460 0.001293 -0.404794
v 0.078495 0.013249 -0.410481
v 0.077956 0.046773 -0.423073
v 0.077956 0.074109 -0.432568
v 0.077956 0.089700 -0.437856
v 0.077956 0.109138 -0.443520
v 0.077956 0.140320 -0.451041
v 0.077956 0.171503 -0.457176
v 0.077956 0.202685 -0.461804
v 0.077956 0.233867 -0.464011
v 0.109138 0.015591 -0.412479
v 0.109138 0.046773 -0.424324
v 0.109138 0.071833 -0.433325
v 0.109138 0.087424 -0.438601
v 0.109138 0.109138 -0.444431
v 0.109138 0.140320 -0.451636
v 0.109138 0.171503 -0.458054
v 0.109138 0.202685 -0.462278
v 0.109138 0.233867 -0.464186
v 0.140320 0.015591 -0.412486
v 0.140320 0.046773 -0.424774
v 0.140320 0.072157 -0.433604
v 0.140320 0.087748 -0.438319
v 0.140320 0.109138 -0.443938
v 0.140320 0.140320 -0.451399
v 0.140320 0.171503 -0.457308
v 0.140320 0.202685 -0.460858
v 0.140320 0.233867 -0.463061
v 0.182667 0.000310 -0.405240
v 0.171965 0.012659 -0.410607
v 0.171503 0.046773 -0.423720
v 0.171503 0.075118 -0.432894
v 0.171503 0.090709 -0.437321
v 0.171503 0.109138 -0.442241
v 0.171503 0.140320 -0.449822
v 0.171503 0.171503 -0.455120
v 0.171503 0.202685 -0.458254
v 0.171503 0.233867 -0.459796
v 0.202685 0.002655 -0.404309
v 0.202685 0.018246 -0.410506
v 0.202685 0.046773 -0.420749
v 0.200724 0.080710 -0.431793
v 0.209811 0.096718 -0.435752
v 0.189022 0.092940 -0.436731
v 0.200724 0.107922 -0.439486
v 0.202685 0.140320 -0.446251
v 0.202685 0.171503 -0.451019
v 0.202685 0.202685 -0.454523
v 0.202685 0.233867 -0.455047
v 0.233867 0.008105 -0.402146
v 0.233867 0.023697 -0.408298
v 0.233867 0.046773 -0.416677
v 0.233867 0.077956 -0.426731
v 0.235844 0.107922 -0.434221
v 0.247556 0.126929 -0.436146
v 0.226768 0.117506 -0.438317
v 0.235844 0.138522 -0.440433
v 0.233867 0.171503 -0.445639
v 0.233867 0.202685 -0.448229
v 0.233867 0.233867 -0.448042
v 0.016837 0.464765 -0.266767
v 0.007273 0.468258 -0.278305
v 0.025165 0.467257 -0.296232
v 0.009574 0.468457 -0.296232
v 0.015769 0.466308 -0.326735
v 0.005493 0.468174 -0.315888
v 0.015591 0.458733 -0.358597
v 0.015591 0.433018 -0.401364
v 0.015591 0.444625 -0.385773
v 0.015591 0.395235 -0.431250
v 0.015591 0.417427 -0.415659
v 0.015591 0.265050 -0.460723
v 0.015591 0.296232 -0.459417
v 0.015591 0.327414 -0.454931
v 0.015591 0.358597 -0.446916
v 0.015591 0.379644 -0.439261
v 0.046773 0.459554 -0.265050
v 0.046773 0.463431 -0.296232
v 0.046773 0.462390 -0.327414
v 0.046773 0.455087 -0.358597
v 0.046773 0.431633 -0.399271
v 0.046773 0.442684 -0.383680
v 0.046773 0.395422 -0.430828
v 0.046773 0.416042 -0.415237
v 0.046773 0.265050 -0.463692
v 0.046773 0.296232 -0.462056
v 0.046773 0.327414 -0.457018
v 0.046773 0.358597 -0.448053
v 0.046773 0.379830 -0.439355
v 0.077956 0.452403 -0.265050
v 0.077956 0.456735 -0.296232
v 0.077956 0.456517 -0.327414
v 0.077956 0.449833 -0.358597
v 0.077956 0.430075 -0.396166
v 0.077956 0.440192 -0.380575
v 0.077956 0.395032 -0.430090
v 0.077956 0.414484 -0.414499
v 0.077956 0.265050 -0.464854
v 0.077956 0.296232 -0.462816
v 0.077956 0.327414 -0.457567
v 0.077956 0.358597 -0.448202
v 0.077956 0.379441 -0.439155
v 0.124657 0.436532 -0.249539
v 0.112213 0.443012 -0.261980
v 0.109138 0.449330 -0.296232
v 0.109138 0.449515 -0.327414
v 0.120393 0.435339 -0.371176
v 0.109654 0.442437 -0.359908
v 0.109654 0.428126 -0.388510
v 0.099604 0.438148 -0.377270
v 0.123460 0.373692 -0.436316
v 0.111495 0.388569 -0.428747
v 0.109138 0.411338 -0.411382
v 0.109138 0.265050 -0.464312
v 0.109138 0.296232 -0.461303
v 0.109138 0.327414 -0.455405
v 0.111495 0.361417 -0.443659
v 0.102672 0.377368 -0.438123
v 0.141279 0.433330 -0.261980
v 0.131524 0.439140 -0.270328
v 0.151750 0.434965 -0.296232
v 0.136158 0.440913 -0.296232
v 0.152050 0.435067 -0.327414
v 0.136459 0.441034 -0.327414
v 0.141520 0.431963 -0.359908
v 0.131925 0.439301 -0.350388
v 0.151743 0.403761 -0.403369
v 0.140937 0.415435 -0.391697
v 0.140320 0.370396 -0.434524
v 0.140937 0.391931 -0.417581
v 0.130955 0.407771 -0.407639
v 0.140320 0.265050 -0.462672
v 0.140320 0.296232 -0.459089
v 0.140320 0.327414 -0.451895
v 0.140320 0.354805 -0.441748
v 0.171503 0.422590 -0.265050
v 0.171503 0.427431 -0.296232
v 0.171503 0.427636 -0.327414
v 0.171503 0.420940 -0.358597
v 0.171503 0.399946 -0.397774
v 0.171503 0.410169 -0.382183
v 0.171503 0.363353 -0.430283
v 0.171503 0.384355 -0.414692
v 0.171503 0.265050 -0.458522
v 0.171503 0.296232 -0.454602
v 0.171503 0.327414 -0.446498
v 0.171503 0.347762 -0.438657
v 0.213007 0.402672 -0.259194
v 0.202641 0.409992 -0.267773
v 0.202685 0.414113 -0.296232
v 0.202685 0.414329 -0.327414
v 0.210390 0.401174 -0.364631
v 0.201071 0.409414 -0.355981
v 0.215569 0.372267 -0.403422
v 0.202585 0.390067 -0.389938
v 0.189602 0.406576 -0.376454
v 0.208575 0.333870 -0.432635
v 0.201678 0.357890 -0.421254
v 0.194781 0.378959 -0.409874
v 0.202685 0.265050 -0.452652
v 0.202685 0.296232 -0.447187
v 0.199983 0.325051 -0.439384
v 0.187787 0.343513 -0.436790
v 0.230949 0.395399 -0.267773
v 0.218609 0.405552 -0.279983
v 0.235048 0.397183 -0.296232
v 0.219457 0.406056 -0.296232
v 0.235223 0.396715 -0.327414
v 0.219631 0.406169 -0.327414
v 0.248651 0.373662 -0.373091
v 0.233746 0.389806 -0.358467
v 0.218841 0.405703 -0.343843
v 0.236501 0.366955 -0.391728
v 0.227863 0.380386 -0.382633
v 0.240401 0.303294 -0.433437
v 0.231551 0.325051 -0.426492
v 0.233867 0.349950 -0.410722
v 0.233867 0.265050 -0.445337
v 0.231551 0.294233 -0.439557
v 0.219613 0.313082 -0.437011
v 0.265050 0.178864 -0.006142
v 0.262816 0.201966 -0.023103
v 0.250933 0.219285 -0.030315
v 0.271722 0.211880 -0.036593
v 0.262272 0.231920 -0.048419
v 0.273611 0.244555 -0.067462
v 0.302338 0.147785 -0.005925
v 0.294027 0.169589 -0.016950
v 0.285716 0.191092 -0.027974
v 0.306504 0.182532 -0.034963
v 0.296892 0.203060 -0.046172
v 0.287280 0.223767 -0.057381
v 0.308069 0.215029 -0.065455
v 0.297695 0.235165 -0.076853
v 0.308109 0.246563 -0.096492
v 0.334755 0.115287 -0.006375
v 0.326157 0.138986 -0.016544
v 0.317560 0.161744 -0.026713
v 0.338348 0.150976 -0.035020
v 0.329118 0.173267 -0.045386
v 0.319888 0.194241 -0.055751
v 0.340676 0.184789 -0.064290
v 0.330686 0.205601 -0.075267
v 0.320696 0.225775 -0.086243
v 0.341484 0.216961 -0.094931
v 0.330789 0.236664 -0.106105
v 0.340882 0.247552 -0.127145
v 0.372637 0.060244 -0.001171
v 0.365832 0.077956 -0.006629
v 0.356315 0.106437 -0.017415
v 0.348033 0.130187 -0.027163
v 0.368821 0.118374 -0.035484
v 0.359891 0.141810 -0.045646
v 0.350962 0.164001 -0.055808
v 0.371750 0.153433 -0.064612
v 0.362083 0.174999 -0.074845
v 0.352416 0.196172 -0.085078
v 0.373204 0.185998 -0.094631
v 0.362189 0.206066 -0.105175
v 0.351173 0.226764 -0.115719
v 0.371961 0.215960 -0.127453
v 0.360703 0.236176 -0.137693
v 0.370233 0.245589 -0.161185
v 0.400157 0.021259 -0.005114
v 0.392314 0.050803 -0.013536
v 0.384204 0.077956 -0.022220
v 0.377261 0.097586 -0.028455
v 0.405259 0.062150 -0.031304
v 0.399795 0.077956 -0.036867
v 0.389304 0.108040 -0.047457
v 0.380560 0.132645 -0.056273
v 0.401348 0.118493 -0.067035
v 0.391387 0.142251 -0.076218
v 0.381425 0.165209 -0.085401
v 0.402213 0.151856 -0.097312
v 0.392062 0.174525 -0.106366
v 0.381911 0.195171 -0.115419
v 0.402700 0.183840 -0.128182
v 0.391518 0.204410 -0.138212
v 0.380337 0.224801 -0.148241
v 0.401125 0.213649 -0.163795
v 0.389226 0.232669 -0.172884
v 0.398080 0.240647 -0.202685
v 0.402906 0.246630 -0.227926
v 0.414800 0.012755 -0.015541
v 0.410506 0.041362 -0.025902
v 0.432571 0.015591 -0.035282
v 0.422904 0.050796 -0.044340
v 0.414187 0.077956 -0.052458
v 0.407983 0.097705 -0.059429
v 0.435302 0.060230 -0.063917
v 0.429778 0.077956 -0.070086
v 0.419537 0.107146 -0.079465
v 0.410304 0.131068 -0.087823
v 0.431092 0.116588 -0.101104
v 0.420873 0.139728 -0.109602
v 0.410655 0.163051 -0.118100
v 0.431443 0.148387 -0.133598
v 0.420674 0.170516 -0.141284
v 0.409905 0.192861 -0.148970
v 0.431362 0.179155 -0.171503
v 0.414386 0.203027 -0.173114
v 0.406529 0.219750 -0.184583
v 0.435491 0.185622 -0.190266
v 0.427549 0.201617 -0.201470
v 0.410504 0.225056 -0.202685
v 0.430697 0.209276 -0.233867
v 0.413256 0.235289 -0.236539
v 0.444969 0.015591 -0.050873
v 0.440605 0.039442 -0.057377
v 0.460560 0.015591 -0.073697
v 0.451941 0.045816 -0.078654
v 0.441938 0.077956 -0.085677
v 0.437797 0.095799 -0.091895
v 0.463277 0.052190 -0.101331
v 0.457735 0.076885 -0.110690
v 0.442728 0.107371 -0.110554
v 0.438265 0.127599 -0.121893
v 0.464676 0.086565 -0.130246
v 0.458640 0.108821 -0.140512
v 0.442229 0.138924 -0.142523
v 0.437325 0.157192 -0.154386
v 0.464317 0.119003 -0.165867
v 0.457113 0.137388 -0.174357
v 0.441430 0.163563 -0.171503
v 0.462481 0.144245 -0.202685
v 0.446087 0.173738 -0.201470
v 0.438660 0.190511 -0.211055
v 0.465321 0.149615 -0.233867
v 0.453795 0.171503 -0.233867
v 0.440617 0.193684 -0.233867
v 0.470392 0.015591 -0.089288
v 0.467831 0.031402 -0.093391
v 0.480169 0.015591 -0.109138
v 0.471808 0.043787 -0.110690
v 0.469204 0.065776 -0.122119
v 0.492843 0.013159 -0.142802
v 0.482792 0.046773 -0.140320
v 0.473286 0.076885 -0.140512
v 0.470158 0.098215 -0.151034
v 0.496747 0.018525 -0.171503
v 0.491294 0.046773 -0.171503
v 0.483082 0.077956 -0.171503
v 0.471981 0.108821 -0.174357
v 0.467865 0.125039 -0.186655
v 0.497841 0.014134 -0.202140
v 0.494709 0.046773 -0.202685
v 0.488145 0.077956 -0.202685
v 0.477294 0.109138 -0.202685
v 0.469393 0.128654 -0.202685
v 0.492552 0.015591 -0.233867
v 0.492102 0.046773 -0.233867
v 0.487297 0.077956 -0.233867
v 0.478701 0.109138 -0.233867
v 0.470802 0.134023 -0.233867
v 0.252822 0.251816 -0.060246
v 0.262843 0.263460 -0.079484
v 0.252075 0.282368 -0.091506
v 0.272863 0.275104 -0.099584
v 0.263501 0.290135 -0.109642
v 0.265050 0.306805 -0.131456
v 0.265050 0.318603 -0.147048
v 0.265350 0.334078 -0.170801
v 0.255155 0.346588 -0.180728
v 0.275944 0.339875 -0.192492
v 0.265350 0.352364 -0.202805
v 0.264085 0.366433 -0.232963
v 0.253047 0.376181 -0.242754
v 0.287321 0.254316 -0.088251
v 0.297123 0.265697 -0.108432
v 0.286136 0.284463 -0.120372
v 0.306924 0.277079 -0.129595
v 0.294578 0.294891 -0.141969
v 0.282231 0.312888 -0.154342
v 0.303019 0.305319 -0.165743
v 0.294068 0.317023 -0.174284
v 0.295364 0.332135 -0.202805
v 0.284392 0.345789 -0.213280
v 0.305354 0.338204 -0.233867
v 0.289762 0.349775 -0.233867
v 0.320094 0.256290 -0.117280
v 0.328672 0.266053 -0.138764
v 0.316462 0.284531 -0.150383
v 0.337250 0.275815 -0.162827
v 0.324769 0.294194 -0.174679
v 0.312287 0.312160 -0.186532
v 0.333063 0.303662 -0.202685
v 0.317472 0.316174 -0.202685
v 0.339679 0.308908 -0.225348
v 0.328537 0.321180 -0.234992
v 0.349445 0.255026 -0.147933
v 0.357929 0.264275 -0.172400
v 0.345624 0.283069 -0.183615
v 0.366312 0.273310 -0.202685
v 0.350721 0.288071 -0.202685
v 0.371462 0.277983 -0.224474
v 0.357948 0.295674 -0.235305
v 0.344434 0.313031 -0.246136
v 0.377327 0.252736 -0.181974
v 0.382489 0.257718 -0.202685
v 0.389359 0.263818 -0.236594
v 0.375813 0.282440 -0.245263
v 0.405531 0.249653 -0.248714
v 0.265801 0.017019 -0.400277
v 0.276697 0.033381 -0.404681
v 0.255908 0.028365 -0.406490
v 0.265801 0.044974 -0.410561
v 0.265050 0.077956 -0.420663
v 0.265050 0.109138 -0.428066
v 0.266057 0.138522 -0.434041
v 0.276873 0.171503 -0.435607
v 0.277817 0.202685 -0.435688
v 0.275735 0.233867 -0.434726
v 0.256334 0.147717 -0.438025
v 0.261282 0.171503 -0.439694
v 0.262226 0.202685 -0.440455
v 0.260144 0.233867 -0.440111
v 0.296232 0.015591 -0.392532
v 0.297974 0.044974 -0.402130
v 0.309529 0.064686 -0.404643
v 0.288741 0.054169 -0.407936
v 0.297974 0.076230 -0.411475
v 0.296232 0.109138 -0.419986
v 0.296232 0.140320 -0.425418
v 0.296232 0.171503 -0.428496
v 0.296232 0.202685 -0.429203
v 0.296232 0.233867 -0.426216
v 0.339892 0.002741 -0.373018
v 0.328664 0.014118 -0.381540
v 0.327414 0.046773 -0.393333
v 0.328051 0.076230 -0.401452
v 0.338870 0.103203 -0.403622
v 0.342259 0.214747 -0.404871
v 0.339573 0.233867 -0.403130
v 0.318082 0.085474 -0.407836
v 0.328051 0.111814 -0.409604
v 0.327414 0.140320 -0.413445
v 0.327414 0.171503 -0.415246
v 0.330084 0.203686 -0.413221
v 0.323982 0.233867 -0.412451
v 0.359749 0.014118 -0.369335
v 0.370912 0.037045 -0.372586
v 0.371307 0.243400 -0.370706
v 0.350124 0.023529 -0.377297
v 0.359749 0.047173 -0.380551
v 0.358597 0.077956 -0.388710
v 0.355637 0.111814 -0.396952
v 0.360220 0.140320 -0.398089
v 0.361097 0.171503 -0.397371
v 0.356338 0.203686 -0.396394
v 0.359987 0.233351 -0.386068
v 0.343270 0.123992 -0.405497
v 0.344629 0.140320 -0.406154
v 0.345505 0.171503 -0.406767
v 0.344438 0.193959 -0.406313
v 0.403950 0.247377 -0.304761
v 0.403329 0.003616 -0.341743
v 0.400392 0.240741 -0.327414
v 0.391673 0.014643 -0.352746
v 0.387990 0.047173 -0.365711
v 0.395798 0.077956 -0.368633
v 0.399505 0.109138 -0.369956
v 0.400677 0.140320 -0.370140
v 0.399942 0.171503 -0.369085
v 0.395959 0.202685 -0.363740
v 0.388201 0.231264 -0.357158
v 0.376403 0.057833 -0.375344
v 0.380207 0.077956 -0.377471
v 0.383914 0.109138 -0.380568
v 0.385086 0.140320 -0.382498
v 0.384351 0.171503 -0.381780
v 0.380368 0.202685 -0.378933
v 0.376249 0.222612 -0.376187
v 0.432593 0.210848 -0.265050
v 0.417647 0.233867 -0.265050
v 0.436399 0.186609 -0.311205
v 0.432134 0.202875 -0.298979
v 0.413936 0.235737 -0.295113
v 0.419899 0.014643 -0.333927
v 0.428798 0.046773 -0.336203
v 0.432860 0.077956 -0.339374
v 0.434376 0.109138 -0.340719
v 0.432939 0.140320 -0.337872
v 0.430831 0.174330 -0.327386
v 0.420819 0.202685 -0.327414
v 0.409778 0.225150 -0.327414
v 0.408796 0.024405 -0.345370
v 0.413207 0.046773 -0.349202
v 0.417268 0.077956 -0.353042
v 0.418785 0.109138 -0.354365
v 0.417348 0.140320 -0.354549
v 0.413924 0.171503 -0.353493
v 0.409116 0.202685 -0.348149
v 0.405884 0.219129 -0.343610
v 0.464513 0.147016 -0.265050
v 0.453219 0.171503 -0.265050
v 0.440849 0.195256 -0.265050
v 0.457384 0.015591 -0.299946
v 0.460616 0.046773 -0.302544
v 0.462392 0.077956 -0.302478
v 0.461767 0.109138 -0.299994
v 0.458765 0.138077 -0.293851
v 0.444232 0.174330 -0.298979
v 0.438970 0.192607 -0.290417
v 0.441793 0.015591 -0.317012
v 0.445025 0.046773 -0.320612
v 0.446801 0.077956 -0.323783
v 0.446176 0.109138 -0.325128
v 0.443496 0.140320 -0.322281
v 0.439959 0.165820 -0.316973
v 0.480572 0.015591 -0.265050
v 0.482462 0.046773 -0.265050
v 0.479622 0.077956 -0.265050
v 0.474486 0.109138 -0.265050
v 0.469630 0.131425 -0.265050
v 0.470393 0.015591 -0.284355
v 0.471546 0.046773 -0.286953
v 0.470960 0.077956 -0.286887
v 0.469588 0.109138 -0.284403
v 0.468252 0.126188 -0.281870
v 0.274404 0.370405 -0.265050
v 0.258813 0.379338 -0.265050
v 0.278069 0.372621 -0.296232
v 0.262478 0.381591 -0.296232
v 0.276542 0.371518 -0.327414
v 0.260950 0.381124 -0.327414
v 0.266040 0.368109 -0.361057
v 0.256306 0.378438 -0.352303
v 0.271309 0.335176 -0.398927
v 0.262569 0.351289 -0.389031
v 0.270683 0.265050 -0.431864
v 0.262771 0.294233 -0.426817
v 0.262569 0.325835 -0.411207
v 0.250521 0.343791 -0.406029
v 0.255092 0.265050 -0.438755
v 0.250857 0.282506 -0.437232
v 0.309840 0.341534 -0.255404
v 0.298160 0.353122 -0.265499
v 0.296232 0.358647 -0.296232
v 0.310648 0.341849 -0.337880
v 0.298645 0.353967 -0.327457
v 0.305978 0.336897 -0.358597
v 0.290387 0.351393 -0.358597
v 0.303674 0.301717 -0.398154
v 0.294045 0.325202 -0.388146
v 0.284417 0.346157 -0.378139
v 0.296232 0.265050 -0.418907
v 0.294460 0.293286 -0.410074
v 0.282885 0.314387 -0.407161
v 0.325093 0.332043 -0.265499
v 0.313151 0.344121 -0.276192
v 0.329340 0.331529 -0.296232
v 0.313749 0.344622 -0.296232
v 0.342007 0.310841 -0.340498
v 0.327534 0.328189 -0.328795
v 0.313062 0.344046 -0.317091
v 0.337059 0.304694 -0.358597
v 0.321468 0.321306 -0.358597
v 0.332512 0.265050 -0.396755
v 0.324065 0.292114 -0.386869
v 0.315287 0.315228 -0.377366
v 0.316920 0.265050 -0.408004
v 0.312055 0.280928 -0.405533
v 0.361953 0.299463 -0.265050
v 0.346361 0.314815 -0.265050
v 0.363254 0.299978 -0.296232
v 0.347663 0.315937 -0.296232
v 0.372176 0.277833 -0.337761
v 0.359172 0.296984 -0.328736
v 0.346169 0.314528 -0.319710
v 0.365897 0.266483 -0.359625
v 0.350393 0.289103 -0.358597
v 0.349742 0.265050 -0.381164
v 0.344474 0.282512 -0.375584
v 0.392615 0.265806 -0.265050
v 0.377024 0.283872 -0.265050
v 0.394468 0.262419 -0.295113
v 0.377217 0.284387 -0.296232
v 0.383807 0.266483 -0.327386
v 0.376069 0.283127 -0.316973
v 0.379364 0.257045 -0.349917
v 0.406015 0.250215 -0.265050
v 0.406069 0.250272 -0.283973
v 0.499201 0.001143 -0.154850
v 0.499272 0.002933 -0.171503
v 0.499106 0.002768 -0.191382
vn -0.7571 -0.6516 0.0479
vn -0.7405 -0.6716 -0.0246
vn -0.7253 -0.6747 -0.1367
vn -0.6881 -0.5612 0.4600
vn -0.6847 -0.7034 0.1909
vn -0.7270 -0.6176 0.3001
vn -0.6889 -0.7247 0.0180
vn -0.7353 -0.6727 0.0821
vn -0.6702 -0.7410 -0.0420
vn -0.7188 -0.6933 -0.0521
vn -0.6504 -0.7399 -0.1718
vn -0.6907 -0.6896 -0.2178
vn -0.5949 -0.4546 0.6629
vn -0.6497 -0.6474 0.3985
vn -0.6471 -0.5708 0.5055
vn -0.6293 -0.7313 0.2630
vn -0.6608 -0.6494 0.3762
vn -0.6360 -0.7707 0.0386
vn -0.6089 -0.7876 -0.0944
vn -0.5737 -0.7835 -0.2385
vn -0.6245 -0.7268 -0.2859
vn -0.4830 -0.3253 0.8130
vn -0.5226 -0.6888 0.5025
vn -0.5875 -0.5166 0.6228
vn -0.5665 -0.4334 0.7009
vn -0.5934 -0.7320 0.3348
vn -0.6578 -0.6326 0.4087
vn -0.6259 -0.5442 0.5587
vn -0.6085 -0.7714 0.1862
vn -0.6448 -0.7309 0.2237
vn -0.6100 -0.7921 0.0224
vn -0.6325 -0.7739 0.0318
vn -0.5901 -0.7955 -0.1374
vn -0.6133 -0.7798 -0.1258
vn -0.5581 -0.7924 -0.2461
vn -0.5816 -0.7760 -0.2439
vn -0.4009 -0.4465 0.8000
vn -0.4002 -0.3207 0.8585
vn -0.4497 -0.6819 0.5769
vn -0.4649 -0.5412 0.7007
vn -0.4977 -0.4321 0.7521
vn -0.5181 -0.8055 0.2877
vn -0.5318 -0.7621 0.3694
vn -0.5196 -0.8422 0.1439
vn -0.5571 -0.8106 0.1804
vn -0.5115 -0.8593 0.0052
vn -0.5553 -0.8316 0.0127
vn -0.4985 -0.8543 -0.1474
vn -0.5387 -0.8288 -0.1514
vn -0.4887 -0.8421 -0.2279
vn -0.5178 -0.8138 -0.2639
vn -0.9125 -0.0800 0.4012
vn -0.8929 -0.0310 0.4491
vn -0.8497 -0.0007 0.5272
vn -0.9489 -0.2787 0.1482
vn -0.9693 -0.1388 0.2032
vn -0.9448 -0.1019 0.3114
vn -0.9189 -0.0317 0.3933
vn -0.9460 -0.3233 0.0251
vn -0.9633 -0.2537 0.0874
vn -0.9652 -0.1884 0.1814
vn -0.9695 -0.0882 0.2287
vn -0.8502 -0.2419 0.4677
vn -0.8288 -0.1659 0.5344
vn -0.7978 -0.0683 0.5991
vn -0.7608 0.0508 0.6470
vn -0.7126 0.1446 0.6865
vn -0.8911 -0.4035 0.2077
vn -0.9065 -0.3070 0.2898
vn -0.8772 -0.2552 0.4067
vn -0.8572 -0.1119 0.5027
vn -0.8363 -0.0029 0.5483
vn -0.7680 0.0851 0.6348
vn -0.8862 -0.4569 0.0766
vn -0.9006 -0.4071 0.1525
vn -0.9083 -0.3535 0.2236
vn -0.9281 -0.1860 0.3225
vn -0.8628 -0.5027 -0.0541
vn -0.8828 -0.4683 -0.0353
vn -0.9124 -0.4092 -0.0004
vn -0.7478 -0.2732 0.6051
vn -0.7368 -0.1543 0.6583
vn -0.7001 -0.0629 0.7113
vn -0.6473 0.0252 0.7618
vn -0.6048 0.1118 0.7885
vn -0.5747 0.1874 0.7966
vn -0.8040 -0.4660 0.3693
vn -0.8224 -0.3547 0.4447
vn -0.8203 -0.2381 0.5200
vn -0.7781 -0.1303 0.6145
vn -0.7199 -0.0134 0.6940
vn -0.6868 0.0890 0.7214
vn -0.6421 0.1946 0.7415
vn -0.8289 -0.5185 0.2099
vn -0.8624 -0.4343 0.2601
vn -0.8740 -0.3266 0.3599
vn -0.8320 -0.5543 0.0224
vn -0.8623 -0.5029 0.0598
vn -0.8079 -0.5743 -0.1325
vn -0.8296 -0.5496 -0.0986
vn -0.6186 -0.1609 0.7691
vn -0.5854 -0.0840 0.8063
vn -0.5607 0.0074 0.8280
vn -0.5258 0.1139 0.8429
vn -0.4958 0.1526 0.8549
vn -0.7401 -0.4601 0.4904
vn -0.7421 -0.3533 0.5696
vn -0.6986 -0.2645 0.6649
vn -0.6637 -0.1246 0.7376
vn -0.6391 -0.0225 0.7688
vn -0.5858 0.0782 0.8067
vn -0.5214 0.1536 0.8394
vn -0.4901 0.2268 0.8417
vn -0.7937 -0.5191 0.3171
vn -0.7850 -0.4715 0.4018
vn -0.7593 -0.3806 0.5278
vn -0.5489 0.2568 0.7955
vn -0.7988 -0.5842 0.1436
vn -0.7977 -0.5710 0.1942
vn -0.7695 -0.6385 -0.0118
vn -0.7883 -0.6151 0.0135
vn -0.7327 -0.6568 -0.1784
vn -0.7630 -0.6272 -0.1567
vn -0.6196 -0.3675 0.6936
vn -0.6010 -0.2481 0.7598
vn -0.5626 -0.1534 0.8124
vn -0.5289 -0.0576 0.8467
vn -0.4815 0.0432 0.8754
vn -0.4454 0.1335 0.8853
vn -0.4257 0.1859 0.8855
vn -0.3909 0.2376 0.8892
vn -0.7015 -0.4648 0.5402
vn -0.6897 -0.3332 0.6429
vn -0.6574 -0.2419 0.7136
vn -0.4617 0.1969 0.8649
vn -0.4444 0.2425 0.8624
vn -0.7506 -0.5617 0.3481
vn -0.7708 -0.6072 0.1928
vn -0.6906 -0.6794 -0.2481
vn -0.4933 -0.2528 0.8323
vn -0.4677 -0.1718 0.8670
vn -0.4498 -0.0709 0.8903
vn -0.4091 0.0160 0.9124
vn -0.3731 0.0824 0.9241
vn -0.3514 0.1279 0.9275
vn -0.5584 -0.3521 0.7511
vn -0.5427 -0.2181 0.8111
vn -0.5185 -0.1088 0.8481
vn -0.4577 -0.0147 0.8890
vn -0.4152 0.0770 0.9065
vn -0.4085 0.1546 0.8996
vn -0.3710 0.2274 0.9004
vn -0.3106 0.2758 0.9097
vn -0.6256 -0.4757 0.6184
vn -0.4440 -0.2426 0.8626
vn -0.4060 -0.1475 0.9019
vn -0.3683 -0.0433 0.9287
vn -0.3444 0.0460 0.9377
vn -0.3087 0.1161 0.9440
vn -0.2584 0.1689 0.9512
vn -0.2461 0.2285 0.9419
vn -0.2904 0.2337 0.9279
vn -0.5298 -0.3331 0.7800
vn -0.3177 0.2063 0.9255
vn -0.2901 0.2735 0.9171
vn -0.3091 0.2833 0.9078
vn -0.3872 -0.2066 0.8985
vn -0.3400 -0.0991 0.9352
vn -0.3057 -0.0151 0.9520
vn -0.2803 0.0712 0.9573
vn -0.2537 0.1506 0.9555
vn -0.2498 0.1841 0.9506
vn -0.2815 0.1985 0.9388
vn -0.3860 0.1818 0.9044
vn -0.3643 0.2609 0.8940
vn -0.4764 -0.3928 0.7866
vn -0.5221 -0.1421 0.8409
vn -0.4236 -0.0652 0.9035
vn -0.3145 -0.5648 0.7629
vn -0.3841 -0.4894 0.7829
vn -0.5084 -0.1925 0.8393
vn -0.2841 -0.4268 0.8586
vn -0.2904 -0.1439 0.9460
vn -0.2836 -0.6033 0.7454
vn -0.3215 -0.5561 0.7664
vn -0.3901 -0.3545 0.8498
vn -0.2095 -0.4485 0.8689
vn -0.2435 -0.1681 0.9552
vn -0.1919 -0.6673 0.7197
vn -0.2418 -0.5917 0.7690
vn -0.0809 -0.6417 0.7627
vn -0.1214 -0.4704 0.8741
vn -0.1506 -0.2017 0.9678
vn -0.0961 -0.7242 0.6828
vn -0.1502 -0.6172 0.7723
vn -0.1179 -0.1053 0.9874
vn -0.0317 -0.6567 0.7535
vn -0.0454 -0.4691 0.8820
vn -0.0939 -0.2299 0.9687
vn -0.0157 -0.7491 0.6623
vn -0.2716 -0.2229 0.9363
vn -0.3896 -0.5250 0.7567
vn -0.3550 -0.4342 0.8279
vn -0.3458 -0.3225 0.8811
vn -0.4546 -0.7183 0.5267
vn -0.4478 -0.6367 0.6277
vn -0.4191 -0.5556 0.7181
vn -0.4830 -0.8060 0.3422
vn -0.4919 -0.7378 0.4623
vn -0.5073 -0.8468 0.1602
vn -0.5070 -0.8619 -0.0090
vn -0.4830 -0.8605 -0.1620
vn -0.4515 -0.8537 -0.2596
vn -0.4744 -0.8259 -0.3046
vn -0.2598 -0.3038 0.9166
vn -0.2274 -0.2188 0.9489
vn -0.3302 -0.6256 0.7068
vn -0.3478 -0.5009 0.7925
vn -0.3191 -0.3980 0.8601
vn -0.3047 -0.3299 0.8935
vn -0.3916 -0.7234 0.5686
vn -0.4210 -0.6187 0.6633
vn -0.4110 -0.8674 0.2806
vn -0.4575 -0.8042 0.3795
vn -0.4137 -0.9027 0.1179
vn -0.4776 -0.8650 0.1541
vn -0.4116 -0.9111 -0.0230
vn -0.4645 -0.8853 -0.0201
vn -0.4050 -0.8996 -0.1632
vn -0.4509 -0.8758 -0.1723
vn -0.3962 -0.8875 -0.2354
vn -0.4422 -0.8522 -0.2798
vn -0.1948 -0.2921 0.9363
vn -0.1802 -0.1837 0.9663
vn -0.2518 -0.6250 0.7389
vn -0.2517 -0.4855 0.8372
vn -0.2476 -0.4039 0.8807
vn -0.3064 -0.7983 0.5184
vn -0.3155 -0.7324 0.6034
vn -0.3312 -0.8813 0.3372
vn -0.3700 -0.8000 0.4724
vn -0.3649 -0.9204 0.1406
vn -0.3721 -0.9278 -0.0262
vn -0.3612 -0.9169 -0.1696
vn -0.3380 -0.9050 -0.2583
vn -0.3813 -0.8661 -0.3232
vn -0.1477 -0.3705 0.9170
vn -0.1346 -0.2899 0.9475
vn -0.1119 -0.1772 0.9778
vn -0.2202 -0.5827 0.7823
vn -0.1916 -0.4751 0.8588
vn -0.1846 -0.3961 0.8994
vn -0.2761 -0.7921 0.5444
vn -0.2742 -0.7044 0.6548
vn -0.3174 -0.9130 0.2562
vn -0.3405 -0.8669 0.3642
vn -0.3178 -0.9446 0.0824
vn -0.3668 -0.9211 0.1304
vn -0.3241 -0.9460 -0.0076
vn -0.3613 -0.9321 -0.0245
vn -0.3267 -0.9342 -0.1432
vn -0.3595 -0.9130 -0.1931
vn -0.3247 -0.9005 -0.2893
vn -0.1165 -0.3467 0.9307
vn -0.0919 -0.2521 0.9633
vn -0.0631 -0.1524 0.9863
vn -0.1656 -0.6772 0.7169
vn -0.1764 -0.5570 0.8116
vn -0.1453 -0.4668 0.8723
vn -0.2225 -0.7841 0.5794
vn -0.2417 -0.6879 0.6844
vn -0.2090 -0.9325 0.2945
vn -0.2559 -0.8532 0.4544
vn -0.2335 -0.9656 0.1144
vn -0.2509 -0.9678 -0.0200
vn -0.2478 -0.9523 -0.1782
vn -0.2997 -0.9234 -0.2397
vn -0.2478 -0.9404 -0.2328
vn -0.2954 -0.9099 -0.2912
vn -0.0433 -0.3420 0.9387
vn -0.0298 -0.2311 0.9725
vn -0.0127 -0.1295 0.9915
vn -0.0896 -0.6685 0.7383
vn -0.0807 -0.5366 0.8400
vn -0.0590 -0.4524 0.8899
vn -0.1331 -0.8461 0.5162
vn -0.1365 -0.7740 0.6183
vn -0.1562 -0.9332 0.3235
vn -0.1871 -0.8566 0.4808
vn -0.1864 -0.9695 0.1590
vn -0.2126 -0.9771 -0.0085
vn -0.2232 -0.9610 -0.1631
vn -0.2152 -0.9454 -0.2447
vn -0.2496 -0.9122 -0.3248
vn 0.0165 -0.3252 0.9455
vn 0.0365 -0.2166 0.9756
vn 0.0513 -0.1174 0.9918
vn -0.0519 -0.6354 0.7704
vn -0.0242 -0.5164 0.8560
vn -0.0013 -0.4266 0.9044
vn -0.1034 -0.8361 0.5387
vn -0.0909 -0.7445 0.6614
vn -0.1231 -0.9314 0.3425
vn -0.1512 -0.9715 0.1824
vn -0.1684 -0.9857 0.0075
vn -0.1774 -0.9721 -0.1533
vn -0.1787 -0.9483 -0.2622
vn 0.0649 -0.2904 0.9547
vn 0.0792 -0.1959 0.9774
vn 0.0935 -0.1048 0.9901
vn -0.0013 -0.6091 0.7931
vn 0.0212 -0.4827 0.8755
vn 0.0506 -0.3837 0.9221
vn -0.0291 -0.8297 0.5574
vn -0.0158 -0.7268 0.6867
vn -0.0480 -0.9285 0.3683
vn -0.0775 -0.9765 0.2011
vn -0.0968 -0.9951 0.0188
vn -0.1098 -0.9836 -0.1432
vn -0.1207 -0.9564 -0.2659
vn -0.2478 -0.1110 0.9624
vn -0.2432 -0.0467 0.9689
vn -0.2255 0.0270 0.9739
vn -0.1850 0.1061 0.9770
vn -0.1726 0.1366 0.9755
vn -0.6252 -0.0570 0.7784
vn -0.3371 -0.1654 0.9268
vn -0.3038 -0.0661 0.9505
vn -0.2698 0.0049 0.9629
vn -0.2142 0.0945 0.9722
vn -0.1927 0.1556 0.9688
vn -0.2350 0.1236 0.9641
vn -0.3839 0.0525 0.9219
vn -0.5821 0.0054 0.8131
vn -0.1938 -0.1182 0.9739
vn -0.1859 -0.0315 0.9821
vn -0.1631 0.0470 0.9855
vn -0.1510 0.1211 0.9811
vn -0.1484 0.1219 0.9814
vn -0.2531 -0.0649 0.9653
vn -0.4946 -0.2498 0.8325
vn -0.5962 -0.1534 0.7880
vn -0.1924 0.1381 0.9716
vn -0.2615 0.0282 0.9648
vn -0.4293 -0.1073 0.8968
vn -0.5401 -0.1818 0.8218
vn -0.1622 -0.0982 0.9819
vn -0.1326 -0.0012 0.9912
vn -0.1056 0.0624 0.9925
vn -0.1049 0.1189 0.9874
vn -0.1358 0.0679 0.9884
vn -0.3317 -0.2352 0.9136
vn -0.4998 -0.3904 0.7732
vn -0.5803 -0.1599 0.7986
vn -0.0951 -0.0745 0.9927
vn -0.0785 0.0203 0.9967
vn -0.0669 0.0827 0.9943
vn -0.0689 0.0922 0.9934
vn -0.1695 -0.0650 0.9834
vn -0.2863 -0.4355 0.8535
vn -0.3641 -0.4945 0.7892
vn -0.0387 -0.0530 0.9978
vn -0.0176 0.0235 0.9996
vn -0.0187 0.0909 0.9957
vn -0.0084 0.0539 0.9985
vn -0.1147 -0.2080 0.9714
vn -0.2251 -0.4819 0.8468
vn 0.0036 -0.0284 0.9996
vn 0.0156 0.0366 0.9992
vn 0.0278 0.0971 0.9949
vn 0.0123 -0.0019 0.9999
vn -0.0776 -0.3300 0.9408
vn -0.1341 -0.5621 0.8161
vn 0.0612 -0.0233 0.9979
vn 0.0606 0.0451 0.9971
vn 0.0778 0.1142 0.9904
vn 0.1086 -0.0382 0.9934
vn 0.0389 -0.4172 0.9080
vn -0.0541 -0.6365 0.7694
vn 0.1028 -0.0219 0.9945
vn 0.1056 0.0544 0.9929
vn 0.1342 0.1488 0.9797
vn 0.2428 0.0195 0.9699
vn 0.1555 -0.5394 0.8275
vn 0.0163 -0.7042 0.7098
vn 0.2009 0.0785 0.9765
vn 0.2394 -0.3379 0.9102
vn -0.8214 0.0957 0.5622
vn -0.8950 0.1170 0.4305
vn -0.8564 0.1937 0.4786
vn -0.8114 0.2487 0.5289
vn -0.9562 0.0561 0.2872
vn -0.9202 0.1275 0.3700
vn -0.8695 0.2286 0.4379
vn -0.8319 0.3085 0.4612
vn -0.7919 0.3805 0.4776
vn -0.6808 0.1576 0.7153
vn -0.7262 0.1705 0.6660
vn -0.7019 0.2797 0.6551
vn -0.6601 0.3202 0.6795
vn -0.6245 0.3633 0.6914
vn -0.7912 0.2016 0.5773
vn -0.7553 0.2702 0.5971
vn -0.7226 0.3058 0.6200
vn -0.6819 0.3644 0.6342
vn -0.6464 0.4362 0.6260
vn -0.7721 0.3044 0.5579
vn -0.7403 0.3664 0.5636
vn -0.7097 0.4353 0.5540
vn -0.6771 0.4492 0.5829
vn -0.5752 0.2306 0.7849
vn -0.5294 0.3079 0.7906
vn -0.5180 0.3652 0.7735
vn -0.6380 0.2377 0.7324
vn -0.6000 0.3272 0.7300
vn -0.5518 0.3766 0.7441
vn -0.5200 0.4051 0.7520
vn -0.5001 0.4523 0.7385
vn -0.5722 0.4219 0.7033
vn -0.5348 0.4832 0.6932
vn -0.5169 0.5097 0.6877
vn -0.6011 0.4877 0.6331
vn -0.5569 0.5071 0.6578
vn -0.5261 0.5605 0.6396
vn -0.4717 0.2818 0.8355
vn -0.4462 0.3173 0.8368
vn -0.5220 0.2900 0.8022
vn -0.4906 0.3318 0.8057
vn -0.4555 0.3925 0.7990
vn -0.4245 0.4279 0.7979
vn -0.4956 0.4096 0.7659
vn -0.4641 0.4376 0.7702
vn -0.4370 0.4731 0.7649
vn -0.4097 0.5171 0.7515
vn -0.4830 0.5013 0.7179
vn -0.4578 0.5252 0.7174
vn -0.4364 0.5466 0.7147
vn -0.5049 0.5311 0.6805
vn -0.4846 0.5693 0.6641
vn -0.4561 0.6086 0.6493
vn -0.3605 0.2986 0.8837
vn -0.3997 0.3163 0.8603
vn -0.3521 0.3495 0.8682
vn -0.3339 0.3886 0.8588
vn -0.4006 0.3733 0.8368
vn -0.3692 0.4213 0.8283
vn -0.3544 0.4470 0.8213
vn -0.3376 0.4740 0.8132
vn -0.3881 0.4644 0.7961
vn -0.3628 0.4934 0.7905
vn -0.3464 0.5285 0.7751
vn -0.3661 0.5485 0.7518
vn -0.3524 0.5635 0.7472
vn -0.3326 0.6063 0.7224
vn -0.3926 0.5940 0.7021
vn -0.3672 0.6268 0.6872
vn -0.2967 0.3158 0.9013
vn -0.2854 0.3612 0.8877
vn -0.3338 0.3506 0.8750
vn -0.3102 0.3817 0.8707
vn -0.3044 0.3891 0.8694
vn -0.2766 0.4466 0.8509
vn -0.3406 0.4261 0.8381
vn -0.3100 0.4735 0.8245
vn -0.2964 0.4740 0.8292
vn -0.2578 0.5183 0.8154
vn -0.3326 0.5035 0.7974
vn -0.3055 0.5412 0.7835
vn -0.2863 0.5620 0.7760
vn -0.3376 0.5504 0.7636
vn -0.3121 0.5818 0.7511
vn -0.2986 0.6102 0.7338
vn -0.3128 0.6325 0.7085
vn -0.3109 0.3149 0.8968
vn -0.2691 0.3846 0.8830
vn -0.2541 0.3988 0.8811
vn -0.2353 0.4111 0.8807
vn -0.2014 0.4598 0.8649
vn -0.2206 0.4887 0.8441
vn -0.2137 0.4908 0.8446
vn -0.1861 0.5283 0.8284
vn -0.2142 0.5564 0.8028
vn -0.2128 0.5652 0.7970
vn -0.2293 0.5957 0.7698
vn -0.2340 0.6126 0.7549
vn -0.2699 0.6341 0.7246
vn -0.5086 0.2671 0.8186
vn -0.4015 0.3416 0.8498
vn -0.3423 0.4527 0.8234
vn -0.3202 0.5000 0.8047
vn -0.2453 0.4340 0.8669
vn -0.2235 0.4460 0.8667
vn -0.1935 0.4712 0.8605
vn -0.1709 0.4959 0.8514
vn -0.1907 0.4843 0.8539
vn -0.1794 0.5065 0.8434
vn -0.1730 0.5315 0.8292
vn -0.1750 0.5568 0.8120
vn -0.1746 0.5705 0.8025
vn -0.1681 0.5936 0.7870
vn -0.1867 0.5946 0.7820
vn -0.1809 0.6150 0.7675
vn -0.3541 0.6421 0.6799
vn -0.3079 0.6453 0.6992
vn -0.2104 0.6358 0.7427
vn -0.2536 0.6500 0.7164
vn -0.2376 0.6773 0.6963
vn -0.1712 0.6363 0.7522
vn -0.1803 0.6563 0.7326
vn -0.1737 0.6769 0.7153
vn -0.5272 0.1439 0.8375
vn -0.4966 0.4199 0.7597
vn -0.4236 0.0653 0.9035
vn -0.5084 0.1925 0.8393
vn -0.3938 0.5028 0.7695
vn -0.3297 0.6653 0.6698
vn -0.2904 0.1439 0.9460
vn -0.2841 0.4268 0.8585
vn -0.3901 0.3545 0.8498
vn -0.3199 0.5624 0.7625
vn -0.2694 0.6957 0.6659
vn -0.2435 0.1682 0.9552
vn -0.2095 0.4485 0.8689
vn -0.2405 0.6103 0.7548
vn -0.1993 0.7349 0.6483
vn -0.1506 0.2017 0.9678
vn -0.1214 0.4704 0.8741
vn -0.0856 0.6540 0.7516
vn -0.1521 0.6370 0.7557
vn -0.1091 0.7608 0.6398
vn -0.1183 0.1182 0.9859
vn -0.0939 0.2299 0.9687
vn -0.0454 0.4691 0.8820
vn -0.0333 0.6611 0.7495
vn -0.0387 0.7644 0.6436
vn -0.6528 0.0891 0.7522
vn -0.6724 0.2535 0.6954
vn -0.6212 0.4772 0.6216
vn -0.5414 0.3877 0.7460
vn -0.5181 0.4962 0.6967
vn -0.4129 0.5809 0.7015
vn -0.2799 0.5221 0.8057
vn -0.1770 0.5263 0.8317
vn -0.1207 0.5100 0.8516
vn -0.1262 0.5159 0.8473
vn -0.1273 0.5338 0.8360
vn -0.1370 0.5576 0.8187
vn -0.1325 0.5743 0.8079
vn -0.1303 0.5949 0.7932
vn -0.1380 0.6201 0.7723
vn -0.5947 0.1791 0.7837
vn -0.5579 0.4530 0.6954
vn -0.6381 0.3554 0.6830
vn -0.5804 0.5590 0.5921
vn -0.4855 0.6861 0.5418
vn -0.5272 0.5932 0.6085
vn -0.4130 0.6938 0.5900
vn -0.3077 0.7256 0.6155
vn -0.2981 0.6191 0.7265
vn -0.2008 0.6206 0.7580
vn -0.1271 0.5526 0.8237
vn -0.0909 0.5285 0.8441
vn -0.0756 0.5353 0.8412
vn -0.0635 0.5592 0.8266
vn -0.0890 0.5577 0.8252
vn -0.0769 0.5774 0.8129
vn -0.0801 0.5933 0.8010
vn -0.0828 0.6175 0.7822
vn -0.5865 0.1850 0.7885
vn -0.5085 0.5174 0.6883
vn -0.4152 0.6994 0.5818
vn -0.4970 0.6377 0.5885
vn -0.4030 0.7605 0.5091
vn -0.3348 0.8206 0.4632
vn -0.3729 0.7749 0.5104
vn -0.3071 0.8059 0.5062
vn -0.1987 0.7171 0.6680
vn -0.1174 0.6081 0.7852
vn -0.0770 0.5654 0.8212
vn -0.0527 0.5432 0.8380
vn -0.0491 0.5619 0.8258
vn -0.0483 0.5810 0.8125
vn -0.0457 0.5975 0.8006
vn -0.0453 0.6175 0.7853
vn -0.4127 0.6150 0.6719
vn -0.3432 0.7433 0.5743
vn -0.3442 0.7938 0.5014
vn -0.2974 0.8514 0.4320
vn -0.2359 0.8626 0.4475
vn -0.1710 0.7885 0.5908
vn -0.1118 0.6874 0.7177
vn -0.0373 0.6133 0.7889
vn -0.0153 0.5569 0.8305
vn -0.0074 0.5588 0.8293
vn -0.0116 0.5794 0.8149
vn -0.0156 0.5986 0.8009
vn -0.0169 0.6225 0.7824
vn -0.2676 0.7734 0.5747
vn -0.2197 0.8395 0.4969
vn -0.2868 0.8170 0.5003
vn -0.2277 0.8808 0.4151
vn -0.1959 0.9042 0.3794
vn -0.1611 0.8678 0.4701
vn -0.1661 0.8249 0.5404
vn -0.1141 0.7623 0.6371
vn -0.0436 0.6716 0.7396
vn 0.0097 0.5854 0.8107
vn 0.0331 0.5634 0.8255
vn 0.0372 0.5752 0.8172
vn 0.0359 0.5916 0.8054
vn 0.0300 0.6152 0.7878
vn -0.1836 0.7976 0.5745
vn -0.1568 0.8595 0.4865
vn -0.1593 0.8972 0.4118
vn -0.1539 0.9201 0.3603
vn -0.1441 0.8986 0.4144
vn -0.0716 0.8165 0.5729
vn -0.0032 0.7295 0.6839
vn 0.0378 0.6134 0.7889
vn 0.0452 0.5815 0.8123
vn 0.0647 0.5958 0.8005
vn 0.0605 0.5798 0.8125
vn 0.0667 0.5917 0.8034
vn 0.0717 0.6076 0.7910
vn -0.1109 0.8117 0.5734
vn -0.1014 0.8699 0.4827
vn -0.0983 0.9036 0.4169
vn -0.0956 0.9278 0.3605
vn -0.0845 0.9254 0.3695
vn -0.0228 0.8711 0.4906
vn 0.0376 0.7753 0.6305
vn 0.0786 0.6403 0.7641
vn 0.1003 0.6006 0.7933
vn 0.0915 0.5790 0.8102
vn 0.0878 0.5974 0.7972
vn 0.0933 0.6143 0.7836
vn -0.0400 0.8171 0.5751
vn -0.0362 0.8766 0.4799
vn -0.0350 0.9079 0.4178
vn -0.0337 0.9344 0.3547
vn -0.0246 0.9422 0.3342
vn 0.0231 0.9052 0.4244
vn 0.0649 0.8066 0.5875
vn 0.1044 0.6748 0.7306
vn 0.1245 0.6037 0.7874
vn 0.1231 0.5682 0.8136
vn 0.1103 0.5945 0.7965
vn 0.1196 0.6204 0.7751
vn -0.1400 0.6442 0.7520
vn -0.1428 0.6635 0.7344
vn -0.1414 0.6761 0.7231
vn -0.0888 0.6402 0.7631
vn -0.0984 0.6619 0.7431
vn -0.1026 0.6827 0.7234
vn -0.0453 0.6331 0.7727
vn -0.0475 0.6544 0.7547
vn -0.0540 0.6756 0.7353
vn -0.0143 0.6403 0.7680
vn -0.0108 0.6571 0.7537
vn -0.0087 0.6691 0.7431
vn 0.0195 0.6366 0.7709
vn 0.0136 0.6607 0.7505
vn 0.0182 0.6779 0.7349
vn 0.0686 0.6231 0.7791
vn 0.0600 0.6510 0.7567
vn 0.0517 0.6803 0.7311
vn 0.1005 0.6224 0.7762
vn 0.1028 0.6391 0.7622
vn 0.0911 0.6670 0.7395
vn 0.1250 0.6285 0.7677
vn 0.1316 0.6374 0.7593
vn 0.1304 0.6537 0.7454
vn -0.6529 -0.6945 -0.3023
vn -0.6153 -0.6871 -0.3865
vn -0.5717 -0.7590 -0.3115
vn -0.6042 -0.7233 -0.3344
vn -0.5493 -0.7358 -0.3961
vn -0.5674 -0.7002 -0.4334
vn -0.5490 -0.6919 -0.4689
vn -0.5363 -0.7792 -0.3244
vn -0.5442 -0.7630 -0.3487
vn -0.5031 -0.7471 -0.4344
vn -0.5253 -0.7135 -0.4637
vn -0.4920 -0.7300 -0.4743
vn -0.5101 -0.7078 -0.4887
vn -0.4798 -0.6846 -0.5488
vn -0.4876 -0.7935 -0.3641
vn -0.5095 -0.7627 -0.3983
vn -0.4691 -0.7777 -0.4185
vn -0.4919 -0.7460 -0.4488
vn -0.4610 -0.7348 -0.4976
vn -0.4680 -0.7160 -0.5180
vn -0.4357 -0.7163 -0.5451
vn -0.4427 -0.6933 -0.5686
vn -0.4345 -0.6788 -0.5919
vn -0.9279 -0.3614 -0.0914
vn -0.9388 -0.3301 -0.0983
vn -0.9649 -0.2621 -0.0188
vn -0.9899 -0.1356 0.0421
vn -0.9083 -0.3737 -0.1881
vn -0.9362 -0.3028 -0.1783
vn -0.9700 -0.2044 -0.1315
vn -0.8676 -0.3931 -0.3047
vn -0.8977 -0.3083 -0.3147
vn -0.9219 -0.2639 -0.2836
vn -0.8605 -0.3224 -0.3945
vn -0.8728 -0.3011 -0.3841
vn -0.8386 -0.3091 -0.4485
vn -0.8319 -0.5323 -0.1571
vn -0.8588 -0.4784 -0.1835
vn -0.8800 -0.4425 -0.1727
vn -0.8958 -0.3994 -0.1951
vn -0.8183 -0.4850 -0.3086
vn -0.8431 -0.4508 -0.2931
vn -0.8579 -0.4394 -0.2663
vn -0.7839 -0.4921 -0.3786
vn -0.8007 -0.4641 -0.3788
vn -0.8078 -0.4553 -0.3744
vn -0.8312 -0.3827 -0.4032
vn -0.7628 -0.4745 -0.4392
vn -0.7845 -0.4338 -0.4431
vn -0.8044 -0.3722 -0.4631
vn -0.8165 -0.3492 -0.4597
vn -0.7492 -0.4192 -0.5128
vn -0.7707 -0.3788 -0.5123
vn -0.7963 -0.3433 -0.4981
vn -0.7310 -0.3880 -0.5613
vn -0.7546 -0.3447 -0.5584
vn -0.7706 -0.5827 -0.2580
vn -0.7831 -0.5775 -0.2308
vn -0.7986 -0.5425 -0.2606
vn -0.7388 -0.5871 -0.3309
vn -0.7457 -0.5747 -0.3372
vn -0.7646 -0.5396 -0.3525
vn -0.7158 -0.5668 -0.4079
vn -0.7413 -0.5213 -0.4227
vn -0.7501 -0.4957 -0.4377
vn -0.7028 -0.5087 -0.4974
vn -0.7084 -0.5019 -0.4963
vn -0.7230 -0.4774 -0.4993
vn -0.6781 -0.4964 -0.5421
vn -0.6863 -0.4550 -0.5674
vn -0.7004 -0.4235 -0.5745
vn -0.6692 -0.4368 -0.6012
vn -0.6776 -0.4185 -0.6048
vn -0.6906 -0.3765 -0.6175
vn -0.6580 -0.4024 -0.6365
vn -0.6695 -0.3628 -0.6481
vn -0.6921 -0.6662 -0.2777
vn -0.7291 -0.6252 -0.2784
vn -0.6699 -0.6537 -0.3520
vn -0.7002 -0.6071 -0.3757
vn -0.7040 -0.5944 -0.3888
vn -0.6568 -0.5990 -0.4580
vn -0.6553 -0.5960 -0.4641
vn -0.6810 -0.5552 -0.4775
vn -0.6335 -0.5835 -0.5080
vn -0.6583 -0.5301 -0.5345
vn -0.6702 -0.5116 -0.5377
vn -0.6154 -0.5623 -0.5524
vn -0.6364 -0.5265 -0.5638
vn -0.6527 -0.5067 -0.5632
vn -0.6600 -0.4685 -0.5873
vn -0.6178 -0.4870 -0.6174
vn -0.6369 -0.4525 -0.6242
vn -0.6475 -0.4350 -0.6257
vn -0.6033 -0.4476 -0.6601
vn -0.6194 -0.4227 -0.6616
vn -0.6410 -0.3774 -0.6683
vn -0.5897 -0.4133 -0.6938
vn -0.6090 -0.3768 -0.6980
vn -0.6652 -0.6826 -0.3027
vn -0.6185 -0.6752 -0.4019
vn -0.6401 -0.6369 -0.4298
vn -0.5872 -0.6617 -0.4662
vn -0.6118 -0.6162 -0.4960
vn -0.6239 -0.5988 -0.5022
vn -0.5932 -0.6141 -0.5206
vn -0.6078 -0.5993 -0.5210
vn -0.5572 -0.6027 -0.5712
vn -0.5733 -0.5796 -0.5792
vn -0.5726 -0.5535 -0.6049
vn -0.5982 -0.5231 -0.6071
vn -0.5448 -0.5346 -0.6460
vn -0.5548 -0.5134 -0.6547
vn -0.5811 -0.4795 -0.6576
vn -0.5434 -0.5011 -0.6734
vn -0.5562 -0.4677 -0.6869
vn -0.5705 -0.4475 -0.6887
vn -0.5461 -0.4537 -0.7042
vn -0.5471 -0.4332 -0.7162
vn -0.5570 -0.4031 -0.7261
vn -0.5771 -0.6775 -0.4560
vn -0.5602 -0.6724 -0.4839
vn -0.5736 -0.6405 -0.5107
vn -0.5313 -0.6517 -0.5413
vn -0.5409 -0.6295 -0.5578
vn -0.5082 -0.6148 -0.6031
vn -0.5206 -0.5903 -0.6168
vn -0.5396 -0.5646 -0.6246
vn -0.5114 -0.5805 -0.6336
vn -0.5314 -0.5422 -0.6509
vn -0.5389 -0.5227 -0.6606
vn -0.5156 -0.5300 -0.6733
vn -0.5302 -0.5116 -0.6762
vn -0.5427 -0.4787 -0.6902
vn -0.4999 -0.4944 -0.7111
vn -0.5232 -0.4640 -0.7148
vn -0.5401 -0.4339 -0.7211
vn -0.5426 -0.4120 -0.7320
vn -0.5264 -0.6776 -0.5135
vn -0.4909 -0.6556 -0.5738
vn -0.5017 -0.6353 -0.5871
vn -0.4752 -0.6457 -0.5977
vn -0.4910 -0.6199 -0.6121
vn -0.5017 -0.6005 -0.6227
vn -0.4775 -0.6078 -0.6345
vn -0.4859 -0.5910 -0.6439
vn -0.4969 -0.5595 -0.6634
vn -0.4536 -0.5687 -0.6862
vn -0.4630 -0.5440 -0.6998
vn -0.4760 -0.5280 -0.7033
vn -0.4382 -0.5338 -0.7232
vn -0.4453 -0.5107 -0.7355
vn -0.4560 -0.4915 -0.7419
vn -0.4865 -0.4593 -0.7432
vn -0.4617 -0.6648 -0.5872
vn -0.4520 -0.6574 -0.6029
vn -0.4675 -0.6297 -0.6204
vn -0.4278 -0.6352 -0.6430
vn -0.4336 -0.6130 -0.6605
vn -0.4433 -0.5937 -0.6716
vn -0.4094 -0.6008 -0.6866
vn -0.4203 -0.5740 -0.7028
vn -0.4330 -0.5518 -0.7127
vn -0.4158 -0.5608 -0.7159
vn -0.4256 -0.5387 -0.7271
vn -0.4365 -0.5159 -0.7371
vn -0.4387 -0.4954 -0.7497
vn -0.5431 -0.3877 -0.7448
vn -0.5110 -0.4195 -0.7503
vn -0.5282 -0.3970 -0.7506
vn -0.4983 -0.3846 -0.7770
vn -0.4356 -0.4747 -0.7648
vn -0.4530 -0.4435 -0.7734
vn -0.4719 -0.4219 -0.7742
vn -0.4389 -0.4299 -0.7890
vn -0.4434 -0.4067 -0.7988
vn -0.4246 -0.4981 -0.7560
vn -0.4301 -0.4796 -0.7649
vn -0.4389 -0.4545 -0.7751
vn -0.4166 -0.4633 -0.7822
vn -0.4269 -0.4350 -0.7928
vn -0.4315 -0.4129 -0.8021
vn -0.4165 -0.3938 -0.8194
vn -0.4325 -0.8271 -0.3588
vn -0.4470 -0.8014 -0.3974
vn -0.4254 -0.7938 -0.4348
vn -0.4528 -0.7558 -0.4731
vn -0.4057 -0.7674 -0.4966
vn -0.4253 -0.7341 -0.5294
vn -0.4064 -0.7222 -0.5597
vn -0.4188 -0.6996 -0.5789
vn -0.4063 -0.6890 -0.6002
vn -0.4054 -0.8258 -0.3921
vn -0.4192 -0.8050 -0.4198
vn -0.3902 -0.8178 -0.4230
vn -0.4102 -0.7932 -0.4500
vn -0.3757 -0.7655 -0.5224
vn -0.3854 -0.7421 -0.5484
vn -0.3606 -0.7498 -0.5547
vn -0.3760 -0.7326 -0.5674
vn -0.3920 -0.7084 -0.5870
vn -0.3602 -0.7122 -0.6025
vn -0.3685 -0.6905 -0.6224
vn -0.3453 -0.6703 -0.6569
vn -0.3230 -0.8734 -0.3645
vn -0.3504 -0.8374 -0.4195
vn -0.3433 -0.8333 -0.4332
vn -0.3736 -0.7950 -0.4779
vn -0.3227 -0.8016 -0.5033
vn -0.3413 -0.7644 -0.5470
vn -0.3384 -0.7607 -0.5540
vn -0.3531 -0.7370 -0.5764
vn -0.3327 -0.7115 -0.6190
vn -0.3325 -0.6908 -0.6420
vn -0.3249 -0.6747 -0.6627
vn -0.3080 -0.8705 -0.3840
vn -0.3256 -0.8450 -0.4242
vn -0.3016 -0.8530 -0.4259
vn -0.3154 -0.8361 -0.4488
vn -0.2938 -0.8049 -0.5155
vn -0.3037 -0.7765 -0.5521
vn -0.3002 -0.7731 -0.5588
vn -0.3162 -0.7427 -0.5903
vn -0.2811 -0.7457 -0.6041
vn -0.2950 -0.7119 -0.6373
vn -0.3063 -0.6956 -0.6498
vn -0.2825 -0.7005 -0.6553
vn -0.2970 -0.6855 -0.6647
vn -0.2863 -0.6692 -0.6857
vn -0.2809 -0.8757 -0.3928
vn -0.2666 -0.8653 -0.4244
vn -0.2890 -0.8337 -0.4706
vn -0.2679 -0.8003 -0.5364
vn -0.2802 -0.7849 -0.5527
vn -0.2543 -0.7912 -0.5562
vn -0.2667 -0.7764 -0.5710
vn -0.2557 -0.7509 -0.6089
vn -0.2635 -0.7181 -0.6441
vn -0.2596 -0.7064 -0.6585
vn -0.2658 -0.6936 -0.6695
vn -0.2561 -0.6725 -0.6944
vn -0.2064 -0.9137 -0.3501
vn -0.2287 -0.8778 -0.4210
vn -0.2248 -0.8742 -0.4304
vn -0.2483 -0.8388 -0.4845
vn -0.2083 -0.8428 -0.4963
vn -0.2277 -0.8046 -0.5484
vn -0.2253 -0.7985 -0.5583
vn -0.2301 -0.7777 -0.5850
vn -0.2192 -0.7526 -0.6209
vn -0.2331 -0.7262 -0.6467
vn -0.2055 -0.7324 -0.6491
vn -0.2221 -0.7139 -0.6641
vn -0.2366 -0.6963 -0.6776
vn -0.2111 -0.6998 -0.6825
vn -0.2227 -0.6756 -0.7028
vn -0.2103 -0.6542 -0.7265
vn -0.1754 -0.9175 -0.3569
vn -0.2047 -0.8844 -0.4194
vn -0.1893 -0.8725 -0.4506
vn -0.1794 -0.8480 -0.4987
vn -0.1953 -0.8132 -0.5483
vn -0.1915 -0.8027 -0.5648
vn -0.2051 -0.7803 -0.5909
vn -0.1791 -0.7844 -0.5938
vn -0.1938 -0.7559 -0.6254
vn -0.1881 -0.7352 -0.6512
vn -0.1898 -0.7191 -0.6685
vn -0.1878 -0.7055 -0.6834
vn -0.1931 -0.6794 -0.7079
vn -0.1866 -0.6561 -0.7312
vn -0.1240 -0.9253 -0.3585
vn -0.1564 -0.8947 -0.4184
vn -0.1179 -0.9024 -0.4145
vn -0.1392 -0.8761 -0.4615
vn -0.1433 -0.8565 -0.4958
vn -0.1629 -0.8223 -0.5452
vn -0.1383 -0.8273 -0.5444
vn -0.1522 -0.8031 -0.5760
vn -0.1475 -0.7910 -0.5937
vn -0.1583 -0.7631 -0.6266
vn -0.1597 -0.7356 -0.6584
vn -0.1594 -0.7215 -0.6738
vn -0.1572 -0.7109 -0.6855
vn -0.1616 -0.6848 -0.7106
vn -0.1622 -0.6573 -0.7359
vn -0.4097 -0.6664 -0.6229
vn -0.3872 -0.6377 -0.6659
vn -0.3941 -0.6181 -0.6801
vn -0.3911 -0.6083 -0.6906
vn -0.4043 -0.5855 -0.7027
vn -0.3943 -0.5679 -0.7225
vn -0.4007 -0.5502 -0.7326
vn -0.4161 -0.5236 -0.7434
vn -0.3754 -0.6680 -0.6426
vn -0.3577 -0.6458 -0.6745
vn -0.3749 -0.6283 -0.6817
vn -0.3524 -0.6393 -0.6835
vn -0.3666 -0.6210 -0.6928
vn -0.3794 -0.5907 -0.7121
vn -0.3441 -0.5964 -0.7252
vn -0.3508 -0.5719 -0.7416
vn -0.3573 -0.5577 -0.7492
vn -0.3367 -0.6573 -0.6742
vn -0.3284 -0.6461 -0.6890
vn -0.3290 -0.6250 -0.7079
vn -0.3106 -0.5951 -0.7412
vn -0.3155 -0.5772 -0.7532
vn -0.3141 -0.6637 -0.6789
vn -0.2936 -0.6471 -0.7035
vn -0.2972 -0.6251 -0.7218
vn -0.2713 -0.6263 -0.7308
vn -0.2822 -0.6034 -0.7458
vn -0.2993 -0.5867 -0.7524
vn -0.2579 -0.6458 -0.7186
vn -0.2494 -0.6261 -0.7388
vn -0.2550 -0.6168 -0.7447
vn -0.2323 -0.6503 -0.7233
vn -0.2233 -0.6322 -0.7419
vn -0.2320 -0.6243 -0.7460
vn -0.1916 -0.6411 -0.7431
vn -0.2059 -0.6275 -0.7509
vn -0.1610 -0.6422 -0.7494
vn -0.3749 -0.5305 -0.7602
vn -0.3905 -0.5063 -0.7688
vn -0.3988 -0.4895 -0.7755
vn -0.3802 -0.4712 -0.7959
vn -0.3960 -0.4506 -0.8001
vn -0.4154 -0.4201 -0.8068
vn -0.3737 -0.4346 -0.8194
vn -0.3935 -0.3985 -0.8285
vn -0.3275 -0.5617 -0.7598
vn -0.3377 -0.5375 -0.7727
vn -0.3480 -0.5193 -0.7805
vn -0.3627 -0.4965 -0.7886
vn -0.3365 -0.5027 -0.7963
vn -0.3468 -0.4818 -0.8047
vn -0.3524 -0.4668 -0.8111
vn -0.3335 -0.4657 -0.8197
vn -0.3326 -0.4471 -0.8304
vn -0.3499 -0.4206 -0.8370
vn -0.3344 -0.4038 -0.8515
vn -0.3142 -0.5659 -0.7623
vn -0.3263 -0.5473 -0.7707
vn -0.3362 -0.5247 -0.7821
vn -0.3176 -0.5296 -0.7866
vn -0.3262 -0.5082 -0.7971
vn -0.3328 -0.4867 -0.8077
vn -0.3216 -0.4638 -0.8255
vn -0.3216 -0.4466 -0.8349
vn -0.3210 -0.4329 -0.8423
vn -0.3041 -0.4132 -0.8584
vn -0.2782 -0.5972 -0.7523
vn -0.2944 -0.5799 -0.7596
vn -0.3050 -0.5565 -0.7729
vn -0.2851 -0.5285 -0.7997
vn -0.2844 -0.5188 -0.8062
vn -0.3042 -0.4925 -0.8154
vn -0.2641 -0.5026 -0.8232
vn -0.2856 -0.4734 -0.8332
vn -0.3011 -0.4517 -0.8398
vn -0.3080 -0.4284 -0.8495
vn -0.2825 -0.4299 -0.8575
vn -0.2896 -0.4084 -0.8656
vn -0.2548 -0.6040 -0.7552
vn -0.2536 -0.5868 -0.7690
vn -0.2652 -0.5573 -0.7868
vn -0.2306 -0.5587 -0.7967
vn -0.2444 -0.5307 -0.8115
vn -0.2503 -0.5211 -0.8160
vn -0.2417 -0.5047 -0.8288
vn -0.2445 -0.4918 -0.8357
vn -0.2607 -0.4646 -0.8462
vn -0.2311 -0.4752 -0.8490
vn -0.2481 -0.4423 -0.8619
vn -0.2637 -0.4124 -0.8720
vn -0.2447 -0.3919 -0.8869
vn -0.2266 -0.6076 -0.7612
vn -0.2224 -0.5814 -0.7826
vn -0.2126 -0.5570 -0.8028
vn -0.2219 -0.5466 -0.8074
vn -0.2361 -0.5240 -0.8183
vn -0.2154 -0.5315 -0.8192
vn -0.2256 -0.5047 -0.8333
vn -0.2201 -0.4922 -0.8422
vn -0.2120 -0.4788 -0.8519
vn -0.2223 -0.4601 -0.8596
vn -0.2347 -0.4190 -0.8771
vn -0.2200 -0.3893 -0.8944
vn -0.1809 -0.6313 -0.7541
vn -0.1940 -0.6139 -0.7652
vn -0.2030 -0.5828 -0.7869
vn -0.1949 -0.5567 -0.8075
vn -0.1905 -0.5542 -0.8103
vn -0.1836 -0.5366 -0.8236
vn -0.1919 -0.5114 -0.8377
vn -0.2002 -0.4899 -0.8485
vn -0.1941 -0.4776 -0.8569
vn -0.1954 -0.4746 -0.8582
vn -0.2090 -0.4259 -0.8803
vn -0.1775 -0.4355 -0.8825
vn -0.1900 -0.3879 -0.9019
vn -0.1553 -0.6333 -0.7582
vn -0.1627 -0.6242 -0.7642
vn -0.1821 -0.5877 -0.7883
vn -0.1530 -0.5959 -0.7884
vn -0.1686 -0.5569 -0.8133
vn -0.1688 -0.5519 -0.8166
vn -0.1632 -0.5348 -0.8291
vn -0.1613 -0.5186 -0.8396
vn -0.1734 -0.4958 -0.8510
vn -0.1538 -0.5021 -0.8510
vn -0.1649 -0.4827 -0.8601
vn -0.1606 -0.4731 -0.8663
vn -0.1446 -0.4386 -0.8870
vn -0.1540 -0.3983 -0.9042
vn -0.9895 -0.0301 0.1414
vn -0.9782 0.0950 0.1846
vn -0.9941 -0.1074 0.0138
vn -0.9994 -0.0305 0.0181
vn -0.9977 0.0657 0.0149
vn -0.9794 -0.1603 -0.1230
vn -0.9944 -0.0259 -0.1026
vn -0.9951 0.0526 -0.0838
vn -0.9906 -0.0481 0.1280
vn -0.9694 0.0069 0.2454
vn -0.9349 0.1912 0.2991
vn -0.9047 0.2687 0.3306
vn -0.8484 0.3525 0.3950
vn -0.8250 0.3901 0.4089
vn -0.9850 -0.1699 -0.0305
vn -0.9947 -0.0759 0.0687
vn -0.9809 0.1699 0.0944
vn -0.9624 0.2070 0.1756
vn -0.9216 0.2989 0.2476
vn -0.8832 0.3694 0.2890
vn -0.8388 0.4654 0.2825
vn -0.9455 -0.2155 -0.2441
vn -0.9659 -0.0932 -0.2416
vn -0.9896 0.0557 -0.1323
vn -0.9923 0.1163 -0.0425
vn -0.9734 0.2208 0.0605
vn -0.9306 0.3452 0.1218
vn -0.8888 0.4372 0.1377
vn -0.9079 -0.2295 -0.3507
vn -0.9321 -0.1523 -0.3287
vn -0.9657 -0.0422 -0.2563
vn -0.9839 0.0368 -0.1750
vn -0.9807 0.1489 -0.1264
vn -0.9549 0.2901 -0.0624
vn -0.9357 0.3513 0.0313
vn -0.8617 -0.2472 -0.4431
vn -0.8841 -0.1909 -0.4266
vn -0.9173 -0.1190 -0.3799
vn -0.9413 -0.0211 -0.3368
vn -0.9562 0.0884 -0.2791
vn -0.9620 0.2007 -0.1852
vn -0.9590 0.2577 -0.1179
vn -0.8526 -0.2004 -0.4825
vn -0.8741 -0.1435 -0.4640
vn -0.8962 -0.0583 -0.4398
vn -0.9148 0.0301 -0.4028
vn -0.9324 0.1283 -0.3379
vn -0.9400 0.2119 -0.2673
vn -0.7540 0.4214 0.5040
vn -0.7338 0.4553 0.5042
vn -0.6922 0.5388 0.4802
vn -0.7824 0.4721 0.4061
vn -0.7450 0.5446 0.3853
vn -0.7271 0.5580 0.3999
vn -0.8296 0.5050 0.2381
vn -0.7952 0.5156 0.3191
vn -0.9040 0.4166 0.0961
vn -0.8584 0.4938 0.1391
vn -0.8094 -0.2833 -0.5143
vn -0.8282 -0.2422 -0.5054
vn -0.9377 0.3307 -0.1069
vn -0.8948 0.4439 -0.0480
vn -0.7823 -0.2934 -0.5495
vn -0.8049 -0.2403 -0.5425
vn -0.8215 -0.1752 -0.5426
vn -0.8497 -0.0927 -0.5191
vn -0.8817 0.0032 -0.4719
vn -0.9068 0.1007 -0.4094
vn -0.9195 0.2336 -0.3162
vn -0.9047 0.3521 -0.2400
vn -0.7431 -0.2946 -0.6009
vn -0.7698 -0.2380 -0.5922
vn -0.7872 -0.1889 -0.5870
vn -0.8017 -0.1211 -0.5853
vn -0.8355 -0.0466 -0.5475
vn -0.8707 0.0443 -0.4898
vn -0.8849 0.1673 -0.4348
vn -0.8947 0.2530 -0.3681
vn -0.7803 -0.1268 -0.6124
vn -0.8039 -0.0837 -0.5889
vn -0.8237 0.0100 -0.5669
vn -0.8366 0.1199 -0.5346
vn -0.8524 0.1830 -0.4899
vn -0.6294 0.5171 0.5800
vn -0.5827 0.5901 0.5588
vn -0.5746 0.6013 0.5552
vn -0.6572 0.5797 0.4816
vn -0.6368 0.5959 0.4892
vn -0.6975 0.5797 0.4212
vn -0.7111 -0.3411 -0.6147
vn -0.6770 -0.3359 -0.6549
vn -0.7067 -0.2706 -0.6537
vn -0.7381 -0.2085 -0.6417
vn -0.7584 -0.1570 -0.6326
vn -0.8737 0.2651 -0.4080
vn -0.6634 -0.3226 -0.6751
vn -0.6726 -0.2810 -0.6846
vn -0.6986 -0.2279 -0.6783
vn -0.7390 -0.1760 -0.6503
vn -0.7614 -0.0991 -0.6406
vn -0.7699 -0.0138 -0.6380
vn -0.8072 0.0899 -0.5834
vn -0.8335 0.1845 -0.5208
vn -0.5239 0.5918 0.6126
vn -0.5022 0.6185 0.6044
vn -0.5546 0.6161 0.5593
vn -0.6544 -0.3526 -0.6689
vn -0.6381 -0.3451 -0.6883
vn -0.6559 -0.2858 -0.6986
vn -0.6624 -0.2596 -0.7027
vn -0.6795 -0.2320 -0.6960
vn -0.4249 0.6338 0.6463
vn -0.5764 -0.3806 -0.7232
vn -0.7572 0.5773 0.3057
vn -0.8054 0.5730 0.1516
vn -0.8494 0.5275 0.0145
vn -0.8747 0.4569 -0.1617
vn -0.8809 0.3793 -0.2832
vn -0.6181 0.6148 0.4899
vn -0.6689 0.6398 0.3785
vn -0.6438 0.6828 0.3453
vn -0.7250 0.6550 0.2129
vn -0.6987 0.6658 0.2618
vn -0.7981 0.5969 0.0819
vn -0.7753 0.6143 0.1470
vn -0.7373 0.6646 0.1211
vn -0.8545 0.5048 -0.1221
vn -0.8363 0.5474 -0.0314
vn -0.7612 0.6480 0.0238
vn -0.8700 0.3946 -0.2957
vn -0.8528 0.4756 -0.2158
vn -0.7844 0.6110 -0.1065
vn -0.8526 0.2829 -0.4393
vn -0.8291 0.4294 -0.3579
vn -0.4762 0.6408 0.6022
vn -0.5164 0.6536 0.5533
vn -0.4821 0.7039 0.5217
vn -0.5797 0.6764 0.4544
vn -0.5510 0.7119 0.4355
vn -0.5344 0.7240 0.4362
vn -0.6382 0.6983 0.3241
vn -0.5963 0.7341 0.3248
vn -0.6837 0.6877 0.2440
vn -0.6451 0.7317 0.2199
vn -0.6931 0.7186 0.0566
vn -0.6640 0.7467 0.0392
vn -0.7886 0.5483 -0.2784
vn -0.7398 0.6582 -0.1394
vn -0.7011 0.7127 -0.0236
vn -0.7917 0.3442 -0.5047
vn -0.7771 0.4763 -0.4114
vn -0.7683 0.5529 -0.3226
vn -0.4042 0.6505 0.6430
vn -0.3811 0.6903 0.6150
vn -0.4575 0.6743 0.5797
vn -0.4225 0.7211 0.5491
vn -0.4092 0.7288 0.5490
vn -0.4637 0.7168 0.5208
vn -0.4393 0.7442 0.5032
vn -0.5104 0.7595 0.4032
vn -0.4827 0.7907 0.3766
vn -0.5870 0.7631 0.2702
vn -0.5293 0.8058 0.2657
vn -0.6239 0.7655 0.1574
vn -0.5980 0.7906 0.1321
vn -0.7315 0.6613 -0.1660
vn -0.6651 0.7460 -0.0326
vn -0.7499 0.5848 -0.3093
vn -0.7065 0.6773 -0.2052
vn -0.3202 0.6638 0.6760
vn -0.3058 0.7013 0.6439
vn -0.3413 0.7253 0.5978
vn -0.3534 0.7351 0.5785
vn -0.3789 0.7580 0.5310
vn -0.3567 0.7871 0.5032
vn -0.4214 0.7735 0.4735
vn -0.3900 0.8111 0.4358
vn -0.4697 0.8127 0.3447
vn -0.4523 0.8294 0.3279
vn -0.5516 0.8090 0.2032
vn -0.4938 0.8425 0.2154
vn -0.6159 0.7873 0.0281
vn -0.5400 0.8391 0.0650
vn -0.6501 0.7428 -0.1604
vn -0.5772 0.8057 -0.1331
vn -0.2874 0.6726 0.6819
vn -0.2683 0.7046 0.6569
vn -0.2550 0.7209 0.6445
vn -0.2968 0.7188 0.6287
vn -0.2818 0.7395 0.6113
vn -0.2959 0.7670 0.5693
vn -0.3066 0.7895 0.5316
vn -0.3478 0.8063 0.4784
vn -0.3297 0.8300 0.4499
vn -0.3962 0.8174 0.4181
vn -0.3588 0.8536 0.3777
vn -0.4078 0.8735 0.2659
vn -0.3907 0.8900 0.2352
vn -0.4733 0.8736 0.1134
vn -0.4283 0.8953 0.1223
vn -0.5336 0.8418 -0.0813
vn -0.4945 0.8690 -0.0184
vn -0.2011 0.7020 0.6832
vn -0.2131 0.7254 0.6545
vn -0.2247 0.7529 0.6186
vn -0.2146 0.7651 0.6072
vn -0.2497 0.7674 0.5905
vn -0.2453 0.7761 0.5810
vn -0.2805 0.8061 0.5212
vn -0.2706 0.8428 0.4651
vn -0.2986 0.8660 0.4011
vn -0.2919 0.8781 0.3792
vn -0.3382 0.8806 0.3319
vn -0.3250 0.8970 0.2995
vn -0.3838 0.9047 0.1852
vn -0.4495 0.8926 0.0342
vn -0.6995 -0.1835 -0.6906
vn -0.7196 -0.0996 -0.6872
vn -0.7358 -0.0324 -0.6764
vn -0.7665 0.0329 -0.6414
vn -0.7983 0.1402 -0.5857
vn -0.6012 -0.3332 -0.7263
vn -0.6239 -0.2794 -0.7299
vn -0.6437 -0.2530 -0.7222
vn -0.6443 -0.2061 -0.7365
vn -0.6638 -0.1346 -0.7357
vn -0.7104 -0.0554 -0.7016
vn -0.7305 0.0038 -0.6829
vn -0.7467 0.1153 -0.6551
vn -0.6285 -0.1800 -0.7567
vn -0.6362 -0.1566 -0.7555
vn -0.6722 -0.0856 -0.7354
vn -0.6903 -0.0051 -0.7235
vn -0.7001 0.0873 -0.7087
vn -0.5406 -0.3625 -0.7592
vn -0.5624 -0.3192 -0.7628
vn -0.6012 -0.2689 -0.7525
vn -0.6160 -0.2203 -0.7563
vn -0.5459 -0.3127 -0.7773
vn -0.5608 -0.2712 -0.7823
vn -0.5927 -0.2099 -0.7776
vn -0.6149 -0.1700 -0.7701
vn -0.6271 -0.1059 -0.7717
vn -0.6464 -0.0131 -0.7629
vn -0.6636 0.0573 -0.7459
vn -0.5820 -0.1535 -0.7986
vn -0.5824 -0.1055 -0.8060
vn -0.6094 -0.0372 -0.7920
vn -0.6392 0.0328 -0.7683
vn -0.5409 -0.3588 -0.7607
vn -0.5375 -0.3402 -0.7715
vn -0.5165 -0.3421 -0.7850
vn -0.5199 -0.3233 -0.7907
vn -0.5242 -0.2877 -0.8015
vn -0.5497 -0.2424 -0.7995
vn -0.5695 -0.1982 -0.7977
vn -0.5084 -0.2732 -0.8166
vn -0.5155 -0.2430 -0.8217
vn -0.5356 -0.1784 -0.8254
vn -0.5560 -0.1240 -0.8219
vn -0.5842 -0.0762 -0.8080
vn -0.6132 0.0174 -0.7897
vn -0.5540 -0.0635 -0.8301
vn -0.5659 0.0043 -0.8244
vn -0.4707 -0.3692 -0.8013
vn -0.5008 -0.3253 -0.8021
vn -0.5046 -0.3018 -0.8089
vn -0.4528 -0.3590 -0.8162
vn -0.4717 -0.3195 -0.8218
vn -0.4866 -0.2848 -0.8259
vn -0.4902 -0.2484 -0.8355
vn -0.5106 -0.1958 -0.8372
vn -0.5369 -0.1413 -0.8317
vn -0.5410 -0.1107 -0.8337
vn -0.4715 -0.2330 -0.8505
vn -0.4758 -0.2028 -0.8559
vn -0.4996 -0.1443 -0.8541
vn -0.5049 -0.0881 -0.8587
vn -0.5150 -0.0108 -0.8571
vn -0.4358 -0.3938 -0.8093
vn -0.4150 -0.3741 -0.8294
vn -0.4292 -0.3407 -0.8365
vn -0.4568 -0.2927 -0.8400
vn -0.4657 -0.2616 -0.8454
vn -0.4126 -0.3272 -0.8501
vn -0.4285 -0.2872 -0.8567
vn -0.4444 -0.2462 -0.8613
vn -0.4516 -0.2116 -0.8668
vn -0.4723 -0.1671 -0.8655
vn -0.4920 -0.0870 -0.8662
vn -0.4983 -0.0327 -0.8664
vn -0.4467 -0.1464 -0.8826
vn -0.4615 -0.0818 -0.8834
vn -0.4655 -0.0389 -0.8842
vn -0.8145 0.1965 -0.5459
vn -0.7480 0.2445 -0.6170
vn -0.7660 0.3574 -0.5343
vn -0.7665 0.4735 -0.4338
vn -0.7220 0.2022 -0.6617
vn -0.7380 0.2697 -0.6185
vn -0.7543 0.3562 -0.5514
vn -0.7595 0.4796 -0.4394
vn -0.7247 0.5900 -0.3559
vn -0.7086 0.1575 -0.6878
vn -0.7296 0.2802 -0.6238
vn -0.7205 0.3915 -0.5724
vn -0.6843 0.5210 -0.5102
vn -0.6557 0.0956 -0.7490
vn -0.6660 0.2048 -0.7173
vn -0.6560 0.6700 -0.3475
vn -0.6090 0.7437 -0.2757
vn -0.6668 0.3210 -0.6726
vn -0.6616 0.4096 -0.6281
vn -0.6461 0.5493 -0.5299
vn -0.6258 0.6582 -0.4185
vn -0.6104 0.1105 -0.7844
vn -0.5998 0.2379 -0.7640
vn -0.6292 0.3400 -0.6989
vn -0.6362 0.4525 -0.6248
vn -0.5720 0.0709 -0.8172
vn -0.6124 0.7607 -0.2154
vn -0.5588 0.8210 -0.1170
vn -0.6368 0.5578 -0.5322
vn -0.6264 0.6612 -0.4128
vn -0.5599 0.7736 -0.2967
vn -0.5837 0.1352 -0.8007
vn -0.5950 0.2094 -0.7760
vn -0.6200 0.3079 -0.7217
vn -0.6246 0.4457 -0.6413
vn -0.5990 0.5781 -0.5541
vn -0.5402 0.0868 -0.8371
vn -0.5597 0.1760 -0.8098
vn -0.5767 0.2605 -0.7743
vn -0.5764 0.3621 -0.7325
vn -0.4638 0.8742 -0.1437
vn -0.5520 0.6961 -0.4591
vn -0.4680 0.8173 -0.3362
vn -0.5691 0.4760 -0.6705
vn -0.5321 0.6163 -0.5805
vn -0.4839 0.7368 -0.4722
vn -0.5248 0.0608 -0.8490
vn -0.5374 0.1506 -0.8298
vn -0.5424 0.2528 -0.8011
vn -0.5233 0.3854 -0.7601
vn -0.5037 0.5222 -0.6882
vn -0.4820 0.0426 -0.8751
vn -0.4917 0.1280 -0.8613
vn -0.4967 0.1917 -0.8465
vn -0.1444 0.6942 0.7052
vn -0.1492 0.7198 0.6779
vn -0.1693 0.7470 0.6429
vn -0.1823 0.7658 0.6167
vn -0.1826 0.7831 0.5945
vn -0.1551 0.8169 0.5556
vn -0.2139 0.8111 0.5444
vn -0.1951 0.8390 0.5080
vn -0.2375 0.8631 0.4456
vn -0.2417 0.8786 0.4119
vn -0.2753 0.8991 0.3403
vn -0.3117 0.9187 0.2426
vn -0.2778 0.9418 0.1895
vn -0.3625 0.9295 0.0687
vn -0.2955 0.9536 0.0579
vn -0.1043 0.7020 0.7045
vn -0.1011 0.7188 0.6878
vn -0.1060 0.7350 0.6697
vn -0.1168 0.7601 0.6392
vn -0.1336 0.7902 0.5981
vn -0.1412 0.8149 0.5622
vn -0.1518 0.8223 0.5484
vn -0.1318 0.8497 0.5105
vn -0.1903 0.8549 0.4826
vn -0.1747 0.8832 0.4353
vn -0.1977 0.9058 0.3747
vn -0.2199 0.9279 0.3011
vn -0.2220 0.9440 0.2442
vn -0.2647 0.9593 0.0983
vn -0.0635 0.7004 0.7109
vn -0.0679 0.7234 0.6870
vn -0.0697 0.7391 0.6700
vn -0.0661 0.7564 0.6508
vn -0.0748 0.7764 0.6258
vn -0.0917 0.8056 0.5853
vn -0.0983 0.8282 0.5518
vn -0.0820 0.8522 0.5167
vn -0.1127 0.8794 0.4626
vn -0.1480 0.9057 0.3973
vn -0.1436 0.9207 0.3629
vn -0.1824 0.9259 0.3307
vn -0.1713 0.9403 0.2942
vn -0.2082 0.9636 0.1679
vn -0.0109 0.6916 0.7222
vn -0.0215 0.7152 0.6986
vn -0.0338 0.7383 0.6737
vn -0.0337 0.7615 0.6473
vn -0.0306 0.7713 0.6357
vn -0.0361 0.7960 0.6042
vn -0.0551 0.8274 0.5589
vn -0.0655 0.8513 0.5205
vn -0.0671 0.8675 0.4929
vn -0.0899 0.8918 0.4433
vn -0.1054 0.9174 0.3839
vn -0.1139 0.9457 0.3043
vn -0.1331 0.9707 0.1999
vn 0.0247 0.6898 0.7236
vn 0.0211 0.7019 0.7120
vn 0.0160 0.7310 0.6822
vn 0.0091 0.7617 0.6479
vn 0.0041 0.7742 0.6329
vn 0.0068 0.7911 0.6116
vn -0.0010 0.8106 0.5856
vn -0.0169 0.8428 0.5380
vn -0.0227 0.8693 0.4937
vn -0.0223 0.8837 0.4676
vn -0.0297 0.9139 0.4048
vn -0.0476 0.9458 0.3211
vn -0.0814 0.9702 0.2283
vn 0.0519 0.6937 0.7184
vn 0.0579 0.7035 0.7084
vn 0.0606 0.7233 0.6879
vn 0.0480 0.7482 0.6617
vn 0.0382 0.7724 0.6339
vn 0.0392 0.7929 0.6081
vn 0.0399 0.8027 0.5950
vn 0.0346 0.8350 0.5491
vn 0.0261 0.8680 0.4958
vn 0.0190 0.8822 0.4704
vn 0.0137 0.9068 0.4213
vn -0.0062 0.9374 0.3481
vn -0.0271 0.9619 0.2721
vn 0.0822 0.6923 0.7169
vn 0.0838 0.7101 0.6991
vn 0.0891 0.7194 0.6889
vn 0.0851 0.7358 0.6719
vn 0.0808 0.7680 0.6353
vn 0.0784 0.7935 0.6036
vn 0.0807 0.8014 0.5927
vn 0.0739 0.8279 0.5560
vn 0.0676 0.8583 0.5087
vn 0.0596 0.8784 0.4743
vn 0.0567 0.9027 0.4266
vn 0.0481 0.9303 0.3635
vn 0.0409 0.9577 0.2848
vn 0.1247 0.6825 0.7202
vn 0.1194 0.7098 0.6942
vn 0.1227 0.7198 0.6832
vn 0.1242 0.7319 0.6699
vn 0.1233 0.7604 0.6377
vn 0.1152 0.7876 0.6054
vn 0.1193 0.7999 0.5882
vn 0.1057 0.8223 0.5592
vn 0.1340 0.8179 0.5595
vn 0.1125 0.8489 0.5164
vn 0.1070 0.8750 0.4721
vn 0.1028 0.8992 0.4253
vn 0.0944 0.9232 0.3726
vn 0.0846 0.9552 0.2836
vn -0.4003 -0.3739 -0.8367
vn -0.4030 -0.3574 -0.8425
vn -0.3819 -0.3567 -0.8526
vn -0.3837 -0.3391 -0.8590
vn -0.3909 -0.3058 -0.8681
vn -0.4170 -0.2575 -0.8716
vn -0.4264 -0.2169 -0.8781
vn -0.4283 -0.1996 -0.8813
vn -0.3952 -0.2387 -0.8871
vn -0.4029 -0.2041 -0.8922
vn -0.3988 -0.1755 -0.9001
vn -0.4155 -0.1036 -0.9037
vn -0.4328 -0.0423 -0.9005
vn -0.3728 -0.3854 -0.8441
vn -0.3521 -0.3641 -0.8622
vn -0.3606 -0.3400 -0.8685
vn -0.3630 -0.3176 -0.8760
vn -0.3753 -0.2872 -0.8813
vn -0.3454 -0.3015 -0.8887
vn -0.3548 -0.2637 -0.8970
vn -0.3708 -0.2126 -0.9040
vn -0.3797 -0.1742 -0.9086
vn -0.3952 -0.1296 -0.9094
vn -0.4090 -0.0495 -0.9112
vn -0.3754 -0.1081 -0.9205
vn -0.3827 -0.0450 -0.9228
vn -0.3195 -0.3836 -0.8665
vn -0.3403 -0.3465 -0.8742
vn -0.3453 -0.3192 -0.8825
vn -0.3192 -0.3236 -0.8907
vn -0.3260 -0.3038 -0.8953
vn -0.3305 -0.2754 -0.9027
vn -0.3467 -0.2233 -0.9110
vn -0.3551 -0.1812 -0.9171
vn -0.3601 -0.1620 -0.9187
vn -0.3239 -0.2006 -0.9246
vn -0.3321 -0.1726 -0.9273
vn -0.3330 -0.1342 -0.9333
vn -0.3413 -0.0554 -0.9383
vn -0.2850 -0.4014 -0.8704
vn -0.3010 -0.3663 -0.8805
vn -0.2691 -0.3805 -0.8848
vn -0.2829 -0.3398 -0.8969
vn -0.2961 -0.3079 -0.9042
vn -0.2980 -0.2861 -0.9107
vn -0.3086 -0.2505 -0.9176
vn -0.2796 -0.2671 -0.9222
vn -0.2882 -0.2209 -0.9317
vn -0.2992 -0.1779 -0.9375
vn -0.3037 -0.1302 -0.9438
vn -0.3097 -0.0619 -0.9488
vn -0.2682 -0.3971 -0.8777
vn -0.2491 -0.3816 -0.8901
vn -0.2599 -0.3563 -0.8975
vn -0.2726 -0.3078 -0.9116
vn -0.2752 -0.2864 -0.9178
vn -0.2488 -0.2816 -0.9267
vn -0.2531 -0.2722 -0.9283
vn -0.2616 -0.2327 -0.9367
vn -0.2721 -0.1815 -0.9450
vn -0.2829 -0.1393 -0.9490
vn -0.2891 -0.0659 -0.9550
vn -0.2553 -0.1191 -0.9595
vn -0.2593 -0.0582 -0.9640
vn -0.2218 -0.3820 -0.8972
vn -0.2275 -0.3771 -0.8978
vn -0.2439 -0.3213 -0.9150
vn -0.2108 -0.3402 -0.9164
vn -0.2209 -0.2843 -0.9329
vn -0.2249 -0.2728 -0.9354
vn -0.2316 -0.2427 -0.9420
vn -0.2369 -0.1794 -0.9548
vn -0.2404 -0.1562 -0.9580
vn -0.2113 -0.2045 -0.9558
vn -0.2098 -0.1536 -0.9656
vn -0.2109 -0.1335 -0.9684
vn -0.2183 -0.0662 -0.9736
vn -0.1932 -0.3874 -0.9015
vn -0.1964 -0.3813 -0.9033
vn -0.1821 -0.3477 -0.9198
vn -0.1887 -0.2965 -0.9362
vn -0.1958 -0.2785 -0.9403
vn -0.2011 -0.2604 -0.9443
vn -0.1792 -0.2185 -0.9592
vn -0.1838 -0.1659 -0.9689
vn -0.1913 -0.1320 -0.9726
vn -0.1907 -0.0676 -0.9793
vn -0.1632 -0.3943 -0.9044
vn -0.1739 -0.3803 -0.9084
vn -0.1515 -0.3816 -0.9119
vn -0.1568 -0.3504 -0.9234
vn -0.1558 -0.3054 -0.9394
vn -0.1609 -0.2878 -0.9441
vn -0.1739 -0.2614 -0.9495
vn -0.1441 -0.2671 -0.9528
vn -0.1504 -0.2226 -0.9632
vn -0.1508 -0.1779 -0.9724
vn -0.1551 -0.1332 -0.9789
vn -0.1501 -0.0633 -0.9866
vn -0.4122 0.9040 -0.1137
vn -0.3389 0.9399 -0.0410
vn -0.4564 0.8384 -0.2980
vn -0.3934 0.9032 -0.1717
vn -0.4929 0.6342 -0.5957
vn -0.4637 0.7450 -0.4796
vn -0.5028 0.2837 -0.8165
vn -0.4930 0.4152 -0.7646
vn -0.4812 0.5398 -0.6907
vn -0.4782 0.6471 -0.5938
vn -0.4399 0.0282 -0.8976
vn -0.4490 0.1272 -0.8845
vn -0.4499 0.2105 -0.8679
vn -0.4606 0.3290 -0.8244
vn -0.3184 0.9478 -0.0154
vn -0.4442 0.8390 -0.3143
vn -0.3587 0.9148 -0.1855
vn -0.4671 0.7636 -0.4458
vn -0.3812 0.8649 -0.3264
vn -0.4801 0.4353 -0.7616
vn -0.5039 0.5100 -0.6971
vn -0.4609 0.6652 -0.5875
vn -0.4109 0.0178 -0.9115
vn -0.4357 0.1055 -0.8939
vn -0.4497 0.2114 -0.8678
vn -0.4312 0.3426 -0.8347
vn -0.4399 0.4186 -0.7945
vn -0.3849 0.0118 -0.9229
vn -0.3953 0.0783 -0.9152
vn -0.3945 0.1528 -0.9061
vn -0.2514 0.9676 0.0228
vn -0.2771 0.9460 -0.1683
vn -0.3784 0.7908 -0.4811
vn -0.2886 0.8986 -0.3304
vn -0.4082 0.5721 -0.7114
vn -0.3465 0.7119 -0.6108
vn -0.2894 0.8189 -0.4956
vn -0.3900 0.2464 -0.8873
vn -0.3785 0.3441 -0.8593
vn -0.3486 0.4452 -0.8248
vn -0.3042 0.6101 -0.7316
vn -0.3455 0.0088 -0.9384
vn -0.3428 0.0865 -0.9354
vn -0.3307 0.1805 -0.9263
vn -0.3328 0.2726 -0.9027
vn -0.1639 0.9849 0.0553
vn -0.2095 0.9693 -0.1286
vn -0.2422 0.9170 -0.3169
vn -0.2971 0.7241 -0.6224
vn -0.2503 0.8380 -0.4848
vn -0.3432 0.3731 -0.8620
vn -0.3305 0.4822 -0.8113
vn -0.2930 0.6199 -0.7279
vn -0.3146 0.0065 -0.9492
vn -0.3195 0.0848 -0.9438
vn -0.3210 0.1879 -0.9283
vn -0.3184 0.2903 -0.9024
vn -0.3167 0.3970 -0.8615
vn -0.1203 0.9887 0.0896
vn -0.1152 0.9920 0.0509
vn -0.1907 0.9801 -0.0547
vn -0.1397 0.9901 0.0153
vn -0.2230 0.9262 -0.3040
vn -0.1803 0.9697 -0.1648
vn -0.2873 0.7347 -0.6145
vn -0.2312 0.8571 -0.4604
vn -0.3149 0.5249 -0.7908
vn -0.2730 0.6414 -0.7170
vn -0.2296 0.7597 -0.6084
vn -0.2949 0.0008 -0.9555
vn -0.3068 0.0741 -0.9489
vn -0.3060 0.1933 -0.9322
vn -0.2809 0.2994 -0.9118
vn -0.2742 0.4129 -0.8685
vn -0.2451 0.5567 -0.7937
vn -0.2624 -0.0029 -0.9650
vn -0.2630 0.0530 -0.9633
vn -0.2624 0.1467 -0.9537
vn -0.0498 0.9858 0.1602
vn -0.0526 0.9958 0.0753
vn -0.0497 0.9988 0.0035
vn -0.0945 0.9383 -0.3326
vn -0.0428 0.9848 -0.1684
vn -0.1330 0.8911 -0.4338
vn -0.1691 0.6732 -0.7199
vn -0.1348 0.7831 -0.6072
vn -0.2362 0.2293 -0.9442
vn -0.2235 0.3022 -0.9267
vn -0.2003 0.4304 -0.8801
vn -0.1601 0.5720 -0.8045
vn -0.2212 -0.0025 -0.9752
vn -0.2116 0.0701 -0.9748
vn -0.1965 0.1747 -0.9648
vn -0.1922 0.2380 -0.9521
vn 0.0356 0.9795 0.1982
vn 0.0152 0.9945 0.1033
vn 0.0028 1.0000 -0.0055
vn -0.0484 0.9585 -0.2810
vn -0.0118 0.9893 -0.1457
vn -0.0772 0.9060 -0.4161
vn -0.1327 0.7007 -0.7010
vn -0.0983 0.8059 -0.5839
vn -0.1974 0.3321 -0.9224
vn -0.1744 0.4699 -0.8653
vn -0.1449 0.5868 -0.7967
vn -0.1883 0.0005 -0.9821
vn -0.1850 0.0788 -0.9796
vn -0.1788 0.1804 -0.9672
vn -0.1722 0.2496 -0.9529
vn -0.1610 0.3693 -0.9153
vn 0.0706 0.9734 0.2180
vn 0.0385 0.9919 0.1207
vn 0.0338 0.9994 -0.0021
vn 0.0112 0.9754 -0.2199
vn 0.0263 0.9945 -0.1017
vn -0.0277 0.9212 -0.3882
vn -0.0804 0.7257 -0.6833
vn -0.0546 0.8317 -0.5526
vn -0.1054 0.5018 -0.8585
vn -0.0911 0.6082 -0.7885
vn -0.1428 0.0054 -0.9897
vn -0.1349 0.0821 -0.9875
vn -0.1278 0.1860 -0.9742
vn -0.1154 0.2651 -0.9573
vn -0.0945 0.3866 -0.9174
vn 0.1181 -0.1138 0.9865
vn 0.0333 -0.6611 0.7495
vn 0.0454 -0.4691 0.8820
vn 0.0939 -0.2299 0.9687
vn 0.0425 -0.7622 0.6459
vn 0.0856 -0.6540 0.7516
vn 0.1214 -0.4704 0.8741
vn 0.1506 -0.2017 0.9678
vn 0.1091 -0.7601 0.6406
vn 0.1521 -0.6370 0.7557
vn 0.2095 -0.4485 0.8689
vn 0.2435 -0.1681 0.9552
vn 0.1970 -0.7279 0.6567
vn 0.2405 -0.6103 0.7548
vn 0.2841 -0.4268 0.8586
vn 0.2904 -0.1439 0.9460
vn 0.2668 -0.6804 0.6825
vn 0.3199 -0.5624 0.7625
vn 0.3901 -0.3545 0.8498
vn 0.4236 -0.0652 0.9035
vn 0.3332 -0.6500 0.6830
vn 0.3938 -0.5028 0.7695
vn 0.5084 -0.1925 0.8393
vn 0.4966 -0.4199 0.7597
vn 0.5284 -0.1425 0.8370
vn 0.1093 -0.2677 0.9573
vn 0.1209 -0.1807 0.9761
vn 0.1326 -0.0933 0.9868
vn 0.0909 -0.5990 0.7956
vn 0.1095 -0.4510 0.8858
vn 0.1252 -0.3579 0.9253
vn 0.0621 -0.8175 0.5725
vn 0.0847 -0.7109 0.6982
vn 0.0323 -0.9140 0.4044
vn -0.0169 -0.9743 0.2245
vn -0.0422 -0.9983 0.0401
vn -0.0659 -0.9897 -0.1272
vn -0.0820 -0.9646 -0.2508
vn 0.1663 -0.2556 0.9524
vn 0.1740 -0.1762 0.9689
vn 0.1784 -0.0818 0.9806
vn 0.1479 -0.5885 0.7948
vn 0.1602 -0.4359 0.8856
vn 0.1843 -0.3305 0.9256
vn 0.2011 -0.2328 0.9515
vn 0.1104 -0.7919 0.6006
vn 0.1424 -0.6825 0.7169
vn 0.1657 -0.5715 0.8037
vn 0.0824 -0.8890 0.4504
vn 0.0316 -0.9631 0.2673
vn 0.0025 -0.9979 0.0649
vn -0.0182 -0.9944 -0.1037
vn -0.0390 -0.9710 -0.2360
vn 0.2054 -0.1473 0.9675
vn 0.2050 -0.0623 0.9768
vn 0.1862 -0.4177 0.8893
vn 0.2090 -0.3085 0.9280
vn 0.2302 -0.1987 0.9526
vn 0.2355 -0.0841 0.9682
vn 0.1137 -0.7757 0.6208
vn 0.1611 -0.6600 0.7338
vn 0.2046 -0.5494 0.8101
vn 0.1208 -0.8699 0.4781
vn 0.1720 -0.7556 0.6320
vn 0.1103 -0.9467 0.3027
vn 0.0834 -0.9928 0.0861
vn 0.0549 -0.9949 -0.0844
vn 0.0370 -0.9746 -0.2209
vn 0.2494 -0.4097 0.8775
vn 0.2705 -0.2902 0.9179
vn 0.2751 -0.1953 0.9414
vn 0.2783 -0.0889 0.9564
vn 0.2480 -0.6201 0.7443
vn 0.2804 -0.5012 0.8186
vn 0.3204 -0.3807 0.8674
vn 0.2101 -0.8484 0.4858
vn 0.2609 -0.7312 0.6303
vn 0.2003 -0.9270 0.3172
vn 0.1609 -0.9789 0.1255
vn 0.1190 -0.9913 -0.0562
vn 0.0837 -0.9776 -0.1929
vn 0.3129 -0.2749 0.9091
vn 0.3105 -0.1943 0.9305
vn 0.3134 -0.0954 0.9448
vn 0.2898 -0.6126 0.7353
vn 0.3268 -0.4554 0.8281
vn 0.3465 -0.3487 0.8708
vn 0.3376 -0.2582 0.9052
vn 0.2709 -0.8228 0.4996
vn 0.3052 -0.7224 0.6205
vn 0.2528 -0.9020 0.3499
vn 0.3024 -0.8059 0.5090
vn 0.2146 -0.9589 0.1858
vn 0.1704 -0.9853 -0.0134
vn 0.1360 -0.9770 -0.1640
vn 0.3333 -0.1696 0.9274
vn 0.3296 -0.0947 0.9394
vn 0.3295 -0.5928 0.7349
vn 0.3473 -0.4447 0.8256
vn 0.3610 -0.3384 0.8690
vn 0.3723 -0.2222 0.9011
vn 0.3763 -0.1067 0.9203
vn 0.3481 -0.6942 0.6300
vn 0.3970 -0.5547 0.7313
vn 0.2624 -0.8906 0.3716
vn 0.3487 -0.7810 0.5181
vn 0.2658 -0.9426 0.2020
vn 0.2581 -0.9659 0.0221
vn 0.2166 -0.9674 -0.1312
vn 0.4134 -0.4398 0.7973
vn 0.4091 -0.3386 0.8473
vn 0.4115 -0.2116 0.8865
vn 0.4248 -0.1125 0.8982
vn 0.4216 -0.6635 0.6181
vn 0.4636 -0.5239 0.7146
vn 0.4677 -0.4366 0.7685
vn 0.3808 -0.8451 0.3752
vn 0.4425 -0.7545 0.4846
vn 0.4773 -0.6316 0.6110
vn 0.3663 -0.9093 0.1974
vn 0.4552 -0.8391 0.2978
vn 0.3094 -0.9486 0.0665
vn 0.3973 -0.8981 0.1885
vn 0.2619 -0.9615 -0.0834
vn 0.2839 -0.9488 -0.1384
vn 0.4690 -0.3103 0.8269
vn 0.4626 -0.1880 0.8664
vn 0.4375 -0.1394 0.8883
vn 0.4756 -0.5252 0.7057
vn 0.4922 -0.4013 0.7724
vn 0.4987 -0.2477 0.8307
vn 0.4746 -0.1753 0.8626
vn 0.4631 -0.7392 0.4889
vn 0.4939 -0.6214 0.6082
vn 0.5018 -0.5089 0.6994
vn 0.4336 -0.8303 0.3501
vn 0.4792 -0.7201 0.5019
vn 0.3471 -0.9366 0.0483
vn 0.4168 -0.8941 0.1639
vn 0.3080 -0.9510 -0.0277
vn 0.3733 -0.9263 -0.0504
vn 0.1411 -0.0156 0.9899
vn 0.1492 0.0717 0.9862
vn 0.1508 0.1624 0.9751
vn 0.1194 0.1830 0.9758
vn 0.0701 -0.6913 0.7191
vn 0.0572 -0.7297 0.6814
vn 0.0426 0.0657 0.9969
vn 0.0368 -0.3635 0.9309
vn 0.1875 -0.0107 0.9822
vn 0.1818 0.0656 0.9811
vn 0.1615 0.1482 0.9757
vn 0.1207 0.1471 0.9817
vn 0.1223 -0.6748 0.7278
vn 0.1137 -0.7360 0.6673
vn 0.1689 0.1408 0.9755
vn 0.1207 0.0542 0.9912
vn 0.1117 -0.3627 0.9252
vn 0.2081 -0.0081 0.9781
vn 0.2099 0.0455 0.9767
vn 0.2026 0.1209 0.9718
vn 0.1845 -0.6752 0.7142
vn 0.1815 -0.7332 0.6553
vn 0.2346 -0.0076 0.9721
vn 0.2363 0.0593 0.9699
vn 0.2228 0.1250 0.9668
vn 0.2089 0.0059 0.9779
vn 0.1824 -0.4082 0.8945
vn 0.2638 -0.6670 0.6968
vn 0.2808 -0.7192 0.6355
vn 0.2778 -0.0080 0.9606
vn 0.2732 0.0592 0.9601
vn 0.2664 0.1164 0.9568
vn 0.2744 -0.0469 0.9605
vn 0.2761 -0.4740 0.8361
vn 0.3042 -0.6462 0.6999
vn 0.3544 -0.7040 0.6155
vn 0.4151 -0.6083 0.6765
vn 0.3087 -0.0148 0.9510
vn 0.3021 0.0514 0.9519
vn 0.2946 0.1201 0.9480
vn 0.3498 0.0214 0.9366
vn 0.3872 -0.4088 0.8264
vn 0.3461 -0.6287 0.6963
vn 0.3374 0.0495 0.9400
vn 0.4124 -0.1948 0.8899
vn 0.4231 -0.6509 0.6303
vn 0.5090 -0.5163 0.6887
vn 0.5871 -0.1807 0.7891
vn 0.3322 -0.0166 0.9431
vn 0.3384 0.0480 0.9398
vn 0.3326 0.1186 0.9356
vn 0.3264 0.1591 0.9317
vn 0.4475 -0.4914 0.7472
vn 0.4663 -0.6210 0.6301
vn 0.5120 -0.5961 0.6185
vn 0.3714 -0.0167 0.9283
vn 0.3709 0.0500 0.9273
vn 0.3608 0.1213 0.9247
vn 0.3332 0.0797 0.9395
vn 0.4228 -0.2437 0.8728
vn 0.5026 -0.4744 0.7228
vn 0.5579 -0.4530 0.6954
vn 0.5947 -0.1749 0.7847
vn 0.5407 -0.6012 0.5885
vn 0.5901 -0.5468 0.5939
vn 0.6634 -0.3461 0.6634
vn 0.4097 -0.0265 0.9118
vn 0.4012 0.0438 0.9149
vn 0.3844 0.1118 0.9164
vn 0.3956 0.1073 0.9121
vn 0.4953 -0.1278 0.8593
vn 0.5517 -0.4836 0.6795
vn 0.6063 -0.5423 0.5816
vn 0.7054 -0.0687 0.7054
vn 0.6926 -0.4479 0.5655
vn 0.7847 -0.1749 0.5947
vn 0.4136 -0.0412 0.9095
vn 0.4142 0.0398 0.9093
vn 0.4125 0.0995 0.9055
vn 0.4006 0.1465 0.9045
vn 0.4575 -0.0437 0.8881
vn 0.6232 -0.3390 0.7048
vn 0.6962 -0.4578 0.5529
vn 0.7893 -0.1764 0.5881
vn 0.4742 -0.0959 0.8752
vn 0.4539 0.0611 0.8889
vn 0.4485 0.0959 0.8886
vn 0.4272 0.1503 0.8916
vn 0.4846 0.0498 0.8733
vn 0.6236 -0.1789 0.7610
vn 0.6790 -0.3768 0.6301
vn 0.5109 -0.3778 0.7722
vn 0.5012 -0.2769 0.8199
vn 0.5164 -0.1613 0.8410
vn 0.5043 -0.6077 0.6135
vn 0.5491 -0.4561 0.7003
vn 0.5621 -0.3614 0.7439
vn 0.4517 -0.8183 0.3555
vn 0.5265 -0.7054 0.4747
vn 0.4477 -0.8766 0.1765
vn 0.5607 -0.7729 0.2971
vn 0.4297 -0.9030 0.0050
vn 0.5668 -0.2477 0.7857
vn 0.5586 -0.1438 0.8169
vn 0.5816 -0.5665 0.5837
vn 0.6150 -0.4409 0.6538
vn 0.6150 -0.3309 0.7158
vn 0.5974 -0.1917 0.7787
vn 0.6222 -0.6423 0.4475
vn 0.6441 -0.5372 0.5445
vn 0.6322 -0.4333 0.6423
vn 0.5469 -0.8254 0.1399
vn 0.6163 -0.7351 0.2825
vn 0.6237 -0.6441 0.4429
vn 0.5088 -0.8600 0.0382
vn 0.5508 -0.8294 0.0937
vn 0.6221 -0.3252 0.7122
vn 0.5886 -0.2332 0.7741
vn 0.6289 -0.5432 0.5562
vn 0.6446 -0.4130 0.6434
vn 0.6506 -0.2940 0.7002
vn 0.6054 -0.7343 0.3071
vn 0.6421 -0.6394 0.4228
vn 0.6744 -0.5105 0.5335
vn 0.5725 -0.8062 0.1493
vn 0.6472 -0.7354 0.2008
vn 0.7039 -0.3788 0.6009
vn 0.7167 -0.2818 0.6379
vn 0.7036 -0.5983 0.3833
vn 0.7513 -0.4576 0.4755
vn 0.7482 -0.3292 0.5761
vn 0.7102 -0.6650 0.2313
vn 0.7561 -0.5808 0.3016
vn 0.7594 -0.4551 0.4650
vn 0.7615 -0.3510 0.5449
vn 0.7770 -0.5328 0.3351
vn 0.7798 -0.4542 0.4309
vn 0.8117 -0.4243 0.4015
vn 0.4728 -0.0140 0.8811
vn 0.4626 0.0187 0.8864
vn 0.7590 -0.3778 0.5303
vn 0.8373 -0.1402 0.5285
vn 0.5289 -0.0553 0.8469
vn 0.5022 0.0289 0.8643
vn 0.4841 0.0826 0.8711
vn 0.4596 0.1436 0.8764
vn 0.4723 0.1600 0.8668
vn 0.6038 -0.0317 0.7965
vn 0.7662 -0.2711 0.5826
vn 0.8402 -0.1577 0.5189
vn 0.5126 0.1871 0.8380
vn 0.5578 0.0875 0.8253
vn 0.6808 -0.1061 0.7248
vn 0.7804 -0.1669 0.6027
vn 0.5412 -0.0792 0.8372
vn 0.5117 -0.0006 0.8592
vn 0.5009 0.0760 0.8622
vn 0.5002 0.1291 0.8562
vn 0.4887 0.1870 0.8522
vn 0.8705 -0.0393 0.4906
vn 0.5687 -0.1052 0.8158
vn 0.5544 -0.0164 0.8321
vn 0.5378 0.0787 0.8394
vn 0.5323 0.1305 0.8365
vn 0.5066 0.1970 0.8394
vn 0.5410 0.1559 0.8264
vn 0.6746 0.0767 0.7342
vn 0.8267 0.0331 0.5617
vn 0.6637 0.1826 0.7254
vn 0.7473 0.1994 0.6339
vn 0.5797 -0.1021 0.8084
vn 0.5981 -0.0219 0.8011
vn 0.5730 0.0559 0.8177
vn 0.5497 0.1164 0.8272
vn 0.5337 0.1755 0.8273
vn 0.5178 0.2315 0.8236
vn 0.5636 0.2165 0.7972
vn 0.6509 -0.1595 0.7422
vn 0.5770 0.1326 0.8059
vn 0.5728 0.1697 0.8019
vn 0.5463 0.2265 0.8064
vn 0.5429 0.2543 0.8003
vn 0.5794 0.2930 0.7606
vn 0.5621 0.3299 0.7584
vn 0.6439 -0.0652 0.7623
vn 0.6274 -0.0276 0.7782
vn 0.6061 0.0266 0.7950
vn 0.5909 0.0848 0.8023
vn 0.6994 -0.1538 0.6980
vn 0.6589 -0.0591 0.7499
vn 0.6363 0.0172 0.7713
vn 0.6125 0.1018 0.7839
vn 0.6018 0.1645 0.7815
vn 0.5884 0.2085 0.7813
vn 0.5632 0.2584 0.7849
vn 0.5554 0.2987 0.7761
vn 0.7293 -0.2637 0.6313
vn 0.6216 0.1773 0.7630
vn 0.6141 0.2050 0.7622
vn 0.5993 0.2532 0.7594
vn 0.5631 0.3124 0.7651
vn 0.5953 0.3223 0.7360
vn 0.7069 -0.1689 0.6869
vn 0.6877 -0.0744 0.7221
vn 0.6768 0.0002 0.7361
vn 0.6631 0.0831 0.7439
vn 0.6414 0.1400 0.7543
vn 0.7431 -0.2536 0.6192
vn 0.7311 -0.1111 0.6732
vn 0.7177 -0.0082 0.6963
vn 0.7021 0.0603 0.7095
vn 0.6528 0.1327 0.7458
vn 0.6239 0.2069 0.7537
vn 0.6313 0.2447 0.7359
vn 0.6200 0.2741 0.7352
vn 0.7784 -0.3323 0.5327
vn 0.6701 0.2323 0.7050
vn 0.6578 0.2557 0.7085
vn 0.6478 0.2841 0.7069
vn 0.7841 -0.2227 0.5793
vn 0.7852 -0.1159 0.6083
vn 0.7609 -0.0358 0.6478
vn 0.7306 0.0350 0.6819
vn 0.7109 0.0753 0.6992
vn 0.6920 0.1630 0.7033
vn 0.8382 -0.2880 0.4630
vn 0.8355 -0.1738 0.5212
vn 0.7950 -0.0938 0.5994
vn 0.7550 0.0092 0.6557
vn 0.7474 0.0970 0.6572
vn 0.7387 0.1841 0.6484
vn 0.6955 0.2285 0.6813
vn 0.6718 0.2660 0.6914
vn 0.8174 -0.0923 0.5686
vn 0.8056 -0.0179 0.5922
vn 0.7949 0.0618 0.6036
vn 0.1183 0.1183 0.9859
vn 0.0939 0.2299 0.9687
vn 0.0454 0.4691 0.8820
vn 0.0333 0.6611 0.7495
vn 0.0387 0.7644 0.6436
vn 0.1506 0.2017 0.9678
vn 0.1214 0.4704 0.8741
vn 0.0856 0.6540 0.7516
vn 0.1521 0.6370 0.7557
vn 0.1091 0.7608 0.6398
vn 0.2435 0.1682 0.9552
vn 0.2095 0.4485 0.8689
vn 0.2405 0.6103 0.7548
vn 0.1993 0.7349 0.6483
vn 0.2904 0.1439 0.9460
vn 0.2841 0.4268 0.8585
vn 0.3901 0.3545 0.8498
vn 0.3199 0.5624 0.7625
vn 0.2694 0.6957 0.6659
vn 0.4236 0.0653 0.9035
vn 0.5084 0.1925 0.8393
vn 0.3938 0.5028 0.7695
vn 0.3297 0.6653 0.6698
vn 0.5284 0.1425 0.8370
vn 0.4966 0.4199 0.7597
vn 0.0400 0.8171 0.5751
vn 0.0362 0.8766 0.4799
vn 0.0350 0.9079 0.4178
vn 0.0337 0.9344 0.3547
vn 0.0291 0.9471 0.3197
vn 0.0539 0.9241 0.3783
vn 0.0925 0.8303 0.5495
vn 0.1307 0.7089 0.6931
vn 0.1502 0.6191 0.7708
vn 0.1675 0.5613 0.8105
vn 0.1493 0.5870 0.7957
vn 0.1795 0.5777 0.7963
vn 0.1596 0.6124 0.7743
vn 0.1109 0.8117 0.5734
vn 0.1014 0.8699 0.4827
vn 0.0983 0.9036 0.4169
vn 0.0947 0.9278 0.3609
vn 0.0884 0.9439 0.3182
vn 0.0983 0.9313 0.3507
vn 0.1270 0.8525 0.5071
vn 0.1652 0.7273 0.6662
vn 0.1719 0.6385 0.7502
vn 0.1907 0.5780 0.7935
vn 0.1959 0.5736 0.7954
vn 0.1890 0.6009 0.7766
vn 0.2013 0.6236 0.7554
vn 0.1836 0.7976 0.5745
vn 0.1568 0.8595 0.4865
vn 0.1593 0.8969 0.4126
vn 0.1533 0.9184 0.3647
vn 0.1362 0.9410 0.3098
vn 0.1502 0.9326 0.3281
vn 0.1826 0.8562 0.4832
vn 0.1902 0.7371 0.6484
vn 0.2290 0.7454 0.6260
vn 0.2147 0.6426 0.7355
vn 0.2094 0.5910 0.7790
vn 0.2194 0.5687 0.7927
vn 0.2194 0.5963 0.7722
vn 0.2276 0.6229 0.7485
vn 0.2676 0.7734 0.5747
vn 0.2197 0.8395 0.4969
vn 0.2868 0.8170 0.5003
vn 0.2295 0.8814 0.4129
vn 0.2223 0.9071 0.3575
vn 0.1840 0.9348 0.3039
vn 0.2372 0.9229 0.3033
vn 0.2000 0.9321 0.3021
vn 0.2386 0.8732 0.4250
vn 0.2634 0.7511 0.6054
vn 0.2668 0.6137 0.7431
vn 0.2371 0.5889 0.7727
vn 0.2646 0.5742 0.7748
vn 0.2537 0.5693 0.7820
vn 0.2491 0.5945 0.7645
vn 0.2762 0.5890 0.7595
vn 0.2596 0.6157 0.7440
vn 0.4127 0.6150 0.6719
vn 0.3432 0.7433 0.5743
vn 0.3442 0.7938 0.5014
vn 0.2948 0.8574 0.4219
vn 0.2881 0.8902 0.3528
vn 0.2888 0.9088 0.3012
vn 0.2667 0.9140 0.3058
vn 0.3128 0.9035 0.2929
vn 0.3139 0.8683 0.3840
vn 0.2974 0.7456 0.5964
vn 0.2980 0.6172 0.7282
vn 0.2926 0.5590 0.7758
vn 0.2903 0.5688 0.7695
vn 0.2987 0.5850 0.7540
vn 0.2838 0.6014 0.7468
vn 0.5871 0.1807 0.7891
vn 0.5085 0.5174 0.6883
vn 0.4152 0.6993 0.5818
vn 0.4970 0.6377 0.5885
vn 0.4093 0.7664 0.4951
vn 0.3553 0.8303 0.4294
vn 0.4204 0.8041 0.4204
vn 0.3553 0.8646 0.3553
vn 0.3538 0.8865 0.2983
vn 0.3505 0.8861 0.3034
vn 0.3453 0.8324 0.4334
vn 0.3582 0.8008 0.4801
vn 0.3360 0.7092 0.6198
vn 0.3104 0.6246 0.7166
vn 0.3297 0.6183 0.7134
vn 0.3193 0.5539 0.7689
vn 0.3124 0.5633 0.7650
vn 0.3271 0.5547 0.7650
vn 0.3155 0.5723 0.7569
vn 0.3044 0.5909 0.7471
vn 0.5947 0.1749 0.7847
vn 0.5579 0.4530 0.6954
vn 0.6634 0.3461 0.6634
vn 0.5866 0.5585 0.5866
vn 0.4977 0.7104 0.4977
vn 0.5885 0.6377 0.4970
vn 0.4951 0.7664 0.4093
vn 0.4294 0.8303 0.3553
vn 0.5014 0.7938 0.3442
vn 0.4222 0.8564 0.2972
vn 0.5030 0.8146 0.2888
vn 0.4247 0.8486 0.3153
vn 0.3971 0.7603 0.5140
vn 0.3708 0.6813 0.6311
vn 0.4022 0.6501 0.6447
vn 0.3584 0.5972 0.7176
vn 0.3349 0.5552 0.7613
vn 0.3458 0.5494 0.7606
vn 0.3431 0.5639 0.7512
vn 0.3330 0.5915 0.7343
vn 0.7054 0.0687 0.7054
vn 0.7847 0.1749 0.5947
vn 0.6954 0.4530 0.5579
vn 0.7891 0.1807 0.5871
vn 0.6883 0.5174 0.5085
vn 0.5818 0.6993 0.4152
vn 0.6719 0.6150 0.4127
vn 0.5743 0.7433 0.3432
vn 0.5568 0.7698 0.3119
vn 0.5016 0.7915 0.3493
vn 0.5452 0.7218 0.4263
vn 0.4847 0.7139 0.5054
vn 0.4414 0.6178 0.6508
vn 0.4068 0.5480 0.7309
vn 0.3730 0.5483 0.7485
vn 0.4141 0.5274 0.7419
vn 0.3940 0.5407 0.7432
vn 0.3837 0.5602 0.7341
vn 0.1479 0.6293 0.7630
vn 0.1568 0.6411 0.7513
vn 0.1597 0.6504 0.7426
vn 0.1747 0.6262 0.7598
vn 0.1912 0.6392 0.7449
vn 0.1827 0.6510 0.7368
vn 0.2241 0.6321 0.7418
vn 0.2485 0.6232 0.7415
vn 0.2696 0.6191 0.7376
vn 0.8370 0.1425 0.5284
vn 0.7597 0.4199 0.4966
vn 0.8393 0.1925 0.5084
vn 0.7695 0.5028 0.3938
vn 0.6698 0.6653 0.3297
vn 0.8440 0.3604 0.3972
vn 0.7585 0.5495 0.3503
vn 0.6565 0.6781 0.3304
vn 0.7069 0.5657 0.4246
vn 0.6103 0.6394 0.4676
vn 0.5254 0.6375 0.5635
vn 0.5448 0.5696 0.6154
vn 0.4845 0.5513 0.6792
vn 0.4415 0.5293 0.7246
vn 0.4568 0.5063 0.7314
vn 0.4366 0.5095 0.7415
vn 0.4267 0.5301 0.7328
vn 0.8968 0.0662 0.4375
vn 0.8911 0.2128 0.4008
vn 0.8091 0.4453 0.3835
vn 0.7757 0.3044 0.5528
vn 0.7255 0.4747 0.4983
vn 0.6280 0.5425 0.5579
vn 0.6538 0.3659 0.6623
vn 0.6233 0.4348 0.6500
vn 0.5337 0.4960 0.6850
vn 0.4782 0.5089 0.7158
vn 0.4962 0.4737 0.7276
vn 0.4584 0.4844 0.7451
vn 0.4433 0.5051 0.7405
vn 0.4394 0.5260 0.7282
vn 0.6461 0.3060 0.6992
vn 0.5790 0.3417 0.7403
vn 0.5597 0.3991 0.7262
vn 0.5381 0.4364 0.7212
vn 0.5467 0.4122 0.7288
vn 0.5301 0.4348 0.7280
vn 0.5128 0.4597 0.7250
vn 0.4905 0.4898 0.7207
vn 0.5503 0.3489 0.7586
vn 0.5541 0.3818 0.7397
vn 0.5745 0.3663 0.7320
vn 0.5570 0.3976 0.7292
vn 0.5472 0.4220 0.7228
vn 0.5428 0.4479 0.7105
vn 0.6276 0.3386 0.7011
vn 0.6029 0.3731 0.7052
vn 0.6599 0.3117 0.6837
vn -0.0946 -0.9344 -0.3434
vn -0.1035 -0.9063 -0.4097
vn -0.1086 -0.8805 -0.4615
vn -0.1130 -0.8649 -0.4890
vn -0.1165 -0.8303 -0.5450
vn -0.1183 -0.8038 -0.5831
vn -0.1156 -0.7955 -0.5949
vn -0.1192 -0.7715 -0.6250
vn -0.1210 -0.7396 -0.6621
vn -0.1245 -0.7249 -0.6775
vn -0.1222 -0.7145 -0.6889
vn -0.1238 -0.6932 -0.7101
vn -0.1293 -0.6636 -0.7368
vn -0.0490 -0.9404 -0.3366
vn -0.0560 -0.9095 -0.4118
vn -0.0610 -0.8843 -0.4629
vn -0.0653 -0.8716 -0.4858
vn -0.0723 -0.8362 -0.5437
vn -0.0799 -0.8056 -0.5871
vn -0.0792 -0.7982 -0.5972
vn -0.0788 -0.7761 -0.6256
vn -0.0876 -0.7494 -0.6563
vn -0.0990 -0.7266 -0.6799
vn -0.0891 -0.7113 -0.6972
vn -0.0831 -0.6992 -0.7100
vn -0.0896 -0.6789 -0.7287
vn 0.0138 -0.9462 -0.3232
vn -0.0060 -0.9154 -0.4026
vn -0.0186 -0.8897 -0.4561
vn -0.0232 -0.8765 -0.4808
vn -0.0277 -0.8456 -0.5331
vn -0.0398 -0.8137 -0.5799
vn -0.0431 -0.7969 -0.6026
vn -0.0415 -0.7792 -0.6254
vn -0.0508 -0.7656 -0.6413
vn -0.0755 -0.7299 -0.6794
vn -0.0396 -0.7371 -0.6746
vn -0.0620 -0.7026 -0.7089
vn -0.0628 -0.6979 -0.7134
vn -0.0534 -0.6868 -0.7249
vn 0.0532 -0.9537 -0.2960
vn 0.0339 -0.9266 -0.3746
vn 0.0199 -0.8966 -0.4425
vn 0.0199 -0.8747 -0.4843
vn 0.0181 -0.8540 -0.5199
vn 0.0036 -0.8256 -0.5643
vn -0.0058 -0.7955 -0.6059
vn -0.0058 -0.7806 -0.6249
vn -0.0060 -0.7736 -0.6336
vn -0.0053 -0.7398 -0.6728
vn -0.0204 -0.7078 -0.7061
vn -0.0402 -0.6957 -0.7172
vn -0.0196 -0.6968 -0.7170
vn -0.0249 -0.6812 -0.7317
vn 0.1131 -0.9537 -0.2787
vn 0.1020 -0.9305 -0.3519
vn 0.0933 -0.9055 -0.4140
vn 0.0698 -0.8731 -0.4825
vn 0.0645 -0.8594 -0.5073
vn 0.0579 -0.8383 -0.5422
vn 0.0369 -0.8053 -0.5917
vn 0.0267 -0.7796 -0.6258
vn 0.0345 -0.7678 -0.6398
vn 0.0507 -0.7471 -0.6627
vn 0.0207 -0.7444 -0.6674
vn 0.0221 -0.7264 -0.6869
vn -0.0057 -0.6997 -0.7144
vn 0.0036 -0.6725 -0.7401
vn 0.1786 -0.9478 -0.2642
vn 0.1951 -0.9328 -0.3030
vn 0.1481 -0.9294 -0.3380
vn 0.1569 -0.9139 -0.3744
vn 0.1162 -0.8894 -0.4420
vn 0.0794 -0.8612 -0.5021
vn 0.0974 -0.8351 -0.5414
vn 0.0951 -0.8176 -0.5678
vn 0.0776 -0.7868 -0.6123
vn 0.0654 -0.7617 -0.6447
vn 0.0681 -0.7448 -0.6638
vn 0.0755 -0.7369 -0.6718
vn 0.0953 -0.7088 -0.6989
vn 0.0513 -0.7050 -0.7074
vn 0.0633 -0.6788 -0.7316
vn 0.2400 -0.9472 -0.2124
vn 0.2462 -0.9367 -0.2489
vn 0.2051 -0.9173 -0.3414
vn 0.1735 -0.8998 -0.4003
vn 0.1991 -0.8643 -0.4618
vn 0.1298 -0.8597 -0.4940
vn 0.1537 -0.8228 -0.5472
vn 0.1459 -0.8215 -0.5512
vn 0.1406 -0.8001 -0.5832
vn 0.1221 -0.7699 -0.6264
vn 0.1076 -0.7431 -0.6605
vn 0.1039 -0.7239 -0.6820
vn 0.1117 -0.7078 -0.6975
vn 0.1054 -0.6930 -0.7131
vn 0.3162 -0.9284 -0.1951
vn 0.2737 -0.9099 -0.3118
vn 0.2503 -0.8887 -0.3841
vn 0.2606 -0.8660 -0.4268
vn 0.2054 -0.8419 -0.4990
vn 0.1589 -0.8225 -0.5461
vn 0.1828 -0.7918 -0.5828
vn 0.1846 -0.7757 -0.6036
vn 0.1723 -0.7545 -0.6332
vn 0.1513 -0.7281 -0.6685
vn 0.1416 -0.7040 -0.6960
vn 0.1415 -0.6842 -0.7154
vn -0.1350 -0.6420 -0.7547
vn -0.1023 -0.6484 -0.7544
vn -0.0536 -0.6600 -0.7493
vn -0.0183 -0.6649 -0.7467
vn 0.0081 -0.6588 -0.7523
vn 0.0458 -0.6602 -0.7497
vn 0.1002 -0.6698 -0.7357
vn 0.1447 -0.6692 -0.7289
vn -0.1292 -0.6322 -0.7640
vn -0.1227 -0.6264 -0.7698
vn -0.1175 -0.6031 -0.7890
vn -0.1348 -0.5738 -0.8078
vn -0.1568 -0.5530 -0.8183
vn -0.1234 -0.5578 -0.8207
vn -0.1396 -0.5315 -0.8355
vn -0.1380 -0.5221 -0.8417
vn -0.1352 -0.5048 -0.8526
vn -0.1331 -0.4873 -0.8630
vn -0.1286 -0.4613 -0.8779
vn -0.1211 -0.4338 -0.8928
vn -0.1247 -0.4112 -0.9030
vn -0.1032 -0.6259 -0.7730
vn -0.0971 -0.6178 -0.7803
vn -0.0880 -0.6045 -0.7917
vn -0.0867 -0.5879 -0.8043
vn -0.0823 -0.5655 -0.8206
vn -0.0940 -0.5393 -0.8369
vn -0.0997 -0.5246 -0.8455
vn -0.0969 -0.5025 -0.8591
vn -0.0936 -0.4842 -0.8699
vn -0.0918 -0.4575 -0.8844
vn -0.0885 -0.4342 -0.8965
vn -0.0992 -0.4253 -0.8996
vn -0.0636 -0.6330 -0.7715
vn -0.0731 -0.6136 -0.7862
vn -0.0703 -0.5968 -0.7993
vn -0.0649 -0.5844 -0.8089
vn -0.0606 -0.5662 -0.8220
vn -0.0605 -0.5469 -0.8350
vn -0.0610 -0.5264 -0.8480
vn -0.0603 -0.5017 -0.8629
vn -0.0620 -0.4845 -0.8726
vn -0.0695 -0.4618 -0.8843
vn -0.0591 -0.4674 -0.8821
vn -0.0684 -0.4444 -0.8932
vn -0.0751 -0.4378 -0.8959
vn -0.0485 -0.3975 -0.9163
vn -0.0203 -0.6476 -0.7617
vn -0.0270 -0.6234 -0.7814
vn -0.0345 -0.6001 -0.7992
vn -0.0401 -0.5808 -0.8130
vn -0.0383 -0.5613 -0.8267
vn -0.0366 -0.5463 -0.8368
vn -0.0365 -0.5271 -0.8490
vn -0.0356 -0.5054 -0.8622
vn -0.0378 -0.4910 -0.8703
vn -0.0375 -0.4704 -0.8816
vn -0.0343 -0.4454 -0.8947
vn -0.0203 -0.4257 -0.9046
vn -0.0027 -0.3884 -0.9215
vn 0.0119 -0.6485 -0.7611
vn 0.0143 -0.6294 -0.7769
vn 0.0139 -0.6084 -0.7935
vn 0.0109 -0.5875 -0.8092
vn 0.0053 -0.5652 -0.8249
vn 0.0010 -0.5484 -0.8362
vn 0.0002 -0.5272 -0.8497
vn 0.0011 -0.5035 -0.8640
vn 0.0054 -0.4887 -0.8724
vn 0.0094 -0.4636 -0.8860
vn 0.0152 -0.4361 -0.8998
vn 0.0169 -0.4155 -0.9094
vn 0.0109 -0.3900 -0.9208
vn 0.0423 -0.6393 -0.7678
vn 0.0432 -0.6243 -0.7800
vn 0.0435 -0.6059 -0.7943
vn 0.0463 -0.5897 -0.8063
vn 0.0473 -0.5687 -0.8212
vn 0.0482 -0.5493 -0.8342
vn 0.0482 -0.5265 -0.8488
vn 0.0477 -0.5003 -0.8646
vn 0.0492 -0.4829 -0.8743
vn 0.0481 -0.4588 -0.8872
vn 0.0451 -0.4363 -0.8987
vn 0.0382 -0.4257 -0.9041
vn 0.0234 -0.3958 -0.9180
vn 0.0904 -0.6469 -0.7572
vn 0.0817 -0.6260 -0.7756
vn 0.0797 -0.6006 -0.7956
vn 0.0800 -0.5848 -0.8072
vn 0.0752 -0.5641 -0.8223
vn 0.0796 -0.5455 -0.8343
vn 0.0801 -0.5255 -0.8470
vn 0.0791 -0.4994 -0.8627
vn 0.0738 -0.4863 -0.8707
vn 0.0880 -0.4623 -0.8823
vn 0.0560 -0.4629 -0.8847
vn 0.0713 -0.4377 -0.8963
vn 0.0882 -0.4144 -0.9058
vn 0.1386 -0.6539 -0.7438
vn 0.1395 -0.6267 -0.7667
vn 0.1358 -0.6013 -0.7874
vn 0.1340 -0.5886 -0.7972
vn 0.1594 -0.5640 -0.8103
vn 0.1085 -0.5656 -0.8175
vn 0.1278 -0.5396 -0.8322
vn 0.1264 -0.5220 -0.8435
vn 0.1260 -0.4959 -0.8592
vn 0.1298 -0.4792 -0.8681
vn 0.1401 -0.4544 -0.8797
vn 0.1372 -0.4269 -0.8938
vn 0.1441 -0.3958 -0.9070
vn 0.3829 -0.9094 -0.1625
vn 0.4078 -0.8912 -0.1989
vn 0.3439 -0.8959 -0.2813
vn 0.3623 -0.8877 -0.2842
vn 0.3075 -0.8836 -0.3532
vn 0.3141 -0.8729 -0.3734
vn 0.2673 -0.8538 -0.4467
vn 0.2976 -0.8140 -0.4988
vn 0.2234 -0.8183 -0.5296
vn 0.2483 -0.7829 -0.5704
vn 0.2185 -0.7747 -0.5934
vn 0.2234 -0.7595 -0.6109
vn 0.2123 -0.7353 -0.6436
vn 0.2060 -0.7079 -0.6756
vn 0.1875 -0.6826 -0.7063
vn 0.4749 -0.8764 -0.0795
vn 0.4899 -0.8660 -0.1002
vn 0.4166 -0.8800 -0.2283
vn 0.3631 -0.8668 -0.3418
vn 0.4097 -0.8238 -0.3918
vn 0.3307 -0.8408 -0.4286
vn 0.3606 -0.8063 -0.4689
vn 0.3059 -0.8011 -0.5144
vn 0.3148 -0.7797 -0.5413
vn 0.2576 -0.7764 -0.5752
vn 0.2804 -0.7511 -0.5977
vn 0.3021 -0.7267 -0.6170
vn 0.2559 -0.7289 -0.6350
vn 0.2726 -0.7050 -0.6548
vn 0.2463 -0.6848 -0.6858
vn 0.5240 -0.8513 -0.0269
vn 0.6180 -0.7862 0.0071
vn 0.4842 -0.8568 -0.1771
vn 0.5638 -0.8088 -0.1673
vn 0.4592 -0.8374 -0.2966
vn 0.4877 -0.8118 -0.3211
vn 0.4085 -0.8138 -0.4133
vn 0.4321 -0.7858 -0.4425
vn 0.3626 -0.7996 -0.4788
vn 0.3896 -0.7695 -0.5060
vn 0.3618 -0.7436 -0.5622
vn 0.3561 -0.7263 -0.5879
vn 0.3193 -0.7039 -0.6345
vn 0.6833 -0.7290 0.0411
vn 0.7233 -0.6838 0.0965
vn 0.6218 -0.7770 -0.0983
vn 0.6630 -0.7473 -0.0451
vn 0.5369 -0.8052 -0.2517
vn 0.5920 -0.7738 -0.2250
vn 0.4911 -0.7982 -0.3489
vn 0.5147 -0.7721 -0.3726
vn 0.4506 -0.7542 -0.4775
vn 0.4787 -0.7215 -0.5004
vn 0.4178 -0.7357 -0.5330
vn 0.4326 -0.7227 -0.5390
vn 0.3893 -0.6978 -0.6012
vn 0.7503 -0.6419 0.1581
vn 0.7851 -0.5743 0.2321
vn 0.7016 -0.7126 0.0023
vn 0.7631 -0.6453 0.0364
vn 0.6542 -0.7346 -0.1800
vn 0.7206 -0.6760 -0.1541
vn 0.5968 -0.7417 -0.3061
vn 0.6569 -0.6966 -0.2883
vn 0.5421 -0.7306 -0.4151
vn 0.5640 -0.7121 -0.4180
vn 0.4948 -0.7098 -0.5013
vn 0.8389 -0.4836 0.2497
vn 0.8300 -0.5527 0.0748
vn 0.7737 -0.6235 -0.1126
vn 0.7079 -0.6680 -0.2295
vn 0.6498 -0.6858 -0.3278
vn 0.1849 -0.6678 -0.7210
vn 0.2869 -0.6835 -0.6712
vn 0.2580 -0.6668 -0.6991
vn 0.2775 -0.6395 -0.7170
vn 0.3227 -0.6773 -0.6612
vn 0.3118 -0.6560 -0.6873
vn 0.3221 -0.6365 -0.7008
vn 0.4620 -0.6851 -0.5632
vn 0.4114 -0.6663 -0.6220
vn 0.4365 -0.6394 -0.6330
vn 0.3599 -0.6526 -0.6668
vn 0.3794 -0.6346 -0.6733
vn 0.4049 -0.6040 -0.6864
vn 0.5874 -0.6837 -0.4330
vn 0.5185 -0.6744 -0.5256
vn 0.4795 -0.6563 -0.5826
vn 0.4995 -0.6226 -0.6024
vn 0.4748 -0.6125 -0.6320
vn 0.4922 -0.5787 -0.6503
vn 0.5089 -0.5419 -0.6688
vn 0.8669 -0.3712 0.3327
vn 0.8610 -0.2477 0.4442
vn 0.8399 -0.1810 0.5118
vn 0.7761 0.1263 0.6179
vn 0.7581 0.1582 0.6327
vn 0.7263 0.1981 0.6582
vn 0.6933 0.2730 0.6670
vn 0.8584 -0.4881 0.1577
vn 0.7348 0.2907 0.6128
vn 0.8130 -0.5808 -0.0413
vn 0.7315 -0.6592 -0.1740
vn 0.6619 -0.6568 -0.3611
vn 0.7008 -0.5866 -0.4059
vn 0.6151 -0.6350 -0.4674
vn 0.6543 -0.5943 -0.4676
vn 0.6678 -0.5818 -0.4643
vn 0.5652 -0.6238 -0.5398
vn 0.5792 -0.5982 -0.5537
vn 0.6004 -0.5989 -0.5299
vn 0.5327 -0.5988 -0.5980
vn 0.5392 -0.5806 -0.6101
vn 0.5565 -0.5239 -0.6448
vn 0.6167 -0.4837 -0.6211
vn 0.8711 -0.3748 0.3175
vn 0.8717 -0.2776 0.4039
vn 0.8689 -0.1666 0.4662
vn 0.8661 -0.0431 0.4980
vn 0.8357 0.0697 0.5448
vn 0.7995 0.1202 0.5885
vn 0.7785 0.1731 0.6033
vn 0.7597 0.2341 0.6067
vn 0.8778 -0.4409 0.1872
vn 0.8960 -0.3604 0.2593
vn 0.9042 -0.2308 0.3594
vn 0.8940 -0.0897 0.4391
vn 0.8688 0.0018 0.4952
vn 0.8262 0.0822 0.5573
vn 0.8032 0.1892 0.5649
vn 0.8003 0.2438 0.5477
vn 0.8527 -0.5215 0.0314
vn 0.8883 -0.4495 0.0937
vn 0.9325 -0.3314 0.1433
vn 0.8425 0.2073 0.4973
vn 0.8228 0.2428 0.5139
vn 0.8087 -0.5792 -0.1025
vn 0.8657 -0.4908 -0.0981
vn 0.9109 -0.4076 -0.0640
vn 0.7605 -0.5866 -0.2784
vn 0.8108 -0.5045 -0.2968
vn 0.8434 -0.4920 -0.2158
vn 0.7429 -0.5488 -0.3833
vn 0.7532 -0.5511 -0.3590
vn 0.7939 -0.4839 -0.3681
vn 0.6960 -0.5506 -0.4609
vn 0.7443 -0.4595 -0.4847
vn 0.7673 -0.4186 -0.4858
vn 0.6363 -0.5285 -0.5619
vn 0.6831 -0.4562 -0.5704
vn 0.7170 -0.4379 -0.5423
vn 0.7410 -0.3953 -0.5428
vn 0.9340 -0.1974 0.2979
vn 0.9294 -0.1008 0.3550
vn 0.9091 -0.0354 0.4151
vn 0.8873 0.0411 0.4594
vn 0.8640 0.1450 0.4822
vn 0.9576 -0.2479 0.1468
vn 0.9624 -0.1652 0.2156
vn 0.9478 -0.0864 0.3071
vn 0.9333 0.0194 0.3586
vn 0.9097 0.1424 0.3901
vn 0.8786 0.1897 0.4382
vn 0.9395 -0.3422 -0.0152
vn 0.9622 -0.2607 0.0791
vn 0.9742 -0.1585 0.1607
vn 0.9770 -0.0306 0.2108
vn 0.9543 0.0612 0.2925
vn 0.9193 0.1425 0.3668
vn 0.8966 -0.4262 -0.1204
vn 0.9365 -0.3419 -0.0776
vn 0.9744 -0.2247 -0.0115
vn 0.9918 -0.1034 0.0752
vn 0.9859 -0.0431 0.1615
vn 0.9587 0.0835 0.2719
vn 0.8466 -0.4713 -0.2471
vn 0.8925 -0.3746 -0.2510
vn 0.9309 -0.2958 -0.2144
vn 0.9701 -0.2003 -0.1373
vn 0.9852 -0.1607 -0.0601
vn 0.8374 -0.3867 -0.3862
vn 0.8607 -0.3493 -0.3704
vn 0.9133 -0.2748 -0.3007
vn 0.9431 -0.1984 -0.2668
vn 0.9723 -0.0572 -0.2267
vn 0.8037 -0.3821 -0.4561
vn 0.8375 -0.3223 -0.4413
vn 0.8892 -0.2124 -0.4053
vn 0.9226 -0.1483 -0.3560
vn 0.1761 -0.6442 -0.7443
vn 0.1817 -0.6202 -0.7631
vn 0.1715 -0.6018 -0.7800
vn 0.1785 -0.5822 -0.7932
vn 0.1915 -0.5629 -0.8041
vn 0.1774 -0.5376 -0.8243
vn 0.1769 -0.5139 -0.8394
vn 0.1757 -0.4907 -0.8534
vn 0.1760 -0.4695 -0.8652
vn 0.1792 -0.4448 -0.8775
vn 0.1751 -0.4200 -0.8905
vn 0.1812 -0.3930 -0.9015
vn 0.2217 -0.6445 -0.7318
vn 0.2311 -0.6234 -0.7470
vn 0.2412 -0.5992 -0.7634
vn 0.1884 -0.6041 -0.7743
vn 0.2139 -0.5687 -0.7942
vn 0.2203 -0.5623 -0.7970
vn 0.2051 -0.5341 -0.8202
vn 0.2144 -0.5073 -0.8347
vn 0.2347 -0.4887 -0.8403
vn 0.1922 -0.4909 -0.8498
vn 0.2067 -0.4647 -0.8610
vn 0.2241 -0.4350 -0.8721
vn 0.2561 -0.4015 -0.8793
vn 0.1977 -0.4139 -0.8886
vn 0.2234 -0.3802 -0.8975
vn 0.3028 -0.6204 -0.7235
vn 0.3100 -0.5915 -0.7443
vn 0.2961 -0.5621 -0.7723
vn 0.3001 -0.5536 -0.7768
vn 0.3298 -0.5158 -0.7907
vn 0.2662 -0.5283 -0.8062
vn 0.2940 -0.4866 -0.8227
vn 0.3114 -0.4768 -0.8220
vn 0.3318 -0.4425 -0.8331
vn 0.2810 -0.4533 -0.8459
vn 0.3022 -0.4111 -0.8600
vn 0.3169 -0.3849 -0.8668
vn 0.2923 -0.3658 -0.8836
vn 0.3319 -0.6173 -0.7133
vn 0.3561 -0.5733 -0.7379
vn 0.3816 -0.5497 -0.7431
vn 0.3362 -0.5581 -0.7586
vn 0.3499 -0.5347 -0.7692
vn 0.3654 -0.5103 -0.7785
vn 0.4007 -0.4688 -0.7872
vn 0.3344 -0.4825 -0.8096
vn 0.3601 -0.4503 -0.8171
vn 0.3670 -0.4411 -0.8190
vn 0.3295 -0.4065 -0.8522
vn 0.3559 -0.3580 -0.8632
vn 0.4444 -0.5516 -0.7058
vn 0.4656 -0.5305 -0.7084
vn 0.4839 -0.5122 -0.7096
vn 0.4161 -0.5225 -0.7442
vn 0.4400 -0.4873 -0.7543
vn 0.4690 -0.4391 -0.7663
vn 0.4954 -0.4139 -0.7637
vn 0.4312 -0.4271 -0.7947
vn 0.4611 -0.4087 -0.7876
vn 0.5042 -0.3345 -0.7962
vn 0.4167 -0.3888 -0.8217
vn 0.4488 -0.3179 -0.8352
vn 0.5191 -0.5158 -0.6815
vn 0.5464 -0.4932 -0.6769
vn 0.5932 -0.4312 -0.6798
vn 0.4988 -0.4679 -0.7296
vn 0.5237 -0.4096 -0.7470
vn 0.5559 -0.3875 -0.7354
vn 0.6070 -0.3471 -0.7149
vn 0.5173 -0.3776 -0.7680
vn 0.5343 -0.3199 -0.7824
vn 0.6594 -0.4394 -0.6100
vn 0.6964 -0.3749 -0.6119
vn 0.7247 -0.3103 -0.6153
vn 0.7584 -0.2832 -0.5871
vn 0.6355 -0.3654 -0.6802
vn 0.6670 -0.3281 -0.6690
vn 0.7134 -0.2832 -0.6410
vn 0.6466 -0.2669 -0.7146
vn 0.7793 -0.3196 -0.5391
vn 0.8169 -0.2477 -0.5209
vn 0.8558 -0.2127 -0.4715
vn 0.7978 -0.2202 -0.5613
vn 0.9921 -0.0490 0.1152
vn 0.9895 0.0209 0.1432
vn 0.9975 -0.0707 0.0067
vn 0.9998 0.0209 0.0049
vn 0.9846 -0.1086 -0.1373
vn 0.9955 0.0185 -0.0934
vn 0.2917 0.6147 0.7328
vn 0.3188 0.6147 0.7214
vn 0.3704 0.5899 0.7175
vn 0.3613 0.6134 0.7023
vn 0.3764 0.6225 0.6861
vn 0.4167 0.5536 0.7210
vn 0.4042 0.5817 0.7058
vn 0.3915 0.6034 0.6947
vn 0.3927 0.6131 0.6855
vn 0.1623 0.6726 0.7220
vn 0.1546 0.7035 0.6936
vn 0.1572 0.7195 0.6765
vn 0.1584 0.7306 0.6642
vn 0.1558 0.7490 0.6440
vn 0.1402 0.7811 0.6084
vn 0.1503 0.8032 0.5764
vn 0.1579 0.8137 0.5594
vn 0.1469 0.8434 0.5169
vn 0.1413 0.8721 0.4686
vn 0.1202 0.8942 0.4313
vn 0.1557 0.8870 0.4347
vn 0.1289 0.9129 0.3872
vn 0.1232 0.9469 0.2969
vn 0.2037 0.6477 0.7341
vn 0.1930 0.6652 0.7213
vn 0.1796 0.6968 0.6944
vn 0.2051 0.6924 0.6917
vn 0.1908 0.7188 0.6686
vn 0.1811 0.7288 0.6603
vn 0.2016 0.7262 0.6572
vn 0.1901 0.7410 0.6441
vn 0.1741 0.7754 0.6070
vn 0.2031 0.7722 0.6021
vn 0.1883 0.8017 0.5673
vn 0.1865 0.8057 0.5622
vn 0.1759 0.8363 0.5193
vn 0.1865 0.8668 0.4625
vn 0.2017 0.8782 0.4338
vn 0.1805 0.9064 0.3819
vn 0.1839 0.9376 0.2950
vn 0.2245 0.6428 0.7324
vn 0.2229 0.6624 0.7152
vn 0.2360 0.6882 0.6861
vn 0.2279 0.7124 0.6637
vn 0.2269 0.7199 0.6559
vn 0.2208 0.7390 0.6365
vn 0.2299 0.7711 0.5938
vn 0.2232 0.7933 0.5665
vn 0.2250 0.7956 0.5625
vn 0.2075 0.8326 0.5136
vn 0.2444 0.8299 0.5016
vn 0.2232 0.8676 0.4443
vn 0.2291 0.8732 0.4301
vn 0.2125 0.9028 0.3738
vn 0.2467 0.9018 0.3548
vn 0.2200 0.9333 0.2837
vn 0.2507 0.6339 0.7316
vn 0.2454 0.6638 0.7064
vn 0.2568 0.6913 0.6754
vn 0.2561 0.7039 0.6625
vn 0.2529 0.7097 0.6576
vn 0.2466 0.7403 0.6254
vn 0.2640 0.7720 0.5782
vn 0.2531 0.7847 0.5659
vn 0.2792 0.7789 0.5616
vn 0.2666 0.7913 0.5502
vn 0.2833 0.8244 0.4900
vn 0.2618 0.8597 0.4387
vn 0.2749 0.8714 0.4062
vn 0.2853 0.8981 0.3346
vn 0.2424 0.9307 0.2739
vn 0.2876 0.6305 0.7210
vn 0.2819 0.6601 0.6963
vn 0.3122 0.6573 0.6859
vn 0.2974 0.6857 0.6644
vn 0.2810 0.6955 0.6613
vn 0.3029 0.6873 0.6602
vn 0.2894 0.6986 0.6544
vn 0.2753 0.7372 0.6171
vn 0.3126 0.7356 0.6009
vn 0.2984 0.7706 0.5631
vn 0.3019 0.7712 0.5604
vn 0.2938 0.7948 0.5310
vn 0.3150 0.8256 0.4682
vn 0.3001 0.8471 0.4385
vn 0.3270 0.8396 0.4338
vn 0.3077 0.8649 0.3967
vn 0.3268 0.8889 0.3211
vn 0.3225 0.6338 0.7031
vn 0.3372 0.6543 0.6769
vn 0.3248 0.6724 0.6652
vn 0.3250 0.6789 0.6584
vn 0.3239 0.7003 0.6362
vn 0.3494 0.7343 0.5819
vn 0.3380 0.7565 0.5599
vn 0.3342 0.7582 0.5598
vn 0.3166 0.7934 0.5199
vn 0.3637 0.7880 0.4968
vn 0.3377 0.8260 0.4512
vn 0.3488 0.8331 0.4292
vn 0.3239 0.8647 0.3839
vn 0.3753 0.8558 0.3561
vn 0.3379 0.8937 0.2951
vn 0.3519 0.6312 0.6912
vn 0.3599 0.6435 0.6755
vn 0.3450 0.6633 0.6641
vn 0.3707 0.6578 0.6556
vn 0.3638 0.6745 0.6424
vn 0.3574 0.7021 0.6159
vn 0.3920 0.7005 0.5963
vn 0.3752 0.7307 0.5703
vn 0.3588 0.7445 0.5631
vn 0.3805 0.7334 0.5633
vn 0.3684 0.7554 0.5419
vn 0.4046 0.7869 0.4660
vn 0.3857 0.8128 0.4366
vn 0.4134 0.8007 0.4336
vn 0.3989 0.8215 0.4074
vn 0.4320 0.8454 0.3142
vn 0.3945 0.8789 0.2682
vn 0.3823 0.6335 0.6727
vn 0.3993 0.6556 0.6409
vn 0.3992 0.6785 0.6167
vn 0.4197 0.6983 0.5799
vn 0.4045 0.7175 0.5671
vn 0.4327 0.7072 0.5591
vn 0.4201 0.7210 0.5510
vn 0.3989 0.7580 0.5161
vn 0.4471 0.7503 0.4870
vn 0.4223 0.7888 0.4466
vn 0.4348 0.7945 0.4239
vn 0.4172 0.8237 0.3841
vn 0.4632 0.8200 0.3362
vn 0.4396 0.8515 0.2857
vn -0.1327 -0.4008 -0.9065
vn -0.1295 -0.3816 -0.9152
vn -0.1243 -0.3434 -0.9309
vn -0.1215 -0.3074 -0.9438
vn -0.1282 -0.2913 -0.9480
vn -0.1212 -0.2688 -0.9555
vn -0.1189 -0.2207 -0.9681
vn -0.1162 -0.1787 -0.9770
vn -0.1156 -0.1302 -0.9847
vn -0.1073 -0.0541 -0.9928
vn -0.1102 -0.4068 -0.9068
vn -0.0985 -0.3748 -0.9219
vn -0.0889 -0.3393 -0.9365
vn -0.0936 -0.3152 -0.9444
vn -0.1082 -0.2971 -0.9487
vn -0.0828 -0.3012 -0.9499
vn -0.0920 -0.2694 -0.9586
vn -0.0823 -0.2175 -0.9726
vn -0.0797 -0.1770 -0.9810
vn -0.0721 -0.1231 -0.9898
vn -0.0627 -0.0507 -0.9967
vn -0.0882 -0.4031 -0.9109
vn -0.0599 -0.3582 -0.9317
vn -0.0543 -0.3419 -0.9382
vn -0.0606 -0.3233 -0.9444
vn -0.0555 -0.2982 -0.9529
vn -0.0485 -0.2581 -0.9649
vn -0.0407 -0.2119 -0.9764
vn -0.0424 -0.1731 -0.9840
vn -0.0305 -0.1089 -0.9936
vn -0.0178 -0.0441 -0.9989
vn -0.0132 -0.3586 -0.9334
vn -0.0240 -0.3480 -0.9372
vn -0.0258 -0.3271 -0.9446
vn -0.0193 -0.2884 -0.9573
vn -0.0090 -0.2457 -0.9693
vn -0.0047 -0.2103 -0.9776
vn 0.0022 -0.1669 -0.9860
vn 0.0151 -0.1000 -0.9949
vn 0.0152 -0.0326 -0.9994
vn 0.0094 -0.3703 -0.9289
vn 0.0103 -0.3486 -0.9372
vn 0.0229 -0.3092 -0.9507
vn 0.0329 -0.2713 -0.9619
vn 0.0339 -0.2440 -0.9692
vn 0.0318 -0.2060 -0.9780
vn 0.0461 -0.1499 -0.9876
vn 0.0640 -0.0917 -0.9937
vn 0.0733 -0.0298 -0.9969
vn 0.0564 -0.3916 -0.9184
vn 0.0405 -0.3638 -0.9306
vn 0.0595 -0.3334 -0.9409
vn 0.0694 -0.2935 -0.9534
vn 0.0606 -0.2648 -0.9624
vn 0.0689 -0.2410 -0.9681
vn 0.0831 -0.1987 -0.9765
vn 0.0954 -0.1370 -0.9860
vn 0.1031 -0.0719 -0.9921
vn 0.1282 -0.0104 -0.9917
vn 0.1065 -0.3793 -0.9191
vn 0.1022 -0.3527 -0.9301
vn 0.1068 -0.3203 -0.9413
vn 0.1049 -0.2988 -0.9485
vn 0.1237 -0.2609 -0.9574
vn 0.0838 -0.2687 -0.9596
vn 0.0997 -0.2247 -0.9693
vn 0.1295 -0.1771 -0.9756
vn 0.1505 -0.1285 -0.9802
vn 0.1622 -0.0592 -0.9850
vn 0.1852 0.0209 -0.9825
vn 0.1442 -0.3724 -0.9168
vn 0.1380 -0.3505 -0.9263
vn 0.1432 -0.3167 -0.9376
vn 0.1579 -0.2815 -0.9465
vn 0.1874 -0.2369 -0.9533
vn 0.2058 -0.1949 -0.9590
vn 0.1615 -0.2101 -0.9642
vn 0.1741 -0.1589 -0.9718
vn 0.1853 -0.1092 -0.9766
vn 0.2243 -0.0317 -0.9740
vn 0.2530 0.0415 -0.9666
vn 0.1325 0.9701 0.2034
vn 0.0939 0.9881 0.1218
vn 0.1378 0.9901 0.0267
vn 0.0638 0.9980 -0.0042
vn 0.0890 0.9839 -0.1551
vn 0.0583 0.9950 -0.0807
vn 0.0611 0.9334 -0.3536
vn 0.0225 0.7417 -0.6703
vn 0.0352 0.8472 -0.5302
vn -0.0248 0.5197 -0.8540
vn 0.0050 0.6300 -0.7766
vn -0.1041 0.0137 -0.9945
vn -0.0943 0.0926 -0.9912
vn -0.0781 0.1978 -0.9771
vn -0.0521 0.2946 -0.9542
vn -0.0334 0.4010 -0.9155
vn 0.1883 0.9632 0.1918
vn 0.1918 0.9804 0.0443
vn 0.1597 0.9782 -0.1329
vn 0.1328 0.9330 -0.3345
vn 0.0779 0.7653 -0.6389
vn 0.1036 0.8580 -0.5031
vn 0.0206 0.5455 -0.8378
vn 0.0408 0.6575 -0.7524
vn -0.0637 0.0162 -0.9978
vn -0.0545 0.1054 -0.9929
vn -0.0419 0.2173 -0.9752
vn -0.0208 0.3265 -0.9450
vn 0.0037 0.4268 -0.9043
vn 0.2280 0.9536 0.1967
vn 0.2186 0.9740 0.0589
vn 0.1999 0.9739 -0.1075
vn 0.1705 0.9383 -0.3010
vn 0.1370 0.7945 -0.5916
vn 0.1353 0.8717 -0.4710
vn 0.0730 0.5693 -0.8189
vn 0.0998 0.6857 -0.7210
vn -0.0099 0.0191 -0.9998
vn 0.0065 0.1179 -0.9930
vn 0.0217 0.2285 -0.9733
vn 0.0377 0.3420 -0.9389
vn 0.0409 0.4497 -0.8923
vn 0.3030 0.9148 0.2672
vn 0.2512 0.9465 0.2024
vn 0.2601 0.9630 0.0710
vn 0.2480 0.9645 -0.0906
vn 0.2874 0.8629 -0.4156
vn 0.2258 0.9324 -0.2824
vn 0.2315 0.8052 -0.5459
vn 0.1999 0.8686 -0.4534
vn 0.1808 0.4935 -0.8507
vn 0.1834 0.5859 -0.7894
vn 0.1927 0.6999 -0.6878
vn 0.0338 0.0413 -0.9986
vn 0.0593 0.1405 -0.9883
vn 0.0900 0.2559 -0.9625
vn 0.1248 0.3562 -0.9261
vn 0.1231 0.4716 -0.8732
vn 0.3599 0.9073 0.2176
vn 0.3259 0.9298 0.1711
vn 0.3573 0.9310 0.0751
vn 0.3275 0.9426 0.0646
vn 0.3621 0.9278 -0.0905
vn 0.3279 0.9425 -0.0643
vn 0.3551 0.8737 -0.3325
vn 0.3277 0.9149 -0.2359
vn 0.2798 0.7312 -0.6221
vn 0.2886 0.8131 -0.5056
vn 0.2051 0.5076 -0.8368
vn 0.2296 0.6162 -0.7534
vn 0.2489 0.7092 -0.6596
vn 0.0907 0.0643 -0.9938
vn 0.1088 0.1648 -0.9803
vn 0.1329 0.2883 -0.9483
vn 0.1650 0.3766 -0.9116
vn 0.3615 0.9108 0.1992
vn 0.3733 0.9247 0.0745
vn 0.3726 0.9231 -0.0950
vn 0.3500 0.8917 -0.2871
vn 0.3262 0.7491 -0.5765
vn 0.3084 0.8291 -0.4663
vn 0.2563 0.5185 -0.8157
vn 0.2732 0.6359 -0.7218
vn 0.1548 0.0848 -0.9843
vn 0.1843 0.1909 -0.9641
vn 0.2017 0.2941 -0.9343
vn 0.1929 0.4081 -0.8923
vn 0.4407 0.8616 0.2519
vn 0.3947 0.8981 0.1941
vn 0.4023 0.9135 0.0613
vn 0.3958 0.9154 -0.0730
vn 0.4485 0.7986 -0.4013
vn 0.3825 0.8817 -0.2761
vn 0.4314 0.6383 -0.6375
vn 0.4137 0.7436 -0.5253
vn 0.3791 0.8128 -0.4423
vn 0.3619 0.4169 -0.8338
vn 0.3654 0.5180 -0.7734
vn 0.3611 0.6391 -0.6791
vn 0.2144 0.1216 -0.9691
vn 0.2471 0.2245 -0.9426
vn 0.2861 0.3066 -0.9078
vn 0.2916 0.4180 -0.8604
vn 0.4834 0.8525 0.1990
vn 0.4567 0.8782 0.1422
vn 0.5055 0.8615 0.0485
vn 0.4643 0.8852 0.0288
vn 0.5307 0.8430 -0.0878
vn 0.4750 0.8797 -0.0237
vn 0.4946 0.7375 -0.4599
vn 0.5020 0.7997 -0.3294
vn 0.4731 0.8570 -0.2045
vn 0.4725 0.6621 -0.5817
vn 0.4605 0.7362 -0.4960
vn 0.3536 0.3677 -0.8601
vn 0.3782 0.4324 -0.8185
vn 0.4137 0.5475 -0.7274
vn 0.2538 0.1387 -0.9573
vn 0.2707 0.2605 -0.9268
vn 0.3122 0.3359 -0.8886
vn 0.4324 0.5472 0.7167
vn 0.4193 0.5723 0.7047
vn 0.4081 0.5950 0.6924
vn 0.4343 0.5866 0.6836
vn 0.4231 0.6046 0.6749
vn 0.4565 0.6258 0.6324
vn 0.4679 0.5208 0.7141
vn 0.4550 0.5364 0.7108
vn 0.4461 0.5638 0.6951
vn 0.4885 0.5546 0.6736
vn 0.4772 0.5820 0.6584
vn 0.4693 0.5991 0.6487
vn 0.5022 0.5924 0.6299
vn 0.4901 0.6152 0.6175
vn 0.4970 0.6262 0.6008
vn 0.5371 0.4758 0.6966
vn 0.5225 0.5029 0.6886
vn 0.5071 0.5241 0.6843
vn 0.5383 0.5152 0.6669
vn 0.5301 0.5387 0.6548
vn 0.5115 0.5723 0.6410
vn 0.5373 0.5556 0.6345
vn 0.5209 0.5842 0.6224
vn 0.5100 0.6042 0.6122
vn 0.5477 0.5959 0.5873
vn 0.5347 0.6127 0.5820
vn 0.5712 0.6315 0.5243
vn 0.5809 0.4075 0.7046
vn 0.5666 0.4363 0.6990
vn 0.5539 0.4634 0.6918
vn 0.5426 0.4922 0.6807
vn 0.5730 0.4742 0.6684
vn 0.5513 0.5082 0.6616
vn 0.5450 0.5308 0.6491
vn 0.5869 0.5214 0.6195
vn 0.5690 0.5413 0.6191
vn 0.5536 0.5745 0.6028
vn 0.6063 0.5561 0.5685
vn 0.5907 0.5949 0.5452
vn 0.5893 0.5987 0.5426
vn 0.6157 0.5960 0.5154
vn 0.6127 0.6096 0.5029
vn 0.6297 0.6276 0.4578
vn 0.6486 0.3502 0.6758
vn 0.6265 0.3768 0.6823
vn 0.6034 0.4225 0.6763
vn 0.5927 0.4476 0.6696
vn 0.6529 0.3925 0.6478
vn 0.6379 0.4390 0.6327
vn 0.6278 0.4482 0.6364
vn 0.6069 0.4856 0.6292
vn 0.6546 0.4610 0.5992
vn 0.6426 0.5035 0.5775
vn 0.6305 0.5165 0.5794
vn 0.6620 0.5079 0.5511
vn 0.6532 0.5258 0.5448
vn 0.6262 0.5804 0.5205
vn 0.6722 0.5435 0.5028
vn 0.6417 0.5929 0.4865
vn 0.6429 0.6014 0.4744
vn 0.6902 0.5986 0.4066
vn 0.6880 0.6044 0.4017
vn 0.7219 0.6140 0.3193
vn 0.7483 0.6206 0.2341
vn 0.6751 0.3323 0.6586
vn 0.6675 0.3471 0.6587
vn 0.7040 0.3355 0.6260
vn 0.6880 0.3707 0.6239
vn 0.6750 0.4200 0.6066
vn 0.6640 0.4332 0.6095
vn 0.7227 0.3852 0.5739
vn 0.6949 0.4171 0.5857
vn 0.6788 0.4475 0.5823
vn 0.6700 0.4900 0.5576
vn 0.7110 0.4698 0.5233
vn 0.6954 0.4999 0.5163
vn 0.6920 0.5070 0.5138
vn 0.7395 0.4987 0.4522
vn 0.7345 0.5119 0.4455
vn 0.7075 0.5572 0.4348
vn 0.7635 0.5270 0.3732
vn 0.7397 0.5729 0.3530
vn 0.7289 0.5897 0.3477
vn 0.7906 0.5334 0.3006
vn 0.7694 0.5808 0.2659
vn 0.7645 0.5773 0.2869
vn 0.8239 0.5499 0.1370
vn 0.8109 0.5600 0.1697
vn 0.7772 0.2834 0.5619
vn 0.7467 0.3372 0.5733
vn 0.8060 0.2685 0.5275
vn 0.7861 0.3418 0.5151
vn 0.7672 0.3678 0.5254
vn 0.7406 0.4141 0.5291
vn 0.8076 0.3527 0.4725
vn 0.8004 0.3688 0.4726
vn 0.7775 0.4229 0.4654
vn 0.7534 0.4701 0.4598
vn 0.8186 0.3732 0.4366
vn 0.7955 0.4460 0.4103
vn 0.7910 0.4700 0.3917
vn 0.7796 0.4873 0.3933
vn 0.8331 0.4555 0.3137
vn 0.8290 0.4662 0.3089
vn 0.8119 0.4780 0.3351
vn 0.8774 0.4369 0.1981
vn 0.8477 0.4769 0.2322
vn 0.8209 0.5345 0.2008
vn 0.9160 0.3975 0.0539
vn 0.8712 0.4855 0.0730
vn 0.8523 0.5167 0.0817
vn 0.8504 0.2339 0.4714
vn 0.8283 0.3036 0.4709
vn 0.8955 0.2282 0.3821
vn 0.8618 0.3088 0.4024
vn 0.8495 0.3255 0.4152
vn 0.9345 0.2229 0.2776
vn 0.9116 0.2702 0.3098
vn 0.8852 0.3044 0.3519
vn 0.8574 0.3862 0.3401
vn 0.9807 0.1758 0.0855
vn 0.9586 0.2231 0.1770
vn 0.9313 0.2932 0.2160
vn 0.8959 0.3840 0.2233
vn 0.8815 0.4152 0.2249
vn 0.9940 0.0700 -0.0838
vn 0.9884 0.1514 -0.0095
vn 0.9644 0.2578 0.0589
vn 0.9299 0.3525 0.1055
vn 0.9164 0.3787 0.1297
vn 0.9660 -0.0195 -0.2576
vn 0.9793 0.0889 -0.1821
vn 0.9701 0.1993 -0.1385
vn 0.9596 0.2773 -0.0478
vn 0.9461 0.3226 0.0288
vn 0.4166 0.6299 0.6554
vn 0.4450 0.6499 0.6161
vn 0.4319 0.6710 0.6026
vn 0.4611 0.6586 0.5947
vn 0.4438 0.6877 0.5745
vn 0.4552 0.7033 0.5461
vn 0.4572 0.7215 0.5200
vn 0.4887 0.7433 0.4568
vn 0.4657 0.7712 0.4339
vn 0.5012 0.7525 0.4273
vn 0.4794 0.7820 0.3983
vn 0.5112 0.8077 0.2938
vn 0.4763 0.8413 0.2556
vn 0.4718 0.6408 0.6057
vn 0.4809 0.6506 0.5878
vn 0.4692 0.6813 0.5619
vn 0.5136 0.6742 0.5308
vn 0.4985 0.7003 0.5110
vn 0.4879 0.7195 0.4943
vn 0.5262 0.7070 0.4725
vn 0.5035 0.7405 0.4451
vn 0.5397 0.7515 0.3795
vn 0.5319 0.7687 0.3553
vn 0.5759 0.7682 0.2796
vn 0.5566 0.7854 0.2708
vn 0.5196 0.6444 0.5611
vn 0.5551 0.6702 0.4927
vn 0.5449 0.6873 0.4803
vn 0.5722 0.6742 0.4669
vn 0.5637 0.6946 0.4469
vn 0.5462 0.7259 0.4180
vn 0.5974 0.7141 0.3649
vn 0.5672 0.7478 0.3451
vn 0.6163 0.7240 0.3098
vn 0.5778 0.7701 0.2704
vn 0.5883 0.6553 0.4739
vn 0.6061 0.6706 0.4277
vn 0.6049 0.6841 0.4076
vn 0.6495 0.6845 0.3310
vn 0.6405 0.6920 0.3329
vn 0.6773 0.6763 0.2897
vn 0.6705 0.6959 0.2573
vn 0.6431 0.7360 0.2115
vn 0.6591 0.6461 0.3848
vn 0.6841 0.6633 0.3034
vn 0.7195 0.6626 0.2082
vn 0.7113 0.6771 0.1888
vn 0.7753 0.6205 0.1176
vn 0.1816 -0.3749 -0.9091
vn 0.2174 -0.3268 -0.9198
vn 0.1576 -0.3455 -0.9251
vn 0.1837 -0.2968 -0.9371
vn 0.2129 -0.2566 -0.9428
vn 0.2350 -0.2116 -0.9487
vn 0.2583 -0.1719 -0.9506
vn 0.2977 -0.0685 -0.9522
vn 0.3192 0.0241 -0.9474
vn 0.3598 0.1045 -0.9272
vn 0.2216 -0.1439 -0.9645
vn 0.2395 -0.0804 -0.9676
vn 0.2785 0.0060 -0.9604
vn 0.3111 0.0671 -0.9480
vn 0.2539 -0.3478 -0.9025
vn 0.2848 -0.3007 -0.9102
vn 0.2973 -0.2701 -0.9158
vn 0.2566 -0.2785 -0.9255
vn 0.2668 -0.2464 -0.9317
vn 0.2825 -0.1856 -0.9411
vn 0.3241 -0.1339 -0.9365
vn 0.3662 -0.0549 -0.9289
vn 0.3761 0.0408 -0.9257
vn 0.4069 0.1450 -0.9019
vn 0.3360 -0.3545 -0.8726
vn 0.3067 -0.3294 -0.8930
vn 0.3262 -0.2791 -0.9032
vn 0.3595 -0.2471 -0.8998
vn 0.3953 -0.1895 -0.8988
vn 0.5530 0.1421 -0.8210
vn 0.5687 0.2236 -0.7916
vn 0.3223 -0.2284 -0.9187
vn 0.3410 -0.1550 -0.9272
vn 0.3658 -0.0816 -0.9271
vn 0.4100 -0.0231 -0.9118
vn 0.4518 0.0752 -0.8890
vn 0.4717 0.1813 -0.8629
vn 0.3983 -0.3325 -0.8549
vn 0.4376 -0.2770 -0.8554
vn 0.6945 0.3716 -0.6161
vn 0.3580 -0.3136 -0.8795
vn 0.3855 -0.2432 -0.8901
vn 0.4225 -0.1986 -0.8843
vn 0.4688 -0.1482 -0.8708
vn 0.4991 -0.0503 -0.8651
vn 0.5445 0.0569 -0.8368
vn 0.5908 0.1494 -0.7929
vn 0.6269 0.2644 -0.7329
vn 0.4177 -0.1187 -0.9008
vn 0.4249 -0.0507 -0.9038
vn 0.4640 0.0075 -0.8858
vn 0.5125 0.0756 -0.8554
vn 0.8068 0.5487 -0.2190
vn 0.5204 -0.2940 -0.8017
vn 0.7970 0.4939 -0.3475
vn 0.4813 -0.2896 -0.8273
vn 0.5077 -0.2382 -0.8280
vn 0.5386 -0.1550 -0.8282
vn 0.6019 -0.0592 -0.7964
vn 0.6590 0.0151 -0.7520
vn 0.6836 0.1228 -0.7194
vn 0.7080 0.2516 -0.6599
vn 0.7378 0.3888 -0.5517
vn 0.4617 -0.2111 -0.8616
vn 0.4714 -0.1614 -0.8670
vn 0.5208 -0.1098 -0.8466
vn 0.5758 -0.0150 -0.8175
vn 0.5991 0.1001 -0.7944
vn 0.6321 0.1855 -0.7524
vn 0.6617 0.2808 -0.6952
vn 0.8645 0.5023 -0.0155
vn 0.8338 0.5519 0.0147
vn 0.8663 0.3474 -0.3589
vn 0.8593 0.4604 -0.2229
vn 0.8386 0.5165 -0.1733
vn 0.5778 -0.2475 -0.7778
vn 0.6530 -0.1797 -0.7357
vn 0.7051 -0.1049 -0.7013
vn 0.7310 0.0153 -0.6822
vn 0.7767 0.1357 -0.6151
vn 0.8108 0.2563 -0.5262
vn 0.8365 0.3480 -0.4233
vn 0.8248 0.4624 -0.3254
vn 0.5529 -0.2562 -0.7929
vn 0.5847 -0.2164 -0.7819
vn 0.6221 -0.1225 -0.7733
vn 0.6519 -0.0077 -0.7583
vn 0.7006 0.0561 -0.7114
vn 0.7658 0.1741 -0.6191
vn 0.7918 0.2613 -0.5521
vn 0.7737 0.4016 -0.4900
vn 0.9123 0.3750 -0.1647
vn 0.8971 0.4273 -0.1124
vn 0.8816 0.4709 -0.0335
vn 0.7461 -0.1638 -0.6454
vn 0.7836 -0.0907 -0.6146
vn 0.8387 -0.0009 -0.5445
vn 0.8674 0.1111 -0.4850
vn 0.8823 0.2797 -0.3786
vn 0.9075 0.3238 -0.2678
vn 0.8908 0.4208 -0.1713
vn 0.6781 -0.1818 -0.7121
vn 0.7269 -0.1218 -0.6759
vn 0.7706 -0.0682 -0.6336
vn 0.8161 0.0506 -0.5757
vn 0.8398 0.1798 -0.5122
vn 0.8553 0.2515 -0.4529
vn 0.9020 -0.1014 -0.4196
vn 0.9271 0.0283 -0.3738
vn 0.9511 0.1127 -0.2877
vn 0.9691 0.1732 -0.1756
vn 0.9540 0.2741 -0.1215
vn 0.8261 -0.1186 -0.5509
vn 0.8632 -0.0386 -0.5034
vn 0.9047 0.0419 -0.4239
vn 0.9257 0.1125 -0.3612
vn 0.9189 0.2378 -0.3147
vn 0.5356 0.8239 0.1853
vn 0.4837 0.8557 0.1838
vn 0.5565 0.8301 0.0335
vn 0.4982 0.8662 0.0383
vn 0.5687 0.8104 -0.1409
vn 0.5153 0.8501 -0.1088
vn 0.5385 0.7602 -0.3633
vn 0.5220 0.8079 -0.2736
vn 0.4861 0.5712 -0.6614
vn 0.4674 0.6730 -0.5732
vn 0.4265 0.1942 -0.8834
vn 0.4295 0.3402 -0.8366
vn 0.4167 0.4718 -0.7770
vn 0.4295 0.5684 -0.7018
vn 0.3478 0.1300 -0.9285
vn 0.3552 0.2505 -0.9006
vn 0.5930 0.7754 0.2170
vn 0.5821 0.7939 0.1757
vn 0.6074 0.7942 0.0189
vn 0.6514 0.7215 -0.2348
vn 0.6116 0.7772 -0.1481
vn 0.6473 0.6607 -0.3801
vn 0.5992 0.7372 -0.3123
vn 0.5666 0.4734 -0.6744
vn 0.5824 0.5578 -0.5914
vn 0.5583 0.6566 -0.5072
vn 0.4375 0.2400 -0.8666
vn 0.4823 0.3627 -0.7974
vn 0.4953 0.4617 -0.7359
vn 0.6224 0.7691 0.1449
vn 0.6210 0.7758 0.1119
vn 0.6510 0.7589 -0.0139
vn 0.6341 0.7732 -0.0020
vn 0.6812 0.6565 -0.3241
vn 0.6613 0.7217 -0.2047
vn 0.6462 0.7566 -0.1003
vn 0.6713 0.5934 -0.4442
vn 0.6602 0.6528 -0.3714
vn 0.5963 0.3350 -0.7295
vn 0.6112 0.4865 -0.6243
vn 0.6226 0.5701 -0.5360
vn 0.5077 0.2545 -0.8231
vn 0.5282 0.3724 -0.7631
vn 0.7044 0.7029 0.0985
vn 0.6645 0.7408 0.0987
vn 0.7268 0.6856 -0.0425
vn 0.6810 0.7320 -0.0182
vn 0.7402 0.5609 -0.3707
vn 0.7162 0.6451 -0.2663
vn 0.6865 0.7072 -0.1691
vn 0.7141 0.4729 -0.5162
vn 0.7034 0.5666 -0.4292
vn 0.6635 0.3707 -0.6499
vn 0.6526 0.4976 -0.5715
vn 0.7547 0.6542 0.0488
vn 0.7394 0.6707 0.0586
vn 0.7824 0.6136 -0.1066
vn 0.7629 0.6453 -0.0385
vn 0.8005 0.5237 -0.2915
vn 0.7629 0.6178 -0.1907
vn 0.7538 0.4609 -0.4683
vn 0.7871 0.6163 0.0243
vn 0.7971 0.5996 -0.0718
vn 0.9746 0.1542 0.1625
vn 0.9936 0.1131 0.0037
vn 0.9964 0.0710 -0.0457
s 1
f 8//8 5//5 6//6
f 10//10 7//7 8//8
f 10//10 1//1 2//2
f 11//11 10//10 12//12
f 3//3 10//10 2//2
f 17//17 14//14 15//15
f 17//17 5//5 16//16
f 17//17 4//4 6//6
f 18//18 5//5 7//7
f 19//19 7//7 9//9
f 11//11 19//19 9//9
f 21//21 11//11 12//12
f 27//27 23//23 24//24
f 28//28 24//24 25//25
f 28//28 14//14 27//27
f 28//28 13//13 15//15
f 30//30 26//26 27//27
f 30//30 14//14 16//16
f 31//31 30//30 32//32
f 18//18 30//30 16//16
f 34//34 31//31 32//32
f 34//34 18//18 19//19
f 36//36 33//33 34//34
f 36//36 19//19 20//20
f 40//40 23//23 39//39
f 41//41 37//37 38//38
f 41//41 24//24 40//40
f 41//41 22//22 25//25
f 26//26 39//39 23//23
f 45//45 42//42 43//43
f 45//45 26//26 29//29
f 46//46 45//45 47//47
f 47//47 29//29 31//31
f 49//49 46//46 47//47
f 33//33 47//47 31//31
f 50//50 49//49 51//51
f 35//35 49//49 33//33
f 57//57 52//52 53//53
f 57//57 54//54 58//58
f 60//60 55//55 56//56
f 60//60 57//57 61//61
f 61//61 58//58 62//62
f 70//70 63//63 64//64
f 70//70 65//65 71//71
f 72//72 65//65 66//66
f 72//72 52//52 71//71
f 73//73 66//66 67//67
f 54//54 72//72 73//73
f 75//75 68//68 69//69
f 75//75 70//70 76//76
f 77//77 70//70 71//71
f 77//77 55//55 76//76
f 77//77 52//52 56//56
f 78//78 75//75 79//79
f 80//80 75//75 76//76
f 80//80 55//55 59//59
f 89//89 81//81 82//82
f 90//90 82//82 83//83
f 90//90 63//63 89//89
f 91//91 83//83 84//84
f 65//65 90//90 91//91
f 92//92 84//84 85//85
f 92//92 65//65 91//91
f 92//92 86//86 93//93
f 67//67 92//92 93//93
f 95//95 87//87 88//88
f 96//96 88//88 89//89
f 96//96 68//68 95//95
f 96//96 63//63 69//69
f 98//98 94//94 95//95
f 98//98 68//68 74//74
f 99//99 98//98 100//100
f 78//78 98//98 74//74
f 109//109 101//101 102//102
f 109//109 81//81 108//108
f 109//109 103//103 110//110
f 110//110 82//82 109//109
f 111//111 103//103 104//104
f 84//84 110//110 111//111
f 111//111 105//105 112//112
f 85//85 111//111 112//112
f 113//113 85//85 112//112
f 115//115 106//106 107//107
f 116//116 107//107 108//108
f 116//116 87//87 115//115
f 116//116 81//81 88//88
f 117//117 86//86 113//113
f 119//119 114//114 115//115
f 119//119 87//87 94//94
f 120//120 1//1 118//118
f 120//120 119//119 121//121
f 97//97 119//119 94//94
f 3//3 120//120 122//122
f 123//123 120//120 121//121
f 123//123 97//97 99//99
f 127//127 101//101 126//126
f 128//128 102//102 127//127
f 129//129 103//103 128//128
f 105//105 129//129 130//130
f 133//133 124//124 125//125
f 133//133 106//106 132//132
f 134//134 125//125 126//126
f 134//134 107//107 133//133
f 134//134 101//101 108//108
f 135//135 105//105 130//130
f 135//135 131//131 136//136
f 113//113 135//135 136//136
f 137//137 4//4 132//132
f 137//137 106//106 114//114
f 138//138 6//6 137//137
f 138//138 1//1 8//8
f 138//138 114//114 118//118
f 139//139 3//3 122//122
f 147//147 140//140 141//141
f 147//147 124//124 146//146
f 147//147 142//142 148//148
f 148//148 125//125 147//147
f 148//148 143//143 149//149
f 127//127 148//148 149//149
f 150//150 143//143 144//144
f 128//128 149//149 150//150
f 150//150 145//145 151//151
f 129//129 150//150 151//151
f 152//152 129//129 151//151
f 131//131 152//152 153//153
f 154//154 13//13 146//146
f 154//154 4//4 15//15
f 154//154 124//124 132//132
f 156//156 140//140 155//155
f 157//157 141//141 156//156
f 158//158 142//142 157//157
f 144//144 158//158 159//159
f 145//145 159//159 160//160
f 163//163 22//22 155//155
f 163//163 13//13 25//25
f 163//163 140//140 146//146
f 164//164 145//145 160//160
f 164//164 161//161 165//165
f 152//152 164//164 165//165
f 165//165 162//162 166//166
f 153//153 165//165 166//166
f 167//167 22//22 38//38
f 156//156 167//167 168//168
f 157//157 168//168 169//169
f 170//170 157//157 169//169
f 171//171 158//158 170//170
f 172//172 159//159 171//171
f 161//161 172//172 173//173
f 162//162 173//173 174//174
f 175//175 162//162 174//174
f 181//181 176//176 180//180
f 185//185 179//179 184//184
f 186//186 182//182 183//183
f 186//186 180//180 185//185
f 186//186 178//178 181//181
f 188//188 182//182 187//187
f 190//190 184//184 189//189
f 190//190 182//182 185//185
f 193//193 187//187 192//192
f 195//195 191//191 192//192
f 195//195 189//189 194//194
f 195//195 187//187 190//190
f 198//198 191//191 197//197
f 193//193 198//198 199//199
f 200//200 191//191 194//194
f 204//204 37//37 203//203
f 207//207 202//202 203//203
f 207//207 39//39 206//206
f 207//207 37//37 40//40
f 209//209 205//205 206//206
f 209//209 42//42 208//208
f 209//209 39//39 43//43
f 210//210 42//42 44//44
f 211//211 44//44 46//46
f 212//212 46//46 48//48
f 50//50 212//212 48//48
f 214//214 50//50 51//51
f 219//219 202//202 218//218
f 220//220 215//215 216//216
f 220//220 203//203 219//219
f 220//220 201//201 204//204
f 222//222 217//217 218//218
f 222//222 205//205 221//221
f 222//222 202//202 206//206
f 224//224 205//205 208//208
f 226//226 223//223 224//224
f 226//226 208//208 210//210
f 227//227 226//226 228//228
f 211//211 226//226 210//210
f 230//230 227//227 228//228
f 212//212 228//228 211//211
f 231//231 230//230 232//232
f 213//213 230//230 212//212
f 234//234 215//215 233//233
f 236//236 217//217 235//235
f 237//237 218//218 236//236
f 237//237 215//215 219//219
f 239//239 217//217 221//221
f 241//241 238//238 239//239
f 241//241 223//223 240//240
f 241//241 221//221 224//224
f 242//242 223//223 225//225
f 243//243 225//225 227//227
f 229//229 243//243 227//227
f 231//231 244//244 229//229
f 246//246 231//231 232//232
f 249//249 233//233 248//248
f 236//236 250//250 251//251
f 252//252 247//247 248//248
f 252//252 236//236 251//251
f 252//252 233//233 237//237
f 254//254 238//238 253//253
f 254//254 235//235 239//239
f 256//256 238//238 240//240
f 258//258 255//255 256//256
f 242//242 256//256 240//240
f 259//259 258//258 260//260
f 260//260 242//242 243//243
f 261//261 260//260 262//262
f 244//244 260//260 243//243
f 263//263 244//244 245//245
f 265//265 247//247 264//264
f 249//249 265//265 266//266
f 269//269 250//250 268//268
f 269//269 247//247 251//251
f 271//271 267//267 268//268
f 271//271 253//253 270//270
f 271//271 250//250 254//254
f 273//273 255//255 272//272
f 273//273 253//253 256//256
f 274//274 255//255 257//257
f 275//275 257//257 259//259
f 261//261 275//275 259//259
f 277//277 261//261 262//262
f 278//278 277//277 279//279
f 263//263 277//277 262//262
f 281//281 264//264 280//280
f 266//266 281//281 282//282
f 284//284 267//267 283//283
f 269//269 284//284 285//285
f 269//269 280//280 264//264
f 287//287 267//267 270//270
f 289//289 286//286 287//287
f 289//289 272//272 288//288
f 289//289 270//270 273//273
f 290//290 272//272 274//274
f 275//275 290//290 274//274
f 292//292 275//275 276//276
f 278//278 292//292 276//276
f 294//294 278//278 279//279
f 296//296 280//280 295//295
f 297//297 281//281 296//296
f 284//284 298//298 299//299
f 285//285 299//299 300//300
f 285//285 295//295 280//280
f 302//302 286//286 301//301
f 302//302 283//283 287//287
f 303//303 286//286 288//288
f 290//290 303//303 288//288
f 291//291 304//304 290//290
f 306//306 291//291 292//292
f 307//307 292//292 293//293
f 296//296 308//308 309//309
f 310//310 296//296 309//309
f 312//312 298//298 311//311
f 300//300 312//312 313//313
f 313//313 295//295 300//300
f 302//302 314//314 315//315
f 315//315 298//298 302//302
f 303//303 314//314 301//301
f 304//304 316//316 303//303
f 305//305 317//317 304//304
f 319//319 305//305 306//306
f 320//320 306//306 307//307
f 327//327 201//201 321//321
f 167//167 204//204 327//327
f 327//327 322//322 328//328
f 328//328 167//167 327//327
f 328//328 323//323 329//329
f 329//329 168//168 328//328
f 330//330 323//323 324//324
f 170//170 329//329 330//330
f 330//330 325//325 331//331
f 171//171 330//330 331//331
f 332//332 171//171 331//331
f 333//333 172//172 332//332
f 174//174 333//333 334//334
f 335//335 201//201 216//216
f 336//336 321//321 335//335
f 337//337 322//322 336//336
f 324//324 337//337 338//338
f 325//325 338//338 339//339
f 343//343 325//325 339//339
f 343//343 340//340 344//344
f 332//332 343//343 344//344
f 344//344 341//341 345//345
f 345//345 332//332 344//344
f 346//346 341//341 342//342
f 346//346 333//333 345//345
f 346//346 326//326 334//334
f 347//347 216//216 234//234
f 336//336 347//347 348//348
f 349//349 336//336 348//348
f 350//350 337//337 349//349
f 339//339 350//350 351//351
f 340//340 351//351 352//352
f 341//341 352//352 353//353
f 354//354 176//176 177//177
f 354//354 341//341 353//353
f 347//347 249//249 355//355
f 348//348 355//355 356//356
f 357//357 348//348 356//356
f 358//358 349//349 357//357
f 359//359 350//350 358//358
f 352//352 359//359 360//360
f 361//361 179//179 180//180
f 361//361 352//352 360//360
f 361//361 176//176 353//353
f 355//355 266//266 362//362
f 356//356 362//362 363//363
f 364//364 356//356 363//363
f 365//365 357//357 364//364
f 366//366 358//358 365//365
f 367//367 359//359 366//366
f 367//367 179//179 360//360
f 362//362 282//282 368//368
f 369//369 362//362 368//368
f 364//364 369//369 370//370
f 365//365 370//370 371//371
f 366//366 371//371 372//372
f 373//373 366//366 372//372
f 367//367 189//189 184//184
f 374//374 282//282 297//297
f 369//369 374//374 375//375
f 370//370 375//375 376//376
f 371//371 376//376 377//377
f 378//378 371//371 377//377
f 379//379 372//372 378//378
f 379//379 189//189 373//373
f 380//380 297//297 310//310
f 375//375 380//380 381//381
f 376//376 381//381 382//382
f 377//377 382//382 383//383
f 384//384 377//377 383//383
f 385//385 378//378 384//384
f 379//379 200//200 194//194
f 387//387 383//383 386//386
f 58//58 388//388 389//389
f 392//392 58//58 389//389
f 392//392 390//390 393//393
f 393//393 391//391 394//394
f 73//73 397//397 398//398
f 388//388 73//73 398//398
f 402//402 388//388 398//398
f 402//402 399//399 403//403
f 390//390 402//402 403//403
f 403//403 400//400 404//404
f 391//391 403//403 404//404
f 404//404 401//401 405//405
f 407//407 391//391 404//404
f 407//407 405//405 408//408
f 395//395 407//407 408//408
f 408//408 406//406 409//409
f 396//396 408//408 409//409
f 397//397 93//93 411//411
f 414//414 397//397 411//411
f 414//414 412//412 415//415
f 399//399 414//414 415//415
f 415//415 413//413 416//416
f 400//400 415//415 416//416
f 401//401 416//416 417//417
f 419//419 401//401 417//417
f 419//419 418//418 420//420
f 406//406 419//419 420//420
f 422//422 406//406 420//420
f 422//422 421//421 423//423
f 410//410 422//422 423//423
f 117//117 425//425 427//427
f 411//411 117//117 427//427
f 427//427 426//426 428//428
f 412//412 427//427 428//428
f 413//413 428//428 429//429
f 431//431 413//413 429//429
f 431//431 430//430 432//432
f 417//417 431//431 432//432
f 418//418 432//432 433//433
f 435//435 418//418 433//433
f 435//435 434//434 436//436
f 421//421 435//435 436//436
f 438//438 421//421 436//436
f 438//438 437//437 439//439
f 424//424 438//438 439//439
f 136//136 441//441 442//442
f 425//425 136//136 442//442
f 426//426 442//442 443//443
f 445//445 426//426 443//443
f 445//445 444//444 446//446
f 429//429 445//445 446//446
f 430//430 446//446 447//447
f 449//449 430//430 447//447
f 449//449 448//448 450//450
f 433//433 449//449 450//450
f 434//434 450//450 451//451
f 452//452 434//434 451//451
f 437//437 452//452 453//453
f 455//455 437//437 453//453
f 455//455 454//454 456//456
f 440//440 455//455 456//456
f 441//441 153//153 457//457
f 459//459 441//441 457//457
f 459//459 458//458 460//460
f 443//443 459//459 460//460
f 444//444 460//460 461//461
f 463//463 444//444 461//461
f 463//463 462//462 464//464
f 447//447 463//463 464//464
f 448//448 464//464 465//465
f 467//467 448//448 465//465
f 467//467 466//466 468//468
f 451//451 467//467 468//468
f 470//470 451//451 468//468
f 470//470 469//469 471//471
f 453//453 470//470 471//471
f 454//454 471//471 472//472
f 473//473 454//454 472//472
f 474//474 153//153 166//166
f 458//458 474//474 475//475
f 476//476 458//458 475//475
f 477//477 460//460 476//476
f 462//462 477//477 478//478
f 479//479 462//462 478//478
f 465//465 479//479 480//480
f 466//466 480//480 481//481
f 482//482 466//466 481//481
f 469//469 482//482 483//483
f 484//484 469//469 483//483
f 472//472 484//484 485//485
f 486//486 472//472 485//485
f 175//175 487//487 488//488
f 474//474 175//175 488//488
f 475//475 488//488 489//489
f 491//491 475//475 489//489
f 491//491 490//490 492//492
f 477//477 491//491 492//492
f 478//478 492//492 493//493
f 495//495 478//478 493//493
f 495//495 494//494 496//496
f 480//480 495//495 496//496
f 497//497 480//480 496//496
f 482//482 497//497 498//498
f 483//483 498//498 499//499
f 501//501 483//483 499//499
f 501//501 500//500 502//502
f 485//485 501//501 502//502
f 503//503 473//473 504//504
f 486//486 505//505 506//506
f 504//504 486//486 506//506
f 505//505 502//502 508//508
f 509//509 505//505 508//508
f 507//507 509//509 510//510
f 181//181 513//513 514//514
f 514//514 177//177 181//181
f 512//512 514//514 515//515
f 513//513 183//183 517//517
f 519//519 513//513 517//517
f 519//519 518//518 520//520
f 515//515 519//519 520//520
f 516//516 520//520 521//521
f 517//517 188//188 522//522
f 518//518 522//522 523//523
f 524//524 518//518 523//523
f 521//521 524//524 525//525
f 526//526 188//188 193//193
f 523//523 526//526 527//527
f 529//529 523//523 527//527
f 529//529 528//528 530//530
f 525//525 529//529 530//530
f 199//199 531//531 532//532
f 532//532 193//193 199//199
f 533//533 526//526 532//532
f 528//528 533//533 534//534
f 535//535 528//528 534//534
f 334//334 536//536 537//537
f 487//487 334//334 537//537
f 539//539 487//487 537//537
f 539//539 538//538 540//540
f 489//489 539//539 540//540
f 490//490 540//540 541//541
f 542//542 490//490 541//541
f 493//493 542//542 543//543
f 494//494 543//543 544//544
f 545//545 494//494 544//544
f 497//497 545//545 546//546
f 498//498 546//546 547//547
f 548//548 498//498 547//547
f 500//500 548//548 549//549
f 550//550 500//500 549//549
f 536//536 342//342 551//551
f 553//553 536//536 551//551
f 553//553 552//552 554//554
f 538//538 553//553 554//554
f 556//556 538//538 554//554
f 556//556 555//555 557//557
f 541//541 556//556 557//557
f 559//559 541//541 557//557
f 559//559 558//558 560//560
f 543//543 559//559 560//560
f 561//561 543//543 560//560
f 545//545 561//561 562//562
f 546//546 562//562 563//563
f 565//565 546//546 563//563
f 565//565 564//564 566//566
f 548//548 565//565 566//566
f 567//567 548//548 566//566
f 550//550 567//567 568//568
f 354//354 511//511 569//569
f 569//569 342//342 354//354
f 569//569 512//512 570//570
f 552//552 569//569 570//570
f 572//572 552//552 570//570
f 572//572 571//571 573//573
f 555//555 572//572 573//573
f 575//575 555//555 573//573
f 575//575 574//574 576//576
f 558//558 575//575 576//576
f 577//577 558//558 576//576
f 561//561 577//577 578//578
f 562//562 578//578 579//579
f 580//580 562//562 579//579
f 564//564 580//580 581//581
f 582//582 564//564 581//581
f 567//567 582//582 583//583
f 568//568 583//583 584//584
f 585//585 512//512 515//515
f 585//585 516//516 586//586
f 571//571 585//585 586//586
f 587//587 571//571 586//586
f 574//574 587//587 588//588
f 589//589 574//574 588//588
f 577//577 589//589 590//590
f 591//591 577//577 590//590
f 579//579 591//591 592//592
f 580//580 592//592 593//593
f 594//594 580//580 593//593
f 582//582 594//594 595//595
f 583//583 595//595 596//596
f 584//584 596//596 597//597
f 598//598 516//516 521//521
f 600//600 586//586 598//598
f 600//600 599//599 601//601
f 588//588 600//600 601//601
f 589//589 601//601 602//602
f 604//604 589//589 602//602
f 604//604 603//603 605//605
f 591//591 604//604 605//605
f 606//606 591//591 605//605
f 593//593 606//606 607//607
f 608//608 593//593 607//607
f 609//609 594//594 608//608
f 610//610 595//595 609//609
f 611//611 596//596 610//610
f 612//612 521//521 525//525
f 599//599 612//612 613//613
f 614//614 599//599 613//613
f 602//602 614//614 615//615
f 603//603 615//615 616//616
f 617//617 603//603 616//616
f 606//606 617//617 618//618
f 607//607 618//618 619//619
f 620//620 607//607 619//619
f 621//621 620//620 619//619
f 609//609 620//620 622//622
f 623//623 609//609 622//622
f 624//624 610//610 623//623
f 625//625 525//525 530//530
f 626//626 612//612 625//625
f 627//627 613//613 626//626
f 628//628 614//614 627//627
f 629//629 615//615 628//628
f 630//630 616//616 629//629
f 618//618 630//630 631//631
f 632//632 618//618 631//631
f 621//621 632//632 633//633
f 634//634 621//621 633//633
f 623//623 634//634 635//635
f 636//636 623//623 635//635
f 625//625 535//535 637//637
f 638//638 625//625 637//637
f 639//639 626//626 638//638
f 640//640 627//627 639//639
f 641//641 628//628 640//640
f 642//642 629//629 641//641
f 631//631 642//642 643//643
f 644//644 631//631 643//643
f 645//645 632//632 644//644
f 634//634 645//645 646//646
f 635//635 646//646 647//647
f 648//648 635//635 647//647
f 508//508 550//550 649//649
f 509//509 649//649 650//650
f 510//510 650//650 651//651
f 649//649 568//568 652//652
f 650//650 652//652 653//653
f 651//651 653//653 654//654
f 652//652 584//584 655//655
f 653//653 655//655 656//656
f 654//654 656//656 657//657
f 655//655 597//597 658//658
f 656//656 658//658 659//659
f 657//657 659//659 660//660
f 661//661 597//597 611//611
f 659//659 661//661 662//662
f 663//663 659//659 662//662
f 664//664 611//611 624//624
f 665//665 661//661 664//664
f 666//666 662//662 665//665
f 667//667 624//624 636//636
f 668//668 664//664 667//667
f 669//669 665//665 668//668
f 670//670 636//636 648//648
f 671//671 667//667 670//670
f 672//672 668//668 671//671
f 675//675 21//21 676//676
f 673//673 21//21 12//12
f 677//677 676//676 678//678
f 674//674 676//676 673//673
f 680//680 36//36 681//681
f 675//675 36//36 20//20
f 677//677 681//681 675//675
f 683//683 677//677 678//678
f 684//684 683//683 685//685
f 679//679 683//683 678//678
f 680//680 51//51 35//35
f 688//688 680//680 681//681
f 689//689 688//688 690//690
f 682//682 688//688 681//681
f 684//684 690//690 682//682
f 692//692 684//684 685//685
f 693//693 692//692 694//694
f 686//686 692//692 685//685
f 696//696 60//60 697//697
f 698//698 60//60 61//61
f 698//698 62//62 699//699
f 700//700 698//698 701//701
f 702//702 698//698 699//699
f 703//703 701//701 704//704
f 705//705 701//701 702//702
f 706//706 705//705 707//707
f 709//709 79//79 710//710
f 710//710 80//80 711//711
f 696//696 80//80 59//59
f 712//712 696//696 697//697
f 713//713 711//711 714//714
f 714//714 712//712 715//715
f 700//700 712//712 697//697
f 716//716 714//714 717//717
f 717//717 715//715 718//718
f 703//703 715//715 700//700
f 719//719 703//703 704//704
f 720//720 718//718 721//721
f 721//721 719//719 722//722
f 706//706 719//719 704//704
f 723//723 706//706 707//707
f 724//724 722//722 725//725
f 725//725 723//723 726//726
f 708//708 723//723 707//707
f 727//727 726//726 728//728
f 729//729 100//100 730//730
f 709//709 100//100 78//78
f 731//731 709//709 710//710
f 732//732 730//730 733//733
f 733//733 731//731 734//734
f 713//713 731//731 710//710
f 735//735 734//734 736//736
f 716//716 734//734 713//713
f 737//737 716//716 717//717
f 738//738 737//737 739//739
f 720//720 737//737 717//717
f 740//740 720//720 721//721
f 741//741 740//740 742//742
f 724//724 740//740 721//721
f 743//743 724//724 725//725
f 744//744 743//743 745//745
f 727//727 743//743 725//725
f 746//746 727//727 728//728
f 747//747 746//746 748//748
f 749//749 123//123 750//750
f 750//750 99//99 729//729
f 751//751 750//750 752//752
f 732//732 750//750 729//729
f 753//753 732//732 733//733
f 754//754 753//753 755//755
f 735//735 753//753 733//733
f 756//756 735//735 736//736
f 757//757 756//756 758//758
f 738//738 756//756 736//736
f 759//759 738//738 739//739
f 760//760 758//758 761//761
f 761//761 759//759 762//762
f 741//741 759//759 739//739
f 763//763 741//741 742//742
f 764//764 763//763 765//765
f 744//744 763//763 742//742
f 766//766 744//744 745//745
f 767//767 766//766 768//768
f 747//747 766//766 745//745
f 769//769 747//747 748//748
f 770//770 769//769 771//771
f 673//673 139//139 772//772
f 749//749 139//139 122//122
f 674//674 772//772 773//773
f 751//751 772//772 749//749
f 774//774 751//751 752//752
f 775//775 774//774 776//776
f 754//754 774//774 752//752
f 777//777 754//754 755//755
f 778//778 777//777 779//779
f 757//757 777//777 755//755
f 780//780 779//779 781//781
f 760//760 779//779 757//757
f 782//782 760//760 761//761
f 783//783 761//761 762//762
f 784//784 783//783 785//785
f 764//764 783//783 762//762
f 786//786 764//764 765//765
f 787//787 786//786 788//788
f 767//767 786//786 765//765
f 789//789 767//767 768//768
f 790//790 789//789 791//791
f 770//770 789//789 768//768
f 792//792 770//770 771//771
f 793//793 674//674 773//773
f 679//679 793//793 794//794
f 775//775 793//793 773//773
f 795//795 775//775 776//776
f 796//796 795//795 797//797
f 778//778 795//795 776//776
f 780//780 797//797 778//778
f 799//799 780//780 781//781
f 800//800 781//781 782//782
f 801//801 800//800 802//802
f 784//784 800//800 782//782
f 803//803 784//784 785//785
f 804//804 803//803 805//805
f 787//787 803//803 785//785
f 806//806 787//787 788//788
f 807//807 806//806 808//808
f 790//790 806//806 788//788
f 809//809 790//790 791//791
f 810//810 791//791 792//792
f 811//811 679//679 794//794
f 686//686 811//811 812//812
f 796//796 811//811 794//794
f 813//813 796//796 797//797
f 814//814 813//813 815//815
f 798//798 813//813 797//797
f 816//816 798//798 799//799
f 817//817 816//816 818//818
f 801//801 816//816 799//799
f 819//819 801//801 802//802
f 820//820 819//819 821//821
f 804//804 819//819 802//802
f 822//822 804//804 805//805
f 823//823 822//822 824//824
f 807//807 822//822 805//805
f 825//825 807//807 808//808
f 826//826 808//808 809//809
f 827//827 686//686 812//812
f 695//695 827//827 828//828
f 814//814 827//827 812//812
f 829//829 814//814 815//815
f 830//830 829//829 831//831
f 817//817 829//829 815//815
f 832//832 817//817 818//818
f 833//833 832//832 834//834
f 820//820 832//832 818//818
f 835//835 820//820 821//821
f 836//836 835//835 837//837
f 823//823 835//835 821//821
f 838//838 823//823 824//824
f 839//839 824//824 825//825
f 841//841 810//810 842//842
f 840//840 810//810 792//792
f 844//844 826//826 845//845
f 841//841 826//826 809//809
f 846//846 841//841 842//842
f 847//847 846//846 848//848
f 843//843 846//846 842//842
f 849//849 839//839 850//850
f 844//844 839//839 825//825
f 851//851 844//844 845//845
f 852//852 851//851 853//853
f 847//847 851//851 845//845
f 854//854 847//847 848//848
f 856//856 214//214 857//857
f 687//687 214//214 51//51
f 689//689 857//857 687//687
f 859//859 689//689 690//690
f 860//860 859//859 861//861
f 691//691 859//859 690//690
f 693//693 861//861 691//691
f 863//863 693//693 694//694
f 695//695 863//863 694//694
f 856//856 232//232 213//213
f 866//866 856//856 857//857
f 867//867 866//866 868//868
f 858//858 866//866 857//857
f 860//860 868//868 858//858
f 870//870 860//860 861//861
f 871//871 870//870 872//872
f 862//862 870//870 861//861
f 873//873 862//862 863//863
f 874//874 873//873 875//875
f 864//864 873//873 863//863
f 877//877 246//246 878//878
f 865//865 246//246 232//232
f 867//867 878//878 865//865
f 880//880 867//867 868//868
f 881//881 880//880 882//882
f 869//869 880//880 868//868
f 871//871 882//882 869//869
f 884//884 871//871 872//872
f 874//874 884//884 872//872
f 886//886 874//874 875//875
f 876//876 886//886 875//875
f 877//877 263//263 245//245
f 889//889 877//877 878//878
f 890//890 889//889 891//891
f 879//879 889//889 878//878
f 881//881 891//891 879//879
f 893//893 881//881 882//882
f 883//883 893//893 882//882
f 895//895 883//883 884//884
f 896//896 895//895 897//897
f 885//885 895//895 884//884
f 898//898 885//885 886//886
f 899//899 898//898 900//900
f 887//887 898//898 886//886
f 902//902 263//263 888//888
f 890//890 902//902 888//888
f 904//904 890//890 891//891
f 892//892 904//904 891//891
f 906//906 892//892 893//893
f 907//907 906//906 908//908
f 894//894 906//906 893//893
f 896//896 908//908 894//894
f 910//910 896//896 897//897
f 899//899 910//910 897//897
f 912//912 899//899 900//900
f 901//901 912//912 900//900
f 914//914 294//294 915//915
f 902//902 294//294 279//279
f 903//903 915//915 902//902
f 917//917 903//903 904//904
f 918//918 917//917 919//919
f 905//905 917//917 904//904
f 907//907 919//919 905//905
f 921//921 907//907 908//908
f 909//909 921//921 908//908
f 923//923 909//909 910//910
f 924//924 923//923 925//925
f 911//911 923//923 910//910
f 926//926 911//911 912//912
f 927//927 926//926 928//928
f 913//913 926//926 912//912
f 914//914 307//307 293//293
f 931//931 914//914 915//915
f 916//916 931//931 915//915
f 918//918 932//932 916//916
f 934//934 918//918 919//919
f 920//920 934//934 919//919
f 936//936 920//920 921//921
f 937//937 936//936 938//938
f 922//922 936//936 921//921
f 924//924 938//938 922//922
f 940//940 924//924 925//925
f 927//927 940//940 925//925
f 942//942 927//927 928//928
f 929//929 942//942 928//928
f 930//930 320//320 307//307
f 945//945 930//930 931//931
f 946//946 945//945 947//947
f 932//932 945//945 931//931
f 933//933 947//947 932//932
f 949//949 933//933 934//934
f 950//950 949//949 951//951
f 935//935 949//949 934//934
f 937//937 951//951 935//935
f 953//953 937//937 938//938
f 939//939 953//953 938//938
f 940//940 954//954 939//939
f 941//941 955//955 940//940
f 957//957 941//941 942//942
f 958//958 942//942 943//943
f 959//959 695//695 828//828
f 830//830 959//959 828//828
f 961//961 830//830 831//831
f 833//833 961//961 831//831
f 963//963 833//833 834//834
f 836//836 963//963 834//834
f 965//965 836//836 837//837
f 966//966 837//837 838//838
f 967//967 864//864 959//959
f 876//876 967//967 968//968
f 960//960 967//967 959//959
f 969//969 960//960 961//961
f 970//970 969//969 971//971
f 962//962 969//969 961//961
f 972//972 962//962 963//963
f 973//973 972//972 974//974
f 964//964 972//972 963//963
f 975//975 964//964 965//965
f 976//976 876//876 968//968
f 970//970 976//976 968//968
f 978//978 970//970 971//971
f 973//973 978//978 971//971
f 980//980 973//973 974//974
f 981//981 887//887 976//976
f 901//901 981//981 982//982
f 977//977 981//981 976//976
f 983//983 977//977 978//978
f 984//984 983//983 985//985
f 979//979 983//983 978//978
f 986//986 979//979 980//980
f 987//987 901//901 982//982
f 984//984 987//987 982//982
f 989//989 984//984 985//985
f 990//990 913//913 987//987
f 929//929 990//990 991//991
f 988//988 990//990 987//987
f 992//992 988//988 989//989
f 993//993 929//929 991//991
f 994//994 991//991 992//992
f 995//995 943//943 993//993
f 996//996 966//966 997//997
f 849//849 966//966 838//838
f 998//998 849//849 850//850
f 852//852 998//998 850//850
f 1000//1000 852//852 853//853
f 1001//1001 853//853 854//854
f 1002//1002 1001//1001 1003//1003
f 855//855 1001//1001 854//854
f 1004//1004 975//975 1005//1005
f 996//996 975//975 965//965
f 1006//1006 996//996 997//997
f 1007//1007 997//997 998//998
f 1008//1008 1007//1007 1009//1009
f 999//999 1007//1007 998//998
f 1010//1010 999//999 1000//1000
f 1011//1011 1010//1010 1012//1012
f 1002//1002 1010//1010 1000//1000
f 1013//1013 1002//1002 1003//1003
f 1004//1004 980//980 974//974
f 1016//1016 1004//1004 1005//1005
f 1017//1017 1005//1005 1006//1006
f 1018//1018 1017//1017 1019//1019
f 1008//1008 1017//1017 1006//1006
f 1020//1020 1008//1008 1009//1009
f 1011//1011 1020//1020 1009//1009
f 1022//1022 1011//1011 1012//1012
f 1023//1023 1012//1012 1013//1013
f 1014//1014 1023//1023 1013//1013
f 1025//1025 986//986 1026//1026
f 1015//1015 986//986 980//980
f 1027//1027 1015//1015 1016//1016
f 1018//1018 1027//1027 1016//1016
f 1029//1029 1018//1018 1019//1019
f 1030//1030 1019//1019 1020//1020
f 1031//1031 1030//1030 1032//1032
f 1021//1021 1030//1030 1020//1020
f 1033//1033 1021//1021 1022//1022
f 1034//1034 1022//1022 1023//1023
f 1035//1035 1034//1034 1036//1036
f 1024//1024 1034//1034 1023//1023
f 1025//1025 989//989 985//985
f 1038//1038 1025//1025 1026//1026
f 1039//1039 1026//1026 1027//1027
f 1040//1040 1039//1039 1041//1041
f 1028//1028 1039//1039 1027//1027
f 1042//1042 1028//1028 1029//1029
f 1031//1031 1042//1042 1029//1029
f 1044//1044 1031//1031 1032//1032
f 1045//1045 1032//1032 1033//1033
f 1046//1046 1045//1045 1047//1047
f 1035//1035 1045//1045 1033//1033
f 1048//1048 1035//1035 1036//1036
f 1050//1050 989//989 1037//1037
f 1051//1051 1037//1037 1038//1038
f 1040//1040 1051//1051 1038//1038
f 1053//1053 1040//1040 1041//1041
f 1054//1054 1041//1041 1042//1042
f 1055//1055 1054//1054 1056//1056
f 1043//1043 1054//1054 1042//1042
f 1057//1057 1043//1043 1044//1044
f 1046//1046 1057//1057 1044//1044
f 1059//1059 1046//1046 1047//1047
f 1060//1060 1047//1047 1048//1048
f 1049//1049 1060//1060 1048//1048
f 1062//1062 994//994 1063//1063
f 1050//1050 994//994 992//992
f 1064//1064 1050//1050 1051//1051
f 1065//1065 1051//1051 1052//1052
f 1066//1066 1052//1052 1053//1053
f 1055//1055 1066//1066 1053//1053
f 1068//1068 1055//1055 1056//1056
f 1057//1057 1068//1068 1056//1056
f 1070//1070 1057//1057 1058//1058
f 1059//1059 1070//1070 1058//1058
f 1072//1072 1059//1059 1060//1060
f 1073//1073 1072//1072 1074//1074
f 1061//1061 1072//1072 1060//1060
f 1062//1062 995//995 993//993
f 1076//1076 1062//1062 1063//1063
f 1077//1077 1063//1063 1064//1064
f 1078//1078 1077//1077 1079//1079
f 1065//1065 1077//1077 1064//1064
f 1080//1080 1065//1065 1066//1066
f 1081//1081 1066//1066 1067//1067
f 1068//1068 1081//1081 1067//1067
f 1083//1083 1068//1068 1069//1069
f 1084//1084 1083//1083 1085//1085
f 1070//1070 1083//1083 1069//1069
f 1086//1086 1070//1070 1071//1071
f 1073//1073 1086//1086 1071//1071
f 1088//1088 1073//1073 1074//1074
f 1093//1093 1089//1089 1090//1090
f 1095//1095 1091//1091 1092//1092
f 1096//1096 1092//1092 1093//1093
f 699//699 392//392 1097//1097
f 1097//1097 393//393 1098//1098
f 1099//1099 393//393 394//394
f 1090//1090 1098//1098 1099//1099
f 1100//1100 394//394 395//395
f 1100//1100 396//396 1101//1101
f 702//702 1097//1097 1103//1103
f 1104//1104 1097//1097 1098//1098
f 1104//1104 1091//1091 1103//1103
f 1104//1104 1089//1089 1092//1092
f 1105//1105 1090//1090 1099//1099
f 1105//1105 1100//1100 1106//1106
f 1107//1107 1100//1100 1101//1101
f 1107//1107 1102//1102 1108//1108
f 1110//1110 702//702 1103//1103
f 1094//1094 1103//1103 1091//1091
f 1111//1111 1094//1094 1095//1095
f 1096//1096 1111//1111 1095//1095
f 1096//1096 1105//1105 1112//1112
f 1113//1113 1105//1105 1106//1106
f 1114//1114 1106//1106 1107//1107
f 1115//1115 1107//1107 1108//1108
f 1115//1115 1109//1109 1116//1116
f 1117//1117 705//705 1110//1110
f 1117//1117 1111//1111 1118//1118
f 1119//1119 1111//1111 1112//1112
f 1119//1119 1113//1113 1120//1120
f 1120//1120 1114//1114 1121//1121
f 1122//1122 1114//1114 1115//1115
f 1122//1122 1116//1116 1123//1123
f 708//708 1117//1117 1124//1124
f 1124//1124 1118//1118 1125//1125
f 1126//1126 1118//1118 1119//1119
f 1127//1127 1119//1119 1120//1120
f 1127//1127 1121//1121 1128//1128
f 1128//1128 1122//1122 1129//1129
f 1129//1129 1123//1123 1130//1130
f 1131//1131 1126//1126 1132//1132
f 1132//1132 1127//1127 1133//1133
f 1133//1133 1128//1128 1134//1134
f 1135//1135 1128//1128 1129//1129
f 1136//1136 1129//1129 1130//1130
f 1137//1137 396//396 409//409
f 1137//1137 410//410 1138//1138
f 1102//1102 1137//1137 1138//1138
f 1140//1140 1102//1102 1138//1138
f 1140//1140 1139//1139 1141//1141
f 1109//1109 1140//1140 1141//1141
f 1143//1143 1109//1109 1141//1141
f 1143//1143 1142//1142 1144//1144
f 1123//1123 1143//1143 1145//1145
f 1146//1146 1143//1143 1144//1144
f 1147//1147 708//708 1124//1124
f 1148//1148 1124//1124 1125//1125
f 1149//1149 1123//1123 1145//1145
f 1150//1150 1145//1145 1146//1146
f 728//728 1147//1147 1151//1151
f 1151//1151 1148//1148 1152//1152
f 1131//1131 1148//1148 1125//1125
f 1153//1153 1131//1131 1132//1132
f 1133//1133 1153//1153 1132//1132
f 1134//1134 1154//1154 1133//1133
f 1156//1156 1134//1134 1135//1135
f 1136//1136 1156//1156 1135//1135
f 1136//1136 1149//1149 1157//1157
f 1158//1158 1149//1149 1150//1150
f 1159//1159 1152//1152 1160//1160
f 1160//1160 1153//1153 1161//1161
f 1161//1161 1154//1154 1162//1162
f 1163//1163 1154//1154 1155//1155
f 1164//1164 1155//1155 1156//1156
f 1165//1165 1156//1156 1157//1157
f 1165//1165 1158//1158 1166//1166
f 1167//1167 1163//1163 1168//1168
f 1168//1168 1164//1164 1169//1169
f 1169//1169 1165//1165 1170//1170
f 1171//1171 1165//1165 1166//1166
f 1172//1172 410//410 423//423
f 1172//1172 424//424 1173//1173
f 1139//1139 1172//1172 1173//1173
f 1175//1175 1139//1139 1173//1173
f 1175//1175 1174//1174 1176//1176
f 1142//1142 1175//1175 1176//1176
f 1177//1177 1142//1142 1176//1176
f 1178//1178 728//728 1151//1151
f 748//748 1178//1178 1179//1179
f 1159//1159 1178//1178 1151//1151
f 1180//1180 1159//1159 1160//1160
f 1161//1161 1180//1180 1160//1160
f 1182//1182 1161//1161 1162//1162
f 1184//1184 1180//1180 1185//1185
f 1185//1185 1181//1181 1186//1186
f 1186//1186 1182//1182 1187//1187
f 1167//1167 1182//1182 1162//1162
f 1188//1188 1167//1167 1168//1168
f 1169//1169 1188//1188 1168//1168
f 1190//1190 1169//1169 1170//1170
f 1171//1171 1190//1190 1170//1170
f 1171//1171 1183//1183 1191//1191
f 1192//1192 424//424 439//439
f 1192//1192 440//440 1193//1193
f 1174//1174 1192//1192 1193//1193
f 1194//1194 1174//1174 1193//1193
f 1195//1195 748//748 1179//1179
f 771//771 1195//1195 1196//1196
f 1184//1184 1195//1195 1179//1179
f 1197//1197 1184//1184 1185//1185
f 1198//1198 1185//1185 1186//1186
f 1199//1199 1186//1186 1187//1187
f 1200//1200 440//440 456//456
f 1201//1201 771//771 1196//1196
f 1146//1146 1202//1202 1203//1203
f 1150//1150 1203//1203 1204//1204
f 1158//1158 1204//1204 1205//1205
f 1206//1206 1158//1158 1205//1205
f 1177//1177 1207//1207 1208//1208
f 1202//1202 1177//1177 1208//1208
f 1210//1210 1202//1202 1208//1208
f 1210//1210 1209//1209 1211//1211
f 1204//1204 1210//1210 1212//1212
f 1212//1212 1211//1211 1213//1213
f 1215//1215 1204//1204 1212//1212
f 1216//1216 1212//1212 1213//1213
f 1216//1216 1214//1214 1217//1217
f 1206//1206 1183//1183 1166//1166
f 1206//1206 1215//1215 1218//1218
f 1219//1219 1215//1215 1216//1216
f 1220//1220 1216//1216 1217//1217
f 1221//1221 1183//1183 1218//1218
f 1222//1222 1218//1218 1219//1219
f 1194//1194 1223//1223 1224//1224
f 1207//1207 1194//1194 1224//1224
f 1226//1226 1207//1207 1224//1224
f 1226//1226 1225//1225 1227//1227
f 1209//1209 1226//1226 1227//1227
f 1229//1229 1209//1209 1227//1227
f 1229//1229 1228//1228 1230//1230
f 1231//1231 1211//1211 1229//1229
f 1231//1231 1230//1230 1232//1232
f 1214//1214 1231//1231 1232//1232
f 1233//1233 1214//1214 1232//1232
f 1220//1220 1235//1235 1219//1219
f 1220//1220 1233//1233 1236//1236
f 1237//1237 1233//1233 1234//1234
f 1222//1222 1238//1238 1221//1221
f 1222//1222 1235//1235 1239//1239
f 1240//1240 1235//1235 1236//1236
f 1200//1200 503//503 1241//1241
f 1223//1223 1200//1200 1241//1241
f 1243//1243 1223//1223 1241//1241
f 1243//1243 1242//1242 1244//1244
f 1225//1225 1243//1243 1244//1244
f 1246//1246 1225//1225 1244//1244
f 1246//1246 1245//1245 1247//1247
f 1228//1228 1246//1246 1247//1247
f 1248//1248 1228//1228 1247//1247
f 1250//1250 1230//1230 1248//1248
f 1250//1250 1249//1249 1251//1251
f 1252//1252 1232//1232 1250//1250
f 1252//1252 1251//1251 1253//1253
f 1234//1234 1252//1252 1253//1253
f 1237//1237 1254//1254 1236//1236
f 1255//1255 1234//1234 1253//1253
f 1240//1240 1254//1254 1256//1256
f 1257//1257 1254//1254 1255//1255
f 1258//1258 503//503 504//504
f 1242//1242 1258//1258 1259//1259
f 1260//1260 1242//1242 1259//1259
f 1245//1245 1260//1260 1261//1261
f 1262//1262 1245//1245 1261//1261
f 1264//1264 1247//1247 1262//1262
f 1264//1264 1263//1263 1265//1265
f 1249//1249 1264//1264 1265//1265
f 1266//1266 1249//1249 1265//1265
f 1268//1268 1251//1251 1266//1266
f 1268//1268 1267//1267 1269//1269
f 1270//1270 1253//1253 1268//1268
f 1271//1271 1268//1268 1269//1269
f 1257//1257 1270//1270 1272//1272
f 1272//1272 1271//1271 1273//1273
f 1274//1274 504//504 506//506
f 1274//1274 507//507 1275//1275
f 1259//1259 1274//1274 1275//1275
f 1277//1277 1259//1259 1275//1275
f 1277//1277 1276//1276 1278//1278
f 1261//1261 1277//1277 1278//1278
f 1279//1279 1261//1261 1278//1278
f 1263//1263 1279//1279 1280//1280
f 1281//1281 1263//1263 1280//1280
f 1283//1283 1265//1265 1281//1281
f 1283//1283 1282//1282 1284//1284
f 1267//1267 1283//1283 1284//1284
f 1285//1285 1267//1267 1284//1284
f 1287//1287 1269//1269 1285//1285
f 1287//1287 1286//1286 1288//1288
f 1289//1289 1271//1271 1287//1287
f 1290//1290 1287//1287 1288//1288
f 1291//1291 507//507 510//510
f 1276//1276 1291//1291 1292//1292
f 1293//1293 1276//1276 1292//1292
f 1295//1295 1278//1278 1293//1293
f 1295//1295 1294//1294 1296//1296
f 1280//1280 1295//1295 1296//1296
f 1297//1297 1280//1280 1296//1296
f 1282//1282 1297//1297 1298//1298
f 1299//1299 1282//1282 1298//1298
f 1301//1301 1284//1284 1299//1299
f 1301//1301 1300//1300 1302//1302
f 1286//1286 1301//1301 1302//1302
f 1303//1303 1286//1286 1302//1302
f 1290//1290 1303//1303 1304//1304
f 1305//1305 1188//1188 1306//1306
f 1306//1306 1189//1189 1307//1307
f 1308//1308 1189//1189 1190//1190
f 1309//1309 1190//1190 1191//1191
f 1310//1310 1197//1197 1311//1311
f 1312//1312 1197//1197 1198//1198
f 1312//1312 1199//1199 1313//1313
f 1305//1305 1199//1199 1187//1187
f 1314//1314 1305//1305 1306//1306
f 1315//1315 1306//1306 1307//1307
f 1308//1308 1315//1315 1307//1307
f 1317//1317 1308//1308 1309//1309
f 1318//1318 1314//1314 1319//1319
f 1320//1320 1314//1314 1315//1315
f 1321//1321 1315//1315 1316//1316
f 1322//1322 1316//1316 1317//1317
f 840//840 1201//1201 1323//1323
f 1310//1310 1201//1201 1196//1196
f 1324//1324 1310//1310 1311//1311
f 1325//1325 1311//1311 1312//1312
f 1326//1326 1312//1312 1313//1313
f 1327//1327 1325//1325 1328//1328
f 1328//1328 1326//1326 1329//1329
f 1318//1318 1326//1326 1313//1313
f 1330//1330 1318//1318 1319//1319
f 1331//1331 1319//1319 1320//1320
f 1332//1332 1320//1320 1321//1321
f 1333//1333 1321//1321 1322//1322
f 1334//1334 1331//1331 1335//1335
f 1336//1336 1331//1331 1332//1332
f 1336//1336 1333//1333 1337//1337
f 1338//1338 840//840 1323//1323
f 1339//1339 1323//1323 1324//1324
f 843//843 1338//1338 1340//1340
f 1340//1340 1339//1339 1341//1341
f 1327//1327 1339//1339 1324//1324
f 1342//1342 1327//1327 1328//1328
f 1343//1343 1328//1328 1329//1329
f 1344//1344 1329//1329 1330//1330
f 1345//1345 1343//1343 1346//1346
f 1346//1346 1344//1344 1347//1347
f 1334//1334 1344//1344 1330//1330
f 1348//1348 1334//1334 1335//1335
f 1336//1336 1348//1348 1335//1335
f 1350//1350 1336//1336 1337//1337
f 1351//1351 1350//1350 1352//1352
f 1353//1353 843//843 1340//1340
f 1354//1354 1340//1340 1341//1341
f 1355//1355 1341//1341 1342//1342
f 1356//1356 1354//1354 1357//1357
f 1357//1357 1355//1355 1358//1358
f 1345//1345 1355//1355 1342//1342
f 1359//1359 1345//1345 1346//1346
f 1360//1360 1346//1346 1347//1347
f 1348//1348 1360//1360 1347//1347
f 1362//1362 1348//1348 1349//1349
f 1363//1363 1360//1360 1364//1364
f 1365//1365 1360//1360 1361//1361
f 1365//1365 1362//1362 1366//1366
f 1351//1351 1362//1362 1349//1349
f 1367//1367 1351//1351 1352//1352
f 1368//1368 848//848 1353//1353
f 855//855 1368//1368 1369//1369
f 1356//1356 1368//1368 1353//1353
f 1370//1370 1356//1356 1357//1357
f 1371//1371 1357//1357 1358//1358
f 1372//1372 1358//1358 1359//1359
f 1373//1373 1371//1371 1374//1374
f 1374//1374 1372//1372 1375//1375
f 1363//1363 1372//1372 1359//1359
f 1376//1376 1363//1363 1364//1364
f 1365//1365 1376//1376 1364//1364
f 1378//1378 1365//1365 1366//1366
f 1367//1367 1378//1378 1366//1366
f 1380//1380 1378//1378 1381//1381
f 1382//1382 1378//1378 1379//1379
f 1309//1309 1221//1221 1383//1383
f 1383//1383 1317//1317 1309//1309
f 1383//1383 1238//1238 1384//1384
f 1385//1385 1238//1238 1239//1239
f 1386//1386 1239//1239 1240//1240
f 1387//1387 1317//1317 1384//1384
f 1388//1388 1384//1384 1385//1385
f 1386//1386 1389//1389 1385//1385
f 1386//1386 1256//1256 1390//1390
f 1391//1391 1256//1256 1257//1257
f 1392//1392 1322//1322 1387//1387
f 1388//1388 1392//1392 1387//1387
f 1388//1388 1389//1389 1393//1393
f 1394//1394 1389//1389 1390//1390
f 1395//1395 1390//1390 1391//1391
f 1396//1396 1333//1333 1392//1392
f 1397//1397 1392//1392 1393//1393
f 1398//1398 1257//1257 1272//1272
f 1398//1398 1273//1273 1399//1399
f 1394//1394 1400//1400 1393//1393
f 1395//1395 1401//1401 1394//1394
f 1395//1395 1398//1398 1402//1402
f 1403//1403 1398//1398 1399//1399
f 1396//1396 1350//1350 1337//1337
f 1397//1397 1404//1404 1396//1396
f 1397//1397 1400//1400 1405//1405
f 1406//1406 1400//1400 1401//1401
f 1407//1407 1401//1401 1402//1402
f 1408//1408 1350//1350 1404//1404
f 1399//1399 1289//1289 1409//1409
f 1409//1409 1290//1290 1410//1410
f 1403//1403 1411//1411 1402//1402
f 1403//1403 1409//1409 1412//1412
f 1413//1413 1409//1409 1410//1410
f 1405//1405 1414//1414 1404//1404
f 1406//1406 1415//1415 1405//1405
f 1407//1407 1416//1416 1406//1406
f 1407//1407 1411//1411 1417//1417
f 1418//1418 1411//1411 1412//1412
f 1408//1408 1367//1367 1352//1352
f 1408//1408 1414//1414 1419//1419
f 1420//1420 1414//1414 1415//1415
f 1420//1420 1416//1416 1421//1421
f 1422//1422 1416//1416 1417//1417
f 1410//1410 1304//1304 1423//1423
f 1413//1413 1424//1424 1412//1412
f 1413//1413 1423//1423 1425//1425
f 1418//1418 1426//1426 1417//1417
f 1418//1418 1424//1424 1427//1427
f 1428//1428 1424//1424 1425//1425
f 1429//1429 1367//1367 1419//1419
f 1420//1420 1429//1429 1419//1419
f 1421//1421 1430//1430 1420//1420
f 1422//1422 1431//1431 1421//1421
f 1422//1422 1426//1426 1432//1432
f 1433//1433 1426//1426 1427//1427
f 1434//1434 1379//1379 1429//1429
f 1434//1434 1430//1430 1435//1435
f 1436//1436 1430//1430 1431//1431
f 1437//1437 510//510 651//651
f 1438//1438 1291//1291 1437//1437
f 1439//1439 1292//1292 1438//1438
f 1294//1294 1439//1439 1440//1440
f 1441//1441 1294//1294 1440//1440
f 1443//1443 1296//1296 1441//1441
f 1443//1443 1442//1442 1444//1444
f 1298//1298 1443//1443 1444//1444
f 1445//1445 1298//1298 1444//1444
f 1300//1300 1445//1445 1446//1446
f 1447//1447 1300//1300 1446//1446
f 1303//1303 1447//1447 1448//1448
f 1450//1450 1303//1303 1448//1448
f 1450//1450 1449//1449 1451//1451
f 1437//1437 654//654 1452//1452
f 1438//1438 1452//1452 1453//1453
f 1454//1454 1438//1438 1453//1453
f 1455//1455 1439//1439 1454//1454
f 1456//1456 1440//1440 1455//1455
f 1442//1442 1456//1456 1457//1457
f 1444//1444 1457//1457 1458//1458
f 1460//1460 1444//1444 1458//1458
f 1460//1460 1459//1459 1461//1461
f 1446//1446 1460//1460 1461//1461
f 1462//1462 1446//1446 1461//1461
f 1463//1463 1447//1447 1462//1462
f 1449//1449 1463//1463 1464//1464
f 1465//1465 1449//1449 1464//1464
f 1452//1452 657//657 1466//1466
f 1467//1467 1452//1452 1466//1466
f 1468//1468 1453//1453 1467//1467
f 1469//1469 1454//1454 1468//1468
f 1470//1470 1455//1455 1469//1469
f 1471//1471 1456//1456 1470//1470
f 1472//1472 1457//1457 1471//1471
f 1459//1459 1472//1472 1473//1473
f 1474//1474 1459//1459 1473//1473
f 1462//1462 1474//1474 1475//1475
f 1477//1477 1462//1462 1475//1475
f 1477//1477 1476//1476 1478//1478
f 1464//1464 1477//1477 1478//1478
f 1479//1479 1464//1464 1478//1478
f 1466//1466 660//660 1480//1480
f 1467//1467 1480//1480 1481//1481
f 1468//1468 1481//1481 1482//1482
f 1483//1483 1468//1468 1482//1482
f 1484//1484 1469//1469 1483//1483
f 1485//1485 1470//1470 1484//1484
f 1486//1486 1471//1471 1485//1485
f 1487//1487 1472//1472 1486//1486
f 1474//1474 1487//1487 1488//1488
f 1489//1489 1474//1474 1488//1488
f 1476//1476 1489//1489 1490//1490
f 1491//1491 1476//1476 1490//1490
f 1479//1479 1491//1491 1492//1492
f 1493//1493 660//660 663//663
f 1481//1481 1493//1493 1494//1494
f 1482//1482 1494//1494 1495//1495
f 1496//1496 1482//1482 1495//1495
f 1497//1497 1483//1483 1496//1496
f 1485//1485 1497//1497 1498//1498
f 1499//1499 1485//1485 1498//1498
f 1500//1500 1486//1486 1499//1499
f 1488//1488 1500//1500 1501//1501
f 1502//1502 1488//1488 1501//1501
f 1503//1503 1489//1489 1502//1502
f 1504//1504 1490//1490 1503//1503
f 1492//1492 1504//1504 1505//1505
f 1506//1506 663//663 666//666
f 1507//1507 1493//1493 1506//1506
f 1508//1508 1494//1494 1507//1507
f 1496//1496 1508//1508 1509//1509
f 1497//1497 1509//1509 1510//1510
f 1498//1498 1510//1510 1511//1511
f 1512//1512 1498//1498 1511//1511
f 1500//1500 1512//1512 1513//1513
f 1501//1501 1513//1513 1514//1514
f 1502//1502 1514//1514 1515//1515
f 1503//1503 1515//1515 1516//1516
f 1504//1504 1516//1516 1517//1517
f 1505//1505 1517//1517 1518//1518
f 1506//1506 669//669 1519//1519
f 1520//1520 1506//1506 1519//1519
f 1521//1521 1507//1507 1520//1520
f 1509//1509 1521//1521 1522//1522
f 1510//1510 1522//1522 1523//1523
f 1511//1511 1523//1523 1524//1524
f 1512//1512 1524//1524 1525//1525
f 1513//1513 1525//1525 1526//1526
f 1514//1514 1526//1526 1527//1527
f 1528//1528 1514//1514 1527//1527
f 1516//1516 1528//1528 1529//1529
f 1517//1517 1529//1529 1530//1530
f 1531//1531 1517//1517 1530//1530
f 1532//1532 669//669 672//672
f 1533//1533 1519//1519 1532//1532
f 1521//1521 1533//1533 1534//1534
f 1522//1522 1534//1534 1535//1535
f 1523//1523 1535//1535 1536//1536
f 1524//1524 1536//1536 1537//1537
f 1525//1525 1537//1537 1538//1538
f 1539//1539 1525//1525 1538//1538
f 1540//1540 1539//1539 1538//1538
f 1527//1527 1539//1539 1541//1541
f 1542//1542 1527//1527 1541//1541
f 1529//1529 1542//1542 1543//1543
f 1530//1530 1543//1543 1544//1544
f 1545//1545 1530//1530 1544//1544
f 1546//1546 855//855 1369//1369
f 1547//1547 1369//1369 1370//1370
f 1548//1548 1547//1547 1549//1549
f 1373//1373 1547//1547 1370//1370
f 1550//1550 1373//1373 1374//1374
f 1551//1551 1374//1374 1375//1375
f 1552//1552 1375//1375 1376//1376
f 1553//1553 1376//1376 1377//1377
f 1554//1554 1552//1552 1555//1555
f 1555//1555 1553//1553 1556//1556
f 1380//1380 1553//1553 1377//1377
f 1557//1557 1380//1380 1381//1381
f 1558//1558 1381//1381 1382//1382
f 1559//1559 1003//1003 1546//1546
f 1014//1014 1559//1559 1560//1560
f 1548//1548 1559//1559 1546//1546
f 1561//1561 1548//1548 1549//1549
f 1550//1550 1561//1561 1549//1549
f 1563//1563 1550//1550 1551//1551
f 1564//1564 1563//1563 1565//1565
f 1554//1554 1563//1563 1551//1551
f 1566//1566 1554//1554 1555//1555
f 1567//1567 1555//1555 1556//1556
f 1557//1557 1567//1567 1556//1556
f 1569//1569 1557//1557 1558//1558
f 1570//1570 1569//1569 1571//1571
f 1572//1572 1014//1014 1560//1560
f 1561//1561 1572//1572 1560//1560
f 1574//1574 1561//1561 1562//1562
f 1575//1575 1574//1574 1576//1576
f 1564//1564 1574//1574 1562//1562
f 1577//1577 1564//1564 1565//1565
f 1566//1566 1577//1577 1565//1565
f 1579//1579 1566//1566 1567//1567
f 1580//1580 1567//1567 1568//1568
f 1581//1581 1579//1579 1582//1582
f 1582//1582 1580//1580 1583//1583
f 1570//1570 1580//1580 1568//1568
f 1584//1584 1570//1570 1571//1571
f 1585//1585 1024//1024 1572//1572
f 1586//1586 1572//1572 1573//1573
f 1587//1587 1586//1586 1588//1588
f 1575//1575 1586//1586 1573//1573
f 1589//1589 1575//1575 1576//1576
f 1577//1577 1589//1589 1576//1576
f 1591//1591 1577//1577 1578//1578
f 1592//1592 1591//1591 1593//1593
f 1581//1581 1591//1591 1578//1578
f 1594//1594 1581//1581 1582//1582
f 1595//1595 1582//1582 1583//1583
f 1584//1584 1595//1595 1583//1583
f 1597//1597 1036//1036 1585//1585
f 1049//1049 1597//1597 1598//1598
f 1587//1587 1597//1597 1585//1585
f 1599//1599 1587//1587 1588//1588
f 1589//1589 1599//1599 1588//1588
f 1601//1601 1589//1589 1590//1590
f 1602//1602 1601//1601 1603//1603
f 1592//1592 1601//1601 1590//1590
f 1604//1604 1592//1592 1593//1593
f 1594//1594 1604//1604 1593//1593
f 1595//1595 1605//1605 1594//1594
f 1607//1607 1595//1595 1596//1596
f 1608//1608 1607//1607 1609//1609
f 1610//1610 1049//1049 1598//1598
f 1599//1599 1610//1610 1598//1598
f 1612//1612 1599//1599 1600//1600
f 1613//1613 1612//1612 1614//1614
f 1602//1602 1612//1612 1600//1600
f 1615//1615 1602//1602 1603//1603
f 1604//1604 1615//1615 1603//1603
f 1617//1617 1604//1604 1605//1605
f 1618//1618 1605//1605 1606//1606
f 1619//1619 1617//1617 1620//1620
f 1620//1620 1618//1618 1621//1621
f 1608//1608 1618//1618 1606//1606
f 1622//1622 1608//1608 1609//1609
f 1623//1623 1061//1061 1610//1610
f 1624//1624 1610//1610 1611//1611
f 1613//1613 1624//1624 1611//1611
f 1626//1626 1613//1613 1614//1614
f 1615//1615 1626//1626 1614//1614
f 1628//1628 1615//1615 1616//1616
f 1619//1619 1628//1628 1616//1616
f 1630//1630 1619//1619 1620//1620
f 1631//1631 1620//1620 1621//1621
f 1622//1622 1631//1631 1621//1621
f 1623//1623 1088//1088 1074//1074
f 1634//1634 1623//1623 1624//1624
f 1635//1635 1634//1634 1636//1636
f 1625//1625 1634//1634 1624//1624
f 1637//1637 1625//1625 1626//1626
f 1627//1627 1637//1637 1626//1626
f 1639//1639 1627//1627 1628//1628
f 1640//1640 1639//1639 1641//1641
f 1629//1629 1639//1639 1628//1628
f 1642//1642 1629//1629 1630//1630
f 1631//1631 1642//1642 1630//1630
f 1632//1632 1643//1643 1631//1631
f 1645//1645 1304//1304 1450//1450
f 1646//1646 1450//1450 1451//1451
f 1425//1425 1645//1645 1647//1647
f 1648//1648 1645//1645 1646//1646
f 1428//1428 1649//1649 1427//1427
f 1428//1428 1647//1647 1650//1650
f 1432//1432 1651//1651 1431//1431
f 1433//1433 1652//1652 1432//1432
f 1433//1433 1649//1649 1653//1653
f 1654//1654 1649//1649 1650//1650
f 1434//1434 1558//1558 1382//1382
f 1435//1435 1655//1655 1434//1434
f 1436//1436 1656//1656 1435//1435
f 1436//1436 1651//1651 1657//1657
f 1658//1658 1651//1651 1652//1652
f 1646//1646 1465//1465 1659//1659
f 1648//1648 1660//1660 1647//1647
f 1648//1648 1659//1659 1661//1661
f 1650//1650 1660//1660 1662//1662
f 1663//1663 1660//1660 1661//1661
f 1653//1653 1664//1664 1652//1652
f 1654//1654 1665//1665 1653//1653
f 1654//1654 1662//1662 1666//1666
f 1667//1667 1558//1558 1655//1655
f 1668//1668 1655//1655 1656//1656
f 1657//1657 1668//1668 1656//1656
f 1658//1658 1669//1669 1657//1657
f 1658//1658 1664//1664 1670//1670
f 1671//1671 1664//1664 1665//1665
f 1672//1672 1569//1569 1667//1667
f 1672//1672 1668//1668 1673//1673
f 1674//1674 1668//1668 1669//1669
f 1659//1659 1479//1479 1675//1675
f 1676//1676 1659//1659 1675//1675
f 1663//1663 1677//1677 1662//1662
f 1663//1663 1676//1676 1678//1678
f 1666//1666 1679//1679 1665//1665
f 1666//1666 1677//1677 1680//1680
f 1681//1681 1677//1677 1678//1678
f 1670//1670 1682//1682 1669//1669
f 1671//1671 1683//1683 1670//1670
f 1671//1671 1679//1679 1684//1684
f 1685//1685 1679//1679 1680//1680
f 1686//1686 1571//1571 1672//1672
f 1673//1673 1686//1686 1672//1672
f 1674//1674 1687//1687 1673//1673
f 1674//1674 1682//1682 1688//1688
f 1689//1689 1682//1682 1683//1683
f 1675//1675 1492//1492 1690//1690
f 1691//1691 1675//1675 1690//1690
f 1692//1692 1676//1676 1691//1691
f 1681//1681 1693//1693 1680//1680
f 1681//1681 1692//1692 1694//1694
f 1684//1684 1695//1695 1683//1683
f 1685//1685 1696//1696 1684//1684
f 1685//1685 1693//1693 1697//1697
f 1686//1686 1596//1596 1584//1584
f 1699//1699 1686//1686 1687//1687
f 1700//1700 1687//1687 1688//1688
f 1689//1689 1700//1700 1688//1688
f 1689//1689 1695//1695 1701//1701
f 1702//1702 1695//1695 1696//1696
f 1690//1690 1505//1505 1703//1703
f 1705//1705 1690//1690 1703//1703
f 1705//1705 1704//1704 1706//1706
f 1707//1707 1691//1691 1705//1705
f 1708//1708 1705//1705 1706//1706
f 1694//1694 1709//1709 1693//1693
f 1710//1710 1692//1692 1707//1707
f 1697//1697 1711//1711 1696//1696
f 1697//1697 1709//1709 1712//1712
f 1713//1713 1709//1709 1710//1710
f 1714//1714 1596//1596 1698//1698
f 1699//1699 1714//1714 1698//1698
f 1700//1700 1715//1715 1699//1699
f 1717//1717 1700//1700 1701//1701
f 1702//1702 1717//1717 1701//1701
f 1702//1702 1711//1711 1718//1718
f 1719//1719 1711//1711 1712//1712
f 1720//1720 1607//1607 1714//1714
f 1720//1720 1715//1715 1721//1721
f 1722//1722 1715//1715 1716//1716
f 1723//1723 1505//1505 1518//1518
f 1704//1704 1723//1723 1724//1724
f 1725//1725 1704//1704 1724//1724
f 1708//1708 1726//1726 1707//1707
f 1708//1708 1725//1725 1727//1727
f 1728//1728 1707//1707 1726//1726
f 1713//1713 1729//1729 1712//1712
f 1713//1713 1728//1728 1730//1730
f 1717//1717 1731//1731 1716//1716
f 1733//1733 1717//1717 1718//1718
f 1719//1719 1733//1733 1718//1718
f 1719//1719 1729//1729 1734//1734
f 1735//1735 1609//1609 1720//1720
f 1721//1721 1735//1735 1720//1720
f 1722//1722 1736//1736 1721//1721
f 1722//1722 1731//1731 1737//1737
f 1738//1738 1731//1731 1732//1732
f 1739//1739 1518//1518 1531//1531
f 1740//1740 1723//1723 1739//1739
f 1741//1741 1724//1724 1740//1740
f 1743//1743 1726//1726 1727//1727
f 1727//1727 1741//1741 1743//1743
f 1728//1728 1742//1742 1744//1744
f 1746//1746 1729//1729 1730//1730
f 1746//1746 1728//1728 1744//1744
f 1733//1733 1747//1747 1732//1732
f 1749//1749 1733//1733 1734//1734
f 1749//1749 1729//1729 1745//1745
f 1735//1735 1632//1632 1622//1622
f 1751//1751 1735//1735 1736//1736
f 1752//1752 1736//1736 1737//1737
f 1738//1738 1752//1752 1737//1737
f 1738//1738 1747//1747 1753//1753
f 1754//1754 1747//1747 1748//1748
f 1739//1739 1545//1545 1755//1755
f 1740//1740 1755//1755 1756//1756
f 1741//1741 1756//1756 1757//1757
f 1743//1743 1758//1758 1742//1742
f 1759//1759 1741//1741 1757//1757
f 1760//1760 1742//1742 1758//1758
f 1762//1762 1745//1745 1746//1746
f 1746//1746 1760//1760 1762//1762
f 1749//1749 1763//1763 1748//1748
f 1764//1764 1745//1745 1761//1761
f 1750//1750 1644//1644 1632//1632
f 1766//1766 1750//1750 1751//1751
f 1767//1767 1751//1751 1752//1752
f 1768//1768 1752//1752 1753//1753
f 1754//1754 1768//1768 1753//1753
f 1754//1754 1763//1763 1769//1769
f 1772//1772 197//197 1771//1771
f 1773//1773 198//198 1772//1772
f 199//199 1770//1770 196//196
f 1774//1774 197//197 200//200
f 1772//1772 1775//1775 1776//1776
f 1777//1777 1772//1772 1776//1776
f 1774//1774 1775//1775 1771//1771
f 1779//1779 1775//1775 1778//1778
f 1777//1777 1780//1780 1781//1781
f 1779//1779 1782//1782 1783//1783
f 1779//1779 1780//1780 1776//1776
f 1781//1781 1784//1784 1785//1785
f 1783//1783 1786//1786 1787//1787
f 1783//1783 1784//1784 1780//1780
f 1788//1788 1784//1784 1787//1787
f 1787//1787 1790//1790 1791//1791
f 1788//1788 1791//1791 1792//1792
f 1788//1788 1789//1789 1785//1785
f 1792//1792 1793//1793 1794//1794
f 309//309 1795//1795 1796//1796
f 1797//1797 309//309 1796//1796
f 1799//1799 311//311 1798//1798
f 313//313 1799//1799 1800//1800
f 1800//1800 308//308 313//313
f 1802//1802 314//314 1801//1801
f 1802//1802 311//311 315//315
f 316//316 1801//1801 314//314
f 317//317 1803//1803 316//316
f 318//318 1804//1804 317//317
f 1806//1806 318//318 319//319
f 1807//1807 319//319 320//320
f 1796//1796 1808//1808 1809//1809
f 1797//1797 1809//1809 1810//1810
f 1799//1799 1811//1811 1812//1812
f 1813//1813 1799//1799 1812//1812
f 1800//1800 1808//1808 1795//1795
f 1814//1814 1808//1808 1813//1813
f 1802//1802 1815//1815 1816//1816
f 1802//1802 1811//1811 1798//1798
f 1817//1817 1811//1811 1816//1816
f 1803//1803 1815//1815 1801//1801
f 1819//1819 1803//1803 1804//1804
f 1805//1805 1819//1819 1804//1804
f 1821//1821 1805//1805 1806//1806
f 1822//1822 1806//1806 1807//1807
f 1810//1810 1823//1823 1824//1824
f 1826//1826 1812//1812 1825//1825
f 1814//1814 1826//1826 1827//1827
f 1814//1814 1823//1823 1809//1809
f 1828//1828 1823//1823 1827//1827
f 1816//1816 1829//1829 1830//1830
f 1817//1817 1830//1830 1831//1831
f 1817//1817 1825//1825 1812//1812
f 1818//1818 1829//1829 1815//1815
f 1833//1833 1829//1829 1832//1832
f 1834//1834 1818//1818 1819//1819
f 1835//1835 1819//1819 1820//1820
f 1821//1821 1835//1835 1820//1820
f 1822//1822 1836//1836 1821//1821
f 1826//1826 1838//1838 1839//1839
f 1840//1840 1826//1826 1839//1839
f 1828//1828 1840//1840 1841//1841
f 1831//1831 1842//1842 1843//1843
f 1831//1831 1838//1838 1825//1825
f 1844//1844 1838//1838 1843//1843
f 1833//1833 1845//1845 1846//1846
f 1833//1833 1842//1842 1830//1830
f 1834//1834 1845//1845 1832//1832
f 1848//1848 1834//1834 1835//1835
f 1849//1849 1835//1835 1836//1836
f 1837//1837 1849//1849 1836//1836
f 1840//1840 1851//1851 1852//1852
f 1853//1853 1840//1840 1852//1852
f 1843//1843 1854//1854 1855//1855
f 1844//1844 1855//1855 1856//1856
f 1844//1844 1851//1851 1839//1839
f 1857//1857 1851//1851 1856//1856
f 1846//1846 1858//1858 1859//1859
f 1846//1846 1854//1854 1842//1842
f 1847//1847 1858//1858 1845//1845
f 1861//1861 1858//1858 1860//1860
f 1862//1862 1847//1847 1848//1848
f 1863//1863 1848//1848 1849//1849
f 1850//1850 1863//1863 1849//1849
f 1853//1853 1865//1865 1866//1866
f 1855//1855 1867//1867 1868//1868
f 1869//1869 1855//1855 1868//1868
f 1857//1857 1869//1869 1870//1870
f 1857//1857 1865//1865 1852//1852
f 1871//1871 1865//1865 1870//1870
f 1859//1859 1867//1867 1854//1854
f 1873//1873 1867//1867 1872//1872
f 1861//1861 1874//1874 1875//1875
f 1861//1861 1872//1872 1859//1859
f 1862//1862 1874//1874 1860//1860
f 1877//1877 1862//1862 1863//1863
f 1864//1864 1877//1877 1863//1863
f 1869//1869 1879//1879 1880//1880
f 1881//1881 1869//1869 1880//1880
f 1871//1871 1881//1881 1882//1882
f 1873//1873 1883//1883 1884//1884
f 1873//1873 1879//1879 1868//1868
f 1885//1885 1879//1879 1884//1884
f 1875//1875 1886//1886 1887//1887
f 1875//1875 1883//1883 1872//1872
f 1888//1888 1883//1883 1887//1887
f 1876//1876 1886//1886 1874//1874
f 1890//1890 1886//1886 1889//1889
f 1877//1877 1889//1889 1876//1876
f 1892//1892 1889//1889 1891//1891
f 1878//1878 1891//1891 1877//1877
f 1881//1881 1895//1895 1896//1896
f 1882//1882 1896//1896 1897//1897
f 1885//1885 1898//1898 1899//1899
f 1885//1885 1895//1895 1880//1880
f 1900//1900 1895//1895 1899//1899
f 1900//1900 1897//1897 1896//1896
f 1888//1888 1902//1902 1903//1903
f 1888//1888 1898//1898 1884//1884
f 1904//1904 1898//1898 1903//1903
f 1890//1890 1902//1902 1887//1887
f 1906//1906 1902//1902 1905//1905
f 1892//1892 1907//1907 1908//1908
f 1892//1892 1905//1905 1890//1890
f 1893//1893 1907//1907 1891//1891
f 1910//1910 1907//1907 1909//1909
f 1894//1894 1909//1909 1893//1893
f 1911//1911 310//310 1797//1797
f 381//381 1911//1911 1912//1912
f 382//382 1912//1912 1913//1913
f 1914//1914 382//382 1913//1913
f 1916//1916 384//384 1915//1915
f 1916//1916 200//200 385//385
f 386//386 1914//1914 1917//1917
f 1918//1918 386//386 1917//1917
f 387//387 1915//1915 384//384
f 1919//1919 1797//1797 1810//1810
f 1912//1912 1919//1919 1920//1920
f 1913//1913 1920//1920 1921//1921
f 1922//1922 1913//1913 1921//1921
f 1924//1924 1915//1915 1923//1923
f 1924//1924 1774//1774 1916//1916
f 1925//1925 1922//1922 1921//1921
f 1917//1917 1922//1922 1926//1926
f 1927//1927 1917//1917 1926//1926
f 1927//1927 1915//1915 1918//1918
f 1919//1919 1824//1824 1928//1928
f 1929//1929 1919//1919 1928//1928
f 1930//1930 1920//1920 1929//1929
f 1924//1924 1931//1931 1932//1932
f 1924//1924 1782//1782 1778//1778
f 1828//1828 1928//1928 1824//1824
f 1934//1934 1928//1928 1933//1933
f 1934//1934 1930//1930 1929//1929
f 1925//1925 1930//1930 1935//1935
f 1936//1936 1925//1925 1935//1935
f 1927//1927 1936//1936 1937//1937
f 1937//1937 1923//1923 1927//1927
f 1932//1932 1938//1938 1939//1939
f 1932//1932 1786//1786 1782//1782
f 1933//1933 1841//1841 1940//1940
f 1941//1941 1933//1933 1940//1940
f 1942//1942 1934//1934 1941//1941
f 1936//1936 1942//1942 1943//1943
f 1937//1937 1943//1943 1944//1944
f 1937//1937 1938//1938 1931//1931
f 1945//1945 1938//1938 1944//1944
f 1939//1939 1790//1790 1786//1786
f 1947//1947 1790//1790 1946//1946
f 1948//1948 1841//1841 1853//1853
f 1941//1941 1948//1948 1949//1949
f 1942//1942 1949//1949 1950//1950
f 1943//1943 1950//1950 1951//1951
f 1952//1952 1943//1943 1951//1951
f 1945//1945 1952//1952 1953//1953
f 1945//1945 1946//1946 1939//1939
f 1955//1955 1951//1951 1954//1954
f 1947//1947 1956//1956 1957//1957
f 1947//1947 1793//1793 1791//1791
f 1958//1958 1793//1793 1957//1957
f 1948//1948 1866//1866 1959//1959
f 1960//1960 1948//1948 1959//1959
f 1961//1961 1949//1949 1960//1960
f 1962//1962 1950//1950 1961//1961
f 1953//1953 1963//1963 1964//1964
f 1953//1953 1956//1956 1946//1946
f 1965//1965 1956//1956 1964//1964
f 1871//1871 1959//1959 1866//1866
f 1967//1967 1959//1959 1966//1966
f 1968//1968 1960//1960 1967//1967
f 1968//1968 1962//1962 1961//1961
f 1954//1954 1962//1962 1969//1969
f 1955//1955 1969//1969 1970//1970
f 1955//1955 1963//1963 1952//1952
f 1971//1971 1963//1963 1970//1970
f 1958//1958 1972//1972 1973//1973
f 1965//1965 1974//1974 1975//1975
f 1965//1965 1972//1972 1957//1957
f 1976//1976 1972//1972 1975//1975
f 1966//1966 1882//1882 1977//1977
f 1978//1978 1966//1966 1977//1977
f 1979//1979 1967//1967 1978//1978
f 1980//1980 1968//1968 1979//1979
f 1970//1970 1980//1980 1981//1981
f 1971//1971 1981//1981 1982//1982
f 1971//1971 1974//1974 1964//1964
f 1983//1983 1974//1974 1982//1982
f 1976//1976 1985//1985 1986//1986
f 1976//1976 1984//1984 1973//1973
f 1977//1977 1897//1897 1987//1987
f 1988//1988 1977//1977 1987//1987
f 1989//1989 1978//1978 1988//1988
f 1990//1990 1979//1979 1989//1989
f 1991//1991 1980//1980 1990//1990
f 1992//1992 1981//1981 1991//1991
f 1983//1983 1992//1992 1993//1993
f 1983//1983 1985//1985 1975//1975
f 1994//1994 1985//1985 1993//1993
f 1995//1995 1897//1897 1901//1901
f 1996//1996 1989//1989 1988//1988
f 1998//1998 1989//1989 1997//1997
f 1999//1999 1990//1990 1998//1998
f 1999//1999 1992//1992 1991//1991
f 2001//2001 1992//1992 2000//2000
f 1900//1900 2002//2002 2003//2003
f 2004//2004 1900//1900 2003//2003
f 1904//1904 2005//2005 2006//2006
f 1904//1904 2002//2002 1899//1899
f 2007//2007 2002//2002 2006//2006
f 1906//1906 2008//2008 2009//2009
f 1906//1906 2005//2005 1903//1903
f 1908//1908 2008//2008 1905//1905
f 2011//2011 2008//2008 2010//2010
f 2012//2012 1908//1908 1910//1910
f 2004//2004 2013//2013 2014//2014
f 2006//2006 2015//2015 2016//2016
f 2007//2007 2016//2016 2017//2017
f 2007//2007 2013//2013 2003//2003
f 2018//2018 2013//2013 2017//2017
f 2009//2009 2015//2015 2005//2005
f 2020//2020 2015//2015 2019//2019
f 2021//2021 2016//2016 2020//2020
f 2011//2011 2022//2022 2023//2023
f 2011//2011 2019//2019 2009//2009
f 2024//2024 2019//2019 2023//2023
f 2012//2012 2022//2022 2010//2010
f 2026//2026 2022//2022 2025//2025
f 2018//2018 2027//2027 2028//2028
f 2021//2021 2029//2029 2030//2030
f 2021//2021 2027//2027 2017//2017
f 2031//2031 2027//2027 2030//2030
f 2024//2024 2032//2032 2033//2033
f 2024//2024 2029//2029 2020//2020
f 2034//2034 2029//2029 2033//2033
f 2026//2026 2032//2032 2023//2023
f 2036//2036 2032//2032 2035//2035
f 2031//2031 2037//2037 2038//2038
f 2034//2034 2039//2039 2040//2040
f 2034//2034 2037//2037 2030//2030
f 2041//2041 2037//2037 2040//2040
f 2036//2036 2039//2039 2033//2033
f 2043//2043 2039//2039 2042//2042
f 2041//2041 2044//2044 2045//2045
f 2043//2043 2044//2044 2040//2040
f 2047//2047 2044//2044 2046//2046
f 2050//2050 1987//1987 2049//2049
f 1994//1994 2051//2051 2052//2052
f 1995//1995 2004//2004 2053//2053
f 1995//1995 2049//2049 1987//1987
f 2053//2053 2050//2050 2049//2049
f 1996//1996 2050//2050 2054//2054
f 2055//2055 1996//1996 2054//2054
f 2056//2056 1997//1997 2055//2055
f 1999//1999 2056//2056 2057//2057
f 2058//2058 1999//1999 2057//2057
f 2001//2001 2058//2058 2059//2059
f 2001//2001 2051//2051 1993//1993
f 2060//2060 2051//2051 2059//2059
f 2061//2061 2058//2058 2057//2057
f 2063//2063 2058//2058 2062//2062
f 2064//2064 2059//2059 2063//2063
f 2065//2065 2004//2004 2014//2014
f 2054//2054 2065//2065 2066//2066
f 2055//2055 2066//2066 2067//2067
f 2068//2068 2055//2055 2067//2067
f 2069//2069 2056//2056 2068//2068
f 2018//2018 2065//2065 2014//2014
f 2071//2071 2066//2066 2065//2065
f 2073//2073 2066//2066 2072//2072
f 2074//2074 2067//2067 2073//2073
f 2074//2074 2069//2069 2068//2068
f 2061//2061 2069//2069 2075//2075
f 2076//2076 2061//2061 2075//2075
f 2063//2063 2076//2076 2077//2077
f 2064//2064 2077//2077 2078//2078
f 2064//2064 2070//2070 2060//2060
f 2079//2079 2078//2078 2077//2077
f 2071//2071 2028//2028 2081//2081
f 2082//2082 2071//2071 2081//2081
f 2083//2083 2072//2072 2082//2082
f 2074//2074 2083//2083 2084//2084
f 2085//2085 2074//2074 2084//2084
f 2076//2076 2085//2085 2086//2086
f 2087//2087 2076//2076 2086//2086
f 2088//2088 2028//2028 2031//2031
f 2089//2089 2085//2085 2084//2084
f 2091//2091 2085//2085 2090//2090
f 2091//2091 2087//2087 2086//2086
f 2079//2079 2087//2087 2092//2092
f 2093//2093 2079//2079 2092//2092
f 2082//2082 2095//2095 2096//2096
f 2083//2083 2096//2096 2097//2097
f 2098//2098 2083//2083 2097//2097
f 2088//2088 2038//2038 2099//2099
f 2088//2088 2095//2095 2081//2081
f 2100//2100 2095//2095 2099//2099
f 2101//2101 2096//2096 2100//2100
f 2101//2101 2098//2098 2097//2097
f 2089//2089 2098//2098 2102//2102
f 2103//2103 2089//2089 2102//2102
f 2104//2104 2090//2090 2103//2103
f 2105//2105 2091//2091 2104//2104
f 2106//2106 2092//2092 2105//2105
f 2107//2107 2038//2038 2041//2041
f 2108//2108 2104//2104 2103//2103
f 2110//2110 2104//2104 2109//2109
f 2110//2110 2106//2106 2105//2105
f 2094//2094 2106//2106 2111//2111
f 2100//2100 2113//2113 2114//2114
f 2115//2115 2100//2100 2114//2114
f 2116//2116 2101//2101 2115//2115
f 2117//2117 2102//2102 2116//2116
f 2107//2107 2045//2045 2118//2118
f 2107//2107 2113//2113 2099//2099
f 2119//2119 2113//2113 2118//2118
f 2120//2120 2114//2114 2119//2119
f 2121//2121 2115//2115 2120//2120
f 2121//2121 2117//2117 2116//2116
f 2108//2108 2117//2117 2122//2122
f 2123//2123 2108//2108 2122//2122
f 2124//2124 2109//2109 2123//2123
f 2125//2125 2110//2110 2124//2124
f 2126//2126 2045//2045 2047//2047
f 2127//2127 2124//2124 2123//2123
f 2128//2128 2125//2125 2124//2124
f 2112//2112 2125//2125 2129//2129
f 2119//2119 2130//2130 2131//2131
f 2132//2132 2119//2119 2131//2131
f 2121//2121 2132//2132 2133//2133
f 2134//2134 2121//2121 2133//2133
f 2135//2135 2122//2122 2134//2134
f 2126//2126 2048//2048 2136//2136
f 2126//2126 2130//2130 2118//2118
f 2137//2137 2130//2130 2136//2136
f 2137//2137 2132//2132 2131//2131
f 2139//2139 2132//2132 2138//2138
f 2139//2139 2134//2134 2133//2133
f 2140//2140 2135//2135 2134//2134
f 2127//2127 2135//2135 2141//2141
f 2142//2142 2127//2127 2141//2141
f 2143//2143 2128//2128 2142//2142
f 2139//2139 2144//2144 2145//2145
f 2146//2146 2139//2139 2145//2145
f 531//531 1770//1770 2147//2147
f 1773//1773 2147//2147 1770//1770
f 532//532 2147//2147 2148//2148
f 533//533 2148//2148 2149//2149
f 534//534 2149//2149 2150//2150
f 2151//2151 534//534 2150//2150
f 2148//2148 1777//1777 2152//2152
f 2149//2149 2152//2152 2153//2153
f 2154//2154 2149//2149 2153//2153
f 2155//2155 2154//2154 2153//2153
f 2151//2151 2154//2154 2156//2156
f 2152//2152 1781//1781 2157//2157
f 2158//2158 2152//2152 2157//2157
f 2155//2155 2158//2158 2159//2159
f 2160//2160 2155//2155 2159//2159
f 2161//2161 1781//1781 1785//1785
f 2162//2162 2157//2157 2161//2161
f 2163//2163 2162//2162 2161//2161
f 2159//2159 2162//2162 2164//2164
f 2165//2165 2159//2159 2164//2164
f 2166//2166 1785//1785 1789//1789
f 1792//1792 2166//2166 1789//1789
f 2163//2163 2166//2166 2167//2167
f 2168//2168 2163//2163 2167//2167
f 2169//2169 2164//2164 2168//2168
f 2167//2167 1794//1794 2170//2170
f 2171//2171 2167//2167 2170//2170
f 2172//2172 535//535 2151//2151
f 638//638 2172//2172 2173//2173
f 639//639 2173//2173 2174//2174
f 640//640 2174//2174 2175//2175
f 641//641 2175//2175 2176//2176
f 2177//2177 641//641 2176//2176
f 643//643 2177//2177 2178//2178
f 644//644 2178//2178 2179//2179
f 2180//2180 644//644 2179//2179
f 646//646 2180//2180 2181//2181
f 2182//2182 646//646 2181//2181
f 2183//2183 2182//2182 2181//2181
f 648//648 2182//2182 2184//2184
f 2185//2185 2151//2151 2156//2156
f 2173//2173 2185//2185 2186//2186
f 2174//2174 2186//2186 2187//2187
f 2175//2175 2187//2187 2188//2188
f 2176//2176 2188//2188 2189//2189
f 2177//2177 2189//2189 2190//2190
f 2178//2178 2190//2190 2191//2191
f 2179//2179 2191//2191 2192//2192
f 2193//2193 2179//2179 2192//2192
f 2194//2194 2180//2180 2193//2193
f 2183//2183 2194//2194 2195//2195
f 2196//2196 2183//2183 2195//2195
f 2185//2185 2160//2160 2198//2198
f 2186//2186 2198//2198 2199//2199
f 2187//2187 2199//2199 2200//2200
f 2188//2188 2200//2200 2201//2201
f 2189//2189 2201//2201 2202//2202
f 2190//2190 2202//2202 2203//2203
f 2191//2191 2203//2203 2204//2204
f 2205//2205 2191//2191 2204//2204
f 2206//2206 2205//2205 2204//2204
f 2193//2193 2205//2205 2207//2207
f 2208//2208 2193//2193 2207//2207
f 2209//2209 2194//2194 2208//2208
f 2210//2210 2195//2195 2209//2209
f 2197//2197 2210//2210 2211//2211
f 2198//2198 2165//2165 2212//2212
f 2213//2213 2198//2198 2212//2212
f 2214//2214 2213//2213 2212//2212
f 2200//2200 2213//2213 2215//2215
f 2216//2216 2200//2200 2215//2215
f 2217//2217 2201//2201 2216//2216
f 2218//2218 2217//2217 2216//2216
f 2203//2203 2217//2217 2219//2219
f 2220//2220 2203//2203 2219//2219
f 2206//2206 2220//2220 2221//2221
f 2222//2222 2206//2206 2221//2221
f 2223//2223 2207//2207 2222//2222
f 2224//2224 2223//2223 2222//2222
f 2209//2209 2223//2223 2225//2225
f 2226//2226 2209//2209 2225//2225
f 2227//2227 2226//2226 2225//2225
f 2211//2211 2226//2226 2228//2228
f 2229//2229 2169//2169 2168//2168
f 2212//2212 2169//2169 2230//2230
f 2214//2214 2230//2230 2231//2231
f 2232//2232 2214//2214 2231//2231
f 2233//2233 2215//2215 2232//2232
f 2218//2218 2233//2233 2234//2234
f 2235//2235 2218//2218 2234//2234
f 2236//2236 2235//2235 2234//2234
f 2220//2220 2235//2235 2237//2237
f 2238//2238 2220//2220 2237//2237
f 2239//2239 2221//2221 2238//2238
f 2224//2224 2239//2239 2240//2240
f 2241//2241 2224//2224 2240//2240
f 2227//2227 2241//2241 2242//2242
f 2243//2243 2227//2227 2242//2242
f 2244//2244 1794//1794 1958//1958
f 2244//2244 2171//2171 2170//2170
f 2229//2229 2171//2171 2245//2245
f 2246//2246 2229//2229 2245//2245
f 2247//2247 2246//2246 2245//2245
f 2231//2231 2246//2246 2248//2248
f 2249//2249 2231//2231 2248//2248
f 2250//2250 2249//2249 2248//2248
f 2233//2233 2249//2249 2251//2251
f 2252//2252 2233//2233 2251//2251
f 2236//2236 2252//2252 2253//2253
f 2254//2254 2236//2236 2253//2253
f 2255//2255 2254//2254 2253//2253
f 2238//2238 2254//2254 2256//2256
f 2257//2257 2238//2238 2256//2256
f 2258//2258 2257//2257 2256//2256
f 2240//2240 2257//2257 2259//2259
f 2260//2260 2240//2240 2259//2259
f 2261//2261 2260//2260 2259//2259
f 2242//2242 2260//2260 2262//2262
f 2263//2263 2242//2242 2262//2262
f 2264//2264 1958//1958 1973//1973
f 2265//2265 2244//2244 2264//2264
f 2266//2266 2265//2265 2264//2264
f 2247//2247 2265//2265 2267//2267
f 2268//2268 2247//2247 2267//2267
f 2269//2269 2268//2268 2267//2267
f 2250//2250 2268//2268 2270//2270
f 2271//2271 2250//2250 2270//2270
f 2272//2272 2271//2271 2270//2270
f 2252//2252 2271//2271 2273//2273
f 2274//2274 2273//2273 2272//2272
f 2275//2275 2252//2252 2273//2273
f 2255//2255 2275//2275 2276//2276
f 2277//2277 2255//2255 2276//2276
f 2278//2278 2277//2277 2276//2276
f 2258//2258 2277//2277 2279//2279
f 2280//2280 2258//2258 2279//2279
f 2261//2261 2280//2280 2281//2281
f 2282//2282 2261//2261 2281//2281
f 2283//2283 2262//2262 2282//2282
f 2284//2284 1973//1973 1984//1984
f 1986//1986 2284//2284 1984//1984
f 2266//2266 2284//2284 2285//2285
f 2286//2286 2266//2266 2285//2285
f 1994//1994 2285//2285 1986//1986
f 2287//2287 2286//2286 2285//2285
f 2269//2269 2286//2286 2288//2288
f 2289//2289 2269//2269 2288//2288
f 2290//2290 2289//2289 2288//2288
f 2272//2272 2289//2289 2291//2291
f 2274//2274 2291//2291 2292//2292
f 2293//2293 2274//2274 2292//2292
f 2294//2294 2293//2293 2292//2292
f 2276//2276 2293//2293 2295//2295
f 2278//2278 2295//2295 2296//2296
f 2297//2297 2278//2278 2296//2296
f 2298//2298 2279//2279 2297//2297
f 2299//2299 2298//2298 2297//2297
f 2281//2281 2298//2298 2300//2300
f 2301//2301 2281//2281 2300//2300
f 2302//2302 648//648 2184//2184
f 2303//2303 670//670 2302//2302
f 2304//2304 671//671 2303//2303
f 2305//2305 2184//2184 2196//2196
f 2197//2197 2305//2305 2196//2196
f 2303//2303 2305//2305 2306//2306
f 2307//2307 2303//2303 2306//2306
f 2308//2308 2197//2197 2211//2211
f 2309//2309 2211//2211 2228//2228
f 2310//2310 2228//2228 2243//2243
f 2287//2287 2052//2052 2311//2311
f 2312//2312 2287//2287 2311//2311
f 2313//2313 2052//2052 2060//2060
f 2313//2313 2312//2312 2311//2311
f 2290//2290 2312//2312 2314//2314
f 2315//2315 2290//2290 2314//2314
f 2316//2316 2314//2314 2313//2313
f 2317//2317 2315//2315 2314//2314
f 2292//2292 2315//2315 2318//2318
f 2319//2319 2318//2318 2317//2317
f 2294//2294 2318//2318 2320//2320
f 2321//2321 2294//2294 2320//2320
f 2322//2322 2321//2321 2320//2320
f 2296//2296 2321//2321 2323//2323
f 2324//2324 2296//2296 2323//2323
f 2325//2325 2324//2324 2323//2323
f 2299//2299 2324//2324 2326//2326
f 2327//2327 2299//2299 2326//2326
f 2328//2328 2060//2060 2070//2070
f 2329//2329 2070//2070 2078//2078
f 2316//2316 2328//2328 2329//2329
f 2330//2330 2316//2316 2329//2329
f 2080//2080 2329//2329 2078//2078
f 2331//2331 2330//2330 2329//2329
f 2319//2319 2330//2330 2332//2332
f 2333//2333 2319//2319 2332//2332
f 2334//2334 2332//2332 2331//2331
f 2335//2335 2333//2333 2332//2332
f 2322//2322 2333//2333 2336//2336
f 2337//2337 2322//2322 2336//2336
f 2338//2338 2337//2337 2336//2336
f 2325//2325 2337//2337 2339//2339
f 2340//2340 2325//2325 2339//2339
f 2341//2341 2326//2326 2340//2340
f 2342//2342 2080//2080 2093//2093
f 2094//2094 2342//2342 2093//2093
f 2334//2334 2342//2342 2343//2343
f 2344//2344 2334//2334 2343//2343
f 2345//2345 2335//2335 2344//2344
f 2346//2346 2345//2345 2344//2344
f 2338//2338 2345//2345 2347//2347
f 2348//2348 2338//2338 2347//2347
f 2349//2349 2339//2339 2348//2348
f 2350//2350 2094//2094 2111//2111
f 2351//2351 2343//2343 2350//2350
f 2112//2112 2350//2350 2111//2111
f 2352//2352 2351//2351 2350//2350
f 2346//2346 2351//2351 2353//2353
f 2354//2354 2346//2346 2353//2353
f 2355//2355 2347//2347 2354//2354
f 2356//2356 2112//2112 2129//2129
f 2357//2357 2352//2352 2356//2356
f 2358//2358 2129//2129 2143//2143
f 2359//2359 320//320 944//944
f 946//946 2359//2359 944//944
f 2361//2361 946//946 947//947
f 948//948 2361//2361 947//947
f 950//950 2362//2362 948//948
f 2364//2364 950//950 951//951
f 952//952 2364//2364 951//951
f 953//953 2365//2365 952//952
f 954//954 2366//2366 953//953
f 955//955 2367//2367 954//954
f 956//956 2368//2368 955//955
f 957//957 2369//2369 956//956
f 2371//2371 957//957 958//958
f 2372//2372 1807//1807 2359//2359
f 2360//2360 2372//2372 2359//2359
f 2361//2361 2373//2373 2360//2360
f 2362//2362 2374//2374 2361//2361
f 2376//2376 2362//2362 2363//2363
f 2364//2364 2376//2376 2363//2363
f 2365//2365 2377//2377 2364//2364
f 2366//2366 2378//2378 2365//2365
f 2367//2367 2379//2379 2366//2366
f 2368//2368 2380//2380 2367//2367
f 2369//2369 2381//2381 2368//2368
f 2383//2383 2369//2369 2370//2370
f 2384//2384 2370//2370 2371//2371
f 2385//2385 1822//1822 2372//2372
f 2373//2373 2385//2385 2372//2372
f 2374//2374 2386//2386 2373//2373
f 2375//2375 2387//2387 2374//2374
f 2376//2376 2388//2388 2375//2375
f 2377//2377 2389//2389 2376//2376
f 2378//2378 2390//2390 2377//2377
f 2379//2379 2391//2391 2378//2378
f 2380//2380 2392//2392 2379//2379
f 2394//2394 2380//2380 2381//2381
f 2395//2395 2394//2394 2396//2396
f 2382//2382 2394//2394 2381//2381
f 2397//2397 2382//2382 2383//2383
f 2384//2384 2397//2397 2383//2383
f 2385//2385 1850//1850 1837//1837
f 2386//2386 2399//2399 2385//2385
f 2387//2387 2400//2400 2386//2386
f 2402//2402 2387//2387 2388//2388
f 2389//2389 2402//2402 2388//2388
f 2390//2390 2403//2403 2389//2389
f 2405//2405 2390//2390 2391//2391
f 2392//2392 2405//2405 2391//2391
f 2407//2407 2392//2392 2393//2393
f 2395//2395 2407//2407 2393//2393
f 2409//2409 2395//2395 2396//2396
f 2410//2410 2396//2396 2397//2397
f 2411//2411 2410//2410 2412//2412
f 2398//2398 2410//2410 2397//2397
f 2399//2399 1864//1864 1850//1850
f 2414//2414 2399//2399 2400//2400
f 2415//2415 2400//2400 2401//2401
f 2416//2416 2401//2401 2402//2402
f 2403//2403 2416//2416 2402//2402
f 2418//2418 2403//2403 2404//2404
f 2419//2419 2404//2404 2405//2405
f 2406//2406 2419//2419 2405//2405
f 2407//2407 2420//2420 2406//2406
f 2423//2423 2407//2407 2408//2408
f 2423//2423 2422//2422 2421//2421
f 2409//2409 2423//2423 2408//2408
f 2411//2411 2424//2424 2409//2409
f 2426//2426 2411//2411 2412//2412
f 2413//2413 1878//1878 1864//1864
f 2429//2429 2413//2413 2414//2414
f 2429//2429 2428//2428 2427//2427
f 2415//2415 2429//2429 2414//2414
f 2431//2431 2415//2415 2416//2416
f 2417//2417 2431//2431 2416//2416
f 2433//2433 2417//2417 2418//2418
f 2434//2434 2418//2418 2419//2419
f 2435//2435 2419//2419 2420//2420
f 2436//2436 2420//2420 2421//2421
f 2422//2422 2436//2436 2421//2421
f 2438//2438 2422//2422 2424//2424
f 2440//2440 2424//2424 2425//2425
f 2440//2440 2439//2439 2438//2438
f 2426//2426 2440//2440 2425//2425
f 2442//2442 1878//1878 2427//2427
f 2442//2442 1894//1894 1893//1893
f 2428//2428 2442//2442 2427//2427
f 2444//2444 2428//2428 2430//2430
f 2431//2431 2444//2444 2430//2430
f 2447//2447 2431//2431 2432//2432
f 2447//2447 2446//2446 2445//2445
f 2433//2433 2447//2447 2432//2432
f 2449//2449 2433//2433 2434//2434
f 2450//2450 2434//2434 2435//2435
f 2451//2451 2435//2435 2436//2436
f 2452//2452 2436//2436 2437//2437
f 2453//2453 2437//2437 2438//2438
f 2439//2439 2453//2453 2438//2438
f 2455//2455 2439//2439 2441//2441
f 2456//2456 1894//1894 2443//2443
f 2444//2444 2456//2456 2443//2443
f 2458//2458 2444//2444 2445//2445
f 2446//2446 2458//2458 2445//2445
f 2460//2460 2446//2446 2448//2448
f 2449//2449 2460//2460 2448//2448
f 2462//2462 2449//2449 2450//2450
f 2463//2463 2450//2450 2451//2451
f 2464//2464 2451//2451 2452//2452
f 2465//2465 2452//2452 2453//2453
f 2466//2466 2453//2453 2454//2454
f 2467//2467 2454//2454 2455//2455
f 2468//2468 958//958 995//995
f 2469//2469 2371//2371 2468//2468
f 2470//2470 2384//2384 2469//2469
f 2471//2471 2398//2398 2470//2470
f 2471//2471 2426//2426 2412//2412
f 2473//2473 2426//2426 2472//2472
f 2473//2473 2455//2455 2441//2441
f 2474//2474 2467//2467 2455//2455
f 2476//2476 995//995 1075//1075
f 2477//2477 1075//1075 1076//1076
f 1078//1078 2477//2477 1076//1076
f 2479//2479 1078//1078 1079//1079
f 1080//1080 2479//2479 1079//1079
f 2481//2481 2480//2480 2482//2482
f 1081//1081 2480//2480 1080//1080
f 2483//2483 1081//1081 1082//1082
f 1084//1084 2483//2483 1082//1082
f 2485//2485 1084//1084 1085//1085
f 1086//1086 2485//2485 1085//1085
f 2487//2487 1086//1086 1087//1087
f 2488//2488 1087//1087 1088//1088
f 2489//2489 2468//2468 2476//2476
f 2490//2490 2476//2476 2477//2477
f 2491//2491 2477//2477 2478//2478
f 2492//2492 2478//2478 2479//2479
f 2481//2481 2492//2492 2479//2479
f 2494//2494 2481//2481 2482//2482
f 2483//2483 2494//2494 2482//2482
f 2496//2496 2483//2483 2484//2484
f 2497//2497 2484//2484 2485//2485
f 2498//2498 2485//2485 2486//2486
f 2499//2499 2486//2486 2487//2487
f 2500//2500 2487//2487 2488//2488
f 2501//2501 2469//2469 2489//2489
f 2502//2502 2489//2489 2490//2490
f 2503//2503 2490//2490 2491//2491
f 2504//2504 2491//2491 2492//2492
f 2505//2505 2492//2492 2493//2493
f 2494//2494 2505//2505 2493//2493
f 2495//2495 2506//2506 2494//2494
f 2508//2508 2495//2495 2496//2496
f 2497//2497 2508//2508 2496//2496
f 2510//2510 2497//2497 2498//2498
f 2511//2511 2510//2510 2512//2512
f 2499//2499 2510//2510 2498//2498
f 2500//2500 2512//2512 2499//2499
f 2501//2501 2471//2471 2470//2470
f 2516//2516 2501//2501 2502//2502
f 2517//2517 2502//2502 2503//2503
f 2518//2518 2503//2503 2504//2504
f 2519//2519 2504//2504 2505//2505
f 2506//2506 2519//2519 2505//2505
f 2507//2507 2520//2520 2506//2506
f 2522//2522 2507//2507 2508//2508
f 2523//2523 2508//2508 2509//2509
f 2511//2511 2523//2523 2509//2509
f 2525//2525 2511//2511 2512//2512
f 2513//2513 2525//2525 2512//2512
f 2514//2514 2526//2526 2513//2513
f 2515//2515 2472//2472 2471//2471
f 2529//2529 2515//2515 2516//2516
f 2517//2517 2529//2529 2516//2516
f 2531//2531 2517//2517 2518//2518
f 2532//2532 2518//2518 2519//2519
f 2520//2520 2532//2532 2519//2519
f 2521//2521 2533//2533 2520//2520
f 2535//2535 2521//2521 2522//2522
f 2536//2536 2522//2522 2523//2523
f 2537//2537 2523//2523 2524//2524
f 2538//2538 2524//2524 2525//2525
f 2526//2526 2538//2538 2525//2525
f 2527//2527 2539//2539 2526//2526
f 2541//2541 2472//2472 2528//2528
f 2529//2529 2541//2541 2528//2528
f 2530//2530 2542//2542 2529//2529
f 2531//2531 2543//2543 2530//2530
f 2532//2532 2544//2544 2531//2531
f 2546//2546 2532//2532 2533//2533
f 2547//2547 2533//2533 2534//2534
f 2535//2535 2547//2547 2534//2534
f 2536//2536 2548//2548 2535//2535
f 2537//2537 2549//2549 2536//2536
f 2538//2538 2550//2550 2537//2537
f 2539//2539 2551//2551 2538//2538
f 2553//2553 2539//2539 2540//2540
f 2541//2541 2474//2474 2473//2473
f 2542//2542 2554//2554 2541//2541
f 2543//2543 2555//2555 2542//2542
f 2544//2544 2556//2556 2543//2543
f 2545//2545 2557//2557 2544//2544
f 2559//2559 2545//2545 2546//2546
f 2560//2560 2546//2546 2547//2547
f 2548//2548 2560//2560 2547//2547
f 2549//2549 2561//2561 2548//2548
f 2564//2564 2549//2549 2550//2550
f 2564//2564 2563//2563 2562//2562
f 2551//2551 2564//2564 2550//2550
f 2566//2566 2551//2551 2552//2552
f 2554//2554 2475//2475 2474//2474
f 2555//2555 2567//2567 2554//2554
f 2556//2556 2568//2568 2555//2555
f 2557//2557 2569//2569 2556//2556
f 2572//2572 2557//2557 2558//2558
f 2572//2572 2571//2571 2570//2570
f 2559//2559 2572//2572 2558//2558
f 2574//2574 2559//2559 2560//2560
f 2561//2561 2574//2574 2560//2560
f 2576//2576 2561//2561 2562//2562
f 2563//2563 2576//2576 2562//2562
f 2578//2578 2563//2563 2565//2565
f 2566//2566 2578//2578 2565//2565
f 2456//2456 2012//2012 1910//1910
f 2582//2582 2456//2456 2457//2457
f 2582//2582 2581//2581 2580//2580
f 2584//2584 2457//2457 2458//2458
f 2584//2584 2583//2583 2582//2582
f 2459//2459 2584//2584 2458//2458
f 2586//2586 2459//2459 2460//2460
f 2588//2588 2460//2460 2461//2461
f 2588//2588 2587//2587 2586//2586
f 2462//2462 2588//2588 2461//2461
f 2590//2590 2462//2462 2463//2463
f 2591//2591 2463//2463 2464//2464
f 2592//2592 2464//2464 2465//2465
f 2593//2593 2465//2465 2466//2466
f 2594//2594 2466//2466 2467//2467
f 2595//2595 2012//2012 2580//2580
f 2595//2595 2026//2026 2025//2025
f 2581//2581 2595//2595 2580//2580
f 2597//2597 2581//2581 2583//2583
f 2585//2585 2597//2597 2583//2583
f 2600//2600 2585//2585 2586//2586
f 2600//2600 2599//2599 2598//2598
f 2587//2587 2600//2600 2586//2586
f 2602//2602 2587//2587 2589//2589
f 2604//2604 2589//2589 2590//2590
f 2604//2604 2603//2603 2602//2602
f 2591//2591 2604//2604 2590//2590
f 2607//2607 2591//2591 2592//2592
f 2607//2607 2606//2606 2605//2605
f 2593//2593 2607//2607 2592//2592
f 2609//2609 2593//2593 2594//2594
f 2610//2610 2026//2026 2596//2596
f 2610//2610 2036//2036 2035//2035
f 2597//2597 2610//2610 2596//2596
f 2613//2613 2610//2610 2612//2612
f 2614//2614 2597//2597 2598//2598
f 2614//2614 2613//2613 2612//2612
f 2599//2599 2614//2614 2598//2598
f 2616//2616 2599//2599 2601//2601
f 2618//2618 2601//2601 2602//2602
f 2618//2618 2617//2617 2616//2616
f 2603//2603 2618//2618 2602//2602
f 2620//2620 2603//2603 2605//2605
f 2606//2606 2620//2620 2605//2605
f 2622//2622 2606//2606 2608//2608
f 2611//2611 2042//2042 2036//2036
f 2624//2624 2042//2042 2623//2623
f 2613//2613 2623//2623 2611//2611
f 2625//2625 2624//2624 2623//2623
f 2627//2627 2613//2613 2615//2615
f 2628//2628 2625//2625 2627//2627
f 2629//2629 2615//2615 2616//2616
f 2629//2629 2628//2628 2627//2627
f 2617//2617 2629//2629 2616//2616
f 2631//2631 2617//2617 2619//2619
f 2633//2633 2619//2619 2620//2620
f 2633//2633 2632//2632 2631//2631
f 2621//2621 2633//2633 2620//2620
f 2635//2635 2621//2621 2622//2622
f 2636//2636 2043//2043 2624//2624
f 2637//2637 2046//2046 2636//2636
f 2626//2626 2636//2636 2624//2624
f 2638//2638 2637//2637 2636//2636
f 2640//2640 2626//2626 2628//2628
f 2640//2640 2639//2639 2638//2638
f 2642//2642 2628//2628 2630//2630
f 2643//2643 2640//2640 2642//2642
f 2644//2644 2630//2630 2631//2631
f 2644//2644 2643//2643 2642//2642
f 2632//2632 2644//2644 2631//2631
f 2646//2646 2632//2632 2634//2634
f 2637//2637 2048//2048 2047//2047
f 2648//2648 2637//2637 2639//2639
f 2641//2641 2648//2648 2639//2639
f 2643//2643 2649//2649 2641//2641
f 2651//2651 2643//2643 2645//2645
f 2475//2475 2594//2594 2467//2467
f 2609//2609 2653//2653 2608//2608
f 2652//2652 2609//2609 2594//2594
f 2653//2653 2622//2622 2608//2608
f 2657//2657 2653//2653 2654//2654
f 2655//2655 2657//2657 2654//2654
f 2635//2635 2659//2659 2634//2634
f 2656//2656 2635//2635 2622//2622
f 2662//2662 2656//2656 2657//2657
f 2662//2662 2661//2661 2660//2660
f 2658//2658 2662//2662 2657//2657
f 2646//2646 2665//2665 2645//2645
f 2659//2659 2646//2646 2634//2634
f 2667//2667 2659//2659 2660//2660
f 2661//2661 2667//2667 2660//2660
f 2669//2669 2661//2661 2663//2663
f 2664//2664 2669//2669 2663//2663
f 2672//2672 2048//2048 2647//2647
f 2673//2673 2136//2136 2672//2672
f 2674//2674 2137//2137 2673//2673
f 2675//2675 2141//2141 2140//2140
f 2676//2676 2142//2142 2141//2141
f 2677//2677 2143//2143 2142//2142
f 2679//2679 2647//2647 2648//2648
f 2681//2681 2648//2648 2649//2649
f 2650//2650 2681//2681 2649//2649
f 2651//2651 2682//2682 2650//2650
f 2665//2665 2651//2651 2645//2645
f 2685//2685 2665//2665 2666//2666
f 2685//2685 2684//2684 2683//2683
f 2688//2688 2666//2666 2667//2667
f 2688//2688 2686//2686 2685//2685
f 2668//2668 2688//2688 2667//2667
f 2689//2689 2687//2687 2686//2686
f 2691//2691 2668//2668 2669//2669
f 2691//2691 2690//2690 2689//2689
f 2670//2670 2691//2691 2669//2669
f 2671//2671 2692//2692 2670//2670
f 2673//2673 2695//2695 2696//2696
f 2674//2674 2696//2696 2697//2697
f 2674//2674 2144//2144 2138//2138
f 2698//2698 2144//2144 2697//2697
f 2698//2698 2146//2146 2145//2145
f 2675//2675 2146//2146 2699//2699
f 2700//2700 2675//2675 2699//2699
f 2677//2677 2700//2700 2701//2701
f 2702//2702 2677//2677 2701//2701
f 2679//2679 2695//2695 2672//2672
f 2704//2704 2695//2695 2703//2703
f 2705//2705 2696//2696 2704//2704
f 2706//2706 2697//2697 2705//2705
f 2707//2707 2698//2698 2706//2706
f 2707//2707 2700//2700 2699//2699
f 2708//2708 2701//2701 2700//2700
f 2709//2709 2702//2702 2701//2701
f 2680//2680 2702//2702 2710//2710
f 2711//2711 2679//2679 2681//2681
f 2711//2711 2704//2704 2703//2703
f 2713//2713 2704//2704 2712//2712
f 2714//2714 2710//2710 2709//2709
f 2682//2682 2711//2711 2681//2681
f 2716//2716 2712//2712 2711//2711
f 2718//2718 2712//2712 2717//2717
f 2719//2719 2682//2682 2683//2683
f 2719//2719 2717//2717 2716//2716
f 2684//2684 2719//2719 2683//2683
f 2721//2721 2717//2717 2720//2720
f 2722//2722 2684//2684 2686//2686
f 2722//2722 2721//2721 2720//2720
f 2687//2687 2722//2722 2686//2686
f 2725//2725 2687//2687 2690//2690
f 2725//2725 2724//2724 2723//2723
f 2728//2728 2690//2690 2692//2692
f 2728//2728 2726//2726 2725//2725
f 2693//2693 2728//2728 2692//2692
f 2729//2729 2727//2727 2726//2726
f 2694//2694 2729//2729 2693//2693
f 2706//2706 2732//2732 2733//2733
f 2734//2734 2706//2706 2733//2733
f 2735//2735 2707//2707 2734//2734
f 2736//2736 2708//2708 2735//2735
f 2713//2713 2732//2732 2705//2705
f 2738//2738 2732//2732 2737//2737
f 2739//2739 2733//2733 2738//2738
f 2739//2739 2735//2735 2734//2734
f 2740//2740 2736//2736 2735//2735
f 2714//2714 2736//2736 2741//2741
f 2742//2742 2714//2714 2741//2741
f 2743//2743 2713//2713 2718//2718
f 2744//2744 2737//2737 2743//2743
f 2744//2744 2739//2739 2738//2738
f 2745//2745 2740//2740 2739//2739
f 2747//2747 2740//2740 2746//2746
f 2747//2747 2742//2742 2741//2741
f 2721//2721 2743//2743 2718//2718
f 2749//2749 2744//2744 2743//2743
f 2750//2750 2745//2745 2744//2744
f 2751//2751 2746//2746 2745//2745
f 2752//2752 2747//2747 2746//2746
f 2754//2754 2747//2747 2753//2753
f 2755//2755 2721//2721 2723//2723
f 2755//2755 2750//2750 2749//2749
f 2724//2724 2755//2755 2723//2723
f 2757//2757 2750//2750 2756//2756
f 2758//2758 2751//2751 2757//2757
f 2759//2759 2752//2752 2758//2758
f 2760//2760 2724//2724 2726//2726
f 2760//2760 2757//2757 2756//2756
f 2727//2727 2760//2760 2726//2726
f 2762//2762 2757//2757 2761//2761
f 2762//2762 2759//2759 2758//2758
f 2765//2765 2727//2727 2730//2730
f 2765//2765 2762//2762 2761//2761
f 2731//2731 2765//2765 2730//2730
f 2767//2767 2762//2762 2766//2766
f 2767//2767 2764//2764 2763//2763
f 2567//2567 2652//2652 2475//2475
f 2568//2568 2769//2769 2567//2567
f 2569//2569 2770//2770 2568//2568
f 2772//2772 2569//2569 2570//2570
f 2571//2571 2772//2772 2570//2570
f 2774//2774 2571//2571 2573//2573
f 2574//2574 2774//2774 2573//2573
f 2575//2575 2775//2775 2574//2574
f 2576//2576 2776//2776 2575//2575
f 2577//2577 2777//2777 2576//2576
f 2578//2578 2778//2778 2577//2577
f 2579//2579 2779//2779 2578//2578
f 2781//2781 2652//2652 2769//2769
f 2781//2781 2655//2655 2654//2654
f 2770//2770 2781//2781 2769//2769
f 2784//2784 2770//2770 2771//2771
f 2784//2784 2783//2783 2782//2782
f 2772//2772 2784//2784 2771//2771
f 2786//2786 2772//2772 2773//2773
f 2774//2774 2786//2786 2773//2773
f 2775//2775 2787//2787 2774//2774
f 2790//2790 2775//2775 2776//2776
f 2790//2790 2789//2789 2788//2788
f 2777//2777 2790//2790 2776//2776
f 2778//2778 2791//2791 2777//2777
f 2794//2794 2778//2778 2779//2779
f 2794//2794 2793//2793 2792//2792
f 2780//2780 2794//2794 2779//2779
f 2796//2796 2655//2655 2782//2782
f 2783//2783 2796//2796 2782//2782
f 2798//2798 2783//2783 2785//2785
f 2786//2786 2798//2798 2785//2785
f 2801//2801 2786//2786 2787//2787
f 2801//2801 2800//2800 2799//2799
f 2788//2788 2801//2801 2787//2787
f 2789//2789 2802//2802 2788//2788
f 2805//2805 2789//2789 2791//2791
f 2805//2805 2804//2804 2803//2803
f 2792//2792 2805//2805 2791//2791
f 2793//2793 2806//2806 2792//2792
f 2808//2808 2793//2793 2795//2795
f 2809//2809 2658//2658 2796//2796
f 2809//2809 2664//2664 2663//2663
f 2797//2797 2809//2809 2796//2796
f 2812//2812 2797//2797 2798//2798
f 2812//2812 2811//2811 2810//2810
f 2799//2799 2812//2812 2798//2798
f 2800//2800 2813//2813 2799//2799
f 2816//2816 2800//2800 2802//2802
f 2816//2816 2815//2815 2814//2814
f 2803//2803 2816//2816 2802//2802
f 2804//2804 2817//2817 2803//2803
f 2819//2819 2804//2804 2806//2806
f 2807//2807 2819//2819 2806//2806
f 2821//2821 2664//2664 2810//2810
f 2821//2821 2671//2671 2670//2670
f 2811//2811 2821//2821 2810//2810
f 2824//2824 2811//2811 2813//2813
f 2824//2824 2823//2823 2822//2822
f 2814//2814 2824//2824 2813//2813
f 2815//2815 2825//2825 2814//2814
f 2828//2828 2815//2815 2817//2817
f 2828//2828 2827//2827 2826//2826
f 2818//2818 2828//2828 2817//2817
f 2831//2831 2818//2818 2819//2819
f 2831//2831 2830//2830 2829//2829
f 2820//2820 2831//2831 2819//2819
f 2833//2833 2671//2671 2822//2822
f 2833//2833 2694//2694 2693//2693
f 2823//2823 2833//2833 2822//2822
f 2836//2836 2823//2823 2825//2825
f 2836//2836 2835//2835 2834//2834
f 2826//2826 2836//2836 2825//2825
f 2827//2827 2837//2837 2826//2826
f 2840//2840 2827//2827 2829//2829
f 2840//2840 2839//2839 2838//2838
f 2830//2830 2840//2840 2829//2829
f 2842//2842 2694//2694 2834//2834
f 2842//2842 2731//2731 2730//2730
f 2835//2835 2842//2842 2834//2834
f 2846//2846 2835//2835 2837//2837
f 2846//2846 2844//2844 2843//2843
f 2838//2838 2846//2846 2837//2837
f 2847//2847 2845//2845 2844//2844
f 2839//2839 2847//2847 2838//2838
f 2849//2849 2839//2839 2841//2841
f 2850//2850 2731//2731 2843//2843
f 2850//2850 2767//2767 2766//2766
f 2844//2844 2850//2850 2843//2843
f 2851//2851 2768//2768 2767//2767
f 2845//2845 2851//2851 2844//2844
f 2853//2853 2845//2845 2848//2848
f 2754//2754 2854//2854 2855//2855
f 2759//2759 2854//2854 2753//2753
f 2857//2857 2854//2854 2856//2856
f 2858//2858 2759//2759 2763//2763
f 2858//2858 2857//2857 2856//2856
f 2764//2764 2858//2858 2763//2763
f 2860//2860 2263//2263 2861//2861
f 2862//2862 2283//2283 2282//2282
f 2861//2861 2283//2283 2863//2863
f 2865//2865 2301//2301 2300//2300
f 2862//2862 2301//2301 2866//2866
f 2867//2867 2862//2862 2866//2866
f 2864//2864 2867//2867 2868//2868
f 2869//2869 672//672 2304//2304
f 2870//2870 1532//1532 2869//2869
f 1534//1534 2870//2870 2871//2871
f 1535//1535 2871//2871 2872//2872
f 1536//1536 2872//2872 2873//2873
f 1537//1537 2873//2873 2874//2874
f 2875//2875 1537//1537 2874//2874
f 1540//1540 2875//2875 2876//2876
f 2877//2877 1540//1540 2876//2876
f 1542//1542 2877//2877 2878//2878
f 2879//2879 1542//1542 2878//2878
f 2880//2880 2879//2879 2878//2878
f 1544//1544 2879//2879 2881//2881
f 2882//2882 1544//1544 2881//2881
f 2883//2883 2307//2307 2306//2306
f 2869//2869 2307//2307 2884//2884
f 2885//2885 2869//2869 2884//2884
f 2886//2886 2885//2885 2884//2884
f 2871//2871 2885//2885 2887//2887
f 2888//2888 2871//2871 2887//2887
f 2889//2889 2888//2888 2887//2887
f 2873//2873 2888//2888 2890//2890
f 2891//2891 2873//2873 2890//2890
f 2892//2892 2891//2891 2890//2890
f 2875//2875 2891//2891 2893//2893
f 2894//2894 2875//2875 2893//2893
f 2877//2877 2894//2894 2895//2895
f 2896//2896 2877//2877 2895//2895
f 2880//2880 2896//2896 2897//2897
f 2898//2898 2880//2880 2897//2897
f 2882//2882 2898//2898 2899//2899
f 2883//2883 2308//2308 2900//2900
f 2901//2901 2883//2883 2900//2900
f 2886//2886 2901//2901 2902//2902
f 2903//2903 2886//2886 2902//2902
f 2889//2889 2903//2903 2904//2904
f 2905//2905 2889//2889 2904//2904
f 2892//2892 2905//2905 2906//2906
f 2907//2907 2892//2892 2906//2906
f 2894//2894 2907//2907 2908//2908
f 2909//2909 2894//2894 2908//2908
f 2910//2910 2909//2909 2908//2908
f 2896//2896 2909//2909 2911//2911
f 2897//2897 2911//2911 2912//2912
f 2913//2913 2897//2897 2912//2912
f 2914//2914 2913//2913 2912//2912
f 2899//2899 2913//2913 2915//2915
f 2916//2916 2308//2308 2309//2309
f 2917//2917 2900//2900 2916//2916
f 2918//2918 2901//2901 2917//2917
f 2903//2903 2918//2918 2919//2919
f 2904//2904 2919//2919 2920//2920
f 2905//2905 2920//2920 2921//2921
f 2906//2906 2921//2921 2922//2922
f 2923//2923 2906//2906 2922//2922
f 2924//2924 2923//2923 2922//2922
f 2908//2908 2923//2923 2925//2925
f 2910//2910 2925//2925 2926//2926
f 2927//2927 2910//2910 2926//2926
f 2912//2912 2927//2927 2928//2928
f 2914//2914 2928//2928 2929//2929
f 2930//2930 2914//2914 2929//2929
f 2860//2860 2310//2310 2243//2243
f 2916//2916 2310//2310 2931//2931
f 2932//2932 2916//2916 2931//2931
f 2933//2933 2932//2932 2931//2931
f 2918//2918 2932//2932 2934//2934
f 2935//2935 2918//2918 2934//2934
f 2936//2936 2935//2935 2934//2934
f 2920//2920 2935//2935 2937//2937
f 2938//2938 2920//2920 2937//2937
f 2939//2939 2938//2938 2937//2937
f 2922//2922 2938//2938 2940//2940
f 2924//2924 2940//2940 2941//2941
f 2942//2942 2924//2924 2941//2941
f 2926//2926 2942//2942 2943//2943
f 2944//2944 2926//2926 2943//2943
f 2945//2945 2944//2944 2943//2943
f 2928//2928 2944//2944 2946//2946
f 2947//2947 2928//2928 2946//2946
f 2948//2948 2860//2860 2861//2861
f 2933//2933 2948//2948 2949//2949
f 2950//2950 2933//2933 2949//2949
f 2936//2936 2950//2950 2951//2951
f 2952//2952 2936//2936 2951//2951
f 2939//2939 2952//2952 2953//2953
f 2954//2954 2939//2939 2953//2953
f 2941//2941 2954//2954 2955//2955
f 2956//2956 2941//2941 2955//2955
f 2957//2957 2956//2956 2955//2955
f 2943//2943 2956//2956 2958//2958
f 2945//2945 2958//2958 2959//2959
f 2960//2960 2945//2945 2959//2959
f 2961//2961 2960//2960 2959//2959
f 2947//2947 2960//2960 2962//2962
f 2963//2963 2861//2861 2863//2863
f 2864//2864 2963//2963 2863//2863
f 2949//2949 2963//2963 2964//2964
f 2965//2965 2949//2949 2964//2964
f 2966//2966 2965//2965 2964//2964
f 2951//2951 2965//2965 2967//2967
f 2968//2968 2951//2951 2967//2967
f 2969//2969 2968//2968 2967//2967
f 2953//2953 2968//2968 2970//2970
f 2971//2971 2953//2953 2970//2970
f 2972//2972 2971//2971 2970//2970
f 2955//2955 2971//2971 2973//2973
f 2957//2957 2973//2973 2974//2974
f 2975//2975 2957//2957 2974//2974
f 2976//2976 2975//2975 2974//2974
f 2959//2959 2975//2975 2977//2977
f 2961//2961 2977//2977 2978//2978
f 2979//2979 2961//2961 2978//2978
f 2980//2980 2864//2864 2868//2868
f 2966//2966 2980//2980 2981//2981
f 2982//2982 2966//2966 2981//2981
f 2969//2969 2982//2982 2983//2983
f 2984//2984 2969//2969 2983//2983
f 2985//2985 2984//2984 2983//2983
f 2972//2972 2984//2984 2986//2986
f 2987//2987 2972//2972 2986//2986
f 2988//2988 2987//2987 2986//2986
f 2974//2974 2987//2987 2989//2989
f 2976//2976 2989//2989 2990//2990
f 2991//2991 2976//2976 2990//2990
f 2992//2992 2991//2991 2990//2990
f 2978//2978 2991//2991 2993//2993
f 2994//2994 1088//1088 1633//1633
f 1635//1635 2994//2994 1633//1633
f 2996//2996 1635//1635 1636//1636
f 1637//1637 2996//2996 1636//1636
f 2998//2998 1637//1637 1638//1638
f 1640//1640 2998//2998 1638//1638
f 3000//3000 1640//1640 1641//1641
f 1642//1642 3000//3000 1641//1641
f 1643//1643 3001//3001 1642//1642
f 1644//1644 3002//3002 1643//1643
f 3004//3004 2488//2488 2994//2994
f 3005//3005 2994//2994 2995//2995
f 3006//3006 2995//2995 2996//2996
f 2997//2997 3006//3006 2996//2996
f 3008//3008 2997//2997 2998//2998
f 3009//3009 3008//3008 3010//3010
f 2999//2999 3008//3008 2998//2998
f 3011//3011 2999//2999 3000//3000
f 3001//3001 3011//3011 3000//3000
f 3002//3002 3012//3012 3001//3001
f 3003//3003 3013//3013 3002//3002
f 3015//3015 2500//2500 3004//3004
f 2514//2514 3015//3015 3016//3016
f 3005//3005 3015//3015 3004//3004
f 3017//3017 3005//3005 3006//3006
f 3018//3018 3006//3006 3007//3007
f 3009//3009 3018//3018 3007//3007
f 3020//3020 3009//3009 3010//3010
f 3011//3011 3020//3020 3010//3010
f 3012//3012 3021//3021 3011//3011
f 3013//3013 3022//3022 3012//3012
f 3014//3014 3023//3023 3013//3013
f 3025//3025 2514//2514 3016//3016
f 3017//3017 3025//3025 3016//3016
f 3027//3027 3017//3017 3018//3018
f 3028//3028 3018//3018 3019//3019
f 3029//3029 3019//3019 3020//3020
f 3021//3021 3029//3029 3020//3020
f 3022//3022 3030//3030 3021//3021
f 3023//3023 3031//3031 3022//3022
f 3024//3024 3032//3032 3023//3023
f 3025//3025 2540//2540 2527//2527
f 3026//3026 3034//3034 3025//3025
f 3027//3027 3035//3035 3026//3026
f 3028//3028 3036//3036 3027//3027
f 3029//3029 3037//3037 3028//3028
f 3039//3039 3029//3029 3030//3030
f 3040//3040 3030//3030 3031//3031
f 3041//3041 3031//3031 3032//3032
f 3042//3042 3032//3032 3033//3033
f 2553//2553 3043//3043 2552//2552
f 3034//3034 2553//2553 2540//2540
f 3045//3045 3034//3034 3035//3035
f 3036//3036 3045//3045 3035//3035
f 3037//3037 3046//3046 3036//3036
f 3038//3038 3047//3047 3037//3037
f 3049//3049 3038//3038 3039//3039
f 3050//3050 3039//3039 3040//3040
f 3051//3051 3040//3040 3041//3041
f 3052//3052 3041//3041 3042//3042
f 3043//3043 2566//2566 2552//2552
f 3054//3054 3043//3043 3044//3044
f 3045//3045 3054//3054 3044//3044
f 3046//3046 3055//3055 3045//3045
f 3058//3058 3046//3046 3047//3047
f 3058//3058 3057//3057 3056//3056
f 3048//3048 3058//3058 3047//3047
f 3060//3060 3048//3048 3049//3049
f 3061//3061 3049//3049 3050//3050
f 3062//3062 3050//3050 3051//3051
f 3063//3063 3051//3051 3052//3052
f 3053//3053 2579//2579 2566//2566
f 3054//3054 3064//3064 3053//3053
f 3055//3055 3065//3065 3054//3054
f 3067//3067 3055//3055 3056//3056
f 3057//3057 3067//3067 3056//3056
f 3070//3070 3057//3057 3059//3059
f 3070//3070 3069//3069 3068//3068
f 3060//3060 3070//3070 3059//3059
f 3072//3072 3060//3060 3061//3061
f 3073//3073 3061//3061 3062//3062
f 3074//3074 3062//3062 3063//3063
f 1755//1755 2882//2882 3075//3075
f 3076//3076 1755//1755 3075//3075
f 3077//3077 3076//3076 3075//3075
f 1757//1757 3076//3076 3078//3078
f 3080//3080 3077//3077 3079//3079
f 3080//3080 1758//1758 1759//1759
f 3080//3080 1757//1757 3078//3078
f 3081//3081 1758//1758 3079//3079
f 3083//3083 1761//1761 1762//1762
f 1762//1762 3081//3081 3083//3083
f 1764//1764 3084//3084 1763//1763
f 3085//3085 1761//1761 3082//3082
f 1765//1765 3003//3003 1644//1644
f 3087//3087 1765//1765 1766//1766
f 3088//3088 1766//1766 1767//1767
f 3089//3089 1767//1767 1768//1768
f 1769//1769 3089//3089 1768//1768
f 3090//3090 1763//1763 3084//3084
f 3091//3091 2882//2882 2899//2899
f 3077//3077 3091//3091 3092//3092
f 3093//3093 3077//3077 3092//3092
f 3081//3081 3093//3093 3094//3094
f 3083//3083 3095//3095 3082//3082
f 3083//3083 3094//3094 3096//3096
f 3098//3098 3084//3084 3085//3085
f 3085//3085 3095//3095 3098//3098
f 3086//3086 3014//3014 3003//3003
f 3100//3100 3086//3086 3087//3087
f 3101//3101 3087//3087 3088//3088
f 3102//3102 3088//3088 3089//3089
f 3103//3103 3089//3089 3090//3090
f 3103//3103 3084//3084 3097//3097
f 3104//3104 2899//2899 2915//2915
f 3105//3105 3091//3091 3104//3104
f 3093//3093 3105//3105 3106//3106
f 3094//3094 3106//3106 3107//3107
f 3096//3096 3108//3108 3095//3095
f 3096//3096 3107//3107 3109//3109
f 3111//3111 3097//3097 3098//3098
f 3111//3111 3095//3095 3108//3108
f 3099//3099 3024//3024 3014//3014
f 3113//3113 3099//3099 3100//3100
f 3114//3114 3100//3100 3101//3101
f 3115//3115 3101//3101 3102//3102
f 3116//3116 3102//3102 3103//3103
f 3103//3103 3110//3110 3116//3116
f 3117//3117 2930//2930 2929//2929
f 3104//3104 2930//2930 3118//3118
f 3119//3119 3104//3104 3118//3118
f 3106//3106 3119//3119 3120//3120
f 3107//3107 3120//3120 3122//3122
f 3124//3124 3121//3121 3123//3123
f 3124//3124 3108//3108 3109//3109
f 3124//3124 3107//3107 3122//3122
f 3127//3127 3110//3110 3111//3111
f 3127//3127 3108//3108 3123//3123
f 3128//3128 3024//3024 3112//3112
f 3113//3113 3128//3128 3112//3112
f 3114//3114 3129//3129 3113//3113
f 3115//3115 3130//3130 3114//3114
f 3132//3132 3125//3125 3131//3131
f 3132//3132 3115//3115 3116//3116
f 3132//3132 3110//3110 3126//3126
f 3117//3117 2947//2947 3133//3133
f 3134//3134 3117//3117 3133//3133
f 3135//3135 3134//3134 3133//3133
f 3119//3119 3134//3134 3136//3136
f 3138//3138 3135//3135 3137//3137
f 3120//3120 3136//3136 3138//3138
f 3140//3140 3137//3137 3139//3139
f 3140//3140 3121//3121 3122//3122
f 3140//3140 3120//3120 3138//3138
f 3142//3142 3121//3121 3139//3139
f 3144//3144 3125//3125 3126//3126
f 3145//3145 3141//3141 3144//3144
f 3145//3145 3126//3126 3127//3127
f 3145//3145 3123//3123 3142//3142
f 3128//3128 3042//3042 3033//3033
f 3129//3129 3146//3146 3128//3128
f 3130//3130 3147//3147 3129//3129
f 3149//3149 3130//3130 3131//3131
f 3149//3149 3125//3125 3143//3143
f 3150//3150 2947//2947 2962//2962
f 3135//3135 3150//3150 3151//3151
f 3137//3137 3151//3151 3152//3152
f 3153//3153 3137//3137 3152//3152
f 3155//3155 3141//3141 3142//3142
f 3155//3155 3139//3139 3153//3153
f 3157//3157 3143//3143 3144//3144
f 3157//3157 3141//3141 3154//3154
f 3146//3146 3052//3052 3042//3042
f 3147//3147 3158//3158 3146//3146
f 3148//3148 3159//3159 3147//3147
f 3161//3161 3148//3148 3149//3149
f 3149//3149 3156//3156 3161//3161
f 3162//3162 2979//2979 2978//2978
f 3150//3150 2979//2979 3163//3163
f 3164//3164 3150//3150 3163//3163
f 3165//3165 3151//3151 3164//3164
f 3153//3153 3165//3165 3167//3167
f 3170//3170 3166//3166 3169//3169
f 3170//3170 3154//3154 3155//3155
f 3170//3170 3153//3153 3167//3167
f 3173//3173 3168//3168 3172//3172
f 3173//3173 3156//3156 3157//3157
f 3173//3173 3154//3154 3169//3169
f 3158//3158 3063//3063 3052//3052
f 3159//3159 3174//3174 3158//3158
f 3176//3176 3159//3159 3160//3160
f 3177//3177 3171//3171 3176//3176
f 3177//3177 3160//3160 3161//3161
f 3177//3177 3156//3156 3172//3172
f 3162//3162 2993//2993 3178//3178
f 3179//3179 3162//3162 3178//3178
f 3180//3180 3179//3179 3178//3178
f 3164//3164 3179//3179 3181//3181
f 3183//3183 3180//3180 3182//3182
f 3165//3165 3181//3181 3183//3183
f 3186//3186 3182//3182 3185//3185
f 3186//3186 3166//3166 3167//3167
f 3186//3186 3165//3165 3183//3183
f 3188//3188 3184//3184 3187//3187
f 3188//3188 3168//3168 3169//3169
f 3188//3188 3166//3166 3185//3185
f 3191//3191 3171//3171 3172//3172
f 3191//3191 3168//3168 3187//3187
f 3174//3174 3074//3074 3063//3063
f 3193//3193 3174//3174 3175//3175
f 3194//3194 3189//3189 3193//3193
f 3194//3194 3175//3175 3176//3176
f 3194//3194 3171//3171 3190//3190
f 2865//2865 2327//2327 3195//3195
f 3196//3196 2865//2865 3195//3195
f 3197//3197 2866//2866 3196//3196
f 3198//3198 3197//3197 3196//3196
f 2868//2868 3197//3197 3199//3199
f 3201//3201 2341//2341 2340//2340
f 3195//3195 2341//2341 3202//3202
f 3203//3203 3195//3195 3202//3202
f 3204//3204 3203//3203 3202//3202
f 3198//3198 3203//3203 3205//3205
f 3206//3206 3198//3198 3205//3205
f 3207//3207 3206//3206 3205//3205
f 3200//3200 3206//3206 3208//3208
f 3210//3210 2349//2349 2348//2348
f 3201//3201 2349//2349 3211//3211
f 3212//3212 3201//3201 3211//3211
f 3213//3213 3212//3212 3211//3211
f 3204//3204 3212//3212 3214//3214
f 3215//3215 3204//3204 3214//3214
f 3216//3216 3215//3215 3214//3214
f 3207//3207 3215//3215 3217//3217
f 3218//3218 3207//3207 3217//3217
f 3219//3219 3218//3218 3217//3217
f 3209//3209 3218//3218 3220//3220
f 3222//3222 2354//2354 2353//2353
f 3223//3223 2355//2355 2354//2354
f 3210//3210 2355//2355 3224//3224
f 3225//3225 3210//3210 3224//3224
f 3226//3226 3225//3225 3224//3224
f 3213//3213 3225//3225 3227//3227
f 3228//3228 3213//3213 3227//3227
f 3229//3229 3228//3228 3227//3227
f 3216//3216 3228//3228 3230//3230
f 3231//3231 3216//3216 3230//3230
f 3232//3232 3231//3231 3230//3230
f 3219//3219 3231//3231 3233//3233
f 3234//3234 3219//3219 3233//3233
f 3235//3235 3234//3234 3233//3233
f 3221//3221 3234//3234 3236//3236
f 3238//3238 2357//2357 2356//2356
f 3222//3222 2357//2357 3239//3239
f 3240//3240 3222//3222 3239//3239
f 3241//3241 3223//3223 3240//3240
f 3242//3242 3240//3240 3239//3239
f 3243//3243 3241//3241 3240//3240
f 3226//3226 3241//3241 3244//3244
f 3245//3245 3226//3226 3244//3244
f 3246//3246 3245//3245 3244//3244
f 3229//3229 3245//3245 3247//3247
f 3248//3248 3229//3229 3247//3247
f 3249//3249 3248//3248 3247//3247
f 3232//3232 3248//3248 3250//3250
f 3251//3251 3232//3232 3250//3250
f 3252//3252 3251//3251 3250//3250
f 3235//3235 3251//3251 3253//3253
f 3254//3254 3235//3235 3253//3253
f 3255//3255 3254//3254 3253//3253
f 3237//3237 3254//3254 3256//3256
f 2678//2678 2358//2358 2143//2143
f 3238//3238 2358//2358 3259//3259
f 3260//3260 3238//3238 3259//3259
f 2680//2680 3259//3259 2678//2678
f 3261//3261 3260//3260 3259//3259
f 3242//3242 3260//3260 3262//3262
f 3263//3263 3242//3242 3262//3262
f 3264//3264 3243//3243 3263//3263
f 3265//3265 3263//3263 3262//3262
f 3266//3266 3264//3264 3263//3263
f 3246//3246 3264//3264 3267//3267
f 3268//3268 3246//3246 3267//3267
f 3269//3269 3268//3268 3267//3267
f 3249//3249 3268//3268 3270//3270
f 3271//3271 3249//3249 3270//3270
f 3272//3272 3271//3271 3270//3270
f 3252//3252 3271//3271 3273//3273
f 3274//3274 3252//3252 3273//3273
f 3275//3275 3274//3274 3273//3273
f 3255//3255 3274//3274 3276//3276
f 3277//3277 3255//3255 3276//3276
f 3278//3278 3276//3276 3275//3275
f 3279//3279 3277//3277 3276//3276
f 3257//3257 3277//3277 3280//3280
f 3281//3281 3280//3280 3279//3279
f 3258//3258 3280//3280 3282//3282
f 3283//3283 2680//2680 2710//2710
f 3284//3284 3261//3261 3283//3283
f 2715//2715 3283//3283 2710//2710
f 3285//3285 3284//3284 3283//3283
f 3265//3265 3284//3284 3286//3286
f 3287//3287 3265//3265 3286//3286
f 3288//3288 3266//3266 3287//3287
f 3289//3289 3287//3287 3286//3286
f 3290//3290 3288//3288 3287//3287
f 3269//3269 3288//3288 3291//3291
f 3292//3292 3269//3269 3291//3291
f 3293//3293 3291//3291 3290//3290
f 3294//3294 3292//3292 3291//3291
f 3272//3272 3292//3292 3295//3295
f 3296//3296 3272//3272 3295//3295
f 3297//3297 3295//3295 3294//3294
f 3298//3298 3296//3296 3295//3295
f 3275//3275 3296//3296 3299//3299
f 3300//3300 3299//3299 3298//3298
f 3278//3278 3299//3299 3301//3301
f 3302//3302 3278//3278 3301//3301
f 3304//3304 3300//3300 3303//3303
f 3304//3304 3302//3302 3301//3301
f 3281//3281 3302//3302 3305//3305
f 3285//3285 2742//2742 3306//3306
f 3307//3307 3285//3285 3306//3306
f 2748//2748 3306//3306 2742//2742
f 3308//3308 3307//3307 3306//3306
f 3289//3289 3307//3307 3309//3309
f 3310//3310 3289//3289 3309//3309
f 3311//3311 2748//2748 2754//2754
f 3312//3312 3308//3308 3311//3311
f 3312//3312 3310//3310 3309//3309
f 3293//3293 3310//3310 3313//3313
f 3314//3314 3293//3293 3313//3313
f 3316//3316 3311//3311 3315//3315
f 3317//3317 3312//3312 3316//3316
f 3317//3317 3314//3314 3313//3313
f 3297//3297 3314//3314 3318//3318
f 3319//3319 3297//3297 3318//3318
f 3321//3321 3315//3315 3320//3320
f 3322//3322 3316//3316 3321//3321
f 3323//3323 3317//3317 3322//3322
f 3323//3323 3319//3319 3318//3318
f 3300//3300 3319//3319 3324//3324
f 3325//3325 2764//2764 2768//2768
f 3325//3325 3321//3321 3320//3320
f 3326//3326 3322//3322 3321//3321
f 3328//3328 3322//3322 3327//3327
f 3328//3328 3324//3324 3323//3323
f 3329//3329 3300//3300 3324//3324
f 3330//3330 2868//2868 3199//3199
f 3200//3200 3330//3330 3199//3199
f 2981//2981 3330//3330 3331//3331
f 3332//3332 2981//2981 3331//3331
f 3333//3333 3332//3332 3331//3331
f 2983//2983 3332//3332 3334//3334
f 2985//2985 3334//3334 3335//3335
f 3336//3336 2985//2985 3335//3335
f 2988//2988 3336//3336 3337//3337
f 3338//3338 2988//2988 3337//3337
f 3339//3339 3338//3338 3337//3337
f 2990//2990 3338//3338 3340//3340
f 2992//2992 3340//3340 3341//3341
f 3342//3342 2992//2992 3341//3341
f 3343//3343 3200//3200 3208//3208
f 3209//3209 3343//3343 3208//3208
f 3333//3333 3343//3343 3344//3344
f 3345//3345 3333//3333 3344//3344
f 3346//3346 3345//3345 3344//3344
f 3335//3335 3345//3345 3347//3347
f 3348//3348 3335//3335 3347//3347
f 3349//3349 3348//3348 3347//3347
f 3337//3337 3348//3348 3350//3350
f 3339//3339 3350//3350 3351//3351
f 3352//3352 3339//3339 3351//3351
f 3353//3353 3352//3352 3351//3351
f 3341//3341 3352//3352 3354//3354
f 3355//3355 3209//3209 3220//3220
f 3221//3221 3355//3355 3220//3220
f 3346//3346 3355//3355 3356//3356
f 3357//3357 3346//3346 3356//3356
f 3358//3358 3357//3357 3356//3356
f 3349//3349 3357//3357 3359//3359
f 3360//3360 3349//3349 3359//3359
f 3361//3361 3360//3360 3359//3359
f 3351//3351 3360//3360 3362//3362
f 3363//3363 3362//3362 3361//3361
f 3353//3353 3362//3362 3364//3364
f 3365//3365 3221//3221 3236//3236
f 3237//3237 3365//3365 3236//3236
f 3358//3358 3365//3365 3366//3366
f 3367//3367 3358//3358 3366//3366
f 3368//3368 3367//3367 3366//3366
f 3361//3361 3367//3367 3369//3369
f 3370//3370 3369//3369 3368//3368
f 3363//3363 3369//3369 3371//3371
f 3372//3372 3363//3363 3371//3371
f 3373//3373 3237//3237 3256//3256
f 3257//3257 3373//3373 3256//3256
f 3368//3368 3373//3373 3374//3374
f 3258//3258 3374//3374 3257//3257
f 3370//3370 3374//3374 3375//3375
f 3376//3376 3370//3370 3375//3375
f 3377//3377 3258//3258 3282//3282
f 3064//3064 2780//2780 2579//2579
f 3380//3380 3064//3064 3065//3065
f 3380//3380 3379//3379 3378//3378
f 3066//3066 3380//3380 3065//3065
f 3382//3382 3066//3066 3067//3067
f 3068//3068 3382//3382 3067//3067
f 3069//3069 3383//3383 3068//3068
f 3388//3388 3069//3069 3071//3071
f 3388//3388 3385//3385 3384//3384
f 3072//3072 3388//3388 3071//3071
f 3390//3390 3385//3385 3389//3389
f 3073//3073 3389//3389 3072//3072
f 3390//3390 3387//3387 3386//3386
f 3391//3391 3073//3073 3074//3074
f 3392//3392 2780//2780 3378//3378
f 3379//3379 3392//3392 3378//3378
f 3395//3395 3379//3379 3381//3381
f 3395//3395 3394//3394 3393//3393
f 3382//3382 3395//3395 3381//3381
f 3397//3397 3382//3382 3383//3383
f 3398//3398 3383//3383 3384//3384
f 3385//3385 3398//3398 3384//3384
f 3386//3386 3399//3399 3385//3385
f 3401//3401 3386//3386 3387//3387
f 2808//2808 3402//3402 2807//2807
f 3392//3392 2808//2808 2795//2795
f 3404//3404 3392//3392 3393//3393
f 3394//3394 3404//3404 3393//3393
f 3409//3409 3394//3394 3396//3396
f 3409//3409 3406//3406 3405//3405
f 3397//3397 3409//3409 3396//3396
f 3411//3411 3397//3397 3398//3398
f 3412//3412 3398//3398 3399//3399
f 3400//3400 3412//3412 3399//3399
f 3414//3414 3407//3407 3413//3413
f 3414//3414 3400//3400 3401//3401
f 3402//3402 2820//2820 2807//2807
f 3418//3418 3402//3402 3403//3403
f 3418//3418 3416//3416 3415//3415
f 3404//3404 3418//3418 3403//3403
f 3420//3420 3404//3404 3405//3405
f 3406//3406 3420//3420 3405//3405
f 3425//3425 3407//3407 3408//3408
f 3426//3426 3406//3406 3410//3410
f 3426//3426 3422//3422 3421//3421
f 3411//3411 3426//3426 3410//3410
f 3428//3428 3422//3422 3427//3427
f 3428//3428 3411//3411 3412//3412
f 3429//3429 3423//3423 3428//3428
f 3429//3429 3412//3412 3413//3413
f 3429//3429 3407//3407 3424//3424
f 2832//2832 3431//3431 2830//2830
f 3415//3415 2832//2832 2820//2820
f 3416//3416 3433//3433 3415//3415
f 3441//3441 3416//3416 3419//3419
f 3441//3441 3435//3435 3434//3434
f 3420//3420 3441//3441 3419//3419
f 3443//3443 3435//3435 3442//3442
f 3443//3443 3420//3420 3421//3421
f 3444//3444 3436//3436 3443//3443
f 3422//3422 3443//3443 3421//3421
f 3444//3444 3438//3438 3437//3437
f 3423//3423 3444//3444 3422//3422
f 3445//3445 3439//3439 3438//3438
f 3446//3446 3423//3423 3424//3424
f 3447//3447 3439//3439 3446//3446
f 3447//3447 3424//3424 3425//3425
f 3447//3447 3417//3417 3440//3440
f 3449//3449 3281//3281 3448//3448
f 3452//3452 3448//3448 3451//3451
f 3431//3431 2841//2841 2830//2830
f 3459//3459 3450//3450 3458//3458
f 3460//3460 3451//3451 3459//3459
f 3460//3460 3430//3430 3452//3452
f 3461//3461 3431//3431 3433//3433
f 3461//3461 3454//3454 3453//3453
f 3434//3434 3461//3461 3433//3433
f 3463//3463 3454//3454 3462//3462
f 3435//3435 3462//3462 3434//3434
f 3464//3464 3455//3455 3463//3463
f 3436//3436 3463//3463 3435//3435
f 3464//3464 3457//3457 3456//3456
f 3465//3465 3436//3436 3437//3437
f 3466//3466 3457//3457 3465//3465
f 3466//3466 3437//3437 3438//3438
f 3466//3466 3459//3459 3458//3458
f 3439//3439 3466//3466 3438//3438
f 3468//3468 3459//3459 3467//3467
f 3468//3468 3439//3439 3440//3440
f 3468//3468 3432//3432 3460//3460
f 3470//3470 3303//3303 3469//3469
f 3470//3470 3305//3305 3304//3304
f 3471//3471 3281//3281 3305//3305
f 3476//3476 3470//3470 3469//3469
f 3478//3478 3470//3470 3477//3477
f 3478//3478 3450//3450 3451//3451
f 3478//3478 3448//3448 3471//3471
f 2849//2849 3472//3472 2848//2848
f 3453//3453 2849//2849 2841//2841
f 3479//3479 3473//3473 3472//3472
f 3454//3454 3479//3479 3453//3453
f 3480//3480 3474//3474 3473//3473
f 3481//3481 3454//3454 3455//3455
f 3482//3482 3474//3474 3481//3481
f 3482//3482 3455//3455 3456//3456
f 3483//3483 3475//3475 3482//3482
f 3457//3457 3482//3482 3456//3456
f 3484//3484 3476//3476 3483//3483
f 3484//3484 3457//3457 3458//3458
f 3484//3484 3450//3450 3477//3477
f 3485//3485 2768//2768 2852//2852
f 3486//3486 3325//3325 3485//3485
f 3486//3486 3327//3327 3326//3326
f 3487//3487 3328//3328 3327//3327
f 3489//3489 3328//3328 3488//3488
f 3469//3469 3329//3329 3489//3489
f 2853//2853 3485//3485 2852//2852
f 3472//3472 2853//2853 2848//2848
f 3490//3490 3486//3486 3485//3485
f 3491//3491 3472//3472 3473//3473
f 3491//3491 3487//3487 3486//3486
f 3474//3474 3491//3491 3473//3473
f 3493//3493 3487//3487 3492//3492
f 3475//3475 3492//3492 3474//3474
f 3494//3494 3488//3488 3493//3493
f 3494//3494 3475//3475 3476//3476
f 3494//3494 3469//3469 3489//3489
f 3495//3495 3342//3342 3341//3341
f 3178//3178 3342//3342 3496//3496
f 3498//3498 3495//3495 3497//3497
f 3180//3180 3496//3496 3498//3498
f 3499//3499 3498//3498 3497//3497
f 3500//3500 3180//3180 3498//3498
f 3502//3502 3499//3499 3501//3501
f 3502//3502 3184//3184 3185//3185
f 3502//3502 3182//3182 3500//3500
f 3504//3504 3184//3184 3501//3501
f 3507//3507 3189//3189 3190//3190
f 3508//3508 3503//3503 3507//3507
f 3508//3508 3190//3190 3191//3191
f 3508//3508 3187//3187 3504//3504
f 3391//3391 3505//3505 3387//3387
f 3509//3509 3074//3074 3192//3192
f 3510//3510 3505//3505 3509//3509
f 3510//3510 3192//3192 3193//3193
f 3510//3510 3189//3189 3506//3506
f 3511//3511 3354//3354 3353//3353
f 3495//3495 3354//3354 3512//3512
f 3513//3513 3495//3495 3512//3512
f 3499//3499 3513//3513 3515//3515
f 3517//3517 3514//3514 3516//3516
f 3517//3517 3499//3499 3515//3515
f 3520//3520 3516//3516 3519//3519
f 3520//3520 3503//3503 3504//3504
f 3520//3520 3501//3501 3517//3517
f 3521//3521 3387//3387 3505//3505
f 3522//3522 3505//3505 3506//3506
f 3523//3523 3518//3518 3522//3522
f 3523//3523 3506//3506 3507//3507
f 3523//3523 3503//3503 3519//3519
f 3511//3511 3364//3364 3524//3524
f 3525//3525 3511//3511 3524//3524
f 3526//3526 3525//3525 3524//3524
f 3513//3513 3525//3525 3527//3527
f 3530//3530 3526//3526 3529//3529
f 3530//3530 3514//3514 3515//3515
f 3530//3530 3513//3513 3527//3527
f 3532//3532 3528//3528 3531//3531
f 3532//3532 3514//3514 3529//3529
f 3535//3535 3531//3531 3534//3534
f 3535//3535 3518//3518 3519//3519
f 3535//3535 3516//3516 3532//3532
f 3414//3414 3533//3533 3408//3408
f 3536//3536 3401//3401 3521//3521
f 3537//3537 3533//3533 3536//3536
f 3537//3537 3521//3521 3522//3522
f 3537//3537 3518//3518 3534//3534
f 3538//3538 3372//3372 3371//3371
f 3524//3524 3372//3372 3539//3539
f 3541//3541 3538//3538 3540//3540
f 3526//3526 3539//3539 3541//3541
f 3544//3544 3540//3540 3543//3543
f 3544//3544 3528//3528 3529//3529
f 3544//3544 3526//3526 3541//3541
f 3546//3546 3542//3542 3545//3545
f 3546//3546 3528//3528 3543//3543
f 3547//3547 3417//3417 3425//3425
f 3547//3547 3408//3408 3533//3533
f 3548//3548 3545//3545 3547//3547
f 3548//3548 3533//3533 3534//3534
f 3548//3548 3531//3531 3546//3546
f 3549//3549 3376//3376 3375//3375
f 3538//3538 3376//3376 3550//3550
f 3552//3552 3549//3549 3551//3551
f 3540//3540 3550//3550 3552//3552
f 3553//3553 3430//3430 3432//3432
f 3554//3554 3551//3551 3553//3553
f 3554//3554 3542//3542 3543//3543
f 3554//3554 3540//3540 3552//3552
f 3555//3555 3432//3432 3440//3440
f 3555//3555 3417//3417 3545//3545
f 3555//3555 3542//3542 3553//3553
f 3449//3449 3377//3377 3282//3282
f 3549//3549 3377//3377 3556//3556
f 3557//3557 3449//3449 3452//3452
f 3557//3557 3430//3430 3551//3551
f 3557//3557 3549//3549 3556//3556
f 3558//3558 2754//2754 2855//2855
f 2857//2857 3558//3558 2855//2855
f 3315//3315 3558//3558 3559//3559
f 3560//3560 2857//2857 2859//2859
f 3560//3560 2764//2764 3320//3320
f 3560//3560 3315//3315 3559//3559
f 8//8 7//7 5//5
f 10//10 9//9 7//7
f 10//10 8//8 1//1
f 11//11 9//9 10//10
f 3//3 12//12 10//10
f 17//17 16//16 14//14
f 17//17 6//6 5//5
f 17//17 15//15 4//4
f 18//18 16//16 5//5
f 19//19 18//18 7//7
f 11//11 20//20 19//19
f 21//21 20//20 11//11
f 27//27 26//26 23//23
f 28//28 27//27 24//24
f 28//28 15//15 14//14
f 28//28 25//25 13//13
f 30//30 29//29 26//26
f 30//30 27//27 14//14
f 31//31 29//29 30//30
f 18//18 32//32 30//30
f 34//34 33//33 31//31
f 34//34 32//32 18//18
f 36//36 35//35 33//33
f 36//36 34//34 19//19
f 40//40 24//24 23//23
f 41//41 40//40 37//37
f 41//41 25//25 24//24
f 41//41 38//38 22//22
f 26//26 43//43 39//39
f 45//45 44//44 42//42
f 45//45 43//43 26//26
f 46//46 44//44 45//45
f 47//47 45//45 29//29
f 49//49 48//48 46//46
f 33//33 49//49 47//47
f 50//50 48//48 49//49
f 35//35 51//51 49//49
f 57//57 56//56 52//52
f 57//57 53//53 54//54
f 60//60 59//59 55//55
f 60//60 56//56 57//57
f 61//61 57//57 58//58
f 70//70 69//69 63//63
f 70//70 64//64 65//65
f 72//72 71//71 65//65
f 72//72 53//53 52//52
f 73//73 72//72 66//66
f 54//54 53//53 72//72
f 75//75 74//74 68//68
f 75//75 69//69 70//70
f 77//77 76//76 70//70
f 77//77 56//56 55//55
f 77//77 71//71 52//52
f 78//78 74//74 75//75
f 80//80 79//79 75//75
f 80//80 76//76 55//55
f 89//89 88//88 81//81
f 90//90 89//89 82//82
f 90//90 64//64 63//63
f 91//91 90//90 83//83
f 65//65 64//64 90//90
f 92//92 91//91 84//84
f 92//92 66//66 65//65
f 92//92 85//85 86//86
f 67//67 66//66 92//92
f 95//95 94//94 87//87
f 96//96 95//95 88//88
f 96//96 69//69 68//68
f 96//96 89//89 63//63
f 98//98 97//97 94//94
f 98//98 95//95 68//68
f 99//99 97//97 98//98
f 78//78 100//100 98//98
f 109//109 108//108 101//101
f 109//109 82//82 81//81
f 109//109 102//102 103//103
f 110//110 83//83 82//82
f 111//111 110//110 103//103
f 84//84 83//83 110//110
f 111//111 104//104 105//105
f 85//85 84//84 111//111
f 113//113 86//86 85//85
f 115//115 114//114 106//106
f 116//116 115//115 107//107
f 116//116 88//88 87//87
f 116//116 108//108 81//81
f 117//117 93//93 86//86
f 119//119 118//118 114//114
f 119//119 115//115 87//87
f 120//120 2//2 1//1
f 120//120 118//118 119//119
f 97//97 121//121 119//119
f 3//3 2//2 120//120
f 123//123 122//122 120//120
f 123//123 121//121 97//97
f 127//127 102//102 101//101
f 128//128 103//103 102//102
f 129//129 104//104 103//103
f 105//105 104//104 129//129
f 133//133 132//132 124//124
f 133//133 107//107 106//106
f 134//134 133//133 125//125
f 134//134 108//108 107//107
f 134//134 126//126 101//101
f 135//135 112//112 105//105
f 135//135 130//130 131//131
f 113//113 112//112 135//135
f 137//137 6//6 4//4
f 137//137 132//132 106//106
f 138//138 8//8 6//6
f 138//138 118//118 1//1
f 138//138 137//137 114//114
f 139//139 12//12 3//3
f 147//147 146//146 140//140
f 147//147 125//125 124//124
f 147//147 141//141 142//142
f 148//148 126//126 125//125
f 148//148 142//142 143//143
f 127//127 126//126 148//148
f 150//150 149//149 143//143
f 128//128 127//127 149//149
f 150//150 144//144 145//145
f 129//129 128//128 150//150
f 152//152 130//130 129//129
f 131//131 130//130 152//152
f 154//154 15//15 13//13
f 154//154 132//132 4//4
f 154//154 146//146 124//124
f 156//156 141//141 140//140
f 157//157 142//142 141//141
f 158//158 143//143 142//142
f 144//144 143//143 158//158
f 145//145 144//144 159//159
f 163//163 25//25 22//22
f 163//163 146//146 13//13
f 163//163 155//155 140//140
f 164//164 151//151 145//145
f 164//164 160//160 161//161
f 152//152 151//151 164//164
f 165//165 161//161 162//162
f 153//153 152//152 165//165
f 167//167 155//155 22//22
f 156//156 155//155 167//167
f 157//157 156//156 168//168
f 170//170 158//158 157//157
f 171//171 159//159 158//158
f 172//172 160//160 159//159
f 161//161 160//160 172//172
f 162//162 161//161 173//173
f 175//175 166//166 162//162
f 181//181 177//177 176//176
f 185//185 180//180 179//179
f 186//186 185//185 182//182
f 186//186 181//181 180//180
f 186//186 183//183 178//178
f 188//188 183//183 182//182
f 190//190 185//185 184//184
f 190//190 187//187 182//182
f 193//193 188//188 187//187
f 195//195 194//194 191//191
f 195//195 190//190 189//189
f 195//195 192//192 187//187
f 198//198 192//192 191//191
f 193//193 192//192 198//198
f 200//200 197//197 191//191
f 204//204 38//38 37//37
f 207//207 206//206 202//202
f 207//207 40//40 39//39
f 207//207 203//203 37//37
f 209//209 208//208 205//205
f 209//209 43//43 42//42
f 209//209 206//206 39//39
f 210//210 208//208 42//42
f 211//211 210//210 44//44
f 212//212 211//211 46//46
f 50//50 213//213 212//212
f 214//214 213//213 50//50
f 219//219 203//203 202//202
f 220//220 219//219 215//215
f 220//220 204//204 203//203
f 220//220 216//216 201//201
f 222//222 221//221 217//217
f 222//222 206//206 205//205
f 222//222 218//218 202//202
f 224//224 221//221 205//205
f 226//226 225//225 223//223
f 226//226 224//224 208//208
f 227//227 225//225 226//226
f 211//211 228//228 226//226
f 230//230 229//229 227//227
f 212//212 230//230 228//228
f 231//231 229//229 230//230
f 213//213 232//232 230//230
f 234//234 216//216 215//215
f 236//236 218//218 217//217
f 237//237 219//219 218//218
f 237//237 233//233 215//215
f 239//239 235//235 217//217
f 241//241 240//240 238//238
f 241//241 224//224 223//223
f 241//241 239//239 221//221
f 242//242 240//240 223//223
f 243//243 242//242 225//225
f 229//229 244//244 243//243
f 231//231 245//245 244//244
f 246//246 245//245 231//231
f 249//249 234//234 233//233
f 236//236 235//235 250//250
f 252//252 251//251 247//247
f 252//252 237//237 236//236
f 252//252 248//248 233//233
f 254//254 239//239 238//238
f 254//254 250//250 235//235
f 256//256 253//253 238//238
f 258//258 257//257 255//255
f 242//242 258//258 256//256
f 259//259 257//257 258//258
f 260//260 258//258 242//242
f 261//261 259//259 260//260
f 244//244 262//262 260//260
f 263//263 262//262 244//244
f 265//265 248//248 247//247
f 249//249 248//248 265//265
f 269//269 251//251 250//250
f 269//269 264//264 247//247
f 271//271 270//270 267//267
f 271//271 254//254 253//253
f 271//271 268//268 250//250
f 273//273 256//256 255//255
f 273//273 270//270 253//253
f 274//274 272//272 255//255
f 275//275 274//274 257//257
f 261//261 276//276 275//275
f 277//277 276//276 261//261
f 278//278 276//276 277//277
f 263//263 279//279 277//277
f 281//281 265//265 264//264
f 266//266 265//265 281//281
f 284//284 268//268 267//267
f 269//269 268//268 284//284
f 269//269 285//285 280//280
f 287//287 283//283 267//267
f 289//289 288//288 286//286
f 289//289 273//273 272//272
f 289//289 287//287 270//270
f 290//290 288//288 272//272
f 275//275 291//291 290//290
f 292//292 291//291 275//275
f 278//278 293//293 292//292
f 294//294 293//293 278//278
f 296//296 281//281 280//280
f 297//297 282//282 281//281
f 284//284 283//283 298//298
f 285//285 284//284 299//299
f 285//285 300//300 295//295
f 302//302 287//287 286//286
f 302//302 298//298 283//283
f 303//303 301//301 286//286
f 290//290 304//304 303//303
f 291//291 305//305 304//304
f 306//306 305//305 291//291
f 307//307 306//306 292//292
f 296//296 295//295 308//308
f 310//310 297//297 296//296
f 312//312 299//299 298//298
f 300//300 299//299 312//312
f 313//313 308//308 295//295
f 302//302 301//301 314//314
f 315//315 311//311 298//298
f 303//303 316//316 314//314
f 304//304 317//317 316//316
f 305//305 318//318 317//317
f 319//319 318//318 305//305
f 320//320 319//319 306//306
f 327//327 204//204 201//201
f 167//167 38//38 204//204
f 327//327 321//321 322//322
f 328//328 168//168 167//167
f 328//328 322//322 323//323
f 329//329 169//169 168//168
f 330//330 329//329 323//323
f 170//170 169//169 329//329
f 330//330 324//324 325//325
f 171//171 170//170 330//330
f 332//332 172//172 171//171
f 333//333 173//173 172//172
f 174//174 173//173 333//333
f 335//335 321//321 201//201
f 336//336 322//322 321//321
f 337//337 323//323 322//322
f 324//324 323//323 337//337
f 325//325 324//324 338//338
f 343//343 331//331 325//325
f 343//343 339//339 340//340
f 332//332 331//331 343//343
f 344//344 340//340 341//341
f 345//345 333//333 332//332
f 346//346 345//345 341//341
f 346//346 334//334 333//333
f 346//346 342//342 326//326
f 347//347 335//335 216//216
f 336//336 335//335 347//347
f 349//349 337//337 336//336
f 350//350 338//338 337//337
f 339//339 338//338 350//350
f 340//340 339//339 351//351
f 341//341 340//340 352//352
f 354//354 353//353 176//176
f 354//354 342//342 341//341
f 347//347 234//234 249//249
f 348//348 347//347 355//355
f 357//357 349//349 348//348
f 358//358 350//350 349//349
f 359//359 351//351 350//350
f 352//352 351//351 359//359
f 361//361 360//360 179//179
f 361//361 353//353 352//352
f 361//361 180//180 176//176
f 355//355 249//249 266//266
f 356//356 355//355 362//362
f 364//364 357//357 356//356
f 365//365 358//358 357//357
f 366//366 359//359 358//358
f 367//367 360//360 359//359
f 367//367 184//184 179//179
f 362//362 266//266 282//282
f 369//369 363//363 362//362
f 364//364 363//363 369//369
f 365//365 364//364 370//370
f 366//366 365//365 371//371
f 373//373 367//367 366//366
f 367//367 373//373 189//189
f 374//374 368//368 282//282
f 369//369 368//368 374//374
f 370//370 369//369 375//375
f 371//371 370//370 376//376
f 378//378 372//372 371//371
f 379//379 373//373 372//372
f 379//379 194//194 189//189
f 380//380 374//374 297//297
f 375//375 374//374 380//380
f 376//376 375//375 381//381
f 377//377 376//376 382//382
f 384//384 378//378 377//377
f 385//385 379//379 378//378
f 379//379 385//385 200//200
f 387//387 384//384 383//383
f 58//58 54//54 388//388
f 392//392 62//62 58//58
f 392//392 389//389 390//390
f 393//393 390//390 391//391
f 73//73 67//67 397//397
f 388//388 54//54 73//73
f 402//402 389//389 388//388
f 402//402 398//398 399//399
f 390//390 389//389 402//402
f 403//403 399//399 400//400
f 391//391 390//390 403//403
f 404//404 400//400 401//401
f 407//407 394//394 391//391
f 407//407 404//404 405//405
f 395//395 394//394 407//407
f 408//408 405//405 406//406
f 396//396 395//395 408//408
f 397//397 67//67 93//93
f 414//414 398//398 397//397
f 414//414 411//411 412//412
f 399//399 398//398 414//414
f 415//415 412//412 413//413
f 400//400 399//399 415//415
f 401//401 400//400 416//416
f 419//419 405//405 401//401
f 419//419 417//417 418//418
f 406//406 405//405 419//419
f 422//422 409//409 406//406
f 422//422 420//420 421//421
f 410//410 409//409 422//422
f 117//117 113//113 425//425
f 411//411 93//93 117//117
f 427//427 425//425 426//426
f 412//412 411//411 427//427
f 413//413 412//412 428//428
f 431//431 416//416 413//413
f 431//431 429//429 430//430
f 417//417 416//416 431//431
f 418//418 417//417 432//432
f 435//435 420//420 418//418
f 435//435 433//433 434//434
f 421//421 420//420 435//435
f 438//438 423//423 421//421
f 438//438 436//436 437//437
f 424//424 423//423 438//438
f 136//136 131//131 441//441
f 425//425 113//113 136//136
f 426//426 425//425 442//442
f 445//445 428//428 426//426
f 445//445 443//443 444//444
f 429//429 428//428 445//445
f 430//430 429//429 446//446
f 449//449 432//432 430//430
f 449//449 447//447 448//448
f 433//433 432//432 449//449
f 434//434 433//433 450//450
f 452//452 436//436 434//434
f 437//437 436//436 452//452
f 455//455 439//439 437//437
f 455//455 453//453 454//454
f 440//440 439//439 455//455
f 441//441 131//131 153//153
f 459//459 442//442 441//441
f 459//459 457//457 458//458
f 443//443 442//442 459//459
f 444//444 443//443 460//460
f 463//463 446//446 444//444
f 463//463 461//461 462//462
f 447//447 446//446 463//463
f 448//448 447//447 464//464
f 467//467 450//450 448//448
f 467//467 465//465 466//466
f 451//451 450//450 467//467
f 470//470 452//452 451//451
f 470//470 468//468 469//469
f 453//453 452//452 470//470
f 454//454 453//453 471//471
f 473//473 456//456 454//454
f 474//474 457//457 153//153
f 458//458 457//457 474//474
f 476//476 460//460 458//458
f 477//477 461//461 460//460
f 462//462 461//461 477//477
f 479//479 464//464 462//462
f 465//465 464//464 479//479
f 466//466 465//465 480//480
f 482//482 468//468 466//466
f 469//469 468//468 482//482
f 484//484 471//471 469//469
f 472//472 471//471 484//484
f 486//486 473//473 472//472
f 175//175 174//174 487//487
f 474//474 166//166 175//175
f 475//475 474//474 488//488
f 491//491 476//476 475//475
f 491//491 489//489 490//490
f 477//477 476//476 491//491
f 478//478 477//477 492//492
f 495//495 479//479 478//478
f 495//495 493//493 494//494
f 480//480 479//479 495//495
f 497//497 481//481 480//480
f 482//482 481//481 497//497
f 483//483 482//482 498//498
f 501//501 484//484 483//483
f 501//501 499//499 500//500
f 485//485 484//484 501//501
f 503//503 456//456 473//473
f 486//486 485//485 505//505
f 504//504 473//473 486//486
f 505//505 485//485 502//502
f 509//509 506//506 505//505
f 507//507 506//506 509//509
f 181//181 178//178 513//513
f 514//514 511//511 177//177
f 512//512 511//511 514//514
f 513//513 178//178 183//183
f 519//519 514//514 513//513
f 519//519 517//517 518//518
f 515//515 514//514 519//519
f 516//516 515//515 520//520
f 517//517 183//183 188//188
f 518//518 517//517 522//522
f 524//524 520//520 518//518
f 521//521 520//520 524//524
f 526//526 522//522 188//188
f 523//523 522//522 526//526
f 529//529 524//524 523//523
f 529//529 527//527 528//528
f 525//525 524//524 529//529
f 199//199 196//196 531//531
f 532//532 526//526 193//193
f 533//533 527//527 526//526
f 528//528 527//527 533//533
f 535//535 530//530 528//528
f 334//334 326//326 536//536
f 487//487 174//174 334//334
f 539//539 488//488 487//487
f 539//539 537//537 538//538
f 489//489 488//488 539//539
f 490//490 489//489 540//540
f 542//542 492//492 490//490
f 493//493 492//492 542//542
f 494//494 493//493 543//543
f 545//545 496//496 494//494
f 497//497 496//496 545//545
f 498//498 497//497 546//546
f 548//548 499//499 498//498
f 500//500 499//499 548//548
f 550//550 502//502 500//500
f 536//536 326//326 342//342
f 553//553 537//537 536//536
f 553//553 551//551 552//552
f 538//538 537//537 553//553
f 556//556 540//540 538//538
f 556//556 554//554 555//555
f 541//541 540//540 556//556
f 559//559 542//542 541//541
f 559//559 557//557 558//558
f 543//543 542//542 559//559
f 561//561 544//544 543//543
f 545//545 544//544 561//561
f 546//546 545//545 562//562
f 565//565 547//547 546//546
f 565//565 563//563 564//564
f 548//548 547//547 565//565
f 567//567 549//549 548//548
f 550//550 549//549 567//567
f 354//354 177//177 511//511
f 569//569 551//551 342//342
f 569//569 511//511 512//512
f 552//552 551//551 569//569
f 572//572 554//554 552//552
f 572//572 570//570 571//571
f 555//555 554//554 572//572
f 575//575 557//557 555//555
f 575//575 573//573 574//574
f 558//558 557//557 575//575
f 577//577 560//560 558//558
f 561//561 560//560 577//577
f 562//562 561//561 578//578
f 580//580 563//563 562//562
f 564//564 563//563 580//580
f 582//582 566//566 564//564
f 567//567 566//566 582//582
f 568//568 567//567 583//583
f 585//585 570//570 512//512
f 585//585 515//515 516//516
f 571//571 570//570 585//585
f 587//587 573//573 571//571
f 574//574 573//573 587//587
f 589//589 576//576 574//574
f 577//577 576//576 589//589
f 591//591 578//578 577//577
f 579//579 578//578 591//591
f 580//580 579//579 592//592
f 594//594 581//581 580//580
f 582//582 581//581 594//594
f 583//583 582//582 595//595
f 584//584 583//583 596//596
f 598//598 586//586 516//516
f 600//600 587//587 586//586
f 600//600 598//598 599//599
f 588//588 587//587 600//600
f 589//589 588//588 601//601
f 604//604 590//590 589//589
f 604//604 602//602 603//603
f 591//591 590//590 604//604
f 606//606 592//592 591//591
f 593//593 592//592 606//606
f 608//608 594//594 593//593
f 609//609 595//595 594//594
f 610//610 596//596 595//595
f 611//611 597//597 596//596
f 612//612 598//598 521//521
f 599//599 598//598 612//612
f 614//614 601//601 599//599
f 602//602 601//601 614//614
f 603//603 602//602 615//615
f 617//617 605//605 603//603
f 606//606 605//605 617//617
f 607//607 606//606 618//618
f 620//620 608//608 607//607
f 621//621 622//622 620//620
f 609//609 608//608 620//620
f 623//623 610//610 609//609
f 624//624 611//611 610//610
f 625//625 612//612 525//525
f 626//626 613//613 612//612
f 627//627 614//614 613//613
f 628//628 615//615 614//614
f 629//629 616//616 615//615
f 630//630 617//617 616//616
f 618//618 617//617 630//630
f 632//632 619//619 618//618
f 621//621 619//619 632//632
f 634//634 622//622 621//621
f 623//623 622//622 634//634
f 636//636 624//624 623//623
f 625//625 530//530 535//535
f 638//638 626//626 625//625
f 639//639 627//627 626//626
f 640//640 628//628 627//627
f 641//641 629//629 628//628
f 642//642 630//630 629//629
f 631//631 630//630 642//642
f 644//644 632//632 631//631
f 645//645 633//633 632//632
f 634//634 633//633 645//645
f 635//635 634//634 646//646
f 648//648 636//636 635//635
f 508//508 502//502 550//550
f 509//509 508//508 649//649
f 510//510 509//509 650//650
f 649//649 550//550 568//568
f 650//650 649//649 652//652
f 651//651 650//650 653//653
f 652//652 568//568 584//584
f 653//653 652//652 655//655
f 654//654 653//653 656//656
f 655//655 584//584 597//597
f 656//656 655//655 658//658
f 657//657 656//656 659//659
f 661//661 658//658 597//597
f 659//659 658//658 661//661
f 663//663 660//660 659//659
f 664//664 661//661 611//611
f 665//665 662//662 661//661
f 666//666 663//663 662//662
f 667//667 664//664 624//624
f 668//668 665//665 664//664
f 669//669 666//666 665//665
f 670//670 667//667 636//636
f 671//671 668//668 667//667
f 672//672 669//669 668//668
f 675//675 20//20 21//21
f 673//673 676//676 21//21
f 677//677 675//675 676//676
f 674//674 678//678 676//676
f 680//680 35//35 36//36
f 675//675 681//681 36//36
f 677//677 682//682 681//681
f 683//683 682//682 677//677
f 684//684 682//682 683//683
f 679//679 685//685 683//683
f 680//680 687//687 51//51
f 688//688 687//687 680//680
f 689//689 687//687 688//688
f 682//682 690//690 688//688
f 684//684 691//691 690//690
f 692//692 691//691 684//684
f 693//693 691//691 692//692
f 686//686 694//694 692//692
f 696//696 59//59 60//60
f 698//698 697//697 60//60
f 698//698 61//61 62//62
f 700//700 697//697 698//698
f 702//702 701//701 698//698
f 703//703 700//700 701//701
f 705//705 704//704 701//701
f 706//706 704//704 705//705
f 709//709 78//78 79//79
f 710//710 79//79 80//80
f 696//696 711//711 80//80
f 712//712 711//711 696//696
f 713//713 710//710 711//711
f 714//714 711//711 712//712
f 700//700 715//715 712//712
f 716//716 713//713 714//714
f 717//717 714//714 715//715
f 703//703 718//718 715//715
f 719//719 718//718 703//703
f 720//720 717//717 718//718
f 721//721 718//718 719//719
f 706//706 722//722 719//719
f 723//723 722//722 706//706
f 724//724 721//721 722//722
f 725//725 722//722 723//723
f 708//708 726//726 723//723
f 727//727 725//725 726//726
f 729//729 99//99 100//100
f 709//709 730//730 100//100
f 731//731 730//730 709//709
f 732//732 729//729 730//730
f 733//733 730//730 731//731
f 713//713 734//734 731//731
f 735//735 733//733 734//734
f 716//716 736//736 734//734
f 737//737 736//736 716//716
f 738//738 736//736 737//737
f 720//720 739//739 737//737
f 740//740 739//739 720//720
f 741//741 739//739 740//740
f 724//724 742//742 740//740
f 743//743 742//742 724//724
f 744//744 742//742 743//743
f 727//727 745//745 743//743
f 746//746 745//745 727//727
f 747//747 745//745 746//746
f 749//749 122//122 123//123
f 750//750 123//123 99//99
f 751//751 749//749 750//750
f 732//732 752//752 750//750
f 753//753 752//752 732//732
f 754//754 752//752 753//753
f 735//735 755//755 753//753
f 756//756 755//755 735//735
f 757//757 755//755 756//756
f 738//738 758//758 756//756
f 759//759 758//758 738//738
f 760//760 757//757 758//758
f 761//761 758//758 759//759
f 741//741 762//762 759//759
f 763//763 762//762 741//741
f 764//764 762//762 763//763
f 744//744 765//765 763//763
f 766//766 765//765 744//744
f 767//767 765//765 766//766
f 747//747 768//768 766//766
f 769//769 768//768 747//747
f 770//770 768//768 769//769
f 673//673 12//12 139//139
f 749//749 772//772 139//139
f 674//674 673//673 772//772
f 751//751 773//773 772//772
f 774//774 773//773 751//751
f 775//775 773//773 774//774
f 754//754 776//776 774//774
f 777//777 776//776 754//754
f 778//778 776//776 777//777
f 757//757 779//779 777//777
f 780//780 778//778 779//779
f 760//760 781//781 779//779
f 782//782 781//781 760//760
f 783//783 782//782 761//761
f 784//784 782//782 783//783
f 764//764 785//785 783//783
f 786//786 785//785 764//764
f 787//787 785//785 786//786
f 767//767 788//788 786//786
f 789//789 788//788 767//767
f 790//790 788//788 789//789
f 770//770 791//791 789//789
f 792//792 791//791 770//770
f 793//793 678//678 674//674
f 679//679 678//678 793//793
f 775//775 794//794 793//793
f 795//795 794//794 775//775
f 796//796 794//794 795//795
f 778//778 797//797 795//795
f 780//780 798//798 797//797
f 799//799 798//798 780//780
f 800//800 799//799 781//781
f 801//801 799//799 800//800
f 784//784 802//802 800//800
f 803//803 802//802 784//784
f 804//804 802//802 803//803
f 787//787 805//805 803//803
f 806//806 805//805 787//787
f 807//807 805//805 806//806
f 790//790 808//808 806//806
f 809//809 808//808 790//790
f 810//810 809//809 791//791
f 811//811 685//685 679//679
f 686//686 685//685 811//811
f 796//796 812//812 811//811
f 813//813 812//812 796//796
f 814//814 812//812 813//813
f 798//798 815//815 813//813
f 816//816 815//815 798//798
f 817//817 815//815 816//816
f 801//801 818//818 816//816
f 819//819 818//818 801//801
f 820//820 818//818 819//819
f 804//804 821//821 819//819
f 822//822 821//821 804//804
f 823//823 821//821 822//822
f 807//807 824//824 822//822
f 825//825 824//824 807//807
f 826//826 825//825 808//808
f 827//827 694//694 686//686
f 695//695 694//694 827//827
f 814//814 828//828 827//827
f 829//829 828//828 814//814
f 830//830 828//828 829//829
f 817//817 831//831 829//829
f 832//832 831//831 817//817
f 833//833 831//831 832//832
f 820//820 834//834 832//832
f 835//835 834//834 820//820
f 836//836 834//834 835//835
f 823//823 837//837 835//835
f 838//838 837//837 823//823
f 839//839 838//838 824//824
f 841//841 809//809 810//810
f 840//840 842//842 810//810
f 844//844 825//825 826//826
f 841//841 845//845 826//826
f 846//846 845//845 841//841
f 847//847 845//845 846//846
f 843//843 848//848 846//846
f 849//849 838//838 839//839
f 844//844 850//850 839//839
f 851//851 850//850 844//844
f 852//852 850//850 851//851
f 847//847 853//853 851//851
f 854//854 853//853 847//847
f 856//856 213//213 214//214
f 687//687 857//857 214//214
f 689//689 858//858 857//857
f 859//859 858//858 689//689
f 860//860 858//858 859//859
f 691//691 861//861 859//859
f 693//693 862//862 861//861
f 863//863 862//862 693//693
f 695//695 864//864 863//863
f 856//856 865//865 232//232
f 866//866 865//865 856//856
f 867//867 865//865 866//866
f 858//858 868//868 866//866
f 860//860 869//869 868//868
f 870//870 869//869 860//860
f 871//871 869//869 870//870
f 862//862 872//872 870//870
f 873//873 872//872 862//862
f 874//874 872//872 873//873
f 864//864 875//875 873//873
f 877//877 245//245 246//246
f 865//865 878//878 246//246
f 867//867 879//879 878//878
f 880//880 879//879 867//867
f 881//881 879//879 880//880
f 869//869 882//882 880//880
f 871//871 883//883 882//882
f 884//884 883//883 871//871
f 874//874 885//885 884//884
f 886//886 885//885 874//874
f 876//876 887//887 886//886
f 877//877 888//888 263//263
f 889//889 888//888 877//877
f 890//890 888//888 889//889
f 879//879 891//891 889//889
f 881//881 892//892 891//891
f 893//893 892//892 881//881
f 883//883 894//894 893//893
f 895//895 894//894 883//883
f 896//896 894//894 895//895
f 885//885 897//897 895//895
f 898//898 897//897 885//885
f 899//899 897//897 898//898
f 887//887 900//900 898//898
f 902//902 279//279 263//263
f 890//890 903//903 902//902
f 904//904 903//903 890//890
f 892//892 905//905 904//904
f 906//906 905//905 892//892
f 907//907 905//905 906//906
f 894//894 908//908 906//906
f 896//896 909//909 908//908
f 910//910 909//909 896//896
f 899//899 911//911 910//910
f 912//912 911//911 899//899
f 901//901 913//913 912//912
f 914//914 293//293 294//294
f 902//902 915//915 294//294
f 903//903 916//916 915//915
f 917//917 916//916 903//903
f 918//918 916//916 917//917
f 905//905 919//919 917//917
f 907//907 920//920 919//919
f 921//921 920//920 907//907
f 909//909 922//922 921//921
f 923//923 922//922 909//909
f 924//924 922//922 923//923
f 911//911 925//925 923//923
f 926//926 925//925 911//911
f 927//927 925//925 926//926
f 913//913 928//928 926//926
f 914//914 930//930 307//307
f 931//931 930//930 914//914
f 916//916 932//932 931//931
f 918//918 933//933 932//932
f 934//934 933//933 918//918
f 920//920 935//935 934//934
f 936//936 935//935 920//920
f 937//937 935//935 936//936
f 922//922 938//938 936//936
f 924//924 939//939 938//938
f 940//940 939//939 924//924
f 927//927 941//941 940//940
f 942//942 941//941 927//927
f 929//929 943//943 942//942
f 930//930 944//944 320//320
f 945//945 944//944 930//930
f 946//946 944//944 945//945
f 932//932 947//947 945//945
f 933//933 948//948 947//947
f 949//949 948//948 933//933
f 950//950 948//948 949//949
f 935//935 951//951 949//949
f 937//937 952//952 951//951
f 953//953 952//952 937//937
f 939//939 954//954 953//953
f 940//940 955//955 954//954
f 941//941 956//956 955//955
f 957//957 956//956 941//941
f 958//958 957//957 942//942
f 959//959 864//864 695//695
f 830//830 960//960 959//959
f 961//961 960//960 830//830
f 833//833 962//962 961//961
f 963//963 962//962 833//833
f 836//836 964//964 963//963
f 965//965 964//964 836//836
f 966//966 965//965 837//837
f 967//967 875//875 864//864
f 876//876 875//875 967//967
f 960//960 968//968 967//967
f 969//969 968//968 960//960
f 970//970 968//968 969//969
f 962//962 971//971 969//969
f 972//972 971//971 962//962
f 973//973 971//971 972//972
f 964//964 974//974 972//972
f 975//975 974//974 964//964
f 976//976 887//887 876//876
f 970//970 977//977 976//976
f 978//978 977//977 970//970
f 973//973 979//979 978//978
f 980//980 979//979 973//973
f 981//981 900//900 887//887
f 901//901 900//900 981//981
f 977//977 982//982 981//981
f 983//983 982//982 977//977
f 984//984 982//982 983//983
f 979//979 985//985 983//983
f 986//986 985//985 979//979
f 987//987 913//913 901//901
f 984//984 988//988 987//987
f 989//989 988//988 984//984
f 990//990 928//928 913//913
f 929//929 928//928 990//990
f 988//988 991//991 990//990
f 992//992 991//991 988//988
f 993//993 943//943 929//929
f 994//994 993//993 991//991
f 995//995 958//958 943//943
f 996//996 965//965 966//966
f 849//849 997//997 966//966
f 998//998 997//997 849//849
f 852//852 999//999 998//998
f 1000//1000 999//999 852//852
f 1001//1001 1000//1000 853//853
f 1002//1002 1000//1000 1001//1001
f 855//855 1003//1003 1001//1001
f 1004//1004 974//974 975//975
f 996//996 1005//1005 975//975
f 1006//1006 1005//1005 996//996
f 1007//1007 1006//1006 997//997
f 1008//1008 1006//1006 1007//1007
f 999//999 1009//1009 1007//1007
f 1010//1010 1009//1009 999//999
f 1011//1011 1009//1009 1010//1010
f 1002//1002 1012//1012 1010//1010
f 1013//1013 1012//1012 1002//1002
f 1004//1004 1015//1015 980//980
f 1016//1016 1015//1015 1004//1004
f 1017//1017 1016//1016 1005//1005
f 1018//1018 1016//1016 1017//1017
f 1008//1008 1019//1019 1017//1017
f 1020//1020 1019//1019 1008//1008
f 1011//1011 1021//1021 1020//1020
f 1022//1022 1021//1021 1011//1011
f 1023//1023 1022//1022 1012//1012
f 1014//1014 1024//1024 1023//1023
f 1025//1025 985//985 986//986
f 1015//1015 1026//1026 986//986
f 1027//1027 1026//1026 1015//1015
f 1018//1018 1028//1028 1027//1027
f 1029//1029 1028//1028 1018//1018
f 1030//1030 1029//1029 1019//1019
f 1031//1031 1029//1029 1030//1030
f 1021//1021 1032//1032 1030//1030
f 1033//1033 1032//1032 1021//1021
f 1034//1034 1033//1033 1022//1022
f 1035//1035 1033//1033 1034//1034
f 1024//1024 1036//1036 1034//1034
f 1025//1025 1037//1037 989//989
f 1038//1038 1037//1037 1025//1025
f 1039//1039 1038//1038 1026//1026
f 1040//1040 1038//1038 1039//1039
f 1028//1028 1041//1041 1039//1039
f 1042//1042 1041//1041 1028//1028
f 1031//1031 1043//1043 1042//1042
f 1044//1044 1043//1043 1031//1031
f 1045//1045 1044//1044 1032//1032
f 1046//1046 1044//1044 1045//1045
f 1035//1035 1047//1047 1045//1045
f 1048//1048 1047//1047 1035//1035
f 1050//1050 992//992 989//989
f 1051//1051 1050//1050 1037//1037
f 1040//1040 1052//1052 1051//1051
f 1053//1053 1052//1052 1040//1040
f 1054//1054 1053//1053 1041//1041
f 1055//1055 1053//1053 1054//1054
f 1043//1043 1056//1056 1054//1054
f 1057//1057 1056//1056 1043//1043
f 1046//1046 1058//1058 1057//1057
f 1059//1059 1058//1058 1046//1046
f 1060//1060 1059//1059 1047//1047
f 1049//1049 1061//1061 1060//1060
f 1062//1062 993//993 994//994
f 1050//1050 1063//1063 994//994
f 1064//1064 1063//1063 1050//1050
f 1065//1065 1064//1064 1051//1051
f 1066//1066 1065//1065 1052//1052
f 1055//1055 1067//1067 1066//1066
f 1068//1068 1067//1067 1055//1055
f 1057//1057 1069//1069 1068//1068
f 1070//1070 1069//1069 1057//1057
f 1059//1059 1071//1071 1070//1070
f 1072//1072 1071//1071 1059//1059
f 1073//1073 1071//1071 1072//1072
f 1061//1061 1074//1074 1072//1072
f 1062//1062 1075//1075 995//995
f 1076//1076 1075//1075 1062//1062
f 1077//1077 1076//1076 1063//1063
f 1078//1078 1076//1076 1077//1077
f 1065//1065 1079//1079 1077//1077
f 1080//1080 1079//1079 1065//1065
f 1081//1081 1080//1080 1066//1066
f 1068//1068 1082//1082 1081//1081
f 1083//1083 1082//1082 1068//1068
f 1084//1084 1082//1082 1083//1083
f 1070//1070 1085//1085 1083//1083
f 1086//1086 1085//1085 1070//1070
f 1073//1073 1087//1087 1086//1086
f 1088//1088 1087//1087 1073//1073
f 1093//1093 1092//1092 1089//1089
f 1095//1095 1094//1094 1091//1091
f 1096//1096 1095//1095 1092//1092
f 699//699 62//62 392//392
f 1097//1097 392//392 393//393
f 1099//1099 1098//1098 393//393
f 1090//1090 1089//1089 1098//1098
f 1100//1100 1099//1099 394//394
f 1100//1100 395//395 396//396
f 702//702 699//699 1097//1097
f 1104//1104 1103//1103 1097//1097
f 1104//1104 1092//1092 1091//1091
f 1104//1104 1098//1098 1089//1089
f 1105//1105 1093//1093 1090//1090
f 1105//1105 1099//1099 1100//1100
f 1107//1107 1106//1106 1100//1100
f 1107//1107 1101//1101 1102//1102
f 1110//1110 705//705 702//702
f 1094//1094 1110//1110 1103//1103
f 1111//1111 1110//1110 1094//1094
f 1096//1096 1112//1112 1111//1111
f 1096//1096 1093//1093 1105//1105
f 1113//1113 1112//1112 1105//1105
f 1114//1114 1113//1113 1106//1106
f 1115//1115 1114//1114 1107//1107
f 1115//1115 1108//1108 1109//1109
f 1117//1117 707//707 705//705
f 1117//1117 1110//1110 1111//1111
f 1119//1119 1118//1118 1111//1111
f 1119//1119 1112//1112 1113//1113
f 1120//1120 1113//1113 1114//1114
f 1122//1122 1121//1121 1114//1114
f 1122//1122 1115//1115 1116//1116
f 708//708 707//707 1117//1117
f 1124//1124 1117//1117 1118//1118
f 1126//1126 1125//1125 1118//1118
f 1127//1127 1126//1126 1119//1119
f 1127//1127 1120//1120 1121//1121
f 1128//1128 1121//1121 1122//1122
f 1129//1129 1122//1122 1123//1123
f 1131//1131 1125//1125 1126//1126
f 1132//1132 1126//1126 1127//1127
f 1133//1133 1127//1127 1128//1128
f 1135//1135 1134//1134 1128//1128
f 1136//1136 1135//1135 1129//1129
f 1137//1137 1101//1101 396//396
f 1137//1137 409//409 410//410
f 1102//1102 1101//1101 1137//1137
f 1140//1140 1108//1108 1102//1102
f 1140//1140 1138//1138 1139//1139
f 1109//1109 1108//1108 1140//1140
f 1143//1143 1116//1116 1109//1109
f 1143//1143 1141//1141 1142//1142
f 1123//1123 1116//1116 1143//1143
f 1146//1146 1145//1145 1143//1143
f 1147//1147 726//726 708//708
f 1148//1148 1147//1147 1124//1124
f 1149//1149 1130//1130 1123//1123
f 1150//1150 1149//1149 1145//1145
f 728//728 726//726 1147//1147
f 1151//1151 1147//1147 1148//1148
f 1131//1131 1152//1152 1148//1148
f 1153//1153 1152//1152 1131//1131
f 1133//1133 1154//1154 1153//1153
f 1134//1134 1155//1155 1154//1154
f 1156//1156 1155//1155 1134//1134
f 1136//1136 1157//1157 1156//1156
f 1136//1136 1130//1130 1149//1149
f 1158//1158 1157//1157 1149//1149
f 1159//1159 1151//1151 1152//1152
f 1160//1160 1152//1152 1153//1153
f 1161//1161 1153//1153 1154//1154
f 1163//1163 1162//1162 1154//1154
f 1164//1164 1163//1163 1155//1155
f 1165//1165 1164//1164 1156//1156
f 1165//1165 1157//1157 1158//1158
f 1167//1167 1162//1162 1163//1163
f 1168//1168 1163//1163 1164//1164
f 1169//1169 1164//1164 1165//1165
f 1171//1171 1170//1170 1165//1165
f 1172//1172 1138//1138 410//410
f 1172//1172 423//423 424//424
f 1139//1139 1138//1138 1172//1172
f 1175//1175 1141//1141 1139//1139
f 1175//1175 1173//1173 1174//1174
f 1142//1142 1141//1141 1175//1175
f 1177//1177 1144//1144 1142//1142
f 1178//1178 746//746 728//728
f 748//748 746//746 1178//1178
f 1159//1159 1179//1179 1178//1178
f 1180//1180 1179//1179 1159//1159
f 1161//1161 1181//1181 1180//1180
f 1182//1182 1181//1181 1161//1161
f 1184//1184 1179//1179 1180//1180
f 1185//1185 1180//1180 1181//1181
f 1186//1186 1181//1181 1182//1182
f 1167//1167 1187//1187 1182//1182
f 1188//1188 1187//1187 1167//1167
f 1169//1169 1189//1189 1188//1188
f 1190//1190 1189//1189 1169//1169
f 1171//1171 1191//1191 1190//1190
f 1171//1171 1166//1166 1183//1183
f 1192//1192 1173//1173 424//424
f 1192//1192 439//439 440//440
f 1174//1174 1173//1173 1192//1192
f 1194//1194 1176//1176 1174//1174
f 1195//1195 769//769 748//748
f 771//771 769//769 1195//1195
f 1184//1184 1196//1196 1195//1195
f 1197//1197 1196//1196 1184//1184
f 1198//1198 1197//1197 1185//1185
f 1199//1199 1198//1198 1186//1186
f 1200//1200 1193//1193 440//440
f 1201//1201 792//792 771//771
f 1146//1146 1144//1144 1202//1202
f 1150//1150 1146//1146 1203//1203
f 1158//1158 1150//1150 1204//1204
f 1206//1206 1166//1166 1158//1158
f 1177//1177 1176//1176 1207//1207
f 1202//1202 1144//1144 1177//1177
f 1210//1210 1203//1203 1202//1202
f 1210//1210 1208//1208 1209//1209
f 1204//1204 1203//1203 1210//1210
f 1212//1212 1210//1210 1211//1211
f 1215//1215 1205//1205 1204//1204
f 1216//1216 1215//1215 1212//1212
f 1216//1216 1213//1213 1214//1214
f 1206//1206 1218//1218 1183//1183
f 1206//1206 1205//1205 1215//1215
f 1219//1219 1218//1218 1215//1215
f 1220//1220 1219//1219 1216//1216
f 1221//1221 1191//1191 1183//1183
f 1222//1222 1221//1221 1218//1218
f 1194//1194 1193//1193 1223//1223
f 1207//1207 1176//1176 1194//1194
f 1226//1226 1208//1208 1207//1207
f 1226//1226 1224//1224 1225//1225
f 1209//1209 1208//1208 1226//1226
f 1229//1229 1211//1211 1209//1209
f 1229//1229 1227//1227 1228//1228
f 1231//1231 1213//1213 1211//1211
f 1231//1231 1229//1229 1230//1230
f 1214//1214 1213//1213 1231//1231
f 1233//1233 1217//1217 1214//1214
f 1220//1220 1236//1236 1235//1235
f 1220//1220 1217//1217 1233//1233
f 1237//1237 1236//1236 1233//1233
f 1222//1222 1239//1239 1238//1238
f 1222//1222 1219//1219 1235//1235
f 1240//1240 1239//1239 1235//1235
f 1200//1200 456//456 503//503
f 1223//1223 1193//1193 1200//1200
f 1243//1243 1224//1224 1223//1223
f 1243//1243 1241//1241 1242//1242
f 1225//1225 1224//1224 1243//1243
f 1246//1246 1227//1227 1225//1225
f 1246//1246 1244//1244 1245//1245
f 1228//1228 1227//1227 1246//1246
f 1248//1248 1230//1230 1228//1228
f 1250//1250 1232//1232 1230//1230
f 1250//1250 1248//1248 1249//1249
f 1252//1252 1233//1233 1232//1232
f 1252//1252 1250//1250 1251//1251
f 1234//1234 1233//1233 1252//1252
f 1237//1237 1255//1255 1254//1254
f 1255//1255 1237//1237 1234//1234
f 1240//1240 1236//1236 1254//1254
f 1257//1257 1256//1256 1254//1254
f 1258//1258 1241//1241 503//503
f 1242//1242 1241//1241 1258//1258
f 1260//1260 1244//1244 1242//1242
f 1245//1245 1244//1244 1260//1260
f 1262//1262 1247//1247 1245//1245
f 1264//1264 1248//1248 1247//1247
f 1264//1264 1262//1262 1263//1263
f 1249//1249 1248//1248 1264//1264
f 1266//1266 1251//1251 1249//1249
f 1268//1268 1253//1253 1251//1251
f 1268//1268 1266//1266 1267//1267
f 1270//1270 1255//1255 1253//1253
f 1271//1271 1270//1270 1268//1268
f 1257//1257 1255//1255 1270//1270
f 1272//1272 1270//1270 1271//1271
f 1274//1274 1258//1258 504//504
f 1274//1274 506//506 507//507
f 1259//1259 1258//1258 1274//1274
f 1277//1277 1260//1260 1259//1259
f 1277//1277 1275//1275 1276//1276
f 1261//1261 1260//1260 1277//1277
f 1279//1279 1262//1262 1261//1261
f 1263//1263 1262//1262 1279//1279
f 1281//1281 1265//1265 1263//1263
f 1283//1283 1266//1266 1265//1265
f 1283//1283 1281//1281 1282//1282
f 1267//1267 1266//1266 1283//1283
f 1285//1285 1269//1269 1267//1267
f 1287//1287 1271//1271 1269//1269
f 1287//1287 1285//1285 1286//1286
f 1289//1289 1273//1273 1271//1271
f 1290//1290 1289//1289 1287//1287
f 1291//1291 1275//1275 507//507
f 1276//1276 1275//1275 1291//1291
f 1293//1293 1278//1278 1276//1276
f 1295//1295 1279//1279 1278//1278
f 1295//1295 1293//1293 1294//1294
f 1280//1280 1279//1279 1295//1295
f 1297//1297 1281//1281 1280//1280
f 1282//1282 1281//1281 1297//1297
f 1299//1299 1284//1284 1282//1282
f 1301//1301 1285//1285 1284//1284
f 1301//1301 1299//1299 1300//1300
f 1286//1286 1285//1285 1301//1301
f 1303//1303 1288//1288 1286//1286
f 1290//1290 1288//1288 1303//1303
f 1305//1305 1187//1187 1188//1188
f 1306//1306 1188//1188 1189//1189
f 1308//1308 1307//1307 1189//1189
f 1309//1309 1308//1308 1190//1190
f 1310//1310 1196//1196 1197//1197
f 1312//1312 1311//1311 1197//1197
f 1312//1312 1198//1198 1199//1199
f 1305//1305 1313//1313 1199//1199
f 1314//1314 1313//1313 1305//1305
f 1315//1315 1314//1314 1306//1306
f 1308//1308 1316//1316 1315//1315
f 1317//1317 1316//1316 1308//1308
f 1318//1318 1313//1313 1314//1314
f 1320//1320 1319//1319 1314//1314
f 1321//1321 1320//1320 1315//1315
f 1322//1322 1321//1321 1316//1316
f 840//840 792//792 1201//1201
f 1310//1310 1323//1323 1201//1201
f 1324//1324 1323//1323 1310//1310
f 1325//1325 1324//1324 1311//1311
f 1326//1326 1325//1325 1312//1312
f 1327//1327 1324//1324 1325//1325
f 1328//1328 1325//1325 1326//1326
f 1318//1318 1329//1329 1326//1326
f 1330//1330 1329//1329 1318//1318
f 1331//1331 1330//1330 1319//1319
f 1332//1332 1331//1331 1320//1320
f 1333//1333 1332//1332 1321//1321
f 1334//1334 1330//1330 1331//1331
f 1336//1336 1335//1335 1331//1331
f 1336//1336 1332//1332 1333//1333
f 1338//1338 842//842 840//840
f 1339//1339 1338//1338 1323//1323
f 843//843 842//842 1338//1338
f 1340//1340 1338//1338 1339//1339
f 1327//1327 1341//1341 1339//1339
f 1342//1342 1341//1341 1327//1327
f 1343//1343 1342//1342 1328//1328
f 1344//1344 1343//1343 1329//1329
f 1345//1345 1342//1342 1343//1343
f 1346//1346 1343//1343 1344//1344
f 1334//1334 1347//1347 1344//1344
f 1348//1348 1347//1347 1334//1334
f 1336//1336 1349//1349 1348//1348
f 1350//1350 1349//1349 1336//1336
f 1351//1351 1349//1349 1350//1350
f 1353//1353 848//848 843//843
f 1354//1354 1353//1353 1340//1340
f 1355//1355 1354//1354 1341//1341
f 1356//1356 1353//1353 1354//1354
f 1357//1357 1354//1354 1355//1355
f 1345//1345 1358//1358 1355//1355
f 1359//1359 1358//1358 1345//1345
f 1360//1360 1359//1359 1346//1346
f 1348//1348 1361//1361 1360//1360
f 1362//1362 1361//1361 1348//1348
f 1363//1363 1359//1359 1360//1360
f 1365//1365 1364//1364 1360//1360
f 1365//1365 1361//1361 1362//1362
f 1351//1351 1366//1366 1362//1362
f 1367//1367 1366//1366 1351//1351
f 1368//1368 854//854 848//848
f 855//855 854//854 1368//1368
f 1356//1356 1369//1369 1368//1368
f 1370//1370 1369//1369 1356//1356
f 1371//1371 1370//1370 1357//1357
f 1372//1372 1371//1371 1358//1358
f 1373//1373 1370//1370 1371//1371
f 1374//1374 1371//1371 1372//1372
f 1363//1363 1375//1375 1372//1372
f 1376//1376 1375//1375 1363//1363
f 1365//1365 1377//1377 1376//1376
f 1378//1378 1377//1377 1365//1365
f 1367//1367 1379//1379 1378//1378
f 1380//1380 1377//1377 1378//1378
f 1382//1382 1381//1381 1378//1378
f 1309//1309 1191//1191 1221//1221
f 1383//1383 1384//1384 1317//1317
f 1383//1383 1221//1221 1238//1238
f 1385//1385 1384//1384 1238//1238
f 1386//1386 1385//1385 1239//1239
f 1387//1387 1322//1322 1317//1317
f 1388//1388 1387//1387 1384//1384
f 1386//1386 1390//1390 1389//1389
f 1386//1386 1240//1240 1256//1256
f 1391//1391 1390//1390 1256//1256
f 1392//1392 1333//1333 1322//1322
f 1388//1388 1393//1393 1392//1392
f 1388//1388 1385//1385 1389//1389
f 1394//1394 1393//1393 1389//1389
f 1395//1395 1394//1394 1390//1390
f 1396//1396 1337//1337 1333//1333
f 1397//1397 1396//1396 1392//1392
f 1398//1398 1391//1391 1257//1257
f 1398//1398 1272//1272 1273//1273
f 1394//1394 1401//1401 1400//1400
f 1395//1395 1402//1402 1401//1401
f 1395//1395 1391//1391 1398//1398
f 1403//1403 1402//1402 1398//1398
f 1396//1396 1404//1404 1350//1350
f 1397//1397 1405//1405 1404//1404
f 1397//1397 1393//1393 1400//1400
f 1406//1406 1405//1405 1400//1400
f 1407//1407 1406//1406 1401//1401
f 1408//1408 1352//1352 1350//1350
f 1399//1399 1273//1273 1289//1289
f 1409//1409 1289//1289 1290//1290
f 1403//1403 1412//1412 1411//1411
f 1403//1403 1399//1399 1409//1409
f 1413//1413 1412//1412 1409//1409
f 1405//1405 1415//1415 1414//1414
f 1406//1406 1416//1416 1415//1415
f 1407//1407 1417//1417 1416//1416
f 1407//1407 1402//1402 1411//1411
f 1418//1418 1417//1417 1411//1411
f 1408//1408 1419//1419 1367//1367
f 1408//1408 1404//1404 1414//1414
f 1420//1420 1419//1419 1414//1414
f 1420//1420 1415//1415 1416//1416
f 1422//1422 1421//1421 1416//1416
f 1410//1410 1290//1290 1304//1304
f 1413//1413 1425//1425 1424//1424
f 1413//1413 1410//1410 1423//1423
f 1418//1418 1427//1427 1426//1426
f 1418//1418 1412//1412 1424//1424
f 1428//1428 1427//1427 1424//1424
f 1429//1429 1379//1379 1367//1367
f 1420//1420 1430//1430 1429//1429
f 1421//1421 1431//1431 1430//1430
f 1422//1422 1432//1432 1431//1431
f 1422//1422 1417//1417 1426//1426
f 1433//1433 1432//1432 1426//1426
f 1434//1434 1382//1382 1379//1379
f 1434//1434 1429//1429 1430//1430
f 1436//1436 1435//1435 1430//1430
f 1437//1437 1291//1291 510//510
f 1438//1438 1292//1292 1291//1291
f 1439//1439 1293//1293 1292//1292
f 1294//1294 1293//1293 1439//1439
f 1441//1441 1296//1296 1294//1294
f 1443//1443 1297//1297 1296//1296
f 1443//1443 1441//1441 1442//1442
f 1298//1298 1297//1297 1443//1443
f 1445//1445 1299//1299 1298//1298
f 1300//1300 1299//1299 1445//1445
f 1447//1447 1302//1302 1300//1300
f 1303//1303 1302//1302 1447//1447
f 1450//1450 1304//1304 1303//1303
f 1450//1450 1448//1448 1449//1449
f 1437//1437 651//651 654//654
f 1438//1438 1437//1437 1452//1452
f 1454//1454 1439//1439 1438//1438
f 1455//1455 1440//1440 1439//1439
f 1456//1456 1441//1441 1440//1440
f 1442//1442 1441//1441 1456//1456
f 1444//1444 1442//1442 1457//1457
f 1460//1460 1445//1445 1444//1444
f 1460//1460 1458//1458 1459//1459
f 1446//1446 1445//1445 1460//1460
f 1462//1462 1447//1447 1446//1446
f 1463//1463 1448//1448 1447//1447
f 1449//1449 1448//1448 1463//1463
f 1465//1465 1451//1451 1449//1449
f 1452//1452 654//654 657//657
f 1467//1467 1453//1453 1452//1452
f 1468//1468 1454//1454 1453//1453
f 1469//1469 1455//1455 1454//1454
f 1470//1470 1456//1456 1455//1455
f 1471//1471 1457//1457 1456//1456
f 1472//1472 1458//1458 1457//1457
f 1459//1459 1458//1458 1472//1472
f 1474//1474 1461//1461 1459//1459
f 1462//1462 1461//1461 1474//1474
f 1477//1477 1463//1463 1462//1462
f 1477//1477 1475//1475 1476//1476
f 1464//1464 1463//1463 1477//1477
f 1479//1479 1465//1465 1464//1464
f 1466//1466 657//657 660//660
f 1467//1467 1466//1466 1480//1480
f 1468//1468 1467//1467 1481//1481
f 1483//1483 1469//1469 1468//1468
f 1484//1484 1470//1470 1469//1469
f 1485//1485 1471//1471 1470//1470
f 1486//1486 1472//1472 1471//1471
f 1487//1487 1473//1473 1472//1472
f 1474//1474 1473//1473 1487//1487
f 1489//1489 1475//1475 1474//1474
f 1476//1476 1475//1475 1489//1489
f 1491//1491 1478//1478 1476//1476
f 1479//1479 1478//1478 1491//1491
f 1493//1493 1480//1480 660//660
f 1481//1481 1480//1480 1493//1493
f 1482//1482 1481//1481 1494//1494
f 1496//1496 1483//1483 1482//1482
f 1497//1497 1484//1484 1483//1483
f 1485//1485 1484//1484 1497//1497
f 1499//1499 1486//1486 1485//1485
f 1500//1500 1487//1487 1486//1486
f 1488//1488 1487//1487 1500//1500
f 1502//1502 1489//1489 1488//1488
f 1503//1503 1490//1490 1489//1489
f 1504//1504 1491//1491 1490//1490
f 1492//1492 1491//1491 1504//1504
f 1506//1506 1493//1493 663//663
f 1507//1507 1494//1494 1493//1493
f 1508//1508 1495//1495 1494//1494
f 1496//1496 1495//1495 1508//1508
f 1497//1497 1496//1496 1509//1509
f 1498//1498 1497//1497 1510//1510
f 1512//1512 1499//1499 1498//1498
f 1500//1500 1499//1499 1512//1512
f 1501//1501 1500//1500 1513//1513
f 1502//1502 1501//1501 1514//1514
f 1503//1503 1502//1502 1515//1515
f 1504//1504 1503//1503 1516//1516
f 1505//1505 1504//1504 1517//1517
f 1506//1506 666//666 669//669
f 1520//1520 1507//1507 1506//1506
f 1521//1521 1508//1508 1507//1507
f 1509//1509 1508//1508 1521//1521
f 1510//1510 1509//1509 1522//1522
f 1511//1511 1510//1510 1523//1523
f 1512//1512 1511//1511 1524//1524
f 1513//1513 1512//1512 1525//1525
f 1514//1514 1513//1513 1526//1526
f 1528//1528 1515//1515 1514//1514
f 1516//1516 1515//1515 1528//1528
f 1517//1517 1516//1516 1529//1529
f 1531//1531 1518//1518 1517//1517
f 1532//1532 1519//1519 669//669
f 1533//1533 1520//1520 1519//1519
f 1521//1521 1520//1520 1533//1533
f 1522//1522 1521//1521 1534//1534
f 1523//1523 1522//1522 1535//1535
f 1524//1524 1523//1523 1536//1536
f 1525//1525 1524//1524 1537//1537
f 1539//1539 1526//1526 1525//1525
f 1540//1540 1541//1541 1539//1539
f 1527//1527 1526//1526 1539//1539
f 1542//1542 1528//1528 1527//1527
f 1529//1529 1528//1528 1542//1542
f 1530//1530 1529//1529 1543//1543
f 1545//1545 1531//1531 1530//1530
f 1546//1546 1003//1003 855//855
f 1547//1547 1546//1546 1369//1369
f 1548//1548 1546//1546 1547//1547
f 1373//1373 1549//1549 1547//1547
f 1550//1550 1549//1549 1373//1373
f 1551//1551 1550//1550 1374//1374
f 1552//1552 1551//1551 1375//1375
f 1553//1553 1552//1552 1376//1376
f 1554//1554 1551//1551 1552//1552
f 1555//1555 1552//1552 1553//1553
f 1380//1380 1556//1556 1553//1553
f 1557//1557 1556//1556 1380//1380
f 1558//1558 1557//1557 1381//1381
f 1559//1559 1013//1013 1003//1003
f 1014//1014 1013//1013 1559//1559
f 1548//1548 1560//1560 1559//1559
f 1561//1561 1560//1560 1548//1548
f 1550//1550 1562//1562 1561//1561
f 1563//1563 1562//1562 1550//1550
f 1564//1564 1562//1562 1563//1563
f 1554//1554 1565//1565 1563//1563
f 1566//1566 1565//1565 1554//1554
f 1567//1567 1566//1566 1555//1555
f 1557//1557 1568//1568 1567//1567
f 1569//1569 1568//1568 1557//1557
f 1570//1570 1568//1568 1569//1569
f 1572//1572 1024//1024 1014//1014
f 1561//1561 1573//1573 1572//1572
f 1574//1574 1573//1573 1561//1561
f 1575//1575 1573//1573 1574//1574
f 1564//1564 1576//1576 1574//1574
f 1577//1577 1576//1576 1564//1564
f 1566//1566 1578//1578 1577//1577
f 1579//1579 1578//1578 1566//1566
f 1580//1580 1579//1579 1567//1567
f 1581//1581 1578//1578 1579//1579
f 1582//1582 1579//1579 1580//1580
f 1570//1570 1583//1583 1580//1580
f 1584//1584 1583//1583 1570//1570
f 1585//1585 1036//1036 1024//1024
f 1586//1586 1585//1585 1572//1572
f 1587//1587 1585//1585 1586//1586
f 1575//1575 1588//1588 1586//1586
f 1589//1589 1588//1588 1575//1575
f 1577//1577 1590//1590 1589//1589
f 1591//1591 1590//1590 1577//1577
f 1592//1592 1590//1590 1591//1591
f 1581//1581 1593//1593 1591//1591
f 1594//1594 1593//1593 1581//1581
f 1595//1595 1594//1594 1582//1582
f 1584//1584 1596//1596 1595//1595
f 1597//1597 1048//1048 1036//1036
f 1049//1049 1048//1048 1597//1597
f 1587//1587 1598//1598 1597//1597
f 1599//1599 1598//1598 1587//1587
f 1589//1589 1600//1600 1599//1599
f 1601//1601 1600//1600 1589//1589
f 1602//1602 1600//1600 1601//1601
f 1592//1592 1603//1603 1601//1601
f 1604//1604 1603//1603 1592//1592
f 1594//1594 1605//1605 1604//1604
f 1595//1595 1606//1606 1605//1605
f 1607//1607 1606//1606 1595//1595
f 1608//1608 1606//1606 1607//1607
f 1610//1610 1061//1061 1049//1049
f 1599//1599 1611//1611 1610//1610
f 1612//1612 1611//1611 1599//1599
f 1613//1613 1611//1611 1612//1612
f 1602//1602 1614//1614 1612//1612
f 1615//1615 1614//1614 1602//1602
f 1604//1604 1616//1616 1615//1615
f 1617//1617 1616//1616 1604//1604
f 1618//1618 1617//1617 1605//1605
f 1619//1619 1616//1616 1617//1617
f 1620//1620 1617//1617 1618//1618
f 1608//1608 1621//1621 1618//1618
f 1622//1622 1621//1621 1608//1608
f 1623//1623 1074//1074 1061//1061
f 1624//1624 1623//1623 1610//1610
f 1613//1613 1625//1625 1624//1624
f 1626//1626 1625//1625 1613//1613
f 1615//1615 1627//1627 1626//1626
f 1628//1628 1627//1627 1615//1615
f 1619//1619 1629//1629 1628//1628
f 1630//1630 1629//1629 1619//1619
f 1631//1631 1630//1630 1620//1620
f 1622//1622 1632//1632 1631//1631
f 1623//1623 1633//1633 1088//1088
f 1634//1634 1633//1633 1623//1623
f 1635//1635 1633//1633 1634//1634
f 1625//1625 1636//1636 1634//1634
f 1637//1637 1636//1636 1625//1625
f 1627//1627 1638//1638 1637//1637
f 1639//1639 1638//1638 1627//1627
f 1640//1640 1638//1638 1639//1639
f 1629//1629 1641//1641 1639//1639
f 1642//1642 1641//1641 1629//1629
f 1631//1631 1643//1643 1642//1642
f 1632//1632 1644//1644 1643//1643
f 1645//1645 1423//1423 1304//1304
f 1646//1646 1645//1645 1450//1450
f 1425//1425 1423//1423 1645//1645
f 1648//1648 1647//1647 1645//1645
f 1428//1428 1650//1650 1649//1649
f 1428//1428 1425//1425 1647//1647
f 1432//1432 1652//1652 1651//1651
f 1433//1433 1653//1653 1652//1652
f 1433//1433 1427//1427 1649//1649
f 1654//1654 1653//1653 1649//1649
f 1434//1434 1655//1655 1558//1558
f 1435//1435 1656//1656 1655//1655
f 1436//1436 1657//1657 1656//1656
f 1436//1436 1431//1431 1651//1651
f 1658//1658 1657//1657 1651//1651
f 1646//1646 1451//1451 1465//1465
f 1648//1648 1661//1661 1660//1660
f 1648//1648 1646//1646 1659//1659
f 1650//1650 1647//1647 1660//1660
f 1663//1663 1662//1662 1660//1660
f 1653//1653 1665//1665 1664//1664
f 1654//1654 1666//1666 1665//1665
f 1654//1654 1650//1650 1662//1662
f 1667//1667 1569//1569 1558//1558
f 1668//1668 1667//1667 1655//1655
f 1657//1657 1669//1669 1668//1668
f 1658//1658 1670//1670 1669//1669
f 1658//1658 1652//1652 1664//1664
f 1671//1671 1670//1670 1664//1664
f 1672//1672 1571//1571 1569//1569
f 1672//1672 1667//1667 1668//1668
f 1674//1674 1673//1673 1668//1668
f 1659//1659 1465//1465 1479//1479
f 1676//1676 1661//1661 1659//1659
f 1663//1663 1678//1678 1677//1677
f 1663//1663 1661//1661 1676//1676
f 1666//1666 1680//1680 1679//1679
f 1666//1666 1662//1662 1677//1677
f 1681//1681 1680//1680 1677//1677
f 1670//1670 1683//1683 1682//1682
f 1671//1671 1684//1684 1683//1683
f 1671//1671 1665//1665 1679//1679
f 1685//1685 1684//1684 1679//1679
f 1686//1686 1584//1584 1571//1571
f 1673//1673 1687//1687 1686//1686
f 1674//1674 1688//1688 1687//1687
f 1674//1674 1669//1669 1682//1682
f 1689//1689 1688//1688 1682//1682
f 1675//1675 1479//1479 1492//1492
f 1691//1691 1676//1676 1675//1675
f 1692//1692 1678//1678 1676//1676
f 1681//1681 1694//1694 1693//1693
f 1681//1681 1678//1678 1692//1692
f 1684//1684 1696//1696 1695//1695
f 1685//1685 1697//1697 1696//1696
f 1685//1685 1680//1680 1693//1693
f 1686//1686 1698//1698 1596//1596
f 1699//1699 1698//1698 1686//1686
f 1700//1700 1699//1699 1687//1687
f 1689//1689 1701//1701 1700//1700
f 1689//1689 1683//1683 1695//1695
f 1702//1702 1701//1701 1695//1695
f 1690//1690 1492//1492 1505//1505
f 1705//1705 1691//1691 1690//1690
f 1705//1705 1703//1703 1704//1704
f 1707//1707 1692//1692 1691//1691
f 1708//1708 1707//1707 1705//1705
f 1694//1694 1710//1710 1709//1709
f 1710//1710 1694//1694 1692//1692
f 1697//1697 1712//1712 1711//1711
f 1697//1697 1693//1693 1709//1709
f 1713//1713 1712//1712 1709//1709
f 1714//1714 1607//1607 1596//1596
f 1699//1699 1715//1715 1714//1714
f 1700//1700 1716//1716 1715//1715
f 1717//1717 1716//1716 1700//1700
f 1702//1702 1718//1718 1717//1717
f 1702//1702 1696//1696 1711//1711
f 1719//1719 1718//1718 1711//1711
f 1720//1720 1609//1609 1607//1607
f 1720//1720 1714//1714 1715//1715
f 1722//1722 1721//1721 1715//1715
f 1723//1723 1703//1703 1505//1505
f 1704//1704 1703//1703 1723//1723
f 1725//1725 1706//1706 1704//1704
f 1708//1708 1727//1727 1726//1726
f 1708//1708 1706//1706 1725//1725
f 1728//1728 1710//1710 1707//1707
f 1713//1713 1730//1730 1729//1729
f 1713//1713 1710//1710 1728//1728
f 1717//1717 1732//1732 1731//1731
f 1733//1733 1732//1732 1717//1717
f 1719//1719 1734//1734 1733//1733
f 1719//1719 1712//1712 1729//1729
f 1735//1735 1622//1622 1609//1609
f 1721//1721 1736//1736 1735//1735
f 1722//1722 1737//1737 1736//1736
f 1722//1722 1716//1716 1731//1731
f 1738//1738 1737//1737 1731//1731
f 1739//1739 1723//1723 1518//1518
f 1740//1740 1724//1724 1723//1723
f 1741//1741 1725//1725 1724//1724
f 1743//1743 1742//1742 1726//1726
f 1727//1727 1725//1725 1741//1741
f 1728//1728 1726//1726 1742//1742
f 1746//1746 1745//1745 1729//1729
f 1746//1746 1730//1730 1728//1728
f 1733//1733 1748//1748 1747//1747
f 1749//1749 1748//1748 1733//1733
f 1749//1749 1734//1734 1729//1729
f 1735//1735 1750//1750 1632//1632
f 1751//1751 1750//1750 1735//1735
f 1752//1752 1751//1751 1736//1736
f 1738//1738 1753//1753 1752//1752
f 1738//1738 1732//1732 1747//1747
f 1754//1754 1753//1753 1747//1747
f 1739//1739 1531//1531 1545//1545
f 1740//1740 1739//1739 1755//1755
f 1741//1741 1740//1740 1756//1756
f 1743//1743 1759//1759 1758//1758
f 1759//1759 1743//1743 1741//1741
f 1760//1760 1744//1744 1742//1742
f 1762//1762 1761//1761 1745//1745
f 1746//1746 1744//1744 1760//1760
f 1749//1749 1764//1764 1763//1763
f 1764//1764 1749//1749 1745//1745
f 1750//1750 1765//1765 1644//1644
f 1766//1766 1765//1765 1750//1750
f 1767//1767 1766//1766 1751//1751
f 1768//1768 1767//1767 1752//1752
f 1754//1754 1769//1769 1768//1768
f 1754//1754 1748//1748 1763//1763
f 1772//1772 198//198 197//197
f 1773//1773 199//199 198//198
f 199//199 1773//1773 1770//1770
f 1774//1774 1771//1771 197//197
f 1772//1772 1771//1771 1775//1775
f 1777//1777 1773//1773 1772//1772
f 1774//1774 1778//1778 1775//1775
f 1779//1779 1776//1776 1775//1775
f 1777//1777 1776//1776 1780//1780
f 1779//1779 1778//1778 1782//1782
f 1779//1779 1783//1783 1780//1780
f 1781//1781 1780//1780 1784//1784
f 1783//1783 1782//1782 1786//1786
f 1783//1783 1787//1787 1784//1784
f 1788//1788 1785//1785 1784//1784
f 1787//1787 1786//1786 1790//1790
f 1788//1788 1787//1787 1791//1791
f 1788//1788 1792//1792 1789//1789
f 1792//1792 1791//1791 1793//1793
f 309//309 308//308 1795//1795
f 1797//1797 310//310 309//309
f 1799//1799 312//312 311//311
f 313//313 312//312 1799//1799
f 1800//1800 1795//1795 308//308
f 1802//1802 315//315 314//314
f 1802//1802 1798//1798 311//311
f 316//316 1803//1803 1801//1801
f 317//317 1804//1804 1803//1803
f 318//318 1805//1805 1804//1804
f 1806//1806 1805//1805 318//318
f 1807//1807 1806//1806 319//319
f 1796//1796 1795//1795 1808//1808
f 1797//1797 1796//1796 1809//1809
f 1799//1799 1798//1798 1811//1811
f 1813//1813 1800//1800 1799//1799
f 1800//1800 1813//1813 1808//1808
f 1814//1814 1809//1809 1808//1808
f 1802//1802 1801//1801 1815//1815
f 1802//1802 1816//1816 1811//1811
f 1817//1817 1812//1812 1811//1811
f 1803//1803 1818//1818 1815//1815
f 1819//1819 1818//1818 1803//1803
f 1805//1805 1820//1820 1819//1819
f 1821//1821 1820//1820 1805//1805
f 1822//1822 1821//1821 1806//1806
f 1810//1810 1809//1809 1823//1823
f 1826//1826 1813//1813 1812//1812
f 1814//1814 1813//1813 1826//1826
f 1814//1814 1827//1827 1823//1823
f 1828//1828 1824//1824 1823//1823
f 1816//1816 1815//1815 1829//1829
f 1817//1817 1816//1816 1830//1830
f 1817//1817 1831//1831 1825//1825
f 1818//1818 1832//1832 1829//1829
f 1833//1833 1830//1830 1829//1829
f 1834//1834 1832//1832 1818//1818
f 1835//1835 1834//1834 1819//1819
f 1821//1821 1836//1836 1835//1835
f 1822//1822 1837//1837 1836//1836
f 1826//1826 1825//1825 1838//1838
f 1840//1840 1827//1827 1826//1826
f 1828//1828 1827//1827 1840//1840
f 1831//1831 1830//1830 1842//1842
f 1831//1831 1843//1843 1838//1838
f 1844//1844 1839//1839 1838//1838
f 1833//1833 1832//1832 1845//1845
f 1833//1833 1846//1846 1842//1842
f 1834//1834 1847//1847 1845//1845
f 1848//1848 1847//1847 1834//1834
f 1849//1849 1848//1848 1835//1835
f 1837//1837 1850//1850 1849//1849
f 1840//1840 1839//1839 1851//1851
f 1853//1853 1841//1841 1840//1840
f 1843//1843 1842//1842 1854//1854
f 1844//1844 1843//1843 1855//1855
f 1844//1844 1856//1856 1851//1851
f 1857//1857 1852//1852 1851//1851
f 1846//1846 1845//1845 1858//1858
f 1846//1846 1859//1859 1854//1854
f 1847//1847 1860//1860 1858//1858
f 1861//1861 1859//1859 1858//1858
f 1862//1862 1860//1860 1847//1847
f 1863//1863 1862//1862 1848//1848
f 1850//1850 1864//1864 1863//1863
f 1853//1853 1852//1852 1865//1865
f 1855//1855 1854//1854 1867//1867
f 1869//1869 1856//1856 1855//1855
f 1857//1857 1856//1856 1869//1869
f 1857//1857 1870//1870 1865//1865
f 1871//1871 1866//1866 1865//1865
f 1859//1859 1872//1872 1867//1867
f 1873//1873 1868//1868 1867//1867
f 1861//1861 1860//1860 1874//1874
f 1861//1861 1875//1875 1872//1872
f 1862//1862 1876//1876 1874//1874
f 1877//1877 1876//1876 1862//1862
f 1864//1864 1878//1878 1877//1877
f 1869//1869 1868//1868 1879//1879
f 1881//1881 1870//1870 1869//1869
f 1871//1871 1870//1870 1881//1881
f 1873//1873 1872//1872 1883//1883
f 1873//1873 1884//1884 1879//1879
f 1885//1885 1880//1880 1879//1879
f 1875//1875 1874//1874 1886//1886
f 1875//1875 1887//1887 1883//1883
f 1888//1888 1884//1884 1883//1883
f 1876//1876 1889//1889 1886//1886
f 1890//1890 1887//1887 1886//1886
f 1877//1877 1891//1891 1889//1889
f 1892//1892 1890//1890 1889//1889
f 1878//1878 1893//1893 1891//1891
f 1881//1881 1880//1880 1895//1895
f 1882//1882 1881//1881 1896//1896
f 1885//1885 1884//1884 1898//1898
f 1885//1885 1899//1899 1895//1895
f 1900//1900 1896//1896 1895//1895
f 1900//1900 1901//1901 1897//1897
f 1888//1888 1887//1887 1902//1902
f 1888//1888 1903//1903 1898//1898
f 1904//1904 1899//1899 1898//1898
f 1890//1890 1905//1905 1902//1902
f 1906//1906 1903//1903 1902//1902
f 1892//1892 1891//1891 1907//1907
f 1892//1892 1908//1908 1905//1905
f 1893//1893 1909//1909 1907//1907
f 1910//1910 1908//1908 1907//1907
f 1894//1894 1910//1910 1909//1909
f 1911//1911 380//380 310//310
f 381//381 380//380 1911//1911
f 382//382 381//381 1912//1912
f 1914//1914 383//383 382//382
f 1916//1916 385//385 384//384
f 1916//1916 1774//1774 200//200
f 386//386 383//383 1914//1914
f 1918//1918 387//387 386//386
f 387//387 1918//1918 1915//1915
f 1919//1919 1911//1911 1797//1797
f 1912//1912 1911//1911 1919//1919
f 1913//1913 1912//1912 1920//1920
f 1922//1922 1914//1914 1913//1913
f 1924//1924 1916//1916 1915//1915
f 1924//1924 1778//1778 1774//1774
f 1925//1925 1926//1926 1922//1922
f 1917//1917 1914//1914 1922//1922
f 1927//1927 1918//1918 1917//1917
f 1927//1927 1923//1923 1915//1915
f 1919//1919 1810//1810 1824//1824
f 1929//1929 1920//1920 1919//1919
f 1930//1930 1921//1921 1920//1920
f 1924//1924 1923//1923 1931//1931
f 1924//1924 1932//1932 1782//1782
f 1828//1828 1933//1933 1928//1928
f 1934//1934 1929//1929 1928//1928
f 1934//1934 1935//1935 1930//1930
f 1925//1925 1921//1921 1930//1930
f 1936//1936 1926//1926 1925//1925
f 1927//1927 1926//1926 1936//1936
f 1937//1937 1931//1931 1923//1923
f 1932//1932 1931//1931 1938//1938
f 1932//1932 1939//1939 1786//1786
f 1933//1933 1828//1828 1841//1841
f 1941//1941 1934//1934 1933//1933
f 1942//1942 1935//1935 1934//1934
f 1936//1936 1935//1935 1942//1942
f 1937//1937 1936//1936 1943//1943
f 1937//1937 1944//1944 1938//1938
f 1945//1945 1939//1939 1938//1938
f 1939//1939 1946//1946 1790//1790
f 1947//1947 1791//1791 1790//1790
f 1948//1948 1940//1940 1841//1841
f 1941//1941 1940//1940 1948//1948
f 1942//1942 1941//1941 1949//1949
f 1943//1943 1942//1942 1950//1950
f 1952//1952 1944//1944 1943//1943
f 1945//1945 1944//1944 1952//1952
f 1945//1945 1953//1953 1946//1946
f 1955//1955 1952//1952 1951//1951
f 1947//1947 1946//1946 1956//1956
f 1947//1947 1957//1957 1793//1793
f 1958//1958 1794//1794 1793//1793
f 1948//1948 1853//1853 1866//1866
f 1960//1960 1949//1949 1948//1948
f 1961//1961 1950//1950 1949//1949
f 1962//1962 1951//1951 1950//1950
f 1953//1953 1952//1952 1963//1963
f 1953//1953 1964//1964 1956//1956
f 1965//1965 1957//1957 1956//1956
f 1871//1871 1966//1966 1959//1959
f 1967//1967 1960//1960 1959//1959
f 1968//1968 1961//1961 1960//1960
f 1968//1968 1969//1969 1962//1962
f 1954//1954 1951//1951 1962//1962
f 1955//1955 1954//1954 1969//1969
f 1955//1955 1970//1970 1963//1963
f 1971//1971 1964//1964 1963//1963
f 1958//1958 1957//1957 1972//1972
f 1965//1965 1964//1964 1974//1974
f 1965//1965 1975//1975 1972//1972
f 1976//1976 1973//1973 1972//1972
f 1966//1966 1871//1871 1882//1882
f 1978//1978 1967//1967 1966//1966
f 1979//1979 1968//1968 1967//1967
f 1980//1980 1969//1969 1968//1968
f 1970//1970 1969//1969 1980//1980
f 1971//1971 1970//1970 1981//1981
f 1971//1971 1982//1982 1974//1974
f 1983//1983 1975//1975 1974//1974
f 1976//1976 1975//1975 1985//1985
f 1976//1976 1986//1986 1984//1984
f 1977//1977 1882//1882 1897//1897
f 1988//1988 1978//1978 1977//1977
f 1989//1989 1979//1979 1978//1978
f 1990//1990 1980//1980 1979//1979
f 1991//1991 1981//1981 1980//1980
f 1992//1992 1982//1982 1981//1981
f 1983//1983 1982//1982 1992//1992
f 1983//1983 1993//1993 1985//1985
f 1994//1994 1986//1986 1985//1985
f 1995//1995 1987//1987 1897//1897
f 1996//1996 1997//1997 1989//1989
f 1998//1998 1990//1990 1989//1989
f 1999//1999 1991//1991 1990//1990
f 1999//1999 2000//2000 1992//1992
f 2001//2001 1993//1993 1992//1992
f 1900//1900 1899//1899 2002//2002
f 2004//2004 1901//1901 1900//1900
f 1904//1904 1903//1903 2005//2005
f 1904//1904 2006//2006 2002//2002
f 2007//2007 2003//2003 2002//2002
f 1906//1906 1905//1905 2008//2008
f 1906//1906 2009//2009 2005//2005
f 1908//1908 2010//2010 2008//2008
f 2011//2011 2009//2009 2008//2008
f 2012//2012 2010//2010 1908//1908
f 2004//2004 2003//2003 2013//2013
f 2006//2006 2005//2005 2015//2015
f 2007//2007 2006//2006 2016//2016
f 2007//2007 2017//2017 2013//2013
f 2018//2018 2014//2014 2013//2013
f 2009//2009 2019//2019 2015//2015
f 2020//2020 2016//2016 2015//2015
f 2021//2021 2017//2017 2016//2016
f 2011//2011 2010//2010 2022//2022
f 2011//2011 2023//2023 2019//2019
f 2024//2024 2020//2020 2019//2019
f 2012//2012 2025//2025 2022//2022
f 2026//2026 2023//2023 2022//2022
f 2018//2018 2017//2017 2027//2027
f 2021//2021 2020//2020 2029//2029
f 2021//2021 2030//2030 2027//2027
f 2031//2031 2028//2028 2027//2027
f 2024//2024 2023//2023 2032//2032
f 2024//2024 2033//2033 2029//2029
f 2034//2034 2030//2030 2029//2029
f 2026//2026 2035//2035 2032//2032
f 2036//2036 2033//2033 2032//2032
f 2031//2031 2030//2030 2037//2037
f 2034//2034 2033//2033 2039//2039
f 2034//2034 2040//2040 2037//2037
f 2041//2041 2038//2038 2037//2037
f 2036//2036 2042//2042 2039//2039
f 2043//2043 2040//2040 2039//2039
f 2041//2041 2040//2040 2044//2044
f 2043//2043 2046//2046 2044//2044
f 2047//2047 2045//2045 2044//2044
f 2050//2050 1988//1988 1987//1987
f 1994//1994 1993//1993 2051//2051
f 1995//1995 1901//1901 2004//2004
f 1995//1995 2053//2053 2049//2049
f 2053//2053 2054//2054 2050//2050
f 1996//1996 1988//1988 2050//2050
f 2055//2055 1997//1997 1996//1996
f 2056//2056 1998//1998 1997//1997
f 1999//1999 1998//1998 2056//2056
f 2058//2058 2000//2000 1999//1999
f 2001//2001 2000//2000 2058//2058
f 2001//2001 2059//2059 2051//2051
f 2060//2060 2052//2052 2051//2051
f 2061//2061 2062//2062 2058//2058
f 2063//2063 2059//2059 2058//2058
f 2064//2064 2060//2060 2059//2059
f 2065//2065 2053//2053 2004//2004
f 2054//2054 2053//2053 2065//2065
f 2055//2055 2054//2054 2066//2066
f 2068//2068 2056//2056 2055//2055
f 2069//2069 2057//2057 2056//2056
f 2018//2018 2071//2071 2065//2065
f 2071//2071 2072//2072 2066//2066
f 2073//2073 2067//2067 2066//2066
f 2074//2074 2068//2068 2067//2067
f 2074//2074 2075//2075 2069//2069
f 2061//2061 2057//2057 2069//2069
f 2076//2076 2062//2062 2061//2061
f 2063//2063 2062//2062 2076//2076
f 2064//2064 2063//2063 2077//2077
f 2064//2064 2078//2078 2070//2070
f 2079//2079 2080//2080 2078//2078
f 2071//2071 2018//2018 2028//2028
f 2082//2082 2072//2072 2071//2071
f 2083//2083 2073//2073 2072//2072
f 2074//2074 2073//2073 2083//2083
f 2085//2085 2075//2075 2074//2074
f 2076//2076 2075//2075 2085//2085
f 2087//2087 2077//2077 2076//2076
f 2088//2088 2081//2081 2028//2028
f 2089//2089 2090//2090 2085//2085
f 2091//2091 2086//2086 2085//2085
f 2091//2091 2092//2092 2087//2087
f 2079//2079 2077//2077 2087//2087
f 2093//2093 2080//2080 2079//2079
f 2082//2082 2081//2081 2095//2095
f 2083//2083 2082//2082 2096//2096
f 2098//2098 2084//2084 2083//2083
f 2088//2088 2031//2031 2038//2038
f 2088//2088 2099//2099 2095//2095
f 2100//2100 2096//2096 2095//2095
f 2101//2101 2097//2097 2096//2096
f 2101//2101 2102//2102 2098//2098
f 2089//2089 2084//2084 2098//2098
f 2103//2103 2090//2090 2089//2089
f 2104//2104 2091//2091 2090//2090
f 2105//2105 2092//2092 2091//2091
f 2106//2106 2093//2093 2092//2092
f 2107//2107 2099//2099 2038//2038
f 2108//2108 2109//2109 2104//2104
f 2110//2110 2105//2105 2104//2104
f 2110//2110 2111//2111 2106//2106
f 2094//2094 2093//2093 2106//2106
f 2100//2100 2099//2099 2113//2113
f 2115//2115 2101//2101 2100//2100
f 2116//2116 2102//2102 2101//2101
f 2117//2117 2103//2103 2102//2102
f 2107//2107 2041//2041 2045//2045
f 2107//2107 2118//2118 2113//2113
f 2119//2119 2114//2114 2113//2113
f 2120//2120 2115//2115 2114//2114
f 2121//2121 2116//2116 2115//2115
f 2121//2121 2122//2122 2117//2117
f 2108//2108 2103//2103 2117//2117
f 2123//2123 2109//2109 2108//2108
f 2124//2124 2110//2110 2109//2109
f 2125//2125 2111//2111 2110//2110
f 2126//2126 2118//2118 2045//2045
f 2127//2127 2128//2128 2124//2124
f 2128//2128 2129//2129 2125//2125
f 2112//2112 2111//2111 2125//2125
f 2119//2119 2118//2118 2130//2130
f 2132//2132 2120//2120 2119//2119
f 2121//2121 2120//2120 2132//2132
f 2134//2134 2122//2122 2121//2121
f 2135//2135 2123//2123 2122//2122
f 2126//2126 2047//2047 2048//2048
f 2126//2126 2136//2136 2130//2130
f 2137//2137 2131//2131 2130//2130
f 2137//2137 2138//2138 2132//2132
f 2139//2139 2133//2133 2132//2132
f 2139//2139 2140//2140 2134//2134
f 2140//2140 2141//2141 2135//2135
f 2127//2127 2123//2123 2135//2135
f 2142//2142 2128//2128 2127//2127
f 2143//2143 2129//2129 2128//2128
f 2139//2139 2138//2138 2144//2144
f 2146//2146 2140//2140 2139//2139
f 531//531 196//196 1770//1770
f 1773//1773 2148//2148 2147//2147
f 532//532 531//531 2147//2147
f 533//533 532//532 2148//2148
f 534//534 533//533 2149//2149
f 2151//2151 535//535 534//534
f 2148//2148 1773//1773 1777//1777
f 2149//2149 2148//2148 2152//2152
f 2154//2154 2150//2150 2149//2149
f 2155//2155 2156//2156 2154//2154
f 2151//2151 2150//2150 2154//2154
f 2152//2152 1777//1777 1781//1781
f 2158//2158 2153//2153 2152//2152
f 2155//2155 2153//2153 2158//2158
f 2160//2160 2156//2156 2155//2155
f 2161//2161 2157//2157 1781//1781
f 2162//2162 2158//2158 2157//2157
f 2163//2163 2164//2164 2162//2162
f 2159//2159 2158//2158 2162//2162
f 2165//2165 2160//2160 2159//2159
f 2166//2166 2161//2161 1785//1785
f 1792//1792 2167//2167 2166//2166
f 2163//2163 2161//2161 2166//2166
f 2168//2168 2164//2164 2163//2163
f 2169//2169 2165//2165 2164//2164
f 2167//2167 1792//1792 1794//1794
f 2171//2171 2168//2168 2167//2167
f 2172//2172 637//637 535//535
f 638//638 637//637 2172//2172
f 639//639 638//638 2173//2173
f 640//640 639//639 2174//2174
f 641//641 640//640 2175//2175
f 2177//2177 642//642 641//641
f 643//643 642//642 2177//2177
f 644//644 643//643 2178//2178
f 2180//2180 645//645 644//644
f 646//646 645//645 2180//2180
f 2182//2182 647//647 646//646
f 2183//2183 2184//2184 2182//2182
f 648//648 647//647 2182//2182
f 2185//2185 2172//2172 2151//2151
f 2173//2173 2172//2172 2185//2185
f 2174//2174 2173//2173 2186//2186
f 2175//2175 2174//2174 2187//2187
f 2176//2176 2175//2175 2188//2188
f 2177//2177 2176//2176 2189//2189
f 2178//2178 2177//2177 2190//2190
f 2179//2179 2178//2178 2191//2191
f 2193//2193 2180//2180 2179//2179
f 2194//2194 2181//2181 2180//2180
f 2183//2183 2181//2181 2194//2194
f 2196//2196 2184//2184 2183//2183
f 2185//2185 2156//2156 2160//2160
f 2186//2186 2185//2185 2198//2198
f 2187//2187 2186//2186 2199//2199
f 2188//2188 2187//2187 2200//2200
f 2189//2189 2188//2188 2201//2201
f 2190//2190 2189//2189 2202//2202
f 2191//2191 2190//2190 2203//2203
f 2205//2205 2192//2192 2191//2191
f 2206//2206 2207//2207 2205//2205
f 2193//2193 2192//2192 2205//2205
f 2208//2208 2194//2194 2193//2193
f 2209//2209 2195//2195 2194//2194
f 2210//2210 2196//2196 2195//2195
f 2197//2197 2196//2196 2210//2210
f 2198//2198 2160//2160 2165//2165
f 2213//2213 2199//2199 2198//2198
f 2214//2214 2215//2215 2213//2213
f 2200//2200 2199//2199 2213//2213
f 2216//2216 2201//2201 2200//2200
f 2217//2217 2202//2202 2201//2201
f 2218//2218 2219//2219 2217//2217
f 2203//2203 2202//2202 2217//2217
f 2220//2220 2204//2204 2203//2203
f 2206//2206 2204//2204 2220//2220
f 2222//2222 2207//2207 2206//2206
f 2223//2223 2208//2208 2207//2207
f 2224//2224 2225//2225 2223//2223
f 2209//2209 2208//2208 2223//2223
f 2226//2226 2210//2210 2209//2209
f 2227//2227 2228//2228 2226//2226
f 2211//2211 2210//2210 2226//2226
f 2229//2229 2230//2230 2169//2169
f 2212//2212 2165//2165 2169//2169
f 2214//2214 2212//2212 2230//2230
f 2232//2232 2215//2215 2214//2214
f 2233//2233 2216//2216 2215//2215
f 2218//2218 2216//2216 2233//2233
f 2235//2235 2219//2219 2218//2218
f 2236//2236 2237//2237 2235//2235
f 2220//2220 2219//2219 2235//2235
f 2238//2238 2221//2221 2220//2220
f 2239//2239 2222//2222 2221//2221
f 2224//2224 2222//2222 2239//2239
f 2241//2241 2225//2225 2224//2224
f 2227//2227 2225//2225 2241//2241
f 2243//2243 2228//2228 2227//2227
f 2244//2244 2170//2170 1794//1794
f 2244//2244 2245//2245 2171//2171
f 2229//2229 2168//2168 2171//2171
f 2246//2246 2230//2230 2229//2229
f 2247//2247 2248//2248 2246//2246
f 2231//2231 2230//2230 2246//2246
f 2249//2249 2232//2232 2231//2231
f 2250//2250 2251//2251 2249//2249
f 2233//2233 2232//2232 2249//2249
f 2252//2252 2234//2234 2233//2233
f 2236//2236 2234//2234 2252//2252
f 2254//2254 2237//2237 2236//2236
f 2255//2255 2256//2256 2254//2254
f 2238//2238 2237//2237 2254//2254
f 2257//2257 2239//2239 2238//2238
f 2258//2258 2259//2259 2257//2257
f 2240//2240 2239//2239 2257//2257
f 2260//2260 2241//2241 2240//2240
f 2261//2261 2262//2262 2260//2260
f 2242//2242 2241//2241 2260//2260
f 2263//2263 2243//2243 2242//2242
f 2264//2264 2244//2244 1958//1958
f 2265//2265 2245//2245 2244//2244
f 2266//2266 2267//2267 2265//2265
f 2247//2247 2245//2245 2265//2265
f 2268//2268 2248//2248 2247//2247
f 2269//2269 2270//2270 2268//2268
f 2250//2250 2248//2248 2268//2268
f 2271//2271 2251//2251 2250//2250
f 2272//2272 2273//2273 2271//2271
f 2252//2252 2251//2251 2271//2271
f 2274//2274 2275//2275 2273//2273
f 2275//2275 2253//2253 2252//2252
f 2255//2255 2253//2253 2275//2275
f 2277//2277 2256//2256 2255//2255
f 2278//2278 2279//2279 2277//2277
f 2258//2258 2256//2256 2277//2277
f 2280//2280 2259//2259 2258//2258
f 2261//2261 2259//2259 2280//2280
f 2282//2282 2262//2262 2261//2261
f 2283//2283 2263//2263 2262//2262
f 2284//2284 2264//2264 1973//1973
f 1986//1986 2285//2285 2284//2284
f 2266//2266 2264//2264 2284//2284
f 2286//2286 2267//2267 2266//2266
f 1994//1994 2287//2287 2285//2285
f 2287//2287 2288//2288 2286//2286
f 2269//2269 2267//2267 2286//2286
f 2289//2289 2270//2270 2269//2269
f 2290//2290 2291//2291 2289//2289
f 2272//2272 2270//2270 2289//2289
f 2274//2274 2272//2272 2291//2291
f 2293//2293 2275//2275 2274//2274
f 2294//2294 2295//2295 2293//2293
f 2276//2276 2275//2275 2293//2293
f 2278//2278 2276//2276 2295//2295
f 2297//2297 2279//2279 2278//2278
f 2298//2298 2280//2280 2279//2279
f 2299//2299 2300//2300 2298//2298
f 2281//2281 2280//2280 2298//2298
f 2301//2301 2282//2282 2281//2281
f 2302//2302 670//670 648//648
f 2303//2303 671//671 670//670
f 2304//2304 672//672 671//671
f 2305//2305 2302//2302 2184//2184
f 2197//2197 2306//2306 2305//2305
f 2303//2303 2302//2302 2305//2305
f 2307//2307 2304//2304 2303//2303
f 2308//2308 2306//2306 2197//2197
f 2309//2309 2308//2308 2211//2211
f 2310//2310 2309//2309 2228//2228
f 2287//2287 1994//1994 2052//2052
f 2312//2312 2288//2288 2287//2287
f 2313//2313 2311//2311 2052//2052
f 2313//2313 2314//2314 2312//2312
f 2290//2290 2288//2288 2312//2312
f 2315//2315 2291//2291 2290//2290
f 2316//2316 2317//2317 2314//2314
f 2317//2317 2318//2318 2315//2315
f 2292//2292 2291//2291 2315//2315
f 2319//2319 2320//2320 2318//2318
f 2294//2294 2292//2292 2318//2318
f 2321//2321 2295//2295 2294//2294
f 2322//2322 2323//2323 2321//2321
f 2296//2296 2295//2295 2321//2321
f 2324//2324 2297//2297 2296//2296
f 2325//2325 2326//2326 2324//2324
f 2299//2299 2297//2297 2324//2324
f 2327//2327 2300//2300 2299//2299
f 2328//2328 2313//2313 2060//2060
f 2329//2329 2328//2328 2070//2070
f 2316//2316 2313//2313 2328//2328
f 2330//2330 2317//2317 2316//2316
f 2080//2080 2331//2331 2329//2329
f 2331//2331 2332//2332 2330//2330
f 2319//2319 2317//2317 2330//2330
f 2333//2333 2320//2320 2319//2319
f 2334//2334 2335//2335 2332//2332
f 2335//2335 2336//2336 2333//2333
f 2322//2322 2320//2320 2333//2333
f 2337//2337 2323//2323 2322//2322
f 2338//2338 2339//2339 2337//2337
f 2325//2325 2323//2323 2337//2337
f 2340//2340 2326//2326 2325//2325
f 2341//2341 2327//2327 2326//2326
f 2342//2342 2331//2331 2080//2080
f 2094//2094 2343//2343 2342//2342
f 2334//2334 2331//2331 2342//2342
f 2344//2344 2335//2335 2334//2334
f 2345//2345 2336//2336 2335//2335
f 2346//2346 2347//2347 2345//2345
f 2338//2338 2336//2336 2345//2345
f 2348//2348 2339//2339 2338//2338
f 2349//2349 2340//2340 2339//2339
f 2350//2350 2343//2343 2094//2094
f 2351//2351 2344//2344 2343//2343
f 2112//2112 2352//2352 2350//2350
f 2352//2352 2353//2353 2351//2351
f 2346//2346 2344//2344 2351//2351
f 2354//2354 2347//2347 2346//2346
f 2355//2355 2348//2348 2347//2347
f 2356//2356 2352//2352 2112//2112
f 2357//2357 2353//2353 2352//2352
f 2358//2358 2356//2356 2129//2129
f 2359//2359 1807//1807 320//320
f 946//946 2360//2360 2359//2359
f 2361//2361 2360//2360 946//946
f 948//948 2362//2362 2361//2361
f 950//950 2363//2363 2362//2362
f 2364//2364 2363//2363 950//950
f 952//952 2365//2365 2364//2364
f 953//953 2366//2366 2365//2365
f 954//954 2367//2367 2366//2366
f 955//955 2368//2368 2367//2367
f 956//956 2369//2369 2368//2368
f 957//957 2370//2370 2369//2369
f 2371//2371 2370//2370 957//957
f 2372//2372 1822//1822 1807//1807
f 2360//2360 2373//2373 2372//2372
f 2361//2361 2374//2374 2373//2373
f 2362//2362 2375//2375 2374//2374
f 2376//2376 2375//2375 2362//2362
f 2364//2364 2377//2377 2376//2376
f 2365//2365 2378//2378 2377//2377
f 2366//2366 2379//2379 2378//2378
f 2367//2367 2380//2380 2379//2379
f 2368//2368 2381//2381 2380//2380
f 2369//2369 2382//2382 2381//2381
f 2383//2383 2382//2382 2369//2369
f 2384//2384 2383//2383 2370//2370
f 2385//2385 1837//1837 1822//1822
f 2373//2373 2386//2386 2385//2385
f 2374//2374 2387//2387 2386//2386
f 2375//2375 2388//2388 2387//2387
f 2376//2376 2389//2389 2388//2388
f 2377//2377 2390//2390 2389//2389
f 2378//2378 2391//2391 2390//2390
f 2379//2379 2392//2392 2391//2391
f 2380//2380 2393//2393 2392//2392
f 2394//2394 2393//2393 2380//2380
f 2395//2395 2393//2393 2394//2394
f 2382//2382 2396//2396 2394//2394
f 2397//2397 2396//2396 2382//2382
f 2384//2384 2398//2398 2397//2397
f 2385//2385 2399//2399 1850//1850
f 2386//2386 2400//2400 2399//2399
f 2387//2387 2401//2401 2400//2400
f 2402//2402 2401//2401 2387//2387
f 2389//2389 2403//2403 2402//2402
f 2390//2390 2404//2404 2403//2403
f 2405//2405 2404//2404 2390//2390
f 2392//2392 2406//2406 2405//2405
f 2407//2407 2406//2406 2392//2392
f 2395//2395 2408//2408 2407//2407
f 2409//2409 2408//2408 2395//2395
f 2410//2410 2409//2409 2396//2396
f 2411//2411 2409//2409 2410//2410
f 2398//2398 2412//2412 2410//2410
f 2399//2399 2413//2413 1864//1864
f 2414//2414 2413//2413 2399//2399
f 2415//2415 2414//2414 2400//2400
f 2416//2416 2415//2415 2401//2401
f 2403//2403 2417//2417 2416//2416
f 2418//2418 2417//2417 2403//2403
f 2419//2419 2418//2418 2404//2404
f 2406//2406 2420//2420 2419//2419
f 2407//2407 2421//2421 2420//2420
f 2423//2423 2421//2421 2407//2407
f 2423//2423 2424//2424 2422//2422
f 2409//2409 2424//2424 2423//2423
f 2411//2411 2425//2425 2424//2424
f 2426//2426 2425//2425 2411//2411
f 2413//2413 2427//2427 1878//1878
f 2429//2429 2427//2427 2413//2413
f 2429//2429 2430//2430 2428//2428
f 2415//2415 2430//2430 2429//2429
f 2431//2431 2430//2430 2415//2415
f 2417//2417 2432//2432 2431//2431
f 2433//2433 2432//2432 2417//2417
f 2434//2434 2433//2433 2418//2418
f 2435//2435 2434//2434 2419//2419
f 2436//2436 2435//2435 2420//2420
f 2422//2422 2437//2437 2436//2436
f 2438//2438 2437//2437 2422//2422
f 2440//2440 2438//2438 2424//2424
f 2440//2440 2441//2441 2439//2439
f 2426//2426 2441//2441 2440//2440
f 2442//2442 1893//1893 1878//1878
f 2442//2442 2443//2443 1894//1894
f 2428//2428 2443//2443 2442//2442
f 2444//2444 2443//2443 2428//2428
f 2431//2431 2445//2445 2444//2444
f 2447//2447 2445//2445 2431//2431
f 2447//2447 2448//2448 2446//2446
f 2433//2433 2448//2448 2447//2447
f 2449//2449 2448//2448 2433//2433
f 2450//2450 2449//2449 2434//2434
f 2451//2451 2450//2450 2435//2435
f 2452//2452 2451//2451 2436//2436
f 2453//2453 2452//2452 2437//2437
f 2439//2439 2454//2454 2453//2453
f 2455//2455 2454//2454 2439//2439
f 2456//2456 1910//1910 1894//1894
f 2444//2444 2457//2457 2456//2456
f 2458//2458 2457//2457 2444//2444
f 2446//2446 2459//2459 2458//2458
f 2460//2460 2459//2459 2446//2446
f 2449//2449 2461//2461 2460//2460
f 2462//2462 2461//2461 2449//2449
f 2463//2463 2462//2462 2450//2450
f 2464//2464 2463//2463 2451//2451
f 2465//2465 2464//2464 2452//2452
f 2466//2466 2465//2465 2453//2453
f 2467//2467 2466//2466 2454//2454
f 2468//2468 2371//2371 958//958
f 2469//2469 2384//2384 2371//2371
f 2470//2470 2398//2398 2384//2384
f 2471//2471 2412//2412 2398//2398
f 2471//2471 2472//2472 2426//2426
f 2473//2473 2441//2441 2426//2426
f 2473//2473 2474//2474 2455//2455
f 2474//2474 2475//2475 2467//2467
f 2476//2476 2468//2468 995//995
f 2477//2477 2476//2476 1075//1075
f 1078//1078 2478//2478 2477//2477
f 2479//2479 2478//2478 1078//1078
f 1080//1080 2480//2480 2479//2479
f 2481//2481 2479//2479 2480//2480
f 1081//1081 2482//2482 2480//2480
f 2483//2483 2482//2482 1081//1081
f 1084//1084 2484//2484 2483//2483
f 2485//2485 2484//2484 1084//1084
f 1086//1086 2486//2486 2485//2485
f 2487//2487 2486//2486 1086//1086
f 2488//2488 2487//2487 1087//1087
f 2489//2489 2469//2469 2468//2468
f 2490//2490 2489//2489 2476//2476
f 2491//2491 2490//2490 2477//2477
f 2492//2492 2491//2491 2478//2478
f 2481//2481 2493//2493 2492//2492
f 2494//2494 2493//2493 2481//2481
f 2483//2483 2495//2495 2494//2494
f 2496//2496 2495//2495 2483//2483
f 2497//2497 2496//2496 2484//2484
f 2498//2498 2497//2497 2485//2485
f 2499//2499 2498//2498 2486//2486
f 2500//2500 2499//2499 2487//2487
f 2501//2501 2470//2470 2469//2469
f 2502//2502 2501//2501 2489//2489
f 2503//2503 2502//2502 2490//2490
f 2504//2504 2503//2503 2491//2491
f 2505//2505 2504//2504 2492//2492
f 2494//2494 2506//2506 2505//2505
f 2495//2495 2507//2507 2506//2506
f 2508//2508 2507//2507 2495//2495
f 2497//2497 2509//2509 2508//2508
f 2510//2510 2509//2509 2497//2497
f 2511//2511 2509//2509 2510//2510
f 2499//2499 2512//2512 2510//2510
f 2500//2500 2513//2513 2512//2512
f 2501//2501 2515//2515 2471//2471
f 2516//2516 2515//2515 2501//2501
f 2517//2517 2516//2516 2502//2502
f 2518//2518 2517//2517 2503//2503
f 2519//2519 2518//2518 2504//2504
f 2506//2506 2520//2520 2519//2519
f 2507//2507 2521//2521 2520//2520
f 2522//2522 2521//2521 2507//2507
f 2523//2523 2522//2522 2508//2508
f 2511//2511 2524//2524 2523//2523
f 2525//2525 2524//2524 2511//2511
f 2513//2513 2526//2526 2525//2525
f 2514//2514 2527//2527 2526//2526
f 2515//2515 2528//2528 2472//2472
f 2529//2529 2528//2528 2515//2515
f 2517//2517 2530//2530 2529//2529
f 2531//2531 2530//2530 2517//2517
f 2532//2532 2531//2531 2518//2518
f 2520//2520 2533//2533 2532//2532
f 2521//2521 2534//2534 2533//2533
f 2535//2535 2534//2534 2521//2521
f 2536//2536 2535//2535 2522//2522
f 2537//2537 2536//2536 2523//2523
f 2538//2538 2537//2537 2524//2524
f 2526//2526 2539//2539 2538//2538
f 2527//2527 2540//2540 2539//2539
f 2541//2541 2473//2473 2472//2472
f 2529//2529 2542//2542 2541//2541
f 2530//2530 2543//2543 2542//2542
f 2531//2531 2544//2544 2543//2543
f 2532//2532 2545//2545 2544//2544
f 2546//2546 2545//2545 2532//2532
f 2547//2547 2546//2546 2533//2533
f 2535//2535 2548//2548 2547//2547
f 2536//2536 2549//2549 2548//2548
f 2537//2537 2550//2550 2549//2549
f 2538//2538 2551//2551 2550//2550
f 2539//2539 2552//2552 2551//2551
f 2553//2553 2552//2552 2539//2539
f 2541//2541 2554//2554 2474//2474
f 2542//2542 2555//2555 2554//2554
f 2543//2543 2556//2556 2555//2555
f 2544//2544 2557//2557 2556//2556
f 2545//2545 2558//2558 2557//2557
f 2559//2559 2558//2558 2545//2545
f 2560//2560 2559//2559 2546//2546
f 2548//2548 2561//2561 2560//2560
f 2549//2549 2562//2562 2561//2561
f 2564//2564 2562//2562 2549//2549
f 2564//2564 2565//2565 2563//2563
f 2551//2551 2565//2565 2564//2564
f 2566//2566 2565//2565 2551//2551
f 2554//2554 2567//2567 2475//2475
f 2555//2555 2568//2568 2567//2567
f 2556//2556 2569//2569 2568//2568
f 2557//2557 2570//2570 2569//2569
f 2572//2572 2570//2570 2557//2557
f 2572//2572 2573//2573 2571//2571
f 2559//2559 2573//2573 2572//2572
f 2574//2574 2573//2573 2559//2559
f 2561//2561 2575//2575 2574//2574
f 2576//2576 2575//2575 2561//2561
f 2563//2563 2577//2577 2576//2576
f 2578//2578 2577//2577 2563//2563
f 2566//2566 2579//2579 2578//2578
f 2456//2456 2580//2580 2012//2012
f 2582//2582 2580//2580 2456//2456
f 2582//2582 2583//2583 2581//2581
f 2584//2584 2582//2582 2457//2457
f 2584//2584 2585//2585 2583//2583
f 2459//2459 2585//2585 2584//2584
f 2586//2586 2585//2585 2459//2459
f 2588//2588 2586//2586 2460//2460
f 2588//2588 2589//2589 2587//2587
f 2462//2462 2589//2589 2588//2588
f 2590//2590 2589//2589 2462//2462
f 2591//2591 2590//2590 2463//2463
f 2592//2592 2591//2591 2464//2464
f 2593//2593 2592//2592 2465//2465
f 2594//2594 2593//2593 2466//2466
f 2595//2595 2025//2025 2012//2012
f 2595//2595 2596//2596 2026//2026
f 2581//2581 2596//2596 2595//2595
f 2597//2597 2596//2596 2581//2581
f 2585//2585 2598//2598 2597//2597
f 2600//2600 2598//2598 2585//2585
f 2600//2600 2601//2601 2599//2599
f 2587//2587 2601//2601 2600//2600
f 2602//2602 2601//2601 2587//2587
f 2604//2604 2602//2602 2589//2589
f 2604//2604 2605//2605 2603//2603
f 2591//2591 2605//2605 2604//2604
f 2607//2607 2605//2605 2591//2591
f 2607//2607 2608//2608 2606//2606
f 2593//2593 2608//2608 2607//2607
f 2609//2609 2608//2608 2593//2593
f 2610//2610 2035//2035 2026//2026
f 2610//2610 2611//2611 2036//2036
f 2597//2597 2612//2612 2610//2610
f 2613//2613 2611//2611 2610//2610
f 2614//2614 2612//2612 2597//2597
f 2614//2614 2615//2615 2613//2613
f 2599//2599 2615//2615 2614//2614
f 2616//2616 2615//2615 2599//2599
f 2618//2618 2616//2616 2601//2601
f 2618//2618 2619//2619 2617//2617
f 2603//2603 2619//2619 2618//2618
f 2620//2620 2619//2619 2603//2603
f 2606//2606 2621//2621 2620//2620
f 2622//2622 2621//2621 2606//2606
f 2611//2611 2623//2623 2042//2042
f 2624//2624 2043//2043 2042//2042
f 2613//2613 2625//2625 2623//2623
f 2625//2625 2626//2626 2624//2624
f 2627//2627 2625//2625 2613//2613
f 2628//2628 2626//2626 2625//2625
f 2629//2629 2627//2627 2615//2615
f 2629//2629 2630//2630 2628//2628
f 2617//2617 2630//2630 2629//2629
f 2631//2631 2630//2630 2617//2617
f 2633//2633 2631//2631 2619//2619
f 2633//2633 2634//2634 2632//2632
f 2621//2621 2634//2634 2633//2633
f 2635//2635 2634//2634 2621//2621
f 2636//2636 2046//2046 2043//2043
f 2637//2637 2047//2047 2046//2046
f 2626//2626 2638//2638 2636//2636
f 2638//2638 2639//2639 2637//2637
f 2640//2640 2638//2638 2626//2626
f 2640//2640 2641//2641 2639//2639
f 2642//2642 2640//2640 2628//2628
f 2643//2643 2641//2641 2640//2640
f 2644//2644 2642//2642 2630//2630
f 2644//2644 2645//2645 2643//2643
f 2632//2632 2645//2645 2644//2644
f 2646//2646 2645//2645 2632//2632
f 2637//2637 2647//2647 2048//2048
f 2648//2648 2647//2647 2637//2637
f 2641//2641 2649//2649 2648//2648
f 2643//2643 2650//2650 2649//2649
f 2651//2651 2650//2650 2643//2643
f 2475//2475 2652//2652 2594//2594
f 2609//2609 2654//2654 2653//2653
f 2652//2652 2654//2654 2609//2609
f 2653//2653 2656//2656 2622//2622
f 2657//2657 2656//2656 2653//2653
f 2655//2655 2658//2658 2657//2657
f 2635//2635 2660//2660 2659//2659
f 2656//2656 2660//2660 2635//2635
f 2662//2662 2660//2660 2656//2656
f 2662//2662 2663//2663 2661//2661
f 2658//2658 2663//2663 2662//2662
f 2646//2646 2666//2666 2665//2665
f 2659//2659 2666//2666 2646//2646
f 2667//2667 2666//2666 2659//2659
f 2661//2661 2668//2668 2667//2667
f 2669//2669 2668//2668 2661//2661
f 2664//2664 2670//2670 2669//2669
f 2672//2672 2136//2136 2048//2048
f 2673//2673 2137//2137 2136//2136
f 2674//2674 2138//2138 2137//2137
f 2675//2675 2676//2676 2141//2141
f 2676//2676 2677//2677 2142//2142
f 2677//2677 2678//2678 2143//2143
f 2679//2679 2672//2672 2647//2647
f 2681//2681 2679//2679 2648//2648
f 2650//2650 2682//2682 2681//2681
f 2651//2651 2683//2683 2682//2682
f 2665//2665 2683//2683 2651//2651
f 2685//2685 2683//2683 2665//2665
f 2685//2685 2686//2686 2684//2684
f 2688//2688 2685//2685 2666//2666
f 2688//2688 2689//2689 2686//2686
f 2668//2668 2689//2689 2688//2688
f 2689//2689 2690//2690 2687//2687
f 2691//2691 2689//2689 2668//2668
f 2691//2691 2692//2692 2690//2690
f 2670//2670 2692//2692 2691//2691
f 2671//2671 2693//2693 2692//2692
f 2673//2673 2672//2672 2695//2695
f 2674//2674 2673//2673 2696//2696
f 2674//2674 2697//2697 2144//2144
f 2698//2698 2145//2145 2144//2144
f 2698//2698 2699//2699 2146//2146
f 2675//2675 2140//2140 2146//2146
f 2700//2700 2676//2676 2675//2675
f 2677//2677 2676//2676 2700//2700
f 2702//2702 2678//2678 2677//2677
f 2679//2679 2703//2703 2695//2695
f 2704//2704 2696//2696 2695//2695
f 2705//2705 2697//2697 2696//2696
f 2706//2706 2698//2698 2697//2697
f 2707//2707 2699//2699 2698//2698
f 2707//2707 2708//2708 2700//2700
f 2708//2708 2709//2709 2701//2701
f 2709//2709 2710//2710 2702//2702
f 2680//2680 2678//2678 2702//2702
f 2711//2711 2703//2703 2679//2679
f 2711//2711 2712//2712 2704//2704
f 2713//2713 2705//2705 2704//2704
f 2714//2714 2715//2715 2710//2710
f 2682//2682 2716//2716 2711//2711
f 2716//2716 2717//2717 2712//2712
f 2718//2718 2713//2713 2712//2712
f 2719//2719 2716//2716 2682//2682
f 2719//2719 2720//2720 2717//2717
f 2684//2684 2720//2720 2719//2719
f 2721//2721 2718//2718 2717//2717
f 2722//2722 2720//2720 2684//2684
f 2722//2722 2723//2723 2721//2721
f 2687//2687 2723//2723 2722//2722
f 2725//2725 2723//2723 2687//2687
f 2725//2725 2726//2726 2724//2724
f 2728//2728 2725//2725 2690//2690
f 2728//2728 2729//2729 2726//2726
f 2693//2693 2729//2729 2728//2728
f 2729//2729 2730//2730 2727//2727
f 2694//2694 2730//2730 2729//2729
f 2706//2706 2705//2705 2732//2732
f 2734//2734 2707//2707 2706//2706
f 2735//2735 2708//2708 2707//2707
f 2736//2736 2709//2709 2708//2708
f 2713//2713 2737//2737 2732//2732
f 2738//2738 2733//2733 2732//2732
f 2739//2739 2734//2734 2733//2733
f 2739//2739 2740//2740 2735//2735
f 2740//2740 2741//2741 2736//2736
f 2714//2714 2709//2709 2736//2736
f 2742//2742 2715//2715 2714//2714
f 2743//2743 2737//2737 2713//2713
f 2744//2744 2738//2738 2737//2737
f 2744//2744 2745//2745 2739//2739
f 2745//2745 2746//2746 2740//2740
f 2747//2747 2741//2741 2740//2740
f 2747//2747 2748//2748 2742//2742
f 2721//2721 2749//2749 2743//2743
f 2749//2749 2750//2750 2744//2744
f 2750//2750 2751//2751 2745//2745
f 2751//2751 2752//2752 2746//2746
f 2752//2752 2753//2753 2747//2747
f 2754//2754 2748//2748 2747//2747
f 2755//2755 2749//2749 2721//2721
f 2755//2755 2756//2756 2750//2750
f 2724//2724 2756//2756 2755//2755
f 2757//2757 2751//2751 2750//2750
f 2758//2758 2752//2752 2751//2751
f 2759//2759 2753//2753 2752//2752
f 2760//2760 2756//2756 2724//2724
f 2760//2760 2761//2761 2757//2757
f 2727//2727 2761//2761 2760//2760
f 2762//2762 2758//2758 2757//2757
f 2762//2762 2763//2763 2759//2759
f 2765//2765 2761//2761 2727//2727
f 2765//2765 2766//2766 2762//2762
f 2731//2731 2766//2766 2765//2765
f 2767//2767 2763//2763 2762//2762
f 2767//2767 2768//2768 2764//2764
f 2567//2567 2769//2769 2652//2652
f 2568//2568 2770//2770 2769//2769
f 2569//2569 2771//2771 2770//2770
f 2772//2772 2771//2771 2569//2569
f 2571//2571 2773//2773 2772//2772
f 2774//2774 2773//2773 2571//2571
f 2574//2574 2775//2775 2774//2774
f 2575//2575 2776//2776 2775//2775
f 2576//2576 2777//2777 2776//2776
f 2577//2577 2778//2778 2777//2777
f 2578//2578 2779//2779 2778//2778
f 2579//2579 2780//2780 2779//2779
f 2781//2781 2654//2654 2652//2652
f 2781//2781 2782//2782 2655//2655
f 2770//2770 2782//2782 2781//2781
f 2784//2784 2782//2782 2770//2770
f 2784//2784 2785//2785 2783//2783
f 2772//2772 2785//2785 2784//2784
f 2786//2786 2785//2785 2772//2772
f 2774//2774 2787//2787 2786//2786
f 2775//2775 2788//2788 2787//2787
f 2790//2790 2788//2788 2775//2775
f 2790//2790 2791//2791 2789//2789
f 2777//2777 2791//2791 2790//2790
f 2778//2778 2792//2792 2791//2791
f 2794//2794 2792//2792 2778//2778
f 2794//2794 2795//2795 2793//2793
f 2780//2780 2795//2795 2794//2794
f 2796//2796 2658//2658 2655//2655
f 2783//2783 2797//2797 2796//2796
f 2798//2798 2797//2797 2783//2783
f 2786//2786 2799//2799 2798//2798
f 2801//2801 2799//2799 2786//2786
f 2801//2801 2802//2802 2800//2800
f 2788//2788 2802//2802 2801//2801
f 2789//2789 2803//2803 2802//2802
f 2805//2805 2803//2803 2789//2789
f 2805//2805 2806//2806 2804//2804
f 2792//2792 2806//2806 2805//2805
f 2793//2793 2807//2807 2806//2806
f 2808//2808 2807//2807 2793//2793
f 2809//2809 2663//2663 2658//2658
f 2809//2809 2810//2810 2664//2664
f 2797//2797 2810//2810 2809//2809
f 2812//2812 2810//2810 2797//2797
f 2812//2812 2813//2813 2811//2811
f 2799//2799 2813//2813 2812//2812
f 2800//2800 2814//2814 2813//2813
f 2816//2816 2814//2814 2800//2800
f 2816//2816 2817//2817 2815//2815
f 2803//2803 2817//2817 2816//2816
f 2804//2804 2818//2818 2817//2817
f 2819//2819 2818//2818 2804//2804
f 2807//2807 2820//2820 2819//2819
f 2821//2821 2670//2670 2664//2664
f 2821//2821 2822//2822 2671//2671
f 2811//2811 2822//2822 2821//2821
f 2824//2824 2822//2822 2811//2811
f 2824//2824 2825//2825 2823//2823
f 2814//2814 2825//2825 2824//2824
f 2815//2815 2826//2826 2825//2825
f 2828//2828 2826//2826 2815//2815
f 2828//2828 2829//2829 2827//2827
f 2818//2818 2829//2829 2828//2828
f 2831//2831 2829//2829 2818//2818
f 2831//2831 2832//2832 2830//2830
f 2820//2820 2832//2832 2831//2831
f 2833//2833 2693//2693 2671//2671
f 2833//2833 2834//2834 2694//2694
f 2823//2823 2834//2834 2833//2833
f 2836//2836 2834//2834 2823//2823
f 2836//2836 2837//2837 2835//2835
f 2826//2826 2837//2837 2836//2836
f 2827//2827 2838//2838 2837//2837
f 2840//2840 2838//2838 2827//2827
f 2840//2840 2841//2841 2839//2839
f 2830//2830 2841//2841 2840//2840
f 2842//2842 2730//2730 2694//2694
f 2842//2842 2843//2843 2731//2731
f 2835//2835 2843//2843 2842//2842
f 2846//2846 2843//2843 2835//2835
f 2846//2846 2847//2847 2844//2844
f 2838//2838 2847//2847 2846//2846
f 2847//2847 2848//2848 2845//2845
f 2839//2839 2848//2848 2847//2847
f 2849//2849 2848//2848 2839//2839
f 2850//2850 2766//2766 2731//2731
f 2850//2850 2851//2851 2767//2767
f 2844//2844 2851//2851 2850//2850
f 2851//2851 2852//2852 2768//2768
f 2845//2845 2852//2852 2851//2851
f 2853//2853 2852//2852 2845//2845
f 2754//2754 2753//2753 2854//2854
f 2759//2759 2856//2856 2854//2854
f 2857//2857 2855//2855 2854//2854
f 2858//2858 2856//2856 2759//2759
f 2858//2858 2859//2859 2857//2857
f 2764//2764 2859//2859 2858//2858
f 2860//2860 2243//2243 2263//2263
f 2862//2862 2863//2863 2283//2283
f 2861//2861 2263//2263 2283//2283
f 2865//2865 2866//2866 2301//2301
f 2862//2862 2282//2282 2301//2301
f 2867//2867 2863//2863 2862//2862
f 2864//2864 2863//2863 2867//2867
f 2869//2869 1532//1532 672//672
f 2870//2870 1533//1533 1532//1532
f 1534//1534 1533//1533 2870//2870
f 1535//1535 1534//1534 2871//2871
f 1536//1536 1535//1535 2872//2872
f 1537//1537 1536//1536 2873//2873
f 2875//2875 1538//1538 1537//1537
f 1540//1540 1538//1538 2875//2875
f 2877//2877 1541//1541 1540//1540
f 1542//1542 1541//1541 2877//2877
f 2879//2879 1543//1543 1542//1542
f 2880//2880 2881//2881 2879//2879
f 1544//1544 1543//1543 2879//2879
f 2882//2882 1545//1545 1544//1544
f 2883//2883 2884//2884 2307//2307
f 2869//2869 2304//2304 2307//2307
f 2885//2885 2870//2870 2869//2869
f 2886//2886 2887//2887 2885//2885
f 2871//2871 2870//2870 2885//2885
f 2888//2888 2872//2872 2871//2871
f 2889//2889 2890//2890 2888//2888
f 2873//2873 2872//2872 2888//2888
f 2891//2891 2874//2874 2873//2873
f 2892//2892 2893//2893 2891//2891
f 2875//2875 2874//2874 2891//2891
f 2894//2894 2876//2876 2875//2875
f 2877//2877 2876//2876 2894//2894
f 2896//2896 2878//2878 2877//2877
f 2880//2880 2878//2878 2896//2896
f 2898//2898 2881//2881 2880//2880
f 2882//2882 2881//2881 2898//2898
f 2883//2883 2306//2306 2308//2308
f 2901//2901 2884//2884 2883//2883
f 2886//2886 2884//2884 2901//2901
f 2903//2903 2887//2887 2886//2886
f 2889//2889 2887//2887 2903//2903
f 2905//2905 2890//2890 2889//2889
f 2892//2892 2890//2890 2905//2905
f 2907//2907 2893//2893 2892//2892
f 2894//2894 2893//2893 2907//2907
f 2909//2909 2895//2895 2894//2894
f 2910//2910 2911//2911 2909//2909
f 2896//2896 2895//2895 2909//2909
f 2897//2897 2896//2896 2911//2911
f 2913//2913 2898//2898 2897//2897
f 2914//2914 2915//2915 2913//2913
f 2899//2899 2898//2898 2913//2913
f 2916//2916 2900//2900 2308//2308
f 2917//2917 2901//2901 2900//2900
f 2918//2918 2902//2902 2901//2901
f 2903//2903 2902//2902 2918//2918
f 2904//2904 2903//2903 2919//2919
f 2905//2905 2904//2904 2920//2920
f 2906//2906 2905//2905 2921//2921
f 2923//2923 2907//2907 2906//2906
f 2924//2924 2925//2925 2923//2923
f 2908//2908 2907//2907 2923//2923
f 2910//2910 2908//2908 2925//2925
f 2927//2927 2911//2911 2910//2910
f 2912//2912 2911//2911 2927//2927
f 2914//2914 2912//2912 2928//2928
f 2930//2930 2915//2915 2914//2914
f 2860//2860 2931//2931 2310//2310
f 2916//2916 2309//2309 2310//2310
f 2932//2932 2917//2917 2916//2916
f 2933//2933 2934//2934 2932//2932
f 2918//2918 2917//2917 2932//2932
f 2935//2935 2919//2919 2918//2918
f 2936//2936 2937//2937 2935//2935
f 2920//2920 2919//2919 2935//2935
f 2938//2938 2921//2921 2920//2920
f 2939//2939 2940//2940 2938//2938
f 2922//2922 2921//2921 2938//2938
f 2924//2924 2922//2922 2940//2940
f 2942//2942 2925//2925 2924//2924
f 2926//2926 2925//2925 2942//2942
f 2944//2944 2927//2927 2926//2926
f 2945//2945 2946//2946 2944//2944
f 2928//2928 2927//2927 2944//2944
f 2947//2947 2929//2929 2928//2928
f 2948//2948 2931//2931 2860//2860
f 2933//2933 2931//2931 2948//2948
f 2950//2950 2934//2934 2933//2933
f 2936//2936 2934//2934 2950//2950
f 2952//2952 2937//2937 2936//2936
f 2939//2939 2937//2937 2952//2952
f 2954//2954 2940//2940 2939//2939
f 2941//2941 2940//2940 2954//2954
f 2956//2956 2942//2942 2941//2941
f 2957//2957 2958//2958 2956//2956
f 2943//2943 2942//2942 2956//2956
f 2945//2945 2943//2943 2958//2958
f 2960//2960 2946//2946 2945//2945
f 2961//2961 2962//2962 2960//2960
f 2947//2947 2946//2946 2960//2960
f 2963//2963 2948//2948 2861//2861
f 2864//2864 2964//2964 2963//2963
f 2949//2949 2948//2948 2963//2963
f 2965//2965 2950//2950 2949//2949
f 2966//2966 2967//2967 2965//2965
f 2951//2951 2950//2950 2965//2965
f 2968//2968 2952//2952 2951//2951
f 2969//2969 2970//2970 2968//2968
f 2953//2953 2952//2952 2968//2968
f 2971//2971 2954//2954 2953//2953
f 2972//2972 2973//2973 2971//2971
f 2955//2955 2954//2954 2971//2971
f 2957//2957 2955//2955 2973//2973
f 2975//2975 2958//2958 2957//2957
f 2976//2976 2977//2977 2975//2975
f 2959//2959 2958//2958 2975//2975
f 2961//2961 2959//2959 2977//2977
f 2979//2979 2962//2962 2961//2961
f 2980//2980 2964//2964 2864//2864
f 2966//2966 2964//2964 2980//2980
f 2982//2982 2967//2967 2966//2966
f 2969//2969 2967//2967 2982//2982
f 2984//2984 2970//2970 2969//2969
f 2985//2985 2986//2986 2984//2984
f 2972//2972 2970//2970 2984//2984
f 2987//2987 2973//2973 2972//2972
f 2988//2988 2989//2989 2987//2987
f 2974//2974 2973//2973 2987//2987
f 2976//2976 2974//2974 2989//2989
f 2991//2991 2977//2977 2976//2976
f 2992//2992 2993//2993 2991//2991
f 2978//2978 2977//2977 2991//2991
f 2994//2994 2488//2488 1088//1088
f 1635//1635 2995//2995 2994//2994
f 2996//2996 2995//2995 1635//1635
f 1637//1637 2997//2997 2996//2996
f 2998//2998 2997//2997 1637//1637
f 1640//1640 2999//2999 2998//2998
f 3000//3000 2999//2999 1640//1640
f 1642//1642 3001//3001 3000//3000
f 1643//1643 3002//3002 3001//3001
f 1644//1644 3003//3003 3002//3002
f 3004//3004 2500//2500 2488//2488
f 3005//3005 3004//3004 2994//2994
f 3006//3006 3005//3005 2995//2995
f 2997//2997 3007//3007 3006//3006
f 3008//3008 3007//3007 2997//2997
f 3009//3009 3007//3007 3008//3008
f 2999//2999 3010//3010 3008//3008
f 3011//3011 3010//3010 2999//2999
f 3001//3001 3012//3012 3011//3011
f 3002//3002 3013//3013 3012//3012
f 3003//3003 3014//3014 3013//3013
f 3015//3015 2513//2513 2500//2500
f 2514//2514 2513//2513 3015//3015
f 3005//3005 3016//3016 3015//3015
f 3017//3017 3016//3016 3005//3005
f 3018//3018 3017//3017 3006//3006
f 3009//3009 3019//3019 3018//3018
f 3020//3020 3019//3019 3009//3009
f 3011//3011 3021//3021 3020//3020
f 3012//3012 3022//3022 3021//3021
f 3013//3013 3023//3023 3022//3022
f 3014//3014 3024//3024 3023//3023
f 3025//3025 2527//2527 2514//2514
f 3017//3017 3026//3026 3025//3025
f 3027//3027 3026//3026 3017//3017
f 3028//3028 3027//3027 3018//3018
f 3029//3029 3028//3028 3019//3019
f 3021//3021 3030//3030 3029//3029
f 3022//3022 3031//3031 3030//3030
f 3023//3023 3032//3032 3031//3031
f 3024//3024 3033//3033 3032//3032
f 3025//3025 3034//3034 2540//2540
f 3026//3026 3035//3035 3034//3034
f 3027//3027 3036//3036 3035//3035
f 3028//3028 3037//3037 3036//3036
f 3029//3029 3038//3038 3037//3037
f 3039//3039 3038//3038 3029//3029
f 3040//3040 3039//3039 3030//3030
f 3041//3041 3040//3040 3031//3031
f 3042//3042 3041//3041 3032//3032
f 2553//2553 3044//3044 3043//3043
f 3034//3034 3044//3044 2553//2553
f 3045//3045 3044//3044 3034//3034
f 3036//3036 3046//3046 3045//3045
f 3037//3037 3047//3047 3046//3046
f 3038//3038 3048//3048 3047//3047
f 3049//3049 3048//3048 3038//3038
f 3050//3050 3049//3049 3039//3039
f 3051//3051 3050//3050 3040//3040
f 3052//3052 3051//3051 3041//3041
f 3043//3043 3053//3053 2566//2566
f 3054//3054 3053//3053 3043//3043
f 3045//3045 3055//3055 3054//3054
f 3046//3046 3056//3056 3055//3055
f 3058//3058 3056//3056 3046//3046
f 3058//3058 3059//3059 3057//3057
f 3048//3048 3059//3059 3058//3058
f 3060//3060 3059//3059 3048//3048
f 3061//3061 3060//3060 3049//3049
f 3062//3062 3061//3061 3050//3050
f 3063//3063 3062//3062 3051//3051
f 3053//3053 3064//3064 2579//2579
f 3054//3054 3065//3065 3064//3064
f 3055//3055 3066//3066 3065//3065
f 3067//3067 3066//3066 3055//3055
f 3057//3057 3068//3068 3067//3067
f 3070//3070 3068//3068 3057//3057
f 3070//3070 3071//3071 3069//3069
f 3060//3060 3071//3071 3070//3070
f 3072//3072 3071//3071 3060//3060
f 3073//3073 3072//3072 3061//3061
f 3074//3074 3073//3073 3062//3062
f 1755//1755 1545//1545 2882//2882
f 3076//3076 1756//1756 1755//1755
f 3077//3077 3078//3078 3076//3076
f 1757//1757 1756//1756 3076//3076
f 3080//3080 3078//3078 3077//3077
f 3080//3080 3079//3079 1758//1758
f 3080//3080 1759//1759 1757//1757
f 3081//3081 1760//1760 1758//1758
f 3083//3083 3082//3082 1761//1761
f 1762//1762 1760//1760 3081//3081
f 1764//1764 3085//3085 3084//3084
f 3085//3085 1764//1764 1761//1761
f 1765//1765 3086//3086 3003//3003
f 3087//3087 3086//3086 1765//1765
f 3088//3088 3087//3087 1766//1766
f 3089//3089 3088//3088 1767//1767
f 1769//1769 3090//3090 3089//3089
f 3090//3090 1769//1769 1763//1763
f 3091//3091 3075//3075 2882//2882
f 3077//3077 3075//3075 3091//3091
f 3093//3093 3079//3079 3077//3077
f 3081//3081 3079//3079 3093//3093
f 3083//3083 3096//3096 3095//3095
f 3083//3083 3081//3081 3094//3094
f 3098//3098 3097//3097 3084//3084
f 3085//3085 3082//3082 3095//3095
f 3086//3086 3099//3099 3014//3014
f 3100//3100 3099//3099 3086//3086
f 3101//3101 3100//3100 3087//3087
f 3102//3102 3101//3101 3088//3088
f 3103//3103 3102//3102 3089//3089
f 3103//3103 3090//3090 3084//3084
f 3104//3104 3091//3091 2899//2899
f 3105//3105 3092//3092 3091//3091
f 3093//3093 3092//3092 3105//3105
f 3094//3094 3093//3093 3106//3106
f 3096//3096 3109//3109 3108//3108
f 3096//3096 3094//3094 3107//3107
f 3111//3111 3110//3110 3097//3097
f 3111//3111 3098//3098 3095//3095
f 3099//3099 3112//3112 3024//3024
f 3113//3113 3112//3112 3099//3099
f 3114//3114 3113//3113 3100//3100
f 3115//3115 3114//3114 3101//3101
f 3116//3116 3115//3115 3102//3102
f 3103//3103 3097//3097 3110//3110
f 3117//3117 3118//3118 2930//2930
f 3104//3104 2915//2915 2930//2930
f 3119//3119 3105//3105 3104//3104
f 3106//3106 3105//3105 3119//3119
f 3107//3107 3106//3106 3120//3120
f 3124//3124 3122//3122 3121//3121
f 3124//3124 3123//3123 3108//3108
f 3124//3124 3109//3109 3107//3107
f 3127//3127 3126//3126 3110//3110
f 3127//3127 3111//3111 3108//3108
f 3128//3128 3033//3033 3024//3024
f 3113//3113 3129//3129 3128//3128
f 3114//3114 3130//3130 3129//3129
f 3115//3115 3131//3131 3130//3130
f 3132//3132 3126//3126 3125//3125
f 3132//3132 3131//3131 3115//3115
f 3132//3132 3116//3116 3110//3110
f 3117//3117 2929//2929 2947//2947
f 3134//3134 3118//3118 3117//3117
f 3135//3135 3136//3136 3134//3134
f 3119//3119 3118//3118 3134//3134
f 3138//3138 3136//3136 3135//3135
f 3120//3120 3119//3119 3136//3136
f 3140//3140 3138//3138 3137//3137
f 3140//3140 3139//3139 3121//3121
f 3140//3140 3122//3122 3120//3120
f 3142//3142 3123//3123 3121//3121
f 3144//3144 3143//3143 3125//3125
f 3145//3145 3142//3142 3141//3141
f 3145//3145 3144//3144 3126//3126
f 3145//3145 3127//3127 3123//3123
f 3128//3128 3146//3146 3042//3042
f 3129//3129 3147//3147 3146//3146
f 3130//3130 3148//3148 3147//3147
f 3149//3149 3148//3148 3130//3130
f 3149//3149 3131//3131 3125//3125
f 3150//3150 3133//3133 2947//2947
f 3135//3135 3133//3133 3150//3150
f 3137//3137 3135//3135 3151//3151
f 3153//3153 3139//3139 3137//3137
f 3155//3155 3154//3154 3141//3141
f 3155//3155 3142//3142 3139//3139
f 3157//3157 3156//3156 3143//3143
f 3157//3157 3144//3144 3141//3141
f 3146//3146 3158//3158 3052//3052
f 3147//3147 3159//3159 3158//3158
f 3148//3148 3160//3160 3159//3159
f 3161//3161 3160//3160 3148//3148
f 3149//3149 3143//3143 3156//3156
f 3162//3162 3163//3163 2979//2979
f 3150//3150 2962//2962 2979//2979
f 3164//3164 3151//3151 3150//3150
f 3165//3165 3152//3152 3151//3151
f 3153//3153 3152//3152 3165//3165
f 3170//3170 3167//3167 3166//3166
f 3170//3170 3169//3169 3154//3154
f 3170//3170 3155//3155 3153//3153
f 3173//3173 3169//3169 3168//3168
f 3173//3173 3172//3172 3156//3156
f 3173//3173 3157//3157 3154//3154
f 3158//3158 3174//3174 3063//3063
f 3159//3159 3175//3175 3174//3174
f 3176//3176 3175//3175 3159//3159
f 3177//3177 3172//3172 3171//3171
f 3177//3177 3176//3176 3160//3160
f 3177//3177 3161//3161 3156//3156
f 3162//3162 2978//2978 2993//2993
f 3179//3179 3163//3163 3162//3162
f 3180//3180 3181//3181 3179//3179
f 3164//3164 3163//3163 3179//3179
f 3183//3183 3181//3181 3180//3180
f 3165//3165 3164//3164 3181//3181
f 3186//3186 3183//3183 3182//3182
f 3186//3186 3185//3185 3166//3166
f 3186//3186 3167//3167 3165//3165
f 3188//3188 3185//3185 3184//3184
f 3188//3188 3187//3187 3168//3168
f 3188//3188 3169//3169 3166//3166
f 3191//3191 3190//3190 3171//3171
f 3191//3191 3172//3172 3168//3168
f 3174//3174 3192//3192 3074//3074
f 3193//3193 3192//3192 3174//3174
f 3194//3194 3190//3190 3189//3189
f 3194//3194 3193//3193 3175//3175
f 3194//3194 3176//3176 3171//3171
f 2865//2865 2300//2300 2327//2327
f 3196//3196 2866//2866 2865//2865
f 3197//3197 2867//2867 2866//2866
f 3198//3198 3199//3199 3197//3197
f 2868//2868 2867//2867 3197//3197
f 3201//3201 3202//3202 2341//2341
f 3195//3195 2327//2327 2341//2341
f 3203//3203 3196//3196 3195//3195
f 3204//3204 3205//3205 3203//3203
f 3198//3198 3196//3196 3203//3203
f 3206//3206 3199//3199 3198//3198
f 3207//3207 3208//3208 3206//3206
f 3200//3200 3199//3199 3206//3206
f 3210//3210 3211//3211 2349//2349
f 3201//3201 2340//2340 2349//2349
f 3212//3212 3202//3202 3201//3201
f 3213//3213 3214//3214 3212//3212
f 3204//3204 3202//3202 3212//3212
f 3215//3215 3205//3205 3204//3204
f 3216//3216 3217//3217 3215//3215
f 3207//3207 3205//3205 3215//3215
f 3218//3218 3208//3208 3207//3207
f 3219//3219 3220//3220 3218//3218
f 3209//3209 3208//3208 3218//3218
f 3222//3222 3223//3223 2354//2354
f 3223//3223 3224//3224 2355//2355
f 3210//3210 2348//2348 2355//2355
f 3225//3225 3211//3211 3210//3210
f 3226//3226 3227//3227 3225//3225
f 3213//3213 3211//3211 3225//3225
f 3228//3228 3214//3214 3213//3213
f 3229//3229 3230//3230 3228//3228
f 3216//3216 3214//3214 3228//3228
f 3231//3231 3217//3217 3216//3216
f 3232//3232 3233//3233 3231//3231
f 3219//3219 3217//3217 3231//3231
f 3234//3234 3220//3220 3219//3219
f 3235//3235 3236//3236 3234//3234
f 3221//3221 3220//3220 3234//3234
f 3238//3238 3239//3239 2357//2357
f 3222//3222 2353//2353 2357//2357
f 3240//3240 3223//3223 3222//3222
f 3241//3241 3224//3224 3223//3223
f 3242//3242 3243//3243 3240//3240
f 3243//3243 3244//3244 3241//3241
f 3226//3226 3224//3224 3241//3241
f 3245//3245 3227//3227 3226//3226
f 3246//3246 3247//3247 3245//3245
f 3229//3229 3227//3227 3245//3245
f 3248//3248 3230//3230 3229//3229
f 3249//3249 3250//3250 3248//3248
f 3232//3232 3230//3230 3248//3248
f 3251//3251 3233//3233 3232//3232
f 3252//3252 3253//3253 3251//3251
f 3235//3235 3233//3233 3251//3251
f 3254//3254 3236//3236 3235//3235
f 3255//3255 3256//3256 3254//3254
f 3237//3237 3236//3236 3254//3254
f 2678//2678 3259//3259 2358//2358
f 3238//3238 2356//2356 2358//2358
f 3260//3260 3239//3239 3238//3238
f 2680//2680 3261//3261 3259//3259
f 3261//3261 3262//3262 3260//3260
f 3242//3242 3239//3239 3260//3260
f 3263//3263 3243//3243 3242//3242
f 3264//3264 3244//3244 3243//3243
f 3265//3265 3266//3266 3263//3263
f 3266//3266 3267//3267 3264//3264
f 3246//3246 3244//3244 3264//3264
f 3268//3268 3247//3247 3246//3246
f 3269//3269 3270//3270 3268//3268
f 3249//3249 3247//3247 3268//3268
f 3271//3271 3250//3250 3249//3249
f 3272//3272 3273//3273 3271//3271
f 3252//3252 3250//3250 3271//3271
f 3274//3274 3253//3253 3252//3252
f 3275//3275 3276//3276 3274//3274
f 3255//3255 3253//3253 3274//3274
f 3277//3277 3256//3256 3255//3255
f 3278//3278 3279//3279 3276//3276
f 3279//3279 3280//3280 3277//3277
f 3257//3257 3256//3256 3277//3277
f 3281//3281 3282//3282 3280//3280
f 3258//3258 3257//3257 3280//3280
f 3283//3283 3261//3261 2680//2680
f 3284//3284 3262//3262 3261//3261
f 2715//2715 3285//3285 3283//3283
f 3285//3285 3286//3286 3284//3284
f 3265//3265 3262//3262 3284//3284
f 3287//3287 3266//3266 3265//3265
f 3288//3288 3267//3267 3266//3266
f 3289//3289 3290//3290 3287//3287
f 3290//3290 3291//3291 3288//3288
f 3269//3269 3267//3267 3288//3288
f 3292//3292 3270//3270 3269//3269
f 3293//3293 3294//3294 3291//3291
f 3294//3294 3295//3295 3292//3292
f 3272//3272 3270//3270 3292//3292
f 3296//3296 3273//3273 3272//3272
f 3297//3297 3298//3298 3295//3295
f 3298//3298 3299//3299 3296//3296
f 3275//3275 3273//3273 3296//3296
f 3300//3300 3301//3301 3299//3299
f 3278//3278 3275//3275 3299//3299
f 3302//3302 3279//3279 3278//3278
f 3304//3304 3301//3301 3300//3300
f 3304//3304 3305//3305 3302//3302
f 3281//3281 3279//3279 3302//3302
f 3285//3285 2715//2715 2742//2742
f 3307//3307 3286//3286 3285//3285
f 2748//2748 3308//3308 3306//3306
f 3308//3308 3309//3309 3307//3307
f 3289//3289 3286//3286 3307//3307
f 3310//3310 3290//3290 3289//3289
f 3311//3311 3308//3308 2748//2748
f 3312//3312 3309//3309 3308//3308
f 3312//3312 3313//3313 3310//3310
f 3293//3293 3290//3290 3310//3310
f 3314//3314 3294//3294 3293//3293
f 3316//3316 3312//3312 3311//3311
f 3317//3317 3313//3313 3312//3312
f 3317//3317 3318//3318 3314//3314
f 3297//3297 3294//3294 3314//3314
f 3319//3319 3298//3298 3297//3297
f 3321//3321 3316//3316 3315//3315
f 3322//3322 3317//3317 3316//3316
f 3323//3323 3318//3318 3317//3317
f 3323//3323 3324//3324 3319//3319
f 3300//3300 3298//3298 3319//3319
f 3325//3325 3320//3320 2764//2764
f 3325//3325 3326//3326 3321//3321
f 3326//3326 3327//3327 3322//3322
f 3328//3328 3323//3323 3322//3322
f 3328//3328 3329//3329 3324//3324
f 3329//3329 3303//3303 3300//3300
f 3330//3330 2980//2980 2868//2868
f 3200//3200 3331//3331 3330//3330
f 2981//2981 2980//2980 3330//3330
f 3332//3332 2982//2982 2981//2981
f 3333//3333 3334//3334 3332//3332
f 2983//2983 2982//2982 3332//3332
f 2985//2985 2983//2983 3334//3334
f 3336//3336 2986//2986 2985//2985
f 2988//2988 2986//2986 3336//3336
f 3338//3338 2989//2989 2988//2988
f 3339//3339 3340//3340 3338//3338
f 2990//2990 2989//2989 3338//3338
f 2992//2992 2990//2990 3340//3340
f 3342//3342 2993//2993 2992//2992
f 3343//3343 3331//3331 3200//3200
f 3209//3209 3344//3344 3343//3343
f 3333//3333 3331//3331 3343//3343
f 3345//3345 3334//3334 3333//3333
f 3346//3346 3347//3347 3345//3345
f 3335//3335 3334//3334 3345//3345
f 3348//3348 3336//3336 3335//3335
f 3349//3349 3350//3350 3348//3348
f 3337//3337 3336//3336 3348//3348
f 3339//3339 3337//3337 3350//3350
f 3352//3352 3340//3340 3339//3339
f 3353//3353 3354//3354 3352//3352
f 3341//3341 3340//3340 3352//3352
f 3355//3355 3344//3344 3209//3209
f 3221//3221 3356//3356 3355//3355
f 3346//3346 3344//3344 3355//3355
f 3357//3357 3347//3347 3346//3346
f 3358//3358 3359//3359 3357//3357
f 3349//3349 3347//3347 3357//3357
f 3360//3360 3350//3350 3349//3349
f 3361//3361 3362//3362 3360//3360
f 3351//3351 3350//3350 3360//3360
f 3363//3363 3364//3364 3362//3362
f 3353//3353 3351//3351 3362//3362
f 3365//3365 3356//3356 3221//3221
f 3237//3237 3366//3366 3365//3365
f 3358//3358 3356//3356 3365//3365
f 3367//3367 3359//3359 3358//3358
f 3368//3368 3369//3369 3367//3367
f 3361//3361 3359//3359 3367//3367
f 3370//3370 3371//3371 3369//3369
f 3363//3363 3361//3361 3369//3369
f 3372//3372 3364//3364 3363//3363
f 3373//3373 3366//3366 3237//3237
f 3257//3257 3374//3374 3373//3373
f 3368//3368 3366//3366 3373//3373
f 3258//3258 3375//3375 3374//3374
f 3370//3370 3368//3368 3374//3374
f 3376//3376 3371//3371 3370//3370
f 3377//3377 3375//3375 3258//3258
f 3064//3064 3378//3378 2780//2780
f 3380//3380 3378//3378 3064//3064
f 3380//3380 3381//3381 3379//3379
f 3066//3066 3381//3381 3380//3380
f 3382//3382 3381//3381 3066//3066
f 3068//3068 3383//3383 3382//3382
f 3069//3069 3384//3384 3383//3383
f 3388//3388 3384//3384 3069//3069
f 3388//3388 3389//3389 3385//3385
f 3072//3072 3389//3389 3388//3388
f 3390//3390 3386//3386 3385//3385
f 3073//3073 3390//3390 3389//3389
f 3390//3390 3391//3391 3387//3387
f 3391//3391 3390//3390 3073//3073
f 3392//3392 2795//2795 2780//2780
f 3379//3379 3393//3393 3392//3392
f 3395//3395 3393//3393 3379//3379
f 3395//3395 3396//3396 3394//3394
f 3382//3382 3396//3396 3395//3395
f 3397//3397 3396//3396 3382//3382
f 3398//3398 3397//3397 3383//3383
f 3385//3385 3399//3399 3398//3398
f 3386//3386 3400//3400 3399//3399
f 3401//3401 3400//3400 3386//3386
f 2808//2808 3403//3403 3402//3402
f 3392//3392 3403//3403 2808//2808
f 3404//3404 3403//3403 3392//3392
f 3394//3394 3405//3405 3404//3404
f 3409//3409 3405//3405 3394//3394
f 3409//3409 3410//3410 3406//3406
f 3397//3397 3410//3410 3409//3409
f 3411//3411 3410//3410 3397//3397
f 3412//3412 3411//3411 3398//3398
f 3400//3400 3413//3413 3412//3412
f 3414//3414 3408//3408 3407//3407
f 3414//3414 3413//3413 3400//3400
f 3402//3402 3415//3415 2820//2820
f 3418//3418 3415//3415 3402//3402
f 3418//3418 3419//3419 3416//3416
f 3404//3404 3419//3419 3418//3418
f 3420//3420 3419//3419 3404//3404
f 3406//3406 3421//3421 3420//3420
f 3425//3425 3424//3424 3407//3407
f 3426//3426 3421//3421 3406//3406
f 3426//3426 3427//3427 3422//3422
f 3411//3411 3427//3427 3426//3426
f 3428//3428 3423//3423 3422//3422
f 3428//3428 3427//3427 3411//3411
f 3429//3429 3424//3424 3423//3423
f 3429//3429 3428//3428 3412//3412
f 3429//3429 3413//3413 3407//3407
f 2832//2832 3433//3433 3431//3431
f 3415//3415 3433//3433 2832//2832
f 3416//3416 3434//3434 3433//3433
f 3441//3441 3434//3434 3416//3416
f 3441//3441 3442//3442 3435//3435
f 3420//3420 3442//3442 3441//3441
f 3443//3443 3436//3436 3435//3435
f 3443//3443 3442//3442 3420//3420
f 3444//3444 3437//3437 3436//3436
f 3422//3422 3444//3444 3443//3443
f 3444//3444 3445//3445 3438//3438
f 3423//3423 3445//3445 3444//3444
f 3445//3445 3446//3446 3439//3439
f 3446//3446 3445//3445 3423//3423
f 3447//3447 3440//3440 3439//3439
f 3447//3447 3446//3446 3424//3424
f 3447//3447 3425//3425 3417//3417
f 3449//3449 3282//3282 3281//3281
f 3452//3452 3449//3449 3448//3448
f 3431//3431 3453//3453 2841//2841
f 3459//3459 3451//3451 3450//3450
f 3460//3460 3452//3452 3451//3451
f 3460//3460 3432//3432 3430//3430
f 3461//3461 3453//3453 3431//3431
f 3461//3461 3462//3462 3454//3454
f 3434//3434 3462//3462 3461//3461
f 3463//3463 3455//3455 3454//3454
f 3435//3435 3463//3463 3462//3462
f 3464//3464 3456//3456 3455//3455
f 3436//3436 3464//3464 3463//3463
f 3464//3464 3465//3465 3457//3457
f 3465//3465 3464//3464 3436//3436
f 3466//3466 3458//3458 3457//3457
f 3466//3466 3465//3465 3437//3437
f 3466//3466 3467//3467 3459//3459
f 3439//3439 3467//3467 3466//3466
f 3468//3468 3460//3460 3459//3459
f 3468//3468 3467//3467 3439//3439
f 3468//3468 3440//3440 3432//3432
f 3470//3470 3304//3304 3303//3303
f 3470//3470 3471//3471 3305//3305
f 3471//3471 3448//3448 3281//3281
f 3476//3476 3477//3477 3470//3470
f 3478//3478 3471//3471 3470//3470
f 3478//3478 3477//3477 3450//3450
f 3478//3478 3451//3451 3448//3448
f 2849//2849 3479//3479 3472//3472
f 3453//3453 3479//3479 2849//2849
f 3479//3479 3480//3480 3473//3473
f 3454//3454 3480//3480 3479//3479
f 3480//3480 3481//3481 3474//3474
f 3481//3481 3480//3480 3454//3454
f 3482//3482 3475//3475 3474//3474
f 3482//3482 3481//3481 3455//3455
f 3483//3483 3476//3476 3475//3475
f 3457//3457 3483//3483 3482//3482
f 3484//3484 3477//3477 3476//3476
f 3484//3484 3483//3483 3457//3457
f 3484//3484 3458//3458 3450//3450
f 3485//3485 3325//3325 2768//2768
f 3486//3486 3326//3326 3325//3325
f 3486//3486 3487//3487 3327//3327
f 3487//3487 3488//3488 3328//3328
f 3489//3489 3329//3329 3328//3328
f 3469//3469 3303//3303 3329//3329
f 2853//2853 3490//3490 3485//3485
f 3472//3472 3490//3490 2853//2853
f 3490//3490 3491//3491 3486//3486
f 3491//3491 3490//3490 3472//3472
f 3491//3491 3492//3492 3487//3487
f 3474//3474 3492//3492 3491//3491
f 3493//3493 3488//3488 3487//3487
f 3475//3475 3493//3493 3492//3492
f 3494//3494 3489//3489 3488//3488
f 3494//3494 3493//3493 3475//3475
f 3494//3494 3476//3476 3469//3469
f 3495//3495 3496//3496 3342//3342
f 3178//3178 2993//2993 3342//3342
f 3498//3498 3496//3496 3495//3495
f 3180//3180 3178//3178 3496//3496
f 3499//3499 3500//3500 3498//3498
f 3500//3500 3182//3182 3180//3180
f 3502//3502 3500//3500 3499//3499
f 3502//3502 3501//3501 3184//3184
f 3502//3502 3185//3185 3182//3182
f 3504//3504 3187//3187 3184//3184
f 3507//3507 3506//3506 3189//3189
f 3508//3508 3504//3504 3503//3503
f 3508//3508 3507//3507 3190//3190
f 3508//3508 3191//3191 3187//3187
f 3391//3391 3509//3509 3505//3505
f 3509//3509 3391//3391 3074//3074
f 3510//3510 3506//3506 3505//3505
f 3510//3510 3509//3509 3192//3192
f 3510//3510 3193//3193 3189//3189
f 3511//3511 3512//3512 3354//3354
f 3495//3495 3341//3341 3354//3354
f 3513//3513 3497//3497 3495//3495
f 3499//3499 3497//3497 3513//3513
f 3517//3517 3515//3515 3514//3514
f 3517//3517 3501//3501 3499//3499
f 3520//3520 3517//3517 3516//3516
f 3520//3520 3519//3519 3503//3503
f 3520//3520 3504//3504 3501//3501
f 3521//3521 3401//3401 3387//3387
f 3522//3522 3521//3521 3505//3505
f 3523//3523 3519//3519 3518//3518
f 3523//3523 3522//3522 3506//3506
f 3523//3523 3507//3507 3503//3503
f 3511//3511 3353//3353 3364//3364
f 3525//3525 3512//3512 3511//3511
f 3526//3526 3527//3527 3525//3525
f 3513//3513 3512//3512 3525//3525
f 3530//3530 3527//3527 3526//3526
f 3530//3530 3529//3529 3514//3514
f 3530//3530 3515//3515 3513//3513
f 3532//3532 3529//3529 3528//3528
f 3532//3532 3516//3516 3514//3514
f 3535//3535 3532//3532 3531//3531
f 3535//3535 3534//3534 3518//3518
f 3535//3535 3519//3519 3516//3516
f 3414//3414 3536//3536 3533//3533
f 3536//3536 3414//3414 3401//3401
f 3537//3537 3534//3534 3533//3533
f 3537//3537 3536//3536 3521//3521
f 3537//3537 3522//3522 3518//3518
f 3538//3538 3539//3539 3372//3372
f 3524//3524 3364//3364 3372//3372
f 3541//3541 3539//3539 3538//3538
f 3526//3526 3524//3524 3539//3539
f 3544//3544 3541//3541 3540//3540
f 3544//3544 3543//3543 3528//3528
f 3544//3544 3529//3529 3526//3526
f 3546//3546 3543//3543 3542//3542
f 3546//3546 3531//3531 3528//3528
f 3547//3547 3545//3545 3417//3417
f 3547//3547 3425//3425 3408//3408
f 3548//3548 3546//3546 3545//3545
f 3548//3548 3547//3547 3533//3533
f 3548//3548 3534//3534 3531//3531
f 3549//3549 3550//3550 3376//3376
f 3538//3538 3371//3371 3376//3376
f 3552//3552 3550//3550 3549//3549
f 3540//3540 3538//3538 3550//3550
f 3553//3553 3551//3551 3430//3430
f 3554//3554 3552//3552 3551//3551
f 3554//3554 3553//3553 3542//3542
f 3554//3554 3543//3543 3540//3540
f 3555//3555 3553//3553 3432//3432
f 3555//3555 3440//3440 3417//3417
f 3555//3555 3545//3545 3542//3542
f 3449//3449 3556//3556 3377//3377
f 3549//3549 3375//3375 3377//3377
f 3557//3557 3556//3556 3449//3449
f 3557//3557 3452//3452 3430//3430
f 3557//3557 3551//3551 3549//3549
f 3558//3558 3311//3311 2754//2754
f 2857//2857 3559//3559 3558//3558
f 3315//3315 3311//3311 3558//3558
f 3560//3560 3559//3559 2857//2857
f 3560//3560 2859//2859 2764//2764
f 3560//3560 3320//3320 3315//3315
