# Blender 4.2.0
# www.blender.org
o 27396_X5Y4
v -0.094673 -0.370537 0.094673
v -0.102867 -0.379947 0.068924
v -0.093989 -0.415462 0.008516
v -0.109157 -0.394090 0.023489
v -0.068924 -0.379947 0.102867
v -0.059017 -0.421835 0.059017
v -0.072170 -0.403972 0.072170
v -0.072170 -0.426819 0.023489
v -0.089650 -0.411754 0.039149
v -0.008516 -0.415462 0.093989
v -0.023489 -0.394090 0.109158
v -0.023489 -0.426819 0.072170
v -0.039149 -0.411754 0.089650
v -0.000001 -0.459492 0.000001
v -0.018380 -0.451196 0.018380
v -0.185176 -0.188440 0.094252
v -0.188060 -0.160822 0.099169
v -0.192188 -0.114873 0.106213
v -0.194819 -0.068924 0.110700
v -0.196142 -0.022975 0.112955
v -0.186463 -0.237683 0.053211
v -0.190374 -0.204962 0.068686
v -0.200489 -0.160822 0.068924
v -0.208486 -0.114873 0.068924
v -0.213583 -0.068924 0.068924
v -0.216145 -0.022975 0.068924
v -0.189299 -0.246350 0.022975
v -0.201058 -0.206772 0.022975
v -0.211342 -0.160822 0.022975
v -0.218933 -0.114873 0.022975
v -0.223773 -0.068924 0.022975
v -0.226206 -0.022975 0.022975
v -0.139094 -0.232766 0.139094
v -0.143670 -0.206772 0.143670
v -0.150162 -0.160822 0.150162
v -0.154944 -0.114873 0.154944
v -0.157990 -0.068924 0.157990
v -0.159520 -0.022975 0.159520
v -0.144227 -0.289473 0.100762
v -0.149682 -0.249938 0.115596
v -0.168144 -0.204962 0.111690
v -0.173136 -0.160822 0.122143
v -0.177918 -0.114873 0.129188
v -0.180964 -0.068924 0.133675
v -0.182495 -0.022975 0.135929
v -0.143872 -0.331762 0.059737
v -0.152923 -0.302342 0.072601
v -0.174946 -0.252888 0.068686
v -0.180578 -0.219073 0.083843
v -0.148686 -0.340144 0.022975
v -0.169427 -0.298670 0.022975
v -0.181562 -0.269325 0.022975
v -0.094252 -0.188440 0.185176
v -0.099169 -0.160822 0.188060
v -0.106214 -0.114873 0.192188
v -0.110700 -0.068924 0.194820
v -0.112955 -0.022975 0.196142
v -0.100762 -0.289473 0.144227
v -0.115596 -0.249938 0.149682
v -0.111690 -0.204962 0.168144
v -0.122143 -0.160822 0.173136
v -0.129188 -0.114873 0.177919
v -0.133675 -0.068924 0.180964
v -0.135930 -0.022975 0.182495
v -0.104822 -0.344619 0.104822
v -0.118875 -0.304790 0.118875
v -0.131395 -0.263399 0.131395
v -0.127727 -0.346095 0.072601
v -0.136988 -0.320106 0.090370
v -0.134879 -0.363119 0.022975
v -0.053211 -0.237684 0.186463
v -0.068686 -0.204962 0.190375
v -0.068924 -0.160822 0.200489
v -0.068924 -0.114873 0.208486
v -0.068924 -0.068924 0.213583
v -0.068924 -0.022975 0.216145
v -0.059737 -0.331762 0.143873
v -0.072602 -0.302342 0.152923
v -0.068686 -0.252888 0.174947
v -0.083844 -0.219073 0.180578
v -0.072602 -0.346095 0.127727
v -0.090370 -0.320106 0.136988
v -0.000001 -0.000002 0.229746
v -0.022975 -0.246351 0.189299
v -0.022975 -0.206772 0.201058
v -0.022975 -0.160822 0.211343
v -0.022975 -0.114873 0.218933
v -0.022975 -0.068924 0.223773
v -0.018380 -0.018381 0.226914
v -0.022975 -0.340145 0.148687
v -0.022975 -0.298670 0.169427
v -0.022975 -0.269325 0.181563
v -0.022975 -0.363119 0.134879
v -0.142778 0.311306 0.737345
v -0.142778 0.330158 0.737345
v -0.114873 0.303569 0.741344
v -0.116804 0.345132 0.742696
v -0.068924 0.303300 0.744220
v -0.068924 0.344619 0.752861
v -0.022975 0.310939 0.741426
v -0.022975 0.344619 0.751685
v -0.102775 0.375422 0.739493
v -0.064835 0.390671 0.742257
v -0.046793 0.413873 0.735449
v -0.022975 0.390568 0.747278
v -0.022975 0.416120 0.737019
v -0.324212 0.224983 0.514196
v -0.325862 0.252721 0.521230
v -0.324701 0.284227 0.517738
v -0.326682 0.220393 0.482467
v -0.332365 0.252721 0.482467
v -0.327328 0.291399 0.482467
v -0.327492 0.218845 0.436518
v -0.333920 0.252721 0.436518
v -0.328073 0.293446 0.436518
v -0.325191 0.223107 0.390568
v -0.329444 0.252721 0.390568
v -0.325898 0.287602 0.390568
v -0.280552 0.224364 0.603924
v -0.285552 0.252721 0.612467
v -0.284428 0.298670 0.612508
v -0.279053 0.326885 0.603979
v -0.289145 0.215108 0.574365
v -0.306262 0.252721 0.574365
v -0.302175 0.298670 0.574365
v -0.285058 0.335462 0.574365
v -0.281140 0.180557 0.517231
v -0.300272 0.204981 0.531030
v -0.319380 0.252721 0.544204
v -0.315769 0.299194 0.531199
v -0.289559 0.347934 0.528228
v -0.285886 0.177794 0.482467
v -0.308861 0.197418 0.482467
v -0.318576 0.314374 0.482467
v -0.298765 0.344619 0.482467
v -0.287496 0.176811 0.436518
v -0.310471 0.195870 0.436518
v -0.319386 0.316421 0.436518
v -0.300169 0.344619 0.436518
v -0.284102 0.178693 0.390568
v -0.307077 0.200132 0.390568
v -0.317109 0.310576 0.390568
v -0.295973 0.344619 0.390568
v -0.236310 0.224852 0.648913
v -0.245226 0.252721 0.658268
v -0.248086 0.298670 0.663393
v -0.240122 0.336615 0.655746
v -0.252064 0.215151 0.619670
v -0.268201 0.252721 0.635441
v -0.271060 0.298670 0.635483
v -0.254176 0.347066 0.623401
v -0.242253 0.179517 0.563436
v -0.255630 0.191227 0.576998
v -0.268774 0.358437 0.574365
v -0.255630 0.174877 0.530895
v -0.272886 0.184978 0.547864
v -0.273933 0.365460 0.543419
v -0.252721 0.165748 0.482467
v -0.252721 0.163816 0.436518
v -0.252721 0.166947 0.390568
v -0.197728 0.263033 0.697712
v -0.203629 0.298670 0.703062
v -0.194835 0.344619 0.698264
v -0.206772 0.219098 0.657095
v -0.210535 0.249718 0.681323
v -0.226604 0.298670 0.686368
v -0.220027 0.349006 0.669143
v -0.190510 0.182892 0.599553
v -0.206205 0.194419 0.617047
v -0.229463 0.367248 0.642823
v -0.206205 0.177307 0.576998
v -0.221143 0.185065 0.594069
v -0.206772 0.164544 0.528416
v -0.206772 0.158197 0.482467
v -0.206772 0.156326 0.436518
v -0.206772 0.158540 0.390568
v -0.160822 0.254833 0.706152
v -0.159186 0.297062 0.727124
v -0.159186 0.345132 0.722692
v -0.160822 0.215638 0.664210
v -0.160822 0.231858 0.687185
v -0.160822 0.182595 0.600295
v -0.160822 0.192663 0.623269
v -0.160822 0.174844 0.574365
v -0.160822 0.164109 0.528416
v -0.160822 0.158177 0.482467
v -0.160822 0.156405 0.436518
v -0.160822 0.158337 0.390568
v -0.114873 0.253649 0.710608
v -0.114873 0.280595 0.733583
v -0.133408 0.360790 0.732960
v -0.114873 0.216973 0.664872
v -0.114873 0.230675 0.687847
v -0.133707 0.183099 0.599067
v -0.116983 0.193132 0.616756
v -0.116983 0.179352 0.574511
v -0.103074 0.185753 0.589925
v -0.114873 0.169699 0.528416
v -0.114873 0.163886 0.482467
v -0.114873 0.162068 0.436518
v -0.114873 0.164117 0.390568
v -0.068924 0.257387 0.708858
v -0.068924 0.280325 0.731832
v -0.068924 0.221623 0.658324
v -0.068924 0.234413 0.681298
v -0.068924 0.204697 0.620315
v -0.084112 0.181788 0.559292
v -0.068847 0.189844 0.574511
v -0.068847 0.179693 0.524852
v -0.053480 0.185810 0.537792
v -0.068924 0.174591 0.482467
v -0.068924 0.172693 0.436518
v -0.068924 0.174760 0.390568
v -0.022975 0.265083 0.701691
v -0.022975 0.287964 0.724666
v -0.037125 0.226438 0.649668
v -0.022275 0.241180 0.665496
v -0.022275 0.220225 0.621052
v -0.006493 0.232319 0.636861
v -0.022975 0.204767 0.574365
v -0.045226 0.183548 0.507159
v -0.027136 0.192845 0.524852
v -0.042190 0.182435 0.482467
v -0.019215 0.190835 0.482467
v -0.039628 0.181505 0.436518
v -0.016654 0.190084 0.436518
v -0.042321 0.182491 0.390568
v -0.019346 0.191027 0.390568
v -0.277182 0.369265 0.512786
v -0.278859 0.371139 0.482467
v -0.279453 0.371806 0.436518
v -0.277533 0.369660 0.390568
v -0.237597 0.375619 0.612190
v -0.245800 0.383629 0.574365
v -0.252275 0.390424 0.526625
v -0.230617 0.414267 0.509831
v -0.255038 0.394114 0.482467
v -0.232064 0.415450 0.482467
v -0.255692 0.394780 0.436518
v -0.232717 0.415982 0.436518
v -0.249172 0.396419 0.388787
v -0.231489 0.414976 0.402917
v -0.186003 0.369798 0.691315
v -0.196726 0.379712 0.666264
v -0.209988 0.393900 0.626312
v -0.190514 0.418641 0.609800
v -0.221483 0.406604 0.574365
v -0.198509 0.424332 0.574365
v -0.227328 0.411582 0.540464
v -0.209916 0.426623 0.526455
v -0.206772 0.433850 0.482467
v -0.206772 0.434779 0.436518
v -0.228927 0.412881 0.372284
v -0.210875 0.428128 0.388787
v -0.160822 0.380401 0.700612
v -0.164336 0.404591 0.670498
v -0.151362 0.422192 0.658004
v -0.181994 0.412180 0.640433
v -0.164336 0.430546 0.623196
v -0.159629 0.449309 0.577350
v -0.143517 0.462747 0.564023
v -0.172146 0.452324 0.528416
v -0.149171 0.466010 0.528416
v -0.176172 0.454918 0.482467
v -0.153197 0.468246 0.482467
v -0.176869 0.455314 0.436518
v -0.153894 0.468580 0.436518
v -0.174117 0.453674 0.390568
v -0.151143 0.467034 0.390568
v -0.119977 0.394260 0.715857
v -0.106545 0.421619 0.698754
v -0.137178 0.413098 0.688637
v -0.115773 0.437222 0.667157
v -0.094369 0.460686 0.645678
v -0.127150 0.453949 0.620315
v -0.104176 0.465431 0.620315
v -0.136431 0.458768 0.594656
v -0.118618 0.471786 0.577350
v -0.114873 0.483432 0.528416
v -0.114873 0.487842 0.482467
v -0.114873 0.488413 0.436518
v -0.114873 0.485417 0.390568
v -0.077426 0.406055 0.729387
v -0.064835 0.427166 0.713328
v -0.068924 0.453298 0.678277
v -0.068924 0.465704 0.655303
v -0.068924 0.480277 0.620315
v -0.065920 0.495835 0.572316
v -0.048601 0.506412 0.555633
v -0.077152 0.499888 0.528416
v -0.054178 0.508398 0.528416
v -0.083011 0.502063 0.482467
v -0.060036 0.510627 0.482467
v -0.083889 0.502300 0.436518
v -0.060914 0.511064 0.436518
v -0.079913 0.500850 0.390568
v -0.056938 0.509518 0.390568
v -0.025309 0.442563 0.709848
v -0.011549 0.462379 0.692955
v -0.042182 0.458474 0.687551
v -0.025309 0.472314 0.669846
v -0.021844 0.496585 0.618417
v -0.005773 0.506967 0.601836
v -0.036406 0.502830 0.586266
v -0.021844 0.510018 0.572316
v -0.022975 0.517771 0.528416
v -0.022975 0.522408 0.482467
v -0.022975 0.523313 0.436518
v -0.022975 0.520199 0.390568
v -0.322726 0.227721 0.364095
v -0.323672 0.252721 0.360662
v -0.323266 0.280310 0.361849
v -0.279313 0.181543 0.359890
v -0.298332 0.207197 0.346676
v -0.316263 0.252721 0.337687
v -0.312188 0.296844 0.345767
v -0.286450 0.345990 0.348833
v -0.285576 0.218430 0.298670
v -0.298802 0.252721 0.298670
v -0.290321 0.303109 0.294200
v -0.282436 0.331588 0.306536
v -0.277847 0.227098 0.272879
v -0.281208 0.252721 0.267547
v -0.280895 0.290752 0.267648
v -0.253654 0.176220 0.344592
v -0.269592 0.186673 0.329257
v -0.271292 0.362221 0.336327
v -0.238960 0.180473 0.312618
v -0.253654 0.194720 0.297849
v -0.275595 0.321385 0.275903
v -0.266288 0.345990 0.294200
v -0.249873 0.219139 0.255626
v -0.262104 0.252721 0.244573
v -0.266396 0.303109 0.252487
v -0.244742 0.344984 0.253072
v -0.232659 0.227372 0.227379
v -0.239130 0.252721 0.221148
v -0.241172 0.298670 0.218245
v -0.235382 0.329911 0.223508
v -0.206772 0.165889 0.344619
v -0.206772 0.177456 0.304029
v -0.206772 0.186026 0.281054
v -0.206772 0.201617 0.252721
v -0.224126 0.360544 0.237990
v -0.206772 0.222362 0.220327
v -0.206166 0.252390 0.198373
v -0.215897 0.298670 0.195270
v -0.206721 0.345177 0.206164
v -0.190446 0.267486 0.178440
v -0.192923 0.298670 0.176170
v -0.189316 0.329809 0.178985
v -0.196142 0.022975 0.112955
v -0.194819 0.068924 0.110700
v -0.192188 0.114873 0.106213
v -0.187807 0.160822 0.098760
v -0.184839 0.187518 0.093707
v -0.216145 0.022975 0.068924
v -0.213583 0.068924 0.068924
v -0.208485 0.114873 0.068924
v -0.200236 0.160822 0.068924
v -0.190172 0.204409 0.068686
v -0.186463 0.237683 0.053210
v -0.226206 0.022975 0.022975
v -0.223772 0.068924 0.022975
v -0.218933 0.114873 0.022975
v -0.211342 0.160822 0.022975
v -0.201058 0.206772 0.022975
v -0.189299 0.246350 0.022975
v -0.160822 0.164950 0.344619
v -0.160822 0.176701 0.299468
v -0.160822 0.184078 0.276493
v -0.160822 0.193633 0.252721
v -0.162186 0.212538 0.205251
v -0.178411 0.236853 0.188921
v -0.178149 0.360442 0.188820
v -0.159520 0.022975 0.159520
v -0.157990 0.068924 0.157990
v -0.155005 0.114873 0.155005
v -0.150636 0.160822 0.153356
v -0.150052 0.204894 0.162644
v -0.167636 0.252390 0.162203
v -0.169180 0.298670 0.153195
v -0.160699 0.344790 0.161885
v -0.182495 0.022975 0.135929
v -0.180964 0.068924 0.133675
v -0.177980 0.114873 0.129188
v -0.173611 0.160822 0.121735
v -0.169732 0.204409 0.111363
v -0.159235 0.252721 0.114873
v -0.148934 0.302832 0.110960
v -0.143250 0.329139 0.123668
v -0.180578 0.218151 0.083843
v -0.175519 0.252888 0.068686
v -0.153495 0.302832 0.072999
v -0.143872 0.331761 0.060399
v -0.181562 0.269324 0.022975
v -0.169426 0.298670 0.022975
v -0.148686 0.340144 0.022975
v -0.114873 0.170293 0.344619
v -0.114873 0.179091 0.305048
v -0.114873 0.185632 0.282074
v -0.100201 0.178502 0.239985
v -0.115260 0.188202 0.254269
v -0.112955 0.022975 0.196142
v -0.110700 0.068924 0.194820
v -0.106213 0.114873 0.192553
v -0.106893 0.162240 0.205051
v -0.128111 0.190865 0.206772
v -0.135930 0.022975 0.182495
v -0.133675 0.068924 0.180964
v -0.129188 0.114873 0.177980
v -0.127390 0.160822 0.176330
v -0.131880 0.188326 0.179174
v -0.129651 0.359771 0.144785
v -0.137371 0.320922 0.093035
v -0.126067 0.344521 0.110960
v -0.137371 0.320922 0.091032
v -0.128905 0.346094 0.072999
v -0.134878 0.363118 0.022975
v -0.069332 0.179819 0.348322
v -0.054288 0.186177 0.335474
v -0.084921 0.181853 0.314625
v -0.069332 0.190430 0.299053
v -0.068924 0.173106 0.244020
v -0.068924 0.190303 0.266995
v -0.068924 0.022975 0.216145
v -0.068924 0.068924 0.213583
v -0.068924 0.114873 0.208860
v -0.068924 0.150131 0.217615
v -0.045250 0.183544 0.366106
v -0.027150 0.193228 0.348322
v -0.022975 0.205113 0.298670
v -0.000001 0.000002 0.229746
v -0.022975 0.173087 0.238299
v -0.022975 0.197412 0.261274
v -0.018380 0.018381 0.226914
v -0.022975 0.068924 0.223773
v -0.022975 0.114873 0.218943
v -0.022975 0.150112 0.222567
v -0.275867 0.367789 0.366959
v -0.254673 0.382949 0.348833
v -0.241037 0.378853 0.298670
v -0.233888 0.371864 0.268623
v -0.224967 0.409616 0.344619
v -0.201993 0.426803 0.344619
v -0.215864 0.401828 0.298670
v -0.192889 0.420245 0.298670
v -0.205142 0.389483 0.254975
v -0.186157 0.415356 0.271959
v -0.193494 0.376468 0.219453
v -0.167939 0.449778 0.344619
v -0.144964 0.463543 0.344619
v -0.157499 0.444294 0.300834
v -0.139967 0.460718 0.317593
v -0.175436 0.407101 0.241326
v -0.160401 0.424367 0.255074
v -0.161476 0.391457 0.205792
v -0.144803 0.418086 0.222765
v -0.147516 0.375814 0.175418
v -0.114873 0.478656 0.344619
v -0.130922 0.455859 0.286960
v -0.115313 0.467858 0.300834
v -0.115313 0.449234 0.251598
v -0.100289 0.463533 0.266166
v -0.127408 0.406447 0.192132
v -0.113204 0.425439 0.207178
v -0.113213 0.389524 0.162652
v -0.096775 0.416200 0.180519
v -0.100505 0.374862 0.114873
v -0.104053 0.381252 0.068924
v -0.109157 0.394090 0.023488
v -0.093989 0.415462 0.008515
v -0.067426 0.498548 0.343182
v -0.051110 0.507324 0.357540
v -0.068924 0.487267 0.298670
v -0.085591 0.456802 0.235533
v -0.069734 0.470033 0.251598
v -0.069734 0.446317 0.207770
v -0.054958 0.463011 0.223752
v -0.068924 0.403615 0.149715
v -0.068924 0.422067 0.172690
v -0.068924 0.395473 0.114873
v -0.072169 0.405956 0.073345
v -0.059017 0.421834 0.060976
v -0.089650 0.411754 0.039147
v -0.072169 0.426818 0.023488
v -0.042464 0.504434 0.326907
v -0.025478 0.512314 0.343182
v -0.025478 0.500898 0.296526
v -0.011831 0.508763 0.310413
v -0.022975 0.485804 0.252721
v -0.022975 0.452522 0.193465
v -0.022975 0.467754 0.216439
v -0.036130 0.410615 0.141632
v -0.021678 0.427153 0.158498
v -0.038092 0.411179 0.114873
v -0.015117 0.417149 0.114873
v -0.045291 0.413319 0.091608
v -0.027175 0.427745 0.073345
v -0.022975 0.449121 0.022975
v -0.093989 -0.415462 -0.008515
v -0.109157 -0.394090 -0.023489
v -0.102867 -0.379946 -0.068924
v -0.094672 -0.370536 -0.094672
v -0.072170 -0.426818 -0.023489
v -0.089650 -0.411754 -0.039148
v -0.059017 -0.421834 -0.059017
v -0.072170 -0.403972 -0.072170
v -0.068924 -0.379946 -0.102867
v -0.000001 -0.459492 -0.000001
v -0.018380 -0.451196 -0.018380
v -0.023489 -0.426818 -0.072170
v -0.039148 -0.411754 -0.089650
v -0.008515 -0.415462 -0.093989
v -0.023489 -0.394090 -0.109157
v -0.189299 -0.246350 -0.022975
v -0.201058 -0.206772 -0.022975
v -0.211342 -0.160822 -0.022975
v -0.218933 -0.114873 -0.022975
v -0.223772 -0.068924 -0.022975
v -0.226206 -0.022975 -0.022975
v -0.186463 -0.237683 -0.053210
v -0.190374 -0.204962 -0.068686
v -0.200488 -0.160822 -0.068924
v -0.208485 -0.114873 -0.068924
v -0.213583 -0.068924 -0.068924
v -0.216144 -0.022975 -0.068924
v -0.185176 -0.188439 -0.094251
v -0.188059 -0.160822 -0.099168
v -0.192188 -0.114873 -0.106213
v -0.194819 -0.068924 -0.110700
v -0.196142 -0.022975 -0.112954
v -0.148686 -0.340144 -0.022975
v -0.169426 -0.298670 -0.022975
v -0.181562 -0.269325 -0.022975
v -0.143872 -0.331762 -0.059736
v -0.152923 -0.302342 -0.072601
v -0.174946 -0.252888 -0.068686
v -0.180578 -0.219072 -0.083843
v -0.144227 -0.289473 -0.100762
v -0.149682 -0.249938 -0.115596
v -0.168143 -0.204962 -0.111690
v -0.173136 -0.160822 -0.122143
v -0.177918 -0.114873 -0.129188
v -0.180964 -0.068924 -0.133674
v -0.182494 -0.022975 -0.135929
v -0.139094 -0.232766 -0.139094
v -0.143670 -0.206772 -0.143670
v -0.150161 -0.160822 -0.150161
v -0.154943 -0.114873 -0.154943
v -0.157989 -0.068924 -0.157989
v -0.159520 -0.022975 -0.159520
v -0.134879 -0.363119 -0.022975
v -0.127727 -0.346094 -0.072601
v -0.136988 -0.320106 -0.090369
v -0.104821 -0.344619 -0.104821
v -0.118875 -0.304789 -0.118875
v -0.131395 -0.263399 -0.131395
v -0.100762 -0.289473 -0.144227
v -0.115596 -0.249938 -0.149682
v -0.111690 -0.204962 -0.168143
v -0.122143 -0.160822 -0.173136
v -0.129187 -0.114873 -0.177918
v -0.133674 -0.068924 -0.180964
v -0.135929 -0.022975 -0.182494
v -0.094251 -0.188439 -0.185176
v -0.099168 -0.160822 -0.188059
v -0.106213 -0.114873 -0.192188
v -0.110700 -0.068924 -0.194819
v -0.112954 -0.022975 -0.196142
v -0.072601 -0.346094 -0.127727
v -0.090369 -0.320106 -0.136988
v -0.059736 -0.331761 -0.143872
v -0.072601 -0.302341 -0.152923
v -0.068685 -0.252888 -0.174946
v -0.083843 -0.219072 -0.180578
v -0.053210 -0.237683 -0.186462
v -0.068685 -0.204962 -0.190374
v -0.068924 -0.160822 -0.200488
v -0.068924 -0.114873 -0.208485
v -0.068924 -0.068924 -0.213583
v -0.068924 -0.022975 -0.216144
v -0.022975 -0.363119 -0.134878
v -0.022975 -0.340144 -0.148686
v -0.022975 -0.298670 -0.169426
v -0.022975 -0.269324 -0.181562
v -0.022975 -0.246350 -0.189299
v -0.022975 -0.206772 -0.201058
v -0.022975 -0.160822 -0.211342
v -0.022975 -0.114873 -0.218932
v -0.022975 -0.068924 -0.223772
v -0.022975 -0.022975 -0.226205
v -0.226206 0.022975 -0.022975
v -0.223772 0.068924 -0.022975
v -0.218932 0.114873 -0.022975
v -0.211342 0.160822 -0.022975
v -0.201058 0.206772 -0.022975
v -0.189299 0.246349 -0.022975
v -0.216144 0.022975 -0.068924
v -0.213583 0.068924 -0.068924
v -0.208485 0.114873 -0.068924
v -0.200488 0.160822 -0.068924
v -0.190374 0.204962 -0.068685
v -0.186462 0.237683 -0.053210
v -0.196142 0.022975 -0.112954
v -0.194819 0.068924 -0.110700
v -0.192188 0.114873 -0.106213
v -0.188059 0.160822 -0.099168
v -0.185176 0.188439 -0.094251
v -0.181562 0.269324 -0.022975
v -0.169426 0.298670 -0.022975
v -0.148686 0.340144 -0.022975
v -0.180578 0.219072 -0.083843
v -0.174946 0.252888 -0.068685
v -0.152923 0.302341 -0.072601
v -0.143872 0.331761 -0.059736
v -0.182494 0.022975 -0.135929
v -0.180964 0.068924 -0.133674
v -0.177918 0.114873 -0.129187
v -0.173136 0.160822 -0.122143
v -0.168143 0.204962 -0.111690
v -0.149681 0.249937 -0.115596
v -0.144227 0.289473 -0.100762
v -0.159520 0.022975 -0.159520
v -0.157989 0.068924 -0.157989
v -0.154943 0.114873 -0.154943
v -0.150161 0.160822 -0.150161
v -0.143670 0.206772 -0.143670
v -0.139094 0.232765 -0.139094
v -0.134878 0.363118 -0.022975
v -0.136988 0.320105 -0.090369
v -0.127726 0.346094 -0.072601
v -0.131395 0.263398 -0.131395
v -0.118875 0.304789 -0.118875
v -0.104821 0.344619 -0.104821
v -0.135929 0.022975 -0.182494
v -0.133674 0.068924 -0.180964
v -0.129187 0.114873 -0.177918
v -0.122143 0.160822 -0.173136
v -0.111690 0.204962 -0.168143
v -0.115596 0.249937 -0.149681
v -0.100762 0.289472 -0.144227
v -0.112954 0.022975 -0.196142
v -0.110699 0.068924 -0.194819
v -0.106213 0.114873 -0.192188
v -0.099168 0.160822 -0.188059
v -0.094251 0.188439 -0.185176
v -0.090369 0.320105 -0.136988
v -0.072601 0.346094 -0.127726
v -0.083843 0.219072 -0.180578
v -0.068685 0.252888 -0.174946
v -0.072601 0.302341 -0.152922
v -0.059736 0.331761 -0.143872
v -0.068924 0.022975 -0.216144
v -0.068924 0.068924 -0.213582
v -0.068924 0.114873 -0.208485
v -0.068924 0.160822 -0.200488
v -0.068685 0.204962 -0.190374
v -0.053210 0.237683 -0.186462
v -0.022975 0.363118 -0.134878
v -0.022975 0.269324 -0.181562
v -0.022975 0.298670 -0.169426
v -0.022975 0.340144 -0.148686
v -0.022975 0.022975 -0.226205
v -0.022975 0.068924 -0.223772
v -0.022975 0.114873 -0.218932
v -0.022975 0.160822 -0.211342
v -0.022975 0.206772 -0.201057
v -0.022975 0.246349 -0.189298
v -0.109157 0.394090 -0.023488
v -0.093989 0.415462 -0.008514
v -0.102866 0.379946 -0.068924
v -0.094672 0.370536 -0.094672
v -0.089649 0.411754 -0.039147
v -0.072169 0.426818 -0.023488
v -0.072169 0.403971 -0.072169
v -0.059017 0.421834 -0.059017
v -0.068924 0.379946 -0.102866
v -0.022975 0.449121 -0.022975
v -0.039147 0.411754 -0.089649
v -0.023488 0.426818 -0.072169
v -0.023488 0.394090 -0.109157
v -0.008514 0.415462 -0.093989
v 0.008516 -0.415462 0.093989
v 0.023489 -0.394090 0.109158
v 0.023489 -0.426819 0.072170
v 0.039149 -0.411754 0.089650
v 0.000001 -0.459492 0.000001
v 0.018380 -0.451196 0.018380
v 0.068924 -0.379947 0.102867
v 0.059017 -0.421835 0.059017
v 0.072170 -0.403973 0.072170
v 0.072170 -0.426819 0.023489
v 0.089650 -0.411754 0.039149
v 0.094673 -0.370537 0.094673
v 0.102867 -0.379947 0.068924
v 0.093989 -0.415462 0.008516
v 0.109157 -0.394090 0.023489
v 0.000001 -0.000002 0.229746
v 0.022975 -0.246351 0.189299
v 0.022975 -0.206772 0.201058
v 0.022975 -0.160822 0.211343
v 0.022975 -0.114873 0.218933
v 0.022975 -0.068924 0.223773
v 0.018380 -0.018381 0.226914
v 0.022975 -0.340145 0.148687
v 0.022975 -0.298670 0.169427
v 0.022975 -0.269325 0.181563
v 0.022975 -0.363119 0.134879
v 0.053211 -0.237684 0.186463
v 0.068686 -0.204963 0.190375
v 0.068924 -0.160822 0.200489
v 0.068924 -0.114873 0.208486
v 0.068924 -0.068924 0.213584
v 0.068924 -0.022975 0.216145
v 0.059737 -0.331762 0.143873
v 0.072602 -0.302342 0.152923
v 0.068686 -0.252889 0.174947
v 0.083844 -0.219073 0.180578
v 0.072602 -0.346095 0.127727
v 0.090370 -0.320106 0.136988
v 0.094252 -0.188440 0.185176
v 0.099169 -0.160822 0.188060
v 0.106214 -0.114873 0.192189
v 0.110700 -0.068924 0.194820
v 0.112955 -0.022975 0.196142
v 0.100762 -0.289473 0.144227
v 0.115597 -0.249938 0.149682
v 0.111690 -0.204963 0.168144
v 0.122144 -0.160822 0.173136
v 0.129188 -0.114873 0.177919
v 0.133675 -0.068924 0.180964
v 0.135930 -0.022975 0.182495
v 0.104822 -0.344619 0.104822
v 0.118875 -0.304790 0.118875
v 0.131395 -0.263399 0.131395
v 0.127727 -0.346095 0.072602
v 0.136988 -0.320106 0.090370
v 0.134879 -0.363119 0.022975
v 0.139095 -0.232767 0.139095
v 0.143670 -0.206772 0.143670
v 0.150162 -0.160822 0.150162
v 0.154944 -0.114873 0.154944
v 0.157990 -0.068924 0.157990
v 0.159520 -0.022975 0.159520
v 0.144227 -0.289473 0.100762
v 0.149682 -0.249938 0.115597
v 0.168144 -0.204962 0.111690
v 0.173136 -0.160822 0.122144
v 0.177919 -0.114873 0.129188
v 0.180964 -0.068924 0.133675
v 0.182495 -0.022975 0.135930
v 0.143872 -0.331762 0.059737
v 0.152923 -0.302342 0.072602
v 0.174946 -0.252888 0.068686
v 0.180578 -0.219073 0.083844
v 0.148686 -0.340145 0.022975
v 0.169427 -0.298670 0.022975
v 0.181563 -0.269325 0.022975
v 0.185176 -0.188440 0.094252
v 0.188060 -0.160822 0.099169
v 0.192188 -0.114873 0.106214
v 0.194820 -0.068924 0.110700
v 0.196142 -0.022975 0.112955
v 0.186463 -0.237684 0.053211
v 0.190375 -0.204962 0.068686
v 0.200489 -0.160822 0.068924
v 0.208486 -0.114873 0.068924
v 0.213583 -0.068924 0.068924
v 0.216145 -0.022975 0.068924
v 0.189299 -0.246351 0.022975
v 0.201058 -0.206772 0.022975
v 0.211342 -0.160822 0.022975
v 0.218933 -0.114873 0.022975
v 0.223773 -0.068924 0.022975
v 0.226206 -0.022975 0.022975
v 0.005965 0.318069 0.737515
v 0.021959 0.345844 0.741618
v 0.050060 0.361977 0.737115
v 0.022975 0.390568 0.743335
v 0.022975 0.416276 0.737043
v 0.049702 0.390568 0.736853
v 0.046843 0.414082 0.735480
v 0.007515 0.271716 0.694098
v 0.022056 0.299242 0.712300
v 0.036598 0.331344 0.730501
v 0.022889 0.262703 0.666765
v 0.038148 0.280416 0.682416
v 0.007121 0.226393 0.606228
v 0.022652 0.239951 0.621052
v 0.022652 0.223114 0.570348
v 0.037754 0.233796 0.582986
v 0.022975 0.214185 0.528416
v 0.022975 0.208591 0.482467
v 0.022975 0.206985 0.436518
v 0.022975 0.208905 0.390568
v 0.059844 0.311048 0.699869
v 0.070268 0.342558 0.714283
v 0.053819 0.270764 0.651783
v 0.072148 0.296032 0.669791
v 0.090477 0.323139 0.687799
v 0.069051 0.264775 0.618505
v 0.084452 0.281015 0.632614
v 0.046426 0.229487 0.552354
v 0.064615 0.245468 0.570348
v 0.050171 0.227360 0.528416
v 0.073146 0.240881 0.528416
v 0.055336 0.224527 0.482467
v 0.078310 0.237734 0.482467
v 0.056988 0.223673 0.436518
v 0.079962 0.236746 0.436518
v 0.055172 0.224649 0.390568
v 0.078146 0.237804 0.390568
v 0.102949 0.353771 0.698065
v 0.103254 0.311648 0.657166
v 0.118418 0.339915 0.670899
v 0.094636 0.273693 0.601982
v 0.114262 0.298757 0.619623
v 0.133887 0.326059 0.637264
v 0.100783 0.269335 0.574365
v 0.123757 0.286963 0.574365
v 0.108629 0.263856 0.528416
v 0.131604 0.280559 0.528416
v 0.113206 0.260709 0.482467
v 0.136181 0.276980 0.482467
v 0.114675 0.259721 0.436518
v 0.137650 0.275846 0.436518
v 0.113026 0.260778 0.390568
v 0.136000 0.277141 0.390568
v 0.146112 0.356692 0.653999
v 0.143131 0.316499 0.606632
v 0.159938 0.345381 0.619173
v 0.150212 0.309938 0.574365
v 0.173187 0.334528 0.574365
v 0.157366 0.303534 0.528416
v 0.180340 0.325630 0.528416
v 0.165120 0.303494 0.484531
v 0.183301 0.322206 0.501224
v 0.160822 0.296835 0.436518
v 0.165076 0.303632 0.388747
v 0.183228 0.322287 0.372217
v 0.185804 0.364703 0.601082
v 0.191189 0.357502 0.574365
v 0.198334 0.348604 0.528416
v 0.185066 0.320314 0.470591
v 0.199378 0.340361 0.484531
v 0.185676 0.319660 0.436518
v 0.205331 0.344619 0.436518
v 0.185032 0.320329 0.402850
v 0.199042 0.340410 0.388747
v 0.022975 0.439251 0.718463
v 0.022975 0.464679 0.695488
v 0.022975 0.483244 0.666264
v 0.022975 0.501032 0.631638
v 0.022975 0.509718 0.608663
v 0.022975 0.519476 0.574365
v 0.022975 0.528501 0.528416
v 0.022975 0.533322 0.482467
v 0.022975 0.534106 0.436518
v 0.022975 0.531188 0.390568
v 0.072677 0.390568 0.726498
v 0.064865 0.432246 0.717651
v 0.068924 0.463960 0.694114
v 0.068924 0.483844 0.666264
v 0.068924 0.502351 0.636282
v 0.068924 0.511935 0.613307
v 0.068924 0.524516 0.574365
v 0.068924 0.534309 0.528416
v 0.068924 0.539256 0.482467
v 0.068924 0.540014 0.436518
v 0.068924 0.537200 0.390568
v 0.111346 0.390568 0.703524
v 0.105821 0.436518 0.698318
v 0.095582 0.461421 0.691124
v 0.134321 0.390568 0.685523
v 0.128795 0.436518 0.684335
v 0.112488 0.473861 0.667144
v 0.114873 0.498982 0.632095
v 0.114873 0.510705 0.609121
v 0.114873 0.523097 0.574365
v 0.114873 0.534123 0.528416
v 0.114873 0.539537 0.482467
v 0.114873 0.540508 0.436518
v 0.114873 0.537346 0.390568
v 0.154636 0.390568 0.662549
v 0.156571 0.436518 0.661361
v 0.148692 0.468359 0.652414
v 0.177611 0.390568 0.633282
v 0.179546 0.436518 0.638363
v 0.161522 0.483936 0.620425
v 0.143719 0.507978 0.602360
v 0.174352 0.499514 0.587484
v 0.159750 0.512978 0.573047
v 0.160822 0.525459 0.528416
v 0.160822 0.532321 0.482467
v 0.160822 0.533565 0.436518
v 0.160822 0.529685 0.390568
v 0.191395 0.390568 0.610307
v 0.195230 0.436518 0.615388
v 0.190917 0.468881 0.607857
v 0.208299 0.390568 0.574365
v 0.217233 0.436518 0.574365
v 0.198868 0.483505 0.573047
v 0.187146 0.507840 0.556852
v 0.222620 0.390479 0.531617
v 0.228775 0.436518 0.548109
v 0.218937 0.482926 0.531779
v 0.193761 0.511958 0.528416
v 0.225296 0.376416 0.482467
v 0.223555 0.497580 0.482467
v 0.200581 0.515940 0.482467
v 0.226427 0.374209 0.436518
v 0.224833 0.499317 0.436518
v 0.201858 0.516656 0.436518
v 0.224901 0.377780 0.390568
v 0.221149 0.494671 0.390568
v 0.198175 0.514474 0.390568
v 0.233069 0.405736 0.518435
v 0.235235 0.436518 0.525134
v 0.233741 0.467916 0.518705
v 0.235856 0.399391 0.482467
v 0.243124 0.436518 0.482467
v 0.237014 0.474606 0.482467
v 0.236793 0.397184 0.436518
v 0.244997 0.436518 0.436518
v 0.237950 0.476343 0.436518
v 0.235031 0.400755 0.390568
v 0.241005 0.436518 0.390568
v 0.235720 0.471697 0.390568
v 0.022975 0.214609 0.344619
v 0.022572 0.223125 0.302926
v 0.037620 0.235212 0.290446
v 0.000001 0.000002 0.229746
v 0.004095 0.178477 0.232357
v 0.010520 0.209295 0.249692
v 0.033054 0.241977 0.252721
v 0.018380 0.018381 0.226914
v 0.022975 0.068924 0.223773
v 0.022975 0.114873 0.218933
v 0.020836 0.162225 0.219695
v 0.030884 0.206772 0.217794
v 0.037085 0.240587 0.220976
v 0.049857 0.227580 0.344619
v 0.072831 0.241109 0.344619
v 0.046218 0.229593 0.321079
v 0.064490 0.247292 0.302926
v 0.067513 0.266718 0.256381
v 0.081889 0.280449 0.243504
v 0.068924 0.022975 0.216145
v 0.068924 0.068924 0.213583
v 0.068924 0.114873 0.208486
v 0.068924 0.160822 0.201414
v 0.069755 0.204962 0.193443
v 0.060967 0.254630 0.206104
v 0.080913 0.289173 0.206772
v 0.085626 0.219073 0.180578
v 0.083716 0.252721 0.177247
v 0.087261 0.288912 0.178283
v 0.091603 0.320903 0.143405
v 0.085842 0.344619 0.148198
v 0.091603 0.320903 0.137148
v 0.085842 0.344619 0.126757
v 0.108293 0.264083 0.344619
v 0.131267 0.280930 0.344619
v 0.099181 0.270554 0.298670
v 0.122156 0.287937 0.298670
v 0.092761 0.275058 0.274137
v 0.113386 0.298965 0.255859
v 0.134011 0.327719 0.237581
v 0.112955 0.022975 0.196142
v 0.110700 0.068924 0.194820
v 0.106214 0.114873 0.192188
v 0.099169 0.160822 0.188061
v 0.094252 0.188440 0.185178
v 0.100968 0.312148 0.206772
v 0.121721 0.343669 0.206885
v 0.135930 0.022975 0.182495
v 0.133675 0.068924 0.180964
v 0.129188 0.114873 0.177919
v 0.122143 0.160822 0.173136
v 0.111690 0.204962 0.168144
v 0.115596 0.249938 0.151735
v 0.096637 0.304907 0.160844
v 0.097593 0.344619 0.171172
v 0.131395 0.263399 0.131395
v 0.118577 0.305188 0.118955
v 0.102841 0.344619 0.103782
v 0.136391 0.320106 0.090369
v 0.126143 0.346094 0.072601
v 0.134878 0.363119 0.022975
v 0.156950 0.303904 0.344619
v 0.179924 0.326132 0.344619
v 0.149021 0.310912 0.298670
v 0.171996 0.336589 0.298670
v 0.142023 0.317480 0.268214
v 0.158567 0.347291 0.256177
v 0.144478 0.358351 0.222277
v 0.159520 0.022975 0.159520
v 0.157990 0.068924 0.157990
v 0.154944 0.114873 0.154944
v 0.150162 0.160822 0.150162
v 0.143670 0.206772 0.143670
v 0.139094 0.232766 0.139094
v 0.182495 0.022975 0.135930
v 0.180964 0.068924 0.133675
v 0.177919 0.114873 0.129188
v 0.173136 0.160822 0.122143
v 0.168144 0.204962 0.111690
v 0.149682 0.249938 0.115596
v 0.144227 0.289473 0.100762
v 0.180578 0.219073 0.083843
v 0.174946 0.252888 0.068686
v 0.152923 0.302342 0.072601
v 0.143872 0.331762 0.059737
v 0.181562 0.269325 0.022975
v 0.169426 0.298670 0.022975
v 0.148686 0.340144 0.022975
v 0.197384 0.349107 0.344619
v 0.189405 0.359564 0.298670
v 0.184290 0.366863 0.274773
v 0.196142 0.022975 0.112955
v 0.194820 0.068924 0.110700
v 0.192188 0.114873 0.106213
v 0.188060 0.160822 0.099169
v 0.185176 0.188440 0.094252
v 0.216145 0.022975 0.068924
v 0.213583 0.068924 0.068924
v 0.208486 0.114873 0.068924
v 0.200489 0.160822 0.068924
v 0.190374 0.204962 0.068686
v 0.186463 0.237683 0.053211
v 0.226206 0.022975 0.022975
v 0.223773 0.068924 0.022975
v 0.218933 0.114873 0.022975
v 0.211342 0.160822 0.022975
v 0.201058 0.206772 0.022975
v 0.189299 0.246350 0.022975
v 0.022975 0.524049 0.344619
v 0.006942 0.504184 0.279781
v 0.022545 0.511887 0.296526
v 0.022545 0.496566 0.255321
v 0.037574 0.506922 0.272371
v 0.022975 0.456312 0.187738
v 0.022975 0.472315 0.210713
v 0.043937 0.412980 0.138137
v 0.026362 0.430185 0.156401
v 0.044108 0.413009 0.114873
v 0.021134 0.417149 0.114873
v 0.045507 0.413394 0.091705
v 0.027304 0.427745 0.073403
v 0.022975 0.449121 0.022975
v 0.068924 0.529842 0.344619
v 0.068924 0.517537 0.298670
v 0.068924 0.496334 0.247560
v 0.068924 0.507851 0.270535
v 0.068924 0.453839 0.188248
v 0.068924 0.473360 0.211222
v 0.068851 0.394825 0.148457
v 0.068924 0.430864 0.167902
v 0.068851 0.386048 0.111015
v 0.072170 0.403692 0.073403
v 0.059017 0.421834 0.061072
v 0.089650 0.411754 0.039148
v 0.072170 0.426818 0.023489
v 0.114873 0.529394 0.344619
v 0.133759 0.504703 0.277323
v 0.117015 0.513927 0.295052
v 0.117015 0.494571 0.255182
v 0.103126 0.507173 0.272139
v 0.126516 0.390568 0.193185
v 0.115405 0.437523 0.195791
v 0.114873 0.469433 0.218261
v 0.103542 0.390568 0.173867
v 0.100443 0.422877 0.177631
v 0.092629 0.368430 0.093127
v 0.101334 0.378366 0.068924
v 0.109157 0.394090 0.023489
v 0.093989 0.415462 0.008515
v 0.160822 0.520028 0.344619
v 0.160822 0.497487 0.288388
v 0.160822 0.509526 0.311362
v 0.174285 0.390568 0.244455
v 0.173300 0.436518 0.240951
v 0.159418 0.474127 0.253959
v 0.151310 0.390568 0.216160
v 0.150325 0.436518 0.218579
v 0.143166 0.463857 0.225502
v 0.221079 0.391382 0.343909
v 0.226653 0.436518 0.331214
v 0.214577 0.481191 0.343794
v 0.189457 0.509048 0.344619
v 0.204195 0.390568 0.298670
v 0.211674 0.436518 0.298670
v 0.194276 0.481141 0.303252
v 0.183812 0.505452 0.321624
v 0.188914 0.390568 0.267430
v 0.191792 0.436518 0.263925
v 0.188127 0.464941 0.270100
v 0.232221 0.407240 0.358753
v 0.233644 0.436518 0.354188
v 0.232468 0.465025 0.358561
v 0.000001 -0.459492 -0.000001
v 0.018380 -0.451196 -0.018380
v 0.023489 -0.426818 -0.072170
v 0.039148 -0.411754 -0.089650
v 0.008515 -0.415462 -0.093989
v 0.023489 -0.394090 -0.109157
v 0.072170 -0.426819 -0.023489
v 0.089650 -0.411754 -0.039149
v 0.059017 -0.421834 -0.059017
v 0.072170 -0.403972 -0.072170
v 0.068924 -0.379946 -0.102867
v 0.093989 -0.415462 -0.008516
v 0.109157 -0.394090 -0.023489
v 0.102867 -0.379946 -0.068924
v 0.094672 -0.370536 -0.094672
v 0.022975 -0.363119 -0.134878
v 0.022975 -0.340144 -0.148686
v 0.022975 -0.298670 -0.169426
v 0.022975 -0.269324 -0.181562
v 0.022975 -0.246350 -0.189299
v 0.022975 -0.206772 -0.201058
v 0.022975 -0.160822 -0.211342
v 0.022975 -0.114873 -0.218932
v 0.022975 -0.068924 -0.223772
v 0.022975 -0.022975 -0.226206
v 0.072601 -0.346094 -0.127727
v 0.090369 -0.320106 -0.136988
v 0.059736 -0.331762 -0.143872
v 0.072601 -0.302342 -0.152923
v 0.068686 -0.252888 -0.174946
v 0.083843 -0.219072 -0.180578
v 0.053210 -0.237683 -0.186463
v 0.068686 -0.204962 -0.190374
v 0.068924 -0.160822 -0.200488
v 0.068924 -0.114873 -0.208485
v 0.068924 -0.068924 -0.213583
v 0.068924 -0.022975 -0.216144
v 0.134879 -0.363119 -0.022975
v 0.127727 -0.346095 -0.072601
v 0.136988 -0.320106 -0.090369
v 0.104821 -0.344619 -0.104821
v 0.118875 -0.304789 -0.118875
v 0.131395 -0.263399 -0.131395
v 0.100762 -0.289473 -0.144227
v 0.115596 -0.249938 -0.149682
v 0.111690 -0.204962 -0.168144
v 0.122143 -0.160822 -0.173136
v 0.129188 -0.114873 -0.177918
v 0.133674 -0.068924 -0.180964
v 0.135929 -0.022975 -0.182495
v 0.094251 -0.188439 -0.185176
v 0.099168 -0.160822 -0.188059
v 0.106213 -0.114873 -0.192188
v 0.110700 -0.068924 -0.194819
v 0.112955 -0.022975 -0.196142
v 0.148686 -0.340144 -0.022975
v 0.169427 -0.298670 -0.022975
v 0.181563 -0.269325 -0.022975
v 0.143872 -0.331762 -0.059737
v 0.152923 -0.302342 -0.072601
v 0.174946 -0.252888 -0.068686
v 0.180578 -0.219072 -0.083843
v 0.144227 -0.289473 -0.100762
v 0.149682 -0.249938 -0.115596
v 0.168144 -0.204962 -0.111690
v 0.173136 -0.160822 -0.122143
v 0.177918 -0.114873 -0.129188
v 0.180964 -0.068924 -0.133674
v 0.182495 -0.022975 -0.135929
v 0.139094 -0.232766 -0.139094
v 0.143670 -0.206772 -0.143670
v 0.150161 -0.160822 -0.150161
v 0.154944 -0.114873 -0.154944
v 0.157989 -0.068924 -0.157989
v 0.159520 -0.022975 -0.159520
v 0.189299 -0.246350 -0.022975
v 0.201058 -0.206772 -0.022975
v 0.211342 -0.160822 -0.022975
v 0.218933 -0.114873 -0.022975
v 0.223773 -0.068924 -0.022975
v 0.226206 -0.022975 -0.022975
v 0.186463 -0.237683 -0.053211
v 0.190374 -0.204962 -0.068686
v 0.200488 -0.160822 -0.068924
v 0.208486 -0.114873 -0.068924
v 0.213583 -0.068924 -0.068924
v 0.216145 -0.022975 -0.068924
v 0.185176 -0.188440 -0.094252
v 0.188060 -0.160822 -0.099168
v 0.192188 -0.114873 -0.106213
v 0.194819 -0.068924 -0.110700
v 0.196142 -0.022975 -0.112955
v 0.022975 0.363118 -0.134878
v 0.022975 0.269324 -0.181562
v 0.022975 0.298670 -0.169426
v 0.022975 0.340144 -0.148686
v 0.022975 0.022975 -0.226206
v 0.022975 0.068924 -0.223772
v 0.022975 0.114873 -0.218932
v 0.022975 0.160822 -0.211342
v 0.022975 0.206772 -0.201057
v 0.022975 0.246349 -0.189298
v 0.090369 0.320105 -0.136988
v 0.072601 0.346094 -0.127726
v 0.083843 0.219072 -0.180578
v 0.068685 0.252888 -0.174946
v 0.072601 0.302341 -0.152923
v 0.059736 0.331761 -0.143872
v 0.068924 0.022975 -0.216144
v 0.068924 0.068924 -0.213583
v 0.068924 0.114873 -0.208485
v 0.068924 0.160822 -0.200488
v 0.068685 0.204962 -0.190374
v 0.053210 0.237683 -0.186462
v 0.134878 0.363119 -0.022975
v 0.136988 0.320106 -0.090369
v 0.127726 0.346094 -0.072601
v 0.131395 0.263398 -0.131395
v 0.118875 0.304789 -0.118875
v 0.104821 0.344619 -0.104821
v 0.135929 0.022975 -0.182495
v 0.133674 0.068924 -0.180964
v 0.129188 0.114873 -0.177918
v 0.122143 0.160822 -0.173136
v 0.111690 0.204962 -0.168143
v 0.115596 0.249938 -0.149682
v 0.100762 0.289473 -0.144227
v 0.112955 0.022975 -0.196142
v 0.110700 0.068924 -0.194819
v 0.106213 0.114873 -0.192188
v 0.099168 0.160822 -0.188059
v 0.094251 0.188439 -0.185176
v 0.181562 0.269324 -0.022975
v 0.169426 0.298670 -0.022975
v 0.148686 0.340144 -0.022975
v 0.180578 0.219072 -0.083843
v 0.174946 0.252888 -0.068686
v 0.152923 0.302341 -0.072601
v 0.143872 0.331761 -0.059736
v 0.182495 0.022975 -0.135929
v 0.180964 0.068924 -0.133674
v 0.177918 0.114873 -0.129188
v 0.173136 0.160822 -0.122143
v 0.168143 0.204962 -0.111690
v 0.149682 0.249938 -0.115596
v 0.144227 0.289473 -0.100762
v 0.159520 0.022975 -0.159520
v 0.157989 0.068924 -0.157989
v 0.154944 0.114873 -0.154944
v 0.150161 0.160822 -0.150161
v 0.143670 0.206772 -0.143670
v 0.139094 0.232766 -0.139094
v 0.226206 0.022975 -0.022975
v 0.223773 0.068924 -0.022975
v 0.218933 0.114873 -0.022975
v 0.211342 0.160822 -0.022975
v 0.201058 0.206772 -0.022975
v 0.189299 0.246350 -0.022975
v 0.216145 0.022975 -0.068924
v 0.213583 0.068924 -0.068924
v 0.208485 0.114873 -0.068924
v 0.200488 0.160822 -0.068924
v 0.190374 0.204962 -0.068686
v 0.186463 0.237683 -0.053210
v 0.196142 0.022975 -0.112955
v 0.194819 0.068924 -0.110700
v 0.192188 0.114873 -0.106213
v 0.188060 0.160822 -0.099168
v 0.185176 0.188439 -0.094251
v 0.022975 0.449121 -0.022975
v 0.039147 0.411754 -0.089649
v 0.023488 0.426818 -0.072169
v 0.023488 0.394090 -0.109157
v 0.008514 0.415462 -0.093989
v 0.089650 0.411754 -0.039147
v 0.072169 0.426818 -0.023488
v 0.072169 0.403972 -0.072169
v 0.059017 0.421834 -0.059017
v 0.068924 0.379946 -0.102866
v 0.109157 0.394090 -0.023488
v 0.093989 0.415462 -0.008515
v 0.102867 0.379946 -0.068924
v 0.094672 0.370536 -0.094672
vn -0.5729 -0.5861 0.5729
vn -0.6792 -0.6238 0.3867
vn -0.6565 -0.7519 0.0597
vn -0.7698 -0.6197 0.1526
vn -0.3867 -0.6238 0.6792
vn -0.4057 -0.8191 0.4057
vn -0.5074 -0.6964 0.5074
vn -0.4520 -0.8796 0.1480
vn -0.6198 -0.7240 0.3028
vn -0.0597 -0.7519 0.6565
vn -0.1526 -0.6197 0.7698
vn -0.1480 -0.8796 0.4520
vn -0.3028 -0.7240 0.6198
vn -0.1592 -0.9742 0.1601
vn -0.2380 -0.9417 0.2380
vn -0.8646 -0.2253 0.4491
vn -0.8723 -0.1638 0.4608
vn -0.8764 -0.1260 0.4648
vn -0.8824 -0.0739 0.4646
vn -0.8857 -0.0248 0.4637
vn -0.9158 -0.3047 0.2618
vn -0.9272 -0.2354 0.2915
vn -0.9376 -0.1827 0.2959
vn -0.9423 -0.1306 0.3084
vn -0.9467 -0.0769 0.3129
vn -0.9489 -0.0255 0.3147
vn -0.9493 -0.3021 0.0872
vn -0.9639 -0.2437 0.1076
vn -0.9753 -0.1902 0.1124
vn -0.9850 -0.1335 0.1097
vn -0.9910 -0.0786 0.1080
vn -0.9939 -0.0262 0.1073
vn -0.6781 -0.2833 0.6781
vn -0.6884 -0.2282 0.6884
vn -0.6956 -0.1796 0.6956
vn -0.7015 -0.1256 0.7015
vn -0.7052 -0.0734 0.7052
vn -0.7069 -0.0235 0.7069
vn -0.7745 -0.3497 0.5271
vn -0.7878 -0.3079 0.5335
vn -0.7954 -0.2579 0.5485
vn -0.7939 -0.1866 0.5787
vn -0.7965 -0.1353 0.5894
vn -0.7954 -0.0796 0.6009
vn -0.7938 -0.0264 0.6076
vn -0.8244 -0.4821 0.2966
vn -0.8635 -0.3715 0.3412
vn -0.8652 -0.3464 0.3625
vn -0.8583 -0.2925 0.4216
vn -0.8703 -0.4800 0.1101
vn -0.9049 -0.4062 0.1272
vn -0.9257 -0.3580 0.1218
vn -0.4491 -0.2253 0.8646
vn -0.4608 -0.1638 0.8723
vn -0.4648 -0.1260 0.8764
vn -0.4646 -0.0739 0.8824
vn -0.4637 -0.0248 0.8857
vn -0.5271 -0.3497 0.7745
vn -0.5335 -0.3079 0.7878
vn -0.5485 -0.2579 0.7954
vn -0.5787 -0.1866 0.7939
vn -0.5894 -0.1353 0.7965
vn -0.6009 -0.0796 0.7954
vn -0.6076 -0.0264 0.7938
vn -0.6132 -0.4980 0.6132
vn -0.6461 -0.4065 0.6461
vn -0.6634 -0.3462 0.6634
vn -0.7292 -0.5586 0.3952
vn -0.7439 -0.4479 0.4960
vn -0.8028 -0.5797 0.1398
vn -0.2618 -0.3047 0.9158
vn -0.2915 -0.2354 0.9272
vn -0.2959 -0.1827 0.9376
vn -0.3084 -0.1306 0.9422
vn -0.3129 -0.0769 0.9467
vn -0.3122 -0.0249 0.9497
vn -0.2966 -0.4821 0.8244
vn -0.3412 -0.3715 0.8635
vn -0.3625 -0.3464 0.8652
vn -0.4216 -0.2925 0.8583
vn -0.3952 -0.5586 0.7292
vn -0.4960 -0.4479 0.7439
vn -0.0574 -0.0596 0.9966
vn -0.0872 -0.3021 0.9493
vn -0.1076 -0.2437 0.9639
vn -0.1124 -0.1902 0.9753
vn -0.1097 -0.1335 0.9850
vn -0.1098 -0.0794 0.9908
vn -0.1199 -0.0451 0.9918
vn -0.1101 -0.4800 0.8703
vn -0.1272 -0.4062 0.9049
vn -0.1218 -0.3580 0.9257
vn -0.1398 -0.5797 0.8028
vn -0.3259 -0.1207 0.9377
vn -0.4108 0.0924 0.9070
vn -0.1497 -0.2070 0.9668
vn -0.2472 0.1137 0.9623
vn 0.0582 -0.3466 0.9362
vn -0.0587 0.0168 0.9981
vn 0.1628 -0.4311 0.8875
vn 0.1025 -0.0798 0.9915
vn -0.3011 0.3891 0.8706
vn -0.1714 0.3378 0.9255
vn -0.1880 0.5675 0.8016
vn 0.0029 0.2163 0.9763
vn -0.0518 0.5369 0.8421
vn -0.8751 -0.3947 0.2800
vn -0.9742 -0.0271 0.2242
vn -0.9500 0.2113 0.2300
vn -0.9086 -0.4098 0.0810
vn -0.9964 -0.0224 0.0822
vn -0.9653 0.2498 0.0764
vn -0.9113 -0.4108 -0.0277
vn -0.9994 -0.0226 -0.0253
vn -0.9667 0.2548 -0.0257
vn -0.9086 -0.3991 -0.1232
vn -0.9920 -0.0206 -0.1244
vn -0.9639 0.2386 -0.1178
vn -0.6847 -0.5270 0.5034
vn -0.8398 -0.1435 0.5236
vn -0.8739 0.1595 0.4592
vn -0.8055 0.4289 0.4090
vn -0.7305 -0.5668 0.3810
vn -0.8945 -0.1454 0.4227
vn -0.9040 0.2347 0.3574
vn -0.8287 0.4880 0.2742
vn -0.5134 -0.8334 0.2047
vn -0.7372 -0.5974 0.3156
vn -0.9233 -0.1216 0.3642
vn -0.9038 0.3396 0.2604
vn -0.8305 0.5280 0.1775
vn -0.5051 -0.8586 0.0871
vn -0.7196 -0.6850 0.1140
vn -0.8874 0.4506 0.0976
vn -0.8182 0.5704 0.0715
vn -0.5099 -0.8599 -0.0231
vn -0.7254 -0.6875 -0.0339
vn -0.8878 0.4592 -0.0296
vn -0.8113 0.5842 -0.0246
vn -0.5248 -0.8433 -0.1160
vn -0.7261 -0.6696 -0.1561
vn -0.8867 0.4372 -0.1507
vn -0.8230 0.5554 -0.1191
vn -0.4792 -0.6300 0.6111
vn -0.6303 -0.2920 0.7193
vn -0.7418 0.0910 0.6645
vn -0.7216 0.3799 0.5788
vn -0.4831 -0.6960 0.5312
vn -0.7247 -0.2607 0.6379
vn -0.8068 0.1589 0.5690
vn -0.7571 0.4956 0.4256
vn -0.2603 -0.9151 0.3080
vn -0.4320 -0.7914 0.4325
vn -0.7476 0.5954 0.2943
vn -0.2570 -0.9449 0.2026
vn -0.4947 -0.8054 0.3264
vn -0.7502 0.6282 0.2063
vn -0.2498 -0.9638 0.0933
vn -0.2575 -0.9662 -0.0113
vn -0.2630 -0.9578 -0.1161
vn -0.4485 -0.4047 0.7969
vn -0.5361 -0.0100 0.8441
vn -0.5968 0.2980 0.7450
vn -0.2495 -0.7519 0.6103
vn -0.4511 -0.4690 0.7593
vn -0.6610 0.0298 0.7498
vn -0.6649 0.4253 0.6140
vn -0.0774 -0.9235 0.3757
vn -0.2017 -0.8437 0.4974
vn -0.6704 0.5802 0.4626
vn -0.1026 -0.9559 0.2752
vn -0.2469 -0.8756 0.4152
vn -0.0963 -0.9768 0.1911
vn -0.0817 -0.9928 0.0871
vn -0.0804 -0.9968 -0.0029
vn -0.0913 -0.9905 -0.1029
vn -0.2128 -0.5599 0.8008
vn -0.4175 -0.1870 0.8892
vn -0.5510 0.2591 0.7932
vn -0.0641 -0.8434 0.5335
vn -0.1358 -0.7161 0.6847
vn 0.0075 -0.9384 0.3456
vn -0.0194 -0.8885 0.4584
vn 0.0308 -0.9685 0.2470
vn 0.0562 -0.9824 0.1781
vn 0.0611 -0.9947 0.0832
vn 0.0618 -0.9981 -0.0015
vn 0.0604 -0.9938 -0.0931
vn -0.0028 -0.6767 0.7363
vn -0.0978 -0.4941 0.8639
vn -0.4255 0.3806 0.8210
vn 0.0865 -0.8718 0.4822
vn 0.0397 -0.7867 0.6160
vn 0.0993 -0.9391 0.3291
vn 0.1423 -0.9037 0.4039
vn 0.1401 -0.9643 0.2246
vn 0.1966 -0.9359 0.2923
vn 0.1615 -0.9734 0.1626
vn 0.1733 -0.9815 0.0811
vn 0.1742 -0.9847 -0.0023
vn 0.1720 -0.9812 -0.0874
vn 0.1547 -0.7174 0.6793
vn 0.1227 -0.5955 0.7940
vn 0.2010 -0.8758 0.4389
vn 0.2069 -0.8090 0.5501
vn 0.2374 -0.9048 0.3537
vn 0.2231 -0.9516 0.2116
vn 0.2717 -0.9258 0.2629
vn 0.2376 -0.9613 0.1392
vn 0.2913 -0.9393 0.1814
vn 0.2491 -0.9657 0.0732
vn 0.2555 -0.9668 -0.0017
vn 0.2466 -0.9662 -0.0754
vn 0.2773 -0.7356 0.6181
vn 0.2553 -0.6266 0.7363
vn 0.2930 -0.8584 0.4211
vn 0.3276 -0.8094 0.4873
vn 0.3174 -0.8920 0.3218
vn 0.3707 -0.8435 0.3886
vn 0.3384 -0.9091 0.2428
vn 0.3053 -0.9452 0.1156
vn 0.3590 -0.9206 0.1537
vn 0.3132 -0.9478 0.0596
vn 0.3682 -0.9270 0.0716
vn 0.3194 -0.9476 -0.0015
vn 0.3708 -0.9287 -0.0026
vn 0.3147 -0.9473 -0.0596
vn 0.3712 -0.9256 -0.0747
vn -0.7494 0.6509 0.1215
vn -0.7483 0.6614 0.0506
vn -0.7485 0.6628 -0.0222
vn -0.7479 0.6584 -0.0841
vn -0.6885 0.6448 0.3320
vn -0.6857 0.6821 0.2541
vn -0.6866 0.7117 0.1483
vn -0.6348 0.7660 0.1018
vn -0.6875 0.7241 0.0548
vn -0.6351 0.7713 0.0424
vn -0.6879 0.7255 -0.0206
vn -0.6340 0.7732 -0.0140
vn -0.6852 0.7208 -0.1049
vn -0.6334 0.7702 -0.0753
vn -0.5699 0.5245 0.6325
vn -0.6096 0.6178 0.4968
vn -0.6241 0.6907 0.3654
vn -0.5743 0.7640 0.2940
vn -0.6312 0.7326 0.2546
vn -0.5656 0.7947 0.2206
vn -0.6328 0.7545 0.1743
vn -0.5668 0.8130 0.1331
vn -0.5739 0.8173 0.0526
vn -0.5745 0.8182 -0.0218
vn -0.6305 0.7633 -0.1409
vn -0.5686 0.8163 -0.1019
vn -0.4938 0.5516 0.6722
vn -0.5401 0.6709 0.5081
vn -0.4807 0.7681 0.4230
vn -0.5617 0.7234 0.4014
vn -0.4979 0.8036 0.3260
vn -0.5283 0.8178 0.2284
vn -0.4764 0.8586 0.1891
vn -0.5355 0.8338 0.1340
vn -0.4798 0.8691 0.1202
vn -0.5341 0.8436 0.0547
vn -0.4790 0.8764 0.0499
vn -0.5337 0.8453 -0.0233
vn -0.4773 0.8784 -0.0223
vn -0.5317 0.8409 -0.1006
vn -0.4769 0.8738 -0.0956
vn -0.4153 0.5770 0.7032
vn -0.3709 0.7084 0.6005
vn -0.4618 0.6847 0.5638
vn -0.4176 0.7893 0.4502
vn -0.3874 0.8343 0.3922
vn -0.4527 0.8220 0.3455
vn -0.3953 0.8704 0.2934
vn -0.4629 0.8446 0.2692
vn -0.4021 0.8887 0.2202
vn -0.4201 0.8979 0.1316
vn -0.4307 0.9012 0.0486
vn -0.4310 0.9021 -0.0233
vn -0.4261 0.8996 -0.0956
vn -0.3185 0.5876 0.7438
vn -0.2881 0.7175 0.6341
vn -0.3411 0.7892 0.5107
vn -0.2996 0.8631 0.4066
vn -0.3288 0.8887 0.3194
vn -0.3660 0.9023 0.2279
vn -0.3094 0.9334 0.1816
vn -0.3751 0.9175 0.1319
vn -0.3180 0.9414 0.1120
vn -0.3785 0.9242 0.0515
vn -0.3268 0.9437 0.0516
vn -0.3827 0.9236 -0.0245
vn -0.3317 0.9431 -0.0229
vn -0.3777 0.9206 -0.0992
vn -0.3267 0.9407 -0.0909
vn -0.1518 0.7099 0.6877
vn -0.1444 0.7803 0.6085
vn -0.2608 0.7927 0.5510
vn -0.2153 0.8758 0.4321
vn -0.2517 0.8965 0.3646
vn -0.2127 0.9319 0.2938
vn -0.2911 0.9208 0.2595
vn -0.2325 0.9516 0.2010
vn -0.2483 0.9597 0.1319
vn -0.2646 0.9627 0.0567
vn -0.2674 0.9633 -0.0226
vn -0.2609 0.9599 -0.1022
vn -0.8792 -0.3649 -0.3065
vn -0.9676 -0.0231 -0.2516
vn -0.9450 0.1934 -0.2639
vn -0.5257 -0.8183 -0.2323
vn -0.7442 -0.5787 -0.3336
vn -0.9104 -0.0969 -0.4021
vn -0.8938 0.3196 -0.3144
vn -0.8255 0.5193 -0.2211
vn -0.7388 -0.5478 -0.3924
vn -0.9023 -0.1049 -0.4181
vn -0.8950 0.2533 -0.3672
vn -0.8191 0.4847 -0.3067
vn -0.6998 -0.4824 -0.5269
vn -0.8169 -0.1064 -0.5668
vn -0.8360 0.1310 -0.5329
vn -0.2773 -0.9340 -0.2252
vn -0.5043 -0.7932 -0.3414
vn -0.7422 0.6185 -0.2580
vn -0.2777 -0.8956 -0.3476
vn -0.4272 -0.7800 -0.4572
vn -0.7954 0.4126 -0.4440
vn -0.7416 0.5740 -0.3473
vn -0.5034 -0.6676 -0.5485
vn -0.7278 -0.1920 -0.6584
vn -0.7797 0.2152 -0.5881
vn -0.7432 0.4915 -0.4539
vn -0.4611 -0.5515 -0.6952
vn -0.6171 -0.2452 -0.7477
vn -0.7251 0.0950 -0.6820
vn -0.7013 0.3734 -0.6073
vn -0.1052 -0.9713 -0.2134
vn -0.1054 -0.9453 -0.3088
vn -0.1949 -0.8876 -0.4174
vn -0.2488 -0.8361 -0.4889
vn -0.6584 0.5664 -0.4957
vn -0.3603 -0.6961 -0.6210
vn -0.5597 -0.3684 -0.7423
vn -0.6608 0.0562 -0.7484
vn -0.6435 0.4271 -0.6352
vn -0.6545 -0.2579 -0.7108
vn -0.6674 0.0185 -0.7445
vn -0.6529 0.2991 -0.6959
vn -0.8857 0.0248 0.4637
vn -0.8825 0.0737 0.4645
vn -0.8774 0.1280 0.4624
vn -0.8754 0.1719 0.4518
vn -0.8759 0.2148 0.4321
vn -0.9489 0.0255 0.3147
vn -0.9467 0.0769 0.3129
vn -0.9416 0.1329 0.3093
vn -0.9349 0.1866 0.3017
vn -0.9262 0.2302 0.2987
vn -0.9197 0.2950 0.2592
vn -0.9939 0.0263 0.1073
vn -0.9910 0.0786 0.1080
vn -0.9850 0.1335 0.1097
vn -0.9750 0.1908 0.1142
vn -0.9638 0.2431 0.1100
vn -0.9493 0.3021 0.0872
vn 0.0430 -0.9796 -0.1964
vn 0.0117 -0.9595 -0.2816
vn -0.0339 -0.9480 -0.3165
vn -0.1880 -0.9211 -0.3410
vn -0.5422 -0.7943 -0.2740
vn -0.6417 -0.5243 -0.5598
vn -0.5877 0.5207 -0.6192
vn -0.7069 0.0235 0.7069
vn -0.7052 0.0725 0.7052
vn -0.7042 0.0983 0.7031
vn -0.7804 0.0316 0.6245
vn -0.9292 -0.3352 0.1558
vn -0.8620 -0.2777 -0.4242
vn -0.8186 0.1077 -0.5641
vn -0.6439 0.4355 -0.6291
vn -0.7938 0.0264 0.6076
vn -0.7955 0.0789 0.6008
vn -0.8020 0.1264 0.5838
vn -0.8154 0.1841 0.5488
vn -0.8800 0.1680 0.4443
vn -0.9878 0.1222 0.0966
vn -0.9303 0.3216 -0.1765
vn -0.7995 0.4611 -0.3850
vn -0.8938 0.2436 0.3766
vn -0.8936 0.3353 0.2984
vn -0.8866 0.3988 0.2345
vn -0.8316 0.4797 0.2799
vn -0.9267 0.3571 0.1174
vn -0.9053 0.4071 0.1213
vn -0.8705 0.4801 0.1083
vn 0.1569 -0.9735 -0.1666
vn 0.1287 -0.9598 -0.2496
vn 0.0945 -0.9806 -0.1719
vn -0.3618 -0.8292 0.4261
vn -0.1170 -0.9927 0.0299
vn -0.4637 0.0248 0.8857
vn -0.4655 0.0714 0.8822
vn -0.5058 -0.0189 0.8625
vn -0.6326 -0.4825 0.6057
vn -0.6216 -0.7692 0.1481
vn -0.6076 0.0264 0.7938
vn -0.6008 0.0789 0.7955
vn -0.6020 0.0846 0.7940
vn -0.7595 -0.1590 0.6308
vn -0.8339 -0.4363 0.3380
vn -0.6354 0.6064 -0.4781
vn -0.8732 0.4800 -0.0841
vn -0.7928 0.5874 -0.1628
vn -0.8611 0.4888 0.1401
vn -0.8089 0.5431 0.2250
vn -0.8063 0.5772 0.1293
vn 0.2376 -0.9602 -0.1468
vn 0.2913 -0.9375 -0.1905
vn 0.2194 -0.9485 -0.2286
vn 0.2448 -0.9594 -0.1397
vn -0.0460 -0.7664 0.6407
vn 0.1114 -0.9509 0.2889
vn -0.3122 0.0249 0.9497
vn -0.3121 0.0741 0.9471
vn -0.3115 -0.0677 0.9478
vn -0.2349 -0.4929 0.8378
vn 0.3070 -0.9438 -0.1221
vn 0.3587 -0.9199 -0.1587
vn 0.3265 -0.9450 -0.0202
vn -0.0574 0.0596 0.9966
vn 0.1604 -0.6387 0.7525
vn 0.2864 -0.8374 0.4655
vn -0.1199 0.0451 0.9918
vn -0.1098 0.0793 0.9908
vn -0.0928 -0.0142 0.9956
vn 0.0140 -0.3079 0.9513
vn -0.7469 0.6444 -0.1639
vn -0.6758 0.7081 -0.2044
vn -0.6859 0.6671 -0.2908
vn -0.6781 0.6293 -0.3798
vn -0.6270 0.7493 -0.2132
vn -0.5682 0.8005 -0.1907
vn -0.6231 0.7283 -0.2852
vn -0.5701 0.7805 -0.2565
vn -0.6092 0.6831 -0.4028
vn -0.5635 0.7531 -0.3396
vn -0.5906 0.6086 -0.5299
vn -0.5311 0.8284 -0.1780
vn -0.4766 0.8654 -0.1545
vn -0.5209 0.8094 -0.2714
vn -0.4726 0.8518 -0.2259
vn -0.5524 0.7099 -0.4368
vn -0.4973 0.7874 -0.3644
vn -0.5320 0.6463 -0.5471
vn -0.4822 0.7397 -0.4694
vn -0.5296 0.5956 -0.6039
vn -0.4115 0.8953 -0.1704
vn -0.4619 0.8321 -0.3070
vn -0.4020 0.8806 -0.2510
vn -0.4420 0.8075 -0.3905
vn -0.3937 0.8574 -0.3314
vn -0.4660 0.6857 -0.5591
vn -0.4080 0.7688 -0.4924
vn -0.4827 0.6932 -0.5352
vn -0.3829 0.7291 -0.5673
vn -0.6543 0.7497 -0.0988
vn -0.7172 0.6545 0.2392
vn -0.7690 0.6241 0.1386
vn -0.6565 0.7519 0.0597
vn -0.3676 0.9121 -0.1815
vn -0.3180 0.9365 -0.1478
vn -0.3426 0.8994 -0.2715
vn -0.3762 0.8205 -0.4305
vn -0.3200 0.8795 -0.3524
vn -0.3228 0.7851 -0.5285
vn -0.2892 0.8339 -0.4701
vn -0.3554 0.8232 -0.4428
vn -0.2965 0.7658 -0.5706
vn -0.4751 0.8787 0.0462
vn -0.5344 0.7749 0.3377
vn -0.4248 0.8317 0.3575
vn -0.6210 0.7322 0.2798
vn -0.4580 0.8777 0.1407
vn -0.2994 0.9289 -0.2179
vn -0.2477 0.9535 -0.1718
vn -0.2753 0.9146 -0.2963
vn -0.2288 0.9425 -0.2436
vn -0.2351 0.8907 -0.3890
vn -0.2022 0.8011 -0.5633
vn -0.1913 0.8495 -0.4917
vn -0.3875 0.8748 -0.2907
vn -0.2292 0.8477 -0.4785
vn -0.3462 0.9307 0.1178
vn -0.1770 0.9836 0.0334
vn -0.3844 0.8730 0.3002
vn -0.1824 0.9203 0.3460
vn -0.1901 0.9657 0.1767
vn -0.6565 -0.7519 -0.0597
vn -0.7698 -0.6197 -0.1526
vn -0.6792 -0.6238 -0.3867
vn -0.5729 -0.5861 -0.5729
vn -0.4520 -0.8796 -0.1480
vn -0.6198 -0.7240 -0.3028
vn -0.4057 -0.8191 -0.4057
vn -0.5074 -0.6964 -0.5074
vn -0.3867 -0.6238 -0.6792
vn -0.1598 -0.9741 -0.1601
vn -0.2380 -0.9417 -0.2380
vn -0.1480 -0.8796 -0.4520
vn -0.3028 -0.7240 -0.6198
vn -0.0597 -0.7519 -0.6565
vn -0.1526 -0.6197 -0.7698
vn -0.9493 -0.3021 -0.0872
vn -0.9639 -0.2437 -0.1077
vn -0.9753 -0.1902 -0.1124
vn -0.9850 -0.1335 -0.1097
vn -0.9910 -0.0786 -0.1080
vn -0.9939 -0.0262 -0.1073
vn -0.9158 -0.3047 -0.2618
vn -0.9272 -0.2354 -0.2915
vn -0.9376 -0.1827 -0.2959
vn -0.9423 -0.1306 -0.3084
vn -0.9467 -0.0769 -0.3129
vn -0.9489 -0.0255 -0.3147
vn -0.8646 -0.2253 -0.4491
vn -0.8723 -0.1638 -0.4608
vn -0.8764 -0.1260 -0.4648
vn -0.8824 -0.0739 -0.4646
vn -0.8857 -0.0248 -0.4637
vn -0.8703 -0.4800 -0.1101
vn -0.9049 -0.4062 -0.1272
vn -0.9257 -0.3580 -0.1218
vn -0.8244 -0.4821 -0.2966
vn -0.8635 -0.3715 -0.3412
vn -0.8652 -0.3464 -0.3625
vn -0.8583 -0.2925 -0.4216
vn -0.7745 -0.3497 -0.5271
vn -0.7878 -0.3079 -0.5335
vn -0.7954 -0.2579 -0.5485
vn -0.7939 -0.1866 -0.5787
vn -0.7965 -0.1353 -0.5894
vn -0.7954 -0.0796 -0.6009
vn -0.7938 -0.0264 -0.6076
vn -0.6781 -0.2833 -0.6781
vn -0.6884 -0.2282 -0.6884
vn -0.6956 -0.1796 -0.6956
vn -0.7015 -0.1256 -0.7015
vn -0.7052 -0.0734 -0.7052
vn -0.7069 -0.0235 -0.7069
vn -0.8028 -0.5797 -0.1398
vn -0.7292 -0.5586 -0.3952
vn -0.7439 -0.4479 -0.4960
vn -0.6132 -0.4980 -0.6132
vn -0.6461 -0.4065 -0.6461
vn -0.6634 -0.3462 -0.6634
vn -0.5271 -0.3497 -0.7745
vn -0.5335 -0.3079 -0.7878
vn -0.5485 -0.2579 -0.7954
vn -0.5787 -0.1866 -0.7939
vn -0.5894 -0.1353 -0.7965
vn -0.6009 -0.0796 -0.7954
vn -0.6076 -0.0264 -0.7938
vn -0.4491 -0.2253 -0.8646
vn -0.4608 -0.1638 -0.8723
vn -0.4648 -0.1260 -0.8764
vn -0.4646 -0.0739 -0.8824
vn -0.4637 -0.0248 -0.8857
vn -0.3952 -0.5586 -0.7292
vn -0.4960 -0.4479 -0.7439
vn -0.2966 -0.4821 -0.8244
vn -0.3412 -0.3715 -0.8635
vn -0.3625 -0.3464 -0.8652
vn -0.4216 -0.2925 -0.8583
vn -0.2618 -0.3047 -0.9158
vn -0.2915 -0.2354 -0.9272
vn -0.2959 -0.1827 -0.9376
vn -0.3084 -0.1306 -0.9423
vn -0.3129 -0.0769 -0.9467
vn -0.3147 -0.0255 -0.9489
vn -0.1398 -0.5797 -0.8028
vn -0.1101 -0.4800 -0.8703
vn -0.1272 -0.4061 -0.9049
vn -0.1218 -0.3580 -0.9257
vn -0.0872 -0.3021 -0.9493
vn -0.1076 -0.2437 -0.9639
vn -0.1124 -0.1902 -0.9753
vn -0.1097 -0.1335 -0.9850
vn -0.1080 -0.0786 -0.9910
vn -0.1073 -0.0263 -0.9939
vn -0.9939 0.0263 -0.1073
vn -0.9910 0.0786 -0.1080
vn -0.9850 0.1335 -0.1097
vn -0.9753 0.1902 -0.1124
vn -0.9639 0.2437 -0.1077
vn -0.9493 0.3021 -0.0872
vn -0.9489 0.0255 -0.3147
vn -0.9467 0.0769 -0.3129
vn -0.9423 0.1306 -0.3084
vn -0.9376 0.1827 -0.2959
vn -0.9272 0.2354 -0.2915
vn -0.9158 0.3047 -0.2618
vn -0.8857 0.0248 -0.4637
vn -0.8824 0.0739 -0.4646
vn -0.8764 0.1260 -0.4648
vn -0.8723 0.1638 -0.4608
vn -0.8646 0.2253 -0.4491
vn -0.9257 0.3580 -0.1218
vn -0.9049 0.4062 -0.1272
vn -0.8703 0.4800 -0.1101
vn -0.8583 0.2925 -0.4216
vn -0.8652 0.3464 -0.3625
vn -0.8635 0.3715 -0.3412
vn -0.8244 0.4821 -0.2966
vn -0.7938 0.0264 -0.6076
vn -0.7954 0.0796 -0.6009
vn -0.7965 0.1353 -0.5894
vn -0.7939 0.1866 -0.5787
vn -0.7954 0.2579 -0.5485
vn -0.7878 0.3079 -0.5335
vn -0.7745 0.3497 -0.5271
vn -0.7069 0.0235 -0.7069
vn -0.7052 0.0734 -0.7052
vn -0.7015 0.1256 -0.7015
vn -0.6956 0.1796 -0.6956
vn -0.6884 0.2282 -0.6884
vn -0.6781 0.2833 -0.6781
vn -0.8028 0.5797 -0.1398
vn -0.7439 0.4479 -0.4960
vn -0.7292 0.5586 -0.3952
vn -0.6634 0.3462 -0.6634
vn -0.6461 0.4065 -0.6461
vn -0.6132 0.4980 -0.6132
vn -0.6076 0.0264 -0.7938
vn -0.6009 0.0796 -0.7954
vn -0.5894 0.1353 -0.7965
vn -0.5787 0.1866 -0.7939
vn -0.5485 0.2579 -0.7954
vn -0.5335 0.3079 -0.7878
vn -0.5271 0.3497 -0.7745
vn -0.4637 0.0248 -0.8857
vn -0.4646 0.0739 -0.8824
vn -0.4648 0.1260 -0.8764
vn -0.4608 0.1638 -0.8723
vn -0.4491 0.2253 -0.8646
vn -0.4960 0.4479 -0.7439
vn -0.3952 0.5586 -0.7292
vn -0.4216 0.2925 -0.8583
vn -0.3625 0.3464 -0.8652
vn -0.3412 0.3715 -0.8635
vn -0.2966 0.4821 -0.8244
vn -0.3147 0.0255 -0.9489
vn -0.3129 0.0769 -0.9467
vn -0.3084 0.1306 -0.9423
vn -0.2959 0.1827 -0.9376
vn -0.2915 0.2354 -0.9272
vn -0.2618 0.3047 -0.9158
vn -0.1398 0.5797 -0.8028
vn -0.1218 0.3580 -0.9257
vn -0.1272 0.4061 -0.9049
vn -0.1101 0.4800 -0.8703
vn -0.1073 0.0263 -0.9939
vn -0.1080 0.0786 -0.9910
vn -0.1097 0.1335 -0.9850
vn -0.1124 0.1902 -0.9753
vn -0.1076 0.2437 -0.9639
vn -0.0872 0.3021 -0.9493
vn -0.7698 0.6197 -0.1526
vn -0.6565 0.7519 -0.0597
vn -0.6792 0.6238 -0.3867
vn -0.5729 0.5861 -0.5729
vn -0.6198 0.7240 -0.3028
vn -0.4563 0.8778 -0.1459
vn -0.5074 0.6964 -0.5074
vn -0.4097 0.8151 -0.4097
vn -0.3867 0.6238 -0.6792
vn -0.1894 0.9635 -0.1894
vn -0.3028 0.7240 -0.6198
vn -0.1459 0.8778 -0.4563
vn -0.1526 0.6197 -0.7698
vn -0.0597 0.7519 -0.6565
vn 0.0597 -0.7519 0.6565
vn 0.1526 -0.6197 0.7698
vn 0.1480 -0.8796 0.4520
vn 0.3028 -0.7240 0.6198
vn 0.1592 -0.9742 0.1601
vn 0.2380 -0.9417 0.2380
vn 0.3867 -0.6238 0.6792
vn 0.4057 -0.8191 0.4057
vn 0.5074 -0.6964 0.5074
vn 0.4520 -0.8796 0.1480
vn 0.6198 -0.7240 0.3028
vn 0.5729 -0.5861 0.5729
vn 0.6792 -0.6238 0.3867
vn 0.6565 -0.7519 0.0597
vn 0.7698 -0.6197 0.1526
vn 0.0574 -0.0641 0.9963
vn 0.0872 -0.3021 0.9493
vn 0.1076 -0.2437 0.9639
vn 0.1124 -0.1902 0.9753
vn 0.1097 -0.1335 0.9850
vn 0.1098 -0.0794 0.9908
vn 0.1198 -0.0451 0.9918
vn 0.1101 -0.4800 0.8703
vn 0.1272 -0.4062 0.9049
vn 0.1218 -0.3580 0.9257
vn 0.1398 -0.5797 0.8028
vn 0.2618 -0.3047 0.9158
vn 0.2915 -0.2354 0.9272
vn 0.2959 -0.1827 0.9376
vn 0.3084 -0.1306 0.9423
vn 0.3129 -0.0769 0.9467
vn 0.3122 -0.0249 0.9497
vn 0.2966 -0.4821 0.8244
vn 0.3412 -0.3715 0.8635
vn 0.3625 -0.3464 0.8652
vn 0.4216 -0.2925 0.8583
vn 0.3952 -0.5586 0.7292
vn 0.4960 -0.4479 0.7439
vn 0.4491 -0.2253 0.8646
vn 0.4608 -0.1638 0.8723
vn 0.4648 -0.1260 0.8764
vn 0.4646 -0.0739 0.8824
vn 0.4637 -0.0248 0.8857
vn 0.5271 -0.3497 0.7745
vn 0.5335 -0.3079 0.7878
vn 0.5485 -0.2579 0.7954
vn 0.5787 -0.1866 0.7939
vn 0.5894 -0.1353 0.7965
vn 0.6009 -0.0796 0.7954
vn 0.6076 -0.0264 0.7938
vn 0.6132 -0.4980 0.6132
vn 0.6461 -0.4065 0.6461
vn 0.6634 -0.3462 0.6634
vn 0.7292 -0.5586 0.3952
vn 0.7439 -0.4479 0.4960
vn 0.8028 -0.5797 0.1398
vn 0.6781 -0.2833 0.6781
vn 0.6884 -0.2282 0.6884
vn 0.6956 -0.1796 0.6956
vn 0.7015 -0.1256 0.7015
vn 0.7052 -0.0734 0.7052
vn 0.7069 -0.0235 0.7069
vn 0.7745 -0.3497 0.5271
vn 0.7878 -0.3079 0.5335
vn 0.7954 -0.2579 0.5485
vn 0.7939 -0.1866 0.5787
vn 0.7965 -0.1353 0.5894
vn 0.7954 -0.0796 0.6009
vn 0.7938 -0.0264 0.6076
vn 0.8244 -0.4821 0.2966
vn 0.8635 -0.3715 0.3412
vn 0.8652 -0.3464 0.3625
vn 0.8583 -0.2925 0.4216
vn 0.8703 -0.4800 0.1101
vn 0.9049 -0.4062 0.1272
vn 0.9257 -0.3580 0.1218
vn 0.8646 -0.2253 0.4491
vn 0.8723 -0.1638 0.4608
vn 0.8764 -0.1260 0.4648
vn 0.8824 -0.0739 0.4646
vn 0.8857 -0.0248 0.4637
vn 0.9158 -0.3047 0.2618
vn 0.9272 -0.2354 0.2915
vn 0.9376 -0.1827 0.2959
vn 0.9423 -0.1306 0.3084
vn 0.9467 -0.0769 0.3129
vn 0.9489 -0.0255 0.3147
vn 0.9493 -0.3021 0.0872
vn 0.9639 -0.2437 0.1076
vn 0.9753 -0.1902 0.1124
vn 0.9850 -0.1335 0.1097
vn 0.9910 -0.0786 0.1080
vn 0.9939 -0.0263 0.1073
vn 0.3042 -0.4581 0.8352
vn 0.2481 -0.1835 0.9512
vn 0.4138 -0.1772 0.8930
vn 0.1213 0.0994 0.9876
vn 0.0484 0.4468 0.8933
vn 0.3266 0.0537 0.9436
vn 0.2715 0.3594 0.8928
vn 0.3659 -0.7243 0.5844
vn 0.3927 -0.6234 0.6762
vn 0.4184 -0.4511 0.7884
vn 0.4019 -0.7977 0.4495
vn 0.4473 -0.7114 0.5422
vn 0.3884 -0.8718 0.2985
vn 0.4349 -0.8288 0.3521
vn 0.3948 -0.8905 0.2263
vn 0.4493 -0.8500 0.2749
vn 0.4013 -0.9040 0.1473
vn 0.4137 -0.9077 0.0709
vn 0.4163 -0.9092 -0.0028
vn 0.4129 -0.9077 -0.0751
vn 0.4723 -0.6000 0.6457
vn 0.5220 -0.3821 0.7626
vn 0.4729 -0.7713 0.4260
vn 0.5191 -0.6954 0.4969
vn 0.5584 -0.5691 0.6036
vn 0.4809 -0.8108 0.3335
vn 0.5417 -0.7383 0.4017
vn 0.4605 -0.8650 0.1992
vn 0.5057 -0.8285 0.2406
vn 0.4689 -0.8737 0.1294
vn 0.5219 -0.8397 0.1500
vn 0.4702 -0.8797 0.0709
vn 0.5221 -0.8495 0.0754
vn 0.4687 -0.8834 -0.0018
vn 0.5234 -0.8521 -0.0016
vn 0.4685 -0.8803 -0.0750
vn 0.5214 -0.8496 -0.0794
vn 0.5897 -0.3575 0.7242
vn 0.5904 -0.6575 0.4682
vn 0.6539 -0.4972 0.5703
vn 0.5527 -0.7745 0.3075
vn 0.6002 -0.7090 0.3703
vn 0.6514 -0.6099 0.4513
vn 0.5584 -0.7992 0.2222
vn 0.6134 -0.7492 0.2499
vn 0.5619 -0.8124 0.1555
vn 0.6174 -0.7694 0.1637
vn 0.5637 -0.8225 0.0755
vn 0.6236 -0.7778 0.0791
vn 0.5642 -0.8257 -0.0020
vn 0.6244 -0.7811 -0.0026
vn 0.5647 -0.8214 -0.0798
vn 0.6236 -0.7772 -0.0844
vn 0.7056 -0.4424 0.5535
vn 0.6640 -0.6621 0.3474
vn 0.7293 -0.5350 0.4264
vn 0.6692 -0.6992 0.2516
vn 0.7311 -0.6209 0.2827
vn 0.6666 -0.7265 0.1669
vn 0.7310 -0.6540 0.1947
vn 0.6675 -0.7401 0.0813
vn 0.7324 -0.6698 0.1218
vn 0.6712 -0.7413 -0.0017
vn 0.6652 -0.7416 -0.0865
vn 0.7354 -0.6648 -0.1313
vn 0.7826 -0.4707 0.4074
vn 0.8040 -0.5279 0.2735
vn 0.8056 -0.5604 0.1921
vn 0.7331 -0.6780 0.0537
vn 0.8017 -0.5914 0.0870
vn 0.7333 -0.6799 -0.0007
vn 0.8055 -0.5926 -0.0055
vn 0.7343 -0.6764 -0.0570
vn 0.8090 -0.5798 -0.0965
vn 0.0304 0.6614 0.7494
vn -0.0207 0.7555 0.6548
vn -0.0893 0.8652 0.4934
vn -0.1385 0.9019 0.4091
vn -0.1254 0.9402 0.3168
vn -0.1533 0.9628 0.2226
vn -0.1730 0.9738 0.1478
vn -0.1786 0.9821 0.0604
vn -0.1784 0.9837 -0.0226
vn -0.1790 0.9779 -0.1078
vn 0.4956 0.0170 0.8684
vn 0.2808 0.4787 0.8319
vn 0.1148 0.6893 0.7153
vn 0.0688 0.8281 0.5563
vn 0.0276 0.8921 0.4510
vn -0.0002 0.9361 0.3519
vn -0.0360 0.9654 0.2584
vn -0.0603 0.9858 0.1570
vn -0.0657 0.9959 0.0629
vn -0.0676 0.9975 -0.0226
vn -0.0658 0.9918 -0.1096
vn 0.5580 -0.0547 0.8280
vn 0.4313 0.3177 0.8444
vn 0.2782 0.5816 0.7644
vn 0.6764 -0.1394 0.7232
vn 0.5543 0.2919 0.7794
vn 0.3224 0.7034 0.6335
vn 0.2190 0.8276 0.5169
vn 0.1151 0.9128 0.3918
vn 0.1131 0.9528 0.2817
vn 0.0913 0.9806 0.1735
vn 0.0731 0.9949 0.0689
vn 0.0694 0.9973 -0.0237
vn 0.0788 0.9898 -0.1184
vn 0.7465 -0.1886 0.6381
vn 0.6723 0.1874 0.7161
vn 0.5309 0.5663 0.6305
vn 0.7959 -0.2539 0.5497
vn 0.7587 0.1561 0.6325
vn 0.5103 0.6458 0.5680
vn 0.3146 0.8427 0.4369
vn 0.5222 0.7286 0.4431
vn 0.3113 0.8967 0.3147
vn 0.2782 0.9410 0.1928
vn 0.2714 0.9591 0.0798
vn 0.2681 0.9631 -0.0258
vn 0.2716 0.9532 -0.1328
vn 0.8573 -0.2322 0.4595
vn 0.8577 0.0516 0.5116
vn 0.7231 0.4485 0.5253
vn 0.8848 -0.2986 0.3577
vn 0.9033 0.0763 0.4222
vn 0.7709 0.5006 0.3939
vn 0.5481 0.7703 0.3258
vn 0.8802 -0.3943 0.2640
vn 0.9273 0.0440 0.3718
vn 0.7859 0.5134 0.3448
vn 0.5500 0.8075 0.2131
vn 0.8627 -0.4958 0.1000
vn 0.7513 0.6492 0.1190
vn 0.5082 0.8567 0.0879
vn 0.8657 -0.5004 -0.0111
vn 0.7488 0.6616 -0.0398
vn 0.5051 0.8625 -0.0310
vn 0.8681 -0.4818 -0.1198
vn 0.7445 0.6456 -0.1700
vn 0.5193 0.8431 -0.1393
vn 0.9325 -0.2755 0.2335
vn 0.9727 -0.0124 0.2318
vn 0.9007 0.3278 0.2851
vn 0.9469 -0.3109 0.0826
vn 0.9956 -0.0160 0.0928
vn 0.9345 0.3439 0.0915
vn 0.9498 -0.3127 -0.0116
vn 0.9997 -0.0141 -0.0187
vn 0.9364 0.3499 -0.0280
vn 0.9502 -0.2930 -0.1062
vn 0.9924 -0.0070 -0.1232
vn 0.9266 0.3539 -0.1272
vn 0.4005 -0.9045 -0.1462
vn 0.4642 -0.8760 -0.1309
vn 0.5044 -0.8254 -0.2536
vn 0.0574 0.0641 0.9963
vn 0.4327 -0.4417 0.7859
vn 0.6442 -0.6512 0.4012
vn 0.7286 -0.6837 0.0412
vn 0.1199 0.0451 0.9918
vn 0.1098 0.0793 0.9908
vn 0.1413 0.0587 0.9882
vn 0.3088 -0.1094 0.9448
vn 0.6509 -0.2114 0.7292
vn 0.7767 -0.4581 0.4323
vn 0.4682 -0.8741 -0.1291
vn 0.5242 -0.8357 -0.1638
vn 0.4723 -0.8550 -0.2143
vn 0.5151 -0.8138 -0.2690
vn 0.5772 -0.8041 -0.1422
vn 0.6651 -0.7182 -0.2044
vn 0.3122 0.0249 0.9497
vn 0.3129 0.0769 0.9467
vn 0.3100 0.1250 0.9425
vn 0.3869 0.1062 0.9160
vn 0.5336 0.0682 0.8429
vn 0.7644 -0.4268 0.4833
vn 0.8415 -0.5351 0.0741
vn 0.6036 0.1473 0.7835
vn 0.7399 -0.0434 0.6713
vn 0.9077 -0.2304 0.3506
vn 0.9676 0.2275 -0.1095
vn 0.9262 0.2314 -0.2976
vn 0.8418 0.4610 0.2810
vn 0.8762 0.3975 0.2726
vn 0.5613 -0.8094 -0.1725
vn 0.6173 -0.7663 -0.1782
vn 0.5513 -0.7937 -0.2570
vn 0.6031 -0.7510 -0.2689
vn 0.5394 -0.7831 -0.3094
vn 0.6000 -0.7247 -0.3389
vn 0.6922 -0.5751 -0.4360
vn 0.4637 0.0248 0.8857
vn 0.4646 0.0739 0.8824
vn 0.4648 0.1260 0.8764
vn 0.4694 0.1615 0.8681
vn 0.4857 0.2087 0.8488
vn 0.7976 -0.5450 -0.2585
vn 0.7246 -0.3929 -0.5662
vn 0.6076 0.0264 0.7938
vn 0.6009 0.0796 0.7954
vn 0.5894 0.1353 0.7965
vn 0.5787 0.1866 0.7939
vn 0.5586 0.2408 0.7937
vn 0.6502 0.1810 0.7379
vn 0.9671 0.1314 0.2177
vn 0.8952 -0.0908 -0.4363
vn 0.7298 0.3108 0.6089
vn 0.7003 0.4578 0.5477
vn 0.6683 0.5109 0.5407
vn 0.7287 0.4673 0.5006
vn 0.7002 0.5807 0.4152
vn 0.7980 0.5832 0.1518
vn 0.6655 -0.7240 -0.1815
vn 0.7344 -0.6433 -0.2162
vn 0.6697 -0.6914 -0.2712
vn 0.7376 -0.6009 -0.3081
vn 0.6736 -0.6515 -0.3491
vn 0.7448 -0.5047 -0.4365
vn 0.7179 -0.3789 -0.5839
vn 0.7069 0.0235 0.7069
vn 0.7052 0.0734 0.7052
vn 0.7015 0.1256 0.7015
vn 0.6956 0.1796 0.6956
vn 0.6884 0.2282 0.6884
vn 0.6904 0.2752 0.6691
vn 0.7938 0.0264 0.6076
vn 0.7954 0.0796 0.6009
vn 0.7965 0.1353 0.5894
vn 0.7939 0.1866 0.5787
vn 0.7954 0.2579 0.5485
vn 0.7878 0.3079 0.5335
vn 0.7735 0.3539 0.5259
vn 0.8583 0.2925 0.4216
vn 0.8652 0.3464 0.3625
vn 0.8604 0.3751 0.3449
vn 0.8123 0.4944 0.3094
vn 0.9257 0.3580 0.1218
vn 0.9049 0.4062 0.1272
vn 0.8703 0.4800 0.1101
vn 0.8143 -0.5367 -0.2209
vn 0.8170 -0.4982 -0.2903
vn 0.7893 -0.4411 -0.4271
vn 0.8857 0.0248 0.4637
vn 0.8824 0.0739 0.4646
vn 0.8764 0.1260 0.4648
vn 0.8723 0.1638 0.4608
vn 0.8646 0.2253 0.4491
vn 0.9489 0.0255 0.3147
vn 0.9467 0.0769 0.3129
vn 0.9423 0.1306 0.3084
vn 0.9376 0.1827 0.2959
vn 0.9272 0.2354 0.2915
vn 0.9158 0.3047 0.2618
vn 0.9939 0.0263 0.1073
vn 0.9910 0.0786 0.1080
vn 0.9850 0.1335 0.1097
vn 0.9753 0.1902 0.1124
vn 0.9639 0.2437 0.1076
vn 0.9493 0.3021 0.0872
vn -0.1679 0.9668 -0.1926
vn -0.2011 0.9230 -0.3282
vn -0.1470 0.9548 -0.2583
vn -0.1389 0.8847 -0.4449
vn -0.1040 0.9239 -0.3682
vn -0.0332 0.7858 -0.6176
vn -0.0901 0.8455 -0.5262
vn 0.4632 0.8209 -0.3341
vn 0.1008 0.8499 -0.5172
vn 0.4566 0.8897 -0.0032
vn 0.1530 0.9881 -0.0152
vn 0.4769 0.8337 0.2784
vn 0.1808 0.9239 0.3372
vn 0.1900 0.9658 0.1764
vn -0.0586 0.9762 -0.2089
vn -0.0294 0.9579 -0.2857
vn 0.0258 0.8651 -0.5009
vn -0.0068 0.9211 -0.3892
vn 0.1677 0.6828 -0.7111
vn 0.0822 0.8072 -0.5846
vn 0.7226 0.4402 -0.5329
vn 0.3015 0.6076 -0.7348
vn 0.7847 0.5990 0.1597
vn 0.5945 0.6781 0.4322
vn 0.4419 0.8175 0.3695
vn 0.6324 0.7111 0.3071
vn 0.4581 0.8777 0.1405
vn 0.1025 0.9676 -0.2308
vn 0.2722 0.8487 -0.4535
vn 0.1260 0.9431 -0.3077
vn 0.2147 0.8098 -0.5460
vn 0.0930 0.9022 -0.4212
vn 0.6754 -0.0318 -0.7367
vn 0.4775 0.4132 -0.7754
vn 0.2802 0.6854 -0.6721
vn 0.6482 0.0915 -0.7559
vn 0.5113 0.3710 -0.7752
vn 0.6851 0.5558 0.4710
vn 0.6798 0.6016 0.4194
vn 0.7707 0.6142 0.1696
vn 0.6565 0.7519 0.0597
vn 0.2651 0.9344 -0.2379
vn 0.4505 0.7545 -0.4774
vn 0.2831 0.8924 -0.3514
vn 0.7918 -0.2068 -0.5747
vn 0.7252 0.1868 -0.6627
vn 0.5034 0.6462 -0.5736
vn 0.7162 -0.1236 -0.6869
vn 0.6048 0.2396 -0.7595
vn 0.4541 0.5403 -0.7085
vn 0.8803 -0.3723 -0.2939
vn 0.9165 0.0646 -0.3948
vn 0.7695 0.5223 -0.3675
vn 0.5399 0.8062 -0.2420
vn 0.8859 -0.2781 -0.3712
vn 0.8934 0.0994 -0.4381
vn 0.7239 0.5402 -0.4291
vn 0.5221 0.7716 -0.3633
vn 0.8537 -0.1997 -0.4810
vn 0.8313 0.0694 -0.5515
vn 0.7042 0.4715 -0.5309
vn 0.9350 -0.2502 -0.2514
vn 0.9685 -0.0038 -0.2490
vn 0.8902 0.3335 -0.3103
vn 0.1598 -0.9741 -0.1601
vn 0.2380 -0.9417 -0.2380
vn 0.1480 -0.8796 -0.4520
vn 0.3028 -0.7240 -0.6198
vn 0.0597 -0.7519 -0.6565
vn 0.1526 -0.6197 -0.7698
vn 0.4520 -0.8796 -0.1480
vn 0.6198 -0.7240 -0.3028
vn 0.4057 -0.8191 -0.4057
vn 0.5074 -0.6964 -0.5074
vn 0.3867 -0.6238 -0.6792
vn 0.6565 -0.7519 -0.0597
vn 0.7698 -0.6197 -0.1526
vn 0.6792 -0.6238 -0.3867
vn 0.5729 -0.5861 -0.5729
vn 0.1398 -0.5797 -0.8028
vn 0.1101 -0.4800 -0.8703
vn 0.1272 -0.4062 -0.9049
vn 0.1218 -0.3580 -0.9257
vn 0.0872 -0.3021 -0.9493
vn 0.1076 -0.2437 -0.9639
vn 0.1124 -0.1902 -0.9753
vn 0.1097 -0.1335 -0.9850
vn 0.1080 -0.0786 -0.9910
vn 0.1073 -0.0263 -0.9939
vn 0.3952 -0.5586 -0.7292
vn 0.4960 -0.4479 -0.7439
vn 0.2966 -0.4821 -0.8244
vn 0.3412 -0.3715 -0.8635
vn 0.3625 -0.3464 -0.8652
vn 0.4216 -0.2925 -0.8583
vn 0.2618 -0.3047 -0.9158
vn 0.2915 -0.2354 -0.9272
vn 0.2959 -0.1827 -0.9376
vn 0.3084 -0.1306 -0.9423
vn 0.3129 -0.0769 -0.9467
vn 0.3147 -0.0255 -0.9489
vn 0.8028 -0.5797 -0.1398
vn 0.7292 -0.5586 -0.3952
vn 0.7439 -0.4479 -0.4960
vn 0.6132 -0.4980 -0.6132
vn 0.6461 -0.4065 -0.6461
vn 0.6634 -0.3462 -0.6634
vn 0.5271 -0.3497 -0.7745
vn 0.5335 -0.3079 -0.7878
vn 0.5485 -0.2579 -0.7954
vn 0.5787 -0.1866 -0.7939
vn 0.5894 -0.1353 -0.7965
vn 0.6009 -0.0796 -0.7954
vn 0.6076 -0.0264 -0.7938
vn 0.4491 -0.2253 -0.8646
vn 0.4608 -0.1638 -0.8723
vn 0.4648 -0.1260 -0.8764
vn 0.4646 -0.0739 -0.8824
vn 0.4637 -0.0248 -0.8857
vn 0.8703 -0.4800 -0.1101
vn 0.9049 -0.4062 -0.1272
vn 0.9257 -0.3580 -0.1218
vn 0.8244 -0.4821 -0.2966
vn 0.8635 -0.3715 -0.3412
vn 0.8652 -0.3464 -0.3625
vn 0.8583 -0.2925 -0.4216
vn 0.7745 -0.3497 -0.5271
vn 0.7878 -0.3079 -0.5335
vn 0.7954 -0.2579 -0.5485
vn 0.7939 -0.1866 -0.5787
vn 0.7965 -0.1353 -0.5894
vn 0.7954 -0.0796 -0.6009
vn 0.7938 -0.0264 -0.6076
vn 0.6781 -0.2833 -0.6781
vn 0.6884 -0.2282 -0.6884
vn 0.6956 -0.1796 -0.6956
vn 0.7015 -0.1256 -0.7015
vn 0.7052 -0.0734 -0.7052
vn 0.7069 -0.0235 -0.7069
vn 0.9493 -0.3021 -0.0872
vn 0.9639 -0.2437 -0.1077
vn 0.9753 -0.1902 -0.1124
vn 0.9850 -0.1335 -0.1097
vn 0.9910 -0.0786 -0.1080
vn 0.9939 -0.0263 -0.1073
vn 0.9158 -0.3047 -0.2618
vn 0.9272 -0.2354 -0.2915
vn 0.9376 -0.1827 -0.2959
vn 0.9422 -0.1306 -0.3084
vn 0.9467 -0.0769 -0.3129
vn 0.9489 -0.0255 -0.3147
vn 0.8646 -0.2253 -0.4491
vn 0.8723 -0.1638 -0.4608
vn 0.8764 -0.1260 -0.4648
vn 0.8824 -0.0739 -0.4646
vn 0.8857 -0.0248 -0.4637
vn 0.1398 0.5797 -0.8028
vn 0.1218 0.3580 -0.9257
vn 0.1272 0.4062 -0.9049
vn 0.1101 0.4800 -0.8703
vn 0.1073 0.0263 -0.9939
vn 0.1080 0.0786 -0.9910
vn 0.1097 0.1335 -0.9850
vn 0.1124 0.1902 -0.9753
vn 0.1076 0.2437 -0.9639
vn 0.0872 0.3021 -0.9493
vn 0.4960 0.4479 -0.7439
vn 0.3952 0.5586 -0.7292
vn 0.4216 0.2925 -0.8583
vn 0.3625 0.3464 -0.8652
vn 0.3412 0.3715 -0.8635
vn 0.2966 0.4821 -0.8244
vn 0.3147 0.0255 -0.9489
vn 0.3129 0.0769 -0.9467
vn 0.3084 0.1306 -0.9423
vn 0.2959 0.1827 -0.9376
vn 0.2915 0.2354 -0.9272
vn 0.2618 0.3047 -0.9158
vn 0.8028 0.5797 -0.1398
vn 0.7439 0.4479 -0.4960
vn 0.7292 0.5586 -0.3952
vn 0.6634 0.3462 -0.6634
vn 0.6461 0.4065 -0.6461
vn 0.6132 0.4980 -0.6132
vn 0.6076 0.0264 -0.7938
vn 0.6009 0.0796 -0.7954
vn 0.5894 0.1353 -0.7965
vn 0.5787 0.1866 -0.7939
vn 0.5485 0.2579 -0.7954
vn 0.5335 0.3079 -0.7878
vn 0.5271 0.3497 -0.7745
vn 0.4637 0.0248 -0.8857
vn 0.4646 0.0739 -0.8824
vn 0.4648 0.1260 -0.8764
vn 0.4608 0.1638 -0.8723
vn 0.4491 0.2253 -0.8646
vn 0.9257 0.3580 -0.1218
vn 0.9049 0.4062 -0.1272
vn 0.8703 0.4800 -0.1101
vn 0.8583 0.2925 -0.4216
vn 0.8652 0.3464 -0.3625
vn 0.8635 0.3715 -0.3412
vn 0.8244 0.4821 -0.2966
vn 0.7938 0.0264 -0.6076
vn 0.7954 0.0796 -0.6009
vn 0.7965 0.1353 -0.5894
vn 0.7939 0.1866 -0.5787
vn 0.7954 0.2579 -0.5485
vn 0.7878 0.3079 -0.5335
vn 0.7745 0.3497 -0.5271
vn 0.7069 0.0235 -0.7069
vn 0.7052 0.0734 -0.7052
vn 0.7015 0.1256 -0.7015
vn 0.6956 0.1796 -0.6956
vn 0.6884 0.2282 -0.6884
vn 0.6781 0.2833 -0.6781
vn 0.9939 0.0263 -0.1073
vn 0.9910 0.0786 -0.1080
vn 0.9850 0.1335 -0.1097
vn 0.9753 0.1902 -0.1124
vn 0.9639 0.2437 -0.1077
vn 0.9493 0.3021 -0.0872
vn 0.9489 0.0255 -0.3147
vn 0.9467 0.0769 -0.3129
vn 0.9422 0.1306 -0.3084
vn 0.9376 0.1827 -0.2959
vn 0.9272 0.2354 -0.2915
vn 0.9158 0.3047 -0.2618
vn 0.8857 0.0248 -0.4637
vn 0.8824 0.0739 -0.4646
vn 0.8764 0.1260 -0.4648
vn 0.8723 0.1638 -0.4608
vn 0.8646 0.2253 -0.4491
vn 0.1894 0.9635 -0.1894
vn 0.3028 0.7240 -0.6198
vn 0.1459 0.8778 -0.4563
vn 0.1526 0.6197 -0.7698
vn 0.0597 0.7519 -0.6565
vn 0.6198 0.7240 -0.3028
vn 0.4563 0.8778 -0.1459
vn 0.5074 0.6964 -0.5074
vn 0.4097 0.8151 -0.4097
vn 0.3867 0.6238 -0.6792
vn 0.7698 0.6197 -0.1526
vn 0.6565 0.7519 -0.0597
vn 0.6792 0.6238 -0.3867
vn 0.5729 0.5861 -0.5729
s 1
f 7//7 1//1 2//2
f 9//9 6//6 7//7
f 9//9 3//3 8//8
f 9//9 2//2 4//4
f 13//13 10//10 11//11
f 13//13 6//6 12//12
f 13//13 5//5 7//7
f 15//15 6//6 8//8
f 23//23 16//16 17//17
f 24//24 17//17 18//18
f 25//25 18//18 19//19
f 26//26 19//19 20//20
f 28//28 21//21 22//22
f 28//28 23//23 29//29
f 29//29 24//24 30//30
f 30//30 25//25 31//31
f 31//31 26//26 32//32
f 41//41 33//33 34//34
f 42//42 34//34 35//35
f 42//42 16//16 41//41
f 43//43 35//35 36//36
f 18//18 42//42 43//43
f 44//44 36//36 37//37
f 19//19 43//43 44//44
f 45//45 37//37 38//38
f 20//20 44//44 45//45
f 48//48 39//39 40//40
f 49//49 40//40 41//41
f 49//49 21//21 48//48
f 49//49 16//16 22//22
f 51//51 46//46 47//47
f 51//51 48//48 52//52
f 52//52 21//21 27//27
f 60//60 33//33 59//59
f 61//61 53//53 54//54
f 61//61 34//34 60//60
f 61//61 55//55 62//62
f 62//62 35//35 61//61
f 62//62 56//56 63//63
f 63//63 36//36 62//62
f 63//63 57//57 64//64
f 64//64 37//37 63//63
f 67//67 58//58 59//59
f 67//67 39//39 66//66
f 67//67 33//33 40//40
f 68//68 1//1 65//65
f 69//69 65//65 66//66
f 69//69 46//46 68//68
f 69//69 39//39 47//47
f 70//70 2//2 68//68
f 70//70 46//46 50//50
f 73//73 53//53 72//72
f 74//74 54//54 73//73
f 75//75 55//55 74//74
f 76//76 56//56 75//75
f 79//79 58//58 78//78
f 80//80 71//71 72//72
f 80//80 59//59 79//79
f 80//80 53//53 60//60
f 81//81 1//1 5//5
f 82//82 77//77 78//78
f 82//82 65//65 81//81
f 82//82 58//58 66//66
f 85//85 71//71 84//84
f 73//73 85//85 86//86
f 74//74 86//86 87//87
f 75//75 87//87 88//88
f 76//76 88//88 89//89
f 91//91 77//77 90//90
f 79//79 91//91 92//92
f 92//92 71//71 79//79
f 93//93 5//5 11//11
f 93//93 77//77 81//81
f 95//95 96//96 97//97
f 99//99 96//96 98//98
f 99//99 100//100 101//101
f 102//102 99//99 103//103
f 103//103 101//101 105//105
f 104//104 105//105 106//106
f 111//111 107//107 108//108
f 111//111 109//109 112//112
f 114//114 110//110 111//111
f 114//114 112//112 115//115
f 116//116 114//114 117//117
f 118//118 114//114 115//115
f 124//124 119//119 120//120
f 125//125 120//120 121//121
f 125//125 122//122 126//126
f 129//129 123//123 124//124
f 129//129 107//107 128//128
f 129//129 125//125 130//130
f 109//109 129//129 130//130
f 130//130 126//126 131//131
f 133//133 127//127 128//128
f 133//133 107//107 110//110
f 134//134 109//109 130//130
f 134//134 131//131 135//135
f 136//136 133//133 137//137
f 113//113 133//133 110//110
f 115//115 134//134 138//138
f 138//138 135//135 139//139
f 141//141 136//136 137//137
f 141//141 113//113 116//116
f 142//142 115//115 138//138
f 143//143 138//138 139//139
f 149//149 144//144 145//145
f 149//149 119//119 148//148
f 149//149 146//146 150//150
f 150//150 120//120 149//149
f 150//150 147//147 151//151
f 122//122 150//150 151//151
f 153//153 119//119 123//123
f 154//154 122//122 151//151
f 156//156 152//152 153//153
f 156//156 127//127 155//155
f 156//156 123//123 128//128
f 157//157 126//126 154//154
f 158//158 127//127 132//132
f 159//159 132//132 136//136
f 140//140 159//159 136//136
f 165//165 144//144 164//164
f 166//166 161//161 162//162
f 166//166 145//145 165//165
f 166//166 163//163 167//167
f 147//147 166//166 167//167
f 169//169 144//144 148//148
f 170//170 147//147 167//167
f 172//172 168//168 169//169
f 172//172 152//152 171//171
f 172//172 148//148 153//153
f 173//173 152//152 155//155
f 158//158 173//173 155//155
f 159//159 174//174 158//158
f 176//176 159//159 160//160
f 178//178 161//161 177//177
f 178//178 95//95 179//179
f 163//163 178//178 179//179
f 181//181 164//164 180//180
f 181//181 161//161 165//165
f 183//183 168//168 182//182
f 183//183 164//164 169//169
f 184//184 168//168 171//171
f 173//173 184//184 171//171
f 174//174 185//185 173//173
f 187//187 174//174 175//175
f 188//188 175//175 176//176
f 190//190 177//177 189//189
f 190//190 94//94 178//178
f 191//191 95//95 97//97
f 181//181 192//192 193//193
f 193//193 177//177 181//181
f 183//183 194//194 195//195
f 183//183 192//192 180//180
f 184//184 194//194 182//182
f 197//197 194//194 196//196
f 198//198 184//184 185//185
f 199//199 185//185 186//186
f 200//200 186//186 187//187
f 188//188 200//200 187//187
f 190//190 202//202 203//203
f 190//190 98//98 96//96
f 205//205 192//192 204//204
f 193//193 202//202 189//189
f 206//206 192//192 195//195
f 197//197 207//207 208//208
f 197//197 206//206 195//195
f 198//198 207//207 196//196
f 210//210 207//207 209//209
f 199//199 209//209 198//198
f 212//212 199//199 200//200
f 201//201 212//212 200//200
f 203//203 214//214 215//215
f 215//215 98//98 203//203
f 205//205 216//216 217//217
f 205//205 214//214 202//202
f 206//206 216//216 204//204
f 219//219 216//216 218//218
f 220//220 206//206 208//208
f 210//210 221//221 222//222
f 210//210 220//220 208//208
f 211//211 221//221 209//209
f 224//224 221//221 223//223
f 212//212 223//223 211//211
f 225//225 224//224 223//223
f 227//227 212//212 213//213
f 228//228 225//225 227//227
f 135//135 229//229 230//230
f 231//231 135//135 230//230
f 143//143 231//231 232//232
f 154//154 233//233 234//234
f 157//157 234//234 235//235
f 229//229 157//157 235//235
f 237//237 229//229 235//235
f 237//237 236//236 238//238
f 231//231 237//237 239//239
f 240//240 237//237 238//238
f 232//232 239//239 241//241
f 242//242 239//239 240//240
f 167//167 243//243 244//244
f 170//170 244//244 245//245
f 233//233 170//170 245//245
f 247//247 233//233 245//245
f 247//247 246//246 248//248
f 249//249 234//234 247//247
f 249//249 248//248 250//250
f 236//236 249//249 250//250
f 251//251 236//236 250//250
f 240//240 251//251 252//252
f 242//242 253//253 241//241
f 242//242 252//252 254//254
f 243//243 179//179 255//255
f 256//256 243//243 255//255
f 258//258 244//244 256//256
f 258//258 257//257 259//259
f 246//246 258//258 259//259
f 260//260 246//246 259//259
f 262//262 248//248 260//260
f 262//262 261//261 263//263
f 251//251 262//262 264//264
f 265//265 262//262 263//263
f 252//252 264//264 266//266
f 267//267 264//264 265//265
f 268//268 252//252 266//266
f 268//268 267//267 269//269
f 191//191 102//102 270//270
f 255//255 191//191 270//270
f 272//272 255//255 270//270
f 272//272 271//271 273//273
f 257//257 272//272 273//273
f 275//275 257//257 273//273
f 275//275 274//274 276//276
f 277//277 259//259 275//275
f 277//277 276//276 278//278
f 261//261 277//277 278//278
f 279//279 261//261 278//278
f 280//280 263//263 279//279
f 281//281 265//265 280//280
f 269//269 281//281 282//282
f 283//283 102//102 103//103
f 283//283 104//104 284//284
f 271//271 283//283 284//284
f 285//285 271//271 284//284
f 274//274 285//285 286//286
f 287//287 274//274 286//286
f 278//278 287//287 288//288
f 279//279 288//288 290//290
f 290//290 289//289 291//291
f 292//292 279//279 290//290
f 293//293 290//290 291//291
f 294//294 280//280 292//292
f 295//295 292//292 293//293
f 282//282 294//294 296//296
f 296//296 295//295 297//297
f 298//298 104//104 106//106
f 300//300 284//284 298//298
f 300//300 299//299 301//301
f 286//286 300//300 301//301
f 287//287 301//301 302//302
f 304//304 287//287 302//302
f 304//304 303//303 305//305
f 289//289 304//304 305//305
f 306//306 289//289 305//305
f 307//307 291//291 306//306
f 308//308 293//293 307//307
f 297//297 308//308 309//309
f 310//310 117//117 311//311
f 312//312 117//117 118//118
f 313//313 141//141 314//314
f 310//310 141//141 116//116
f 315//315 310//310 311//311
f 312//312 315//315 311//311
f 312//312 142//142 316//316
f 317//317 142//142 143//143
f 318//318 315//315 319//319
f 319//319 316//316 320//320
f 321//321 316//316 317//317
f 322//322 319//319 323//323
f 324//324 319//319 320//320
f 313//313 160//160 140//140
f 326//326 313//313 314//314
f 328//328 326//326 329//329
f 318//318 326//326 314//314
f 321//321 330//330 320//320
f 321//321 327//327 331//331
f 322//322 329//329 318//318
f 333//333 322//322 323//323
f 324//324 333//333 323//323
f 324//324 330//330 334//334
f 335//335 330//330 331//331
f 336//336 333//333 337//337
f 338//338 333//333 334//334
f 339//339 334//334 335//335
f 340//340 160//160 325//325
f 328//328 340//340 325//325
f 342//342 328//328 329//329
f 332//332 342//342 329//329
f 336//336 343//343 332//332
f 337//337 345//345 336//336
f 347//347 337//337 338//338
f 339//339 347//347 338//338
f 339//339 344//344 348//348
f 349//349 347//347 350//350
f 351//351 347//347 348//348
f 26//26 352//352 357//357
f 357//357 353//353 358//358
f 358//358 354//354 359//359
f 359//359 355//355 360//360
f 360//360 356//356 361//361
f 363//363 26//26 357//357
f 364//364 357//357 358//358
f 365//365 358//358 359//359
f 366//366 359//359 360//360
f 367//367 360//360 361//361
f 367//367 362//362 368//368
f 369//369 176//176 340//340
f 341//341 369//369 340//340
f 342//342 370//370 341//341
f 372//372 342//342 343//343
f 345//345 372//372 343//343
f 374//374 345//345 346//346
f 380//380 374//374 381//381
f 349//349 374//374 346//346
f 382//382 349//349 350//350
f 351//351 382//382 350//350
f 351//351 375//375 383//383
f 45//45 376//376 384//384
f 384//384 20//20 45//45
f 384//384 377//377 385//385
f 385//385 352//352 384//384
f 385//385 378//378 386//386
f 386//386 353//353 385//385
f 386//386 379//379 387//387
f 387//387 354//354 386//386
f 388//388 379//379 380//380
f 356//356 387//387 388//388
f 389//389 380//380 381//381
f 389//389 382//382 390//390
f 391//391 382//382 383//383
f 392//392 356//356 388//388
f 392//392 389//389 393//393
f 362//362 392//392 393//393
f 394//394 389//389 390//390
f 396//396 362//362 393//393
f 397//397 393//393 394//394
f 397//397 395//395 398//398
f 369//369 201//201 188//188
f 400//400 369//369 370//370
f 401//401 370//370 371//371
f 403//403 371//371 372//372
f 408//408 402//402 403//403
f 408//408 372//372 373//373
f 409//409 57//57 404//404
f 376//376 64//64 409//409
f 410//410 404//404 405//405
f 377//377 409//409 410//410
f 411//411 405//405 406//406
f 378//378 410//410 411//411
f 412//412 406//406 407//407
f 379//379 411//411 412//412
f 412//412 408//408 413//413
f 413//413 379//379 412//412
f 413//413 373//373 380//380
f 391//391 415//415 390//390
f 391//391 414//414 416//416
f 417//417 390//390 415//415
f 417//417 416//416 418//418
f 395//395 417//417 418//418
f 419//419 395//395 418//418
f 420//420 201//201 399//399
f 422//422 399//399 400//400
f 422//422 421//421 420//420
f 401//401 422//422 400//400
f 425//425 402//402 424//424
f 425//425 401//401 403//403
f 404//404 76//76 426//426
f 405//405 426//426 427//427
f 406//406 427//427 428//428
f 429//429 406//406 428//428
f 429//429 402//402 407//407
f 430//430 213//213 420//420
f 430//430 228//228 227//227
f 421//421 430//430 420//420
f 432//432 421//421 423//423
f 435//435 424//424 434//434
f 425//425 432//432 423//423
f 89//89 433//433 436//436
f 436//436 76//76 89//89
f 437//437 426//426 436//436
f 438//438 427//427 437//437
f 429//429 438//438 439//439
f 429//429 434//434 424//424
f 440//440 143//143 232//232
f 440//440 327//327 317//317
f 440//440 241//241 441//441
f 442//442 327//327 441//441
f 443//443 331//331 442//442
f 441//441 253//253 444//444
f 445//445 253//253 254//254
f 442//442 444//444 446//446
f 446//446 445//445 447//447
f 443//443 344//344 335//335
f 443//443 446//446 448//448
f 449//449 446//446 447//447
f 450//450 344//344 448//448
f 445//445 268//268 451//451
f 451//451 269//269 452//452
f 447//447 451//451 453//453
f 454//454 451//451 452//452
f 449//449 455//455 448//448
f 449//449 453//453 456//456
f 450//450 375//375 348//348
f 450//450 455//455 457//457
f 458//458 455//455 456//456
f 459//459 375//375 457//457
f 452//452 282//282 460//460
f 454//454 461//461 453//453
f 454//454 460//460 462//462
f 456//456 461//461 463//463
f 464//464 461//461 462//462
f 458//458 465//465 457//457
f 458//458 463//463 466//466
f 459//459 414//414 383//383
f 459//459 465//465 467//467
f 468//468 465//465 466//466
f 469//469 414//414 467//467
f 418//418 469//469 470//470
f 419//419 470//470 471//471
f 460//460 296//296 473//473
f 474//474 296//296 297//297
f 475//475 460//460 473//473
f 464//464 476//476 463//463
f 464//464 475//475 477//477
f 466//466 476//476 478//478
f 479//479 476//476 477//477
f 468//468 480//480 467//467
f 468//468 478//478 481//481
f 469//469 480//480 482//482
f 483//483 469//469 482//482
f 485//485 470//470 483//483
f 485//485 484//484 486//486
f 472//472 485//485 486//486
f 474//474 487//487 473//473
f 474//474 309//309 488//488
f 475//475 487//487 489//489
f 490//490 487//487 488//488
f 491//491 475//475 489//489
f 479//479 492//492 478//478
f 479//479 491//491 493//493
f 481//481 494//494 480//480
f 481//481 492//492 495//495
f 482//482 494//494 496//496
f 497//497 494//494 495//495
f 498//498 482//482 496//496
f 498//498 497//497 499//499
f 484//484 498//498 499//499
f 500//500 484//484 499//499
f 501//501 4//4 502//502
f 501//501 8//8 3//3
f 506//506 501//501 502//502
f 507//507 506//506 508//508
f 503//503 506//506 502//502
f 504//504 508//508 503//503
f 510//510 15//15 511//511
f 505//505 15//15 8//8
f 507//507 511//511 505//505
f 513//513 507//507 508//508
f 514//514 513//513 515//515
f 509//509 513//513 508//508
f 516//516 28//28 517//517
f 518//518 28//28 29//29
f 519//519 29//29 30//30
f 520//520 30//30 31//31
f 521//521 31//31 32//32
f 522//522 517//517 523//523
f 524//524 517//517 518//518
f 525//525 518//518 519//519
f 526//526 519//519 520//520
f 527//527 520//520 521//521
f 528//528 524//524 529//529
f 529//529 525//525 530//530
f 530//530 526//526 531//531
f 531//531 527//527 532//532
f 534//534 50//50 51//51
f 534//534 52//52 535//535
f 535//535 27//27 516//516
f 536//536 534//534 537//537
f 538//538 534//534 535//535
f 522//522 535//535 516//516
f 539//539 522//522 523//523
f 540//540 538//538 541//541
f 541//541 539//539 542//542
f 528//528 539//539 523//523
f 543//543 528//528 529//529
f 530//530 543//543 529//529
f 531//531 544//544 530//530
f 532//532 545//545 531//531
f 547//547 542//542 548//548
f 548//548 543//543 549//549
f 549//549 544//544 550//550
f 550//550 545//545 551//551
f 551//551 546//546 552//552
f 502//502 70//70 553//553
f 553//553 50//50 533//533
f 503//503 553//553 554//554
f 536//536 553//553 533//533
f 555//555 536//536 537//537
f 504//504 554//554 556//556
f 556//556 555//555 557//557
f 540//540 555//555 537//537
f 558//558 540//540 541//541
f 559//559 558//558 560//560
f 547//547 558//558 541//541
f 561//561 547//547 548//548
f 562//562 548//548 549//549
f 563//563 549//549 550//550
f 564//564 550//550 551//551
f 565//565 551//551 552//552
f 566//566 562//562 567//567
f 568//568 562//562 563//563
f 569//569 563//563 564//564
f 570//570 564//564 565//565
f 571//571 504//504 556//556
f 572//572 556//556 557//557
f 573//573 572//572 574//574
f 559//559 572//572 557//557
f 575//575 559//559 560//560
f 576//576 560//560 561//561
f 577//577 576//576 578//578
f 566//566 576//576 561//561
f 579//579 566//566 567//567
f 580//580 567//567 568//568
f 581//581 568//568 569//569
f 582//582 569//569 570//570
f 583//583 509//509 571//571
f 573//573 583//583 571//571
f 585//585 573//573 574//574
f 575//575 585//585 574//574
f 577//577 586//586 575//575
f 588//588 577//577 578//578
f 579//579 588//588 578//578
f 580//580 589//589 579//579
f 581//581 590//590 580//580
f 582//582 591//591 581//581
f 521//521 363//363 593//593
f 593//593 364//364 594//594
f 594//594 365//365 595//595
f 595//595 366//366 596//596
f 596//596 367//367 597//597
f 598//598 367//367 368//368
f 527//527 593//593 599//599
f 599//599 594//594 600//600
f 600//600 595//595 601//601
f 601//601 596//596 602//602
f 602//602 597//597 603//603
f 604//604 597//597 598//598
f 605//605 527//527 599//599
f 606//606 599//599 600//600
f 607//607 600//600 601//601
f 608//608 601//601 602//602
f 609//609 602//602 603//603
f 610//610 368//368 396//396
f 611//611 396//396 397//397
f 611//611 398//398 612//612
f 604//604 613//613 603//603
f 604//604 610//610 614//614
f 614//614 611//611 615//615
f 616//616 611//611 612//612
f 617//617 532//532 605//605
f 618//618 605//605 606//606
f 619//619 606//606 607//607
f 620//620 607//607 608//608
f 609//609 620//620 608//608
f 609//609 613//613 621//621
f 622//622 613//613 614//614
f 623//623 614//614 615//615
f 624//624 546//546 617//617
f 625//625 617//617 618//618
f 626//626 618//618 619//619
f 627//627 619//619 620//620
f 628//628 620//620 621//621
f 629//629 621//621 622//622
f 630//630 398//398 419//419
f 616//616 631//631 615//615
f 616//616 630//630 632//632
f 623//623 633//633 622//622
f 623//623 631//631 634//634
f 635//635 631//631 632//632
f 624//624 565//565 552//552
f 625//625 636//636 624//624
f 626//626 637//637 625//625
f 627//627 638//638 626//626
f 628//628 639//639 627//627
f 629//629 640//640 628//628
f 629//629 633//633 641//641
f 642//642 633//633 634//634
f 570//570 636//636 643//643
f 643//643 637//637 644//644
f 644//644 638//638 645//645
f 645//645 639//639 646//646
f 647//647 639//639 640//640
f 635//635 648//648 634//634
f 641//641 650//650 640//640
f 642//642 651//651 641//641
f 642//642 648//648 652//652
f 653//653 648//648 649//649
f 643//643 582//582 570//570
f 644//644 654//654 643//643
f 645//645 655//655 644//644
f 646//646 656//656 645//645
f 647//647 657//657 646//646
f 647//647 650//650 658//658
f 659//659 650//650 651//651
f 662//662 651//651 652//652
f 653//653 662//662 652//652
f 653//653 660//660 663//663
f 664//664 582//582 654//654
f 665//665 654//654 655//655
f 666//666 655//655 656//656
f 667//667 656//656 657//657
f 668//668 657//657 658//658
f 659//659 668//668 658//658
f 659//659 661//661 669//669
f 670//670 419//419 471//471
f 671//671 471//471 472//472
f 672//672 630//630 670//670
f 673//673 632//632 672//672
f 671//671 674//674 670//670
f 671//671 486//486 675//675
f 672//672 674//674 676//676
f 677//677 674//674 675//675
f 673//673 649//649 635//635
f 673//673 676//676 678//678
f 675//675 500//500 679//679
f 677//677 680//680 676//676
f 677//677 679//679 681//681
f 678//678 660//660 649//649
f 678//678 680//680 682//682
f 683//683 680//680 681//681
f 685//685 10//10 684//684
f 686//686 10//10 12//12
f 687//687 684//684 686//686
f 689//689 14//14 688//688
f 689//689 12//12 15//15
f 687//687 691//691 692//692
f 687//687 690//690 685//685
f 689//689 691//691 686//686
f 694//694 691//691 693//693
f 692//692 695//695 690//690
f 694//694 697//697 698//698
f 694//694 696//696 692//692
f 701//701 84//84 700//700
f 86//86 701//701 702//702
f 87//87 702//702 703//703
f 88//88 703//703 704//704
f 89//89 704//704 705//705
f 705//705 83//83 89//89
f 91//91 706//706 707//707
f 708//708 91//91 707//707
f 92//92 700//700 84//84
f 709//709 11//11 685//685
f 93//93 706//706 90//90
f 701//701 710//710 711//711
f 712//712 701//701 711//711
f 713//713 702//702 712//712
f 714//714 703//703 713//713
f 715//715 704//704 714//714
f 707//707 716//716 717//717
f 718//718 707//707 717//717
f 708//708 710//710 700//700
f 719//719 710//710 718//718
f 709//709 690//690 720//720
f 709//709 716//716 706//706
f 721//721 716//716 720//720
f 712//712 722//722 723//723
f 713//713 723//723 724//724
f 714//714 724//724 725//725
f 715//715 725//725 726//726
f 718//718 727//727 728//728
f 719//719 728//728 729//729
f 719//719 722//722 711//711
f 730//730 722//722 729//729
f 730//730 724//724 723//723
f 731//731 725//725 724//724
f 732//732 726//726 725//725
f 720//720 695//695 734//734
f 721//721 734//734 735//735
f 721//721 727//727 717//717
f 736//736 727//727 735//735
f 737//737 695//695 696//696
f 738//738 734//734 737//737
f 739//739 696//696 698//698
f 729//729 740//740 741//741
f 730//730 741//741 742//742
f 731//731 742//742 743//743
f 732//732 743//743 744//744
f 733//733 744//744 745//745
f 736//736 746//746 747//747
f 736//736 740//740 728//728
f 748//748 740//740 747//747
f 749//749 741//741 748//748
f 750//750 742//742 749//749
f 751//751 743//743 750//750
f 752//752 744//744 751//751
f 738//738 753//753 754//754
f 738//738 746//746 735//735
f 755//755 746//746 754//754
f 756//756 747//747 755//755
f 739//739 753//753 737//737
f 758//758 753//753 757//757
f 758//758 755//755 754//754
f 749//749 760//760 761//761
f 762//762 749//749 761//761
f 763//763 750//750 762//762
f 764//764 751//751 763//763
f 756//756 765//765 766//766
f 756//756 760//760 748//748
f 767//767 760//760 766//766
f 768//768 761//761 767//767
f 769//769 762//762 768//768
f 770//770 763//763 769//769
f 759//759 765//765 755//755
f 772//772 765//765 771//771
f 772//772 767//767 766//766
f 773//773 768//768 767//767
f 774//774 769//769 768//768
f 775//775 770//770 769//769
f 101//101 777//777 778//778
f 105//105 778//778 780//780
f 106//106 780//780 781//781
f 780//780 779//779 782//782
f 783//783 780//780 782//782
f 215//215 784//784 785//785
f 215//215 777//777 100//100
f 786//786 777//777 785//785
f 217//217 784//784 214//214
f 788//788 784//784 787//787
f 219//219 789//789 790//790
f 219//219 787//787 217//217
f 220//220 789//789 218//218
f 792//792 789//789 791//791
f 793//793 220//220 222//222
f 224//224 793//793 222//222
f 226//226 794//794 224//224
f 796//796 226//226 228//228
f 786//786 797//797 798//798
f 786//786 779//779 778//778
f 788//788 799//799 800//800
f 788//788 797//797 785//785
f 801//801 797//797 800//800
f 790//790 799//799 787//787
f 803//803 799//799 802//802
f 792//792 804//804 805//805
f 792//792 802//802 790//790
f 793//793 804//804 791//791
f 807//807 804//804 806//806
f 794//794 806//806 793//793
f 808//808 807//807 806//806
f 795//795 808//808 794//794
f 810//810 809//809 808//808
f 812//812 795//795 796//796
f 813//813 810//810 812//812
f 801//801 815//815 816//816
f 801//801 814//814 798//798
f 803//803 817//817 818//818
f 803//803 815//815 800//800
f 819//819 815//815 818//818
f 805//805 817//817 802//802
f 821//821 817//817 820//820
f 807//807 820//820 805//805
f 822//822 821//821 820//820
f 809//809 822//822 807//807
f 824//824 823//823 822//822
f 811//811 824//824 809//809
f 826//826 825//825 824//824
f 828//828 811//811 813//813
f 829//829 826//826 828//828
f 819//819 831//831 832//832
f 819//819 830//830 816//816
f 821//821 831//831 818//818
f 834//834 831//831 833//833
f 823//823 833//833 821//821
f 836//836 833//833 835//835
f 825//825 835//835 823//823
f 838//838 835//835 837//837
f 839//839 825//825 827//827
f 829//829 839//839 827//827
f 834//834 842//842 832//832
f 844//844 834//834 836//836
f 838//838 845//845 846//846
f 838//838 844//844 836//836
f 839//839 845//845 837//837
f 848//848 845//845 847//847
f 849//849 839//839 840//840
f 849//849 848//848 847//847
f 841//841 849//849 840//840
f 851//851 106//106 781//781
f 299//299 851//851 852//852
f 853//853 299//299 852//852
f 302//302 853//853 854//854
f 303//303 854//854 855//855
f 856//856 303//303 855//855
f 306//306 856//856 857//857
f 307//307 857//857 858//858
f 308//308 858//858 859//859
f 860//860 308//308 859//859
f 861//861 779//779 798//798
f 861//861 783//783 782//782
f 851//851 783//783 862//862
f 852//852 862//862 863//863
f 853//853 863//863 864//864
f 865//865 853//853 864//864
f 866//866 854//854 865//865
f 867//867 855//855 866//866
f 857//857 867//867 868//868
f 858//858 868//868 869//869
f 859//859 869//869 870//870
f 871//871 859//859 870//870
f 861//861 814//814 872//872
f 873//873 861//861 872//872
f 863//863 873//873 874//874
f 875//875 814//814 816//816
f 876//876 872//872 875//875
f 876//876 874//874 873//873
f 864//864 874//874 877//877
f 878//878 864//864 877//877
f 866//866 878//878 879//879
f 867//867 879//879 880//880
f 881//881 867//867 880//880
f 869//869 881//881 882//882
f 870//870 882//882 883//883
f 884//884 870//870 883//883
f 875//875 830//830 885//885
f 886//886 875//875 885//885
f 887//887 876//876 886//886
f 888//888 830//830 832//832
f 889//889 885//885 888//888
f 889//889 887//887 886//886
f 878//878 887//887 890//890
f 891//891 878//878 890//890
f 892//892 891//891 890//890
f 880//880 891//891 893//893
f 894//894 880//880 893//893
f 895//895 881//881 894//894
f 896//896 882//882 895//895
f 884//884 896//896 897//897
f 888//888 842//842 898//898
f 899//899 888//888 898//898
f 900//900 889//889 899//899
f 901//901 842//842 843//843
f 901//901 899//899 898//898
f 902//902 900//900 899//899
f 892//892 900//900 903//903
f 904//904 892//892 903//903
f 905//905 843//843 844//844
f 906//906 901//901 905//905
f 906//906 903//903 902//902
f 907//907 904//904 903//903
f 894//894 904//904 908//908
f 909//909 844//844 846//846
f 910//910 908//908 907//907
f 895//895 908//908 911//911
f 848//848 909//909 846//846
f 914//914 910//910 913//913
f 896//896 911//911 914//914
f 915//915 848//848 850//850
f 916//916 914//914 913//913
f 917//917 896//896 914//914
f 906//906 918//918 919//919
f 920//920 906//906 919//919
f 909//909 918//918 905//905
f 922//922 918//918 921//921
f 922//922 920//920 919//919
f 910//910 920//920 923//923
f 924//924 909//909 912//912
f 925//925 921//921 924//924
f 925//925 923//923 922//922
f 926//926 910//910 923//923
f 915//915 924//924 912//912
f 927//927 925//925 924//924
f 929//929 925//925 928//928
f 916//916 926//926 929//929
f 930//930 228//228 431//431
f 432//432 930//930 431//431
f 433//433 699//699 933//933
f 435//435 934//934 935//935
f 935//935 432//432 435//435
f 936//936 931//931 935//935
f 705//705 933//933 699//699
f 937//937 433//433 933//933
f 938//938 436//436 937//937
f 438//438 938//938 939//939
f 439//439 939//939 940//940
f 439//439 934//934 434//434
f 941//941 934//934 940//940
f 941//941 936//936 935//935
f 943//943 796//796 930//930
f 944//944 812//812 943//943
f 945//945 930//930 931//931
f 945//945 944//944 943//943
f 932//932 945//945 931//931
f 947//947 932//932 936//936
f 937//937 715//715 949//949
f 938//938 949//949 950//950
f 939//939 950//950 951//951
f 952//952 939//939 951//951
f 941//941 952//952 953//953
f 942//942 953//953 954//954
f 942//942 947//947 936//936
f 954//954 948//948 947//947
f 956//956 954//954 953//953
f 957//957 955//955 954//954
f 961//961 960//960 959//959
f 963//963 813//813 944//944
f 964//964 828//828 963//963
f 965//965 944//944 946//946
f 966//966 963//963 965//965
f 967//967 946//946 947//947
f 967//967 966//966 965//965
f 948//948 967//967 947//947
f 949//949 726//726 970//970
f 971//971 949//949 970//970
f 972//972 950//950 971//971
f 973//973 951//951 972//972
f 974//974 952//952 973//973
f 975//975 948//948 955//955
f 975//975 969//969 968//968
f 977//977 726//726 733//733
f 978//978 970//970 977//977
f 979//979 971//971 978//978
f 980//980 972//972 979//979
f 980//980 974//974 973//973
f 956//956 974//974 981//981
f 982//982 956//956 981//981
f 958//958 982//982 983//983
f 958//958 975//975 955//955
f 984//984 975//975 983//983
f 984//984 959//959 960//960
f 985//985 983//983 982//982
f 961//961 983//983 986//986
f 987//987 961//961 986//986
f 988//988 987//987 986//986
f 991//991 829//829 964//964
f 991//991 841//841 840//840
f 993//993 964//964 966//966
f 993//993 992//992 991//991
f 995//995 966//966 968//968
f 995//995 994//994 993//993
f 969//969 995//995 968//968
f 997//997 969//969 976//976
f 998//998 733//733 745//745
f 999//999 977//977 998//998
f 1000//1000 978//978 999//999
f 1001//1001 979//979 1000//1000
f 1002//1002 980//980 1001//1001
f 1003//1003 981//981 1002//1002
f 752//752 998//998 745//745
f 1004//1004 999//999 998//998
f 1005//1005 1000//1000 999//999
f 1006//1006 1001//1001 1000//1000
f 1007//1007 1002//1002 1001//1001
f 1008//1008 1003//1003 1002//1002
f 985//985 1003//1003 1009//1009
f 1010//1010 985//985 1009//1009
f 1011//1011 1009//1009 1008//1008
f 1012//1012 1010//1010 1009//1009
f 988//988 1010//1010 1013//1013
f 1014//1014 988//988 1013//1013
f 1016//1016 1012//1012 1015//1015
f 1016//1016 1014//1014 1013//1013
f 990//990 1014//1014 1017//1017
f 1018//1018 841//841 992//992
f 994//994 1018//1018 992//992
f 1020//1020 994//994 996//996
f 1004//1004 764//764 1021//1021
f 1005//1005 1021//1021 1022//1022
f 1006//1006 1022//1022 1023//1023
f 1007//1007 1023//1023 1024//1024
f 1025//1025 1007//1007 1024//1024
f 770//770 1021//1021 764//764
f 1026//1026 1022//1022 1021//1021
f 1027//1027 1023//1023 1022//1022
f 1028//1028 1024//1024 1023//1023
f 1029//1029 1025//1025 1024//1024
f 1011//1011 1025//1025 1030//1030
f 1031//1031 1011//1011 1030//1030
f 1032//1032 770//770 776//776
f 1033//1033 1026//1026 1032//1032
f 1034//1034 1027//1027 1033//1033
f 1035//1035 1028//1028 1034//1034
f 1036//1036 1029//1029 1035//1035
f 1036//1036 1031//1031 1030//1030
f 1015//1015 1031//1031 1037//1037
f 1038//1038 309//309 860//860
f 490//490 1039//1039 489//489
f 490//490 1038//1038 1040//1040
f 491//491 1039//1039 1041//1041
f 1042//1042 1039//1039 1040//1040
f 1044//1044 492//492 493//493
f 1044//1044 491//491 1041//1041
f 495//495 1043//1043 1046//1046
f 1048//1048 1045//1045 1047//1047
f 497//497 1046//1046 1048//1048
f 1049//1049 1048//1048 1047//1047
f 1050//1050 497//497 1048//1048
f 1051//1051 499//499 1050//1050
f 1052//1052 860//860 871//871
f 1053//1053 1038//1038 1052//1052
f 1042//1042 1054//1054 1041//1041
f 1042//1042 1053//1053 1055//1055
f 1057//1057 1043//1043 1044//1044
f 1044//1044 1054//1054 1057//1057
f 1059//1059 1045//1045 1046//1046
f 1059//1059 1043//1043 1056//1056
f 962//962 1058//1058 960//960
f 1047//1047 1058//1058 1060//1060
f 1049//1049 1060//1060 1061//1061
f 1062//1062 1049//1049 1061//1061
f 1063//1063 1062//1062 1061//1061
f 1051//1051 1062//1062 1064//1064
f 1052//1052 884//884 1065//1065
f 1053//1053 1065//1065 1067//1067
f 1069//1069 1066//1066 1068//1068
f 1069//1069 1054//1054 1055//1055
f 1069//1069 1053//1053 1067//1067
f 1072//1072 1056//1056 1057//1057
f 1072//1072 1054//1054 1068//1068
f 984//984 1070//1070 976//976
f 1073//1073 960//960 1058//1058
f 1074//1074 1070//1070 1073//1073
f 1074//1074 1058//1058 1059//1059
f 1074//1074 1056//1056 1071//1071
f 1075//1075 962//962 987//987
f 989//989 1075//1075 987//987
f 1061//1061 1075//1075 1076//1076
f 990//990 1076//1076 989//989
f 1063//1063 1076//1076 1077//1077
f 1078//1078 1063//1063 1077//1077
f 1065//1065 897//897 1079//1079
f 1081//1081 1066//1066 1067//1067
f 1081//1081 1065//1065 1079//1079
f 1084//1084 1066//1066 1080//1080
f 997//997 1082//1082 996//996
f 1070//1070 997//997 976//976
f 1085//1085 1083//1083 1082//1082
f 1086//1086 1070//1070 1071//1071
f 1087//1087 1083//1083 1086//1086
f 1072//1072 1086//1086 1071//1071
f 1087//1087 1068//1068 1084//1084
f 1018//1018 915//915 850//850
f 1091//1091 916//916 1090//1090
f 1091//1091 897//897 917//917
f 1092//1092 1018//1018 1019//1019
f 1092//1092 1089//1089 1088//1088
f 1094//1094 1089//1089 1093//1093
f 1095//1095 1090//1090 1094//1094
f 1095//1095 1080//1080 1081//1081
f 1095//1095 1079//1079 1091//1091
f 1020//1020 1092//1092 1019//1019
f 1082//1082 1020//1020 996//996
f 1097//1097 1092//1092 1096//1096
f 1097//1097 1082//1082 1083//1083
f 1098//1098 1093//1093 1097//1097
f 1098//1098 1083//1083 1084//1084
f 1098//1098 1080//1080 1094//1094
f 1099//1099 915//915 1088//1088
f 1099//1099 928//928 927//927
f 1089//1089 1099//1099 1088//1088
f 1101//1101 928//928 1100//1100
f 1101//1101 1089//1089 1090//1090
f 1101//1101 916//916 929//929
f 1102//1102 14//14 510//510
f 1102//1102 689//689 688//688
f 1103//1103 510//510 511//511
f 512//512 1103//1103 511//511
f 514//514 1104//1104 512//512
f 1106//1106 1105//1105 1104//1104
f 1107//1107 514//514 515//515
f 1108//1108 689//689 1103//1103
f 1110//1110 1103//1103 1104//1104
f 1110//1110 1109//1109 1108//1108
f 1105//1105 1110//1110 1104//1104
f 1112//1112 1105//1105 1107//1107
f 1113//1113 693//693 1108//1108
f 1113//1113 698//698 697//697
f 1109//1109 1113//1113 1108//1108
f 1115//1115 1109//1109 1111//1111
f 1116//1116 1111//1111 1112//1112
f 1117//1117 515//515 583//583
f 1118//1118 583//583 584//584
f 1119//1119 584//584 585//585
f 1120//1120 585//585 586//586
f 1121//1121 586//586 587//587
f 1122//1122 587//587 588//588
f 589//589 1122//1122 588//588
f 590//590 1123//1123 589//589
f 591//591 1124//1124 590//590
f 592//592 1125//1125 591//591
f 1117//1117 1112//1112 1107//1107
f 1129//1129 1117//1117 1118//1118
f 1129//1129 1128//1128 1127//1127
f 1119//1119 1129//1129 1118//1118
f 1131//1131 1119//1119 1120//1120
f 1133//1133 1120//1120 1121//1121
f 1133//1133 1132//1132 1131//1131
f 1122//1122 1133//1133 1121//1121
f 1135//1135 1122//1122 1123//1123
f 1136//1136 1123//1123 1124//1124
f 1137//1137 1124//1124 1125//1125
f 1138//1138 1125//1125 1126//1126
f 1114//1114 739//739 698//698
f 1115//1115 1139//1139 1114//1114
f 1116//1116 1140//1140 1115//1115
f 1127//1127 1116//1116 1112//1112
f 1142//1142 1141//1141 1140//1140
f 1128//1128 1142//1142 1127//1127
f 1145//1145 1128//1128 1130//1130
f 1145//1145 1144//1144 1143//1143
f 1131//1131 1145//1145 1130//1130
f 1132//1132 1146//1146 1131//1131
f 1152//1152 1132//1132 1134//1134
f 1152//1152 1148//1148 1147//1147
f 1135//1135 1152//1152 1134//1134
f 1154//1154 1148//1148 1153//1153
f 1136//1136 1153//1153 1135//1135
f 1155//1155 1149//1149 1154//1154
f 1137//1137 1154//1154 1136//1136
f 1156//1156 1150//1150 1155//1155
f 1138//1138 1155//1155 1137//1137
f 1139//1139 757//757 739//739
f 1157//1157 758//758 757//757
f 1158//1158 759//759 758//758
f 1160//1160 1139//1139 1140//1140
f 1160//1160 1158//1158 1157//1157
f 1141//1141 1160//1160 1140//1140
f 1162//1162 1158//1158 1161//1161
f 1164//1164 1141//1141 1143//1143
f 1164//1164 1162//1162 1161//1161
f 1144//1144 1164//1164 1143//1143
f 1165//1165 1163//1163 1162//1162
f 1171//1171 1144//1144 1146//1146
f 1171//1171 1166//1166 1165//1165
f 1147//1147 1171//1171 1146//1146
f 1172//1172 1167//1167 1166//1166
f 1148//1148 1172//1172 1147//1147
f 1173//1173 1168//1168 1167//1167
f 1149//1149 1173//1173 1148//1148
f 1174//1174 1169//1169 1168//1168
f 1150//1150 1174//1174 1149//1149
f 1175//1175 1170//1170 1169//1169
f 1151//1151 1175//1175 1150//1150
f 1159//1159 771//771 759//759
f 1177//1177 772//772 771//771
f 1179//1179 772//772 1178//1178
f 1180//1180 773//773 1179//1179
f 1181//1181 774//774 1180//1180
f 1182//1182 775//775 1181//1181
f 1183//1183 1159//1159 1162//1162
f 1183//1183 1178//1178 1177//1177
f 1163//1163 1183//1183 1162//1162
f 1185//1185 1178//1178 1184//1184
f 1186//1186 1179//1179 1185//1185
f 1187//1187 1180//1180 1186//1186
f 1188//1188 1181//1181 1187//1187
f 1189//1189 1163//1163 1166//1166
f 1189//1189 1185//1185 1184//1184
f 1167//1167 1189//1189 1166//1166
f 1190//1190 1186//1186 1185//1185
f 1191//1191 1167//1167 1168//1168
f 1191//1191 1187//1187 1186//1186
f 1192//1192 1168//1168 1169//1169
f 1192//1192 1188//1188 1187//1187
f 1193//1193 1169//1169 1170//1170
f 662//662 1195//1195 661//661
f 663//663 1196//1196 662//662
f 1197//1197 660//660 1194//1194
f 1198//1198 592//592 664//664
f 1199//1199 664//664 665//665
f 1200//1200 665//665 666//666
f 1201//1201 666//666 667//667
f 1202//1202 667//667 668//668
f 669//669 1202//1202 668//668
f 1203//1203 661//661 1195//1195
f 1196//1196 1207//1207 1195//1195
f 1209//1209 1204//1204 1208//1208
f 1209//1209 1196//1196 1197//1197
f 1209//1209 1194//1194 1205//1205
f 1198//1198 1138//1138 1126//1126
f 1199//1199 1210//1210 1198//1198
f 1200//1200 1211//1211 1199//1199
f 1201//1201 1212//1212 1200//1200
f 1202//1202 1213//1213 1201//1201
f 1215//1215 1206//1206 1214//1214
f 1215//1215 1202//1202 1203//1203
f 1215//1215 1195//1195 1207//1207
f 1221//1221 1217//1217 1220//1220
f 1221//1221 1204//1204 1205//1205
f 1227//1227 1206//1206 1207//1207
f 1228//1228 1219//1219 1227//1227
f 1228//1228 1207//1207 1208//1208
f 1228//1228 1204//1204 1220//1220
f 1156//1156 1222//1222 1151//1151
f 1229//1229 1138//1138 1210//1210
f 1229//1229 1223//1223 1222//1222
f 1230//1230 1210//1210 1211//1211
f 1230//1230 1224//1224 1223//1223
f 1231//1231 1211//1211 1212//1212
f 1231//1231 1225//1225 1224//1224
f 1232//1232 1212//1212 1213//1213
f 1233//1233 1225//1225 1232//1232
f 1233//1233 1213//1213 1214//1214
f 1233//1233 1206//1206 1226//1226
f 1235//1235 1015//1015 1234//1234
f 1236//1236 1016//1016 1235//1235
f 1216//1216 1017//1017 1236//1236
f 1238//1238 1235//1235 1234//1234
f 1240//1240 1235//1235 1239//1239
f 1240//1240 1217//1217 1218//1218
f 1240//1240 1216//1216 1236//1236
f 1246//1246 1237//1237 1245//1245
f 1247//1247 1238//1238 1246//1246
f 1247//1247 1219//1219 1220//1220
f 1247//1247 1217//1217 1239//1239
f 1248//1248 1170//1170 1176//1176
f 1248//1248 1151//1151 1222//1222
f 1249//1249 1241//1241 1248//1248
f 1249//1249 1222//1222 1223//1223
f 1250//1250 1242//1242 1249//1249
f 1250//1250 1223//1223 1224//1224
f 1251//1251 1243//1243 1250//1250
f 1251//1251 1224//1224 1225//1225
f 1252//1252 1244//1244 1251//1251
f 1252//1252 1225//1225 1226//1226
f 1253//1253 1245//1245 1252//1252
f 1253//1253 1226//1226 1227//1227
f 1253//1253 1219//1219 1246//1246
f 1254//1254 776//776 1182//1182
f 1254//1254 1033//1033 1032//1032
f 1255//1255 1034//1034 1033//1033
f 1256//1256 1035//1035 1034//1034
f 1257//1257 1036//1036 1035//1035
f 1259//1259 1036//1036 1258//1258
f 1234//1234 1037//1037 1259//1259
f 1188//1188 1254//1254 1182//1182
f 1260//1260 1255//1255 1254//1254
f 1261//1261 1256//1256 1255//1255
f 1262//1262 1257//1257 1256//1256
f 1263//1263 1258//1258 1257//1257
f 1265//1265 1258//1258 1264//1264
f 1265//1265 1237//1237 1238//1238
f 1265//1265 1234//1234 1259//1259
f 1266//1266 1188//1188 1193//1193
f 1241//1241 1193//1193 1170//1170
f 1267//1267 1260//1260 1266//1266
f 1242//1242 1266//1266 1241//1241
f 1268//1268 1261//1261 1267//1267
f 1243//1243 1267//1267 1242//1242
f 1269//1269 1262//1262 1268//1268
f 1244//1244 1268//1268 1243//1243
f 1270//1270 1263//1263 1269//1269
f 1270//1270 1244//1244 1245//1245
f 1270//1270 1237//1237 1264//1264
f 679//679 1051//1051 1271//1271
f 681//681 1271//1271 1273//1273
f 682//682 1194//1194 660//660
f 1275//1275 1272//1272 1274//1274
f 683//683 1274//1274 682//682
f 683//683 1273//1273 1275//1275
f 1277//1277 1051//1051 1064//1064
f 1279//1279 1276//1276 1278//1278
f 1279//1279 1272//1272 1273//1273
f 1279//1279 1271//1271 1277//1277
f 1280//1280 1194//1194 1274//1274
f 1280//1280 1272//1272 1278//1278
f 1281//1281 990//990 1216//1216
f 1282//1282 1077//1077 1281//1281
f 1282//1282 1276//1276 1277//1277
f 1282//1282 1064//1064 1078//1078
f 1283//1283 1216//1216 1218//1218
f 1283//1283 1276//1276 1281//1281
f 1284//1284 1218//1218 1221//1221
f 1284//1284 1205//1205 1280//1280
f 1284//1284 1278//1278 1283//1283
f 7//7 5//5 1//1
f 9//9 8//8 6//6
f 9//9 4//4 3//3
f 9//9 7//7 2//2
f 13//13 12//12 10//10
f 13//13 7//7 6//6
f 13//13 11//11 5//5
f 15//15 12//12 6//6
f 23//23 22//22 16//16
f 24//24 23//23 17//17
f 25//25 24//24 18//18
f 26//26 25//25 19//19
f 28//28 27//27 21//21
f 28//28 22//22 23//23
f 29//29 23//23 24//24
f 30//30 24//24 25//25
f 31//31 25//25 26//26
f 41//41 40//40 33//33
f 42//42 41//41 34//34
f 42//42 17//17 16//16
f 43//43 42//42 35//35
f 18//18 17//17 42//42
f 44//44 43//43 36//36
f 19//19 18//18 43//43
f 45//45 44//44 37//37
f 20//20 19//19 44//44
f 48//48 47//47 39//39
f 49//49 48//48 40//40
f 49//49 22//22 21//21
f 49//49 41//41 16//16
f 51//51 50//50 46//46
f 51//51 47//47 48//48
f 52//52 48//48 21//21
f 60//60 34//34 33//33
f 61//61 60//60 53//53
f 61//61 35//35 34//34
f 61//61 54//54 55//55
f 62//62 36//36 35//35
f 62//62 55//55 56//56
f 63//63 37//37 36//36
f 63//63 56//56 57//57
f 64//64 38//38 37//37
f 67//67 66//66 58//58
f 67//67 40//40 39//39
f 67//67 59//59 33//33
f 68//68 2//2 1//1
f 69//69 68//68 65//65
f 69//69 47//47 46//46
f 69//69 66//66 39//39
f 70//70 4//4 2//2
f 70//70 68//68 46//46
f 73//73 54//54 53//53
f 74//74 55//55 54//54
f 75//75 56//56 55//55
f 76//76 57//57 56//56
f 79//79 59//59 58//58
f 80//80 79//79 71//71
f 80//80 60//60 59//59
f 80//80 72//72 53//53
f 81//81 65//65 1//1
f 82//82 81//81 77//77
f 82//82 66//66 65//65
f 82//82 78//78 58//58
f 85//85 72//72 71//71
f 73//73 72//72 85//85
f 74//74 73//73 86//86
f 75//75 74//74 87//87
f 76//76 75//75 88//88
f 91//91 78//78 77//77
f 79//79 78//78 91//91
f 92//92 84//84 71//71
f 93//93 81//81 5//5
f 93//93 90//90 77//77
f 95//95 94//94 96//96
f 99//99 97//97 96//96
f 99//99 98//98 100//100
f 102//102 97//97 99//99
f 103//103 99//99 101//101
f 104//104 103//103 105//105
f 111//111 110//110 107//107
f 111//111 108//108 109//109
f 114//114 113//113 110//110
f 114//114 111//111 112//112
f 116//116 113//113 114//114
f 118//118 117//117 114//114
f 124//124 123//123 119//119
f 125//125 124//124 120//120
f 125//125 121//121 122//122
f 129//129 128//128 123//123
f 129//129 108//108 107//107
f 129//129 124//124 125//125
f 109//109 108//108 129//129
f 130//130 125//125 126//126
f 133//133 132//132 127//127
f 133//133 128//128 107//107
f 134//134 112//112 109//109
f 134//134 130//130 131//131
f 136//136 132//132 133//133
f 113//113 137//137 133//133
f 115//115 112//112 134//134
f 138//138 134//134 135//135
f 141//141 140//140 136//136
f 141//141 137//137 113//113
f 142//142 118//118 115//115
f 143//143 142//142 138//138
f 149//149 148//148 144//144
f 149//149 120//120 119//119
f 149//149 145//145 146//146
f 150//150 121//121 120//120
f 150//150 146//146 147//147
f 122//122 121//121 150//150
f 153//153 148//148 119//119
f 154//154 126//126 122//122
f 156//156 155//155 152//152
f 156//156 128//128 127//127
f 156//156 153//153 123//123
f 157//157 131//131 126//126
f 158//158 155//155 127//127
f 159//159 158//158 132//132
f 140//140 160//160 159//159
f 165//165 145//145 144//144
f 166//166 165//165 161//161
f 166//166 146//146 145//145
f 166//166 162//162 163//163
f 147//147 146//146 166//166
f 169//169 164//164 144//144
f 170//170 151//151 147//147
f 172//172 171//171 168//168
f 172//172 153//153 152//152
f 172//172 169//169 148//148
f 173//173 171//171 152//152
f 158//158 174//174 173//173
f 159//159 175//175 174//174
f 176//176 175//175 159//159
f 178//178 162//162 161//161
f 178//178 94//94 95//95
f 163//163 162//162 178//178
f 181//181 165//165 164//164
f 181//181 177//177 161//161
f 183//183 169//169 168//168
f 183//183 180//180 164//164
f 184//184 182//182 168//168
f 173//173 185//185 184//184
f 174//174 186//186 185//185
f 187//187 186//186 174//174
f 188//188 187//187 175//175
f 190//190 178//178 177//177
f 190//190 96//96 94//94
f 191//191 179//179 95//95
f 181//181 180//180 192//192
f 193//193 189//189 177//177
f 183//183 182//182 194//194
f 183//183 195//195 192//192
f 184//184 196//196 194//194
f 197//197 195//195 194//194
f 198//198 196//196 184//184
f 199//199 198//198 185//185
f 200//200 199//199 186//186
f 188//188 201//201 200//200
f 190//190 189//189 202//202
f 190//190 203//203 98//98
f 205//205 193//193 192//192
f 193//193 205//205 202//202
f 206//206 204//204 192//192
f 197//197 196//196 207//207
f 197//197 208//208 206//206
f 198//198 209//209 207//207
f 210//210 208//208 207//207
f 199//199 211//211 209//209
f 212//212 211//211 199//199
f 201//201 213//213 212//212
f 203//203 202//202 214//214
f 215//215 100//100 98//98
f 205//205 204//204 216//216
f 205//205 217//217 214//214
f 206//206 218//218 216//216
f 219//219 217//217 216//216
f 220//220 218//218 206//206
f 210//210 209//209 221//221
f 210//210 222//222 220//220
f 211//211 223//223 221//221
f 224//224 222//222 221//221
f 212//212 225//225 223//223
f 225//225 226//226 224//224
f 227//227 225//225 212//212
f 228//228 226//226 225//225
f 135//135 131//131 229//229
f 231//231 139//139 135//135
f 143//143 139//139 231//231
f 154//154 151//151 233//233
f 157//157 154//154 234//234
f 229//229 131//131 157//157
f 237//237 230//230 229//229
f 237//237 235//235 236//236
f 231//231 230//230 237//237
f 240//240 239//239 237//237
f 232//232 231//231 239//239
f 242//242 241//241 239//239
f 167//167 163//163 243//243
f 170//170 167//167 244//244
f 233//233 151//151 170//170
f 247//247 234//234 233//233
f 247//247 245//245 246//246
f 249//249 235//235 234//234
f 249//249 247//247 248//248
f 236//236 235//235 249//249
f 251//251 238//238 236//236
f 240//240 238//238 251//251
f 242//242 254//254 253//253
f 242//242 240//240 252//252
f 243//243 163//163 179//179
f 256//256 244//244 243//243
f 258//258 245//245 244//244
f 258//258 256//256 257//257
f 246//246 245//245 258//258
f 260//260 248//248 246//246
f 262//262 250//250 248//248
f 262//262 260//260 261//261
f 251//251 250//250 262//262
f 265//265 264//264 262//262
f 252//252 251//251 264//264
f 267//267 266//266 264//264
f 268//268 254//254 252//252
f 268//268 266//266 267//267
f 191//191 97//97 102//102
f 255//255 179//179 191//191
f 272//272 256//256 255//255
f 272//272 270//270 271//271
f 257//257 256//256 272//272
f 275//275 259//259 257//257
f 275//275 273//273 274//274
f 277//277 260//260 259//259
f 277//277 275//275 276//276
f 261//261 260//260 277//277
f 279//279 263//263 261//261
f 280//280 265//265 263//263
f 281//281 267//267 265//265
f 269//269 267//267 281//281
f 283//283 270//270 102//102
f 283//283 103//103 104//104
f 271//271 270//270 283//283
f 285//285 273//273 271//271
f 274//274 273//273 285//285
f 287//287 276//276 274//274
f 278//278 276//276 287//287
f 279//279 278//278 288//288
f 290//290 288//288 289//289
f 292//292 280//280 279//279
f 293//293 292//292 290//290
f 294//294 281//281 280//280
f 295//295 294//294 292//292
f 282//282 281//281 294//294
f 296//296 294//294 295//295
f 298//298 284//284 104//104
f 300//300 285//285 284//284
f 300//300 298//298 299//299
f 286//286 285//285 300//300
f 287//287 286//286 301//301
f 304//304 288//288 287//287
f 304//304 302//302 303//303
f 289//289 288//288 304//304
f 306//306 291//291 289//289
f 307//307 293//293 291//291
f 308//308 295//295 293//293
f 297//297 295//295 308//308
f 310//310 116//116 117//117
f 312//312 311//311 117//117
f 313//313 140//140 141//141
f 310//310 314//314 141//141
f 315//315 314//314 310//310
f 312//312 316//316 315//315
f 312//312 118//118 142//142
f 317//317 316//316 142//142
f 318//318 314//314 315//315
f 319//319 315//315 316//316
f 321//321 320//320 316//316
f 322//322 318//318 319//319
f 324//324 323//323 319//319
f 313//313 325//325 160//160
f 326//326 325//325 313//313
f 328//328 325//325 326//326
f 318//318 329//329 326//326
f 321//321 331//331 330//330
f 321//321 317//317 327//327
f 322//322 332//332 329//329
f 333//333 332//332 322//322
f 324//324 334//334 333//333
f 324//324 320//320 330//330
f 335//335 334//334 330//330
f 336//336 332//332 333//333
f 338//338 337//337 333//333
f 339//339 338//338 334//334
f 340//340 176//176 160//160
f 328//328 341//341 340//340
f 342//342 341//341 328//328
f 332//332 343//343 342//342
f 336//336 345//345 343//343
f 337//337 346//346 345//345
f 347//347 346//346 337//337
f 339//339 348//348 347//347
f 339//339 335//335 344//344
f 349//349 346//346 347//347
f 351//351 350//350 347//347
f 26//26 20//20 352//352
f 357//357 352//352 353//353
f 358//358 353//353 354//354
f 359//359 354//354 355//355
f 360//360 355//355 356//356
f 363//363 32//32 26//26
f 364//364 363//363 357//357
f 365//365 364//364 358//358
f 366//366 365//365 359//359
f 367//367 366//366 360//360
f 367//367 361//361 362//362
f 369//369 188//188 176//176
f 341//341 370//370 369//369
f 342//342 371//371 370//370
f 372//372 371//371 342//342
f 345//345 373//373 372//372
f 374//374 373//373 345//345
f 380//380 373//373 374//374
f 349//349 381//381 374//374
f 382//382 381//381 349//349
f 351//351 383//383 382//382
f 351//351 348//348 375//375
f 45//45 38//38 376//376
f 384//384 352//352 20//20
f 384//384 376//376 377//377
f 385//385 353//353 352//352
f 385//385 377//377 378//378
f 386//386 354//354 353//353
f 386//386 378//378 379//379
f 387//387 355//355 354//354
f 388//388 387//387 379//379
f 356//356 355//355 387//387
f 389//389 388//388 380//380
f 389//389 381//381 382//382
f 391//391 390//390 382//382
f 392//392 361//361 356//356
f 392//392 388//388 389//389
f 362//362 361//361 392//392
f 394//394 393//393 389//389
f 396//396 368//368 362//362
f 397//397 396//396 393//393
f 397//397 394//394 395//395
f 369//369 399//399 201//201
f 400//400 399//399 369//369
f 401//401 400//400 370//370
f 403//403 401//401 371//371
f 408//408 407//407 402//402
f 408//408 403//403 372//372
f 409//409 64//64 57//57
f 376//376 38//38 64//64
f 410//410 409//409 404//404
f 377//377 376//376 409//409
f 411//411 410//410 405//405
f 378//378 377//377 410//410
f 412//412 411//411 406//406
f 379//379 378//378 411//411
f 412//412 407//407 408//408
f 413//413 380//380 379//379
f 413//413 408//408 373//373
f 391//391 416//416 415//415
f 391//391 383//383 414//414
f 417//417 394//394 390//390
f 417//417 415//415 416//416
f 395//395 394//394 417//417
f 419//419 398//398 395//395
f 420//420 213//213 201//201
f 422//422 420//420 399//399
f 422//422 423//423 421//421
f 401//401 423//423 422//422
f 425//425 403//403 402//402
f 425//425 423//423 401//401
f 404//404 57//57 76//76
f 405//405 404//404 426//426
f 406//406 405//405 427//427
f 429//429 407//407 406//406
f 429//429 424//424 402//402
f 430//430 227//227 213//213
f 430//430 431//431 228//228
f 421//421 431//431 430//430
f 432//432 431//431 421//421
f 435//435 425//425 424//424
f 425//425 435//435 432//432
f 89//89 83//83 433//433
f 436//436 426//426 76//76
f 437//437 427//427 426//426
f 438//438 428//428 427//427
f 429//429 428//428 438//438
f 429//429 439//439 434//434
f 440//440 317//317 143//143
f 440//440 441//441 327//327
f 440//440 232//232 241//241
f 442//442 331//331 327//327
f 443//443 335//335 331//331
f 441//441 241//241 253//253
f 445//445 444//444 253//253
f 442//442 441//441 444//444
f 446//446 444//444 445//445
f 443//443 448//448 344//344
f 443//443 442//442 446//446
f 449//449 448//448 446//446
f 450//450 348//348 344//344
f 445//445 254//254 268//268
f 451//451 268//268 269//269
f 447//447 445//445 451//451
f 454//454 453//453 451//451
f 449//449 456//456 455//455
f 449//449 447//447 453//453
f 450//450 457//457 375//375
f 450//450 448//448 455//455
f 458//458 457//457 455//455
f 459//459 383//383 375//375
f 452//452 269//269 282//282
f 454//454 462//462 461//461
f 454//454 452//452 460//460
f 456//456 453//453 461//461
f 464//464 463//463 461//461
f 458//458 466//466 465//465
f 458//458 456//456 463//463
f 459//459 467//467 414//414
f 459//459 457//457 465//465
f 468//468 467//467 465//465
f 469//469 416//416 414//414
f 418//418 416//416 469//469
f 419//419 418//418 470//470
f 460//460 282//282 296//296
f 474//474 473//473 296//296
f 475//475 462//462 460//460
f 464//464 477//477 476//476
f 464//464 462//462 475//475
f 466//466 463//463 476//476
f 479//479 478//478 476//476
f 468//468 481//481 480//480
f 468//468 466//466 478//478
f 469//469 467//467 480//480
f 483//483 470//470 469//469
f 485//485 471//471 470//470
f 485//485 483//483 484//484
f 472//472 471//471 485//485
f 474//474 488//488 487//487
f 474//474 297//297 309//309
f 475//475 473//473 487//487
f 490//490 489//489 487//487
f 491//491 477//477 475//475
f 479//479 493//493 492//492
f 479//479 477//477 491//491
f 481//481 495//495 494//494
f 481//481 478//478 492//492
f 482//482 480//480 494//494
f 497//497 496//496 494//494
f 498//498 483//483 482//482
f 498//498 496//496 497//497
f 484//484 483//483 498//498
f 500//500 486//486 484//484
f 501//501 3//3 4//4
f 501//501 505//505 8//8
f 506//506 505//505 501//501
f 507//507 505//505 506//506
f 503//503 508//508 506//506
f 504//504 509//509 508//508
f 510//510 14//14 15//15
f 505//505 511//511 15//15
f 507//507 512//512 511//511
f 513//513 512//512 507//507
f 514//514 512//512 513//513
f 509//509 515//515 513//513
f 516//516 27//27 28//28
f 518//518 517//517 28//28
f 519//519 518//518 29//29
f 520//520 519//519 30//30
f 521//521 520//520 31//31
f 522//522 516//516 517//517
f 524//524 523//523 517//517
f 525//525 524//524 518//518
f 526//526 525//525 519//519
f 527//527 526//526 520//520
f 528//528 523//523 524//524
f 529//529 524//524 525//525
f 530//530 525//525 526//526
f 531//531 526//526 527//527
f 534//534 533//533 50//50
f 534//534 51//51 52//52
f 535//535 52//52 27//27
f 536//536 533//533 534//534
f 538//538 537//537 534//534
f 522//522 538//538 535//535
f 539//539 538//538 522//522
f 540//540 537//537 538//538
f 541//541 538//538 539//539
f 528//528 542//542 539//539
f 543//543 542//542 528//528
f 530//530 544//544 543//543
f 531//531 545//545 544//544
f 532//532 546//546 545//545
f 547//547 541//541 542//542
f 548//548 542//542 543//543
f 549//549 543//543 544//544
f 550//550 544//544 545//545
f 551//551 545//545 546//546
f 502//502 4//4 70//70
f 553//553 70//70 50//50
f 503//503 502//502 553//553
f 536//536 554//554 553//553
f 555//555 554//554 536//536
f 504//504 503//503 554//554
f 556//556 554//554 555//555
f 540//540 557//557 555//555
f 558//558 557//557 540//540
f 559//559 557//557 558//558
f 547//547 560//560 558//558
f 561//561 560//560 547//547
f 562//562 561//561 548//548
f 563//563 562//562 549//549
f 564//564 563//563 550//550
f 565//565 564//564 551//551
f 566//566 561//561 562//562
f 568//568 567//567 562//562
f 569//569 568//568 563//563
f 570//570 569//569 564//564
f 571//571 509//509 504//504
f 572//572 571//571 556//556
f 573//573 571//571 572//572
f 559//559 574//574 572//572
f 575//575 574//574 559//559
f 576//576 575//575 560//560
f 577//577 575//575 576//576
f 566//566 578//578 576//576
f 579//579 578//578 566//566
f 580//580 579//579 567//567
f 581//581 580//580 568//568
f 582//582 581//581 569//569
f 583//583 515//515 509//509
f 573//573 584//584 583//583
f 585//585 584//584 573//573
f 575//575 586//586 585//585
f 577//577 587//587 586//586
f 588//588 587//587 577//577
f 579//579 589//589 588//588
f 580//580 590//590 589//589
f 581//581 591//591 590//590
f 582//582 592//592 591//591
f 521//521 32//32 363//363
f 593//593 363//363 364//364
f 594//594 364//364 365//365
f 595//595 365//365 366//366
f 596//596 366//366 367//367
f 598//598 597//597 367//367
f 527//527 521//521 593//593
f 599//599 593//593 594//594
f 600//600 594//594 595//595
f 601//601 595//595 596//596
f 602//602 596//596 597//597
f 604//604 603//603 597//597
f 605//605 532//532 527//527
f 606//606 605//605 599//599
f 607//607 606//606 600//600
f 608//608 607//607 601//601
f 609//609 608//608 602//602
f 610//610 598//598 368//368
f 611//611 610//610 396//396
f 611//611 397//397 398//398
f 604//604 614//614 613//613
f 604//604 598//598 610//610
f 614//614 610//610 611//611
f 616//616 615//615 611//611
f 617//617 546//546 532//532
f 618//618 617//617 605//605
f 619//619 618//618 606//606
f 620//620 619//619 607//607
f 609//609 621//621 620//620
f 609//609 603//603 613//613
f 622//622 621//621 613//613
f 623//623 622//622 614//614
f 624//624 552//552 546//546
f 625//625 624//624 617//617
f 626//626 625//625 618//618
f 627//627 626//626 619//619
f 628//628 627//627 620//620
f 629//629 628//628 621//621
f 630//630 612//612 398//398
f 616//616 632//632 631//631
f 616//616 612//612 630//630
f 623//623 634//634 633//633
f 623//623 615//615 631//631
f 635//635 634//634 631//631
f 624//624 636//636 565//565
f 625//625 637//637 636//636
f 626//626 638//638 637//637
f 627//627 639//639 638//638
f 628//628 640//640 639//639
f 629//629 641//641 640//640
f 629//629 622//622 633//633
f 642//642 641//641 633//633
f 570//570 565//565 636//636
f 643//643 636//636 637//637
f 644//644 637//637 638//638
f 645//645 638//638 639//639
f 647//647 646//646 639//639
f 635//635 649//649 648//648
f 641//641 651//651 650//650
f 642//642 652//652 651//651
f 642//642 634//634 648//648
f 653//653 652//652 648//648
f 643//643 654//654 582//582
f 644//644 655//655 654//654
f 645//645 656//656 655//655
f 646//646 657//657 656//656
f 647//647 658//658 657//657
f 647//647 640//640 650//650
f 659//659 658//658 650//650
f 662//662 661//661 651//651
f 653//653 663//663 662//662
f 653//653 649//649 660//660
f 664//664 592//592 582//582
f 665//665 664//664 654//654
f 666//666 665//665 655//655
f 667//667 666//666 656//656
f 668//668 667//667 657//657
f 659//659 669//669 668//668
f 659//659 651//651 661//661
f 670//670 630//630 419//419
f 671//671 670//670 471//471
f 672//672 632//632 630//630
f 673//673 635//635 632//632
f 671//671 675//675 674//674
f 671//671 472//472 486//486
f 672//672 670//670 674//674
f 677//677 676//676 674//674
f 673//673 678//678 649//649
f 673//673 672//672 676//676
f 675//675 486//486 500//500
f 677//677 681//681 680//680
f 677//677 675//675 679//679
f 678//678 682//682 660//660
f 678//678 676//676 680//680
f 683//683 682//682 680//680
f 685//685 11//11 10//10
f 686//686 684//684 10//10
f 687//687 685//685 684//684
f 689//689 15//15 14//14
f 689//689 686//686 12//12
f 687//687 686//686 691//691
f 687//687 692//692 690//690
f 689//689 693//693 691//691
f 694//694 692//692 691//691
f 692//692 696//696 695//695
f 694//694 693//693 697//697
f 694//694 698//698 696//696
f 701//701 85//85 84//84
f 86//86 85//85 701//701
f 87//87 86//86 702//702
f 88//88 87//87 703//703
f 89//89 88//88 704//704
f 705//705 699//699 83//83
f 91//91 90//90 706//706
f 708//708 92//92 91//91
f 92//92 708//708 700//700
f 709//709 93//93 11//11
f 93//93 709//709 706//706
f 701//701 700//700 710//710
f 712//712 702//702 701//701
f 713//713 703//703 702//702
f 714//714 704//704 703//703
f 715//715 705//705 704//704
f 707//707 706//706 716//716
f 718//718 708//708 707//707
f 708//708 718//718 710//710
f 719//719 711//711 710//710
f 709//709 685//685 690//690
f 709//709 720//720 716//716
f 721//721 717//717 716//716
f 712//712 711//711 722//722
f 713//713 712//712 723//723
f 714//714 713//713 724//724
f 715//715 714//714 725//725
f 718//718 717//717 727//727
f 719//719 718//718 728//728
f 719//719 729//729 722//722
f 730//730 723//723 722//722
f 730//730 731//731 724//724
f 731//731 732//732 725//725
f 732//732 733//733 726//726
f 720//720 690//690 695//695
f 721//721 720//720 734//734
f 721//721 735//735 727//727
f 736//736 728//728 727//727
f 737//737 734//734 695//695
f 738//738 735//735 734//734
f 739//739 737//737 696//696
f 729//729 728//728 740//740
f 730//730 729//729 741//741
f 731//731 730//730 742//742
f 732//732 731//731 743//743
f 733//733 732//732 744//744
f 736//736 735//735 746//746
f 736//736 747//747 740//740
f 748//748 741//741 740//740
f 749//749 742//742 741//741
f 750//750 743//743 742//742
f 751//751 744//744 743//743
f 752//752 745//745 744//744
f 738//738 737//737 753//753
f 738//738 754//754 746//746
f 755//755 747//747 746//746
f 756//756 748//748 747//747
f 739//739 757//757 753//753
f 758//758 754//754 753//753
f 758//758 759//759 755//755
f 749//749 748//748 760//760
f 762//762 750//750 749//749
f 763//763 751//751 750//750
f 764//764 752//752 751//751
f 756//756 755//755 765//765
f 756//756 766//766 760//760
f 767//767 761//761 760//760
f 768//768 762//762 761//761
f 769//769 763//763 762//762
f 770//770 764//764 763//763
f 759//759 771//771 765//765
f 772//772 766//766 765//765
f 772//772 773//773 767//767
f 773//773 774//774 768//768
f 774//774 775//775 769//769
f 775//775 776//776 770//770
f 101//101 100//100 777//777
f 105//105 101//101 778//778
f 106//106 105//105 780//780
f 780//780 778//778 779//779
f 783//783 781//781 780//780
f 215//215 214//214 784//784
f 215//215 785//785 777//777
f 786//786 778//778 777//777
f 217//217 787//787 784//784
f 788//788 785//785 784//784
f 219//219 218//218 789//789
f 219//219 790//790 787//787
f 220//220 791//791 789//789
f 792//792 790//790 789//789
f 793//793 791//791 220//220
f 224//224 794//794 793//793
f 226//226 795//795 794//794
f 796//796 795//795 226//226
f 786//786 785//785 797//797
f 786//786 798//798 779//779
f 788//788 787//787 799//799
f 788//788 800//800 797//797
f 801//801 798//798 797//797
f 790//790 802//802 799//799
f 803//803 800//800 799//799
f 792//792 791//791 804//804
f 792//792 805//805 802//802
f 793//793 806//806 804//804
f 807//807 805//805 804//804
f 794//794 808//808 806//806
f 808//808 809//809 807//807
f 795//795 810//810 808//808
f 810//810 811//811 809//809
f 812//812 810//810 795//795
f 813//813 811//811 810//810
f 801//801 800//800 815//815
f 801//801 816//816 814//814
f 803//803 802//802 817//817
f 803//803 818//818 815//815
f 819//819 816//816 815//815
f 805//805 820//820 817//817
f 821//821 818//818 817//817
f 807//807 822//822 820//820
f 822//822 823//823 821//821
f 809//809 824//824 822//822
f 824//824 825//825 823//823
f 811//811 826//826 824//824
f 826//826 827//827 825//825
f 828//828 826//826 811//811
f 829//829 827//827 826//826
f 819//819 818//818 831//831
f 819//819 832//832 830//830
f 821//821 833//833 831//831
f 834//834 832//832 831//831
f 823//823 835//835 833//833
f 836//836 834//834 833//833
f 825//825 837//837 835//835
f 838//838 836//836 835//835
f 839//839 837//837 825//825
f 829//829 840//840 839//839
f 834//834 843//843 842//842
f 844//844 843//843 834//834
f 838//838 837//837 845//845
f 838//838 846//846 844//844
f 839//839 847//847 845//845
f 848//848 846//846 845//845
f 849//849 847//847 839//839
f 849//849 850//850 848//848
f 841//841 850//850 849//849
f 851//851 298//298 106//106
f 299//299 298//298 851//851
f 853//853 301//301 299//299
f 302//302 301//301 853//853
f 303//303 302//302 854//854
f 856//856 305//305 303//303
f 306//306 305//305 856//856
f 307//307 306//306 857//857
f 308//308 307//307 858//858
f 860//860 309//309 308//308
f 861//861 782//782 779//779
f 861//861 862//862 783//783
f 851//851 781//781 783//783
f 852//852 851//851 862//862
f 853//853 852//852 863//863
f 865//865 854//854 853//853
f 866//866 855//855 854//854
f 867//867 856//856 855//855
f 857//857 856//856 867//867
f 858//858 857//857 868//868
f 859//859 858//858 869//869
f 871//871 860//860 859//859
f 861//861 798//798 814//814
f 873//873 862//862 861//861
f 863//863 862//862 873//873
f 875//875 872//872 814//814
f 876//876 873//873 872//872
f 876//876 877//877 874//874
f 864//864 863//863 874//874
f 878//878 865//865 864//864
f 866//866 865//865 878//878
f 867//867 866//866 879//879
f 881//881 868//868 867//867
f 869//869 868//868 881//881
f 870//870 869//869 882//882
f 884//884 871//871 870//870
f 875//875 816//816 830//830
f 886//886 876//876 875//875
f 887//887 877//877 876//876
f 888//888 885//885 830//830
f 889//889 886//886 885//885
f 889//889 890//890 887//887
f 878//878 877//877 887//887
f 891//891 879//879 878//878
f 892//892 893//893 891//891
f 880//880 879//879 891//891
f 894//894 881//881 880//880
f 895//895 882//882 881//881
f 896//896 883//883 882//882
f 884//884 883//883 896//896
f 888//888 832//832 842//842
f 899//899 889//889 888//888
f 900//900 890//890 889//889
f 901//901 898//898 842//842
f 901//901 902//902 899//899
f 902//902 903//903 900//900
f 892//892 890//890 900//900
f 904//904 893//893 892//892
f 905//905 901//901 843//843
f 906//906 902//902 901//901
f 906//906 907//907 903//903
f 907//907 908//908 904//904
f 894//894 893//893 904//904
f 909//909 905//905 844//844
f 910//910 911//911 908//908
f 895//895 894//894 908//908
f 848//848 912//912 909//909
f 914//914 911//911 910//910
f 896//896 895//895 911//911
f 915//915 912//912 848//848
f 916//916 917//917 914//914
f 917//917 897//897 896//896
f 906//906 905//905 918//918
f 920//920 907//907 906//906
f 909//909 921//921 918//918
f 922//922 919//919 918//918
f 922//922 923//923 920//920
f 910//910 907//907 920//920
f 924//924 921//921 909//909
f 925//925 922//922 921//921
f 925//925 926//926 923//923
f 926//926 913//913 910//910
f 915//915 927//927 924//924
f 927//927 928//928 925//925
f 929//929 926//926 925//925
f 916//916 913//913 926//926
f 930//930 796//796 228//228
f 432//432 931//931 930//930
f 433//433 83//83 699//699
f 435//435 434//434 934//934
f 935//935 931//931 432//432
f 936//936 932//932 931//931
f 705//705 937//937 933//933
f 937//937 436//436 433//433
f 938//938 437//437 436//436
f 438//438 437//437 938//938
f 439//439 438//438 939//939
f 439//439 940//940 934//934
f 941//941 935//935 934//934
f 941//941 942//942 936//936
f 943//943 812//812 796//796
f 944//944 813//813 812//812
f 945//945 943//943 930//930
f 945//945 946//946 944//944
f 932//932 946//946 945//945
f 947//947 946//946 932//932
f 937//937 705//705 715//715
f 938//938 937//937 949//949
f 939//939 938//938 950//950
f 952//952 940//940 939//939
f 941//941 940//940 952//952
f 942//942 941//941 953//953
f 942//942 954//954 947//947
f 954//954 955//955 948//948
f 956//956 957//957 954//954
f 957//957 958//958 955//955
f 961//961 962//962 960//960
f 963//963 828//828 813//813
f 964//964 829//829 828//828
f 965//965 963//963 944//944
f 966//966 964//964 963//963
f 967//967 965//965 946//946
f 967//967 968//968 966//966
f 948//948 968//968 967//967
f 949//949 715//715 726//726
f 971//971 950//950 949//949
f 972//972 951//951 950//950
f 973//973 952//952 951//951
f 974//974 953//953 952//952
f 975//975 968//968 948//948
f 975//975 976//976 969//969
f 977//977 970//970 726//726
f 978//978 971//971 970//970
f 979//979 972//972 971//971
f 980//980 973//973 972//972
f 980//980 981//981 974//974
f 956//956 953//953 974//974
f 982//982 957//957 956//956
f 958//958 957//957 982//982
f 958//958 983//983 975//975
f 984//984 976//976 975//975
f 984//984 983//983 959//959
f 985//985 986//986 983//983
f 961//961 959//959 983//983
f 987//987 962//962 961//961
f 988//988 989//989 987//987
f 991//991 840//840 829//829
f 991//991 992//992 841//841
f 993//993 991//991 964//964
f 993//993 994//994 992//992
f 995//995 993//993 966//966
f 995//995 996//996 994//994
f 969//969 996//996 995//995
f 997//997 996//996 969//969
f 998//998 977//977 733//733
f 999//999 978//978 977//977
f 1000//1000 979//979 978//978
f 1001//1001 980//980 979//979
f 1002//1002 981//981 980//980
f 1003//1003 982//982 981//981
f 752//752 1004//1004 998//998
f 1004//1004 1005//1005 999//999
f 1005//1005 1006//1006 1000//1000
f 1006//1006 1007//1007 1001//1001
f 1007//1007 1008//1008 1002//1002
f 1008//1008 1009//1009 1003//1003
f 985//985 982//982 1003//1003
f 1010//1010 986//986 985//985
f 1011//1011 1012//1012 1009//1009
f 1012//1012 1013//1013 1010//1010
f 988//988 986//986 1010//1010
f 1014//1014 989//989 988//988
f 1016//1016 1013//1013 1012//1012
f 1016//1016 1017//1017 1014//1014
f 990//990 989//989 1014//1014
f 1018//1018 850//850 841//841
f 994//994 1019//1019 1018//1018
f 1020//1020 1019//1019 994//994
f 1004//1004 752//752 764//764
f 1005//1005 1004//1004 1021//1021
f 1006//1006 1005//1005 1022//1022
f 1007//1007 1006//1006 1023//1023
f 1025//1025 1008//1008 1007//1007
f 770//770 1026//1026 1021//1021
f 1026//1026 1027//1027 1022//1022
f 1027//1027 1028//1028 1023//1023
f 1028//1028 1029//1029 1024//1024
f 1029//1029 1030//1030 1025//1025
f 1011//1011 1008//1008 1025//1025
f 1031//1031 1012//1012 1011//1011
f 1032//1032 1026//1026 770//770
f 1033//1033 1027//1027 1026//1026
f 1034//1034 1028//1028 1027//1027
f 1035//1035 1029//1029 1028//1028
f 1036//1036 1030//1030 1029//1029
f 1036//1036 1037//1037 1031//1031
f 1015//1015 1012//1012 1031//1031
f 1038//1038 488//488 309//309
f 490//490 1040//1040 1039//1039
f 490//490 488//488 1038//1038
f 491//491 489//489 1039//1039
f 1042//1042 1041//1041 1039//1039
f 1044//1044 1043//1043 492//492
f 1044//1044 493//493 491//491
f 495//495 492//492 1043//1043
f 1048//1048 1046//1046 1045//1045
f 497//497 495//495 1046//1046
f 1049//1049 1050//1050 1048//1048
f 1050//1050 499//499 497//497
f 1051//1051 500//500 499//499
f 1052//1052 1038//1038 860//860
f 1053//1053 1040//1040 1038//1038
f 1042//1042 1055//1055 1054//1054
f 1042//1042 1040//1040 1053//1053
f 1057//1057 1056//1056 1043//1043
f 1044//1044 1041//1041 1054//1054
f 1059//1059 1058//1058 1045//1045
f 1059//1059 1046//1046 1043//1043
f 962//962 1060//1060 1058//1058
f 1047//1047 1045//1045 1058//1058
f 1049//1049 1047//1047 1060//1060
f 1062//1062 1050//1050 1049//1049
f 1063//1063 1064//1064 1062//1062
f 1051//1051 1050//1050 1062//1062
f 1052//1052 871//871 884//884
f 1053//1053 1052//1052 1065//1065
f 1069//1069 1067//1067 1066//1066
f 1069//1069 1068//1068 1054//1054
f 1069//1069 1055//1055 1053//1053
f 1072//1072 1071//1071 1056//1056
f 1072//1072 1057//1057 1054//1054
f 984//984 1073//1073 1070//1070
f 1073//1073 984//984 960//960
f 1074//1074 1071//1071 1070//1070
f 1074//1074 1073//1073 1058//1058
f 1074//1074 1059//1059 1056//1056
f 1075//1075 1060//1060 962//962
f 989//989 1076//1076 1075//1075
f 1061//1061 1060//1060 1075//1075
f 990//990 1077//1077 1076//1076
f 1063//1063 1061//1061 1076//1076
f 1078//1078 1064//1064 1063//1063
f 1065//1065 884//884 897//897
f 1081//1081 1080//1080 1066//1066
f 1081//1081 1067//1067 1065//1065
f 1084//1084 1068//1068 1066//1066
f 997//997 1085//1085 1082//1082
f 1070//1070 1085//1085 997//997
f 1085//1085 1086//1086 1083//1083
f 1086//1086 1085//1085 1070//1070
f 1087//1087 1084//1084 1083//1083
f 1072//1072 1087//1087 1086//1086
f 1087//1087 1072//1072 1068//1068
f 1018//1018 1088//1088 915//915
f 1091//1091 917//917 916//916
f 1091//1091 1079//1079 897//897
f 1092//1092 1088//1088 1018//1018
f 1092//1092 1093//1093 1089//1089
f 1094//1094 1090//1090 1089//1089
f 1095//1095 1091//1091 1090//1090
f 1095//1095 1094//1094 1080//1080
f 1095//1095 1081//1081 1079//1079
f 1020//1020 1096//1096 1092//1092
f 1082//1082 1096//1096 1020//1020
f 1097//1097 1093//1093 1092//1092
f 1097//1097 1096//1096 1082//1082
f 1098//1098 1094//1094 1093//1093
f 1098//1098 1097//1097 1083//1083
f 1098//1098 1084//1084 1080//1080
f 1099//1099 927//927 915//915
f 1099//1099 1100//1100 928//928
f 1089//1089 1100//1100 1099//1099
f 1101//1101 929//929 928//928
f 1101//1101 1100//1100 1089//1089
f 1101//1101 1090//1090 916//916
f 1102//1102 688//688 14//14
f 1102//1102 1103//1103 689//689
f 1103//1103 1102//1102 510//510
f 512//512 1104//1104 1103//1103
f 514//514 1106//1106 1104//1104
f 1106//1106 1107//1107 1105//1105
f 1107//1107 1106//1106 514//514
f 1108//1108 693//693 689//689
f 1110//1110 1108//1108 1103//1103
f 1110//1110 1111//1111 1109//1109
f 1105//1105 1111//1111 1110//1110
f 1112//1112 1111//1111 1105//1105
f 1113//1113 697//697 693//693
f 1113//1113 1114//1114 698//698
f 1109//1109 1114//1114 1113//1113
f 1115//1115 1114//1114 1109//1109
f 1116//1116 1115//1115 1111//1111
f 1117//1117 1107//1107 515//515
f 1118//1118 1117//1117 583//583
f 1119//1119 1118//1118 584//584
f 1120//1120 1119//1119 585//585
f 1121//1121 1120//1120 586//586
f 1122//1122 1121//1121 587//587
f 589//589 1123//1123 1122//1122
f 590//590 1124//1124 1123//1123
f 591//591 1125//1125 1124//1124
f 592//592 1126//1126 1125//1125
f 1117//1117 1127//1127 1112//1112
f 1129//1129 1127//1127 1117//1117
f 1129//1129 1130//1130 1128//1128
f 1119//1119 1130//1130 1129//1129
f 1131//1131 1130//1130 1119//1119
f 1133//1133 1131//1131 1120//1120
f 1133//1133 1134//1134 1132//1132
f 1122//1122 1134//1134 1133//1133
f 1135//1135 1134//1134 1122//1122
f 1136//1136 1135//1135 1123//1123
f 1137//1137 1136//1136 1124//1124
f 1138//1138 1137//1137 1125//1125
f 1114//1114 1139//1139 739//739
f 1115//1115 1140//1140 1139//1139
f 1116//1116 1142//1142 1140//1140
f 1127//1127 1142//1142 1116//1116
f 1142//1142 1143//1143 1141//1141
f 1128//1128 1143//1143 1142//1142
f 1145//1145 1143//1143 1128//1128
f 1145//1145 1146//1146 1144//1144
f 1131//1131 1146//1146 1145//1145
f 1132//1132 1147//1147 1146//1146
f 1152//1152 1147//1147 1132//1132
f 1152//1152 1153//1153 1148//1148
f 1135//1135 1153//1153 1152//1152
f 1154//1154 1149//1149 1148//1148
f 1136//1136 1154//1154 1153//1153
f 1155//1155 1150//1150 1149//1149
f 1137//1137 1155//1155 1154//1154
f 1156//1156 1151//1151 1150//1150
f 1138//1138 1156//1156 1155//1155
f 1139//1139 1157//1157 757//757
f 1157//1157 1158//1158 758//758
f 1158//1158 1159//1159 759//759
f 1160//1160 1157//1157 1139//1139
f 1160//1160 1161//1161 1158//1158
f 1141//1141 1161//1161 1160//1160
f 1162//1162 1159//1159 1158//1158
f 1164//1164 1161//1161 1141//1141
f 1164//1164 1165//1165 1162//1162
f 1144//1144 1165//1165 1164//1164
f 1165//1165 1166//1166 1163//1163
f 1171//1171 1165//1165 1144//1144
f 1171//1171 1172//1172 1166//1166
f 1147//1147 1172//1172 1171//1171
f 1172//1172 1173//1173 1167//1167
f 1148//1148 1173//1173 1172//1172
f 1173//1173 1174//1174 1168//1168
f 1149//1149 1174//1174 1173//1173
f 1174//1174 1175//1175 1169//1169
f 1150//1150 1175//1175 1174//1174
f 1175//1175 1176//1176 1170//1170
f 1151//1151 1176//1176 1175//1175
f 1159//1159 1177//1177 771//771
f 1177//1177 1178//1178 772//772
f 1179//1179 773//773 772//772
f 1180//1180 774//774 773//773
f 1181//1181 775//775 774//774
f 1182//1182 776//776 775//775
f 1183//1183 1177//1177 1159//1159
f 1183//1183 1184//1184 1178//1178
f 1163//1163 1184//1184 1183//1183
f 1185//1185 1179//1179 1178//1178
f 1186//1186 1180//1180 1179//1179
f 1187//1187 1181//1181 1180//1180
f 1188//1188 1182//1182 1181//1181
f 1189//1189 1184//1184 1163//1163
f 1189//1189 1190//1190 1185//1185
f 1167//1167 1190//1190 1189//1189
f 1190//1190 1191//1191 1186//1186
f 1191//1191 1190//1190 1167//1167
f 1191//1191 1192//1192 1187//1187
f 1192//1192 1191//1191 1168//1168
f 1192//1192 1193//1193 1188//1188
f 1193//1193 1192//1192 1169//1169
f 662//662 1196//1196 1195//1195
f 663//663 1197//1197 1196//1196
f 1197//1197 663//663 660//660
f 1198//1198 1126//1126 592//592
f 1199//1199 1198//1198 664//664
f 1200//1200 1199//1199 665//665
f 1201//1201 1200//1200 666//666
f 1202//1202 1201//1201 667//667
f 669//669 1203//1203 1202//1202
f 1203//1203 669//669 661//661
f 1196//1196 1208//1208 1207//1207
f 1209//1209 1205//1205 1204//1204
f 1209//1209 1208//1208 1196//1196
f 1209//1209 1197//1197 1194//1194
f 1198//1198 1210//1210 1138//1138
f 1199//1199 1211//1211 1210//1210
f 1200//1200 1212//1212 1211//1211
f 1201//1201 1213//1213 1212//1212
f 1202//1202 1214//1214 1213//1213
f 1215//1215 1207//1207 1206//1206
f 1215//1215 1214//1214 1202//1202
f 1215//1215 1203//1203 1195//1195
f 1221//1221 1218//1218 1217//1217
f 1221//1221 1220//1220 1204//1204
f 1227//1227 1226//1226 1206//1206
f 1228//1228 1220//1220 1219//1219
f 1228//1228 1227//1227 1207//1207
f 1228//1228 1208//1208 1204//1204
f 1156//1156 1229//1229 1222//1222
f 1229//1229 1156//1156 1138//1138
f 1229//1229 1230//1230 1223//1223
f 1230//1230 1229//1229 1210//1210
f 1230//1230 1231//1231 1224//1224
f 1231//1231 1230//1230 1211//1211
f 1231//1231 1232//1232 1225//1225
f 1232//1232 1231//1231 1212//1212
f 1233//1233 1226//1226 1225//1225
f 1233//1233 1232//1232 1213//1213
f 1233//1233 1214//1214 1206//1206
f 1235//1235 1016//1016 1015//1015
f 1236//1236 1017//1017 1016//1016
f 1216//1216 990//990 1017//1017
f 1238//1238 1239//1239 1235//1235
f 1240//1240 1236//1236 1235//1235
f 1240//1240 1239//1239 1217//1217
f 1240//1240 1218//1218 1216//1216
f 1246//1246 1238//1238 1237//1237
f 1247//1247 1239//1239 1238//1238
f 1247//1247 1246//1246 1219//1219
f 1247//1247 1220//1220 1217//1217
f 1248//1248 1241//1241 1170//1170
f 1248//1248 1176//1176 1151//1151
f 1249//1249 1242//1242 1241//1241
f 1249//1249 1248//1248 1222//1222
f 1250//1250 1243//1243 1242//1242
f 1250//1250 1249//1249 1223//1223
f 1251//1251 1244//1244 1243//1243
f 1251//1251 1250//1250 1224//1224
f 1252//1252 1245//1245 1244//1244
f 1252//1252 1251//1251 1225//1225
f 1253//1253 1246//1246 1245//1245
f 1253//1253 1252//1252 1226//1226
f 1253//1253 1227//1227 1219//1219
f 1254//1254 1032//1032 776//776
f 1254//1254 1255//1255 1033//1033
f 1255//1255 1256//1256 1034//1034
f 1256//1256 1257//1257 1035//1035
f 1257//1257 1258//1258 1036//1036
f 1259//1259 1037//1037 1036//1036
f 1234//1234 1015//1015 1037//1037
f 1188//1188 1260//1260 1254//1254
f 1260//1260 1261//1261 1255//1255
f 1261//1261 1262//1262 1256//1256
f 1262//1262 1263//1263 1257//1257
f 1263//1263 1264//1264 1258//1258
f 1265//1265 1259//1259 1258//1258
f 1265//1265 1264//1264 1237//1237
f 1265//1265 1238//1238 1234//1234
f 1266//1266 1260//1260 1188//1188
f 1241//1241 1266//1266 1193//1193
f 1267//1267 1261//1261 1260//1260
f 1242//1242 1267//1267 1266//1266
f 1268//1268 1262//1262 1261//1261
f 1243//1243 1268//1268 1267//1267
f 1269//1269 1263//1263 1262//1262
f 1244//1244 1269//1269 1268//1268
f 1270//1270 1264//1264 1263//1263
f 1270//1270 1269//1269 1244//1244
f 1270//1270 1245//1245 1237//1237
f 679//679 500//500 1051//1051
f 681//681 679//679 1271//1271
f 682//682 1274//1274 1194//1194
f 1275//1275 1273//1273 1272//1272
f 683//683 1275//1275 1274//1274
f 683//683 681//681 1273//1273
f 1277//1277 1271//1271 1051//1051
f 1279//1279 1277//1277 1276//1276
f 1279//1279 1278//1278 1272//1272
f 1279//1279 1273//1273 1271//1271
f 1280//1280 1205//1205 1194//1194
f 1280//1280 1274//1274 1272//1272
f 1281//1281 1077//1077 990//990
f 1282//1282 1078//1078 1077//1077
f 1282//1282 1281//1281 1276//1276
f 1282//1282 1277//1277 1064//1064
f 1283//1283 1281//1281 1216//1216
f 1283//1283 1278//1278 1276//1276
f 1284//1284 1283//1283 1218//1218
f 1284//1284 1221//1221 1205//1205
f 1284//1284 1280//1280 1278//1278
