# Blender 4.2.0
# www.blender.org
o 30775_X4Y1
v -0.199564 -0.350683 0.597917
v -0.199564 -0.344356 0.597917
v -0.200439 -0.599044 0.426299
v -0.202641 -0.601824 0.410740
v -0.274389 -0.425115 0.449264
v -0.275567 -0.410740 0.452249
v -0.274522 -0.450118 0.425489
v -0.276446 -0.434301 0.434526
v -0.281362 -0.410740 0.435634
v -0.274197 -0.474059 0.399520
v -0.276175 -0.459260 0.408987
v -0.282421 -0.435634 0.410740
v -0.288301 -0.410740 0.410740
v -0.249917 -0.427978 0.499939
v -0.251686 -0.410740 0.503666
v -0.249830 -0.474930 0.474666
v -0.252020 -0.460527 0.479329
v -0.254407 -0.436019 0.487000
v -0.260345 -0.410740 0.485420
v -0.249202 -0.498435 0.448762
v -0.251826 -0.484105 0.458447
v -0.259626 -0.460527 0.460527
v -0.267667 -0.434301 0.458748
v -0.270040 -0.410740 0.464696
v -0.251623 -0.503901 0.435634
v -0.258986 -0.485420 0.435634
v -0.268673 -0.459260 0.434526
v -0.272016 -0.441711 0.442085
v -0.251470 -0.527220 0.405512
v -0.255948 -0.512311 0.412582
v -0.268080 -0.483582 0.408987
v -0.271691 -0.466714 0.416116
v -0.224501 -0.424467 0.548252
v -0.226018 -0.410740 0.550268
v -0.226538 -0.455011 0.526883
v -0.228957 -0.433912 0.535192
v -0.235228 -0.410740 0.535207
v -0.225584 -0.501346 0.500416
v -0.228599 -0.485420 0.505392
v -0.232770 -0.462196 0.512315
v -0.243147 -0.436019 0.509067
v -0.245697 -0.410740 0.516113
v -0.225416 -0.525223 0.476303
v -0.228971 -0.509912 0.484929
v -0.240824 -0.484105 0.483946
v -0.245525 -0.460527 0.491776
v -0.248152 -0.444574 0.496351
v -0.224446 -0.548319 0.448966
v -0.227894 -0.534195 0.458569
v -0.240788 -0.508165 0.458447
v -0.245935 -0.491526 0.465358
v -0.227334 -0.553144 0.435634
v -0.236748 -0.535207 0.435634
v -0.245901 -0.516348 0.435634
v -0.224960 -0.573871 0.402213
v -0.230625 -0.561604 0.410602
v -0.244776 -0.535394 0.412582
v -0.248545 -0.521940 0.422108
v -0.200994 -0.431107 0.574731
v -0.203369 -0.410740 0.577539
v -0.201925 -0.478973 0.552103
v -0.205557 -0.460527 0.557128
v -0.211252 -0.436085 0.560342
v -0.215815 -0.410740 0.562715
v -0.199452 -0.523305 0.523173
v -0.202866 -0.510314 0.528091
v -0.208289 -0.486530 0.536735
v -0.218915 -0.462196 0.535192
v -0.221511 -0.441062 0.543479
v -0.199920 -0.548866 0.499190
v -0.203429 -0.533045 0.508618
v -0.215714 -0.509912 0.509354
v -0.220937 -0.485420 0.517839
v -0.223548 -0.471607 0.521947
v -0.203287 -0.554149 0.485420
v -0.216051 -0.534195 0.484929
v -0.221801 -0.517942 0.492899
v -0.202579 -0.577623 0.455247
v -0.211535 -0.560008 0.460404
v -0.220490 -0.541818 0.465561
v -0.206331 -0.585550 0.435012
v -0.219605 -0.565590 0.435634
v -0.216248 -0.583299 0.410602
v -0.222991 -0.570904 0.418808
v -0.274108 -0.351883 0.473742
v -0.274437 -0.336060 0.474360
v -0.274359 -0.316893 0.474053
v -0.276983 -0.385847 0.456692
v -0.277351 -0.360490 0.462302
v -0.279668 -0.336060 0.460527
v -0.278695 -0.309624 0.462862
v -0.278285 -0.286274 0.458751
v -0.275955 -0.261380 0.454176
v -0.274469 -0.245501 0.450022
v -0.284430 -0.385847 0.435634
v -0.286505 -0.360954 0.435634
v -0.288207 -0.336060 0.435634
v -0.288728 -0.311167 0.435634
v -0.286558 -0.286274 0.435634
v -0.282203 -0.261380 0.435634
v -0.277346 -0.236917 0.436472
v -0.275414 -0.211594 0.427952
v -0.292476 -0.385847 0.410740
v -0.294497 -0.360954 0.410740
v -0.295010 -0.336060 0.410740
v -0.294914 -0.311167 0.410740
v -0.293761 -0.286274 0.410740
v -0.290440 -0.261380 0.410740
v -0.285419 -0.236487 0.410740
v -0.279858 -0.211594 0.410740
v -0.249255 -0.354159 0.523245
v -0.249652 -0.336060 0.523913
v -0.249570 -0.315591 0.523813
v -0.254240 -0.385847 0.508142
v -0.254995 -0.361856 0.512648
v -0.257246 -0.336060 0.510314
v -0.254601 -0.308843 0.512777
v -0.254553 -0.286274 0.509248
v -0.253566 -0.261380 0.506677
v -0.251699 -0.236487 0.502616
v -0.249862 -0.221635 0.499374
v -0.265123 -0.385847 0.485420
v -0.269491 -0.360490 0.483392
v -0.268974 -0.336060 0.486806
v -0.269080 -0.309624 0.483579
v -0.266319 -0.286274 0.485420
v -0.263848 -0.261380 0.485420
v -0.259737 -0.236487 0.485420
v -0.253154 -0.212640 0.484975
v -0.272263 -0.385847 0.469139
v -0.273415 -0.368479 0.471784
v -0.273702 -0.300297 0.472717
v -0.273146 -0.286274 0.471198
v -0.271662 -0.261380 0.466623
v -0.269754 -0.236917 0.459202
v -0.263134 -0.211594 0.460527
v -0.272916 -0.228906 0.445329
v -0.271001 -0.211594 0.440399
v -0.227658 -0.385847 0.552815
v -0.228365 -0.360954 0.554179
v -0.229073 -0.336060 0.555247
v -0.229712 -0.311167 0.555789
v -0.229121 -0.286274 0.554674
v -0.226577 -0.261380 0.551256
v -0.224621 -0.246765 0.548525
v -0.239053 -0.385847 0.535207
v -0.242346 -0.361856 0.533009
v -0.241520 -0.336060 0.536360
v -0.243501 -0.308843 0.533349
v -0.241038 -0.286274 0.535207
v -0.236871 -0.261380 0.535207
v -0.230389 -0.237675 0.536219
v -0.228208 -0.211594 0.529013
v -0.247882 -0.385847 0.520588
v -0.248783 -0.370755 0.522502
v -0.248912 -0.298995 0.522716
v -0.248404 -0.286274 0.521695
v -0.246780 -0.261380 0.519123
v -0.243987 -0.236487 0.515063
v -0.240946 -0.212640 0.508728
v -0.246660 -0.205039 0.492976
v -0.205992 -0.385847 0.580971
v -0.206154 -0.359770 0.586560
v -0.206750 -0.336059 0.587168
v -0.208324 -0.311167 0.583365
v -0.207250 -0.286274 0.581685
v -0.205337 -0.261380 0.579896
v -0.202502 -0.236487 0.577015
v -0.200273 -0.220115 0.574237
v -0.218438 -0.385847 0.565262
v -0.220040 -0.360954 0.566626
v -0.220784 -0.336060 0.567694
v -0.220771 -0.311167 0.568236
v -0.219697 -0.286274 0.567121
v -0.217784 -0.261380 0.563702
v -0.215783 -0.237675 0.558134
v -0.206477 -0.211728 0.561492
v -0.222399 -0.230170 0.545191
v -0.219912 -0.211594 0.541460
v -0.274108 -0.198354 0.423995
v -0.275407 -0.193802 0.410740
v -0.250517 -0.195043 0.476380
v -0.254491 -0.186727 0.460927
v -0.251172 -0.168452 0.452897
v -0.266764 -0.188714 0.433629
v -0.254399 -0.160815 0.436144
v -0.250362 -0.146409 0.428186
v -0.271224 -0.181355 0.410740
v -0.262598 -0.161807 0.410740
v -0.252754 -0.141465 0.410740
v -0.225708 -0.194129 0.525262
v -0.230349 -0.186179 0.511468
v -0.226863 -0.166939 0.503939
v -0.243313 -0.186727 0.484975
v -0.231828 -0.159907 0.487420
v -0.226687 -0.136913 0.478653
v -0.224092 -0.124376 0.473065
v -0.247315 -0.178448 0.469492
v -0.244493 -0.160815 0.460927
v -0.234792 -0.136913 0.460527
v -0.226683 -0.120034 0.460527
v -0.247970 -0.151856 0.444781
v -0.243908 -0.137632 0.436144
v -0.230418 -0.111018 0.435560
v -0.225486 -0.097433 0.427213
v -0.246731 -0.129018 0.410740
v -0.238319 -0.112020 0.410740
v -0.228075 -0.093140 0.410740
v -0.203671 -0.186700 0.553929
v -0.200744 -0.170941 0.549552
v -0.217081 -0.186179 0.534219
v -0.206337 -0.162309 0.535543
v -0.202271 -0.144441 0.527469
v -0.223006 -0.177534 0.520535
v -0.220069 -0.159907 0.511468
v -0.207616 -0.136451 0.510769
v -0.202252 -0.119577 0.502774
v -0.223630 -0.150343 0.497051
v -0.219838 -0.136913 0.491100
v -0.210540 -0.113679 0.483756
v -0.202233 -0.095326 0.477851
v -0.218862 -0.107588 0.460527
v -0.205214 -0.087068 0.458674
v -0.199567 -0.074116 0.449141
v -0.222347 -0.102052 0.443808
v -0.215545 -0.088332 0.435560
v -0.202244 -0.070525 0.435634
v -0.219623 -0.080693 0.410740
v -0.206058 -0.061737 0.409481
v -0.199959 -0.048777 0.400344
v -0.205682 -0.605774 0.385847
v -0.200203 -0.623587 0.352431
v -0.207387 -0.611520 0.360819
v -0.201079 -0.624609 0.336060
v -0.212678 -0.609887 0.336060
v -0.201482 -0.625083 0.311167
v -0.213655 -0.609887 0.311167
v -0.201589 -0.625237 0.286274
v -0.213604 -0.609887 0.286274
v -0.201405 -0.624991 0.261380
v -0.213156 -0.609887 0.261380
v -0.200494 -0.623890 0.243615
v -0.208229 -0.611834 0.235785
v -0.206505 -0.606570 0.211594
v -0.299562 -0.403802 0.356779
v -0.299138 -0.425342 0.327722
v -0.300488 -0.411556 0.336036
v -0.299981 -0.427872 0.311167
v -0.302850 -0.410740 0.311167
v -0.300154 -0.428040 0.286274
v -0.303316 -0.410740 0.286274
v -0.299369 -0.425567 0.267102
v -0.301517 -0.412878 0.259835
v -0.300546 -0.405655 0.236487
v -0.299220 -0.400398 0.221376
v -0.276047 -0.478958 0.385847
v -0.281594 -0.460527 0.385847
v -0.287859 -0.435634 0.385847
v -0.293607 -0.410740 0.385847
v -0.274254 -0.498817 0.352167
v -0.277840 -0.487068 0.360660
v -0.286619 -0.460527 0.360954
v -0.292706 -0.435634 0.360954
v -0.297388 -0.411556 0.363427
v -0.274857 -0.500395 0.336060
v -0.280756 -0.485420 0.336060
v -0.289710 -0.460527 0.336060
v -0.296495 -0.434438 0.336036
v -0.298294 -0.420397 0.344317
v -0.275632 -0.502496 0.311167
v -0.281979 -0.485420 0.311167
v -0.290689 -0.460527 0.311167
v -0.296789 -0.440318 0.311167
v -0.276028 -0.503551 0.286274
v -0.282350 -0.485420 0.286274
v -0.290379 -0.460527 0.286274
v -0.296503 -0.440487 0.286274
v -0.275815 -0.502557 0.261380
v -0.281651 -0.485420 0.261380
v -0.289089 -0.460527 0.261380
v -0.296213 -0.434572 0.259835
v -0.298568 -0.422601 0.250507
v -0.275003 -0.500292 0.242603
v -0.278398 -0.487352 0.235178
v -0.286713 -0.460527 0.236487
v -0.293110 -0.435634 0.236487
v -0.297503 -0.418102 0.236487
v -0.276943 -0.480907 0.211594
v -0.283062 -0.460527 0.211594
v -0.289023 -0.435634 0.211594
v -0.295379 -0.409513 0.212484
v -0.253675 -0.531453 0.385847
v -0.263855 -0.510314 0.385847
v -0.271560 -0.491405 0.385847
v -0.249820 -0.549250 0.353382
v -0.254659 -0.536996 0.361389
v -0.268726 -0.508394 0.360660
v -0.273266 -0.496463 0.368762
v -0.251102 -0.551713 0.336060
v -0.259200 -0.535207 0.336060
v -0.269478 -0.512842 0.336060
v -0.252231 -0.553404 0.311167
v -0.261565 -0.535207 0.311167
v -0.270715 -0.514942 0.311167
v -0.252041 -0.552777 0.286274
v -0.261741 -0.535207 0.286274
v -0.271079 -0.515998 0.286274
v -0.250972 -0.551190 0.261380
v -0.259740 -0.535207 0.261380
v -0.270148 -0.515003 0.261380
v -0.249900 -0.549389 0.241860
v -0.255042 -0.537496 0.234732
v -0.269168 -0.509279 0.235178
v -0.273442 -0.496938 0.226007
v -0.253558 -0.532290 0.211594
v -0.264004 -0.510314 0.211594
v -0.271826 -0.493354 0.211594
v -0.226808 -0.576635 0.385847
v -0.237094 -0.560100 0.385847
v -0.246773 -0.543900 0.385847
v -0.229422 -0.580801 0.360954
v -0.242891 -0.558569 0.361389
v -0.248282 -0.546487 0.369977
v -0.231641 -0.583764 0.336060
v -0.244087 -0.564159 0.336060
v -0.232448 -0.584618 0.311167
v -0.244895 -0.565850 0.311167
v -0.231973 -0.584374 0.286274
v -0.244420 -0.565224 0.286274
v -0.231298 -0.583952 0.261380
v -0.243745 -0.563637 0.261380
v -0.230290 -0.582190 0.236487
v -0.243876 -0.558653 0.234732
v -0.248767 -0.547320 0.225265
v -0.228117 -0.578297 0.211594
v -0.239189 -0.560100 0.211594
v -0.247559 -0.544737 0.211594
v -0.218129 -0.589081 0.385847
v -0.221102 -0.593247 0.360954
v -0.223192 -0.596211 0.336060
v -0.223767 -0.597064 0.311167
v -0.223608 -0.596821 0.286274
v -0.223345 -0.596399 0.261380
v -0.221936 -0.594637 0.236487
v -0.218952 -0.590744 0.211594
v -0.299986 -0.381681 0.380970
v -0.300833 -0.360954 0.384524
v -0.300965 -0.336060 0.383915
v -0.300804 -0.311167 0.383158
v -0.300403 -0.286274 0.381902
v -0.299629 -0.268513 0.378484
v -0.301251 -0.388326 0.363427
v -0.304903 -0.360954 0.360954
v -0.305725 -0.336060 0.360954
v -0.304796 -0.311167 0.360954
v -0.303293 -0.286274 0.360954
v -0.300696 -0.260681 0.361539
v -0.299545 -0.245791 0.353632
v -0.304393 -0.385847 0.336060
v -0.307742 -0.360954 0.336060
v -0.308997 -0.336060 0.336060
v -0.307680 -0.311167 0.336060
v -0.305475 -0.286274 0.336060
v -0.303271 -0.261380 0.336060
v -0.300444 -0.240415 0.336060
v -0.305941 -0.385847 0.311167
v -0.308540 -0.360954 0.311167
v -0.310189 -0.336060 0.311167
v -0.309625 -0.311167 0.311167
v -0.307357 -0.286274 0.311167
v -0.304724 -0.261380 0.311167
v -0.300615 -0.234047 0.313125
v -0.298849 -0.223658 0.306133
v -0.306151 -0.385847 0.286274
v -0.308363 -0.360954 0.286274
v -0.310356 -0.336060 0.286274
v -0.310264 -0.311167 0.286274
v -0.307756 -0.286274 0.286274
v -0.304407 -0.261380 0.286274
v -0.300345 -0.234770 0.286767
v -0.298849 -0.223658 0.295394
v -0.305556 -0.385847 0.261380
v -0.307192 -0.360954 0.261380
v -0.308631 -0.336060 0.261380
v -0.308763 -0.311167 0.261380
v -0.306456 -0.286274 0.261380
v -0.302818 -0.261380 0.261380
v -0.299860 -0.241137 0.261380
v -0.303205 -0.385847 0.236487
v -0.304568 -0.360954 0.236487
v -0.305628 -0.336060 0.236487
v -0.306367 -0.311167 0.236487
v -0.304624 -0.286274 0.236487
v -0.300598 -0.260889 0.236738
v -0.299215 -0.245549 0.245203
v -0.300038 -0.385847 0.215950
v -0.300492 -0.362227 0.209209
v -0.301614 -0.336060 0.211594
v -0.302313 -0.311167 0.211594
v -0.300854 -0.287441 0.211514
v -0.299648 -0.268859 0.219759
v -0.297723 -0.388326 0.387900
v -0.298459 -0.360954 0.396971
v -0.298308 -0.336060 0.396361
v -0.298146 -0.311167 0.395604
v -0.297935 -0.286274 0.394349
v -0.296736 -0.260681 0.386408
v -0.291446 -0.236487 0.385847
v -0.284806 -0.211594 0.385847
v -0.298718 -0.398276 0.373374
v -0.298188 -0.251917 0.370228
v -0.295872 -0.237090 0.361539
v -0.288990 -0.211594 0.360954
v -0.297651 -0.227969 0.336060
v -0.292853 -0.211594 0.336060
v -0.298705 -0.224123 0.322729
v -0.295450 -0.213853 0.313125
v -0.298531 -0.225327 0.278799
v -0.295340 -0.213853 0.286767
v -0.298040 -0.228690 0.261380
v -0.293900 -0.211594 0.261380
v -0.298098 -0.252263 0.228608
v -0.296613 -0.236945 0.236738
v -0.291266 -0.211594 0.236487
v -0.297893 -0.385847 0.203503
v -0.298693 -0.371373 0.199322
v -0.297850 -0.279922 0.203163
v -0.296372 -0.260889 0.211514
v -0.291831 -0.236487 0.211594
v -0.286591 -0.211594 0.211594
v -0.277424 -0.185389 0.386475
v -0.274775 -0.171753 0.378596
v -0.282172 -0.186700 0.360954
v -0.276295 -0.166948 0.360954
v -0.285282 -0.186700 0.336060
v -0.277633 -0.162861 0.336060
v -0.286291 -0.186700 0.311167
v -0.277921 -0.162340 0.311167
v -0.286276 -0.186700 0.286274
v -0.277913 -0.162362 0.286274
v -0.285856 -0.186700 0.261380
v -0.277549 -0.164097 0.261380
v -0.283219 -0.186700 0.236487
v -0.276060 -0.168654 0.236487
v -0.278208 -0.185371 0.211652
v -0.274562 -0.172409 0.219989
v -0.273211 -0.176218 0.395191
v -0.269242 -0.162796 0.386475
v -0.255809 -0.134857 0.387560
v -0.250823 -0.120563 0.380404
v -0.271750 -0.154502 0.360954
v -0.263127 -0.136913 0.360954
v -0.252757 -0.117301 0.360954
v -0.273451 -0.150414 0.336060
v -0.266262 -0.136913 0.336060
v -0.254191 -0.115211 0.336060
v -0.273640 -0.149893 0.311167
v -0.267337 -0.136913 0.311167
v -0.255077 -0.113650 0.311167
v -0.273636 -0.149915 0.286274
v -0.268199 -0.136913 0.286274
v -0.255943 -0.112709 0.286274
v -0.272929 -0.151650 0.261380
v -0.267002 -0.136913 0.261380
v -0.255453 -0.113914 0.261380
v -0.271097 -0.156207 0.236487
v -0.263266 -0.136913 0.236487
v -0.253550 -0.116713 0.236487
v -0.273056 -0.176187 0.203393
v -0.269373 -0.163190 0.211652
v -0.258886 -0.136913 0.211594
v -0.251428 -0.119994 0.211594
v -0.248584 -0.125188 0.397000
v -0.244827 -0.112167 0.387560
v -0.230760 -0.085753 0.385726
v -0.225139 -0.073275 0.377348
v -0.246208 -0.104855 0.360954
v -0.236146 -0.087127 0.360954
v -0.226425 -0.071473 0.360954
v -0.247121 -0.102764 0.336060
v -0.238239 -0.087127 0.336060
v -0.227605 -0.069471 0.336060
v -0.248008 -0.101203 0.311167
v -0.240012 -0.087127 0.311167
v -0.228491 -0.067452 0.311167
v -0.248523 -0.100262 0.286274
v -0.240581 -0.087127 0.286274
v -0.228545 -0.067304 0.286274
v -0.247717 -0.101468 0.261380
v -0.238508 -0.087127 0.261380
v -0.227278 -0.069638 0.261380
v -0.245962 -0.104266 0.236487
v -0.234998 -0.087127 0.236487
v -0.225523 -0.072371 0.236487
v -0.244207 -0.107547 0.211594
v -0.230458 -0.085474 0.212567
v -0.224444 -0.074052 0.221513
v -0.222739 -0.076540 0.393943
v -0.215262 -0.063880 0.385726
v -0.201596 -0.046860 0.385847
v -0.216274 -0.059027 0.360954
v -0.203827 -0.044268 0.360954
v -0.218277 -0.057024 0.336060
v -0.205830 -0.041906 0.336060
v -0.220234 -0.055006 0.311167
v -0.207787 -0.040138 0.311167
v -0.220485 -0.054857 0.286274
v -0.208039 -0.040140 0.286274
v -0.219017 -0.057191 0.261380
v -0.206571 -0.041316 0.261380
v -0.217453 -0.059924 0.236487
v -0.205007 -0.042627 0.236487
v -0.223052 -0.076074 0.204918
v -0.216369 -0.064346 0.212567
v -0.202746 -0.045232 0.211594
v -0.202901 -0.602282 0.186700
v -0.200387 -0.599117 0.170986
v -0.275160 -0.476184 0.193961
v -0.277350 -0.461038 0.186078
v -0.283475 -0.435634 0.186700
v -0.289136 -0.410740 0.186700
v -0.275061 -0.453081 0.170070
v -0.276722 -0.434662 0.161786
v -0.281925 -0.410740 0.161807
v -0.274369 -0.425716 0.147952
v -0.275990 -0.410740 0.143783
v -0.250620 -0.526349 0.186700
v -0.257922 -0.510314 0.186700
v -0.269187 -0.484857 0.186078
v -0.272953 -0.469677 0.177365
v -0.248953 -0.522803 0.174196
v -0.251738 -0.509076 0.164262
v -0.261493 -0.485420 0.161807
v -0.270374 -0.461038 0.161786
v -0.272576 -0.442311 0.153475
v -0.249867 -0.499953 0.146983
v -0.253144 -0.484811 0.137976
v -0.261643 -0.460527 0.136913
v -0.268778 -0.434662 0.138558
v -0.271152 -0.410740 0.131336
v -0.250350 -0.476107 0.121321
v -0.252858 -0.460527 0.116043
v -0.255692 -0.437855 0.109658
v -0.262907 -0.410740 0.112020
v -0.250766 -0.431038 0.095928
v -0.253135 -0.410740 0.091216
v -0.225726 -0.574810 0.194022
v -0.231727 -0.561723 0.186115
v -0.244832 -0.538796 0.186700
v -0.228679 -0.554712 0.161807
v -0.241012 -0.532743 0.164262
v -0.246141 -0.516548 0.157600
v -0.225729 -0.550213 0.145371
v -0.229570 -0.535317 0.137009
v -0.242052 -0.509076 0.137976
v -0.246532 -0.492703 0.130387
v -0.226063 -0.527093 0.120385
v -0.229954 -0.510200 0.112061
v -0.242243 -0.484811 0.112622
v -0.247064 -0.460527 0.103596
v -0.248829 -0.447634 0.099785
v -0.225977 -0.501826 0.095919
v -0.229599 -0.484759 0.087423
v -0.238433 -0.460527 0.087127
v -0.244625 -0.437855 0.087429
v -0.246790 -0.410740 0.078769
v -0.225459 -0.476020 0.072478
v -0.227856 -0.460527 0.068625
v -0.230191 -0.434766 0.061200
v -0.237130 -0.410740 0.062233
v -0.224773 -0.425890 0.048651
v -0.226826 -0.410740 0.045356
v -0.216459 -0.583862 0.186115
v -0.222995 -0.571102 0.177426
v -0.206713 -0.585889 0.162336
v -0.220121 -0.567159 0.161807
v -0.202629 -0.577296 0.136913
v -0.215709 -0.559147 0.137009
v -0.222107 -0.543689 0.128775
v -0.199672 -0.573239 0.123348
v -0.204362 -0.559390 0.113838
v -0.217679 -0.535317 0.112061
v -0.221866 -0.518421 0.103790
v -0.200950 -0.550619 0.096679
v -0.204651 -0.534049 0.087879
v -0.216953 -0.510200 0.087423
v -0.221454 -0.492615 0.079323
v -0.200393 -0.524979 0.072730
v -0.203719 -0.508524 0.063553
v -0.215381 -0.484759 0.063401
v -0.219689 -0.460527 0.056179
v -0.222449 -0.442486 0.052214
v -0.199810 -0.499033 0.048869
v -0.202710 -0.485420 0.045045
v -0.205969 -0.459077 0.036587
v -0.215481 -0.434766 0.039148
v -0.218545 -0.410740 0.032909
v -0.199724 -0.449813 0.024130
v -0.202088 -0.435634 0.021005
v -0.206098 -0.410740 0.016462
v -0.298806 -0.354777 0.198805
v -0.298933 -0.336060 0.198295
v -0.299103 -0.311167 0.197616
v -0.299032 -0.296518 0.197900
v -0.293741 -0.385847 0.186700
v -0.296248 -0.362227 0.188984
v -0.295820 -0.336060 0.185848
v -0.295990 -0.311167 0.185170
v -0.295538 -0.287441 0.188442
v -0.291085 -0.261380 0.186700
v -0.286435 -0.236487 0.186700
v -0.281588 -0.211594 0.186700
v -0.286789 -0.385847 0.161807
v -0.289044 -0.360954 0.161807
v -0.289249 -0.336060 0.161807
v -0.289454 -0.311167 0.161807
v -0.288204 -0.286274 0.161807
v -0.284380 -0.261380 0.161807
v -0.278577 -0.235237 0.160018
v -0.276450 -0.211594 0.166925
v -0.277962 -0.385527 0.135786
v -0.280688 -0.360954 0.136913
v -0.280758 -0.336060 0.136913
v -0.280829 -0.311167 0.136913
v -0.278474 -0.284571 0.134644
v -0.277100 -0.261380 0.140861
v -0.275137 -0.242702 0.145959
v -0.274495 -0.377016 0.122850
v -0.274847 -0.360954 0.121972
v -0.274883 -0.336060 0.121828
v -0.274918 -0.311167 0.121681
v -0.274566 -0.291734 0.122560
v -0.273393 -0.226107 0.150527
v -0.271813 -0.211594 0.154478
v -0.272943 -0.393612 0.126736
v -0.273686 -0.275138 0.124834
v -0.272307 -0.261380 0.128414
v -0.270257 -0.235237 0.137362
v -0.265027 -0.211594 0.136913
v -0.268824 -0.385527 0.113539
v -0.269514 -0.360954 0.109525
v -0.269668 -0.336060 0.109381
v -0.269819 -0.311167 0.109234
v -0.270043 -0.284571 0.113365
v -0.265651 -0.261380 0.112020
v -0.260381 -0.236487 0.112020
v -0.254192 -0.210550 0.110247
v -0.254960 -0.386810 0.085117
v -0.258499 -0.360954 0.087127
v -0.258807 -0.336060 0.087127
v -0.259112 -0.311167 0.087127
v -0.257695 -0.286274 0.087127
v -0.253591 -0.263756 0.086448
v -0.252071 -0.236487 0.093970
v -0.250151 -0.218153 0.097382
v -0.249837 -0.379153 0.073124
v -0.250365 -0.360954 0.072142
v -0.250519 -0.336060 0.071765
v -0.250673 -0.311167 0.071450
v -0.249872 -0.286274 0.072941
v -0.248974 -0.273638 0.074610
v -0.248386 -0.201557 0.100768
v -0.248523 -0.395749 0.075480
v -0.247198 -0.257042 0.077698
v -0.244998 -0.236487 0.081524
v -0.243140 -0.210550 0.088301
v -0.242963 -0.386810 0.063789
v -0.242885 -0.360954 0.059695
v -0.243387 -0.336060 0.059319
v -0.243764 -0.311167 0.059003
v -0.242881 -0.286274 0.060494
v -0.241148 -0.263756 0.064681
v -0.233903 -0.236487 0.062233
v -0.228541 -0.214053 0.062044
v -0.229332 -0.385847 0.041891
v -0.230438 -0.360954 0.040747
v -0.230940 -0.336060 0.039936
v -0.231317 -0.311167 0.039392
v -0.230434 -0.286274 0.040779
v -0.228057 -0.261380 0.044063
v -0.225392 -0.236487 0.047788
v -0.224053 -0.223991 0.049766
v -0.221680 -0.207395 0.053620
v -0.220897 -0.385847 0.029444
v -0.221614 -0.360954 0.028301
v -0.222203 -0.336060 0.027489
v -0.222515 -0.311167 0.026945
v -0.221334 -0.286274 0.028333
v -0.218922 -0.261380 0.031616
v -0.216510 -0.236487 0.035341
v -0.211650 -0.212121 0.037574
v -0.208450 -0.385847 0.013899
v -0.207457 -0.361202 0.010232
v -0.211104 -0.336060 0.012447
v -0.211567 -0.311167 0.012447
v -0.207354 -0.286622 0.010648
v -0.206476 -0.261380 0.015688
v -0.204064 -0.236487 0.018718
v -0.201621 -0.216847 0.021786
v -0.276446 -0.192533 0.186700
v -0.274796 -0.196693 0.171613
v -0.271323 -0.180087 0.186700
v -0.263602 -0.161807 0.186700
v -0.253260 -0.136562 0.187292
v -0.249844 -0.122718 0.195984
v -0.267490 -0.187717 0.162712
v -0.255153 -0.160811 0.161033
v -0.251015 -0.144626 0.168815
v -0.255822 -0.185059 0.135399
v -0.251488 -0.168444 0.142686
v -0.251813 -0.192263 0.117364
v -0.247367 -0.128030 0.179389
v -0.241818 -0.113460 0.187292
v -0.228768 -0.092553 0.186700
v -0.247839 -0.151849 0.152219
v -0.244491 -0.136562 0.161033
v -0.231257 -0.110843 0.161545
v -0.225782 -0.097116 0.169669
v -0.248312 -0.175667 0.126091
v -0.245342 -0.160811 0.135399
v -0.235414 -0.136913 0.136913
v -0.226990 -0.119360 0.136913
v -0.245652 -0.185059 0.110247
v -0.235917 -0.161807 0.112020
v -0.226765 -0.139229 0.114012
v -0.224419 -0.123768 0.123638
v -0.225200 -0.005428 0.101813
v -0.232710 -0.185645 0.085721
v -0.227139 -0.161807 0.094541
v -0.224175 -0.149070 0.099354
v -0.226120 -0.028501 0.081074
v -0.228398 -0.013214 0.088474
v -0.226742 -0.193240 0.070215
v -0.229021 -0.033099 0.062233
v -0.236953 -0.012447 0.062233
v -0.224374 -0.050157 0.027743
v -0.230323 -0.039251 0.036560
v -0.242158 -0.012447 0.037340
v -0.225070 -0.050914 0.012447
v -0.234092 -0.037340 0.012447
v -0.244885 -0.012447 0.012447
v -0.220193 -0.080106 0.186700
v -0.206882 -0.061206 0.186938
v -0.200573 -0.048006 0.195395
v -0.222629 -0.101761 0.153073
v -0.216455 -0.088142 0.161545
v -0.203171 -0.068789 0.161807
v -0.220278 -0.106913 0.136913
v -0.206820 -0.085659 0.137173
v -0.200356 -0.072687 0.145645
v -0.202717 -0.031413 0.129969
v -0.205604 -0.012447 0.134394
v -0.220313 -0.132474 0.107043
v -0.212076 -0.112316 0.112128
v -0.203839 -0.092979 0.117214
v -0.200327 -0.051122 0.103476
v -0.206535 -0.038762 0.111872
v -0.218808 -0.013214 0.110874
v -0.222928 -0.176644 0.076487
v -0.219475 -0.161807 0.082094
v -0.211391 -0.137348 0.087455
v -0.203718 -0.117460 0.092151
v -0.203607 -0.054922 0.087127
v -0.217210 -0.037015 0.088474
v -0.223306 -0.022023 0.097669
v -0.218223 -0.185645 0.062044
v -0.206697 -0.161621 0.061485
v -0.202470 -0.142221 0.069284
v -0.208354 -0.058762 0.062233
v -0.220801 -0.045546 0.062233
v -0.205156 -0.186700 0.041748
v -0.201222 -0.169795 0.046878
v -0.213610 -0.058375 0.036560
v -0.223252 -0.048822 0.044338
v -0.211594 -0.062554 0.012447
v -0.056522 -0.602528 0.601547
v -0.026317 -0.598516 0.623202
v -0.028651 -0.624538 0.599673
v -0.035782 -0.608820 0.608908
v -0.012447 -0.602887 0.627431
v -0.012447 -0.628441 0.603725
v -0.012447 -0.615334 0.616171
v -0.175091 -0.450027 0.598310
v -0.177227 -0.435634 0.600865
v -0.180395 -0.410740 0.604703
v -0.149830 -0.449078 0.622779
v -0.152791 -0.435634 0.625587
v -0.157100 -0.410740 0.629627
v -0.150767 -0.500854 0.598776
v -0.154398 -0.485420 0.602222
v -0.160548 -0.457851 0.608692
v -0.165238 -0.435634 0.613312
v -0.169547 -0.410740 0.617150
v -0.126898 -0.430131 0.648884
v -0.130112 -0.410740 0.651198
v -0.125428 -0.499300 0.623218
v -0.128836 -0.485420 0.626459
v -0.137343 -0.458637 0.630132
v -0.135883 -0.437311 0.639655
v -0.142558 -0.410740 0.642074
v -0.129769 -0.529344 0.601509
v -0.135896 -0.508375 0.608440
v -0.141282 -0.485420 0.614668
v -0.145926 -0.465674 0.619075
v -0.101032 -0.402459 0.673114
v -0.103861 -0.479485 0.650488
v -0.108657 -0.460527 0.653672
v -0.114225 -0.437311 0.655807
v -0.110406 -0.410750 0.664748
v -0.102347 -0.526198 0.624458
v -0.111195 -0.508684 0.628490
v -0.112104 -0.486838 0.639942
v -0.121104 -0.460527 0.644194
v -0.123993 -0.446727 0.646865
v -0.099782 -0.572771 0.597607
v -0.104916 -0.560100 0.601536
v -0.112715 -0.536069 0.610420
v -0.118943 -0.515896 0.618104
v -0.078625 -0.454600 0.674738
v -0.082777 -0.435634 0.677585
v -0.088748 -0.410750 0.679507
v -0.074915 -0.523051 0.647396
v -0.079997 -0.510314 0.650532
v -0.088750 -0.486838 0.656278
v -0.087004 -0.461950 0.666892
v -0.095223 -0.435634 0.669156
v -0.098126 -0.419054 0.671134
v -0.079055 -0.552392 0.625684
v -0.085283 -0.532922 0.633369
v -0.092443 -0.510314 0.641812
v -0.098130 -0.496080 0.646181
v -0.087127 -0.578053 0.601875
v -0.087262 -0.560454 0.614122
v -0.095651 -0.542793 0.619330
v -0.052758 -0.428108 0.698800
v -0.055926 -0.410740 0.700237
v -0.050274 -0.498495 0.672374
v -0.055349 -0.485420 0.675012
v -0.063901 -0.461950 0.680022
v -0.061527 -0.436097 0.690619
v -0.068373 -0.410740 0.693055
v -0.051058 -0.548778 0.648064
v -0.060507 -0.532892 0.650952
v -0.060036 -0.508201 0.662950
v -0.067796 -0.485420 0.668542
v -0.073311 -0.471196 0.671409
v -0.053898 -0.575653 0.624841
v -0.060776 -0.558883 0.633560
v -0.067653 -0.539647 0.642279
v -0.063508 -0.585957 0.610664
v -0.070494 -0.568987 0.619781
v -0.030544 -0.455402 0.699610
v -0.038241 -0.436097 0.702389
v -0.037340 -0.410740 0.708519
v -0.026854 -0.524445 0.673090
v -0.036027 -0.508201 0.675594
v -0.037340 -0.485420 0.684372
v -0.038241 -0.462431 0.693157
v -0.047139 -0.444704 0.695666
v -0.037340 -0.553962 0.651223
v -0.036027 -0.533728 0.663503
v -0.043449 -0.515090 0.669026
v -0.035705 -0.584368 0.628899
v -0.037340 -0.566408 0.642336
v -0.042913 -0.592248 0.618143
v -0.002987 -0.402491 0.722909
v -0.001036 -0.498804 0.697548
v -0.006419 -0.485420 0.699934
v -0.014471 -0.462431 0.703792
v -0.012447 -0.435634 0.711888
v -0.011749 -0.410769 0.717988
v -0.012447 -0.529313 0.675893
v -0.010579 -0.508386 0.687836
v -0.018866 -0.485420 0.693928
v -0.024119 -0.471998 0.696630
v -0.006788 -0.577370 0.650031
v -0.014030 -0.561983 0.656153
v -0.012447 -0.541760 0.668728
v -0.014030 -0.585398 0.640908
v -0.023384 -0.571536 0.646496
v -0.174478 -0.326882 0.622549
v -0.174478 -0.321170 0.622549
v -0.183298 -0.385847 0.607459
v -0.188409 -0.359770 0.606930
v -0.186579 -0.335619 0.609960
v -0.183190 -0.312190 0.612024
v -0.183766 -0.286274 0.608167
v -0.182275 -0.261380 0.606357
v -0.180319 -0.236487 0.603717
v -0.177489 -0.216884 0.600512
v -0.159491 -0.385847 0.631492
v -0.160770 -0.360954 0.632312
v -0.164069 -0.335532 0.631102
v -0.163984 -0.312190 0.631751
v -0.160275 -0.286274 0.633397
v -0.158226 -0.261380 0.630591
v -0.154731 -0.236487 0.626875
v -0.151476 -0.218047 0.624123
v -0.171938 -0.385847 0.619906
v -0.173216 -0.360954 0.621392
v -0.173875 -0.343477 0.622003
v -0.173733 -0.304575 0.621747
v -0.172721 -0.286274 0.620614
v -0.170673 -0.261380 0.618804
v -0.167178 -0.236487 0.616164
v -0.162604 -0.209168 0.611066
v -0.132866 -0.385847 0.653958
v -0.134091 -0.360954 0.655644
v -0.135028 -0.336060 0.656242
v -0.135934 -0.311167 0.655949
v -0.135236 -0.286274 0.654891
v -0.131930 -0.261380 0.653008
v -0.127563 -0.236487 0.649845
v -0.125066 -0.222343 0.647734
v -0.145312 -0.385847 0.643939
v -0.146538 -0.360954 0.644759
v -0.147475 -0.336060 0.645579
v -0.148381 -0.311167 0.646390
v -0.147682 -0.286274 0.645844
v -0.144377 -0.261380 0.643037
v -0.140010 -0.236487 0.639322
v -0.136806 -0.211898 0.634690
v -0.148546 -0.201452 0.621619
v -0.103904 -0.385847 0.675095
v -0.106872 -0.360954 0.677346
v -0.107484 -0.336060 0.677586
v -0.106368 -0.311167 0.676480
v -0.104564 -0.286274 0.675322
v -0.102687 -0.261380 0.674165
v -0.100998 -0.244065 0.673098
v -0.116350 -0.385847 0.666405
v -0.119318 -0.360954 0.668091
v -0.119930 -0.336060 0.668688
v -0.118815 -0.311167 0.668396
v -0.117011 -0.286274 0.667338
v -0.115133 -0.261380 0.665454
v -0.110386 -0.236055 0.663792
v -0.113043 -0.213065 0.654681
v -0.122023 -0.205748 0.645257
v -0.075174 -0.329471 0.697318
v -0.075174 -0.320202 0.697318
v -0.087127 -0.385847 0.685718
v -0.087127 -0.360954 0.689113
v -0.084934 -0.337085 0.691355
v -0.084934 -0.311609 0.690271
v -0.087127 -0.286274 0.686509
v -0.087127 -0.261380 0.684030
v -0.088961 -0.236055 0.678914
v -0.081528 -0.211594 0.676203
v -0.098482 -0.227469 0.671345
v -0.093975 -0.211594 0.668611
v -0.058688 -0.385847 0.701276
v -0.060807 -0.360954 0.702267
v -0.064568 -0.337085 0.702191
v -0.064298 -0.311609 0.702813
v -0.060137 -0.286274 0.703233
v -0.057043 -0.261380 0.700739
v -0.053250 -0.242115 0.698558
v -0.071135 -0.385847 0.695190
v -0.073254 -0.360954 0.696334
v -0.074422 -0.346067 0.696891
v -0.073972 -0.303607 0.696560
v -0.072584 -0.286274 0.695754
v -0.069490 -0.261380 0.694432
v -0.061822 -0.234885 0.693063
v -0.062233 -0.211594 0.686634
v -0.025206 -0.325488 0.722049
v -0.025206 -0.320578 0.722049
v -0.037340 -0.385847 0.711471
v -0.037340 -0.360954 0.713452
v -0.035038 -0.334696 0.716638
v -0.035038 -0.311835 0.717420
v -0.037340 -0.286274 0.714614
v -0.037340 -0.261380 0.710012
v -0.039379 -0.234885 0.703104
v -0.033052 -0.211594 0.700650
v -0.049035 -0.225519 0.696679
v -0.045498 -0.211594 0.694999
v -0.006620 -0.385847 0.724744
v -0.009787 -0.360954 0.726384
v -0.014283 -0.334696 0.725543
v -0.014454 -0.311835 0.724992
v -0.009491 -0.286274 0.724968
v -0.004953 -0.261380 0.723748
v -0.001443 -0.246092 0.722551
v -0.019067 -0.385847 0.719656
v -0.022234 -0.360954 0.720646
v -0.023805 -0.342084 0.721396
v -0.024090 -0.303982 0.721664
v -0.021937 -0.286274 0.720842
v -0.017399 -0.261380 0.718734
v -0.010823 -0.237271 0.716372
v -0.012447 -0.211594 0.709655
v -0.157859 -0.186700 0.606134
v -0.152916 -0.167262 0.601449
v -0.133307 -0.186700 0.629914
v -0.128770 -0.167188 0.626113
v -0.145754 -0.186700 0.618581
v -0.138719 -0.158927 0.611521
v -0.131676 -0.136913 0.604355
v -0.126473 -0.122129 0.599102
v -0.104940 -0.186700 0.651121
v -0.100875 -0.172415 0.648024
v -0.117387 -0.186700 0.642361
v -0.112224 -0.161504 0.635214
v -0.105339 -0.136913 0.626550
v -0.099857 -0.124136 0.622569
v -0.123573 -0.150593 0.621594
v -0.117786 -0.136913 0.616801
v -0.109605 -0.114835 0.607887
v -0.102757 -0.095863 0.600077
v -0.076604 -0.196429 0.673299
v -0.085792 -0.187559 0.663827
v -0.086872 -0.163193 0.652602
v -0.078405 -0.144098 0.649509
v -0.095001 -0.155819 0.644315
v -0.086872 -0.136246 0.639747
v -0.085514 -0.114311 0.627285
v -0.076142 -0.097922 0.623544
v -0.092737 -0.107540 0.616673
v -0.085889 -0.088595 0.608823
v -0.079041 -0.070413 0.600973
v -0.062353 -0.187559 0.677993
v -0.054134 -0.168112 0.674783
v -0.070730 -0.179833 0.669702
v -0.062353 -0.160611 0.666498
v -0.063433 -0.136246 0.655233
v -0.055935 -0.118192 0.650927
v -0.072531 -0.127503 0.645735
v -0.063433 -0.110744 0.641253
v -0.059767 -0.088625 0.627226
v -0.049825 -0.074654 0.622356
v -0.066421 -0.081326 0.617569
v -0.059360 -0.064236 0.608215
v -0.052300 -0.048079 0.598861
v -0.028225 -0.192924 0.698499
v -0.036849 -0.185456 0.691890
v -0.038783 -0.160611 0.680408
v -0.031446 -0.143230 0.675526
v -0.048042 -0.151516 0.671186
v -0.038783 -0.135724 0.668078
v -0.038229 -0.110744 0.655194
v -0.030524 -0.095860 0.649712
v -0.047119 -0.101596 0.645850
v -0.038229 -0.087388 0.639283
v -0.037340 -0.070411 0.625883
v -0.037340 -0.057965 0.615534
v -0.037340 -0.042995 0.603087
v -0.013986 -0.185456 0.702100
v -0.006714 -0.169327 0.699063
v -0.023309 -0.176328 0.696460
v -0.013986 -0.161340 0.692812
v -0.013139 -0.135724 0.679487
v -0.005303 -0.120630 0.674252
v -0.021898 -0.126634 0.670917
v -0.013139 -0.112207 0.666424
v -0.011127 -0.087388 0.652794
v -0.001950 -0.073355 0.648201
v -0.018545 -0.079264 0.643640
v -0.011485 -0.062887 0.634237
v -0.004424 -0.046780 0.624834
v -0.021020 -0.052419 0.620145
v -0.013960 -0.036312 0.610742
v -0.006899 -0.020816 0.601339
v -0.175517 -0.598937 0.475247
v -0.179608 -0.603781 0.460527
v -0.176805 -0.625176 0.429032
v -0.186765 -0.610019 0.435963
v -0.179786 -0.628466 0.410740
v -0.192233 -0.614271 0.410740
v -0.154310 -0.603197 0.505620
v -0.151764 -0.624738 0.477267
v -0.161335 -0.609365 0.484555
v -0.156507 -0.629425 0.460527
v -0.168954 -0.616228 0.460527
v -0.152309 -0.650069 0.429005
v -0.162695 -0.635578 0.437316
v -0.173081 -0.620994 0.445627
v -0.155598 -0.653238 0.410740
v -0.168045 -0.640912 0.410740
v -0.125046 -0.598029 0.548309
v -0.130836 -0.603836 0.535207
v -0.130281 -0.627584 0.505671
v -0.139628 -0.612586 0.513943
v -0.126237 -0.648826 0.475829
v -0.136557 -0.634459 0.484846
v -0.146876 -0.619792 0.493862
v -0.130983 -0.652970 0.460527
v -0.143429 -0.641872 0.460527
v -0.126622 -0.673876 0.427008
v -0.137301 -0.659975 0.436305
v -0.147979 -0.645980 0.445601
v -0.129636 -0.676301 0.410740
v -0.142083 -0.665685 0.410740
v -0.100122 -0.597917 0.573097
v -0.109860 -0.602686 0.558004
v -0.107445 -0.628914 0.530344
v -0.114253 -0.617121 0.537268
v -0.104496 -0.651382 0.503968
v -0.114268 -0.636547 0.513117
v -0.124040 -0.621975 0.522266
v -0.112484 -0.655577 0.484644
v -0.121091 -0.644179 0.492424
v -0.104895 -0.675799 0.456085
v -0.112724 -0.666676 0.462841
v -0.112724 -0.679876 0.435437
v -0.121491 -0.669881 0.443604
v -0.102188 -0.698937 0.404254
v -0.111099 -0.689917 0.411828
v -0.087127 -0.603359 0.578411
v -0.082236 -0.628651 0.554933
v -0.089171 -0.616739 0.561979
v -0.080823 -0.651447 0.528668
v -0.089827 -0.637080 0.537804
v -0.098832 -0.621714 0.546939
v -0.077128 -0.673800 0.500324
v -0.087273 -0.659712 0.510444
v -0.097419 -0.645510 0.520564
v -0.082593 -0.677581 0.485420
v -0.095040 -0.668912 0.485420
v -0.076295 -0.698039 0.450509
v -0.087837 -0.685058 0.461595
v -0.099379 -0.671985 0.472681
v -0.081154 -0.700808 0.435634
v -0.093600 -0.692944 0.435634
v -0.088848 -0.704788 0.411828
v -0.098293 -0.696207 0.420850
v -0.057027 -0.627889 0.578187
v -0.065072 -0.611989 0.587299
v -0.055209 -0.650446 0.552263
v -0.064416 -0.636568 0.561896
v -0.073623 -0.621450 0.571529
v -0.051024 -0.672835 0.523784
v -0.061414 -0.659244 0.534524
v -0.071804 -0.645246 0.545264
v -0.060486 -0.677462 0.509298
v -0.067619 -0.668042 0.516919
v -0.053957 -0.699501 0.478056
v -0.062246 -0.690351 0.485981
v -0.062246 -0.702394 0.459495
v -0.070553 -0.694317 0.467105
v -0.050019 -0.722030 0.423531
v -0.059884 -0.713279 0.433351
v -0.054344 -0.724169 0.410740
v -0.066791 -0.717736 0.410740
v -0.028281 -0.649103 0.574538
v -0.036764 -0.634512 0.584660
v -0.045247 -0.619123 0.594782
v -0.036883 -0.655091 0.560377
v -0.044876 -0.644485 0.568859
v -0.037340 -0.676714 0.529443
v -0.037340 -0.668096 0.541890
v -0.029415 -0.698926 0.501366
v -0.037564 -0.689658 0.509924
v -0.037564 -0.703522 0.485981
v -0.046011 -0.695224 0.494652
v -0.027812 -0.723451 0.451884
v -0.036602 -0.715604 0.460320
v -0.036602 -0.725392 0.433351
v -0.044408 -0.719064 0.440126
v -0.037340 -0.731961 0.410740
v -0.012447 -0.652878 0.578433
v -0.012447 -0.640888 0.590879
v -0.007802 -0.676318 0.553039
v -0.014638 -0.666512 0.560842
v -0.001557 -0.697620 0.523869
v -0.012977 -0.685222 0.535556
v -0.024397 -0.671834 0.547243
v -0.010892 -0.701609 0.509924
v -0.018153 -0.694127 0.517962
v -0.003540 -0.723274 0.475494
v -0.012081 -0.715071 0.484443
v -0.012081 -0.726797 0.460320
v -0.020136 -0.720056 0.468480
v -0.012447 -0.735713 0.435634
v -0.003206 -0.748092 0.403380
v -0.011881 -0.742588 0.411303
v -0.175213 -0.499576 0.573665
v -0.179064 -0.485420 0.577483
v -0.182955 -0.459206 0.585782
v -0.191515 -0.437896 0.583815
v -0.192842 -0.410740 0.589986
v -0.176706 -0.527131 0.550963
v -0.180566 -0.508850 0.559597
v -0.192325 -0.486530 0.560281
v -0.196949 -0.460527 0.569575
v -0.199059 -0.447703 0.572432
v -0.178200 -0.553585 0.528085
v -0.185751 -0.533516 0.533927
v -0.193872 -0.510314 0.540538
v -0.197959 -0.495568 0.546051
v -0.177751 -0.576880 0.503597
v -0.186273 -0.559524 0.509691
v -0.194796 -0.539901 0.515786
v -0.181751 -0.585104 0.484295
v -0.195124 -0.566596 0.485420
v -0.193135 -0.585550 0.462338
v -0.198583 -0.571697 0.471843
v -0.196724 -0.594218 0.442895
v -0.153960 -0.529410 0.578130
v -0.160662 -0.508513 0.584195
v -0.166845 -0.485420 0.589929
v -0.171266 -0.466623 0.594606
v -0.155200 -0.554927 0.554467
v -0.162878 -0.536568 0.561013
v -0.170556 -0.516172 0.567559
v -0.155847 -0.580381 0.530099
v -0.163821 -0.562554 0.537390
v -0.171795 -0.543727 0.544680
v -0.163376 -0.586928 0.512906
v -0.172442 -0.570181 0.520192
v -0.170905 -0.593475 0.491843
v -0.124582 -0.572686 0.572677
v -0.129792 -0.560100 0.577965
v -0.138909 -0.537675 0.587183
v -0.146365 -0.517450 0.594726
v -0.129353 -0.582588 0.558004
v -0.143154 -0.561975 0.561699
v -0.148048 -0.546005 0.571063
v -0.143989 -0.587205 0.537121
v -0.148512 -0.571523 0.546694
v -0.148976 -0.596977 0.522216
v -0.108250 -0.581026 0.581185
v -0.117363 -0.560100 0.590412
v -0.123083 -0.545940 0.596236
v -0.116718 -0.589282 0.564904
v -0.087127 -0.590499 0.590858
v -0.073117 -0.596260 0.596412
v -0.195745 -0.385847 0.593418
v -0.197846 -0.367279 0.595903
v -0.198681 -0.327761 0.596915
v -0.197703 -0.311167 0.595812
v -0.196212 -0.286274 0.594131
v -0.194722 -0.261380 0.592343
v -0.192765 -0.236487 0.589461
v -0.187589 -0.210202 0.585545
v -0.197690 -0.203519 0.570718
v -0.173732 -0.200288 0.596853
v -0.181349 -0.186700 0.580545
v -0.176874 -0.169102 0.575500
v -0.193796 -0.186700 0.566376
v -0.186742 -0.161724 0.560148
v -0.179252 -0.136913 0.553406
v -0.175156 -0.123046 0.548829
v -0.196611 -0.154346 0.544065
v -0.191901 -0.136451 0.535543
v -0.179016 -0.113657 0.533555
v -0.175137 -0.098183 0.524156
v -0.197002 -0.127845 0.519370
v -0.192112 -0.111576 0.510769
v -0.178982 -0.088782 0.508644
v -0.175118 -0.073388 0.499233
v -0.196983 -0.102982 0.494447
v -0.191668 -0.087068 0.485858
v -0.178974 -0.068247 0.485420
v -0.196279 -0.078731 0.465737
v -0.186533 -0.062458 0.460105
v -0.176787 -0.046606 0.454474
v -0.192967 -0.058078 0.435634
v -0.180520 -0.041543 0.435634
v -0.196671 -0.053109 0.416940
v -0.186652 -0.037078 0.411212
v -0.176632 -0.022303 0.405485
v -0.170306 -0.186700 0.592991
v -0.162785 -0.159884 0.586096
v -0.156242 -0.136913 0.580261
v -0.151838 -0.120507 0.575284
v -0.172654 -0.152506 0.570744
v -0.168688 -0.136913 0.565853
v -0.160781 -0.113479 0.558978
v -0.153129 -0.095043 0.552531
v -0.169725 -0.106451 0.540752
v -0.161175 -0.088315 0.533768
v -0.152625 -0.071134 0.526784
v -0.169220 -0.081587 0.515829
v -0.160555 -0.063963 0.508301
v -0.151889 -0.047439 0.500773
v -0.169266 -0.055800 0.485420
v -0.156819 -0.042780 0.485420
v -0.173372 -0.050799 0.471069
v -0.163021 -0.036402 0.462461
v -0.152670 -0.021915 0.453852
v -0.170188 -0.029096 0.435634
v -0.157742 -0.017215 0.435634
v -0.173821 -0.025380 0.422081
v -0.162527 -0.011670 0.412744
v -0.148668 -0.150666 0.596692
v -0.144123 -0.136913 0.592708
v -0.136220 -0.113020 0.584245
v -0.129373 -0.094330 0.576610
v -0.145968 -0.103912 0.569127
v -0.137506 -0.086389 0.561021
v -0.129045 -0.070044 0.552915
v -0.145640 -0.078447 0.543379
v -0.136856 -0.062291 0.535142
v -0.128073 -0.046135 0.526904
v -0.144668 -0.054539 0.517369
v -0.135613 -0.038489 0.508945
v -0.126557 -0.023012 0.500522
v -0.143618 -0.030333 0.485420
v -0.131171 -0.018860 0.485420
v -0.147911 -0.026197 0.470448
v -0.137382 -0.012025 0.461344
v -0.144061 -0.004768 0.435634
v -0.148207 -0.001038 0.420003
v -0.119353 -0.105533 0.593205
v -0.112286 -0.086799 0.585395
v -0.105219 -0.068962 0.577585
v -0.121815 -0.077734 0.569510
v -0.113035 -0.061205 0.561272
v -0.104256 -0.045044 0.553035
v -0.120852 -0.053448 0.543499
v -0.112068 -0.037292 0.535262
v -0.103284 -0.021315 0.527024
v -0.119879 -0.029539 0.517117
v -0.110310 -0.013866 0.508312
v -0.117339 -0.006414 0.485420
v -0.122094 -0.002135 0.468837
v -0.095637 -0.079268 0.594181
v -0.087900 -0.061390 0.585707
v -0.080162 -0.045510 0.577233
v -0.096758 -0.052367 0.569630
v -0.087651 -0.036979 0.560289
v -0.078543 -0.022247 0.550947
v -0.095139 -0.028449 0.543620
v -0.085712 -0.013483 0.533822
v -0.092881 -0.004719 0.516102
v -0.068896 -0.053818 0.593828
v -0.060312 -0.038496 0.583942
v -0.051728 -0.023666 0.574055
v -0.068323 -0.028914 0.567543
v -0.060909 -0.017832 0.559587
v -0.062233 -0.004541 0.542002
v -0.037340 -0.030549 0.591666
v -0.037340 -0.019115 0.579220
v -0.039447 -0.005577 0.561230
v -0.049150 -0.000403 0.547152
v -0.023495 -0.025844 0.596531
v -0.014248 -0.011319 0.586216
v -0.021596 -0.001821 0.570280
v -0.183197 -0.632174 0.385847
v -0.195643 -0.618221 0.385847
v -0.176115 -0.649068 0.355057
v -0.187032 -0.635151 0.362042
v -0.197948 -0.620906 0.369027
v -0.177431 -0.650451 0.336060
v -0.189878 -0.637056 0.336060
v -0.177868 -0.650922 0.311167
v -0.190314 -0.637530 0.311167
v -0.177969 -0.650938 0.286274
v -0.190416 -0.637684 0.286274
v -0.177802 -0.650776 0.261380
v -0.190248 -0.637438 0.261380
v -0.176473 -0.649480 0.240656
v -0.187426 -0.635556 0.233838
v -0.198379 -0.621430 0.227020
v -0.183947 -0.632961 0.211594
v -0.196394 -0.619016 0.211594
v -0.159228 -0.656592 0.385847
v -0.171674 -0.644620 0.385847
v -0.150527 -0.673091 0.352748
v -0.162135 -0.660102 0.362200
v -0.173744 -0.646716 0.371653
v -0.151930 -0.674402 0.336060
v -0.164377 -0.662898 0.336060
v -0.152669 -0.675108 0.311167
v -0.165116 -0.663369 0.311167
v -0.152414 -0.674790 0.286274
v -0.164860 -0.663385 0.286274
v -0.151972 -0.674304 0.261380
v -0.164419 -0.663223 0.261380
v -0.150547 -0.673081 0.236487
v -0.165242 -0.658536 0.234010
v -0.174248 -0.647221 0.224061
v -0.149379 -0.672138 0.223982
v -0.157881 -0.660603 0.214048
v -0.172443 -0.645408 0.211594
v -0.133373 -0.679273 0.385847
v -0.145820 -0.669038 0.385847
v -0.138707 -0.680568 0.361009
v -0.148201 -0.671136 0.369343
v -0.125161 -0.697523 0.326674
v -0.134841 -0.688338 0.335407
v -0.125484 -0.697796 0.311167
v -0.137930 -0.687555 0.311167
v -0.125128 -0.697547 0.291317
v -0.134821 -0.689154 0.284321
v -0.136913 -0.686129 0.261380
v -0.136913 -0.683581 0.236487
v -0.137739 -0.678864 0.214048
v -0.146588 -0.669520 0.207386
v -0.105134 -0.700935 0.385847
v -0.117580 -0.691720 0.385847
v -0.108420 -0.703008 0.360954
v -0.120867 -0.694399 0.360954
v -0.113728 -0.703615 0.335407
v -0.123165 -0.696108 0.343269
v -0.112020 -0.707067 0.311167
v -0.114458 -0.704888 0.284321
v -0.124382 -0.696950 0.274721
v -0.111142 -0.705265 0.261380
v -0.123589 -0.696392 0.261380
v -0.109126 -0.703434 0.236487
v -0.121573 -0.695067 0.236487
v -0.105961 -0.701090 0.211594
v -0.118408 -0.692983 0.211594
v -0.075525 -0.722450 0.375878
v -0.085144 -0.714308 0.384844
v -0.077139 -0.723380 0.360954
v -0.089586 -0.715454 0.360954
v -0.079450 -0.724638 0.336060
v -0.091897 -0.717330 0.336060
v -0.081563 -0.725654 0.311167
v -0.094009 -0.718732 0.311167
v -0.082284 -0.726189 0.286274
v -0.094731 -0.718904 0.286274
v -0.080822 -0.725726 0.261380
v -0.093269 -0.717712 0.261380
v -0.077889 -0.723999 0.236487
v -0.090336 -0.715880 0.236487
v -0.075658 -0.722536 0.221457
v -0.085224 -0.714380 0.212533
v -0.063250 -0.726976 0.384844
v -0.072226 -0.720610 0.392474
v -0.062233 -0.731723 0.360954
v -0.062233 -0.734190 0.336060
v -0.062233 -0.735710 0.311167
v -0.062233 -0.736362 0.286274
v -0.062233 -0.735496 0.261380
v -0.062233 -0.732654 0.236487
v -0.063363 -0.727657 0.212533
v -0.072415 -0.720523 0.204862
v -0.025033 -0.746857 0.373621
v -0.034934 -0.740356 0.383490
v -0.027912 -0.748166 0.360954
v -0.040359 -0.742697 0.360954
v -0.031433 -0.749874 0.336060
v -0.043880 -0.743907 0.336060
v -0.032386 -0.750393 0.311167
v -0.044832 -0.744410 0.311167
v -0.032277 -0.750120 0.286274
v -0.044724 -0.744527 0.286274
v -0.030963 -0.749348 0.261380
v -0.043410 -0.744123 0.261380
v -0.027821 -0.748012 0.236487
v -0.040268 -0.743010 0.236487
v -0.025394 -0.746988 0.222969
v -0.035151 -0.741450 0.213440
v -0.011881 -0.749450 0.383490
v -0.019802 -0.744751 0.390217
v -0.012447 -0.753688 0.360954
v -0.012447 -0.757232 0.336060
v -0.012447 -0.759013 0.311167
v -0.012447 -0.758692 0.286274
v -0.012447 -0.756881 0.261380
v -0.012447 -0.753931 0.236487
v -0.012734 -0.749861 0.213440
v -0.021224 -0.745523 0.206373
v -0.191270 -0.034413 0.385847
v -0.178823 -0.019668 0.385847
v -0.193272 -0.031821 0.360954
v -0.180826 -0.017146 0.360954
v -0.195275 -0.029459 0.336060
v -0.182828 -0.014782 0.336060
v -0.196661 -0.027692 0.311167
v -0.184214 -0.013802 0.311167
v -0.196487 -0.027693 0.286274
v -0.184040 -0.014592 0.286274
v -0.195369 -0.028869 0.261380
v -0.182923 -0.015768 0.261380
v -0.194252 -0.030180 0.236487
v -0.181805 -0.016947 0.236487
v -0.191834 -0.032785 0.211594
v -0.179387 -0.019444 0.211594
v -0.166388 -0.007222 0.385847
v -0.169534 -0.004699 0.360954
v -0.172074 -0.002335 0.336060
v -0.173007 -0.001356 0.311167
v -0.172216 -0.002145 0.286274
v -0.171098 -0.003321 0.261380
v -0.169773 -0.004500 0.236487
v -0.168044 -0.006997 0.211594
v -0.180703 -0.629300 0.186700
v -0.193150 -0.614729 0.186700
v -0.177459 -0.625744 0.166818
v -0.187306 -0.610494 0.160604
v -0.180697 -0.605356 0.136913
v -0.176541 -0.600161 0.120036
v -0.156061 -0.653606 0.186700
v -0.168508 -0.641747 0.186700
v -0.152405 -0.650035 0.167515
v -0.163118 -0.636148 0.158869
v -0.173832 -0.621870 0.150223
v -0.157719 -0.630557 0.136913
v -0.170166 -0.617803 0.136913
v -0.152629 -0.625676 0.118519
v -0.162405 -0.610554 0.110980
v -0.154677 -0.603333 0.087127
v -0.150225 -0.598387 0.073681
v -0.130327 -0.677241 0.186700
v -0.142774 -0.666053 0.186700
v -0.126755 -0.674194 0.169119
v -0.137699 -0.660422 0.160019
v -0.148642 -0.646552 0.150919
v -0.132601 -0.654791 0.136913
v -0.145048 -0.643004 0.136913
v -0.127733 -0.650326 0.118430
v -0.137895 -0.635849 0.110176
v -0.148057 -0.620946 0.101923
v -0.130350 -0.628214 0.087127
v -0.142797 -0.615780 0.087127
v -0.125316 -0.623081 0.073774
v -0.134062 -0.607093 0.065429
v -0.126213 -0.599202 0.047835
v -0.102566 -0.698856 0.192455
v -0.111326 -0.690886 0.185174
v -0.113583 -0.681019 0.161216
v -0.122922 -0.670809 0.152524
v -0.105879 -0.676642 0.136913
v -0.118325 -0.667238 0.136913
v -0.101228 -0.673246 0.122368
v -0.112073 -0.659436 0.112101
v -0.122917 -0.646022 0.101834
v -0.106322 -0.651951 0.092504
v -0.113580 -0.641442 0.085374
v -0.110250 -0.627847 0.064179
v -0.117368 -0.615798 0.057178
v -0.100773 -0.623364 0.048509
v -0.109643 -0.607744 0.039874
v -0.101918 -0.599690 0.022542
v -0.089167 -0.704958 0.185174
v -0.098825 -0.696569 0.175860
v -0.082265 -0.701515 0.161807
v -0.094712 -0.694135 0.161807
v -0.077244 -0.698531 0.145813
v -0.086176 -0.689420 0.137274
v -0.086422 -0.677665 0.113250
v -0.094250 -0.668547 0.105773
v -0.077655 -0.674028 0.096341
v -0.088036 -0.660453 0.086125
v -0.098418 -0.646341 0.075908
v -0.081823 -0.652359 0.067205
v -0.088923 -0.641972 0.060238
v -0.085575 -0.628356 0.039063
v -0.092838 -0.616286 0.031913
v -0.076242 -0.623646 0.023567
v -0.084136 -0.607161 0.014757
v -0.055720 -0.725487 0.186700
v -0.068167 -0.718009 0.186700
v -0.051666 -0.723024 0.171122
v -0.060871 -0.714428 0.162417
v -0.062654 -0.703540 0.137274
v -0.071232 -0.694924 0.129217
v -0.054636 -0.699947 0.118408
v -0.062654 -0.691251 0.110874
v -0.061971 -0.679065 0.087677
v -0.070094 -0.668955 0.079746
v -0.053498 -0.674613 0.070728
v -0.063696 -0.660817 0.060669
v -0.073894 -0.646623 0.050609
v -0.057299 -0.652679 0.043404
v -0.064251 -0.641622 0.036000
v -0.062233 -0.628227 0.018934
v -0.062233 -0.615232 0.006488
v -0.037340 -0.734446 0.186700
v -0.037665 -0.726860 0.162417
v -0.046179 -0.720036 0.154526
v -0.029583 -0.724122 0.143665
v -0.037665 -0.716934 0.135986
v -0.038631 -0.705054 0.110874
v -0.047789 -0.695890 0.101813
v -0.031194 -0.700236 0.093987
v -0.038631 -0.691868 0.086264
v -0.036132 -0.678165 0.062352
v -0.043624 -0.669275 0.054133
v -0.027029 -0.673050 0.048523
v -0.036797 -0.659577 0.037666
v -0.046566 -0.645474 0.026809
v -0.029970 -0.649880 0.021894
v -0.038516 -0.635605 0.011786
v -0.047062 -0.620567 0.001679
v -0.004628 -0.748412 0.192770
v -0.012734 -0.743719 0.185363
v -0.012447 -0.736889 0.161807
v -0.013123 -0.727350 0.135986
v -0.021871 -0.720855 0.127069
v -0.005276 -0.723738 0.120572
v -0.013123 -0.716971 0.112173
v -0.012378 -0.703584 0.086264
v -0.020630 -0.695368 0.077392
v -0.004034 -0.698544 0.072156
v -0.012378 -0.689353 0.063208
v -0.012447 -0.676225 0.044192
v -0.012447 -0.666680 0.031745
v -0.012447 -0.654233 0.016719
v -0.012447 -0.643293 0.004272
v -0.197153 -0.594783 0.154391
v -0.193144 -0.589743 0.136913
v -0.186099 -0.584126 0.113395
v -0.195656 -0.567215 0.106753
v -0.179061 -0.578417 0.092372
v -0.187309 -0.561030 0.086227
v -0.195557 -0.541575 0.080083
v -0.178961 -0.554845 0.068168
v -0.186921 -0.535310 0.062151
v -0.194881 -0.515629 0.056135
v -0.178285 -0.529046 0.044105
v -0.185817 -0.509095 0.038189
v -0.193039 -0.485420 0.032599
v -0.196800 -0.466409 0.027787
v -0.176754 -0.502562 0.022114
v -0.180592 -0.485420 0.017770
v -0.186580 -0.459726 0.012855
v -0.192256 -0.435634 0.008559
v -0.195902 -0.410740 0.004016
v -0.172180 -0.595012 0.103441
v -0.168074 -0.586026 0.085295
v -0.173461 -0.571440 0.075776
v -0.154830 -0.583046 0.064123
v -0.168429 -0.561926 0.060815
v -0.172889 -0.545642 0.051572
v -0.150106 -0.573449 0.048891
v -0.154215 -0.557933 0.039292
v -0.167526 -0.536489 0.036420
v -0.172291 -0.519158 0.027510
v -0.149771 -0.548190 0.024400
v -0.154420 -0.535207 0.019565
v -0.162246 -0.511088 0.011900
v -0.169081 -0.485420 0.005323
v -0.172814 -0.469638 0.001580
v -0.142808 -0.590045 0.057085
v -0.134584 -0.582358 0.040065
v -0.142956 -0.564786 0.032296
v -0.126361 -0.574672 0.022739
v -0.134045 -0.556643 0.015272
v -0.142238 -0.535207 0.007118
v -0.147493 -0.519613 0.001686
v -0.118514 -0.591268 0.031239
v -0.109895 -0.582749 0.014343
v -0.117872 -0.565095 0.006144
v -0.092031 -0.590826 0.005946
v -0.198728 -0.200251 0.025381
v -0.197840 -0.385847 0.001452
v -0.198734 -0.369666 0.000459
v -0.198230 -0.278557 0.001151
v -0.196566 -0.261380 0.003242
v -0.194066 -0.236487 0.006271
v -0.191620 -0.209767 0.013072
v -0.197419 -0.052223 0.178799
v -0.190418 -0.038761 0.186938
v -0.177161 -0.013519 0.185124
v -0.195213 -0.056343 0.161807
v -0.188522 -0.037340 0.161807
v -0.186719 -0.012447 0.161807
v -0.197600 -0.076383 0.129049
v -0.195456 -0.063527 0.137173
v -0.195055 -0.038762 0.137725
v -0.197169 -0.012447 0.146841
v -0.198194 -0.100864 0.100618
v -0.194437 -0.085659 0.110157
v -0.194357 -0.060545 0.111872
v -0.198060 -0.048008 0.120071
v -0.198574 -0.125625 0.075556
v -0.194794 -0.110305 0.085163
v -0.188475 -0.087127 0.087127
v -0.193486 -0.067368 0.087127
v -0.197360 -0.153200 0.052689
v -0.194669 -0.135119 0.061485
v -0.182346 -0.111067 0.061740
v -0.183233 -0.088520 0.061740
v -0.195999 -0.071208 0.062233
v -0.195581 -0.186700 0.029301
v -0.190520 -0.161621 0.038084
v -0.180103 -0.139345 0.037244
v -0.177448 -0.118729 0.045477
v -0.184444 -0.084522 0.037340
v -0.196891 -0.072691 0.037340
v -0.181611 -0.188653 0.012291
v -0.177257 -0.161807 0.021551
v -0.174297 -0.149263 0.024845
v -0.185633 -0.083648 0.012447
v -0.198079 -0.073873 0.012447
v -0.169472 -0.005935 0.192371
v -0.172407 -0.102133 0.053113
v -0.172407 -0.097747 0.053113
v -0.170158 -0.132668 0.028882
v -0.169598 -0.111067 0.037244
v -0.171506 -0.096969 0.037340
v -0.170757 -0.181658 0.003890
v -0.166041 -0.161807 0.009104
v -0.160181 -0.140216 0.014422
v -0.158672 -0.112351 0.012356
v -0.170295 -0.096094 0.012447
v -0.144811 -0.131168 0.003998
v -0.144811 -0.120869 0.003998
v -0.225200 0.005428 0.101813
v -0.228398 0.013214 0.088474
v -0.226120 0.028501 0.081074
v -0.236953 0.012447 0.062233
v -0.229021 0.033099 0.062233
v -0.242158 0.012447 0.037340
v -0.230323 0.039251 0.036561
v -0.224374 0.050157 0.027743
v -0.244885 0.012447 0.012447
v -0.234092 0.037340 0.012447
v -0.225070 0.050914 0.012447
v -0.205109 0.012447 0.133712
v -0.202057 0.029476 0.129060
v -0.218412 0.013214 0.110874
v -0.206224 0.037600 0.111139
v -0.200469 0.051044 0.102254
v -0.223306 0.022023 0.097669
v -0.217295 0.037015 0.088474
v -0.203713 0.054098 0.087127
v -0.220801 0.045546 0.062233
v -0.208354 0.057996 0.062233
v -0.223253 0.048823 0.044339
v -0.213610 0.058376 0.036561
v -0.211594 0.062554 0.012447
v -0.151233 0.001509 0.403407
v -0.126853 0.002147 0.452241
v -0.131615 0.006229 0.435634
v -0.138711 0.009515 0.411319
v -0.100740 0.000931 0.499506
v -0.104892 0.004445 0.485420
v -0.111537 0.011869 0.459548
v -0.100980 0.025993 0.450260
v -0.117415 0.018675 0.435634
v -0.104968 0.028971 0.435634
v -0.122485 0.023209 0.410740
v -0.110038 0.033025 0.410740
v -0.076285 0.000987 0.524024
v -0.085601 0.004661 0.508808
v -0.086432 0.017024 0.485001
v -0.077672 0.026634 0.476423
v -0.094267 0.021591 0.466855
v -0.086432 0.030156 0.459345
v -0.085306 0.041670 0.434202
v -0.075794 0.050374 0.424949
v -0.091891 0.045471 0.410740
v -0.079444 0.052297 0.410740
v -0.062233 0.005429 0.529555
v -0.062200 0.017811 0.510654
v -0.053880 0.027275 0.502583
v -0.070475 0.022446 0.493019
v -0.062200 0.031309 0.485001
v -0.062281 0.043395 0.460963
v -0.054015 0.052201 0.452956
v -0.070611 0.047418 0.441545
v -0.062281 0.054564 0.434202
v -0.062233 0.061367 0.410740
v -0.032554 0.004846 0.553685
v -0.039555 0.013846 0.536957
v -0.029960 0.027795 0.526762
v -0.046556 0.022847 0.519178
v -0.037891 0.032390 0.510654
v -0.038049 0.044549 0.486618
v -0.030223 0.052857 0.479119
v -0.046819 0.048059 0.469551
v -0.038049 0.057333 0.460963
v -0.036029 0.068424 0.435515
v -0.026857 0.075709 0.427138
v -0.043378 0.071303 0.410740
v -0.030932 0.077858 0.410740
v -0.005000 0.002493 0.575902
v -0.011232 0.011967 0.559212
v -0.000867 0.025257 0.548143
v -0.017463 0.021441 0.543357
v -0.010478 0.030525 0.535119
v -0.013287 0.044591 0.510270
v -0.005549 0.051807 0.501943
v -0.022145 0.048700 0.495715
v -0.013287 0.056521 0.486618
v -0.012930 0.069521 0.460221
v -0.004955 0.076253 0.451719
v -0.021550 0.073475 0.443734
v -0.012930 0.078616 0.435515
v -0.012447 0.085585 0.410740
v -0.153941 0.003701 0.385847
v -0.157087 0.006578 0.360954
v -0.159627 0.009181 0.336060
v -0.160560 0.010239 0.311167
v -0.159769 0.009960 0.286274
v -0.158651 0.009491 0.261380
v -0.157326 0.008009 0.236487
v -0.155597 0.008006 0.211594
v -0.135774 0.017834 0.388063
v -0.126717 0.026706 0.381242
v -0.142074 0.019024 0.360954
v -0.129627 0.029050 0.360954
v -0.145159 0.021628 0.336060
v -0.132712 0.031123 0.336060
v -0.146356 0.022685 0.311167
v -0.133909 0.031684 0.311167
v -0.146150 0.022407 0.286274
v -0.133703 0.031536 0.286274
v -0.145835 0.021937 0.261380
v -0.133388 0.031388 0.261380
v -0.144169 0.020456 0.236487
v -0.131722 0.030200 0.236487
v -0.144893 0.020452 0.211594
v -0.132446 0.031518 0.211594
v -0.124336 0.024788 0.397838
v -0.112078 0.037350 0.386028
v -0.099819 0.049971 0.374218
v -0.114175 0.041496 0.360954
v -0.101728 0.051475 0.360954
v -0.116332 0.043569 0.336060
v -0.103885 0.053021 0.336060
v -0.116601 0.044130 0.311167
v -0.104155 0.053081 0.311167
v -0.116396 0.043983 0.286274
v -0.103949 0.052934 0.286274
v -0.116029 0.043835 0.261380
v -0.103583 0.052594 0.261380
v -0.111029 0.043978 0.234432
v -0.102070 0.051481 0.241361
v -0.112452 0.045032 0.213802
v -0.104442 0.052392 0.206976
v -0.096513 0.047994 0.390813
v -0.087780 0.054514 0.383848
v -0.087127 0.060250 0.360954
v -0.087127 0.063488 0.336060
v -0.087127 0.064161 0.311167
v -0.087127 0.064624 0.286274
v -0.087127 0.063814 0.261380
v -0.099319 0.049626 0.224765
v -0.089463 0.058035 0.234432
v -0.099319 0.049626 0.223572
v -0.089463 0.057558 0.213802
v -0.060892 0.068640 0.385668
v -0.051700 0.075689 0.377251
v -0.067429 0.071009 0.360954
v -0.054982 0.077189 0.360954
v -0.070434 0.072701 0.336060
v -0.057987 0.078501 0.336060
v -0.071793 0.073313 0.311167
v -0.059346 0.079134 0.311167
v -0.073152 0.073924 0.286274
v -0.060706 0.079768 0.286274
v -0.072287 0.073453 0.261380
v -0.059840 0.079338 0.261380
v -0.068039 0.071273 0.236487
v -0.055592 0.077397 0.236487
v -0.060985 0.070924 0.209158
v -0.051855 0.075695 0.215832
v -0.047577 0.073515 0.393847
v -0.038503 0.080439 0.385668
v -0.037340 0.085876 0.360954
v -0.037340 0.088121 0.336060
v -0.037340 0.089388 0.311167
v -0.037340 0.090371 0.286274
v -0.037340 0.089081 0.261380
v -0.037340 0.085354 0.236487
v -0.049762 0.074669 0.199236
v -0.039815 0.080231 0.209158
v -0.010593 0.093598 0.384201
v -0.001060 0.099955 0.374805
v -0.015651 0.095815 0.360954
v -0.003204 0.100791 0.360954
v -0.018387 0.096747 0.336060
v -0.005940 0.102058 0.336060
v -0.020187 0.097381 0.311167
v -0.007740 0.103081 0.311167
v -0.020597 0.097730 0.286274
v -0.008150 0.103091 0.286274
v -0.018075 0.096869 0.261380
v -0.005629 0.101806 0.261380
v -0.011308 0.095803 0.235241
v -0.002252 0.100467 0.242709
v -0.012447 0.091965 0.211594
v -0.175324 0.004230 0.175775
v -0.182920 0.012495 0.163433
v -0.179752 0.031958 0.156219
v -0.196731 0.012447 0.146159
v -0.187814 0.039015 0.138456
v -0.179280 0.053836 0.131257
v -0.195876 0.046072 0.118850
v -0.187227 0.057466 0.111139
v -0.185884 0.067688 0.088061
v -0.177043 0.076327 0.080386
v -0.192906 0.070443 0.062233
v -0.180460 0.078322 0.062233
v -0.196114 0.072692 0.037340
v -0.183668 0.080208 0.037340
v -0.197912 0.073873 0.012447
v -0.185465 0.081229 0.012447
v -0.162846 0.013474 0.186621
v -0.156219 0.031958 0.180872
v -0.172815 0.020826 0.172815
v -0.164618 0.040256 0.164618
v -0.156421 0.054903 0.156421
v -0.173017 0.048554 0.147853
v -0.161706 0.062667 0.136821
v -0.150395 0.075197 0.125790
v -0.167767 0.070889 0.112020
v -0.155320 0.077823 0.112020
v -0.172868 0.073874 0.096982
v -0.163465 0.081218 0.088061
v -0.161807 0.087672 0.062233
v -0.161807 0.091192 0.037340
v -0.161807 0.093113 0.012447
v -0.147834 0.022718 0.197468
v -0.139546 0.039743 0.188561
v -0.131257 0.053836 0.179655
v -0.147853 0.048554 0.173017
v -0.136821 0.062667 0.161706
v -0.125790 0.075197 0.150395
v -0.142386 0.071499 0.142386
v -0.135218 0.077866 0.135218
v -0.136913 0.085990 0.112020
v -0.134914 0.094156 0.085384
v -0.125283 0.099870 0.075924
v -0.140970 0.096477 0.062233
v -0.128523 0.101049 0.062233
v -0.145441 0.098110 0.037340
v -0.132995 0.102564 0.037340
v -0.147770 0.099011 0.012447
v -0.135323 0.103214 0.012447
v -0.121038 0.047527 0.196251
v -0.112452 0.058274 0.187452
v -0.112020 0.070889 0.167767
v -0.112020 0.077823 0.155320
v -0.112020 0.085990 0.136913
v -0.111340 0.095140 0.111340
v -0.102589 0.100512 0.102589
v -0.119185 0.097890 0.092520
v -0.111340 0.101811 0.085384
v -0.112020 0.105668 0.062233
v -0.112020 0.108650 0.037340
v -0.112020 0.110118 0.012447
v -0.087973 0.068951 0.185987
v -0.080240 0.076222 0.177214
v -0.096835 0.073874 0.172868
v -0.087973 0.081156 0.163465
v -0.085384 0.094156 0.134914
v -0.075924 0.099870 0.125283
v -0.092520 0.097890 0.119185
v -0.085384 0.101811 0.111340
v -0.087127 0.107182 0.087127
v -0.087127 0.111419 0.062233
v -0.087127 0.114191 0.037340
v -0.087127 0.115581 0.012447
v -0.062233 0.072385 0.195127
v -0.062233 0.078589 0.182680
v -0.062233 0.087940 0.161807
v -0.062233 0.096477 0.140970
v -0.062233 0.101049 0.128523
v -0.062233 0.105668 0.112020
v -0.062233 0.111419 0.087127
v -0.062233 0.115660 0.062233
v -0.062233 0.118249 0.037340
v -0.062233 0.119603 0.012447
v -0.049762 0.074669 0.199124
v -0.039815 0.081566 0.189176
v -0.037340 0.091626 0.161807
v -0.037340 0.098110 0.145441
v -0.037340 0.102564 0.132995
v -0.037340 0.108650 0.112020
v -0.037340 0.114191 0.087127
v -0.037340 0.118249 0.062233
v -0.037340 0.120854 0.037340
v -0.037340 0.122206 0.012447
v -0.012447 0.089432 0.186700
v -0.012447 0.093563 0.161807
v -0.012447 0.099011 0.147770
v -0.012447 0.103214 0.135323
v -0.012447 0.110118 0.112020
v -0.012447 0.115581 0.087127
v -0.012447 0.119603 0.062233
v -0.012447 0.122206 0.037340
v -0.009958 0.123630 0.009958
v -0.000001 0.124467 0.000001
v -0.199637 -0.353070 -0.000560
v -0.200495 -0.336060 -0.001604
v -0.200645 -0.311167 -0.001772
v -0.199838 -0.295152 -0.000783
v -0.225070 -0.050914 -0.012447
v -0.234092 -0.037340 -0.012447
v -0.244885 -0.012447 -0.012447
v -0.224374 -0.050157 -0.027743
v -0.230323 -0.039251 -0.036560
v -0.242158 -0.012447 -0.037340
v -0.229021 -0.033099 -0.062233
v -0.236953 -0.012447 -0.062233
v -0.226120 -0.028501 -0.081074
v -0.228398 -0.013214 -0.088474
v -0.225200 -0.005427 -0.101812
v -0.211594 -0.062554 -0.012447
v -0.213610 -0.058375 -0.036560
v -0.223252 -0.048822 -0.044338
v -0.208354 -0.057996 -0.062233
v -0.220801 -0.045546 -0.062233
v -0.203713 -0.054098 -0.087127
v -0.217295 -0.037015 -0.088474
v -0.223306 -0.022023 -0.097669
v -0.200468 -0.051044 -0.102254
v -0.206224 -0.037600 -0.111139
v -0.218411 -0.013214 -0.110874
v -0.202057 -0.029476 -0.129060
v -0.205109 -0.012447 -0.133712
v -0.075435 -0.598035 -0.000502
v -0.062233 -0.602785 -0.004877
v -0.030466 -0.625737 -0.003433
v -0.038300 -0.610593 -0.013015
v -0.029537 -0.600619 -0.027912
v -0.010198 -0.629291 -0.012017
v -0.016997 -0.617214 -0.020029
v -0.000402 -0.622580 -0.025115
v -0.010198 -0.609305 -0.030930
v -0.176360 -0.453043 -0.002350
v -0.179810 -0.435634 -0.006030
v -0.183456 -0.410740 -0.009789
v -0.152202 -0.503017 -0.002716
v -0.156635 -0.485420 -0.007356
v -0.162568 -0.461850 -0.013019
v -0.168165 -0.435634 -0.018477
v -0.171419 -0.410740 -0.022236
v -0.152323 -0.454061 -0.027726
v -0.155719 -0.435634 -0.030705
v -0.158973 -0.410740 -0.033462
v -0.125135 -0.548500 -0.000556
v -0.129791 -0.535207 -0.004568
v -0.137187 -0.510586 -0.012423
v -0.144000 -0.485420 -0.019802
v -0.148098 -0.470656 -0.023687
v -0.126880 -0.501559 -0.027108
v -0.131553 -0.485420 -0.031570
v -0.136887 -0.460976 -0.037951
v -0.140920 -0.435634 -0.043151
v -0.144731 -0.410740 -0.045909
v -0.125676 -0.451296 -0.050662
v -0.128473 -0.435634 -0.052793
v -0.132285 -0.410740 -0.056140
v -0.101276 -0.574231 -0.001255
v -0.110552 -0.558119 -0.005286
v -0.112517 -0.536502 -0.017811
v -0.121147 -0.518155 -0.022130
v -0.104551 -0.529067 -0.029036
v -0.110855 -0.508697 -0.036370
v -0.117445 -0.485420 -0.044016
v -0.122413 -0.467891 -0.048176
v -0.100563 -0.499240 -0.050515
v -0.104998 -0.485420 -0.053371
v -0.113277 -0.459967 -0.056870
v -0.110228 -0.434997 -0.066277
v -0.116103 -0.410740 -0.068586
v -0.100735 -0.426274 -0.075520
v -0.103656 -0.410740 -0.077623
v -0.085090 -0.583515 -0.005374
v -0.088559 -0.561679 -0.019230
v -0.097811 -0.545663 -0.023595
v -0.081216 -0.554433 -0.029709
v -0.087716 -0.535846 -0.037671
v -0.094216 -0.515836 -0.045632
v -0.077620 -0.526029 -0.051811
v -0.086401 -0.508648 -0.054996
v -0.085305 -0.484013 -0.066169
v -0.092500 -0.460527 -0.070431
v -0.097328 -0.442870 -0.073262
v -0.075792 -0.474776 -0.075337
v -0.080053 -0.460527 -0.077935
v -0.088269 -0.434997 -0.081405
v -0.087127 -0.410740 -0.088710
v -0.063733 -0.585792 -0.018179
v -0.073030 -0.571029 -0.023796
v -0.056435 -0.578026 -0.029316
v -0.063195 -0.561037 -0.037810
v -0.069955 -0.542624 -0.046305
v -0.053359 -0.551045 -0.052080
v -0.061887 -0.534679 -0.056194
v -0.062022 -0.510343 -0.068334
v -0.070179 -0.491372 -0.072312
v -0.053584 -0.502064 -0.076661
v -0.062022 -0.484013 -0.079600
v -0.060038 -0.458514 -0.090578
v -0.066483 -0.435634 -0.094903
v -0.072048 -0.410740 -0.098214
v -0.050276 -0.448875 -0.099853
v -0.054037 -0.435634 -0.101563
v -0.059602 -0.410740 -0.104284
v -0.046133 -0.594621 -0.022596
v -0.036467 -0.584356 -0.036911
v -0.043397 -0.567640 -0.045911
v -0.026801 -0.574092 -0.050772
v -0.035995 -0.559646 -0.055326
v -0.037431 -0.535085 -0.068510
v -0.045789 -0.518660 -0.072745
v -0.029194 -0.526706 -0.076762
v -0.037431 -0.510343 -0.080717
v -0.036710 -0.484986 -0.092762
v -0.044588 -0.465470 -0.096838
v -0.027992 -0.476399 -0.101144
v -0.036710 -0.458514 -0.103213
v -0.037340 -0.435634 -0.109038
v -0.037340 -0.410740 -0.114060
v -0.012447 -0.590837 -0.044720
v -0.012447 -0.578391 -0.053735
v -0.011396 -0.558565 -0.066476
v -0.018994 -0.543302 -0.072337
v -0.002398 -0.549244 -0.075633
v -0.011396 -0.535085 -0.080054
v -0.012086 -0.509938 -0.093039
v -0.020144 -0.492995 -0.097274
v -0.003548 -0.501390 -0.101201
v -0.012086 -0.484986 -0.104188
v -0.012447 -0.460527 -0.112544
v -0.011181 -0.435090 -0.119720
v -0.018332 -0.410740 -0.121796
v -0.002039 -0.426429 -0.125297
v -0.005886 -0.410740 -0.126862
v -0.183416 -0.384952 -0.014375
v -0.189993 -0.361202 -0.010294
v -0.189123 -0.336060 -0.014051
v -0.188705 -0.311167 -0.014218
v -0.186630 -0.285879 -0.012653
v -0.184119 -0.261380 -0.010971
v -0.181620 -0.236487 -0.008647
v -0.177606 -0.211594 -0.003973
v -0.174671 -0.376058 -0.025327
v -0.175567 -0.360954 -0.026330
v -0.176677 -0.336060 -0.027379
v -0.176259 -0.311167 -0.026816
v -0.175031 -0.293201 -0.025625
v -0.173258 -0.392654 -0.023958
v -0.173862 -0.276605 -0.024523
v -0.172791 -0.261380 -0.023418
v -0.170356 -0.236487 -0.021094
v -0.165940 -0.211594 -0.016420
v -0.163699 -0.384952 -0.033920
v -0.160239 -0.362832 -0.040861
v -0.163950 -0.336060 -0.039825
v -0.162995 -0.311167 -0.039262
v -0.161742 -0.286731 -0.037279
v -0.160344 -0.261380 -0.035236
v -0.157910 -0.236487 -0.032439
v -0.153494 -0.211594 -0.028240
v -0.150897 -0.355786 -0.051066
v -0.151504 -0.336060 -0.051566
v -0.150548 -0.311167 -0.050785
v -0.149623 -0.296856 -0.050025
v -0.147691 -0.385847 -0.048299
v -0.149141 -0.372381 -0.049591
v -0.148454 -0.280261 -0.048934
v -0.146973 -0.261380 -0.047683
v -0.143314 -0.236487 -0.044885
v -0.135932 -0.210744 -0.041920
v -0.135244 -0.385847 -0.059191
v -0.139271 -0.362832 -0.059240
v -0.136913 -0.336060 -0.062301
v -0.136913 -0.311167 -0.061168
v -0.138859 -0.287644 -0.057907
v -0.134527 -0.261380 -0.058373
v -0.130867 -0.236487 -0.054998
v -0.126979 -0.218476 -0.051777
v -0.123233 -0.201880 -0.048809
v -0.120333 -0.385847 -0.071637
v -0.122274 -0.360954 -0.073090
v -0.122080 -0.336060 -0.072969
v -0.121588 -0.311167 -0.072617
v -0.121022 -0.286274 -0.072205
v -0.118859 -0.261380 -0.070820
v -0.114696 -0.236487 -0.067445
v -0.111522 -0.212693 -0.061877
v -0.107887 -0.385847 -0.080146
v -0.109828 -0.360954 -0.081373
v -0.109633 -0.336060 -0.081736
v -0.109141 -0.311167 -0.081538
v -0.108576 -0.286274 -0.080862
v -0.106412 -0.261380 -0.079004
v -0.102250 -0.236487 -0.076286
v -0.099811 -0.223505 -0.074844
v -0.095931 -0.206910 -0.071978
v -0.085110 -0.386756 -0.093869
v -0.089175 -0.360954 -0.093820
v -0.090670 -0.336060 -0.094183
v -0.091414 -0.311167 -0.093984
v -0.089577 -0.286274 -0.093309
v -0.084836 -0.263354 -0.092100
v -0.087127 -0.236487 -0.084937
v -0.087431 -0.213762 -0.079525
v -0.075468 -0.379065 -0.100003
v -0.076728 -0.360954 -0.100689
v -0.078223 -0.336060 -0.101633
v -0.078968 -0.311167 -0.102290
v -0.077130 -0.286274 -0.101165
v -0.075011 -0.272968 -0.099761
v -0.074292 -0.395660 -0.099374
v -0.071810 -0.256372 -0.097949
v -0.067974 -0.236487 -0.095778
v -0.061080 -0.211273 -0.093785
v -0.064490 -0.386756 -0.105146
v -0.062233 -0.360954 -0.108588
v -0.062233 -0.336060 -0.110434
v -0.062233 -0.311167 -0.111029
v -0.062233 -0.286274 -0.108764
v -0.063001 -0.263354 -0.104310
v -0.055527 -0.236487 -0.102823
v -0.052013 -0.219356 -0.100834
v -0.047522 -0.202761 -0.098612
v -0.035546 -0.385050 -0.119217
v -0.040693 -0.360954 -0.119919
v -0.042147 -0.336060 -0.120821
v -0.040538 -0.311167 -0.120759
v -0.035551 -0.285753 -0.120408
v -0.037340 -0.261380 -0.116774
v -0.037340 -0.236487 -0.112635
v -0.038471 -0.211273 -0.105379
v -0.026053 -0.376220 -0.124988
v -0.028246 -0.360954 -0.126175
v -0.029700 -0.336060 -0.126696
v -0.028092 -0.311167 -0.125723
v -0.026060 -0.293704 -0.124925
v -0.022404 -0.392816 -0.123454
v -0.024130 -0.277108 -0.124167
v -0.022300 -0.261380 -0.123441
v -0.017188 -0.236487 -0.121833
v -0.010388 -0.213611 -0.118231
v -0.013443 -0.385050 -0.128506
v -0.012447 -0.360954 -0.132302
v -0.012447 -0.336060 -0.133276
v -0.012447 -0.311167 -0.131850
v -0.014478 -0.285753 -0.128748
v -0.009854 -0.261380 -0.128326
v -0.004741 -0.236487 -0.126266
v -0.000718 -0.223254 -0.124679
v -0.174675 -0.198253 -0.000469
v -0.185465 -0.081780 -0.012447
v -0.197912 -0.073873 -0.012447
v -0.183667 -0.080208 -0.037340
v -0.196114 -0.072691 -0.037340
v -0.180459 -0.078322 -0.062233
v -0.192906 -0.070443 -0.062233
v -0.177043 -0.076327 -0.080386
v -0.185884 -0.067688 -0.088061
v -0.187227 -0.057466 -0.111139
v -0.195875 -0.046071 -0.118849
v -0.179280 -0.053836 -0.131257
v -0.187814 -0.039015 -0.138456
v -0.196731 -0.012447 -0.146158
v -0.179752 -0.031958 -0.156219
v -0.182912 -0.012489 -0.163433
v -0.175310 -0.004219 -0.175310
v -0.160484 -0.189439 -0.011204
v -0.153594 -0.161807 -0.004712
v -0.150204 -0.147764 -0.000940
v -0.154197 -0.104273 -0.007196
v -0.162220 -0.094975 -0.014275
v -0.150211 -0.197219 -0.025641
v -0.161807 -0.091197 -0.037340
v -0.161807 -0.087672 -0.062233
v -0.163465 -0.081218 -0.088061
v -0.172868 -0.073874 -0.096981
v -0.155320 -0.077823 -0.112020
v -0.167767 -0.070889 -0.112020
v -0.150394 -0.075197 -0.125790
v -0.161705 -0.062667 -0.136821
v -0.173016 -0.048554 -0.147853
v -0.156421 -0.054903 -0.156421
v -0.164618 -0.040256 -0.164618
v -0.172815 -0.020815 -0.172815
v -0.156219 -0.031958 -0.179752
v -0.163433 -0.012489 -0.182912
v -0.146357 -0.180624 -0.021938
v -0.141458 -0.161807 -0.017158
v -0.135021 -0.139460 -0.010889
v -0.138414 -0.113208 -0.014018
v -0.148613 -0.099038 -0.023791
v -0.137601 -0.188033 -0.032345
v -0.129011 -0.161807 -0.028657
v -0.125232 -0.147751 -0.025559
v -0.132655 -0.104865 -0.037340
v -0.145101 -0.098115 -0.037340
v -0.127604 -0.100607 -0.062233
v -0.140050 -0.096477 -0.062233
v -0.125283 -0.099870 -0.075924
v -0.134914 -0.094156 -0.085384
v -0.136913 -0.085990 -0.112020
v -0.135218 -0.077866 -0.135218
v -0.142385 -0.071499 -0.142385
v -0.125790 -0.075197 -0.150394
v -0.136821 -0.062667 -0.161705
v -0.147853 -0.048554 -0.173016
v -0.131257 -0.053836 -0.179280
v -0.138456 -0.039015 -0.187814
v -0.146158 -0.012447 -0.196731
v -0.120430 -0.131155 -0.020839
v -0.120430 -0.122142 -0.020839
v -0.119805 -0.186700 -0.046094
v -0.111521 -0.161239 -0.041834
v -0.112088 -0.138437 -0.033697
v -0.112088 -0.118409 -0.039282
v -0.107359 -0.186700 -0.055954
v -0.102890 -0.169158 -0.052414
v -0.112020 -0.108788 -0.062233
v -0.111340 -0.102213 -0.085384
v -0.119185 -0.097890 -0.092519
v -0.102589 -0.100511 -0.102589
v -0.111340 -0.095140 -0.111340
v -0.112020 -0.085990 -0.136913
v -0.112020 -0.077823 -0.155320
v -0.112020 -0.070889 -0.167767
v -0.111139 -0.057466 -0.187227
v -0.118849 -0.046071 -0.195875
v -0.096966 -0.152562 -0.048110
v -0.096878 -0.136913 -0.047845
v -0.098587 -0.123911 -0.048874
v -0.090679 -0.186700 -0.068400
v -0.085864 -0.163354 -0.061290
v -0.083086 -0.135135 -0.062014
v -0.093367 -0.120201 -0.062233
v -0.078232 -0.186700 -0.077006
v -0.074761 -0.174147 -0.074732
v -0.075688 -0.125651 -0.075510
v -0.085242 -0.113642 -0.085135
v -0.085384 -0.101963 -0.111340
v -0.092519 -0.097890 -0.119185
v -0.075924 -0.099870 -0.125283
v -0.085384 -0.094156 -0.134914
v -0.088061 -0.081218 -0.163465
v -0.096981 -0.073874 -0.172868
v -0.080386 -0.076327 -0.177043
v -0.088061 -0.067688 -0.185884
v -0.067525 -0.157551 -0.070166
v -0.067525 -0.142247 -0.070166
v -0.062233 -0.186700 -0.085541
v -0.060430 -0.164232 -0.077505
v -0.060430 -0.135135 -0.078845
v -0.062233 -0.118528 -0.091874
v -0.062233 -0.107559 -0.112020
v -0.062233 -0.101051 -0.128523
v -0.062233 -0.096477 -0.140969
v -0.062233 -0.087672 -0.161807
v -0.062233 -0.078322 -0.180459
v -0.062233 -0.070443 -0.192906
v -0.038471 -0.185315 -0.096006
v -0.037340 -0.161807 -0.087140
v -0.037096 -0.135724 -0.090939
v -0.045231 -0.122098 -0.096776
v -0.030927 -0.192690 -0.102135
v -0.028636 -0.126632 -0.101057
v -0.037096 -0.115563 -0.110421
v -0.037340 -0.102667 -0.132994
v -0.037340 -0.098110 -0.145441
v -0.037340 -0.091191 -0.161807
v -0.037340 -0.080208 -0.183667
v -0.037340 -0.072691 -0.196114
v -0.023174 -0.176094 -0.098843
v -0.013904 -0.160072 -0.096492
v -0.012447 -0.143483 -0.096269
v -0.013904 -0.185315 -0.106437
v -0.006578 -0.167213 -0.102367
v -0.012447 -0.131036 -0.102568
v -0.012447 -0.116279 -0.115014
v -0.012447 -0.103832 -0.135323
v -0.012447 -0.099011 -0.147769
v -0.012447 -0.093113 -0.161807
v -0.012447 -0.081229 -0.185465
v -0.012447 -0.073873 -0.197912
v -0.129060 -0.029476 -0.202057
v -0.133712 -0.012447 -0.205109
v -0.102254 -0.051044 -0.200468
v -0.111139 -0.037600 -0.206224
v -0.110874 -0.013214 -0.218411
v -0.101812 -0.005427 -0.225200
v -0.087127 -0.054098 -0.203713
v -0.088473 -0.037015 -0.217295
v -0.097669 -0.022023 -0.223306
v -0.081073 -0.028501 -0.226120
v -0.088473 -0.013214 -0.228398
v -0.062233 -0.057996 -0.208354
v -0.062233 -0.045546 -0.220801
v -0.062233 -0.033099 -0.229021
v -0.062233 -0.012447 -0.236953
v -0.036560 -0.058375 -0.213610
v -0.044338 -0.048822 -0.223252
v -0.027742 -0.050157 -0.224374
v -0.036560 -0.039251 -0.230323
v -0.037340 -0.012447 -0.242158
v -0.012447 -0.062554 -0.211594
v -0.012447 -0.050914 -0.225070
v -0.012447 -0.037340 -0.234092
v -0.012447 -0.012447 -0.244885
v -0.244885 0.012447 -0.012447
v -0.234092 0.037340 -0.012447
v -0.225070 0.050914 -0.012447
v -0.242158 0.012447 -0.037340
v -0.230323 0.039251 -0.036561
v -0.224374 0.050157 -0.027743
v -0.236953 0.012447 -0.062233
v -0.229021 0.033099 -0.062233
v -0.228398 0.013214 -0.088474
v -0.226120 0.028501 -0.081074
v -0.225200 0.005428 -0.101812
v -0.211594 0.062554 -0.012447
v -0.223253 0.048823 -0.044339
v -0.213610 0.058376 -0.036561
v -0.220801 0.045546 -0.062233
v -0.208354 0.057996 -0.062233
v -0.223306 0.022023 -0.097669
v -0.217295 0.037015 -0.088474
v -0.203713 0.054098 -0.087127
v -0.218411 0.013214 -0.110874
v -0.206224 0.037600 -0.111139
v -0.200469 0.051044 -0.102254
v -0.205109 0.012447 -0.133712
v -0.202057 0.029476 -0.129060
v -0.197912 0.073873 -0.012447
v -0.185465 0.081229 -0.012447
v -0.196114 0.072692 -0.037340
v -0.183667 0.080208 -0.037340
v -0.192906 0.070443 -0.062233
v -0.180460 0.078322 -0.062233
v -0.185884 0.067688 -0.088061
v -0.177043 0.076327 -0.080386
v -0.195875 0.046072 -0.118850
v -0.187227 0.057466 -0.111139
v -0.196731 0.012447 -0.146159
v -0.187814 0.039015 -0.138456
v -0.179280 0.053836 -0.131257
v -0.182912 0.012489 -0.163433
v -0.179752 0.031958 -0.156219
v -0.175310 0.004219 -0.175310
v -0.161807 0.093113 -0.012447
v -0.161807 0.091192 -0.037340
v -0.161807 0.087672 -0.062233
v -0.172868 0.073874 -0.096982
v -0.163465 0.081218 -0.088061
v -0.167767 0.070889 -0.112020
v -0.155320 0.077823 -0.112020
v -0.173016 0.048554 -0.147853
v -0.161706 0.062667 -0.136821
v -0.150395 0.075197 -0.125790
v -0.172815 0.020815 -0.172815
v -0.164618 0.040256 -0.164618
v -0.156421 0.054903 -0.156421
v -0.163433 0.012489 -0.182912
v -0.156219 0.031958 -0.179752
v -0.147770 0.099011 -0.012447
v -0.135323 0.103214 -0.012447
v -0.145441 0.098110 -0.037340
v -0.132995 0.102564 -0.037340
v -0.140970 0.096477 -0.062233
v -0.128523 0.101049 -0.062233
v -0.134914 0.094156 -0.085384
v -0.125283 0.099870 -0.075924
v -0.136913 0.085990 -0.112020
v -0.142385 0.071499 -0.142385
v -0.135218 0.077866 -0.135218
v -0.147853 0.048554 -0.173016
v -0.136821 0.062667 -0.161706
v -0.125790 0.075197 -0.150395
v -0.146159 0.012447 -0.196731
v -0.138456 0.039015 -0.187814
v -0.131257 0.053836 -0.179280
v -0.112020 0.110118 -0.012447
v -0.112020 0.108649 -0.037340
v -0.112020 0.105668 -0.062233
v -0.119185 0.097890 -0.092520
v -0.111340 0.101811 -0.085384
v -0.111340 0.095140 -0.111340
v -0.102589 0.100512 -0.102589
v -0.112020 0.085990 -0.136913
v -0.112020 0.070889 -0.167767
v -0.112020 0.077823 -0.155320
v -0.118850 0.046072 -0.195875
v -0.111139 0.057466 -0.187227
v -0.087127 0.115581 -0.012447
v -0.087127 0.114191 -0.037340
v -0.087127 0.111419 -0.062233
v -0.087127 0.107182 -0.087127
v -0.092520 0.097890 -0.119185
v -0.085384 0.101811 -0.111340
v -0.085384 0.094156 -0.134914
v -0.075924 0.099870 -0.125283
v -0.096982 0.073874 -0.172868
v -0.088061 0.081218 -0.163465
v -0.088061 0.067688 -0.185884
v -0.080386 0.076327 -0.177043
v -0.062233 0.119603 -0.012447
v -0.062233 0.118249 -0.037340
v -0.062233 0.115660 -0.062233
v -0.062233 0.111419 -0.087127
v -0.062233 0.105668 -0.112020
v -0.062233 0.096477 -0.140970
v -0.062233 0.101049 -0.128523
v -0.062233 0.087672 -0.161807
v -0.062233 0.070443 -0.192906
v -0.062233 0.078322 -0.180460
v -0.037340 0.122206 -0.012447
v -0.037340 0.120854 -0.037340
v -0.037340 0.118249 -0.062233
v -0.037340 0.114191 -0.087127
v -0.037340 0.108649 -0.112020
v -0.037340 0.098110 -0.145441
v -0.037340 0.102564 -0.132995
v -0.037340 0.091192 -0.161807
v -0.037340 0.072692 -0.196114
v -0.037340 0.080208 -0.183667
v -0.009958 0.123630 -0.009958
v -0.000001 0.124467 -0.000001
v -0.012447 0.122206 -0.037340
v -0.012447 0.119603 -0.062233
v -0.012447 0.115581 -0.087127
v -0.012447 0.110118 -0.112020
v -0.012447 0.099011 -0.147770
v -0.012447 0.103214 -0.135323
v -0.012447 0.093113 -0.161807
v -0.012447 0.073873 -0.197912
v -0.012447 0.081229 -0.185465
v -0.133712 0.012447 -0.205109
v -0.129060 0.029476 -0.202057
v -0.110874 0.013214 -0.218411
v -0.111139 0.037600 -0.206224
v -0.102254 0.051044 -0.200469
v -0.101812 0.005427 -0.225200
v -0.097669 0.022023 -0.223306
v -0.088474 0.037015 -0.217295
v -0.087127 0.054098 -0.203713
v -0.088474 0.013214 -0.228398
v -0.081074 0.028501 -0.226120
v -0.062233 0.045546 -0.220801
v -0.062233 0.057996 -0.208354
v -0.062233 0.012447 -0.236953
v -0.062233 0.033099 -0.229021
v -0.044339 0.048823 -0.223253
v -0.036560 0.058376 -0.213610
v -0.037340 0.012447 -0.242158
v -0.036560 0.039251 -0.230323
v -0.027743 0.050157 -0.224374
v -0.012447 0.062554 -0.211594
v -0.012447 0.012447 -0.244885
v -0.012447 0.037340 -0.234092
v -0.012447 0.050914 -0.225070
v 0.023595 -0.597954 0.647624
v 0.021213 -0.623990 0.623951
v 0.014106 -0.609089 0.634404
v 0.021837 -0.648603 0.598864
v 0.013227 -0.634429 0.609524
v 0.004618 -0.620223 0.620183
v 0.037340 -0.600036 0.649230
v 0.037340 -0.627436 0.626673
v 0.037340 -0.612482 0.639120
v 0.037340 -0.651808 0.602475
v 0.037340 -0.639882 0.614922
v 0.062233 -0.603684 0.652045
v 0.062233 -0.632068 0.629994
v 0.062233 -0.616131 0.642440
v 0.062233 -0.655977 0.607327
v 0.062233 -0.644515 0.619773
v 0.087127 -0.607333 0.654861
v 0.097251 -0.647380 0.622489
v 0.088223 -0.636991 0.630802
v 0.087127 -0.619779 0.645249
v 0.099453 -0.672142 0.597463
v 0.090054 -0.659069 0.609696
v 0.080656 -0.646762 0.621929
v 0.118927 -0.623160 0.648056
v 0.111185 -0.612084 0.655751
v 0.112020 -0.647863 0.622980
v 0.111185 -0.632787 0.637556
v 0.102331 -0.621847 0.646842
v 0.112020 -0.672561 0.597888
v 0.112020 -0.660310 0.610335
v 0.136913 -0.623900 0.648693
v 0.136913 -0.609887 0.659884
v 0.136913 -0.648678 0.623807
v 0.136913 -0.636346 0.636254
v 0.136913 -0.673347 0.598715
v 0.136913 -0.661124 0.611162
v 0.161807 -0.623380 0.648149
v 0.161807 -0.609887 0.658740
v 0.161807 -0.649492 0.624539
v 0.161807 -0.635826 0.636986
v 0.161807 -0.673567 0.599090
v 0.161807 -0.661938 0.611536
v 0.175092 -0.622467 0.647331
v 0.184714 -0.611667 0.654536
v 0.186700 -0.649364 0.624295
v 0.184714 -0.632371 0.638288
v 0.191688 -0.621151 0.646309
v 0.186700 -0.672812 0.598308
v 0.186700 -0.661810 0.610755
v 0.019554 -0.430587 0.723673
v 0.011733 -0.410769 0.725814
v 0.012447 -0.503169 0.699612
v 0.012447 -0.485420 0.706710
v 0.012447 -0.460527 0.714180
v 0.011733 -0.437584 0.719417
v 0.002959 -0.419086 0.720929
v 0.018520 -0.551777 0.674494
v 0.011112 -0.536949 0.680271
v 0.012447 -0.515616 0.692975
v 0.014157 -0.585398 0.652684
v 0.011112 -0.560085 0.666952
v 0.001924 -0.546409 0.671404
v 0.007000 -0.593966 0.644857
v 0.042137 -0.455053 0.724437
v 0.035240 -0.437584 0.727190
v 0.037340 -0.410740 0.733781
v 0.045318 -0.525423 0.698221
v 0.037148 -0.511504 0.702202
v 0.037340 -0.485420 0.713030
v 0.035240 -0.462221 0.720170
v 0.025541 -0.447182 0.721693
v 0.048710 -0.573039 0.672494
v 0.039183 -0.560085 0.677047
v 0.037148 -0.534315 0.691071
v 0.028722 -0.520596 0.695867
v 0.039183 -0.582799 0.662323
v 0.032115 -0.568373 0.669717
v 0.068940 -0.475719 0.723000
v 0.061278 -0.462221 0.726717
v 0.062233 -0.435634 0.735286
v 0.062233 -0.410740 0.739868
v 0.062233 -0.530008 0.700009
v 0.062233 -0.510314 0.707957
v 0.061278 -0.484578 0.718016
v 0.052344 -0.471648 0.721421
v 0.062233 -0.575108 0.674093
v 0.062233 -0.560100 0.684007
v 0.062233 -0.542455 0.694482
v 0.062233 -0.587555 0.664492
v 0.097622 -0.400118 0.747132
v 0.087127 -0.480067 0.724726
v 0.087127 -0.460527 0.731817
v 0.087127 -0.435634 0.739135
v 0.088445 -0.409346 0.744306
v 0.087127 -0.534107 0.702377
v 0.087127 -0.510314 0.712694
v 0.087127 -0.492514 0.719777
v 0.087127 -0.578656 0.676409
v 0.087127 -0.560100 0.688376
v 0.087127 -0.546554 0.696535
v 0.087127 -0.591103 0.667308
v 0.112020 -0.403172 0.747916
v 0.119483 -0.499802 0.722843
v 0.111519 -0.486959 0.726052
v 0.112020 -0.460527 0.734199
v 0.112020 -0.435634 0.740605
v 0.112020 -0.415618 0.745239
v 0.118360 -0.548123 0.697282
v 0.110846 -0.537595 0.702799
v 0.111519 -0.508985 0.717196
v 0.102887 -0.496282 0.721277
v 0.112020 -0.581485 0.677585
v 0.110846 -0.557892 0.691371
v 0.101765 -0.547484 0.696918
v 0.112020 -0.593932 0.669707
v 0.136913 -0.406209 0.748755
v 0.136913 -0.500764 0.723233
v 0.136913 -0.485420 0.728414
v 0.136913 -0.460527 0.735343
v 0.136913 -0.435634 0.741489
v 0.136913 -0.418655 0.745682
v 0.136913 -0.548835 0.697688
v 0.136913 -0.535207 0.705473
v 0.136913 -0.513210 0.717246
v 0.136913 -0.582948 0.678131
v 0.136913 -0.561281 0.690578
v 0.136913 -0.595394 0.670865
v 0.161807 -0.407428 0.748596
v 0.156922 -0.499795 0.722740
v 0.163854 -0.487789 0.726521
v 0.161807 -0.460527 0.735747
v 0.161807 -0.435634 0.742374
v 0.161807 -0.419875 0.746124
v 0.161807 -0.549790 0.698234
v 0.161807 -0.535207 0.705923
v 0.163854 -0.508981 0.718052
v 0.173517 -0.497666 0.721826
v 0.161807 -0.582461 0.678573
v 0.161807 -0.562236 0.691019
v 0.161807 -0.594908 0.670265
v 0.186700 -0.403367 0.747545
v 0.186700 -0.483415 0.726106
v 0.186700 -0.460527 0.734824
v 0.186700 -0.435634 0.742215
v 0.186700 -0.415814 0.745943
v 0.186700 -0.549819 0.698233
v 0.186700 -0.535207 0.704868
v 0.186700 -0.510314 0.715289
v 0.186700 -0.495861 0.721101
v 0.186700 -0.580632 0.678188
v 0.186700 -0.562266 0.690635
v 0.186700 -0.593078 0.668732
v 0.012447 -0.385847 0.731467
v 0.012447 -0.360954 0.734576
v 0.012447 -0.336060 0.734555
v 0.012447 -0.311167 0.733177
v 0.012447 -0.286274 0.731800
v 0.012447 -0.261380 0.729891
v 0.011990 -0.237271 0.725662
v 0.019984 -0.219026 0.723656
v 0.003388 -0.229497 0.720672
v 0.011990 -0.211074 0.718466
v 0.037340 -0.385847 0.737961
v 0.037340 -0.360954 0.740651
v 0.037340 -0.336060 0.741516
v 0.037340 -0.311167 0.740718
v 0.037340 -0.286274 0.739330
v 0.037340 -0.261380 0.737186
v 0.037340 -0.236487 0.732974
v 0.037431 -0.211074 0.725866
v 0.029194 -0.202430 0.720762
v 0.071421 -0.354138 0.747354
v 0.067743 -0.336060 0.748242
v 0.066727 -0.311167 0.748748
v 0.070067 -0.291898 0.748029
v 0.062233 -0.385847 0.742680
v 0.062767 -0.361843 0.745128
v 0.055296 -0.336060 0.745753
v 0.054281 -0.311167 0.745645
v 0.061955 -0.284669 0.745157
v 0.062233 -0.261380 0.741971
v 0.062233 -0.236487 0.737452
v 0.062233 -0.211594 0.731772
v 0.093044 -0.385847 0.747909
v 0.085564 -0.361843 0.748997
v 0.087127 -0.336060 0.751440
v 0.087127 -0.311167 0.752003
v 0.085756 -0.284669 0.749310
v 0.093140 -0.268737 0.747717
v 0.080598 -0.385847 0.745796
v 0.076224 -0.370733 0.746539
v 0.076544 -0.275302 0.746535
v 0.085756 -0.260816 0.745239
v 0.087127 -0.236487 0.741056
v 0.087127 -0.211594 0.736355
v 0.112020 -0.385847 0.750691
v 0.112020 -0.360954 0.753100
v 0.112020 -0.336060 0.753906
v 0.112020 -0.311167 0.753567
v 0.112020 -0.286274 0.752131
v 0.111963 -0.260816 0.748880
v 0.120223 -0.245576 0.747405
v 0.103628 -0.252141 0.746223
v 0.111963 -0.236962 0.744674
v 0.112020 -0.211594 0.739399
v 0.136913 -0.385847 0.752715
v 0.136913 -0.360954 0.754995
v 0.136913 -0.336060 0.754872
v 0.136913 -0.311167 0.754078
v 0.136913 -0.286274 0.753285
v 0.136913 -0.261380 0.751461
v 0.136913 -0.242555 0.748417
v 0.136913 -0.230108 0.745409
v 0.136913 -0.211594 0.740290
v 0.161807 -0.385847 0.752014
v 0.161807 -0.360954 0.754441
v 0.161807 -0.336060 0.755115
v 0.161807 -0.311167 0.754589
v 0.161807 -0.286274 0.753515
v 0.161807 -0.261380 0.751403
v 0.161807 -0.242948 0.748385
v 0.161807 -0.230501 0.745248
v 0.161807 -0.211594 0.739903
v 0.186700 -0.385847 0.749623
v 0.186700 -0.360954 0.752289
v 0.186700 -0.336060 0.754358
v 0.186700 -0.311167 0.754498
v 0.186700 -0.286274 0.752412
v 0.186823 -0.260773 0.748787
v 0.178607 -0.246101 0.747363
v 0.195202 -0.252071 0.746291
v 0.186823 -0.237277 0.744715
v 0.186700 -0.211594 0.739004
v 0.012447 -0.186700 0.710817
v 0.012481 -0.161340 0.701617
v 0.020801 -0.146468 0.698379
v 0.004206 -0.152731 0.695457
v 0.012481 -0.137667 0.690681
v 0.013656 -0.112207 0.677194
v 0.022760 -0.098030 0.672978
v 0.006165 -0.104034 0.669643
v 0.013656 -0.088690 0.663988
v 0.012447 -0.069232 0.651367
v 0.012447 -0.056785 0.641302
v 0.012447 -0.042625 0.628855
v 0.012447 -0.030178 0.617788
v 0.012447 -0.016580 0.605341
v 0.045790 -0.196096 0.722971
v 0.037431 -0.187359 0.717699
v 0.037340 -0.161807 0.708763
v 0.039077 -0.137667 0.700257
v 0.048532 -0.123667 0.697481
v 0.031937 -0.129872 0.694183
v 0.039077 -0.114030 0.687991
v 0.037340 -0.094492 0.675411
v 0.037340 -0.082045 0.667755
v 0.038872 -0.061159 0.653958
v 0.048190 -0.049258 0.647671
v 0.031595 -0.052145 0.645124
v 0.039191 -0.037953 0.634200
v 0.046787 -0.023899 0.623275
v 0.030191 -0.026649 0.620672
v 0.037787 -0.012595 0.609747
v 0.063868 -0.187359 0.724729
v 0.073255 -0.173217 0.722287
v 0.056659 -0.179500 0.720077
v 0.063868 -0.163674 0.716356
v 0.062233 -0.136913 0.705516
v 0.062233 -0.121544 0.698637
v 0.062233 -0.109097 0.691083
v 0.062233 -0.089919 0.678636
v 0.062233 -0.077472 0.670237
v 0.062233 -0.062233 0.659815
v 0.062233 -0.047186 0.649252
v 0.062233 -0.034739 0.638145
v 0.062233 -0.021340 0.625699
v 0.062233 -0.008893 0.613913
v 0.087127 -0.186700 0.729636
v 0.087127 -0.170392 0.723642
v 0.087127 -0.157945 0.718407
v 0.087127 -0.136913 0.709054
v 0.087127 -0.118270 0.700108
v 0.087127 -0.105824 0.693456
v 0.085993 -0.085031 0.679941
v 0.093535 -0.072926 0.673304
v 0.076940 -0.075336 0.671678
v 0.085993 -0.063670 0.665580
v 0.087127 -0.043375 0.651830
v 0.087127 -0.030928 0.642030
v 0.087127 -0.017683 0.629583
v 0.087127 -0.005237 0.617158
v 0.112020 -0.186700 0.732452
v 0.112020 -0.166963 0.725182
v 0.112020 -0.154516 0.719504
v 0.112020 -0.136913 0.711248
v 0.112020 -0.115554 0.701205
v 0.112020 -0.103108 0.695255
v 0.112020 -0.087127 0.685803
v 0.112020 -0.070516 0.675115
v 0.112020 -0.058069 0.666192
v 0.112020 -0.041078 0.653745
v 0.112020 -0.028631 0.644111
v 0.112020 -0.015773 0.631664
v 0.112020 -0.003326 0.618787
v 0.136913 -0.186700 0.732770
v 0.136913 -0.164900 0.725443
v 0.136913 -0.152453 0.720600
v 0.136913 -0.136913 0.713441
v 0.136913 -0.113574 0.702301
v 0.136913 -0.101128 0.696262
v 0.136913 -0.087127 0.688048
v 0.136913 -0.069046 0.676353
v 0.136913 -0.056599 0.666749
v 0.136913 -0.040955 0.654303
v 0.136913 -0.028508 0.644226
v 0.136913 -0.015141 0.631779
v 0.136913 -0.002694 0.619461
v 0.161807 -0.186700 0.732318
v 0.161807 -0.163861 0.725217
v 0.161807 -0.151414 0.721226
v 0.161807 -0.136913 0.714598
v 0.161807 -0.113784 0.702832
v 0.161807 -0.101338 0.695982
v 0.161807 -0.087127 0.687308
v 0.161807 -0.069504 0.675894
v 0.161807 -0.057057 0.666475
v 0.161807 -0.041297 0.654029
v 0.161807 -0.028850 0.644056
v 0.161807 -0.014578 0.631609
v 0.161807 -0.002132 0.620135
v 0.186700 -0.186700 0.731818
v 0.186700 -0.165576 0.724942
v 0.186700 -0.153130 0.720378
v 0.186700 -0.136913 0.713013
v 0.186700 -0.115878 0.702096
v 0.186700 -0.103431 0.694697
v 0.186700 -0.087127 0.684905
v 0.186700 -0.070630 0.674775
v 0.186700 -0.058183 0.666201
v 0.186700 -0.041639 0.653754
v 0.186700 -0.029193 0.643663
v 0.186700 -0.014933 0.631217
v 0.186700 -0.002487 0.619767
v 0.022606 -0.672995 0.573599
v 0.013924 -0.659042 0.584299
v 0.005241 -0.644868 0.594999
v 0.013564 -0.679415 0.560842
v 0.006011 -0.669481 0.569634
v 0.012447 -0.700344 0.528383
v 0.012447 -0.693030 0.540829
v 0.024712 -0.721976 0.497996
v 0.014827 -0.712719 0.507902
v 0.014827 -0.725126 0.484443
v 0.008116 -0.718750 0.492089
v 0.012447 -0.735275 0.460527
v 0.018730 -0.749152 0.428994
v 0.011238 -0.743872 0.436628
v 0.011238 -0.751611 0.411303
v 0.002135 -0.745986 0.419976
v 0.037340 -0.674923 0.576203
v 0.037340 -0.664255 0.588649
v 0.046544 -0.697791 0.548691
v 0.037884 -0.688572 0.558234
v 0.037884 -0.703971 0.536550
v 0.029949 -0.695803 0.545744
v 0.037340 -0.723921 0.502295
v 0.037340 -0.717575 0.514742
v 0.037340 -0.731350 0.485420
v 0.045575 -0.747841 0.450648
v 0.037302 -0.742181 0.459579
v 0.037302 -0.751359 0.436628
v 0.028979 -0.745792 0.445589
v 0.037340 -0.759863 0.410740
v 0.062233 -0.677904 0.580272
v 0.062233 -0.668424 0.592718
v 0.062233 -0.699670 0.551201
v 0.062233 -0.690351 0.563647
v 0.062233 -0.711125 0.535207
v 0.062233 -0.727305 0.508409
v 0.062233 -0.720916 0.520856
v 0.062233 -0.737808 0.485420
v 0.062233 -0.749837 0.455727
v 0.062233 -0.744857 0.468174
v 0.062233 -0.757042 0.435634
v 0.062233 -0.764591 0.410740
v 0.089544 -0.679145 0.586391
v 0.082858 -0.670757 0.595620
v 0.087127 -0.702325 0.555183
v 0.087127 -0.693332 0.567629
v 0.091385 -0.722608 0.524007
v 0.084703 -0.716193 0.533466
v 0.084703 -0.728293 0.512793
v 0.074789 -0.721898 0.522744
v 0.092442 -0.748473 0.476045
v 0.085337 -0.742646 0.484774
v 0.085337 -0.752199 0.462614
v 0.075846 -0.746529 0.472303
v 0.087127 -0.761253 0.435634
v 0.096128 -0.772169 0.400062
v 0.087549 -0.768502 0.409312
v 0.123116 -0.697275 0.572871
v 0.113699 -0.686532 0.582699
v 0.113699 -0.702789 0.561419
v 0.106521 -0.695553 0.570596
v 0.112020 -0.723490 0.525578
v 0.112020 -0.716484 0.538025
v 0.112020 -0.732066 0.510314
v 0.112020 -0.749427 0.478191
v 0.112020 -0.742929 0.490637
v 0.112020 -0.756473 0.460527
v 0.112020 -0.764521 0.435634
v 0.112020 -0.773237 0.404141
v 0.112020 -0.769922 0.416588
v 0.127367 -0.697275 0.572871
v 0.136164 -0.687727 0.582699
v 0.136164 -0.703537 0.562169
v 0.143962 -0.696496 0.571845
v 0.136913 -0.724555 0.527474
v 0.136913 -0.717419 0.539920
v 0.136913 -0.734027 0.510314
v 0.136913 -0.749348 0.478889
v 0.136913 -0.743826 0.491336
v 0.136913 -0.756768 0.460527
v 0.136913 -0.766034 0.435634
v 0.136913 -0.774457 0.408446
v 0.136913 -0.771061 0.420893
v 0.161807 -0.684640 0.584994
v 0.161807 -0.704794 0.558239
v 0.161807 -0.695640 0.570685
v 0.161807 -0.725392 0.528270
v 0.161807 -0.717241 0.540717
v 0.161807 -0.735075 0.510314
v 0.161807 -0.748954 0.478474
v 0.161807 -0.744037 0.490921
v 0.161807 -0.755979 0.460527
v 0.161807 -0.765574 0.435634
v 0.161807 -0.774177 0.407894
v 0.161807 -0.770996 0.420341
v 0.186700 -0.682690 0.584994
v 0.186700 -0.703632 0.556620
v 0.186700 -0.694445 0.569067
v 0.186700 -0.724672 0.526851
v 0.186700 -0.716078 0.539298
v 0.186700 -0.733585 0.510314
v 0.186700 -0.748559 0.477259
v 0.186700 -0.743267 0.489706
v 0.186700 -0.755189 0.460527
v 0.186700 -0.764073 0.435634
v 0.186700 -0.772740 0.402874
v 0.186700 -0.769890 0.415320
v 0.012447 -0.004133 0.592651
v 0.028788 -0.001290 0.595997
v 0.012447 -0.757550 0.385847
v 0.012447 -0.761638 0.360954
v 0.012447 -0.765049 0.336060
v 0.012447 -0.767201 0.311167
v 0.024824 -0.771717 0.274427
v 0.014895 -0.768421 0.284144
v 0.024824 -0.771717 0.273509
v 0.014895 -0.767407 0.263679
v 0.012447 -0.763309 0.236487
v 0.012447 -0.758671 0.211594
v 0.037340 -0.765239 0.385847
v 0.046386 -0.772690 0.355621
v 0.037789 -0.769087 0.362733
v 0.042971 -0.773422 0.336060
v 0.030524 -0.770137 0.336060
v 0.040241 -0.773889 0.311167
v 0.027794 -0.771027 0.311167
v 0.035605 -0.773610 0.284144
v 0.026150 -0.771405 0.291023
v 0.036752 -0.773182 0.263679
v 0.028063 -0.771101 0.256913
v 0.045338 -0.772517 0.236487
v 0.032891 -0.769837 0.236487
v 0.048983 -0.771886 0.223080
v 0.039347 -0.767402 0.213507
v 0.067192 -0.773253 0.379207
v 0.060230 -0.770103 0.386842
v 0.060230 -0.774962 0.362733
v 0.050597 -0.771524 0.372216
v 0.062233 -0.778002 0.336060
v 0.062233 -0.778947 0.311167
v 0.062233 -0.778970 0.286274
v 0.062233 -0.777558 0.261380
v 0.062233 -0.775290 0.236487
v 0.062233 -0.772843 0.218312
v 0.062233 -0.770346 0.205865
v 0.087549 -0.774302 0.386842
v 0.079533 -0.771025 0.395802
v 0.087127 -0.779326 0.360954
v 0.087127 -0.782221 0.336060
v 0.087127 -0.783964 0.311167
v 0.087127 -0.783759 0.286274
v 0.087127 -0.781913 0.261380
v 0.087127 -0.779189 0.236487
v 0.086048 -0.774483 0.210076
v 0.077031 -0.771369 0.200767
v 0.112020 -0.777039 0.385847
v 0.112020 -0.780951 0.360954
v 0.112020 -0.784257 0.336060
v 0.112020 -0.786475 0.311167
v 0.112020 -0.786519 0.286274
v 0.112020 -0.785467 0.261380
v 0.112020 -0.782907 0.236487
v 0.112020 -0.778379 0.211594
v 0.136913 -0.778928 0.385847
v 0.136913 -0.782288 0.360954
v 0.136913 -0.785360 0.336060
v 0.136913 -0.786869 0.311167
v 0.136913 -0.786882 0.286274
v 0.136913 -0.786466 0.261380
v 0.136913 -0.784139 0.236487
v 0.136913 -0.779955 0.211594
v 0.161807 -0.778908 0.385847
v 0.161807 -0.783217 0.360954
v 0.161807 -0.786066 0.336060
v 0.161807 -0.786778 0.311167
v 0.161807 -0.786626 0.286274
v 0.161807 -0.785671 0.261380
v 0.161807 -0.782897 0.236487
v 0.161807 -0.779105 0.211594
v 0.186700 -0.776631 0.385847
v 0.186700 -0.781949 0.360954
v 0.186700 -0.785027 0.336060
v 0.186700 -0.785988 0.311167
v 0.186700 -0.786320 0.286274
v 0.186700 -0.784838 0.261380
v 0.186700 -0.781486 0.236487
v 0.186700 -0.777694 0.211594
v 0.010794 -0.751909 0.185363
v 0.001394 -0.746315 0.176175
v 0.017990 -0.749204 0.167269
v 0.010794 -0.744268 0.160105
v 0.012447 -0.736470 0.136913
v 0.013536 -0.726329 0.112173
v 0.005965 -0.719808 0.103977
v 0.022560 -0.722720 0.097984
v 0.013536 -0.714414 0.088662
v 0.012447 -0.701669 0.066904
v 0.012447 -0.693983 0.054458
v 0.012081 -0.680897 0.036112
v 0.003539 -0.670512 0.026995
v 0.020134 -0.674193 0.022067
v 0.010410 -0.660825 0.011232
v 0.000685 -0.646876 0.000397
v 0.037340 -0.760893 0.186700
v 0.035670 -0.752651 0.160105
v 0.026259 -0.746338 0.150673
v 0.042855 -0.749086 0.142872
v 0.035670 -0.743971 0.135510
v 0.037340 -0.734547 0.112020
v 0.037340 -0.725290 0.092831
v 0.037340 -0.718836 0.080384
v 0.035322 -0.706039 0.060017
v 0.025678 -0.696728 0.050242
v 0.042274 -0.699555 0.046165
v 0.035322 -0.690944 0.037657
v 0.037340 -0.677194 0.018551
v 0.037340 -0.667086 0.006104
v 0.062233 -0.766332 0.186700
v 0.062233 -0.759509 0.161807
v 0.062360 -0.750562 0.135510
v 0.054147 -0.746119 0.126277
v 0.070742 -0.747370 0.123233
v 0.062360 -0.741599 0.113769
v 0.061586 -0.727524 0.085176
v 0.052857 -0.721433 0.075578
v 0.069452 -0.722661 0.073453
v 0.061586 -0.715435 0.063986
v 0.062233 -0.701726 0.042862
v 0.062233 -0.692834 0.030415
v 0.062233 -0.680387 0.014974
v 0.062233 -0.669937 0.002528
v 0.093626 -0.772516 0.195577
v 0.086048 -0.769556 0.187048
v 0.087127 -0.762685 0.161807
v 0.087127 -0.754249 0.136913
v 0.087127 -0.748382 0.121048
v 0.087127 -0.742469 0.108602
v 0.087127 -0.731991 0.087127
v 0.087127 -0.723876 0.071441
v 0.087127 -0.715975 0.058994
v 0.087127 -0.703528 0.039823
v 0.087127 -0.695211 0.027377
v 0.086418 -0.681266 0.010379
v 0.077648 -0.671535 0.000703
v 0.112020 -0.773788 0.190618
v 0.112020 -0.770755 0.178171
v 0.112020 -0.765666 0.161807
v 0.112020 -0.757203 0.136913
v 0.112020 -0.749845 0.117913
v 0.112020 -0.743973 0.105467
v 0.112020 -0.735130 0.087127
v 0.112020 -0.725511 0.068665
v 0.112020 -0.717777 0.056218
v 0.111200 -0.704146 0.035226
v 0.102355 -0.696577 0.025518
v 0.118951 -0.697812 0.023771
v 0.111200 -0.688986 0.014263
v 0.137513 -0.774167 0.184508
v 0.129615 -0.771565 0.174749
v 0.146210 -0.771772 0.174002
v 0.137513 -0.768379 0.164145
v 0.136913 -0.759389 0.136913
v 0.136913 -0.750989 0.115546
v 0.136913 -0.745098 0.103099
v 0.136913 -0.737376 0.087127
v 0.136913 -0.726632 0.066851
v 0.136913 -0.718898 0.054405
v 0.136913 -0.707572 0.037340
v 0.136913 -0.698135 0.023339
v 0.136913 -0.688202 0.010892
v 0.159861 -0.773947 0.185590
v 0.166861 -0.771057 0.176553
v 0.150266 -0.771772 0.174002
v 0.159861 -0.767883 0.164145
v 0.161807 -0.758977 0.136913
v 0.161807 -0.750817 0.115994
v 0.161807 -0.744863 0.103548
v 0.161807 -0.736857 0.087127
v 0.161807 -0.726348 0.067323
v 0.161807 -0.718568 0.054876
v 0.164046 -0.704718 0.034883
v 0.173837 -0.696977 0.024946
v 0.157242 -0.697710 0.023943
v 0.164046 -0.689472 0.014366
v 0.186700 -0.773746 0.191755
v 0.186700 -0.770202 0.179308
v 0.186700 -0.764842 0.161807
v 0.186700 -0.756737 0.136913
v 0.186700 -0.749649 0.118492
v 0.186700 -0.743645 0.106045
v 0.186700 -0.734421 0.087127
v 0.186700 -0.725130 0.069190
v 0.186700 -0.717469 0.056743
v 0.186700 -0.705023 0.038214
v 0.186700 -0.696409 0.025767
v 0.186700 -0.686325 0.012447
v 0.211594 -0.607127 0.654752
v 0.202676 -0.648295 0.623267
v 0.211222 -0.636426 0.631110
v 0.211594 -0.619574 0.645050
v 0.199469 -0.672184 0.597524
v 0.209370 -0.659319 0.609193
v 0.219272 -0.645821 0.620862
v 0.236487 -0.604983 0.653072
v 0.236487 -0.630681 0.630397
v 0.236487 -0.617430 0.642843
v 0.236487 -0.655020 0.605597
v 0.236487 -0.643128 0.618043
v 0.261380 -0.601006 0.649972
v 0.261380 -0.626702 0.626893
v 0.261380 -0.613452 0.639339
v 0.261380 -0.651040 0.601431
v 0.261380 -0.639148 0.613878
v 0.274617 -0.597937 0.647599
v 0.277357 -0.623919 0.623976
v 0.284285 -0.608835 0.633721
v 0.277627 -0.648442 0.598713
v 0.285790 -0.634816 0.609488
v 0.293953 -0.619734 0.620263
v 0.311167 -0.602071 0.626021
v 0.311167 -0.629316 0.603664
v 0.311167 -0.614518 0.616111
v 0.324371 -0.597917 0.622714
v 0.327122 -0.624860 0.599511
v 0.334045 -0.608530 0.609034
v 0.355399 -0.602546 0.601961
v 0.199604 -0.398753 0.746850
v 0.211594 -0.480008 0.724736
v 0.211594 -0.460527 0.731972
v 0.211594 -0.435634 0.739248
v 0.209378 -0.408527 0.744420
v 0.201972 -0.548799 0.697644
v 0.210800 -0.536275 0.701604
v 0.211594 -0.510314 0.712549
v 0.211594 -0.492455 0.719731
v 0.211594 -0.578457 0.676502
v 0.210800 -0.558298 0.689759
v 0.218568 -0.545285 0.695676
v 0.211594 -0.590904 0.667199
v 0.231463 -0.476528 0.723336
v 0.238451 -0.462615 0.726274
v 0.236487 -0.435634 0.733749
v 0.236487 -0.410740 0.739430
v 0.236487 -0.528667 0.700147
v 0.236487 -0.510314 0.709026
v 0.238451 -0.485063 0.718954
v 0.248059 -0.472305 0.721742
v 0.231745 -0.575695 0.674286
v 0.238621 -0.562417 0.680372
v 0.236487 -0.541113 0.693258
v 0.238621 -0.584393 0.666739
v 0.248341 -0.572259 0.671954
v 0.256404 -0.455709 0.723788
v 0.263373 -0.437616 0.726493
v 0.261380 -0.410740 0.733618
v 0.252934 -0.524706 0.698138
v 0.261291 -0.511413 0.702778
v 0.261380 -0.485420 0.713957
v 0.263373 -0.462615 0.720290
v 0.272999 -0.447235 0.721699
v 0.261380 -0.556641 0.677313
v 0.261291 -0.533885 0.690486
v 0.269529 -0.520443 0.695806
v 0.261380 -0.584994 0.660420
v 0.261380 -0.569088 0.670122
v 0.281124 -0.430640 0.723744
v 0.288163 -0.412377 0.726082
v 0.280971 -0.503848 0.700047
v 0.288071 -0.487169 0.704101
v 0.286274 -0.460527 0.714074
v 0.288163 -0.437616 0.720181
v 0.297720 -0.421766 0.721655
v 0.281996 -0.551627 0.674416
v 0.288686 -0.537658 0.680462
v 0.288071 -0.511413 0.693726
v 0.297567 -0.496632 0.696524
v 0.284258 -0.584649 0.652612
v 0.288686 -0.559995 0.667302
v 0.298591 -0.547589 0.672084
v 0.291212 -0.592717 0.643466
v 0.301874 -0.405170 0.723146
v 0.305320 -0.480037 0.699816
v 0.312637 -0.461926 0.703766
v 0.311167 -0.435634 0.713379
v 0.310570 -0.412377 0.718759
v 0.311167 -0.530687 0.676252
v 0.311167 -0.510314 0.685322
v 0.312637 -0.487169 0.693879
v 0.321915 -0.471156 0.696293
v 0.304401 -0.576121 0.650030
v 0.312086 -0.561602 0.657040
v 0.311167 -0.543133 0.669838
v 0.312086 -0.584649 0.639433
v 0.320996 -0.570900 0.645916
v 0.329420 -0.454560 0.699585
v 0.337055 -0.435059 0.702168
v 0.336060 -0.410740 0.708118
v 0.325643 -0.525095 0.673113
v 0.334789 -0.508815 0.675744
v 0.336060 -0.485420 0.684628
v 0.337055 -0.461926 0.693365
v 0.346016 -0.442973 0.695899
v 0.336060 -0.552683 0.651222
v 0.334789 -0.534119 0.663255
v 0.342239 -0.516113 0.668614
v 0.334026 -0.584637 0.628451
v 0.336060 -0.565130 0.642143
v 0.340967 -0.592697 0.618557
v 0.349738 -0.426378 0.697711
v 0.352755 -0.410740 0.699418
v 0.349950 -0.499518 0.672882
v 0.359330 -0.483568 0.675327
v 0.360954 -0.460527 0.682809
v 0.359203 -0.435059 0.690458
v 0.365201 -0.410740 0.692373
v 0.348561 -0.547709 0.647262
v 0.354084 -0.535207 0.650847
v 0.361217 -0.510621 0.660001
v 0.366546 -0.490630 0.667984
v 0.353495 -0.576101 0.625164
v 0.359326 -0.558550 0.633520
v 0.366531 -0.535207 0.642768
v 0.372484 -0.521723 0.646633
v 0.362745 -0.586238 0.611190
v 0.370091 -0.569391 0.620419
v 0.374187 -0.474034 0.672651
v 0.377094 -0.460527 0.674382
v 0.382199 -0.435634 0.677208
v 0.387913 -0.412133 0.679213
v 0.379812 -0.505128 0.651389
v 0.385297 -0.484586 0.658856
v 0.389541 -0.460527 0.665650
v 0.394646 -0.435634 0.669682
v 0.397589 -0.421360 0.671699
v 0.377941 -0.552796 0.625281
v 0.386082 -0.535144 0.630115
v 0.387205 -0.512181 0.642548
v 0.396408 -0.495137 0.646003
v 0.380953 -0.579779 0.603823
v 0.387745 -0.562222 0.611698
v 0.394537 -0.543399 0.619574
v 0.209378 -0.383604 0.747419
v 0.211594 -0.360954 0.749607
v 0.211594 -0.336060 0.751807
v 0.211594 -0.311167 0.752072
v 0.212997 -0.284795 0.749171
v 0.205636 -0.268666 0.747639
v 0.216199 -0.390406 0.745956
v 0.222231 -0.275511 0.746567
v 0.212997 -0.260773 0.745406
v 0.211594 -0.236487 0.741644
v 0.211594 -0.211594 0.736958
v 0.224448 -0.373811 0.746845
v 0.228135 -0.360954 0.747533
v 0.231413 -0.336060 0.748401
v 0.230389 -0.311167 0.748396
v 0.227728 -0.292106 0.747728
v 0.234242 -0.383604 0.744387
v 0.240582 -0.360954 0.745705
v 0.243859 -0.336060 0.745679
v 0.242836 -0.311167 0.745268
v 0.236210 -0.284795 0.745106
v 0.236487 -0.261380 0.742376
v 0.236487 -0.236487 0.738104
v 0.236487 -0.211594 0.732649
v 0.261380 -0.385847 0.738825
v 0.261380 -0.360954 0.741402
v 0.261380 -0.336060 0.741429
v 0.261380 -0.311167 0.740608
v 0.261380 -0.286274 0.739787
v 0.261380 -0.261380 0.737799
v 0.261380 -0.236487 0.733045
v 0.261648 -0.211235 0.725896
v 0.270124 -0.202699 0.720827
v 0.286274 -0.385847 0.731189
v 0.286274 -0.360954 0.733616
v 0.286274 -0.336060 0.734603
v 0.286274 -0.311167 0.734352
v 0.286274 -0.286274 0.733052
v 0.286274 -0.261380 0.730349
v 0.286721 -0.237284 0.725425
v 0.278722 -0.219294 0.723351
v 0.295317 -0.229517 0.720894
v 0.286721 -0.211235 0.718551
v 0.304899 -0.385847 0.724335
v 0.307795 -0.360954 0.725472
v 0.312887 -0.335241 0.725659
v 0.311167 -0.311167 0.726917
v 0.311709 -0.288071 0.725050
v 0.303470 -0.261380 0.723841
v 0.300002 -0.246113 0.722429
v 0.317346 -0.385847 0.719445
v 0.320242 -0.360954 0.720583
v 0.322331 -0.342993 0.721403
v 0.320367 -0.280971 0.720586
v 0.315917 -0.261380 0.718775
v 0.309447 -0.237284 0.716952
v 0.311167 -0.211594 0.710775
v 0.324193 -0.326398 0.722162
v 0.324360 -0.311167 0.722258
v 0.324029 -0.297567 0.722121
v 0.336060 -0.385847 0.711712
v 0.336060 -0.360954 0.714369
v 0.333919 -0.335241 0.717194
v 0.336806 -0.311167 0.716054
v 0.333820 -0.288071 0.715665
v 0.336060 -0.261380 0.710450
v 0.336060 -0.236487 0.705973
v 0.336325 -0.213004 0.701092
v 0.344799 -0.205647 0.694883
v 0.357532 -0.385847 0.701727
v 0.363025 -0.361901 0.702489
v 0.360954 -0.336060 0.704700
v 0.362957 -0.312168 0.702401
v 0.358874 -0.286274 0.702648
v 0.356735 -0.261380 0.701136
v 0.352782 -0.236487 0.698960
v 0.349570 -0.222242 0.697544
v 0.369978 -0.385847 0.695091
v 0.372703 -0.370830 0.696638
v 0.372591 -0.304538 0.696573
v 0.371321 -0.286274 0.695881
v 0.369181 -0.261380 0.694889
v 0.365228 -0.236487 0.692683
v 0.359102 -0.213004 0.689107
v 0.374640 -0.354234 0.697829
v 0.374583 -0.336060 0.697767
v 0.373738 -0.321133 0.697202
v 0.385847 -0.385847 0.685965
v 0.384101 -0.361901 0.690608
v 0.387030 -0.336060 0.689665
v 0.383560 -0.312168 0.690902
v 0.385847 -0.286274 0.687964
v 0.385847 -0.261380 0.685198
v 0.387217 -0.236842 0.679194
v 0.379826 -0.211594 0.676282
v 0.396429 -0.228781 0.670830
v 0.392273 -0.211594 0.668394
v 0.211594 -0.186700 0.729852
v 0.211594 -0.170107 0.723658
v 0.211594 -0.157660 0.718258
v 0.211594 -0.136913 0.709057
v 0.211594 -0.118552 0.700260
v 0.211594 -0.106105 0.693412
v 0.211594 -0.087127 0.682335
v 0.211594 -0.072448 0.673490
v 0.211594 -0.060002 0.665097
v 0.211594 -0.043266 0.652650
v 0.211594 -0.030819 0.641824
v 0.211594 -0.017329 0.629378
v 0.211594 -0.004883 0.617392
v 0.235278 -0.186545 0.725212
v 0.226175 -0.173301 0.722326
v 0.242770 -0.178145 0.720703
v 0.235278 -0.163724 0.716353
v 0.238435 -0.134661 0.702992
v 0.231435 -0.121593 0.698434
v 0.248031 -0.124861 0.696841
v 0.238435 -0.112785 0.692735
v 0.235165 -0.086031 0.678194
v 0.225986 -0.073917 0.672605
v 0.242581 -0.077002 0.670372
v 0.235165 -0.064265 0.663076
v 0.236487 -0.046974 0.649680
v 0.236487 -0.034528 0.638543
v 0.236487 -0.020918 0.626097
v 0.236487 -0.008471 0.614170
v 0.253528 -0.194740 0.723248
v 0.261648 -0.186545 0.718374
v 0.261380 -0.161807 0.709872
v 0.261380 -0.140429 0.701032
v 0.261380 -0.127983 0.695203
v 0.261380 -0.112020 0.686698
v 0.261380 -0.093824 0.676062
v 0.261380 -0.081377 0.667463
v 0.259441 -0.061666 0.653638
v 0.249851 -0.049414 0.647527
v 0.266446 -0.052991 0.644814
v 0.260212 -0.037660 0.634262
v 0.253978 -0.023439 0.623710
v 0.270573 -0.025906 0.621446
v 0.263090 -0.011954 0.610354
v 0.286274 -0.186700 0.711251
v 0.287085 -0.160769 0.702324
v 0.279328 -0.145356 0.698896
v 0.295924 -0.151780 0.695973
v 0.287085 -0.137000 0.691723
v 0.285426 -0.111743 0.678064
v 0.276563 -0.097883 0.673207
v 0.293159 -0.103260 0.669912
v 0.285426 -0.088602 0.663785
v 0.286274 -0.069741 0.650911
v 0.286274 -0.057294 0.641573
v 0.286274 -0.041346 0.629127
v 0.286274 -0.028899 0.618480
v 0.286274 -0.016285 0.606033
v 0.312107 -0.185724 0.702671
v 0.304436 -0.168375 0.699288
v 0.321032 -0.176776 0.695872
v 0.312107 -0.160769 0.692669
v 0.312660 -0.135285 0.680075
v 0.305358 -0.119856 0.674882
v 0.321954 -0.125901 0.671443
v 0.312660 -0.111743 0.667087
v 0.310318 -0.086817 0.653203
v 0.301454 -0.073188 0.648303
v 0.318050 -0.078313 0.644779
v 0.311477 -0.062175 0.635142
v 0.304904 -0.045817 0.625506
v 0.321500 -0.051161 0.621068
v 0.313506 -0.035804 0.611278
v 0.305511 -0.021245 0.601487
v 0.328203 -0.193372 0.699372
v 0.336325 -0.185724 0.691945
v 0.337585 -0.160313 0.680231
v 0.330304 -0.142497 0.675360
v 0.346899 -0.151019 0.671342
v 0.337585 -0.135285 0.668430
v 0.337378 -0.110474 0.655638
v 0.329959 -0.094909 0.650021
v 0.346555 -0.101146 0.646217
v 0.337378 -0.086817 0.640527
v 0.336060 -0.068940 0.627163
v 0.336060 -0.056493 0.616600
v 0.336060 -0.042721 0.604153
v 0.361653 -0.187113 0.678452
v 0.353822 -0.167615 0.675244
v 0.370417 -0.179090 0.670357
v 0.361653 -0.160313 0.667710
v 0.362341 -0.135556 0.655994
v 0.354969 -0.117742 0.650831
v 0.371564 -0.126353 0.646021
v 0.362341 -0.110474 0.641727
v 0.358996 -0.088533 0.627869
v 0.349394 -0.073950 0.622924
v 0.365989 -0.081173 0.617404
v 0.358724 -0.063931 0.608381
v 0.351459 -0.047766 0.599359
v 0.375535 -0.195686 0.673382
v 0.384639 -0.187113 0.664855
v 0.386529 -0.162061 0.654219
v 0.378686 -0.142949 0.650716
v 0.395281 -0.153933 0.644873
v 0.386529 -0.135556 0.640689
v 0.384455 -0.113676 0.627973
v 0.375228 -0.097768 0.623681
v 0.391824 -0.106483 0.617567
v 0.385098 -0.087823 0.609188
v 0.378372 -0.070508 0.600808
v 0.209297 -0.679105 0.586366
v 0.216064 -0.670344 0.595578
v 0.211594 -0.702338 0.555002
v 0.211594 -0.693251 0.567448
v 0.204463 -0.723068 0.524642
v 0.212294 -0.715818 0.533847
v 0.212294 -0.728153 0.512062
v 0.221058 -0.721256 0.521524
v 0.206136 -0.747841 0.475357
v 0.213298 -0.742268 0.484361
v 0.213298 -0.752147 0.462765
v 0.222732 -0.746592 0.472554
v 0.211594 -0.761818 0.435634
v 0.200656 -0.771880 0.399108
v 0.210009 -0.768526 0.408740
v 0.236487 -0.678787 0.580120
v 0.236487 -0.667466 0.592567
v 0.236487 -0.700427 0.552626
v 0.236487 -0.691234 0.565072
v 0.236487 -0.710538 0.535207
v 0.236487 -0.726128 0.505880
v 0.236487 -0.719572 0.518327
v 0.236487 -0.736903 0.485420
v 0.236487 -0.750330 0.456278
v 0.236487 -0.745129 0.468725
v 0.236487 -0.757415 0.435634
v 0.236487 -0.764275 0.410740
v 0.261380 -0.675328 0.575957
v 0.261380 -0.663487 0.588403
v 0.252988 -0.698480 0.549924
v 0.261324 -0.688589 0.558973
v 0.261324 -0.703657 0.536197
v 0.269584 -0.695292 0.545155
v 0.261380 -0.723411 0.500722
v 0.261380 -0.716665 0.513168
v 0.261380 -0.731151 0.485420
v 0.252491 -0.747924 0.451133
v 0.261026 -0.742137 0.459869
v 0.261026 -0.750562 0.435422
v 0.269087 -0.745304 0.443579
v 0.261380 -0.758469 0.410740
v 0.275608 -0.672898 0.573432
v 0.284916 -0.658874 0.584636
v 0.294223 -0.645712 0.595841
v 0.284853 -0.678275 0.560139
v 0.292204 -0.669306 0.568462
v 0.286274 -0.700085 0.527462
v 0.286274 -0.691676 0.539909
v 0.274208 -0.722004 0.498051
v 0.284013 -0.713054 0.507935
v 0.284013 -0.725243 0.485050
v 0.290803 -0.719652 0.493100
v 0.286274 -0.734241 0.460527
v 0.277824 -0.748063 0.426983
v 0.286183 -0.742618 0.435422
v 0.286183 -0.750809 0.410779
v 0.294420 -0.745443 0.419103
v 0.311167 -0.652697 0.579370
v 0.311167 -0.641762 0.591816
v 0.305281 -0.675024 0.551867
v 0.312614 -0.666078 0.560139
v 0.299453 -0.697338 0.523231
v 0.310665 -0.684345 0.534885
v 0.321877 -0.671352 0.546539
v 0.309117 -0.702030 0.509745
v 0.316049 -0.693666 0.517663
v 0.301923 -0.723329 0.476505
v 0.310599 -0.715259 0.485050
v 0.310599 -0.725985 0.459698
v 0.318518 -0.719386 0.467443
v 0.311167 -0.734382 0.435634
v 0.302341 -0.748198 0.402507
v 0.310850 -0.742528 0.410779
v 0.326547 -0.649038 0.574946
v 0.335132 -0.634070 0.584444
v 0.343718 -0.619142 0.593943
v 0.335331 -0.654839 0.559978
v 0.343143 -0.643281 0.568194
v 0.336060 -0.676792 0.529539
v 0.336060 -0.667831 0.541985
v 0.327279 -0.699008 0.501067
v 0.335770 -0.689281 0.509745
v 0.335770 -0.702434 0.484593
v 0.343874 -0.694494 0.492339
v 0.325932 -0.723100 0.450847
v 0.334962 -0.714222 0.459698
v 0.334962 -0.725533 0.433842
v 0.342528 -0.718655 0.440945
v 0.336060 -0.732533 0.410740
v 0.354367 -0.626685 0.577347
v 0.363181 -0.611535 0.586823
v 0.353324 -0.650573 0.551599
v 0.362143 -0.635664 0.561075
v 0.370963 -0.620524 0.570551
v 0.350940 -0.673399 0.524615
v 0.360430 -0.659578 0.534709
v 0.369919 -0.644642 0.544803
v 0.359924 -0.677112 0.509327
v 0.367536 -0.668582 0.516967
v 0.350828 -0.698276 0.475743
v 0.359857 -0.689330 0.484593
v 0.359857 -0.701117 0.458737
v 0.367423 -0.693762 0.465841
v 0.349399 -0.722437 0.424349
v 0.359000 -0.712698 0.433842
v 0.352588 -0.724409 0.410740
v 0.365035 -0.716878 0.410740
v 0.385847 -0.602552 0.578185
v 0.381094 -0.628047 0.553955
v 0.387974 -0.616196 0.561392
v 0.379066 -0.651986 0.528207
v 0.388378 -0.636559 0.537664
v 0.397690 -0.621886 0.547121
v 0.375216 -0.673384 0.500372
v 0.385438 -0.659391 0.509822
v 0.395661 -0.645072 0.519273
v 0.380787 -0.676853 0.485420
v 0.393234 -0.667980 0.485420
v 0.374377 -0.697545 0.449245
v 0.386203 -0.685066 0.460951
v 0.398029 -0.671924 0.472656
v 0.378827 -0.700389 0.435634
v 0.391274 -0.693008 0.435634
v 0.387113 -0.703344 0.409936
v 0.396256 -0.695722 0.417697
v 0.371994 -0.596374 0.596299
v 0.387889 -0.586844 0.591559
v 0.397549 -0.571648 0.596717
v 0.272201 -0.000469 0.596924
v 0.286274 -0.003839 0.593111
v 0.322107 -0.025791 0.596540
v 0.312987 -0.011446 0.586064
v 0.320463 -0.001646 0.570658
v 0.336060 -0.030275 0.592292
v 0.336060 -0.018223 0.579845
v 0.336060 -0.005777 0.566059
v 0.368054 -0.053912 0.594079
v 0.360147 -0.037817 0.584480
v 0.352239 -0.022652 0.574880
v 0.368835 -0.027868 0.568951
v 0.359607 -0.013684 0.559070
v 0.366974 -0.004717 0.541100
v 0.394968 -0.077878 0.595023
v 0.387209 -0.061181 0.586253
v 0.379449 -0.044464 0.577483
v 0.396045 -0.051854 0.570234
v 0.386978 -0.036294 0.561295
v 0.377911 -0.021313 0.552355
v 0.394507 -0.028124 0.543707
v 0.384787 -0.013151 0.534106
v 0.391662 -0.004989 0.515588
v 0.210009 -0.773690 0.386138
v 0.217251 -0.770857 0.394630
v 0.211594 -0.778435 0.360954
v 0.211594 -0.781282 0.336060
v 0.211594 -0.782904 0.311167
v 0.211594 -0.783869 0.286274
v 0.211594 -0.782512 0.261380
v 0.211594 -0.779400 0.236487
v 0.211594 -0.775976 0.211594
v 0.231905 -0.772753 0.378034
v 0.238717 -0.770013 0.386138
v 0.238717 -0.773889 0.362917
v 0.248501 -0.771636 0.372524
v 0.236487 -0.776410 0.336060
v 0.236487 -0.778045 0.311167
v 0.236487 -0.778806 0.286274
v 0.236487 -0.777458 0.261380
v 0.237983 -0.774490 0.236416
v 0.247278 -0.771276 0.228071
v 0.230421 -0.773329 0.211594
v 0.242868 -0.770023 0.211594
v 0.261380 -0.765281 0.385847
v 0.251424 -0.772182 0.355929
v 0.260385 -0.769556 0.362917
v 0.254758 -0.772834 0.336060
v 0.267205 -0.770354 0.336060
v 0.258935 -0.773651 0.311167
v 0.271382 -0.771215 0.311167
v 0.258848 -0.773855 0.286274
v 0.271295 -0.771064 0.286274
v 0.254117 -0.773004 0.261380
v 0.266564 -0.769859 0.261380
v 0.250686 -0.772137 0.244667
v 0.259942 -0.768942 0.236416
v 0.261380 -0.764938 0.211594
v 0.286274 -0.757377 0.385847
v 0.286274 -0.761556 0.360954
v 0.286274 -0.764631 0.336060
v 0.286274 -0.766963 0.311167
v 0.286274 -0.766975 0.286274
v 0.286274 -0.764794 0.261380
v 0.286274 -0.762297 0.236487
v 0.286274 -0.758111 0.211594
v 0.306534 -0.749871 0.385847
v 0.318981 -0.745015 0.385847
v 0.312756 -0.751108 0.360955
v 0.322114 -0.746206 0.369254
v 0.311167 -0.755310 0.336060
v 0.311167 -0.757821 0.311167
v 0.311167 -0.757814 0.286274
v 0.311167 -0.756205 0.261380
v 0.311167 -0.754250 0.236487
v 0.311239 -0.750296 0.212763
v 0.319586 -0.745204 0.205244
v 0.336060 -0.737959 0.385847
v 0.325115 -0.747396 0.352659
v 0.334472 -0.742477 0.360955
v 0.328117 -0.748587 0.336060
v 0.340564 -0.743640 0.336060
v 0.330181 -0.749627 0.311167
v 0.342628 -0.744248 0.311167
v 0.329315 -0.749457 0.286274
v 0.341761 -0.743658 0.286274
v 0.327955 -0.748824 0.261380
v 0.340402 -0.743024 0.261380
v 0.326265 -0.748074 0.236487
v 0.338712 -0.741907 0.236487
v 0.324707 -0.747360 0.221840
v 0.334227 -0.739983 0.212763
v 0.357641 -0.727298 0.385847
v 0.370088 -0.719807 0.385847
v 0.363042 -0.728815 0.362364
v 0.372732 -0.721484 0.371601
v 0.360954 -0.734365 0.336060
v 0.360954 -0.735736 0.311167
v 0.360954 -0.734715 0.286274
v 0.360954 -0.733448 0.261380
v 0.360954 -0.730834 0.236487
v 0.361115 -0.726082 0.213788
v 0.369520 -0.719863 0.206954
v 0.385847 -0.709817 0.385847
v 0.375813 -0.723437 0.355006
v 0.384805 -0.716004 0.362364
v 0.378198 -0.725079 0.336060
v 0.390645 -0.716783 0.336060
v 0.379414 -0.725842 0.311167
v 0.391860 -0.717328 0.311167
v 0.379221 -0.725411 0.286274
v 0.391668 -0.717476 0.286274
v 0.378708 -0.724778 0.261380
v 0.391155 -0.717561 0.261380
v 0.376095 -0.723281 0.236487
v 0.388542 -0.716211 0.236487
v 0.373644 -0.722036 0.223549
v 0.383504 -0.713840 0.213788
v 0.211594 -0.772920 0.195023
v 0.211594 -0.769129 0.182576
v 0.211594 -0.762696 0.161807
v 0.211594 -0.754482 0.136913
v 0.211594 -0.748468 0.120990
v 0.211594 -0.742427 0.108543
v 0.211594 -0.731985 0.087127
v 0.211594 -0.723912 0.071169
v 0.211594 -0.716371 0.058722
v 0.211594 -0.703924 0.039802
v 0.211594 -0.695247 0.027355
v 0.211594 -0.684064 0.012447
v 0.225906 -0.772196 0.197506
v 0.235117 -0.766850 0.188205
v 0.236487 -0.758576 0.161807
v 0.235848 -0.750451 0.136458
v 0.243719 -0.745526 0.127857
v 0.227124 -0.747516 0.122981
v 0.235848 -0.740810 0.113618
v 0.236219 -0.727198 0.086093
v 0.244338 -0.720705 0.077106
v 0.227742 -0.722838 0.073018
v 0.236219 -0.714845 0.063726
v 0.236487 -0.701535 0.043388
v 0.236487 -0.692538 0.030942
v 0.234655 -0.678708 0.011775
v 0.241731 -0.669595 0.003029
v 0.261380 -0.759004 0.186700
v 0.262373 -0.751281 0.160858
v 0.271332 -0.746063 0.151927
v 0.254737 -0.748518 0.144453
v 0.262373 -0.743209 0.136458
v 0.261380 -0.732758 0.112020
v 0.261380 -0.724248 0.094850
v 0.261380 -0.718079 0.082404
v 0.262055 -0.704981 0.060608
v 0.270802 -0.695989 0.051227
v 0.254206 -0.698801 0.047382
v 0.262055 -0.689454 0.038387
v 0.261380 -0.675887 0.019827
v 0.261380 -0.666201 0.007381
v 0.287126 -0.751156 0.185896
v 0.295991 -0.745993 0.177062
v 0.279396 -0.748448 0.168523
v 0.287126 -0.743958 0.160858
v 0.286274 -0.735867 0.136913
v 0.284173 -0.725603 0.112543
v 0.291071 -0.719419 0.104594
v 0.274476 -0.722118 0.099148
v 0.284173 -0.714113 0.089361
v 0.286274 -0.701584 0.067487
v 0.286274 -0.693367 0.055040
v 0.285739 -0.679823 0.036229
v 0.293681 -0.670412 0.027191
v 0.277085 -0.673225 0.023408
v 0.285739 -0.663128 0.014045
v 0.302990 -0.748379 0.193657
v 0.311239 -0.743096 0.185896
v 0.311167 -0.736491 0.161807
v 0.311450 -0.727338 0.136187
v 0.319937 -0.720504 0.127404
v 0.303341 -0.723532 0.121189
v 0.311450 -0.716207 0.112543
v 0.311437 -0.703131 0.086400
v 0.319914 -0.695475 0.077617
v 0.303319 -0.698711 0.071947
v 0.311437 -0.689235 0.063083
v 0.311167 -0.675998 0.044625
v 0.311167 -0.666371 0.032178
v 0.309124 -0.652817 0.013188
v 0.316060 -0.642398 0.005385
v 0.336060 -0.732191 0.186700
v 0.336251 -0.726110 0.163942
v 0.344677 -0.719751 0.157067
v 0.328081 -0.724230 0.144000
v 0.336251 -0.716032 0.136187
v 0.336361 -0.704003 0.112055
v 0.344859 -0.694891 0.103780
v 0.328263 -0.699703 0.094212
v 0.336361 -0.690980 0.086400
v 0.334244 -0.677743 0.063134
v 0.341331 -0.667581 0.055436
v 0.324735 -0.672830 0.048904
v 0.334322 -0.658574 0.038709
v 0.343909 -0.644319 0.028513
v 0.327313 -0.649567 0.021981
v 0.336487 -0.635060 0.011950
v 0.345661 -0.620399 0.001920
v 0.352041 -0.723769 0.186700
v 0.364487 -0.717210 0.186700
v 0.348801 -0.722062 0.173663
v 0.358641 -0.713950 0.163942
v 0.360593 -0.702784 0.137710
v 0.368651 -0.694250 0.129943
v 0.352055 -0.699079 0.120376
v 0.360593 -0.689910 0.112055
v 0.360445 -0.677774 0.088017
v 0.368403 -0.668938 0.080313
v 0.351808 -0.674023 0.072032
v 0.361426 -0.659962 0.061837
v 0.371045 -0.645737 0.051641
v 0.354449 -0.650986 0.045109
v 0.362030 -0.639694 0.037023
v 0.360954 -0.626481 0.019979
v 0.360954 -0.615189 0.007532
v 0.388003 -0.704175 0.185009
v 0.397738 -0.696690 0.175583
v 0.381042 -0.701131 0.161807
v 0.393488 -0.694083 0.161807
v 0.375847 -0.698424 0.146539
v 0.384826 -0.688649 0.137710
v 0.384745 -0.676670 0.113672
v 0.392307 -0.668381 0.106476
v 0.375712 -0.673466 0.096908
v 0.386811 -0.660361 0.086000
v 0.397910 -0.646933 0.075092
v 0.381314 -0.652342 0.068237
v 0.388106 -0.641579 0.060857
v 0.383478 -0.626904 0.039359
v 0.390197 -0.615711 0.032408
v 0.373602 -0.622474 0.024718
v 0.382212 -0.606929 0.015650
v 0.390823 -0.589449 0.006581
v 0.273291 -0.000624 0.000646
v 0.286274 -0.003737 0.003868
v 0.323332 -0.000128 0.025063
v 0.313487 -0.007548 0.012664
v 0.336060 -0.003783 0.030296
v 0.340609 -0.029775 0.004359
v 0.333811 -0.017840 0.012573
v 0.366630 -0.004318 0.055387
v 0.369791 -0.027911 0.028371
v 0.359913 -0.012915 0.038447
v 0.369625 -0.052638 0.002691
v 0.361410 -0.037141 0.011823
v 0.353195 -0.021512 0.020955
v 0.393000 -0.003851 0.080081
v 0.394999 -0.027647 0.052960
v 0.385702 -0.012382 0.062472
v 0.396312 -0.051444 0.026803
v 0.387358 -0.036077 0.035885
v 0.378404 -0.020913 0.044966
v 0.397207 -0.075724 0.000821
v 0.388461 -0.060339 0.010054
v 0.379716 -0.044507 0.019286
v 0.400790 -0.404764 0.673534
v 0.401450 -0.478541 0.649728
v 0.405839 -0.460527 0.653204
v 0.412393 -0.436270 0.656352
v 0.409749 -0.412133 0.665836
v 0.401856 -0.526804 0.624651
v 0.410389 -0.509266 0.628723
v 0.410145 -0.486272 0.639825
v 0.418285 -0.460527 0.643344
v 0.421793 -0.444992 0.646123
v 0.404423 -0.555052 0.602978
v 0.411438 -0.535920 0.610787
v 0.418452 -0.516865 0.618595
v 0.425539 -0.428397 0.649091
v 0.428943 -0.410740 0.652135
v 0.424669 -0.500269 0.623591
v 0.428299 -0.485420 0.626446
v 0.436345 -0.459078 0.629557
v 0.434556 -0.436270 0.639132
v 0.441390 -0.410740 0.641594
v 0.427893 -0.528441 0.602000
v 0.434579 -0.508555 0.608708
v 0.440746 -0.485420 0.615101
v 0.445117 -0.466410 0.619607
v 0.448834 -0.449814 0.622954
v 0.451897 -0.435634 0.625490
v 0.455710 -0.410740 0.629147
v 0.449321 -0.500246 0.598821
v 0.452880 -0.485420 0.602654
v 0.459334 -0.458070 0.608957
v 0.464343 -0.435634 0.613900
v 0.468156 -0.410740 0.617682
v 0.473752 -0.449729 0.598307
v 0.476380 -0.435634 0.601453
v 0.479824 -0.410740 0.605235
v 0.403353 -0.385847 0.675441
v 0.404914 -0.360954 0.676842
v 0.405406 -0.336060 0.677218
v 0.405836 -0.311167 0.677258
v 0.405383 -0.286274 0.676651
v 0.402523 -0.261380 0.674876
v 0.399632 -0.245376 0.673089
v 0.415800 -0.385847 0.667231
v 0.417360 -0.360954 0.667944
v 0.417852 -0.336060 0.668297
v 0.418283 -0.311167 0.668650
v 0.417829 -0.286274 0.668238
v 0.414970 -0.261380 0.666109
v 0.409054 -0.236842 0.663948
v 0.412189 -0.211872 0.654805
v 0.421452 -0.203759 0.645959
v 0.432037 -0.385847 0.654785
v 0.433727 -0.360954 0.655498
v 0.435008 -0.336060 0.655850
v 0.435131 -0.311167 0.656203
v 0.433469 -0.286274 0.655792
v 0.430698 -0.261380 0.653662
v 0.427261 -0.236487 0.650426
v 0.424573 -0.220355 0.648230
v 0.444483 -0.385847 0.643850
v 0.446173 -0.360954 0.645500
v 0.447454 -0.336060 0.646712
v 0.447578 -0.311167 0.646801
v 0.445916 -0.286274 0.645308
v 0.443145 -0.261380 0.642918
v 0.439708 -0.236487 0.640504
v 0.433976 -0.211872 0.638435
v 0.457713 -0.385847 0.631404
v 0.459465 -0.360954 0.633053
v 0.462942 -0.337891 0.632352
v 0.462913 -0.309580 0.632423
v 0.459408 -0.286274 0.632861
v 0.457209 -0.261380 0.630472
v 0.454529 -0.236487 0.628057
v 0.450796 -0.211594 0.624742
v 0.470159 -0.385847 0.619630
v 0.471911 -0.360954 0.621334
v 0.472850 -0.347410 0.622217
v 0.472801 -0.300224 0.622149
v 0.471855 -0.286274 0.621230
v 0.469656 -0.261380 0.619280
v 0.466976 -0.236487 0.616565
v 0.464955 -0.209654 0.609432
v 0.473724 -0.330814 0.623122
v 0.473724 -0.316819 0.623122
v 0.482193 -0.385847 0.607183
v 0.487084 -0.359359 0.606784
v 0.485756 -0.336374 0.609984
v 0.482736 -0.309580 0.612266
v 0.483239 -0.286274 0.608783
v 0.481863 -0.261380 0.606834
v 0.479364 -0.236487 0.604118
v 0.476026 -0.216659 0.600831
v 0.498155 -0.349998 0.597751
v 0.498155 -0.341934 0.597751
v 0.405112 -0.186700 0.651914
v 0.400821 -0.170528 0.648857
v 0.417558 -0.186700 0.642884
v 0.411426 -0.160810 0.635491
v 0.404519 -0.136913 0.627512
v 0.399453 -0.123078 0.623294
v 0.422030 -0.151091 0.621371
v 0.416966 -0.136913 0.617156
v 0.409560 -0.113511 0.608682
v 0.403071 -0.094473 0.600971
v 0.435514 -0.188940 0.628941
v 0.427136 -0.167686 0.626108
v 0.443732 -0.182136 0.618177
v 0.437484 -0.158746 0.611476
v 0.431347 -0.136913 0.604709
v 0.426018 -0.120539 0.599797
v 0.448296 -0.198732 0.622542
v 0.455452 -0.188940 0.609883
v 0.452243 -0.166400 0.601582
v 0.398671 -0.597767 0.572908
v 0.408478 -0.603053 0.558296
v 0.405570 -0.628476 0.530526
v 0.412617 -0.617268 0.537377
v 0.401816 -0.650200 0.502677
v 0.411991 -0.635836 0.512021
v 0.422166 -0.621459 0.521365
v 0.410364 -0.654530 0.483996
v 0.418411 -0.643196 0.491345
v 0.404122 -0.676369 0.456061
v 0.411748 -0.666431 0.462826
v 0.411748 -0.679395 0.434666
v 0.420717 -0.670035 0.442318
v 0.399336 -0.697675 0.401102
v 0.408877 -0.688874 0.409936
v 0.424291 -0.598618 0.548796
v 0.429427 -0.603891 0.535207
v 0.428241 -0.626600 0.504770
v 0.437620 -0.612030 0.512953
v 0.424487 -0.648325 0.474749
v 0.434662 -0.633960 0.484093
v 0.444837 -0.619196 0.493437
v 0.429102 -0.652709 0.460527
v 0.441549 -0.641607 0.460527
v 0.424143 -0.672990 0.425723
v 0.435256 -0.659313 0.434670
v 0.446370 -0.645640 0.443617
v 0.426964 -0.675361 0.410740
v 0.439411 -0.663932 0.410740
v 0.452519 -0.602600 0.504539
v 0.450839 -0.624725 0.476842
v 0.459977 -0.609396 0.484454
v 0.455478 -0.629160 0.460527
v 0.467924 -0.616703 0.460527
v 0.449524 -0.648591 0.427021
v 0.460653 -0.634899 0.435967
v 0.471781 -0.620969 0.444912
v 0.452589 -0.651486 0.410740
v 0.465036 -0.639730 0.410740
v 0.474568 -0.599595 0.475470
v 0.478048 -0.604257 0.460527
v 0.474796 -0.624158 0.428317
v 0.484768 -0.609224 0.434086
v 0.478132 -0.627283 0.410740
v 0.490579 -0.613244 0.410740
v 0.497894 -0.597479 0.423259
v 0.500273 -0.600798 0.410740
v 0.404428 -0.584994 0.578498
v 0.413557 -0.563500 0.587729
v 0.421019 -0.545037 0.595335
v 0.416875 -0.584994 0.566819
v 0.422691 -0.571948 0.572066
v 0.429566 -0.555353 0.578740
v 0.437027 -0.536889 0.586347
v 0.444489 -0.516841 0.593954
v 0.430053 -0.584994 0.554372
v 0.438700 -0.563801 0.563077
v 0.446161 -0.545337 0.570684
v 0.442967 -0.586641 0.537505
v 0.447833 -0.572249 0.547335
v 0.446999 -0.596038 0.521135
v 0.452626 -0.528742 0.577358
v 0.459271 -0.507778 0.583473
v 0.465326 -0.485420 0.588931
v 0.469834 -0.466325 0.593947
v 0.454140 -0.555654 0.554088
v 0.461680 -0.536709 0.561313
v 0.469221 -0.515310 0.568538
v 0.453395 -0.579442 0.530739
v 0.462065 -0.562165 0.537612
v 0.470735 -0.544677 0.544485
v 0.461255 -0.585938 0.511408
v 0.469990 -0.568676 0.518276
v 0.469115 -0.592434 0.492066
v 0.473374 -0.498715 0.572993
v 0.476513 -0.485420 0.576485
v 0.480973 -0.459027 0.585387
v 0.490597 -0.437992 0.584066
v 0.492271 -0.410740 0.590411
v 0.476309 -0.528081 0.551942
v 0.479514 -0.508333 0.560184
v 0.490061 -0.486491 0.559797
v 0.494836 -0.460527 0.569005
v 0.497805 -0.447861 0.572478
v 0.476386 -0.552081 0.527889
v 0.484645 -0.533855 0.533742
v 0.493296 -0.510314 0.540269
v 0.496735 -0.495502 0.545866
v 0.475510 -0.575838 0.501680
v 0.484246 -0.558576 0.508548
v 0.492981 -0.539629 0.515416
v 0.480173 -0.584479 0.484429
v 0.493224 -0.566522 0.485420
v 0.491712 -0.584838 0.462392
v 0.497437 -0.571989 0.471932
v 0.494741 -0.593032 0.439854
v 0.499938 -0.431266 0.575149
v 0.502180 -0.410740 0.577964
v 0.500629 -0.478907 0.551297
v 0.504725 -0.460527 0.556558
v 0.507887 -0.437992 0.562548
v 0.516222 -0.413088 0.559063
v 0.498014 -0.523033 0.522999
v 0.500984 -0.510314 0.527822
v 0.506653 -0.486491 0.536624
v 0.518034 -0.462427 0.535791
v 0.521285 -0.435634 0.545206
v 0.522708 -0.422951 0.547566
v 0.498491 -0.548477 0.498820
v 0.501484 -0.532882 0.508396
v 0.513473 -0.508883 0.508625
v 0.519224 -0.485420 0.517018
v 0.522334 -0.471991 0.522068
v 0.502451 -0.554076 0.485420
v 0.514646 -0.534382 0.484492
v 0.519720 -0.516228 0.492171
v 0.500625 -0.576436 0.455337
v 0.510288 -0.560064 0.460459
v 0.519951 -0.542130 0.465580
v 0.503085 -0.584838 0.433187
v 0.516815 -0.564163 0.435634
v 0.513296 -0.583153 0.409462
v 0.520374 -0.569181 0.416907
v 0.524486 -0.406356 0.550074
v 0.525706 -0.455395 0.527882
v 0.528511 -0.435634 0.532759
v 0.530528 -0.413088 0.537644
v 0.523582 -0.499632 0.499201
v 0.526889 -0.485420 0.504572
v 0.531969 -0.462427 0.512388
v 0.541949 -0.436498 0.509073
v 0.543622 -0.410740 0.515751
v 0.524033 -0.525534 0.475575
v 0.526970 -0.508883 0.484492
v 0.538974 -0.483302 0.483309
v 0.544509 -0.460527 0.491190
v 0.547074 -0.445373 0.496632
v 0.523090 -0.548139 0.448985
v 0.526391 -0.534382 0.458580
v 0.536815 -0.510314 0.460527
v 0.544971 -0.491766 0.460527
v 0.525624 -0.551716 0.435634
v 0.534679 -0.535207 0.435634
v 0.544820 -0.511884 0.437809
v 0.547453 -0.497411 0.447556
v 0.523508 -0.573628 0.400311
v 0.529114 -0.560570 0.409462
v 0.543198 -0.535338 0.411994
v 0.546981 -0.521229 0.421127
v 0.548842 -0.428777 0.499948
v 0.550774 -0.410740 0.503304
v 0.547926 -0.473593 0.473604
v 0.550171 -0.460527 0.478743
v 0.553114 -0.436498 0.487169
v 0.559324 -0.410740 0.485420
v 0.550444 -0.479319 0.460527
v 0.557466 -0.460527 0.460527
v 0.564315 -0.435634 0.460527
v 0.569265 -0.412446 0.460328
v 0.550629 -0.504634 0.430961
v 0.555482 -0.487636 0.437809
v 0.567422 -0.460164 0.434978
v 0.570827 -0.435634 0.443614
v 0.572273 -0.421881 0.447368
v 0.549577 -0.527127 0.404531
v 0.553732 -0.511884 0.411994
v 0.566510 -0.483295 0.408913
v 0.570873 -0.468219 0.415992
v 0.574017 -0.405286 0.451897
v 0.573689 -0.451624 0.426243
v 0.575500 -0.435634 0.431168
v 0.577730 -0.412446 0.437695
v 0.572789 -0.473581 0.399397
v 0.575220 -0.460164 0.408913
v 0.581269 -0.435634 0.410740
v 0.586018 -0.410740 0.410740
v 0.472584 -0.200063 0.597006
v 0.494640 -0.385847 0.593441
v 0.496491 -0.366593 0.595784
v 0.497788 -0.325339 0.597346
v 0.497061 -0.311167 0.596533
v 0.495685 -0.286274 0.595010
v 0.494310 -0.261380 0.593356
v 0.491810 -0.236487 0.590028
v 0.486188 -0.210084 0.585644
v 0.496349 -0.203509 0.570625
v 0.504592 -0.385847 0.580994
v 0.505160 -0.359359 0.586489
v 0.505712 -0.334606 0.587426
v 0.506891 -0.311167 0.584086
v 0.506209 -0.286274 0.582563
v 0.504899 -0.261380 0.580910
v 0.501909 -0.236487 0.577582
v 0.499179 -0.220104 0.574282
v 0.517039 -0.385847 0.565303
v 0.519214 -0.360954 0.567902
v 0.519904 -0.336060 0.568523
v 0.519338 -0.311167 0.567712
v 0.518656 -0.286274 0.566900
v 0.517346 -0.261380 0.564853
v 0.515455 -0.236073 0.558856
v 0.505943 -0.211721 0.561436
v 0.521790 -0.227499 0.546153
v 0.519425 -0.211594 0.542678
v 0.526575 -0.385847 0.552856
v 0.528338 -0.360954 0.555455
v 0.528655 -0.336060 0.556076
v 0.528147 -0.311167 0.555265
v 0.527573 -0.286274 0.554453
v 0.526007 -0.261380 0.552407
v 0.524072 -0.244094 0.549728
v 0.537655 -0.385847 0.535207
v 0.542144 -0.363217 0.533243
v 0.541101 -0.336060 0.536369
v 0.540594 -0.311167 0.536057
v 0.540020 -0.286274 0.535720
v 0.539165 -0.263520 0.532852
v 0.529946 -0.236073 0.536796
v 0.527445 -0.211594 0.530232
v 0.546287 -0.385847 0.520384
v 0.547631 -0.373023 0.522720
v 0.545772 -0.256649 0.519178
v 0.543205 -0.236487 0.514484
v 0.540541 -0.212968 0.508331
v 0.546150 -0.205586 0.494877
v 0.548126 -0.356428 0.523637
v 0.548284 -0.336060 0.523922
v 0.548131 -0.311167 0.523610
v 0.547955 -0.286274 0.523273
v 0.547789 -0.273244 0.522984
v 0.553445 -0.385847 0.507937
v 0.553751 -0.363217 0.512779
v 0.555618 -0.336060 0.510314
v 0.555310 -0.311167 0.510314
v 0.554737 -0.286274 0.510314
v 0.551742 -0.263520 0.510654
v 0.549757 -0.236487 0.502038
v 0.548088 -0.222182 0.498712
v 0.566187 -0.383411 0.482959
v 0.567368 -0.360954 0.485856
v 0.567434 -0.336060 0.486171
v 0.567280 -0.311167 0.486071
v 0.567841 -0.286892 0.483172
v 0.563325 -0.261380 0.485420
v 0.557721 -0.236487 0.485420
v 0.552104 -0.212968 0.486116
v 0.570822 -0.390084 0.468493
v 0.572257 -0.279006 0.472229
v 0.570763 -0.261380 0.468392
v 0.568567 -0.235815 0.459798
v 0.563003 -0.211594 0.460527
v 0.571890 -0.227070 0.446050
v 0.570213 -0.211594 0.440710
v 0.572566 -0.373489 0.473020
v 0.572725 -0.360954 0.473409
v 0.572857 -0.336060 0.473724
v 0.572821 -0.311167 0.473625
v 0.572718 -0.295602 0.473375
v 0.575368 -0.383411 0.460328
v 0.577708 -0.360954 0.460527
v 0.577986 -0.336060 0.460527
v 0.577915 -0.311167 0.460527
v 0.576445 -0.286892 0.462570
v 0.575610 -0.261380 0.455945
v 0.573689 -0.243666 0.451014
v 0.583781 -0.385847 0.435634
v 0.586585 -0.360954 0.435634
v 0.586815 -0.336060 0.435634
v 0.586610 -0.311167 0.435634
v 0.585932 -0.286274 0.435634
v 0.582646 -0.261380 0.435634
v 0.576683 -0.235815 0.436905
v 0.574138 -0.211594 0.428264
v 0.590688 -0.385847 0.410740
v 0.593560 -0.360954 0.410740
v 0.593937 -0.336060 0.410740
v 0.593598 -0.311167 0.410740
v 0.593094 -0.286274 0.410740
v 0.590097 -0.261380 0.410740
v 0.584659 -0.236487 0.410740
v 0.579044 -0.211594 0.410740
v 0.419666 -0.103944 0.594506
v 0.412068 -0.085738 0.586467
v 0.404470 -0.068449 0.578427
v 0.421066 -0.077003 0.570186
v 0.412485 -0.060457 0.561912
v 0.403904 -0.044720 0.553638
v 0.420500 -0.052464 0.544787
v 0.411484 -0.036605 0.535949
v 0.402468 -0.021584 0.527111
v 0.419064 -0.028490 0.518463
v 0.409216 -0.013422 0.508728
v 0.417139 -0.004480 0.485420
v 0.422347 -0.000714 0.471508
v 0.447831 -0.149805 0.597206
v 0.443794 -0.136913 0.593569
v 0.435457 -0.112087 0.585212
v 0.428301 -0.093598 0.577910
v 0.444896 -0.103634 0.568743
v 0.436680 -0.085932 0.561166
v 0.428463 -0.069059 0.553590
v 0.445058 -0.078267 0.544233
v 0.436621 -0.061174 0.536213
v 0.428184 -0.045086 0.528192
v 0.444780 -0.053288 0.518533
v 0.435570 -0.037661 0.510201
v 0.426361 -0.021855 0.501868
v 0.443851 -0.029296 0.485420
v 0.431404 -0.016927 0.485420
v 0.447565 -0.025421 0.472021
v 0.437120 -0.010905 0.463467
v 0.443749 -0.004037 0.435634
v 0.447114 -0.000882 0.420710
v 0.469581 -0.186700 0.593842
v 0.460535 -0.159584 0.589704
v 0.459916 -0.139400 0.579409
v 0.451211 -0.120230 0.575918
v 0.467807 -0.132760 0.565827
v 0.459756 -0.113180 0.558987
v 0.451706 -0.094862 0.552147
v 0.468301 -0.106130 0.541712
v 0.460232 -0.087621 0.534675
v 0.452162 -0.069883 0.527638
v 0.468758 -0.080380 0.516865
v 0.459776 -0.063048 0.509402
v 0.450795 -0.046831 0.501938
v 0.467978 -0.055544 0.485420
v 0.455531 -0.041743 0.485420
v 0.471896 -0.051037 0.470985
v 0.461987 -0.035709 0.463205
v 0.452077 -0.021095 0.455425
v 0.469589 -0.028433 0.435634
v 0.457142 -0.016483 0.435634
v 0.472762 -0.025105 0.422526
v 0.461510 -0.011733 0.413320
v 0.480705 -0.186700 0.581395
v 0.475622 -0.161807 0.575499
v 0.472976 -0.149356 0.572550
v 0.493152 -0.186700 0.566866
v 0.488814 -0.161726 0.559199
v 0.477432 -0.139400 0.558558
v 0.474127 -0.122726 0.549232
v 0.495843 -0.153374 0.544567
v 0.491550 -0.135844 0.535844
v 0.478875 -0.113465 0.534131
v 0.474718 -0.096976 0.525116
v 0.496507 -0.126834 0.520663
v 0.492673 -0.110312 0.511545
v 0.479489 -0.088057 0.509266
v 0.474533 -0.072809 0.500270
v 0.497124 -0.100876 0.496523
v 0.491835 -0.086621 0.487103
v 0.478438 -0.067991 0.485420
v 0.495296 -0.077985 0.467464
v 0.485746 -0.062013 0.460927
v 0.476195 -0.045997 0.454390
v 0.492916 -0.056323 0.435634
v 0.480469 -0.040880 0.435634
v 0.496342 -0.051896 0.418024
v 0.485755 -0.036864 0.411977
v 0.475169 -0.022584 0.405930
v 0.503025 -0.186700 0.554419
v 0.499923 -0.169969 0.550299
v 0.516524 -0.185424 0.534616
v 0.505623 -0.161726 0.535844
v 0.501116 -0.143429 0.527971
v 0.522085 -0.176276 0.521538
v 0.519136 -0.159697 0.512070
v 0.506853 -0.135844 0.511545
v 0.501613 -0.117471 0.504067
v 0.522444 -0.149993 0.497251
v 0.519795 -0.134517 0.487540
v 0.507317 -0.110312 0.487103
v 0.501647 -0.094581 0.479928
v 0.522686 -0.124622 0.472812
v 0.519417 -0.110514 0.462920
v 0.505273 -0.086621 0.459711
v 0.499114 -0.072988 0.450868
v 0.521779 -0.101212 0.445534
v 0.515651 -0.087806 0.436595
v 0.502163 -0.068770 0.435634
v 0.519083 -0.079749 0.410740
v 0.505443 -0.061010 0.410132
v 0.498801 -0.048624 0.401428
v 0.524759 -0.192872 0.525924
v 0.530284 -0.185424 0.512070
v 0.526508 -0.166589 0.504943
v 0.543648 -0.185118 0.486116
v 0.531895 -0.159697 0.487540
v 0.526562 -0.141218 0.480655
v 0.547031 -0.175765 0.471462
v 0.543975 -0.160668 0.462109
v 0.531547 -0.134517 0.462920
v 0.526317 -0.117807 0.456217
v 0.546642 -0.151611 0.445204
v 0.543103 -0.136889 0.436397
v 0.530061 -0.110514 0.436595
v 0.524907 -0.096557 0.428938
v 0.545821 -0.128575 0.416468
v 0.540670 -0.113966 0.409198
v 0.527852 -0.092196 0.410740
v 0.550226 -0.192361 0.478282
v 0.554333 -0.185118 0.462109
v 0.550372 -0.168206 0.454866
v 0.566090 -0.188906 0.433445
v 0.553749 -0.160668 0.436397
v 0.549523 -0.145170 0.428609
v 0.570277 -0.180798 0.410740
v 0.562391 -0.161807 0.410740
v 0.551558 -0.136889 0.409198
v 0.548080 -0.123561 0.399872
v 0.572700 -0.198674 0.423688
v 0.574376 -0.193245 0.410740
v 0.402168 -0.699470 0.385847
v 0.414615 -0.691394 0.385847
v 0.406630 -0.702400 0.360954
v 0.419077 -0.694376 0.360954
v 0.408956 -0.704336 0.336060
v 0.421403 -0.695783 0.336060
v 0.409234 -0.704881 0.311167
v 0.421680 -0.695930 0.311167
v 0.409439 -0.705029 0.286274
v 0.421886 -0.696078 0.286274
v 0.409096 -0.705114 0.261380
v 0.421543 -0.695741 0.261380
v 0.406865 -0.703764 0.236487
v 0.419312 -0.693892 0.236487
v 0.403294 -0.700910 0.211594
v 0.415741 -0.691016 0.211594
v 0.431634 -0.678947 0.385847
v 0.444081 -0.668358 0.385847
v 0.437454 -0.680449 0.360703
v 0.446965 -0.671088 0.368833
v 0.435634 -0.685005 0.336060
v 0.435634 -0.685794 0.311167
v 0.435634 -0.686191 0.286274
v 0.435634 -0.684980 0.261380
v 0.437061 -0.679876 0.237699
v 0.446310 -0.670695 0.230209
v 0.431193 -0.678569 0.211594
v 0.443640 -0.668544 0.211594
v 0.457275 -0.655912 0.385847
v 0.469722 -0.644156 0.385847
v 0.448901 -0.672922 0.352238
v 0.460634 -0.659371 0.360420
v 0.472368 -0.646655 0.368602
v 0.449870 -0.673790 0.336060
v 0.462317 -0.660903 0.336060
v 0.450730 -0.674431 0.311167
v 0.463176 -0.662080 0.311167
v 0.451256 -0.674680 0.286274
v 0.463702 -0.663080 0.286274
v 0.450239 -0.673806 0.261380
v 0.462685 -0.662349 0.261380
v 0.448691 -0.672612 0.246805
v 0.460578 -0.659472 0.236834
v 0.472465 -0.646692 0.226863
v 0.458510 -0.656097 0.211594
v 0.470956 -0.645243 0.211594
v 0.482421 -0.631709 0.385847
v 0.494868 -0.618746 0.385847
v 0.473380 -0.647655 0.352007
v 0.482716 -0.636927 0.360564
v 0.497294 -0.621634 0.360954
v 0.474142 -0.648457 0.336060
v 0.488839 -0.632756 0.338493
v 0.497859 -0.622324 0.348412
v 0.475259 -0.649633 0.311167
v 0.487706 -0.636532 0.311167
v 0.476058 -0.650633 0.286274
v 0.488505 -0.636795 0.286274
v 0.475296 -0.649903 0.261380
v 0.489540 -0.632967 0.260309
v 0.497487 -0.621885 0.251297
v 0.473855 -0.648250 0.243459
v 0.482202 -0.636949 0.235691
v 0.496295 -0.620480 0.236487
v 0.481846 -0.632796 0.211594
v 0.494293 -0.617996 0.211594
v 0.504161 -0.606300 0.385847
v 0.506561 -0.609188 0.360954
v 0.498604 -0.623109 0.331816
v 0.506664 -0.612371 0.338493
v 0.499531 -0.624085 0.311167
v 0.513681 -0.607731 0.310480
v 0.499694 -0.624348 0.286274
v 0.514081 -0.607731 0.285755
v 0.498822 -0.623460 0.267893
v 0.507229 -0.612108 0.260309
v 0.506850 -0.608034 0.236487
v 0.504593 -0.605550 0.211594
v 0.523169 -0.597996 0.301725
v 0.523169 -0.597996 0.293707
v 0.516608 -0.588423 0.385847
v 0.519008 -0.591597 0.360954
v 0.520757 -0.594330 0.336060
v 0.522006 -0.596278 0.318320
v 0.522454 -0.596979 0.277111
v 0.521300 -0.595438 0.261380
v 0.519297 -0.593069 0.236487
v 0.517039 -0.590045 0.211594
v 0.525002 -0.575976 0.385847
v 0.535444 -0.560100 0.385847
v 0.545650 -0.543696 0.385847
v 0.527001 -0.579150 0.360954
v 0.540652 -0.558024 0.360346
v 0.546926 -0.546308 0.368239
v 0.528756 -0.581883 0.336060
v 0.541202 -0.562500 0.336060
v 0.528832 -0.586786 0.310480
v 0.542490 -0.564022 0.311167
v 0.528805 -0.587206 0.285755
v 0.542457 -0.563397 0.286274
v 0.529123 -0.582991 0.261380
v 0.541570 -0.561836 0.261380
v 0.528237 -0.580622 0.236487
v 0.541908 -0.557993 0.236189
v 0.547371 -0.547071 0.227692
v 0.526335 -0.577598 0.211594
v 0.536680 -0.560100 0.211594
v 0.545552 -0.543310 0.211594
v 0.551668 -0.531249 0.385847
v 0.560645 -0.510314 0.385847
v 0.569077 -0.489164 0.385847
v 0.548096 -0.548343 0.351644
v 0.552938 -0.536889 0.360346
v 0.565163 -0.510314 0.360954
v 0.571336 -0.494830 0.360954
v 0.549195 -0.550054 0.336060
v 0.557636 -0.535207 0.336060
v 0.569311 -0.509452 0.338285
v 0.572493 -0.497731 0.348066
v 0.550021 -0.551576 0.311167
v 0.559429 -0.535207 0.311167
v 0.569508 -0.514394 0.311167
v 0.549526 -0.550951 0.286274
v 0.558443 -0.535207 0.286274
v 0.569017 -0.514106 0.286274
v 0.548640 -0.549390 0.261380
v 0.556695 -0.535207 0.261380
v 0.568156 -0.513570 0.261380
v 0.548016 -0.548291 0.244287
v 0.553156 -0.537347 0.236189
v 0.567545 -0.509032 0.235736
v 0.571998 -0.496193 0.226937
v 0.551575 -0.530864 0.211594
v 0.561519 -0.510314 0.211594
v 0.570044 -0.491574 0.211594
v 0.574040 -0.476717 0.385847
v 0.579979 -0.460527 0.385847
v 0.586767 -0.435634 0.385847
v 0.591434 -0.410740 0.385847
v 0.576299 -0.482384 0.360954
v 0.584856 -0.460527 0.360954
v 0.591870 -0.435634 0.360954
v 0.595899 -0.411738 0.362083
v 0.573479 -0.500580 0.331470
v 0.577329 -0.487828 0.338285
v 0.587722 -0.460527 0.336060
v 0.595183 -0.433615 0.335135
v 0.597077 -0.420700 0.342816
v 0.573949 -0.501947 0.311167
v 0.579628 -0.485420 0.311167
v 0.588182 -0.460527 0.311167
v 0.594950 -0.438120 0.311167
v 0.573957 -0.501659 0.286274
v 0.579643 -0.485420 0.286274
v 0.588197 -0.460527 0.286274
v 0.594957 -0.439935 0.286274
v 0.573965 -0.501124 0.261380
v 0.579354 -0.485420 0.261380
v 0.587168 -0.460527 0.261380
v 0.594652 -0.435068 0.260180
v 0.597079 -0.421295 0.251082
v 0.573495 -0.499880 0.243532
v 0.576349 -0.486905 0.235736
v 0.584040 -0.460527 0.236487
v 0.590857 -0.435634 0.236487
v 0.595853 -0.416960 0.236487
v 0.574497 -0.479127 0.211594
v 0.579856 -0.460527 0.211594
v 0.586673 -0.435634 0.211594
v 0.593784 -0.409383 0.212555
v 0.595622 -0.387284 0.386741
v 0.596953 -0.360954 0.396079
v 0.597245 -0.336060 0.397450
v 0.597076 -0.311167 0.396517
v 0.596900 -0.286274 0.395262
v 0.595582 -0.260630 0.386835
v 0.590533 -0.236487 0.385847
v 0.584683 -0.211594 0.385847
v 0.597113 -0.396539 0.371134
v 0.596921 -0.251832 0.370616
v 0.594931 -0.236652 0.361772
v 0.588771 -0.211594 0.360954
v 0.596284 -0.228412 0.336060
v 0.591735 -0.211594 0.336060
v 0.597070 -0.225446 0.318750
v 0.594186 -0.213593 0.310738
v 0.593892 -0.210909 0.286274
v 0.596619 -0.229395 0.256975
v 0.593985 -0.214025 0.263716
v 0.597036 -0.251516 0.227918
v 0.595313 -0.237210 0.236324
v 0.589904 -0.211594 0.236487
v 0.596347 -0.385847 0.204546
v 0.597117 -0.360954 0.200802
v 0.597278 -0.336060 0.199906
v 0.597386 -0.319441 0.199401
v 0.597338 -0.279235 0.199997
v 0.595899 -0.260440 0.209614
v 0.590836 -0.236487 0.211594
v 0.584992 -0.211594 0.211594
v 0.465740 -0.007190 0.385847
v 0.469435 -0.003613 0.360954
v 0.471540 -0.001433 0.336060
v 0.471904 -0.001037 0.311167
v 0.471880 -0.001082 0.286274
v 0.471605 -0.001332 0.261380
v 0.469556 -0.003293 0.236487
v 0.465933 -0.006834 0.211594
v 0.490341 -0.033639 0.385847
v 0.477894 -0.019636 0.385847
v 0.493573 -0.029821 0.360954
v 0.481126 -0.016060 0.360954
v 0.495713 -0.027374 0.336060
v 0.483267 -0.013879 0.336060
v 0.496185 -0.026855 0.311167
v 0.483738 -0.013483 0.311167
v 0.496056 -0.026990 0.286274
v 0.483609 -0.013529 0.286274
v 0.495908 -0.027160 0.261380
v 0.483462 -0.013779 0.261380
v 0.494128 -0.029245 0.236487
v 0.481681 -0.015740 0.236487
v 0.490726 -0.033212 0.211594
v 0.478280 -0.019280 0.211594
v 0.521673 -0.076157 0.394571
v 0.514591 -0.063683 0.386102
v 0.500918 -0.046086 0.385847
v 0.516612 -0.057904 0.360954
v 0.504165 -0.042268 0.360954
v 0.518451 -0.055832 0.336060
v 0.506005 -0.039821 0.336060
v 0.518733 -0.055358 0.311167
v 0.506286 -0.039302 0.311167
v 0.518768 -0.055153 0.286274
v 0.506321 -0.039436 0.286274
v 0.518545 -0.055566 0.261380
v 0.506099 -0.039607 0.261380
v 0.516788 -0.058157 0.236487
v 0.504342 -0.041692 0.236487
v 0.521709 -0.076194 0.203547
v 0.514849 -0.063933 0.211744
v 0.501212 -0.045659 0.211594
v 0.543403 -0.108125 0.385847
v 0.530102 -0.085524 0.386102
v 0.524068 -0.072947 0.377975
v 0.545424 -0.103927 0.360954
v 0.535884 -0.087127 0.360954
v 0.525667 -0.070351 0.360954
v 0.546792 -0.101165 0.336060
v 0.538535 -0.087127 0.336060
v 0.526950 -0.068279 0.336060
v 0.547467 -0.099901 0.320517
v 0.541369 -0.089311 0.311798
v 0.527491 -0.067805 0.311167
v 0.540273 -0.085982 0.286274
v 0.527826 -0.067599 0.286274
v 0.546936 -0.100934 0.253287
v 0.540991 -0.089006 0.261503
v 0.527417 -0.068013 0.261380
v 0.545393 -0.103560 0.236487
v 0.535686 -0.087127 0.236487
v 0.525499 -0.070603 0.236487
v 0.543026 -0.107543 0.211594
v 0.529560 -0.085546 0.211744
v 0.523669 -0.073364 0.220143
v 0.572247 -0.175154 0.397103
v 0.568604 -0.162055 0.387622
v 0.557319 -0.136913 0.385847
v 0.549576 -0.120572 0.385847
v 0.570459 -0.153867 0.360954
v 0.562190 -0.136913 0.360954
v 0.551831 -0.116373 0.360954
v 0.571949 -0.150807 0.343665
v 0.566976 -0.138896 0.335644
v 0.553586 -0.113612 0.336060
v 0.567332 -0.135766 0.311167
v 0.553629 -0.109727 0.311798
v 0.547971 -0.099065 0.303921
v 0.572295 -0.150005 0.277855
v 0.568280 -0.138992 0.286201
v 0.555658 -0.112020 0.286274
v 0.548356 -0.098429 0.286274
v 0.571712 -0.151409 0.261380
v 0.565307 -0.136913 0.261380
v 0.552859 -0.110347 0.261503
v 0.548273 -0.098556 0.269882
v 0.570441 -0.153991 0.236487
v 0.562408 -0.136913 0.236487
v 0.552067 -0.116007 0.236487
v 0.572174 -0.175356 0.200465
v 0.569233 -0.161770 0.209895
v 0.558745 -0.136913 0.211594
v 0.550162 -0.119989 0.211594
v 0.577229 -0.184751 0.387622
v 0.574231 -0.170519 0.380507
v 0.582286 -0.186700 0.360954
v 0.575762 -0.166314 0.360954
v 0.584707 -0.186700 0.336060
v 0.576195 -0.160185 0.335644
v 0.572943 -0.148515 0.327069
v 0.585908 -0.186700 0.311167
v 0.577749 -0.161807 0.311167
v 0.573045 -0.148213 0.311167
v 0.586083 -0.186700 0.286274
v 0.576418 -0.159705 0.286201
v 0.572815 -0.148676 0.294450
v 0.585390 -0.186700 0.261380
v 0.576647 -0.163855 0.261380
v 0.583111 -0.186700 0.236487
v 0.575844 -0.166437 0.236487
v 0.577503 -0.184873 0.209895
v 0.574469 -0.170044 0.217060
v 0.400437 -0.698616 0.192179
v 0.409537 -0.689720 0.185009
v 0.411660 -0.680587 0.162303
v 0.420570 -0.669766 0.154337
v 0.403227 -0.676184 0.136913
v 0.415674 -0.665378 0.136913
v 0.399190 -0.672825 0.123072
v 0.409733 -0.658635 0.113861
v 0.420275 -0.644607 0.104651
v 0.403679 -0.651785 0.091687
v 0.413236 -0.637472 0.083421
v 0.422792 -0.621934 0.075154
v 0.404732 -0.628838 0.062233
v 0.417179 -0.616249 0.062233
v 0.398976 -0.623002 0.049003
v 0.407759 -0.606868 0.040765
v 0.399948 -0.599116 0.023177
v 0.427622 -0.675693 0.186700
v 0.440069 -0.665394 0.186700
v 0.424953 -0.673543 0.170932
v 0.435671 -0.659833 0.161622
v 0.446388 -0.645704 0.152312
v 0.429526 -0.652931 0.136913
v 0.441972 -0.641731 0.136913
v 0.425034 -0.648889 0.121247
v 0.435563 -0.634717 0.112144
v 0.446092 -0.620393 0.103040
v 0.429497 -0.628011 0.091750
v 0.438539 -0.612866 0.083502
v 0.429469 -0.603802 0.062233
v 0.423764 -0.598025 0.049123
v 0.454967 -0.652947 0.186700
v 0.467414 -0.641701 0.186700
v 0.451146 -0.649899 0.168907
v 0.461574 -0.635539 0.160165
v 0.472001 -0.621238 0.151422
v 0.455652 -0.629285 0.136913
v 0.468099 -0.617250 0.136913
v 0.450851 -0.624827 0.119636
v 0.460959 -0.610224 0.111401
v 0.454472 -0.603797 0.091850
v 0.478763 -0.629254 0.186700
v 0.491209 -0.613650 0.186700
v 0.475445 -0.625373 0.168018
v 0.485191 -0.609579 0.162386
v 0.478559 -0.604803 0.136913
v 0.475053 -0.600056 0.119761
v 0.500870 -0.601204 0.186700
v 0.498225 -0.597921 0.173350
v 0.416543 -0.590712 0.032528
v 0.407550 -0.581783 0.015021
v 0.416475 -0.560100 0.005718
v 0.422272 -0.546588 0.000758
v 0.447581 -0.596935 0.075254
v 0.441915 -0.591197 0.062233
v 0.432548 -0.581869 0.040886
v 0.441332 -0.565076 0.032648
v 0.424737 -0.574117 0.023462
v 0.434074 -0.558107 0.019109
v 0.436597 -0.537057 0.006517
v 0.445536 -0.518444 0.002475
v 0.471067 -0.594875 0.103166
v 0.462873 -0.587607 0.084537
v 0.471274 -0.570011 0.077225
v 0.453359 -0.578750 0.062233
v 0.466284 -0.561068 0.061253
v 0.471382 -0.545148 0.052302
v 0.448520 -0.573026 0.049243
v 0.452770 -0.558107 0.039503
v 0.465563 -0.536193 0.037063
v 0.469842 -0.516604 0.028580
v 0.448750 -0.548480 0.024225
v 0.452457 -0.535207 0.020025
v 0.459974 -0.509226 0.013070
v 0.466729 -0.485420 0.007038
v 0.470921 -0.468937 0.002314
v 0.494937 -0.593509 0.156755
v 0.492357 -0.585124 0.134476
v 0.497833 -0.572498 0.124553
v 0.481363 -0.585944 0.111686
v 0.494348 -0.567009 0.112020
v 0.476614 -0.578280 0.093820
v 0.484921 -0.559314 0.087916
v 0.493228 -0.540349 0.082011
v 0.476633 -0.553416 0.068897
v 0.484940 -0.534450 0.062993
v 0.493247 -0.514713 0.057088
v 0.476652 -0.528552 0.045175
v 0.483655 -0.507361 0.039097
v 0.490219 -0.485420 0.033514
v 0.494879 -0.466143 0.028262
v 0.474063 -0.500008 0.023666
v 0.477772 -0.485420 0.019485
v 0.485010 -0.459242 0.013210
v 0.490996 -0.435634 0.008739
v 0.494096 -0.410740 0.004794
v 0.514152 -0.583739 0.186869
v 0.521005 -0.570039 0.178683
v 0.503960 -0.585124 0.163754
v 0.517661 -0.565590 0.161807
v 0.501121 -0.576913 0.141149
v 0.510723 -0.560841 0.135610
v 0.520325 -0.543436 0.130071
v 0.502722 -0.554562 0.112020
v 0.515237 -0.535166 0.112052
v 0.520343 -0.517772 0.103775
v 0.498479 -0.548617 0.098607
v 0.502141 -0.533313 0.089036
v 0.515096 -0.509810 0.087816
v 0.520070 -0.491486 0.079977
v 0.498497 -0.523753 0.073684
v 0.501701 -0.507975 0.064125
v 0.513566 -0.484081 0.063979
v 0.517733 -0.460527 0.057573
v 0.520546 -0.439809 0.053110
v 0.498020 -0.498118 0.049614
v 0.500838 -0.485420 0.045960
v 0.504134 -0.458918 0.036872
v 0.513470 -0.433160 0.039823
v 0.516119 -0.410740 0.034824
v 0.498420 -0.449547 0.024107
v 0.500362 -0.435634 0.021186
v 0.503672 -0.410740 0.017241
v 0.524171 -0.574604 0.195279
v 0.529197 -0.561085 0.186869
v 0.542841 -0.534572 0.185864
v 0.546911 -0.521224 0.177009
v 0.526191 -0.553144 0.161807
v 0.535844 -0.535207 0.161807
v 0.544860 -0.516693 0.161807
v 0.523795 -0.549184 0.146667
v 0.527801 -0.535166 0.137787
v 0.540289 -0.508871 0.138356
v 0.544608 -0.489973 0.131020
v 0.524810 -0.526841 0.120371
v 0.527978 -0.509810 0.112052
v 0.539463 -0.483173 0.114309
v 0.544503 -0.460527 0.106352
v 0.547154 -0.446755 0.100649
v 0.524155 -0.501176 0.096573
v 0.526799 -0.484081 0.087816
v 0.535098 -0.460527 0.087127
v 0.542708 -0.437328 0.087122
v 0.545168 -0.410740 0.078552
v 0.523500 -0.474890 0.073440
v 0.525802 -0.460527 0.070019
v 0.528076 -0.433160 0.061738
v 0.534398 -0.410740 0.062233
v 0.522767 -0.423213 0.049776
v 0.524437 -0.410740 0.047271
v 0.549149 -0.525850 0.193604
v 0.553820 -0.511882 0.185864
v 0.567253 -0.483880 0.187230
v 0.571537 -0.469412 0.179285
v 0.550715 -0.504247 0.161807
v 0.559190 -0.485420 0.161807
v 0.568454 -0.460879 0.162017
v 0.571021 -0.440127 0.153859
v 0.548464 -0.499611 0.147616
v 0.550641 -0.483173 0.138356
v 0.558377 -0.460527 0.136913
v 0.567058 -0.433351 0.139286
v 0.569690 -0.410740 0.133102
v 0.547809 -0.473377 0.124132
v 0.550288 -0.460527 0.118799
v 0.554568 -0.437328 0.110176
v 0.561850 -0.410740 0.112020
v 0.550203 -0.430159 0.095417
v 0.552261 -0.410740 0.090999
v 0.573150 -0.474555 0.195880
v 0.575388 -0.460879 0.187230
v 0.581615 -0.435634 0.186700
v 0.587120 -0.410740 0.186700
v 0.573804 -0.452816 0.170454
v 0.575026 -0.433351 0.162017
v 0.579189 -0.410740 0.161807
v 0.572612 -0.423531 0.149165
v 0.573809 -0.410740 0.145548
v 0.495617 -0.385847 0.002537
v 0.497108 -0.360954 0.000856
v 0.497858 -0.348429 0.000011
v 0.496842 -0.278224 0.001212
v 0.494878 -0.261380 0.003535
v 0.491975 -0.236487 0.006967
v 0.488478 -0.211594 0.010399
v 0.519804 -0.207351 0.054667
v 0.518805 -0.385847 0.030388
v 0.520592 -0.360954 0.027630
v 0.521075 -0.336060 0.027320
v 0.520458 -0.311167 0.028367
v 0.519609 -0.286274 0.029434
v 0.517756 -0.261380 0.031191
v 0.514948 -0.236487 0.034840
v 0.512408 -0.214027 0.039800
v 0.506358 -0.385847 0.014983
v 0.508146 -0.360954 0.013303
v 0.507047 -0.338503 0.009964
v 0.509357 -0.311167 0.012447
v 0.505808 -0.286422 0.010685
v 0.505310 -0.261380 0.015981
v 0.502502 -0.236487 0.019413
v 0.499590 -0.211594 0.022845
v 0.546454 -0.203748 0.101741
v 0.547100 -0.391935 0.075701
v 0.546306 -0.255502 0.077521
v 0.544179 -0.236487 0.081632
v 0.541227 -0.211865 0.088495
v 0.541221 -0.384521 0.064536
v 0.541862 -0.360954 0.060793
v 0.541862 -0.336060 0.059439
v 0.541155 -0.311167 0.059592
v 0.540447 -0.286274 0.060745
v 0.540374 -0.262832 0.064375
v 0.533673 -0.236487 0.062233
v 0.527031 -0.214027 0.062672
v 0.527582 -0.385847 0.042835
v 0.529415 -0.360954 0.040076
v 0.529416 -0.336060 0.039767
v 0.528708 -0.311167 0.040813
v 0.528000 -0.286274 0.041881
v 0.527119 -0.261380 0.043638
v 0.524701 -0.236487 0.047287
v 0.522794 -0.223946 0.049738
v 0.572499 -0.199291 0.174414
v 0.570595 -0.204870 0.161807
v 0.571419 -0.390337 0.127877
v 0.572259 -0.277180 0.125277
v 0.571004 -0.261380 0.127993
v 0.568615 -0.236487 0.133138
v 0.565819 -0.213596 0.139027
v 0.566619 -0.383562 0.114448
v 0.566971 -0.360954 0.110867
v 0.567958 -0.336060 0.109085
v 0.568618 -0.311167 0.109264
v 0.568466 -0.285796 0.113792
v 0.563719 -0.261380 0.112020
v 0.558777 -0.236487 0.112020
v 0.552948 -0.211865 0.110832
v 0.552453 -0.384521 0.085250
v 0.555248 -0.360954 0.087127
v 0.557119 -0.336060 0.087127
v 0.557869 -0.311167 0.087127
v 0.556180 -0.286274 0.087127
v 0.551997 -0.262832 0.086342
v 0.550262 -0.236487 0.094079
v 0.548541 -0.220344 0.097704
v 0.547808 -0.375340 0.074369
v 0.548378 -0.360954 0.073240
v 0.549262 -0.336060 0.071886
v 0.549352 -0.311167 0.072039
v 0.548618 -0.286274 0.073192
v 0.548009 -0.272098 0.074100
v 0.591610 -0.385847 0.186700
v 0.593880 -0.360954 0.186700
v 0.594459 -0.336060 0.186700
v 0.595013 -0.311153 0.189065
v 0.594366 -0.287029 0.189065
v 0.590855 -0.261380 0.186700
v 0.585770 -0.236487 0.186700
v 0.578053 -0.209191 0.184307
v 0.583848 -0.385847 0.161807
v 0.587512 -0.360954 0.161807
v 0.588524 -0.336060 0.161807
v 0.587428 -0.311167 0.161807
v 0.585618 -0.286274 0.161807
v 0.583384 -0.261380 0.161807
v 0.579509 -0.236487 0.161807
v 0.574689 -0.217317 0.161807
v 0.575450 -0.383562 0.136470
v 0.578871 -0.360954 0.136913
v 0.580256 -0.336060 0.136913
v 0.579112 -0.311167 0.136913
v 0.576306 -0.285796 0.134910
v 0.575900 -0.261380 0.140439
v 0.574172 -0.236487 0.145585
v 0.572824 -0.223228 0.148733
v 0.572598 -0.373741 0.124364
v 0.573116 -0.360954 0.123314
v 0.573906 -0.336060 0.121532
v 0.573684 -0.311167 0.121711
v 0.572959 -0.293775 0.123271
v 0.422117 -0.000919 0.126108
v 0.417760 -0.004864 0.112020
v 0.420208 -0.027384 0.078491
v 0.410317 -0.013006 0.087584
v 0.421520 -0.051381 0.051392
v 0.412566 -0.035813 0.060474
v 0.403612 -0.020447 0.069556
v 0.421698 -0.076439 0.026541
v 0.413311 -0.059710 0.034970
v 0.404925 -0.044243 0.043398
v 0.420823 -0.102503 0.002260
v 0.412963 -0.084379 0.009839
v 0.405103 -0.068039 0.017417
v 0.448055 -0.000025 0.174341
v 0.444934 -0.002842 0.161807
v 0.447954 -0.025014 0.124670
v 0.437635 -0.010640 0.133687
v 0.444032 -0.028804 0.112020
v 0.431585 -0.017310 0.112020
v 0.445995 -0.052149 0.077813
v 0.436104 -0.036983 0.086450
v 0.426212 -0.022161 0.095087
v 0.445661 -0.077602 0.052524
v 0.437530 -0.060062 0.060256
v 0.429399 -0.043980 0.067988
v 0.445197 -0.103056 0.028155
v 0.437131 -0.085318 0.035646
v 0.429065 -0.067976 0.043137
v 0.444115 -0.130574 0.003819
v 0.436358 -0.111077 0.011337
v 0.428601 -0.093035 0.018856
v 0.459474 -0.008360 0.184264
v 0.469512 -0.028638 0.157322
v 0.460939 -0.017129 0.164095
v 0.472207 -0.050695 0.125847
v 0.462562 -0.035124 0.133557
v 0.452917 -0.020360 0.141266
v 0.468364 -0.055246 0.112020
v 0.455917 -0.041250 0.112020
v 0.469591 -0.078765 0.080098
v 0.460295 -0.062451 0.087253
v 0.450999 -0.046582 0.094409
v 0.469127 -0.105238 0.054138
v 0.461061 -0.086481 0.061629
v 0.452996 -0.068744 0.069119
v 0.468243 -0.132657 0.031095
v 0.460388 -0.112445 0.037923
v 0.452532 -0.094198 0.044751
v 0.469764 -0.181076 0.003139
v 0.465232 -0.161807 0.008519
v 0.458755 -0.139914 0.014317
v 0.451648 -0.119651 0.020415
v 0.496818 -0.051080 0.178080
v 0.488796 -0.038973 0.186507
v 0.474869 -0.022878 0.186700
v 0.493741 -0.054932 0.161807
v 0.479706 -0.037097 0.164095
v 0.473100 -0.024758 0.173918
v 0.495680 -0.077832 0.128661
v 0.486249 -0.061322 0.135552
v 0.476818 -0.045234 0.142443
v 0.497173 -0.100662 0.101022
v 0.492135 -0.086528 0.110400
v 0.478776 -0.067693 0.112020
v 0.497274 -0.125524 0.075575
v 0.493939 -0.110184 0.085175
v 0.480335 -0.087088 0.087888
v 0.474600 -0.072753 0.096694
v 0.495780 -0.153079 0.052602
v 0.492213 -0.135058 0.061433
v 0.480352 -0.112930 0.062355
v 0.476012 -0.095361 0.070734
v 0.494286 -0.182129 0.029724
v 0.489524 -0.161549 0.037749
v 0.477669 -0.139338 0.038571
v 0.474528 -0.121834 0.047690
v 0.483967 -0.189900 0.013905
v 0.476557 -0.161807 0.020966
v 0.473034 -0.149253 0.024815
v 0.519697 -0.079032 0.186700
v 0.506076 -0.060520 0.186507
v 0.499037 -0.048359 0.194676
v 0.521717 -0.101319 0.151552
v 0.516515 -0.087211 0.160633
v 0.503290 -0.067378 0.161807
v 0.518215 -0.106786 0.136913
v 0.505368 -0.086528 0.136941
v 0.499833 -0.071949 0.145256
v 0.519058 -0.130903 0.107304
v 0.510103 -0.112351 0.112461
v 0.501147 -0.094427 0.117618
v 0.521841 -0.176806 0.076199
v 0.518848 -0.161807 0.080750
v 0.510463 -0.136511 0.086713
v 0.502462 -0.117258 0.092171
v 0.516845 -0.185742 0.062672
v 0.506084 -0.161549 0.061433
v 0.501868 -0.142119 0.069198
v 0.502567 -0.188936 0.037749
v 0.500183 -0.169674 0.046320
v 0.498042 -0.198724 0.024672
v 0.546217 -0.127505 0.179255
v 0.541122 -0.113533 0.187212
v 0.528120 -0.091479 0.186700
v 0.546874 -0.151024 0.151342
v 0.543501 -0.136247 0.160506
v 0.530667 -0.110578 0.160633
v 0.525483 -0.095565 0.168148
v 0.547530 -0.174557 0.124784
v 0.544683 -0.160316 0.134614
v 0.534471 -0.136913 0.136913
v 0.525645 -0.119233 0.136913
v 0.544345 -0.184393 0.110832
v 0.535897 -0.161807 0.112020
v 0.526052 -0.138286 0.114169
v 0.523012 -0.124040 0.123899
v 0.530726 -0.185742 0.085549
v 0.526578 -0.161807 0.093197
v 0.523744 -0.147498 0.097851
v 0.524831 -0.193402 0.071263
v 0.570567 -0.184873 0.184307
v 0.563283 -0.161807 0.186700
v 0.552718 -0.136247 0.187212
v 0.548599 -0.122840 0.195851
v 0.564396 -0.186700 0.161807
v 0.554093 -0.160316 0.160506
v 0.550056 -0.144101 0.167937
v 0.554713 -0.184393 0.134614
v 0.550565 -0.167620 0.141380
v 0.550765 -0.191153 0.118337
v 0.574867 -0.191952 0.191010
v 0.598290 -0.404105 0.354538
v 0.597607 -0.423972 0.326220
v 0.598877 -0.411738 0.335135
v 0.598088 -0.425673 0.311167
v 0.600553 -0.410740 0.311167
v 0.598715 -0.427488 0.286274
v 0.601513 -0.410740 0.286274
v 0.598443 -0.426392 0.267677
v 0.599838 -0.412095 0.260180
v 0.598692 -0.404514 0.236487
v 0.597938 -0.400181 0.221493
v 0.598663 -0.379944 0.379040
v 0.599833 -0.360954 0.383632
v 0.600148 -0.336060 0.385003
v 0.599639 -0.311167 0.384070
v 0.599109 -0.286274 0.382816
v 0.598376 -0.268427 0.379195
v 0.599921 -0.387284 0.362083
v 0.603649 -0.360954 0.360954
v 0.604423 -0.336060 0.360954
v 0.603384 -0.311167 0.360954
v 0.602324 -0.286274 0.360954
v 0.599800 -0.260630 0.361772
v 0.598470 -0.245059 0.354020
v 0.602602 -0.385847 0.336060
v 0.606054 -0.360954 0.336060
v 0.607347 -0.336060 0.336060
v 0.606385 -0.311167 0.336060
v 0.604944 -0.286274 0.336060
v 0.602870 -0.261380 0.336060
v 0.599527 -0.240858 0.336060
v 0.604191 -0.385847 0.311167
v 0.607535 -0.360954 0.311167
v 0.609050 -0.336060 0.311167
v 0.608128 -0.311167 0.311167
v 0.606111 -0.286274 0.311167
v 0.603899 -0.261380 0.311167
v 0.599740 -0.234841 0.310738
v 0.597705 -0.223224 0.302154
v 0.604498 -0.385847 0.286274
v 0.607125 -0.360954 0.286274
v 0.608906 -0.336060 0.286274
v 0.608462 -0.311167 0.286274
v 0.606254 -0.286274 0.286274
v 0.603604 -0.261380 0.286274
v 0.599991 -0.236487 0.286274
v 0.597658 -0.223356 0.286274
v 0.603034 -0.385847 0.261380
v 0.605239 -0.360954 0.261380
v 0.607442 -0.336060 0.261380
v 0.607746 -0.311167 0.261380
v 0.605400 -0.286274 0.261380
v 0.601954 -0.261380 0.261380
v 0.598503 -0.237210 0.263716
v 0.597467 -0.223944 0.273570
v 0.601065 -0.385847 0.236487
v 0.603002 -0.360954 0.236487
v 0.604450 -0.336060 0.236487
v 0.604870 -0.311167 0.236487
v 0.602993 -0.286274 0.236487
v 0.599266 -0.260440 0.236324
v 0.597890 -0.245990 0.244513
v 0.598756 -0.385847 0.216992
v 0.599590 -0.360954 0.213248
v 0.599936 -0.336060 0.212353
v 0.599599 -0.311153 0.209256
v 0.599092 -0.287029 0.209614
v 0.598314 -0.268111 0.216592
v 0.597494 -0.302845 0.198939
v 0.597494 -0.295831 0.198939
v 0.045383 0.001377 0.598822
v 0.062233 0.004185 0.601466
v 0.087127 0.007167 0.604711
v 0.112020 0.008347 0.606341
v 0.136913 0.008979 0.607015
v 0.161807 0.009612 0.607689
v 0.186700 0.008807 0.607320
v 0.012447 0.005850 0.580204
v 0.012447 0.018296 0.563672
v 0.012447 0.027548 0.551226
v 0.013817 0.040647 0.533297
v 0.023028 0.050394 0.523726
v 0.006432 0.047609 0.518539
v 0.013817 0.054195 0.510270
v 0.013950 0.067468 0.483578
v 0.023250 0.075215 0.474052
v 0.006655 0.072515 0.468315
v 0.013950 0.078361 0.460221
v 0.012447 0.086660 0.435634
v 0.013920 0.094667 0.409297
v 0.023199 0.100075 0.400037
v 0.037187 0.008881 0.586617
v 0.037340 0.022515 0.569348
v 0.037340 0.031767 0.556901
v 0.037340 0.044214 0.539752
v 0.037340 0.052722 0.527305
v 0.037340 0.061825 0.510314
v 0.037340 0.071337 0.491123
v 0.037340 0.077506 0.478676
v 0.037340 0.085389 0.460527
v 0.038672 0.094792 0.434335
v 0.047858 0.100144 0.425171
v 0.031263 0.097689 0.416633
v 0.038672 0.101990 0.409297
v 0.060061 0.018176 0.584624
v 0.066911 0.027463 0.576081
v 0.050316 0.024714 0.572306
v 0.062149 0.037470 0.560124
v 0.073983 0.049987 0.547943
v 0.057387 0.047478 0.544451
v 0.064304 0.055156 0.535775
v 0.061811 0.069444 0.509289
v 0.069826 0.075870 0.500308
v 0.053231 0.073801 0.496094
v 0.061811 0.080476 0.486846
v 0.064495 0.093609 0.458180
v 0.074300 0.099658 0.448317
v 0.057705 0.097758 0.441767
v 0.064495 0.101564 0.434335
v 0.062233 0.108146 0.410740
v 0.087127 0.019614 0.591200
v 0.087127 0.029437 0.578753
v 0.087127 0.041883 0.561328
v 0.087127 0.050636 0.548881
v 0.087127 0.059382 0.535207
v 0.087127 0.070979 0.515224
v 0.087127 0.077074 0.502777
v 0.087127 0.085536 0.485420
v 0.087127 0.095589 0.462411
v 0.087127 0.100237 0.449965
v 0.087127 0.104767 0.435634
v 0.087127 0.112501 0.410740
v 0.112020 0.020794 0.592615
v 0.112020 0.030675 0.580168
v 0.112020 0.043122 0.562916
v 0.112020 0.051735 0.550469
v 0.112020 0.061666 0.535207
v 0.112020 0.072164 0.517721
v 0.112020 0.078292 0.505275
v 0.112020 0.087972 0.485420
v 0.112020 0.096807 0.465521
v 0.112020 0.101310 0.453075
v 0.112020 0.106913 0.435634
v 0.112020 0.114525 0.410740
v 0.136913 0.021426 0.593578
v 0.136913 0.031774 0.581132
v 0.136913 0.044220 0.564504
v 0.136913 0.052834 0.552057
v 0.136913 0.063992 0.535207
v 0.136913 0.073392 0.520219
v 0.136913 0.079510 0.507773
v 0.136913 0.090408 0.485420
v 0.136913 0.098025 0.468737
v 0.136913 0.102383 0.456291
v 0.136913 0.109059 0.435634
v 0.136913 0.116381 0.410740
v 0.161807 0.022058 0.594302
v 0.161807 0.032377 0.581856
v 0.161807 0.044823 0.565209
v 0.161807 0.053202 0.552762
v 0.161807 0.064641 0.535207
v 0.161807 0.073672 0.520784
v 0.161807 0.079747 0.508338
v 0.161807 0.090834 0.485420
v 0.161807 0.098214 0.469276
v 0.161807 0.102596 0.456829
v 0.161807 0.109628 0.435634
v 0.161807 0.116977 0.410740
v 0.186700 0.021254 0.593150
v 0.186700 0.031380 0.580704
v 0.186700 0.043827 0.563722
v 0.186700 0.052120 0.551276
v 0.186700 0.062393 0.535207
v 0.186700 0.072506 0.518527
v 0.186700 0.078624 0.506081
v 0.186700 0.088539 0.485420
v 0.186700 0.097042 0.466091
v 0.186700 0.101528 0.453644
v 0.186700 0.107633 0.435634
v 0.186700 0.115062 0.410740
v 0.006604 0.097620 0.391401
v 0.013920 0.101590 0.384201
v 0.012447 0.105154 0.360954
v 0.012447 0.107712 0.336060
v 0.012447 0.110026 0.311167
v 0.012447 0.110344 0.286274
v 0.012447 0.108262 0.261380
v 0.000750 0.099276 0.226113
v 0.010407 0.104305 0.235241
v 0.004091 0.098234 0.211594
v 0.016537 0.102694 0.211594
v 0.037340 0.107456 0.385847
v 0.037340 0.111443 0.360954
v 0.037340 0.114026 0.336060
v 0.037340 0.116325 0.311167
v 0.037340 0.116585 0.286274
v 0.037340 0.114971 0.261380
v 0.037340 0.112942 0.236487
v 0.037340 0.109207 0.211594
v 0.062233 0.114155 0.385847
v 0.062233 0.117733 0.360954
v 0.064498 0.121089 0.334119
v 0.074305 0.124562 0.324527
v 0.061551 0.121826 0.311167
v 0.073997 0.124616 0.311167
v 0.064402 0.122053 0.287806
v 0.074145 0.124572 0.297125
v 0.062233 0.119893 0.261380
v 0.062233 0.118027 0.236487
v 0.062233 0.114354 0.211594
v 0.087127 0.118466 0.385847
v 0.088229 0.122446 0.359603
v 0.097262 0.124756 0.350405
v 0.080666 0.123701 0.341123
v 0.088229 0.125626 0.334119
v 0.087127 0.127040 0.311167
v 0.076929 0.124027 0.280530
v 0.085987 0.126250 0.287806
v 0.080143 0.123398 0.261380
v 0.092589 0.125834 0.261380
v 0.087658 0.122284 0.236774
v 0.096310 0.125106 0.245264
v 0.087127 0.117643 0.211594
v 0.112020 0.120259 0.385847
v 0.112020 0.123357 0.366116
v 0.112020 0.125253 0.353670
v 0.112020 0.127703 0.336060
v 0.112020 0.129505 0.311167
v 0.112020 0.129307 0.286274
v 0.112020 0.128495 0.261380
v 0.106184 0.123652 0.228668
v 0.113497 0.126012 0.236774
v 0.113497 0.121338 0.213537
v 0.122780 0.124675 0.223130
v 0.136913 0.121747 0.385847
v 0.136913 0.124063 0.370748
v 0.136913 0.125959 0.358301
v 0.136913 0.128599 0.336060
v 0.136913 0.129824 0.311167
v 0.136913 0.129976 0.286274
v 0.136913 0.129519 0.261380
v 0.136913 0.127019 0.236487
v 0.136913 0.122511 0.209884
v 0.136913 0.124759 0.222330
v 0.160066 0.122786 0.383945
v 0.167203 0.124663 0.374380
v 0.150608 0.124433 0.373176
v 0.160066 0.126342 0.363308
v 0.161807 0.129432 0.336060
v 0.161807 0.130080 0.311167
v 0.161807 0.130190 0.286274
v 0.161807 0.128937 0.261380
v 0.169341 0.124203 0.226027
v 0.161349 0.125849 0.235190
v 0.161349 0.122927 0.213261
v 0.152746 0.124649 0.222671
v 0.185063 0.121446 0.383945
v 0.175675 0.124663 0.374380
v 0.192270 0.123516 0.368067
v 0.185063 0.125918 0.360243
v 0.186700 0.128426 0.336060
v 0.186700 0.129574 0.311167
v 0.186700 0.129853 0.286274
v 0.186700 0.127961 0.261380
v 0.186700 0.123737 0.229537
v 0.186700 0.125390 0.241984
v 0.186700 0.120914 0.211594
v 0.012780 0.096036 0.186742
v 0.021300 0.100741 0.195067
v 0.012447 0.095978 0.161807
v 0.012447 0.099284 0.148473
v 0.012447 0.103214 0.136027
v 0.012447 0.110118 0.112020
v 0.012447 0.115581 0.087127
v 0.012447 0.119603 0.062233
v 0.012447 0.122206 0.037340
v 0.009958 0.123630 0.009958
v 0.000001 0.124467 0.000001
v 0.029726 0.098411 0.178472
v 0.037750 0.102927 0.186742
v 0.037750 0.098172 0.162054
v 0.046321 0.100456 0.170517
v 0.037340 0.098693 0.145780
v 0.037340 0.102100 0.133333
v 0.037340 0.108185 0.112020
v 0.037340 0.114191 0.087127
v 0.037340 0.118249 0.062233
v 0.037340 0.120854 0.037340
v 0.037340 0.122206 0.012447
v 0.062233 0.107892 0.186700
v 0.056568 0.098579 0.153921
v 0.063813 0.101507 0.162054
v 0.056568 0.098579 0.145168
v 0.063813 0.100600 0.136887
v 0.062233 0.105300 0.112020
v 0.062233 0.111419 0.087127
v 0.062233 0.115660 0.062233
v 0.062233 0.118249 0.037340
v 0.062233 0.119603 0.012447
v 0.087127 0.111533 0.186700
v 0.087127 0.104990 0.161807
v 0.093346 0.098314 0.128888
v 0.085879 0.100684 0.137077
v 0.093346 0.098314 0.118850
v 0.085879 0.101705 0.111139
v 0.087127 0.106952 0.087127
v 0.087127 0.111419 0.062233
v 0.087127 0.114191 0.037340
v 0.087127 0.115581 0.012447
v 0.112020 0.115025 0.186700
v 0.112020 0.107887 0.161807
v 0.112020 0.097856 0.130444
v 0.112020 0.101584 0.142891
v 0.110961 0.097286 0.111139
v 0.101957 0.100205 0.102254
v 0.118552 0.098051 0.092615
v 0.110961 0.101627 0.085441
v 0.112020 0.105668 0.062233
v 0.112020 0.108650 0.037340
v 0.112020 0.110118 0.012447
v 0.136913 0.117624 0.186700
v 0.136913 0.109838 0.161807
v 0.136913 0.097966 0.129276
v 0.136913 0.102278 0.141723
v 0.136913 0.093852 0.112020
v 0.134914 0.094650 0.085441
v 0.125283 0.099870 0.076020
v 0.140970 0.096477 0.062233
v 0.128523 0.101049 0.062233
v 0.145441 0.098110 0.037340
v 0.132995 0.102564 0.037340
v 0.147770 0.099011 0.012447
v 0.135323 0.103214 0.012447
v 0.161807 0.117941 0.186700
v 0.161807 0.110594 0.161807
v 0.161807 0.098088 0.128277
v 0.161807 0.102945 0.140724
v 0.161807 0.091658 0.112020
v 0.161807 0.086190 0.087127
v 0.161807 0.088093 0.062233
v 0.161807 0.091537 0.037340
v 0.161807 0.093113 0.012447
v 0.186700 0.115589 0.186700
v 0.186700 0.108844 0.161807
v 0.186700 0.098227 0.128437
v 0.186700 0.102453 0.140884
v 0.186700 0.090700 0.112020
v 0.195934 0.073628 0.076964
v 0.187262 0.079664 0.086008
v 0.194935 0.072515 0.062233
v 0.182488 0.078743 0.062233
v 0.196421 0.072698 0.037340
v 0.183974 0.080554 0.037340
v 0.197912 0.073873 0.012447
v 0.185465 0.081229 0.012447
v 0.211594 0.006459 0.604945
v 0.236487 0.003919 0.601723
v 0.255606 0.001738 0.599261
v 0.211594 0.018906 0.590256
v 0.211594 0.029191 0.577809
v 0.213062 0.043120 0.558501
v 0.205744 0.050742 0.549136
v 0.222339 0.049540 0.547272
v 0.213062 0.057200 0.537467
v 0.211594 0.070783 0.515341
v 0.211594 0.077120 0.502894
v 0.211594 0.085531 0.485420
v 0.213143 0.096233 0.459428
v 0.205879 0.100380 0.450397
v 0.222475 0.099386 0.447518
v 0.213143 0.103749 0.437786
v 0.211594 0.111851 0.410740
v 0.236487 0.016365 0.587309
v 0.236487 0.026823 0.574862
v 0.236487 0.037982 0.560100
v 0.236487 0.048499 0.545652
v 0.236487 0.056498 0.533205
v 0.238663 0.070044 0.509190
v 0.231816 0.075805 0.500143
v 0.248411 0.074602 0.497701
v 0.238663 0.080720 0.487810
v 0.236487 0.092724 0.460527
v 0.236487 0.098464 0.444941
v 0.236487 0.102688 0.432495
v 0.236487 0.108630 0.410740
v 0.261341 0.012298 0.585016
v 0.250481 0.025361 0.573108
v 0.267077 0.022858 0.569771
v 0.259820 0.031624 0.560924
v 0.261380 0.045402 0.540646
v 0.261380 0.053228 0.528200
v 0.261380 0.063390 0.510314
v 0.261380 0.072395 0.493023
v 0.261380 0.078266 0.480577
v 0.261380 0.086668 0.460527
v 0.261853 0.095657 0.435949
v 0.253871 0.101147 0.427862
v 0.270466 0.098439 0.418806
v 0.261853 0.103144 0.410601
v 0.286274 0.006588 0.580664
v 0.286274 0.019034 0.564686
v 0.286274 0.028160 0.552240
v 0.284956 0.040999 0.533463
v 0.275779 0.050527 0.524002
v 0.292375 0.047380 0.518725
v 0.284956 0.054878 0.510382
v 0.285414 0.068204 0.484134
v 0.276544 0.075625 0.474979
v 0.293139 0.072737 0.468209
v 0.285414 0.078597 0.460158
v 0.286274 0.087448 0.435634
v 0.285491 0.095343 0.410601
v 0.276672 0.100564 0.402211
v 0.303868 0.002521 0.575588
v 0.310091 0.012118 0.559453
v 0.299719 0.025327 0.548247
v 0.316315 0.021715 0.543319
v 0.309277 0.030320 0.535096
v 0.312698 0.044633 0.510382
v 0.305422 0.052203 0.502129
v 0.322017 0.049181 0.496689
v 0.312698 0.057127 0.487203
v 0.311133 0.069759 0.460158
v 0.302813 0.076066 0.451614
v 0.319408 0.073256 0.443968
v 0.311133 0.078928 0.435655
v 0.311167 0.086384 0.410740
v 0.336060 0.004804 0.553612
v 0.336931 0.017907 0.535096
v 0.329213 0.027613 0.526723
v 0.345809 0.023440 0.520300
v 0.336931 0.033117 0.511327
v 0.337636 0.045915 0.487203
v 0.330388 0.053251 0.480094
v 0.346984 0.048942 0.471061
v 0.337636 0.057637 0.461869
v 0.335500 0.069008 0.435655
v 0.326829 0.076095 0.427372
v 0.343424 0.072204 0.415291
v 0.335500 0.077709 0.408492
v 0.350378 0.001285 0.549189
v 0.359587 0.005586 0.533764
v 0.361579 0.018537 0.511327
v 0.353698 0.028188 0.503705
v 0.370293 0.022870 0.494228
v 0.361579 0.032803 0.485726
v 0.361248 0.044460 0.461869
v 0.353146 0.052532 0.454465
v 0.369742 0.047616 0.442233
v 0.361248 0.055462 0.434614
v 0.358589 0.065815 0.408492
v 0.348714 0.074801 0.398696
v 0.375066 0.001181 0.524504
v 0.384357 0.004915 0.508500
v 0.385752 0.017508 0.485726
v 0.377392 0.027328 0.477633
v 0.393987 0.022170 0.467358
v 0.385752 0.030764 0.459647
v 0.384259 0.041817 0.434614
v 0.374903 0.050679 0.425637
v 0.391150 0.045508 0.410740
v 0.378703 0.053009 0.410740
v 0.211594 0.117397 0.385847
v 0.210897 0.122080 0.360243
v 0.202135 0.124990 0.351471
v 0.218844 0.123558 0.336060
v 0.206398 0.125735 0.336060
v 0.222422 0.124184 0.319977
v 0.213112 0.126474 0.311474
v 0.211594 0.127273 0.286274
v 0.220917 0.124226 0.255347
v 0.212209 0.125641 0.262739
v 0.212209 0.123119 0.237203
v 0.204321 0.124859 0.245979
v 0.211594 0.118534 0.211594
v 0.236487 0.113955 0.385847
v 0.236487 0.117977 0.360954
v 0.236487 0.120471 0.336060
v 0.234960 0.122341 0.311474
v 0.225645 0.124830 0.303382
v 0.237921 0.121944 0.286274
v 0.225475 0.124792 0.286274
v 0.234182 0.121931 0.262739
v 0.224348 0.124538 0.271942
v 0.236487 0.119316 0.236487
v 0.236487 0.114964 0.211594
v 0.261380 0.108916 0.385847
v 0.261380 0.113276 0.360954
v 0.261380 0.115972 0.336060
v 0.261380 0.117056 0.311167
v 0.261380 0.116560 0.286274
v 0.261380 0.115303 0.261380
v 0.261380 0.112822 0.236487
v 0.261380 0.109095 0.211594
v 0.294456 0.098084 0.385847
v 0.282009 0.102586 0.385847
v 0.298487 0.099486 0.372836
v 0.288623 0.104674 0.363104
v 0.286274 0.109144 0.336060
v 0.286274 0.110704 0.311167
v 0.286274 0.110528 0.286274
v 0.286274 0.108683 0.261380
v 0.286274 0.105378 0.236487
v 0.294350 0.097982 0.207138
v 0.286141 0.101978 0.213899
v 0.311167 0.092094 0.385847
v 0.310599 0.096453 0.363104
v 0.301923 0.100775 0.356240
v 0.317453 0.097157 0.336060
v 0.305006 0.102105 0.336060
v 0.319901 0.098009 0.311167
v 0.307454 0.103222 0.311167
v 0.320731 0.098358 0.286274
v 0.308285 0.103466 0.286274
v 0.319038 0.097993 0.261380
v 0.306591 0.102410 0.261380
v 0.314454 0.096506 0.236487
v 0.302008 0.100579 0.236487
v 0.308783 0.093964 0.213899
v 0.298896 0.099632 0.223734
v 0.336060 0.082714 0.385847
v 0.336060 0.087002 0.360954
v 0.336060 0.089562 0.336060
v 0.336060 0.090894 0.311167
v 0.336060 0.091202 0.286274
v 0.336060 0.090404 0.261380
v 0.336060 0.087928 0.236487
v 0.336060 0.082925 0.211594
v 0.363822 0.068874 0.385847
v 0.351375 0.076258 0.385847
v 0.368157 0.071595 0.360954
v 0.355710 0.078390 0.360954
v 0.371270 0.073537 0.336060
v 0.358823 0.079532 0.336060
v 0.372382 0.074187 0.311167
v 0.359935 0.080012 0.311167
v 0.371569 0.073732 0.286274
v 0.359122 0.079971 0.286274
v 0.369985 0.072786 0.261380
v 0.357538 0.079538 0.261380
v 0.367923 0.071527 0.236487
v 0.355477 0.078549 0.236487
v 0.363946 0.069732 0.211594
v 0.351499 0.076297 0.211594
v 0.395564 0.048119 0.390712
v 0.386699 0.055194 0.383788
v 0.385847 0.060465 0.360954
v 0.385847 0.064300 0.336060
v 0.385847 0.066276 0.311167
v 0.385847 0.065868 0.286274
v 0.385847 0.063651 0.261380
v 0.385847 0.060563 0.236487
v 0.396647 0.048687 0.205607
v 0.387349 0.055969 0.212980
v 0.211594 0.112267 0.186700
v 0.211594 0.105582 0.161807
v 0.211594 0.096657 0.132364
v 0.211594 0.100907 0.144811
v 0.211594 0.087846 0.112020
v 0.211594 0.072017 0.079810
v 0.211594 0.078316 0.092257
v 0.211594 0.065551 0.062233
v 0.223936 0.049687 0.025328
v 0.214020 0.059065 0.035112
v 0.223936 0.049687 0.024200
v 0.214020 0.059778 0.014520
v 0.236487 0.108835 0.186700
v 0.242039 0.097924 0.153727
v 0.234839 0.102131 0.161938
v 0.234839 0.093801 0.138896
v 0.225443 0.099890 0.148515
v 0.248637 0.074607 0.099754
v 0.238798 0.081040 0.109639
v 0.238798 0.070864 0.087371
v 0.232042 0.076656 0.095831
v 0.245104 0.048300 0.051772
v 0.236679 0.056879 0.060935
v 0.236679 0.044816 0.035112
v 0.228509 0.051298 0.041924
v 0.248552 0.024546 0.001361
v 0.236816 0.038090 0.012781
v 0.225080 0.050920 0.007604
v 0.272222 0.099217 0.175909
v 0.262907 0.103410 0.185204
v 0.262907 0.096151 0.161938
v 0.255626 0.100975 0.170323
v 0.261380 0.086510 0.136913
v 0.261380 0.072789 0.103723
v 0.261380 0.078075 0.116169
v 0.261380 0.064711 0.087127
v 0.261380 0.046067 0.055721
v 0.261380 0.054156 0.068168
v 0.270160 0.023420 0.026748
v 0.261670 0.032835 0.035964
v 0.263428 0.015685 0.009301
v 0.253565 0.026493 0.017957
v 0.286141 0.096187 0.185204
v 0.277754 0.100936 0.192504
v 0.286274 0.089405 0.161807
v 0.294915 0.073539 0.126924
v 0.286480 0.079678 0.135899
v 0.286480 0.069121 0.112742
v 0.278319 0.075919 0.121521
v 0.293803 0.047874 0.078180
v 0.285813 0.055659 0.086737
v 0.285813 0.042686 0.063300
v 0.277208 0.051102 0.072309
v 0.286274 0.020309 0.030478
v 0.286274 0.029899 0.042924
v 0.286274 0.007862 0.016315
v 0.311167 0.086630 0.186700
v 0.321021 0.073466 0.153290
v 0.312101 0.079692 0.161676
v 0.312101 0.070645 0.135899
v 0.304426 0.077172 0.143520
v 0.322055 0.049181 0.100683
v 0.312721 0.058011 0.110196
v 0.312721 0.045064 0.086737
v 0.305460 0.052409 0.094776
v 0.318980 0.022271 0.053543
v 0.310876 0.031602 0.061998
v 0.312858 0.012965 0.036072
v 0.302384 0.026744 0.047080
v 0.306737 0.003659 0.021107
v 0.343020 0.072046 0.182469
v 0.335257 0.077470 0.189140
v 0.335257 0.069010 0.161676
v 0.326424 0.075940 0.169886
v 0.347966 0.049514 0.125222
v 0.338225 0.058012 0.134877
v 0.338225 0.046733 0.110196
v 0.331370 0.053715 0.117278
v 0.345699 0.023272 0.077003
v 0.336865 0.033728 0.086031
v 0.336865 0.017897 0.061998
v 0.329104 0.027839 0.070139
v 0.336060 0.004918 0.042743
v 0.358497 0.066453 0.189140
v 0.348561 0.074705 0.199064
v 0.370203 0.048006 0.154088
v 0.361525 0.055568 0.162154
v 0.361525 0.045355 0.134877
v 0.353607 0.052483 0.141818
v 0.371954 0.024039 0.101419
v 0.362575 0.033940 0.110638
v 0.362575 0.019559 0.086031
v 0.355358 0.028981 0.093598
v 0.359381 0.005665 0.063104
v 0.350035 0.000882 0.048523
v 0.392633 0.046380 0.186700
v 0.380186 0.053926 0.186700
v 0.384796 0.042300 0.162154
v 0.375797 0.051063 0.170684
v 0.394285 0.022123 0.130496
v 0.385931 0.031208 0.138042
v 0.385931 0.018768 0.110638
v 0.377690 0.027858 0.118015
v 0.385160 0.006625 0.087878
v 0.376404 0.001883 0.071983
v 0.399367 0.000736 0.498992
v 0.404692 0.004732 0.485420
v 0.411231 0.012692 0.461135
v 0.400115 0.026116 0.450763
v 0.416814 0.019878 0.435634
v 0.404368 0.029006 0.435634
v 0.421167 0.023288 0.418909
v 0.412017 0.032223 0.410663
v 0.426676 0.003215 0.454913
v 0.431302 0.007431 0.435634
v 0.435960 0.012681 0.411512
v 0.424806 0.026219 0.402314
v 0.450258 0.002074 0.404114
v 0.408399 0.041471 0.383788
v 0.398540 0.049945 0.374117
v 0.412666 0.042768 0.360954
v 0.400219 0.051104 0.360954
v 0.415275 0.044151 0.336060
v 0.402828 0.052996 0.336060
v 0.417065 0.045184 0.311167
v 0.404619 0.054322 0.311167
v 0.417616 0.045790 0.286274
v 0.405170 0.054370 0.286274
v 0.415975 0.044942 0.261380
v 0.403528 0.053098 0.261380
v 0.412972 0.042708 0.236487
v 0.400526 0.051269 0.236487
v 0.408525 0.041356 0.212980
v 0.398751 0.050093 0.222202
v 0.439981 0.017541 0.385847
v 0.427534 0.028197 0.385847
v 0.443011 0.020688 0.360954
v 0.430564 0.030321 0.360954
v 0.444604 0.022154 0.336060
v 0.432157 0.031704 0.336060
v 0.445436 0.022693 0.311167
v 0.432989 0.032738 0.311167
v 0.445955 0.023044 0.286274
v 0.433508 0.033343 0.286274
v 0.445272 0.022559 0.261380
v 0.432825 0.032496 0.261380
v 0.442641 0.020471 0.236487
v 0.430194 0.030261 0.236487
v 0.439084 0.017390 0.211594
v 0.426638 0.027627 0.211594
v 0.453293 0.005094 0.385847
v 0.456989 0.008242 0.360954
v 0.459093 0.009707 0.336060
v 0.459457 0.010246 0.311167
v 0.459433 0.010597 0.286274
v 0.459159 0.010113 0.261380
v 0.457110 0.008025 0.236487
v 0.453486 0.004943 0.211594
v 0.421764 0.023887 0.178650
v 0.412376 0.032661 0.186849
v 0.417028 0.020494 0.161807
v 0.404581 0.029317 0.161807
v 0.410959 0.012780 0.136600
v 0.399802 0.025936 0.147092
v 0.405313 0.005431 0.112020
v 0.400426 0.001714 0.096677
v 0.436178 0.013060 0.184794
v 0.424302 0.025786 0.195246
v 0.432487 0.008047 0.161807
v 0.427315 0.003438 0.142704
v 0.450475 0.002234 0.190937
v 0.017281 -0.651138 -0.003820
v 0.010369 -0.639347 -0.012249
v 0.012447 -0.625193 -0.027443
v 0.012667 -0.608383 -0.040983
v 0.021111 -0.599082 -0.051023
v 0.037340 -0.654639 -0.007428
v 0.037340 -0.641925 -0.019875
v 0.037340 -0.629478 -0.031507
v 0.037340 -0.614959 -0.043954
v 0.037340 -0.602513 -0.053676
v 0.064612 -0.655469 -0.013608
v 0.057899 -0.644888 -0.022680
v 0.074495 -0.647279 -0.024944
v 0.064612 -0.635867 -0.033050
v 0.062233 -0.619630 -0.047498
v 0.062233 -0.607183 -0.057745
v 0.094244 -0.673172 -0.001262
v 0.086418 -0.663189 -0.010715
v 0.087127 -0.648948 -0.026667
v 0.085651 -0.633310 -0.041012
v 0.076370 -0.621905 -0.049393
v 0.092966 -0.624032 -0.051192
v 0.085651 -0.612119 -0.059297
v 0.112020 -0.674860 -0.003079
v 0.112020 -0.663743 -0.015526
v 0.112020 -0.651296 -0.028933
v 0.112020 -0.637540 -0.041379
v 0.112020 -0.625094 -0.052031
v 0.112020 -0.609887 -0.064046
v 0.136913 -0.675755 -0.003929
v 0.136913 -0.664132 -0.016376
v 0.136913 -0.651685 -0.029349
v 0.136913 -0.637925 -0.041796
v 0.136913 -0.625478 -0.052306
v 0.136120 -0.607488 -0.066701
v 0.143889 -0.597591 -0.074801
v 0.161807 -0.675167 -0.003255
v 0.161807 -0.663500 -0.015702
v 0.161807 -0.651053 -0.028917
v 0.161807 -0.638166 -0.041364
v 0.161807 -0.625719 -0.052580
v 0.161807 -0.610284 -0.065027
v 0.161807 -0.597837 -0.074995
v 0.186700 -0.674483 -0.002581
v 0.186700 -0.662868 -0.015028
v 0.186700 -0.650421 -0.028298
v 0.186700 -0.638013 -0.040745
v 0.186700 -0.625566 -0.052501
v 0.185301 -0.607625 -0.066275
v 0.176070 -0.597819 -0.074980
v 0.004516 -0.595390 -0.048310
v 0.012667 -0.586253 -0.057588
v 0.012447 -0.566558 -0.071058
v 0.012447 -0.554112 -0.078580
v 0.013546 -0.533639 -0.091311
v 0.005981 -0.517986 -0.097198
v 0.022576 -0.524296 -0.100407
v 0.013546 -0.509938 -0.103684
v 0.012447 -0.485420 -0.112640
v 0.012594 -0.460284 -0.120583
v 0.004395 -0.443025 -0.123185
v 0.020991 -0.451824 -0.125605
v 0.012594 -0.435090 -0.127845
v 0.012447 -0.410740 -0.133898
v 0.036341 -0.584019 -0.067347
v 0.027377 -0.571270 -0.073868
v 0.043973 -0.575071 -0.076581
v 0.036341 -0.561823 -0.082614
v 0.037340 -0.540579 -0.095618
v 0.037340 -0.528132 -0.102054
v 0.037340 -0.510314 -0.109938
v 0.037700 -0.484560 -0.119985
v 0.029642 -0.468419 -0.123082
v 0.046238 -0.475689 -0.125502
v 0.037700 -0.460284 -0.127906
v 0.037340 -0.435634 -0.135210
v 0.037340 -0.410740 -0.141532
v 0.062233 -0.591311 -0.070192
v 0.062233 -0.578865 -0.078837
v 0.063682 -0.557938 -0.092208
v 0.056351 -0.544982 -0.098350
v 0.072946 -0.548199 -0.099888
v 0.063682 -0.536094 -0.103686
v 0.062233 -0.510314 -0.114857
v 0.062233 -0.492687 -0.122398
v 0.062233 -0.480240 -0.127543
v 0.062233 -0.460527 -0.134514
v 0.062233 -0.435634 -0.141260
v 0.063881 -0.408920 -0.146727
v 0.073278 -0.399409 -0.149541
v 0.087127 -0.595035 -0.073068
v 0.087127 -0.582588 -0.080785
v 0.087127 -0.561988 -0.093231
v 0.087127 -0.549541 -0.100697
v 0.087127 -0.535207 -0.107992
v 0.086458 -0.509204 -0.119996
v 0.077714 -0.496543 -0.123884
v 0.094309 -0.500166 -0.125477
v 0.086458 -0.487115 -0.129428
v 0.087127 -0.460527 -0.139252
v 0.087127 -0.435634 -0.145310
v 0.087127 -0.417363 -0.148414
v 0.087127 -0.404916 -0.150435
v 0.112020 -0.596768 -0.074248
v 0.112020 -0.584322 -0.082069
v 0.112020 -0.564127 -0.094516
v 0.112020 -0.551680 -0.101992
v 0.112020 -0.535207 -0.111505
v 0.112020 -0.515864 -0.121533
v 0.112020 -0.503417 -0.126586
v 0.112020 -0.485420 -0.132987
v 0.112020 -0.460527 -0.141061
v 0.109971 -0.435196 -0.147501
v 0.100307 -0.422604 -0.149265
v 0.116902 -0.426606 -0.150337
v 0.109971 -0.412880 -0.152092
v 0.127293 -0.597353 -0.074618
v 0.136120 -0.587431 -0.081688
v 0.136913 -0.566256 -0.095796
v 0.136913 -0.553809 -0.103147
v 0.136913 -0.535207 -0.113385
v 0.136913 -0.517592 -0.122258
v 0.136913 -0.505146 -0.127301
v 0.136913 -0.485420 -0.133928
v 0.136913 -0.460527 -0.141513
v 0.136913 -0.441280 -0.147333
v 0.136913 -0.428833 -0.151032
v 0.136913 -0.410740 -0.155169
v 0.161807 -0.584994 -0.084289
v 0.161807 -0.566881 -0.096421
v 0.161807 -0.554435 -0.103112
v 0.161807 -0.535207 -0.112502
v 0.161807 -0.516157 -0.121411
v 0.161807 -0.503710 -0.127065
v 0.161807 -0.485420 -0.133917
v 0.161807 -0.460527 -0.141965
v 0.161807 -0.441544 -0.147559
v 0.161807 -0.429097 -0.150989
v 0.161807 -0.410740 -0.155194
v 0.192665 -0.595911 -0.073648
v 0.185301 -0.586565 -0.081313
v 0.186700 -0.564964 -0.095193
v 0.186700 -0.552518 -0.102015
v 0.186700 -0.535207 -0.110309
v 0.186700 -0.513929 -0.120314
v 0.186700 -0.501482 -0.126166
v 0.186700 -0.485420 -0.133115
v 0.186700 -0.460527 -0.141702
v 0.188088 -0.435407 -0.147475
v 0.197312 -0.421735 -0.149099
v 0.180716 -0.426958 -0.150281
v 0.188088 -0.412359 -0.152100
v 0.007369 -0.206659 -0.122254
v 0.012447 -0.385847 -0.138015
v 0.012447 -0.360954 -0.140001
v 0.012447 -0.336060 -0.140864
v 0.012447 -0.311167 -0.140786
v 0.012447 -0.286274 -0.139321
v 0.012447 -0.261380 -0.136250
v 0.012447 -0.236487 -0.131251
v 0.014379 -0.213611 -0.126128
v 0.037340 -0.385847 -0.145077
v 0.039363 -0.362020 -0.146881
v 0.035356 -0.336060 -0.146731
v 0.033723 -0.311167 -0.147106
v 0.034958 -0.286274 -0.146759
v 0.039697 -0.263725 -0.144624
v 0.037340 -0.236487 -0.137570
v 0.037340 -0.211594 -0.131435
v 0.049009 -0.354434 -0.149556
v 0.047803 -0.336060 -0.149859
v 0.046169 -0.311167 -0.150268
v 0.047404 -0.286274 -0.149956
v 0.049566 -0.273586 -0.149413
v 0.055259 -0.385847 -0.148634
v 0.050187 -0.371029 -0.149282
v 0.057820 -0.256990 -0.147497
v 0.064564 -0.238814 -0.144805
v 0.062233 -0.211594 -0.137700
v 0.067705 -0.385847 -0.150642
v 0.059984 -0.362020 -0.151763
v 0.062233 -0.336060 -0.153484
v 0.062233 -0.311167 -0.153560
v 0.062233 -0.286274 -0.152044
v 0.064564 -0.263725 -0.149995
v 0.074416 -0.248663 -0.149419
v 0.082684 -0.232068 -0.147540
v 0.089440 -0.213958 -0.144357
v 0.087127 -0.385847 -0.153532
v 0.087127 -0.360954 -0.157124
v 0.087127 -0.336060 -0.158656
v 0.087127 -0.311167 -0.157413
v 0.087127 -0.286274 -0.154876
v 0.087127 -0.261380 -0.152210
v 0.089440 -0.238814 -0.150005
v 0.099279 -0.223832 -0.149424
v 0.112020 -0.210982 -0.145916
v 0.112020 -0.385847 -0.156701
v 0.112020 -0.360954 -0.159893
v 0.112020 -0.336060 -0.161066
v 0.112020 -0.311167 -0.159956
v 0.112020 -0.286274 -0.157558
v 0.112020 -0.261380 -0.154892
v 0.112020 -0.236487 -0.151620
v 0.112020 -0.223429 -0.149520
v 0.145277 -0.224628 -0.149215
v 0.136953 -0.213719 -0.146795
v 0.136913 -0.385847 -0.158797
v 0.136913 -0.360954 -0.160369
v 0.136913 -0.336060 -0.161174
v 0.136913 -0.311167 -0.161370
v 0.136913 -0.286274 -0.160039
v 0.136913 -0.261380 -0.156946
v 0.136953 -0.234350 -0.151700
v 0.128682 -0.223434 -0.149510
v 0.161807 -0.225817 -0.148921
v 0.161807 -0.211594 -0.145409
v 0.161807 -0.385847 -0.158621
v 0.161807 -0.360954 -0.159870
v 0.161807 -0.336060 -0.160663
v 0.161807 -0.311167 -0.161456
v 0.161807 -0.286274 -0.160936
v 0.161807 -0.261380 -0.157325
v 0.161807 -0.238264 -0.151995
v 0.186700 -0.227660 -0.148479
v 0.186700 -0.211594 -0.144525
v 0.186700 -0.385847 -0.156604
v 0.186700 -0.360954 -0.159067
v 0.186700 -0.336060 -0.160147
v 0.186700 -0.311167 -0.160172
v 0.186700 -0.286274 -0.158742
v 0.186700 -0.261380 -0.155667
v 0.186700 -0.240106 -0.151507
v 0.001212 -0.150618 -0.099075
v 0.001212 -0.147656 -0.099075
v 0.014379 -0.188575 -0.118647
v 0.010685 -0.160072 -0.106838
v 0.010685 -0.138380 -0.104033
v 0.012447 -0.116723 -0.115345
v 0.023964 -0.198123 -0.124722
v 0.012447 -0.104276 -0.135323
v 0.012447 -0.099011 -0.147769
v 0.012447 -0.093113 -0.161807
v 0.012447 -0.081229 -0.185465
v 0.012447 -0.073873 -0.197912
v 0.032018 -0.181527 -0.122485
v 0.039125 -0.163815 -0.118254
v 0.037340 -0.136913 -0.108295
v 0.037340 -0.115643 -0.114574
v 0.039125 -0.188575 -0.126206
v 0.048613 -0.173451 -0.124766
v 0.037340 -0.103197 -0.132994
v 0.037340 -0.098110 -0.145441
v 0.037340 -0.091191 -0.161807
v 0.037340 -0.080208 -0.183667
v 0.037340 -0.072691 -0.196114
v 0.062233 -0.158607 -0.120704
v 0.062233 -0.136913 -0.112018
v 0.062233 -0.115349 -0.115781
v 0.062233 -0.186700 -0.130819
v 0.062233 -0.171054 -0.125736
v 0.062233 -0.102902 -0.130582
v 0.062233 -0.096477 -0.143029
v 0.062233 -0.087672 -0.161807
v 0.062233 -0.078322 -0.180459
v 0.062233 -0.070443 -0.192906
v 0.087127 -0.154907 -0.122236
v 0.087127 -0.136913 -0.115506
v 0.087127 -0.115993 -0.117737
v 0.087127 -0.186700 -0.134798
v 0.087127 -0.167354 -0.127241
v 0.087127 -0.103546 -0.129066
v 0.087127 -0.094065 -0.141512
v 0.088061 -0.081218 -0.163465
v 0.096981 -0.073874 -0.172868
v 0.080386 -0.076327 -0.177043
v 0.088061 -0.067688 -0.185884
v 0.112020 -0.151501 -0.123606
v 0.112020 -0.136913 -0.117976
v 0.112438 -0.111119 -0.118790
v 0.121014 -0.097477 -0.122513
v 0.112020 -0.186700 -0.137614
v 0.112020 -0.163947 -0.128611
v 0.104419 -0.102220 -0.127037
v 0.112438 -0.090873 -0.135966
v 0.112020 -0.077823 -0.155320
v 0.112020 -0.070889 -0.167767
v 0.111139 -0.057466 -0.187227
v 0.118849 -0.046072 -0.195875
v 0.125532 -0.149652 -0.124350
v 0.135063 -0.138408 -0.120354
v 0.136913 -0.112020 -0.112264
v 0.136913 -0.091979 -0.117316
v 0.136913 -0.186700 -0.139223
v 0.135063 -0.159492 -0.129271
v 0.142127 -0.147702 -0.125263
v 0.135218 -0.078872 -0.134857
v 0.142385 -0.071499 -0.141784
v 0.125790 -0.075197 -0.150394
v 0.136821 -0.062667 -0.161705
v 0.147853 -0.048554 -0.173016
v 0.131257 -0.053836 -0.179280
v 0.138456 -0.039015 -0.187814
v 0.146159 -0.012447 -0.196731
v 0.161807 -0.134526 -0.118986
v 0.161807 -0.112020 -0.107428
v 0.159695 -0.084798 -0.112449
v 0.166585 -0.070719 -0.119848
v 0.161807 -0.186700 -0.139214
v 0.161807 -0.161807 -0.131503
v 0.161807 -0.146973 -0.125690
v 0.149990 -0.074948 -0.125188
v 0.161503 -0.062811 -0.136520
v 0.173016 -0.048554 -0.147853
v 0.156421 -0.054903 -0.156421
v 0.164618 -0.040256 -0.164618
v 0.172815 -0.020815 -0.172815
v 0.156219 -0.031958 -0.179752
v 0.163433 -0.012489 -0.182912
v 0.194430 -0.100756 -0.098898
v 0.192518 -0.087127 -0.096379
v 0.195025 -0.069159 -0.095990
v 0.195452 -0.151026 -0.123804
v 0.186973 -0.138488 -0.119207
v 0.186359 -0.110240 -0.104949
v 0.180071 -0.087127 -0.102683
v 0.187152 -0.061641 -0.111191
v 0.195875 -0.046072 -0.119130
v 0.186700 -0.186700 -0.137758
v 0.186973 -0.160317 -0.128807
v 0.178857 -0.147836 -0.125302
v 0.179280 -0.054123 -0.131257
v 0.187814 -0.039015 -0.138456
v 0.196731 -0.012447 -0.146159
v 0.179752 -0.031958 -0.156219
v 0.182912 -0.012489 -0.163433
v 0.175310 -0.004219 -0.175310
v 0.012447 -0.062554 -0.211594
v 0.012447 -0.050914 -0.225070
v 0.012447 -0.037340 -0.234092
v 0.012447 -0.012447 -0.244885
v 0.036560 -0.058375 -0.213610
v 0.044338 -0.048822 -0.223252
v 0.027743 -0.050157 -0.224374
v 0.036560 -0.039251 -0.230323
v 0.037340 -0.012447 -0.242158
v 0.062233 -0.057996 -0.208354
v 0.062233 -0.045546 -0.220801
v 0.062233 -0.033099 -0.229021
v 0.062233 -0.012447 -0.236953
v 0.087127 -0.054098 -0.203713
v 0.088474 -0.037015 -0.217295
v 0.097669 -0.022023 -0.223306
v 0.081074 -0.028501 -0.226120
v 0.088474 -0.013214 -0.228398
v 0.102254 -0.051044 -0.200469
v 0.111139 -0.037600 -0.206224
v 0.110874 -0.013214 -0.218412
v 0.101813 -0.005428 -0.225200
v 0.129060 -0.029476 -0.202057
v 0.133712 -0.012447 -0.205109
v 0.211594 -0.673384 -0.001403
v 0.213922 -0.658336 -0.016019
v 0.223772 -0.647158 -0.024827
v 0.207176 -0.649146 -0.026939
v 0.214744 -0.635749 -0.038110
v 0.222312 -0.621736 -0.049280
v 0.205717 -0.624340 -0.051453
v 0.213046 -0.612018 -0.058529
v 0.225135 -0.672472 -0.000374
v 0.234655 -0.660648 -0.008541
v 0.236487 -0.645061 -0.022842
v 0.236487 -0.632614 -0.034628
v 0.236487 -0.619387 -0.047074
v 0.236487 -0.606940 -0.057026
v 0.261380 -0.653754 -0.006489
v 0.261380 -0.640936 -0.018936
v 0.261380 -0.628489 -0.030722
v 0.261380 -0.615310 -0.043169
v 0.261380 -0.602863 -0.054283
v 0.286274 -0.649715 -0.002584
v 0.287920 -0.633929 -0.016686
v 0.297316 -0.621698 -0.024365
v 0.280721 -0.625063 -0.027477
v 0.287760 -0.610701 -0.037669
v 0.278205 -0.599704 -0.051769
v 0.299464 -0.647614 -0.000421
v 0.309124 -0.634372 -0.006762
v 0.311167 -0.617151 -0.020584
v 0.311167 -0.604704 -0.030933
v 0.329065 -0.625802 -0.003080
v 0.336125 -0.609931 -0.012483
v 0.326590 -0.599464 -0.026575
v 0.360954 -0.602743 -0.004420
v 0.374227 -0.598147 -0.000602
v 0.211594 -0.593338 -0.071912
v 0.211594 -0.580891 -0.080311
v 0.211594 -0.562061 -0.092758
v 0.211594 -0.549614 -0.100691
v 0.211594 -0.535207 -0.107888
v 0.213162 -0.508804 -0.120164
v 0.222506 -0.497375 -0.124295
v 0.205911 -0.499499 -0.125234
v 0.213162 -0.487615 -0.129334
v 0.211594 -0.460527 -0.138880
v 0.211594 -0.435634 -0.144541
v 0.211594 -0.416085 -0.148082
v 0.211594 -0.403639 -0.150322
v 0.236487 -0.589723 -0.069472
v 0.236487 -0.577277 -0.077872
v 0.234740 -0.557827 -0.091339
v 0.241873 -0.545245 -0.098190
v 0.225277 -0.548013 -0.099802
v 0.234740 -0.536251 -0.104184
v 0.236487 -0.510314 -0.115698
v 0.236487 -0.492379 -0.122553
v 0.236487 -0.479932 -0.126894
v 0.236487 -0.460527 -0.133447
v 0.236487 -0.435634 -0.140416
v 0.234210 -0.408419 -0.146241
v 0.224395 -0.398574 -0.149411
v 0.262044 -0.583673 -0.067867
v 0.270785 -0.571188 -0.073925
v 0.254189 -0.574495 -0.075995
v 0.262044 -0.561775 -0.081930
v 0.261380 -0.539848 -0.095203
v 0.261380 -0.527401 -0.101963
v 0.261380 -0.510314 -0.109181
v 0.260047 -0.483814 -0.119267
v 0.267457 -0.468111 -0.122771
v 0.250861 -0.474445 -0.124980
v 0.260047 -0.460099 -0.127538
v 0.261380 -0.435634 -0.135244
v 0.261380 -0.410740 -0.141120
v 0.294800 -0.595106 -0.047860
v 0.286411 -0.586082 -0.058026
v 0.286274 -0.566006 -0.071046
v 0.286274 -0.553559 -0.077960
v 0.284032 -0.532897 -0.090339
v 0.290836 -0.517055 -0.096404
v 0.274240 -0.523059 -0.099736
v 0.284032 -0.509380 -0.102693
v 0.286274 -0.485420 -0.111597
v 0.286336 -0.460099 -0.120406
v 0.294675 -0.442929 -0.123300
v 0.278080 -0.451515 -0.125665
v 0.286336 -0.435032 -0.128068
v 0.286274 -0.410740 -0.133920
v 0.311167 -0.589722 -0.043380
v 0.311167 -0.577275 -0.053139
v 0.309453 -0.558172 -0.065715
v 0.316608 -0.542584 -0.071864
v 0.300012 -0.548589 -0.075199
v 0.309453 -0.534655 -0.079145
v 0.310827 -0.509380 -0.092632
v 0.318898 -0.493475 -0.097678
v 0.302303 -0.500459 -0.100903
v 0.310827 -0.485274 -0.103939
v 0.311167 -0.460527 -0.111956
v 0.309637 -0.435032 -0.119056
v 0.316726 -0.410740 -0.121397
v 0.300318 -0.426333 -0.125179
v 0.304279 -0.410740 -0.126896
v 0.343186 -0.593824 -0.021886
v 0.333651 -0.583356 -0.035978
v 0.340711 -0.567249 -0.045381
v 0.324115 -0.572888 -0.050049
v 0.333872 -0.559411 -0.054515
v 0.336007 -0.534655 -0.068135
v 0.344269 -0.518308 -0.072750
v 0.327673 -0.525989 -0.076473
v 0.336007 -0.510132 -0.080598
v 0.335384 -0.485274 -0.092638
v 0.344103 -0.460527 -0.097097
v 0.347910 -0.446906 -0.099304
v 0.326636 -0.476879 -0.101127
v 0.331656 -0.460527 -0.103313
v 0.338192 -0.437418 -0.105788
v 0.336060 -0.410740 -0.112778
v 0.362302 -0.585313 -0.017747
v 0.371498 -0.570847 -0.023685
v 0.354903 -0.577229 -0.028786
v 0.361741 -0.560750 -0.037481
v 0.368579 -0.541818 -0.046177
v 0.351984 -0.550653 -0.051923
v 0.360550 -0.534195 -0.055661
v 0.360098 -0.510132 -0.067266
v 0.367825 -0.489992 -0.071266
v 0.351229 -0.501713 -0.076347
v 0.360098 -0.483184 -0.078949
v 0.360954 -0.460527 -0.087623
v 0.360635 -0.437418 -0.095450
v 0.369179 -0.410740 -0.097649
v 0.352125 -0.430310 -0.101186
v 0.356733 -0.410740 -0.103402
v 0.383854 -0.582688 -0.004745
v 0.386754 -0.561570 -0.018010
v 0.395657 -0.544581 -0.022710
v 0.379061 -0.554251 -0.029581
v 0.385563 -0.534901 -0.037392
v 0.393379 -0.510314 -0.046199
v 0.397970 -0.497410 -0.049588
v 0.375469 -0.525222 -0.051073
v 0.380932 -0.510314 -0.054414
v 0.385835 -0.485403 -0.062226
v 0.390701 -0.460527 -0.069995
v 0.396169 -0.443918 -0.073332
v 0.373699 -0.473396 -0.074863
v 0.378254 -0.460527 -0.077653
v 0.387062 -0.435626 -0.081461
v 0.385847 -0.410740 -0.088055
v 0.223131 -0.250505 -0.149206
v 0.213537 -0.235824 -0.148206
v 0.211594 -0.211594 -0.142993
v 0.211594 -0.385847 -0.153525
v 0.211594 -0.360954 -0.157281
v 0.211594 -0.336060 -0.158525
v 0.211594 -0.311167 -0.157077
v 0.211594 -0.286274 -0.154677
v 0.213537 -0.259834 -0.151750
v 0.206535 -0.243680 -0.150614
v 0.242778 -0.385847 -0.148473
v 0.248669 -0.372463 -0.149308
v 0.244529 -0.281436 -0.148613
v 0.236334 -0.259834 -0.147862
v 0.236487 -0.236487 -0.144783
v 0.236487 -0.211594 -0.139008
v 0.230331 -0.385847 -0.150556
v 0.238817 -0.362880 -0.152278
v 0.236487 -0.336060 -0.154203
v 0.236487 -0.311167 -0.152872
v 0.236334 -0.288350 -0.150683
v 0.227934 -0.267101 -0.150021
v 0.261380 -0.385847 -0.144280
v 0.259698 -0.362880 -0.146526
v 0.264534 -0.336060 -0.146545
v 0.263824 -0.311167 -0.147115
v 0.259130 -0.288350 -0.146763
v 0.261380 -0.261380 -0.142865
v 0.261380 -0.236487 -0.138067
v 0.261380 -0.211594 -0.132158
v 0.250278 -0.355867 -0.149767
v 0.252087 -0.336060 -0.150301
v 0.251377 -0.311167 -0.150047
v 0.249332 -0.298032 -0.149428
v 0.297185 -0.226168 -0.123959
v 0.291928 -0.211594 -0.122221
v 0.286274 -0.385847 -0.137030
v 0.286274 -0.360954 -0.138582
v 0.286274 -0.336060 -0.139959
v 0.286274 -0.311167 -0.141064
v 0.286274 -0.286274 -0.140108
v 0.286274 -0.261380 -0.135868
v 0.287842 -0.235274 -0.129221
v 0.279481 -0.211594 -0.126336
v 0.321129 -0.393355 -0.123359
v 0.323174 -0.276324 -0.124268
v 0.320400 -0.261380 -0.123364
v 0.311349 -0.235274 -0.121449
v 0.311167 -0.211594 -0.115636
v 0.312166 -0.385373 -0.128337
v 0.311167 -0.360954 -0.131041
v 0.311167 -0.336060 -0.132042
v 0.311167 -0.311167 -0.132049
v 0.313392 -0.285282 -0.129449
v 0.307953 -0.261380 -0.128160
v 0.303172 -0.242763 -0.125939
v 0.345797 -0.202638 -0.098165
v 0.334590 -0.385373 -0.119140
v 0.339590 -0.360954 -0.120579
v 0.340081 -0.336060 -0.120677
v 0.338551 -0.311167 -0.119722
v 0.334152 -0.285282 -0.119759
v 0.336060 -0.261380 -0.116639
v 0.336060 -0.236487 -0.112647
v 0.336923 -0.211199 -0.105388
v 0.325312 -0.376759 -0.125172
v 0.327143 -0.360954 -0.125868
v 0.327634 -0.336060 -0.126181
v 0.326105 -0.311167 -0.125654
v 0.324582 -0.292920 -0.124928
v 0.372452 -0.393126 -0.099093
v 0.371449 -0.255986 -0.098384
v 0.368120 -0.236487 -0.096304
v 0.360389 -0.211199 -0.093393
v 0.362874 -0.385236 -0.105043
v 0.360954 -0.360954 -0.109147
v 0.360954 -0.336060 -0.110159
v 0.360954 -0.311167 -0.109044
v 0.360954 -0.286274 -0.107064
v 0.362272 -0.263122 -0.104264
v 0.355673 -0.236487 -0.103592
v 0.351715 -0.219234 -0.101448
v 0.397521 -0.226247 -0.074153
v 0.394691 -0.211594 -0.072405
v 0.383630 -0.385236 -0.092784
v 0.387429 -0.360954 -0.092604
v 0.389062 -0.336060 -0.093761
v 0.389157 -0.311167 -0.094534
v 0.387441 -0.286274 -0.093503
v 0.383564 -0.263122 -0.091834
v 0.387873 -0.235322 -0.082894
v 0.382245 -0.211594 -0.080458
v 0.373854 -0.376530 -0.099864
v 0.374983 -0.360954 -0.100588
v 0.376615 -0.336060 -0.101502
v 0.376710 -0.311167 -0.101343
v 0.374995 -0.286274 -0.100352
v 0.373744 -0.272581 -0.099763
v 0.211594 -0.102101 -0.098228
v 0.211594 -0.087127 -0.090721
v 0.210040 -0.061410 -0.089217
v 0.218436 -0.037340 -0.092707
v 0.223306 -0.022023 -0.097669
v 0.211594 -0.154835 -0.122288
v 0.211594 -0.136913 -0.114954
v 0.211594 -0.114548 -0.104686
v 0.200707 -0.052563 -0.102534
v 0.206367 -0.037600 -0.111307
v 0.218412 -0.013214 -0.110874
v 0.211594 -0.186700 -0.134648
v 0.211594 -0.167282 -0.127241
v 0.202057 -0.029476 -0.129060
v 0.205109 -0.012447 -0.133712
v 0.247188 -0.007359 -0.045032
v 0.246498 -0.075850 -0.073836
v 0.241584 -0.062233 -0.068976
v 0.238792 -0.037340 -0.063621
v 0.241627 -0.014373 -0.059931
v 0.236487 -0.105727 -0.096157
v 0.237515 -0.085339 -0.083027
v 0.229138 -0.062233 -0.076869
v 0.226345 -0.037340 -0.080260
v 0.228434 -0.013214 -0.088474
v 0.246206 -0.175558 -0.123948
v 0.237340 -0.162698 -0.120518
v 0.236487 -0.136913 -0.110419
v 0.236487 -0.118173 -0.102520
v 0.225200 -0.005428 -0.101813
v 0.237340 -0.184993 -0.129390
v 0.229611 -0.171590 -0.125527
v 0.273449 -0.025237 -0.024538
v 0.269178 -0.010332 -0.014723
v 0.270912 -0.050858 -0.048908
v 0.267049 -0.035057 -0.039302
v 0.254741 -0.014373 -0.036977
v 0.261380 -0.079476 -0.071785
v 0.262120 -0.060387 -0.058351
v 0.253192 -0.037340 -0.051174
v 0.249229 -0.023954 -0.050099
v 0.269069 -0.127509 -0.097822
v 0.261015 -0.113141 -0.092543
v 0.261380 -0.091922 -0.079652
v 0.261380 -0.180770 -0.122504
v 0.261380 -0.161807 -0.115503
v 0.261015 -0.136249 -0.104635
v 0.252474 -0.122186 -0.100748
v 0.261380 -0.193216 -0.126746
v 0.286274 -0.028209 -0.021461
v 0.286274 -0.016184 -0.009015
v 0.286274 -0.054266 -0.046168
v 0.286274 -0.040656 -0.033722
v 0.295174 -0.101868 -0.073359
v 0.286635 -0.087772 -0.068420
v 0.286274 -0.066713 -0.055399
v 0.298546 -0.149495 -0.099509
v 0.288658 -0.136249 -0.095579
v 0.286635 -0.110907 -0.081743
v 0.278578 -0.096499 -0.076450
v 0.284250 -0.188641 -0.118921
v 0.288658 -0.159398 -0.107148
v 0.281951 -0.144104 -0.102358
v 0.274603 -0.198233 -0.124723
v 0.322744 -0.050382 -0.024413
v 0.313135 -0.037297 -0.017221
v 0.311167 -0.021785 -0.003217
v 0.319910 -0.077280 -0.047706
v 0.313029 -0.060833 -0.038476
v 0.306148 -0.045567 -0.029245
v 0.311167 -0.107041 -0.070381
v 0.311434 -0.086197 -0.057625
v 0.303315 -0.071283 -0.051987
v 0.322760 -0.175354 -0.099130
v 0.313144 -0.159398 -0.096993
v 0.311167 -0.136913 -0.087100
v 0.311167 -0.119488 -0.077546
v 0.313144 -0.184871 -0.106905
v 0.306164 -0.166091 -0.103213
v 0.336060 -0.055381 -0.020378
v 0.333811 -0.037780 -0.006472
v 0.324013 -0.024689 -0.000212
v 0.347775 -0.100154 -0.049345
v 0.338110 -0.086197 -0.043990
v 0.336060 -0.067827 -0.030425
v 0.341061 -0.132286 -0.071444
v 0.336120 -0.111993 -0.062558
v 0.331179 -0.093875 -0.053673
v 0.336923 -0.184871 -0.095608
v 0.336060 -0.161807 -0.086750
v 0.334082 -0.139116 -0.077719
v 0.324466 -0.123832 -0.075046
v 0.329201 -0.191949 -0.102343
v 0.367002 -0.079633 -0.020992
v 0.360016 -0.062942 -0.011875
v 0.353030 -0.046371 -0.002758
v 0.372654 -0.125391 -0.049215
v 0.362995 -0.109879 -0.045760
v 0.359604 -0.087609 -0.031861
v 0.350406 -0.073245 -0.026051
v 0.371915 -0.176166 -0.073908
v 0.366342 -0.161807 -0.070899
v 0.360766 -0.137137 -0.062629
v 0.356059 -0.116750 -0.054848
v 0.362552 -0.185359 -0.082484
v 0.353895 -0.161807 -0.077481
v 0.348878 -0.148882 -0.074873
v 0.393390 -0.105649 -0.021139
v 0.387001 -0.085976 -0.012768
v 0.380611 -0.069234 -0.004397
v 0.395946 -0.152269 -0.047989
v 0.386928 -0.134979 -0.044211
v 0.385394 -0.113176 -0.031912
v 0.376795 -0.096228 -0.027492
v 0.385918 -0.185359 -0.069519
v 0.386928 -0.161063 -0.058504
v 0.379351 -0.141987 -0.053815
v 0.377668 -0.192762 -0.077256
v 0.398557 -0.572854 -0.000218
v 0.404028 -0.560100 -0.004749
v 0.412525 -0.537286 -0.013924
v 0.419372 -0.518315 -0.021734
v 0.402777 -0.527985 -0.028606
v 0.410941 -0.510136 -0.033497
v 0.411315 -0.487635 -0.044836
v 0.419995 -0.465327 -0.047504
v 0.403400 -0.480814 -0.053186
v 0.411315 -0.458428 -0.056113
v 0.409237 -0.435626 -0.065634
v 0.414887 -0.410740 -0.068079
v 0.399936 -0.427323 -0.075990
v 0.402441 -0.410740 -0.077533
v 0.428941 -0.529992 -0.005139
v 0.435737 -0.510081 -0.012008
v 0.442995 -0.485420 -0.019437
v 0.446848 -0.469527 -0.023634
v 0.425937 -0.501719 -0.027420
v 0.430548 -0.485420 -0.031300
v 0.435132 -0.459129 -0.036937
v 0.438176 -0.435634 -0.041413
v 0.442571 -0.410740 -0.045128
v 0.423417 -0.448731 -0.049981
v 0.425729 -0.435634 -0.051936
v 0.430124 -0.410740 -0.055632
v 0.450105 -0.501848 -0.002282
v 0.454283 -0.485420 -0.006990
v 0.460374 -0.460935 -0.012932
v 0.465344 -0.435634 -0.018046
v 0.469378 -0.410740 -0.021703
v 0.449827 -0.452932 -0.026370
v 0.452898 -0.435634 -0.028966
v 0.456932 -0.410740 -0.032682
v 0.475141 -0.452342 -0.002230
v 0.478549 -0.435634 -0.005599
v 0.481649 -0.410740 -0.009256
v 0.422963 -0.199731 -0.049598
v 0.417473 -0.385847 -0.070756
v 0.419278 -0.360954 -0.072172
v 0.420821 -0.336060 -0.073068
v 0.421114 -0.311167 -0.072975
v 0.419532 -0.286274 -0.071917
v 0.416119 -0.261380 -0.069823
v 0.409531 -0.235322 -0.068135
v 0.413096 -0.209455 -0.059194
v 0.405026 -0.385847 -0.079000
v 0.406831 -0.360954 -0.080157
v 0.408374 -0.336060 -0.081314
v 0.408668 -0.311167 -0.082088
v 0.407085 -0.286274 -0.081057
v 0.403672 -0.261380 -0.078345
v 0.400426 -0.242843 -0.076133
v 0.445872 -0.392039 -0.047920
v 0.447659 -0.304319 -0.049418
v 0.446979 -0.286274 -0.048824
v 0.445581 -0.261380 -0.047840
v 0.442403 -0.236487 -0.045257
v 0.434953 -0.209455 -0.042221
v 0.436798 -0.384584 -0.056945
v 0.435634 -0.360954 -0.060694
v 0.435634 -0.336060 -0.061298
v 0.437870 -0.312037 -0.058487
v 0.434532 -0.286274 -0.059470
v 0.433134 -0.261380 -0.057376
v 0.429956 -0.236487 -0.054447
v 0.426201 -0.216327 -0.051903
v 0.472046 -0.385847 -0.023945
v 0.472910 -0.372868 -0.024821
v 0.471294 -0.256654 -0.022907
v 0.468597 -0.236487 -0.020192
v 0.463820 -0.211594 -0.015952
v 0.457674 -0.384584 -0.038709
v 0.463853 -0.363123 -0.035466
v 0.461301 -0.336060 -0.039024
v 0.458160 -0.312037 -0.040743
v 0.460527 -0.286274 -0.036975
v 0.462008 -0.263523 -0.033369
v 0.456150 -0.236487 -0.032811
v 0.451373 -0.211594 -0.028024
v 0.448710 -0.375444 -0.050354
v 0.449174 -0.360954 -0.050755
v 0.448854 -0.336060 -0.050463
v 0.448284 -0.320915 -0.049965
v 0.483171 -0.385847 -0.011499
v 0.482882 -0.363123 -0.014893
v 0.489267 -0.338503 -0.010623
v 0.487003 -0.311167 -0.014034
v 0.487832 -0.286422 -0.010562
v 0.480616 -0.263523 -0.013744
v 0.479529 -0.236487 -0.007745
v 0.476032 -0.211594 -0.003506
v 0.473904 -0.356272 -0.025919
v 0.474677 -0.336060 -0.026577
v 0.474557 -0.311167 -0.026312
v 0.473646 -0.286274 -0.025492
v 0.473101 -0.273250 -0.025019
v 0.498819 -0.331833 -0.001110
v 0.499213 -0.311167 -0.001588
v 0.498709 -0.294819 -0.001007
v 0.416682 -0.132527 -0.019913
v 0.410455 -0.112374 -0.012228
v 0.404227 -0.092319 -0.004543
v 0.419716 -0.186700 -0.046726
v 0.410587 -0.161063 -0.041482
v 0.409327 -0.139260 -0.029706
v 0.400087 -0.122245 -0.026266
v 0.407269 -0.186700 -0.056361
v 0.402187 -0.168864 -0.052762
v 0.444425 -0.182025 -0.021424
v 0.439244 -0.161807 -0.016912
v 0.433737 -0.139848 -0.010519
v 0.427519 -0.119099 -0.003317
v 0.435930 -0.188874 -0.032543
v 0.426798 -0.161807 -0.028308
v 0.423359 -0.149122 -0.025040
v 0.459046 -0.189848 -0.011041
v 0.452786 -0.161807 -0.004465
v 0.449266 -0.147170 -0.001125
v 0.448328 -0.198620 -0.025128
v 0.473648 -0.197672 -0.000658
v 0.009958 0.123630 -0.009958
v 0.000001 0.124467 -0.000001
v 0.012447 0.122206 -0.037340
v 0.012447 0.119603 -0.062233
v 0.012447 0.115581 -0.087127
v 0.012447 0.110118 -0.112020
v 0.012447 0.099011 -0.147770
v 0.012447 0.103214 -0.135323
v 0.012447 0.093113 -0.161807
v 0.012447 0.073873 -0.197912
v 0.012447 0.081229 -0.185465
v 0.037340 0.122206 -0.012447
v 0.037340 0.120854 -0.037340
v 0.037340 0.118249 -0.062233
v 0.037340 0.114191 -0.087127
v 0.037340 0.108650 -0.112020
v 0.037340 0.098110 -0.145441
v 0.037340 0.102564 -0.132995
v 0.037340 0.091192 -0.161807
v 0.037340 0.072692 -0.196114
v 0.037340 0.080208 -0.183667
v 0.062233 0.119603 -0.012447
v 0.062233 0.118249 -0.037340
v 0.062233 0.115660 -0.062233
v 0.062233 0.111419 -0.087127
v 0.062233 0.105668 -0.112020
v 0.062233 0.096477 -0.140970
v 0.062233 0.101049 -0.128523
v 0.062233 0.087672 -0.161807
v 0.062233 0.070443 -0.192906
v 0.062233 0.078322 -0.180460
v 0.087127 0.115581 -0.012447
v 0.087127 0.114191 -0.037340
v 0.087127 0.111419 -0.062233
v 0.087127 0.107182 -0.087127
v 0.092520 0.097890 -0.119185
v 0.085384 0.101811 -0.111340
v 0.085384 0.094156 -0.134914
v 0.075924 0.099870 -0.125283
v 0.096982 0.073874 -0.172868
v 0.088061 0.081218 -0.163465
v 0.088061 0.067688 -0.185884
v 0.080386 0.076327 -0.177043
v 0.112020 0.110118 -0.012447
v 0.112020 0.108650 -0.037340
v 0.112020 0.105668 -0.062233
v 0.119185 0.097890 -0.092520
v 0.111340 0.101811 -0.085384
v 0.111340 0.095140 -0.111340
v 0.102589 0.100512 -0.102589
v 0.112020 0.085990 -0.136913
v 0.112020 0.070889 -0.167767
v 0.112020 0.077823 -0.155320
v 0.118850 0.046072 -0.195875
v 0.111139 0.057466 -0.187227
v 0.147770 0.099011 -0.012447
v 0.135323 0.103214 -0.012447
v 0.145441 0.098110 -0.037340
v 0.132995 0.102564 -0.037340
v 0.140970 0.096477 -0.062233
v 0.128523 0.101049 -0.062233
v 0.134914 0.094156 -0.085384
v 0.125283 0.099870 -0.075924
v 0.136913 0.085990 -0.112020
v 0.142385 0.071499 -0.142385
v 0.135218 0.077866 -0.135218
v 0.147853 0.048554 -0.173017
v 0.136821 0.062667 -0.161706
v 0.125790 0.075197 -0.150395
v 0.146159 0.012447 -0.196731
v 0.138456 0.039015 -0.187814
v 0.131257 0.053836 -0.179280
v 0.161807 0.093113 -0.012447
v 0.161807 0.091192 -0.037340
v 0.161807 0.087672 -0.062233
v 0.172868 0.073874 -0.096982
v 0.163465 0.081218 -0.088061
v 0.167767 0.070889 -0.112020
v 0.155320 0.077823 -0.112020
v 0.173017 0.048554 -0.147853
v 0.161706 0.062667 -0.136821
v 0.150395 0.075197 -0.125790
v 0.172815 0.020815 -0.172815
v 0.164618 0.040256 -0.164618
v 0.156421 0.054903 -0.156421
v 0.163433 0.012489 -0.182912
v 0.156219 0.031958 -0.179752
v 0.197912 0.073873 -0.012447
v 0.185465 0.081229 -0.012447
v 0.196114 0.072692 -0.037340
v 0.183668 0.080208 -0.037340
v 0.192906 0.070443 -0.062233
v 0.180460 0.078322 -0.062233
v 0.185884 0.067688 -0.088061
v 0.177043 0.076327 -0.080386
v 0.195876 0.046072 -0.118850
v 0.187227 0.057466 -0.111139
v 0.196731 0.012447 -0.146159
v 0.187814 0.039015 -0.138456
v 0.179280 0.053836 -0.131257
v 0.182912 0.012489 -0.163433
v 0.179752 0.031958 -0.156219
v 0.175310 0.004219 -0.175310
v 0.012447 0.062554 -0.211594
v 0.012447 0.012447 -0.244885
v 0.012447 0.037340 -0.234092
v 0.012447 0.050914 -0.225070
v 0.044339 0.048823 -0.223253
v 0.036561 0.058376 -0.213610
v 0.037340 0.012447 -0.242158
v 0.036561 0.039251 -0.230323
v 0.027743 0.050157 -0.224374
v 0.062233 0.045546 -0.220801
v 0.062233 0.057996 -0.208354
v 0.062233 0.012447 -0.236953
v 0.062233 0.033099 -0.229021
v 0.097669 0.022023 -0.223306
v 0.088474 0.037015 -0.217295
v 0.087127 0.054098 -0.203713
v 0.088474 0.013214 -0.228398
v 0.081074 0.028501 -0.226120
v 0.110874 0.013214 -0.218412
v 0.111139 0.037600 -0.206224
v 0.102254 0.051044 -0.200469
v 0.101813 0.005428 -0.225200
v 0.133712 0.012447 -0.205109
v 0.129060 0.029476 -0.202057
v 0.211594 0.062554 -0.012447
v 0.223253 0.048823 -0.044339
v 0.213610 0.058376 -0.036561
v 0.220801 0.045546 -0.062233
v 0.208354 0.057996 -0.062233
v 0.223306 0.022023 -0.097669
v 0.217295 0.037015 -0.088474
v 0.203713 0.054098 -0.087127
v 0.218412 0.013214 -0.110874
v 0.206224 0.037600 -0.111139
v 0.200469 0.051044 -0.102254
v 0.205109 0.012447 -0.133712
v 0.202057 0.029476 -0.129060
v 0.246607 0.020517 -0.012447
v 0.235190 0.037340 -0.012447
v 0.225070 0.050914 -0.012447
v 0.244012 0.011644 -0.036977
v 0.230323 0.039251 -0.036561
v 0.224374 0.050157 -0.027743
v 0.236953 0.012447 -0.062233
v 0.229021 0.033099 -0.062233
v 0.228398 0.013214 -0.088474
v 0.226120 0.028501 -0.081074
v 0.225200 0.005428 -0.101813
v 0.255853 0.008071 -0.012447
v 0.250398 0.002811 -0.028437
vn -0.7490 -0.0569 0.6601
vn -0.7517 0.0178 0.6592
vn -0.7574 -0.5917 0.2763
vn -0.7701 -0.6043 0.2044
vn -0.9136 -0.2103 0.3479
vn -0.9211 -0.1350 0.3652
vn -0.9221 -0.2828 0.2640
vn -0.9340 -0.2394 0.2651
vn -0.9452 -0.1568 0.2864
vn -0.9199 -0.3035 0.2483
vn -0.9294 -0.2769 0.2440
vn -0.9429 -0.2417 0.2290
vn -0.9510 -0.1899 0.2439
vn -0.8783 -0.1921 0.4379
vn -0.8880 -0.1757 0.4249
vn -0.8613 -0.3309 0.3856
vn -0.8829 -0.2432 0.4016
vn -0.8912 -0.1989 0.4078
vn -0.8920 -0.1762 0.4162
vn -0.8666 -0.3821 0.3209
vn -0.8822 -0.3546 0.3098
vn -0.8999 -0.2785 0.3356
vn -0.8909 -0.2325 0.3901
vn -0.8978 -0.1639 0.4088
vn -0.8744 -0.3723 0.3110
vn -0.8946 -0.3371 0.2935
vn -0.9056 -0.3111 0.2884
vn -0.9105 -0.2753 0.3085
vn -0.8668 -0.4378 0.2390
vn -0.8897 -0.3691 0.2686
vn -0.9038 -0.3332 0.2685
vn -0.9107 -0.3092 0.2738
vn -0.8043 -0.2273 0.5490
vn -0.8068 -0.1423 0.5735
vn -0.8232 -0.2871 0.4898
vn -0.8379 -0.2624 0.4786
vn -0.8519 -0.1752 0.4936
vn -0.8141 -0.3533 0.4609
vn -0.8220 -0.3039 0.4816
vn -0.8232 -0.2838 0.4918
vn -0.8463 -0.2350 0.4780
vn -0.8701 -0.1875 0.4557
vn -0.8251 -0.4375 0.3574
vn -0.8450 -0.3848 0.3712
vn -0.8338 -0.3514 0.4258
vn -0.8369 -0.2865 0.4665
vn -0.8598 -0.2324 0.4547
vn -0.8074 -0.4690 0.3580
vn -0.8302 -0.4366 0.3466
vn -0.8474 -0.4075 0.3403
vn -0.8508 -0.3922 0.3497
vn -0.8236 -0.4701 0.3175
vn -0.8427 -0.4298 0.3242
vn -0.8513 -0.4043 0.3344
vn -0.8191 -0.5413 0.1899
vn -0.8422 -0.4903 0.2242
vn -0.8457 -0.4652 0.2615
vn -0.8593 -0.4106 0.3049
vn -0.7559 -0.1804 0.6294
vn -0.7558 -0.1678 0.6329
vn -0.7789 -0.3369 0.5290
vn -0.7951 -0.2838 0.5360
vn -0.7754 -0.2294 0.5883
vn -0.7626 -0.1602 0.6267
vn -0.7482 -0.4161 0.5169
vn -0.7615 -0.3828 0.5231
vn -0.7914 -0.3450 0.5047
vn -0.8095 -0.3034 0.5027
vn -0.8049 -0.2881 0.5187
vn -0.7622 -0.4821 0.4321
vn -0.7642 -0.4391 0.4724
vn -0.7725 -0.3848 0.5052
vn -0.7973 -0.3226 0.5102
vn -0.8107 -0.3019 0.5017
vn -0.7792 -0.4988 0.3795
vn -0.7856 -0.4768 0.3944
vn -0.8028 -0.4224 0.4209
vn -0.7654 -0.5281 0.3677
vn -0.7823 -0.4996 0.3721
vn -0.7968 -0.4783 0.3693
vn -0.7789 -0.5393 0.3203
vn -0.7891 -0.5109 0.3411
vn -0.7908 -0.5716 0.2187
vn -0.8100 -0.5271 0.2572
vn -0.9305 -0.0559 0.3620
vn -0.9256 -0.0121 0.3782
vn -0.9127 0.0375 0.4069
vn -0.9333 -0.1092 0.3422
vn -0.9433 -0.0760 0.3232
vn -0.9405 -0.0287 0.3386
vn -0.9299 0.0465 0.3650
vn -0.9288 0.1093 0.3540
vn -0.9333 0.1612 0.3209
vn -0.9333 0.1728 0.3147
vn -0.9441 -0.1023 0.3134
vn -0.9460 -0.0726 0.3159
vn -0.9534 -0.0368 0.2993
vn -0.9545 0.0311 0.2964
vn -0.9442 0.1165 0.3082
vn -0.9354 0.1705 0.3099
vn -0.9365 0.1746 0.3040
vn -0.9380 0.1853 0.2928
vn -0.9541 -0.1218 0.2736
vn -0.9569 -0.0542 0.2852
vn -0.9695 -0.0057 0.2451
vn -0.9737 0.0259 0.2262
vn -0.9635 0.0873 0.2532
vn -0.9478 0.1651 0.2727
vn -0.9461 0.1991 0.2553
vn -0.9535 0.2172 0.2092
vn -0.8512 -0.0412 0.5232
vn -0.8554 -0.0159 0.5177
vn -0.8708 0.0337 0.4905
vn -0.8886 -0.1372 0.4377
vn -0.8834 -0.0690 0.4635
vn -0.8874 -0.0009 0.4609
vn -0.8949 0.0599 0.4422
vn -0.8922 0.0803 0.4444
vn -0.8803 0.1185 0.4594
vn -0.8647 0.1769 0.4702
vn -0.8536 0.2629 0.4497
vn -0.8990 -0.1448 0.4133
vn -0.9074 -0.0810 0.4124
vn -0.9026 -0.0006 0.4305
vn -0.8937 0.0624 0.4443
vn -0.8960 0.0804 0.4367
vn -0.9039 0.1233 0.4096
vn -0.9029 0.1948 0.3833
vn -0.8778 0.2912 0.3804
vn -0.9158 -0.1369 0.3775
vn -0.9280 -0.1003 0.3588
vn -0.9071 0.0761 0.4139
vn -0.9113 0.0967 0.4003
vn -0.9239 0.1502 0.3520
vn -0.9224 0.1939 0.3339
vn -0.8950 0.2604 0.3622
vn -0.9262 0.1912 0.3249
vn -0.9099 0.2264 0.3476
vn -0.8173 -0.0909 0.5690
vn -0.8294 -0.0566 0.5557
vn -0.8329 -0.0406 0.5520
vn -0.8303 0.0149 0.5572
vn -0.8219 0.0975 0.5612
vn -0.8150 0.1850 0.5491
vn -0.8132 0.2082 0.5435
vn -0.8396 -0.1013 0.5337
vn -0.8313 -0.0530 0.5533
vn -0.8380 -0.0262 0.5450
vn -0.8553 0.0320 0.5172
vn -0.8580 0.0933 0.5052
vn -0.8332 0.1713 0.5258
vn -0.8161 0.2106 0.5381
vn -0.8184 0.2269 0.5279
vn -0.8684 -0.1318 0.4780
vn -0.8575 -0.0827 0.5079
vn -0.8818 0.0662 0.4670
vn -0.8840 0.0886 0.4591
vn -0.8600 0.1426 0.4900
vn -0.8300 0.2010 0.5202
vn -0.8300 0.2732 0.4863
vn -0.8504 0.3212 0.4168
vn -0.7757 -0.1484 0.6133
vn -0.8129 -0.0974 0.5741
vn -0.8114 0.0182 0.5842
vn -0.7725 0.0587 0.6323
vn -0.7539 0.0864 0.6513
vn -0.7691 0.1333 0.6251
vn -0.7882 0.1881 0.5859
vn -0.7794 0.2286 0.5833
vn -0.7894 -0.1127 0.6034
vn -0.8192 -0.0731 0.5688
vn -0.8170 -0.0253 0.5760
vn -0.7910 0.0264 0.6113
vn -0.7803 0.0941 0.6183
vn -0.7960 0.1697 0.5811
vn -0.8094 0.2094 0.5486
vn -0.8059 0.2373 0.5424
vn -0.8116 0.2181 0.5420
vn -0.8069 0.2310 0.5437
vn -0.9205 0.2703 0.2821
vn -0.9426 0.2756 0.1887
vn -0.8637 0.3195 0.3897
vn -0.8679 0.3152 0.3839
vn -0.8668 0.3375 0.3670
vn -0.8816 0.3322 0.3352
vn -0.8834 0.3679 0.2902
vn -0.8766 0.4102 0.2515
vn -0.8995 0.3570 0.2519
vn -0.8813 0.4008 0.2503
vn -0.8743 0.4231 0.2378
vn -0.8236 0.2599 0.5042
vn -0.8530 0.3003 0.4268
vn -0.8481 0.3333 0.4119
vn -0.8545 0.3294 0.4017
vn -0.8550 0.3348 0.3962
vn -0.8371 0.3609 0.4111
vn -0.8015 0.4420 0.4028
vn -0.8559 0.3303 0.3979
vn -0.8553 0.3421 0.3891
vn -0.8559 0.3838 0.3465
vn -0.8303 0.4580 0.3176
vn -0.8701 0.3774 0.3170
vn -0.8632 0.4266 0.2700
vn -0.8460 0.4573 0.2741
vn -0.8111 0.5141 0.2790
vn -0.8705 0.4287 0.2417
vn -0.8605 0.4456 0.2471
vn -0.8284 0.4994 0.2537
vn -0.7762 0.2846 0.5627
vn -0.7485 0.3392 0.5698
vn -0.7936 0.2815 0.5394
vn -0.7780 0.3679 0.5092
vn -0.7599 0.4340 0.4840
vn -0.8217 0.3201 0.4715
vn -0.8027 0.3836 0.4567
vn -0.7647 0.4474 0.4638
vn -0.7505 0.4656 0.4691
vn -0.8168 0.3806 0.4336
vn -0.7767 0.4296 0.4606
vn -0.7538 0.4792 0.4497
vn -0.7538 0.5149 0.4083
vn -0.7773 0.5178 0.3572
vn -0.7674 0.5500 0.3294
vn -0.7651 0.5664 0.3062
vn -0.7958 0.5202 0.3100
vn -0.7661 0.5660 0.3044
vn -0.7644 0.5694 0.3025
vn -0.7787 0.5576 0.2877
vn -0.7706 0.5703 0.2847
vn -0.7638 0.6014 0.2343
vn -0.7749 -0.6016 0.1940
vn -0.7576 -0.6371 0.1423
vn -0.7868 -0.5938 0.1685
vn -0.7637 -0.6434 0.0528
vn -0.7905 -0.6077 0.0756
vn -0.7638 -0.6453 0.0157
vn -0.7835 -0.6212 0.0159
vn -0.7665 -0.6423 -0.0026
vn -0.7896 -0.6136 -0.0088
vn -0.7665 -0.6406 -0.0454
vn -0.7927 -0.6073 -0.0537
vn -0.7569 -0.6403 -0.1312
vn -0.7784 -0.6085 -0.1544
vn -0.7667 -0.6098 -0.2006
vn -0.9814 -0.1595 0.1068
vn -0.9787 -0.1869 0.0846
vn -0.9841 -0.1507 0.0944
vn -0.9766 -0.2099 0.0465
vn -0.9881 -0.1457 0.0484
vn -0.9726 -0.2302 -0.0339
vn -0.9883 -0.1512 -0.0181
vn -0.9693 -0.2352 -0.0721
vn -0.9814 -0.1767 -0.0751
vn -0.9748 -0.1822 -0.1285
vn -0.9697 -0.1736 -0.1720
vn -0.9281 -0.3092 0.2074
vn -0.9423 -0.2597 0.2115
vn -0.9526 -0.2309 0.1983
vn -0.9587 -0.2114 0.1904
vn -0.9171 -0.3873 0.0945
vn -0.9365 -0.3282 0.1233
vn -0.9502 -0.2747 0.1475
vn -0.9620 -0.2219 0.1588
vn -0.9697 -0.1969 0.1449
vn -0.9232 -0.3791 0.0640
vn -0.9356 -0.3463 0.0685
vn -0.9516 -0.2952 0.0852
vn -0.9688 -0.2253 0.1035
vn -0.9769 -0.1786 0.1174
vn -0.9326 -0.3581 0.0454
vn -0.9392 -0.3419 0.0309
vn -0.9516 -0.3069 0.0163
vn -0.9637 -0.2650 0.0310
vn -0.9355 -0.3534 -0.0012
vn -0.9475 -0.3197 -0.0092
vn -0.9536 -0.2995 -0.0306
vn -0.9584 -0.2830 -0.0382
vn -0.9275 -0.3699 -0.0545
vn -0.9514 -0.3024 -0.0586
vn -0.9573 -0.2798 -0.0731
vn -0.9583 -0.2701 -0.0934
vn -0.9648 -0.2370 -0.1136
vn -0.9160 -0.3816 -0.1239
vn -0.9428 -0.3087 -0.1259
vn -0.9570 -0.2650 -0.1180
vn -0.9582 -0.2507 -0.1376
vn -0.9591 -0.2359 -0.1566
vn -0.9304 -0.3257 -0.1683
vn -0.9527 -0.2518 -0.1699
vn -0.9555 -0.2297 -0.1852
vn -0.9562 -0.2127 -0.2009
vn -0.8761 -0.4516 0.1691
vn -0.8969 -0.3975 0.1937
vn -0.9097 -0.3500 0.2237
vn -0.8714 -0.4690 0.1439
vn -0.8861 -0.4426 0.1374
vn -0.8957 -0.4274 0.1225
vn -0.9154 -0.3732 0.1508
vn -0.8801 -0.4639 0.1011
vn -0.8967 -0.4308 0.1012
vn -0.9097 -0.4067 0.0842
vn -0.8764 -0.4809 0.0250
vn -0.8972 -0.4392 0.0457
vn -0.9191 -0.3901 0.0553
vn -0.8665 -0.4977 -0.0384
vn -0.8862 -0.4624 -0.0295
vn -0.9159 -0.4011 -0.0135
vn -0.8680 -0.4900 -0.0807
vn -0.8806 -0.4652 -0.0901
vn -0.8981 -0.4322 -0.0813
vn -0.8741 -0.4743 -0.1052
vn -0.8861 -0.4439 -0.1332
vn -0.8846 -0.4401 -0.1544
vn -0.9063 -0.3861 -0.1717
vn -0.8866 -0.4256 -0.1813
vn -0.8872 -0.4170 -0.1975
vn -0.8963 -0.3928 -0.2060
vn -0.8213 -0.5412 0.1804
vn -0.8414 -0.5102 0.1782
vn -0.8528 -0.4891 0.1831
vn -0.8292 -0.5355 0.1605
vn -0.8475 -0.5058 0.1608
vn -0.8624 -0.4811 0.1576
vn -0.8312 -0.5480 0.0940
vn -0.8523 -0.5125 0.1050
vn -0.8282 -0.5603 0.0128
vn -0.8493 -0.5277 0.0155
vn -0.8345 -0.5505 -0.0255
vn -0.8476 -0.5293 -0.0381
vn -0.8435 -0.5340 -0.0574
vn -0.8570 -0.5101 -0.0732
vn -0.8368 -0.5341 -0.1204
vn -0.8607 -0.4953 -0.1178
vn -0.8774 -0.4579 -0.1435
vn -0.8171 -0.5457 -0.1859
vn -0.8502 -0.4949 -0.1794
vn -0.8747 -0.4490 -0.1825
vn -0.7974 -0.5731 0.1889
vn -0.8040 -0.5720 0.1626
vn -0.8058 -0.5856 0.0877
vn -0.8037 -0.5949 0.0155
vn -0.8114 -0.5843 -0.0164
vn -0.8181 -0.5725 -0.0541
vn -0.8029 -0.5804 -0.1359
vn -0.7825 -0.5892 -0.2015
vn -0.9793 -0.1112 0.1693
vn -0.9829 -0.0338 0.1808
vn -0.9794 0.0019 0.2019
vn -0.9806 0.0209 0.1951
vn -0.9837 0.0550 0.1715
vn -0.9784 0.1182 0.1697
vn -0.9851 -0.1344 0.1076
vn -0.9882 -0.0679 0.1376
vn -0.9872 -0.0013 0.1595
vn -0.9893 0.0471 0.1380
vn -0.9912 0.0741 0.1095
vn -0.9859 0.1234 0.1131
vn -0.9726 0.1923 0.1306
vn -0.9869 -0.1362 0.0860
vn -0.9932 -0.0857 0.0782
vn -0.9959 -0.0045 0.0908
vn -0.9928 0.0686 0.0979
vn -0.9928 0.0866 0.0824
vn -0.9909 0.1111 0.0754
vn -0.9814 0.1704 0.0882
vn -0.9927 -0.1159 0.0325
vn -0.9964 -0.0828 0.0180
vn -0.9993 -0.0241 0.0296
vn -0.9970 0.0616 0.0467
vn -0.9940 0.1011 0.0423
vn -0.9921 0.1231 0.0225
vn -0.9879 0.1543 0.0169
vn -0.9686 0.2486 0.0048
vn -0.9949 -0.0999 -0.0125
vn -0.9962 -0.0814 -0.0297
vn -0.9988 -0.0374 -0.0318
vn -0.9983 0.0543 -0.0196
vn -0.9933 0.1146 -0.0178
vn -0.9897 0.1394 -0.0321
vn -0.9880 0.1506 -0.0346
vn -0.9704 0.2409 -0.0170
vn -0.9932 -0.0981 -0.0626
vn -0.9952 -0.0625 -0.0748
vn -0.9954 -0.0372 -0.0886
vn -0.9959 0.0455 -0.0780
vn -0.9912 0.1140 -0.0666
vn -0.9868 0.1450 -0.0719
vn -0.9870 0.1453 -0.0683
vn -0.9886 -0.0908 -0.1203
vn -0.9908 -0.0486 -0.1262
vn -0.9898 -0.0374 -0.1377
vn -0.9916 0.0248 -0.1273
vn -0.9878 0.1088 -0.1116
vn -0.9817 0.1548 -0.1113
vn -0.9819 0.1572 -0.1054
vn -0.9836 -0.0915 -0.1557
vn -0.9876 -0.0362 -0.1530
vn -0.9843 -0.0271 -0.1744
vn -0.9829 0.0120 -0.1837
vn -0.9771 0.1094 -0.1824
vn -0.9713 0.1628 -0.1735
vn -0.9667 -0.1471 0.2096
vn -0.9727 -0.0424 0.2283
vn -0.9770 0.0085 0.2132
vn -0.9770 0.0202 0.2125
vn -0.9715 0.0673 0.2272
vn -0.9591 0.1707 0.2260
vn -0.9502 0.2354 0.2041
vn -0.9517 0.2506 0.1775
vn -0.9731 -0.1760 0.1489
vn -0.9669 0.1964 0.1631
vn -0.9527 0.2553 0.1646
vn -0.9520 0.2653 0.1529
vn -0.9576 0.2487 0.1454
vn -0.9475 0.2978 0.1161
vn -0.9647 0.2535 0.0716
vn -0.9441 0.3281 0.0312
vn -0.9755 0.2147 -0.0474
vn -0.9503 0.3105 -0.0219
vn -0.9782 0.1897 -0.0844
vn -0.9581 0.2779 -0.0692
vn -0.9718 0.1742 -0.1587
vn -0.9708 0.1887 -0.1480
vn -0.9558 0.2567 -0.1432
vn -0.9684 -0.1397 -0.2065
vn -0.9755 -0.0637 -0.2105
vn -0.9641 0.1524 -0.2174
vn -0.9626 0.1782 -0.2040
vn -0.9618 0.1919 -0.1951
vn -0.9522 0.2456 -0.1816
vn -0.9482 0.2705 0.1664
vn -0.9281 0.3265 0.1790
vn -0.9521 0.2718 0.1401
vn -0.9392 0.3148 0.1371
vn -0.9532 0.2916 0.0800
vn -0.9465 0.3161 0.0653
vn -0.9485 0.3162 0.0197
vn -0.9458 0.3246 0.0079
vn -0.9467 0.3220 -0.0121
vn -0.9449 0.3267 -0.0210
vn -0.9427 0.3280 -0.0605
vn -0.9355 0.3446 -0.0781
vn -0.9328 0.3342 -0.1348
vn -0.9212 0.3628 -0.1404
vn -0.9272 0.3360 -0.1654
vn -0.9162 0.3647 -0.1660
vn -0.9182 0.3411 0.2013
vn -0.8904 0.4014 0.2147
vn -0.8790 0.4202 0.2253
vn -0.8746 0.4418 0.1995
vn -0.9075 0.3877 0.1618
vn -0.8801 0.4487 0.1550
vn -0.8773 0.4628 0.1269
vn -0.9175 0.3914 0.0709
vn -0.8760 0.4767 0.0740
vn -0.8733 0.4817 0.0724
vn -0.9258 0.3778 0.0126
vn -0.8890 0.4567 0.0336
vn -0.8770 0.4776 0.0528
vn -0.9346 0.3548 -0.0244
vn -0.9054 0.4245 -0.0092
vn -0.8759 0.4825 0.0001
vn -0.9293 0.3580 -0.0907
vn -0.9084 0.4085 -0.0891
vn -0.8695 0.4873 -0.0803
vn -0.9186 0.3666 -0.1474
vn -0.9062 0.3975 -0.1439
vn -0.8710 0.4742 -0.1283
vn -0.9121 0.3705 -0.1758
vn -0.9134 0.3670 -0.1760
vn -0.9087 0.3785 -0.1761
vn -0.8785 0.4518 -0.1553
vn -0.8733 0.4253 0.2375
vn -0.8657 0.4534 0.2123
vn -0.8463 0.4928 0.2025
vn -0.8033 0.5703 0.1718
vn -0.8698 0.4778 0.1234
vn -0.8565 0.5039 0.1115
vn -0.8103 0.5767 0.1041
vn -0.8676 0.4927 0.0675
vn -0.8605 0.5049 0.0683
vn -0.8255 0.5584 0.0821
vn -0.8675 0.4948 0.0513
vn -0.8627 0.5040 0.0427
vn -0.8446 0.5335 0.0452
vn -0.8586 0.5126 -0.0106
vn -0.8522 0.5226 -0.0254
vn -0.8462 0.5311 -0.0420
vn -0.8443 0.5289 -0.0868
vn -0.8378 0.5378 -0.0941
vn -0.8352 0.5405 -0.1014
vn -0.8411 0.5264 -0.1243
vn -0.8364 0.5347 -0.1208
vn -0.8343 0.5383 -0.1192
vn -0.8411 0.5154 -0.1638
vn -0.8354 0.5276 -0.1544
vn -0.8286 0.5446 -0.1297
vn -0.7934 0.5565 0.2467
vn -0.7665 0.6109 0.1981
vn -0.7641 0.6264 0.1542
vn -0.7660 0.6309 0.1233
vn -0.7590 0.6389 0.1256
vn -0.7841 0.6113 0.1074
vn -0.7618 0.6377 0.1144
vn -0.8005 0.5965 0.0586
vn -0.7556 0.6530 0.0518
vn -0.8044 0.5927 -0.0410
vn -0.7484 0.6624 -0.0333
vn -0.8097 0.5779 -0.1020
vn -0.7609 0.6440 -0.0789
vn -0.8180 0.5616 -0.1246
vn -0.7765 0.6198 -0.1137
vn -0.8130 0.5492 -0.1933
vn -0.8072 0.5647 -0.1719
vn -0.7736 0.6098 -0.1724
vn -0.7712 -0.5931 -0.2312
vn -0.7651 -0.5839 -0.2715
vn -0.9198 -0.3261 -0.2182
vn -0.9456 -0.2341 -0.2261
vn -0.9473 -0.2162 -0.2363
vn -0.9485 -0.1994 -0.2461
vn -0.9358 -0.2259 -0.2706
vn -0.9396 -0.2034 -0.2752
vn -0.9383 -0.1928 -0.2870
vn -0.9249 -0.1998 -0.3234
vn -0.9244 -0.1875 -0.3321
vn -0.8852 -0.4097 -0.2204
vn -0.8862 -0.3971 -0.2389
vn -0.8858 -0.3898 -0.2518
vn -0.9141 -0.3010 -0.2715
vn -0.8772 -0.4005 -0.2646
vn -0.8771 -0.3871 -0.2843
vn -0.8826 -0.3631 -0.2986
vn -0.9086 -0.2785 -0.3111
vn -0.9238 -0.2220 -0.3121
vn -0.8626 -0.3900 -0.3222
vn -0.8736 -0.3591 -0.3285
vn -0.8979 -0.2713 -0.3466
vn -0.9066 -0.2139 -0.3638
vn -0.9076 -0.1981 -0.3702
vn -0.8621 -0.3340 -0.3812
vn -0.8860 -0.2495 -0.3909
vn -0.8927 -0.2102 -0.3987
vn -0.8943 -0.1943 -0.4031
vn -0.8765 -0.2051 -0.4355
vn -0.8825 -0.1918 -0.4295
vn -0.8037 -0.5479 -0.2321
vn -0.8328 -0.5013 -0.2348
vn -0.8663 -0.4437 -0.2296
vn -0.8236 -0.4974 -0.2726
vn -0.8591 -0.4218 -0.2898
vn -0.8642 -0.3956 -0.3109
vn -0.8136 -0.4832 -0.3233
vn -0.8495 -0.3979 -0.3465
vn -0.8488 -0.3954 -0.3509
vn -0.8461 -0.3937 -0.3595
vn -0.8299 -0.3940 -0.3950
vn -0.8305 -0.3921 -0.3957
vn -0.8357 -0.3683 -0.4074
vn -0.8598 -0.2785 -0.4280
vn -0.8723 -0.2251 -0.4341
vn -0.8130 -0.3966 -0.4263
vn -0.8292 -0.3568 -0.4303
vn -0.8477 -0.2650 -0.4594
vn -0.8537 -0.2184 -0.4727
vn -0.8575 -0.2093 -0.4700
vn -0.8110 -0.3186 -0.4907
vn -0.8282 -0.2402 -0.5063
vn -0.8342 -0.2219 -0.5048
vn -0.8384 -0.1978 -0.5079
vn -0.8150 -0.2293 -0.5322
vn -0.8274 -0.1916 -0.5279
vn -0.7773 -0.5774 -0.2498
vn -0.7920 -0.5502 -0.2645
vn -0.7744 -0.5602 -0.2941
vn -0.7785 -0.5534 -0.2963
vn -0.7612 -0.5605 -0.3263
vn -0.7697 -0.5367 -0.3457
vn -0.8053 -0.4503 -0.3856
vn -0.7526 -0.5515 -0.3599
vn -0.7752 -0.4963 -0.3908
vn -0.7964 -0.4267 -0.4286
vn -0.8064 -0.4061 -0.4298
vn -0.7652 -0.4634 -0.4468
vn -0.7799 -0.4207 -0.4634
vn -0.7900 -0.4127 -0.4534
vn -0.7947 -0.3944 -0.4615
vn -0.7618 -0.4303 -0.4842
vn -0.7750 -0.4150 -0.4767
vn -0.7841 -0.3472 -0.5145
vn -0.7931 -0.2637 -0.5491
vn -0.8060 -0.2353 -0.5431
vn -0.7557 -0.3805 -0.5330
vn -0.7701 -0.3049 -0.5604
vn -0.7775 -0.2622 -0.5717
vn -0.7888 -0.2449 -0.5638
vn -0.7989 -0.1975 -0.5681
vn -0.7609 -0.2626 -0.5933
vn -0.7715 -0.2471 -0.5863
vn -0.7710 -0.1862 -0.6090
vn -0.9774 -0.0163 -0.2109
vn -0.9748 -0.0153 -0.2223
vn -0.9724 -0.0019 -0.2334
vn -0.9700 0.0706 -0.2325
vn -0.9573 -0.1334 -0.2563
vn -0.9656 -0.0384 -0.2571
vn -0.9675 -0.0130 -0.2525
vn -0.9654 0.0149 -0.2602
vn -0.9613 0.1106 -0.2522
vn -0.9578 0.1654 -0.2350
vn -0.9550 0.1835 -0.2331
vn -0.9541 0.2126 -0.2109
vn -0.9469 -0.1332 -0.2927
vn -0.9558 -0.0457 -0.2905
vn -0.9556 -0.0080 -0.2947
vn -0.9543 0.0200 -0.2983
vn -0.9505 0.0979 -0.2948
vn -0.9422 0.1650 -0.2916
vn -0.9358 0.1814 -0.3024
vn -0.9357 0.1893 -0.2978
vn -0.9330 -0.1402 -0.3316
vn -0.9412 -0.0394 -0.3356
vn -0.9395 -0.0034 -0.3425
vn -0.9394 0.0213 -0.3422
vn -0.9370 0.0979 -0.3354
vn -0.9265 0.1708 -0.3354
vn -0.9218 0.1890 -0.3385
vn -0.9183 -0.1058 -0.3814
vn -0.9251 -0.0221 -0.3790
vn -0.9269 -0.0041 -0.3752
vn -0.9285 0.0143 -0.3711
vn -0.9265 0.0648 -0.3706
vn -0.9200 0.1902 -0.3427
vn -0.9068 0.2313 -0.3525
vn -0.9100 -0.1835 -0.3718
vn -0.9201 0.1429 -0.3647
vn -0.9133 0.1895 -0.3606
vn -0.9133 0.1944 -0.3579
vn -0.9055 0.2374 -0.3518
vn -0.8955 -0.1474 -0.4199
vn -0.9051 -0.0448 -0.4228
vn -0.9113 -0.0076 -0.4117
vn -0.9119 0.0205 -0.4100
vn -0.9061 0.1015 -0.4106
vn -0.8990 0.1711 -0.4032
vn -0.9029 0.1891 -0.3859
vn -0.9065 0.2115 -0.3655
vn -0.8898 -0.1334 -0.4364
vn -0.8900 -0.0458 -0.4536
vn -0.8892 -0.0108 -0.4573
vn -0.8897 0.0211 -0.4560
vn -0.8858 0.0962 -0.4541
vn -0.8732 0.1653 -0.4585
vn -0.8745 0.1779 -0.4512
vn -0.8758 0.1842 -0.4461
vn -0.8652 -0.0948 -0.4924
vn -0.8678 -0.0321 -0.4959
vn -0.8730 -0.0141 -0.4875
vn -0.8764 0.0219 -0.4810
vn -0.8707 0.0901 -0.4835
vn -0.8607 0.1535 -0.4854
vn -0.8588 0.2746 -0.4324
vn -0.8616 -0.1703 -0.4781
vn -0.8537 0.1821 -0.4878
vn -0.8518 0.1859 -0.4897
vn -0.8345 0.2287 -0.5013
vn -0.8397 -0.1288 -0.5276
vn -0.8460 -0.0449 -0.5312
vn -0.8546 -0.0222 -0.5189
vn -0.8592 0.0198 -0.5113
vn -0.8533 0.1048 -0.5108
vn -0.8463 0.1723 -0.5041
vn -0.8498 0.1846 -0.4937
vn -0.8418 0.2302 -0.4882
vn -0.8316 -0.1131 -0.5437
vn -0.8268 -0.0453 -0.5607
vn -0.8299 -0.0296 -0.5572
vn -0.8297 0.0198 -0.5578
vn -0.8218 0.1065 -0.5598
vn -0.8198 0.1624 -0.5492
vn -0.8262 0.1711 -0.5368
vn -0.8199 0.2064 -0.5340
vn -0.8054 0.2747 -0.5252
vn -0.8010 -0.1024 -0.5898
vn -0.8022 -0.0484 -0.5951
vn -0.8104 -0.0297 -0.5851
vn -0.8070 0.0240 -0.5900
vn -0.7930 0.1134 -0.5986
vn -0.7887 0.1574 -0.5943
vn -0.7924 0.1824 -0.5821
vn -0.7835 0.2508 -0.5686
vn -0.7708 -0.0983 -0.6295
vn -0.7819 -0.0642 -0.6200
vn -0.7973 -0.0355 -0.6025
vn -0.7951 0.0323 -0.6056
vn -0.7801 0.1250 -0.6130
vn -0.7754 0.1511 -0.6132
vn -0.7769 0.1724 -0.6055
vn -0.7624 0.2297 -0.6050
vn -0.9295 0.3207 -0.1820
vn -0.9093 0.3027 -0.2856
vn -0.8985 0.3819 -0.2163
vn -0.8977 0.3746 -0.2320
vn -0.8976 0.3700 -0.2396
vn -0.8721 0.4393 -0.2154
vn -0.8769 0.3531 -0.3260
vn -0.8735 0.3770 -0.3081
vn -0.8766 0.3760 -0.3004
vn -0.8805 0.3362 -0.3340
vn -0.8654 0.3766 -0.3306
vn -0.8813 0.3181 -0.3495
vn -0.8601 0.4201 -0.2892
vn -0.8304 0.4963 -0.2532
vn -0.8140 0.5255 -0.2474
vn -0.8639 0.3799 -0.3307
vn -0.8551 0.4046 -0.3243
vn -0.8271 0.4747 -0.3008
vn -0.8017 0.5228 -0.2898
vn -0.8582 0.3771 -0.3483
vn -0.8584 0.3817 -0.3426
vn -0.8575 0.3878 -0.3380
vn -0.8448 0.4399 -0.3047
vn -0.8388 0.3723 -0.3973
vn -0.8411 0.3773 -0.3874
vn -0.8436 0.3743 -0.3851
vn -0.8301 0.4219 -0.3646
vn -0.9097 -0.0641 0.4103
vn -0.8120 0.3432 -0.4721
vn -0.8115 0.3645 -0.4567
vn -0.8144 0.3742 -0.4436
vn -0.8576 -0.4282 0.2851
vn -0.9460 -0.1439 0.2904
vn -0.8110 0.3175 -0.4914
vn -0.8689 -0.4485 0.2095
vn -0.9552 -0.1682 0.2435
vn -0.7516 -0.6540 0.0856
vn -0.8741 -0.4704 0.1214
vn -0.9689 -0.1980 0.1486
vn -0.7495 -0.6611 0.0333
vn -0.8800 -0.4727 0.0462
vn -0.9781 -0.2015 0.0531
vn -0.7902 0.5515 -0.2673
vn -0.7877 0.5564 -0.2643
vn -0.7751 0.5857 -0.2370
vn -0.8117 0.5076 -0.2888
vn -0.7905 0.5438 -0.2816
vn -0.7977 0.5388 -0.2707
vn -0.8221 0.4791 -0.3077
vn -0.7972 0.5345 -0.2806
vn -0.8514 0.4759 -0.2206
vn -0.8281 -0.3418 0.4444
vn -0.8444 -0.1067 0.5250
vn -0.8072 0.4038 -0.4304
vn -0.7883 0.4521 -0.4174
vn -0.7730 0.4954 -0.3964
vn -0.8178 -0.5301 0.2243
vn -0.8108 -0.4853 0.3273
vn -0.8538 -0.1751 0.4902
vn -0.7929 0.3670 -0.4865
vn -0.7916 0.3684 -0.4875
vn -0.7911 0.3886 -0.4724
vn -0.7689 0.4511 -0.4532
vn -0.7457 -0.6080 0.2725
vn -0.7704 -0.5586 0.3072
vn -0.8593 -0.3487 0.3743
vn -0.7891 0.3484 -0.5060
vn -0.7903 0.3659 -0.4915
vn -0.7957 0.3654 -0.4830
vn -0.6996 -0.6927 0.1750
vn -0.7636 -0.5993 0.2405
vn -0.7680 0.3275 -0.5504
vn -0.7641 0.3558 -0.5381
vn -0.6496 -0.7536 0.1001
vn -0.7603 -0.6326 0.1478
vn -0.6477 -0.7611 0.0359
vn -0.4350 -0.5799 0.6889
vn -0.4102 -0.5850 0.6996
vn -0.3685 -0.6400 0.6743
vn -0.4075 -0.5854 0.7009
vn -0.3730 -0.6089 0.7000
vn -0.3230 -0.6694 0.6690
vn -0.3601 -0.6271 0.6908
vn -0.6952 -0.2646 0.6683
vn -0.7219 -0.2066 0.6605
vn -0.7411 -0.1838 0.6457
vn -0.6512 -0.2925 0.7003
vn -0.6555 -0.2589 0.7094
vn -0.6695 -0.1754 0.7218
vn -0.6581 -0.3314 0.6761
vn -0.6597 -0.3103 0.6845
vn -0.6575 -0.2991 0.6915
vn -0.6877 -0.2450 0.6835
vn -0.7152 -0.1837 0.6744
vn -0.5803 -0.2006 0.7893
vn -0.5740 -0.1763 0.7997
vn -0.6008 -0.3778 0.7045
vn -0.6346 -0.3155 0.7055
vn -0.6450 -0.2918 0.7063
vn -0.6298 -0.2427 0.7379
vn -0.6185 -0.1764 0.7657
vn -0.5780 -0.4375 0.6889
vn -0.6103 -0.3761 0.6972
vn -0.6513 -0.3174 0.6893
vn -0.6524 -0.3067 0.6931
vn -0.5486 -0.1866 0.8150
vn -0.5455 -0.3293 0.7707
vn -0.5498 -0.2498 0.7971
vn -0.5509 -0.1990 0.8105
vn -0.5547 -0.1902 0.8100
vn -0.5458 -0.4400 0.7131
vn -0.5499 -0.4276 0.7175
vn -0.5925 -0.3604 0.7205
vn -0.6154 -0.2888 0.7334
vn -0.5998 -0.2360 0.7646
vn -0.5397 -0.5248 0.6583
vn -0.5565 -0.4524 0.6968
vn -0.5467 -0.4412 0.7117
vn -0.5595 -0.4328 0.7068
vn -0.4986 -0.2762 0.8217
vn -0.5339 -0.2194 0.8166
vn -0.5469 -0.1838 0.8168
vn -0.5025 -0.4159 0.7580
vn -0.4878 -0.3858 0.7831
vn -0.4709 -0.3510 0.8093
vn -0.5046 -0.2793 0.8169
vn -0.5452 -0.2106 0.8115
vn -0.5520 -0.1938 0.8110
vn -0.5126 -0.4807 0.7114
vn -0.5401 -0.4463 0.7135
vn -0.5362 -0.4328 0.7247
vn -0.5304 -0.3982 0.7484
vn -0.4675 -0.5490 0.6928
vn -0.5084 -0.4808 0.7144
vn -0.5392 -0.4486 0.7127
vn -0.4453 -0.2309 0.8651
vn -0.4540 -0.1247 0.8822
vn -0.4355 -0.3456 0.8312
vn -0.4342 -0.3368 0.8355
vn -0.4455 -0.3211 0.8358
vn -0.4983 -0.2645 0.8256
vn -0.5138 -0.1622 0.8425
vn -0.4404 -0.4876 0.7539
vn -0.4643 -0.4128 0.7836
vn -0.4548 -0.3657 0.8120
vn -0.4469 -0.3470 0.8246
vn -0.4581 -0.3270 0.8266
vn -0.4345 -0.5593 0.7059
vn -0.4687 -0.5290 0.7074
vn -0.5102 -0.4628 0.7250
vn -0.4370 -0.5625 0.7018
vn -0.4651 -0.5319 0.7077
vn -0.3778 -0.2901 0.8793
vn -0.3540 -0.2503 0.9011
vn -0.3715 -0.1596 0.9146
vn -0.3731 -0.4260 0.8242
vn -0.4159 -0.3538 0.8378
vn -0.4320 -0.3404 0.8352
vn -0.4276 -0.3306 0.8413
vn -0.4265 -0.3071 0.8508
vn -0.3638 -0.4983 0.7870
vn -0.3874 -0.4426 0.8087
vn -0.4308 -0.3743 0.8212
vn -0.4249 -0.5668 0.7058
vn -0.4209 -0.5520 0.7198
vn -0.4278 -0.5695 0.7019
vn -0.3277 -0.1933 0.9248
vn -0.3463 -0.3863 0.8549
vn -0.3662 -0.2963 0.8821
vn -0.3476 -0.2674 0.8987
vn -0.3254 -0.2303 0.9171
vn -0.3321 -0.1974 0.9223
vn -0.3148 -0.4643 0.8279
vn -0.3739 -0.4159 0.8290
vn -0.4213 -0.3440 0.8392
vn -0.4047 -0.3150 0.8585
vn -0.3306 -0.5088 0.7949
vn -0.3283 -0.4801 0.8134
vn -0.3214 -0.4784 0.8172
vn -0.3850 -0.5636 0.7309
vn -0.3799 -0.5288 0.7590
vn -0.6895 -0.0067 0.7242
vn -0.7124 0.0166 0.7016
vn -0.7293 -0.1377 0.6701
vn -0.6907 -0.0938 0.7170
vn -0.7062 0.0061 0.7080
vn -0.7394 0.0669 0.6700
vn -0.7428 0.0911 0.6633
vn -0.7351 0.1105 0.6689
vn -0.7133 0.1778 0.6780
vn -0.6966 0.2571 0.6698
vn -0.6703 -0.0928 0.7363
vn -0.6598 -0.0574 0.7492
vn -0.6559 -0.0359 0.7540
vn -0.6792 0.0210 0.7337
vn -0.7020 0.0959 0.7057
vn -0.6720 0.1648 0.7220
vn -0.6361 0.2147 0.7411
vn -0.6403 0.2274 0.7337
vn -0.7044 -0.1084 0.7015
vn -0.6790 -0.0720 0.7306
vn -0.6783 -0.0475 0.7333
vn -0.7211 0.0707 0.6892
vn -0.7262 0.1000 0.6802
vn -0.7012 0.1310 0.7008
vn -0.6582 0.2051 0.7244
vn -0.6556 0.2661 0.7067
vn -0.6115 -0.1200 0.7821
vn -0.6466 -0.0576 0.7607
vn -0.6386 -0.0220 0.7693
vn -0.6009 0.0107 0.7993
vn -0.5794 0.1026 0.8085
vn -0.5998 0.1694 0.7820
vn -0.6214 0.2078 0.7554
vn -0.6216 0.2245 0.7505
vn -0.6427 -0.0950 0.7602
vn -0.6568 -0.0525 0.7522
vn -0.6531 -0.0397 0.7562
vn -0.6494 -0.0034 0.7604
vn -0.6427 0.0994 0.7597
vn -0.6302 0.1874 0.7535
vn -0.6281 0.2192 0.7466
vn -0.6282 0.2251 0.7447
vn -0.6535 0.2496 0.7146
vn -0.5463 -0.1657 0.8210
vn -0.5541 -0.0749 0.8291
vn -0.5515 0.0097 0.8341
vn -0.5407 0.0693 0.8384
vn -0.5406 0.0836 0.8371
vn -0.5522 0.0925 0.8285
vn -0.5624 0.1466 0.8138
vn -0.5778 -0.1546 0.8014
vn -0.6135 -0.0715 0.7865
vn -0.6104 0.0001 0.7921
vn -0.5715 0.0499 0.8191
vn -0.5534 0.0948 0.8275
vn -0.5871 0.1291 0.7992
vn -0.6215 0.1917 0.7596
vn -0.5975 0.2559 0.7600
vn -0.6024 0.2462 0.7593
vn -0.4702 -0.0138 0.8824
vn -0.5022 0.0278 0.8643
vn -0.5212 -0.1427 0.8414
vn -0.4957 -0.0723 0.8655
vn -0.5154 -0.0104 0.8569
vn -0.5399 0.0640 0.8393
vn -0.5368 0.0813 0.8398
vn -0.5186 0.1088 0.8480
vn -0.4840 0.1866 0.8549
vn -0.4736 0.2785 0.8355
vn -0.5525 0.2287 0.8015
vn -0.5316 0.3006 0.7918
vn -0.4387 -0.0864 0.8945
vn -0.4297 -0.0699 0.9003
vn -0.4346 -0.0413 0.8997
vn -0.4642 0.0318 0.8852
vn -0.4692 0.1012 0.8773
vn -0.4332 0.1640 0.8862
vn -0.4129 0.1905 0.8906
vn -0.4672 -0.1079 0.8776
vn -0.4448 -0.0736 0.8926
vn -0.4583 -0.0532 0.8872
vn -0.5200 0.0760 0.8508
vn -0.5205 0.0913 0.8490
vn -0.4744 0.1448 0.8683
vn -0.4356 0.2037 0.8768
vn -0.4439 0.2654 0.8559
vn -0.3751 -0.0221 0.9267
vn -0.3464 0.0129 0.9380
vn -0.4176 -0.0891 0.9043
vn -0.4298 -0.0709 0.9001
vn -0.4380 -0.0535 0.8974
vn -0.4282 0.0233 0.9034
vn -0.4113 0.1169 0.9040
vn -0.4063 0.1752 0.8968
vn -0.3979 0.2031 0.8947
vn -0.3976 0.2048 0.8944
vn -0.4104 0.2126 0.8868
vn -0.4293 0.2343 0.8722
vn -0.3540 -0.1441 0.9241
vn -0.3704 -0.0664 0.9265
vn -0.3289 -0.0131 0.9443
vn -0.2900 0.0387 0.9562
vn -0.3064 0.0897 0.9477
vn -0.3463 0.1255 0.9297
vn -0.3611 0.1812 0.9148
vn -0.3844 -0.1244 0.9148
vn -0.4208 -0.0773 0.9039
vn -0.4032 -0.0618 0.9130
vn -0.3434 0.0612 0.9372
vn -0.3461 0.1172 0.9309
vn -0.3815 0.1598 0.9105
vn -0.3944 0.2060 0.8955
vn -0.3595 0.2339 0.9034
vn -0.6774 0.3155 0.6646
vn -0.6835 0.3468 0.6423
vn -0.6215 0.2663 0.7368
vn -0.6092 0.3401 0.7164
vn -0.6685 0.2958 0.6824
vn -0.6584 0.3748 0.6527
vn -0.6151 0.4368 0.6564
vn -0.5825 0.4627 0.6682
vn -0.5418 0.3054 0.7830
vn -0.5199 0.3387 0.7842
vn -0.5660 0.2873 0.7727
vn -0.5333 0.3693 0.7611
vn -0.5362 0.4369 0.7222
vn -0.5481 0.4642 0.6958
vn -0.5831 0.4189 0.6961
vn -0.5651 0.4710 0.6773
vn -0.5595 0.4801 0.6756
vn -0.5611 0.4823 0.6728
vn -0.4803 0.3234 0.8153
vn -0.4996 0.3378 0.7977
vn -0.4913 0.3481 0.7984
vn -0.5043 0.3605 0.7846
vn -0.5158 0.3747 0.7704
vn -0.5390 0.4087 0.7365
vn -0.5435 0.4629 0.7002
vn -0.5116 0.5032 0.6965
vn -0.5575 0.4794 0.6778
vn -0.5375 0.4955 0.6823
vn -0.4981 0.5423 0.6766
vn -0.4712 0.3169 0.8231
vn -0.4778 0.3436 0.8085
vn -0.4873 0.3447 0.8023
vn -0.4879 0.3484 0.8004
vn -0.4664 0.3686 0.8041
vn -0.4412 0.4337 0.7857
vn -0.5130 0.4131 0.7524
vn -0.4951 0.4878 0.7190
vn -0.4478 0.5440 0.7096
vn -0.4147 0.5714 0.7082
vn -0.4589 0.5415 0.7044
vn -0.4193 0.5752 0.7024
vn -0.4127 0.6102 0.6763
vn -0.4023 0.2305 0.8860
vn -0.4687 0.2853 0.8360
vn -0.4385 0.3766 0.8160
vn -0.3873 0.4214 0.8200
vn -0.4501 0.3781 0.8090
vn -0.3995 0.4180 0.8159
vn -0.3612 0.4557 0.8136
vn -0.3578 0.5147 0.7791
vn -0.4164 0.5162 0.7484
vn -0.3999 0.5714 0.7167
vn -0.3982 0.5837 0.7076
vn -0.3992 0.5862 0.7050
vn -0.4041 0.5981 0.6921
vn -0.3089 0.2598 0.9149
vn -0.2864 0.3506 0.8917
vn -0.3820 0.3249 0.8651
vn -0.3445 0.4199 0.8397
vn -0.3407 0.4470 0.8271
vn -0.3304 0.4570 0.8258
vn -0.3506 0.4477 0.8226
vn -0.3353 0.4655 0.8191
vn -0.3523 0.4947 0.7945
vn -0.3588 0.5475 0.7559
vn -0.3887 0.5561 0.7346
vn -0.3867 0.5875 0.7108
vn -0.3595 0.6067 0.7090
vn -0.3985 0.5864 0.7052
vn -0.3740 0.5991 0.7079
vn -0.3440 0.6548 0.6730
vn -0.7090 -0.5876 0.3898
vn -0.7122 -0.5890 0.3820
vn -0.7075 -0.6494 0.2789
vn -0.7234 -0.6134 0.3171
vn -0.7215 -0.6575 0.2171
vn -0.7403 -0.6343 0.2225
vn -0.6755 -0.5986 0.4305
vn -0.6576 -0.6487 0.3831
vn -0.6919 -0.6038 0.3959
vn -0.6580 -0.6567 0.3685
vn -0.6880 -0.6140 0.3868
vn -0.6585 -0.6944 0.2903
vn -0.6723 -0.6688 0.3175
vn -0.6929 -0.6295 0.3515
vn -0.6742 -0.7054 0.2188
vn -0.6959 -0.6812 0.2273
vn -0.5926 -0.5812 0.5577
vn -0.6010 -0.5959 0.5326
vn -0.6082 -0.6625 0.4373
vn -0.6279 -0.6214 0.4687
vn -0.6040 -0.7009 0.3794
vn -0.6199 -0.6793 0.3927
vn -0.6497 -0.6377 0.4138
vn -0.6032 -0.7040 0.3748
vn -0.6261 -0.6816 0.3788
vn -0.5957 -0.7474 0.2941
vn -0.6232 -0.7094 0.3293
vn -0.6372 -0.6835 0.3561
vn -0.6134 -0.7620 0.2076
vn -0.6463 -0.7291 0.2251
vn -0.5426 -0.5989 0.5890
vn -0.5522 -0.6158 0.5620
vn -0.5395 -0.6464 0.5395
vn -0.5458 -0.6289 0.5537
vn -0.5590 -0.7029 0.4399
vn -0.5735 -0.6687 0.4732
vn -0.5813 -0.6389 0.5039
vn -0.5809 -0.7182 0.3832
vn -0.6007 -0.6879 0.4074
vn -0.5411 -0.7608 0.3584
vn -0.5708 -0.7309 0.3741
vn -0.5388 -0.7732 0.3343
vn -0.5739 -0.7337 0.3637
vn -0.5517 -0.8045 0.2201
vn -0.5789 -0.7782 0.2432
vn -0.5046 -0.6141 0.6068
vn -0.5241 -0.6463 0.5546
vn -0.5332 -0.6339 0.5602
vn -0.4847 -0.7032 0.5201
vn -0.5248 -0.6513 0.5481
vn -0.5353 -0.6374 0.5543
vn -0.4884 -0.7473 0.4506
vn -0.5062 -0.7197 0.4752
vn -0.5322 -0.6760 0.5097
vn -0.5180 -0.7690 0.3746
vn -0.5479 -0.7402 0.3897
vn -0.4926 -0.8048 0.3310
vn -0.5293 -0.7707 0.3548
vn -0.5499 -0.7515 0.3646
vn -0.4807 -0.8209 0.3083
vn -0.5210 -0.7826 0.3407
vn -0.4901 -0.8311 0.2627
vn -0.5267 -0.7977 0.2936
vn -0.4595 -0.6414 0.6144
vn -0.4715 -0.6036 0.6429
vn -0.4433 -0.7202 0.5338
vn -0.4851 -0.6704 0.5614
vn -0.5063 -0.6317 0.5871
vn -0.4245 -0.7452 0.5143
vn -0.4391 -0.7336 0.5187
vn -0.4830 -0.6885 0.5410
vn -0.4296 -0.7549 0.4955
vn -0.4468 -0.7324 0.5138
vn -0.4447 -0.8123 0.3774
vn -0.4766 -0.7759 0.4134
vn -0.4580 -0.8270 0.3259
vn -0.4997 -0.7885 0.3585
vn -0.4289 -0.8558 0.2892
vn -0.4515 -0.8386 0.3048
vn -0.4198 -0.8680 0.2652
vn -0.4568 -0.8433 0.2833
vn -0.3648 -0.7029 0.6107
vn -0.3865 -0.6622 0.6419
vn -0.4260 -0.6097 0.6684
vn -0.4067 -0.7365 0.5405
vn -0.4283 -0.6964 0.5758
vn -0.4118 -0.7559 0.5089
vn -0.4275 -0.7394 0.5202
vn -0.3570 -0.8114 0.4627
vn -0.3969 -0.7684 0.5020
vn -0.3757 -0.8303 0.4117
vn -0.4134 -0.7898 0.4531
vn -0.4021 -0.8576 0.3206
vn -0.4242 -0.8376 0.3443
vn -0.4155 -0.8649 0.2817
vn -0.4409 -0.8442 0.3048
vn -0.3949 -0.8839 0.2505
vn -0.3229 -0.6998 0.6372
vn -0.3216 -0.6806 0.6583
vn -0.3566 -0.7562 0.5486
vn -0.3698 -0.7255 0.5803
vn -0.3311 -0.8132 0.4786
vn -0.3696 -0.7810 0.5035
vn -0.4017 -0.7478 0.5287
vn -0.3290 -0.8264 0.4569
vn -0.3612 -0.7948 0.4876
vn -0.3147 -0.8539 0.4145
vn -0.3361 -0.8305 0.4441
vn -0.3345 -0.8747 0.3507
vn -0.3680 -0.8444 0.3894
vn -0.3572 -0.8881 0.2893
vn -0.3476 -0.9120 0.2178
vn -0.3707 -0.8981 0.2367
vn -0.7060 -0.3807 0.5972
vn -0.7014 -0.3397 0.6266
vn -0.7093 -0.2789 0.6475
vn -0.7354 -0.2002 0.6473
vn -0.7505 -0.1781 0.6364
vn -0.7212 -0.4212 0.5499
vn -0.7331 -0.4074 0.5446
vn -0.7407 -0.3679 0.5622
vn -0.7524 -0.2888 0.5921
vn -0.7568 -0.2271 0.6129
vn -0.7120 -0.4700 0.5217
vn -0.7322 -0.4229 0.5339
vn -0.7363 -0.4073 0.5404
vn -0.7556 -0.3864 0.5290
vn -0.7182 -0.5519 0.4237
vn -0.7395 -0.4969 0.4541
vn -0.7443 -0.4480 0.4953
vn -0.7252 -0.5674 0.3901
vn -0.7508 -0.5274 0.3976
vn -0.7326 -0.5613 0.3851
vn -0.7579 -0.5288 0.3821
vn -0.7401 -0.5702 0.3565
vn -0.6716 -0.4473 0.5907
vn -0.6882 -0.3720 0.6229
vn -0.6727 -0.3310 0.6618
vn -0.6723 -0.3111 0.6718
vn -0.6562 -0.5055 0.5603
vn -0.6898 -0.4591 0.5598
vn -0.7110 -0.4178 0.5656
vn -0.6516 -0.5314 0.5412
vn -0.6570 -0.5081 0.5570
vn -0.6946 -0.4569 0.5557
vn -0.6829 -0.5684 0.4588
vn -0.6905 -0.5256 0.4969
vn -0.7015 -0.5867 0.4045
vn -0.6117 -0.5297 0.5876
vn -0.6195 -0.5078 0.5986
vn -0.6163 -0.4780 0.6259
vn -0.6383 -0.3983 0.6587
vn -0.6241 -0.5352 0.5693
vn -0.6365 -0.5239 0.5660
vn -0.6465 -0.4985 0.5776
vn -0.6318 -0.5366 0.5595
vn -0.6403 -0.5239 0.5617
vn -0.6465 -0.5758 0.5006
vn -0.5768 -0.5565 0.5980
vn -0.5995 -0.5027 0.6228
vn -0.5839 -0.4710 0.6612
vn -0.5872 -0.5638 0.5808
vn -0.5059 -0.5892 0.6300
vn -0.4636 -0.5866 0.6640
vn -0.7508 -0.1703 0.6383
vn -0.7505 -0.1481 0.6440
vn -0.7536 0.0681 0.6537
vn -0.7493 0.0875 0.6564
vn -0.7463 0.0888 0.6596
vn -0.7487 0.1141 0.6530
vn -0.7551 0.1831 0.6295
vn -0.7335 0.2790 0.6197
vn -0.7573 0.2807 0.5897
vn -0.6902 0.3183 0.6498
vn -0.7065 0.3427 0.6192
vn -0.6999 0.3550 0.6198
vn -0.7197 0.3330 0.6092
vn -0.7016 0.3647 0.6122
vn -0.7157 0.3961 0.5753
vn -0.7206 0.4399 0.5360
vn -0.7349 0.3971 0.5498
vn -0.7391 0.4489 0.5023
vn -0.7429 0.4710 0.4757
vn -0.7261 0.4903 0.4821
vn -0.7471 0.4673 0.4728
vn -0.7446 0.4728 0.4711
vn -0.7376 0.4818 0.4730
vn -0.7145 0.5291 0.4578
vn -0.7435 0.4816 0.4640
vn -0.7470 0.5104 0.4260
vn -0.7429 0.5437 0.3905
vn -0.7591 0.5511 0.3466
vn -0.7598 0.5653 0.3212
vn -0.7265 0.6101 0.3163
vn -0.7626 0.5714 0.3032
vn -0.7497 0.5850 0.3093
vn -0.7613 0.5742 0.3011
vn -0.7597 0.5978 0.2561
vn -0.7164 0.6644 0.2130
vn -0.6926 0.3512 0.6300
vn -0.6988 0.3561 0.6204
vn -0.6867 0.3719 0.6246
vn -0.6588 0.4225 0.6225
vn -0.7012 0.3635 0.6133
vn -0.7041 0.3836 0.5976
vn -0.6972 0.4511 0.5572
vn -0.6628 0.5307 0.5282
vn -0.7151 0.4912 0.4974
vn -0.6849 0.5317 0.4981
vn -0.6443 0.5678 0.5123
vn -0.6948 0.5184 0.4985
vn -0.6608 0.5670 0.4918
vn -0.6332 0.6203 0.4630
vn -0.6876 0.5916 0.4211
vn -0.6455 0.6572 0.3892
vn -0.7085 0.6111 0.3531
vn -0.6560 0.6680 0.3514
vn -0.6360 0.6842 0.3570
vn -0.6808 0.6432 0.3505
vn -0.6395 0.6901 0.3389
vn -0.7000 0.6491 0.2976
vn -0.6534 0.7135 0.2530
vn -0.6662 0.3803 0.6415
vn -0.6305 0.4125 0.6574
vn -0.5854 0.4618 0.6664
vn -0.5779 0.5127 0.6350
vn -0.6263 0.4964 0.6012
vn -0.6069 0.5638 0.5601
vn -0.6062 0.5908 0.5324
vn -0.6278 0.5771 0.5223
vn -0.6069 0.5963 0.5254
vn -0.6056 0.6016 0.5209
vn -0.6148 0.5948 0.5179
vn -0.6115 0.6251 0.4852
vn -0.6162 0.6565 0.4351
vn -0.6295 0.6706 0.3924
vn -0.6246 0.6879 0.3697
vn -0.6346 0.6829 0.3619
vn -0.6245 0.6941 0.3581
vn -0.6269 0.6987 0.3447
vn -0.6315 0.7230 0.2801
vn -0.5628 0.4834 0.6705
vn -0.5669 0.5010 0.6540
vn -0.5693 0.5497 0.6113
vn -0.5925 0.5550 0.5839
vn -0.5992 0.5905 0.5406
vn -0.5811 0.6133 0.5350
vn -0.6049 0.5973 0.5265
vn -0.5983 0.6037 0.5268
vn -0.5639 0.6430 0.5182
vn -0.6048 0.6187 0.5014
vn -0.5931 0.6613 0.4593
vn -0.6170 0.6925 0.3738
vn -0.6198 0.6982 0.3583
vn -0.5550 0.5071 0.6594
vn -0.5271 0.5675 0.6326
vn -0.4893 0.6336 0.5993
vn -0.5557 0.6048 0.5704
vn -0.5153 0.6520 0.5562
vn -0.4740 0.6812 0.5579
vn -0.5352 0.6427 0.5481
vn -0.4863 0.6812 0.5473
vn -0.5143 0.6972 0.4994
vn -0.4508 0.6038 0.6574
vn -0.4353 0.6524 0.6204
vn -0.4373 0.6802 0.5883
vn -0.4578 0.6779 0.5753
vn -0.4446 0.6986 0.5607
vn -0.4472 0.6971 0.5604
vn -0.4324 0.6401 0.6351
vn -0.4268 0.6818 0.5941
vn -0.4380 0.6978 0.5667
vn -0.4423 0.6994 0.5614
vn -0.4085 0.6401 0.6507
vn -0.3795 0.6961 0.6094
vn -0.4048 0.7104 0.5758
vn -0.7243 -0.6597 0.2004
vn -0.7474 -0.6329 0.2022
vn -0.7017 -0.6967 0.1492
vn -0.7262 -0.6649 0.1748
vn -0.7492 -0.6313 0.2003
vn -0.7110 -0.7003 0.0641
vn -0.7349 -0.6748 0.0677
vn -0.7156 -0.6983 0.0146
vn -0.7380 -0.6746 0.0159
vn -0.7104 -0.7038 -0.0039
vn -0.7368 -0.6761 -0.0019
vn -0.7061 -0.7063 -0.0507
vn -0.7359 -0.6747 -0.0567
vn -0.7056 -0.6954 -0.1357
vn -0.7296 -0.6637 -0.1653
vn -0.7476 -0.6360 -0.1912
vn -0.7243 -0.6610 -0.1959
vn -0.7476 -0.6338 -0.1985
vn -0.6734 -0.7132 0.1946
vn -0.6989 -0.6857 0.2036
vn -0.6450 -0.7501 0.1461
vn -0.6694 -0.7233 0.1696
vn -0.6968 -0.6895 0.1977
vn -0.6542 -0.7521 0.0796
vn -0.6817 -0.7274 0.0787
vn -0.6641 -0.7475 0.0127
vn -0.6904 -0.7232 0.0140
vn -0.6536 -0.7565 -0.0238
vn -0.6823 -0.7310 -0.0121
vn -0.6401 -0.7666 -0.0513
vn -0.6747 -0.7360 -0.0554
vn -0.6471 -0.7559 -0.0996
vn -0.6848 -0.7139 -0.1460
vn -0.7055 -0.6824 -0.1913
vn -0.6494 -0.7418 -0.1674
vn -0.6889 -0.6940 -0.2092
vn -0.7025 -0.6805 -0.2083
vn -0.6159 -0.7669 0.1803
vn -0.6456 -0.7393 0.1913
vn -0.6073 -0.7776 0.1627
vn -0.6416 -0.7454 0.1810
vn -0.5907 -0.8028 0.0811
vn -0.6255 -0.7731 0.1046
vn -0.6019 -0.7985 0.0029
vn -0.6408 -0.7676 0.0112
vn -0.6077 -0.7935 -0.0331
vn -0.6335 -0.7727 -0.0400
vn -0.6157 -0.7854 -0.0643
vn -0.5996 -0.7928 -0.1091
vn -0.6054 -0.7740 -0.1857
vn -0.6547 -0.7214 -0.2256
vn -0.5656 -0.8089 0.1603
vn -0.5957 -0.7842 0.1738
vn -0.5529 -0.8214 0.1402
vn -0.5840 -0.7961 0.1587
vn -0.5345 -0.8376 0.1128
vn -0.5804 -0.8019 0.1419
vn -0.5530 -0.8326 0.0331
vn -0.5789 -0.8142 -0.0445
vn -0.6026 -0.7957 -0.0606
vn -0.5724 -0.8155 -0.0855
vn -0.5936 -0.8008 -0.0797
vn -0.5517 -0.8242 -0.1278
vn -0.5783 -0.8074 -0.1171
vn -0.5340 -0.8279 -0.1713
vn -0.5690 -0.8034 -0.1758
vn -0.5008 -0.8521 0.1519
vn -0.5351 -0.8255 0.1793
vn -0.5102 -0.8544 0.0990
vn -0.5408 -0.8325 0.1198
vn -0.4940 -0.8654 0.0838
vn -0.5191 -0.8487 0.1009
vn -0.4739 -0.8788 0.0555
vn -0.5160 -0.8546 0.0584
vn -0.4811 -0.8766 -0.0124
vn -0.5372 -0.8430 -0.0291
vn -0.5014 -0.8614 -0.0808
vn -0.5490 -0.8307 -0.0918
vn -0.5086 -0.8502 -0.1359
vn -0.5416 -0.8286 -0.1417
vn -0.5091 -0.8431 -0.1732
vn -0.5249 -0.8299 -0.1890
vn -0.4268 -0.8828 0.1965
vn -0.4746 -0.8503 0.2275
vn -0.4576 -0.8806 0.1233
vn -0.4756 -0.8768 0.0706
vn -0.4588 -0.8877 0.0389
vn -0.4425 -0.8967 -0.0074
vn -0.4422 -0.8942 -0.0694
vn -0.4509 -0.8833 -0.1288
vn -0.4607 -0.8676 -0.1872
vn -0.5038 -0.8369 -0.2137
vn -0.3594 -0.9125 0.1952
vn -0.3947 -0.8931 0.2158
vn -0.3688 -0.9173 0.1499
vn -0.4240 -0.8929 0.1514
vn -0.3984 -0.9139 0.0776
vn -0.4449 -0.8928 0.0704
vn -0.4133 -0.9105 0.0138
vn -0.4376 -0.8989 0.0217
vn -0.4014 -0.9155 -0.0283
vn -0.4175 -0.9085 -0.0187
vn -0.3822 -0.9211 -0.0742
vn -0.4044 -0.9121 -0.0677
vn -0.3656 -0.9233 -0.1179
vn -0.3995 -0.9087 -0.1211
vn -0.3545 -0.9225 -0.1525
vn -0.3933 -0.9022 -0.1771
vn -0.3325 -0.9219 0.1991
vn -0.3628 -0.9032 0.2296
vn -0.3151 -0.9360 0.1571
vn -0.3272 -0.9399 0.0971
vn -0.3490 -0.9368 0.0249
vn -0.3638 -0.9310 -0.0314
vn -0.3619 -0.9281 -0.0872
vn -0.3484 -0.9278 -0.1334
vn -0.3317 -0.9272 -0.1739
vn -0.3448 -0.9185 -0.1938
vn -0.7567 0.6343 0.1581
vn -0.7281 0.6692 0.1488
vn -0.7569 0.6416 0.1245
vn -0.7423 0.6574 0.1295
vn -0.7567 0.6449 0.1077
vn -0.7514 0.6525 0.0983
vn -0.7446 0.6665 0.0354
vn -0.7421 0.6701 0.0177
vn -0.7307 0.6818 -0.0347
vn -0.7264 0.6860 -0.0426
vn -0.7329 0.6771 -0.0662
vn -0.7228 0.6879 -0.0659
vn -0.7375 0.6670 -0.1063
vn -0.7217 0.6851 -0.0991
vn -0.7315 0.6599 -0.1714
vn -0.7598 0.6460 -0.0736
vn -0.6755 0.7164 0.1745
vn -0.7016 0.6972 0.1471
vn -0.7158 0.6917 0.0961
vn -0.7141 0.7000 0.0072
vn -0.7107 0.7018 -0.0499
vn -0.7168 0.6941 -0.0663
vn -0.7113 0.6965 -0.0941
vn -0.7468 0.6650 -0.0069
vn -0.7189 -0.6608 -0.2154
vn -0.7532 -0.6161 -0.2305
vn -0.7089 -0.6501 -0.2736
vn -0.7454 -0.5952 -0.3002
vn -0.7262 -0.5905 -0.3521
vn -0.7124 -0.5976 -0.3679
vn -0.6696 -0.7026 -0.2408
vn -0.6829 -0.6931 -0.2308
vn -0.6583 -0.7002 -0.2763
vn -0.6613 -0.6871 -0.3010
vn -0.6964 -0.6339 -0.3363
vn -0.6595 -0.6644 -0.3515
vn -0.6869 -0.6232 -0.3739
vn -0.6690 -0.6475 -0.3651
vn -0.6855 -0.6175 -0.3857
vn -0.6712 -0.6018 -0.4329
vn -0.6433 -0.5797 -0.5001
vn -0.6128 -0.7538 -0.2373
vn -0.6542 -0.7128 -0.2527
vn -0.6116 -0.7425 -0.2733
vn -0.6460 -0.7048 -0.2931
vn -0.6519 -0.6887 -0.3174
vn -0.6354 -0.6979 -0.3306
vn -0.6538 -0.6736 -0.3446
vn -0.6206 -0.6987 -0.3558
vn -0.6523 -0.6550 -0.3815
vn -0.6591 -0.6328 -0.4065
vn -0.6105 -0.6437 -0.4614
vn -0.6314 -0.6229 -0.4620
vn -0.5833 -0.6344 -0.5073
vn -0.6008 -0.6018 -0.5262
vn -0.5976 -0.5877 -0.5454
vn -0.5276 -0.8221 -0.2141
vn -0.5623 -0.7916 -0.2392
vn -0.5541 -0.7793 -0.2927
vn -0.6012 -0.7352 -0.3132
vn -0.5383 -0.7722 -0.3376
vn -0.5876 -0.7295 -0.3501
vn -0.5228 -0.7603 -0.3854
vn -0.5483 -0.7339 -0.4010
vn -0.5874 -0.6881 -0.4260
vn -0.5161 -0.7184 -0.4664
vn -0.5434 -0.6759 -0.4979
vn -0.5449 -0.6566 -0.5215
vn -0.5700 -0.6210 -0.5380
vn -0.5530 -0.6448 -0.5277
vn -0.5746 -0.6123 -0.5431
vn -0.5561 -0.5907 -0.5846
vn -0.4971 -0.8338 -0.2401
vn -0.5182 -0.8138 -0.2631
vn -0.4870 -0.8243 -0.2887
vn -0.5111 -0.8040 -0.3038
vn -0.4856 -0.8105 -0.3276
vn -0.4958 -0.7944 -0.3509
vn -0.4849 -0.7759 -0.4036
vn -0.5059 -0.7441 -0.4363
vn -0.4924 -0.7527 -0.4371
vn -0.5055 -0.7250 -0.4678
vn -0.5225 -0.6932 -0.4965
vn -0.5134 -0.7074 -0.4858
vn -0.5317 -0.6775 -0.5081
vn -0.5310 -0.6640 -0.5264
vn -0.5524 -0.6224 -0.5544
vn -0.4894 -0.6385 -0.5940
vn -0.5046 -0.5954 -0.6252
vn -0.4615 -0.8559 -0.2334
vn -0.4991 -0.8298 -0.2497
vn -0.4559 -0.8463 -0.2753
vn -0.4874 -0.8213 -0.2965
vn -0.4701 -0.8138 -0.3416
vn -0.4843 -0.7945 -0.3665
vn -0.4636 -0.8036 -0.3732
vn -0.4860 -0.7773 -0.3996
vn -0.4772 -0.7625 -0.4369
vn -0.5019 -0.7312 -0.4621
vn -0.4538 -0.7541 -0.4747
vn -0.4901 -0.7166 -0.4963
vn -0.5068 -0.6874 -0.5203
vn -0.4514 -0.7006 -0.5527
vn -0.4696 -0.6781 -0.5654
vn -0.4203 -0.6559 -0.6270
vn -0.4383 -0.6122 -0.6581
vn -0.3912 -0.8899 -0.2346
vn -0.3897 -0.8760 -0.2842
vn -0.4456 -0.8374 -0.3165
vn -0.3777 -0.8677 -0.3231
vn -0.4321 -0.8290 -0.3552
vn -0.4082 -0.8237 -0.3934
vn -0.4490 -0.7890 -0.4193
vn -0.3769 -0.8144 -0.4413
vn -0.4150 -0.7805 -0.4675
vn -0.3722 -0.7794 -0.5040
vn -0.4054 -0.7426 -0.5331
vn -0.3480 -0.7568 -0.5533
vn -0.3740 -0.7192 -0.5856
vn -0.4029 -0.6860 -0.6058
vn -0.3653 -0.6995 -0.6142
vn -0.3880 -0.6647 -0.6384
vn -0.4122 -0.6328 -0.6555
vn -0.3250 -0.9209 -0.2155
vn -0.3407 -0.9089 -0.2403
vn -0.3326 -0.8961 -0.2937
vn -0.3107 -0.8887 -0.3370
vn -0.3538 -0.8565 -0.3759
vn -0.2999 -0.8725 -0.3858
vn -0.3289 -0.8447 -0.4223
vn -0.3169 -0.8306 -0.4580
vn -0.3463 -0.7992 -0.4913
vn -0.3130 -0.8120 -0.4926
vn -0.3331 -0.7831 -0.5251
vn -0.3328 -0.7634 -0.5536
vn -0.3496 -0.7312 -0.5858
vn -0.3557 -0.7125 -0.6049
vn -0.3740 -0.6842 -0.6261
vn -0.7542 -0.5750 -0.3171
vn -0.7386 -0.5792 -0.3450
vn -0.7271 -0.5739 -0.3767
vn -0.7462 -0.5263 -0.4078
vn -0.7135 -0.5472 -0.4377
vn -0.7320 -0.4881 -0.4753
vn -0.7456 -0.4473 -0.4940
vn -0.7170 -0.4696 -0.5152
vn -0.7319 -0.4531 -0.5090
vn -0.7414 -0.4407 -0.5061
vn -0.7216 -0.4542 -0.5225
vn -0.7310 -0.4017 -0.5516
vn -0.7379 -0.3198 -0.5943
vn -0.7491 -0.2806 -0.6001
vn -0.7057 -0.3556 -0.6128
vn -0.7150 -0.3083 -0.6275
vn -0.7300 -0.2854 -0.6210
vn -0.7458 -0.2514 -0.6169
vn -0.7474 -0.1737 -0.6413
vn -0.6985 -0.5918 -0.4023
vn -0.6821 -0.5654 -0.4637
vn -0.6938 -0.5166 -0.5017
vn -0.6589 -0.5328 -0.5311
vn -0.6808 -0.4977 -0.5374
vn -0.7021 -0.4779 -0.5279
vn -0.6501 -0.5297 -0.5448
vn -0.6704 -0.5083 -0.5404
vn -0.6903 -0.4773 -0.5438
vn -0.6963 -0.4237 -0.5794
vn -0.6517 -0.4911 -0.5780
vn -0.6604 -0.4467 -0.6036
vn -0.6663 -0.3785 -0.6425
vn -0.6818 -0.3280 -0.6539
vn -0.7015 -0.3085 -0.6425
vn -0.6223 -0.5583 -0.5487
vn -0.6238 -0.5551 -0.5502
vn -0.6399 -0.5285 -0.5579
vn -0.6092 -0.5428 -0.5782
vn -0.6229 -0.5018 -0.6002
vn -0.6295 -0.4474 -0.6352
vn -0.6369 -0.3990 -0.6596
vn -0.5940 -0.5775 -0.5600
vn -0.5684 -0.5581 -0.6045
vn -0.5811 -0.5179 -0.6277
vn -0.5168 -0.5701 -0.6387
vn -0.7433 0.3006 -0.5976
vn -0.7454 -0.1027 -0.6586
vn -0.7541 -0.0789 -0.6520
vn -0.7511 0.1442 -0.6443
vn -0.7606 0.1492 -0.6319
vn -0.7565 0.1868 -0.6267
vn -0.7235 0.2708 -0.6350
vn -0.8303 0.5117 -0.2210
vn -0.8316 0.5426 -0.1186
vn -0.8792 0.4148 0.2346
vn -0.9196 0.3753 -0.1163
vn -0.9562 0.2341 0.1758
vn -0.8557 0.0934 0.5089
vn -0.9134 0.3443 -0.2172
vn -0.9878 0.1468 -0.0527
vn -0.9479 -0.1293 0.2912
vn -0.8473 -0.0535 0.5284
vn -0.8154 0.4157 -0.4030
vn -0.9206 0.2574 -0.2938
vn -0.9812 -0.1927 0.0108
vn -0.9230 -0.3354 0.1886
vn -0.7826 0.4145 -0.4644
vn -0.8347 0.3628 -0.4143
vn -0.9815 -0.0143 -0.1910
vn -0.9143 -0.3934 0.0968
vn -0.7759 0.3600 -0.5181
vn -0.7898 0.3697 -0.4894
vn -0.8147 0.2566 -0.5200
vn -0.8740 -0.3950 -0.2830
vn -0.7763 -0.6281 0.0532
vn -0.7282 0.3422 -0.5938
vn -0.7415 0.3459 -0.5748
vn -0.7496 0.3309 -0.5732
vn -0.7964 0.3578 -0.4876
vn -0.6991 -0.7147 -0.0215
vn -0.6680 -0.7411 0.0677
vn -0.7065 0.3263 -0.6280
vn -0.7148 0.3342 -0.6143
vn -0.7128 0.3304 -0.6186
vn -0.6310 -0.7755 -0.0192
vn -0.6228 -0.7821 0.0223
vn -0.8009 0.5266 0.2852
vn -0.8814 0.1242 -0.4558
vn -0.8745 -0.3072 -0.3753
vn -0.7856 0.2361 -0.5719
vn -0.9406 0.0584 -0.3344
vn -0.8915 -0.4469 -0.0739
vn -0.6985 0.3302 -0.6349
vn -0.6992 0.3362 -0.6310
vn -0.7075 0.2272 -0.6692
vn -0.7834 -0.3416 -0.5192
vn -0.7149 -0.6757 -0.1798
vn -0.6991 0.1393 -0.7013
vn -0.7225 -0.2725 -0.6354
vn -0.9053 0.0684 0.4193
vn -0.9460 0.1439 0.2904
vn -0.8586 0.4268 0.2841
vn -0.9552 0.1682 0.2435
vn -0.8689 0.4485 0.2095
vn -0.9689 0.1980 0.1486
vn -0.8741 0.4704 0.1214
vn -0.7516 0.6540 0.0856
vn -0.9781 0.2015 0.0531
vn -0.8800 0.4727 0.0462
vn -0.7495 0.6611 0.0333
vn -0.8365 0.1559 0.5253
vn -0.7597 0.4199 0.4966
vn -0.8392 0.1975 0.5068
vn -0.7695 0.5028 0.3938
vn -0.6698 0.6653 0.3297
vn -0.8498 0.3545 0.3901
vn -0.7625 0.5624 0.3199
vn -0.6659 0.6957 0.2694
vn -0.7548 0.6103 0.2405
vn -0.6483 0.7349 0.1993
vn -0.7557 0.6370 0.1521
vn -0.6398 0.7608 0.1091
vn -0.6436 0.7644 0.0387
vn -0.6367 0.7420 0.2097
vn -0.6199 0.6998 0.3549
vn -0.6191 0.7178 0.3185
vn -0.6142 0.7537 0.2338
vn -0.5482 0.7227 0.4210
vn -0.5738 0.7342 0.3628
vn -0.6024 0.7097 0.3654
vn -0.5418 0.7598 0.3594
vn -0.6203 0.7248 0.2999
vn -0.5645 0.7758 0.2818
vn -0.6157 0.7555 0.2239
vn -0.5850 0.7799 0.2226
vn -0.4621 0.7202 0.5174
vn -0.4688 0.7593 0.4513
vn -0.4824 0.7771 0.4043
vn -0.4654 0.7891 0.4008
vn -0.5133 0.7603 0.3981
vn -0.4676 0.7970 0.3823
vn -0.4884 0.8178 0.3043
vn -0.4648 0.8452 0.2638
vn -0.5073 0.8279 0.2393
vn -0.4626 0.8572 0.2264
vn -0.4468 0.7190 0.5323
vn -0.4714 0.7610 0.4457
vn -0.4647 0.7848 0.4101
vn -0.4670 0.7829 0.4110
vn -0.4610 0.7922 0.3999
vn -0.4662 0.7952 0.3876
vn -0.4586 0.8155 0.3532
vn -0.4692 0.8201 0.3274
vn -0.4536 0.8466 0.2783
vn -0.4516 0.8606 0.2353
vn -0.4201 0.7111 0.5638
vn -0.4334 0.7092 0.5560
vn -0.3977 0.7649 0.5067
vn -0.4604 0.7517 0.4723
vn -0.4322 0.7962 0.4234
vn -0.4534 0.7942 0.4046
vn -0.4137 0.8187 0.3982
vn -0.4590 0.7944 0.3977
vn -0.4332 0.8213 0.3712
vn -0.4577 0.8452 0.2760
vn -0.4033 0.8837 0.2375
vn -0.4559 0.8595 0.2312
vn -0.4153 0.8833 0.2175
vn -0.3382 0.7347 0.5881
vn -0.3530 0.7415 0.5706
vn -0.3013 0.7669 0.5666
vn -0.3673 0.7375 0.5668
vn -0.3213 0.7861 0.5280
vn -0.3430 0.8199 0.4584
vn -0.3054 0.8511 0.4271
vn -0.3786 0.8239 0.4217
vn -0.3263 0.8513 0.4108
vn -0.3412 0.8509 0.3995
vn -0.2900 0.8934 0.3431
vn -0.3769 0.8724 0.3111
vn -0.3069 0.9166 0.2563
vn -0.3410 0.9080 0.2434
vn -0.6346 0.7515 0.1807
vn -0.6473 0.7460 0.1564
vn -0.6627 0.7422 0.1001
vn -0.6720 0.7405 0.0111
vn -0.6860 0.7266 -0.0380
vn -0.7035 0.7082 -0.0588
vn -0.7050 0.7052 -0.0751
vn -0.7651 0.6331 0.1175
vn -0.6184 0.7641 0.1836
vn -0.6169 0.7668 0.1773
vn -0.6214 0.7664 0.1631
vn -0.6172 0.7712 0.1557
vn -0.6230 0.7751 0.1056
vn -0.6027 0.7925 0.0932
vn -0.6240 0.7811 0.0212
vn -0.5871 0.8092 0.0204
vn -0.6356 0.7717 -0.0208
vn -0.5888 0.8082 -0.0126
vn -0.6491 0.7589 -0.0523
vn -0.5944 0.8028 -0.0468
vn -0.6623 0.7483 -0.0369
vn -0.5905 0.8070 -0.0122
vn -0.7059 0.6947 0.1382
vn -0.6141 0.7576 0.2211
vn -0.6181 0.7644 0.1832
vn -0.6077 0.7723 0.1853
vn -0.5518 0.8121 0.1897
vn -0.6180 0.7726 0.1453
vn -0.5665 0.8127 0.1362
vn -0.6039 0.7938 0.0720
vn -0.5679 0.8210 0.0585
vn -0.5862 0.8101 0.0105
vn -0.5651 0.8250 0.0040
vn -0.5837 0.8119 -0.0114
vn -0.5730 0.8195 -0.0111
vn -0.5777 0.8145 -0.0533
vn -0.5687 0.8208 -0.0540
vn -0.5358 0.8432 -0.0442
vn -0.5523 0.8229 -0.1337
vn -0.5043 0.8325 0.2293
vn -0.4459 0.8282 0.3395
vn -0.5289 0.8225 0.2092
vn -0.4722 0.8569 0.2066
vn -0.4905 0.8582 0.1515
vn -0.5097 0.8576 0.0688
vn -0.5357 0.8442 0.0208
vn -0.5623 0.8269 -0.0058
vn -0.5457 0.8341 -0.0799
vn -0.5396 0.8400 -0.0575
vn -0.5391 0.8366 -0.0968
vn -0.5045 0.8577 0.0994
vn -0.4696 0.8676 0.1636
vn -0.4610 0.8606 0.2166
vn -0.4484 0.8720 0.1964
vn -0.4581 0.8756 0.1530
vn -0.4370 0.8897 0.1319
vn -0.4516 0.8886 0.0802
vn -0.4230 0.9030 0.0748
vn -0.4652 0.8842 0.0434
vn -0.4213 0.9058 0.0446
vn -0.4867 0.8735 0.0029
vn -0.4193 0.9078 0.0075
vn -0.4863 0.8686 -0.0954
vn -0.4145 0.9057 -0.0892
vn -0.4635 0.8767 -0.1285
vn -0.4160 0.8978 -0.1448
vn -0.3506 0.9364 0.0146
vn -0.4039 0.9065 -0.1228
vn -0.4541 0.8619 0.2257
vn -0.4272 0.8805 0.2058
vn -0.4249 0.8962 0.1275
vn -0.4202 0.9050 0.0672
vn -0.4220 0.9057 0.0409
vn -0.4090 0.9125 -0.0048
vn -0.3872 0.9170 -0.0957
vn -0.3868 0.9120 -0.1366
vn -0.3627 0.9318 -0.0098
vn -0.3994 0.9141 -0.0699
vn -0.3774 0.8984 0.2245
vn -0.3137 0.9318 0.1824
vn -0.3991 0.9089 0.1213
vn -0.3222 0.9416 0.0981
vn -0.4048 0.9119 0.0684
vn -0.3450 0.9355 0.0762
vn -0.4146 0.9093 0.0356
vn -0.3704 0.9282 0.0340
vn -0.3958 0.9180 -0.0224
vn -0.3643 0.9307 -0.0340
vn -0.3725 0.9221 -0.1050
vn -0.3504 0.9305 -0.1062
vn -0.3696 0.9197 -0.1323
vn -0.3564 0.9256 -0.1273
vn -0.3684 0.9224 -0.1160
vn -0.8008 0.2578 0.5407
vn -0.7779 0.2115 0.5917
vn -0.6954 0.4531 0.5578
vn -0.7896 0.2028 0.5792
vn -0.6883 0.5174 0.5085
vn -0.5818 0.6993 0.4152
vn -0.6719 0.6149 0.4127
vn -0.5743 0.7433 0.3432
vn -0.5747 0.7734 0.2676
vn -0.4969 0.8395 0.2197
vn -0.5745 0.7976 0.1836
vn -0.4865 0.8595 0.1568
vn -0.5734 0.8117 0.1109
vn -0.4827 0.8699 0.1014
vn -0.5751 0.8171 0.0400
vn -0.4799 0.8766 0.0362
vn -0.7330 0.4323 0.5251
vn -0.6020 0.5181 0.6076
vn -0.6971 0.3670 0.6160
vn -0.5912 0.5632 0.5773
vn -0.4977 0.7104 0.4977
vn -0.5885 0.6377 0.4970
vn -0.4951 0.7664 0.4093
vn -0.4294 0.8303 0.3553
vn -0.5014 0.7938 0.3442
vn -0.4219 0.8574 0.2948
vn -0.5003 0.8170 0.2868
vn -0.4129 0.8814 0.2295
vn -0.4126 0.8969 0.1593
vn -0.4169 0.9036 0.0983
vn -0.4178 0.9079 0.0350
vn -0.6743 0.6072 0.4202
vn -0.5473 0.6367 0.5433
vn -0.4316 0.7257 0.5357
vn -0.5043 0.6557 0.5619
vn -0.4106 0.7675 0.4923
vn -0.3553 0.8303 0.4294
vn -0.4204 0.8041 0.4204
vn -0.3553 0.8646 0.3553
vn -0.3528 0.8902 0.2881
vn -0.3575 0.9071 0.2223
vn -0.3026 0.9354 0.1831
vn -0.3647 0.9184 0.1533
vn -0.3062 0.9425 0.1342
vn -0.3609 0.9278 0.0947
vn -0.3088 0.9473 0.0849
vn -0.3547 0.9344 0.0337
vn -0.3038 0.9523 0.0284
vn -0.4874 0.7484 0.4499
vn -0.3874 0.7916 0.4726
vn -0.3454 0.8036 0.4846
vn -0.2933 0.8578 0.4221
vn -0.2877 0.8902 0.3532
vn -0.2929 0.9102 0.2929
vn -0.2449 0.9381 0.2449
vn -0.3032 0.9230 0.2371
vn -0.2491 0.9499 0.1886
vn -0.2426 0.9602 0.1383
vn -0.2472 0.9653 0.0842
vn -0.2489 0.9681 0.0275
vn -0.3095 0.8541 0.4180
vn -0.2417 0.8634 0.4428
vn -0.2843 0.8349 0.4712
vn -0.2329 0.8803 0.4133
vn -0.2235 0.9070 0.3570
vn -0.1831 0.9354 0.3026
vn -0.2371 0.9230 0.3032
vn -0.1886 0.9499 0.2491
vn -0.1905 0.9630 0.1905
vn -0.1939 0.9713 0.1379
vn -0.1890 0.9786 0.0812
vn -0.1870 0.9820 0.0272
vn -0.2364 0.9311 0.2778
vn -0.2286 0.8880 0.3989
vn -0.1719 0.9034 0.3927
vn -0.1523 0.9206 0.3596
vn -0.1342 0.9425 0.3062
vn -0.1383 0.9602 0.2426
vn -0.1379 0.9713 0.1939
vn -0.1344 0.9818 0.1344
vn -0.1318 0.9882 0.0784
vn -0.1317 0.9909 0.0269
vn -0.3357 0.9298 0.1512
vn -0.2830 0.9308 0.2312
vn -0.1360 0.9329 0.3334
vn -0.0952 0.9314 0.3514
vn -0.0849 0.9473 0.3088
vn -0.0842 0.9653 0.2472
vn -0.0812 0.9786 0.1890
vn -0.0784 0.9882 0.1318
vn -0.0789 0.9938 0.0789
vn -0.0776 0.9966 0.0269
vn -0.2628 0.9627 0.0637
vn -0.1051 0.9643 0.2432
vn -0.0533 0.9423 0.3306
vn -0.0316 0.9526 0.3026
vn -0.0275 0.9681 0.2489
vn -0.0272 0.9820 0.1870
vn -0.0269 0.9909 0.1317
vn -0.0269 0.9966 0.0776
vn -0.0347 0.9988 0.0347
vn -0.0303 0.9990 0.0315
vn -0.7629 -0.0744 -0.6422
vn -0.7682 -0.0433 -0.6388
vn -0.7598 0.0363 -0.6491
vn -0.7518 0.1092 -0.6503
vn -0.7495 -0.6611 -0.0333
vn -0.8800 -0.4727 -0.0462
vn -0.9781 -0.2015 -0.0531
vn -0.7516 -0.6540 -0.0856
vn -0.8741 -0.4704 -0.1214
vn -0.9689 -0.1980 -0.1486
vn -0.8689 -0.4485 -0.2095
vn -0.9552 -0.1682 -0.2435
vn -0.8586 -0.4268 -0.2842
vn -0.9460 -0.1439 -0.2904
vn -0.9035 -0.0653 -0.4236
vn -0.6441 -0.7640 -0.0394
vn -0.6398 -0.7608 -0.1091
vn -0.7557 -0.6370 -0.1521
vn -0.6483 -0.7349 -0.1993
vn -0.7548 -0.6103 -0.2405
vn -0.6659 -0.6957 -0.2694
vn -0.7625 -0.5624 -0.3199
vn -0.8498 -0.3545 -0.3901
vn -0.6698 -0.6653 -0.3297
vn -0.7695 -0.5028 -0.3938
vn -0.8393 -0.1925 -0.5084
vn -0.7597 -0.4199 -0.4966
vn -0.8370 -0.1425 -0.5284
vn -0.4698 -0.5819 -0.6638
vn -0.4361 -0.5966 -0.6737
vn -0.3957 -0.6517 -0.6471
vn -0.4187 -0.6192 -0.6643
vn -0.4059 -0.5951 -0.6936
vn -0.3762 -0.6714 -0.6385
vn -0.4010 -0.6300 -0.6650
vn -0.3304 -0.6381 -0.6954
vn -0.3562 -0.5940 -0.7213
vn -0.7134 -0.2892 -0.6384
vn -0.7212 -0.2443 -0.6482
vn -0.7230 -0.1641 -0.6711
vn -0.6526 -0.3558 -0.6690
vn -0.6697 -0.3376 -0.6614
vn -0.6911 -0.3103 -0.6527
vn -0.6963 -0.2308 -0.6796
vn -0.6849 -0.1666 -0.7093
vn -0.6567 -0.2846 -0.6984
vn -0.6601 -0.2041 -0.7229
vn -0.6599 -0.1580 -0.7345
vn -0.5894 -0.4658 -0.6601
vn -0.5979 -0.4173 -0.6844
vn -0.6175 -0.3864 -0.6851
vn -0.6450 -0.3603 -0.6740
vn -0.6519 -0.3361 -0.6798
vn -0.6106 -0.3907 -0.6888
vn -0.6298 -0.3532 -0.6918
vn -0.6267 -0.2857 -0.7250
vn -0.6180 -0.2116 -0.7572
vn -0.6384 -0.1655 -0.7517
vn -0.5934 -0.2305 -0.7712
vn -0.5903 -0.2064 -0.7804
vn -0.6132 -0.1836 -0.7683
vn -0.5302 -0.5283 -0.6632
vn -0.5431 -0.4822 -0.6874
vn -0.5615 -0.4423 -0.6993
vn -0.5870 -0.4190 -0.6927
vn -0.5606 -0.4431 -0.6996
vn -0.5808 -0.4150 -0.7003
vn -0.5919 -0.3593 -0.7215
vn -0.5912 -0.2866 -0.7539
vn -0.5396 -0.3758 -0.7534
vn -0.5332 -0.3176 -0.7841
vn -0.5441 -0.2557 -0.7991
vn -0.5704 -0.2205 -0.7912
vn -0.5823 -0.1996 -0.7881
vn -0.5557 -0.2178 -0.8023
vn -0.5613 -0.1955 -0.8042
vn -0.4875 -0.5449 -0.6822
vn -0.5117 -0.4999 -0.6987
vn -0.5356 -0.4710 -0.7009
vn -0.5113 -0.4941 -0.7032
vn -0.5331 -0.4685 -0.7045
vn -0.5455 -0.4300 -0.7194
vn -0.4944 -0.4310 -0.7549
vn -0.4935 -0.3802 -0.7823
vn -0.4937 -0.3186 -0.8091
vn -0.5100 -0.2826 -0.8124
vn -0.5350 -0.2481 -0.8076
vn -0.4827 -0.3059 -0.8207
vn -0.4955 -0.2873 -0.8197
vn -0.5214 -0.2430 -0.8180
vn -0.5304 -0.1851 -0.8273
vn -0.4605 -0.5617 -0.6874
vn -0.4865 -0.5280 -0.6961
vn -0.4563 -0.5516 -0.6982
vn -0.4832 -0.5215 -0.7032
vn -0.5003 -0.4796 -0.7209
vn -0.4415 -0.4814 -0.7572
vn -0.4456 -0.4278 -0.7864
vn -0.4443 -0.3847 -0.8091
vn -0.4654 -0.3385 -0.8178
vn -0.4281 -0.3690 -0.8250
vn -0.4543 -0.3291 -0.8278
vn -0.4816 -0.3045 -0.8218
vn -0.4866 -0.2449 -0.8386
vn -0.4791 -0.1789 -0.8593
vn -0.4400 -0.2691 -0.8567
vn -0.4299 -0.2126 -0.8775
vn -0.4163 -0.1591 -0.8952
vn -0.4399 -0.5825 -0.6835
vn -0.4201 -0.5678 -0.7079
vn -0.4350 -0.5368 -0.7230
vn -0.3719 -0.5328 -0.7601
vn -0.3792 -0.4846 -0.7883
vn -0.3897 -0.4343 -0.8121
vn -0.4105 -0.4024 -0.8183
vn -0.3795 -0.4223 -0.8232
vn -0.4007 -0.3910 -0.8286
vn -0.4269 -0.3667 -0.8266
vn -0.4465 -0.3209 -0.8353
vn -0.3908 -0.3343 -0.8576
vn -0.3933 -0.2724 -0.8781
vn -0.3825 -0.2093 -0.9000
vn -0.3908 -0.1660 -0.9054
vn -0.3433 -0.5745 -0.7430
vn -0.3132 -0.5320 -0.7867
vn -0.3303 -0.4874 -0.8083
vn -0.3506 -0.4612 -0.8151
vn -0.3278 -0.4802 -0.8136
vn -0.3502 -0.4528 -0.8200
vn -0.3851 -0.4118 -0.8259
vn -0.3921 -0.3796 -0.8379
vn -0.3478 -0.3703 -0.8613
vn -0.3414 -0.3338 -0.8786
vn -0.3322 -0.2730 -0.9029
vn -0.3526 -0.2192 -0.9097
vn -0.3712 -0.1767 -0.9116
vn -0.3379 -0.2106 -0.9173
vn -0.3606 -0.1709 -0.9169
vn -0.7328 -0.1058 -0.6722
vn -0.7397 -0.0817 -0.6679
vn -0.7341 -0.0345 -0.6781
vn -0.7161 0.0540 -0.6959
vn -0.7163 0.1143 -0.6883
vn -0.7357 0.1293 -0.6649
vn -0.7381 0.1914 -0.6470
vn -0.7153 0.2772 -0.6414
vn -0.7076 -0.1047 -0.6988
vn -0.7156 -0.0775 -0.6942
vn -0.7131 -0.0197 -0.7008
vn -0.6980 0.0636 -0.7133
vn -0.6972 0.0964 -0.7104
vn -0.6948 -0.1263 -0.7080
vn -0.7033 0.1022 -0.7035
vn -0.7096 0.1172 -0.6948
vn -0.6959 0.1944 -0.6913
vn -0.6852 0.2775 -0.6734
vn -0.6683 -0.1287 -0.7327
vn -0.6885 -0.0997 -0.7183
vn -0.6931 -0.0103 -0.7207
vn -0.6819 0.0681 -0.7283
vn -0.6824 0.0952 -0.7247
vn -0.6787 0.1208 -0.7244
vn -0.6528 0.1989 -0.7309
vn -0.6367 0.2596 -0.7261
vn -0.6508 -0.0799 -0.7550
vn -0.6414 0.0020 -0.7672
vn -0.6420 0.0653 -0.7639
vn -0.6522 0.0834 -0.7535
vn -0.6572 -0.1433 -0.7399
vn -0.6559 -0.1304 -0.7435
vn -0.6621 0.0963 -0.7432
vn -0.6572 0.1351 -0.7415
vn -0.6230 0.2189 -0.7510
vn -0.6004 0.2672 -0.7538
vn -0.6369 -0.1374 -0.7586
vn -0.6204 -0.0846 -0.7797
vn -0.5951 0.0045 -0.8036
vn -0.6057 0.0467 -0.7943
vn -0.6312 0.0774 -0.7718
vn -0.6283 0.1422 -0.7649
vn -0.6049 0.2309 -0.7621
vn -0.5981 0.2642 -0.7566
vn -0.5980 0.2702 -0.7546
vn -0.5935 -0.1387 -0.7928
vn -0.5879 -0.0499 -0.8074
vn -0.5780 0.0131 -0.8160
vn -0.5883 0.0261 -0.8082
vn -0.5963 0.0663 -0.8000
vn -0.5803 0.1504 -0.8004
vn -0.5836 0.2212 -0.7813
vn -0.5950 0.2647 -0.7589
vn -0.5434 -0.1273 -0.8298
vn -0.5416 -0.0488 -0.8392
vn -0.5659 0.0022 -0.8245
vn -0.5774 0.0252 -0.8161
vn -0.5593 0.0737 -0.8257
vn -0.5291 0.1546 -0.8344
vn -0.5293 0.1851 -0.8280
vn -0.5416 0.2286 -0.8089
vn -0.5557 0.2674 -0.7872
vn -0.5115 -0.0999 -0.8535
vn -0.5030 -0.0629 -0.8620
vn -0.5307 -0.0267 -0.8471
vn -0.5586 0.0266 -0.8290
vn -0.5329 0.1059 -0.8395
vn -0.4962 0.1710 -0.8512
vn -0.4861 0.1885 -0.8533
vn -0.4951 0.2298 -0.8379
vn -0.4794 -0.0712 -0.8747
vn -0.4799 -0.0643 -0.8750
vn -0.4927 -0.0446 -0.8690
vn -0.5049 0.0214 -0.8629
vn -0.4922 0.1230 -0.8617
vn -0.4829 0.1666 -0.8597
vn -0.4810 -0.1122 -0.8695
vn -0.4808 0.1850 -0.8571
vn -0.4832 0.1925 -0.8541
vn -0.4713 0.2305 -0.8513
vn -0.4381 -0.0959 -0.8938
vn -0.4641 -0.0745 -0.8826
vn -0.4703 -0.0432 -0.8815
vn -0.4427 0.0336 -0.8961
vn -0.4329 0.1148 -0.8941
vn -0.4573 0.1697 -0.8730
vn -0.4708 0.1835 -0.8630
vn -0.4582 0.2170 -0.8620
vn -0.4184 0.2827 -0.8631
vn -0.4177 -0.1385 -0.8980
vn -0.4528 -0.0897 -0.8871
vn -0.4380 -0.0221 -0.8987
vn -0.3933 0.0632 -0.9172
vn -0.3855 0.0954 -0.9178
vn -0.4171 0.1350 -0.8988
vn -0.4300 0.1883 -0.8830
vn -0.3988 0.2632 -0.8784
vn -0.3913 -0.1384 -0.9098
vn -0.4045 -0.0850 -0.9106
vn -0.3902 0.0010 -0.9207
vn -0.3658 0.0714 -0.9279
vn -0.3665 0.0848 -0.9265
vn -0.3769 -0.1654 -0.9114
vn -0.3747 0.0910 -0.9227
vn -0.3846 0.1140 -0.9160
vn -0.3745 0.1938 -0.9068
vn -0.3542 0.2857 -0.8905
vn -0.3559 -0.1512 -0.9222
vn -0.3334 -0.0765 -0.9397
vn -0.3316 0.0030 -0.9434
vn -0.3540 0.0654 -0.9330
vn -0.3635 0.0846 -0.9277
vn -0.3497 0.1168 -0.9295
vn -0.3100 0.1812 -0.9333
vn -0.2971 0.2406 -0.9240
vn -0.7009 0.3237 -0.6356
vn -0.5373 -0.8392 -0.0836
vn -0.5879 -0.8079 -0.0423
vn -0.4889 -0.8642 -0.1187
vn -0.5755 -0.8098 -0.1142
vn -0.4865 -0.8595 -0.1568
vn -0.5745 -0.7976 -0.1836
vn -0.4969 -0.8395 -0.2197
vn -0.5747 -0.7734 -0.2676
vn -0.5743 -0.7433 -0.3432
vn -0.6719 -0.6150 -0.4127
vn -0.5818 -0.6993 -0.4152
vn -0.6883 -0.5174 -0.5085
vn -0.7891 -0.1807 -0.5871
vn -0.6954 -0.4530 -0.5579
vn -0.7847 -0.1749 -0.5947
vn -0.7054 -0.0687 -0.7054
vn -0.6900 0.3221 -0.6482
vn -0.6883 0.3349 -0.6435
vn -0.6704 0.3691 -0.6437
vn -0.6189 -0.6852 -0.3840
vn -0.5091 -0.8324 -0.2189
vn -0.6416 0.2940 -0.7085
vn -0.4122 -0.9000 -0.1415
vn -0.4085 -0.8989 -0.1585
vn -0.4129 -0.8814 -0.2295
vn -0.5003 -0.8170 -0.2868
vn -0.4219 -0.8574 -0.2948
vn -0.5014 -0.7938 -0.3442
vn -0.4294 -0.8303 -0.3553
vn -0.4951 -0.7664 -0.4093
vn -0.5885 -0.6377 -0.4970
vn -0.4977 -0.7104 -0.4977
vn -0.5866 -0.5585 -0.5866
vn -0.6634 -0.3461 -0.6634
vn -0.5579 -0.4530 -0.6954
vn -0.5947 -0.1749 -0.7847
vn -0.6530 0.3176 -0.6876
vn -0.6550 0.3483 -0.6706
vn -0.6925 0.2100 -0.6902
vn -0.6413 -0.5558 -0.5290
vn -0.4930 -0.8196 -0.2919
vn -0.6035 0.2902 -0.7427
vn -0.6081 0.3199 -0.7265
vn -0.6407 0.3369 -0.6899
vn -0.5024 -0.8136 -0.2926
vn -0.4246 -0.8917 -0.1568
vn -0.3847 -0.9068 -0.1724
vn -0.3609 -0.9180 -0.1645
vn -0.3557 -0.9142 -0.1942
vn -0.3580 -0.9078 -0.2185
vn -0.3528 -0.8902 -0.2881
vn -0.3553 -0.8646 -0.3553
vn -0.4204 -0.8041 -0.4204
vn -0.3553 -0.8303 -0.4294
vn -0.4093 -0.7664 -0.4951
vn -0.4970 -0.6377 -0.5885
vn -0.4152 -0.6993 -0.5818
vn -0.5085 -0.5174 -0.6883
vn -0.5871 -0.1807 -0.7891
vn -0.7084 0.1360 -0.6926
vn -0.6765 -0.3608 -0.6420
vn -0.5961 0.2891 -0.7491
vn -0.5723 0.3140 -0.7575
vn -0.7098 0.0922 -0.6984
vn -0.6660 -0.5672 -0.4845
vn -0.5858 0.2869 -0.7580
vn -0.5612 0.3432 -0.7531
vn -0.4811 -0.8333 -0.2724
vn -0.3532 -0.8964 -0.2679
vn -0.3122 -0.9180 -0.2447
vn -0.2960 -0.9068 -0.3002
vn -0.2929 -0.9102 -0.2929
vn -0.2881 -0.8902 -0.3528
vn -0.2948 -0.8574 -0.4219
vn -0.3442 -0.7938 -0.5014
vn -0.3432 -0.7433 -0.5743
vn -0.4127 -0.6149 -0.6719
vn -0.6341 0.1938 -0.7486
vn -0.7169 -0.1079 -0.6887
vn -0.7283 -0.4299 -0.5336
vn -0.5559 0.3031 -0.7740
vn -0.5607 0.2571 -0.7871
vn -0.6247 -0.2620 -0.7356
vn -0.5806 -0.6610 -0.4754
vn -0.5003 0.2735 -0.8215
vn -0.4853 0.3490 -0.8017
vn -0.5049 -0.6078 -0.6129
vn -0.3684 -0.8325 -0.4139
vn -0.2423 -0.9083 -0.3411
vn -0.2400 -0.9211 -0.3066
vn -0.2009 -0.9223 -0.3301
vn -0.2223 -0.9071 -0.3575
vn -0.2295 -0.8814 -0.4129
vn -0.2868 -0.8170 -0.5003
vn -0.2197 -0.8395 -0.4969
vn -0.2676 -0.7734 -0.5747
vn -0.5668 0.1582 -0.8085
vn -0.6023 -0.1791 -0.7779
vn -0.4259 0.3027 -0.8526
vn -0.4700 0.2163 -0.8558
vn -0.5025 -0.3654 -0.7835
vn -0.3370 -0.7532 -0.5649
vn -0.2164 -0.8774 -0.4281
vn -0.1432 -0.9249 -0.3521
vn -0.1541 -0.9181 -0.3653
vn -0.1593 -0.8969 -0.4126
vn -0.1568 -0.8595 -0.4865
vn -0.1836 -0.7976 -0.5745
vn -0.3824 0.3377 -0.8601
vn -0.3814 0.1338 -0.9147
vn -0.3718 -0.3692 -0.8518
vn -0.3308 -0.6954 -0.6380
vn -0.3708 0.3244 -0.8702
vn -0.2780 -0.6177 -0.7356
vn -0.2135 -0.8070 -0.5506
vn -0.1238 -0.9046 -0.4079
vn -0.0988 -0.9250 -0.3668
vn -0.0983 -0.9036 -0.4169
vn -0.1014 -0.8699 -0.4827
vn -0.1109 -0.8117 -0.5734
vn -0.3676 0.3423 -0.8647
vn -0.3460 0.2173 -0.9127
vn -0.2813 -0.2428 -0.9284
vn -0.3540 0.3318 -0.8744
vn -0.3595 0.3361 -0.8705
vn -0.1937 -0.5062 -0.8404
vn -0.0851 -0.7685 -0.6341
vn -0.0448 -0.8958 -0.4423
vn -0.0345 -0.9265 -0.3746
vn -0.0350 -0.9079 -0.4178
vn -0.0362 -0.8766 -0.4799
vn -0.0400 -0.8171 -0.5751
vn -0.4966 -0.4199 -0.7597
vn -0.5284 -0.1425 -0.8370
vn -0.3297 -0.6653 -0.6698
vn -0.3938 -0.5028 -0.7695
vn -0.5084 -0.1925 -0.8393
vn -0.4236 -0.0653 -0.9035
vn -0.2694 -0.6957 -0.6659
vn -0.3199 -0.5624 -0.7625
vn -0.3901 -0.3545 -0.8498
vn -0.2842 -0.4268 -0.8586
vn -0.2904 -0.1439 -0.9460
vn -0.1993 -0.7349 -0.6483
vn -0.2405 -0.6103 -0.7548
vn -0.2095 -0.4485 -0.8689
vn -0.2435 -0.1682 -0.9552
vn -0.1091 -0.7608 -0.6398
vn -0.1521 -0.6370 -0.7557
vn -0.0856 -0.6540 -0.7516
vn -0.1214 -0.4704 -0.8741
vn -0.1486 -0.1980 -0.9689
vn -0.0387 -0.7644 -0.6436
vn -0.0333 -0.6611 -0.7495
vn -0.0462 -0.4727 -0.8800
vn -0.0531 -0.2015 -0.9781
vn -0.9781 0.2015 -0.0531
vn -0.8800 0.4727 -0.0462
vn -0.7495 0.6611 -0.0333
vn -0.9689 0.1980 -0.1486
vn -0.8741 0.4704 -0.1214
vn -0.7516 0.6540 -0.0856
vn -0.9552 0.1682 -0.2435
vn -0.8689 0.4485 -0.2095
vn -0.9460 0.1439 -0.2904
vn -0.8586 0.4268 -0.2842
vn -0.9035 0.0653 -0.4236
vn -0.6436 0.7644 -0.0387
vn -0.7557 0.6370 -0.1521
vn -0.6398 0.7608 -0.1091
vn -0.7548 0.6103 -0.2405
vn -0.6483 0.7349 -0.1993
vn -0.8498 0.3545 -0.3901
vn -0.7625 0.5624 -0.3199
vn -0.6659 0.6957 -0.2694
vn -0.8393 0.1925 -0.5084
vn -0.7695 0.5028 -0.3938
vn -0.6698 0.6653 -0.3297
vn -0.8370 0.1425 -0.5284
vn -0.7597 0.4199 -0.4966
vn -0.5751 0.8171 -0.0400
vn -0.4799 0.8766 -0.0362
vn -0.5734 0.8117 -0.1109
vn -0.4827 0.8699 -0.1014
vn -0.5745 0.7976 -0.1836
vn -0.4865 0.8595 -0.1568
vn -0.5747 0.7734 -0.2676
vn -0.4969 0.8395 -0.2197
vn -0.6719 0.6149 -0.4127
vn -0.5743 0.7433 -0.3432
vn -0.7891 0.1807 -0.5871
vn -0.6883 0.5174 -0.5085
vn -0.5818 0.6993 -0.4152
vn -0.7847 0.1749 -0.5947
vn -0.6954 0.4530 -0.5579
vn -0.7054 0.0687 -0.7054
vn -0.4178 0.9079 -0.0350
vn -0.4169 0.9036 -0.0983
vn -0.4126 0.8969 -0.1593
vn -0.5003 0.8170 -0.2868
vn -0.4129 0.8814 -0.2295
vn -0.5014 0.7938 -0.3442
vn -0.4219 0.8574 -0.2948
vn -0.5885 0.6377 -0.4970
vn -0.4951 0.7664 -0.4093
vn -0.4294 0.8303 -0.3553
vn -0.6634 0.3461 -0.6634
vn -0.5866 0.5585 -0.5866
vn -0.4977 0.7104 -0.4977
vn -0.5947 0.1749 -0.7847
vn -0.5579 0.4530 -0.6954
vn -0.3547 0.9344 -0.0337
vn -0.3038 0.9523 -0.0284
vn -0.3609 0.9278 -0.0947
vn -0.3088 0.9473 -0.0849
vn -0.3647 0.9184 -0.1533
vn -0.3062 0.9425 -0.1342
vn -0.3575 0.9071 -0.2223
vn -0.3026 0.9354 -0.1831
vn -0.3528 0.8902 -0.2881
vn -0.4204 0.8041 -0.4204
vn -0.3553 0.8646 -0.3553
vn -0.4970 0.6377 -0.5886
vn -0.4093 0.7664 -0.4951
vn -0.3553 0.8303 -0.4294
vn -0.5871 0.1807 -0.7891
vn -0.5085 0.5174 -0.6883
vn -0.4152 0.6993 -0.5818
vn -0.2489 0.9681 -0.0275
vn -0.2472 0.9653 -0.0842
vn -0.2426 0.9602 -0.1383
vn -0.3032 0.9230 -0.2371
vn -0.2491 0.9499 -0.1886
vn -0.2929 0.9102 -0.2929
vn -0.2449 0.9381 -0.2449
vn -0.2881 0.8902 -0.3528
vn -0.3442 0.7938 -0.5014
vn -0.2948 0.8574 -0.4219
vn -0.4127 0.6149 -0.6719
vn -0.3432 0.7433 -0.5743
vn -0.1870 0.9820 -0.0272
vn -0.1890 0.9786 -0.0812
vn -0.1939 0.9713 -0.1379
vn -0.1905 0.9630 -0.1905
vn -0.2371 0.9230 -0.3032
vn -0.1886 0.9499 -0.2491
vn -0.2223 0.9071 -0.3575
vn -0.1831 0.9354 -0.3026
vn -0.2868 0.8170 -0.5003
vn -0.2295 0.8814 -0.4129
vn -0.2676 0.7734 -0.5747
vn -0.2197 0.8395 -0.4969
vn -0.1317 0.9909 -0.0269
vn -0.1318 0.9882 -0.0784
vn -0.1345 0.9818 -0.1345
vn -0.1379 0.9713 -0.1939
vn -0.1383 0.9602 -0.2426
vn -0.1533 0.9184 -0.3647
vn -0.1342 0.9425 -0.3062
vn -0.1593 0.8969 -0.4126
vn -0.1836 0.7976 -0.5745
vn -0.1568 0.8595 -0.4865
vn -0.0776 0.9966 -0.0269
vn -0.0789 0.9938 -0.0789
vn -0.0784 0.9882 -0.1318
vn -0.0812 0.9786 -0.1890
vn -0.0842 0.9653 -0.2472
vn -0.0947 0.9278 -0.3609
vn -0.0849 0.9473 -0.3088
vn -0.0983 0.9036 -0.4169
vn -0.1109 0.8117 -0.5734
vn -0.1014 0.8699 -0.4827
vn -0.0347 0.9988 -0.0347
vn -0.0280 0.9991 -0.0314
vn -0.0269 0.9966 -0.0776
vn -0.0269 0.9909 -0.1317
vn -0.0272 0.9820 -0.1870
vn -0.0275 0.9681 -0.2489
vn -0.0337 0.9344 -0.3547
vn -0.0284 0.9523 -0.3038
vn -0.0350 0.9079 -0.4178
vn -0.0400 0.8171 -0.5751
vn -0.0362 0.8766 -0.4799
vn -0.5284 0.1425 -0.8370
vn -0.4966 0.4199 -0.7597
vn -0.5084 0.1925 -0.8393
vn -0.3938 0.5028 -0.7695
vn -0.3297 0.6653 -0.6698
vn -0.4236 0.0652 -0.9035
vn -0.3901 0.3545 -0.8498
vn -0.3199 0.5624 -0.7625
vn -0.2694 0.6957 -0.6659
vn -0.2904 0.1439 -0.9460
vn -0.2842 0.4268 -0.8586
vn -0.2405 0.6103 -0.7548
vn -0.1993 0.7349 -0.6483
vn -0.2435 0.1682 -0.9552
vn -0.2095 0.4485 -0.8689
vn -0.1521 0.6370 -0.7557
vn -0.1091 0.7608 -0.6398
vn -0.1486 0.1980 -0.9689
vn -0.1214 0.4704 -0.8741
vn -0.0856 0.6540 -0.7516
vn -0.0387 0.7644 -0.6436
vn -0.0531 0.2015 -0.9781
vn -0.0462 0.4727 -0.8800
vn -0.0333 0.6611 -0.7495
vn -0.2366 -0.5905 0.7716
vn -0.2817 -0.6553 0.7009
vn -0.2876 -0.6358 0.7163
vn -0.2984 -0.6922 0.6571
vn -0.3062 -0.6837 0.6624
vn -0.3213 -0.6528 0.6860
vn -0.1819 -0.6033 0.7765
vn -0.2347 -0.6423 0.7296
vn -0.2099 -0.6261 0.7509
vn -0.2688 -0.7076 0.6534
vn -0.2673 -0.6791 0.6836
vn -0.1786 -0.6026 0.7778
vn -0.1946 -0.6198 0.7603
vn -0.1875 -0.6049 0.7739
vn -0.2033 -0.7308 0.6516
vn -0.2131 -0.6709 0.7103
vn -0.1631 -0.5998 0.7834
vn -0.0592 -0.6960 0.7156
vn -0.1124 -0.6474 0.7538
vn -0.1658 -0.6179 0.7686
vn -0.0966 -0.7408 0.6647
vn -0.0975 -0.7257 0.6811
vn -0.1153 -0.6827 0.7215
vn -0.0781 -0.6598 0.7474
vn -0.1104 -0.6034 0.7898
vn -0.0487 -0.7052 0.7074
vn -0.0766 -0.6935 0.7164
vn -0.1285 -0.6388 0.7586
vn -0.0466 -0.7250 0.6872
vn -0.0506 -0.7120 0.7004
vn -0.0165 -0.6621 0.7492
vn -0.0173 -0.6126 0.7902
vn -0.0452 -0.7108 0.7019
vn -0.0365 -0.7036 0.7097
vn -0.0257 -0.7341 0.6786
vn -0.0418 -0.7135 0.6995
vn 0.0606 -0.6418 0.7645
vn 0.0644 -0.6129 0.7875
vn -0.0096 -0.7008 0.7133
vn 0.0265 -0.6667 0.7449
vn 0.0134 -0.7624 0.6469
vn -0.0040 -0.7263 0.6874
vn 0.0864 -0.6273 0.7740
vn 0.0968 -0.6106 0.7860
vn 0.0602 -0.6867 0.7245
vn 0.0840 -0.6270 0.7745
vn 0.1006 -0.6180 0.7797
vn 0.0600 -0.7754 0.6286
vn 0.0698 -0.7382 0.6710
vn -0.3022 -0.2169 0.9282
vn -0.2980 -0.2124 0.9307
vn -0.2541 -0.4038 0.8789
vn -0.2736 -0.3130 0.9095
vn -0.2987 -0.2558 0.9194
vn -0.3062 -0.2209 0.9260
vn -0.3072 -0.2204 0.9258
vn -0.2998 -0.4761 0.8267
vn -0.3023 -0.4735 0.8273
vn -0.3006 -0.4633 0.8336
vn -0.2781 -0.5109 0.8134
vn -0.3056 -0.4836 0.8202
vn -0.3093 -0.4773 0.8225
vn -0.3112 -0.5723 0.7587
vn -0.2516 -0.2827 0.9256
vn -0.2813 -0.2277 0.9322
vn -0.2620 -0.1868 0.9468
vn -0.2270 -0.4091 0.8838
vn -0.2135 -0.3833 0.8986
vn -0.2124 -0.3439 0.9147
vn -0.2545 -0.2909 0.9223
vn -0.2888 -0.2417 0.9264
vn -0.2305 -0.5463 0.8052
vn -0.2759 -0.4828 0.8311
vn -0.2759 -0.4656 0.8409
vn -0.2645 -0.4398 0.8583
vn -0.2292 -0.5641 0.7933
vn -0.2849 -0.5057 0.8143
vn -0.1705 -0.3541 0.9195
vn -0.1886 -0.3178 0.9292
vn -0.1994 -0.2328 0.9519
vn -0.1895 -0.1523 0.9700
vn -0.1785 -0.3874 0.9045
vn -0.1812 -0.3680 0.9120
vn -0.1760 -0.3637 0.9148
vn -0.2037 -0.3343 0.9202
vn -0.1693 -0.5729 0.8019
vn -0.1940 -0.5138 0.8357
vn -0.1988 -0.4553 0.8678
vn -0.1781 -0.5982 0.7813
vn -0.1285 -0.1514 0.9801
vn -0.1527 -0.3414 0.9274
vn -0.1255 -0.3120 0.9418
vn -0.1127 -0.2322 0.9661
vn -0.1354 -0.1632 0.9773
vn -0.1093 -0.4104 0.9053
vn -0.1517 -0.3878 0.9092
vn -0.1741 -0.3640 0.9150
vn -0.1308 -0.5642 0.8152
vn -0.1087 -0.5205 0.8469
vn -0.1000 -0.4689 0.8776
vn -0.1522 -0.5882 0.7943
vn -0.0787 -0.1882 0.9790
vn -0.0960 -0.3777 0.9209
vn -0.1152 -0.3066 0.9449
vn -0.0724 -0.2766 0.9583
vn -0.0487 -0.2373 0.9702
vn -0.0666 -0.2142 0.9745
vn -0.0395 -0.4923 0.8695
vn -0.0652 -0.4569 0.8871
vn -0.1196 -0.4352 0.8923
vn -0.1586 -0.3643 0.9177
vn -0.0759 -0.5273 0.8463
vn -0.0477 -0.5027 0.8631
vn -0.0573 -0.4820 0.8743
vn -0.1040 -0.5657 0.8180
vn -0.0241 -0.2095 0.9775
vn -0.0002 -0.3788 0.9255
vn -0.0152 -0.2997 0.9539
vn -0.0288 -0.2550 0.9665
vn -0.0313 -0.2411 0.9700
vn -0.0313 -0.2345 0.9716
vn -0.0344 -0.4930 0.8694
vn -0.0343 -0.4791 0.8771
vn -0.0216 -0.4502 0.8926
vn -0.0245 -0.5083 0.8609
vn -0.0348 -0.5015 0.8644
vn -0.0201 -0.5553 0.8314
vn 0.0220 -0.1751 0.9843
vn 0.0589 -0.3748 0.9252
vn 0.0665 -0.3303 0.9415
vn 0.0154 -0.2869 0.9578
vn -0.0141 -0.2443 0.9696
vn -0.0008 -0.2097 0.9778
vn -0.0125 -0.4790 0.8778
vn 0.0197 -0.4488 0.8934
vn 0.0708 -0.4115 0.9087
vn 0.0940 -0.3700 0.9243
vn 0.0269 -0.5411 0.8405
vn -0.0082 -0.5189 0.8548
vn 0.0567 -0.5774 0.8145
vn 0.0854 -0.1273 0.9882
vn 0.0874 -0.3554 0.9306
vn 0.0712 -0.3181 0.9454
vn 0.0691 -0.2348 0.9696
vn 0.0804 -0.1620 0.9835
vn 0.0346 -0.4669 0.8837
vn 0.0605 -0.3999 0.9145
vn 0.0900 -0.3852 0.9184
vn 0.1016 -0.3712 0.9230
vn 0.0737 -0.5764 0.8138
vn 0.0577 -0.5441 0.8371
vn 0.0910 -0.6016 0.7936
vn -0.2915 -0.1519 0.9444
vn -0.2913 -0.0553 0.9550
vn -0.2957 0.0160 0.9551
vn -0.2947 0.0500 0.9543
vn -0.2952 0.0681 0.9530
vn -0.3038 0.1149 0.9458
vn -0.3064 0.1966 0.9314
vn -0.2822 0.2673 0.9214
vn -0.3501 0.2308 0.9078
vn -0.3092 0.2844 0.9075
vn -0.2220 -0.1284 0.9665
vn -0.2170 -0.0699 0.9737
vn -0.2543 -0.0069 0.9671
vn -0.2816 0.0448 0.9585
vn -0.2662 0.0730 0.9612
vn -0.2387 0.1291 0.9625
vn -0.2268 0.2027 0.9526
vn -0.2329 0.2869 0.9292
vn -0.2539 0.3088 0.9166
vn -0.1712 -0.0859 0.9815
vn -0.1794 -0.0555 0.9822
vn -0.1990 0.0262 0.9797
vn -0.1897 0.1080 0.9759
vn -0.1746 -0.1045 0.9791
vn -0.1737 -0.0884 0.9808
vn -0.2089 -0.0399 0.9771
vn -0.2521 0.0402 0.9669
vn -0.2162 0.1172 0.9693
vn -0.1680 0.1607 0.9726
vn -0.1632 0.1915 0.9678
vn -0.1964 0.2560 0.9465
vn -0.1562 -0.0992 0.9827
vn -0.1579 -0.0901 0.9833
vn -0.1367 -0.0464 0.9895
vn -0.1159 0.0313 0.9928
vn -0.1195 0.1264 0.9847
vn -0.1246 0.1577 0.9796
vn -0.1665 -0.1048 0.9804
vn -0.1665 -0.0964 0.9813
vn -0.1538 0.1575 0.9755
vn -0.1393 0.1757 0.9745
vn -0.1372 0.1821 0.9737
vn -0.1415 0.2266 0.9637
vn -0.1053 -0.1196 0.9872
vn -0.1064 -0.0692 0.9919
vn -0.0666 -0.0069 0.9978
vn -0.0448 0.0323 0.9985
vn -0.0766 0.0915 0.9929
vn -0.1156 0.1470 0.9824
vn -0.1069 0.1838 0.9771
vn -0.1370 0.1733 0.9753
vn -0.1187 0.1958 0.9734
vn -0.0832 0.2423 0.9666
vn -0.0228 -0.1391 0.9900
vn -0.0261 -0.0517 0.9983
vn -0.0256 0.0170 0.9995
vn -0.0214 0.0310 0.9993
vn -0.0231 0.0571 0.9981
vn -0.0401 0.1218 0.9917
vn -0.0446 0.2001 0.9788
vn -0.0318 0.2425 0.9696
vn -0.0097 0.2778 0.9606
vn 0.0520 -0.1278 0.9904
vn 0.0478 -0.0682 0.9965
vn 0.0143 0.0010 0.9999
vn -0.0037 0.0301 0.9995
vn 0.0110 0.0675 0.9977
vn 0.0413 0.1273 0.9910
vn 0.0510 0.2047 0.9775
vn 0.0409 0.2483 0.9678
vn 0.0244 0.2808 0.9595
vn 0.0994 -0.1102 0.9889
vn 0.0967 -0.0937 0.9909
vn 0.0691 -0.0344 0.9970
vn 0.0553 0.0338 0.9979
vn 0.0846 0.1072 0.9906
vn 0.1128 0.1500 0.9822
vn 0.1012 0.1836 0.9778
vn 0.1234 0.1640 0.9787
vn 0.1035 0.2004 0.9742
vn 0.0658 0.2504 0.9659
vn -0.2729 0.3033 0.9130
vn -0.2659 0.3449 0.9002
vn -0.2878 0.3855 0.8767
vn -0.3079 0.4084 0.8593
vn -0.3258 0.4453 0.8340
vn -0.3276 0.4566 0.8272
vn -0.2974 0.4846 0.8226
vn -0.3348 0.4638 0.8202
vn -0.3106 0.4911 0.8139
vn -0.2975 0.5535 0.7779
vn -0.3206 0.6094 0.7251
vn -0.2940 0.6381 0.7116
vn -0.2825 0.6389 0.7156
vn -0.2642 0.6691 0.6946
vn -0.2348 0.3081 0.9219
vn -0.2438 0.3194 0.9157
vn -0.2433 0.3331 0.9110
vn -0.2596 0.3618 0.8954
vn -0.2343 0.4491 0.8622
vn -0.3176 0.4352 0.8425
vn -0.2776 0.4978 0.8217
vn -0.2345 0.5123 0.8262
vn -0.2261 0.5302 0.8171
vn -0.2142 0.5624 0.7986
vn -0.1992 0.6197 0.7591
vn -0.2526 0.6218 0.7414
vn -0.2323 0.6672 0.7077
vn -0.2209 0.6692 0.7095
vn -0.2363 0.6616 0.7117
vn -0.2251 0.6720 0.7055
vn -0.2249 0.3014 0.9266
vn -0.1986 0.3426 0.9182
vn -0.2428 0.3212 0.9154
vn -0.2130 0.3502 0.9121
vn -0.1725 0.3749 0.9109
vn -0.1324 0.4633 0.8762
vn -0.1696 0.5249 0.8341
vn -0.1759 0.5393 0.8235
vn -0.1716 0.5536 0.8149
vn -0.1717 0.5591 0.8111
vn -0.1753 0.6114 0.7716
vn -0.2051 0.6587 0.7240
vn -0.2164 0.6683 0.7117
vn -0.2100 0.6750 0.7073
vn -0.1470 0.2986 0.9430
vn -0.1355 0.3634 0.9217
vn -0.1305 0.3909 0.9111
vn -0.1035 0.4169 0.9030
vn -0.1048 0.4530 0.8853
vn -0.1316 0.4958 0.8584
vn -0.1519 0.5410 0.8272
vn -0.1503 0.5528 0.8196
vn -0.1608 0.5526 0.8178
vn -0.1537 0.5584 0.8152
vn -0.1531 0.5942 0.7896
vn -0.1664 0.6422 0.7482
vn -0.1601 0.6861 0.7097
vn -0.1424 0.7017 0.6981
vn -0.0607 0.3054 0.9503
vn -0.0680 0.3745 0.9247
vn -0.0774 0.4122 0.9078
vn -0.0797 0.4239 0.9022
vn -0.0855 0.4309 0.8983
vn -0.0942 0.4691 0.8781
vn -0.1066 0.5262 0.8436
vn -0.1134 0.5586 0.8216
vn -0.0987 0.5824 0.8069
vn -0.0716 0.6057 0.7924
vn -0.0631 0.6526 0.7551
vn -0.0629 0.7033 0.7081
vn -0.0663 0.7212 0.6896
vn -0.0038 0.3046 0.9525
vn -0.0248 0.3425 0.9392
vn -0.0512 0.3867 0.9208
vn -0.0565 0.4260 0.9030
vn -0.0392 0.4368 0.8987
vn -0.0300 0.4723 0.8809
vn -0.0275 0.5255 0.8503
vn -0.0221 0.5742 0.8184
vn -0.0125 0.6129 0.7901
vn -0.0022 0.6256 0.7802
vn -0.0006 0.6558 0.7550
vn -0.0145 0.6916 0.7222
vn -0.0327 0.7136 0.6998
vn 0.0189 0.2964 0.9549
vn 0.0118 0.3090 0.9510
vn 0.0085 0.3626 0.9319
vn 0.0087 0.4352 0.9003
vn 0.0255 0.4675 0.8836
vn 0.0472 0.4964 0.8668
vn 0.0543 0.5307 0.8458
vn 0.0423 0.5682 0.8218
vn 0.0263 0.6101 0.7919
vn 0.0182 0.6231 0.7819
vn 0.0145 0.6442 0.7647
vn 0.0016 0.6702 0.7422
vn -0.0052 0.7043 0.7099
vn 0.0520 0.2965 0.9536
vn 0.0753 0.3295 0.9412
vn 0.0967 0.3743 0.9223
vn 0.0996 0.4349 0.8949
vn 0.0899 0.4777 0.8739
vn 0.0873 0.5079 0.8570
vn 0.0820 0.5197 0.8504
vn 0.0723 0.5428 0.8367
vn 0.0609 0.5861 0.8080
vn 0.0525 0.6194 0.7833
vn 0.0620 0.6443 0.7623
vn 0.0723 0.6673 0.7413
vn 0.0775 0.7075 0.7025
vn -0.2580 -0.7412 0.6197
vn -0.2963 -0.6908 0.6595
vn -0.3079 -0.6848 0.6604
vn -0.2841 -0.7715 0.5693
vn -0.3206 -0.7207 0.6146
vn -0.3002 -0.8235 0.4814
vn -0.3023 -0.8031 0.5135
vn -0.2939 -0.8556 0.4262
vn -0.3202 -0.8295 0.4577
vn -0.2842 -0.8652 0.4131
vn -0.3174 -0.8366 0.4466
vn -0.2775 -0.8888 0.3647
vn -0.2827 -0.9110 0.3002
vn -0.3043 -0.8961 0.3230
vn -0.3138 -0.9218 0.2276
vn -0.3410 -0.9042 0.2572
vn -0.1998 -0.7641 0.6134
vn -0.2415 -0.7254 0.6446
vn -0.1943 -0.7960 0.5733
vn -0.2053 -0.7836 0.5863
vn -0.2351 -0.8165 0.5272
vn -0.2412 -0.8025 0.5457
vn -0.2506 -0.8736 0.4172
vn -0.2629 -0.8383 0.4776
vn -0.2429 -0.8897 0.3865
vn -0.2148 -0.9100 0.3546
vn -0.2287 -0.8998 0.3716
vn -0.2190 -0.9187 0.3287
vn -0.2436 -0.9033 0.3531
vn -0.2344 -0.9396 0.2492
vn -0.1896 -0.7789 0.5977
vn -0.2032 -0.7608 0.6163
vn -0.1776 -0.7970 0.5773
vn -0.1869 -0.7871 0.5878
vn -0.1772 -0.8100 0.5590
vn -0.1816 -0.8824 0.4340
vn -0.1885 -0.8437 0.5027
vn -0.2081 -0.8962 0.3919
vn -0.2019 -0.9183 0.3406
vn -0.2239 -0.9029 0.3670
vn -0.1774 -0.9330 0.3131
vn -0.1625 -0.9519 0.2598
vn -0.1557 -0.7760 0.6112
vn -0.1515 -0.7587 0.6335
vn -0.1581 -0.8181 0.5529
vn -0.1816 -0.7869 0.5898
vn -0.0798 -0.8629 0.4991
vn -0.1150 -0.8334 0.5406
vn -0.0995 -0.8789 0.4666
vn -0.1198 -0.8540 0.5063
vn -0.1374 -0.9037 0.4055
vn -0.1494 -0.8849 0.4412
vn -0.1631 -0.9315 0.3252
vn -0.1979 -0.9048 0.3770
vn -0.1429 -0.9461 0.2906
vn -0.1218 -0.9636 0.2381
vn -0.1327 -0.9567 0.2590
vn -0.0683 -0.7968 0.6003
vn -0.0936 -0.7412 0.6647
vn -0.1075 -0.8499 0.5159
vn -0.1576 -0.7910 0.5912
vn -0.0735 -0.8697 0.4881
vn -0.0870 -0.8580 0.5062
vn -0.0723 -0.8715 0.4850
vn -0.0498 -0.9071 0.4178
vn -0.0684 -0.8838 0.4628
vn -0.0629 -0.9405 0.3338
vn -0.0907 -0.9500 0.2989
vn -0.1042 -0.9679 0.2287
vn -0.1104 -0.9585 0.2630
vn 0.0232 -0.7954 0.6056
vn 0.0115 -0.7418 0.6706
vn 0.0139 -0.8474 0.5308
vn 0.0605 -0.7956 0.6028
vn -0.0589 -0.8703 0.4890
vn -0.0367 -0.8531 0.5204
vn -0.0516 -0.8796 0.4730
vn -0.0024 -0.9203 0.3911
vn -0.0278 -0.9034 0.4279
vn 0.0026 -0.9339 0.3574
vn -0.0199 -0.9418 0.3357
vn -0.0365 -0.9728 0.2289
vn -0.0340 -0.9564 0.2900
vn 0.0477 -0.7823 0.6210
vn 0.0565 -0.8159 0.5754
vn 0.0772 -0.7968 0.5992
vn 0.0138 -0.8597 0.5107
vn 0.0299 -0.8252 0.5641
vn 0.0132 -0.8923 0.4513
vn 0.0293 -0.9295 0.3677
vn 0.0280 -0.9173 0.3973
vn 0.0320 -0.9323 0.3603
vn 0.0372 -0.9382 0.3442
vn 0.0542 -0.9727 0.2256
vn 0.0473 -0.9568 0.2870
vn 0.0701 -0.8000 0.5959
vn 0.0767 -0.8066 0.5861
vn 0.0748 -0.8013 0.5936
vn 0.0975 -0.8486 0.5200
vn 0.0913 -0.8202 0.5647
vn 0.1030 -0.8899 0.4444
vn 0.0517 -0.9239 0.3791
vn 0.0806 -0.9060 0.4156
vn 0.0537 -0.9352 0.3500
vn 0.0745 -0.9467 0.3134
vn 0.1080 -0.9695 0.2200
vn 0.1048 -0.9640 0.2443
vn -0.2851 0.7176 0.6354
vn -0.2398 0.7184 0.6530
vn -0.3090 -0.9340 0.1793
vn -0.2956 -0.9445 0.1433
vn -0.2829 -0.9537 0.1017
vn -0.2832 -0.9578 0.0490
vn -0.2448 -0.9695 0.0100
vn -0.3153 -0.9490 -0.0035
vn -0.2541 -0.9663 -0.0416
vn -0.3374 -0.9375 -0.0851
vn -0.3271 -0.9339 -0.1445
vn -0.3149 -0.9296 -0.1917
vn -0.2606 -0.9469 0.1885
vn -0.2533 -0.9612 0.1092
vn -0.2897 -0.9475 0.1357
vn -0.2421 -0.9683 0.0607
vn -0.2660 -0.9604 0.0836
vn -0.2218 -0.9744 0.0358
vn -0.2359 -0.9704 0.0526
vn -0.1933 -0.9811 0.0052
vn -0.2376 -0.9709 0.0302
vn -0.1747 -0.9827 -0.0610
vn -0.2489 -0.9636 -0.0973
vn -0.1848 -0.9782 -0.0942
vn -0.2603 -0.9554 -0.1398
vn -0.1908 -0.9679 -0.1634
vn -0.2509 -0.9463 -0.2040
vn -0.1569 -0.9661 0.2052
vn -0.1837 -0.9557 0.2301
vn -0.1803 -0.9749 0.1308
vn -0.2311 -0.9573 0.1739
vn -0.1940 -0.9787 0.0667
vn -0.2066 -0.9782 0.0227
vn -0.1910 -0.9813 -0.0230
vn -0.1697 -0.9827 -0.0737
vn -0.1523 -0.9827 -0.1057
vn -0.1346 -0.9763 -0.1694
vn -0.1624 -0.9651 -0.2055
vn -0.1170 -0.9699 0.2133
vn -0.1389 -0.9599 0.2433
vn -0.1105 -0.9836 0.1427
vn -0.1257 -0.9880 0.0901
vn -0.1478 -0.9884 0.0341
vn -0.1545 -0.9874 -0.0355
vn -0.1592 -0.9834 -0.0873
vn -0.1471 -0.9801 -0.1333
vn -0.1321 -0.9737 -0.1856
vn -0.1326 -0.9701 -0.2033
vn -0.0852 -0.9790 0.1854
vn -0.0636 -0.9883 0.1384
vn -0.0661 -0.9921 0.1065
vn -0.0616 -0.9972 0.0416
vn -0.0645 -0.9977 -0.0184
vn -0.0877 -0.9933 -0.0747
vn -0.0985 -0.9854 -0.1390
vn -0.0985 -0.9763 -0.1928
vn -0.0333 -0.9850 0.1693
vn -0.0392 -0.9902 0.1339
vn -0.0337 -0.9950 0.0939
vn -0.0099 -0.9996 0.0267
vn -0.0030 -1.0000 -0.0089
vn -0.0036 -0.9981 -0.0608
vn -0.0009 -0.9912 -0.1327
vn -0.0129 -0.9824 -0.1861
vn 0.0368 -0.9808 0.1915
vn 0.0067 -0.9895 0.1443
vn 0.0094 -0.9970 0.0764
vn 0.0161 -0.9998 0.0145
vn 0.0140 -0.9997 -0.0195
vn 0.0322 -0.9967 -0.0750
vn 0.0479 -0.9896 -0.1353
vn 0.0445 -0.9838 -0.1736
vn 0.1065 -0.9713 0.2125
vn 0.1001 -0.9822 0.1589
vn 0.0928 -0.9923 0.0824
vn 0.0755 -0.9968 0.0278
vn 0.0602 -0.9979 -0.0228
vn 0.0664 -0.9935 -0.0927
vn 0.0705 -0.9876 -0.1405
vn 0.0622 -0.9836 -0.1695
vn -0.3064 -0.9222 -0.2361
vn -0.3171 -0.9110 -0.2635
vn -0.3025 -0.9100 -0.2834
vn -0.3116 -0.8979 -0.3109
vn -0.3052 -0.8868 -0.3470
vn -0.2990 -0.8692 -0.3938
vn -0.3062 -0.8503 -0.4280
vn -0.3031 -0.8510 -0.4288
vn -0.3101 -0.8336 -0.4571
vn -0.3106 -0.8179 -0.4842
vn -0.3270 -0.7883 -0.5212
vn -0.3199 -0.7697 -0.5525
vn -0.3408 -0.7411 -0.5784
vn -0.2974 -0.7519 -0.5884
vn -0.3254 -0.7240 -0.6083
vn -0.3513 -0.6920 -0.6306
vn -0.2520 -0.9381 -0.2378
vn -0.2639 -0.9206 -0.2878
vn -0.3053 -0.8977 -0.3177
vn -0.2492 -0.9151 -0.3170
vn -0.2971 -0.8875 -0.3522
vn -0.2681 -0.8742 -0.4047
vn -0.2639 -0.8655 -0.4258
vn -0.2955 -0.8359 -0.4625
vn -0.2678 -0.8223 -0.5022
vn -0.2985 -0.7935 -0.5304
vn -0.2264 -0.8027 -0.5517
vn -0.2540 -0.7749 -0.5788
vn -0.2240 -0.7656 -0.6030
vn -0.2242 -0.7376 -0.6369
vn -0.1680 -0.9579 -0.2329
vn -0.1663 -0.9431 -0.2879
vn -0.1486 -0.9365 -0.3177
vn -0.2041 -0.9054 -0.3722
vn -0.1235 -0.9160 -0.3818
vn -0.1643 -0.8859 -0.4338
vn -0.1576 -0.8889 -0.4300
vn -0.2024 -0.8543 -0.4787
vn -0.1218 -0.8615 -0.4929
vn -0.1558 -0.8268 -0.5404
vn -0.1533 -0.8158 -0.5577
vn -0.1693 -0.7865 -0.5939
vn -0.1665 -0.7627 -0.6250
vn -0.1657 -0.7393 -0.6527
vn -0.1287 -0.9682 -0.2145
vn -0.1290 -0.9623 -0.2395
vn -0.1207 -0.9479 -0.2947
vn -0.1138 -0.9371 -0.3299
vn -0.1073 -0.9155 -0.3878
vn -0.1137 -0.8948 -0.4318
vn -0.1153 -0.8883 -0.4446
vn -0.1140 -0.8612 -0.4952
vn -0.1205 -0.8353 -0.5365
vn -0.1303 -0.8278 -0.5457
vn -0.1449 -0.7964 -0.5871
vn -0.1452 -0.7651 -0.6274
vn -0.1544 -0.7456 -0.6482
vn -0.0991 -0.9701 -0.2214
vn -0.1103 -0.9588 -0.2618
vn -0.0979 -0.9456 -0.3102
vn -0.0952 -0.9361 -0.3385
vn -0.0923 -0.9147 -0.3935
vn -0.0956 -0.8981 -0.4292
vn -0.0960 -0.8899 -0.4460
vn -0.0952 -0.8638 -0.4947
vn -0.0973 -0.8399 -0.5339
vn -0.1005 -0.8385 -0.5356
vn -0.1317 -0.8013 -0.5835
vn -0.0756 -0.8060 -0.5870
vn -0.1044 -0.7679 -0.6320
vn -0.0230 -0.9763 -0.2150
vn -0.0610 -0.9603 -0.2721
vn -0.0068 -0.9616 -0.2743
vn -0.0260 -0.9472 -0.3194
vn -0.0315 -0.9403 -0.3390
vn -0.0326 -0.9169 -0.3979
vn -0.0322 -0.9015 -0.4316
vn -0.0300 -0.8921 -0.4508
vn -0.0277 -0.8663 -0.4988
vn -0.0279 -0.8409 -0.5404
vn -0.0146 -0.8336 -0.5521
vn 0.0029 -0.8059 -0.5920
vn -0.0048 -0.7721 -0.6355
vn 0.0493 -0.9740 -0.2209
vn 0.0782 -0.9586 -0.2739
vn 0.0330 -0.9608 -0.2752
vn 0.0581 -0.9498 -0.3075
vn 0.0497 -0.9409 -0.3351
vn 0.0488 -0.9159 -0.3984
vn 0.0515 -0.8994 -0.4341
vn 0.0524 -0.8902 -0.4525
vn 0.0498 -0.8658 -0.4979
vn 0.0497 -0.8370 -0.5449
vn 0.0571 -0.8238 -0.5640
vn 0.0692 -0.8044 -0.5901
vn 0.0500 -0.8027 -0.5943
vn 0.0541 -0.7768 -0.6274
vn 0.0652 -0.9701 -0.2337
vn 0.0798 -0.9559 -0.2828
vn 0.0822 -0.9505 -0.2997
vn 0.0836 -0.9391 -0.3332
vn 0.0837 -0.9143 -0.3964
vn 0.0871 -0.8965 -0.4345
vn 0.0849 -0.8901 -0.4478
vn 0.0796 -0.8679 -0.4903
vn 0.0782 -0.8388 -0.5389
vn 0.0734 -0.8234 -0.5627
vn 0.0740 -0.8078 -0.5848
vn 0.0636 -0.7874 -0.6131
vn 0.1047 -0.6106 0.7850
vn 0.1433 -0.6813 0.7179
vn 0.1509 -0.6321 0.7600
vn 0.1170 -0.6273 0.7699
vn 0.1150 -0.7638 0.6351
vn 0.1692 -0.7258 0.6668
vn 0.2006 -0.6883 0.6972
vn 0.1589 -0.5978 0.7858
vn 0.1904 -0.6742 0.7136
vn 0.1620 -0.6498 0.7426
vn 0.2157 -0.7079 0.6725
vn 0.2230 -0.6958 0.6827
vn 0.2317 -0.5832 0.7786
vn 0.2262 -0.6856 0.6920
vn 0.2432 -0.6428 0.7264
vn 0.2252 -0.7045 0.6730
vn 0.2301 -0.7001 0.6759
vn 0.3089 -0.5735 0.7587
vn 0.2820 -0.6573 0.6989
vn 0.3328 -0.6048 0.7235
vn 0.2352 -0.7025 0.6717
vn 0.2738 -0.6732 0.6869
vn 0.3319 -0.6192 0.7116
vn 0.3613 -0.5821 0.7284
vn 0.3369 -0.6321 0.6979
vn 0.3611 -0.5893 0.7227
vn 0.3672 -0.5830 0.7247
vn 0.3974 -0.6224 0.6743
vn 0.3905 -0.5912 0.7057
vn 0.4321 -0.6094 0.6648
vn 0.1066 -0.1209 0.9869
vn 0.1152 -0.3594 0.9260
vn 0.1405 -0.3016 0.9430
vn 0.1571 -0.2326 0.9598
vn 0.1380 -0.1531 0.9785
vn 0.1291 -0.4684 0.8740
vn 0.1498 -0.3987 0.9047
vn 0.1213 -0.3835 0.9155
vn 0.1155 -0.3707 0.9216
vn 0.1381 -0.5688 0.8108
vn 0.1678 -0.5271 0.8331
vn 0.2029 -0.4671 0.8606
vn 0.1226 -0.5928 0.7959
vn 0.1514 -0.3300 0.9318
vn 0.1932 -0.2584 0.9465
vn 0.2160 -0.2362 0.9474
vn 0.1934 -0.1874 0.9631
vn 0.1938 -0.4406 0.8766
vn 0.1650 -0.4030 0.9002
vn 0.1642 -0.3594 0.9186
vn 0.2108 -0.2871 0.9344
vn 0.1910 -0.5368 0.8218
vn 0.2246 -0.4921 0.8411
vn 0.2286 -0.4808 0.8465
vn 0.1897 -0.5505 0.8130
vn 0.2284 -0.5056 0.8320
vn 0.2334 -0.2354 0.9434
vn 0.2374 -0.2325 0.9432
vn 0.2430 -0.2070 0.9477
vn 0.2243 -0.4591 0.8596
vn 0.2388 -0.4119 0.8794
vn 0.2522 -0.3385 0.9066
vn 0.2581 -0.2576 0.9311
vn 0.2516 -0.2460 0.9361
vn 0.2363 -0.4860 0.8414
vn 0.2389 -0.4840 0.8418
vn 0.2661 -0.4467 0.8542
vn 0.2466 -0.5208 0.8173
vn 0.2485 -0.5001 0.8296
vn 0.2419 -0.2282 0.9431
vn 0.2629 -0.1821 0.9475
vn 0.3089 -0.3854 0.8695
vn 0.3309 -0.3319 0.8834
vn 0.3027 -0.2911 0.9075
vn 0.2682 -0.2536 0.9294
vn 0.2936 -0.2080 0.9330
vn 0.2418 -0.4919 0.8364
vn 0.2679 -0.4533 0.8502
vn 0.3194 -0.4049 0.8567
vn 0.3510 -0.3566 0.8658
vn 0.3131 -0.5338 0.7855
vn 0.2761 -0.5241 0.8056
vn 0.2875 -0.4906 0.8226
vn 0.3567 -0.5753 0.7361
vn 0.3289 -0.1399 0.9339
vn 0.3552 -0.3325 0.8737
vn 0.3478 -0.3213 0.8808
vn 0.3501 -0.2519 0.9022
vn 0.3676 -0.1623 0.9157
vn 0.3234 -0.4143 0.8507
vn 0.3511 -0.3637 0.8628
vn 0.3671 -0.3430 0.8646
vn 0.3680 -0.3392 0.8658
vn 0.3430 -0.5571 0.7563
vn 0.3477 -0.5354 0.7697
vn 0.3475 -0.4766 0.8075
vn 0.3645 -0.5796 0.7289
vn 0.3763 -0.5573 0.7402
vn 0.3792 -0.3057 0.8733
vn 0.4085 -0.2259 0.8843
vn 0.4205 -0.1606 0.8929
vn 0.3881 -0.4050 0.8279
vn 0.3889 -0.3629 0.8468
vn 0.3747 -0.3392 0.8629
vn 0.3905 -0.3253 0.8612
vn 0.4322 -0.2467 0.8674
vn 0.4132 -0.5086 0.7553
vn 0.4337 -0.4481 0.7818
vn 0.4466 -0.4085 0.7960
vn 0.3712 -0.5718 0.7316
vn 0.4037 -0.5377 0.7402
vn 0.3854 -0.5847 0.7138
vn 0.4632 -0.1915 0.8653
vn 0.4653 -0.1711 0.8685
vn 0.4196 -0.3877 0.8208
vn 0.3947 -0.3557 0.8472
vn 0.4254 -0.2642 0.8656
vn 0.4822 -0.2036 0.8520
vn 0.4834 -0.1837 0.8559
vn 0.4588 -0.4722 0.7527
vn 0.4813 -0.4293 0.7642
vn 0.4760 -0.4277 0.7684
vn 0.4663 -0.4195 0.7788
vn 0.4076 -0.5481 0.7303
vn 0.4516 -0.4773 0.7538
vn 0.4895 -0.4371 0.7546
vn 0.4880 -0.4312 0.7589
vn 0.4414 -0.5771 0.6871
vn 0.4784 -0.5105 0.7145
vn 0.4879 -0.3232 0.8109
vn 0.5083 -0.2077 0.8358
vn 0.4943 -0.2083 0.8440
vn 0.4835 -0.1864 0.8553
vn 0.4918 -0.4241 0.7604
vn 0.5370 -0.3714 0.7574
vn 0.5719 -0.2592 0.7783
vn 0.5423 -0.2354 0.8066
vn 0.5268 -0.2123 0.8231
vn 0.5002 -0.4528 0.7381
vn 0.4938 -0.4362 0.7523
vn 0.4962 -0.4280 0.7553
vn 0.5304 -0.3820 0.7568
vn 0.5170 -0.5478 0.6577
vn 0.5418 -0.4892 0.6835
vn 0.5322 -0.4639 0.7082
vn 0.1065 -0.1059 0.9887
vn 0.1131 -0.0945 0.9891
vn 0.1344 -0.0410 0.9901
vn 0.1421 0.0384 0.9891
vn 0.1308 0.1230 0.9838
vn 0.1225 0.1513 0.9809
vn 0.1292 -0.1281 0.9833
vn 0.1499 0.1372 0.9791
vn 0.1296 0.1598 0.9786
vn 0.1238 0.1772 0.9764
vn 0.1187 0.2321 0.9654
vn 0.1275 -0.1024 0.9865
vn 0.1401 -0.0783 0.9870
vn 0.1897 -0.0154 0.9817
vn 0.2160 0.0342 0.9758
vn 0.1943 0.0920 0.9766
vn 0.1624 -0.1326 0.9778
vn 0.1789 -0.0693 0.9814
vn 0.2221 0.0042 0.9750
vn 0.2364 0.0374 0.9709
vn 0.2021 0.0926 0.9750
vn 0.1605 0.1452 0.9763
vn 0.1673 0.1865 0.9681
vn 0.1999 0.2515 0.9470
vn 0.2457 -0.1452 0.9584
vn 0.2489 -0.0586 0.9668
vn 0.2500 0.0154 0.9681
vn 0.2455 0.0283 0.9690
vn 0.2367 0.0606 0.9697
vn 0.2344 0.1348 0.9627
vn 0.2443 0.2129 0.9460
vn 0.2580 0.2701 0.9276
vn 0.2692 0.2801 0.9214
vn 0.3066 -0.1250 0.9436
vn 0.3239 -0.0644 0.9439
vn 0.2937 -0.0156 0.9558
vn 0.2694 0.0300 0.9626
vn 0.2905 0.0791 0.9536
vn 0.3158 0.1405 0.9384
vn 0.3019 0.2024 0.9316
vn 0.2778 0.2579 0.9254
vn 0.3205 0.2160 0.9223
vn 0.2857 0.2705 0.9194
vn 0.3549 -0.0994 0.9296
vn 0.3530 -0.0755 0.9326
vn 0.3321 -0.0565 0.9416
vn 0.3055 0.0220 0.9519
vn 0.3165 0.1152 0.9416
vn 0.3530 0.1522 0.9232
vn 0.3515 0.1754 0.9196
vn 0.3739 -0.1038 0.9216
vn 0.3661 -0.0871 0.9265
vn 0.3682 -0.0792 0.9264
vn 0.3771 0.1589 0.9124
vn 0.3733 0.1684 0.9123
vn 0.3664 0.1826 0.9123
vn 0.3317 0.2366 0.9132
vn 0.3816 -0.0358 0.9236
vn 0.3907 0.0044 0.9205
vn 0.3906 0.0878 0.9164
vn 0.4016 -0.1169 0.9083
vn 0.3889 -0.0848 0.9174
vn 0.4110 -0.0477 0.9104
vn 0.4536 0.0318 0.8907
vn 0.4440 0.1202 0.8879
vn 0.3992 0.1461 0.9052
vn 0.3743 0.1753 0.9106
vn 0.3861 0.2214 0.8955
vn 0.4511 0.2821 0.8467
vn 0.4351 -0.1503 0.8877
vn 0.4107 -0.0901 0.9073
vn 0.4353 -0.0002 0.9003
vn 0.4691 0.0579 0.8813
vn 0.4586 0.0831 0.8847
vn 0.4272 0.1188 0.8963
vn 0.4163 0.1667 0.8938
vn 0.4319 0.2238 0.8737
vn 0.4766 -0.1803 0.8604
vn 0.4816 -0.1362 0.8658
vn 0.4825 0.0642 0.8735
vn 0.4794 0.0745 0.8744
vn 0.4753 0.1172 0.8720
vn 0.4813 0.1969 0.8542
vn 0.4872 0.2726 0.8297
vn 0.4957 -0.0563 0.8667
vn 0.5003 0.0328 0.8652
vn 0.4920 0.0525 0.8690
vn 0.5082 -0.1498 0.8481
vn 0.5534 -0.0865 0.8284
vn 0.5485 0.0037 0.8362
vn 0.5096 0.0470 0.8591
vn 0.4951 0.0765 0.8655
vn 0.5117 0.1310 0.8491
vn 0.5245 0.2111 0.8248
vn 0.5070 0.2662 0.8198
vn 0.5475 0.2312 0.8042
vn 0.5272 0.2569 0.8100
vn 0.1233 0.3097 0.9428
vn 0.1335 0.3658 0.9211
vn 0.1549 0.3932 0.9063
vn 0.1506 0.4155 0.8971
vn 0.1321 0.4535 0.8814
vn 0.1227 0.4889 0.8637
vn 0.1056 0.5069 0.8555
vn 0.0943 0.5355 0.8392
vn 0.1207 0.5818 0.8043
vn 0.1315 0.6232 0.7710
vn 0.1421 0.6579 0.7396
vn 0.1518 0.6757 0.7214
vn 0.1596 0.7063 0.6897
vn 0.2012 0.3036 0.9313
vn 0.1784 0.3615 0.9151
vn 0.2178 0.3329 0.9174
vn 0.1871 0.3880 0.9025
vn 0.1736 0.3960 0.9017
vn 0.1568 0.4327 0.8878
vn 0.1909 0.4284 0.8832
vn 0.1752 0.4681 0.8661
vn 0.1809 0.5069 0.8428
vn 0.1582 0.5483 0.8212
vn 0.2300 0.5567 0.7983
vn 0.2079 0.5879 0.7818
vn 0.2081 0.6205 0.7561
vn 0.2033 0.6521 0.7303
vn 0.1932 0.6708 0.7160
vn 0.1838 0.6891 0.7010
vn 0.2488 0.2856 0.9255
vn 0.2612 0.3002 0.9174
vn 0.2262 0.3490 0.9094
vn 0.1979 0.3927 0.8981
vn 0.2386 0.4426 0.8644
vn 0.2512 0.4714 0.8454
vn 0.2565 0.5147 0.8181
vn 0.2642 0.5543 0.7893
vn 0.2490 0.5781 0.7770
vn 0.2382 0.6084 0.7571
vn 0.2501 0.5960 0.7630
vn 0.2262 0.6276 0.7450
vn 0.1987 0.6608 0.7238
vn 0.2318 0.6523 0.7217
vn 0.2147 0.6722 0.7086
vn 0.2786 0.2930 0.9146
vn 0.2783 0.3231 0.9045
vn 0.2660 0.3981 0.8780
vn 0.3369 0.3869 0.8584
vn 0.3111 0.4540 0.8349
vn 0.3083 0.4752 0.8241
vn 0.2982 0.5054 0.8097
vn 0.3217 0.4907 0.8098
vn 0.2957 0.5181 0.8026
vn 0.2616 0.5617 0.7849
vn 0.2721 0.5870 0.7625
vn 0.2676 0.6096 0.7461
vn 0.2924 0.6508 0.7007
vn 0.3026 0.6711 0.6768
vn 0.3155 0.3011 0.8999
vn 0.3300 0.3354 0.8824
vn 0.3822 0.3558 0.8529
vn 0.3848 0.3847 0.8390
vn 0.3643 0.4197 0.8313
vn 0.3333 0.4648 0.8203
vn 0.3693 0.4338 0.8219
vn 0.3374 0.4781 0.8109
vn 0.3232 0.4921 0.8083
vn 0.3027 0.5508 0.7778
vn 0.3620 0.5420 0.7584
vn 0.3514 0.5812 0.7340
vn 0.3377 0.6106 0.7163
vn 0.3997 0.6005 0.6926
vn 0.3754 0.6414 0.6691
vn 0.3554 0.6715 0.6502
vn 0.3886 0.2965 0.8724
vn 0.4415 0.3394 0.8306
vn 0.4101 0.3776 0.8302
vn 0.3948 0.3934 0.8303
vn 0.4192 0.3833 0.8230
vn 0.4054 0.4040 0.8200
vn 0.3777 0.4452 0.8119
vn 0.3608 0.4962 0.7897
vn 0.4302 0.4967 0.7538
vn 0.4165 0.5492 0.7245
vn 0.4195 0.5738 0.7035
vn 0.4294 0.5922 0.6819
vn 0.4102 0.6228 0.6663
vn 0.4723 0.3082 0.8258
vn 0.4459 0.3486 0.8244
vn 0.4777 0.3161 0.8197
vn 0.4531 0.3553 0.8176
vn 0.4318 0.3986 0.8091
vn 0.4352 0.4348 0.7883
vn 0.4887 0.4480 0.7487
vn 0.4904 0.4871 0.7227
vn 0.4728 0.5355 0.6998
vn 0.4509 0.5611 0.6942
vn 0.4737 0.5415 0.6946
vn 0.4485 0.5697 0.6887
vn 0.4250 0.6056 0.6728
vn 0.4933 0.2887 0.8205
vn 0.4983 0.2921 0.8163
vn 0.4894 0.3358 0.8048
vn 0.4882 0.3926 0.7794
vn 0.5458 0.3859 0.7438
vn 0.5382 0.4381 0.7200
vn 0.5180 0.4799 0.7080
vn 0.4982 0.5097 0.7014
vn 0.5229 0.4869 0.6996
vn 0.4962 0.5136 0.7001
vn 0.4749 0.5529 0.6846
vn 0.1269 -0.7851 0.6062
vn 0.1747 -0.7391 0.6506
vn 0.1095 -0.8188 0.5635
vn 0.1062 -0.7947 0.5977
vn 0.1542 -0.8526 0.4992
vn 0.1485 -0.8388 0.5239
vn 0.1702 -0.8756 0.4521
vn 0.1817 -0.8620 0.4732
vn 0.1065 -0.9086 0.4038
vn 0.1509 -0.8794 0.4516
vn 0.1241 -0.9284 0.3502
vn 0.1738 -0.8953 0.4101
vn 0.1257 -0.9492 0.2885
vn 0.1193 -0.9679 0.2212
vn 0.1274 -0.9653 0.2280
vn 0.1851 -0.7477 0.6377
vn 0.2123 -0.7148 0.6663
vn 0.1505 -0.8261 0.5431
vn 0.1669 -0.7758 0.6086
vn 0.1779 -0.8552 0.4868
vn 0.1897 -0.8688 0.4574
vn 0.1932 -0.8666 0.4601
vn 0.1934 -0.8732 0.4474
vn 0.2109 -0.9146 0.3451
vn 0.2208 -0.8914 0.3959
vn 0.2054 -0.9341 0.2921
vn 0.1782 -0.9524 0.2472
vn 0.2271 -0.7358 0.6380
vn 0.2297 -0.7070 0.6688
vn 0.2406 -0.8094 0.5358
vn 0.2708 -0.7687 0.5794
vn 0.2609 -0.8378 0.4795
vn 0.3106 -0.7917 0.5261
vn 0.1921 -0.8684 0.4571
vn 0.2235 -0.8487 0.4794
vn 0.2252 -0.8850 0.4076
vn 0.2592 -0.9087 0.3271
vn 0.2636 -0.8983 0.3516
vn 0.2741 -0.9138 0.2997
vn 0.2842 -0.9083 0.3070
vn 0.2582 -0.9275 0.2704
vn 0.2861 -0.7417 0.6067
vn 0.2745 -0.7205 0.6368
vn 0.2797 -0.6938 0.6636
vn 0.3297 -0.7749 0.5393
vn 0.3305 -0.7545 0.5670
vn 0.3107 -0.8032 0.5082
vn 0.3376 -0.7764 0.5322
vn 0.2324 -0.8601 0.4541
vn 0.2810 -0.8168 0.5039
vn 0.2530 -0.8909 0.3772
vn 0.3012 -0.8445 0.4429
vn 0.2833 -0.9007 0.3293
vn 0.2854 -0.9101 0.3005
vn 0.2908 -0.9076 0.3027
vn 0.2856 -0.9178 0.2759
vn 0.2975 -0.9067 0.2988
vn 0.3285 -0.7337 0.5947
vn 0.3475 -0.6754 0.6505
vn 0.3413 -0.7735 0.5340
vn 0.3532 -0.7633 0.5409
vn 0.3349 -0.7869 0.5183
vn 0.3432 -0.7745 0.5313
vn 0.3548 -0.7627 0.5407
vn 0.3467 -0.7982 0.4926
vn 0.3581 -0.7799 0.5134
vn 0.3362 -0.8682 0.3649
vn 0.3887 -0.8230 0.4142
vn 0.3459 -0.8794 0.3270
vn 0.4075 -0.8366 0.3661
vn 0.3281 -0.8948 0.3028
vn 0.3307 -0.9133 0.2377
vn 0.3448 -0.9015 0.2615
vn 0.4040 -0.7046 0.5834
vn 0.4424 -0.6517 0.6160
vn 0.4452 -0.6290 0.6373
vn 0.4130 -0.7292 0.5456
vn 0.4654 -0.6680 0.5806
vn 0.3528 -0.7753 0.5239
vn 0.3826 -0.7402 0.5529
vn 0.4002 -0.7996 0.4477
vn 0.3958 -0.7906 0.4672
vn 0.4334 -0.8171 0.3801
vn 0.4363 -0.8065 0.3991
vn 0.3944 -0.8513 0.3460
vn 0.4393 -0.8172 0.3731
vn 0.3860 -0.8654 0.3194
vn 0.4387 -0.8216 0.3641
vn 0.3895 -0.8904 0.2355
vn 0.4763 -0.6491 0.5931
vn 0.4735 -0.6452 0.5996
vn 0.4504 -0.6889 0.5679
vn 0.4805 -0.6511 0.5875
vn 0.4819 -0.6490 0.5886
vn 0.4056 -0.7579 0.5110
vn 0.4487 -0.6989 0.5570
vn 0.4847 -0.6616 0.5721
vn 0.4301 -0.7964 0.4252
vn 0.4813 -0.7332 0.4804
vn 0.4436 -0.8155 0.3717
vn 0.4504 -0.8082 0.3795
vn 0.4439 -0.8162 0.3698
vn 0.4551 -0.8082 0.3738
vn 0.4534 -0.8409 0.2954
vn 0.4758 -0.8161 0.3281
vn 0.4690 -0.8568 0.2144
vn 0.5109 -0.8275 0.2328
vn 0.4907 -0.6297 0.6023
vn 0.4860 -0.6532 0.5807
vn 0.4876 -0.6464 0.5868
vn 0.5160 -0.6786 0.5227
vn 0.5175 -0.6613 0.5430
vn 0.5152 -0.6531 0.5551
vn 0.5016 -0.7607 0.4120
vn 0.5588 -0.6985 0.4470
vn 0.5622 -0.6795 0.4713
vn 0.4977 -0.7808 0.3776
vn 0.5586 -0.7139 0.4221
vn 0.4688 -0.8092 0.3543
vn 0.4829 -0.7950 0.3673
vn 0.5409 -0.7360 0.4070
vn 0.4876 -0.8212 0.2963
vn 0.5082 -0.8075 0.2993
vn 0.5131 -0.8297 0.2199
vn 0.5301 -0.8147 0.2352
vn 0.4846 -0.6037 0.6330
vn 0.5361 -0.5688 0.6238
vn 0.5686 -0.5185 0.6386
vn 0.2609 0.7111 0.6529
vn 0.3429 0.7000 0.6264
vn 0.3874 0.6598 0.6438
vn 0.3662 0.6945 0.6193
vn 0.3584 0.7118 0.6040
vn 0.4040 0.6412 0.6525
vn 0.3782 0.6794 0.6287
vn 0.3783 0.6950 0.6114
vn 0.4566 0.5846 0.6707
vn 0.4303 0.6216 0.6545
vn 0.4087 0.6662 0.6238
vn 0.4743 0.6532 0.5902
vn 0.4535 0.6843 0.5710
vn 0.5060 0.6934 0.5129
vn 0.5195 0.5367 0.6649
vn 0.5067 0.5734 0.6438
vn 0.4976 0.6072 0.6195
vn 0.5537 0.6005 0.5769
vn 0.5420 0.6379 0.5471
vn 0.5190 0.6716 0.5288
vn 0.5478 0.6524 0.5238
vn 0.5271 0.6842 0.5041
vn 0.5204 0.7008 0.4879
vn 0.1189 -0.9710 0.2074
vn 0.1264 -0.9661 0.2250
vn 0.1437 -0.9791 0.1436
vn 0.1685 -0.9816 0.0893
vn 0.1614 -0.9858 0.0469
vn 0.1511 -0.9884 -0.0116
vn 0.1443 -0.9855 -0.0894
vn 0.1281 -0.9840 -0.1240
vn 0.0959 -0.9838 -0.1512
vn 0.1284 -0.9743 0.1853
vn 0.1601 -0.9593 0.2328
vn 0.1524 -0.9836 0.0962
vn 0.1985 -0.9676 0.1559
vn 0.1855 -0.9799 0.0735
vn 0.1946 -0.9799 0.0441
vn 0.2095 -0.9777 -0.0137
vn 0.2186 -0.9725 -0.0799
vn 0.2140 -0.9712 -0.1044
vn 0.2496 -0.9606 -0.1225
vn 0.2010 -0.9704 -0.1336
vn 0.2638 -0.9486 -0.1747
vn 0.2631 -0.9399 0.2177
vn 0.1975 -0.9776 0.0733
vn 0.2706 -0.9555 0.1174
vn 0.1933 -0.9790 0.0646
vn 0.2456 -0.9658 0.0833
vn 0.1943 -0.9804 0.0338
vn 0.2359 -0.9711 0.0364
vn 0.2166 -0.9757 -0.0338
vn 0.2384 -0.9701 -0.0451
vn 0.2404 -0.9669 -0.0851
vn 0.2432 -0.9655 -0.0932
vn 0.2437 -0.9647 -0.1001
vn 0.2475 -0.9619 -0.1163
vn 0.2579 -0.9483 -0.1850
vn 0.3107 -0.9305 0.1942
vn 0.3264 -0.9357 0.1342
vn 0.3156 -0.9434 0.1019
vn 0.3093 -0.9499 0.0445
vn 0.3050 -0.9514 -0.0425
vn 0.2904 -0.9528 -0.0883
vn 0.2795 -0.9522 -0.1229
vn 0.2808 -0.9395 -0.1962
vn 0.3539 -0.9214 0.1608
vn 0.3685 -0.9144 0.1678
vn 0.3641 -0.9217 0.1340
vn 0.3677 -0.9199 0.1364
vn 0.3596 -0.9265 0.1108
vn 0.3704 -0.9280 0.0399
vn 0.3775 -0.9255 -0.0307
vn 0.3592 -0.9309 -0.0666
vn 0.3332 -0.9369 -0.1063
vn 0.3206 -0.9261 -0.1990
vn 0.3839 -0.8911 -0.2421
vn 0.4037 -0.8992 0.1685
vn 0.3660 -0.9212 0.1324
vn 0.3911 -0.9098 0.1390
vn 0.3701 -0.9231 0.1045
vn 0.3931 -0.9141 0.0995
vn 0.3961 -0.9180 0.0198
vn 0.4086 -0.9127 0.0090
vn 0.4176 -0.9081 -0.0304
vn 0.4200 -0.9067 -0.0384
vn 0.4154 -0.9080 -0.0550
vn 0.4216 -0.9049 -0.0576
vn 0.4131 -0.9076 -0.0747
vn 0.4476 -0.8875 -0.1096
vn 0.4076 -0.8981 -0.1653
vn 0.4550 -0.8665 -0.2053
vn 0.4690 -0.8642 0.1822
vn 0.5152 -0.8338 0.1982
vn 0.4506 -0.8782 0.1604
vn 0.5063 -0.8417 0.1877
vn 0.4421 -0.8916 0.0984
vn 0.4468 -0.8946 0.0065
vn 0.4398 -0.8973 -0.0386
vn 0.4350 -0.8981 -0.0655
vn 0.4405 -0.8874 -0.1362
vn 0.4487 -0.8698 -0.2054
vn 0.4622 -0.8580 -0.2242
vn 0.5244 -0.8286 0.1959
vn 0.5053 -0.8480 0.1603
vn 0.5327 -0.8280 0.1749
vn 0.5129 -0.8532 0.0944
vn 0.5541 -0.8274 0.0918
vn 0.5143 -0.8575 0.0158
vn 0.5701 -0.8213 0.0214
vn 0.4916 -0.8705 -0.0234
vn 0.5577 -0.8300 -0.0067
vn 0.4694 -0.8805 -0.0661
vn 0.5379 -0.8410 -0.0579
vn 0.4655 -0.8746 -0.1357
vn 0.5222 -0.8404 -0.1449
vn 0.4648 -0.8634 -0.1961
vn 0.4991 -0.8411 -0.2082
vn 0.0786 -0.9680 -0.2382
vn 0.1114 -0.9485 -0.2966
vn 0.1190 -0.9460 -0.3016
vn 0.1124 -0.9390 -0.3252
vn 0.0955 -0.9139 -0.3944
vn 0.1149 -0.8910 -0.4392
vn 0.1159 -0.8919 -0.4371
vn 0.0982 -0.8696 -0.4840
vn 0.1148 -0.8369 -0.5352
vn 0.1183 -0.8206 -0.5592
vn 0.1218 -0.8041 -0.5819
vn 0.1125 -0.7950 -0.5961
vn 0.1854 -0.9543 -0.2343
vn 0.2339 -0.9337 -0.2711
vn 0.2027 -0.9354 -0.2896
vn 0.1914 -0.9303 -0.3130
vn 0.2439 -0.8959 -0.3714
vn 0.1623 -0.9066 -0.3895
vn 0.2072 -0.8759 -0.4358
vn 0.2048 -0.8826 -0.4233
vn 0.2481 -0.8507 -0.4633
vn 0.1693 -0.8611 -0.4794
vn 0.2106 -0.8228 -0.5279
vn 0.2035 -0.8068 -0.5547
vn 0.2125 -0.7873 -0.5787
vn 0.2208 -0.7826 -0.5820
vn 0.2539 -0.7314 -0.6329
vn 0.2649 -0.9317 -0.2484
vn 0.2621 -0.9265 -0.2701
vn 0.2792 -0.9128 -0.2981
vn 0.2549 -0.9163 -0.3088
vn 0.2796 -0.8914 -0.3566
vn 0.2686 -0.8702 -0.4131
vn 0.2663 -0.8647 -0.4259
vn 0.2736 -0.8480 -0.4540
vn 0.2582 -0.8177 -0.5145
vn 0.2647 -0.7913 -0.5511
vn 0.2550 -0.7943 -0.5515
vn 0.2624 -0.7747 -0.5753
vn 0.2616 -0.7682 -0.5843
vn 0.2567 -0.7458 -0.6148
vn 0.2779 -0.9266 -0.2535
vn 0.2955 -0.9184 -0.2630
vn 0.2735 -0.9244 -0.2658
vn 0.2864 -0.9136 -0.2885
vn 0.2864 -0.8904 -0.3537
vn 0.2802 -0.8673 -0.4115
vn 0.2898 -0.8563 -0.4275
vn 0.2798 -0.8602 -0.4263
vn 0.2849 -0.8527 -0.4379
vn 0.2688 -0.8240 -0.4988
vn 0.2827 -0.7861 -0.5497
vn 0.2789 -0.7750 -0.5671
vn 0.2984 -0.7621 -0.5747
vn 0.2618 -0.7700 -0.5818
vn 0.2739 -0.7611 -0.5880
vn 0.3136 -0.9172 -0.2459
vn 0.3594 -0.8976 -0.2553
vn 0.3376 -0.9002 -0.2752
vn 0.3065 -0.8851 -0.3503
vn 0.3676 -0.8379 -0.4035
vn 0.2945 -0.8648 -0.4066
vn 0.3387 -0.8382 -0.4274
vn 0.3253 -0.8467 -0.4210
vn 0.3807 -0.7977 -0.4676
vn 0.3002 -0.8175 -0.4916
vn 0.3388 -0.7677 -0.5439
vn 0.3315 -0.7576 -0.5622
vn 0.3647 -0.7338 -0.5731
vn 0.3745 -0.7343 -0.5661
vn 0.4191 -0.6710 -0.6117
vn 0.4282 -0.8726 -0.2350
vn 0.4232 -0.8737 -0.2400
vn 0.4665 -0.8384 -0.2819
vn 0.4031 -0.8559 -0.3240
vn 0.4563 -0.8076 -0.3736
vn 0.4375 -0.8050 -0.4008
vn 0.4610 -0.7915 -0.4013
vn 0.4153 -0.8144 -0.4052
vn 0.4502 -0.7811 -0.4326
vn 0.4170 -0.7457 -0.5197
vn 0.4400 -0.7064 -0.5545
vn 0.3964 -0.7293 -0.5576
vn 0.4284 -0.7037 -0.5668
vn 0.4409 -0.6940 -0.5692
vn 0.4228 -0.7031 -0.5718
vn 0.4308 -0.6771 -0.5965
vn 0.4204 -0.6377 -0.6455
vn 0.4542 -0.8618 -0.2257
vn 0.4583 -0.8578 -0.2328
vn 0.4592 -0.8576 -0.2318
vn 0.4668 -0.8421 -0.2701
vn 0.4571 -0.8102 -0.3670
vn 0.4614 -0.7927 -0.3983
vn 0.4599 -0.7940 -0.3977
vn 0.4609 -0.7919 -0.4006
vn 0.4586 -0.7854 -0.4157
vn 0.4694 -0.7513 -0.4639
vn 0.4462 -0.7459 -0.4946
vn 0.4498 -0.7070 -0.5458
vn 0.4563 -0.6898 -0.5621
vn 0.4425 -0.6994 -0.5613
vn 0.4505 -0.6943 -0.5613
vn 0.4375 -0.6817 -0.5864
vn 0.4508 -0.6427 -0.6194
vn 0.4700 -0.8558 -0.2162
vn 0.5347 -0.8085 -0.2456
vn 0.4589 -0.8425 -0.2822
vn 0.5178 -0.7924 -0.3226
vn 0.4645 -0.8133 -0.3503
vn 0.4882 -0.7872 -0.3768
vn 0.4673 -0.7881 -0.4007
vn 0.5143 -0.7523 -0.4117
vn 0.4708 -0.7797 -0.4129
vn 0.4917 -0.7502 -0.4420
vn 0.5434 -0.6801 -0.4921
vn 0.4595 -0.7128 -0.5299
vn 0.4913 -0.6621 -0.5659
vn 0.4966 -0.6685 -0.5536
vn 0.5356 -0.6323 -0.5597
vn 0.4787 -0.6631 -0.5755
vn 0.5137 -0.6168 -0.5964
vn 0.5524 -0.5447 -0.6310
vn 0.4849 0.6463 -0.5892
vn 0.3156 0.6872 -0.6543
vn 0.3743 0.7141 -0.5916
vn 0.3197 0.6820 -0.6578
vn 0.4318 0.7153 -0.5495
vn 0.4077 0.6290 -0.6619
vn 0.3803 0.6772 -0.6299
vn 0.4647 0.7051 -0.5357
vn 0.5098 0.6491 -0.5646
vn 0.4721 0.7005 -0.5352
vn 0.4655 0.6015 -0.6492
vn 0.4747 0.6191 -0.6256
vn 0.4561 0.6673 -0.5888
vn 0.5213 0.6928 -0.4983
vn 0.5282 0.6458 -0.5512
vn 0.5052 0.6723 -0.5411
vn 0.5411 0.6234 -0.5644
vn 0.5312 0.6385 -0.5569
vn 0.5097 0.6663 -0.5443
vn 0.5322 0.5493 -0.6442
vn 0.5063 0.6220 -0.5972
vn 0.5114 0.6278 -0.5868
vn 0.5205 -0.1766 0.8354
vn 0.5726 -0.3121 0.7581
vn 0.5881 -0.2730 0.7613
vn 0.5793 -0.2526 0.7750
vn 0.5655 -0.2074 0.7982
vn 0.5202 -0.4457 0.7285
vn 0.5208 -0.4048 0.7516
vn 0.5677 -0.3203 0.7584
vn 0.5946 -0.2769 0.7549
vn 0.5941 -0.2674 0.7586
vn 0.5783 -0.4868 0.6547
vn 0.5668 -0.4807 0.6691
vn 0.5692 -0.4441 0.6919
vn 0.5962 -0.2518 0.7623
vn 0.6081 -0.2048 0.7670
vn 0.5960 -0.3636 0.7159
vn 0.6091 -0.2897 0.7383
vn 0.6020 -0.2739 0.7501
vn 0.6043 -0.2559 0.7546
vn 0.6359 -0.1915 0.7476
vn 0.6034 -0.4703 0.6440
vn 0.6408 -0.3980 0.6565
vn 0.6608 -0.3255 0.6764
vn 0.6479 -0.2960 0.7019
vn 0.6359 -0.2801 0.7191
vn 0.6375 -0.2410 0.7318
vn 0.6606 -0.1685 0.7315
vn 0.6761 -0.3568 0.6447
vn 0.6871 -0.3251 0.6497
vn 0.6778 -0.3074 0.6679
vn 0.6802 -0.2472 0.6901
vn 0.6955 -0.1626 0.6998
vn 0.6998 -0.3023 0.6472
vn 0.7183 -0.2365 0.6543
vn 0.7331 -0.1652 0.6598
vn 0.5295 -0.1182 0.8400
vn 0.5611 -0.0548 0.8259
vn 0.5715 -0.0173 0.8204
vn 0.5479 0.0154 0.8364
vn 0.5312 0.0775 0.8437
vn 0.5422 0.1518 0.8264
vn 0.5515 0.1990 0.8101
vn 0.5785 -0.1160 0.8074
vn 0.5935 -0.0422 0.8037
vn 0.5856 -0.0233 0.8103
vn 0.5840 0.0064 0.8117
vn 0.5907 0.0807 0.8028
vn 0.5877 0.1648 0.7921
vn 0.5751 0.2129 0.7899
vn 0.5589 0.2321 0.7961
vn 0.5853 0.2472 0.7722
vn 0.6290 -0.1097 0.7696
vn 0.6162 -0.0556 0.7857
vn 0.5942 -0.0323 0.8037
vn 0.6023 0.0253 0.7979
vn 0.6285 0.0921 0.7723
vn 0.6268 0.1566 0.7633
vn 0.5994 0.1984 0.7755
vn 0.5907 0.2118 0.7786
vn 0.6625 -0.1126 0.7405
vn 0.6506 -0.0781 0.7554
vn 0.6367 -0.0375 0.7702
vn 0.6418 0.0386 0.7659
vn 0.6523 0.1087 0.7501
vn 0.6479 0.1486 0.7471
vn 0.6237 0.1859 0.7592
vn 0.6096 0.2327 0.7578
vn 0.6812 -0.1066 0.7243
vn 0.6799 -0.0882 0.7280
vn 0.6721 -0.0463 0.7390
vn 0.6749 0.0493 0.7362
vn 0.6747 0.1075 0.7302
vn 0.6616 0.1396 0.7367
vn 0.6531 0.1717 0.7375
vn 0.6545 0.2296 0.7204
vn 0.7002 -0.1060 0.7061
vn 0.6903 -0.0994 0.7166
vn 0.6931 -0.0790 0.7165
vn 0.7095 0.0865 0.6994
vn 0.7070 0.1056 0.6993
vn 0.6891 0.1326 0.7124
vn 0.6850 0.1841 0.7049
vn 0.6948 0.2693 0.6669
vn 0.7008 -0.0231 0.7130
vn 0.7127 0.0279 0.7009
vn 0.7198 -0.1215 0.6835
vn 0.6964 -0.1039 0.7101
vn 0.7132 -0.0155 0.7008
vn 0.7406 0.0612 0.6692
vn 0.7354 0.0931 0.6712
vn 0.7195 0.1196 0.6841
vn 0.7146 0.1905 0.6731
vn 0.7138 0.2605 0.6501
vn 0.7533 -0.0693 0.6540
vn 0.7563 0.0120 0.6541
vn 0.5391 0.2765 0.7955
vn 0.5425 0.3305 0.7723
vn 0.5877 0.3023 0.7505
vn 0.5855 0.3761 0.7181
vn 0.5710 0.4179 0.7066
vn 0.5495 0.4526 0.7023
vn 0.6000 0.3976 0.6942
vn 0.5848 0.4199 0.6940
vn 0.5545 0.4541 0.6973
vn 0.5345 0.4947 0.6853
vn 0.6125 0.3139 0.7254
vn 0.6127 0.3619 0.7026
vn 0.6456 0.3520 0.6777
vn 0.6314 0.3733 0.6797
vn 0.6091 0.3980 0.6860
vn 0.5961 0.4278 0.6795
vn 0.6500 0.2966 0.6996
vn 0.6835 0.3284 0.6519
vn 0.6607 0.3450 0.6666
vn 0.5321 -0.5908 0.6065
vn 0.5339 -0.6107 0.5848
vn 0.5491 -0.6694 0.5005
vn 0.5546 -0.6512 0.5180
vn 0.5802 -0.6929 0.4280
vn 0.5777 -0.6866 0.4413
vn 0.5907 -0.6593 0.4652
vn 0.5821 -0.6918 0.4272
vn 0.5833 -0.6910 0.4271
vn 0.5382 -0.7613 0.3616
vn 0.5882 -0.7010 0.4033
vn 0.5599 -0.7829 0.2712
vn 0.6119 -0.7255 0.3150
vn 0.5367 -0.8197 0.2001
vn 0.5672 -0.7933 0.2212
vn 0.5925 -0.5849 0.5539
vn 0.6244 -0.6169 0.4791
vn 0.5974 -0.6741 0.4343
vn 0.6332 -0.6254 0.4559
vn 0.5935 -0.6892 0.4157
vn 0.5892 -0.6905 0.4195
vn 0.6249 -0.6406 0.4462
vn 0.6157 -0.6915 0.3778
vn 0.6147 -0.6969 0.3694
vn 0.6198 -0.7451 0.2462
vn 0.6559 -0.7006 0.2809
vn 0.6465 -0.7014 0.3002
vn 0.6178 -0.7521 0.2295
vn 0.6594 -0.7107 0.2450
vn 0.6709 -0.5846 0.4563
vn 0.6313 -0.6593 0.4083
vn 0.6712 -0.5982 0.4379
vn 0.6454 -0.6820 0.3440
vn 0.6907 -0.6242 0.3650
vn 0.6644 -0.7040 0.2509
vn 0.6632 -0.6984 0.2690
vn 0.7075 -0.6413 0.2968
vn 0.6648 -0.7039 0.2502
vn 0.6659 -0.7027 0.2504
vn 0.7128 -0.5687 0.4104
vn 0.7466 -0.5766 0.3320
vn 0.7063 -0.6586 0.2594
vn 0.7569 -0.5858 0.2898
vn 0.6946 -0.6740 0.2515
vn 0.7455 -0.6090 0.2709
vn 0.7689 -0.5670 0.2954
vn 0.7723 -0.5741 0.2719
vn 0.5769 -0.5295 0.6219
vn 0.5990 -0.5038 0.6224
vn 0.5942 -0.4963 0.6329
vn 0.5807 -0.5253 0.6220
vn 0.5963 -0.5072 0.6223
vn 0.6033 -0.4998 0.6214
vn 0.6107 -0.4876 0.6239
vn 0.6476 -0.4191 0.6364
vn 0.6154 -0.5155 0.5962
vn 0.6081 -0.4981 0.6182
vn 0.6177 -0.4930 0.6127
vn 0.6625 -0.5585 0.4991
vn 0.6554 -0.5226 0.5453
vn 0.6711 -0.5753 0.4676
vn 0.6446 -0.4494 0.6185
vn 0.6845 -0.3673 0.6297
vn 0.6995 -0.3345 0.6315
vn 0.6945 -0.3278 0.6404
vn 0.6481 -0.4952 0.5786
vn 0.6513 -0.4684 0.5970
vn 0.6901 -0.3832 0.6140
vn 0.6960 -0.5424 0.4704
vn 0.6930 -0.5284 0.4904
vn 0.6943 -0.4975 0.5201
vn 0.6986 -0.5447 0.4640
vn 0.7004 -0.5399 0.4669
vn 0.6941 -0.5520 0.4621
vn 0.7088 -0.3384 0.6189
vn 0.7096 -0.3335 0.6206
vn 0.7075 -0.3177 0.6313
vn 0.7329 -0.2311 0.6399
vn 0.7603 -0.1689 0.6272
vn 0.7156 -0.4267 0.5531
vn 0.7327 -0.3527 0.5820
vn 0.7265 -0.3463 0.5935
vn 0.7213 -0.3363 0.6055
vn 0.7453 -0.2674 0.6107
vn 0.7154 -0.5158 0.4714
vn 0.7467 -0.4535 0.4866
vn 0.7676 -0.3825 0.5143
vn 0.7641 -0.3631 0.5331
vn 0.7030 -0.5396 0.4633
vn 0.7070 -0.5291 0.4693
vn 0.7374 -0.4711 0.4841
vn 0.7169 -0.5415 0.4391
vn 0.7127 -0.5392 0.4487
vn 0.7534 -0.5653 0.3360
vn 0.7490 -0.5488 0.3714
vn 0.7693 -0.5638 0.3005
vn 0.7673 -0.1862 0.6137
vn 0.7763 -0.1606 0.6096
vn 0.7582 -0.3465 0.5524
vn 0.7702 -0.3058 0.5598
vn 0.7854 -0.2173 0.5795
vn 0.7838 -0.1695 0.5974
vn 0.7721 -0.4096 0.4858
vn 0.7910 -0.3691 0.4879
vn 0.7899 -0.3609 0.4959
vn 0.7961 -0.3200 0.5136
vn 0.8143 -0.2271 0.5342
vn 0.8192 -0.1814 0.5440
vn 0.7405 -0.4882 0.4618
vn 0.7728 -0.4257 0.4706
vn 0.7907 -0.3811 0.4791
vn 0.7918 -0.3676 0.4877
vn 0.8018 -0.3493 0.4848
vn 0.7587 -0.5033 0.4135
vn 0.7897 -0.4363 0.4312
vn 0.8042 -0.3905 0.4481
vn 0.7754 -0.5561 0.2992
vn 0.7802 -0.5328 0.3276
vn 0.8109 -0.4639 0.3567
vn 0.7792 -0.5525 0.2961
vn 0.7794 -0.5522 0.2961
vn 0.7804 -0.5629 0.2721
vn 0.7820 -0.5496 0.2942
vn 0.8152 -0.1669 0.5546
vn 0.8227 -0.2861 0.4911
vn 0.8463 -0.2112 0.4890
vn 0.8501 -0.1776 0.4959
vn 0.8098 -0.3701 0.4552
vn 0.8117 -0.3562 0.4629
vn 0.8257 -0.3099 0.4713
vn 0.8447 -0.2117 0.4915
vn 0.8522 -0.1820 0.4905
vn 0.8327 -0.3985 0.3845
vn 0.8378 -0.3693 0.4021
vn 0.8364 -0.3693 0.4052
vn 0.8464 -0.3168 0.4281
vn 0.8657 -0.2407 0.4390
vn 0.8144 -0.4911 0.3092
vn 0.8529 -0.4100 0.3232
vn 0.8571 -0.3822 0.3453
vn 0.8570 -0.3819 0.3459
vn 0.8099 -0.5095 0.2908
vn 0.8467 -0.4295 0.3140
vn 0.8595 -0.3900 0.3302
vn 0.8639 -0.3799 0.3307
vn 0.8019 -0.5500 0.2336
vn 0.8157 -0.5173 0.2590
vn 0.8483 -0.4562 0.2690
vn 0.8680 -0.3947 0.3014
vn 0.8734 -0.1826 0.4516
vn 0.8711 -0.1785 0.4576
vn 0.8628 -0.3463 0.3682
vn 0.8850 -0.2761 0.3748
vn 0.9001 -0.2066 0.3836
vn 0.8974 -0.1868 0.3998
vn 0.8760 -0.3565 0.3250
vn 0.8938 -0.2880 0.3436
vn 0.9068 -0.2189 0.3603
vn 0.9121 -0.1933 0.3615
vn 0.8749 -0.3739 0.3078
vn 0.8767 -0.3655 0.3127
vn 0.8890 -0.3103 0.3366
vn 0.9111 -0.2162 0.3510
vn 0.9187 -0.1899 0.3463
vn 0.8837 -0.4060 0.2330
vn 0.8944 -0.3677 0.2545
vn 0.8955 -0.3756 0.2388
vn 0.9038 -0.3423 0.2568
vn 0.9200 -0.1891 0.3433
vn 0.9189 -0.2621 0.2948
vn 0.9322 -0.1908 0.3076
vn 0.9323 -0.1838 0.3113
vn 0.9167 -0.3486 0.1950
vn 0.9364 -0.2825 0.2084
vn 0.9503 -0.2092 0.2305
vn 0.9535 -0.1808 0.2410
vn 0.7086 0.2986 0.6393
vn 0.7559 -0.1457 0.6383
vn 0.7459 -0.1436 0.6504
vn 0.7590 0.0454 0.6495
vn 0.7619 0.0789 0.6428
vn 0.7517 0.0811 0.6546
vn 0.7444 0.1206 0.6567
vn 0.7469 0.2077 0.6317
vn 0.7372 0.2740 0.6176
vn 0.7524 0.2677 0.6019
vn 0.7755 -0.1455 0.6144
vn 0.7937 -0.1016 0.5998
vn 0.8037 0.0102 0.5949
vn 0.7900 0.0581 0.6104
vn 0.7729 0.0689 0.6308
vn 0.7703 0.1277 0.6248
vn 0.7721 0.2139 0.5985
vn 0.7625 0.2541 0.5950
vn 0.7827 -0.1427 0.6058
vn 0.7974 -0.0851 0.5974
vn 0.8081 -0.0000 0.5890
vn 0.8044 0.0416 0.5926
vn 0.7975 0.0643 0.5999
vn 0.7978 0.1392 0.5866
vn 0.7916 0.2233 0.5688
vn 0.7813 0.2502 0.5718
vn 0.8087 0.2336 0.5399
vn 0.8006 0.2444 0.5470
vn 0.8134 -0.1379 0.5652
vn 0.8234 -0.0728 0.5628
vn 0.8308 0.0036 0.5566
vn 0.8279 0.0354 0.5598
vn 0.8227 0.0649 0.5647
vn 0.8205 0.1387 0.5545
vn 0.8148 0.2035 0.5428
vn 0.8436 -0.1525 0.5149
vn 0.8484 -0.0696 0.5248
vn 0.8545 0.0021 0.5195
vn 0.8474 0.0247 0.5304
vn 0.8333 0.0526 0.5504
vn 0.8281 0.1632 0.5363
vn 0.8342 0.2177 0.5066
vn 0.8304 0.2307 0.5073
vn 0.8512 -0.1809 0.4926
vn 0.8620 -0.1147 0.4937
vn 0.8536 0.2120 0.4759
vn 0.8521 0.2181 0.4757
vn 0.8473 0.2286 0.4794
vn 0.8620 0.2431 0.4448
vn 0.8703 -0.0308 0.4915
vn 0.8724 0.0010 0.4888
vn 0.8674 0.0157 0.4973
vn 0.8652 0.0175 0.5011
vn 0.8622 0.1169 0.4929
vn 0.8758 -0.1526 0.4578
vn 0.8871 -0.0608 0.4575
vn 0.8890 -0.0024 0.4580
vn 0.8883 0.0157 0.4589
vn 0.8964 0.0574 0.4394
vn 0.8893 0.1673 0.4255
vn 0.8753 0.2047 0.4382
vn 0.8711 0.2066 0.4455
vn 0.8941 -0.1567 0.4196
vn 0.9021 -0.0479 0.4288
vn 0.9077 -0.0002 0.4197
vn 0.9051 0.0150 0.4248
vn 0.9010 0.0710 0.4280
vn 0.8949 0.1663 0.4142
vn 0.8913 0.2007 0.4066
vn 0.8878 0.2133 0.4077
vn 0.9102 -0.1947 0.3655
vn 0.9181 0.1068 0.3817
vn 0.9093 0.1805 0.3751
vn 0.9083 0.2008 0.3670
vn 0.9039 0.2331 0.3587
vn 0.9249 0.2027 0.3216
vn 0.9193 0.2326 0.3175
vn 0.9201 -0.1088 0.3762
vn 0.9255 -0.0167 0.3783
vn 0.9245 -0.0023 0.3813
vn 0.9230 0.0075 0.3847
vn 0.9222 0.0317 0.3853
vn 0.9295 -0.1545 0.3348
vn 0.9396 -0.0465 0.3392
vn 0.9376 -0.0029 0.3478
vn 0.9387 0.0130 0.3444
vn 0.9387 0.0673 0.3380
vn 0.9272 0.1615 0.3380
vn 0.9219 0.1978 0.3331
vn 0.9427 -0.1473 0.2994
vn 0.9518 -0.0578 0.3011
vn 0.9528 -0.0005 0.3035
vn 0.9534 0.0155 0.3014
vn 0.9497 0.0738 0.3042
vn 0.9396 0.1625 0.3014
vn 0.9348 0.2002 0.2935
vn 0.9375 0.2044 0.2818
vn 0.9603 -0.1460 0.2379
vn 0.9664 -0.0637 0.2490
vn 0.9661 -0.0007 0.2583
vn 0.9669 0.0161 0.2548
vn 0.9643 0.0683 0.2560
vn 0.9534 0.1632 0.2538
vn 0.9454 0.2092 0.2499
vn 0.9464 0.2221 0.2345
vn 0.5782 0.4778 0.6613
vn 0.5698 0.5271 0.6305
vn 0.5616 0.5656 0.6039
vn 0.6017 0.5559 0.5735
vn 0.5890 0.5891 0.5532
vn 0.5693 0.6222 0.5374
vn 0.5875 0.5996 0.5435
vn 0.5625 0.6322 0.5328
vn 0.5384 0.6686 0.5129
vn 0.5647 0.6449 0.5149
vn 0.5356 0.6927 0.4830
vn 0.5642 0.7109 0.4199
vn 0.5985 0.7116 0.3681
vn 0.6397 0.3698 0.6738
vn 0.6247 0.4026 0.6691
vn 0.6192 0.4613 0.6355
vn 0.6120 0.5169 0.5986
vn 0.6472 0.5070 0.5694
vn 0.6341 0.5387 0.5547
vn 0.6124 0.5688 0.5491
vn 0.6385 0.5397 0.5486
vn 0.6115 0.5748 0.5438
vn 0.5902 0.6109 0.5276
vn 0.6313 0.5919 0.5011
vn 0.6199 0.6255 0.4738
vn 0.5972 0.6614 0.4537
vn 0.6596 0.6422 0.3906
vn 0.6337 0.6726 0.3821
vn 0.6639 0.6547 0.3613
vn 0.6507 0.6790 0.3399
vn 0.6481 0.6967 0.3075
vn 0.6540 0.7055 0.2732
vn 0.6946 0.3152 0.6467
vn 0.6656 0.3393 0.6647
vn 0.6542 0.4016 0.6409
vn 0.6514 0.4569 0.6058
vn 0.6925 0.4498 0.5640
vn 0.6830 0.4879 0.5436
vn 0.6636 0.5137 0.5438
vn 0.6900 0.4889 0.5338
vn 0.6716 0.5105 0.5370
vn 0.6505 0.5490 0.5249
vn 0.6862 0.5258 0.5026
vn 0.6736 0.5767 0.4623
vn 0.6610 0.6143 0.4310
vn 0.6939 0.6048 0.3907
vn 0.6800 0.6272 0.3796
vn 0.7036 0.6071 0.3693
vn 0.6800 0.6374 0.3623
vn 0.6587 0.6703 0.3417
vn 0.6820 0.6496 0.3360
vn 0.6498 0.6941 0.3097
vn 0.6987 0.6636 0.2674
vn 0.6653 0.7058 0.2432
vn 0.7222 0.2921 0.6271
vn 0.7100 0.3065 0.6341
vn 0.7004 0.3747 0.6075
vn 0.7382 0.2892 0.6095
vn 0.7350 0.3485 0.5817
vn 0.7281 0.4273 0.5360
vn 0.7110 0.4629 0.5294
vn 0.7497 0.4002 0.5270
vn 0.7394 0.4402 0.5094
vn 0.7212 0.4633 0.5150
vn 0.7049 0.4868 0.5158
vn 0.7547 0.4356 0.4906
vn 0.7378 0.4545 0.4991
vn 0.7205 0.5034 0.4769
vn 0.7056 0.5602 0.4339
vn 0.7527 0.4821 0.4483
vn 0.7322 0.5503 0.4015
vn 0.7233 0.5809 0.3733
vn 0.7411 0.5684 0.3574
vn 0.7325 0.5830 0.3514
vn 0.7120 0.6081 0.3511
vn 0.7501 0.5830 0.3120
vn 0.7305 0.6085 0.3099
vn 0.7621 0.5920 0.2623
vn 0.7440 0.6260 0.2337
vn 0.7115 0.6716 0.2069
vn 0.7718 0.2718 0.5748
vn 0.7601 0.3295 0.5601
vn 0.7906 0.2843 0.5423
vn 0.7804 0.3748 0.5005
vn 0.7700 0.4168 0.4831
vn 0.8083 0.3328 0.4856
vn 0.7912 0.4061 0.4573
vn 0.7850 0.4150 0.4599
vn 0.7781 0.4222 0.4651
vn 0.8071 0.4040 0.4305
vn 0.8036 0.4075 0.4339
vn 0.7945 0.4408 0.4176
vn 0.7670 0.5176 0.3793
vn 0.8195 0.4175 0.3927
vn 0.8009 0.4710 0.3697
vn 0.7676 0.5428 0.3408
vn 0.7538 0.5692 0.3283
vn 0.8023 0.4992 0.3273
vn 0.7718 0.5617 0.2981
vn 0.7709 0.5649 0.2943
vn 0.7818 0.5657 0.2622
vn 0.7794 0.5746 0.2497
vn 0.7618 0.6096 0.2193
vn 0.8243 0.2529 0.5066
vn 0.8437 0.2887 0.4526
vn 0.8241 0.3716 0.4276
vn 0.8439 0.3255 0.4266
vn 0.8324 0.3823 0.4012
vn 0.8298 0.3891 0.4000
vn 0.8532 0.3597 0.3777
vn 0.8460 0.3929 0.3605
vn 0.8467 0.3942 0.3572
vn 0.8373 0.4270 0.3416
vn 0.8612 0.3917 0.3239
vn 0.8598 0.4065 0.3090
vn 0.8465 0.4422 0.2964
vn 0.8103 0.5163 0.2772
vn 0.8709 0.4132 0.2660
vn 0.8552 0.4570 0.2444
vn 0.8208 0.5179 0.2411
vn 0.8736 0.2833 0.3956
vn 0.8876 0.3112 0.3395
vn 0.8696 0.3684 0.3287
vn 0.8959 0.3175 0.3107
vn 0.8797 0.3716 0.2968
vn 0.8752 0.3923 0.2831
vn 0.9006 0.3371 0.2743
vn 0.8844 0.3872 0.2605
vn 0.8869 0.3949 0.2396
vn 0.8797 0.4229 0.2173
vn 0.9237 0.2624 0.2790
vn 0.9349 0.2707 0.2297
vn 0.5297 -0.8258 0.1938
vn 0.5575 -0.8045 0.2046
vn 0.5357 -0.8296 0.1578
vn 0.5681 -0.8093 0.1492
vn 0.5631 -0.8234 0.0702
vn 0.5843 -0.8093 0.0599
vn 0.5816 -0.8134 0.0149
vn 0.5854 -0.8107 0.0110
vn 0.5814 -0.8136 -0.0013
vn 0.5838 -0.8119 -0.0047
vn 0.5874 -0.8075 -0.0539
vn 0.5992 -0.7978 -0.0667
vn 0.5875 -0.7975 -0.1368
vn 0.6137 -0.7760 -0.1454
vn 0.5686 -0.8017 -0.1843
vn 0.6143 -0.7687 -0.1782
vn 0.6054 -0.7661 0.2156
vn 0.6482 -0.7233 0.2380
vn 0.6040 -0.7835 0.1461
vn 0.6552 -0.7320 0.1868
vn 0.6062 -0.7928 0.0633
vn 0.5961 -0.8028 0.0169
vn 0.5920 -0.8059 -0.0094
vn 0.6055 -0.7914 -0.0842
vn 0.6147 -0.7727 -0.1583
vn 0.6338 -0.7539 -0.1732
vn 0.6181 -0.7655 -0.1785
vn 0.6240 -0.7601 -0.1814
vn 0.6706 -0.7066 0.2259
vn 0.6742 -0.7028 0.2268
vn 0.6636 -0.7394 0.1138
vn 0.6999 -0.7014 0.1347
vn 0.6988 -0.6998 0.1480
vn 0.6677 -0.7417 0.0632
vn 0.7186 -0.6917 0.0721
vn 0.6527 -0.7570 0.0314
vn 0.7108 -0.7016 0.0493
vn 0.6397 -0.7685 -0.0133
vn 0.6973 -0.7167 -0.0053
vn 0.6406 -0.7624 -0.0915
vn 0.6864 -0.7213 -0.0927
vn 0.6381 -0.7554 -0.1488
vn 0.6679 -0.7292 -0.1488
vn 0.7099 -0.6917 -0.1327
vn 0.6453 -0.7444 -0.1719
vn 0.6966 -0.6979 -0.1664
vn 0.7012 -0.6839 0.2016
vn 0.7494 -0.6308 0.2015
vn 0.7157 -0.6939 0.0796
vn 0.7225 -0.6834 0.1051
vn 0.7589 -0.6420 0.1090
vn 0.7233 -0.6873 0.0670
vn 0.7229 -0.6877 0.0670
vn 0.7563 -0.6502 0.0725
vn 0.7208 -0.6908 0.0568
vn 0.7260 -0.6858 0.0508
vn 0.7257 -0.6881 0.0001
vn 0.7441 -0.6679 -0.0174
vn 0.7289 -0.6792 -0.0855
vn 0.7552 -0.6480 -0.0991
vn 0.7570 -0.6420 -0.1218
vn 0.7204 -0.6819 -0.1264
vn 0.7564 -0.6426 -0.1221
vn 0.7572 -0.6415 -0.1229
vn 0.7491 -0.6435 -0.1570
vn 0.7588 -0.6309 -0.1620
vn 0.7931 -0.5755 0.1996
vn 0.7995 -0.5887 0.1194
vn 0.7469 -0.6613 0.0695
vn 0.7837 -0.6151 0.0864
vn 0.7423 -0.6688 0.0415
vn 0.7588 -0.6482 0.0636
vn 0.7494 -0.6616 -0.0274
vn 0.7516 -0.6582 -0.0437
vn 0.7535 -0.6510 -0.0919
vn 0.7605 -0.6395 -0.1128
vn 0.7604 -0.6372 -0.1258
vn 0.7637 -0.6213 -0.1753
vn 0.8135 -0.5801 0.0407
vn 0.8155 -0.5783 -0.0227
vn 0.8066 -0.5612 0.1857
vn 0.8222 -0.5534 0.1332
vn 0.8138 -0.5703 0.1114
vn 0.8048 -0.5820 0.1160
vn 0.8106 -0.5790 -0.0874
vn 0.8036 -0.5833 -0.1180
vn 0.7891 -0.6015 -0.1245
vn 0.7777 -0.6010 -0.1842
vn 0.8222 -0.5477 0.1548
vn 0.8326 -0.5276 0.1682
vn 0.8618 -0.4761 0.1751
vn 0.8329 -0.5384 0.1278
vn 0.8359 -0.5350 0.1228
vn 0.8619 -0.4899 0.1308
vn 0.8393 -0.5327 0.1085
vn 0.8389 -0.5360 0.0944
vn 0.8602 -0.5060 0.0630
vn 0.8540 -0.5191 0.0348
vn 0.8700 -0.4914 -0.0405
vn 0.8648 -0.5006 -0.0395
vn 0.8515 -0.5171 -0.0872
vn 0.8629 -0.5012 -0.0653
vn 0.8302 -0.5471 -0.1070
vn 0.8560 -0.5083 -0.0946
vn 0.8760 -0.4621 -0.1384
vn 0.8201 -0.5467 -0.1686
vn 0.8541 -0.4837 -0.1913
vn 0.8702 -0.4404 -0.2208
vn 0.8949 -0.4140 0.1664
vn 0.9084 -0.3751 0.1848
vn 0.9131 -0.3671 0.1778
vn 0.8543 -0.5051 0.1227
vn 0.8875 -0.4403 0.1360
vn 0.9077 -0.3898 0.1553
vn 0.9161 -0.3653 0.1654
vn 0.8520 -0.5160 0.0887
vn 0.8852 -0.4541 0.1015
vn 0.9136 -0.3900 0.1152
vn 0.9244 -0.3554 0.1388
vn 0.8614 -0.5075 0.0196
vn 0.8837 -0.4679 0.0155
vn 0.9208 -0.3894 0.0214
vn 0.8689 -0.4928 -0.0457
vn 0.8798 -0.4732 -0.0448
vn 0.9140 -0.4047 -0.0299
vn 0.8679 -0.4928 -0.0625
vn 0.8758 -0.4776 -0.0699
vn 0.8950 -0.4420 -0.0598
vn 0.8724 -0.4838 -0.0696
vn 0.8855 -0.4497 -0.1166
vn 0.8817 -0.4465 -0.1526
vn 0.9127 -0.3633 -0.1872
vn 0.8800 -0.4259 -0.2101
vn 0.8808 -0.4192 -0.2204
vn 0.9027 -0.3703 -0.2193
vn 0.9196 -0.3549 0.1686
vn 0.9371 -0.2940 0.1881
vn 0.9547 -0.2197 0.2006
vn 0.9628 -0.1813 0.2002
vn 0.9224 -0.3572 0.1472
vn 0.9391 -0.3117 0.1447
vn 0.9622 -0.2236 0.1554
vn 0.9714 -0.1736 0.1621
vn 0.9361 -0.3434 0.0768
vn 0.9365 -0.3385 0.0918
vn 0.9486 -0.3086 0.0705
vn 0.9706 -0.2301 0.0710
vn 0.9810 -0.1679 0.0971
vn 0.9427 -0.3332 0.0170
vn 0.9443 -0.3285 0.0198
vn 0.9508 -0.3096 0.0119
vn 0.9637 -0.2650 0.0333
vn 0.9353 -0.3537 -0.0105
vn 0.9461 -0.3239 -0.0080
vn 0.9478 -0.3184 -0.0193
vn 0.9542 -0.2988 -0.0168
vn 0.9265 -0.3752 -0.0298
vn 0.9517 -0.3029 -0.0499
vn 0.9519 -0.2953 -0.0820
vn 0.9496 -0.2897 -0.1195
vn 0.9646 -0.2246 -0.1380
vn 0.9204 -0.3753 -0.1100
vn 0.9506 -0.2804 -0.1331
vn 0.9529 -0.2708 -0.1367
vn 0.9530 -0.2626 -0.1510
vn 0.9586 -0.2416 -0.1507
vn 0.9390 -0.2978 -0.1719
vn 0.9503 -0.2628 -0.1668
vn 0.9508 -0.2506 -0.1821
vn 0.9509 -0.2283 -0.2092
vn 0.9635 -0.1624 0.2128
vn 0.9719 -0.0714 0.2243
vn 0.9725 -0.0031 0.2328
vn 0.9749 0.0190 0.2217
vn 0.9748 0.0656 0.2131
vn 0.9628 0.1704 0.2098
vn 0.9549 0.2206 0.1990
vn 0.9538 0.2356 0.1867
vn 0.9703 -0.1726 0.1694
vn 0.9658 0.1942 0.1716
vn 0.9568 0.2426 0.1599
vn 0.9591 0.2477 0.1370
vn 0.9614 0.2545 0.1047
vn 0.9584 0.2704 0.0916
vn 0.9650 0.2521 0.0722
vn 0.9544 0.2938 0.0521
vn 0.9540 0.2997 -0.0109
vn 0.9757 0.1852 -0.1171
vn 0.9600 0.2657 -0.0881
vn 0.9742 0.1821 -0.1334
vn 0.9702 0.1957 -0.1432
vn 0.9587 0.2417 -0.1500
vn 0.9671 -0.1151 -0.2270
vn 0.9758 -0.0438 -0.2142
vn 0.9776 -0.0148 -0.2101
vn 0.9763 -0.0096 -0.2162
vn 0.9710 0.0937 -0.2199
vn 0.9652 0.1889 -0.1810
vn 0.9586 0.2181 -0.1833
vn 0.9493 0.2428 -0.1997
vn 0.6909 0.6932 0.2053
vn 0.6985 0.6979 0.1586
vn 0.6959 0.7146 0.0717
vn 0.6985 0.7156 0.0100
vn 0.7045 0.7097 -0.0077
vn 0.6998 0.7115 -0.0635
vn 0.6875 0.7093 -0.1557
vn 0.6849 0.7020 -0.1951
vn 0.7405 0.6418 0.1995
vn 0.7172 0.6695 0.1934
vn 0.7435 0.6495 0.1593
vn 0.7241 0.6712 0.1587
vn 0.7521 0.6547 0.0762
vn 0.7293 0.6803 0.0736
vn 0.7549 0.6558 0.0098
vn 0.7289 0.6846 0.0090
vn 0.7532 0.6578 -0.0074
vn 0.7303 0.6831 -0.0082
vn 0.7521 0.6565 -0.0585
vn 0.7263 0.6848 -0.0593
vn 0.7465 0.6473 -0.1540
vn 0.7167 0.6809 -0.1509
vn 0.7412 0.6408 -0.2000
vn 0.7129 0.6733 -0.1958
vn 0.7928 0.5639 0.2313
vn 0.7723 0.5979 0.2146
vn 0.7589 0.6196 0.2001
vn 0.7865 0.6000 0.1459
vn 0.7636 0.6268 0.1552
vn 0.8047 0.5899 0.0670
vn 0.7774 0.6249 0.0715
vn 0.8033 0.5954 0.0150
vn 0.7817 0.6236 0.0111
vn 0.7975 0.6033 -0.0059
vn 0.7779 0.6283 -0.0064
vn 0.8002 0.5960 -0.0667
vn 0.7792 0.6239 -0.0600
vn 0.7978 0.5823 -0.1561
vn 0.7744 0.6138 -0.1533
vn 0.8084 0.5576 -0.1885
vn 0.7916 0.5788 -0.1958
vn 0.7682 0.6095 -0.1958
vn 0.8644 0.4688 0.1820
vn 0.8358 0.5133 0.1946
vn 0.8073 0.5586 0.1903
vn 0.8712 0.4739 0.1279
vn 0.8536 0.5054 0.1260
vn 0.8253 0.5507 0.1247
vn 0.8674 0.4899 0.0879
vn 0.8516 0.5194 0.0711
vn 0.8361 0.5450 0.0620
vn 0.8612 0.5042 0.0642
vn 0.8420 0.5377 0.0443
vn 0.8294 0.5580 0.0261
vn 0.8341 0.5517 0.0008
vn 0.8197 0.5728 -0.0042
vn 0.8652 0.4813 -0.1407
vn 0.8362 0.5391 -0.1011
vn 0.8250 0.5600 -0.0761
vn 0.8605 0.4846 -0.1571
vn 0.8420 0.5169 -0.1547
vn 0.8258 0.5432 -0.1520
vn 0.8502 0.4986 -0.1691
vn 0.8336 0.5236 -0.1760
vn 0.8163 0.5469 -0.1860
vn 0.9100 0.3432 0.2324
vn 0.8850 0.4138 0.2135
vn 0.8892 0.4133 0.1960
vn 0.8849 0.4325 0.1730
vn 0.8970 0.4110 0.1627
vn 0.8845 0.4419 0.1499
vn 0.8837 0.4489 0.1323
vn 0.9091 0.3986 0.1211
vn 0.8808 0.4618 0.1045
vn 0.8793 0.4668 0.0943
vn 0.8965 0.4424 0.0240
vn 0.8776 0.4767 0.0519
vn 0.8580 0.5122 0.0386
vn 0.9255 0.3736 -0.0624
vn 0.9118 0.4077 -0.0498
vn 0.8940 0.4476 -0.0191
vn 0.8603 0.5096 0.0144
vn 0.9184 0.3876 -0.0791
vn 0.9057 0.4140 -0.0911
vn 0.8976 0.4277 -0.1067
vn 0.8652 0.4961 -0.0726
vn 0.9069 0.4057 -0.1138
vn 0.8950 0.4306 -0.1167
vn 0.8822 0.4506 -0.1368
vn 0.9153 0.3196 -0.2452
vn 0.8992 0.3862 -0.2054
vn 0.8930 0.4163 -0.1709
vn 0.8699 0.4682 -0.1549
vn 0.9447 0.2691 0.1872
vn 0.9182 0.3529 0.1801
vn 0.9537 0.2743 0.1235
vn 0.9313 0.3413 0.1274
vn 0.9555 0.2863 0.0712
vn 0.9457 0.3166 0.0741
vn 0.9194 0.3882 0.0628
vn 0.9530 0.3012 0.0311
vn 0.9479 0.3185 0.0095
vn 0.9278 0.3730 -0.0050
vn 0.9469 0.3212 -0.0159
vn 0.9395 0.3403 -0.0399
vn 0.9290 0.3688 -0.0324
vn 0.9453 0.3206 -0.0600
vn 0.9309 0.3603 -0.0608
vn 0.9480 0.2912 -0.1281
vn 0.9236 0.3692 -0.1036
vn 0.9393 0.2724 -0.2086
vn 0.9185 0.3509 -0.1824
vn 0.5488 -0.8165 -0.1793
vn 0.6110 -0.7646 -0.2050
vn 0.5888 -0.7504 -0.3002
vn 0.6139 -0.7140 -0.3366
vn 0.5696 -0.7464 -0.3443
vn 0.6195 -0.7001 -0.3551
vn 0.5463 -0.7452 -0.3825
vn 0.6002 -0.7049 -0.3780
vn 0.6168 -0.6835 -0.3903
vn 0.5779 -0.7071 -0.4075
vn 0.6172 -0.6407 -0.4568
vn 0.6085 -0.6144 -0.5022
vn 0.5835 -0.6178 -0.5272
vn 0.6049 -0.5977 -0.5262
vn 0.5586 -0.6262 -0.5438
vn 0.5926 -0.6031 -0.5339
vn 0.5646 -0.5870 -0.5802
vn 0.6195 -0.7609 -0.1929
vn 0.6280 -0.7470 -0.2184
vn 0.6184 -0.7385 -0.2688
vn 0.6265 -0.7107 -0.3199
vn 0.6285 -0.6928 -0.3535
vn 0.6243 -0.6957 -0.3553
vn 0.6261 -0.6929 -0.3576
vn 0.6223 -0.6956 -0.3590
vn 0.6204 -0.6884 -0.3757
vn 0.6286 -0.6566 -0.4169
vn 0.6123 -0.6515 -0.4479
vn 0.6115 -0.6165 -0.4959
vn 0.6062 -0.5986 -0.5236
vn 0.6050 -0.5974 -0.5265
vn 0.6395 -0.7356 -0.2234
vn 0.6857 -0.6886 -0.2359
vn 0.6356 -0.7088 -0.3060
vn 0.6560 -0.6799 -0.3278
vn 0.7036 -0.6304 -0.3278
vn 0.6401 -0.6823 -0.3532
vn 0.6807 -0.6411 -0.3546
vn 0.6406 -0.6779 -0.3608
vn 0.6608 -0.6441 -0.3854
vn 0.6370 -0.6060 -0.4764
vn 0.7394 -0.6346 -0.2249
vn 0.7631 -0.5983 -0.2445
vn 0.7214 -0.6284 -0.2911
vn 0.7628 -0.5742 -0.2975
vn 0.7466 -0.5853 -0.3163
vn 0.7264 -0.5935 -0.3465
vn 0.7645 -0.5899 -0.2598
vn 0.7621 -0.5755 -0.2966
vn 0.5961 -0.5867 -0.5481
vn 0.5685 -0.5368 -0.6234
vn 0.5625 -0.4950 -0.6622
vn 0.5690 -0.4764 -0.6703
vn 0.6258 -0.5877 -0.5128
vn 0.6143 -0.5907 -0.5232
vn 0.6067 -0.5912 -0.5315
vn 0.6188 -0.5563 -0.5546
vn 0.5816 -0.5514 -0.5981
vn 0.5749 -0.5073 -0.6420
vn 0.5932 -0.4491 -0.6682
vn 0.6496 -0.3992 -0.6470
vn 0.7031 -0.5692 -0.4262
vn 0.6696 -0.5474 -0.5021
vn 0.7110 -0.5046 -0.4897
vn 0.6623 -0.5560 -0.5023
vn 0.7027 -0.5096 -0.4965
vn 0.7201 -0.4757 -0.5051
vn 0.6480 -0.5600 -0.5161
vn 0.6833 -0.5162 -0.5164
vn 0.7111 -0.4338 -0.5533
vn 0.7048 -0.3809 -0.5985
vn 0.6477 -0.4723 -0.5979
vn 0.6756 -0.3925 -0.6241
vn 0.6962 -0.3621 -0.6198
vn 0.6991 -0.3556 -0.6203
vn 0.6974 -0.3456 -0.6279
vn 0.7636 -0.5699 -0.3034
vn 0.7586 -0.5701 -0.3154
vn 0.7601 -0.5368 -0.3662
vn 0.7585 -0.5269 -0.3835
vn 0.7491 -0.4990 -0.4357
vn 0.7324 -0.5001 -0.4620
vn 0.7468 -0.4767 -0.4638
vn 0.7446 -0.4728 -0.4712
vn 0.7363 -0.4801 -0.4769
vn 0.7433 -0.4643 -0.4816
vn 0.7382 -0.4417 -0.5098
vn 0.7230 -0.4297 -0.5410
vn 0.7075 -0.3901 -0.5894
vn 0.7057 -0.3483 -0.6170
vn 0.7336 -0.3186 -0.6002
vn 0.7010 -0.3591 -0.6162
vn 0.7019 -0.3506 -0.6200
vn 0.7190 -0.3243 -0.6147
vn 0.7518 -0.2372 -0.6152
vn 0.7591 -0.1536 -0.6326
vn 0.7667 -0.5792 -0.2770
vn 0.7913 -0.5378 -0.2909
vn 0.7650 -0.5684 -0.3027
vn 0.7753 -0.5571 -0.2978
vn 0.7659 -0.5670 -0.3031
vn 0.7659 -0.5436 -0.3433
vn 0.7896 -0.4839 -0.3773
vn 0.7516 -0.4975 -0.4332
vn 0.7633 -0.4639 -0.4497
vn 0.7969 -0.4071 -0.4464
vn 0.7461 -0.4815 -0.4598
vn 0.7538 -0.4614 -0.4679
vn 0.7823 -0.4194 -0.4606
vn 0.8115 -0.3719 -0.4507
vn 0.7550 -0.4551 -0.4721
vn 0.7691 -0.4235 -0.4787
vn 0.7887 -0.3372 -0.5141
vn 0.8038 -0.2531 -0.5383
vn 0.8111 -0.2246 -0.5400
vn 0.7417 -0.3866 -0.5481
vn 0.7583 -0.3168 -0.5697
vn 0.7890 -0.2678 -0.5529
vn 0.8107 -0.2224 -0.5416
vn 0.8076 -0.2015 -0.5543
vn 0.7696 -0.2692 -0.5791
vn 0.7945 -0.2161 -0.5674
vn 0.7887 -0.1743 -0.5896
vn 0.8058 -0.5367 -0.2504
vn 0.8438 -0.4721 -0.2552
vn 0.8668 -0.4370 -0.2401
vn 0.8742 -0.4214 -0.2412
vn 0.8277 -0.4967 -0.2611
vn 0.8607 -0.4375 -0.2603
vn 0.8684 -0.4171 -0.2683
vn 0.8130 -0.4987 -0.3006
vn 0.8485 -0.4217 -0.3196
vn 0.8547 -0.3809 -0.3527
vn 0.8544 -0.3369 -0.3956
vn 0.8206 -0.4094 -0.3987
vn 0.8459 -0.3504 -0.4020
vn 0.8551 -0.3322 -0.3980
vn 0.8538 -0.3288 -0.4038
vn 0.8544 -0.3029 -0.4221
vn 0.8328 -0.3624 -0.4184
vn 0.8531 -0.3300 -0.4042
vn 0.8497 -0.2942 -0.4375
vn 0.8277 -0.2612 -0.4966
vn 0.8350 -0.1948 -0.5146
vn 0.8265 -0.3023 -0.4749
vn 0.8291 -0.2452 -0.5025
vn 0.8176 -0.2247 -0.5302
vn 0.8197 -0.1978 -0.5376
vn 0.8122 -0.2173 -0.5415
vn 0.8136 -0.2087 -0.5427
vn 0.8747 -0.4233 -0.2359
vn 0.8774 -0.4150 -0.2407
vn 0.8886 -0.3941 -0.2345
vn 0.9164 -0.3181 -0.2429
vn 0.8780 -0.4044 -0.2561
vn 0.8818 -0.3629 -0.3010
vn 0.8950 -0.2907 -0.3384
vn 0.9172 -0.2158 -0.3349
vn 0.8646 -0.3753 -0.3342
vn 0.8675 -0.3251 -0.3765
vn 0.8815 -0.2956 -0.3681
vn 0.9112 -0.2226 -0.3466
vn 0.9278 -0.1781 -0.3279
vn 0.8587 -0.3273 -0.3943
vn 0.8633 -0.3192 -0.3908
vn 0.8898 -0.2606 -0.3745
vn 0.9082 -0.1683 -0.3833
vn 0.8596 -0.2446 -0.4486
vn 0.8825 -0.1553 -0.4440
vn 0.9297 -0.3169 -0.1878
vn 0.9509 -0.2484 -0.1845
vn 0.9502 -0.2153 -0.2252
vn 0.9446 -0.1976 -0.2619
vn 0.9324 -0.2343 -0.2753
vn 0.9399 -0.1791 -0.2907
vn 0.9369 -0.1794 -0.3001
vn 0.9307 -0.1816 -0.3176
vn 0.9348 -0.1703 -0.3118
vn 0.7482 -0.0985 -0.6562
vn 0.7452 -0.0892 -0.6608
vn 0.7503 -0.0799 -0.6563
vn 0.7556 0.1608 -0.6351
vn 0.7520 0.1747 -0.6356
vn 0.7486 0.1865 -0.6363
vn 0.7243 0.2133 -0.6557
vn 0.8110 0.2922 -0.5069
vn 0.7931 -0.1487 -0.5906
vn 0.7879 -0.0666 -0.6122
vn 0.8077 -0.0010 -0.5896
vn 0.8257 0.0487 -0.5619
vn 0.8132 0.0846 -0.5758
vn 0.7828 0.1331 -0.6079
vn 0.7744 0.1904 -0.6033
vn 0.7978 0.2473 -0.5499
vn 0.7631 -0.1171 -0.6356
vn 0.7558 -0.0743 -0.6506
vn 0.7797 -0.0429 -0.6247
vn 0.8094 0.0311 -0.5865
vn 0.7987 0.1195 -0.5897
vn 0.7667 0.1561 -0.6228
vn 0.7567 0.1773 -0.6292
vn 0.7627 0.1831 -0.6203
vn 0.8523 0.2595 -0.4541
vn 0.8636 -0.1216 -0.4894
vn 0.8721 0.1849 -0.4530
vn 0.8652 0.2120 -0.4544
vn 0.8401 0.2514 -0.4807
vn 0.8466 -0.1258 -0.5171
vn 0.8647 -0.0689 -0.4975
vn 0.8505 0.0005 -0.5260
vn 0.8339 0.0379 -0.5506
vn 0.8339 0.0638 -0.5482
vn 0.8434 0.1414 -0.5184
vn 0.8478 0.2135 -0.4854
vn 0.8312 0.2755 -0.4829
vn 0.8247 -0.1534 -0.5444
vn 0.8336 -0.0667 -0.5484
vn 0.8368 0.0168 -0.5473
vn 0.8337 0.0452 -0.5503
vn 0.8275 0.0637 -0.5579
vn 0.8158 0.1221 -0.5652
vn 0.8079 0.1952 -0.5560
vn 0.8076 0.2536 -0.5325
vn 0.9189 0.2950 -0.2618
vn 0.9073 0.3079 -0.2863
vn 0.9252 -0.1481 -0.3493
vn 0.9245 0.1118 -0.3645
vn 0.9091 0.1540 -0.3871
vn 0.8945 0.1845 -0.4072
vn 0.8948 0.2625 -0.3612
vn 0.9001 -0.1109 -0.4214
vn 0.8942 -0.0730 -0.4418
vn 0.8989 -0.0446 -0.4359
vn 0.9115 0.0310 -0.4101
vn 0.9109 0.1057 -0.3989
vn 0.8960 0.1618 -0.4134
vn 0.8908 0.1858 -0.4147
vn 0.8863 0.2153 -0.4101
vn 0.8972 -0.0857 -0.4331
vn 0.8944 -0.0686 -0.4420
vn 0.8903 -0.0428 -0.4533
vn 0.8853 0.0175 -0.4647
vn 0.8919 0.0942 -0.4424
vn 0.8932 0.1668 -0.4176
vn 0.8859 0.1865 -0.4247
vn 0.8721 0.2086 -0.4427
vn 0.8820 -0.0791 -0.4646
vn 0.8893 -0.0635 -0.4528
vn 0.8770 -0.0250 -0.4798
vn 0.8578 0.0265 -0.5133
vn 0.8566 0.0593 -0.5125
vn 0.8652 0.1251 -0.4856
vn 0.9549 -0.1327 -0.2655
vn 0.9711 -0.0561 -0.2321
vn 0.9738 -0.0074 -0.2273
vn 0.9672 0.0070 -0.2538
vn 0.9538 0.0610 -0.2943
vn 0.9515 0.1575 -0.2644
vn 0.9501 0.2139 -0.2270
vn 0.9379 0.2595 -0.2304
vn 0.9386 -0.1546 -0.3083
vn 0.9529 -0.0841 -0.2915
vn 0.9613 0.0037 -0.2755
vn 0.9552 0.0462 -0.2925
vn 0.9470 0.0810 -0.3110
vn 0.9465 0.1199 -0.2996
vn 0.9462 0.1842 -0.2660
vn 0.9301 0.2692 -0.2497
vn 0.9348 -0.1461 -0.3236
vn 0.9328 -0.0861 -0.3501
vn 0.9365 -0.0038 -0.3508
vn 0.9423 0.0533 -0.3305
vn 0.9426 0.0826 -0.3237
vn 0.9309 0.1231 -0.3440
vn 0.9197 0.1607 -0.3583
vn 0.9122 0.2432 -0.3298
vn 0.9135 -0.1090 -0.3919
vn 0.9077 -0.0637 -0.4148
vn 0.9164 -0.0253 -0.3995
vn 0.9333 0.0409 -0.3568
vn 0.9332 0.0763 -0.3511
vn 0.5958 0.7111 -0.3734
vn 0.6045 0.6954 -0.3886
vn 0.5808 0.6584 -0.4787
vn 0.5803 0.6785 -0.4503
vn 0.5754 0.5950 -0.5611
vn 0.5436 0.6377 -0.5457
vn 0.5383 0.6588 -0.5255
vn 0.6150 0.5503 -0.5647
vn 0.5760 0.5915 -0.5643
vn 0.5415 0.6278 -0.5592
vn 0.5932 0.4841 -0.6433
vn 0.6107 0.5235 -0.5941
vn 0.5773 0.5924 -0.5620
vn 0.6525 0.7136 -0.2550
vn 0.6365 0.6972 -0.3298
vn 0.6460 0.6584 -0.3862
vn 0.6214 0.6898 -0.3716
vn 0.6427 0.6559 -0.3959
vn 0.6197 0.6818 -0.3888
vn 0.6471 0.5961 -0.4753
vn 0.6232 0.6523 -0.4314
vn 0.6120 0.6750 -0.4121
vn 0.6325 0.5323 -0.5626
vn 0.6190 0.5553 -0.5554
vn 0.5897 0.6184 -0.5195
vn 0.6454 0.5150 -0.5641
vn 0.6348 0.5299 -0.5623
vn 0.6155 0.5513 -0.5632
vn 0.6367 0.4305 -0.6397
vn 0.6258 0.4962 -0.6018
vn 0.6298 0.5207 -0.5764
vn 0.6847 0.6962 -0.2154
vn 0.6891 0.6452 -0.3298
vn 0.6639 0.6858 -0.2981
vn 0.6977 0.6013 -0.3894
vn 0.6782 0.6283 -0.3813
vn 0.6499 0.6692 -0.3602
vn 0.6977 0.5998 -0.3916
vn 0.6789 0.6253 -0.3850
vn 0.6907 0.5534 -0.4654
vn 0.6914 0.5814 -0.4288
vn 0.6715 0.6236 -0.4002
vn 0.6784 0.4715 -0.5634
vn 0.6488 0.5234 -0.5523
vn 0.6530 0.5451 -0.5258
vn 0.7099 0.4297 -0.5581
vn 0.6790 0.4775 -0.5577
vn 0.6471 0.5136 -0.5635
vn 0.6773 0.3239 -0.6606
vn 0.6903 0.3503 -0.6330
vn 0.6969 0.3985 -0.5963
vn 0.6703 0.4711 -0.5734
vn 0.7591 0.6046 -0.2412
vn 0.7399 0.6369 -0.2167
vn 0.7146 0.6707 -0.1988
vn 0.7407 0.5959 -0.3102
vn 0.7301 0.6170 -0.2938
vn 0.7070 0.6613 -0.2508
vn 0.7488 0.5391 -0.3856
vn 0.7212 0.5832 -0.3738
vn 0.7077 0.6059 -0.3633
vn 0.7633 0.4994 -0.4099
vn 0.7474 0.5346 -0.3946
vn 0.7194 0.5754 -0.3890
vn 0.7476 0.4347 -0.5020
vn 0.7518 0.4701 -0.4625
vn 0.7392 0.5245 -0.4224
vn 0.7167 0.5696 -0.4024
vn 0.7450 0.4002 -0.5338
vn 0.7328 0.4123 -0.5414
vn 0.7274 0.4331 -0.5324
vn 0.7082 0.4929 -0.5055
vn 0.7402 0.3521 -0.5728
vn 0.7333 0.3969 -0.5521
vn 0.7302 0.4134 -0.5440
vn 0.7127 0.4324 -0.5523
vn 0.6987 0.3075 -0.6459
vn 0.7058 0.3681 -0.6052
vn 0.7122 0.3965 -0.5793
vn 0.7965 0.5622 -0.2225
vn 0.7874 0.5771 -0.2168
vn 0.7662 0.6109 -0.1994
vn 0.7990 0.4856 -0.3546
vn 0.7829 0.5353 -0.3172
vn 0.7750 0.5626 -0.2878
vn 0.7898 0.4902 -0.3687
vn 0.7813 0.5038 -0.3685
vn 0.7560 0.5521 -0.3516
vn 0.7922 0.4595 -0.4017
vn 0.7808 0.4897 -0.3880
vn 0.7746 0.5065 -0.3788
vn 0.8080 0.3078 -0.5024
vn 0.7902 0.3386 -0.5108
vn 0.7687 0.4204 -0.4820
vn 0.7689 0.4640 -0.4399
vn 0.8086 0.3093 -0.5005
vn 0.7814 0.3585 -0.5107
vn 0.7575 0.3935 -0.5209
vn 0.8004 0.3114 -0.5123
vn 0.7722 0.3630 -0.5215
vn 0.7569 0.2668 -0.5966
vn 0.8580 0.4300 -0.2811
vn 0.8474 0.4771 -0.2328
vn 0.8277 0.5218 -0.2064
vn 0.8614 0.3896 -0.3259
vn 0.8496 0.4132 -0.3278
vn 0.8376 0.4428 -0.3200
vn 0.8113 0.5070 -0.2912
vn 0.8614 0.3543 -0.3640
vn 0.8514 0.4001 -0.3393
vn 0.8475 0.4095 -0.3379
vn 0.8264 0.4493 -0.3394
vn 0.8390 0.3172 -0.4422
vn 0.8477 0.3649 -0.3850
vn 0.8404 0.4121 -0.3520
vn 0.8153 0.4557 -0.3572
vn 0.8256 0.2912 -0.4832
vn 0.8272 0.3128 -0.4667
vn 0.8107 0.3877 -0.4388
vn 0.8211 0.2902 -0.4916
vn 0.9113 0.3094 -0.2716
vn 0.8987 0.3526 -0.2606
vn 0.8860 0.3945 -0.2437
vn 0.8663 0.4547 -0.2066
vn 0.9031 0.3180 -0.2886
vn 0.8864 0.3522 -0.3003
vn 0.8719 0.3841 -0.3037
vn 0.8955 0.3149 -0.3146
vn 0.8789 0.3639 -0.3085
vn 0.8723 0.2881 -0.3952
vn 0.9285 0.2791 -0.2449
vn 0.9814 -0.1526 0.1164
vn 0.9817 -0.1827 0.0534
vn 0.9873 -0.1426 0.0704
vn 0.9778 -0.2043 0.0471
vn 0.9872 -0.1519 0.0488
vn 0.9741 -0.2262 0.0022
vn 0.9900 -0.1405 -0.0086
vn 0.9682 -0.2354 -0.0844
vn 0.9863 -0.1406 -0.0865
vn 0.9804 -0.1686 -0.1015
vn 0.9710 -0.1763 -0.1614
vn 0.9718 -0.1410 0.1890
vn 0.9779 -0.0668 0.1981
vn 0.9798 -0.0002 0.1998
vn 0.9831 0.0279 0.1807
vn 0.9853 0.0530 0.1624
vn 0.9778 0.1203 0.1715
vn 0.9823 -0.1443 0.1191
vn 0.9889 -0.0787 0.1261
vn 0.9900 0.0015 0.1407
vn 0.9898 0.0419 0.1362
vn 0.9903 0.0636 0.1234
vn 0.9828 0.1292 0.1319
vn 0.9691 0.2061 0.1357
vn 0.9871 -0.1397 0.0780
vn 0.9926 -0.0913 0.0806
vn 0.9958 -0.0079 0.0915
vn 0.9945 0.0513 0.0914
vn 0.9947 0.0690 0.0768
vn 0.9900 0.1205 0.0739
vn 0.9758 0.2027 0.0822
vn 0.9905 -0.1326 0.0368
vn 0.9950 -0.0971 0.0238
vn 0.9993 -0.0143 0.0336
vn 0.9974 0.0600 0.0404
vn 0.9962 0.0817 0.0291
vn 0.9923 0.1225 0.0196
vn 0.9824 0.1836 0.0341
vn 0.9685 0.2479 0.0252
vn 0.9936 -0.1099 -0.0252
vn 0.9948 -0.0937 -0.0402
vn 0.9991 -0.0254 -0.0335
vn 0.9986 0.0517 -0.0138
vn 0.9954 0.0947 -0.0147
vn 0.9910 0.1291 -0.0352
vn 0.9875 0.1543 -0.0312
vn 0.9723 0.2333 -0.0151
vn 0.9922 -0.1024 -0.0704
vn 0.9927 -0.0862 -0.0839
vn 0.9952 -0.0447 -0.0867
vn 0.9966 0.0400 -0.0724
vn 0.9915 0.1089 -0.0711
vn 0.9862 0.1433 -0.0827
vn 0.9855 0.1460 -0.0869
vn 0.9748 0.2143 -0.0628
vn 0.9908 -0.0975 -0.0939
vn 0.9914 -0.0656 -0.1129
vn 0.9890 -0.0361 -0.1432
vn 0.9892 0.0268 -0.1439
vn 0.9880 0.1020 -0.1156
vn 0.9841 0.1459 -0.1016
vn 0.9811 0.1605 -0.1079
vn 0.9837 -0.0852 -0.1586
vn 0.9835 -0.0439 -0.1753
vn 0.9805 -0.0155 -0.1958
vn 0.9807 0.0010 -0.1954
vn 0.9869 0.0539 -0.1523
vn 0.9812 0.1380 -0.1348
vn 0.9751 -0.0036 -0.2218
vn 0.9743 0.0196 -0.2244
vn -0.2290 0.7095 0.6665
vn -0.2041 0.7078 0.6763
vn -0.1258 0.7169 0.6858
vn -0.0625 0.7309 0.6796
vn -0.0372 0.7309 0.6815
vn -0.0014 0.7301 0.6834
vn 0.0846 0.7400 0.6673
vn -0.2724 0.7588 0.5916
vn -0.2792 0.7673 0.5773
vn -0.2651 0.7802 0.5666
vn -0.2821 0.7933 0.5395
vn -0.2752 0.8263 0.4914
vn -0.2999 0.8279 0.4740
vn -0.2830 0.8581 0.4285
vn -0.2873 0.8589 0.4239
vn -0.2768 0.8717 0.4044
vn -0.2881 0.8670 0.4066
vn -0.2696 0.8934 0.3593
vn -0.2782 0.9169 0.2863
vn -0.2853 0.9207 0.2663
vn -0.2647 0.9311 0.2509
vn -0.2466 0.7551 0.6075
vn -0.2609 0.7682 0.5846
vn -0.2597 0.7783 0.5716
vn -0.2629 0.7894 0.5548
vn -0.2514 0.8273 0.5024
vn -0.2629 0.8578 0.4416
vn -0.2738 0.8618 0.4271
vn -0.2606 0.8766 0.4046
vn -0.2584 0.8990 0.3537
vn -0.2670 0.9191 0.2898
vn -0.2548 0.9280 0.2717
vn -0.2735 0.9244 0.2658
vn -0.2645 0.9312 0.2508
vn -0.2281 0.7454 0.6263
vn -0.2067 0.7751 0.5970
vn -0.2589 0.7676 0.5864
vn -0.2217 0.7860 0.5772
vn -0.1597 0.8156 0.5562
vn -0.2456 0.7962 0.5529
vn -0.2006 0.8409 0.5027
vn -0.2073 0.8627 0.4613
vn -0.1702 0.8835 0.4365
vn -0.2434 0.8703 0.4282
vn -0.2028 0.8916 0.4049
vn -0.2060 0.9060 0.3698
vn -0.1560 0.9348 0.3192
vn -0.2401 0.9229 0.3009
vn -0.1967 0.9415 0.2737
vn -0.2103 0.9443 0.2533
vn -0.1257 0.7533 0.6456
vn -0.1152 0.7938 0.5972
vn -0.1104 0.8062 0.5812
vn -0.0763 0.8280 0.5555
vn -0.1056 0.8517 0.5133
vn -0.1193 0.8746 0.4700
vn -0.1060 0.8934 0.4366
vn -0.1191 0.9025 0.4139
vn -0.1139 0.9186 0.3785
vn -0.0833 0.9420 0.3251
vn -0.1079 0.9512 0.2892
vn -0.1211 0.9578 0.2608
vn -0.0618 0.7591 0.6481
vn -0.0679 0.7944 0.6036
vn -0.0744 0.8147 0.5750
vn -0.0736 0.8281 0.5557
vn -0.0792 0.8438 0.5308
vn -0.0882 0.8755 0.4751
vn -0.0875 0.8946 0.4381
vn -0.0894 0.9025 0.4213
vn -0.0905 0.9246 0.3702
vn -0.0829 0.9428 0.3229
vn -0.0810 0.9510 0.2983
vn -0.0753 0.9633 0.2576
vn -0.0401 0.7517 0.6583
vn -0.0454 0.7855 0.6172
vn -0.0511 0.8123 0.5810
vn -0.0501 0.8279 0.5586
vn -0.0501 0.8396 0.5410
vn -0.0536 0.8730 0.4847
vn -0.0528 0.8970 0.4388
vn -0.0519 0.9032 0.4262
vn -0.0530 0.9264 0.3729
vn -0.0505 0.9459 0.3206
vn -0.0504 0.9540 0.2956
vn -0.0457 0.9677 0.2481
vn 0.0052 0.7533 0.6576
vn 0.0104 0.7859 0.6182
vn 0.0143 0.8158 0.5781
vn 0.0197 0.8336 0.5520
vn 0.0262 0.8421 0.5387
vn 0.0302 0.8741 0.4848
vn 0.0308 0.8988 0.4373
vn 0.0331 0.9045 0.4253
vn 0.0362 0.9267 0.3740
vn 0.0343 0.9454 0.3241
vn 0.0283 0.9539 0.2988
vn 0.0234 0.9682 0.2491
vn 0.0990 0.7605 0.6418
vn 0.1015 0.7861 0.6097
vn 0.1002 0.8140 0.5722
vn 0.0950 0.8336 0.5442
vn 0.0996 0.8437 0.5275
vn 0.1025 0.8725 0.4778
vn 0.0967 0.8946 0.4363
vn 0.0979 0.9036 0.4170
vn 0.1024 0.9244 0.3675
vn 0.0962 0.9398 0.3279
vn 0.0960 0.9489 0.3007
vn 0.1008 0.9621 0.2533
vn -0.2896 0.9213 0.2595
vn -0.2478 0.9460 0.2090
vn -0.2473 0.9611 0.1227
vn -0.2664 0.9595 0.0913
vn -0.2818 0.9583 0.0469
vn -0.2895 0.9566 -0.0331
vn -0.3032 0.9482 -0.0950
vn -0.3528 0.9252 -0.1399
vn -0.3262 0.9361 -0.1311
vn -0.3268 0.9326 -0.1530
vn -0.3142 0.9336 -0.1721
vn -0.2544 0.9475 0.1939
vn -0.2461 0.9611 0.1257
vn -0.2417 0.9660 0.0919
vn -0.2328 0.9712 0.0501
vn -0.2223 0.9745 -0.0301
vn -0.2252 0.9716 -0.0725
vn -0.2434 0.9630 -0.1160
vn -0.2408 0.9522 -0.1879
vn -0.2097 0.9599 0.1860
vn -0.2109 0.9695 0.1248
vn -0.2354 0.9674 0.0929
vn -0.1990 0.9776 0.0686
vn -0.2279 0.9734 0.0249
vn -0.2004 0.9797 0.0017
vn -0.1999 0.9788 -0.0456
vn -0.1964 0.9801 -0.0297
vn -0.1927 0.9789 -0.0687
vn -0.1786 0.9770 -0.1167
vn -0.1648 0.9669 -0.1946
vn -0.1219 0.9747 0.1871
vn -0.1279 0.9816 0.1414
vn -0.0950 0.9864 0.1343
vn -0.1665 0.9786 0.1206
vn -0.1189 0.9883 0.0950
vn -0.1299 0.9914 0.0148
vn -0.1908 0.9795 -0.0639
vn -0.1504 0.9877 -0.0427
vn -0.1890 0.9790 -0.0766
vn -0.1609 0.9847 -0.0662
vn -0.1654 0.9752 -0.1469
vn -0.1554 0.9805 -0.1200
vn -0.1340 0.9697 -0.2041
vn -0.0660 0.9801 0.1874
vn -0.0652 0.9861 0.1527
vn -0.0568 0.9883 0.1415
vn -0.0609 0.9930 0.1014
vn -0.0620 0.9977 0.0278
vn -0.0761 0.9969 -0.0206
vn -0.0851 0.9943 -0.0647
vn -0.1320 0.9739 -0.1845
vn -0.0881 0.9869 -0.1352
vn -0.1084 0.9691 -0.2217
vn -0.0714 0.9795 -0.1882
vn -0.0460 0.9817 0.1848
vn -0.0553 0.9869 0.1513
vn -0.0481 0.9900 0.1323
vn -0.0338 0.9955 0.0884
vn -0.0144 0.9996 0.0247
vn -0.0162 0.9998 -0.0081
vn -0.0114 0.9978 -0.0653
vn -0.0041 0.9923 -0.1234
vn -0.0340 0.9793 -0.1996
vn -0.0025 0.9858 -0.1679
vn 0.0006 0.9793 0.2024
vn -0.0080 0.9852 0.1711
vn -0.0390 0.9862 0.1608
vn -0.0120 0.9913 0.1309
vn 0.0025 0.9972 0.0744
vn 0.0044 0.9999 0.0163
vn 0.0065 0.9998 -0.0189
vn 0.0318 0.9958 -0.0864
vn 0.0575 0.9889 -0.1373
vn 0.0475 0.9912 -0.1239
vn 0.0416 0.9855 -0.1644
vn 0.0290 0.9885 -0.1486
vn 0.1056 0.9710 0.2147
vn 0.0614 0.9801 0.1887
vn 0.1403 0.9739 0.1784
vn 0.0896 0.9866 0.1363
vn 0.0854 0.9936 0.0738
vn 0.0711 0.9970 0.0299
vn 0.0612 0.9977 -0.0288
vn 0.0620 0.9932 -0.0990
vn 0.0655 0.9869 -0.1473
vn 0.0538 0.9901 -0.1294
vn 0.0822 0.9807 -0.1774
vn -0.2283 0.9683 -0.1011
vn -0.2834 0.9322 -0.2253
vn -0.0852 0.9884 0.1254
vn -0.0084 0.9681 0.2505
vn 0.0271 0.9573 0.2877
vn 0.0336 0.9681 0.2485
vn 0.0272 0.9820 0.1870
vn 0.0269 0.9909 0.1317
vn 0.0269 0.9966 0.0776
vn 0.0347 0.9988 0.0347
vn 0.0276 0.9991 0.0314
vn -0.1894 0.9695 -0.1554
vn -0.2254 0.9410 -0.2525
vn -0.0705 0.9970 -0.0310
vn -0.1677 0.9647 -0.2029
vn 0.0268 0.9880 0.1523
vn 0.0594 0.9647 0.2565
vn 0.0926 0.9628 0.2540
vn 0.0833 0.9772 0.1953
vn 0.0784 0.9882 0.1318
vn 0.0789 0.9938 0.0789
vn 0.0776 0.9966 0.0269
vn -0.1667 0.9538 -0.2500
vn -0.1873 0.9807 -0.0556
vn -0.1622 0.9699 -0.1817
vn -0.1163 0.9895 0.0858
vn -0.0085 0.9954 0.0954
vn 0.1210 0.9683 0.2183
vn 0.1381 0.9700 0.1999
vn 0.1344 0.9818 0.1344
vn 0.1318 0.9882 0.0784
vn 0.1317 0.9909 0.0269
vn -0.1329 0.9595 -0.2485
vn -0.1105 0.9677 -0.2264
vn 0.1549 0.9843 -0.0844
vn 0.0271 0.9955 -0.0907
vn 0.2257 0.9724 0.0593
vn 0.1888 0.9671 0.1707
vn 0.1982 0.9607 0.1943
vn 0.1952 0.9705 0.1414
vn 0.1890 0.9786 0.0812
vn 0.1870 0.9820 0.0272
vn -0.1104 0.9617 -0.2510
vn -0.0955 0.9517 -0.2918
vn 0.0320 0.9819 -0.1865
vn -0.0321 0.9580 -0.2849
vn 0.1279 0.9899 0.0606
vn 0.1994 0.9618 0.1875
vn 0.2198 0.9650 0.1430
vn 0.2363 0.9522 0.1937
vn 0.2411 0.9600 0.1421
vn 0.2472 0.9653 0.0842
vn 0.2489 0.9681 0.0275
vn -0.0585 0.9665 -0.2499
vn -0.0502 0.9467 -0.3182
vn -0.0204 0.9590 -0.2828
vn -0.0349 0.9415 -0.3352
vn 0.1106 0.9860 -0.1244
vn 0.2860 0.9524 0.1055
vn 0.2880 0.9410 0.1776
vn 0.3438 0.9302 0.1283
vn 0.3062 0.9425 0.1337
vn 0.3524 0.9311 0.0939
vn 0.3088 0.9473 0.0849
vn 0.3530 0.9351 0.0315
vn 0.3038 0.9523 0.0284
vn 0.0390 0.9702 -0.2391
vn 0.0225 0.9497 -0.3124
vn 0.0053 0.9358 -0.3524
vn -0.0035 0.9401 -0.3408
vn 0.0544 0.9535 -0.2965
vn 0.2479 0.9652 -0.0839
vn 0.3952 0.9138 0.0934
vn 0.4078 0.9083 0.0930
vn 0.4173 0.9083 0.0280
vn 0.1024 0.9650 -0.2414
vn 0.0873 0.9564 -0.2787
vn 0.0636 0.9282 -0.3666
vn 0.0642 0.9496 -0.3069
vn 0.0989 0.9179 -0.3844
vn 0.3103 0.9132 -0.2642
vn 0.2430 0.9262 -0.2882
vn 0.4253 0.9048 -0.0221
vn 0.4086 0.9126 0.0177
vn 0.5492 0.8354 0.0211
vn 0.4781 0.8757 0.0679
vn 0.5784 0.8151 0.0329
vn 0.4815 0.8760 0.0292
vn 0.1531 0.7382 0.6570
vn 0.1637 0.7241 0.6700
vn 0.1835 0.7180 0.6715
vn 0.1492 0.7582 0.6348
vn 0.1422 0.7795 0.6100
vn 0.1334 0.8064 0.5761
vn 0.1235 0.8268 0.5488
vn 0.1261 0.8214 0.5562
vn 0.1208 0.8416 0.5264
vn 0.1220 0.8683 0.4807
vn 0.1139 0.8904 0.4407
vn 0.1174 0.9049 0.4092
vn 0.1192 0.9255 0.3595
vn 0.1127 0.9382 0.3272
vn 0.1181 0.9371 0.3286
vn 0.1123 0.9476 0.2992
vn 0.1225 0.9617 0.2451
vn 0.1619 0.7511 0.6401
vn 0.1522 0.7728 0.6161
vn 0.1656 0.7976 0.5800
vn 0.1680 0.8133 0.5571
vn 0.1669 0.8402 0.5159
vn 0.1667 0.8589 0.4843
vn 0.1252 0.8876 0.4432
vn 0.2153 0.8736 0.4364
vn 0.1615 0.9039 0.3961
vn 0.1711 0.9163 0.3621
vn 0.1661 0.9276 0.3347
vn 0.1387 0.9463 0.2920
vn 0.1580 0.9605 0.2289
vn 0.2247 0.7519 0.6199
vn 0.1952 0.7710 0.6062
vn 0.2695 0.7650 0.5849
vn 0.2397 0.7919 0.5616
vn 0.2545 0.8054 0.5354
vn 0.2561 0.8285 0.4981
vn 0.2705 0.8419 0.4670
vn 0.3009 0.8547 0.4231
vn 0.2647 0.8838 0.3857
vn 0.2604 0.8985 0.3534
vn 0.2771 0.9021 0.3307
vn 0.2314 0.9284 0.2908
vn 0.3069 0.9149 0.2622
vn 0.2523 0.9421 0.2210
vn 0.3188 0.7394 0.5930
vn 0.3206 0.7550 0.5720
vn 0.3102 0.7800 0.5435
vn 0.3122 0.7987 0.5144
vn 0.3032 0.8175 0.4896
vn 0.3104 0.8136 0.4916
vn 0.3002 0.8374 0.4569
vn 0.3042 0.8579 0.4141
vn 0.3013 0.8732 0.3830
vn 0.3070 0.8751 0.3741
vn 0.3009 0.8885 0.3464
vn 0.3098 0.9004 0.3055
vn 0.3239 0.9135 0.2464
vn 0.3070 0.9257 0.2212
vn 0.3513 0.7225 0.5954
vn 0.3418 0.7431 0.5753
vn 0.3274 0.7705 0.5469
vn 0.3392 0.7613 0.5526
vn 0.3216 0.7903 0.5215
vn 0.3263 0.8066 0.4928
vn 0.3001 0.8385 0.4549
vn 0.3589 0.8225 0.4413
vn 0.3179 0.8587 0.4018
vn 0.3317 0.8692 0.3667
vn 0.3034 0.8906 0.3387
vn 0.3481 0.8764 0.3327
vn 0.3092 0.9040 0.2953
vn 0.3278 0.9139 0.2394
vn 0.3549 0.7341 0.5789
vn 0.3882 0.7525 0.5320
vn 0.3594 0.7820 0.5093
vn 0.4364 0.7614 0.4794
vn 0.3996 0.7953 0.4558
vn 0.4354 0.7991 0.4146
vn 0.3878 0.8379 0.3841
vn 0.4522 0.8090 0.3755
vn 0.4067 0.8444 0.3487
vn 0.4224 0.8491 0.3171
vn 0.3645 0.8873 0.2825
vn 0.4339 0.8565 0.2795
vn 0.3661 0.9004 0.2352
vn 0.4311 0.7141 0.5516
vn 0.4781 0.7304 0.4878
vn 0.4934 0.7425 0.4530
vn 0.4643 0.7749 0.4289
vn 0.4915 0.7587 0.4275
vn 0.4725 0.7852 0.4003
vn 0.4829 0.7992 0.3579
vn 0.4617 0.8224 0.3324
vn 0.4850 0.8138 0.3201
vn 0.4707 0.8295 0.3006
vn 0.4930 0.8308 0.2582
vn 0.4391 0.8690 0.2280
vn 0.5081 0.7141 0.4815
vn 0.5023 0.7328 0.4590
vn 0.5008 0.7535 0.4259
vn 0.4832 0.7805 0.3967
vn 0.5115 0.7661 0.3891
vn 0.4800 0.8020 0.3556
vn 0.4969 0.8149 0.2983
vn 0.4931 0.8239 0.2794
vn 0.5113 0.8241 0.2439
vn 0.5026 0.8306 0.2398
vn 0.1368 0.9711 0.1957
vn 0.1590 0.9754 0.1525
vn 0.1520 0.9802 0.1271
vn 0.1714 0.9810 0.0910
vn 0.1505 0.9856 0.0770
vn 0.1788 0.9812 0.0726
vn 0.1430 0.9884 0.0510
vn 0.1330 0.9909 -0.0219
vn 0.1493 0.9852 -0.0844
vn 0.1072 0.9917 -0.0711
vn 0.1097 0.9828 -0.1489
vn 0.0793 0.9902 -0.1151
vn 0.1188 0.9721 -0.2024
vn 0.1621 0.9694 0.1846
vn 0.1671 0.9769 0.1330
vn 0.1787 0.9807 0.0798
vn 0.2026 0.9782 0.0450
vn 0.1954 0.9803 0.0301
vn 0.2233 0.9745 -0.0207
vn 0.2000 0.9796 -0.0186
vn 0.2221 0.9733 -0.0582
vn 0.1828 0.9820 -0.0471
vn 0.2032 0.9699 -0.1340
vn 0.1844 0.9623 -0.1998
vn 0.2427 0.9514 0.1893
vn 0.2343 0.9623 0.1381
vn 0.2193 0.9728 0.0750
vn 0.2228 0.9747 0.0173
vn 0.2310 0.9724 -0.0327
vn 0.2432 0.9673 -0.0717
vn 0.2608 0.9571 -0.1265
vn 0.2466 0.9542 -0.1692
vn 0.3299 0.9204 0.2098
vn 0.3080 0.9308 0.1967
vn 0.3394 0.9247 0.1724
vn 0.3132 0.9379 0.1489
vn 0.3085 0.9470 0.0891
vn 0.2928 0.9558 0.0249
vn 0.2752 0.9609 -0.0313
vn 0.2783 0.9559 -0.0944
vn 0.2861 0.9487 -0.1348
vn 0.3358 0.9222 -0.1918
vn 0.2963 0.9419 -0.1584
vn 0.3434 0.9194 0.1919
vn 0.3571 0.9232 0.1423
vn 0.3520 0.9273 0.1271
vn 0.3706 0.9243 0.0910
vn 0.3569 0.9294 0.0938
vn 0.3911 0.9193 0.0439
vn 0.3552 0.9338 0.0435
vn 0.3983 0.9172 -0.0076
vn 0.3407 0.9401 -0.0158
vn 0.3697 0.9257 -0.0797
vn 0.3134 0.9450 -0.0930
vn 0.3410 0.9278 -0.1510
vn 0.2992 0.9447 -0.1343
vn 0.3491 0.9155 -0.1998
vn 0.3133 0.9353 -0.1646
vn 0.3617 0.9146 0.1808
vn 0.3768 0.9174 0.1277
vn 0.3917 0.9171 0.0743
vn 0.4121 0.9107 0.0276
vn 0.4320 0.9018 -0.0107
vn 0.4281 0.9018 -0.0590
vn 0.3983 0.9071 -0.1362
vn 0.3697 0.9066 -0.2034
vn 0.5075 0.8388 0.1973
vn 0.4452 0.8784 0.1739
vn 0.4964 0.8554 0.1477
vn 0.4403 0.8887 0.1281
vn 0.4808 0.8724 0.0883
vn 0.4233 0.9031 0.0722
vn 0.4640 0.8858 0.0092
vn 0.4222 0.9065 0.0090
vn 0.4631 0.8852 -0.0446
vn 0.4422 0.8964 -0.0298
vn 0.4829 0.8726 -0.0728
vn 0.4629 0.8845 -0.0588
vn 0.4990 0.8592 -0.1130
vn 0.4608 0.8804 -0.1124
vn 0.4817 0.8565 -0.1852
vn 0.4286 0.8842 -0.1859
vn 0.5194 0.8294 0.2059
vn 0.5145 0.8350 0.1948
vn 0.5315 0.8343 0.1463
vn 0.5395 0.8360 0.1003
vn 0.5244 0.8512 0.0230
vn 0.5033 0.8631 -0.0425
vn 0.5063 0.8578 -0.0883
vn 0.5222 0.8441 -0.1217
vn 0.5483 0.8169 -0.1791
vn 0.5179 0.8398 -0.1625
vn 0.1306 0.9596 -0.2492
vn 0.1325 0.9562 -0.2610
vn 0.1588 0.9186 -0.3618
vn 0.1306 0.9463 -0.2959
vn 0.1479 0.9022 -0.4052
vn 0.1811 0.8928 -0.4124
vn 0.1467 0.8907 -0.4302
vn 0.3673 0.9039 -0.2191
vn 0.5315 0.8443 -0.0674
vn 0.6022 0.7941 -0.0818
vn 0.6205 0.7841 -0.0142
vn 0.6598 0.7506 0.0362
vn 0.1620 0.9566 -0.2424
vn 0.2083 0.9176 -0.3387
vn 0.1664 0.9446 -0.2830
vn 0.2162 0.9053 -0.3657
vn 0.1805 0.9326 -0.3124
vn 0.2283 0.8852 -0.4054
vn 0.2074 0.9043 -0.3732
vn 0.2012 0.8659 -0.4580
vn 0.1810 0.8877 -0.4234
vn 0.3220 0.8257 -0.4631
vn 0.2704 0.8554 -0.4418
vn 0.4605 0.8307 -0.3128
vn 0.4397 0.8507 -0.2882
vn 0.6899 0.6721 -0.2688
vn 0.6647 0.7351 -0.1334
vn 0.7006 0.7129 0.0305
vn 0.2708 0.9240 -0.2702
vn 0.2096 0.9547 -0.2113
vn 0.2320 0.9056 -0.3550
vn 0.1908 0.9363 -0.2949
vn 0.2297 0.9040 -0.3607
vn 0.2637 0.8743 -0.4074
vn 0.2308 0.8992 -0.3717
vn 0.2687 0.8540 -0.4455
vn 0.2549 0.8112 -0.5262
vn 0.2615 0.8273 -0.4972
vn 0.3417 0.7724 -0.5354
vn 0.3233 0.8052 -0.4972
vn 0.5236 0.7059 -0.4769
vn 0.5065 0.7800 -0.3675
vn 0.3531 0.9074 -0.2279
vn 0.2990 0.9355 -0.1881
vn 0.3030 0.9032 -0.3041
vn 0.2993 0.8665 -0.3994
vn 0.2514 0.9009 -0.3538
vn 0.2910 0.8511 -0.4369
vn 0.2498 0.8858 -0.3910
vn 0.3285 0.8245 -0.4607
vn 0.3123 0.8388 -0.4460
vn 0.3035 0.8199 -0.4854
vn 0.2981 0.8277 -0.4755
vn 0.2977 0.7378 -0.6058
vn 0.2795 0.7894 -0.5466
vn 0.3319 0.7033 -0.6287
vn 0.3578 0.9050 -0.2303
vn 0.3998 0.8676 -0.2956
vn 0.3573 0.8986 -0.2547
vn 0.3721 0.8505 -0.3717
vn 0.3332 0.8832 -0.3299
vn 0.3563 0.8173 -0.4527
vn 0.3338 0.8378 -0.4320
vn 0.3443 0.8144 -0.4672
vn 0.3218 0.8313 -0.4531
vn 0.4067 0.7561 -0.5128
vn 0.3644 0.8019 -0.4735
vn 0.3665 0.7414 -0.5621
vn 0.3453 0.7747 -0.5297
vn 0.3111 0.7119 -0.6296
vn 0.4167 0.8658 -0.2771
vn 0.3760 0.8935 -0.2456
vn 0.4335 0.8540 -0.2877
vn 0.3935 0.8829 -0.2562
vn 0.4397 0.8222 -0.3615
vn 0.4163 0.8480 -0.3281
vn 0.4018 0.8073 -0.4323
vn 0.3796 0.8336 -0.4013
vn 0.4216 0.7527 -0.5056
vn 0.3874 0.7903 -0.4746
vn 0.4252 0.7440 -0.5155
vn 0.3964 0.7756 -0.4912
vn 0.4227 0.7428 -0.5192
vn 0.4502 0.8520 -0.2672
vn 0.4151 0.8775 -0.2402
vn 0.4767 0.8183 -0.3211
vn 0.4433 0.8454 -0.2981
vn 0.4867 0.8073 -0.3337
vn 0.4512 0.8382 -0.3063
vn 0.4875 0.7642 -0.4224
vn 0.4621 0.7985 -0.3858
vn 0.4471 0.7415 -0.5002
vn 0.4257 0.7760 -0.4654
vn 0.4347 0.7361 -0.5188
vn 0.4392 0.7289 -0.5252
vn 0.5263 0.8126 -0.2504
vn 0.4868 0.8377 -0.2477
vn 0.5074 0.8003 -0.3195
vn 0.4748 0.8289 -0.2957
vn 0.5397 0.7642 -0.3532
vn 0.5153 0.7853 -0.3431
vn 0.5337 0.7580 -0.3749
vn 0.5128 0.7833 -0.3515
vn 0.4905 0.7391 -0.4617
vn 0.4693 0.7175 -0.5147
vn 0.5211 0.7235 0.4527
vn 0.5309 0.7405 0.4121
vn 0.5651 0.7421 0.3605
vn 0.5264 0.7802 0.3378
vn 0.5899 0.7441 0.3134
vn 0.5332 0.7950 0.2894
vn 0.5943 0.7544 0.2787
vn 0.5309 0.8117 0.2437
vn 0.6240 0.7107 0.3249
vn 0.6359 0.7116 0.2987
vn 0.6518 0.7127 0.2591
vn 0.5965 0.7690 0.2299
vn 0.6663 0.7071 0.2367
vn 0.5424 0.8208 0.1791
vn 0.5353 0.8287 0.1636
vn 0.5604 0.8183 0.1277
vn 0.5464 0.8272 0.1313
vn 0.5826 0.8079 0.0888
vn 0.5612 0.8215 0.1008
vn 0.5987 0.7995 0.0481
vn 0.5621 0.8260 0.0416
vn 0.5899 0.8073 -0.0135
vn 0.5406 0.8408 -0.0268
vn 0.5690 0.8156 -0.1045
vn 0.5316 0.8409 -0.1016
vn 0.5716 0.8075 -0.1457
vn 0.5461 0.8273 -0.1313
vn 0.5852 0.7947 -0.1612
vn 0.5542 0.8206 -0.1398
vn 0.6539 0.7313 0.1941
vn 0.5978 0.7838 0.1685
vn 0.6349 0.7613 0.1313
vn 0.5938 0.7957 0.1196
vn 0.6322 0.7720 0.0663
vn 0.6023 0.7950 0.0715
vn 0.6470 0.7620 0.0284
vn 0.6198 0.7837 0.0402
vn 0.6572 0.7537 -0.0025
vn 0.6250 0.7806 -0.0053
vn 0.6435 0.7611 -0.0814
vn 0.6086 0.7882 -0.0915
vn 0.6281 0.7620 -0.1580
vn 0.5975 0.7868 -0.1547
vn 0.6337 0.7517 -0.1828
vn 0.6056 0.7774 -0.1700
vn 0.6760 0.7073 0.2067
vn 0.6702 0.7279 0.1450
vn 0.6618 0.7466 0.0672
vn 0.6689 0.7432 0.0160
vn 0.6798 0.7333 -0.0038
vn 0.6720 0.7373 -0.0692
vn 0.6574 0.7373 -0.1556
vn 0.6585 0.7286 -0.1885
vn 0.5915 0.7671 -0.2484
vn 0.5629 0.7963 -0.2215
vn 0.5661 0.7539 -0.3333
vn 0.5317 0.7841 -0.3201
vn 0.5581 0.7479 -0.3594
vn 0.5329 0.7698 -0.3513
vn 0.5688 0.7392 -0.3608
vn 0.5550 0.7182 -0.4197
vn 0.6364 0.7408 -0.2152
vn 0.6095 0.7720 -0.1807
vn 0.6115 0.7271 -0.3119
vn 0.5966 0.7178 -0.3590
vn 0.6620 0.7239 -0.1943
vn -0.2912 -0.6970 -0.6553
vn -0.3008 -0.6789 -0.6697
vn -0.2533 -0.6482 -0.7181
vn -0.2705 -0.5966 -0.7556
vn -0.2550 -0.5848 -0.7701
vn -0.2124 -0.7031 -0.6786
vn -0.2203 -0.6757 -0.7035
vn -0.2174 -0.6543 -0.7243
vn -0.2366 -0.6146 -0.7525
vn -0.2456 -0.5923 -0.7674
vn -0.1745 -0.7167 -0.6752
vn -0.1917 -0.6867 -0.7012
vn -0.1860 -0.6974 -0.6921
vn -0.1947 -0.6717 -0.7148
vn -0.2090 -0.6412 -0.7384
vn -0.2088 -0.6089 -0.7652
vn -0.1428 -0.7513 -0.6443
vn -0.1556 -0.7331 -0.6621
vn -0.1571 -0.7027 -0.6940
vn -0.1558 -0.6770 -0.7193
vn -0.1831 -0.6443 -0.7425
vn -0.1176 -0.6432 -0.7566
vn -0.1398 -0.6120 -0.7784
vn -0.0944 -0.7553 -0.6486
vn -0.0880 -0.7358 -0.6714
vn -0.0782 -0.6993 -0.7106
vn -0.0652 -0.6647 -0.7443
vn -0.0438 -0.6346 -0.7716
vn -0.0541 -0.6175 -0.7847
vn -0.0044 -0.7498 -0.6617
vn 0.0030 -0.7274 -0.6862
vn 0.0011 -0.6997 -0.7145
vn -0.0115 -0.6603 -0.7509
vn -0.0183 -0.6354 -0.7720
vn -0.0198 -0.6256 -0.7799
vn -0.0197 -0.6009 -0.7991
vn 0.0403 -0.7519 -0.6580
vn 0.0356 -0.7279 -0.6847
vn 0.0308 -0.7125 -0.7010
vn 0.0154 -0.6813 -0.7318
vn -0.0008 -0.6466 -0.7629
vn -0.0000 -0.6262 -0.7797
vn -0.0077 -0.6059 -0.7955
vn 0.0524 -0.7585 -0.6496
vn 0.0607 -0.7261 -0.6849
vn 0.0633 -0.7173 -0.6939
vn 0.0650 -0.6953 -0.7158
vn 0.0587 -0.6414 -0.7650
vn 0.0883 -0.6046 -0.7916
vn 0.0625 -0.5912 -0.8041
vn -0.2875 -0.5757 -0.7654
vn -0.2788 -0.5567 -0.7825
vn -0.3123 -0.5104 -0.8012
vn -0.3098 -0.4893 -0.8153
vn -0.3187 -0.4836 -0.8152
vn -0.3438 -0.4287 -0.8355
vn -0.2713 -0.4329 -0.8596
vn -0.2843 -0.3657 -0.8863
vn -0.2802 -0.3189 -0.9054
vn -0.2806 -0.2809 -0.9178
vn -0.2993 -0.2541 -0.9197
vn -0.2732 -0.2727 -0.9225
vn -0.2865 -0.2443 -0.9264
vn -0.3138 -0.1873 -0.9308
vn -0.2557 -0.5809 -0.7728
vn -0.2823 -0.5320 -0.7983
vn -0.2366 -0.5452 -0.8042
vn -0.2582 -0.5006 -0.8262
vn -0.2531 -0.4782 -0.8410
vn -0.1999 -0.4189 -0.8858
vn -0.2111 -0.3722 -0.9038
vn -0.2387 -0.3362 -0.9110
vn -0.2655 -0.2914 -0.9190
vn -0.2366 -0.3233 -0.9163
vn -0.2600 -0.2815 -0.9237
vn -0.2571 -0.2529 -0.9327
vn -0.2384 -0.1851 -0.9534
vn -0.2025 -0.5801 -0.7890
vn -0.1777 -0.5399 -0.8228
vn -0.1733 -0.5190 -0.8370
vn -0.1957 -0.4587 -0.8668
vn -0.1372 -0.4696 -0.8721
vn -0.1630 -0.4004 -0.9017
vn -0.1738 -0.3968 -0.9013
vn -0.1924 -0.3749 -0.9069
vn -0.1957 -0.3518 -0.9154
vn -0.2073 -0.2898 -0.9344
vn -0.1871 -0.2236 -0.9565
vn -0.1570 -0.1661 -0.9735
vn -0.1396 -0.1498 -0.9788
vn -0.1287 -0.5697 -0.8117
vn -0.1186 -0.5233 -0.8439
vn -0.1066 -0.5177 -0.8489
vn -0.0911 -0.4823 -0.8713
vn -0.1319 -0.4353 -0.8906
vn -0.1678 -0.4074 -0.8977
vn -0.1757 -0.3842 -0.9064
vn -0.1434 -0.3745 -0.9161
vn -0.1448 -0.3545 -0.9238
vn -0.1265 -0.2870 -0.9495
vn -0.1280 -0.2052 -0.9703
vn -0.1340 -0.1664 -0.9769
vn -0.1261 -0.1587 -0.9792
vn -0.0601 -0.5728 -0.8175
vn -0.0703 -0.5319 -0.8439
vn -0.0863 -0.5164 -0.8520
vn -0.0879 -0.4994 -0.8619
vn -0.0932 -0.4769 -0.8740
vn -0.0988 -0.4158 -0.9041
vn -0.0851 -0.3531 -0.9317
vn -0.0684 -0.3272 -0.9425
vn -0.0502 -0.2814 -0.9583
vn -0.0786 -0.2404 -0.9675
vn -0.1143 -0.1815 -0.9767
vn -0.0841 -0.2248 -0.9708
vn -0.1109 -0.1658 -0.9799
vn -0.0338 -0.5871 -0.8088
vn -0.0389 -0.5590 -0.8283
vn -0.0528 -0.5246 -0.8497
vn -0.0416 -0.4908 -0.8703
vn -0.0198 -0.4676 -0.8837
vn -0.0053 -0.4123 -0.9110
vn -0.0069 -0.3513 -0.9362
vn -0.0135 -0.3123 -0.9499
vn -0.0144 -0.2918 -0.9564
vn -0.0271 -0.2793 -0.9598
vn -0.0315 -0.2548 -0.9665
vn -0.0413 -0.1792 -0.9829
vn 0.0150 -0.5612 -0.8275
vn 0.0237 -0.5161 -0.8562
vn 0.0288 -0.4601 -0.8874
vn 0.0522 -0.4377 -0.8976
vn 0.0624 -0.4151 -0.9077
vn 0.0462 -0.3796 -0.9240
vn 0.0160 -0.3341 -0.9424
vn -0.0036 -0.2951 -0.9555
vn 0.0169 -0.2675 -0.9634
vn 0.0297 -0.2467 -0.9686
vn 0.0431 -0.1773 -0.9832
vn 0.1402 -0.5692 -0.8102
vn 0.1136 -0.5473 -0.8292
vn 0.1108 -0.5118 -0.8519
vn 0.0952 -0.4605 -0.8825
vn 0.0848 -0.4284 -0.8996
vn 0.0812 -0.4232 -0.9024
vn 0.0717 -0.4053 -0.9114
vn 0.0649 -0.3584 -0.9313
vn 0.0688 -0.2790 -0.9578
vn 0.0996 -0.2244 -0.9694
vn 0.1322 -0.1853 -0.9737
vn 0.0937 -0.2191 -0.9712
vn 0.1214 -0.1708 -0.9778
vn -0.2992 0.2871 -0.9100
vn -0.3051 -0.1210 -0.9446
vn -0.2744 -0.0521 -0.9602
vn -0.2740 -0.0197 -0.9615
vn -0.3051 0.0356 -0.9516
vn -0.3276 0.0819 -0.9413
vn -0.2978 0.1555 -0.9419
vn -0.2527 0.2066 -0.9452
vn -0.2483 0.2419 -0.9380
vn -0.2365 -0.1051 -0.9659
vn -0.2480 -0.0403 -0.9679
vn -0.2461 -0.0319 -0.9687
vn -0.2652 0.0064 -0.9642
vn -0.2832 0.0767 -0.9560
vn -0.2632 0.1946 -0.9449
vn -0.2412 0.2229 -0.9445
vn -0.2379 0.2326 -0.9430
vn -0.2357 -0.0352 -0.9712
vn -0.2395 -0.0269 -0.9705
vn -0.2243 -0.0032 -0.9745
vn -0.2018 0.0557 -0.9778
vn -0.2040 0.1389 -0.9691
vn -0.1735 -0.1222 -0.9772
vn -0.2081 -0.0704 -0.9756
vn -0.2108 0.2070 -0.9554
vn -0.2280 0.2249 -0.9473
vn -0.2133 0.2512 -0.9441
vn -0.1588 -0.1276 -0.9790
vn -0.1968 -0.0655 -0.9783
vn -0.2136 -0.0180 -0.9768
vn -0.1703 0.0232 -0.9851
vn -0.1215 0.0764 -0.9896
vn -0.1395 0.1368 -0.9807
vn -0.1663 0.1651 -0.9722
vn -0.2049 0.2129 -0.9553
vn -0.1722 0.2968 -0.9393
vn -0.1329 -0.1479 -0.9800
vn -0.1491 -0.0925 -0.9845
vn -0.1523 -0.0046 -0.9883
vn -0.1342 0.0678 -0.9886
vn -0.1141 0.0977 -0.9887
vn -0.1075 0.1069 -0.9884
vn -0.1307 0.1386 -0.9817
vn -0.1114 0.2286 -0.9671
vn -0.0516 0.3036 -0.9514
vn -0.1040 -0.1427 -0.9843
vn -0.0708 -0.0806 -0.9942
vn -0.0587 -0.0060 -0.9983
vn -0.0836 0.0653 -0.9944
vn -0.0998 0.1035 -0.9896
vn -0.0913 0.1152 -0.9891
vn -0.0471 0.1458 -0.9882
vn -0.0068 0.2194 -0.9756
vn 0.0315 0.2344 -0.9716
vn 0.0183 0.2596 -0.9656
vn -0.0284 -0.1100 -0.9935
vn 0.0024 -0.0494 -0.9988
vn 0.0051 -0.0231 -0.9997
vn -0.0276 0.0252 -0.9993
vn -0.0594 0.0961 -0.9936
vn -0.0385 0.1514 -0.9877
vn 0.0075 0.2019 -0.9794
vn 0.0043 0.2274 -0.9738
vn 0.0346 0.2395 -0.9703
vn 0.0296 0.2447 -0.9691
vn 0.0366 -0.1002 -0.9943
vn 0.0231 -0.0440 -0.9988
vn 0.0244 -0.0280 -0.9993
vn 0.0270 -0.0025 -0.9996
vn 0.0253 0.0908 -0.9956
vn 0.0214 0.1752 -0.9843
vn 0.0254 0.2257 -0.9739
vn 0.0548 0.2340 -0.9707
vn 0.0497 0.2477 -0.9676
vn 0.0992 -0.1340 -0.9860
vn 0.0570 -0.0656 -0.9962
vn 0.0443 -0.0207 -0.9988
vn 0.0808 0.0270 -0.9964
vn 0.1165 0.0968 -0.9885
vn 0.0966 0.1463 -0.9845
vn 0.0634 0.2186 -0.9738
vn -0.3754 0.1356 -0.9169
vn -0.3074 -0.1255 -0.9433
vn -0.3243 0.3073 -0.8946
vn -0.3509 0.2726 -0.8959
vn -0.2266 -0.2157 -0.9498
vn -0.0305 -0.6736 -0.7385
vn -0.2648 0.2552 -0.9299
vn 0.0306 -0.8887 -0.4575
vn 0.0322 -0.9218 -0.3862
vn 0.0350 -0.9079 -0.4178
vn 0.0362 -0.8766 -0.4799
vn 0.0400 -0.8171 -0.5751
vn -0.2852 0.2908 -0.9133
vn -0.2566 0.3430 -0.9036
vn -0.1554 -0.0241 -0.9876
vn 0.0057 -0.5693 -0.8221
vn -0.2336 0.2401 -0.9422
vn -0.2011 0.3207 -0.9256
vn 0.0735 -0.8783 -0.4724
vn 0.0894 -0.9176 -0.3872
vn 0.0983 -0.9036 -0.4169
vn 0.1014 -0.8699 -0.4827
vn 0.1109 -0.8117 -0.5734
vn -0.1346 0.3698 -0.9193
vn -0.1262 0.0873 -0.9882
vn -0.0521 -0.4832 -0.8740
vn -0.1696 0.2734 -0.9468
vn -0.1247 0.3460 -0.9299
vn 0.0433 -0.8292 -0.5572
vn 0.0983 -0.8958 -0.4334
vn 0.1417 -0.8881 -0.4373
vn 0.1568 -0.8595 -0.4865
vn 0.1836 -0.7976 -0.5745
vn -0.1087 0.3623 -0.9257
vn -0.1113 0.1183 -0.9867
vn -0.0336 -0.3790 -0.9248
vn -0.1298 0.3274 -0.9359
vn -0.1065 0.3671 -0.9241
vn 0.0622 -0.7450 -0.6641
vn 0.1601 -0.8244 -0.5430
vn 0.2321 -0.8596 -0.4552
vn 0.2868 -0.8170 -0.5003
vn 0.2197 -0.8395 -0.4969
vn 0.2676 -0.7734 -0.5747
vn -0.0995 0.3637 -0.9262
vn -0.0885 0.1585 -0.9834
vn 0.1471 -0.2537 -0.9560
vn 0.3626 -0.5456 -0.7556
vn -0.0827 0.3440 -0.9353
vn -0.0944 0.3639 -0.9266
vn 0.2241 -0.6618 -0.7154
vn 0.3236 -0.7495 -0.5775
vn 0.3004 -0.8194 -0.4883
vn 0.3442 -0.7938 -0.5014
vn 0.3432 -0.7433 -0.5743
vn 0.4127 -0.6150 -0.6719
vn -0.0916 0.3764 -0.9219
vn -0.0144 0.3199 -0.9473
vn 0.2145 0.0316 -0.9762
vn 0.3765 -0.4560 -0.8064
vn -0.0289 0.3057 -0.9517
vn -0.0757 0.3513 -0.9332
vn -0.0543 0.4018 -0.9141
vn 0.4493 -0.7526 -0.4813
vn 0.4414 -0.7913 -0.4232
vn 0.3868 -0.7893 -0.4769
vn 0.4110 -0.7679 -0.4912
vn 0.4970 -0.6377 -0.5885
vn 0.4152 -0.6993 -0.5818
vn 0.5085 -0.5174 -0.6883
vn 0.5871 -0.1807 -0.7891
vn 0.0454 0.4417 -0.8960
vn 0.1808 0.1931 -0.9644
vn 0.3461 -0.4008 -0.8483
vn 0.4346 -0.6370 -0.6366
vn 0.0255 0.2712 -0.9622
vn 0.0160 0.3322 -0.9431
vn 0.0033 0.4214 -0.9069
vn 0.4285 -0.7098 -0.5591
vn 0.4684 -0.7633 -0.4450
vn 0.5865 -0.6379 -0.4991
vn 0.4967 -0.7132 -0.4946
vn 0.5866 -0.5585 -0.5866
vn 0.6634 -0.3461 -0.6634
vn 0.5579 -0.4530 -0.6954
vn 0.5947 -0.1749 -0.7847
vn 0.2462 0.3377 -0.9085
vn 0.3732 0.0930 -0.9231
vn 0.5570 -0.2460 -0.7932
vn 0.1554 0.3831 -0.9106
vn 0.1060 0.4466 -0.8884
vn 0.1375 0.3526 -0.9256
vn 0.4394 -0.1305 -0.8887
vn 0.6311 -0.5361 -0.5606
vn 0.6900 -0.5652 -0.4521
vn 0.0870 0.2981 -0.9506
vn 0.1240 0.3324 -0.9350
vn 0.0940 0.4112 -0.9067
vn 0.5800 -0.6654 -0.4699
vn 0.6886 -0.5140 -0.5115
vn 0.7891 -0.1807 -0.5871
vn 0.6954 -0.4530 -0.5579
vn 0.7847 -0.1749 -0.5947
vn 0.7054 -0.0687 -0.7054
vn 0.0387 -0.7644 -0.6436
vn 0.0333 -0.6611 -0.7495
vn 0.0462 -0.4727 -0.8800
vn 0.0531 -0.2015 -0.9781
vn 0.1091 -0.7608 -0.6398
vn 0.1521 -0.6370 -0.7557
vn 0.0856 -0.6540 -0.7516
vn 0.1214 -0.4704 -0.8741
vn 0.1486 -0.1980 -0.9689
vn 0.1993 -0.7349 -0.6483
vn 0.2405 -0.6103 -0.7548
vn 0.2095 -0.4485 -0.8689
vn 0.2435 -0.1682 -0.9552
vn 0.2694 -0.6957 -0.6659
vn 0.3199 -0.5624 -0.7625
vn 0.3901 -0.3545 -0.8498
vn 0.2841 -0.4268 -0.8586
vn 0.2904 -0.1439 -0.9460
vn 0.3297 -0.6653 -0.6698
vn 0.3938 -0.5028 -0.7695
vn 0.5084 -0.1925 -0.8393
vn 0.4236 -0.0653 -0.9035
vn 0.4966 -0.4199 -0.7597
vn 0.5284 -0.1425 -0.8370
vn 0.0861 -0.7493 -0.6566
vn 0.1356 -0.7018 -0.6994
vn 0.1948 -0.6825 -0.7044
vn 0.1281 -0.7031 -0.6995
vn 0.1722 -0.6824 -0.7104
vn 0.2019 -0.6313 -0.7488
vn 0.1304 -0.6233 -0.7710
vn 0.1574 -0.5732 -0.8042
vn 0.1787 -0.7400 -0.6485
vn 0.2188 -0.6791 -0.7006
vn 0.2226 -0.6724 -0.7060
vn 0.2186 -0.6699 -0.7096
vn 0.2206 -0.6394 -0.7366
vn 0.1888 -0.5930 -0.7827
vn 0.2289 -0.6974 -0.6791
vn 0.2267 -0.6724 -0.7047
vn 0.2292 -0.6687 -0.7073
vn 0.2287 -0.6554 -0.7198
vn 0.2068 -0.6120 -0.7634
vn 0.2299 -0.7108 -0.6648
vn 0.2655 -0.6536 -0.7087
vn 0.3284 -0.6221 -0.7107
vn 0.2519 -0.6546 -0.7128
vn 0.3085 -0.6278 -0.7147
vn 0.2791 -0.5994 -0.7502
vn 0.3229 -0.6959 -0.6415
vn 0.3766 -0.6216 -0.6869
vn 0.3918 -0.5946 -0.7021
vn 0.3856 -0.5900 -0.7094
vn 0.4059 -0.6274 -0.6645
vn 0.3993 -0.5899 -0.7018
vn 0.3985 -0.5863 -0.7053
vn 0.4103 -0.5997 -0.6871
vn 0.4851 -0.5793 -0.6551
vn 0.1576 -0.5610 -0.8127
vn 0.1541 -0.5481 -0.8221
vn 0.1384 -0.5389 -0.8309
vn 0.1062 -0.4884 -0.8661
vn 0.1060 -0.4309 -0.8962
vn 0.1131 -0.4240 -0.8986
vn 0.1679 -0.3675 -0.9147
vn 0.0947 -0.4015 -0.9110
vn 0.1408 -0.3388 -0.9303
vn 0.1494 -0.2758 -0.9495
vn 0.1410 -0.2015 -0.9693
vn 0.1430 -0.1789 -0.9734
vn 0.1353 -0.1730 -0.9756
vn 0.1711 -0.5650 -0.8072
vn 0.1657 -0.5506 -0.8182
vn 0.1729 -0.5490 -0.8177
vn 0.2067 -0.4880 -0.8480
vn 0.1397 -0.4961 -0.8570
vn 0.1664 -0.4245 -0.8900
vn 0.1963 -0.3881 -0.9004
vn 0.2379 -0.3314 -0.9130
vn 0.2246 -0.3140 -0.9225
vn 0.2157 -0.2939 -0.9312
vn 0.1786 -0.2255 -0.9577
vn 0.1560 -0.1770 -0.9718
vn 0.1482 -0.1672 -0.9747
vn 0.2180 -0.5582 -0.8006
vn 0.2666 -0.5092 -0.8183
vn 0.1943 -0.5392 -0.8195
vn 0.2496 -0.4990 -0.8299
vn 0.2848 -0.4727 -0.8339
vn 0.2604 -0.4187 -0.8700
vn 0.2523 -0.3608 -0.8979
vn 0.2459 -0.3259 -0.9128
vn 0.2468 -0.3191 -0.9150
vn 0.2417 -0.3169 -0.9171
vn 0.2407 -0.3115 -0.9193
vn 0.2362 -0.2551 -0.9376
vn 0.2299 -0.1742 -0.9575
vn 0.3551 -0.5816 -0.7319
vn 0.3147 -0.5344 -0.7845
vn 0.3275 -0.4850 -0.8109
vn 0.3189 -0.4622 -0.8275
vn 0.3267 -0.4605 -0.8253
vn 0.3223 -0.4449 -0.8356
vn 0.3023 -0.4249 -0.8533
vn 0.2847 -0.3895 -0.8759
vn 0.2684 -0.3299 -0.9050
vn 0.2779 -0.3088 -0.9096
vn 0.3224 -0.2547 -0.9117
vn 0.2607 -0.2956 -0.9190
vn 0.2927 -0.2396 -0.9257
vn 0.3134 -0.1660 -0.9350
vn 0.3894 -0.5811 -0.7146
vn 0.3594 -0.5317 -0.7669
vn 0.3450 -0.4833 -0.8046
vn 0.3404 -0.4661 -0.8166
vn 0.3351 -0.4629 -0.8206
vn 0.3338 -0.4571 -0.8244
vn 0.3491 -0.4470 -0.8236
vn 0.3742 -0.3889 -0.8419
vn 0.3064 -0.3960 -0.8656
vn 0.3079 -0.3249 -0.8942
vn 0.3429 -0.2634 -0.9017
vn 0.3891 -0.2172 -0.8952
vn 0.3976 -0.2017 -0.8951
vn 0.3638 -0.2107 -0.9073
vn 0.3682 -0.1762 -0.9129
vn 0.4031 -0.5829 -0.7055
vn 0.4010 -0.5854 -0.7046
vn 0.4051 -0.5636 -0.7199
vn 0.3748 -0.5463 -0.7491
vn 0.3595 -0.5080 -0.7827
vn 0.3752 -0.4467 -0.8122
vn 0.4243 -0.3971 -0.8138
vn 0.3607 -0.4375 -0.8237
vn 0.4075 -0.3981 -0.8219
vn 0.4601 -0.3512 -0.8155
vn 0.4576 -0.2842 -0.8425
vn 0.4306 -0.2380 -0.8706
vn 0.4033 -0.3074 -0.8619
vn 0.4022 -0.2304 -0.8861
vn 0.3957 -0.2063 -0.8949
vn 0.4012 -0.2009 -0.8937
vn 0.4362 -0.5652 -0.7002
vn 0.4922 -0.5292 -0.6912
vn 0.4218 -0.5698 -0.7052
vn 0.4725 -0.5296 -0.7045
vn 0.5160 -0.4596 -0.7229
vn 0.4312 -0.4896 -0.7578
vn 0.4630 -0.4083 -0.7867
vn 0.4801 -0.3615 -0.7993
vn 0.4899 -0.3469 -0.7998
vn 0.4663 -0.3591 -0.8085
vn 0.4819 -0.3372 -0.8087
vn 0.4715 -0.3043 -0.8277
vn 0.4500 -0.2408 -0.8600
vn 0.4512 -0.1815 -0.8738
vn 0.4103 -0.2033 -0.8890
vn 0.4153 -0.1827 -0.8912
vn 0.5305 -0.5167 -0.6720
vn 0.5541 -0.4876 -0.6747
vn 0.5562 -0.4771 -0.6805
vn 0.5385 -0.4823 -0.6910
vn 0.5485 -0.4511 -0.7040
vn 0.5297 -0.4019 -0.7469
vn 0.5191 -0.3638 -0.7734
vn 0.5133 -0.4016 -0.7585
vn 0.4981 -0.3577 -0.7899
vn 0.4932 -0.3451 -0.7985
vn 0.5151 -0.3311 -0.7906
vn 0.5408 -0.2854 -0.7912
vn 0.4848 -0.3422 -0.8049
vn 0.4796 -0.3209 -0.8167
vn 0.4823 -0.2485 -0.8400
vn 0.5126 -0.1559 -0.8443
vn 0.1612 0.1304 -0.9783
vn 0.1235 0.2009 -0.9718
vn 0.1146 0.2615 -0.9584
vn 0.1359 -0.1598 -0.9777
vn 0.1265 -0.0906 -0.9878
vn 0.1261 -0.0025 -0.9920
vn 0.1500 0.0708 -0.9861
vn 0.1603 0.0990 -0.9821
vn 0.1483 0.1093 -0.9829
vn 0.1120 0.1787 -0.9775
vn 0.1819 -0.1455 -0.9725
vn 0.2339 -0.1013 -0.9670
vn 0.1764 0.1050 -0.9787
vn 0.1860 0.1118 -0.9762
vn 0.2004 0.1857 -0.9620
vn 0.1997 0.2676 -0.9426
vn 0.1615 -0.1502 -0.9754
vn 0.1987 -0.0843 -0.9764
vn 0.2011 -0.0042 -0.9796
vn 0.1736 0.0714 -0.9822
vn 0.1663 0.0959 -0.9814
vn 0.1671 0.0968 -0.9812
vn 0.2599 -0.1059 -0.9598
vn 0.2914 -0.0607 -0.9547
vn 0.2857 -0.0371 -0.9576
vn 0.2440 0.0280 -0.9694
vn 0.2062 0.0939 -0.9740
vn 0.2346 0.1487 -0.9606
vn 0.2737 0.2061 -0.9395
vn 0.2716 0.2414 -0.9316
vn 0.2658 -0.0512 -0.9627
vn 0.2620 -0.0222 -0.9648
vn 0.2136 0.0534 -0.9755
vn 0.1868 0.0824 -0.9789
vn 0.3088 0.2231 -0.9246
vn 0.3115 0.2283 -0.9224
vn 0.2987 -0.0981 -0.9493
vn 0.2900 -0.0558 -0.9554
vn 0.3012 -0.0424 -0.9526
vn 0.3038 0.0009 -0.9527
vn 0.2978 0.0966 -0.9497
vn 0.3000 0.1817 -0.9365
vn 0.3034 0.2193 -0.9273
vn 0.3026 0.2214 -0.9270
vn 0.3808 -0.1900 -0.9049
vn 0.4010 0.1019 -0.9104
vn 0.3652 0.1510 -0.9186
vn 0.3266 0.2100 -0.9216
vn 0.3365 0.2478 -0.9085
vn 0.3271 -0.1369 -0.9350
vn 0.3006 -0.0594 -0.9519
vn 0.3204 -0.0116 -0.9472
vn 0.3661 0.0233 -0.9303
vn 0.3811 0.0908 -0.9201
vn 0.3474 0.1669 -0.9227
vn 0.3211 0.2056 -0.9244
vn 0.4306 0.3195 -0.8441
vn 0.4220 -0.1730 -0.8900
vn 0.4322 -0.0707 -0.8990
vn 0.4251 0.0215 -0.9049
vn 0.4273 0.0635 -0.9019
vn 0.4301 0.0762 -0.8996
vn 0.4139 0.1182 -0.9026
vn 0.3778 0.1935 -0.9054
vn 0.3764 0.2764 -0.8843
vn 0.3660 -0.1325 -0.9211
vn 0.3531 -0.0534 -0.9341
vn 0.3718 0.0160 -0.9282
vn 0.4058 0.0503 -0.9126
vn 0.4175 0.0679 -0.9061
vn 0.4852 -0.1235 -0.8657
vn 0.5047 0.1558 -0.8491
vn 0.5168 0.2041 -0.8314
vn 0.4816 0.2857 -0.8285
vn 0.4573 -0.1284 -0.8800
vn 0.4917 -0.0686 -0.8681
vn 0.4729 0.0007 -0.8811
vn 0.4403 0.0520 -0.8964
vn 0.4290 0.0771 -0.9000
vn 0.4399 0.1137 -0.8908
vn 0.4531 0.1795 -0.8732
vn 0.4457 0.2626 -0.8558
vn 0.5485 0.2016 -0.8115
vn 0.5365 0.2290 -0.8122
vn 0.5384 -0.0913 -0.8377
vn 0.5374 -0.0748 -0.8400
vn 0.5337 -0.0515 -0.8441
vn 0.5130 0.0261 -0.8580
vn 0.5143 0.1037 -0.8513
vn 0.5397 0.1618 -0.8262
vn 0.5450 0.1949 -0.8155
vn 0.5184 0.2414 -0.8204
vn 0.5163 -0.0859 -0.8521
vn 0.5256 -0.0668 -0.8481
vn 0.4989 -0.0318 -0.8661
vn 0.4598 0.0357 -0.8873
vn 0.4565 0.0743 -0.8866
vn 0.4782 0.1140 -0.8708
vn 0.1046 0.4518 -0.8860
vn 0.2687 0.2813 -0.9213
vn 0.5768 -0.1459 -0.8037
vn 0.7590 -0.3991 -0.5145
vn 0.8516 -0.2898 -0.4368
vn 0.1723 0.3674 -0.9140
vn 0.1494 0.3954 -0.9063
vn 0.1162 0.4426 -0.8892
vn 0.6749 -0.4864 -0.5549
vn 0.7610 -0.4758 -0.4410
vn 0.8397 -0.1903 -0.5086
vn 0.1402 0.3366 -0.9312
vn 0.1602 0.3517 -0.9223
vn 0.7593 -0.4171 -0.4996
vn 0.8370 -0.1425 -0.5284
vn 0.8751 0.2673 -0.4034
vn 0.3126 0.4447 -0.8394
vn 0.4565 0.3789 -0.8050
vn 0.7266 0.1078 -0.6786
vn 0.8777 0.0675 -0.4745
vn 0.2063 0.4810 -0.8521
vn 0.2778 0.4594 -0.8436
vn 0.5246 0.1842 -0.8312
vn 0.8092 -0.1690 -0.5627
vn 0.9336 -0.1010 -0.3437
vn 0.1910 0.3481 -0.9178
vn 0.1754 0.3644 -0.9146
vn 0.1813 0.3762 -0.9086
vn 0.1752 0.4201 -0.8904
vn 0.9032 -0.0650 -0.4243
vn 0.1862 0.3414 -0.9213
vn 0.1716 0.3611 -0.9166
vn 0.4868 0.6040 -0.6310
vn 0.5866 0.5813 -0.5639
vn 0.3499 0.5398 -0.7656
vn 0.5197 0.5213 -0.6769
vn 0.7328 0.4213 -0.5344
vn 0.2700 0.5120 -0.8154
vn 0.3289 0.4954 -0.8040
vn 0.5609 0.3276 -0.7603
vn 0.7435 0.2410 -0.6239
vn 0.2907 0.4541 -0.8422
vn 0.2884 0.4845 -0.8258
vn 0.2720 0.5090 -0.8167
vn 0.2278 0.3249 -0.9179
vn 0.2188 0.3593 -0.9072
vn 0.2367 0.3978 -0.8864
vn 0.2458 0.4327 -0.8674
vn 0.2374 0.3032 -0.9229
vn 0.3180 0.6726 -0.6682
vn 0.3472 0.6736 -0.6524
vn 0.2995 0.6071 -0.7360
vn 0.3291 0.6455 -0.6892
vn 0.3111 0.4793 -0.8207
vn 0.2985 0.4929 -0.8173
vn 0.2799 0.5431 -0.7917
vn 0.3401 0.4120 -0.8453
vn 0.3077 0.4699 -0.8273
vn 0.3068 0.4748 -0.8249
vn 0.2939 0.4879 -0.8219
vn 0.2952 0.2887 -0.9108
vn 0.2835 0.3526 -0.8918
vn 0.2706 0.4227 -0.8649
vn 0.2791 0.2625 -0.9237
vn 0.4003 0.6018 -0.6910
vn 0.3501 0.6498 -0.6747
vn 0.3125 0.6738 -0.6696
vn 0.3967 0.5462 -0.7378
vn 0.3867 0.5835 -0.7142
vn 0.3503 0.6353 -0.6883
vn 0.3243 0.4850 -0.8122
vn 0.3447 0.4953 -0.7974
vn 0.3454 0.5409 -0.7669
vn 0.4092 0.3353 -0.8486
vn 0.4031 0.3737 -0.8354
vn 0.3545 0.4295 -0.8306
vn 0.3101 0.4684 -0.8273
vn 0.3617 0.2919 -0.8854
vn 0.3638 0.3350 -0.8691
vn 0.4244 0.5779 -0.6971
vn 0.3909 0.6089 -0.6902
vn 0.3491 0.6556 -0.6696
vn 0.4364 0.5142 -0.7384
vn 0.4209 0.5606 -0.7132
vn 0.4253 0.5678 -0.7048
vn 0.4159 0.4030 -0.8152
vn 0.3851 0.4721 -0.7930
vn 0.3796 0.5157 -0.7681
vn 0.4320 0.3350 -0.8374
vn 0.4220 0.3517 -0.8356
vn 0.3924 0.3778 -0.8386
vn 0.3576 0.4445 -0.8213
vn 0.3962 0.3053 -0.8659
vn 0.4437 0.5529 -0.7053
vn 0.4312 0.5687 -0.7005
vn 0.4312 0.5942 -0.6790
vn 0.5075 0.4376 -0.7422
vn 0.4914 0.4859 -0.7228
vn 0.4464 0.5461 -0.7089
vn 0.4306 0.5653 -0.7036
vn 0.4579 0.3389 -0.8219
vn 0.4576 0.3581 -0.8139
vn 0.4660 0.3918 -0.7933
vn 0.4576 0.4492 -0.7673
vn 0.4410 0.3278 -0.8355
vn 0.4363 0.3383 -0.8338
vn 0.4346 0.3627 -0.8244
vn 0.5375 0.4532 -0.7112
vn 0.4879 0.5014 -0.7145
vn 0.4508 0.5744 -0.6833
vn 0.5355 0.4172 -0.7343
vn 0.5404 0.4353 -0.7201
vn 0.5336 0.4501 -0.7160
vn 0.4912 0.4990 -0.7139
vn 0.4986 0.3059 -0.8111
vn 0.4851 0.3737 -0.7906
vn 0.5001 0.4035 -0.7662
vn 0.4843 0.2940 -0.8240
vn 0.5594 -0.5034 -0.6585
vn 0.5611 -0.4810 -0.6736
vn 0.5630 -0.4784 -0.6739
vn 0.5752 -0.4596 -0.6767
vn 0.5481 -0.4601 -0.6985
vn 0.5384 -0.4227 -0.7290
vn 0.5489 -0.3425 -0.7625
vn 0.5853 -0.2729 -0.7635
vn 0.5284 -0.3230 -0.7851
vn 0.5712 -0.2790 -0.7719
vn 0.6159 -0.2382 -0.7509
vn 0.6113 -0.1695 -0.7731
vn 0.5637 -0.2111 -0.7986
vn 0.5658 -0.1338 -0.8137
vn 0.5909 -0.4552 -0.6660
vn 0.6367 -0.4136 -0.6508
vn 0.6708 -0.3531 -0.6522
vn 0.6644 -0.2867 -0.6902
vn 0.5964 -0.3998 -0.6960
vn 0.6115 -0.3191 -0.7240
vn 0.6241 -0.2427 -0.7427
vn 0.6295 -0.2226 -0.7445
vn 0.6329 -0.2211 -0.7420
vn 0.6140 -0.2352 -0.7534
vn 0.6257 -0.2209 -0.7481
vn 0.6175 -0.2040 -0.7596
vn 0.6815 -0.3671 -0.6331
vn 0.6966 -0.3463 -0.6284
vn 0.6831 -0.2980 -0.6668
vn 0.6618 -0.2332 -0.7125
vn 0.6804 -0.1705 -0.7127
vn 0.6514 -0.2380 -0.7204
vn 0.6376 -0.2201 -0.7383
vn 0.6541 -0.1960 -0.7306
vn 0.6965 -0.3063 -0.6489
vn 0.7011 -0.2329 -0.6740
vn 0.7198 -0.1508 -0.6776
vn 0.6064 0.2675 -0.7488
vn 0.5682 -0.1239 -0.8135
vn 0.5567 -0.0773 -0.8271
vn 0.5858 -0.0323 -0.8098
vn 0.6181 0.0365 -0.7852
vn 0.6069 0.1030 -0.7881
vn 0.5687 0.1696 -0.8049
vn 0.5540 0.1969 -0.8089
vn 0.5526 0.2210 -0.8036
vn 0.5478 -0.0994 -0.8307
vn 0.5396 -0.0770 -0.8384
vn 0.5453 -0.0511 -0.8367
vn 0.5618 0.0241 -0.8269
vn 0.5583 0.1144 -0.8217
vn 0.5456 0.1772 -0.8191
vn 0.5493 0.1900 -0.8137
vn 0.6385 -0.2068 -0.7413
vn 0.6559 0.0509 -0.7531
vn 0.6531 0.0580 -0.7551
vn 0.6379 0.1207 -0.7607
vn 0.6267 0.2037 -0.7522
vn 0.6448 0.2687 -0.7156
vn 0.5826 -0.1587 -0.7971
vn 0.5873 -0.0527 -0.8076
vn 0.6334 0.0023 -0.7738
vn 0.6539 0.0433 -0.7553
vn 0.6413 0.0744 -0.7637
vn 0.5974 0.1393 -0.7897
vn 0.5718 0.1906 -0.7979
vn 0.5881 0.2224 -0.7776
vn 0.7187 -0.1237 -0.6842
vn 0.7285 -0.0925 -0.6788
vn 0.7181 0.1705 -0.6747
vn 0.7145 0.2174 -0.6650
vn 0.6800 0.2674 -0.6827
vn 0.7034 -0.1562 -0.6935
vn 0.7162 -0.0634 -0.6950
vn 0.6820 0.0058 -0.7313
vn 0.6596 0.0426 -0.7504
vn 0.6567 0.0592 -0.7518
vn 0.6679 0.1264 -0.7334
vn 0.6720 0.2127 -0.7093
vn 0.6576 0.2838 -0.6979
vn 0.6485 -0.1231 -0.7512
vn 0.6535 -0.0183 -0.7567
vn 0.6515 0.0278 -0.7581
vn 0.6564 0.0419 -0.7532
vn 0.7401 -0.1030 -0.6646
vn 0.7452 -0.0856 -0.6613
vn 0.7332 -0.0546 -0.6778
vn 0.7122 0.0224 -0.7017
vn 0.7249 0.1117 -0.6798
vn 0.7502 0.1631 -0.6407
vn 0.7395 0.2006 -0.6426
vn 0.7117 0.2318 -0.6631
vn 0.7224 -0.0646 -0.6885
vn 0.7052 -0.0242 -0.7086
vn 0.6829 0.0334 -0.7298
vn 0.6893 0.0555 -0.7223
vn 0.7040 0.1112 -0.7014
vn 0.7584 -0.0463 -0.6501
vn 0.7641 0.0085 -0.6451
vn 0.7610 0.1000 -0.6410
vn 0.5542 0.4369 -0.7085
vn 0.5480 0.4436 -0.7092
vn 0.5570 0.4673 -0.6865
vn 0.6134 0.3257 -0.7195
vn 0.5822 0.3886 -0.7142
vn 0.5472 0.4346 -0.7153
vn 0.5458 0.4405 -0.7128
vn 0.5483 0.2871 -0.7855
vn 0.5443 0.3628 -0.7564
vn 0.6494 0.3145 -0.6924
vn 0.6340 0.3334 -0.6977
vn 0.5951 0.3973 -0.6986
vn 0.5813 0.4491 -0.6786
vn 0.6506 0.3120 -0.6924
vn 0.6233 0.3420 -0.7032
vn 0.5887 0.3947 -0.7055
vn 0.6562 0.3058 -0.6899
vn 0.6614 0.3176 -0.6795
vn 0.6552 0.3619 -0.6631
vn 0.6545 0.3047 -0.6920
vn 0.6877 0.2836 -0.6683
vn 0.0347 0.9988 -0.0347
vn 0.0302 0.9990 -0.0315
vn 0.0269 0.9966 -0.0776
vn 0.0269 0.9909 -0.1317
vn 0.0272 0.9820 -0.1870
vn 0.0275 0.9681 -0.2489
vn 0.0337 0.9344 -0.3547
vn 0.0284 0.9523 -0.3038
vn 0.0350 0.9079 -0.4178
vn 0.0400 0.8171 -0.5751
vn 0.0362 0.8766 -0.4799
vn 0.0776 0.9966 -0.0269
vn 0.0789 0.9938 -0.0789
vn 0.0784 0.9882 -0.1318
vn 0.0812 0.9786 -0.1890
vn 0.0842 0.9653 -0.2472
vn 0.0947 0.9278 -0.3609
vn 0.0849 0.9473 -0.3088
vn 0.0983 0.9036 -0.4169
vn 0.1109 0.8117 -0.5734
vn 0.1014 0.8699 -0.4827
vn 0.1317 0.9909 -0.0269
vn 0.1318 0.9882 -0.0784
vn 0.1344 0.9818 -0.1344
vn 0.1379 0.9713 -0.1939
vn 0.1383 0.9602 -0.2426
vn 0.1533 0.9184 -0.3647
vn 0.1342 0.9425 -0.3062
vn 0.1593 0.8969 -0.4126
vn 0.1836 0.7976 -0.5745
vn 0.1568 0.8595 -0.4865
vn 0.1870 0.9820 -0.0272
vn 0.1890 0.9786 -0.0812
vn 0.1939 0.9713 -0.1379
vn 0.1905 0.9630 -0.1905
vn 0.2371 0.9230 -0.3032
vn 0.1886 0.9499 -0.2491
vn 0.2223 0.9071 -0.3575
vn 0.1831 0.9354 -0.3026
vn 0.2868 0.8170 -0.5003
vn 0.2295 0.8814 -0.4129
vn 0.2676 0.7734 -0.5747
vn 0.2197 0.8395 -0.4969
vn 0.2489 0.9681 -0.0275
vn 0.2472 0.9653 -0.0842
vn 0.2426 0.9602 -0.1383
vn 0.3032 0.9230 -0.2371
vn 0.2491 0.9499 -0.1886
vn 0.2929 0.9102 -0.2929
vn 0.2449 0.9381 -0.2449
vn 0.2881 0.8902 -0.3528
vn 0.3442 0.7938 -0.5014
vn 0.2948 0.8574 -0.4219
vn 0.4127 0.6149 -0.6719
vn 0.3432 0.7433 -0.5743
vn 0.3547 0.9344 -0.0337
vn 0.3038 0.9523 -0.0284
vn 0.3609 0.9278 -0.0947
vn 0.3088 0.9473 -0.0849
vn 0.3647 0.9184 -0.1533
vn 0.3062 0.9425 -0.1342
vn 0.3575 0.9071 -0.2223
vn 0.3026 0.9354 -0.1831
vn 0.3528 0.8902 -0.2881
vn 0.4204 0.8041 -0.4204
vn 0.3553 0.8646 -0.3553
vn 0.4970 0.6377 -0.5885
vn 0.4093 0.7664 -0.4951
vn 0.3553 0.8303 -0.4294
vn 0.5871 0.1807 -0.7891
vn 0.5085 0.5174 -0.6883
vn 0.4152 0.6993 -0.5818
vn 0.4178 0.9079 -0.0350
vn 0.4169 0.9036 -0.0983
vn 0.4126 0.8969 -0.1593
vn 0.5003 0.8170 -0.2868
vn 0.4129 0.8814 -0.2295
vn 0.5014 0.7938 -0.3442
vn 0.4219 0.8574 -0.2948
vn 0.5885 0.6377 -0.4970
vn 0.4951 0.7664 -0.4093
vn 0.4294 0.8303 -0.3553
vn 0.6634 0.3461 -0.6634
vn 0.5866 0.5585 -0.5866
vn 0.4977 0.7104 -0.4977
vn 0.5947 0.1749 -0.7847
vn 0.5579 0.4530 -0.6954
vn 0.5751 0.8171 -0.0400
vn 0.4799 0.8766 -0.0362
vn 0.5734 0.8117 -0.1109
vn 0.4827 0.8699 -0.1014
vn 0.5745 0.7976 -0.1836
vn 0.4865 0.8595 -0.1568
vn 0.5747 0.7734 -0.2676
vn 0.4969 0.8395 -0.2197
vn 0.6719 0.6149 -0.4127
vn 0.5743 0.7433 -0.3432
vn 0.7891 0.1807 -0.5871
vn 0.6883 0.5174 -0.5085
vn 0.5818 0.6993 -0.4152
vn 0.7847 0.1749 -0.5947
vn 0.6954 0.4530 -0.5579
vn 0.7054 0.0687 -0.7054
vn 0.0387 0.7644 -0.6436
vn 0.0531 0.2015 -0.9781
vn 0.0462 0.4727 -0.8800
vn 0.0333 0.6611 -0.7495
vn 0.1521 0.6370 -0.7557
vn 0.1091 0.7608 -0.6398
vn 0.1486 0.1980 -0.9689
vn 0.1214 0.4704 -0.8741
vn 0.0856 0.6540 -0.7516
vn 0.2405 0.6103 -0.7548
vn 0.1993 0.7349 -0.6483
vn 0.2435 0.1682 -0.9552
vn 0.2095 0.4485 -0.8689
vn 0.3901 0.3545 -0.8498
vn 0.3199 0.5624 -0.7625
vn 0.2694 0.6957 -0.6659
vn 0.2904 0.1439 -0.9460
vn 0.2841 0.4268 -0.8586
vn 0.5084 0.1925 -0.8393
vn 0.3938 0.5028 -0.7695
vn 0.3297 0.6653 -0.6698
vn 0.4236 0.0653 -0.9035
vn 0.5284 0.1425 -0.8370
vn 0.4966 0.4199 -0.7597
vn 0.6439 0.7644 -0.0345
vn 0.7557 0.6370 -0.1521
vn 0.6398 0.7608 -0.1091
vn 0.7548 0.6103 -0.2405
vn 0.6483 0.7349 -0.1993
vn 0.8498 0.3545 -0.3901
vn 0.7625 0.5624 -0.3199
vn 0.6659 0.6957 -0.2694
vn 0.8393 0.1925 -0.5084
vn 0.7695 0.5028 -0.3938
vn 0.6698 0.6653 -0.3297
vn 0.8370 0.1425 -0.5284
vn 0.7597 0.4199 -0.4966
vn 0.8074 0.5252 -0.2689
vn 0.7955 0.5975 -0.1008
vn 0.7315 0.6810 -0.0337
vn 0.8962 0.3632 -0.2550
vn 0.8526 0.5010 -0.1484
vn 0.7428 0.6631 -0.0929
vn 0.9254 0.2326 -0.2993
vn 0.8643 0.4538 -0.2170
vn 0.9459 0.1443 -0.2905
vn 0.8586 0.4268 -0.2842
vn 0.9035 0.0653 -0.4236
vn 0.6949 0.5777 -0.4282
vn 0.8082 0.4376 -0.3940
s 1
f 9//9 5//5 6//6
f 12//12 7//7 8//8
f 12//12 9//9 13//13
f 19//19 14//14 15//15
f 22//22 16//16 17//17
f 22//22 18//18 23//23
f 23//23 19//19 24//24
f 24//24 5//5 23//23
f 26//26 20//20 21//21
f 26//26 22//22 27//27
f 28//28 22//22 23//23
f 28//28 7//7 27//27
f 28//28 5//5 8//8
f 30//30 26//26 31//31
f 32//32 26//26 27//27
f 32//32 10//10 31//31
f 32//32 7//7 11//11
f 37//37 33//33 34//34
f 41//41 35//35 36//36
f 42//42 36//36 37//37
f 42//42 14//14 41//41
f 45//45 38//38 39//39
f 46//46 39//39 40//40
f 46//46 16//16 45//45
f 47//47 40//40 41//41
f 47//47 17//17 46//46
f 47//47 14//14 18//18
f 50//50 43//43 44//44
f 51//51 44//44 45//45
f 51//51 20//20 50//50
f 51//51 16//16 21//21
f 53//53 48//48 49//49
f 54//54 49//49 50//50
f 54//54 20//20 25//25
f 57//57 52//52 53//53
f 58//58 53//53 54//54
f 58//58 29//29 57//57
f 58//58 25//25 30//30
f 64//64 59//59 60//60
f 64//64 33//33 63//63
f 68//68 61//61 62//62
f 69//69 62//62 63//63
f 69//69 35//35 68//68
f 69//69 33//33 36//36
f 72//72 65//65 66//66
f 73//73 66//66 67//67
f 73//73 38//38 72//72
f 74//74 67//67 68//68
f 74//74 39//39 73//73
f 74//74 35//35 40//40
f 76//76 70//70 71//71
f 77//77 71//71 72//72
f 77//77 43//43 76//76
f 77//77 38//38 44//44
f 80//80 75//75 76//76
f 80//80 48//48 79//79
f 80//80 43//43 49//49
f 82//82 78//78 79//79
f 82//82 48//48 52//52
f 83//83 3//3 81//81
f 84//84 81//81 82//82
f 84//84 55//55 83//83
f 84//84 52//52 56//56
f 90//90 85//85 86//86
f 90//90 87//87 91//91
f 95//95 6//6 88//88
f 96//96 88//88 89//89
f 96//96 90//90 97//97
f 98//98 90//90 91//91
f 98//98 92//92 99//99
f 99//99 93//93 100//100
f 100//100 94//94 101//101
f 13//13 95//95 103//103
f 103//103 96//96 104//104
f 104//104 97//97 105//105
f 105//105 98//98 106//106
f 107//107 98//98 99//99
f 108//108 99//99 100//100
f 109//109 100//100 101//101
f 109//109 102//102 110//110
f 116//116 111//111 112//112
f 116//116 113//113 117//117
f 122//122 15//15 114//114
f 122//122 115//115 123//123
f 123//123 116//116 124//124
f 124//124 85//85 123//123
f 125//125 116//116 117//117
f 87//87 124//124 125//125
f 126//126 117//117 118//118
f 126//126 119//119 127//127
f 127//127 120//120 128//128
f 128//128 121//121 129//129
f 130//130 19//19 122//122
f 88//88 24//24 130//130
f 131//131 122//122 123//123
f 131//131 88//88 130//130
f 131//131 85//85 89//89
f 132//132 87//87 125//125
f 132//132 126//126 133//133
f 92//92 132//132 133//133
f 133//133 127//127 134//134
f 134//134 92//92 133//133
f 134//134 128//128 135//135
f 94//94 134//134 135//135
f 136//136 128//128 129//129
f 137//137 94//94 135//135
f 137//137 136//136 138//138
f 102//102 137//137 138//138
f 37//37 139//139 146//146
f 146//146 140//140 147//147
f 148//148 140//140 141//141
f 148//148 111//111 147//147
f 148//148 142//142 149//149
f 113//113 148//148 149//149
f 149//149 143//143 150//150
f 151//151 143//143 144//144
f 151//151 145//145 152//152
f 154//154 37//37 146//146
f 114//114 42//42 154//154
f 155//155 146//146 147//147
f 155//155 114//114 154//154
f 155//155 111//111 115//115
f 156//156 113//113 149//149
f 156//156 150//150 157//157
f 118//118 156//156 157//157
f 158//158 150//150 151//151
f 158//158 118//118 157//157
f 159//159 151//151 152//152
f 159//159 119//119 158//158
f 159//159 153//153 160//160
f 121//121 159//159 160//160
f 161//161 121//121 160//160
f 164//164 1//1 2//2
f 170//170 60//60 162//162
f 139//139 64//64 170//170
f 171//171 162//162 163//163
f 140//140 170//170 171//171
f 172//172 163//163 164//164
f 141//141 171//171 172//172
f 172//172 165//165 173//173
f 142//142 172//172 173//173
f 173//173 166//166 174//174
f 174//174 142//142 173//173
f 174//174 167//167 175//175
f 175//175 143//143 174//174
f 175//175 168//168 176//176
f 145//145 175//175 176//176
f 176//176 169//169 177//177
f 178//178 145//145 176//176
f 178//178 177//177 179//179
f 153//153 178//178 179//179
f 110//110 180//180 181//181
f 136//136 182//182 183//183
f 185//185 136//136 183//183
f 180//180 138//138 185//185
f 185//185 184//184 186//186
f 188//188 180//180 185//185
f 189//189 185//185 186//186
f 189//189 187//187 190//190
f 160//160 191//191 192//192
f 161//161 192//192 194//194
f 182//182 161//161 194//194
f 194//194 193//193 195//195
f 198//198 182//182 194//194
f 198//198 195//195 199//199
f 184//184 198//198 199//199
f 199//199 196//196 200//200
f 200//200 197//197 201//201
f 202//202 184//184 199//199
f 202//202 200//200 203//203
f 187//187 202//202 203//203
f 203//203 201//201 204//204
f 206//206 187//187 203//203
f 206//206 204//204 207//207
f 207//207 205//205 208//208
f 179//179 209//209 211//211
f 191//191 179//179 211//211
f 211//211 210//210 212//212
f 214//214 191//191 211//211
f 214//214 212//212 215//215
f 193//193 214//214 215//215
f 215//215 213//213 216//216
f 218//218 193//193 215//215
f 218//218 216//216 219//219
f 196//196 218//218 219//219
f 219//219 217//217 220//220
f 197//197 219//219 220//220
f 222//222 197//197 220//220
f 222//222 221//221 223//223
f 225//225 201//201 222//222
f 225//225 223//223 226//226
f 205//205 225//225 226//226
f 226//226 224//224 227//227
f 228//228 205//205 226//226
f 228//228 227//227 229//229
f 235//235 232//232 233//233
f 236//236 235//235 237//237
f 239//239 236//236 237//237
f 241//241 238//238 239//239
f 242//242 241//241 243//243
f 249//249 246//246 247//247
f 251//251 248//248 249//249
f 252//252 251//251 253//253
f 257//257 10//10 11//11
f 258//258 11//11 12//12
f 258//258 13//13 259//259
f 262//262 256//256 257//257
f 262//262 258//258 263//263
f 264//264 258//258 259//259
f 266//266 260//260 261//261
f 266//266 262//262 267//267
f 267//267 263//263 268//268
f 269//269 263//263 264//264
f 269//269 246//246 268//268
f 269//269 245//245 247//247
f 271//271 265//265 266//266
f 271//271 267//267 272//272
f 273//273 267//267 268//268
f 273//273 246//246 248//248
f 275//275 270//270 271//271
f 275//275 272//272 276//276
f 277//277 272//272 273//273
f 250//250 273//273 248//248
f 278//278 275//275 279//279
f 280//280 275//275 276//276
f 280//280 277//277 281//281
f 252//252 277//277 250//250
f 282//282 252//252 253//253
f 283//283 279//279 284//284
f 285//285 279//279 280//280
f 286//286 280//280 281//281
f 286//286 282//282 287//287
f 254//254 282//282 253//253
f 288//288 285//285 289//289
f 290//290 285//285 286//286
f 290//290 287//287 291//291
f 255//255 287//287 254//254
f 293//293 29//29 30//30
f 293//293 31//31 294//294
f 294//294 10//10 256//256
f 297//297 292//292 293//293
f 298//298 293//293 294//294
f 298//298 260//260 297//297
f 298//298 256//256 261//261
f 300//300 295//295 296//296
f 300//300 297//297 301//301
f 301//301 260//260 265//265
f 302//302 300//300 303//303
f 304//304 300//300 301//301
f 270//270 301//301 265//265
f 305//305 303//303 306//306
f 307//307 303//303 304//304
f 274//274 304//304 270//270
f 309//309 305//305 306//306
f 310//310 306//306 307//307
f 310//310 274//274 278//278
f 311//311 309//309 312//312
f 312//312 310//310 313//313
f 283//283 310//310 278//278
f 314//314 283//283 284//284
f 315//315 313//313 316//316
f 316//316 314//314 317//317
f 288//288 314//314 284//284
f 319//319 55//55 56//56
f 320//320 56//56 57//57
f 320//320 29//29 292//292
f 321//321 319//319 322//322
f 323//323 319//319 320//320
f 323//323 295//295 322//322
f 323//323 292//292 296//296
f 325//325 321//321 322//322
f 325//325 295//295 299//299
f 327//327 324//324 325//325
f 302//302 325//325 299//299
f 328//328 327//327 329//329
f 329//329 302//302 305//305
f 330//330 329//329 331//331
f 331//331 305//305 308//308
f 332//332 331//331 333//333
f 311//311 331//331 308//308
f 334//334 311//311 312//312
f 335//335 333//333 336//336
f 336//336 334//334 337//337
f 315//315 334//334 312//312
f 338//338 4//4 83//83
f 338//338 55//55 318//318
f 339//339 231//231 338//338
f 321//321 338//338 318//318
f 235//235 339//339 340//340
f 324//324 339//339 321//321
f 237//237 340//340 341//341
f 326//326 340//340 324//324
f 239//239 341//341 342//342
f 342//342 326//326 328//328
f 343//343 239//239 342//342
f 343//343 328//328 330//330
f 344//344 241//241 343//343
f 344//344 330//330 332//332
f 244//244 344//344 345//345
f 345//345 332//332 335//335
f 353//353 346//346 347//347
f 353//353 348//348 354//354
f 354//354 349//349 355//355
f 355//355 350//350 356//356
f 356//356 351//351 357//357
f 359//359 245//245 352//352
f 359//359 353//353 360//360
f 360//360 354//354 361//361
f 362//362 354//354 355//355
f 363//363 355//355 356//356
f 364//364 356//356 357//357
f 364//364 358//358 365//365
f 249//249 359//359 366//366
f 366//366 360//360 367//367
f 367//367 361//361 368//368
f 369//369 361//361 362//362
f 370//370 362//362 363//363
f 371//371 363//363 364//364
f 371//371 365//365 372//372
f 251//251 366//366 374//374
f 374//374 367//367 375//375
f 376//376 367//367 368//368
f 377//377 368//368 369//369
f 378//378 369//369 370//370
f 379//379 370//370 371//371
f 380//380 371//371 372//372
f 381//381 372//372 373//373
f 382//382 251//251 374//374
f 383//383 374//374 375//375
f 384//384 375//375 376//376
f 385//385 376//376 377//377
f 385//385 378//378 386//386
f 386//386 379//379 387//387
f 388//388 379//379 380//380
f 254//254 382//382 389//389
f 390//390 382//382 383//383
f 391//391 383//383 384//384
f 392//392 384//384 385//385
f 392//392 386//386 393//393
f 393//393 387//387 394//394
f 395//395 387//387 388//388
f 255//255 389//389 396//396
f 396//396 390//390 397//397
f 398//398 390//390 391//391
f 399//399 391//391 392//392
f 400//400 392//392 393//393
f 401//401 393//393 394//394
f 402//402 13//13 103//103
f 403//403 103//103 104//104
f 403//403 346//346 402//402
f 403//403 105//105 404//404
f 404//404 347//347 403//403
f 404//404 106//106 405//405
f 405//405 348//348 404//404
f 405//405 107//107 406//406
f 406//406 349//349 405//405
f 406//406 108//108 407//407
f 351//351 406//406 407//407
f 408//408 108//108 109//109
f 409//409 109//109 110//110
f 410//410 259//259 402//402
f 410//410 245//245 264//264
f 410//410 346//346 352//352
f 411//411 351//351 407//407
f 411//411 408//408 412//412
f 358//358 411//411 412//412
f 413//413 408//408 409//409
f 414//414 358//358 412//412
f 414//414 413//413 415//415
f 416//416 365//365 414//414
f 416//416 415//415 417//417
f 373//373 416//416 417//417
f 381//381 418//418 380//380
f 381//381 417//417 419//419
f 388//388 418//418 420//420
f 421//421 418//418 419//419
f 395//395 422//422 394//394
f 395//395 420//420 423//423
f 424//424 420//420 421//421
f 425//425 255//255 396//396
f 426//426 396//396 397//397
f 401//401 427//427 400//400
f 401//401 422//422 428//428
f 429//429 422//422 423//423
f 429//429 424//424 430//430
f 409//409 181//181 431//431
f 433//433 409//409 431//431
f 433//433 432//432 434//434
f 435//435 413//413 433//433
f 435//435 434//434 436//436
f 437//437 415//415 435//435
f 437//437 436//436 438//438
f 419//419 437//437 439//439
f 440//440 437//437 438//438
f 421//421 439//439 441//441
f 442//442 439//439 440//440
f 424//424 441//441 443//443
f 444//444 441//441 442//442
f 430//430 443//443 445//445
f 446//446 443//443 444//444
f 447//447 181//181 188//188
f 447//447 189//189 448//448
f 432//432 447//447 448//448
f 449//449 189//189 190//190
f 451//451 432//432 448//448
f 451//451 449//449 452//452
f 452//452 450//450 453//453
f 436//436 451//451 454//454
f 454//454 452//452 455//455
f 456//456 452//452 453//453
f 438//438 454//454 457//457
f 458//458 454//454 455//455
f 458//458 456//456 459//459
f 460//460 438//438 457//457
f 461//461 457//457 458//458
f 461//461 459//459 462//462
f 463//463 440//440 460//460
f 464//464 460//460 461//461
f 465//465 461//461 462//462
f 466//466 442//442 463//463
f 467//467 463//463 464//464
f 468//468 464//464 465//465
f 446//446 469//469 445//445
f 446//446 466//466 470//470
f 471//471 466//466 467//467
f 472//472 467//467 468//468
f 473//473 190//190 206//206
f 473//473 207//207 474//474
f 450//450 473//473 474//474
f 474//474 208//208 475//475
f 477//477 450//450 474//474
f 477//477 475//475 478//478
f 478//478 476//476 479//479
f 456//456 477//477 480//480
f 480//480 478//478 481//481
f 481//481 479//479 482//482
f 459//459 480//480 483//483
f 483//483 481//481 484//484
f 484//484 482//482 485//485
f 462//462 483//483 486//486
f 486//486 484//484 487//487
f 488//488 484//484 485//485
f 489//489 462//462 486//486
f 489//489 487//487 490//490
f 491//491 487//487 488//488
f 492//492 465//465 489//489
f 492//492 490//490 493//493
f 493//493 491//491 494//494
f 495//495 468//468 492//492
f 495//495 493//493 496//496
f 497//497 493//493 494//494
f 498//498 208//208 228//228
f 498//498 229//229 499//499
f 476//476 498//498 499//499
f 499//499 230//230 500//500
f 501//501 476//476 499//499
f 501//501 500//500 502//502
f 482//482 501//501 503//503
f 503//503 502//502 504//504
f 485//485 503//503 505//505
f 505//505 504//504 506//506
f 488//488 505//505 507//507
f 508//508 505//505 506//506
f 509//509 488//488 507//507
f 510//510 507//507 508//508
f 511//511 491//491 509//509
f 512//512 509//509 510//510
f 497//497 513//513 496//496
f 497//497 511//511 514//514
f 515//515 511//511 512//512
f 518//518 289//289 519//519
f 520//520 289//289 290//290
f 521//521 290//290 291//291
f 522//522 520//520 523//523
f 524//524 520//520 521//521
f 525//525 524//524 526//526
f 527//527 316//316 528//528
f 528//528 317//317 529//529
f 518//518 317//317 288//288
f 530//530 518//518 519//519
f 531//531 528//528 532//532
f 533//533 528//528 529//529
f 533//533 530//530 534//534
f 522//522 530//530 519//519
f 535//535 522//522 523//523
f 536//536 533//533 537//537
f 538//538 533//533 534//534
f 538//538 535//535 539//539
f 525//525 535//535 523//523
f 540//540 525//525 526//526
f 541//541 538//538 542//542
f 543//543 538//538 539//539
f 544//544 539//539 540//540
f 545//545 544//544 546//546
f 547//547 336//336 548//548
f 549//549 336//336 337//337
f 549//549 315//315 527//527
f 550//550 549//549 551//551
f 531//531 549//549 527//527
f 552//552 531//531 532//532
f 553//553 551//551 554//554
f 554//554 552//552 555//555
f 536//536 552//552 532//532
f 556//556 536//536 537//537
f 557//557 555//555 558//558
f 558//558 556//556 559//559
f 541//541 556//556 537//537
f 560//560 541//541 542//542
f 561//561 542//542 543//543
f 562//562 559//559 563//563
f 563//563 560//560 564//564
f 564//564 561//561 565//565
f 545//545 561//561 543//543
f 566//566 545//545 546//546
f 567//567 564//564 568//568
f 568//568 565//565 569//569
f 569//569 566//566 570//570
f 571//571 570//570 572//572
f 516//516 345//345 573//573
f 547//547 345//345 335//335
f 574//574 547//547 548//548
f 517//517 573//573 575//575
f 575//575 574//574 576//576
f 550//550 574//574 548//548
f 577//577 576//576 578//578
f 553//553 576//576 550//550
f 579//579 553//553 554//554
f 580//580 578//578 581//581
f 581//581 579//579 582//582
f 557//557 579//579 554//554
f 583//583 557//557 558//558
f 584//584 582//582 585//585
f 585//585 583//583 586//586
f 562//562 583//583 558//558
f 587//587 562//562 563//563
f 588//588 586//586 589//589
f 589//589 587//587 590//590
f 567//567 587//587 563//563
f 591//591 567//567 568//568
f 592//592 568//568 569//569
f 593//593 590//590 594//594
f 594//594 591//591 595//595
f 595//595 592//592 596//596
f 571//571 592//592 569//569
f 597//597 571//571 572//572
f 598//598 596//596 599//599
f 599//599 597//597 600//600
f 601//601 398//398 602//602
f 602//602 399//399 603//603
f 604//604 399//399 400//400
f 521//521 425//425 605//605
f 605//605 426//426 606//606
f 601//601 426//426 397//397
f 607//607 601//601 602//602
f 603//603 607//607 602//602
f 604//604 608//608 603//603
f 604//604 427//427 609//609
f 610//610 427//427 428//428
f 610//610 429//429 611//611
f 611//611 430//430 612//612
f 613//613 521//521 605//605
f 614//614 605//605 606//606
f 614//614 607//607 615//615
f 615//615 608//608 616//616
f 617//617 608//608 609//609
f 617//617 610//610 618//618
f 618//618 611//611 619//619
f 620//620 611//611 612//612
f 526//526 613//613 621//621
f 622//622 613//613 614//614
f 623//623 614//614 615//615
f 624//624 615//615 616//616
f 624//624 617//617 625//625
f 626//626 617//617 618//618
f 627//627 618//618 619//619
f 628//628 622//622 629//629
f 629//629 623//623 630//630
f 630//630 624//624 631//631
f 632//632 624//624 625//625
f 620//620 633//633 619//619
f 635//635 526//526 621//621
f 626//626 636//636 625//625
f 627//627 637//637 626//626
f 627//627 633//633 638//638
f 639//639 633//633 634//634
f 544//544 635//635 640//640
f 628//628 635//635 621//621
f 641//641 628//628 629//629
f 630//630 641//641 629//629
f 631//631 642//642 630//630
f 632//632 643//643 631//631
f 632//632 636//636 644//644
f 645//645 636//636 637//637
f 646//646 637//637 638//638
f 646//646 639//639 647//647
f 648//648 544//544 640//640
f 649//649 640//640 641//641
f 650//650 641//641 642//642
f 651//651 642//642 643//643
f 652//652 643//643 644//644
f 652//652 645//645 653//653
f 654//654 645//645 646//646
f 655//655 646//646 647//647
f 656//656 649//649 657//657
f 657//657 650//650 658//658
f 658//658 651//651 659//659
f 660//660 651//651 652//652
f 661//661 652//652 653//653
f 663//663 546//546 648//648
f 654//654 664//664 653//653
f 655//655 665//665 654//654
f 655//655 662//662 666//666
f 570//570 663//663 667//667
f 656//656 663//663 648//648
f 668//668 656//656 657//657
f 658//658 668//668 657//657
f 659//659 669//669 658//658
f 671//671 659//659 660//660
f 661//661 671//671 660//660
f 661//661 664//664 672//672
f 673//673 664//664 665//665
f 674//674 665//665 666//666
f 675//675 570//570 667//667
f 675//675 668//668 676//676
f 676//676 669//669 677//677
f 677//677 670//670 678//678
f 679//679 670//670 671//671
f 680//680 671//671 672//672
f 680//680 673//673 681//681
f 682//682 673//673 674//674
f 675//675 597//597 572//572
f 676//676 684//684 675//675
f 677//677 685//685 676//676
f 678//678 686//686 677//677
f 688//688 678//678 679//679
f 689//689 679//679 680//680
f 690//690 680//680 681//681
f 682//682 690//690 681//681
f 682//682 683//683 691//691
f 600//600 684//684 692//692
f 692//692 685//685 693//693
f 694//694 685//685 686//686
f 695//695 686//686 687//687
f 695//695 688//688 696//696
f 697//697 688//688 689//689
f 698//698 689//689 690//690
f 699//699 690//690 691//691
f 700//700 430//430 445//445
f 701//701 612//612 700//700
f 700//700 469//469 702//702
f 703//703 469//469 470//470
f 703//703 471//471 704//704
f 705//705 471//471 472//472
f 701//701 634//634 620//620
f 701//701 702//702 706//706
f 706//706 703//703 707//707
f 708//708 703//703 704//704
f 639//639 706//706 709//709
f 710//710 706//706 707//707
f 711//711 639//639 709//709
f 705//705 712//712 704//704
f 705//705 495//495 713//713
f 714//714 495//495 496//496
f 708//708 715//715 707//707
f 708//708 712//712 716//716
f 717//717 712//712 713//713
f 718//718 713//713 714//714
f 710//710 719//719 709//709
f 710//710 715//715 720//720
f 721//721 715//715 716//716
f 722//722 716//716 717//717
f 711//711 662//662 647//647
f 711//711 719//719 723//723
f 724//724 719//719 720//720
f 724//724 721//721 725//725
f 726//726 721//721 722//722
f 728//728 662//662 723//723
f 729//729 723//723 724//724
f 730//730 724//724 725//725
f 733//733 666//666 728//728
f 735//735 731//731 732//732
f 738//738 734//734 735//735
f 740//740 736//736 737//737
f 740//740 738//738 741//741
f 714//714 513//513 742//742
f 743//743 513//513 514//514
f 744//744 514//514 515//515
f 718//718 745//745 717//717
f 718//718 742//742 746//746
f 747//747 742//742 743//743
f 722//722 745//745 748//748
f 749//749 745//745 746//746
f 750//750 746//746 747//747
f 726//726 753//753 725//725
f 726//726 748//748 754//754
f 755//755 748//748 749//749
f 758//758 751//751 752//752
f 729//729 759//759 728//728
f 730//730 760//760 729//729
f 730//730 753//753 761//761
f 762//762 753//753 754//754
f 764//764 756//756 757//757
f 765//765 757//757 758//758
f 765//765 731//731 764//764
f 765//765 727//727 732//732
f 733//733 683//683 674//674
f 733//733 759//759 766//766
f 767//767 759//759 760//760
f 768//768 760//760 761//761
f 770//770 763//763 764//764
f 770//770 731//731 734//734
f 771//771 683//683 766//766
f 772//772 766//766 767//767
f 774//774 769//769 770//770
f 774//774 736//736 773//773
f 774//774 734//734 737//737
f 775//775 736//736 739//739
f 782//782 778//778 781//781
f 782//782 777//777 779//779
f 792//792 786//786 787//787
f 792//792 783//783 791//791
f 792//792 788//788 793//793
f 785//785 792//792 793//793
f 799//799 786//786 798//798
f 800//800 794//794 795//795
f 800//800 787//787 799//799
f 803//803 796//796 797//797
f 803//803 789//789 802//802
f 804//804 797//797 798//798
f 804//804 790//790 803//803
f 804//804 786//786 791//791
f 809//809 794//794 808//808
f 812//812 796//796 811//811
f 813//813 806//806 807//807
f 813//813 797//797 812//812
f 814//814 807//807 808//808
f 814//814 798//798 813//813
f 814//814 794//794 799//799
f 818//818 810//810 811//811
f 818//818 801//801 817//817
f 818//818 796//796 802//802
f 825//825 806//806 824//824
f 826//826 819//819 820//820
f 826//826 807//807 825//825
f 827//827 820//820 821//821
f 827//827 808//808 826//826
f 827//827 805//805 809//809
f 830//830 822//822 823//823
f 830//830 810//810 829//829
f 831//831 823//823 824//824
f 831//831 811//811 830//830
f 831//831 806//806 812//812
f 833//833 815//815 832//832
f 834//834 828//828 829//829
f 834//834 816//816 833//833
f 834//834 810//810 817//817
f 840//840 819//819 839//839
f 841//841 835//835 836//836
f 841//841 820//820 840//840
f 844//844 822//822 843//843
f 845//845 837//837 838//838
f 845//845 823//823 844//844
f 846//846 838//838 839//839
f 846//846 824//824 845//845
f 846//846 819//819 825//825
f 849//849 842//842 843//843
f 849//849 828//828 848//848
f 849//849 822//822 829//829
f 851//851 847//847 848//848
f 851//851 832//832 850//850
f 851//851 828//828 833//833
f 854//854 835//835 853//853
f 857//857 837//837 856//856
f 858//858 838//838 857//857
f 859//859 852//852 853//853
f 859//859 839//839 858//858
f 859//859 835//835 840//840
f 861//861 842//842 860//860
f 862//862 855//855 856//856
f 862//862 843//843 861//861
f 862//862 837//837 844//844
f 864//864 847//847 863//863
f 864//864 842//842 848//848
f 865//865 777//777 863//863
f 865//865 776//776 779//779
f 865//865 847//847 850//850
f 870//870 852//852 869//869
f 854//854 870//870 871//871
f 873//873 855//855 872//872
f 874//874 867//867 868//868
f 874//874 856//856 873//873
f 875//875 868//868 869//869
f 875//875 857//857 874//874
f 875//875 852//852 858//858
f 878//878 860//860 877//877
f 878//878 855//855 861//861
f 879//879 777//777 780//780
f 880//880 876//876 877//877
f 880//880 863//863 879//879
f 880//880 860//860 864//864
f 2//2 884//884 885//885
f 886//886 881//881 882//882
f 882//882 893//893 894//894
f 793//793 891//891 899//899
f 883//883 793//793 899//899
f 899//899 892//892 900//900
f 900//900 883//883 899//899
f 901//901 892//892 893//893
f 901//901 884//884 900//900
f 901//901 881//881 885//885
f 902//902 882//882 894//894
f 902//902 895//895 903//903
f 887//887 902//902 903//903
f 903//903 896//896 904//904
f 904//904 887//887 903//903
f 905//905 896//896 897//897
f 889//889 904//904 905//905
f 905//905 898//898 906//906
f 890//890 905//905 906//906
f 800//800 907//907 915//915
f 915//915 788//788 800//800
f 915//915 908//908 916//916
f 916//916 891//891 915//915
f 916//916 909//909 917//917
f 917//917 892//892 916//916
f 917//917 910//910 918//918
f 894//894 917//917 918//918
f 919//919 910//910 911//911
f 895//895 918//918 919//919
f 920//920 911//911 912//912
f 896//896 919//919 920//920
f 921//921 912//912 913//913
f 897//897 920//920 921//921
f 921//921 914//914 922//922
f 898//898 921//921 922//922
f 923//923 898//898 922//922
f 931//931 805//805 924//924
f 931//931 795//795 809//809
f 931//931 925//925 932//932
f 932//932 907//907 931//931
f 932//932 926//926 933//933
f 933//933 908//908 932//932
f 934//934 926//926 927//927
f 934//934 909//909 933//933
f 935//935 927//927 928//928
f 911//911 934//934 935//935
f 936//936 928//928 929//929
f 912//912 935//935 936//936
f 936//936 930//930 937//937
f 913//913 936//936 937//937
f 914//914 937//937 938//938
f 939//939 914//914 938//938
f 942//942 805//805 821//821
f 925//925 942//942 943//943
f 926//926 943//943 944//944
f 944//944 941//941 945//945
f 945//945 926//926 944//944
f 946//946 927//927 945//945
f 947//947 928//928 946//946
f 930//930 947//947 948//948
f 950//950 930//930 948//948
f 950//950 949//949 951//951
f 938//938 950//950 951//951
f 941//941 954//954 955//955
f 841//841 952//952 959//959
f 942//942 841//841 959//959
f 959//959 953//953 960//960
f 943//943 959//959 960//960
f 961//961 953//953 954//954
f 961//961 943//943 960//960
f 961//961 940//940 944//944
f 962//962 941//941 955//955
f 962//962 956//956 963//963
f 946//946 962//962 963//963
f 964//964 956//956 957//957
f 947//947 963//963 964//964
f 964//964 958//958 965//965
f 948//948 964//964 965//965
f 949//949 965//965 966//966
f 969//969 836//836 854//854
f 970//970 952//952 969//969
f 954//954 970//970 971//971
f 972//972 967//967 968//968
f 955//955 971//971 972//972
f 956//956 972//972 973//973
f 974//974 956//956 973//973
f 958//958 974//974 975//975
f 977//977 958//958 975//975
f 977//977 976//976 978//978
f 966//966 977//977 978//978
f 982//982 967//967 981//981
f 986//986 866//866 979//979
f 986//986 854//854 871//871
f 986//986 980//980 987//987
f 987//987 969//969 986//986
f 988//988 980//980 981//981
f 988//988 970//970 987//987
f 988//988 967//967 971//971
f 989//989 968//968 982//982
f 989//989 983//983 990//990
f 973//973 989//989 990//990
f 991//991 983//983 984//984
f 974//974 990//990 991//991
f 991//991 985//985 992//992
f 992//992 974//974 991//991
f 993//993 975//975 992//992
f 923//923 996//996 998//998
f 994//994 923//923 998//998
f 998//998 997//997 999//999
f 995//995 998//998 999//999
f 939//939 1002//1002 1004//1004
f 996//996 939//939 1004//1004
f 1004//1004 1003//1003 1005//1005
f 997//997 1004//1004 1005//1005
f 1008//1008 997//997 1005//1005
f 1008//1008 1006//1006 1009//1009
f 1000//1000 1008//1008 1009//1009
f 1009//1009 1007//1007 1010//1010
f 1001//1001 1009//1009 1010//1010
f 951//951 1012//1012 1013//1013
f 1002//1002 951//951 1013//1013
f 1003//1003 1013//1013 1014//1014
f 1016//1016 1003//1003 1014//1014
f 1016//1016 1015//1015 1017//1017
f 1006//1006 1016//1016 1017//1017
f 1007//1007 1017//1017 1018//1018
f 1020//1020 1007//1007 1018//1018
f 1020//1020 1019//1019 1021//1021
f 1011//1011 1020//1020 1021//1021
f 1012//1012 966//966 1023//1023
f 1025//1025 1012//1012 1023//1023
f 1025//1025 1024//1024 1026//1026
f 1014//1014 1025//1025 1026//1026
f 1015//1015 1026//1026 1027//1027
f 1029//1029 1015//1015 1027//1027
f 1029//1029 1028//1028 1030//1030
f 1018//1018 1029//1029 1030//1030
f 1019//1019 1030//1030 1031//1031
f 1033//1033 1019//1019 1031//1031
f 1033//1033 1032//1032 1034//1034
f 1022//1022 1033//1033 1034//1034
f 978//978 1036//1036 1037//1037
f 1023//1023 978//978 1037//1037
f 1024//1024 1037//1037 1038//1038
f 1040//1040 1024//1024 1038//1038
f 1040//1040 1039//1039 1041//1041
f 1027//1027 1040//1040 1041//1041
f 1028//1028 1041//1041 1042//1042
f 1044//1044 1028//1028 1042//1042
f 1044//1044 1043//1043 1045//1045
f 1031//1031 1044//1044 1045//1045
f 1032//1032 1045//1045 1046//1046
f 1047//1047 1032//1032 1046//1046
f 1035//1035 1047//1047 1048//1048
f 1036//1036 993//993 1049//1049
f 1051//1051 1036//1036 1049//1049
f 1051//1051 1050//1050 1052//1052
f 1038//1038 1051//1051 1052//1052
f 1039//1039 1052//1052 1053//1053
f 1055//1055 1039//1039 1053//1053
f 1055//1055 1054//1054 1056//1056
f 1042//1042 1055//1055 1056//1056
f 1043//1043 1056//1056 1057//1057
f 1059//1059 1043//1043 1057//1057
f 1059//1059 1058//1058 1060//1060
f 1046//1046 1059//1059 1060//1060
f 1062//1062 1046//1046 1060//1060
f 1062//1062 1061//1061 1063//1063
f 1048//1048 1062//1062 1063//1063
f 1070//1070 1067//1067 1068//1068
f 1070//1070 3//3 4//4
f 1075//1075 1072//1072 1073//1073
f 1075//1075 1065//1065 1066//1066
f 1078//1078 1074//1074 1075//1075
f 1078//1078 1067//1067 1077//1077
f 1078//1078 1066//1066 1068//1068
f 1080//1080 1076//1076 1077//1077
f 1080//1080 1067//1067 1069//1069
f 1087//1087 1083//1083 1084//1084
f 1087//1087 1072//1072 1086//1086
f 1087//1087 1071//1071 1073//1073
f 1089//1089 1085//1085 1086//1086
f 1089//1089 1072//1072 1074//1074
f 1092//1092 1088//1088 1089//1089
f 1092//1092 1076//1076 1091//1091
f 1092//1092 1074//1074 1077//1077
f 1094//1094 1090//1090 1091//1091
f 1094//1094 1076//1076 1079//1079
f 1098//1098 1081//1081 1082//1082
f 1101//1101 1097//1097 1098//1098
f 1101//1101 1083//1083 1100//1100
f 1101//1101 1082//1082 1084//1084
f 1103//1103 1099//1099 1100//1100
f 1103//1103 1085//1085 1102//1102
f 1103//1103 1083//1083 1086//1086
f 1105//1105 1085//1085 1088//1088
f 1107//1107 1104//1104 1105//1105
f 1107//1107 1090//1090 1106//1106
f 1107//1107 1088//1088 1091//1091
f 1109//1109 1090//1090 1093//1093
f 1112//1112 1095//1095 1096//1096
f 1115//1115 1111//1111 1112//1112
f 1115//1115 1097//1097 1114//1114
f 1115//1115 1096//1096 1098//1098
f 1118//1118 1113//1113 1114//1114
f 1118//1118 1099//1099 1117//1117
f 1118//1118 1097//1097 1100//1100
f 1120//1120 1116//1116 1117//1117
f 1120//1120 1099//1099 1102//1102
f 1123//1123 1119//1119 1120//1120
f 1123//1123 1104//1104 1122//1122
f 1123//1123 1102//1102 1105//1105
f 1125//1125 1121//1121 1122//1122
f 1125//1125 1104//1104 1106//1106
f 1127//1127 1124//1124 1125//1125
f 1127//1127 1108//1108 1126//1126
f 1127//1127 1106//1106 1109//1109
f 1132//1132 1128//1128 1129//1129
f 1132//1132 1111//1111 1131//1131
f 1132//1132 1110//1110 1112//1112
f 1135//1135 1130//1130 1131//1131
f 1135//1135 1113//1113 1134//1134
f 1135//1135 1111//1111 1114//1114
f 1137//1137 1133//1133 1134//1134
f 1137//1137 1116//1116 1136//1136
f 1137//1137 1113//1113 1117//1117
f 1139//1139 1116//1116 1119//1119
f 1141//1141 1138//1138 1139//1139
f 1141//1141 1121//1121 1140//1140
f 1141//1141 1119//1119 1122//1122
f 1143//1143 1121//1121 1124//1124
f 1145//1145 1142//1142 1143//1143
f 1145//1145 1124//1124 1126//1126
f 1148//1148 778//778 779//779
f 1148//1148 1128//1128 1147//1147
f 1148//1148 776//776 1129//1129
f 1150//1150 1146//1146 1147//1147
f 1150//1150 1130//1130 1149//1149
f 1150//1150 1128//1128 1131//1131
f 1152//1152 1133//1133 1151//1151
f 1152//1152 1130//1130 1134//1134
f 1154//1154 1133//1133 1136//1136
f 1156//1156 1153//1153 1154//1154
f 1156//1156 1138//1138 1155//1155
f 1156//1156 1136//1136 1139//1139
f 1158//1158 1138//1138 1140//1140
f 1160//1160 1157//1157 1158//1158
f 1160//1160 1142//1142 1159//1159
f 1160//1160 1140//1140 1143//1143
f 1161//1161 1142//1142 1144//1144
f 1163//1163 1146//1146 1162//1162
f 1163//1163 778//778 1147//1147
f 1165//1165 1146//1146 1149//1149
f 1168//1168 1164//1164 1165//1165
f 1168//1168 1151//1151 1167//1167
f 1168//1168 1149//1149 1152//1152
f 1170//1170 1166//1166 1167//1167
f 1170//1170 1153//1153 1169//1169
f 1170//1170 1151//1151 1154//1154
f 1172//1172 1153//1153 1155//1155
f 1174//1174 1171//1171 1172//1172
f 1174//1174 1157//1157 1173//1173
f 1174//1174 1155//1155 1158//1158
f 1175//1175 1157//1157 1159//1159
f 1161//1161 1175//1175 1159//1159
f 1181//1181 783//783 784//784
f 1182//1182 784//784 785//785
f 1182//1182 59//59 1181//1181
f 1185//1185 1178//1178 1179//1179
f 1186//1186 1179//1179 1180//1180
f 1186//1186 61//61 1185//1185
f 1187//1187 1180//1180 1181//1181
f 1187//1187 62//62 1186//1186
f 1187//1187 59//59 63//63
f 1190//1190 1183//1183 1184//1184
f 1190//1190 65//65 1189//1189
f 1191//1191 1184//1184 1185//1185
f 1191//1191 66//66 1190//1190
f 1191//1191 61//61 67//67
f 1194//1194 1188//1188 1189//1189
f 1194//1194 70//70 1193//1193
f 1194//1194 65//65 71//71
f 1196//1196 1192//1192 1193//1193
f 1196//1196 70//70 75//75
f 1197//1197 1065//1065 1195//1195
f 1198//1198 1195//1195 1196//1196
f 1198//1198 78//78 1197//1197
f 1198//1198 75//75 79//79
f 1199//1199 1066//1066 1197//1197
f 1199//1199 3//3 1068//1068
f 1199//1199 78//78 81//81
f 1202//1202 789//789 790//790
f 1202//1202 1178//1178 1201//1201
f 1203//1203 790//790 791//791
f 1203//1203 1179//1179 1202//1202
f 1203//1203 783//783 1180//1180
f 1206//1206 1200//1200 1201//1201
f 1206//1206 1183//1183 1205//1205
f 1206//1206 1178//1178 1184//1184
f 1209//1209 1204//1204 1205//1205
f 1209//1209 1188//1188 1208//1208
f 1209//1209 1183//1183 1189//1189
f 1211//1211 1207//1207 1208//1208
f 1211//1211 1192//1192 1210//1210
f 1211//1211 1188//1188 1193//1193
f 1212//1212 1071//1071 1210//1210
f 1212//1212 1065//1065 1073//1073
f 1212//1212 1192//1192 1195//1195
f 1216//1216 801//801 802//802
f 1216//1216 1200//1200 1215//1215
f 1216//1216 789//789 1201//1201
f 1218//1218 1213//1213 1214//1214
f 1219//1219 1214//1214 1215//1215
f 1219//1219 1204//1204 1218//1218
f 1219//1219 1200//1200 1205//1205
f 1220//1220 1081//1081 1217//1217
f 1221//1221 1217//1217 1218//1218
f 1221//1221 1207//1207 1220//1220
f 1221//1221 1204//1204 1208//1208
f 1222//1222 1082//1082 1220//1220
f 1222//1222 1071//1071 1084//1084
f 1222//1222 1207//1207 1210//1210
f 1224//1224 815//815 816//816
f 1224//1224 1213//1213 1223//1223
f 1225//1225 816//816 817//817
f 1225//1225 1214//1214 1224//1224
f 1225//1225 801//801 1215//1215
f 1226//1226 1095//1095 1223//1223
f 1226//1226 1081//1081 1096//1096
f 1226//1226 1213//1213 1217//1217
f 1227//1227 1095//1095 1110//1110
f 1227//1227 815//815 1223//1223
f 1228//1228 776//776 850//850
f 1228//1228 1110//1110 1129//1129
f 1228//1228 832//832 1227//1227
f 1229//1229 785//785 883//883
f 162//162 1182//1182 1229//1229
f 1230//1230 883//883 884//884
f 1230//1230 162//162 1229//1229
f 1230//1230 1//1 163//163
f 1231//1231 2//2 885//885
f 1231//1231 886//886 1232//1232
f 165//165 1231//1231 1232//1232
f 1232//1232 887//887 1233//1233
f 1233//1233 165//165 1232//1232
f 1233//1233 888//888 1234//1234
f 1234//1234 166//166 1233//1233
f 1234//1234 889//889 1235//1235
f 1235//1235 167//167 1234//1234
f 1235//1235 890//890 1236//1236
f 169//169 1235//1235 1236//1236
f 1237//1237 169//169 1236//1236
f 1238//1238 890//890 906//906
f 1237//1237 1239//1239 1241//1241
f 209//209 1237//1237 1241//1241
f 1241//1241 1240//1240 1242//1242
f 210//210 1241//1241 1242//1242
f 1245//1245 210//210 1242//1242
f 1245//1245 1243//1243 1246//1246
f 213//213 1245//1245 1246//1246
f 1246//1246 1244//1244 1247//1247
f 1249//1249 213//213 1246//1246
f 1249//1249 1247//1247 1250//1250
f 217//217 1249//1249 1250//1250
f 1250//1250 1248//1248 1251//1251
f 1253//1253 217//217 1250//1250
f 1253//1253 1251//1251 1254//1254
f 221//221 1253//1253 1254//1254
f 1254//1254 1252//1252 1255//1255
f 1256//1256 221//221 1254//1254
f 1256//1256 1255//1255 1257//1257
f 224//224 1256//1256 1257//1257
f 1259//1259 224//224 1257//1257
f 1259//1259 1258//1258 1260//1260
f 1261//1261 227//227 1259//1259
f 1261//1261 1260//1260 1262//1262
f 230//230 1261//1261 1262//1262
f 1238//1238 994//994 1264//1264
f 1239//1239 1238//1238 1264//1264
f 1264//1264 995//995 1265//1265
f 1240//1240 1264//1264 1265//1265
f 1268//1268 1240//1240 1265//1265
f 1268//1268 1266//1266 1269//1269
f 1243//1243 1268//1268 1269//1269
f 1269//1269 1267//1267 1270//1270
f 1244//1244 1269//1269 1270//1270
f 1272//1272 1244//1244 1270//1270
f 1272//1272 1271//1271 1273//1273
f 1248//1248 1272//1272 1273//1273
f 1275//1275 1248//1248 1273//1273
f 1275//1275 1274//1274 1276//1276
f 1252//1252 1275//1275 1276//1276
f 1278//1278 1252//1252 1276//1276
f 1278//1278 1277//1277 1279//1279
f 1280//1280 1255//1255 1278//1278
f 1280//1280 1279//1279 1281//1281
f 1258//1258 1280//1280 1281//1281
f 1283//1283 1258//1258 1281//1281
f 1283//1283 1282//1282 1284//1284
f 1285//1285 1260//1260 1283//1283
f 1285//1285 1284//1284 1286//1286
f 1263//1263 1285//1285 1286//1286
f 1287//1287 995//995 999//999
f 1287//1287 1000//1000 1288//1288
f 1266//1266 1287//1287 1288//1288
f 1288//1288 1001//1001 1289//1289
f 1267//1267 1288//1288 1289//1289
f 1291//1291 1267//1267 1289//1289
f 1291//1291 1290//1290 1292//1292
f 1271//1271 1291//1291 1292//1292
f 1294//1294 1271//1271 1292//1292
f 1294//1294 1293//1293 1295//1295
f 1274//1274 1294//1294 1295//1295
f 1297//1297 1274//1274 1295//1295
f 1297//1297 1296//1296 1298//1298
f 1277//1277 1297//1297 1298//1298
f 1300//1300 1277//1277 1298//1298
f 1300//1300 1299//1299 1301//1301
f 1302//1302 1279//1279 1300//1300
f 1302//1302 1301//1301 1303//1303
f 1282//1282 1302//1302 1303//1303
f 1304//1304 1282//1282 1303//1303
f 1305//1305 1284//1284 1304//1304
f 1306//1306 1001//1001 1010//1010
f 1306//1306 1011//1011 1307//1307
f 1290//1290 1306//1306 1307//1307
f 1309//1309 1290//1290 1307//1307
f 1309//1309 1308//1308 1310//1310
f 1293//1293 1309//1309 1310//1310
f 1312//1312 1293//1293 1310//1310
f 1312//1312 1311//1311 1313//1313
f 1296//1296 1312//1312 1313//1313
f 1315//1315 1296//1296 1313//1313
f 1315//1315 1314//1314 1316//1316
f 1299//1299 1315//1315 1316//1316
f 1317//1317 1299//1299 1316//1316
f 1318//1318 1301//1301 1317//1317
f 1319//1319 1011//1011 1021//1021
f 1319//1319 1022//1022 1320//1320
f 1308//1308 1319//1319 1320//1320
f 1322//1322 1308//1308 1320//1320
f 1322//1322 1321//1321 1323//1323
f 1311//1311 1322//1322 1323//1323
f 1325//1325 1311//1311 1323//1323
f 1325//1325 1324//1324 1326//1326
f 1314//1314 1325//1325 1326//1326
f 1327//1327 1314//1314 1326//1326
f 1328//1328 1022//1022 1034//1034
f 1328//1328 1035//1035 1329//1329
f 1321//1321 1328//1328 1329//1329
f 1331//1331 1321//1321 1329//1329
f 1331//1331 1330//1330 1332//1332
f 1324//1324 1331//1331 1332//1332
f 1333//1333 1324//1324 1332//1332
f 1334//1334 1035//1035 1048//1048
f 1330//1330 1334//1334 1335//1335
f 1336//1336 1330//1330 1335//1335
f 1337//1337 1332//1332 1336//1336
f 1338//1338 1048//1048 1063//1063
f 1338//1338 1064//1064 1339//1339
f 1335//1335 1338//1338 1339//1339
f 1340//1340 1335//1335 1339//1339
f 1342//1342 1069//1069 1070//1070
f 231//231 1070//1070 4//4
f 1345//1345 1341//1341 1342//1342
f 1345//1345 232//232 1344//1344
f 1345//1345 231//231 233//233
f 1347//1347 1343//1343 1344//1344
f 1347//1347 232//232 234//234
f 1349//1349 1346//1346 1347//1347
f 236//236 1347//1347 234//234
f 1350//1350 1349//1349 1351//1351
f 238//238 1349//1349 236//236
f 1352//1352 1351//1351 1353//1353
f 1353//1353 238//238 240//240
f 1354//1354 1353//1353 1355//1355
f 242//242 1353//1353 240//240
f 1356//1356 242//242 243//243
f 1357//1357 1356//1356 1358//1358
f 244//244 1356//1356 243//243
f 1359//1359 1080//1080 1360//1360
f 1341//1341 1080//1080 1069//1069
f 1363//1363 1359//1359 1360//1360
f 1363//1363 1343//1343 1362//1362
f 1363//1363 1341//1341 1344//1344
f 1365//1365 1361//1361 1362//1362
f 1365//1365 1343//1343 1346//1346
f 1366//1366 1365//1365 1367//1367
f 1367//1367 1346//1346 1348//1348
f 1369//1369 1366//1366 1367//1367
f 1350//1350 1367//1367 1348//1348
f 1371//1371 1368//1368 1369//1369
f 1352//1352 1369//1369 1350//1350
f 1372//1372 1371//1371 1373//1373
f 1354//1354 1371//1371 1352//1352
f 1374//1374 1354//1354 1355//1355
f 1375//1375 1373//1373 1376//1376
f 1376//1376 1374//1374 1377//1377
f 1357//1357 1374//1374 1355//1355
f 1378//1378 1094//1094 1379//1379
f 1379//1379 1079//1079 1359//1359
f 1381//1381 1378//1378 1379//1379
f 1381//1381 1361//1361 1380//1380
f 1381//1381 1359//1359 1362//1362
f 1383//1383 1361//1361 1364//1364
f 1385//1385 1382//1382 1383//1383
f 1385//1385 1364//1364 1366//1366
f 1386//1386 1385//1385 1387//1387
f 1368//1368 1385//1385 1366//1366
f 1388//1388 1368//1368 1370//1370
f 1389//1389 1370//1370 1372//1372
f 1375//1375 1389//1389 1372//1372
f 1391//1391 1375//1375 1376//1376
f 1393//1393 1108//1108 1109//1109
f 1393//1393 1093//1093 1378//1378
f 1394//1394 1393//1393 1395//1395
f 1395//1395 1378//1378 1380//1380
f 1397//1397 1394//1394 1395//1395
f 1397//1397 1382//1382 1396//1396
f 1397//1397 1380//1380 1383//1383
f 1398//1398 1382//1382 1384//1384
f 1386//1386 1398//1398 1384//1384
f 1400//1400 1386//1386 1387//1387
f 1401//1401 1400//1400 1402//1402
f 1388//1388 1400//1400 1387//1387
f 1404//1404 1401//1401 1402//1402
f 1404//1404 1388//1388 1389//1389
f 1406//1406 1403//1403 1404//1404
f 1390//1390 1404//1404 1389//1389
f 1408//1408 1108//1108 1392//1392
f 1410//1410 1407//1407 1408//1408
f 1410//1410 1392//1392 1394//1394
f 1411//1411 1410//1410 1412//1412
f 1412//1412 1394//1394 1396//1396
f 1413//1413 1412//1412 1414//1414
f 1398//1398 1412//1412 1396//1396
f 1415//1415 1414//1414 1416//1416
f 1416//1416 1398//1398 1399//1399
f 1418//1418 1415//1415 1416//1416
f 1401//1401 1416//1416 1399//1399
f 1420//1420 1417//1417 1418//1418
f 1403//1403 1418//1418 1401//1401
f 1421//1421 1420//1420 1422//1422
f 1405//1405 1420//1420 1403//1403
f 1424//1424 1144//1144 1145//1145
f 1424//1424 1407//1407 1423//1423
f 1424//1424 1126//1126 1408//1408
f 1425//1425 1407//1407 1409//1409
f 1426//1426 1409//1409 1411//1411
f 1427//1427 1411//1411 1413//1413
f 1428//1428 1413//1413 1415//1415
f 1417//1417 1428//1428 1415//1415
f 1419//1419 1429//1429 1417//1417
f 1421//1421 1430//1430 1419//1419
f 1432//1432 1421//1421 1422//1422
f 1423//1423 1161//1161 1144//1144
f 1436//1436 1433//1433 1434//1434
f 1425//1425 1434//1434 1423//1423
f 1437//1437 1436//1436 1438//1438
f 1438//1438 1425//1425 1426//1426
f 1439//1439 1438//1438 1440//1440
f 1427//1427 1438//1438 1426//1426
f 1442//1442 1439//1439 1440//1440
f 1428//1428 1440//1440 1427//1427
f 1444//1444 1441//1441 1442//1442
f 1429//1429 1442//1442 1428//1428
f 1446//1446 1443//1443 1444//1444
f 1430//1430 1444//1444 1429//1429
f 1447//1447 1446//1446 1448//1448
f 1448//1448 1430//1430 1431//1431
f 1450//1450 1176//1176 1177//1177
f 1450//1450 1433//1433 1449//1449
f 1450//1450 1161//1161 1434//1434
f 1451//1451 1433//1433 1435//1435
f 1452//1452 1435//1435 1437//1437
f 1453//1453 1437//1437 1439//1439
f 1454//1454 1439//1439 1441//1441
f 1443//1443 1454//1454 1441//1441
f 1445//1445 1455//1455 1443//1443
f 1447//1447 1456//1456 1445//1445
f 1458//1458 1447//1447 1448//1448
f 1459//1459 230//230 1262//1262
f 1459//1459 1263//1263 1460//1460
f 502//502 1459//1459 1461//1461
f 1461//1461 1460//1460 1462//1462
f 504//504 1461//1461 1463//1463
f 1463//1463 1462//1462 1464//1464
f 506//506 1463//1463 1465//1465
f 1465//1465 1464//1464 1466//1466
f 1467//1467 506//506 1465//1465
f 1468//1468 1465//1465 1466//1466
f 510//510 1467//1467 1469//1469
f 1470//1470 1467//1467 1468//1468
f 1471//1471 510//510 1469//1469
f 1472//1472 1469//1469 1470//1470
f 1473//1473 512//512 1471//1471
f 1474//1474 1471//1471 1472//1472
f 1475//1475 1263//1263 1286//1286
f 1462//1462 1475//1475 1476//1476
f 1464//1464 1476//1476 1477//1477
f 1478//1478 1464//1464 1477//1477
f 1479//1479 1466//1466 1478//1478
f 1480//1480 1468//1468 1479//1479
f 1481//1481 1470//1470 1480//1480
f 1482//1482 1472//1472 1481//1481
f 1483//1483 1358//1358 1484//1484
f 1484//1484 244//244 516//516
f 1485//1485 1484//1484 1486//1486
f 517//517 1484//1484 516//516
f 1489//1489 1377//1377 1490//1490
f 1490//1490 1357//1357 1483//1483
f 1491//1491 1490//1490 1492//1492
f 1485//1485 1490//1490 1483//1483
f 1493//1493 1485//1485 1486//1486
f 1494//1494 1493//1493 1495//1495
f 1487//1487 1493//1493 1486//1486
f 1496//1496 1495//1495 1497//1497
f 1488//1488 1495//1495 1487//1487
f 1500//1500 1391//1391 1501//1501
f 1489//1489 1391//1391 1376//1376
f 1502//1502 1501//1501 1503//1503
f 1491//1491 1501//1501 1489//1489
f 1504//1504 1491//1491 1492//1492
f 1505//1505 1504//1504 1506//1506
f 1494//1494 1504//1504 1492//1492
f 1507//1507 1506//1506 1508//1508
f 1496//1496 1506//1506 1494//1494
f 1509//1509 1496//1496 1497//1497
f 1510//1510 1509//1509 1511//1511
f 1498//1498 1509//1509 1497//1497
f 1512//1512 1511//1511 1513//1513
f 1499//1499 1511//1511 1498//1498
f 1515//1515 1406//1406 1516//1516
f 1500//1500 1406//1406 1390//1390
f 1502//1502 1516//1516 1500//1500
f 1518//1518 1502//1502 1503//1503
f 1519//1519 1518//1518 1520//1520
f 1505//1505 1518//1518 1503//1503
f 1521//1521 1520//1520 1522//1522
f 1507//1507 1520//1520 1505//1505
f 1523//1523 1507//1507 1508//1508
f 1524//1524 1523//1523 1525//1525
f 1510//1510 1523//1523 1508//1508
f 1512//1512 1525//1525 1510//1510
f 1527//1527 1512//1512 1513//1513
f 1528//1528 1527//1527 1529//1529
f 1514//1514 1527//1527 1513//1513
f 1515//1515 1422//1422 1405//1405
f 1532//1532 1515//1515 1516//1516
f 1533//1533 1532//1532 1534//1534
f 1517//1517 1532//1532 1516//1516
f 1535//1535 1534//1534 1536//1536
f 1519//1519 1534//1534 1517//1517
f 1521//1521 1536//1536 1519//1519
f 1538//1538 1521//1521 1522//1522
f 1539//1539 1538//1538 1540//1540
f 1524//1524 1538//1538 1522//1522
f 1541//1541 1524//1524 1525//1525
f 1542//1542 1541//1541 1543//1543
f 1526//1526 1541//1541 1525//1525
f 1528//1528 1543//1543 1526//1526
f 1545//1545 1528//1528 1529//1529
f 1546//1546 1545//1545 1547//1547
f 1530//1530 1545//1545 1529//1529
f 1548//1548 1432//1432 1549//1549
f 1531//1531 1432//1432 1422//1422
f 1550//1550 1549//1549 1551//1551
f 1533//1533 1549//1549 1531//1531
f 1535//1535 1551//1551 1533//1533
f 1553//1553 1535//1535 1536//1536
f 1554//1554 1553//1553 1555//1555
f 1537//1537 1553//1553 1536//1536
f 1539//1539 1555//1555 1537//1537
f 1557//1557 1539//1539 1540//1540
f 1558//1558 1557//1557 1559//1559
f 1542//1542 1557//1557 1540//1540
f 1560//1560 1542//1542 1543//1543
f 1561//1561 1560//1560 1562//1562
f 1544//1544 1560//1560 1543//1543
f 1546//1546 1562//1562 1544//1544
f 1564//1564 1546//1546 1547//1547
f 1565//1565 1431//1431 1548//1548
f 1550//1550 1565//1565 1548//1548
f 1567//1567 1550//1550 1551//1551
f 1568//1568 1567//1567 1569//1569
f 1552//1552 1567//1567 1551//1551
f 1554//1554 1569//1569 1552//1552
f 1571//1571 1554//1554 1555//1555
f 1572//1572 1571//1571 1573//1573
f 1556//1556 1571//1571 1555//1555
f 1558//1558 1573//1573 1556//1556
f 1575//1575 1558//1558 1559//1559
f 1576//1576 1575//1575 1577//1577
f 1561//1561 1575//1575 1559//1559
f 1578//1578 1561//1561 1562//1562
f 1579//1579 1578//1578 1580//1580
f 1563//1563 1578//1578 1562//1562
f 1581//1581 1563//1563 1564//1564
f 1582//1582 1458//1458 1583//1583
f 1565//1565 1458//1458 1448//1448
f 1584//1584 1565//1565 1566//1566
f 1568//1568 1584//1584 1566//1566
f 1586//1586 1568//1568 1569//1569
f 1587//1587 1586//1586 1588//1588
f 1570//1570 1586//1586 1569//1569
f 1572//1572 1588//1588 1570//1570
f 1590//1590 1572//1572 1573//1573
f 1591//1591 1590//1590 1592//1592
f 1574//1574 1590//1590 1573//1573
f 1576//1576 1592//1592 1574//1574
f 1594//1594 1576//1576 1577//1577
f 1579//1579 1594//1594 1577//1577
f 1596//1596 1579//1579 1580//1580
f 1597//1597 517//517 575//575
f 1487//1487 1597//1597 1598//1598
f 577//577 1597//1597 575//575
f 1488//1488 1598//1598 1599//1599
f 580//580 1598//1598 577//577
f 1600//1600 580//580 581//581
f 1601//1601 1600//1600 1602//1602
f 584//584 1600//1600 581//581
f 1603//1603 584//584 585//585
f 1604//1604 1603//1603 1605//1605
f 588//588 1603//1603 585//585
f 1606//1606 588//588 589//589
f 1607//1607 1606//1606 1608//1608
f 593//593 1606//1606 589//589
f 1609//1609 593//593 594//594
f 1610//1610 594//594 595//595
f 1611//1611 1609//1609 1612//1612
f 1612//1612 1610//1610 1613//1613
f 598//598 1610//1610 595//595
f 1614//1614 598//598 599//599
f 600//600 1614//1614 599//599
f 1616//1616 1488//1488 1599//1599
f 1498//1498 1616//1616 1617//1617
f 1601//1601 1616//1616 1599//1599
f 1618//1618 1601//1601 1602//1602
f 1499//1499 1617//1617 1619//1619
f 1619//1619 1618//1618 1620//1620
f 1604//1604 1618//1618 1602//1602
f 1621//1621 1604//1604 1605//1605
f 1622//1622 1620//1620 1623//1623
f 1623//1623 1621//1621 1624//1624
f 1607//1607 1621//1621 1605//1605
f 1625//1625 1607//1607 1608//1608
f 1626//1626 1624//1624 1627//1627
f 1627//1627 1625//1625 1628//1628
f 1611//1611 1625//1625 1608//1608
f 1629//1629 1611//1611 1612//1612
f 1630//1630 1612//1612 1613//1613
f 1631//1631 1499//1499 1619//1619
f 1514//1514 1631//1631 1632//1632
f 1622//1622 1631//1631 1619//1619
f 1633//1633 1622//1622 1623//1623
f 1634//1634 1633//1633 1635//1635
f 1626//1626 1633//1633 1623//1623
f 1636//1636 1626//1626 1627//1627
f 1637//1637 1627//1627 1628//1628
f 1638//1638 1514//1514 1632//1632
f 1530//1530 1638//1638 1639//1639
f 1634//1634 1638//1638 1632//1632
f 1640//1640 1634//1634 1635//1635
f 1641//1641 1530//1530 1639//1639
f 692//692 1615//1615 600//600
f 1644//1644 692//692 693//693
f 697//697 1645//1645 696//696
f 1647//1647 697//697 698//698
f 699//699 1647//1647 698//698
f 699//699 1642//1642 1648//1648
f 744//744 1649//1649 743//743
f 744//744 1473//1473 1650//1650
f 1650//1650 1474//1474 1651//1651
f 747//747 1649//1649 1652//1652
f 1653//1653 1649//1649 1650//1650
f 1653//1653 1651//1651 1654//1654
f 750//750 1655//1655 749//749
f 750//750 1652//1652 1656//1656
f 1657//1657 1652//1652 1653//1653
f 1658//1658 1653//1653 1654//1654
f 1658//1658 751//751 1657//1657
f 755//755 1659//1659 754//754
f 755//755 1655//1655 1660//1660
f 1661//1661 1655//1655 1656//1656
f 1662//1662 1656//1656 1657//1657
f 1662//1662 756//756 1661//1661
f 1662//1662 751//751 757//757
f 762//762 1663//1663 761//761
f 762//762 1659//1659 1664//1664
f 1665//1665 1659//1659 1660//1660
f 1666//1666 1660//1660 1661//1661
f 1666//1666 756//756 763//763
f 768//768 1667//1667 767//767
f 768//768 1663//1663 1668//1668
f 1669//1669 1663//1663 1664//1664
f 1670//1670 1664//1664 1665//1665
f 1671//1671 1665//1665 1666//1666
f 769//769 1666//1666 763//763
f 771//771 1642//1642 691//691
f 772//772 1672//1672 771//771
f 772//772 1667//1667 1673//1673
f 1674//1674 1667//1667 1668//1668
f 1675//1675 1668//1668 1669//1669
f 1676//1676 1671//1671 1677//1677
f 1677//1677 769//769 773//773
f 1678//1678 1642//1642 1672//1672
f 1679//1679 1672//1672 1673//1673
f 1680//1680 1673//1673 1674//1674
f 1681//1681 1677//1677 1682//1682
f 775//775 1677//1677 773//773
f 1683//1683 1474//1474 1482//1482
f 1685//1685 1669//1669 1670//1670
f 1675//1675 1686//1686 1674//1674
f 1675//1675 1684//1684 1687//1687
f 1688//1688 1684//1684 1685//1685
f 1676//1676 1685//1685 1670//1670
f 1679//1679 1689//1689 1678//1678
f 1680//1680 1690//1690 1679//1679
f 1680//1680 1686//1686 1691//1691
f 1692//1692 1686//1686 1687//1687
f 1693//1693 1687//1687 1688//1688
f 1693//1693 1676//1676 1681//1681
f 1692//1692 1694//1694 1691//1691
f 1697//1697 727//727 1696//1696
f 1699//1699 732//732 1697//1697
f 1699//1699 1698//1698 1700//1700
f 738//738 1699//1699 1701//1701
f 1701//1701 1700//1700 1702//1702
f 741//741 1701//1701 1704//1704
f 1705//1705 1701//1701 1702//1702
f 1705//1705 1703//1703 1706//1706
f 758//758 1707//1707 1709//1709
f 1696//1696 758//758 1709//1709
f 1709//1709 1708//1708 1710//1710
f 1712//1712 1696//1696 1709//1709
f 1712//1712 1710//1710 1713//1713
f 1698//1698 1712//1712 1713//1713
f 1713//1713 1711//1711 1714//1714
f 1715//1715 1698//1698 1713//1713
f 1715//1715 1714//1714 1716//1716
f 1717//1717 1700//1700 1715//1715
f 1717//1717 1716//1716 1718//1718
f 1703//1703 1717//1717 1718//1718
f 1719//1719 1703//1703 1718//1718
f 1304//1304 1721//1721 1722//1722
f 1305//1305 1722//1722 1723//1723
f 1720//1720 1305//1305 1723//1723
f 1317//1317 1724//1724 1725//1725
f 1318//1318 1725//1725 1726//1726
f 1721//1721 1318//1318 1726//1726
f 1728//1728 1721//1721 1726//1726
f 1728//1728 1727//1727 1729//1729
f 1730//1730 1722//1722 1728//1728
f 1731//1731 1728//1728 1729//1729
f 1327//1327 1732//1732 1733//1733
f 1724//1724 1327//1327 1733//1733
f 1734//1734 1724//1724 1733//1733
f 1736//1736 1725//1725 1734//1734
f 1736//1736 1735//1735 1737//1737
f 1727//1727 1736//1736 1737//1737
f 1738//1738 1727//1727 1737//1737
f 1740//1740 1729//1729 1738//1738
f 1740//1740 1739//1739 1741//1741
f 1732//1732 1333//1333 1742//1742
f 1743//1743 1732//1732 1742//1742
f 1745//1745 1733//1733 1743//1743
f 1745//1745 1744//1744 1746//1746
f 1735//1735 1745//1745 1746//1746
f 1747//1747 1735//1735 1746//1746
f 1749//1749 1737//1737 1747//1747
f 1749//1749 1748//1748 1750//1750
f 1739//1739 1749//1749 1750//1750
f 1751//1751 1739//1739 1750//1750
f 1337//1337 1752//1752 1753//1753
f 1742//1742 1337//1337 1753//1753
f 1755//1755 1742//1742 1753//1753
f 1755//1755 1754//1754 1756//1756
f 1744//1744 1755//1755 1756//1756
f 1757//1757 1744//1744 1756//1756
f 1759//1759 1746//1746 1757//1757
f 1759//1759 1758//1758 1760//1760
f 1748//1748 1759//1759 1760//1760
f 1761//1761 1748//1748 1760//1760
f 1763//1763 1750//1750 1761//1761
f 1763//1763 1762//1762 1764//1764
f 1340//1340 1765//1765 1766//1766
f 1752//1752 1340//1340 1766//1766
f 1768//1768 1752//1752 1766//1766
f 1768//1768 1767//1767 1769//1769
f 1754//1754 1768//1768 1769//1769
f 1770//1770 1754//1754 1769//1769
f 1772//1772 1756//1756 1770//1770
f 1772//1772 1771//1771 1773//1773
f 1758//1758 1772//1772 1773//1773
f 1774//1774 1758//1758 1773//1773
f 1776//1776 1760//1760 1774//1774
f 1776//1776 1775//1775 1777//1777
f 1762//1762 1776//1776 1777//1777
f 1778//1778 1762//1762 1777//1777
f 1475//1475 1720//1720 1779//1779
f 1780//1780 1475//1475 1779//1779
f 1781//1781 1476//1476 1780//1780
f 1478//1478 1781//1781 1782//1782
f 1479//1479 1782//1782 1783//1783
f 1480//1480 1783//1783 1784//1784
f 1785//1785 1480//1480 1784//1784
f 1482//1482 1785//1785 1786//1786
f 1787//1787 1720//1720 1723//1723
f 1789//1789 1779//1779 1787//1787
f 1789//1789 1788//1788 1790//1790
f 1791//1791 1780//1780 1789//1789
f 1792//1792 1789//1789 1790//1790
f 1793//1793 1781//1781 1791//1791
f 1794//1794 1791//1791 1792//1792
f 1783//1783 1793//1793 1795//1795
f 1795//1795 1794//1794 1796//1796
f 1784//1784 1795//1795 1797//1797
f 1797//1797 1796//1796 1798//1798
f 1785//1785 1797//1797 1799//1799
f 1799//1799 1798//1798 1800//1800
f 1786//1786 1799//1799 1801//1801
f 1802//1802 1799//1799 1800//1800
f 1803//1803 1723//1723 1730//1730
f 1803//1803 1731//1731 1804//1804
f 1788//1788 1803//1803 1804//1804
f 1806//1806 1788//1788 1804//1804
f 1806//1806 1805//1805 1807//1807
f 1808//1808 1790//1790 1806//1806
f 1809//1809 1806//1806 1807//1807
f 1810//1810 1792//1792 1808//1808
f 1811//1811 1808//1808 1809//1809
f 1796//1796 1810//1810 1812//1812
f 1812//1812 1811//1811 1813//1813
f 1798//1798 1812//1812 1814//1814
f 1814//1814 1813//1813 1815//1815
f 1800//1800 1814//1814 1816//1816
f 1817//1817 1814//1814 1815//1815
f 1818//1818 1800//1800 1816//1816
f 1820//1820 1731//1731 1740//1740
f 1820//1820 1741//1741 1821//1821
f 1805//1805 1820//1820 1821//1821
f 1822//1822 1805//1805 1821//1821
f 1809//1809 1822//1822 1823//1823
f 1811//1811 1823//1823 1824//1824
f 1813//1813 1824//1824 1825//1825
f 1826//1826 1813//1813 1825//1825
f 1817//1817 1827//1827 1816//1816
f 1817//1817 1826//1826 1828//1828
f 1829//1829 1816//1816 1827//1827
f 1830//1830 1827//1827 1828//1828
f 1819//1819 1829//1829 1830//1830
f 1831//1831 1741//1741 1751//1751
f 1833//1833 1821//1821 1831//1831
f 1833//1833 1832//1832 1834//1834
f 1835//1835 1822//1822 1833//1833
f 1836//1836 1833//1833 1834//1834
f 1837//1837 1823//1823 1835//1835
f 1838//1838 1835//1835 1836//1836
f 1839//1839 1824//1824 1837//1837
f 1840//1840 1837//1837 1838//1838
f 1826//1826 1839//1839 1841//1841
f 1841//1841 1840//1840 1842//1842
f 1843//1843 1826//1826 1841//1841
f 1843//1843 1842//1842 1844//1844
f 1830//1830 1843//1843 1845//1845
f 1846//1846 1843//1843 1844//1844
f 1847//1847 1751//1751 1763//1763
f 1847//1847 1764//1764 1848//1848
f 1832//1832 1847//1847 1848//1848
f 1849//1849 1832//1832 1848//1848
f 1850//1850 1834//1834 1849//1849
f 1851//1851 1836//1836 1850//1850
f 1852//1852 1838//1838 1851//1851
f 1842//1842 1852//1852 1853//1853
f 1844//1844 1853//1853 1854//1854
f 1846//1846 1855//1855 1845//1845
f 1846//1846 1854//1854 1856//1856
f 1848//1848 1778//1778 1857//1857
f 1849//1849 1857//1857 1859//1859
f 1859//1859 1858//1858 1860//1860
f 1861//1861 1849//1849 1859//1859
f 1862//1862 1859//1859 1860//1860
f 1863//1863 1850//1850 1861//1861
f 1864//1864 1861//1861 1862//1862
f 1852//1852 1863//1863 1865//1865
f 1866//1866 1863//1863 1864//1864
f 1853//1853 1865//1865 1867//1867
f 1867//1867 1866//1866 1868//1868
f 1854//1854 1867//1867 1869//1869
f 1870//1870 1867//1867 1868//1868
f 1871//1871 1854//1854 1869//1869
f 1654//1654 1872//1872 1873//1873
f 1875//1875 1654//1654 1873//1873
f 1875//1875 752//752 1658//1658
f 1875//1875 1874//1874 1876//1876
f 1708//1708 1875//1875 1876//1876
f 1878//1878 1708//1708 1876//1876
f 1878//1878 1877//1877 1879//1879
f 1711//1711 1878//1878 1879//1879
f 1880//1880 1711//1711 1879//1879
f 1882//1882 1714//1714 1880//1880
f 1882//1882 1881//1881 1883//1883
f 1884//1884 1716//1716 1882//1882
f 1885//1885 1882//1882 1883//1883
f 1719//1719 1884//1884 1886//1886
f 1887//1887 1884//1884 1885//1885
f 1683//1683 1786//1786 1888//1888
f 1872//1872 1683//1683 1888//1888
f 1890//1890 1872//1872 1888//1888
f 1890//1890 1889//1889 1891//1891
f 1874//1874 1890//1890 1891//1891
f 1893//1893 1874//1874 1891//1891
f 1893//1893 1892//1892 1894//1894
f 1877//1877 1893//1893 1894//1894
f 1896//1896 1877//1877 1894//1894
f 1896//1896 1895//1895 1897//1897
f 1898//1898 1879//1879 1896//1896
f 1898//1898 1897//1897 1899//1899
f 1881//1881 1898//1898 1899//1899
f 1900//1900 1881//1881 1899//1899
f 1901//1901 1883//1883 1900//1900
f 1902//1902 1885//1885 1901//1901
f 1903//1903 1786//1786 1801//1801
f 1903//1903 1802//1802 1904//1904
f 1889//1889 1903//1903 1904//1904
f 1906//1906 1889//1889 1904//1904
f 1906//1906 1905//1905 1907//1907
f 1892//1892 1906//1906 1907//1907
f 1909//1909 1892//1892 1907//1907
f 1909//1909 1908//1908 1910//1910
f 1895//1895 1909//1909 1910//1910
f 1911//1911 1895//1895 1910//1910
f 1899//1899 1911//1911 1912//1912
f 1900//1900 1912//1912 1914//1914
f 1914//1914 1913//1913 1915//1915
f 1916//1916 1900//1900 1914//1914
f 1917//1917 1914//1914 1915//1915
f 1918//1918 1901//1901 1916//1916
f 1919//1919 1916//1916 1917//1917
f 1920//1920 1802//1802 1818//1818
f 1920//1920 1819//1819 1921//1921
f 1905//1905 1920//1920 1921//1921
f 1922//1922 1905//1905 1921//1921
f 1908//1908 1922//1922 1923//1923
f 1924//1924 1908//1908 1923//1923
f 1911//1911 1924//1924 1925//1925
f 1927//1927 1911//1911 1925//1925
f 1927//1927 1926//1926 1928//1928
f 1913//1913 1927//1927 1928//1928
f 1929//1929 1913//1913 1928//1928
f 1930//1930 1915//1915 1929//1929
f 1931//1931 1917//1917 1930//1930
f 1932//1932 1819//1819 1830//1830
f 1934//1934 1921//1921 1932//1932
f 1934//1934 1933//1933 1935//1935
f 1923//1923 1934//1934 1935//1935
f 1924//1924 1935//1935 1936//1936
f 1938//1938 1924//1924 1936//1936
f 1938//1938 1937//1937 1939//1939
f 1926//1926 1938//1938 1939//1939
f 1940//1940 1926//1926 1939//1939
f 1941//1941 1928//1928 1940//1940
f 1930//1930 1941//1941 1942//1942
f 1931//1931 1942//1942 1943//1943
f 1932//1932 1845//1845 1944//1944
f 1933//1933 1944//1944 1945//1945
f 1946//1946 1933//1933 1945//1945
f 1936//1936 1946//1946 1947//1947
f 1937//1937 1947//1947 1948//1948
f 1949//1949 1937//1937 1948//1948
f 1950//1950 1939//1939 1949//1949
f 1941//1941 1950//1950 1951//1951
f 1942//1942 1951//1951 1952//1952
f 1943//1943 1952//1952 1953//1953
f 1944//1944 1855//1855 1954//1954
f 1954//1954 1856//1856 1955//1955
f 1945//1945 1954//1954 1955//1955
f 1956//1956 1945//1945 1955//1955
f 1957//1957 1946//1946 1956//1956
f 1958//1958 1947//1947 1957//1957
f 1959//1959 1948//1948 1958//1958
f 1950//1950 1959//1959 1960//1960
f 1951//1951 1960//1960 1961//1961
f 1952//1952 1961//1961 1962//1962
f 1953//1953 1962//1962 1963//1963
f 1964//1964 1856//1856 1871//1871
f 1956//1956 1964//1964 1965//1965
f 1966//1966 1956//1956 1965//1965
f 1967//1967 1957//1957 1966//1966
f 1968//1968 1958//1958 1967//1967
f 1960//1960 1968//1968 1969//1969
f 1961//1961 1969//1969 1970//1970
f 1962//1962 1970//1970 1971//1971
f 1963//1963 1971//1971 1972//1972
f 1974//1974 694//694 1975//1975
f 1976//1976 694//694 695//695
f 1977//1977 695//695 696//696
f 1979//1979 739//739 740//740
f 1980//1980 740//740 741//741
f 1981//1981 1979//1979 1982//1982
f 1983//1983 1979//1979 1980//1980
f 1984//1984 1983//1983 1985//1985
f 1986//1986 1985//1985 1987//1987
f 1989//1989 739//739 1978//1978
f 1981//1981 1989//1989 1978//1978
f 1991//1991 1981//1981 1982//1982
f 1992//1992 1991//1991 1993//1993
f 1984//1984 1991//1991 1982//1982
f 1994//1994 1993//1993 1995//1995
f 1986//1986 1993//1993 1984//1984
f 1996//1996 1986//1986 1987//1987
f 1997//1997 1995//1995 1998//1998
f 1998//1998 1996//1996 1999//1999
f 1988//1988 1996//1996 1987//1987
f 2000//2000 1999//1999 2001//2001
f 2002//2002 1564//1564 1547//1547
f 2004//2004 1581//1581 2005//2005
f 2003//2003 1581//1581 1564//1564
f 2004//2004 1596//1596 1580//1580
f 2008//2008 2004//2004 2005//2005
f 2009//2009 2008//2008 2010//2010
f 2006//2006 2008//2008 2005//2005
f 2011//2011 1614//1614 2012//2012
f 2012//2012 1615//1615 2013//2013
f 2014//2014 1629//1629 2015//2015
f 2015//2015 1630//1630 2016//2016
f 2011//2011 1630//1630 1613//1613
f 2017//2017 2011//2011 2012//2012
f 2013//2013 2017//2017 2012//2012
f 2019//2019 2017//2017 2020//2020
f 2021//2021 2017//2017 2018//2018
f 2022//2022 1636//1636 2023//2023
f 2023//2023 1637//1637 2024//2024
f 2014//2014 1637//1637 1628//1628
f 2025//2025 2014//2014 2015//2015
f 2026//2026 2015//2015 2016//2016
f 2027//2027 2025//2025 2028//2028
f 2028//2028 2026//2026 2029//2029
f 2019//2019 2026//2026 2016//2016
f 2030//2030 2019//2019 2020//2020
f 2031//2031 2020//2020 2021//2021
f 2032//2032 2030//2030 2033//2033
f 2034//2034 2030//2030 2031//2031
f 2035//2035 1640//1640 2036//2036
f 2022//2022 1640//1640 1635//1635
f 2037//2037 2022//2022 2023//2023
f 2038//2038 2023//2023 2024//2024
f 2039//2039 2038//2038 2040//2040
f 2027//2027 2038//2038 2024//2024
f 2041//2041 2027//2027 2028//2028
f 2042//2042 2028//2028 2029//2029
f 2043//2043 2041//2041 2044//2044
f 2044//2044 2042//2042 2045//2045
f 2032//2032 2042//2042 2029//2029
f 2046//2046 2032//2032 2033//2033
f 2047//2047 2033//2033 2034//2034
f 2048//2048 2047//2047 2049//2049
f 2002//2002 1641//1641 2050//2050
f 2035//2035 1641//1641 1639//1639
f 2051//2051 2035//2035 2036//2036
f 2052//2052 2036//2036 2037//2037
f 2053//2053 2052//2052 2054//2054
f 2039//2039 2052//2052 2037//2037
f 2055//2055 2039//2039 2040//2040
f 2056//2056 2055//2055 2057//2057
f 2043//2043 2055//2055 2040//2040
f 2058//2058 2043//2043 2044//2044
f 2059//2059 2044//2044 2045//2045
f 2060//2060 2045//2045 2046//2046
f 2061//2061 2059//2059 2062//2062
f 2062//2062 2060//2060 2063//2063
f 2048//2048 2060//2060 2046//2046
f 2064//2064 2048//2048 2049//2049
f 2065//2065 2002//2002 2050//2050
f 2066//2066 2050//2050 2051//2051
f 2067//2067 2066//2066 2068//2068
f 2053//2053 2066//2066 2051//2051
f 2069//2069 2053//2053 2054//2054
f 2070//2070 2069//2069 2071//2071
f 2056//2056 2069//2069 2054//2054
f 2072//2072 2056//2056 2057//2057
f 2073//2073 2057//2057 2058//2058
f 2074//2074 2073//2073 2075//2075
f 2061//2061 2073//2073 2058//2058
f 2076//2076 2061//2061 2062//2062
f 2077//2077 2062//2062 2063//2063
f 2064//2064 2077//2077 2063//2063
f 2079//2079 2077//2077 2080//2080
f 2081//2081 2077//2077 2078//2078
f 2082//2082 2003//2003 2065//2065
f 2006//2006 2082//2082 2083//2083
f 2067//2067 2082//2082 2065//2065
f 2084//2084 2067//2067 2068//2068
f 2085//2085 2084//2084 2086//2086
f 2070//2070 2084//2084 2068//2068
f 2087//2087 2070//2070 2071//2071
f 2088//2088 2071//2071 2072//2072
f 2089//2089 2088//2088 2090//2090
f 2074//2074 2088//2088 2072//2072
f 2091//2091 2074//2074 2075//2075
f 2092//2092 2075//2075 2076//2076
f 2093//2093 2092//2092 2094//2094
f 2079//2079 2092//2092 2076//2076
f 2095//2095 2079//2079 2080//2080
f 2096//2096 2080//2080 2081//2081
f 2097//2097 2006//2006 2083//2083
f 2085//2085 2097//2097 2083//2083
f 2099//2099 2085//2085 2086//2086
f 2100//2100 2086//2086 2087//2087
f 2101//2101 2100//2100 2102//2102
f 2089//2089 2100//2100 2087//2087
f 2103//2103 2089//2089 2090//2090
f 2104//2104 2090//2090 2091//2091
f 2105//2105 2104//2104 2106//2106
f 2093//2093 2104//2104 2091//2091
f 2107//2107 2093//2093 2094//2094
f 2095//2095 2107//2107 2094//2094
f 2109//2109 2095//2095 2096//2096
f 2110//2110 2109//2109 2111//2111
f 2013//2013 1643//1643 2112//2112
f 2112//2112 1644//1644 2113//2113
f 1974//1974 1644//1644 693//693
f 2114//2114 1974//1974 1975//1975
f 1976//1976 2114//2114 1975//1975
f 1977//1977 2115//2115 1976//1976
f 1977//1977 1645//1645 2116//2116
f 2117//2117 1645//1645 1646//1646
f 2118//2118 1646//1646 1647//1647
f 2119//2119 1647//1647 1648//1648
f 2120//2120 2113//2113 2121//2121
f 2121//2121 2114//2114 2122//2122
f 2122//2122 2115//2115 2123//2123
f 2124//2124 2115//2115 2116//2116
f 2125//2125 2013//2013 2112//2112
f 2117//2117 2126//2126 2116//2116
f 2128//2128 2117//2117 2118//2118
f 2129//2129 2118//2118 2119//2119
f 2021//2021 2125//2125 2130//2130
f 2120//2120 2125//2125 2112//2112
f 2131//2131 2120//2120 2121//2121
f 2132//2132 2121//2121 2122//2122
f 2123//2123 2132//2132 2122//2122
f 2124//2124 2133//2133 2123//2123
f 2124//2124 2126//2126 2134//2134
f 2135//2135 2126//2126 2127//2127
f 2135//2135 2128//2128 2136//2136
f 2136//2136 2129//2129 2137//2137
f 2138//2138 2132//2132 2139//2139
f 2139//2139 2133//2133 2140//2140
f 2141//2141 2133//2133 2134//2134
f 2142//2142 2021//2021 2130//2130
f 2143//2143 2130//2130 2131//2131
f 2135//2135 2144//2144 2134//2134
f 2136//2136 2145//2145 2135//2135
f 2137//2137 2146//2146 2136//2136
f 2148//2148 2031//2031 2142//2142
f 2148//2148 2143//2143 2149//2149
f 2138//2138 2143//2143 2131//2131
f 2150//2150 2138//2138 2139//2139
f 2151//2151 2139//2139 2140//2140
f 2141//2141 2151//2151 2140//2140
f 2141//2141 2144//2144 2152//2152
f 2153//2153 2144//2144 2145//2145
f 2153//2153 2146//2146 2154//2154
f 2155//2155 2146//2146 2147//2147
f 2157//2157 2034//2034 2148//2148
f 2158//2158 2148//2148 2149//2149
f 2150//2150 2158//2158 2149//2149
f 2160//2160 2150//2150 2151//2151
f 2161//2161 2151//2151 2152//2152
f 2153//2153 2161//2161 2152//2152
f 2154//2154 2162//2162 2153//2153
f 2155//2155 2163//2163 2154//2154
f 2155//2155 2156//2156 2164//2164
f 2165//2165 2047//2047 2157//2157
f 2166//2166 2157//2157 2158//2158
f 2166//2166 2159//2159 2167//2167
f 2167//2167 2160//2160 2168//2168
f 2168//2168 2161//2161 2169//2169
f 2169//2169 2162//2162 2170//2170
f 2170//2170 2163//2163 2171//2171
f 2172//2172 2163//2163 2164//2164
f 2165//2165 2064//2064 2049//2049
f 2175//2175 2165//2165 2166//2166
f 2176//2176 2166//2166 2167//2167
f 2177//2177 2167//2167 2168//2168
f 2169//2169 2177//2177 2168//2168
f 2170//2170 2178//2178 2169//2169
f 2180//2180 2170//2170 2171//2171
f 2172//2172 2180//2180 2171//2171
f 2172//2172 2173//2173 2181//2181
f 2182//2182 2175//2175 2183//2183
f 2184//2184 2175//2175 2176//2176
f 2185//2185 2176//2176 2177//2177
f 2185//2185 2178//2178 2186//2186
f 2187//2187 2178//2178 2179//2179
f 2188//2188 2064//2064 2174//2174
f 2180//2180 2189//2189 2179//2179
f 2181//2181 2190//2190 2180//2180
f 2081//2081 2188//2188 2192//2192
f 2182//2182 2188//2188 2174//2174
f 2193//2193 2182//2182 2183//2183
f 2184//2184 2193//2193 2183//2183
f 2195//2195 2184//2184 2185//2185
f 2186//2186 2195//2195 2185//2185
f 2187//2187 2196//2196 2186//2186
f 2187//2187 2189//2189 2197//2197
f 2198//2198 2189//2189 2190//2190
f 2199//2199 2190//2190 2191//2191
f 2192//2192 2096//2096 2081//2081
f 2193//2193 2201//2201 2192//2192
f 2203//2203 2193//2193 2194//2194
f 2195//2195 2203//2203 2194//2194
f 2196//2196 2204//2204 2195//2195
f 2206//2206 2196//2196 2197//2197
f 2198//2198 2206//2206 2197//2197
f 2199//2199 2207//2207 2198//2198
f 2199//2199 2200//2200 2208//2208
f 2209//2209 2202//2202 2210//2210
f 2211//2211 2202//2202 2203//2203
f 2211//2211 2204//2204 2212//2212
f 2213//2213 2204//2204 2205//2205
f 2214//2214 2096//2096 2201//2201
f 2206//2206 2215//2215 2205//2205
f 2207//2207 2216//2216 2206//2206
f 2218//2218 2207//2207 2208//2208
f 2111//2111 2214//2214 2219//2219
f 2209//2209 2214//2214 2201//2201
f 2220//2220 2209//2209 2210//2210
f 2221//2221 2210//2210 2211//2211
f 2212//2212 2221//2221 2211//2211
f 2213//2213 2222//2222 2212//2212
f 2213//2213 2215//2215 2223//2223
f 2224//2224 2215//2215 2216//2216
f 2224//2224 2217//2217 2225//2225
f 2226//2226 2217//2217 2218//2218
f 2227//2227 1648//1648 1678//1678
f 2228//2228 1682//1682 2229//2229
f 1989//1989 1682//1682 775//775
f 2231//2231 2228//2228 2229//2229
f 2231//2231 1989//1989 1990//1990
f 2233//2233 2230//2230 2231//2231
f 1992//1992 2231//2231 1990//1990
f 2234//2234 2233//2233 2235//2235
f 1994//1994 2233//2233 1992//1992
f 1997//1997 2235//2235 1994//1994
f 2237//2237 1997//1997 1998//1998
f 2238//2238 2237//2237 2239//2239
f 2000//2000 2237//2237 1998//1998
f 2240//2240 2000//2000 2001//2001
f 2241//2241 2240//2240 2242//2242
f 2227//2227 2129//2129 2119//2119
f 2227//2227 1689//1689 2244//2244
f 2245//2245 1689//1689 1690//1690
f 2246//2246 1690//1690 1691//1691
f 2247//2247 1693//1693 2248//2248
f 2228//2228 1693//1693 1681//1681
f 2249//2249 2129//2129 2244//2244
f 2230//2230 2248//2248 2228//2228
f 2232//2232 2250//2250 2230//2230
f 2234//2234 2251//2251 2232//2232
f 2253//2253 2234//2234 2235//2235
f 2254//2254 2253//2253 2255//2255
f 2236//2236 2253//2253 2235//2235
f 2256//2256 2255//2255 2257//2257
f 2238//2238 2255//2255 2236//2236
f 2258//2258 2238//2238 2239//2239
f 2259//2259 2258//2258 2260//2260
f 2241//2241 2258//2258 2239//2239
f 2261//2261 2241//2241 2242//2242
f 2262//2262 2261//2261 2263//2263
f 2243//2243 2261//2261 2242//2242
f 2245//2245 2264//2264 2244//2244
f 2246//2246 2265//2265 2245//2245
f 2246//2246 1694//1694 2266//2266
f 2266//2266 1695//1695 2267//2267
f 2247//2247 1695//1695 1692//1692
f 2268//2268 2247//2247 2248//2248
f 2249//2249 2147//2147 2137//2137
f 2249//2249 2264//2264 2269//2269
f 2270//2270 2264//2264 2265//2265
f 2271//2271 2265//2265 2266//2266
f 2272//2272 2268//2268 2273//2273
f 2250//2250 2268//2268 2248//2248
f 2275//2275 2272//2272 2273//2273
f 2251//2251 2273//2273 2250//2250
f 2276//2276 2275//2275 2277//2277
f 2277//2277 2251//2251 2252//2252
f 2278//2278 2252//2252 2254//2254
f 2256//2256 2278//2278 2254//2254
f 2280//2280 2256//2256 2257//2257
f 2281//2281 2280//2280 2282//2282
f 2259//2259 2280//2280 2257//2257
f 2283//2283 2259//2259 2260//2260
f 2284//2284 2283//2283 2285//2285
f 2262//2262 2283//2283 2260//2260
f 2286//2286 2262//2262 2263//2263
f 2288//2288 2266//2266 2267//2267
f 2269//2269 2156//2156 2147//2147
f 2270//2270 2289//2289 2269//2269
f 2271//2271 2290//2290 2270//2270
f 2271//2271 2287//2287 2291//2291
f 2291//2291 2288//2288 2292//2292
f 2272//2272 2288//2288 2267//2267
f 2293//2293 2156//2156 2289//2289
f 2294//2294 2289//2289 2290//2290
f 2295//2295 2272//2272 2274//2274
f 2276//2276 2295//2295 2274//2274
f 2297//2297 2276//2276 2277//2277
f 2298//2298 2297//2297 2299//2299
f 2278//2278 2297//2297 2277//2277
f 2300//2300 2278//2278 2279//2279
f 2281//2281 2300//2300 2279//2279
f 2302//2302 2281//2281 2282//2282
f 2284//2284 2302//2302 2282//2282
f 2304//2304 2284//2284 2285//2285
f 2291//2291 2305//2305 2290//2290
f 2307//2307 2291//2291 2292//2292
f 2293//2293 2173//2173 2164//2164
f 2294//2294 2308//2308 2293//2293
f 2294//2294 2305//2305 2309//2309
f 2310//2310 2305//2305 2306//2306
f 2311//2311 2306//2306 2307//2307
f 2295//2295 2307//2307 2292//2292
f 2312//2312 2173//2173 2308//2308
f 2313//2313 2308//2308 2309//2309
f 2314//2314 2311//2311 2315//2315
f 2296//2296 2311//2311 2295//2295
f 2298//2298 2315//2315 2296//2296
f 2317//2317 2298//2298 2299//2299
f 2318//2318 2317//2317 2319//2319
f 2300//2300 2317//2317 2299//2299
f 2320//2320 2300//2300 2301//2301
f 2321//2321 2301//2301 2302//2302
f 2322//2322 2321//2321 2323//2323
f 2303//2303 2321//2321 2302//2302
f 2310//2310 2324//2324 2309//2309
f 2312//2312 2191//2191 2181//2181
f 2313//2313 2326//2326 2312//2312
f 2313//2313 2324//2324 2327//2327
f 2327//2327 2325//2325 2328//2328
f 2314//2314 2325//2325 2310//2310
f 2329//2329 2314//2314 2315//2315
f 2316//2316 2329//2329 2315//2315
f 2318//2318 2330//2330 2316//2316
f 2332//2332 2318//2318 2319//2319
f 2333//2333 2319//2319 2320//2320
f 2322//2322 2333//2333 2320//2320
f 2335//2335 2322//2322 2323//2323
f 2326//2326 2200//2200 2191//2191
f 2337//2337 2326//2326 2327//2327
f 2328//2328 2337//2337 2327//2327
f 2339//2339 2328//2328 2329//2329
f 2340//2340 2200//2200 2336//2336
f 2341//2341 2339//2339 2342//2342
f 2330//2330 2339//2339 2329//2329
f 2343//2343 2330//2330 2331//2331
f 2332//2332 2343//2343 2331//2331
f 2333//2333 2344//2344 2332//2332
f 2334//2334 2345//2345 2333//2333
f 2335//2335 2346//2346 2334//2334
f 2337//2337 2348//2348 2336//2336
f 2350//2350 2337//2337 2338//2338
f 2340//2340 2218//2218 2208//2208
f 2340//2340 2348//2348 2351//2351
f 2352//2352 2348//2348 2349//2349
f 2341//2341 2350//2350 2338//2338
f 2354//2354 2341//2341 2342//2342
f 2343//2343 2354//2354 2342//2342
f 2344//2344 2355//2355 2343//2343
f 2345//2345 2356//2356 2344//2344
f 2346//2346 2357//2357 2345//2345
f 2347//2347 2358//2358 2346//2346
f 2360//2360 2286//2286 2361//2361
f 2362//2362 2304//2304 2363//2363
f 2360//2360 2304//2304 2285//2285
f 2364//2364 2360//2360 2361//2361
f 2362//2362 2323//2323 2303//2303
f 2367//2367 2362//2362 2363//2363
f 2368//2368 2363//2363 2364//2364
f 2369//2369 2368//2368 2370//2370
f 2365//2365 2368//2368 2364//2364
f 2366//2366 2335//2335 2323//2323
f 2372//2372 2366//2366 2367//2367
f 2369//2369 2372//2372 2367//2367
f 2374//2374 2369//2369 2370//2370
f 2371//2371 2347//2347 2335//2335
f 2376//2376 2371//2371 2372//2372
f 2377//2377 2376//2376 2378//2378
f 2373//2373 2376//2376 2372//2372
f 2379//2379 2373//2373 2374//2374
f 2380//2380 2347//2347 2375//2375
f 2377//2377 2380//2380 2375//2375
f 2382//2382 2377//2377 2378//2378
f 2379//2379 2382//2382 2378//2378
f 1980//1980 1704//1704 2384//2384
f 2384//2384 1705//1705 2385//2385
f 2385//2385 1706//1706 2386//2386
f 2387//2387 1980//1980 2384//2384
f 2387//2387 2385//2385 2388//2388
f 2389//2389 2385//2385 2386//2386
f 2390//2390 1983//1983 2387//2387
f 2391//2391 2387//2387 2388//2388
f 1987//1987 2390//2390 2392//2392
f 2393//2393 2390//2390 2391//2391
f 1988//1988 2392//2392 2394//2394
f 2395//2395 1706//1706 1719//1719
f 2389//2389 2396//2396 2388//2388
f 2389//2389 2395//2395 2397//2397
f 2391//2391 2396//2396 2398//2398
f 2399//2399 2396//2396 2397//2397
f 2393//2393 2400//2400 2392//2392
f 2393//2393 2398//2398 2401//2401
f 2402//2402 2398//2398 2399//2399
f 2403//2403 1988//1988 2394//2394
f 2394//2394 2400//2400 2403//2403
f 2404//2404 2400//2400 2401//2401
f 2405//2405 2401//2401 2402//2402
f 2406//2406 1999//1999 2403//2403
f 2407//2407 2403//2403 2404//2404
f 2408//2408 1719//1719 1886//1886
f 2409//2409 1886//1886 1887//1887
f 2410//2410 2395//2395 2408//2408
f 2410//2410 2409//2409 2411//2411
f 2399//2399 2410//2410 2412//2412
f 2412//2412 2411//2411 2413//2413
f 2402//2402 2412//2412 2414//2414
f 2415//2415 2412//2412 2413//2413
f 2405//2405 2416//2416 2404//2404
f 2405//2405 2414//2414 2417//2417
f 2406//2406 2240//2240 2001//2001
f 2407//2407 2418//2418 2406//2406
f 2407//2407 2416//2416 2419//2419
f 2420//2420 2416//2416 2417//2417
f 2242//2242 2418//2418 2421//2421
f 2422//2422 2418//2418 2419//2419
f 2243//2243 2421//2421 2423//2423
f 2424//2424 1887//1887 1902//1902
f 2411//2411 2424//2424 2425//2425
f 2413//2413 2425//2425 2426//2426
f 2415//2415 2427//2427 2414//2414
f 2415//2415 2426//2426 2428//2428
f 2417//2417 2427//2427 2429//2429
f 2430//2430 2427//2427 2428//2428
f 2420//2420 2431//2431 2419//2419
f 2420//2420 2429//2429 2432//2432
f 2433//2433 2429//2429 2430//2430
f 2422//2422 2434//2434 2421//2421
f 2422//2422 2431//2431 2435//2435
f 2436//2436 2431//2431 2432//2432
f 2437//2437 2243//2243 2423//2423
f 2423//2423 2434//2434 2437//2437
f 2438//2438 2434//2434 2435//2435
f 2439//2439 1902//1902 1918//1918
f 2439//2439 1919//1919 2440//2440
f 2425//2425 2439//2439 2441//2441
f 2441//2441 2440//2440 2442//2442
f 2426//2426 2441//2441 2443//2443
f 2443//2443 2442//2442 2444//2444
f 2445//2445 2426//2426 2443//2443
f 2446//2446 2443//2443 2444//2444
f 2447//2447 2428//2428 2445//2445
f 2433//2433 2448//2448 2432//2432
f 2433//2433 2447//2447 2449//2449
f 2436//2436 2450//2450 2435//2435
f 2436//2436 2448//2448 2451//2451
f 2452//2452 2448//2448 2449//2449
f 2453//2453 2263//2263 2437//2437
f 2438//2438 2453//2453 2437//2437
f 2438//2438 2450//2450 2454//2454
f 2455//2455 2450//2450 2451//2451
f 2440//2440 1931//1931 2456//2456
f 2442//2442 2456//2456 2457//2457
f 2444//2444 2457//2457 2458//2458
f 2446//2446 2459//2459 2445//2445
f 2446//2446 2458//2458 2460//2460
f 2447//2447 2459//2459 2461//2461
f 2462//2462 2459//2459 2460//2460
f 2463//2463 2447//2447 2461//2461
f 2452//2452 2464//2464 2451//2451
f 2452//2452 2463//2463 2465//2465
f 2455//2455 2466//2466 2454//2454
f 2455//2455 2464//2464 2467//2467
f 2456//2456 1943//1943 2468//2468
f 2469//2469 2456//2456 2468//2468
f 2470//2470 2457//2457 2469//2469
f 2460//2460 2470//2470 2471//2471
f 2462//2462 2472//2472 2461//2461
f 2462//2462 2471//2471 2473//2473
f 2463//2463 2472//2472 2474//2474
f 2475//2475 2472//2472 2473//2473
f 2465//2465 2476//2476 2464//2464
f 2477//2477 2463//2463 2474//2474
f 2467//2467 2476//2476 2478//2478
f 2479//2479 2476//2476 2477//2477
f 2468//2468 1953//1953 2480//2480
f 2481//2481 2468//2468 2480//2480
f 2482//2482 2469//2469 2481//2481
f 2483//2483 2470//2470 2482//2482
f 2473//2473 2483//2483 2484//2484
f 2475//2475 2485//2485 2474//2474
f 2475//2475 2484//2484 2486//2486
f 2487//2487 2474//2474 2485//2485
f 2479//2479 2488//2488 2478//2478
f 2479//2479 2487//2487 2489//2489
f 2480//2480 1963//1963 2490//2490
f 2491//2491 2480//2480 2490//2490
f 2492//2492 2481//2481 2491//2491
f 2493//2493 2482//2482 2492//2492
f 2494//2494 2483//2483 2493//2493
f 2496//2496 2485//2485 2486//2486
f 2486//2486 2494//2494 2496//2496
f 2487//2487 2495//2495 2497//2497
f 2499//2499 2488//2488 2489//2489
f 2489//2489 2497//2497 2499//2499
f 2490//2490 1972//1972 2500//2500
f 2500//2500 1973//1973 2501//2501
f 2502//2502 2490//2490 2500//2500
f 2503//2503 2491//2491 2502//2502
f 2504//2504 2492//2492 2503//2503
f 2505//2505 2493//2493 2504//2504
f 2507//2507 2495//2495 2496//2496
f 2496//2496 2505//2505 2507//2507
f 2497//2497 2506//2506 2508//2508
f 2510//2510 2498//2498 2499//2499
f 2499//2499 2508//2508 2510//2510
f 2511//2511 2286//2286 2453//2453
f 2512//2512 2453//2453 2454//2454
f 2511//2511 2364//2364 2361//2361
f 2512//2512 2513//2513 2511//2511
f 2512//2512 2466//2466 2514//2514
f 2515//2515 2466//2466 2467//2467
f 2365//2365 2513//2513 2516//2516
f 2514//2514 2517//2517 2513//2513
f 2515//2515 2518//2518 2514//2514
f 2515//2515 2478//2478 2519//2519
f 2520//2520 2365//2365 2516//2516
f 2516//2516 2517//2517 2520//2520
f 2521//2521 2517//2517 2518//2518
f 2519//2519 2522//2522 2518//2518
f 2519//2519 2488//2488 2523//2523
f 2524//2524 2370//2370 2520//2520
f 2521//2521 2524//2524 2520//2520
f 2521//2521 2522//2522 2525//2525
f 2523//2523 2526//2526 2522//2522
f 2523//2523 2498//2498 2527//2527
f 2524//2524 2379//2379 2374//2374
f 2525//2525 2528//2528 2524//2524
f 2525//2525 2526//2526 2529//2529
f 2530//2530 2526//2526 2527//2527
f 2531//2531 2498//2498 2509//2509
f 2528//2528 2383//2383 2379//2379
f 2533//2533 2528//2528 2529//2529
f 2530//2530 2533//2533 2529//2529
f 2530//2530 2531//2531 2534//2534
f 2540//2540 2536//2536 2537//2537
f 2540//2540 781//781 2539//2539
f 2540//2540 780//780 782//782
f 2543//2543 2536//2536 2542//2542
f 2543//2543 2535//2535 2537//2537
f 2545//2545 2538//2538 2544//2544
f 2545//2545 2536//2536 2539//2539
f 2548//2548 2542//2542 2547//2547
f 2543//2543 2546//2546 2541//2541
f 2545//2545 2549//2549 2550//2550
f 2545//2545 2547//2547 2542//2542
f 2554//2554 2547//2547 2553//2553
f 2548//2548 2551//2551 2546//2546
f 2557//2557 2552//2552 2553//2553
f 2557//2557 2549//2549 2556//2556
f 2557//2557 2547//2547 2550//2550
f 2561//2561 2552//2552 2560//2560
f 2562//2562 2558//2558 2559//2559
f 2562//2562 2553//2553 2561//2561
f 2562//2562 2551//2551 2554//2554
f 2564//2564 2555//2555 2563//2563
f 2564//2564 2552//2552 2556//2556
f 2566//2566 2558//2558 2565//2565
f 2568//2568 2560//2560 2567//2567
f 2568//2568 2558//2558 2561//2561
f 2564//2564 2569//2569 2570//2570
f 2570//2570 2560//2560 2564//2564
f 2572//2572 2565//2565 2571//2571
f 2568//2568 2573//2573 2574//2574
f 2574//2574 2565//2565 2568//2568
f 2576//2576 2569//2569 2575//2575
f 2570//2570 2573//2573 2567//2567
f 2572//2572 2577//2577 2578//2578
f 2574//2574 2579//2579 2580//2580
f 2574//2574 2577//2577 2571//2571
f 2581//2581 2577//2577 2580//2580
f 2583//2583 2575//2575 2582//2582
f 2576//2576 2579//2579 2573//2573
f 2587//2587 867//867 2586//2586
f 2588//2588 868//868 2587//2587
f 870//870 2588//2588 2589//2589
f 2590//2590 2584//2584 2585//2585
f 2590//2590 870//870 2589//2589
f 2590//2590 866//866 871//871
f 2593//2593 872//872 2592//2592
f 2593//2593 867//867 873//873
f 2595//2595 876//876 2594//2594
f 2596//2596 2591//2591 2592//2592
f 2596//2596 877//877 2595//2595
f 2596//2596 872//872 878//878
f 2597//2597 2535//2535 2594//2594
f 2597//2597 780//780 2537//2537
f 2597//2597 876//876 879//879
f 2600//2600 2584//2584 2599//2599
f 2603//2603 2586//2586 2602//2602
f 2604//2604 2587//2587 2603//2603
f 2605//2605 2598//2598 2599//2599
f 2605//2605 2588//2588 2604//2604
f 2605//2605 2584//2584 2589//2589
f 2608//2608 2591//2591 2607//2607
f 2609//2609 2601//2601 2602//2602
f 2609//2609 2592//2592 2608//2608
f 2609//2609 2586//2586 2593//2593
f 2610//2610 2535//2535 2541//2541
f 2611//2611 2606//2606 2607//2607
f 2611//2611 2594//2594 2610//2610
f 2611//2611 2591//2591 2595//2595
f 2614//2614 2598//2598 2613//2613
f 2600//2600 2614//2614 2615//2615
f 2617//2617 2601//2601 2616//2616
f 2603//2603 2617//2617 2618//2618
f 2619//2619 2612//2612 2613//2613
f 2619//2619 2603//2603 2618//2618
f 2619//2619 2598//2598 2604//2604
f 2621//2621 2606//2606 2620//2620
f 2622//2622 2607//2607 2621//2621
f 2622//2622 2601//2601 2608//2608
f 2623//2623 2541//2541 2546//2546
f 2623//2623 2606//2606 2610//2610
f 2626//2626 2612//2612 2625//2625
f 2614//2614 2626//2626 2627//2627
f 2615//2615 2627//2627 2628//2628
f 2630//2630 2616//2616 2629//2629
f 2631//2631 2617//2617 2630//2630
f 2631//2631 2612//2612 2618//2618
f 2621//2621 2632//2632 2633//2633
f 2634//2634 2621//2621 2633//2633
f 2622//2622 2629//2629 2616//2616
f 2635//2635 2546//2546 2551//2551
f 2623//2623 2632//2632 2620//2620
f 2639//2639 2625//2625 2638//2638
f 2627//2627 2639//2639 2640//2640
f 2641//2641 2627//2627 2640//2640
f 2641//2641 2624//2624 2628//2628
f 2630//2630 2643//2643 2644//2644
f 2645//2645 2637//2637 2638//2638
f 2645//2645 2630//2630 2644//2644
f 2645//2645 2625//2625 2631//2631
f 2633//2633 2646//2646 2647//2647
f 2648//2648 2642//2642 2643//2643
f 2648//2648 2633//2633 2647//2647
f 2648//2648 2629//2629 2634//2634
f 2649//2649 2551//2551 2559//2559
f 2635//2635 2646//2646 2632//2632
f 2652//2652 2637//2637 2651//2651
f 2639//2639 2652//2652 2653//2653
f 2640//2640 2653//2653 2654//2654
f 2655//2655 2640//2640 2654//2654
f 2641//2641 2650//2650 2636//2636
f 2657//2657 2642//2642 2656//2656
f 2644//2644 2657//2657 2658//2658
f 2658//2658 2637//2637 2644//2644
f 2660//2660 2646//2646 2659//2659
f 2660//2660 2642//2642 2647//2647
f 2649//2649 2566//2566 2661//2661
f 2649//2649 2659//2659 2646//2646
f 2652//2652 2663//2663 2664//2664
f 2665//2665 2652//2652 2664//2664
f 2654//2654 2665//2665 2666//2666
f 2667//2667 2654//2654 2666//2666
f 2655//2655 2662//2662 2650//2650
f 2669//2669 2656//2656 2668//2668
f 2658//2658 2669//2669 2670//2670
f 2658//2658 2663//2663 2651//2651
f 2671//2671 2663//2663 2670//2670
f 2660//2660 2672//2672 2673//2673
f 2660//2660 2668//2668 2656//2656
f 2674//2674 2566//2566 2572//2572
f 2674//2674 2659//2659 2661//2661
f 2665//2665 2676//2676 2677//2677
f 2678//2678 2665//2665 2677//2677
f 2667//2667 2678//2678 2679//2679
f 2679//2679 2662//2662 2667//2667
f 2681//2681 2668//2668 2680//2680
f 2682//2682 2669//2669 2681//2681
f 2671//2671 2682//2682 2683//2683
f 2671//2671 2676//2676 2664//2664
f 2673//2673 2684//2684 2685//2685
f 2673//2673 2680//2680 2668//2668
f 2686//2686 2572//2572 2578//2578
f 2686//2686 2672//2672 2674//2674
f 2687//2687 866//866 2585//2585
f 2688//2688 979//979 2687//2687
f 2689//2689 980//980 2688//2688
f 2690//2690 981//981 2689//2689
f 983//983 2690//2690 2691//2691
f 984//984 2691//2691 2692//2692
f 985//985 2692//2692 2693//2693
f 2695//2695 985//985 2693//2693
f 2695//2695 2694//2694 2696//2696
f 993//993 2695//2695 2696//2696
f 2687//2687 2600//2600 2697//2697
f 2688//2688 2697//2697 2698//2698
f 2689//2689 2698//2698 2699//2699
f 2700//2700 2689//2689 2699//2699
f 2701//2701 2690//2690 2700//2700
f 2702//2702 2691//2691 2701//2701
f 2703//2703 2692//2692 2702//2702
f 2694//2694 2703//2703 2704//2704
f 2705//2705 2694//2694 2704//2704
f 2697//2697 2615//2615 2710//2710
f 2698//2698 2710//2710 2711//2711
f 2712//2712 2706//2706 2707//2707
f 2712//2712 2698//2698 2711//2711
f 2712//2712 2708//2708 2713//2713
f 2713//2713 2699//2699 2712//2712
f 2713//2713 2709//2709 2714//2714
f 2701//2701 2713//2713 2714//2714
f 2702//2702 2714//2714 2715//2715
f 2716//2716 2702//2702 2715//2715
f 2717//2717 2703//2703 2716//2716
f 2720//2720 2706//2706 2719//2719
f 2721//2721 2707//2707 2720//2720
f 2709//2709 2721//2721 2722//2722
f 2724//2724 2624//2624 2718//2718
f 2724//2724 2615//2615 2628//2628
f 2725//2725 2718//2718 2719//2719
f 2725//2725 2710//2710 2724//2724
f 2725//2725 2706//2706 2711//2711
f 2726//2726 2709//2709 2722//2722
f 2726//2726 2723//2723 2727//2727
f 2715//2715 2726//2726 2727//2727
f 2716//2716 2727//2727 2728//2728
f 2729//2729 2716//2716 2728//2728
f 2730//2730 2624//2624 2636//2636
f 2731//2731 2718//2718 2730//2730
f 2720//2720 2731//2731 2732//2732
f 2721//2721 2732//2732 2733//2733
f 2734//2734 2721//2721 2733//2733
f 2723//2723 2734//2734 2735//2735
f 2737//2737 2723//2723 2735//2735
f 2737//2737 2736//2736 2738//2738
f 2728//2728 2737//2737 2738//2738
f 2739//2739 2728//2728 2738//2738
f 2740//2740 2636//2636 2650//2650
f 2731//2731 2740//2740 2741//2741
f 2732//2732 2741//2741 2742//2742
f 2743//2743 2732//2732 2742//2742
f 2744//2744 2733//2733 2743//2743
f 2745//2745 2734//2734 2744//2744
f 2736//2736 2745//2745 2746//2746
f 2747//2747 2736//2736 2746//2746
f 2739//2739 2747//2747 2748//2748
f 2749//2749 2650//2650 2662//2662
f 2750//2750 2740//2740 2749//2749
f 2751//2751 2741//2741 2750//2750
f 2752//2752 2742//2742 2751//2751
f 2753//2753 2743//2743 2752//2752
f 2754//2754 2744//2744 2753//2753
f 2755//2755 2745//2745 2754//2754
f 2756//2756 2746//2746 2755//2755
f 2757//2757 2747//2747 2756//2756
f 2749//2749 2675//2675 2758//2758
f 2759//2759 2749//2749 2758//2758
f 2760//2760 2750//2750 2759//2759
f 2752//2752 2760//2760 2761//2761
f 2753//2753 2761//2761 2762//2762
f 2754//2754 2762//2762 2763//2763
f 2764//2764 2754//2754 2763//2763
f 2765//2765 2764//2764 2763//2763
f 2756//2756 2764//2764 2766//2766
f 2767//2767 2756//2756 2766//2766
f 2768//2768 993//993 2696//2696
f 1050//1050 2768//2768 2769//2769
f 2771//2771 1050//1050 2769//2769
f 2771//2771 2770//2770 2772//2772
f 1053//1053 2771//2771 2772//2772
f 1054//1054 2772//2772 2773//2773
f 2775//2775 1054//1054 2773//2773
f 2775//2775 2774//2774 2776//2776
f 1057//1057 2775//2775 2776//2776
f 1058//1058 2776//2776 2777//2777
f 2778//2778 1058//1058 2777//2777
f 1061//1061 2778//2778 2779//2779
f 2780//2780 1061//1061 2779//2779
f 1064//1064 2780//2780 2781//2781
f 2705//2705 2782//2782 2783//2783
f 2768//2768 2705//2705 2783//2783
f 2784//2784 2768//2768 2783//2783
f 2770//2770 2784//2784 2785//2785
f 2787//2787 2770//2770 2785//2785
f 2787//2787 2786//2786 2788//2788
f 2773//2773 2787//2787 2788//2788
f 2774//2774 2788//2788 2789//2789
f 2790//2790 2774//2774 2789//2789
f 2777//2777 2790//2790 2791//2791
f 2793//2793 2777//2777 2791//2791
f 2793//2793 2792//2792 2794//2794
f 2779//2779 2793//2793 2794//2794
f 2796//2796 2779//2779 2794//2794
f 2796//2796 2795//2795 2797//2797
f 2781//2781 2796//2796 2797//2797
f 2782//2782 2717//2717 2798//2798
f 2800//2800 2782//2782 2798//2798
f 2800//2800 2799//2799 2801//2801
f 2784//2784 2800//2800 2801//2801
f 2802//2802 2784//2784 2801//2801
f 2786//2786 2802//2802 2803//2803
f 2804//2804 2786//2786 2803//2803
f 2789//2789 2804//2804 2805//2805
f 2790//2790 2805//2805 2806//2806
f 2807//2807 2790//2790 2806//2806
f 2792//2792 2807//2807 2808//2808
f 2809//2809 2792//2792 2808//2808
f 2795//2795 2809//2809 2810//2810
f 2811//2811 2795//2795 2810//2810
f 2812//2812 2717//2717 2729//2729
f 2799//2799 2812//2812 2813//2813
f 2814//2814 2799//2799 2813//2813
f 2802//2802 2814//2814 2815//2815
f 2803//2803 2815//2815 2816//2816
f 2804//2804 2816//2816 2817//2817
f 2805//2805 2817//2817 2818//2818
f 2820//2820 2805//2805 2818//2818
f 2820//2820 2819//2819 2821//2821
f 2807//2807 2820//2820 2821//2821
f 2822//2822 2807//2807 2821//2821
f 2809//2809 2822//2822 2823//2823
f 2810//2810 2823//2823 2824//2824
f 2811//2811 2824//2824 2825//2825
f 2826//2826 2729//2729 2739//2739
f 2813//2813 2826//2826 2827//2827
f 2814//2814 2827//2827 2828//2828
f 2815//2815 2828//2828 2829//2829
f 2816//2816 2829//2829 2830//2830
f 2817//2817 2830//2830 2831//2831
f 2832//2832 2817//2817 2831//2831
f 2819//2819 2832//2832 2833//2833
f 2834//2834 2819//2819 2833//2833
f 2822//2822 2834//2834 2835//2835
f 2823//2823 2835//2835 2836//2836
f 2824//2824 2836//2836 2837//2837
f 2825//2825 2837//2837 2838//2838
f 2839//2839 2739//2739 2748//2748
f 2827//2827 2839//2839 2840//2840
f 2828//2828 2840//2840 2841//2841
f 2829//2829 2841//2841 2842//2842
f 2830//2830 2842//2842 2843//2843
f 2831//2831 2843//2843 2844//2844
f 2832//2832 2844//2844 2845//2845
f 2846//2846 2832//2832 2845//2845
f 2834//2834 2846//2846 2847//2847
f 2835//2835 2847//2847 2848//2848
f 2849//2849 2835//2835 2848//2848
f 2837//2837 2849//2849 2850//2850
f 2838//2838 2850//2850 2851//2851
f 2839//2839 2757//2757 2852//2852
f 2840//2840 2852//2852 2853//2853
f 2841//2841 2853//2853 2854//2854
f 2842//2842 2854//2854 2855//2855
f 2856//2856 2842//2842 2855//2855
f 2857//2857 2843//2843 2856//2856
f 2845//2845 2857//2857 2858//2858
f 2846//2846 2858//2858 2859//2859
f 2860//2860 2846//2846 2859//2859
f 2861//2861 2847//2847 2860//2860
f 2862//2862 2848//2848 2861//2861
f 2850//2850 2862//2862 2863//2863
f 2851//2851 2863//2863 2864//2864
f 2852//2852 2767//2767 2865//2865
f 2866//2866 2852//2852 2865//2865
f 2867//2867 2853//2853 2866//2866
f 2868//2868 2854//2854 2867//2867
f 2869//2869 2855//2855 2868//2868
f 2870//2870 2856//2856 2869//2869
f 2858//2858 2870//2870 2871//2871
f 2859//2859 2871//2871 2872//2872
f 2873//2873 2859//2859 2872//2872
f 2874//2874 2860//2860 2873//2873
f 2875//2875 2861//2861 2874//2874
f 2876//2876 2862//2862 2875//2875
f 2877//2877 2863//2863 2876//2876
f 2880//2880 2538//2538 2539//2539
f 2880//2880 1162//1162 2879//2879
f 2880//2880 781//781 1163//1163
f 2882//2882 2878//2878 2879//2879
f 2882//2882 1164//1164 2881//2881
f 2882//2882 1162//1162 1165//1165
f 2884//2884 1166//1166 2883//2883
f 2884//2884 1164//1164 1167//1167
f 2886//2886 1166//1166 1169//1169
f 2888//2888 2885//2885 2886//2886
f 2888//2888 1171//1171 2887//2887
f 2888//2888 1169//1169 1172//1172
f 2889//2889 1171//1171 1173//1173
f 1175//1175 2889//2889 1173//1173
f 2893//2893 2890//2890 2891//2891
f 2893//2893 1176//1176 2892//2892
f 2893//2893 1175//1175 1177//1177
f 2895//2895 2878//2878 2894//2894
f 2895//2895 2538//2538 2879//2879
f 2897//2897 2878//2878 2881//2881
f 2899//2899 2896//2896 2897//2897
f 2899//2899 2883//2883 2898//2898
f 2899//2899 2881//2881 2884//2884
f 2901//2901 2885//2885 2900//2900
f 2901//2901 2883//2883 2886//2886
f 2902//2902 2885//2885 2887//2887
f 2889//2889 2902//2902 2887//2887
f 2906//2906 2903//2903 2904//2904
f 2906//2906 2890//2890 2905//2905
f 2906//2906 2889//2889 2891//2891
f 2907//2907 2890//2890 2892//2892
f 2895//2895 2908//2908 2909//2909
f 2909//2909 2544//2544 2895//2895
f 2911//2911 2896//2896 2910//2910
f 2911//2911 2894//2894 2897//2897
f 2912//2912 2896//2896 2898//2898
f 2901//2901 2913//2913 2914//2914
f 2901//2901 2912//2912 2898//2898
f 2915//2915 2900//2900 2902//2902
f 2917//2917 2903//2903 2916//2916
f 2917//2917 2902//2902 2904//2904
f 2918//2918 2903//2903 2905//2905
f 2907//2907 2918//2918 2905//2905
f 2921//2921 2555//2555 2556//2556
f 2921//2921 2908//2908 2920//2920
f 2921//2921 2549//2549 2909//2909
f 2911//2911 2922//2922 2923//2923
f 2923//2923 2908//2908 2911//2911
f 2925//2925 2910//2910 2912//2912
f 2927//2927 2924//2924 2925//2925
f 2927//2927 2913//2913 2926//2926
f 2927//2927 2912//2912 2914//2914
f 2929//2929 2913//2913 2915//2915
f 2931//2931 2928//2928 2929//2929
f 2931//2931 2916//2916 2930//2930
f 2931//2931 2915//2915 2917//2917
f 2932//2932 2916//2916 2918//2918
f 2919//2919 2932//2932 2918//2918
f 2936//2936 2555//2555 2920//2920
f 2938//2938 2935//2935 2936//2936
f 2938//2938 2922//2922 2937//2937
f 2938//2938 2920//2920 2923//2923
f 2940//2940 2924//2924 2939//2939
f 2940//2940 2922//2922 2925//2925
f 2941//2941 2924//2924 2926//2926
f 2943//2943 2928//2928 2942//2942
f 2943//2943 2926//2926 2929//2929
f 2944//2944 2928//2928 2930//2930
f 2932//2932 2944//2944 2930//2930
f 2947//2947 2933//2933 2946//2946
f 2947//2947 2932//2932 2934//2934
f 2949//2949 2935//2935 2948//2948
f 2936//2936 2569//2569 2563//2563
f 2950//2950 2935//2935 2937//2937
f 2951//2951 2948//2948 2950//2950
f 2940//2940 2952//2952 2953//2953
f 2953//2953 2937//2937 2940//2940
f 2954//2954 2939//2939 2941//2941
f 2943//2943 2955//2955 2956//2956
f 2943//2943 2954//2954 2941//2941
f 2957//2957 2942//2942 2944//2944
f 2945//2945 2957//2957 2944//2944
f 2947//2947 2959//2959 2960//2960
f 2960//2960 2945//2945 2947//2947
f 2961//2961 2569//2569 2949//2949
f 2951//2951 2962//2962 2963//2963
f 2951//2951 2961//2961 2949//2949
f 2953//2953 2964//2964 2965//2965
f 2953//2953 2962//2962 2950//2950
f 2954//2954 2964//2964 2952//2952
f 2968//2968 2955//2955 2967//2967
f 2956//2956 2966//2966 2954//2954
f 2969//2969 2955//2955 2957//2957
f 2970//2970 2957//2957 2958//2958
f 2972//2972 2959//2959 2971//2971
f 2960//2960 2970//2970 2958//2958
f 2973//2973 2575//2575 2961//2961
f 2975//2975 2962//2962 2974//2974
f 2975//2975 2961//2961 2963//2963
f 2977//2977 2964//2964 2976//2976
f 2965//2965 2974//2974 2962//2962
f 2966//2966 2976//2976 2964//2964
f 2980//2980 2967//2967 2979//2979
f 2968//2968 2978//2978 2966//2966
f 2969//2969 2979//2979 2967//2967
f 2982//2982 2969//2969 2970//2970
f 2984//2984 2971//2971 2983//2983
f 2972//2972 2982//2982 2970//2970
f 2985//2985 1064//1064 2781//2781
f 2986//2986 2781//2781 2797//2797
f 2987//2987 1176//1176 1449//1449
f 2988//2988 1449//1449 1451//1451
f 1452//1452 2988//2988 1451//1451
f 1453//1453 2989//2989 1452//1452
f 1454//1454 2990//2990 1453//1453
f 2993//2993 2992//2992 2994//2994
f 2994//2994 1454//1454 1455//1455
f 2995//2995 1455//1455 1456//1456
f 2996//2996 1456//1456 1457//1457
f 2987//2987 2907//2907 2892//2892
f 2988//2988 2997//2997 2987//2987
f 3001//3001 2998//2998 2999//2999
f 3001//3001 2988//2988 2989//2989
f 3002//3002 3001//3001 3003//3003
f 3003//3003 2989//2989 2990//2990
f 3005//3005 3002//3002 3003//3003
f 3005//3005 2991//2991 3004//3004
f 3005//3005 2990//2990 2992//2992
f 2993//2993 3004//3004 2991//2991
f 3007//3007 2993//2993 2994//2994
f 3008//3008 3007//3007 3009//3009
f 2995//2995 3007//3007 2994//2994
f 3010//3010 3009//3009 3011//3011
f 2996//2996 3009//3009 2995//2995
f 3013//3013 2907//2907 2997//2997
f 3015//3015 3012//3012 3013//3013
f 3015//3015 2998//2998 3014//3014
f 3015//3015 2997//2997 2999//2999
f 3016//3016 2998//2998 3000//3000
f 3017//3017 3000//3000 3002//3002
f 3018//3018 3002//3002 3004//3004
f 3006//3006 3018//3018 3004//3004
f 3008//3008 3019//3019 3006//3006
f 3010//3010 3020//3020 3008//3008
f 3022//3022 3010//3010 3011//3011
f 3024//3024 2933//2933 2934//2934
f 3024//3024 3012//3012 3023//3023
f 3024//3024 2919//2919 3013//3013
f 3025//3025 3012//3012 3014//3014
f 3016//3016 3025//3025 3014//3014
f 3017//3017 3026//3026 3016//3016
f 3028//3028 3017//3017 3018//3018
f 3029//3029 3018//3018 3019//3019
f 3030//3030 3019//3019 3020//3020
f 3021//3021 3030//3030 3020//3020
f 3032//3032 3021//3021 3022//3022
f 3033//3033 2933//2933 3023//3023
f 3025//3025 3033//3033 3023//3023
f 3026//3026 3034//3034 3025//3025
f 3027//3027 3035//3035 3026//3026
f 3037//3037 3027//3027 3028//3028
f 3038//3038 3028//3028 3029//3029
f 3039//3039 3029//3029 3030//3030
f 3040//3040 3030//3030 3031//3031
f 3041//3041 2946//2946 3033//3033
f 3034//3034 3041//3041 3033//3033
f 3035//3035 3042//3042 3034//3034
f 3036//3036 3043//3043 3035//3035
f 3037//3037 3044//3044 3036//3036
f 3046//3046 3037//3037 3038//3038
f 3047//3047 3038//3038 3039//3039
f 3048//3048 3039//3039 3040//3040
f 3041//3041 2971//2971 2959//2959
f 3042//3042 3049//3049 3041//3041
f 3043//3043 3050//3050 3042//3042
f 3044//3044 3051//3051 3043//3043
f 3045//3045 3052//3052 3044//3044
f 3046//3046 3053//3053 3045//3045
f 3047//3047 3054//3054 3046//3046
f 3048//3048 3055//3055 3047//3047
f 3049//3049 2983//2983 2971//2971
f 3058//3058 3049//3049 3050//3050
f 3059//3059 3050//3050 3051//3051
f 3060//3060 3051//3051 3052//3052
f 3061//3061 3052//3052 3053//3053
f 3054//3054 3061//3061 3053//3053
f 3055//3055 3062//3062 3054//3054
f 3056//3056 3063//3063 3055//3055
f 1582//1582 2996//2996 1457//1457
f 3066//3066 1582//1582 1583//1583
f 3067//3067 3066//3066 3068//3068
f 1584//1584 3066//3066 1583//1583
f 3069//3069 1584//1584 1585//1585
f 1587//1587 3069//3069 1585//1585
f 3071//3071 1587//1587 1588//1588
f 3072//3072 3071//3071 3073//3073
f 1589//1589 3071//3071 1588//1588
f 1591//1591 3073//3073 1589//1589
f 3075//3075 1591//1591 1592//1592
f 1593//1593 3075//3075 1592//1592
f 3077//3077 1593//1593 1594//1594
f 3078//3078 3077//3077 3079//3079
f 1595//1595 3077//3077 1594//1594
f 3080//3080 1595//1595 1596//1596
f 3081//3081 2996//2996 3065//3065
f 3067//3067 3081//3081 3065//3065
f 3083//3083 3067//3067 3068//3068
f 3084//3084 3083//3083 3085//3085
f 3069//3069 3083//3083 3068//3068
f 3086//3086 3069//3069 3070//3070
f 3072//3072 3086//3086 3070//3070
f 3088//3088 3072//3072 3073//3073
f 3074//3074 3088//3088 3073//3073
f 3090//3090 3074//3074 3075//3075
f 3091//3091 3090//3090 3092//3092
f 3076//3076 3090//3090 3075//3075
f 3078//3078 3092//3092 3076//3076
f 3094//3094 3078//3078 3079//3079
f 3081//3081 3022//3022 3011//3011
f 3096//3096 3081//3081 3082//3082
f 3084//3084 3096//3096 3082//3082
f 3098//3098 3084//3084 3085//3085
f 3099//3099 3098//3098 3100//3100
f 3086//3086 3098//3098 3085//3085
f 3087//3087 3100//3100 3086//3086
f 3102//3102 3087//3087 3088//3088
f 3103//3103 3102//3102 3104//3104
f 3089//3089 3102//3102 3088//3088
f 3091//3091 3104//3104 3089//3089
f 3106//3106 3091//3091 3092//3092
f 3093//3093 3106//3106 3092//3092
f 3094//3094 3107//3107 3093//3093
f 3109//3109 3032//3032 3110//3110
f 3095//3095 3032//3032 3022//3022
f 3111//3111 3095//3095 3096//3096
f 3112//3112 3096//3096 3097//3097
f 3099//3099 3112//3112 3097//3097
f 3114//3114 3099//3099 3100//3100
f 3115//3115 3100//3100 3101//3101
f 3103//3103 3115//3115 3101//3101
f 3117//3117 3103//3103 3104//3104
f 3105//3105 3117//3117 3104//3104
f 3106//3106 3118//3118 3105//3105
f 3107//3107 3119//3119 3106//3106
f 3121//3121 3107//3107 3108//3108
f 3109//3109 3040//3040 3031//3031
f 3123//3123 3109//3109 3110//3110
f 3111//3111 3123//3123 3110//3110
f 3125//3125 3111//3111 3112//3112
f 3113//3113 3125//3125 3112//3112
f 3114//3114 3126//3126 3113//3113
f 3115//3115 3127//3127 3114//3114
f 3116//3116 3128//3128 3115//3115
f 3117//3117 3129//3129 3116//3116
f 3118//3118 3130//3130 3117//3117
f 3132//3132 3118//3118 3119//3119
f 3133//3133 3132//3132 3134//3134
f 3120//3120 3132//3132 3119//3119
f 3122//3122 3048//3048 3040//3040
f 3136//3136 3122//3122 3123//3123
f 3137//3137 3136//3136 3138//3138
f 3124//3124 3136//3136 3123//3123
f 3139//3139 3124//3124 3125//3125
f 3126//3126 3139//3139 3125//3125
f 3127//3127 3140//3140 3126//3126
f 3128//3128 3141//3141 3127//3127
f 3129//3129 3142//3142 3128//3128
f 3130//3130 3143//3143 3129//3129
f 3145//3145 3130//3130 3131//3131
f 3133//3133 3145//3145 3131//3131
f 3147//3147 3133//3133 3134//3134
f 3148//3148 3048//3048 3135//3135
f 3150//3150 3135//3135 3137//3137
f 3150//3150 3149//3149 3148//3148
f 3138//3138 3150//3150 3137//3137
f 3139//3139 3151//3151 3138//3138
f 3153//3153 3139//3139 3140//3140
f 3154//3154 3140//3140 3141//3141
f 3155//3155 3141//3141 3142//3142
f 3156//3156 3142//3142 3143//3143
f 3157//3157 3143//3143 3144//3144
f 3145//3145 3157//3157 3144//3144
f 3160//3160 3145//3145 3146//3146
f 3160//3160 3159//3159 3158//3158
f 3147//3147 3160//3160 3146//3146
f 3162//3162 3056//3056 3148//3148
f 3149//3149 3162//3162 3148//3148
f 3164//3164 3149//3149 3151//3151
f 3152//3152 3164//3164 3151//3151
f 3166//3166 3152//3152 3153//3153
f 3167//3167 3153//3153 3154//3154
f 3168//3168 3154//3154 3155//3155
f 3156//3156 3168//3168 3155//3155
f 3170//3170 3156//3156 3157//3157
f 3171//3171 3157//3157 3158//3158
f 3159//3159 3171//3171 3158//3158
f 3173//3173 3159//3159 3161//3161
f 2580//2580 3175//3175 3176//3176
f 2581//2581 3176//3176 3177//3177
f 2581//2581 3174//3174 2578//2578
f 2583//2583 3178//3178 3179//3179
f 2583//2583 3175//3175 2579//2579
f 3180//3180 3175//3175 3179//3179
f 3177//3177 3182//3182 3183//3183
f 3183//3183 3174//3174 3177//3177
f 3180//3180 3184//3184 3185//3185
f 3180//3180 3182//3182 3176//3176
f 3183//3183 3187//3187 3188//3188
f 3188//3188 3181//3181 3183//3183
f 3190//3190 3184//3184 3189//3189
f 3190//3190 3182//3182 3185//3185
f 3188//3188 3192//3192 3193//3193
f 3188//3188 3191//3191 3186//3186
f 3190//3190 3194//3194 3195//3195
f 3190//3190 3192//3192 3187//3187
f 3196//3196 3192//3192 3195//3195
f 3196//3196 3198//3198 3199//3199
f 3196//3196 3197//3197 3193//3193
f 3199//3199 3201//3201 3202//3202
f 3199//3199 3200//3200 3197//3197
f 2677//2677 3205//3205 3206//3206
f 3207//3207 2677//2677 3206//3206
f 2679//2679 3207//3207 3208//3208
f 2679//2679 3204//3204 2675//2675
f 2681//2681 3209//3209 3210//3210
f 3211//3211 2681//2681 3210//3210
f 2683//2683 3211//3211 3212//3212
f 3212//3212 2676//2676 2683//2683
f 2685//2685 3213//3213 3214//3214
f 2685//2685 3209//3209 2680//2680
f 3215//3215 3209//3209 3214//3214
f 2686//2686 3174//3174 3216//3216
f 3216//3216 2684//2684 2686//2686
f 3206//3206 3217//3217 3218//3218
f 3219//3219 3206//3206 3218//3218
f 3220//3220 3207//3207 3219//3219
f 3211//3211 3221//3221 3222//3222
f 3212//3212 3222//3222 3223//3223
f 3212//3212 3217//3217 3205//3205
f 3224//3224 3217//3217 3223//3223
f 3214//3214 3225//3225 3226//3226
f 3215//3215 3226//3226 3227//3227
f 3215//3215 3221//3221 3210//3210
f 3216//3216 3181//3181 3228//3228
f 3216//3216 3225//3225 3213//3213
f 3229//3229 3225//3225 3228//3228
f 3219//3219 3230//3230 3231//3231
f 3232//3232 3219//3219 3231//3231
f 3222//3222 3233//3233 3234//3234
f 3235//3235 3222//3222 3234//3234
f 3224//3224 3235//3235 3236//3236
f 3224//3224 3230//3230 3218//3218
f 3237//3237 3230//3230 3236//3236
f 3227//3227 3238//3238 3239//3239
f 3227//3227 3233//3233 3221//3221
f 3240//3240 3233//3233 3239//3239
f 3241//3241 3181//3181 3186//3186
f 3229//3229 3241//3241 3242//3242
f 3229//3229 3238//3238 3226//3226
f 3232//3232 3243//3243 3244//3244
f 3235//3235 3245//3245 3246//3246
f 3247//3247 3235//3235 3246//3246
f 3237//3237 3247//3247 3248//3248
f 3237//3237 3243//3243 3231//3231
f 3249//3249 3243//3243 3248//3248
f 3239//3239 3250//3250 3251//3251
f 3240//3240 3251//3251 3252//3252
f 3240//3240 3245//3245 3234//3234
f 3253//3253 3245//3245 3252//3252
f 3241//3241 3191//3191 3254//3254
f 3242//3242 3254//3254 3255//3255
f 3242//3242 3250//3250 3238//3238
f 3256//3256 3250//3250 3255//3255
f 3257//3257 3191//3191 3193//3193
f 3247//3247 3259//3259 3260//3260
f 3261//3261 3247//3247 3260//3260
f 3249//3249 3261//3261 3262//3262
f 3249//3249 3258//3258 3244//3244
f 3252//3252 3263//3263 3264//3264
f 3253//3253 3264//3264 3265//3265
f 3253//3253 3259//3259 3246//3246
f 3266//3266 3259//3259 3265//3265
f 3255//3255 3267//3267 3268//3268
f 3256//3256 3268//3268 3269//3269
f 3256//3256 3263//3263 3251//3251
f 3257//3257 3197//3197 3270//3270
f 3257//3257 3267//3267 3254//3254
f 3271//3271 3267//3267 3270//3270
f 3261//3261 3272//3272 3273//3273
f 3274//3274 3261//3261 3273//3273
f 3264//3264 3275//3275 3276//3276
f 3277//3277 3264//3264 3276//3276
f 3266//3266 3277//3277 3278//3278
f 3266//3266 3272//3272 3260//3260
f 3279//3279 3272//3272 3278//3278
f 3269//3269 3280//3280 3281//3281
f 3269//3269 3275//3275 3263//3263
f 3282//3282 3275//3275 3281//3281
f 3270//3270 3200//3200 3283//3283
f 3271//3271 3283//3283 3284//3284
f 3271//3271 3280//3280 3268//3268
f 3285//3285 3200//3200 3202//3202
f 3274//3274 3286//3286 3287//3287
f 3277//3277 3288//3288 3289//3289
f 3290//3290 3277//3277 3289//3289
f 3279//3279 3290//3290 3291//3291
f 3279//3279 3286//3286 3273//3273
f 3292//3292 3286//3286 3291//3291
f 3281//3281 3293//3293 3294//3294
f 3282//3282 3294//3294 3295//3295
f 3282//3282 3288//3288 3276//3276
f 3296//3296 3288//3288 3295//3295
f 3284//3284 3297//3297 3298//3298
f 3284//3284 3293//3293 3280//3280
f 3299//3299 3293//3293 3298//3298
f 3300//3300 3294//3294 3299//3299
f 3285//3285 3203//3203 3301//3301
f 3285//3285 3297//3297 3283//3283
f 3302//3302 3297//3297 3301//3301
f 3290//3290 3303//3303 3304//3304
f 3305//3305 3290//3290 3304//3304
f 3292//3292 3305//3305 3306//3306
f 3296//3296 3307//3307 3308//3308
f 3296//3296 3303//3303 3289//3289
f 3309//3309 3303//3303 3308//3308
f 3309//3309 3305//3305 3304//3304
f 3311//3311 3305//3305 3310//3310
f 3299//3299 3312//3312 3313//3313
f 3300//3300 3313//3313 3314//3314
f 3300//3300 3307//3307 3295//3295
f 3315//3315 3307//3307 3314//3314
f 3302//3302 3316//3316 3317//3317
f 3302//3302 3312//3312 3298//3298
f 3318//3318 3312//3312 3317//3317
f 2758//2758 3204//3204 3319//3319
f 2759//2759 3319//3319 3320//3320
f 3321//3321 2759//2759 3320//3320
f 3322//3322 2760//2760 3321//3321
f 2762//2762 3322//3322 3323//3323
f 3324//3324 2762//2762 3323//3323
f 3325//3325 3204//3204 3208//3208
f 3326//3326 3324//3324 3323//3323
f 2765//2765 3324//3324 3327//3327
f 3328//3328 2765//2765 3327//3327
f 2767//2767 3328//3328 3329//3329
f 3320//3320 3330//3330 3331//3331
f 3321//3321 3331//3331 3332//3332
f 3333//3333 3321//3321 3332//3332
f 3334//3334 3322//3322 3333//3333
f 3325//3325 3220//3220 3335//3335
f 3325//3325 3330//3330 3319//3319
f 3336//3336 3330//3330 3335//3335
f 3336//3336 3332//3332 3331//3331
f 3338//3338 3332//3332 3337//3337
f 3338//3338 3334//3334 3333//3333
f 3326//3326 3334//3334 3339//3339
f 3340//3340 3326//3326 3339//3339
f 3341//3341 3327//3327 3340//3340
f 3329//3329 3341//3341 3342//3342
f 3343//3343 3220//3220 3232//3232
f 3336//3336 3343//3343 3344//3344
f 3337//3337 3344//3344 3345//3345
f 3346//3346 3337//3337 3345//3345
f 3347//3347 3338//3338 3346//3346
f 3348//3348 3339//3339 3347//3347
f 3341//3341 3348//3348 3349//3349
f 3342//3342 3349//3349 3350//3350
f 3352//3352 3232//3232 3244//3244
f 3353//3353 3343//3343 3352//3352
f 3354//3354 3344//3344 3353//3353
f 3346//3346 3354//3354 3355//3355
f 3347//3347 3355//3355 3356//3356
f 3348//3348 3356//3356 3357//3357
f 3349//3349 3357//3357 3358//3358
f 3359//3359 3349//3349 3358//3358
f 3360//3360 3359//3359 3358//3358
f 3351//3351 3359//3359 3361//3361
f 3352//3352 3258//3258 3362//3362
f 3353//3353 3362//3362 3363//3363
f 3354//3354 3363//3363 3364//3364
f 3365//3365 3354//3354 3364//3364
f 3366//3366 3355//3355 3365//3365
f 3367//3367 3356//3356 3366//3366
f 3368//3368 3357//3357 3367//3367
f 3369//3369 3258//3258 3262//3262
f 3369//3369 3363//3363 3362//3362
f 3371//3371 3363//3363 3370//3370
f 3372//3372 3367//3367 3366//3366
f 3373//3373 3368//3368 3367//3367
f 3360//3360 3368//3368 3374//3374
f 3375//3375 3360//3360 3374//3374
f 3365//3365 3376//3376 3377//3377
f 3378//3378 3365//3365 3377//3377
f 3369//3369 3274//3274 3379//3379
f 3370//3370 3379//3379 3380//3380
f 3371//3371 3380//3380 3381//3381
f 3371//3371 3376//3376 3364//3364
f 3382//3382 3376//3376 3381//3381
f 3382//3382 3378//3378 3377//3377
f 3372//3372 3378//3378 3383//3383
f 3384//3384 3372//3372 3383//3383
f 3385//3385 3373//3373 3384//3384
f 3375//3375 3385//3385 3386//3386
f 3379//3379 3287//3287 3388//3388
f 3380//3380 3388//3388 3389//3389
f 3390//3390 3380//3380 3389//3389
f 3382//3382 3390//3390 3391//3391
f 3392//3392 3382//3382 3391//3391
f 3384//3384 3392//3392 3393//3393
f 3394//3394 3384//3384 3393//3393
f 3395//3395 3385//3385 3394//3394
f 3292//3292 3388//3388 3287//3287
f 3397//3397 3388//3388 3396//3396
f 3398//3398 3392//3392 3391//3391
f 3400//3400 3392//3392 3399//3399
f 3401//3401 3393//3393 3400//3400
f 3401//3401 3395//3395 3394//3394
f 3387//3387 3395//3395 3402//3402
f 3390//3390 3403//3403 3404//3404
f 3405//3405 3390//3390 3404//3404
f 3406//3406 3292//3292 3306//3306
f 3397//3397 3406//3406 3407//3407
f 3397//3397 3403//3403 3389//3389
f 3408//3408 3403//3403 3407//3407
f 3408//3408 3405//3405 3404//3404
f 3398//3398 3405//3405 3409//3409
f 3410//3410 3398//3398 3409//3409
f 3411//3411 3399//3399 3410//3410
f 3401//3401 3411//3411 3412//3412
f 3413//3413 3401//3401 3412//3412
f 3414//3414 3413//3413 3412//3412
f 2865//2865 3329//3329 3416//3416
f 3417//3417 2865//2865 3416//3416
f 3418//3418 2866//2866 3417//3417
f 3419//3419 2867//2867 3418//3418
f 2869//2869 3419//3419 3420//3420
f 3421//3421 2869//2869 3420//3420
f 3422//3422 2870//2870 3421//3421
f 2872//2872 3422//3422 3423//3423
f 3424//3424 2872//2872 3423//3423
f 3425//3425 2873//2873 3424//3424
f 3426//3426 2874//2874 3425//3425
f 3427//3427 2875//2875 3426//3426
f 3428//3428 2876//2876 3427//3427
f 3416//3416 3342//3342 3429//3429
f 3430//3430 3416//3416 3429//3429
f 3431//3431 3430//3430 3429//3429
f 3418//3418 3430//3430 3432//3432
f 3419//3419 3432//3432 3433//3433
f 3434//3434 3419//3419 3433//3433
f 3435//3435 3434//3434 3433//3433
f 3421//3421 3434//3434 3436//3436
f 3437//3437 3421//3421 3436//3436
f 3438//3438 3422//3422 3437//3437
f 3439//3439 3438//3438 3437//3437
f 3424//3424 3438//3438 3440//3440
f 3441//3441 3424//3424 3440//3440
f 3442//3442 3425//3425 3441//3441
f 3443//3443 3426//3426 3442//3442
f 3444//3444 3427//3427 3443//3443
f 3445//3445 3342//3342 3350//3350
f 3351//3351 3445//3445 3350//3350
f 3431//3431 3445//3445 3446//3446
f 3447//3447 3431//3431 3446//3446
f 3433//3433 3447//3447 3448//3448
f 3435//3435 3448//3448 3449//3449
f 3450//3450 3435//3435 3449//3449
f 3451//3451 3436//3436 3450//3450
f 3439//3439 3451//3451 3452//3452
f 3453//3453 3439//3439 3452//3452
f 3454//3454 3440//3440 3453//3453
f 3455//3455 3454//3454 3453//3453
f 3442//3442 3454//3454 3456//3456
f 3457//3457 3442//3442 3456//3456
f 3458//3458 3457//3457 3456//3456
f 3444//3444 3457//3457 3459//3459
f 3460//3460 3351//3351 3361//3361
f 3447//3447 3460//3460 3461//3461
f 3462//3462 3447//3447 3461//3461
f 3463//3463 3462//3462 3461//3461
f 3449//3449 3462//3462 3464//3464
f 3465//3465 3449//3449 3464//3464
f 3466//3466 3450//3450 3465//3465
f 3467//3467 3466//3466 3465//3465
f 3452//3452 3466//3466 3468//3468
f 3469//3469 3452//3452 3468//3468
f 3455//3455 3469//3469 3470//3470
f 3471//3471 3455//3455 3470//3470
f 3458//3458 3471//3471 3472//3472
f 3473//3473 3458//3458 3472//3472
f 3460//3460 3375//3375 3474//3474
f 3475//3475 3460//3460 3474//3474
f 3476//3476 3475//3475 3474//3474
f 3463//3463 3475//3475 3477//3477
f 3478//3478 3463//3463 3477//3477
f 3479//3479 3464//3464 3478//3478
f 3480//3480 3479//3479 3478//3478
f 3467//3467 3479//3479 3481//3481
f 3482//3482 3467//3467 3481//3481
f 3483//3483 3468//3468 3482//3482
f 3484//3484 3483//3483 3482//3482
f 3470//3470 3483//3483 3485//3485
f 3486//3486 3470//3470 3485//3485
f 3487//3487 3486//3486 3485//3485
f 3472//3472 3486//3486 3488//3488
f 3489//3489 3472//3472 3488//3488
f 3490//3490 3375//3375 3386//3386
f 3387//3387 3490//3490 3386//3386
f 3476//3476 3490//3490 3491//3491
f 3492//3492 3476//3476 3491//3491
f 3493//3493 3477//3477 3492//3492
f 3494//3494 3493//3493 3492//3492
f 3480//3480 3493//3493 3495//3495
f 3496//3496 3480//3480 3495//3495
f 3497//3497 3481//3481 3496//3496
f 3498//3498 3497//3497 3496//3496
f 3484//3484 3497//3497 3499//3499
f 3500//3500 3484//3484 3499//3499
f 3487//3487 3500//3500 3501//3501
f 3502//3502 3487//3487 3501//3501
f 3503//3503 3387//3387 3402//3402
f 3504//3504 3491//3491 3503//3503
f 3505//3505 3504//3504 3503//3503
f 3494//3494 3504//3504 3506//3506
f 3507//3507 3494//3494 3506//3506
f 3508//3508 3495//3495 3507//3507
f 3509//3509 3508//3508 3507//3507
f 3498//3498 3508//3508 3510//3510
f 3511//3511 3498//3498 3510//3510
f 3512//3512 3499//3499 3511//3511
f 3513//3513 3512//3512 3511//3511
f 3501//3501 3512//3512 3514//3514
f 3515//3515 3501//3501 3514//3514
f 3516//3516 3402//3402 3413//3413
f 3415//3415 3516//3516 3413//3413
f 3505//3505 3516//3516 3517//3517
f 3518//3518 3505//3505 3517//3517
f 3519//3519 3506//3506 3518//3518
f 3520//3520 3519//3519 3518//3518
f 3509//3509 3519//3519 3521//3521
f 3522//3522 3509//3509 3521//3521
f 3523//3523 3510//3510 3522//3522
f 3524//3524 3523//3523 3522//3522
f 3513//3513 3523//3523 3525//3525
f 3526//3526 3513//3513 3525//3525
f 2973//2973 3178//3178 2582//2582
f 3528//3528 3178//3178 3527//3527
f 3530//3530 2974//2974 3529//3529
f 3530//3530 2973//2973 2975//2975
f 2977//2977 3531//3531 3532//3532
f 2977//2977 3529//3529 2974//2974
f 2978//2978 3531//3531 2976//2976
f 3534//3534 3531//3531 3533//3533
f 2980//2980 3535//3535 3536//3536
f 2980//2980 3533//3533 2978//2978
f 2981//2981 3535//3535 2979//2979
f 3538//3538 3535//3535 3537//3537
f 3539//3539 2981//2981 2982//2982
f 2984//2984 3540//3540 3541//3541
f 2984//2984 3539//3539 2982//2982
f 3528//3528 3542//3542 3543//3543
f 3528//3528 3184//3184 3179//3179
f 3545//3545 3529//3529 3544//3544
f 3530//3530 3542//3542 3527//3527
f 3546//3546 3529//3529 3532//3532
f 3534//3534 3547//3547 3548//3548
f 3534//3534 3546//3546 3532//3532
f 3536//3536 3547//3547 3533//3533
f 3538//3538 3550//3550 3551//3551
f 3538//3538 3549//3549 3536//3536
f 3539//3539 3550//3550 3537//3537
f 3553//3553 3539//3539 3541//3541
f 3555//3555 3542//3542 3554//3554
f 3543//3543 3189//3189 3184//3184
f 3545//3545 3556//3556 3557//3557
f 3545//3545 3554//3554 3542//3542
f 3546//3546 3556//3556 3544//3544
f 3559//3559 3556//3556 3558//3558
f 3561//3561 3547//3547 3560//3560
f 3561//3561 3546//3546 3548//3548
f 3549//3549 3560//3560 3547//3547
f 3551//3551 3563//3563 3564//3564
f 3551//3551 3562//3562 3549//3549
f 3552//3552 3563//3563 3550//3550
f 3566//3566 3563//3563 3565//3565
f 3567//3567 3552//3552 3553//3553
f 3555//3555 3568//3568 3569//3569
f 3555//3555 3194//3194 3189//3189
f 3570//3570 3194//3194 3569//3569
f 3557//3557 3568//3568 3554//3554
f 3572//3572 3568//3568 3571//3571
f 3559//3559 3573//3573 3574//3574
f 3559//3559 3571//3571 3557//3557
f 3561//3561 3575//3575 3576//3576
f 3561//3561 3573//3573 3558//3558
f 3562//3562 3575//3575 3560//3560
f 3578//3578 3575//3575 3577//3577
f 3579//3579 3562//3562 3564//3564
f 3566//3566 3580//3580 3581//3581
f 3566//3566 3579//3579 3564//3564
f 3567//3567 3580//3580 3565//3565
f 3583//3583 3580//3580 3582//3582
f 3570//3570 3584//3584 3585//3585
f 3570//3570 3198//3198 3195//3195
f 3572//3572 3586//3586 3587//3587
f 3572//3572 3584//3584 3569//3569
f 3574//3574 3588//3588 3589//3589
f 3574//3574 3586//3586 3571//3571
f 3590//3590 3586//3586 3589//3589
f 3576//3576 3588//3588 3573//3573
f 3592//3592 3588//3588 3591//3591
f 3578//3578 3593//3593 3594//3594
f 3578//3578 3591//3591 3576//3576
f 3579//3579 3593//3593 3577//3577
f 3596//3596 3593//3593 3595//3595
f 3597//3597 3579//3579 3581//3581
f 3583//3583 3598//3598 3599//3599
f 3583//3583 3597//3597 3581//3581
f 3585//3585 3600//3600 3601//3601
f 3585//3585 3201//3201 3198//3198
f 3602//3602 3201//3201 3601//3601
f 3587//3587 3600//3600 3584//3584
f 3604//3604 3600//3600 3603//3603
f 3590//3590 3605//3605 3606//3606
f 3590//3590 3603//3603 3587//3587
f 3592//3592 3607//3607 3608//3608
f 3592//3592 3605//3605 3589//3589
f 3594//3594 3607//3607 3591//3591
f 3610//3610 3607//3607 3609//3609
f 3596//3596 3611//3611 3612//3612
f 3596//3596 3609//3609 3594//3594
f 3597//3597 3611//3611 3595//3595
f 3614//3614 3611//3611 3613//3613
f 3615//3615 3597//3597 3599//3599
f 3602//3602 3616//3616 3617//3617
f 3602//3602 3203//3203 3202//3202
f 3604//3604 3618//3618 3619//3619
f 3604//3604 3616//3616 3601//3601
f 3620//3620 3616//3616 3619//3619
f 3606//3606 3621//3621 3622//3622
f 3606//3606 3618//3618 3603//3603
f 3623//3623 3618//3618 3622//3622
f 3608//3608 3621//3621 3605//3605
f 3625//3625 3621//3621 3624//3624
f 3610//3610 3626//3626 3627//3627
f 3610//3610 3624//3624 3608//3608
f 3612//3612 3626//3626 3609//3609
f 3629//3629 3626//3626 3628//3628
f 3614//3614 3630//3630 3631//3631
f 3614//3614 3628//3628 3612//3612
f 3615//3615 3630//3630 3613//3613
f 3633//3633 3630//3630 3632//3632
f 3620//3620 3635//3635 3636//3636
f 3620//3620 3634//3634 3617//3617
f 3623//3623 3637//3637 3638//3638
f 3623//3623 3635//3635 3619//3619
f 3639//3639 3635//3635 3638//3638
f 3625//3625 3640//3640 3641//3641
f 3625//3625 3637//3637 3622//3622
f 3642//3642 3637//3637 3641//3641
f 3627//3627 3640//3640 3624//3624
f 3644//3644 3640//3640 3643//3643
f 3629//3629 3645//3645 3646//3646
f 3629//3629 3643//3643 3627//3627
f 3647//3647 3643//3643 3646//3646
f 3631//3631 3645//3645 3628//3628
f 3649//3649 3645//3645 3648//3648
f 3633//3633 3648//3648 3631//3631
f 3651//3651 3648//3648 3650//3650
f 3652//3652 3203//3203 3617//3617
f 3652//3652 3634//3634 3653//3653
f 3652//3652 3316//3316 3301//3301
f 3654//3654 3316//3316 3653//3653
f 3655//3655 3473//3473 3656//3656
f 3657//3657 3489//3489 3488//3488
f 3656//3656 3489//3489 3658//3658
f 3657//3657 3502//3502 3660//3660
f 3661//3661 3657//3657 3660//3660
f 3659//3659 3661//3661 3662//3662
f 3663//3663 3515//3515 3514//3514
f 3660//3660 3515//3515 3664//3664
f 3665//3665 3660//3660 3664//3664
f 3666//3666 3665//3665 3664//3664
f 3662//3662 3665//3665 3667//3667
f 3669//3669 3526//3526 3525//3525
f 3663//3663 3526//3526 3670//3670
f 3671//3671 3663//3663 3670//3670
f 3672//3672 3671//3671 3670//3670
f 3666//3666 3671//3671 3673//3673
f 3674//3674 3666//3666 3673//3673
f 3675//3675 3674//3674 3673//3673
f 3668//3668 3674//3674 3676//3676
f 3057//3057 3540//3540 2983//2983
f 3679//3679 3540//3540 3678//3678
f 3680//3680 3057//3057 3058//3058
f 3681//3681 3058//3058 3059//3059
f 3682//3682 3059//3059 3060//3060
f 3683//3683 3060//3060 3061//3061
f 3062//3062 3683//3683 3061//3061
f 3063//3063 3684//3684 3062//3062
f 3064//3064 3685//3685 3063//3063
f 3679//3679 3687//3687 3688//3688
f 3679//3679 3553//3553 3541//3541
f 3680//3680 3687//3687 3678//3678
f 3690//3690 3687//3687 3689//3689
f 3691//3691 3680//3680 3681//3681
f 3692//3692 3681//3681 3682//3682
f 3693//3693 3682//3682 3683//3683
f 3684//3684 3693//3693 3683//3683
f 3685//3685 3694//3694 3684//3684
f 3697//3697 3685//3685 3686//3686
f 3697//3697 3696//3696 3695//3695
f 3699//3699 3553//3553 3688//3688
f 3690//3690 3700//3700 3701//3701
f 3690//3690 3699//3699 3688//3688
f 3691//3691 3700//3700 3689//3689
f 3703//3703 3700//3700 3702//3702
f 3692//3692 3702//3702 3691//3691
f 3704//3704 3703//3703 3702//3702
f 3706//3706 3692//3692 3693//3693
f 3707//3707 3704//3704 3706//3706
f 3708//3708 3693//3693 3694//3694
f 3709//3709 3706//3706 3708//3708
f 3710//3710 3694//3694 3695//3695
f 3710//3710 3709//3709 3708//3708
f 3696//3696 3710//3710 3695//3695
f 3712//3712 3696//3696 3698//3698
f 3713//3713 3567//3567 3699//3699
f 3714//3714 3699//3699 3701//3701
f 3703//3703 3714//3714 3701//3701
f 3705//3705 3715//3715 3703//3703
f 3717//3717 3705//3705 3707//3707
f 3718//3718 3707//3707 3709//3709
f 3719//3719 3709//3709 3711//3711
f 3712//3712 3719//3719 3711//3711
f 3713//3713 3598//3598 3582//3582
f 3722//3722 3598//3598 3721//3721
f 3714//3714 3721//3721 3713//3713
f 3724//3724 3721//3721 3723//3723
f 3725//3725 3714//3714 3715//3715
f 3726//3726 3715//3715 3716//3716
f 3727//3727 3716//3716 3717//3717
f 3718//3718 3727//3727 3717//3717
f 3719//3719 3728//3728 3718//3718
f 3720//3720 3729//3729 3719//3719
f 3722//3722 3615//3615 3599//3599
f 3724//3724 3733//3733 3734//3734
f 3724//3724 3732//3732 3722//3722
f 3725//3725 3733//3733 3723//3723
f 3736//3736 3733//3733 3735//3735
f 3726//3726 3735//3735 3725//3725
f 3737//3737 3736//3736 3735//3735
f 3739//3739 3726//3726 3727//3727
f 3740//3740 3737//3737 3739//3739
f 3741//3741 3727//3727 3728//3728
f 3742//3742 3739//3739 3741//3741
f 3743//3743 3728//3728 3729//3729
f 3744//3744 3741//3741 3743//3743
f 3745//3745 3729//3729 3730//3730
f 3745//3745 3744//3744 3743//3743
f 3731//3731 3745//3745 3730//3730
f 3732//3732 3632//3632 3615//3615
f 3747//3747 3633//3633 3632//3632
f 3749//3749 3732//3732 3734//3734
f 3750//3750 3747//3747 3749//3749
f 3751//3751 3734//3734 3736//3736
f 3738//3738 3751//3751 3736//3736
f 3753//3753 3738//3738 3740//3740
f 3754//3754 3740//3740 3742//3742
f 3744//3744 3754//3754 3742//3742
f 3756//3756 3744//3744 3746//3746
f 3758//3758 3633//3633 3748//3748
f 3750//3750 3759//3759 3760//3760
f 3750//3750 3758//3758 3748//3748
f 3751//3751 3759//3759 3749//3749
f 3762//3762 3759//3759 3761//3761
f 3752//3752 3761//3761 3751//3751
f 3763//3763 3762//3762 3761//3761
f 3753//3753 3763//3763 3752//3752
f 3766//3766 3763//3763 3765//3765
f 3754//3754 3765//3765 3753//3753
f 3768//3768 3765//3765 3767//3767
f 3769//3769 3754//3754 3755//3755
f 3770//3770 3767//3767 3769//3769
f 3771//3771 3755//3755 3756//3756
f 3771//3771 3770//3770 3769//3769
f 3757//3757 3771//3771 3756//3756
f 3773//3773 3064//3064 3162//3162
f 3774//3774 3162//3162 3163//3163
f 3775//3775 3163//3163 3164//3164
f 3165//3165 3775//3775 3164//3164
f 3777//3777 3165//3165 3166//3166
f 3778//3778 3166//3166 3167//3167
f 3779//3779 3167//3167 3168//3168
f 3780//3780 3168//3168 3169//3169
f 3781//3781 3169//3169 3170//3170
f 3782//3782 3170//3170 3171//3171
f 3783//3783 3171//3171 3172//3172
f 3173//3173 3783//3783 3172//3172
f 3785//3785 3686//3686 3773//3773
f 3785//3785 3698//3698 3697//3697
f 3774//3774 3785//3785 3773//3773
f 3787//3787 3774//3774 3775//3775
f 3776//3776 3787//3787 3775//3775
f 3790//3790 3776//3776 3777//3777
f 3790//3790 3789//3789 3788//3788
f 3778//3778 3790//3790 3777//3777
f 3792//3792 3778//3778 3779//3779
f 3794//3794 3779//3779 3780//3780
f 3794//3794 3793//3793 3792//3792
f 3781//3781 3794//3794 3780//3780
f 3796//3796 3781//3781 3782//3782
f 3797//3797 3782//3782 3783//3783
f 3784//3784 3797//3797 3783//3783
f 3800//3800 3698//3698 3786//3786
f 3787//3787 3800//3800 3786//3786
f 3803//3803 3787//3787 3788//3788
f 3803//3803 3802//3802 3801//3801
f 3789//3789 3803//3803 3788//3788
f 3805//3805 3789//3789 3791//3791
f 3806//3806 3791//3791 3792//3792
f 3793//3793 3806//3806 3792//3792
f 3808//3808 3793//3793 3795//3795
f 3810//3810 3795//3795 3796//3796
f 3810//3810 3809//3809 3808//3808
f 3797//3797 3810//3810 3796//3796
f 3812//3812 3797//3797 3798//3798
f 3799//3799 3812//3812 3798//3798
f 3800//3800 3720//3720 3712//3712
f 3816//3816 3800//3800 3801//3801
f 3816//3816 3815//3815 3814//3814
f 3802//3802 3816//3816 3801//3801
f 3818//3818 3802//3802 3804//3804
f 3805//3805 3818//3818 3804//3804
f 3821//3821 3805//3805 3806//3806
f 3821//3821 3820//3820 3819//3819
f 3807//3807 3821//3821 3806//3806
f 3823//3823 3807//3807 3808//3808
f 3809//3809 3823//3823 3808//3808
f 3825//3825 3809//3809 3811//3811
f 3827//3827 3811//3811 3812//3812
f 3827//3827 3826//3826 3825//3825
f 3813//3813 3827//3827 3812//3812
f 3829//3829 3720//3720 3814//3814
f 3829//3829 3731//3731 3730//3730
f 3815//3815 3829//3829 3814//3814
f 3831//3831 3815//3815 3817//3817
f 3818//3818 3831//3831 3817//3817
f 3834//3834 3818//3818 3819//3819
f 3834//3834 3833//3833 3832//3832
f 3820//3820 3834//3834 3819//3819
f 3836//3836 3820//3820 3822//3822
f 3838//3838 3822//3822 3823//3823
f 3838//3838 3837//3837 3836//3836
f 3824//3824 3838//3838 3823//3823
f 3840//3840 3824//3824 3825//3825
f 3826//3826 3840//3840 3825//3825
f 3842//3842 3826//3826 3828//3828
f 3844//3844 3731//3731 3830//3830
f 3831//3831 3844//3844 3830//3830
f 3847//3847 3831//3831 3832//3832
f 3847//3847 3846//3846 3845//3845
f 3833//3833 3847//3847 3832//3832
f 3849//3849 3833//3833 3835//3835
f 3851//3851 3835//3835 3836//3836
f 3851//3851 3850//3850 3849//3849
f 3837//3837 3851//3851 3836//3836
f 3853//3853 3837//3837 3839//3839
f 3855//3855 3839//3839 3840//3840
f 3855//3855 3854//3854 3853//3853
f 3841//3841 3855//3855 3840//3840
f 3858//3858 3841//3841 3842//3842
f 3858//3858 3857//3857 3856//3856
f 3843//3843 3858//3858 3842//3842
f 3861//3861 3746//3746 3844//3844
f 3861//3861 3757//3757 3756//3756
f 3863//3863 3844//3844 3845//3845
f 3863//3863 3862//3862 3861//3861
f 3846//3846 3863//3863 3845//3845
f 3865//3865 3846//3846 3848//3848
f 3867//3867 3848//3848 3849//3849
f 3867//3867 3866//3866 3865//3865
f 3850//3850 3867//3867 3849//3849
f 3869//3869 3850//3850 3852//3852
f 3871//3871 3852//3852 3853//3853
f 3871//3871 3870//3870 3869//3869
f 3854//3854 3871//3871 3853//3853
f 3874//3874 3854//3854 3856//3856
f 3874//3874 3873//3873 3872//3872
f 3857//3857 3874//3874 3856//3856
f 3876//3876 3857//3857 3859//3859
f 3860//3860 3876//3876 3859//3859
f 3878//3878 3757//3757 3862//3862
f 3880//3880 3862//3862 3864//3864
f 3880//3880 3879//3879 3878//3878
f 3882//3882 3864//3864 3865//3865
f 3882//3882 3881//3881 3880//3880
f 3866//3866 3882//3882 3865//3865
f 3884//3884 3866//3866 3868//3868
f 3886//3886 3868//3868 3869//3869
f 3886//3886 3885//3885 3884//3884
f 3870//3870 3886//3886 3869//3869
f 3889//3889 3870//3870 3872//3872
f 3889//3889 3888//3888 3887//3887
f 3873//3873 3889//3889 3872//3872
f 3891//3891 3873//3873 3875//3875
f 3893//3893 3875//3875 3876//3876
f 3893//3893 3892//3892 3891//3891
f 3877//3877 3893//3893 3876//3876
f 3902//3902 3898//3898 3900//3900
f 3908//3908 3904//3904 3907//3907
f 3908//3908 3901//3901 3902//3902
f 3908//3908 3900//3900 3905//3905
f 3914//3914 3910//3910 3913//3913
f 3914//3914 3904//3904 3905//3905
f 3914//3914 3903//3903 3911//3911
f 3917//3917 3912//3912 3916//3916
f 3917//3917 3906//3906 3907//3907
f 3917//3917 3904//3904 3913//3913
f 3309//3309 3919//3919 3920//3920
f 3310//3310 3920//3920 3921//3921
f 3311//3311 3921//3921 3922//3922
f 3311//3311 3918//3918 3306//3306
f 3314//3314 3923//3923 3924//3924
f 3315//3315 3924//3924 3925//3925
f 3315//3315 3919//3919 3308//3308
f 3926//3926 3919//3919 3925//3925
f 3927//3927 3920//3920 3926//3926
f 3318//3318 3928//3928 3929//3929
f 3318//3318 3923//3923 3313//3313
f 3930//3930 3923//3923 3929//3929
f 3922//3922 3931//3931 3932//3932
f 3925//3925 3933//3933 3934//3934
f 3926//3926 3934//3934 3935//3935
f 3927//3927 3935//3935 3936//3936
f 3927//3927 3931//3931 3921//3921
f 3937//3937 3931//3931 3936//3936
f 3930//3930 3938//3938 3939//3939
f 3930//3930 3933//3933 3924//3924
f 3940//3940 3933//3933 3939//3939
f 3941//3941 3934//3934 3940//3940
f 3936//3936 3942//3942 3943//3943
f 3937//3937 3943//3943 3944//3944
f 3940//3940 3945//3945 3946//3946
f 3941//3941 3946//3946 3947//3947
f 3941//3941 3942//3942 3935//3935
f 3948//3948 3942//3942 3947//3947
f 3948//3948 3944//3944 3943//3943
f 3948//3948 3950//3950 3951//3951
f 3952//3952 3948//3948 3951//3951
f 3406//3406 3918//3918 3953//3953
f 3954//3954 3406//3406 3953//3953
f 3408//3408 3954//3954 3955//3955
f 3956//3956 3408//3408 3955//3955
f 3410//3410 3956//3956 3957//3957
f 3958//3958 3410//3410 3957//3957
f 3959//3959 3411//3411 3958//3958
f 3960//3960 3918//3918 3922//3922
f 3960//3960 3954//3954 3953//3953
f 3961//3961 3955//3955 3954//3954
f 3962//3962 3956//3956 3955//3955
f 3964//3964 3956//3956 3963//3963
f 3965//3965 3957//3957 3964//3964
f 3965//3965 3959//3959 3958//3958
f 3414//3414 3959//3959 3966//3966
f 3967//3967 3414//3414 3966//3966
f 3960//3960 3932//3932 3969//3969
f 3961//3961 3969//3969 3970//3970
f 3962//3962 3970//3970 3971//3971
f 3963//3963 3971//3971 3972//3972
f 3973//3973 3963//3963 3972//3972
f 3974//3974 3964//3964 3973//3973
f 3975//3975 3965//3965 3974//3974
f 3976//3976 3966//3966 3975//3975
f 3937//3937 3969//3969 3932//3932
f 3977//3977 3970//3970 3969//3969
f 3978//3978 3971//3971 3970//3970
f 3980//3980 3971//3971 3979//3979
f 3981//3981 3972//3972 3980//3980
f 3982//3982 3973//3973 3981//3981
f 3983//3983 3974//3974 3982//3982
f 3983//3983 3976//3976 3975//3975
f 3968//3968 3976//3976 3984//3984
f 3977//3977 3944//3944 3985//3985
f 3978//3978 3985//3985 3986//3986
f 3979//3979 3986//3986 3987//3987
f 3988//3988 3979//3979 3987//3987
f 3989//3989 3980//3980 3988//3988
f 3990//3990 3981//3981 3989//3989
f 3991//3991 3982//3982 3990//3990
f 3992//3992 3983//3983 3991//3991
f 3949//3949 3985//3985 3944//3944
f 3993//3993 3986//3986 3985//3985
f 3995//3995 3986//3986 3994//3994
f 3996//3996 3989//3989 3988//3988
f 3998//3998 3989//3989 3997//3997
f 3999//3999 3990//3990 3998//3998
f 3999//3999 3992//3992 3991//3991
f 4002//4002 3987//3987 4001//4001
f 3993//3993 3952//3952 4003//4003
f 3994//3994 4003//4003 4004//4004
f 3995//3995 4004//4004 4005//4005
f 3995//3995 4001//4001 3987//3987
f 4006//4006 4001//4001 4005//4005
f 3996//3996 4002//4002 4006//4006
f 4007//4007 3996//3996 4006//4006
f 3998//3998 4007//4007 4008//4008
f 3999//3999 4008//4008 4009//4009
f 4010//4010 3999//3999 4009//4009
f 4005//4005 4011//4011 4012//4012
f 4013//4013 3415//3415 3967//3967
f 4014//4014 3517//3517 4013//4013
f 3968//3968 4013//4013 3967//3967
f 4015//4015 4014//4014 4013//4013
f 3520//3520 4014//4014 4016//4016
f 4017//4017 3520//3520 4016//4016
f 4018//4018 3521//3521 4017//4017
f 4019//4019 4017//4017 4016//4016
f 4020//4020 4018//4018 4017//4017
f 3524//3524 4018//4018 4021//4021
f 4022//4022 3524//3524 4021//4021
f 4023//4023 3968//3968 3984//3984
f 4024//4024 4015//4015 4023//4023
f 4025//4025 4024//4024 4023//4023
f 4019//4019 4024//4024 4026//4026
f 4027//4027 4019//4019 4026//4026
f 4028//4028 4020//4020 4027//4027
f 4029//4029 3984//3984 3992//3992
f 4000//4000 4029//4029 3992//3992
f 4025//4025 4029//4029 4030//4030
f 4031//4031 4025//4025 4030//4030
f 3636//3636 4032//4032 3634//3634
f 3639//3639 4034//4034 4035//4035
f 3639//3639 4033//4033 3636//3636
f 3642//3642 4036//4036 4037//4037
f 3642//3642 4034//4034 3638//3638
f 4038//4038 4034//4034 4037//4037
f 3644//3644 4036//4036 3641//3641
f 4040//4040 4036//4036 4039//4039
f 3647//3647 4041//4041 4042//4042
f 3647//3647 4039//4039 3644//3644
f 3649//3649 4041//4041 3646//3646
f 4044//4044 4041//4041 4043//4043
f 3651//3651 4045//4045 4046//4046
f 3651//3651 4043//4043 3649//3649
f 4035//4035 4047//4047 4033//4033
f 4038//4038 4049//4049 4050//4050
f 4038//4038 4048//4048 4035//4035
f 4040//4040 4051//4051 4052//4052
f 4040//4040 4049//4049 4037//4037
f 4053//4053 4049//4049 4052//4052
f 4042//4042 4051//4051 4039//4039
f 4055//4055 4051//4051 4054//4054
f 4044//4044 4056//4056 4057//4057
f 4044//4044 4054//4054 4042//4042
f 4058//4058 4054//4054 4057//4057
f 4046//4046 4056//4056 4043//4043
f 4060//4060 4056//4056 4059//4059
f 4053//4053 4062//4062 4063//4063
f 4053//4053 4061//4061 4050//4050
f 4055//4055 4062//4062 4052//4052
f 4065//4065 4062//4062 4064//4064
f 4058//4058 4066//4066 4067//4067
f 4058//4058 4064//4064 4055//4055
f 4068//4068 4064//4064 4067//4067
f 4060//4060 4066//4066 4057//4057
f 4070//4070 4066//4066 4069//4069
f 4065//4065 4071//4071 4063//4063
f 4068//4068 4073//4073 4074//4074
f 4068//4068 4072//4072 4065//4065
f 4070//4070 4073//4073 4067//4067
f 4076//4076 4073//4073 4075//4075
f 4076//4076 4077//4077 4074//4074
f 3653//3653 4032//4032 4079//4079
f 3654//3654 4079//4079 4080//4080
f 3654//3654 3928//3928 3317//3317
f 4081//4081 3928//3928 4080//4080
f 4082//4082 4032//4032 4033//4033
f 4083//4083 4079//4079 4082//4082
f 4081//4081 4084//4084 4085//4085
f 4081//4081 3938//3938 3929//3929
f 4086//4086 3938//3938 4085//4085
f 4082//4082 4047//4047 4087//4087
f 4083//4083 4087//4087 4088//4088
f 4083//4083 4084//4084 4080//4080
f 4089//4089 4084//4084 4088//4088
f 4090//4090 4047//4047 4048//4048
f 4091//4091 4087//4087 4090//4090
f 4092//4092 4048//4048 4050//4050
f 4086//4086 4093//4093 4094//4094
f 4086//4086 3945//3945 3939//3939
f 4095//4095 3945//3945 4094//4094
f 4096//4096 3946//3946 4095//4095
f 4089//4089 4097//4097 4098//4098
f 4089//4089 4093//4093 4085//4085
f 4099//4099 4093//4093 4098//4098
f 4091//4091 4100//4100 4101//4101
f 4091//4091 4097//4097 4088//4088
f 4102//4102 4097//4097 4101//4101
f 4092//4092 4061//4061 4103//4103
f 4092//4092 4100//4100 4090//4090
f 4104//4104 4100//4100 4103//4103
f 4105//4105 4061//4061 4063//4063
f 4095//4095 4106//4106 4107//4107
f 4096//4096 4107//4107 4108//4108
f 4096//4096 3950//3950 3947//3947
f 4109//4109 3950//3950 4108//4108
f 4110//4110 3951//3951 4109//4109
f 4099//4099 4111//4111 4112//4112
f 4099//4099 4106//4106 4094//4094
f 4113//4113 4106//4106 4112//4112
f 4114//4114 4107//4107 4113//4113
f 4115//4115 4108//4108 4114//4114
f 4102//4102 4116//4116 4117//4117
f 4102//4102 4111//4111 4098//4098
f 4118//4118 4111//4111 4117//4117
f 4119//4119 4112//4112 4118//4118
f 4104//4104 4120//4120 4121//4121
f 4104//4104 4116//4116 4101//4101
f 4122//4122 4116//4116 4121//4121
f 4105//4105 4071//4071 4123//4123
f 4105//4105 4120//4120 4103//4103
f 4124//4124 4120//4120 4123//4123
f 4125//4125 4071//4071 4072//4072
f 4126//4126 4123//4123 4125//4125
f 4127//4127 4072//4072 4074//4074
f 4110//4110 4128//4128 4129//4129
f 4114//4114 4130//4130 4131//4131
f 4115//4115 4131//4131 4132//4132
f 4115//4115 4128//4128 4109//4109
f 4133//4133 4128//4128 4132//4132
f 4118//4118 4134//4134 4135//4135
f 4119//4119 4135//4135 4136//4136
f 4119//4119 4130//4130 4113//4113
f 4137//4137 4130//4130 4136//4136
f 4138//4138 4131//4131 4137//4137
f 4139//4139 4132//4132 4138//4138
f 4122//4122 4140//4140 4141//4141
f 4122//4122 4134//4134 4117//4117
f 4142//4142 4134//4134 4141//4141
f 4143//4143 4135//4135 4142//4142
f 4144//4144 4136//4136 4143//4143
f 4124//4124 4140//4140 4121//4121
f 4146//4146 4140//4140 4145//4145
f 4147//4147 4141//4141 4146//4146
f 4126//4126 4148//4148 4149//4149
f 4126//4126 4145//4145 4124//4124
f 4150//4150 4145//4145 4149//4149
f 4127//4127 4077//4077 4151//4151
f 4127//4127 4148//4148 4125//4125
f 4152//4152 4148//4148 4151//4151
f 4153//4153 4077//4077 4078//4078
f 4154//4154 4151//4151 4153//4153
f 4138//4138 4156//4156 4157//4157
f 4139//4139 4157//4157 4158//4158
f 4139//4139 4155//4155 4133//4133
f 4143//4143 4159//4159 4160//4160
f 4144//4144 4160//4160 4161//4161
f 4144//4144 4156//4156 4137//4137
f 4162//4162 4156//4156 4161//4161
f 4163//4163 4157//4157 4162//4162
f 4147//4147 4164//4164 4165//4165
f 4147//4147 4159//4159 4142//4142
f 4166//4166 4159//4159 4165//4165
f 4167//4167 4160//4160 4166//4166
f 4168//4168 4161//4161 4167//4167
f 4150//4150 4169//4169 4170//4170
f 4150//4150 4164//4164 4146//4146
f 4171//4171 4164//4164 4170//4170
f 4172//4172 4165//4165 4171//4171
f 4152//4152 4169//4169 4149//4149
f 4174//4174 4169//4169 4173//4173
f 4174//4174 4171//4171 4170//4170
f 4176//4176 4171//4171 4175//4175
f 4154//4154 4177//4177 4178//4178
f 4154//4154 4173//4173 4152//4152
f 4179//4179 4173//4173 4178//4178
f 4180//4180 4174//4174 4179//4179
f 4163//4163 4181//4181 4182//4182
f 4167//4167 4183//4183 4184//4184
f 4168//4168 4184//4184 4185//4185
f 4168//4168 4181//4181 4162//4162
f 4186//4186 4181//4181 4185//4185
f 4172//4172 4183//4183 4166//4166
f 4188//4188 4183//4183 4187//4187
f 4189//4189 4184//4184 4188//4188
f 4189//4189 4186//4186 4185//4185
f 4176//4176 4191//4191 4192//4192
f 4176//4176 4187//4187 4172//4172
f 4192//4192 4188//4188 4187//4187
f 4194//4194 4188//4188 4193//4193
f 4195//4195 4189//4189 4194//4194
f 4180//4180 4196//4196 4197//4197
f 4180//4180 4191//4191 4175//4175
f 4198//4198 4191//4191 4197//4197
f 4199//4199 4192//4192 4198//4198
f 4194//4194 4201//4201 4202//4202
f 4195//4195 4202//4202 4203//4203
f 4195//4195 4200//4200 4190//4190
f 4199//4199 4204//4204 4205//4205
f 4199//4199 4201//4201 4193//4193
f 4206//4206 4201//4201 4205//4205
f 4207//4207 4202//4202 4206//4206
f 4209//4209 3952//3952 4110//4110
f 4210//4210 4003//4003 4209//4209
f 4211//4211 4006//4006 4005//4005
f 4212//4212 4007//4007 4006//4006
f 4213//4213 4008//4008 4007//4007
f 4214//4214 4009//4009 4008//4008
f 4215//4215 4010//4010 4009//4009
f 4208//4208 4010//4010 4216//4216
f 4218//4218 4110//4110 4129//4129
f 4210//4210 4218//4218 4219//4219
f 4210//4210 4011//4011 4004//4004
f 4220//4220 4011//4011 4219//4219
f 4211//4211 4012//4012 4220//4220
f 4221//4221 4211//4211 4220//4220
f 4213//4213 4221//4221 4222//4222
f 4214//4214 4222//4222 4223//4223
f 4215//4215 4223//4223 4224//4224
f 4225//4225 4215//4215 4224//4224
f 4226//4226 4129//4129 4133//4133
f 4227//4227 4218//4218 4226//4226
f 4228//4228 4219//4219 4227//4227
f 4228//4228 4221//4221 4220//4220
f 4229//4229 4222//4222 4221//4221
f 4230//4230 4223//4223 4222//4222
f 4231//4231 4224//4224 4223//4223
f 4232//4232 4225//4225 4224//4224
f 4217//4217 4225//4225 4233//4233
f 4234//4234 4233//4233 4232//4232
f 4226//4226 4155//4155 4236//4236
f 4237//4237 4226//4226 4236//4236
f 4238//4238 4227//4227 4237//4237
f 4229//4229 4238//4238 4239//4239
f 4230//4230 4239//4239 4240//4240
f 4231//4231 4240//4240 4241//4241
f 4242//4242 4231//4231 4241//4241
f 4243//4243 4155//4155 4158//4158
f 4243//4243 4237//4237 4236//4236
f 4245//4245 4237//4237 4244//4244
f 4245//4245 4239//4239 4238//4238
f 4246//4246 4240//4240 4239//4239
f 4247//4247 4241//4241 4240//4240
f 4248//4248 4242//4242 4241//4241
f 4234//4234 4242//4242 4249//4249
f 4250//4250 4234//4234 4249//4249
f 4163//4163 4243//4243 4158//4158
f 4252//4252 4243//4243 4251//4251
f 4253//4253 4249//4249 4248//4248
f 4254//4254 4250//4250 4249//4249
f 4245//4245 4257//4257 4258//4258
f 4246//4246 4258//4258 4259//4259
f 4247//4247 4259//4259 4260//4260
f 4261//4261 4247//4247 4260//4260
f 4262//4262 4163//4163 4182//4182
f 4252//4252 4262//4262 4263//4263
f 4252//4252 4257//4257 4244//4244
f 4264//4264 4257//4257 4263//4263
f 4264//4264 4259//4259 4258//4258
f 4266//4266 4259//4259 4265//4265
f 4266//4266 4261//4261 4260//4260
f 4253//4253 4261//4261 4267//4267
f 4268//4268 4253//4253 4267//4267
f 4269//4269 4254//4254 4268//4268
f 4186//4186 4262//4262 4182//4182
f 4271//4271 4262//4262 4270//4270
f 4271//4271 4264//4264 4263//4263
f 4273//4273 4264//4264 4272//4272
f 4273//4273 4266//4266 4265//4265
f 4275//4275 4266//4266 4274//4274
f 4275//4275 4268//4268 4267//4267
f 4276//4276 4269//4269 4268//4268
f 4256//4256 4269//4269 4277//4277
f 4278//4278 4186//4186 4190//4190
f 4279//4279 4275//4275 4274//4274
f 4280//4280 4276//4276 4275//4275
f 4282//4282 4276//4276 4281//4281
f 4283//4283 4282//4282 4281//4281
f 4271//4271 4285//4285 4286//4286
f 4287//4287 4271//4271 4286//4286
f 4273//4273 4287//4287 4288//4288
f 4289//4289 4273//4273 4288//4288
f 4278//4278 4200//4200 4290//4290
f 4278//4278 4285//4285 4270//4270
f 4291//4291 4285//4285 4290//4290
f 4292//4292 4286//4286 4291//4291
f 4292//4292 4288//4288 4287//4287
f 4293//4293 4289//4289 4288//4288
f 4279//4279 4289//4289 4294//4294
f 4295//4295 4279//4279 4294//4294
f 4296//4296 4280//4280 4295//4295
f 4297//4297 4200//4200 4203//4203
f 4298//4298 4290//4290 4297//4297
f 4298//4298 4292//4292 4291//4291
f 4300//4300 4292//4292 4299//4299
f 4301//4301 4293//4293 4300//4300
f 4301//4301 4295//4295 4294//4294
f 4302//4302 4296//4296 4295//4295
f 4283//4283 4296//4296 4303//4303
f 4304//4304 4283//4283 4303//4303
f 4207//4207 4297//4297 4203//4203
f 4305//4305 4298//4298 4297//4297
f 4306//4306 4299//4299 4298//4298
f 4308//4308 4299//4299 4307//4307
f 4309//4309 4300//4300 4308//4308
f 4310//4310 4301//4301 4309//4309
f 4311//4311 4302//4302 4310//4310
f 4311//4311 4304//4304 4303//4303
f 4313//4313 4022//4022 4021//4021
f 3669//3669 4022//4022 4314//4314
f 4315//4315 3669//3669 4314//4314
f 4316//4316 4315//4315 4314//4314
f 3672//3672 4315//4315 4317//4317
f 4318//4318 3672//3672 4317//4317
f 4319//4319 4318//4318 4317//4317
f 3675//3675 4318//4318 4320//4320
f 4321//4321 3675//3675 4320//4320
f 4322//4322 4321//4321 4320//4320
f 3677//3677 4321//4321 4323//4323
f 4326//4326 4027//4027 4026//4026
f 4327//4327 4028//4028 4027//4027
f 4313//4313 4028//4028 4328//4328
f 4329//4329 4313//4313 4328//4328
f 4330//4330 4329//4329 4328//4328
f 4316//4316 4329//4329 4331//4331
f 4332//4332 4316//4316 4331//4331
f 4333//4333 4332//4332 4331//4331
f 4319//4319 4332//4332 4334//4334
f 4335//4335 4319//4319 4334//4334
f 4336//4336 4335//4335 4334//4334
f 4322//4322 4335//4335 4337//4337
f 4338//4338 4322//4322 4337//4337
f 4339//4339 4338//4338 4337//4337
f 4324//4324 4338//4338 4340//4340
f 4341//4341 4340//4340 4339//4339
f 4325//4325 4340//4340 4342//4342
f 4208//4208 4030//4030 4000//4000
f 4345//4345 4031//4031 4030//4030
f 4326//4326 4031//4031 4346//4346
f 4347//4347 4326//4326 4346//4346
f 4348//4348 4327//4327 4347//4347
f 4349//4349 4348//4348 4347//4347
f 4330//4330 4348//4348 4350//4350
f 4351//4351 4330//4330 4350//4350
f 4352//4352 4351//4351 4350//4350
f 4333//4333 4351//4351 4353//4353
f 4354//4354 4333//4333 4353//4353
f 4355//4355 4354//4354 4353//4353
f 4336//4336 4354//4354 4356//4356
f 4357//4357 4336//4336 4356//4356
f 4358//4358 4357//4357 4356//4356
f 4339//4339 4357//4357 4359//4359
f 4360//4360 4359//4359 4358//4358
f 4341//4341 4359//4359 4361//4361
f 4362//4362 4341//4341 4361//4361
f 4363//4363 4362//4362 4361//4361
f 4343//4343 4362//4362 4364//4364
f 4365//4365 4364//4364 4363//4363
f 4344//4344 4364//4364 4366//4366
f 4367//4367 4208//4208 4216//4216
f 4368//4368 4345//4345 4367//4367
f 4369//4369 4346//4346 4368//4368
f 4217//4217 4367//4367 4216//4216
f 4370//4370 4368//4368 4367//4367
f 4371//4371 4369//4369 4368//4368
f 4349//4349 4369//4369 4372//4372
f 4373//4373 4349//4349 4372//4372
f 4374//4374 4372//4372 4371//4371
f 4375//4375 4373//4373 4372//4372
f 4352//4352 4373//4373 4376//4376
f 4377//4377 4352//4352 4376//4376
f 4378//4378 4376//4376 4375//4375
f 4379//4379 4377//4377 4376//4376
f 4355//4355 4377//4377 4380//4380
f 4381//4381 4355//4355 4380//4380
f 4382//4382 4380//4380 4379//4379
f 4383//4383 4381//4381 4380//4380
f 4358//4358 4381//4381 4384//4384
f 4385//4385 4384//4384 4383//4383
f 4360//4360 4384//4384 4386//4386
f 4387//4387 4360//4360 4386//4386
f 4388//4388 4387//4387 4386//4386
f 4363//4363 4387//4387 4389//4389
f 4390//4390 4389//4389 4388//4388
f 4365//4365 4389//4389 4391//4391
f 4392//4392 4365//4365 4391//4391
f 4393//4393 4217//4217 4233//4233
f 4394//4394 4370//4370 4393//4393
f 4235//4235 4393//4393 4233//4233
f 4395//4395 4394//4394 4393//4393
f 4374//4374 4394//4394 4396//4396
f 4397//4397 4374//4374 4396//4396
f 4398//4398 4396//4396 4395//4395
f 4399//4399 4397//4397 4396//4396
f 4378//4378 4397//4397 4400//4400
f 4401//4401 4378//4378 4400//4400
f 4402//4402 4400//4400 4399//4399
f 4403//4403 4401//4401 4400//4400
f 4382//4382 4401//4401 4404//4404
f 4405//4405 4382//4382 4404//4404
f 4406//4406 4404//4404 4403//4403
f 4407//4407 4405//4405 4404//4404
f 4385//4385 4405//4405 4408//4408
f 4409//4409 4385//4385 4408//4408
f 4410//4410 4408//4408 4407//4407
f 4411//4411 4409//4409 4408//4408
f 4388//4388 4409//4409 4412//4412
f 4413//4413 4412//4412 4411//4411
f 4390//4390 4412//4412 4414//4414
f 4415//4415 4390//4390 4414//4414
f 4416//4416 4235//4235 4250//4250
f 4255//4255 4416//4416 4250//4250
f 4398//4398 4416//4416 4417//4417
f 4418//4418 4398//4398 4417//4417
f 4256//4256 4417//4417 4255//4255
f 4419//4419 4418//4418 4417//4417
f 4402//4402 4418//4418 4420//4420
f 4421//4421 4402//4402 4420//4420
f 4422//4422 4420//4420 4419//4419
f 4423//4423 4421//4421 4420//4420
f 4406//4406 4421//4421 4424//4424
f 4425//4425 4406//4406 4424//4424
f 4426//4426 4424//4424 4423//4423
f 4427//4427 4425//4425 4424//4424
f 4410//4410 4425//4425 4428//4428
f 4429//4429 4410//4410 4428//4428
f 4430//4430 4428//4428 4427//4427
f 4431//4431 4429//4429 4428//4428
f 4413//4413 4429//4429 4432//4432
f 4433//4433 4256//4256 4277//4277
f 4282//4282 4433//4433 4277//4277
f 4422//4422 4433//4433 4434//4434
f 4435//4435 4422//4422 4434//4434
f 4436//4436 4282//4282 4284//4284
f 4436//4436 4435//4435 4434//4434
f 4426//4426 4435//4435 4437//4437
f 4438//4438 4426//4426 4437//4437
f 4440//4440 4436//4436 4439//4439
f 4440//4440 4438//4438 4437//4437
f 4430//4430 4438//4438 4441//4441
f 4442//4442 4430//4430 4441//4441
f 4443//4443 4284//4284 4304//4304
f 4312//4312 4443//4443 4304//4304
f 4439//4439 4443//4443 4444//4444
f 3758//3758 4045//4045 3650//3650
f 4446//4446 4045//4045 4445//4445
f 4447//4447 3758//3758 3760//3760
f 4447//4447 4446//4446 4445//4445
f 3762//3762 4447//4447 3760//3760
f 4449//4449 4448//4448 4447//4447
f 3764//3764 4449//4449 3762//3762
f 4451//4451 4450//4450 4449//4449
f 4453//4453 3764//3764 3766//3766
f 4453//4453 4452//4452 4451//4451
f 4455//4455 3766//3766 3768//3768
f 4456//4456 4453//4453 4455//4455
f 4457//4457 3768//3768 3770//3770
f 4458//4458 4455//4455 4457//4457
f 4459//4459 3770//3770 3772//3772
f 4460//4460 4457//4457 4459//4459
f 4446//4446 4059//4059 4046//4046
f 4461//4461 4060//4060 4059//4059
f 4448//4448 4461//4461 4446//4446
f 4464//4464 4461//4461 4463//4463
f 4465//4465 4448//4448 4450//4450
f 4466//4466 4450//4450 4452//4452
f 4467//4467 4452//4452 4454//4454
f 4456//4456 4467//4467 4454//4454
f 4458//4458 4468//4468 4456//4456
f 4471//4471 4458//4458 4460//4460
f 4471//4471 4470//4470 4469//4469
f 4462//4462 4069//4069 4060//4060
f 4473//4473 4070//4070 4069//4069
f 4464//4464 4475//4475 4476//4476
f 4464//4464 4473//4473 4462//4462
f 4477//4477 4473//4473 4476//4476
f 4465//4465 4475//4475 4463//4463
f 4479//4479 4475//4475 4478//4478
f 4480//4480 4465//4465 4466//4466
f 4481//4481 4478//4478 4480//4480
f 4467//4467 4480//4480 4466//4466
f 4483//4483 4480//4480 4482//4482
f 4468//4468 4482//4482 4467//4467
f 4485//4485 4482//4482 4484//4484
f 4486//4486 4468//4468 4469//4469
f 4486//4486 4485//4485 4484//4484
f 4470//4470 4486//4486 4469//4469
f 4489//4489 4470//4470 4472//4472
f 4489//4489 4488//4488 4487//4487
f 4474//4474 4075//4075 4070//4070
f 4492//4492 4075//4075 4491//4491
f 4477//4477 4493//4493 4494//4494
f 4477//4477 4491//4491 4474//4474
f 4495//4495 4491//4491 4494//4494
f 4479//4479 4493//4493 4476//4476
f 4497//4497 4493//4493 4496//4496
f 4498//4498 4494//4494 4497//4497
f 4499//4499 4479//4479 4481//4481
f 4500//4500 4496//4496 4499//4499
f 4501//4501 4481//4481 4483//4483
f 4501//4501 4500//4500 4499//4499
f 4503//4503 4483//4483 4485//4485
f 4503//4503 4502//4502 4501//4501
f 4506//4506 4485//4485 4487//4487
f 4506//4506 4504//4504 4503//4503
f 4488//4488 4506//4506 4487//4487
f 4507//4507 4505//4505 4504//4504
f 4509//4509 4488//4488 4490//4490
f 4509//4509 4508//4508 4507//4507
f 4511//4511 4076//4076 4492//4492
f 4512//4512 4492//4492 4495//4495
f 4498//4498 4513//4513 4514//4514
f 4498//4498 4512//4512 4495//4495
f 4500//4500 4513//4513 4497//4497
f 4516//4516 4513//4513 4515//4515
f 4502//4502 4515//4515 4500//4500
f 4517//4517 4516//4516 4515//4515
f 4519//4519 4502//4502 4504//4504
f 4519//4519 4518//4518 4517//4517
f 4505//4505 4519//4519 4504//4504
f 4521//4521 4505//4505 4508//4508
f 4510//4510 4521//4521 4508//4508
f 4518//4518 4523//4523 4516//4516
f 4525//4525 4078//4078 4511//4511
f 4526//4526 4511//4511 4512//4512
f 4527//4527 4512//4512 4514//4514
f 4516//4516 4527//4527 4514//4514
f 4520//4520 4529//4529 4518//4518
f 4521//4521 4530//4530 4520//4520
f 4522//4522 4531//4531 4521//4521
f 4525//4525 4177//4177 4153//4153
f 4534//4534 4177//4177 4533//4533
f 4535//4535 4178//4178 4534//4534
f 4536//4536 4525//4525 4526//4526
f 4536//4536 4534//4534 4533//4533
f 4538//4538 4534//4534 4537//4537
f 4539//4539 4526//4526 4527//4527
f 4540//4540 4536//4536 4539//4539
f 4528//4528 4523//4523 4541//4541
f 4528//4528 4539//4539 4527//4527
f 4542//4542 4539//4539 4541//4541
f 4543//4543 4523//4523 4524//4524
f 4529//4529 4524//4524 4518//4518
f 4544//4544 4541//4541 4543//4543
f 4545//4545 4529//4529 4530//4530
f 4545//4545 4544//4544 4543//4543
f 4531//4531 4545//4545 4530//4530
f 4547//4547 4546//4546 4545//4545
f 4532//4532 4547//4547 4531//4531
f 4551//4551 4547//4547 4550//4550
f 4551//4551 4549//4549 4548//4548
f 4535//4535 4196//4196 4179//4179
f 4554//4554 4196//4196 4553//4553
f 4554//4554 4198//4198 4197//4197
f 4538//4538 4556//4556 4557//4557
f 4538//4538 4553//4553 4535//4535
f 4558//4558 4553//4553 4557//4557
f 4559//4559 4554//4554 4558//4558
f 4540//4540 4556//4556 4537//4537
f 4561//4561 4556//4556 4560//4560
f 4561//4561 4558//4558 4557//4557
f 4563//4563 4558//4558 4562//4562
f 4564//4564 4540//4540 4542//4542
f 4565//4565 4560//4560 4564//4564
f 4566//4566 4561//4561 4565//4565
f 4544//4544 4564//4564 4542//4542
f 4568//4568 4564//4564 4567//4567
f 4569//4569 4565//4565 4568//4568
f 4546//4546 4567//4567 4544//4544
f 4570//4570 4568//4568 4567//4567
f 4572//4572 4568//4568 4571//4571
f 4573//4573 4546//4546 4548//4548
f 4573//4573 4571//4571 4570//4570
f 4549//4549 4573//4573 4548//4548
f 4574//4574 4572//4572 4571//4571
f 4577//4577 4549//4549 4552//4552
f 4577//4577 4575//4575 4574//4574
f 4578//4578 4576//4576 4575//4575
f 4555//4555 4204//4204 4198//4198
f 4581//4581 4204//4204 4580//4580
f 4581//4581 4206//4206 4205//4205
f 4582//4582 4207//4207 4206//4206
f 4584//4584 4555//4555 4559//4559
f 4585//4585 4580//4580 4584//4584
f 4585//4585 4582//4582 4581//4581
f 4587//4587 4582//4582 4586//4586
f 4563//4563 4588//4588 4589//4589
f 4563//4563 4584//4584 4559//4559
f 4590//4590 4584//4584 4589//4589
f 4590//4590 4586//4586 4585//4585
f 4592//4592 4586//4586 4591//4591
f 4566//4566 4588//4588 4562//4562
f 4594//4594 4588//4588 4593//4593
f 4594//4594 4590//4590 4589//4589
f 4596//4596 4590//4590 4595//4595
f 4569//4569 4593//4593 4566//4566
f 4597//4597 4594//4594 4593//4593
f 4598//4598 4595//4595 4594//4594
f 4600//4600 4595//4595 4599//4599
f 4572//4572 4597//4597 4569//4569
f 4601//4601 4598//4598 4597//4597
f 4603//4603 4598//4598 4602//4602
f 4603//4603 4600//4600 4599//4599
f 4606//4606 4572//4572 4575//4575
f 4606//4606 4602//4602 4601//4601
f 4576//4576 4606//4606 4575//4575
f 4608//4608 4602//4602 4607//4607
f 4609//4609 4603//4603 4608//4608
f 4609//4609 4605//4605 4604//4604
f 4611//4611 4576//4576 4579//4579
f 4611//4611 4608//4608 4607//4607
f 4613//4613 4608//4608 4612//4612
f 4613//4613 4610//4610 4609//4609
f 4615//4615 4207//4207 4583//4583
f 4616//4616 4305//4305 4615//4615
f 4617//4617 4306//4306 4616//4616
f 4617//4617 4308//4308 4307//4307
f 4618//4618 4309//4309 4308//4308
f 4619//4619 4310//4310 4309//4309
f 4621//4621 4310//4310 4620//4620
f 4622//4622 4311//4311 4621//4621
f 4623//4623 4583//4583 4587//4587
f 4624//4624 4621//4621 4620//4620
f 4626//4626 4621//4621 4625//4625
f 4627//4627 4626//4626 4625//4625
f 4629//4629 4628//4628 4627//4627
f 4636//4636 4632//4632 4635//4635
f 4643//4643 4634//4634 4642//4642
f 4643//4643 4636//4636 4635//4635
f 4653//4653 4392//4392 4391//4391
f 4645//4645 4392//4392 4654//4654
f 4655//4655 4654//4654 4653//4653
f 4656//4656 4645//4645 4654//4654
f 4657//4657 4656//4656 4655//4655
f 4658//4658 4646//4646 4656//4656
f 4659//4659 4658//4658 4657//4657
f 4660//4660 4647//4647 4658//4658
f 4661//4661 4660//4660 4659//4659
f 4662//4662 4648//4648 4660//4660
f 4664//4664 4661//4661 4663//4663
f 4650//4650 4662//4662 4664//4664
f 4666//4666 4663//4663 4665//4665
f 4651//4651 4664//4664 4666//4666
f 4668//4668 4665//4665 4667//4667
f 4652//4652 4666//4666 4668//4668
f 4669//4669 4414//4414 4413//4413
f 4670//4670 4415//4415 4414//4414
f 4653//4653 4415//4415 4671//4671
f 4672//4672 4671//4671 4670//4670
f 4673//4673 4653//4653 4671//4671
f 4674//4674 4673//4673 4672//4672
f 4675//4675 4655//4655 4673//4673
f 4676//4676 4675//4675 4674//4674
f 4677//4677 4657//4657 4675//4675
f 4678//4678 4677//4677 4676//4676
f 4661//4661 4677//4677 4679//4679
f 4681//4681 4678//4678 4680//4680
f 4663//4663 4679//4679 4681//4681
f 4683//4683 4680//4680 4682//4682
f 4665//4665 4681//4681 4683//4683
f 4686//4686 4682//4682 4685//4685
f 4667//4667 4683//4683 4686//4686
f 4687//4687 4432//4432 4431//4431
f 4669//4669 4432//4432 4688//4688
f 4689//4689 4669//4669 4688//4688
f 4691//4691 4687//4687 4690//4690
f 4691//4691 4689//4689 4688//4688
f 4672//4672 4689//4689 4692//4692
f 4693//4693 4691//4691 4690//4690
f 4695//4695 4691//4691 4694//4694
f 4695//4695 4672//4672 4692//4692
f 4696//4696 4694//4694 4693//4693
f 4698//4698 4694//4694 4697//4697
f 4698//4698 4674//4674 4695//4695
f 4699//4699 4698//4698 4697//4697
f 4700//4700 4676//4676 4698//4698
f 4703//4703 4699//4699 4702//4702
f 4680//4680 4700//4700 4703//4703
f 4705//4705 4701//4701 4704//4704
f 4705//4705 4703//4703 4702//4702
f 4682//4682 4703//4703 4706//4706
f 4707//4707 4705//4705 4704//4704
f 4709//4709 4705//4705 4708//4708
f 4709//4709 4684//4684 4685//4685
f 4709//4709 4682//4682 4706//4706
f 4710//4710 4440//4440 4439//4439
f 4712//4712 4440//4440 4711//4711
f 4712//4712 4442//4442 4441//4441
f 4687//4687 4442//4442 4713//4713
f 4714//4714 4712//4712 4711//4711
f 4715//4715 4713//4713 4712//4712
f 4716//4716 4687//4687 4713//4713
f 4717//4717 4715//4715 4714//4714
f 4719//4719 4715//4715 4718//4718
f 4719//4719 4690//4690 4716//4716
f 4720//4720 4719//4719 4718//4718
f 4696//4696 4719//4719 4721//4721
f 4722//4722 4696//4696 4721//4721
f 4725//4725 4720//4720 4724//4724
f 4725//4725 4722//4722 4721//4721
f 4699//4699 4722//4722 4726//4726
f 4728//4728 4723//4723 4727//4727
f 4728//4728 4725//4725 4724//4724
f 4730//4730 4725//4725 4729//4729
f 4730//4730 4701//4701 4702//4702
f 4730//4730 4699//4699 4726//4726
f 4732//4732 4727//4727 4731//4731
f 4733//4733 4728//4728 4732//4732
f 4733//4733 4701//4701 4729//4729
f 4736//4736 4731//4731 4735//4735
f 4737//4737 4732//4732 4736//4736
f 4707//4707 4733//4733 4737//4737
f 4622//4622 4444//4444 4312//4312
f 4710//4710 4444//4444 4738//4738
f 4739//4739 4710//4710 4738//4738
f 4740//4740 4622//4622 4626//4626
f 4740//4740 4739//4739 4738//4738
f 4714//4714 4739//4739 4741//4741
f 4742//4742 4626//4626 4628//4628
f 4742//4742 4741//4741 4740//4740
f 4717//4717 4741//4741 4743//4743
f 4744//4744 4717//4717 4743//4743
f 4745//4745 4628//4628 4630//4630
f 4746//4746 4742//4742 4745//4745
f 4746//4746 4744//4744 4743//4743
f 4720//4720 4744//4744 4747//4747
f 4631//4631 4745//4745 4630//4630
f 4748//4748 4746//4746 4745//4745
f 4750//4750 4746//4746 4749//4749
f 4750//4750 4723//4723 4724//4724
f 4750//4750 4720//4720 4747//4747
f 4751//4751 4631//4631 4633//4633
f 4752//4752 4748//4748 4751//4751
f 4752//4752 4723//4723 4749//4749
f 4636//4636 4751//4751 4633//4633
f 4754//4754 4751//4751 4753//4753
f 4731//4731 4752//4752 4754//4754
f 4644//4644 4753//4753 4636//4636
f 4756//4756 4753//4753 4755//4755
f 4756//4756 4734//4734 4735//4735
f 4756//4756 4731//4731 4754//4754
f 3878//3878 4459//4459 3772//3772
f 4757//4757 4460//4460 4459//4459
f 3879//3879 4757//4757 3878//3878
f 4759//4759 3879//3879 3881//3881
f 4761//4761 3881//3881 3883//3883
f 4761//4761 4760//4760 4759//4759
f 4763//4763 3883//3883 3884//3884
f 4763//4763 4762//4762 4761//4761
f 3885//3885 4763//4763 3884//3884
f 4766//4766 3885//3885 3887//3887
f 4766//4766 4765//4765 4764//4764
f 3888//3888 4766//4766 3887//3887
f 4769//4769 3888//3888 3890//3890
f 4769//4769 4768//4768 4767//4767
f 4771//4771 3890//3890 3891//3891
f 4771//4771 4770//4770 4769//4769
f 3892//3892 4771//4771 3891//3891
f 4773//4773 3892//3892 3894//3894
f 4774//4774 4460//4460 4758//4758
f 4775//4775 4471//4471 4774//4774
f 4776//4776 4758//4758 4759//4759
f 4776//4776 4775//4775 4774//4774
f 4760//4760 4776//4776 4759//4759
f 4779//4779 4760//4760 4762//4762
f 4779//4779 4778//4778 4777//4777
f 4781//4781 4762//4762 4764//4764
f 4781//4781 4780//4780 4779//4779
f 4765//4765 4781//4781 4764//4764
f 4784//4784 4765//4765 4767//4767
f 4784//4784 4783//4783 4782//4782
f 4768//4768 4784//4784 4767//4767
f 4786//4786 4768//4768 4770//4770
f 4787//4787 4770//4770 4772//4772
f 4788//4788 4472//4472 4775//4775
f 4789//4789 4489//4489 4788//4788
f 4790//4790 4775//4775 4777//4777
f 4790//4790 4789//4789 4788//4788
f 4778//4778 4790//4790 4777//4777
f 4793//4793 4778//4778 4780//4780
f 4793//4793 4792//4792 4791//4791
f 4795//4795 4780//4780 4782//4782
f 4795//4795 4794//4794 4793//4793
f 4783//4783 4795//4795 4782//4782
f 4797//4797 4783//4783 4785//4785
f 4789//4789 4509//4509 4490//4490
f 4798//4798 4510//4510 4509//4509
f 4800//4800 4789//4789 4791//4791
f 4800//4800 4799//4799 4798//4798
f 4792//4792 4800//4800 4791//4791
f 4802//4802 4792//4792 4794//4794
f 4803//4803 4794//4794 4796//4796
f 4799//4799 4522//4522 4510//4510
f 4805//4805 4799//4799 4801//4801
f 4773//4773 4806//4806 4772//4772
f 3895//3895 4773//4773 3894//3894
f 4786//4786 4810//4810 4785//4785
f 4787//4787 4811//4811 4786//4786
f 4806//4806 4787//4787 4772//4772
f 4814//4814 4806//4806 4807//4807
f 4814//4814 4813//4813 4812//4812
f 4808//4808 4814//4814 4807//4807
f 4809//4809 4815//4815 4808//4808
f 4797//4797 4818//4818 4796//4796
f 4810//4810 4797//4797 4785//4785
f 4821//4821 4810//4810 4811//4811
f 4821//4821 4820//4820 4819//4819
f 4824//4824 4811//4811 4812//4812
f 4824//4824 4822//4822 4821//4821
f 4813//4813 4824//4824 4812//4812
f 4825//4825 4823//4823 4822//4822
f 4828//4828 4813//4813 4815//4815
f 4828//4828 4826//4826 4825//4825
f 4816//4816 4828//4828 4815//4815
f 4829//4829 4827//4827 4826//4826
f 4817//4817 4829//4829 4816//4816
f 4802//4802 4833//4833 4801//4801
f 4803//4803 4834//4834 4802//4802
f 4818//4818 4803//4803 4796//4796
f 4836//4836 4835//4835 4834//4834
f 4838//4838 4818//4818 4819//4819
f 4838//4838 4837//4837 4836//4836
f 4820//4820 4838//4838 4819//4819
f 4841//4841 4820//4820 4822//4822
f 4841//4841 4840//4840 4839//4839
f 4823//4823 4841//4841 4822//4822
f 4844//4844 4823//4823 4826//4826
f 4844//4844 4843//4843 4842//4842
f 4827//4827 4844//4844 4826//4826
f 4848//4848 4827//4827 4830//4830
f 4848//4848 4846//4846 4845//4845
f 4831//4831 4848//4848 4830//4830
f 4849//4849 4847//4847 4846//4846
f 4832//4832 4849//4849 4831//4831
f 4804//4804 4532//4532 4522//4522
f 4805//4805 4853//4853 4804//4804
f 4833//4833 4805//4805 4801//4801
f 4855//4855 4854//4854 4853//4853
f 4857//4857 4833//4833 4834//4834
f 4857//4857 4856//4856 4855//4855
f 4835//4835 4857//4857 4834//4834
f 4860//4860 4835//4835 4837//4837
f 4860//4860 4859//4859 4858//4858
f 4863//4863 4837//4837 4839//4839
f 4863//4863 4861//4861 4860//4860
f 4840//4840 4863//4863 4839//4839
f 4864//4864 4862//4862 4861//4861
f 4867//4867 4840//4840 4842//4842
f 4867//4867 4865//4865 4864//4864
f 4843//4843 4867//4867 4842//4842
f 4868//4868 4866//4866 4865//4865
f 4872//4872 4843//4843 4845//4845
f 4872//4872 4869//4869 4868//4868
f 4846//4846 4872//4872 4845//4845
f 4873//4873 4870//4870 4869//4869
f 4847//4847 4873//4873 4846//4846
f 4874//4874 4871//4871 4870//4870
f 4877//4877 4847//4847 4850//4850
f 4877//4877 4875//4875 4874//4874
f 4851//4851 4877//4877 4850//4850
f 4878//4878 4876//4876 4875//4875
f 4879//4879 4851//4851 4852//4852
f 4880//4880 4532//4532 4853//4853
f 4880//4880 4551//4551 4550//4550
f 4854//4854 4880//4880 4853//4853
f 4881//4881 4552//4552 4551//4551
f 4884//4884 4854//4854 4856//4856
f 4884//4884 4882//4882 4881//4881
f 4885//4885 4883//4883 4882//4882
f 4887//4887 4856//4856 4858//4858
f 4887//4887 4885//4885 4884//4884
f 4859//4859 4887//4887 4858//4858
f 4888//4888 4886//4886 4885//4885
f 4891//4891 4859//4859 4861//4861
f 4891//4891 4889//4889 4888//4888
f 4862//4862 4891//4891 4861//4861
f 4892//4892 4890//4890 4889//4889
f 4896//4896 4862//4862 4865//4865
f 4896//4896 4893//4893 4892//4892
f 4866//4866 4896//4896 4865//4865
f 4897//4897 4894//4894 4893//4893
f 4898//4898 4895//4895 4894//4894
f 4901//4901 4866//4866 4869//4869
f 4901//4901 4898//4898 4897//4897
f 4870//4870 4901//4901 4869//4869
f 4902//4902 4899//4899 4898//4898
f 4871//4871 4902//4902 4870//4870
f 4903//4903 4900//4900 4899//4899
f 4905//4905 4871//4871 4875//4875
f 4905//4905 4904//4904 4903//4903
f 4876//4876 4905//4905 4875//4875
f 4907//4907 4552//4552 4882//4882
f 4907//4907 4578//4578 4577//4577
f 4883//4883 4907//4907 4882//4882
f 4909//4909 4578//4578 4908//4908
f 4911//4911 4883//4883 4886//4886
f 4912//4912 4908//4908 4911//4911
f 4912//4912 4910//4910 4909//4909
f 4915//4915 4886//4886 4889//4889
f 4915//4915 4912//4912 4911//4911
f 4890//4890 4915//4915 4889//4889
f 4917//4917 4912//4912 4916//4916
f 4917//4917 4914//4914 4913//4913
f 4920//4920 4890//4890 4893//4893
f 4920//4920 4917//4917 4916//4916
f 4894//4894 4920//4920 4893//4893
f 4922//4922 4917//4917 4921//4921
f 4895//4895 4921//4921 4894//4894
f 4923//4923 4918//4918 4922//4922
f 4924//4924 4895//4895 4899//4899
f 4924//4924 4923//4923 4922//4922
f 4900//4900 4924//4924 4899//4899
f 4926//4926 4579//4579 4909//4909
f 4926//4926 4612//4612 4611//4611
f 4910//4910 4926//4926 4909//4909
f 4928//4928 4612//4612 4927//4927
f 4929//4929 4613//4613 4928//4928
f 4930//4930 4910//4910 4913//4913
f 4930//4930 4928//4928 4927//4927
f 4914//4914 4930//4930 4913//4913
f 4932//4932 4928//4928 4931//4931
f 4933//4933 4914//4914 4918//4918
f 4933//4933 4932//4932 4931//4931
f 4919//4919 4933//4933 4918//4918
f 4879//4879 4943//4943 4876//4876
f 4951//4951 4852//4852 4935//4935
f 4951//4951 4944//4944 4943//4943
f 4952//4952 4935//4935 4936//4936
f 4952//4952 4945//4945 4944//4944
f 4937//4937 4952//4952 4936//4936
f 4954//4954 4945//4945 4953//4953
f 4954//4954 4947//4947 4946//4946
f 4956//4956 4947//4947 4955//4955
f 4956//4956 4938//4938 4939//4939
f 4957//4957 4948//4948 4956//4956
f 4940//4940 4956//4956 4939//4939
f 4958//4958 4949//4949 4957//4957
f 4941//4941 4957//4957 4940//4940
f 4904//4904 4960//4960 4900//4900
f 4970//4970 4961//4961 4969//4969
f 4971//4971 4962//4962 4970//4970
f 4972//4972 4904//4904 4906//4906
f 4972//4972 4876//4876 4943//4943
f 4972//4972 4965//4965 4964//4964
f 4973//4973 4943//4943 4944//4944
f 4973//4973 4966//4966 4965//4965
f 4974//4974 4944//4944 4945//4945
f 4975//4975 4966//4966 4974//4974
f 4946//4946 4974//4974 4945//4945
f 4976//4976 4967//4967 4975//4975
f 4947//4947 4975//4975 4946//4946
f 4977//4977 4968//4968 4976//4976
f 4948//4948 4976//4976 4947//4947
f 4977//4977 4970//4970 4969//4969
f 4949//4949 4977//4977 4948//4948
f 4979//4979 4970//4970 4978//4978
f 4979//4979 4949//4949 4950//4950
f 4979//4979 4942//4942 4971//4971
f 4923//4923 4982//4982 4919//4919
f 4992//4992 4983//4983 4991//4991
f 4993//4993 4984//4984 4992//4992
f 4993//4993 4986//4986 4985//4985
f 4995//4995 4923//4923 4925//4925
f 4960//4960 4925//4925 4900//4900
f 4996//4996 4987//4987 4995//4995
f 4996//4996 4989//4989 4988//4988
f 4998//4998 4989//4989 4997//4997
f 4999//4999 4990//4990 4998//4998
f 4999//4999 4992//4992 4991//4991
f 5001//5001 4992//4992 5000//5000
f 5001//5001 4961//4961 4962//4962
f 5002//5002 4993//4993 5001//5001
f 5002//5002 4962//4962 4963//4963
f 5002//5002 4959//4959 4994//4994
f 5003//5003 4960//4960 4964//4964
f 5003//5003 4996//4996 4995//4995
f 4965//4965 5003//5003 4964//4964
f 5005//5005 4996//4996 5004//5004
f 5005//5005 4965//4965 4966//4966
f 5006//5006 4997//4997 5005//5005
f 5006//5006 4966//4966 4967//4967
f 5006//5006 4999//4999 4998//4998
f 4968//4968 5006//5006 4967//4967
f 5008//5008 4999//4999 5007//5007
f 5008//5008 4968//4968 4969//4969
f 5008//5008 4961//4961 5000//5000
f 4929//4929 4637//4637 4614//4614
f 5009//5009 4638//4638 4637//4637
f 5010//5010 4639//4639 4638//4638
f 5011//5011 4640//4640 4639//4639
f 5014//5014 4641//4641 5013//5013
f 5015//5015 4642//4642 5014//5014
f 5015//5015 4644//4644 4643//4643
f 5017//5017 4929//4929 4932//4932
f 5018//5018 5009//5009 5017//5017
f 5019//5019 5010//5010 5018//5018
f 5020//5020 5011//5011 5019//5019
f 5020//5020 5013//5013 5012//5012
f 5021//5021 5014//5014 5013//5013
f 5022//5022 5015//5015 5014//5014
f 5024//5024 5015//5015 5023//5023
f 5024//5024 4980//4980 5016//5016
f 4934//4934 5017//5017 4932//4932
f 4982//4982 4934//4934 4919//4919
f 5026//5026 5017//5017 5025//5025
f 5027//5027 5018//5018 5026//5026
f 5027//5027 5020//5020 5019//5019
f 5028//5028 5021//5021 5020//5020
f 5030//5030 5021//5021 5029//5029
f 5030//5030 4983//4983 4984//4984
f 5031//5031 5022//5022 5030//5030
f 4985//4985 5030//5030 4984//4984
f 5032//5032 5023//5023 5031//5031
f 5032//5032 4985//4985 4986//4986
f 5032//5032 4981//4981 5024//5024
f 5033//5033 4982//4982 4987//4987
f 5033//5033 5026//5026 5025//5025
f 4988//4988 5033//5033 4987//4987
f 5034//5034 5027//5027 5026//5026
f 5035//5035 4988//4988 4989//4989
f 5035//5035 5028//5028 5027//5027
f 4990//4990 5035//5035 4989//4989
f 5037//5037 5028//5028 5036//5036
f 5037//5037 4990//4990 4991//4991
f 5037//5037 4983//4983 5029//5029
f 5044//5044 5040//5040 5043//5043
f 5044//5044 3910//3910 3911//3911
f 5044//5044 3909//3909 5041//5041
f 5047//5047 5042//5042 5046//5046
f 5047//5047 3912//3912 3913//3913
f 5047//5047 3910//3910 5043//5043
f 5050//5050 5045//5045 5049//5049
f 5050//5050 3915//3915 3916//3916
f 5050//5050 3912//3912 5046//5046
f 5056//5056 5053//5053 5055//5055
f 5056//5056 5038//5038 5054//5054
f 5059//5059 5055//5055 5058//5058
f 5059//5059 5040//5040 5041//5041
f 5059//5059 5039//5039 5056//5056
f 5062//5062 5057//5057 5061//5061
f 5062//5062 5042//5042 5043//5043
f 5062//5062 5040//5040 5058//5058
f 5065//5065 5060//5060 5064//5064
f 5065//5065 5045//5045 5046//5046
f 5065//5065 5042//5042 5061//5061
f 5068//5068 5063//5063 5067//5067
f 5068//5068 5048//5048 5049//5049
f 5068//5068 5045//5045 5064//5064
f 5071//5071 5051//5051 5069//5069
f 5074//5074 5070//5070 5073//5073
f 5074//5074 5053//5053 5054//5054
f 5074//5074 5052//5052 5071//5071
f 5076//5076 5072//5072 5075//5075
f 5076//5076 5053//5053 5073//5073
f 5079//5079 5075//5075 5078//5078
f 5079//5079 5057//5057 5058//5058
f 5079//5079 5055//5055 5076//5076
f 5082//5082 5077//5077 5081//5081
f 5082//5082 5060//5060 5061//5061
f 5082//5082 5057//5057 5078//5078
f 5085//5085 5080//5080 5084//5084
f 5085//5085 5063//5063 5064//5064
f 5085//5085 5060//5060 5081//5081
f 5089//5089 5083//5083 5088//5088
f 5089//5089 5066//5066 5067//5067
f 5089//5089 5063//5063 5084//5084
f 5092//5092 4667//4667 5091//5091
f 5092//5092 4652//4652 4668//4668
f 5094//5094 5090//5090 5093//5093
f 5095//5095 5091//5091 5094//5094
f 5095//5095 5070//5070 5071//5071
f 5095//5095 5069//5069 5092//5092
f 5098//5098 5093//5093 5097//5097
f 5098//5098 5072//5072 5073//5073
f 5098//5098 5070//5070 5094//5094
f 5101//5101 5096//5096 5100//5100
f 5101//5101 5072//5072 5097//5097
f 5104//5104 5099//5099 5103//5103
f 5105//5105 5100//5100 5104//5104
f 5105//5105 5077//5077 5078//5078
f 5105//5105 5075//5075 5101//5101
f 5108//5108 5102//5102 5107//5107
f 5109//5109 5103//5103 5108//5108
f 5109//5109 5080//5080 5081//5081
f 5109//5109 5077//5077 5104//5104
f 5112//5112 5106//5106 5111//5111
f 5113//5113 5107//5107 5112//5112
f 5113//5113 5083//5083 5084//5084
f 5113//5113 5080//5080 5108//5108
f 5115//5115 5110//5110 5114//5114
f 5115//5115 5086//5086 5087//5087
f 5116//5116 5111//5111 5115//5115
f 5116//5116 5087//5087 5088//5088
f 5116//5116 5083//5083 5112//5112
f 5118//5118 4684//4684 5117//5117
f 5119//5119 4685//4685 5118//5118
f 5119//5119 5090//5090 5091//5091
f 5119//5119 4667//4667 4686//4686
f 5122//5122 5117//5117 5121//5121
f 5122//5122 5090//5090 5118//5118
f 5124//5124 5120//5120 5123//5123
f 5125//5125 5121//5121 5124//5124
f 5125//5125 5096//5096 5097//5097
f 5125//5125 5093//5093 5122//5122
f 5128//5128 5123//5123 5127//5127
f 5128//5128 5099//5099 5100//5100
f 5128//5128 5096//5096 5124//5124
f 5132//5132 5126//5126 5131//5131
f 5132//5132 5102//5102 5103//5103
f 5132//5132 5099//5099 5127//5127
f 5134//5134 5129//5129 5133//5133
f 5135//5135 5130//5130 5134//5134
f 5135//5135 5106//5106 5107//5107
f 5135//5135 5102//5102 5131//5131
f 5136//5136 4942//4942 4950//4950
f 5137//5137 5133//5133 5136//5136
f 5137//5137 5110//5110 5111//5111
f 5137//5137 5106//5106 5134//5134
f 5138//5138 4950//4950 4958//4958
f 5138//5138 4941//4941 5114//5114
f 5138//5138 5110//5110 5136//5136
f 5141//5141 4707//4707 5140//5140
f 5141//5141 4684//4684 4708//4708
f 5144//5144 5139//5139 5143//5143
f 5145//5145 5140//5140 5144//5144
f 5145//5145 5120//5120 5121//5121
f 5145//5145 5117//5117 5141//5141
f 5148//5148 5142//5142 5147//5147
f 5149//5149 5143//5143 5148//5148
f 5149//5149 5120//5120 5144//5144
f 5151//5151 5146//5146 5150//5150
f 5151//5151 5148//5148 5147//5147
f 5153//5153 5148//5148 5152//5152
f 5153//5153 5126//5126 5127//5127
f 5153//5153 5123//5123 5149//5149
f 5154//5154 4959//4959 4963//4963
f 5155//5155 5150//5150 5154//5154
f 5155//5155 5129//5129 5130//5130
f 5156//5156 5151//5151 5155//5155
f 5156//5156 5130//5130 5131//5131
f 5156//5156 5126//5126 5152//5152
f 5157//5157 4963//4963 4971//4971
f 5157//5157 4942//4942 5133//5133
f 5157//5157 5129//5129 5154//5154
f 5159//5159 4734//4734 5158//5158
f 5159//5159 4736//4736 4735//4735
f 5161//5161 4736//4736 5160//5160
f 5161//5161 5139//5139 5140//5140
f 5161//5161 4707//4707 4737//4737
f 5162//5162 4980//4980 4981//4981
f 5162//5162 5159//5159 5158//5158
f 5164//5164 5159//5159 5163//5163
f 5164//5164 5142//5142 5143//5143
f 5164//5164 5139//5139 5160//5160
f 4986//4986 5162//5162 4981//4981
f 5166//5166 5162//5162 5165//5165
f 5166//5166 5146//5146 5147//5147
f 5166//5166 5142//5142 5163//5163
f 5167//5167 4986//4986 4994//4994
f 5167//5167 4959//4959 5150//5150
f 5167//5167 5146//5146 5165//5165
f 5168//5168 4644//4644 5016//5016
f 5168//5168 4980//4980 5158//5158
f 5168//5168 4734//4734 4755//4755
f 4592//4592 5170//5170 5171//5171
f 4592//4592 5169//5169 4587//4587
f 4596//4596 5170//5170 4591//4591
f 5173//5173 5170//5170 5172//5172
f 5174//5174 4596//4596 4600//4600
f 5175//5175 5172//5172 5174//5174
f 5176//5176 4600//4600 4604//4604
f 5176//5176 5175//5175 5174//5174
f 4605//4605 5176//5176 4604//4604
f 5178//5178 4605//4605 4610//4610
f 5179//5179 4610//4610 4614//4614
f 4616//4616 5180//5180 5181//5181
f 5182//5182 4616//4616 5181//5181
f 4618//4618 5182//5182 5183//5183
f 4619//4619 5183//5183 5184//5184
f 5185//5185 4619//4619 5184//5184
f 4623//4623 5169//5169 5186//5186
f 4623//4623 5180//5180 4615//4615
f 5187//5187 5180//5180 5186//5186
f 5188//5188 5181//5181 5187//5187
f 5188//5188 5183//5183 5182//5182
f 5189//5189 5184//5184 5183//5183
f 5190//5190 5185//5185 5184//5184
f 4624//4624 5185//5185 5191//5191
f 5192//5192 4624//4624 5191//5191
f 5193//5193 5169//5169 5171//5171
f 5193//5193 5187//5187 5186//5186
f 5194//5194 5188//5188 5187//5187
f 5196//5196 5188//5188 5195//5195
f 5197//5197 5189//5189 5196//5196
f 5198//5198 5190//5190 5197//5197
f 5198//5198 5192//5192 5191//5191
f 4627//4627 5192//5192 5199//5199
f 5173//5173 5193//5193 5171//5171
f 5200//5200 5194//5194 5193//5193
f 5201//5201 5195//5195 5194//5194
f 5203//5203 5195//5195 5202//5202
f 5204//5204 5196//5196 5203//5203
f 5205//5205 5197//5197 5204//5204
f 5205//5205 5199//5199 5198//5198
f 4629//4629 5199//5199 5206//5206
f 5207//5207 4629//4629 5206//5206
f 5175//5175 5200//5200 5173//5173
f 5209//5209 5200//5200 5208//5208
f 5210//5210 5201//5201 5209//5209
f 5211//5211 5202//5202 5210//5210
f 5212//5212 5203//5203 5211//5211
f 5212//5212 5205//5205 5204//5204
f 5214//5214 5205//5205 5213//5213
f 5214//5214 5207//5207 5206//5206
f 4631//4631 5207//5207 5215//5215
f 5216//5216 5175//5175 5177//5177
f 5217//5217 5208//5208 5216//5216
f 5218//5218 5209//5209 5217//5217
f 5218//5218 5211//5211 5210//5210
f 5219//5219 5212//5212 5211//5211
f 5220//5220 5213//5213 5212//5212
f 5222//5222 5213//5213 5221//5221
f 5223//5223 5214//5214 5222//5222
f 5223//5223 4632//4632 4633//4633
f 5223//5223 4631//4631 5215//5215
f 5178//5178 5216//5216 5177//5177
f 5225//5225 5216//5216 5224//5224
f 5226//5226 5217//5217 5225//5225
f 5227//5227 5218//5218 5226//5226
f 5227//5227 5220//5220 5219//5219
f 5228//5228 5221//5221 5220//5220
f 5230//5230 5221//5221 5229//5229
f 5230//5230 4634//4634 4635//4635
f 5230//5230 4632//4632 5222//5222
f 5179//5179 5224//5224 5178//5178
f 4637//4637 5179//5179 4614//4614
f 5231//5231 5225//5225 5224//5224
f 5232//5232 4637//4637 4638//4638
f 5232//5232 5226//5226 5225//5225
f 5233//5233 4638//4638 4639//4639
f 5233//5233 5227//5227 5226//5226
f 4640//4640 5233//5233 4639//4639
f 5235//5235 5227//5227 5234//5234
f 5236//5236 5228//5228 5235//5235
f 5236//5236 4641//4641 4642//4642
f 5236//5236 4634//4634 5229//5229
f 5237//5237 4640//4640 5012//5012
f 5238//5238 5234//5234 5237//5237
f 5238//5238 5012//5012 5013//5013
f 5238//5238 4641//4641 5235//5235
f 5239//5239 2811//2811 5240//5240
f 5240//5240 2825//2825 5241//5241
f 5242//5242 2825//2825 2838//2838
f 5243//5243 2838//2838 2851//2851
f 5244//5244 2851//2851 2864//2864
f 5245//5245 2864//2864 2877//2877
f 1765//1765 2985//2985 5246//5246
f 5247//5247 1765//1765 5246//5246
f 1767//1767 5247//5247 5248//5248
f 5249//5249 1767//1767 5248//5248
f 5251//5251 1769//1769 5249//5249
f 5251//5251 5250//5250 5252//5252
f 1771//1771 5251//5251 5252//5252
f 5253//5253 1771//1771 5252//5252
f 5255//5255 1773//1773 5253//5253
f 5255//5255 5254//5254 5256//5256
f 1775//1775 5255//5255 5256//5256
f 5257//5257 1775//1775 5256//5256
f 1778//1778 5257//5257 5258//5258
f 2986//2986 5239//5239 5260//5260
f 5246//5246 2986//2986 5260//5260
f 5261//5261 5246//5246 5260//5260
f 5262//5262 5247//5247 5261//5261
f 5263//5263 5248//5248 5262//5262
f 5250//5250 5263//5263 5264//5264
f 5265//5265 5250//5250 5264//5264
f 5266//5266 5252//5252 5265//5265
f 5254//5254 5266//5266 5267//5267
f 5268//5268 5254//5254 5267//5267
f 5257//5257 5268//5268 5269//5269
f 5271//5271 5257//5257 5269//5269
f 5271//5271 5270//5270 5272//5272
f 5259//5259 5271//5271 5272//5272
f 5273//5273 5239//5239 5240//5240
f 5275//5275 5260//5260 5273//5273
f 5275//5275 5274//5274 5276//5276
f 5262//5262 5275//5275 5276//5276
f 5278//5278 5262//5262 5276//5276
f 5278//5278 5277//5277 5279//5279
f 5264//5264 5278//5278 5279//5279
f 5280//5280 5264//5264 5279//5279
f 5282//5282 5265//5265 5280//5280
f 5282//5282 5281//5281 5283//5283
f 5267//5267 5282//5282 5283//5283
f 5268//5268 5283//5283 5284//5284
f 5286//5286 5268//5268 5284//5284
f 5286//5286 5285//5285 5287//5287
f 5270//5270 5286//5286 5287//5287
f 5288//5288 5270//5270 5287//5287
f 5289//5289 5240//5240 5241//5241
f 5274//5274 5289//5289 5290//5290
f 5291//5291 5274//5274 5290//5290
f 5277//5277 5291//5291 5292//5292
f 5293//5293 5277//5277 5292//5292
f 5294//5294 5279//5279 5293//5293
f 5281//5281 5294//5294 5295//5295
f 5296//5296 5281//5281 5295//5295
f 5284//5284 5296//5296 5297//5297
f 5285//5285 5297//5297 5298//5298
f 5299//5299 5285//5285 5298//5298
f 5300//5300 5287//5287 5299//5299
f 5301//5301 5241//5241 5242//5242
f 5302//5302 5289//5289 5301//5301
f 5303//5303 5290//5290 5302//5302
f 5304//5304 5291//5291 5303//5303
f 5293//5293 5304//5304 5305//5305
f 5306//5306 5293//5293 5305//5305
f 5307//5307 5294//5294 5306//5306
f 5308//5308 5295//5295 5307//5307
f 5309//5309 5296//5296 5308//5308
f 5310//5310 5297//5297 5309//5309
f 5311//5311 5298//5298 5310//5310
f 5300//5300 5311//5311 5312//5312
f 5313//5313 5242//5242 5243//5243
f 5314//5314 5301//5301 5313//5313
f 5315//5315 5302//5302 5314//5314
f 5316//5316 5303//5303 5315//5315
f 5305//5305 5316//5316 5317//5317
f 5318//5318 5305//5305 5317//5317
f 5319//5319 5306//5306 5318//5318
f 5320//5320 5307//5307 5319//5319
f 5321//5321 5308//5308 5320//5320
f 5322//5322 5309//5309 5321//5321
f 5323//5323 5310//5310 5322//5322
f 5312//5312 5323//5323 5324//5324
f 5325//5325 5243//5243 5244//5244
f 5326//5326 5313//5313 5325//5325
f 5327//5327 5314//5314 5326//5326
f 5328//5328 5315//5315 5327//5327
f 5329//5329 5316//5316 5328//5328
f 5318//5318 5329//5329 5330//5330
f 5331//5331 5318//5318 5330//5330
f 5332//5332 5319//5319 5331//5331
f 5333//5333 5320//5320 5332//5332
f 5334//5334 5321//5321 5333//5333
f 5335//5335 5322//5322 5334//5334
f 5324//5324 5335//5335 5336//5336
f 5325//5325 5245//5245 5337//5337
f 5326//5326 5337//5337 5338//5338
f 5327//5327 5338//5338 5339//5339
f 5328//5328 5339//5339 5340//5340
f 5341//5341 5328//5328 5340//5340
f 5330//5330 5341//5341 5342//5342
f 5331//5331 5342//5342 5343//5343
f 5332//5332 5343//5343 5344//5344
f 5333//5333 5344//5344 5345//5345
f 5334//5334 5345//5345 5346//5346
f 5335//5335 5346//5346 5347//5347
f 5348//5348 5335//5335 5347//5347
f 5349//5349 1778//1778 5258//5258
f 5349//5349 5259//5259 5350//5350
f 1858//1858 5349//5349 5350//5350
f 5351//5351 1858//1858 5350//5350
f 5352//5352 1860//1860 5351//5351
f 5353//5353 1862//1862 5352//5352
f 5354//5354 1864//1864 5353//5353
f 1868//1868 5354//5354 5355//5355
f 1870//1870 5356//5356 1869//1869
f 1870//1870 5355//5355 5357//5357
f 1871//1871 5356//5356 5358//5358
f 5359//5359 5356//5356 5357//5357
f 5360//5360 5259//5259 5272//5272
f 5361//5361 5350//5350 5360//5360
f 5352//5352 5361//5361 5362//5362
f 5353//5353 5362//5362 5363//5363
f 5354//5354 5363//5363 5364//5364
f 5365//5365 5354//5354 5364//5364
f 5366//5366 5355//5355 5365//5365
f 5359//5359 5366//5366 5367//5367
f 5360//5360 5288//5288 5368//5368
f 5361//5361 5368//5368 5369//5369
f 5362//5362 5369//5369 5370//5370
f 5372//5372 5362//5362 5370//5370
f 5372//5372 5371//5371 5373//5373
f 5364//5364 5372//5372 5374//5374
f 5375//5375 5372//5372 5373//5373
f 5376//5376 5364//5364 5374//5374
f 5377//5377 5365//5365 5376//5376
f 5378//5378 5366//5366 5377//5377
f 5368//5368 5300//5300 5379//5379
f 5369//5369 5379//5379 5380//5380
f 5382//5382 5369//5369 5380//5380
f 5382//5382 5381//5381 5383//5383
f 5371//5371 5382//5382 5383//5383
f 5384//5384 5371//5371 5383//5383
f 5375//5375 5385//5385 5374//5374
f 5375//5375 5384//5384 5386//5386
f 5376//5376 5385//5385 5387//5387
f 5388//5388 5385//5385 5386//5386
f 5377//5377 5387//5387 5389//5389
f 5390//5390 5387//5387 5388//5388
f 5391//5391 5377//5377 5389//5389
f 5379//5379 5312//5312 5392//5392
f 5393//5393 5379//5379 5392//5392
f 5381//5381 5393//5393 5394//5394
f 5395//5395 5381//5381 5394//5394
f 5396//5396 5383//5383 5395//5395
f 5386//5386 5396//5396 5397//5397
f 5388//5388 5397//5397 5398//5398
f 5390//5390 5399//5399 5389//5389
f 5390//5390 5398//5398 5400//5400
f 5391//5391 5399//5399 5401//5401
f 5402//5402 5399//5399 5400//5400
f 5392//5392 5324//5324 5403//5403
f 5404//5404 5392//5392 5403//5403
f 5405//5405 5393//5393 5404//5404
f 5406//5406 5394//5394 5405//5405
f 5396//5396 5406//5406 5407//5407
f 5408//5408 5396//5396 5407//5407
f 5409//5409 5397//5397 5408//5408
f 5400//5400 5409//5409 5410//5410
f 5402//5402 5411//5411 5401//5401
f 5402//5402 5410//5410 5412//5412
f 5403//5403 5336//5336 5413//5413
f 5415//5415 5403//5403 5413//5413
f 5415//5415 5414//5414 5416//5416
f 5405//5405 5415//5415 5416//5416
f 5417//5417 5405//5405 5416//5416
f 5407//5407 5417//5417 5418//5418
f 5408//5408 5418//5418 5419//5419
f 5409//5409 5419//5419 5420//5420
f 5410//5410 5420//5420 5422//5422
f 5424//5424 5421//5421 5423//5423
f 5424//5424 5411//5411 5412//5412
f 5424//5424 5410//5410 5422//5422
f 5425//5425 5336//5336 5348//5348
f 5426//5426 5413//5413 5425//5425
f 5427//5427 5426//5426 5425//5425
f 5416//5416 5426//5426 5428//5428
f 5417//5417 5428//5428 5429//5429
f 5430//5430 5417//5417 5429//5429
f 5431//5431 5418//5418 5430//5430
f 5420//5420 5431//5431 5432//5432
f 5434//5434 5421//5421 5422//5422
f 5434//5434 5420//5420 5432//5432
f 5435//5435 5421//5421 5433//5433
f 1964//1964 5358//5358 5436//5436
f 5437//5437 5358//5358 5359//5359
f 1965//1965 5436//5436 5438//5438
f 1966//1966 5438//5438 5439//5439
f 5440//5440 1966//1966 5439//5439
f 5441//5441 1967//1967 5440//5440
f 1969//1969 5441//5441 5442//5442
f 1970//1970 5442//5442 5443//5443
f 1971//1971 5443//5443 5444//5444
f 1972//1972 5444//5444 5445//5445
f 1973//1973 5445//5445 5446//5446
f 5437//5437 5447//5447 5436//5436
f 5437//5437 5367//5367 5448//5448
f 5438//5438 5447//5447 5449//5449
f 5450//5450 5447//5447 5448//5448
f 5439//5439 5449//5449 5451//5451
f 5440//5440 5451//5451 5452//5452
f 5441//5441 5452//5452 5453//5453
f 5454//5454 5441//5441 5453//5453
f 5455//5455 5442//5442 5454//5454
f 5456//5456 5443//5443 5455//5455
f 5457//5457 5444//5444 5456//5456
f 5458//5458 5367//5367 5378//5378
f 5450//5450 5459//5459 5449//5449
f 5450//5450 5458//5458 5460//5460
f 5451//5451 5459//5459 5461//5461
f 5461//5461 5460//5460 5462//5462
f 5452//5452 5461//5461 5462//5462
f 5463//5463 5452//5452 5462//5462
f 5464//5464 5453//5453 5463//5463
f 5465//5465 5454//5454 5464//5464
f 5466//5466 5455//5455 5465//5465
f 5467//5467 5456//5456 5466//5466
f 5468//5468 5378//5378 5391//5391
f 5469//5469 5458//5458 5468//5468
f 5471//5471 5460//5460 5469//5469
f 5473//5473 5470//5470 5472//5472
f 5473//5473 5462//5462 5471//5471
f 5464//5464 5473//5473 5474//5474
f 5475//5475 5464//5464 5474//5474
f 5476//5476 5465//5465 5475//5475
f 5477//5477 5466//5466 5476//5476
f 5478//5478 5391//5391 5401//5401
f 5479//5479 5468//5468 5478//5478
f 5481//5481 5470//5470 5471//5471
f 5481//5481 5469//5469 5479//5479
f 5472//5472 5480//5480 5482//5482
f 5483//5483 5472//5472 5482//5482
f 5484//5484 5483//5483 5482//5482
f 5474//5474 5483//5483 5485//5485
f 5475//5475 5485//5485 5486//5486
f 5487//5487 5475//5475 5486//5486
f 5488//5488 5476//5476 5487//5487
f 5478//5478 5411//5411 5489//5489
f 5490//5490 5478//5478 5489//5489
f 5492//5492 5480//5480 5481//5481
f 5481//5481 5490//5490 5492//5492
f 5493//5493 5480//5480 5491//5491
f 5484//5484 5493//5493 5494//5494
f 5495//5495 5484//5484 5494//5494
f 5496//5496 5495//5495 5494//5494
f 5486//5486 5495//5495 5497//5497
f 5499//5499 5496//5496 5498//5498
f 5487//5487 5497//5497 5499//5499
f 5501//5501 5498//5498 5500//5500
f 5488//5488 5499//5499 5501//5501
f 5502//5502 5411//5411 5423//5423
f 5503//5503 5489//5489 5502//5502
f 5505//5505 5491//5491 5492//5492
f 5492//5492 5503//5503 5505//5505
f 5493//5493 5504//5504 5506//5506
f 5507//5507 5493//5493 5506//5506
f 5496//5496 5507//5507 5508//5508
f 5498//5498 5508//5508 5509//5509
f 5500//5500 5509//5509 5510//5510
f 5502//5502 5435//5435 5511//5511
f 5503//5503 5511//5511 5512//5512
f 5505//5505 5513//5513 5504//5504
f 5505//5505 5512//5512 5514//5514
f 5506//5506 5513//5513 5515//5515
f 5507//5507 5515//5515 5517//5517
f 5519//5519 5516//5516 5518//5518
f 5519//5519 5507//5507 5517//5517
f 5521//5521 5518//5518 5520//5520
f 5521//5521 5508//5508 5519//5519
f 5523//5523 5520//5520 5522//5522
f 5510//5510 5521//5521 5523//5523
f 5245//5245 3428//3428 5524//5524
f 5524//5524 3444//3444 5525//5525
f 5526//5526 3444//3444 3459//3459
f 5337//5337 5524//5524 5527//5527
f 5338//5338 5527//5527 5528//5528
f 5339//5339 5528//5528 5529//5529
f 5530//5530 5339//5339 5529//5529
f 5531//5531 5530//5530 5529//5529
f 5341//5341 5530//5530 5532//5532
f 5533//5533 5341//5341 5532//5532
f 5343//5343 5533//5533 5534//5534
f 5344//5344 5534//5534 5535//5535
f 5345//5345 5535//5535 5536//5536
f 5537//5537 5345//5345 5536//5536
f 5538//5538 5537//5537 5536//5536
f 5347//5347 5537//5537 5539//5539
f 5540//5540 5347//5347 5539//5539
f 5527//5527 5525//5525 5541//5541
f 5528//5528 5541//5541 5542//5542
f 5543//5543 5528//5528 5542//5542
f 5531//5531 5543//5543 5544//5544
f 5545//5545 5531//5531 5544//5544
f 5533//5533 5545//5545 5546//5546
f 5547//5547 5533//5533 5546//5546
f 5548//5548 5547//5547 5546//5546
f 5535//5535 5547//5547 5549//5549
f 5550//5550 5535//5535 5549//5549
f 5538//5538 5550//5550 5551//5551
f 5552//5552 5538//5538 5551//5551
f 5540//5540 5552//5552 5553//5553
f 3655//3655 5526//5526 3459//3459
f 5541//5541 5526//5526 5554//5554
f 5555//5555 5541//5541 5554//5554
f 5556//5556 5555//5555 5554//5554
f 5543//5543 5555//5555 5557//5557
f 5558//5558 5543//5543 5557//5557
f 5545//5545 5558//5558 5559//5559
f 5546//5546 5559//5559 5560//5560
f 5548//5548 5560//5560 5561//5561
f 5562//5562 5548//5548 5561//5561
f 5550//5550 5562//5562 5563//5563
f 5551//5551 5563//5563 5564//5564
f 5565//5565 5551//5551 5564//5564
f 5566//5566 5565//5565 5564//5564
f 5553//5553 5565//5565 5567//5567
f 5568//5568 3655//3655 3656//3656
f 5556//5556 5568//5568 5569//5569
f 5570//5570 5556//5556 5569//5569
f 5558//5558 5570//5570 5571//5571
f 5572//5572 5558//5558 5571//5571
f 5573//5573 5572//5572 5571//5571
f 5560//5560 5572//5572 5574//5574
f 5561//5561 5574//5574 5575//5575
f 5576//5576 5561//5561 5575//5575
f 5577//5577 5576//5576 5575//5575
f 5563//5563 5576//5576 5578//5578
f 5579//5579 5563//5563 5578//5578
f 5566//5566 5579//5579 5580//5580
f 5581//5581 5566//5566 5580//5580
f 5582//5582 3656//3656 3658//3658
f 3659//3659 5582//5582 3658//3658
f 5569//5569 5582//5582 5583//5583
f 5584//5584 5569//5569 5583//5583
f 5585//5585 5584//5584 5583//5583
f 5571//5571 5584//5584 5586//5586
f 5573//5573 5586//5586 5587//5587
f 5588//5588 5573//5573 5587//5587
f 5589//5589 5588//5588 5587//5587
f 5575//5575 5588//5588 5590//5590
f 5577//5577 5590//5590 5591//5591
f 5592//5592 5577//5577 5591//5591
f 5593//5593 5592//5592 5591//5591
f 5579//5579 5592//5592 5594//5594
f 5595//5595 5579//5579 5594//5594
f 5596//5596 3659//3659 3662//3662
f 5585//5585 5596//5596 5597//5597
f 5598//5598 5585//5585 5597//5597
f 5599//5599 5598//5598 5597//5597
f 5587//5587 5598//5598 5600//5600
f 5589//5589 5600//5600 5601//5601
f 5602//5602 5589//5589 5601//5601
f 5603//5603 5602//5602 5601//5601
f 5591//5591 5602//5602 5604//5604
f 5593//5593 5604//5604 5605//5605
f 5606//5606 5593//5593 5605//5605
f 5607//5607 5606//5606 5605//5605
f 5595//5595 5606//5606 5608//5608
f 5609//5609 3662//3662 3667//3667
f 3668//3668 5609//5609 3667//3667
f 5597//5597 5609//5609 5610//5610
f 5599//5599 5610//5610 5611//5611
f 5612//5612 5599//5599 5611//5611
f 5613//5613 5612//5612 5611//5611
f 5601//5601 5612//5612 5614//5614
f 5603//5603 5614//5614 5615//5615
f 5616//5616 5603//5603 5615//5615
f 5617//5617 5616//5616 5615//5615
f 5605//5605 5616//5616 5618//5618
f 5607//5607 5618//5618 5619//5619
f 5620//5620 5607//5607 5619//5619
f 5621//5621 3668//3668 3676//3676
f 3677//3677 5621//5621 3676//3676
f 5611//5611 5621//5621 5622//5622
f 5613//5613 5622//5622 5623//5623
f 5624//5624 5613//5613 5623//5623
f 5625//5625 5624//5624 5623//5623
f 5615//5615 5624//5624 5626//5626
f 5617//5617 5626//5626 5627//5627
f 5628//5628 5617//5617 5627//5627
f 5629//5629 5628//5628 5627//5627
f 5619//5619 5628//5628 5630//5630
f 5631//5631 5348//5348 5540//5540
f 5427//5427 5631//5631 5632//5632
f 5633//5633 5427//5427 5632//5632
f 5634//5634 5633//5633 5632//5632
f 5429//5429 5633//5633 5635//5635
f 5636//5636 5635//5635 5634//5634
f 5430//5430 5635//5635 5637//5637
f 5638//5638 5430//5430 5637//5637
f 5640//5640 5431//5431 5638//5638
f 5642//5642 5639//5639 5641//5641
f 5642//5642 5433//5433 5434//5434
f 5642//5642 5432//5432 5640//5640
f 5643//5643 5433//5433 5641//5641
f 5644//5644 5540//5540 5553//5553
f 5645//5645 5631//5631 5644//5644
f 5634//5634 5645//5645 5646//5646
f 5636//5636 5646//5646 5647//5647
f 5648//5648 5636//5636 5647//5647
f 5649//5649 5648//5648 5647//5647
f 5638//5638 5648//5648 5650//5650
f 5652//5652 5649//5649 5651//5651
f 5652//5652 5639//5639 5640//5640
f 5652//5652 5638//5638 5650//5650
f 5653//5653 5639//5639 5651//5651
f 5643//5643 5653//5653 5654//5654
f 5655//5655 5553//5553 5567//5567
f 5656//5656 5644//5644 5655//5655
f 5657//5657 5645//5645 5656//5656
f 5658//5658 5646//5646 5657//5657
f 5649//5649 5658//5658 5659//5659
f 5660//5660 5649//5649 5659//5659
f 5653//5653 5660//5660 5661//5661
f 5654//5654 5661//5661 5662//5662
f 5663//5663 5581//5581 5580//5580
f 5655//5655 5581//5581 5664//5664
f 5665//5665 5664//5664 5663//5663
f 5656//5656 5664//5664 5666//5666
f 5667//5667 5656//5656 5666//5666
f 5668//5668 5657//5657 5667//5667
f 5659//5659 5668//5668 5669//5669
f 5660//5660 5669//5669 5670//5670
f 5661//5661 5670//5670 5671//5671
f 5673//5673 5661//5661 5671//5671
f 5663//5663 5595//5595 5674//5674
f 5665//5665 5674//5674 5675//5675
f 5676//5676 5665//5665 5675//5675
f 5677//5677 5676//5676 5675//5675
f 5667//5667 5676//5676 5678//5678
f 5680//5680 5677//5677 5679//5679
f 5668//5668 5678//5678 5680//5680
f 5682//5682 5679//5679 5681//5681
f 5669//5669 5680//5680 5682//5682
f 5683//5683 5682//5682 5681//5681
f 5684//5684 5669//5669 5682//5682
f 5685//5685 5684//5684 5683//5683
f 5686//5686 5670//5670 5684//5684
f 5688//5688 5685//5685 5687//5687
f 5688//5688 5672//5672 5673//5673
f 5688//5688 5671//5671 5686//5686
f 5689//5689 5595//5595 5608//5608
f 5690//5690 5674//5674 5689//5689
f 5677//5677 5690//5690 5691//5691
f 5679//5679 5691//5691 5692//5692
f 5681//5681 5692//5692 5693//5693
f 5694//5694 5681//5681 5693//5693
f 5695//5695 5683//5683 5694//5694
f 5696//5696 5685//5685 5695//5695
f 5697//5697 5620//5620 5619//5619
f 5689//5689 5620//5620 5698//5698
f 5700//5700 5697//5697 5699//5699
f 5690//5690 5698//5698 5700//5700
f 5702//5702 5699//5699 5701//5701
f 5691//5691 5700//5700 5702//5702
f 5704//5704 5701//5701 5703//5703
f 5692//5692 5702//5702 5704//5704
f 5705//5705 5704//5704 5703//5703
f 5706//5706 5692//5692 5704//5704
f 5707//5707 5706//5706 5705//5705
f 5708//5708 5693//5693 5706//5706
f 5709//5709 5708//5708 5707//5707
f 5710//5710 5694//5694 5708//5708
f 5711//5711 5710//5710 5709//5709
f 5712//5712 5695//5695 5710//5710
f 5713//5713 5630//5630 5629//5629
f 5697//5697 5630//5630 5714//5714
f 5699//5699 5714//5714 5715//5715
f 5716//5716 5699//5699 5715//5715
f 5717//5717 5701//5701 5716//5716
f 5718//5718 5703//5703 5717//5717
f 5707//5707 5718//5718 5719//5719
f 5709//5709 5719//5719 5720//5720
f 5722//5722 5709//5709 5720//5720
f 5511//5511 5643//5643 5723//5723
f 5512//5512 5723//5723 5724//5724
f 5514//5514 5725//5725 5513//5513
f 5726//5726 5512//5512 5724//5724
f 5727//5727 5513//5513 5725//5725
f 5729//5729 5516//5516 5517//5517
f 5729//5729 5515//5515 5727//5727
f 5730//5730 5516//5516 5728//5728
f 5520//5520 5730//5730 5732//5732
f 5733//5733 5732//5732 5731//5731
f 5522//5522 5732//5732 5734//5734
f 5723//5723 5654//5654 5735//5735
f 5724//5724 5735//5735 5737//5737
f 5739//5739 5736//5736 5738//5738
f 5739//5739 5725//5725 5726//5726
f 5739//5739 5724//5724 5737//5737
f 5727//5727 5738//5738 5741//5741
f 5743//5743 5740//5740 5742//5742
f 5743//5743 5728//5728 5729//5729
f 5743//5743 5727//5727 5741//5741
f 5745//5745 5728//5728 5742//5742
f 5747//5747 5744//5744 5746//5746
f 5747//5747 5731//5731 5732//5732
f 5747//5747 5730//5730 5745//5745
f 5733//5733 5746//5746 5749//5749
f 5750//5750 5733//5733 5749//5749
f 5735//5735 5662//5662 5752//5752
f 5754//5754 5751//5751 5753//5753
f 5754//5754 5736//5736 5737//5737
f 5754//5754 5735//5735 5752//5752
f 5755//5755 5736//5736 5753//5753
f 5757//5757 5740//5740 5741//5741
f 5741//5741 5755//5755 5757//5757
f 5758//5758 5740//5740 5756//5756
f 5760//5760 5744//5744 5745//5745
f 5760//5760 5742//5742 5758//5758
f 5762//5762 5744//5744 5759//5759
f 5764//5764 5761//5761 5763//5763
f 5764//5764 5748//5748 5749//5749
f 5764//5764 5746//5746 5762//5762
f 5766//5766 5672//5672 5765//5765
f 5766//5766 5751//5751 5752//5752
f 5766//5766 5662//5662 5673//5673
f 5767//5767 5751//5751 5765//5765
f 5755//5755 5767//5767 5769//5769
f 5771//5771 5768//5768 5770//5770
f 5771//5771 5756//5756 5757//5757
f 5771//5771 5755//5755 5769//5769
f 5773//5773 5756//5756 5770//5770
f 5775//5775 5772//5772 5774//5774
f 5775//5775 5759//5759 5760//5760
f 5775//5775 5758//5758 5773//5773
f 5777//5777 5761//5761 5762//5762
f 5777//5777 5759//5759 5774//5774
f 5778//5778 3896//3896 5763//5763
f 5778//5778 5761//5761 5776//5776
f 5779//5779 5672//5672 5687//5687
f 5767//5767 5779//5779 5781//5781
f 5783//5783 5780//5780 5782//5782
f 5783//5783 5768//5768 5769//5769
f 5783//5783 5767//5767 5781//5781
f 5785//5785 5768//5768 5782//5782
f 5787//5787 5784//5784 5786//5786
f 5787//5787 5772//5772 5773//5773
f 5787//5787 5770//5770 5785//5785
f 5789//5789 5772//5772 5786//5786
f 5791//5791 5788//5788 5790//5790
f 5791//5791 5776//5776 5777//5777
f 5791//5791 5774//5774 5789//5789
f 5792//5792 3898//3898 3899//3899
f 5792//5792 3897//3897 5778//5778
f 5792//5792 5776//5776 5790//5790
f 5779//5779 5696//5696 5794//5794
f 5796//5796 5793//5793 5795//5795
f 5796//5796 5780//5780 5781//5781
f 5796//5796 5779//5779 5794//5794
f 5798//5798 5780//5780 5795//5795
f 5800//5800 5797//5797 5799//5799
f 5800//5800 5784//5784 5785//5785
f 5800//5800 5782//5782 5798//5798
f 5802//5802 5784//5784 5799//5799
f 5804//5804 5801//5801 5803//5803
f 5804//5804 5788//5788 5789//5789
f 5804//5804 5786//5786 5802//5802
f 5805//5805 3898//3898 5790//5790
f 5805//5805 5788//5788 5803//5803
f 5807//5807 5711//5711 5806//5806
f 5807//5807 5793//5793 5794//5794
f 5807//5807 5696//5696 5712//5712
f 5809//5809 5793//5793 5806//5806
f 5811//5811 5808//5808 5810//5810
f 5811//5811 5797//5797 5798//5798
f 5811//5811 5795//5795 5809//5809
f 5813//5813 5797//5797 5810//5810
f 5815//5815 5812//5812 5814//5814
f 5815//5815 5801//5801 5802//5802
f 5815//5815 5799//5799 5813//5813
f 5816//5816 5801//5801 5814//5814
f 5817//5817 3903//3903 3905//3905
f 5817//5817 3900//3900 5805//5805
f 5817//5817 5803//5803 5816//5816
f 5819//5819 5721//5721 5818//5818
f 5819//5819 5711//5711 5722//5722
f 5821//5821 5818//5818 5820//5820
f 5821//5821 5808//5808 5809//5809
f 5821//5821 5806//5806 5819//5819
f 5823//5823 5808//5808 5820//5820
f 5825//5825 5822//5822 5824//5824
f 5825//5825 5812//5812 5813//5813
f 5825//5825 5810//5810 5823//5823
f 5826//5826 5812//5812 5824//5824
f 5827//5827 3909//3909 3911//3911
f 5827//5827 3903//3903 5816//5816
f 5827//5827 5814//5814 5826//5826
f 5828//5828 3677//3677 4323//4323
f 4324//4324 5828//5828 4323//4323
f 5623//5623 5828//5828 5829//5829
f 4325//4325 5829//5829 4324//4324
f 5625//5625 5829//5829 5830//5830
f 5831//5831 5625//5625 5830//5830
f 5832//5832 5831//5831 5830//5830
f 5627//5627 5831//5831 5833//5833
f 5834//5834 5833//5833 5832//5832
f 5629//5629 5833//5833 5835//5835
f 5836//5836 4325//4325 4342//4342
f 4343//4343 5836//5836 4342//4342
f 5832//5832 5836//5836 5837//5837
f 4344//4344 5837//5837 4343//4343
f 5834//5834 5837//5837 5838//5838
f 5839//5839 5834//5834 5838//5838
f 5840//5840 4344//4344 4366//4366
f 5713//5713 5835//5835 5841//5841
f 5842//5842 5713//5713 5841//5841
f 5843//5843 5842//5842 5841//5841
f 5715//5715 5842//5842 5844//5844
f 5846//5846 5843//5843 5845//5845
f 5846//5846 5715//5715 5844//5844
f 5848//5848 5845//5845 5847//5847
f 5848//5848 5716//5716 5846//5846
f 5850//5850 5847//5847 5849//5849
f 5718//5718 5848//5848 5850//5850
f 5851//5851 5850//5850 5849//5849
f 5719//5719 5850//5850 5852//5852
f 5853//5853 5852//5852 5851//5851
f 5720//5720 5852//5852 5854//5854
f 5856//5856 5853//5853 5855//5855
f 5856//5856 5721//5721 5722//5722
f 5856//5856 5720//5720 5854//5854
f 5857//5857 5839//5839 5838//5838
f 5841//5841 5839//5839 5858//5858
f 5860//5860 5857//5857 5859//5859
f 5843//5843 5858//5858 5860//5860
f 5862//5862 5859//5859 5861//5861
f 5845//5845 5860//5860 5862//5862
f 5864//5864 5861//5861 5863//5863
f 5847//5847 5862//5862 5864//5864
f 5866//5866 5863//5863 5865//5865
f 5849//5849 5864//5864 5866//5866
f 5867//5867 5866//5866 5865//5865
f 5868//5868 5849//5849 5866//5866
f 5869//5869 5868//5868 5867//5867
f 5870//5870 5851//5851 5868//5868
f 5871//5871 5870//5870 5869//5869
f 5872//5872 5853//5853 5870//5870
f 4645//4645 5840//5840 4366//4366
f 5857//5857 5840//5840 5873//5873
f 5874//5874 4645//4645 4646//4646
f 5859//5859 5873//5873 5874//5874
f 5875//5875 4646//4646 4647//4647
f 5861//5861 5874//5874 5875//5875
f 4648//4648 5875//5875 4647//4647
f 5863//5863 5875//5875 5876//5876
f 4649//4649 5876//5876 4648//4648
f 5877//5877 5863//5863 5876//5876
f 5878//5878 4649//4649 4650//4650
f 5878//5878 5865//5865 5877//5877
f 4651//4651 5878//5878 4650//4650
f 5879//5879 5867//5867 5878//5878
f 4652//4652 5879//5879 4651//4651
f 5880//5880 5869//5869 5879//5879
f 5882//5882 5721//5721 5855//5855
f 5884//5884 5881//5881 5883//5883
f 5884//5884 5818//5818 5882//5882
f 5886//5886 5883//5883 5885//5885
f 5886//5886 5822//5822 5823//5823
f 5886//5886 5820//5820 5884//5884
f 5887//5887 5038//5038 5039//5039
f 5887//5887 5822//5822 5885//5885
f 5888//5888 5039//5039 5041//5041
f 5888//5888 3909//3909 5826//5826
f 5888//5888 5824//5824 5887//5887
f 5890//5890 5871//5871 5889//5889
f 5890//5890 5881//5881 5882//5882
f 5890//5890 5855//5855 5872//5872
f 5891//5891 5051//5051 5052//5052
f 5891//5891 5881//5881 5889//5889
f 5892//5892 5052//5052 5054//5054
f 5892//5892 5038//5038 5885//5885
f 5892//5892 5883//5883 5891//5891
f 5893//5893 4652//4652 5069//5069
f 5893//5893 5051//5051 5889//5889
f 5893//5893 5871//5871 5880//5880
f 5894//5894 3080//3080 5895//5895
f 2007//2007 3080//3080 1596//1596
f 2009//2009 5895//5895 2007//2007
f 5897//5897 2009//2009 2010//2010
f 5894//5894 3094//3094 3079//3079
f 5900//5900 5894//5894 5895//5895
f 5896//5896 5900//5900 5895//5895
f 5902//5902 5896//5896 5897//5897
f 5898//5898 5902//5902 5897//5897
f 5899//5899 3108//3108 3094//3094
f 5905//5905 5899//5899 5900//5900
f 5906//5906 5905//5905 5907//5907
f 5901//5901 5905//5905 5900//5900
f 5908//5908 5901//5901 5902//5902
f 5909//5909 5902//5902 5903//5903
f 5910//5910 3121//3121 5911//5911
f 5904//5904 3121//3121 3108//3108
f 5906//5906 5911//5911 5904//5904
f 5913//5913 5906//5906 5907//5907
f 5914//5914 5907//5907 5908//5908
f 5915//5915 5914//5914 5916//5916
f 5909//5909 5914//5914 5908//5908
f 5910//5910 3134//3134 3120//3120
f 5918//5918 5910//5910 5911//5911
f 5912//5912 5918//5918 5911//5911
f 5920//5920 5912//5912 5913//5913
f 5915//5915 5920//5920 5913//5913
f 5922//5922 5915//5915 5916//5916
f 5917//5917 3147//3147 3134//3134
f 5918//5918 5923//5923 5917//5917
f 5919//5919 5924//5924 5918//5918
f 5926//5926 5919//5919 5920//5920
f 5927//5927 5920//5920 5921//5921
f 5922//5922 5927//5927 5921//5921
f 5930//5930 3147//3147 5923//5923
f 5931//5931 5923//5923 5924//5924
f 5925//5925 5931//5931 5924//5924
f 5933//5933 5925//5925 5926//5926
f 5934//5934 5926//5926 5927//5927
f 5935//5935 5927//5927 5928//5928
f 5929//5929 5935//5935 5928//5928
f 5930//5930 3173//3173 3161//3161
f 5938//5938 5930//5930 5931//5931
f 5939//5939 5931//5931 5932//5932
f 5940//5940 5932//5932 5933//5933
f 5941//5941 5933//5933 5934//5934
f 5935//5935 5941//5941 5934//5934
f 5943//5943 5935//5935 5936//5936
f 5944//5944 2010//2010 2097//2097
f 5898//5898 5944//5944 5945//5945
f 2098//2098 5944//5944 2097//2097
f 5946//5946 2098//2098 2099//2099
f 2101//2101 5946//5946 2099//2099
f 5948//5948 2101//2101 2102//2102
f 5949//5949 2102//2102 2103//2103
f 5950//5950 5949//5949 5951//5951
f 2105//2105 5949//5949 2103//2103
f 5952//5952 2105//2105 2106//2106
f 2107//2107 5952//5952 2106//2106
f 5954//5954 2107//2107 2108//2108
f 5955//5955 5954//5954 5956//5956
f 2110//2110 5954//5954 2108//2108
f 5957//5957 2110//2110 2111//2111
f 5958//5958 5898//5898 5945//5945
f 5959//5959 5945//5945 5946//5946
f 5960//5960 5959//5959 5961//5961
f 5947//5947 5959//5959 5946//5946
f 5962//5962 5947//5947 5948//5948
f 5950//5950 5962//5962 5948//5948
f 5964//5964 5950//5950 5951//5951
f 5952//5952 5964//5964 5951//5951
f 5966//5966 5952//5952 5953//5953
f 5967//5967 5966//5966 5968//5968
f 5955//5955 5966//5966 5953//5953
f 5969//5969 5955//5955 5956//5956
f 5957//5957 5969//5969 5956//5956
f 5971//5971 5903//5903 5958//5958
f 5960//5960 5971//5971 5958//5958
f 5973//5973 5960//5960 5961//5961
f 5974//5974 5961//5961 5962//5962
f 5975//5975 5974//5974 5976//5976
f 5963//5963 5974//5974 5962//5962
f 5977//5977 5963//5963 5964//5964
f 5978//5978 5964//5964 5965//5965
f 5967//5967 5978//5978 5965//5965
f 5980//5980 5967//5967 5968//5968
f 5969//5969 5980//5980 5968//5968
f 5970//5970 5981//5981 5969//5969
f 5984//5984 5909//5909 5971//5971
f 5985//5985 5971//5971 5972//5972
f 5986//5986 5972//5972 5973//5973
f 5975//5975 5986//5986 5973//5973
f 5988//5988 5975//5975 5976//5976
f 5977//5977 5988//5988 5976//5976
f 5990//5990 5977//5977 5978//5978
f 5991//5991 5990//5990 5992//5992
f 5979//5979 5990//5990 5978//5978
f 5993//5993 5979//5979 5980//5980
f 5981//5981 5993//5993 5980//5980
f 5995//5995 5981//5981 5982//5982
f 5983//5983 5995//5995 5982//5982
f 5984//5984 5922//5922 5916//5916
f 5998//5998 5984//5984 5985//5985
f 5999//5999 5985//5985 5986//5986
f 6000//6000 5986//5986 5987//5987
f 5988//5988 6000//6000 5987//5987
f 6002//6002 5988//5988 5989//5989
f 5991//5991 6002//6002 5989//5989
f 6004//6004 5991//5991 5992//5992
f 5993//5993 6004//6004 5992//5992
f 6006//6006 5993//5993 5994//5994
f 6007//6007 5994//5994 5995//5995
f 6008//6008 6007//6007 6009//6009
f 5996//5996 6007//6007 5995//5995
f 6010//6010 5922//5922 5997//5997
f 5929//5929 6010//6010 6011//6011
f 5998//5998 6010//6010 5997//5997
f 6012//6012 5998//5998 5999//5999
f 6013//6013 5999//5999 6000//6000
f 6014//6014 6000//6000 6001//6001
f 6015//6015 6001//6001 6002//6002
f 6016//6016 6002//6002 6003//6003
f 6017//6017 6003//6003 6004//6004
f 6005//6005 6017//6017 6004//6004
f 6019//6019 6005//6005 6006//6006
f 6008//6008 6019//6019 6006//6006
f 6021//6021 6008//6008 6009//6009
f 6022//6022 5929//5929 6011//6011
f 6012//6012 6022//6022 6011//6011
f 6024//6024 6012//6012 6013//6013
f 6025//6025 6013//6013 6014//6014
f 6015//6015 6025//6025 6014//6014
f 6016//6016 6026//6026 6015//6015
f 6017//6017 6027//6027 6016//6016
f 6018//6018 6028//6028 6017//6017
f 6030//6030 6018//6018 6019//6019
f 6031//6031 6019//6019 6020//6020
f 6032//6032 6020//6020 6021//6021
f 5943//5943 6033//6033 5942//5942
f 6022//6022 5943//5943 5936//5936
f 6035//6035 6022//6022 6023//6023
f 6024//6024 6035//6035 6023//6023
f 6025//6025 6036//6036 6024//6024
f 6026//6026 6037//6037 6025//6025
f 6027//6027 6038//6038 6026//6026
f 6028//6028 6039//6039 6027//6027
f 6041//6041 6028//6028 6029//6029
f 6030//6030 6041//6041 6029//6029
f 6044//6044 6030//6030 6031//6031
f 6044//6044 6043//6043 6042//6042
f 6032//6032 6044//6044 6031//6031
f 6047//6047 2111//2111 2219//2219
f 2220//2220 6047//6047 2219//2219
f 2221//2221 6048//6048 2220//2220
f 6050//6050 2221//2221 2222//2222
f 6051//6051 2222//2222 2223//2223
f 2224//2224 6051//6051 2223//2223
f 2225//2225 6052//6052 2224//2224
f 2226//2226 6053//6053 2225//2225
f 2226//2226 6046//6046 6054//6054
f 6047//6047 5970//5970 5957//5957
f 6048//6048 6055//6055 6047//6047
f 6057//6057 6048//6048 6049//6049
f 6058//6058 6049//6049 6050//6050
f 6051//6051 6058//6058 6050//6050
f 6052//6052 6059//6059 6051//6051
f 6061//6061 6052//6052 6053//6053
f 6054//6054 6061//6061 6053//6053
f 6063//6063 6057//6057 6064//6064
f 6065//6065 6057//6057 6058//6058
f 6065//6065 6059//6059 6066//6066
f 6067//6067 6059//6059 6060//6060
f 6068//6068 5970//5970 6055//6055
f 6069//6069 6055//6055 6056//6056
f 6061//6061 6070//6070 6060//6060
f 6072//6072 6061//6061 6062//6062
f 5983//5983 6068//6068 6073//6073
f 6073//6073 6069//6069 6074//6074
f 6063//6063 6069//6069 6056//6056
f 6075//6075 6063//6063 6064//6064
f 6076//6076 6064//6064 6065//6065
f 6066//6066 6076//6076 6065//6065
f 6067//6067 6077//6077 6066//6066
f 6067//6067 6070//6070 6078//6078
f 6079//6079 6070//6070 6071//6071
f 6072//6072 6080//6080 6071//6071
f 6082//6082 5983//5983 6073//6073
f 6083//6083 6073//6073 6074//6074
f 6075//6075 6083//6083 6074//6074
f 6085//6085 6075//6075 6076//6076
f 6086//6086 6076//6076 6077//6077
f 6078//6078 6086//6086 6077//6077
f 6079//6079 6087//6087 6078//6078
f 6079//6079 6080//6080 6088//6088
f 6089//6089 6080//6080 6081//6081
f 6091//6091 5996//5996 6082//6082
f 6083//6083 6091//6091 6082//6082
f 6084//6084 6092//6092 6083//6083
f 6094//6094 6084//6084 6085//6085
f 6095//6095 6085//6085 6086//6086
f 6096//6096 6086//6086 6087//6087
f 6088//6088 6096//6096 6087//6087
f 6089//6089 6097//6097 6088//6088
f 6089//6089 6090//6090 6098//6098
f 6091//6091 6021//6021 6009//6009
f 6092//6092 6101//6101 6091//6091
f 6093//6093 6102//6102 6092//6092
f 6104//6104 6093//6093 6094//6094
f 6105//6105 6094//6094 6095//6095
f 6106//6106 6095//6095 6096//6096
f 6097//6097 6106//6106 6096//6096
f 6108//6108 6099//6099 6107//6107
f 6108//6108 6097//6097 6098//6098
f 6108//6108 6090//6090 6100//6100
f 6110//6110 6099//6099 6100//6100
f 6111//6111 6021//6021 6101//6101
f 6112//6112 6101//6101 6102//6102
f 6113//6113 6102//6102 6103//6103
f 6114//6114 6103//6103 6104//6104
f 6115//6115 6104//6104 6105//6105
f 6116//6116 6105//6105 6106//6106
f 6117//6117 6106//6106 6107//6107
f 6117//6117 6099//6099 6109//6109
f 6119//6119 6109//6109 6110//6110
f 6120//6120 6032//6032 6111//6111
f 6121//6121 6111//6111 6112//6112
f 6122//6122 6112//6112 6113//6113
f 6123//6123 6113//6113 6114//6114
f 6115//6115 6123//6123 6114//6114
f 6116//6116 6124//6124 6115//6115
f 6126//6126 6116//6116 6117//6117
f 6117//6117 6118//6118 6126//6126
f 2350//2350 6127//6127 2349//2349
f 2351//2351 6046//6046 2218//2218
f 2352//2352 6129//6129 2351//2351
f 2352//2352 6127//6127 6130//6130
f 6131//6131 6127//6127 6128//6128
f 2353//2353 6128//6128 2350//2350
f 6132//6132 2353//2353 2354//2354
f 6133//6133 6046//6046 6129//6129
f 6134//6134 2354//2354 2355//2355
f 6135//6135 2355//2355 2356//2356
f 2357//2357 6135//6135 2356//2356
f 2358//2358 6136//6136 2357//2357
f 2359//2359 6137//6137 2358//2358
f 6130//6130 6139//6139 6129//6129
f 6141//6141 6130//6130 6131//6131
f 6132//6132 6141//6141 6131//6131
f 6133//6133 6062//6062 6054//6054
f 6133//6133 6139//6139 6143//6143
f 6144//6144 6139//6139 6140//6140
f 6145//6145 6132//6132 6134//6134
f 6146//6146 6134//6134 6135//6135
f 6147//6147 6135//6135 6136//6136
f 6148//6148 6136//6136 6137//6137
f 6149//6149 6137//6137 6138//6138
f 6141//6141 6150//6150 6140//6140
f 6142//6142 6151//6151 6141//6141
f 6143//6143 6072//6072 6062//6062
f 6144//6144 6153//6153 6143//6143
f 6144//6144 6150//6150 6154//6154
f 6155//6155 6142//6142 6145//6145
f 6156//6156 6145//6145 6146//6146
f 6157//6157 6146//6146 6147//6147
f 6158//6158 6147//6147 6148//6148
f 6159//6159 6148//6148 6149//6149
f 6151//6151 6160//6160 6150//6150
f 6152//6152 6161//6161 6151//6151
f 6163//6163 6072//6072 6153//6153
f 6154//6154 6163//6163 6153//6153
f 6164//6164 6150//6150 6160//6160
f 6165//6165 6152//6152 6155//6155
f 6166//6166 6155//6155 6156//6156
f 6157//6157 6166//6166 6156//6156
f 6169//6169 6157//6157 6158//6158
f 6169//6169 6168//6168 6167//6167
f 6159//6159 6169//6169 6158//6158
f 6161//6161 6171//6171 6160//6160
f 6162//6162 6172//6172 6161//6161
f 6175//6175 6081//6081 6163//6163
f 6164//6164 6175//6175 6163//6163
f 6176//6176 6160//6160 6171//6171
f 6177//6177 6162//6162 6165//6165
f 6177//6177 6174//6174 6173//6173
f 6166//6166 6177//6177 6165//6165
f 6179//6179 6166//6166 6167//6167
f 6168//6168 6179//6179 6167//6167
f 6181//6181 6168//6168 6170//6170
f 6172//6172 6183//6183 6171//6171
f 6173//6173 6184//6184 6172//6172
f 6174//6174 6185//6185 6173//6173
f 6187//6187 6090//6090 6175//6175
f 6176//6176 6187//6187 6175//6175
f 6176//6176 6183//6183 6188//6188
f 6189//6189 6183//6183 6184//6184
f 6190//6190 6174//6174 6178//6178
f 6192//6192 6178//6178 6179//6179
f 6192//6192 6191//6191 6190//6190
f 6180//6180 6192//6192 6179//6179
f 6195//6195 6180//6180 6181//6181
f 6195//6195 6194//6194 6193//6193
f 6182//6182 6195//6195 6181//6181
f 6185//6185 6198//6198 6184//6184
f 6186//6186 6199//6199 6185//6185
f 6187//6187 6110//6110 6100//6100
f 6203//6203 6187//6187 6188//6188
f 6189//6189 6203//6203 6188//6188
f 6189//6189 6198//6198 6204//6204
f 6205//6205 6186//6186 6190//6190
f 6205//6205 6201//6201 6200//6200
f 6191//6191 6205//6205 6190//6190
f 6208//6208 6191//6191 6193//6193
f 6208//6208 6207//6207 6206//6206
f 6194//6194 6208//6208 6193//6193
f 6211//6211 6194//6194 6196//6196
f 6211//6211 6210//6210 6209//6209
f 6197//6197 6211//6211 6196//6196
f 6218//6218 6198//6198 6199//6199
f 6219//6219 6213//6213 6218//6218
f 6219//6219 6199//6199 6200//6200
f 6219//6219 6215//6215 6214//6214
f 6201//6201 6219//6219 6200//6200
f 6202//6202 6119//6119 6110//6110
f 6203//6203 6222//6222 6202//6202
f 6224//6224 6216//6216 6223//6223
f 6224//6224 6203//6203 6204//6204
f 6224//6224 6198//6198 6217//6217
f 6225//6225 6201//6201 6206//6206
f 6225//6225 6221//6221 6220//6220
f 6207//6207 6225//6225 6206//6206
f 6228//6228 6207//6207 6209//6209
f 6228//6228 6227//6227 6226//6226
f 6210//6210 6228//6228 6209//6209
f 6230//6230 6210//6210 6212//6212
f 6231//6231 2359//2359 2380//2380
f 6232//6232 2380//2380 2381//2381
f 2382//2382 6232//6232 2381//2381
f 2383//2383 6233//6233 2382//2382
f 6231//6231 6149//6149 6138//6138
f 6237//6237 6231//6231 6232//6232
f 6237//6237 6236//6236 6235//6235
f 6233//6233 6237//6237 6232//6232
f 6239//6239 6233//6233 6234//6234
f 6240//6240 6149//6149 6235//6235
f 6236//6236 6240//6240 6235//6235
f 6242//6242 6236//6236 6238//6238
f 6239//6239 6242//6242 6238//6238
f 6244//6244 6159//6159 6240//6240
f 6241//6241 6244//6244 6240//6240
f 6247//6247 6241//6241 6242//6242
f 6247//6247 6246//6246 6245//6245
f 6243//6243 6247//6247 6242//6242
f 6249//6249 6170//6170 6244//6244
f 6249//6249 6182//6182 6181//6181
f 6245//6245 6249//6249 6244//6244
f 6246//6246 6250//6250 6245//6245
f 6252//6252 6246//6246 6248//6248
f 6253//6253 6182//6182 6250//6250
f 6253//6253 6197//6197 6196//6196
f 6251//6251 6253//6253 6250//6250
f 5937//5937 3784//3784 3173//3173
f 5938//5938 6255//6255 5937//5937
f 6258//6258 5938//5938 5939//5939
f 6258//6258 6257//6257 6256//6256
f 5940//5940 6258//6258 5939//5939
f 6261//6261 5940//5940 5941//5941
f 6261//6261 6260//6260 6259//6259
f 6262//6262 5941//5941 5942//5942
f 6263//6263 3784//3784 6255//6255
f 6263//6263 3799//3799 3798//3798
f 6256//6256 6263//6263 6255//6255
f 6257//6257 6264//6264 6256//6256
f 6266//6266 6257//6257 6259//6259
f 6260//6260 6266//6266 6259//6259
f 6268//6268 6260//6260 6262//6262
f 6269//6269 3799//3799 6264//6264
f 6265//6265 6269//6269 6264//6264
f 6266//6266 6270//6270 6265//6265
f 6267//6267 6271//6271 6266//6266
f 6268//6268 6272//6272 6267//6267
f 6274//6274 3813//3813 6269//6269
f 6270//6270 6274//6274 6269//6269
f 6277//6277 6270//6270 6271//6271
f 6277//6277 6276//6276 6275//6275
f 6272//6272 6277//6277 6271//6271
f 6279//6279 6272//6272 6273//6273
f 6280//6280 3828//3828 6274//6274
f 6280//6280 3843//3843 3842//3842
f 6275//6275 6280//6280 6274//6274
f 6276//6276 6281//6281 6275//6275
f 6283//6283 6276//6276 6278//6278
f 6284//6284 3843//3843 6281//6281
f 6284//6284 3860//3860 3859//3859
f 6282//6282 6284//6284 6281//6281
f 6286//6286 6282//6282 6283//6283
f 6287//6287 3860//3860 6285//6285
f 6288//6288 3877//3877 6287//6287
f 6033//6033 6262//6262 5942//5942
f 6290//6290 6033//6033 6034//6034
f 6035//6035 6290//6290 6034//6034
f 6036//6036 6291//6291 6035//6035
f 6037//6037 6292//6292 6036//6036
f 6038//6038 6293//6293 6037//6037
f 6296//6296 6038//6038 6039//6039
f 6296//6296 6295//6295 6294//6294
f 6040//6040 6296//6296 6039//6039
f 6298//6298 6040//6040 6041//6041
f 6299//6299 6041//6041 6042//6042
f 6043//6043 6299//6299 6042//6042
f 6301//6301 6043//6043 6045//6045
f 6289//6289 6268//6268 6262//6262
f 6290//6290 6302//6302 6289//6289
f 6291//6291 6303//6303 6290//6290
f 6306//6306 6291//6291 6292//6292
f 6306//6306 6305//6305 6304//6304
f 6293//6293 6306//6306 6292//6292
f 6308//6308 6293//6293 6294//6294
f 6295//6295 6308//6308 6294//6294
f 6310//6310 6295//6295 6297//6297
f 6298//6298 6310//6310 6297//6297
f 6312//6312 6298//6298 6299//6299
f 6300//6300 6312//6312 6299//6299
f 6314//6314 6300//6300 6301//6301
f 6302//6302 6273//6273 6268//6268
f 6317//6317 6302//6302 6303//6303
f 6317//6317 6316//6316 6315//6315
f 6304//6304 6317//6317 6303//6303
f 6305//6305 6318//6318 6304//6304
f 6320//6320 6305//6305 6307//6307
f 6308//6308 6320//6320 6307//6307
f 6309//6309 6321//6321 6308//6308
f 6324//6324 6309//6309 6310//6310
f 6324//6324 6323//6323 6322//6322
f 6311//6311 6324//6324 6310//6310
f 6326//6326 6311//6311 6312//6312
f 6327//6327 6312//6312 6313//6313
f 6279//6279 6328//6328 6278//6278
f 6315//6315 6279//6279 6273//6273
f 6316//6316 6329//6329 6315//6315
f 6331//6331 6316//6316 6318//6318
f 6319//6319 6331//6331 6318//6318
f 6334//6334 6319//6319 6320//6320
f 6334//6334 6333//6333 6332//6332
f 6321//6321 6334//6334 6320//6320
f 6336//6336 6321//6321 6322//6322
f 6323//6323 6336//6336 6322//6322
f 6339//6339 6323//6323 6325//6325
f 6339//6339 6338//6338 6337//6337
f 6326//6326 6339//6339 6325//6325
f 6341//6341 6326//6326 6327//6327
f 6328//6328 6283//6283 6278//6278
f 6343//6343 6328//6328 6329//6329
f 6330//6330 6343//6343 6329//6329
f 6346//6346 6330//6330 6331//6331
f 6346//6346 6345//6345 6344//6344
f 6332//6332 6346//6346 6331//6331
f 6333//6333 6347//6347 6332//6332
f 6350//6350 6333//6333 6335//6335
f 6350//6350 6349//6349 6348//6348
f 6336//6336 6350//6350 6335//6335
f 6352//6352 6336//6336 6337//6337
f 6338//6338 6352//6352 6337//6337
f 6355//6355 6338//6338 6340//6340
f 6355//6355 6354//6354 6353//6353
f 6341//6341 6355//6355 6340//6340
f 6286//6286 6357//6357 6285//6285
f 6342//6342 6286//6286 6283//6283
f 6360//6360 6342//6342 6343//6343
f 6360//6360 6359//6359 6358//6358
f 6344//6344 6360//6360 6343//6343
f 6345//6345 6361//6361 6344//6344
f 6364//6364 6345//6345 6347//6347
f 6364//6364 6363//6363 6362//6362
f 6348//6348 6364//6364 6347//6347
f 6349//6349 6365//6365 6348//6348
f 6369//6369 6349//6349 6351//6351
f 6369//6369 6367//6367 6366//6366
f 6352//6352 6369//6369 6351//6351
f 6370//6370 6368//6368 6367//6367
f 6371//6371 6352//6352 6353//6353
f 6372//6372 6353//6353 6354//6354
f 6357//6357 6287//6287 6285//6285
f 6375//6375 6357//6357 6358//6358
f 6375//6375 6374//6374 6373//6373
f 6359//6359 6375//6375 6358//6358
f 6378//6378 6359//6359 6361//6361
f 6378//6378 6377//6377 6376//6376
f 6362//6362 6378//6378 6361//6361
f 6363//6363 6379//6379 6362//6362
f 6382//6382 6363//6363 6365//6365
f 6382//6382 6381//6381 6380//6380
f 6366//6366 6382//6382 6365//6365
f 6367//6367 6383//6383 6366//6366
f 6368//6368 6384//6384 6367//6367
f 6387//6387 6368//6368 6371//6371
f 6387//6387 6386//6386 6385//6385
f 6372//6372 6387//6387 6371//6371
f 6288//6288 3895//3895 3894//3894
f 6373//6373 6288//6288 6287//6287
f 6374//6374 6389//6389 6373//6373
f 6392//6392 6374//6374 6376//6376
f 6392//6392 6391//6391 6390//6390
f 6377//6377 6392//6392 6376//6376
f 6396//6396 6377//6377 6379//6379
f 6396//6396 6394//6394 6393//6393
f 6380//6380 6396//6396 6379//6379
f 6397//6397 6395//6395 6394//6394
f 6381//6381 6397//6397 6380//6380
f 6401//6401 6381//6381 6383//6383
f 6401//6401 6399//6399 6398//6398
f 6384//6384 6401//6401 6383//6383
f 6402//6402 6400//6400 6399//6399
f 6385//6385 6402//6402 6384//6384
f 6386//6386 6403//6403 6385//6385
f 6407//6407 6118//6118 6119//6119
f 6120//6120 6301//6301 6045//6045
f 6409//6409 6120//6120 6121//6121
f 6410//6410 6121//6121 6122//6122
f 6123//6123 6410//6410 6122//6122
f 6124//6124 6411//6411 6123//6123
f 6125//6125 6412//6412 6124//6124
f 6414//6414 6405//6405 6413//6413
f 6414//6414 6125//6125 6126//6126
f 6414//6414 6118//6118 6406//6406
f 6419//6419 6405//6405 6406//6406
f 6420//6420 6406//6406 6407//6407
f 6314//6314 6415//6415 6313//6313
f 6408//6408 6314//6314 6301//6301
f 6421//6421 6416//6416 6415//6415
f 6409//6409 6421//6421 6408//6408
f 6423//6423 6409//6409 6410//6410
f 6411//6411 6423//6423 6410//6410
f 6425//6425 6411//6411 6412//6412
f 6426//6426 6417//6417 6425//6425
f 6426//6426 6412//6412 6413//6413
f 6426//6426 6405//6405 6418//6418
f 6415//6415 6327//6327 6313//6313
f 6416//6416 6427//6427 6415//6415
f 6432//6432 6417//6417 6418//6418
f 6419//6419 6432//6432 6418//6418
f 6420//6420 6433//6433 6419//6419
f 6435//6435 6416//6416 6422//6422
f 6435//6435 6429//6429 6428//6428
f 6423//6423 6435//6435 6422//6422
f 6436//6436 6430//6430 6429//6429
f 6437//6437 6423//6423 6424//6424
f 6438//6438 6430//6430 6437//6437
f 6438//6438 6424//6424 6425//6425
f 6438//6438 6417//6417 6431//6431
f 6441//6441 6327//6327 6427//6427
f 6442//6442 6427//6427 6428//6428
f 6429//6429 6442//6442 6428//6428
f 6444//6444 6429//6429 6430//6430
f 6445//6445 6430//6430 6431//6431
f 6432//6432 6445//6445 6431//6431
f 6433//6433 6446//6446 6432//6432
f 6448//6448 6439//6439 6447//6447
f 6448//6448 6433//6433 6434//6434
f 6453//6453 6439//6439 6440//6440
f 6356//6356 6449//6449 6354//6354
f 6441//6441 6356//6356 6341//6341
f 6455//6455 6441//6441 6442//6442
f 6456//6456 6442//6442 6443//6443
f 6457//6457 6443//6443 6444//6444
f 6445//6445 6457//6457 6444//6444
f 6459//6459 6450//6450 6458//6458
f 6459//6459 6445//6445 6446//6446
f 6460//6460 6451//6451 6459//6459
f 6460//6460 6446//6446 6447//6447
f 6460//6460 6439//6439 6452//6452
f 6449//6449 6372//6372 6354//6354
f 6467//6467 6450//6450 6451//6451
f 6468//6468 6451//6451 6452//6452
f 6453//6453 6468//6468 6452//6452
f 6470//6470 6449//6449 6454//6454
f 6470//6470 6463//6463 6462//6462
f 6455//6455 6470//6470 6454//6454
f 6472//6472 6463//6463 6471//6471
f 6456//6456 6471//6471 6455//6455
f 6472//6472 6465//6465 6464//6464
f 6473//6473 6456//6456 6457//6457
f 6474//6474 6465//6465 6473//6473
f 6474//6474 6457//6457 6458//6458
f 6474//6474 6450//6450 6466//6466
f 6388//6388 6475//6475 6386//6386
f 6462//6462 6388//6388 6372//6372
f 6463//6463 6479//6479 6462//6462
f 6481//6481 6463//6463 6464//6464
f 6482//6482 6464//6464 6465//6465
f 6483//6483 6465//6465 6466//6466
f 6467//6467 6483//6483 6466//6466
f 6485//6485 6476//6476 6484//6484
f 6485//6485 6467//6467 6468//6468
f 6486//6486 6477//6477 6485//6485
f 6486//6486 6468//6468 6469//6469
f 6486//6486 6461//6461 6478//6478
f 6475//6475 6404//6404 6386//6386
f 6495//6495 6476//6476 6477//6477
f 6496//6496 6487//6487 6495//6495
f 6496//6496 6477//6477 6478//6478
f 6497//6497 6475//6475 6479//6479
f 6497//6497 6490//6490 6489//6489
f 6480//6480 6497//6497 6479//6479
f 6499//6499 6490//6490 6498//6498
f 6481//6481 6498//6498 6480//6480
f 6499//6499 6492//6492 6491//6491
f 6482//6482 6499//6499 6481//6481
f 6500//6500 6493//6493 6492//6492
f 6501//6501 6482//6482 6483//6483
f 6502//6502 6493//6493 6501//6501
f 6502//6502 6483//6483 6484//6484
f 6502//6502 6476//6476 6494//6494
f 6504//6504 6213//6213 6214//6214
f 6215//6215 6504//6504 6214//6214
f 6509//6509 6216//6216 6217//6217
f 6510//6510 6217//6217 6218//6218
f 6510//6510 6213//6213 6503//6503
f 6511//6511 6215//6215 6220//6220
f 6511//6511 6506//6506 6505//6505
f 6221//6221 6511//6511 6220//6220
f 6512//6512 6507//6507 6506//6506
f 6222//6222 6407//6407 6119//6119
f 6515//6515 6222//6222 6223//6223
f 6515//6515 6216//6216 6508//6508
f 6516//6516 6221//6221 6226//6226
f 6516//6516 6513//6513 6512//6512
f 6227//6227 6516//6516 6226//6226
f 6504//6504 6523//6523 6503//6503
f 6525//6525 6519//6519 6524//6524
f 6525//6525 6504//6504 6505//6505
f 6525//6525 6521//6521 6520//6520
f 6526//6526 6505//6505 6506//6506
f 6526//6526 6522//6522 6521//6521
f 6507//6507 6526//6526 6506//6506
f 6530//6530 6508//6508 6509//6509
f 6531//6531 6509//6509 6510//6510
f 6510//6510 6523//6523 6531//6531
f 6532//6532 6507//6507 6513//6513
f 6514//6514 6420//6420 6407//6407
f 6534//6534 6528//6528 6533//6533
f 6534//6534 6514//6514 6515//6515
f 6534//6534 6508//6508 6529//6529
f 6539//6539 6535//6535 6538//6538
f 6520//6520 6540//6540 6519//6519
f 6542//6542 6537//6537 6541//6541
f 6542//6542 6520//6520 6521//6521
f 6543//6543 6538//6538 6542//6542
f 6543//6543 6521//6521 6522//6522
f 6543//6543 6518//6518 6539//6539
f 6546//6546 6523//6523 6524//6524
f 6546//6546 6519//6519 6540//6540
f 6548//6548 6528//6528 6529//6529
f 6530//6530 6548//6548 6529//6529
f 6550//6550 6544//6544 6549//6549
f 6550//6550 6530//6530 6531//6531
f 6550//6550 6523//6523 6545//6545
f 6551//6551 6420//6420 6533//6533
f 6551//6551 6528//6528 6547//6547
f 6553//6553 6535//6535 6536//6536
f 6553//6553 3896//3896 3897//3897
f 6555//6555 6537//6537 6538//6538
f 6555//6555 6535//6535 6552//6552
f 6558//6558 6540//6540 6541//6541
f 6558//6558 6537//6537 6554//6554
f 6561//6561 6544//6544 6545//6545
f 6562//6562 6556//6556 6561//6561
f 6562//6562 6545//6545 6546//6546
f 6562//6562 6540//6540 6557//6557
f 6548//6548 6563//6563 6547//6547
f 6565//6565 6559//6559 6564//6564
f 6565//6565 6548//6548 6549//6549
f 6565//6565 6544//6544 6560//6560
f 6566//6566 6440//6440 6448//6448
f 6566//6566 6434//6434 6551//6551
f 6566//6566 6547//6547 6563//6563
f 6569//6569 6552//6552 6553//6553
f 6569//6569 3897//3897 3899//3899
f 6572//6572 6567//6567 6571//6571
f 6572//6572 6554//6554 6555//6555
f 6572//6572 6552//6552 6568//6568
f 6574//6574 6556//6556 6557//6557
f 6575//6575 6570//6570 6574//6574
f 6575//6575 6557//6557 6558//6558
f 6575//6575 6554//6554 6571//6571
f 6578//6578 6559//6559 6560//6560
f 6579//6579 6560//6560 6561//6561
f 6579//6579 6556//6556 6573//6573
f 6563//6563 6453//6453 6440//6440
f 6581//6581 6576//6576 6580//6580
f 6581//6581 6563//6563 6564//6564
f 6581//6581 6559//6559 6577//6577
f 6583//6583 6567//6567 6568//6568
f 6584//6584 3901//3901 6583//6583
f 6584//6584 6568//6568 6569//6569
f 6584//6584 3899//3899 3902//3902
f 6587//6587 6570//6570 6571//6571
f 6587//6587 6567//6567 6582//6582
f 6590//6590 6585//6585 6589//6589
f 6590//6590 6573//6573 6574//6574
f 6590//6590 6570//6570 6586//6586
f 6592//6592 6576//6576 6577//6577
f 6593//6593 6577//6577 6578//6578
f 6594//6594 6588//6588 6593//6593
f 6594//6594 6578//6578 6579//6579
f 6594//6594 6573//6573 6589//6589
f 6595//6595 6461//6461 6469//6469
f 6595//6595 6453//6453 6580//6580
f 6595//6595 6576//6576 6591//6591
f 6598//6598 3906//3906 6597//6597
f 6598//6598 6582//6582 6583//6583
f 6598//6598 3901//3901 3907//3907
f 6601//6601 6585//6585 6586//6586
f 6602//6602 6596//6596 6601//6601
f 6602//6602 6586//6586 6587//6587
f 6602//6602 6582//6582 6597//6597
f 6606//6606 6599//6599 6605//6605
f 6606//6606 6588//6588 6589//6589
f 6606//6606 6585//6585 6600//6600
f 6607//6607 6461//6461 6591//6591
f 6608//6608 6603//6603 6607//6607
f 6608//6608 6591//6591 6592//6592
f 6609//6609 6604//6604 6608//6608
f 6609//6609 6592//6592 6593//6593
f 6609//6609 6588//6588 6605//6605
f 6612//6612 3915//3915 6611//6611
f 6612//6612 6596//6596 6597//6597
f 6612//6612 3906//3906 3916//3916
f 6615//6615 6599//6599 6600//6600
f 6616//6616 6610//6610 6615//6615
f 6616//6616 6600//6600 6601//6601
f 6616//6616 6596//6596 6611//6611
f 6618//6618 6603//6603 6604//6604
f 6619//6619 6613//6613 6618//6618
f 6619//6619 6604//6604 6605//6605
f 6619//6619 6599//6599 6614//6614
f 6620//6620 6488//6488 6496//6496
f 6620//6620 6478//6478 6607//6607
f 6620//6620 6603//6603 6617//6617
f 6621//6621 3895//3895 6389//6389
f 6621//6621 4808//4808 4807//4807
f 6390//6390 6621//6621 6389//6389
f 6622//6622 4809//4809 4808//4808
f 6391//6391 6622//6622 6390//6390
f 6625//6625 6391//6391 6393//6393
f 6625//6625 6624//6624 6623//6623
f 6394//6394 6625//6625 6393//6393
f 6395//6395 6626//6626 6394//6394
f 6629//6629 6395//6395 6398//6398
f 6629//6629 6628//6628 6627//6627
f 6399//6399 6629//6629 6398//6398
f 6400//6400 6630//6630 6399//6399
f 6633//6633 6400//6400 6403//6403
f 6633//6633 6632//6632 6631//6631
f 6404//6404 6633//6633 6403//6403
f 6635//6635 4809//4809 6623//6623
f 6635//6635 4817//4817 4816//4816
f 6624//6624 6635//6635 6623//6623
f 6639//6639 6624//6624 6626//6626
f 6639//6639 6637//6637 6636//6636
f 6627//6627 6639//6639 6626//6626
f 6640//6640 6638//6638 6637//6637
f 6628//6628 6640//6640 6627//6627
f 6644//6644 6628//6628 6630//6630
f 6644//6644 6642//6642 6641//6641
f 6631//6631 6644//6644 6630//6630
f 6646//6646 6642//6642 6645//6645
f 6632//6632 6645//6645 6631//6631
f 6647//6647 4817//4817 6636//6636
f 6647//6647 4831//4831 4830//4830
f 6637//6637 6647//6647 6636//6636
f 6648//6648 4832//4832 4831//4831
f 6638//6638 6648//6648 6637//6637
f 6652//6652 6638//6638 6641//6641
f 6652//6652 6650//6650 6649//6649
f 6642//6642 6652//6652 6641//6641
f 6654//6654 6650//6650 6653//6653
f 6643//6643 6653//6653 6642//6642
f 6655//6655 4832//4832 6649//6649
f 6655//6655 4851//4851 4850//4850
f 6650//6650 6655//6655 6649//6649
f 6656//6656 4852//4852 4851//4851
f 6657//6657 6650//6650 6651//6651
f 6666//6666 6487//6487 6488//6488
f 6667//6667 6632//6632 6634//6634
f 6667//6667 6404//6404 6489//6489
f 6668//6668 6659//6659 6667//6667
f 6490//6490 6667//6667 6489//6489
f 6669//6669 6660//6660 6668//6668
f 6491//6491 6668//6668 6490//6490
f 6670//6670 6661//6661 6669//6669
f 6670//6670 6491//6491 6492//6492
f 6670//6670 6663//6663 6662//6662
f 6671//6671 6492//6492 6493//6493
f 6671//6671 6664//6664 6663//6663
f 6672//6672 6493//6493 6494//6494
f 6673//6673 6664//6664 6672//6672
f 6673//6673 6494//6494 6495//6495
f 6673//6673 6487//6487 6665//6665
f 6646//6646 6674//6674 6643//6643
f 6659//6659 6646//6646 6632//6632
f 6681//6681 6659//6659 6660//6660
f 6661//6661 6681//6681 6660//6660
f 6662//6662 6682//6682 6661//6661
f 6684//6684 6675//6675 6683//6683
f 6684//6684 6662//6662 6663//6663
f 6684//6684 6677//6677 6676//6676
f 6685//6685 6663//6663 6664//6664
f 6685//6685 6678//6678 6677//6677
f 6686//6686 6664//6664 6665//6665
f 6687//6687 6678//6678 6686//6686
f 6687//6687 6665//6665 6666//6666
f 6687//6687 6658//6658 6679//6679
f 6654//6654 6688//6688 6651//6651
f 6674//6674 6654//6654 6643//6643
f 6693//6693 6689//6689 6688//6688
f 6697//6697 6675//6675 6676//6676
f 6677//6677 6697//6697 6676//6676
f 6699//6699 6690//6690 6698//6698
f 6699//6699 6677//6677 6678//6678
f 6699//6699 6692//6692 6691//6691
f 6700//6700 6678//6678 6679//6679
f 6701//6701 6674//6674 6680//6680
f 6701//6701 6694//6694 6693//6693
f 6681//6681 6701//6701 6680//6680
f 6702//6702 6695//6695 6694//6694
f 6703//6703 6681//6681 6682//6682
f 6704//6704 6695//6695 6703//6703
f 6704//6704 6682//6682 6683//6683
f 6704//6704 6675//6675 6696//6696
f 6657//6657 4935//4935 4852//4852
f 6705//6705 6651//6651 6688//6688
f 6705//6705 4936//4936 4935//4935
f 6689//6689 6705//6705 6688//6688
f 6706//6706 4937//4937 4936//4936
f 6710//6710 4938//4938 6709//6709
f 6711//6711 4939//4939 6710//6710
f 6711//6711 6690//6690 6691//6691
f 6712//6712 4940//4940 6711//6711
f 6692//6692 6711//6711 6691//6691
f 6713//6713 6689//6689 6694//6694
f 6713//6713 6707//6707 6706//6706
f 6695//6695 6713//6713 6694//6694
f 6714//6714 6708//6708 6707//6707
f 6715//6715 6695//6695 6696//6696
f 6716//6716 6708//6708 6715//6715
f 6697//6697 6715//6715 6696//6696
f 6717//6717 6709//6709 6716//6716
f 6717//6717 6697//6697 6698//6698
f 6717//6717 6690//6690 6710//6710
f 6718//6718 4937//4937 6707//6707
f 6718//6718 4954//4954 4953//4953
f 6708//6708 6718//6718 6707//6707
f 6720//6720 4954//4954 6719//6719
f 6720//6720 6708//6708 6709//6709
f 6720//6720 4938//4938 4955//4955
f 6723//6723 5048//5048 6722//6722
f 6723//6723 6610//6610 6611//6611
f 6723//6723 3915//3915 5049//5049
f 6726//6726 6613//6613 6614//6614
f 6727//6727 6721//6721 6726//6726
f 6727//6727 6614//6614 6615//6615
f 6727//6727 6610//6610 6722//6722
f 6728//6728 6658//6658 6666//6666
f 6728//6728 6488//6488 6617//6617
f 6729//6729 6724//6724 6728//6728
f 6729//6729 6617//6617 6618//6618
f 6729//6729 6613//6613 6725//6725
f 6733//6733 5066//5066 6732//6732
f 6733//6733 6721//6721 6722//6722
f 6733//6733 5048//5048 5067//5067
f 6734//6734 6658//6658 6724//6724
f 6735//6735 6730//6730 6734//6734
f 6735//6735 6724//6724 6725//6725
f 6736//6736 6731//6731 6735//6735
f 6736//6736 6725//6725 6726//6726
f 6736//6736 6721//6721 6732//6732
f 6738//6738 5086//5086 6737//6737
f 6738//6738 6730//6730 6731//6731
f 6739//6739 5087//5087 6738//6738
f 6739//6739 6731//6731 6732//6732
f 6739//6739 5066//5066 5088//5088
f 6740//6740 6692//6692 6700//6700
f 6740//6740 6679//6679 6734//6734
f 6740//6740 6730//6730 6737//6737
f 6741//6741 4941//4941 6712//6712
f 6741//6741 6692//6692 6737//6737
f 6741//6741 5086//5086 5114//5114
f 6743//6743 5445//5445 6742//6742
f 6743//6743 2500//2500 2501//2501
f 2501//2501 5446//5446 6743//6743
f 2502//2502 6742//6742 6744//6744
f 6745//6745 2502//2502 6744//6744
f 6746//6746 2503//2503 6745//6745
f 6747//6747 2504//2504 6746//6746
f 6749//6749 2506//2506 2507//2507
f 2507//2507 6747//6747 6749//6749
f 2508//2508 6748//6748 6750//6750
f 6752//6752 2509//2509 2510//2510
f 2510//2510 6750//6750 6752//6752
f 6742//6742 5457//5457 6753//6753
f 6744//6744 6753//6753 6754//6754
f 6745//6745 6754//6754 6755//6755
f 6746//6746 6755//6755 6756//6756
f 6747//6747 6756//6756 6757//6757
f 6749//6749 6758//6758 6748//6748
f 6759//6759 6747//6747 6757//6757
f 6760//6760 6748//6748 6758//6758
f 6752//6752 6761//6761 6751//6751
f 6762//6762 6750//6750 6760//6760
f 6753//6753 5467//5467 6763//6763
f 6754//6754 6763//6763 6764//6764
f 6755//6755 6764//6764 6765//6765
f 6756//6756 6765//6765 6766//6766
f 6757//6757 6766//6766 6767//6767
f 6759//6759 6768//6768 6758//6758
f 6769//6769 6757//6757 6767//6767
f 6770//6770 6758//6758 6768//6768
f 6762//6762 6771//6771 6761//6761
f 6772//6772 6760//6760 6770//6770
f 6763//6763 5477//5477 6773//6773
f 6764//6764 6773//6773 6774//6774
f 6765//6765 6774//6774 6775//6775
f 6766//6766 6775//6775 6776//6776
f 6778//6778 6766//6766 6776//6776
f 6780//6780 6777//6777 6779//6779
f 6780//6780 6768//6768 6769//6769
f 6780//6780 6767//6767 6778//6778
f 6770//6770 6779//6779 6782//6782
f 6784//6784 6781//6781 6783//6783
f 6784//6784 6771//6771 6772//6772
f 6784//6784 6770//6770 6782//6782
f 6773//6773 5488//5488 6785//6785
f 6774//6774 6785//6785 6786//6786
f 6775//6775 6786//6786 6787//6787
f 6789//6789 6775//6775 6787//6787
f 6791//6791 6788//6788 6790//6790
f 6791//6791 6777//6777 6778//6778
f 6791//6791 6776//6776 6789//6789
f 6792//6792 6777//6777 6790//6790
f 6794//6794 6781//6781 6782//6782
f 6782//6782 6792//6792 6794//6794
f 6796//6796 6781//6781 6793//6793
f 6798//6798 5500//5500 6797//6797
f 6785//6785 5501//5501 6798//6798
f 6799//6799 6798//6798 6797//6797
f 6800//6800 6785//6785 6798//6798
f 6801//6801 6800//6800 6799//6799
f 6802//6802 6786//6786 6800//6800
f 6804//6804 6801//6801 6803//6803
f 6804//6804 6788//6788 6789//6789
f 6804//6804 6787//6787 6802//6802
f 6805//6805 6788//6788 6803//6803
f 6792//6792 6805//6805 6807//6807
f 6810//6810 6806//6806 6809//6809
f 6810//6810 6793//6793 6794//6794
f 6810//6810 6792//6792 6807//6807
f 6813//6813 6808//6808 6812//6812
f 6813//6813 6795//6795 6796//6796
f 6813//6813 6793//6793 6809//6809
f 6797//6797 5510//5510 6814//6814
f 6815//6815 6797//6797 6814//6814
f 6816//6816 6799//6799 6815//6815
f 6803//6803 6816//6816 6818//6818
f 6820//6820 6817//6817 6819//6819
f 6805//6805 6818//6818 6820//6820
f 6823//6823 6819//6819 6822//6822
f 6823//6823 6806//6806 6807//6807
f 6823//6823 6805//6805 6820//6820
f 6826//6826 6821//6821 6825//6825
f 6826//6826 6808//6808 6809//6809
f 6826//6826 6806//6806 6822//6822
f 6811//6811 6212//6212 6197//6197
f 6828//6828 6824//6824 6827//6827
f 6828//6828 6811//6811 6812//6812
f 6828//6828 6808//6808 6825//6825
f 6830//6830 5522//5522 6829//6829
f 6814//6814 5523//5523 6830//6830
f 6831//6831 6830//6830 6829//6829
f 6832//6832 6814//6814 6830//6830
f 6833//6833 6832//6832 6831//6831
f 6834//6834 6815//6815 6832//6832
f 6836//6836 6833//6833 6835//6835
f 6836//6836 6817//6817 6818//6818
f 6836//6836 6816//6816 6834//6834
f 6838//6838 6817//6817 6835//6835
f 6841//6841 6837//6837 6840//6840
f 6841//6841 6821//6821 6822//6822
f 6841//6841 6819//6819 6838//6838
f 6229//6229 6839//6839 6227//6227
f 6843//6843 6839//6839 6842//6842
f 6843//6843 6824//6824 6825//6825
f 6843//6843 6821//6821 6840//6840
f 6230//6230 6842//6842 6229//6229
f 6827//6827 6230//6230 6212//6212
f 6844//6844 6824//6824 6842//6842
f 6845//6845 2509//2509 6751//6751
f 6846//6846 2383//2383 2532//2532
f 6847//6847 2532//2532 2533//2533
f 6848//6848 2533//2533 2534//2534
f 6848//6848 2531//2531 6845//6845
f 6845//6845 6761//6761 6850//6850
f 6851//6851 6234//6234 6846//6846
f 6847//6847 6851//6851 6846//6846
f 6853//6853 6849//6849 6852//6852
f 6853//6853 6847//6847 6848//6848
f 6853//6853 6845//6845 6850//6850
f 6855//6855 6849//6849 6850//6850
f 6855//6855 6761//6761 6771//6771
f 6856//6856 6239//6239 6851//6851
f 6857//6857 6851//6851 6852//6852
f 6857//6857 6849//6849 6854//6854
f 6860//6860 6854//6854 6855//6855
f 6860//6860 6771//6771 6783//6783
f 6856//6856 6248//6248 6243//6243
f 6862//6862 6858//6858 6861//6861
f 6862//6862 6856//6856 6857//6857
f 6862//6862 6854//6854 6859//6859
f 6864//6864 6858//6858 6859//6859
f 6865//6865 6795//6795 6864//6864
f 6865//6865 6859//6859 6860//6860
f 6865//6865 6783//6783 6796//6796
f 6252//6252 6863//6863 6251//6251
f 6861//6861 6252//6252 6248//6248
f 6866//6866 6858//6858 6863//6863
f 6867//6867 6197//6197 6254//6254
f 6867//6867 6251//6251 6863//6863
f 6868//6868 6811//6811 6867//6867
f 6868//6868 6863//6863 6864//6864
f 6868//6868 6795//6795 6812//6812
f 6869//6869 5522//5522 5734//5734
f 6831//6831 6869//6869 6871//6871
f 6873//6873 6870//6870 6872//6872
f 6873//6873 6831//6831 6871//6871
f 6876//6876 6872//6872 6875//6875
f 6876//6876 6833//6833 6873//6873
f 6878//6878 6874//6874 6877//6877
f 6879//6879 6875//6875 6878//6878
f 6879//6879 6837//6837 6838//6838
f 6879//6879 6835//6835 6876//6876
f 6880//6880 6513//6513 6517//6517
f 6880//6880 6227//6227 6839//6839
f 6881//6881 6877//6877 6880//6880
f 6881//6881 6839//6839 6840//6840
f 6881//6881 6837//6837 6878//6878
f 6883//6883 5748//5748 6882//6882
f 6883//6883 5750//5750 5749//5749
f 6869//6869 5750//5750 6884//6884
f 6886//6886 6882//6882 6885//6885
f 6887//6887 6883//6883 6886//6886
f 6887//6887 6870//6870 6871//6871
f 6887//6887 6869//6869 6884//6884
f 6888//6888 6518//6518 6522//6522
f 6889//6889 6885//6885 6888//6888
f 6889//6889 6870//6870 6886//6886
f 6527//6527 6888//6888 6522//6522
f 6891//6891 6888//6888 6890//6890
f 6891//6891 6874//6874 6875//6875
f 6891//6891 6872//6872 6889//6889
f 6532//6532 6890//6890 6527//6527
f 6877//6877 6532//6532 6513//6513
f 6892//6892 6874//6874 6890//6890
f 6893//6893 3896//3896 6536//6536
f 6893//6893 5748//5748 5763//5763
f 6894//6894 6536//6536 6539//6539
f 6894//6894 6518//6518 6885//6885
f 6894//6894 6882//6882 6893//6893
f 9//9 8//8 5//5
f 12//12 11//11 7//7
f 12//12 8//8 9//9
f 19//19 18//18 14//14
f 22//22 21//21 16//16
f 22//22 17//17 18//18
f 23//23 18//18 19//19
f 24//24 6//6 5//5
f 26//26 25//25 20//20
f 26//26 21//21 22//22
f 28//28 27//27 22//22
f 28//28 8//8 7//7
f 28//28 23//23 5//5
f 30//30 25//25 26//26
f 32//32 31//31 26//26
f 32//32 11//11 10//10
f 32//32 27//27 7//7
f 37//37 36//36 33//33
f 41//41 40//40 35//35
f 42//42 41//41 36//36
f 42//42 15//15 14//14
f 45//45 44//44 38//38
f 46//46 45//45 39//39
f 46//46 17//17 16//16
f 47//47 46//46 40//40
f 47//47 18//18 17//17
f 47//47 41//41 14//14
f 50//50 49//49 43//43
f 51//51 50//50 44//44
f 51//51 21//21 20//20
f 51//51 45//45 16//16
f 53//53 52//52 48//48
f 54//54 53//53 49//49
f 54//54 50//50 20//20
f 57//57 56//56 52//52
f 58//58 57//57 53//53
f 58//58 30//30 29//29
f 58//58 54//54 25//25
f 64//64 63//63 59//59
f 64//64 34//34 33//33
f 68//68 67//67 61//61
f 69//69 68//68 62//62
f 69//69 36//36 35//35
f 69//69 63//63 33//33
f 72//72 71//71 65//65
f 73//73 72//72 66//66
f 73//73 39//39 38//38
f 74//74 73//73 67//67
f 74//74 40//40 39//39
f 74//74 68//68 35//35
f 76//76 75//75 70//70
f 77//77 76//76 71//71
f 77//77 44//44 43//43
f 77//77 72//72 38//38
f 80//80 79//79 75//75
f 80//80 49//49 48//48
f 80//80 76//76 43//43
f 82//82 81//81 78//78
f 82//82 79//79 48//48
f 83//83 4//4 3//3
f 84//84 83//83 81//81
f 84//84 56//56 55//55
f 84//84 82//82 52//52
f 90//90 89//89 85//85
f 90//90 86//86 87//87
f 95//95 9//9 6//6
f 96//96 95//95 88//88
f 96//96 89//89 90//90
f 98//98 97//97 90//90
f 98//98 91//91 92//92
f 99//99 92//92 93//93
f 100//100 93//93 94//94
f 13//13 9//9 95//95
f 103//103 95//95 96//96
f 104//104 96//96 97//97
f 105//105 97//97 98//98
f 107//107 106//106 98//98
f 108//108 107//107 99//99
f 109//109 108//108 100//100
f 109//109 101//101 102//102
f 116//116 115//115 111//111
f 116//116 112//112 113//113
f 122//122 19//19 15//15
f 122//122 114//114 115//115
f 123//123 115//115 116//116
f 124//124 86//86 85//85
f 125//125 124//124 116//116
f 87//87 86//86 124//124
f 126//126 125//125 117//117
f 126//126 118//118 119//119
f 127//127 119//119 120//120
f 128//128 120//120 121//121
f 130//130 24//24 19//19
f 88//88 6//6 24//24
f 131//131 130//130 122//122
f 131//131 89//89 88//88
f 131//131 123//123 85//85
f 132//132 91//91 87//87
f 132//132 125//125 126//126
f 92//92 91//91 132//132
f 133//133 126//126 127//127
f 134//134 93//93 92//92
f 134//134 127//127 128//128
f 94//94 93//93 134//134
f 136//136 135//135 128//128
f 137//137 101//101 94//94
f 137//137 135//135 136//136
f 102//102 101//101 137//137
f 37//37 34//34 139//139
f 146//146 139//139 140//140
f 148//148 147//147 140//140
f 148//148 112//112 111//111
f 148//148 141//141 142//142
f 113//113 112//112 148//148
f 149//149 142//142 143//143
f 151//151 150//150 143//143
f 151//151 144//144 145//145
f 154//154 42//42 37//37
f 114//114 15//15 42//42
f 155//155 154//154 146//146
f 155//155 115//115 114//114
f 155//155 147//147 111//111
f 156//156 117//117 113//113
f 156//156 149//149 150//150
f 118//118 117//117 156//156
f 158//158 157//157 150//150
f 158//158 119//119 118//118
f 159//159 158//158 151//151
f 159//159 120//120 119//119
f 159//159 152//152 153//153
f 121//121 120//120 159//159
f 161//161 129//129 121//121
f 164//164 163//163 1//1
f 170//170 64//64 60//60
f 139//139 34//34 64//64
f 171//171 170//170 162//162
f 140//140 139//139 170//170
f 172//172 171//171 163//163
f 141//141 140//140 171//171
f 172//172 164//164 165//165
f 142//142 141//141 172//172
f 173//173 165//165 166//166
f 174//174 143//143 142//142
f 174//174 166//166 167//167
f 175//175 144//144 143//143
f 175//175 167//167 168//168
f 145//145 144//144 175//175
f 176//176 168//168 169//169
f 178//178 152//152 145//145
f 178//178 176//176 177//177
f 153//153 152//152 178//178
f 110//110 102//102 180//180
f 136//136 129//129 182//182
f 185//185 138//138 136//136
f 180//180 102//102 138//138
f 185//185 183//183 184//184
f 188//188 181//181 180//180
f 189//189 188//188 185//185
f 189//189 186//186 187//187
f 160//160 153//153 191//191
f 161//161 160//160 192//192
f 182//182 129//129 161//161
f 194//194 192//192 193//193
f 198//198 183//183 182//182
f 198//198 194//194 195//195
f 184//184 183//183 198//198
f 199//199 195//195 196//196
f 200//200 196//196 197//197
f 202//202 186//186 184//184
f 202//202 199//199 200//200
f 187//187 186//186 202//202
f 203//203 200//200 201//201
f 206//206 190//190 187//187
f 206//206 203//203 204//204
f 207//207 204//204 205//205
f 179//179 177//177 209//209
f 191//191 153//153 179//179
f 211//211 209//209 210//210
f 214//214 192//192 191//191
f 214//214 211//211 212//212
f 193//193 192//192 214//214
f 215//215 212//212 213//213
f 218//218 195//195 193//193
f 218//218 215//215 216//216
f 196//196 195//195 218//218
f 219//219 216//216 217//217
f 197//197 196//196 219//219
f 222//222 201//201 197//197
f 222//222 220//220 221//221
f 225//225 204//204 201//201
f 225//225 222//222 223//223
f 205//205 204//204 225//225
f 226//226 223//223 224//224
f 228//228 208//208 205//205
f 228//228 226//226 227//227
f 235//235 234//234 232//232
f 236//236 234//234 235//235
f 239//239 238//238 236//236
f 241//241 240//240 238//238
f 242//242 240//240 241//241
f 249//249 248//248 246//246
f 251//251 250//250 248//248
f 252//252 250//250 251//251
f 257//257 256//256 10//10
f 258//258 257//257 11//11
f 258//258 12//12 13//13
f 262//262 261//261 256//256
f 262//262 257//257 258//258
f 264//264 263//263 258//258
f 266//266 265//265 260//260
f 266//266 261//261 262//262
f 267//267 262//262 263//263
f 269//269 268//268 263//263
f 269//269 247//247 246//246
f 269//269 264//264 245//245
f 271//271 270//270 265//265
f 271//271 266//266 267//267
f 273//273 272//272 267//267
f 273//273 268//268 246//246
f 275//275 274//274 270//270
f 275//275 271//271 272//272
f 277//277 276//276 272//272
f 250//250 277//277 273//273
f 278//278 274//274 275//275
f 280//280 279//279 275//275
f 280//280 276//276 277//277
f 252//252 281//281 277//277
f 282//282 281//281 252//252
f 283//283 278//278 279//279
f 285//285 284//284 279//279
f 286//286 285//285 280//280
f 286//286 281//281 282//282
f 254//254 287//287 282//282
f 288//288 284//284 285//285
f 290//290 289//289 285//285
f 290//290 286//286 287//287
f 255//255 291//291 287//287
f 293//293 292//292 29//29
f 293//293 30//30 31//31
f 294//294 31//31 10//10
f 297//297 296//296 292//292
f 298//298 297//297 293//293
f 298//298 261//261 260//260
f 298//298 294//294 256//256
f 300//300 299//299 295//295
f 300//300 296//296 297//297
f 301//301 297//297 260//260
f 302//302 299//299 300//300
f 304//304 303//303 300//300
f 270//270 304//304 301//301
f 305//305 302//302 303//303
f 307//307 306//306 303//303
f 274//274 307//307 304//304
f 309//309 308//308 305//305
f 310//310 309//309 306//306
f 310//310 307//307 274//274
f 311//311 308//308 309//309
f 312//312 309//309 310//310
f 283//283 313//313 310//310
f 314//314 313//313 283//283
f 315//315 312//312 313//313
f 316//316 313//313 314//314
f 288//288 317//317 314//314
f 319//319 318//318 55//55
f 320//320 319//319 56//56
f 320//320 57//57 29//29
f 321//321 318//318 319//319
f 323//323 322//322 319//319
f 323//323 296//296 295//295
f 323//323 320//320 292//292
f 325//325 324//324 321//321
f 325//325 322//322 295//295
f 327//327 326//326 324//324
f 302//302 327//327 325//325
f 328//328 326//326 327//327
f 329//329 327//327 302//302
f 330//330 328//328 329//329
f 331//331 329//329 305//305
f 332//332 330//330 331//331
f 311//311 333//333 331//331
f 334//334 333//333 311//311
f 335//335 332//332 333//333
f 336//336 333//333 334//334
f 315//315 337//337 334//334
f 338//338 231//231 4//4
f 338//338 83//83 55//55
f 339//339 233//233 231//231
f 321//321 339//339 338//338
f 235//235 233//233 339//339
f 324//324 340//340 339//339
f 237//237 235//235 340//340
f 326//326 341//341 340//340
f 239//239 237//237 341//341
f 342//342 341//341 326//326
f 343//343 241//241 239//239
f 343//343 342//342 328//328
f 344//344 243//243 241//241
f 344//344 343//343 330//330
f 244//244 243//243 344//344
f 345//345 344//344 332//332
f 353//353 352//352 346//346
f 353//353 347//347 348//348
f 354//354 348//348 349//349
f 355//355 349//349 350//350
f 356//356 350//350 351//351
f 359//359 247//247 245//245
f 359//359 352//352 353//353
f 360//360 353//353 354//354
f 362//362 361//361 354//354
f 363//363 362//362 355//355
f 364//364 363//363 356//356
f 364//364 357//357 358//358
f 249//249 247//247 359//359
f 366//366 359//359 360//360
f 367//367 360//360 361//361
f 369//369 368//368 361//361
f 370//370 369//369 362//362
f 371//371 370//370 363//363
f 371//371 364//364 365//365
f 251//251 249//249 366//366
f 374//374 366//366 367//367
f 376//376 375//375 367//367
f 377//377 376//376 368//368
f 378//378 377//377 369//369
f 379//379 378//378 370//370
f 380//380 379//379 371//371
f 381//381 380//380 372//372
f 382//382 253//253 251//251
f 383//383 382//382 374//374
f 384//384 383//383 375//375
f 385//385 384//384 376//376
f 385//385 377//377 378//378
f 386//386 378//378 379//379
f 388//388 387//387 379//379
f 254//254 253//253 382//382
f 390//390 389//389 382//382
f 391//391 390//390 383//383
f 392//392 391//391 384//384
f 392//392 385//385 386//386
f 393//393 386//386 387//387
f 395//395 394//394 387//387
f 255//255 254//254 389//389
f 396//396 389//389 390//390
f 398//398 397//397 390//390
f 399//399 398//398 391//391
f 400//400 399//399 392//392
f 401//401 400//400 393//393
f 402//402 259//259 13//13
f 403//403 402//402 103//103
f 403//403 347//347 346//346
f 403//403 104//104 105//105
f 404//404 348//348 347//347
f 404//404 105//105 106//106
f 405//405 349//349 348//348
f 405//405 106//106 107//107
f 406//406 350//350 349//349
f 406//406 107//107 108//108
f 351//351 350//350 406//406
f 408//408 407//407 108//108
f 409//409 408//408 109//109
f 410//410 264//264 259//259
f 410//410 352//352 245//245
f 410//410 402//402 346//346
f 411//411 357//357 351//351
f 411//411 407//407 408//408
f 358//358 357//357 411//411
f 413//413 412//412 408//408
f 414//414 365//365 358//358
f 414//414 412//412 413//413
f 416//416 372//372 365//365
f 416//416 414//414 415//415
f 373//373 372//372 416//416
f 381//381 419//419 418//418
f 381//381 373//373 417//417
f 388//388 380//380 418//418
f 421//421 420//420 418//418
f 395//395 423//423 422//422
f 395//395 388//388 420//420
f 424//424 423//423 420//420
f 425//425 291//291 255//255
f 426//426 425//425 396//396
f 401//401 428//428 427//427
f 401//401 394//394 422//422
f 429//429 428//428 422//422
f 429//429 423//423 424//424
f 409//409 110//110 181//181
f 433//433 413//413 409//409
f 433//433 431//431 432//432
f 435//435 415//415 413//413
f 435//435 433//433 434//434
f 437//437 417//417 415//415
f 437//437 435//435 436//436
f 419//419 417//417 437//437
f 440//440 439//439 437//437
f 421//421 419//419 439//439
f 442//442 441//441 439//439
f 424//424 421//421 441//441
f 444//444 443//443 441//441
f 430//430 424//424 443//443
f 446//446 445//445 443//443
f 447//447 431//431 181//181
f 447//447 188//188 189//189
f 432//432 431//431 447//447
f 449//449 448//448 189//189
f 451//451 434//434 432//432
f 451//451 448//448 449//449
f 452//452 449//449 450//450
f 436//436 434//434 451//451
f 454//454 451//451 452//452
f 456//456 455//455 452//452
f 438//438 436//436 454//454
f 458//458 457//457 454//454
f 458//458 455//455 456//456
f 460//460 440//440 438//438
f 461//461 460//460 457//457
f 461//461 458//458 459//459
f 463//463 442//442 440//440
f 464//464 463//463 460//460
f 465//465 464//464 461//461
f 466//466 444//444 442//442
f 467//467 466//466 463//463
f 468//468 467//467 464//464
f 446//446 470//470 469//469
f 446//446 444//444 466//466
f 471//471 470//470 466//466
f 472//472 471//471 467//467
f 473//473 449//449 190//190
f 473//473 206//206 207//207
f 450//450 449//449 473//473
f 474//474 207//207 208//208
f 477//477 453//453 450//450
f 477//477 474//474 475//475
f 478//478 475//475 476//476
f 456//456 453//453 477//477
f 480//480 477//477 478//478
f 481//481 478//478 479//479
f 459//459 456//456 480//480
f 483//483 480//480 481//481
f 484//484 481//481 482//482
f 462//462 459//459 483//483
f 486//486 483//483 484//484
f 488//488 487//487 484//484
f 489//489 465//465 462//462
f 489//489 486//486 487//487
f 491//491 490//490 487//487
f 492//492 468//468 465//465
f 492//492 489//489 490//490
f 493//493 490//490 491//491
f 495//495 472//472 468//468
f 495//495 492//492 493//493
f 497//497 496//496 493//493
f 498//498 475//475 208//208
f 498//498 228//228 229//229
f 476//476 475//475 498//498
f 499//499 229//229 230//230
f 501//501 479//479 476//476
f 501//501 499//499 500//500
f 482//482 479//479 501//501
f 503//503 501//501 502//502
f 485//485 482//482 503//503
f 505//505 503//503 504//504
f 488//488 485//485 505//505
f 508//508 507//507 505//505
f 509//509 491//491 488//488
f 510//510 509//509 507//507
f 511//511 494//494 491//491
f 512//512 511//511 509//509
f 497//497 514//514 513//513
f 497//497 494//494 511//511
f 515//515 514//514 511//511
f 518//518 288//288 289//289
f 520//520 519//519 289//289
f 521//521 520//520 290//290
f 522//522 519//519 520//520
f 524//524 523//523 520//520
f 525//525 523//523 524//524
f 527//527 315//315 316//316
f 528//528 316//316 317//317
f 518//518 529//529 317//317
f 530//530 529//529 518//518
f 531//531 527//527 528//528
f 533//533 532//532 528//528
f 533//533 529//529 530//530
f 522//522 534//534 530//530
f 535//535 534//534 522//522
f 536//536 532//532 533//533
f 538//538 537//537 533//533
f 538//538 534//534 535//535
f 525//525 539//539 535//535
f 540//540 539//539 525//525
f 541//541 537//537 538//538
f 543//543 542//542 538//538
f 544//544 543//543 539//539
f 545//545 543//543 544//544
f 547//547 335//335 336//336
f 549//549 548//548 336//336
f 549//549 337//337 315//315
f 550//550 548//548 549//549
f 531//531 551//551 549//549
f 552//552 551//551 531//531
f 553//553 550//550 551//551
f 554//554 551//551 552//552
f 536//536 555//555 552//552
f 556//556 555//555 536//536
f 557//557 554//554 555//555
f 558//558 555//555 556//556
f 541//541 559//559 556//556
f 560//560 559//559 541//541
f 561//561 560//560 542//542
f 562//562 558//558 559//559
f 563//563 559//559 560//560
f 564//564 560//560 561//561
f 545//545 565//565 561//561
f 566//566 565//565 545//545
f 567//567 563//563 564//564
f 568//568 564//564 565//565
f 569//569 565//565 566//566
f 571//571 569//569 570//570
f 516//516 244//244 345//345
f 547//547 573//573 345//345
f 574//574 573//573 547//547
f 517//517 516//516 573//573
f 575//575 573//573 574//574
f 550//550 576//576 574//574
f 577//577 575//575 576//576
f 553//553 578//578 576//576
f 579//579 578//578 553//553
f 580//580 577//577 578//578
f 581//581 578//578 579//579
f 557//557 582//582 579//579
f 583//583 582//582 557//557
f 584//584 581//581 582//582
f 585//585 582//582 583//583
f 562//562 586//586 583//583
f 587//587 586//586 562//562
f 588//588 585//585 586//586
f 589//589 586//586 587//587
f 567//567 590//590 587//587
f 591//591 590//590 567//567
f 592//592 591//591 568//568
f 593//593 589//589 590//590
f 594//594 590//590 591//591
f 595//595 591//591 592//592
f 571//571 596//596 592//592
f 597//597 596//596 571//571
f 598//598 595//595 596//596
f 599//599 596//596 597//597
f 601//601 397//397 398//398
f 602//602 398//398 399//399
f 604//604 603//603 399//399
f 521//521 291//291 425//425
f 605//605 425//425 426//426
f 601//601 606//606 426//426
f 607//607 606//606 601//601
f 603//603 608//608 607//607
f 604//604 609//609 608//608
f 604//604 400//400 427//427
f 610//610 609//609 427//427
f 610//610 428//428 429//429
f 611//611 429//429 430//430
f 613//613 524//524 521//521
f 614//614 613//613 605//605
f 614//614 606//606 607//607
f 615//615 607//607 608//608
f 617//617 616//616 608//608
f 617//617 609//609 610//610
f 618//618 610//610 611//611
f 620//620 619//619 611//611
f 526//526 524//524 613//613
f 622//622 621//621 613//613
f 623//623 622//622 614//614
f 624//624 623//623 615//615
f 624//624 616//616 617//617
f 626//626 625//625 617//617
f 627//627 626//626 618//618
f 628//628 621//621 622//622
f 629//629 622//622 623//623
f 630//630 623//623 624//624
f 632//632 631//631 624//624
f 620//620 634//634 633//633
f 635//635 540//540 526//526
f 626//626 637//637 636//636
f 627//627 638//638 637//637
f 627//627 619//619 633//633
f 639//639 638//638 633//633
f 544//544 540//540 635//635
f 628//628 640//640 635//635
f 641//641 640//640 628//628
f 630//630 642//642 641//641
f 631//631 643//643 642//642
f 632//632 644//644 643//643
f 632//632 625//625 636//636
f 645//645 644//644 636//636
f 646//646 645//645 637//637
f 646//646 638//638 639//639
f 648//648 546//546 544//544
f 649//649 648//648 640//640
f 650//650 649//649 641//641
f 651//651 650//650 642//642
f 652//652 651//651 643//643
f 652//652 644//644 645//645
f 654//654 653//653 645//645
f 655//655 654//654 646//646
f 656//656 648//648 649//649
f 657//657 649//649 650//650
f 658//658 650//650 651//651
f 660//660 659//659 651//651
f 661//661 660//660 652//652
f 663//663 566//566 546//546
f 654//654 665//665 664//664
f 655//655 666//666 665//665
f 655//655 647//647 662//662
f 570//570 566//566 663//663
f 656//656 667//667 663//663
f 668//668 667//667 656//656
f 658//658 669//669 668//668
f 659//659 670//670 669//669
f 671//671 670//670 659//659
f 661//661 672//672 671//671
f 661//661 653//653 664//664
f 673//673 672//672 664//664
f 674//674 673//673 665//665
f 675//675 572//572 570//570
f 675//675 667//667 668//668
f 676//676 668//668 669//669
f 677//677 669//669 670//670
f 679//679 678//678 670//670
f 680//680 679//679 671//671
f 680//680 672//672 673//673
f 682//682 681//681 673//673
f 675//675 684//684 597//597
f 676//676 685//685 684//684
f 677//677 686//686 685//685
f 678//678 687//687 686//686
f 688//688 687//687 678//678
f 689//689 688//688 679//679
f 690//690 689//689 680//680
f 682//682 691//691 690//690
f 682//682 674//674 683//683
f 600//600 597//597 684//684
f 692//692 684//684 685//685
f 694//694 693//693 685//685
f 695//695 694//694 686//686
f 695//695 687//687 688//688
f 697//697 696//696 688//688
f 698//698 697//697 689//689
f 699//699 698//698 690//690
f 700//700 612//612 430//430
f 701//701 620//620 612//612
f 700//700 445//445 469//469
f 703//703 702//702 469//469
f 703//703 470//470 471//471
f 705//705 704//704 471//471
f 701//701 706//706 634//634
f 701//701 700//700 702//702
f 706//706 702//702 703//703
f 708//708 707//707 703//703
f 639//639 634//634 706//706
f 710//710 709//709 706//706
f 711//711 647//647 639//639
f 705//705 713//713 712//712
f 705//705 472//472 495//495
f 714//714 713//713 495//495
f 708//708 716//716 715//715
f 708//708 704//704 712//712
f 717//717 716//716 712//712
f 718//718 717//717 713//713
f 710//710 720//720 719//719
f 710//710 707//707 715//715
f 721//721 720//720 715//715
f 722//722 721//721 716//716
f 711//711 723//723 662//662
f 711//711 709//709 719//719
f 724//724 723//723 719//719
f 724//724 720//720 721//721
f 726//726 725//725 721//721
f 728//728 666//666 662//662
f 729//729 728//728 723//723
f 730//730 729//729 724//724
f 733//733 674//674 666//666
f 735//735 734//734 731//731
f 738//738 737//737 734//734
f 740//740 739//739 736//736
f 740//740 737//737 738//738
f 714//714 496//496 513//513
f 743//743 742//742 513//513
f 744//744 743//743 514//514
f 718//718 746//746 745//745
f 718//718 714//714 742//742
f 747//747 746//746 742//742
f 722//722 717//717 745//745
f 749//749 748//748 745//745
f 750//750 749//749 746//746
f 726//726 754//754 753//753
f 726//726 722//722 748//748
f 755//755 754//754 748//748
f 758//758 757//757 751//751
f 729//729 760//760 759//759
f 730//730 761//761 760//760
f 730//730 725//725 753//753
f 762//762 761//761 753//753
f 764//764 763//763 756//756
f 765//765 764//764 757//757
f 765//765 732//732 731//731
f 765//765 758//758 727//727
f 733//733 766//766 683//683
f 733//733 728//728 759//759
f 767//767 766//766 759//759
f 768//768 767//767 760//760
f 770//770 769//769 763//763
f 770//770 764//764 731//731
f 771//771 691//691 683//683
f 772//772 771//771 766//766
f 774//774 773//773 769//769
f 774//774 737//737 736//736
f 774//774 770//770 734//734
f 775//775 773//773 736//736
f 782//782 779//779 778//778
f 782//782 780//780 777//777
f 792//792 791//791 786//786
f 792//792 784//784 783//783
f 792//792 787//787 788//788
f 785//785 784//784 792//792
f 799//799 787//787 786//786
f 800//800 799//799 794//794
f 800//800 788//788 787//787
f 803//803 802//802 796//796
f 803//803 790//790 789//789
f 804//804 803//803 797//797
f 804//804 791//791 790//790
f 804//804 798//798 786//786
f 809//809 795//795 794//794
f 812//812 797//797 796//796
f 813//813 812//812 806//806
f 813//813 798//798 797//797
f 814//814 813//813 807//807
f 814//814 799//799 798//798
f 814//814 808//808 794//794
f 818//818 817//817 810//810
f 818//818 802//802 801//801
f 818//818 811//811 796//796
f 825//825 807//807 806//806
f 826//826 825//825 819//819
f 826//826 808//808 807//807
f 827//827 826//826 820//820
f 827//827 809//809 808//808
f 827//827 821//821 805//805
f 830//830 829//829 822//822
f 830//830 811//811 810//810
f 831//831 830//830 823//823
f 831//831 812//812 811//811
f 831//831 824//824 806//806
f 833//833 816//816 815//815
f 834//834 833//833 828//828
f 834//834 817//817 816//816
f 834//834 829//829 810//810
f 840//840 820//820 819//819
f 841//841 840//840 835//835
f 841//841 821//821 820//820
f 844//844 823//823 822//822
f 845//845 844//844 837//837
f 845//845 824//824 823//823
f 846//846 845//845 838//838
f 846//846 825//825 824//824
f 846//846 839//839 819//819
f 849//849 848//848 842//842
f 849//849 829//829 828//828
f 849//849 843//843 822//822
f 851//851 850//850 847//847
f 851//851 833//833 832//832
f 851//851 848//848 828//828
f 854//854 836//836 835//835
f 857//857 838//838 837//837
f 858//858 839//839 838//838
f 859//859 858//858 852//852
f 859//859 840//840 839//839
f 859//859 853//853 835//835
f 861//861 843//843 842//842
f 862//862 861//861 855//855
f 862//862 844//844 843//843
f 862//862 856//856 837//837
f 864//864 848//848 847//847
f 864//864 860//860 842//842
f 865//865 779//779 777//777
f 865//865 850//850 776//776
f 865//865 863//863 847//847
f 870//870 853//853 852//852
f 854//854 853//853 870//870
f 873//873 856//856 855//855
f 874//874 873//873 867//867
f 874//874 857//857 856//856
f 875//875 874//874 868//868
f 875//875 858//858 857//857
f 875//875 869//869 852//852
f 878//878 861//861 860//860
f 878//878 872//872 855//855
f 879//879 863//863 777//777
f 880//880 879//879 876//876
f 880//880 864//864 863//863
f 880//880 877//877 860//860
f 2//2 1//1 884//884
f 886//886 885//885 881//881
f 882//882 881//881 893//893
f 793//793 788//788 891//891
f 883//883 785//785 793//793
f 899//899 891//891 892//892
f 900//900 884//884 883//883
f 901//901 900//900 892//892
f 901//901 885//885 884//884
f 901//901 893//893 881//881
f 902//902 886//886 882//882
f 902//902 894//894 895//895
f 887//887 886//886 902//902
f 903//903 895//895 896//896
f 904//904 888//888 887//887
f 905//905 904//904 896//896
f 889//889 888//888 904//904
f 905//905 897//897 898//898
f 890//890 889//889 905//905
f 800//800 795//795 907//907
f 915//915 891//891 788//788
f 915//915 907//907 908//908
f 916//916 892//892 891//891
f 916//916 908//908 909//909
f 917//917 893//893 892//892
f 917//917 909//909 910//910
f 894//894 893//893 917//917
f 919//919 918//918 910//910
f 895//895 894//894 918//918
f 920//920 919//919 911//911
f 896//896 895//895 919//919
f 921//921 920//920 912//912
f 897//897 896//896 920//920
f 921//921 913//913 914//914
f 898//898 897//897 921//921
f 923//923 906//906 898//898
f 931//931 809//809 805//805
f 931//931 907//907 795//795
f 931//931 924//924 925//925
f 932//932 908//908 907//907
f 932//932 925//925 926//926
f 933//933 909//909 908//908
f 934//934 933//933 926//926
f 934//934 910//910 909//909
f 935//935 934//934 927//927
f 911//911 910//910 934//934
f 936//936 935//935 928//928
f 912//912 911//911 935//935
f 936//936 929//929 930//930
f 913//913 912//912 936//936
f 914//914 913//913 937//937
f 939//939 922//922 914//914
f 942//942 924//924 805//805
f 925//925 924//924 942//942
f 926//926 925//925 943//943
f 944//944 940//940 941//941
f 945//945 927//927 926//926
f 946//946 928//928 927//927
f 947//947 929//929 928//928
f 930//930 929//929 947//947
f 950//950 937//937 930//930
f 950//950 948//948 949//949
f 938//938 937//937 950//950
f 941//941 940//940 954//954
f 841//841 836//836 952//952
f 942//942 821//821 841//841
f 959//959 952//952 953//953
f 943//943 942//942 959//959
f 961//961 960//960 953//953
f 961//961 944//944 943//943
f 961//961 954//954 940//940
f 962//962 945//945 941//941
f 962//962 955//955 956//956
f 946//946 945//945 962//962
f 964//964 963//963 956//956
f 947//947 946//946 963//963
f 964//964 957//957 958//958
f 948//948 947//947 964//964
f 949//949 948//948 965//965
f 969//969 952//952 836//836
f 970//970 953//953 952//952
f 954//954 953//953 970//970
f 972//972 971//971 967//967
f 955//955 954//954 971//971
f 956//956 955//955 972//972
f 974//974 957//957 956//956
f 958//958 957//957 974//974
f 977//977 965//965 958//958
f 977//977 975//975 976//976
f 966//966 965//965 977//977
f 982//982 968//968 967//967
f 986//986 871//871 866//866
f 986//986 969//969 854//854
f 986//986 979//979 980//980
f 987//987 970//970 969//969
f 988//988 987//987 980//980
f 988//988 971//971 970//970
f 988//988 981//981 967//967
f 989//989 972//972 968//968
f 989//989 982//982 983//983
f 973//973 972//972 989//989
f 991//991 990//990 983//983
f 974//974 973//973 990//990
f 991//991 984//984 985//985
f 992//992 975//975 974//974
f 993//993 976//976 975//975
f 923//923 922//922 996//996
f 994//994 906//906 923//923
f 998//998 996//996 997//997
f 995//995 994//994 998//998
f 939//939 938//938 1002//1002
f 996//996 922//922 939//939
f 1004//1004 1002//1002 1003//1003
f 997//997 996//996 1004//1004
f 1008//1008 999//999 997//997
f 1008//1008 1005//1005 1006//1006
f 1000//1000 999//999 1008//1008
f 1009//1009 1006//1006 1007//1007
f 1001//1001 1000//1000 1009//1009
f 951//951 949//949 1012//1012
f 1002//1002 938//938 951//951
f 1003//1003 1002//1002 1013//1013
f 1016//1016 1005//1005 1003//1003
f 1016//1016 1014//1014 1015//1015
f 1006//1006 1005//1005 1016//1016
f 1007//1007 1006//1006 1017//1017
f 1020//1020 1010//1010 1007//1007
f 1020//1020 1018//1018 1019//1019
f 1011//1011 1010//1010 1020//1020
f 1012//1012 949//949 966//966
f 1025//1025 1013//1013 1012//1012
f 1025//1025 1023//1023 1024//1024
f 1014//1014 1013//1013 1025//1025
f 1015//1015 1014//1014 1026//1026
f 1029//1029 1017//1017 1015//1015
f 1029//1029 1027//1027 1028//1028
f 1018//1018 1017//1017 1029//1029
f 1019//1019 1018//1018 1030//1030
f 1033//1033 1021//1021 1019//1019
f 1033//1033 1031//1031 1032//1032
f 1022//1022 1021//1021 1033//1033
f 978//978 976//976 1036//1036
f 1023//1023 966//966 978//978
f 1024//1024 1023//1023 1037//1037
f 1040//1040 1026//1026 1024//1024
f 1040//1040 1038//1038 1039//1039
f 1027//1027 1026//1026 1040//1040
f 1028//1028 1027//1027 1041//1041
f 1044//1044 1030//1030 1028//1028
f 1044//1044 1042//1042 1043//1043
f 1031//1031 1030//1030 1044//1044
f 1032//1032 1031//1031 1045//1045
f 1047//1047 1034//1034 1032//1032
f 1035//1035 1034//1034 1047//1047
f 1036//1036 976//976 993//993
f 1051//1051 1037//1037 1036//1036
f 1051//1051 1049//1049 1050//1050
f 1038//1038 1037//1037 1051//1051
f 1039//1039 1038//1038 1052//1052
f 1055//1055 1041//1041 1039//1039
f 1055//1055 1053//1053 1054//1054
f 1042//1042 1041//1041 1055//1055
f 1043//1043 1042//1042 1056//1056
f 1059//1059 1045//1045 1043//1043
f 1059//1059 1057//1057 1058//1058
f 1046//1046 1045//1045 1059//1059
f 1062//1062 1047//1047 1046//1046
f 1062//1062 1060//1060 1061//1061
f 1048//1048 1047//1047 1062//1062
f 1070//1070 1069//1069 1067//1067
f 1070//1070 1068//1068 3//3
f 1075//1075 1074//1074 1072//1072
f 1075//1075 1073//1073 1065//1065
f 1078//1078 1077//1077 1074//1074
f 1078//1078 1068//1068 1067//1067
f 1078//1078 1075//1075 1066//1066
f 1080//1080 1079//1079 1076//1076
f 1080//1080 1077//1077 1067//1067
f 1087//1087 1086//1086 1083//1083
f 1087//1087 1073//1073 1072//1072
f 1087//1087 1084//1084 1071//1071
f 1089//1089 1088//1088 1085//1085
f 1089//1089 1086//1086 1072//1072
f 1092//1092 1091//1091 1088//1088
f 1092//1092 1077//1077 1076//1076
f 1092//1092 1089//1089 1074//1074
f 1094//1094 1093//1093 1090//1090
f 1094//1094 1091//1091 1076//1076
f 1098//1098 1096//1096 1081//1081
f 1101//1101 1100//1100 1097//1097
f 1101//1101 1084//1084 1083//1083
f 1101//1101 1098//1098 1082//1082
f 1103//1103 1102//1102 1099//1099
f 1103//1103 1086//1086 1085//1085
f 1103//1103 1100//1100 1083//1083
f 1105//1105 1102//1102 1085//1085
f 1107//1107 1106//1106 1104//1104
f 1107//1107 1091//1091 1090//1090
f 1107//1107 1105//1105 1088//1088
f 1109//1109 1106//1106 1090//1090
f 1112//1112 1110//1110 1095//1095
f 1115//1115 1114//1114 1111//1111
f 1115//1115 1098//1098 1097//1097
f 1115//1115 1112//1112 1096//1096
f 1118//1118 1117//1117 1113//1113
f 1118//1118 1100//1100 1099//1099
f 1118//1118 1114//1114 1097//1097
f 1120//1120 1119//1119 1116//1116
f 1120//1120 1117//1117 1099//1099
f 1123//1123 1122//1122 1119//1119
f 1123//1123 1105//1105 1104//1104
f 1123//1123 1120//1120 1102//1102
f 1125//1125 1124//1124 1121//1121
f 1125//1125 1122//1122 1104//1104
f 1127//1127 1126//1126 1124//1124
f 1127//1127 1109//1109 1108//1108
f 1127//1127 1125//1125 1106//1106
f 1132//1132 1131//1131 1128//1128
f 1132//1132 1112//1112 1111//1111
f 1132//1132 1129//1129 1110//1110
f 1135//1135 1134//1134 1130//1130
f 1135//1135 1114//1114 1113//1113
f 1135//1135 1131//1131 1111//1111
f 1137//1137 1136//1136 1133//1133
f 1137//1137 1117//1117 1116//1116
f 1137//1137 1134//1134 1113//1113
f 1139//1139 1136//1136 1116//1116
f 1141//1141 1140//1140 1138//1138
f 1141//1141 1122//1122 1121//1121
f 1141//1141 1139//1139 1119//1119
f 1143//1143 1140//1140 1121//1121
f 1145//1145 1144//1144 1142//1142
f 1145//1145 1143//1143 1124//1124
f 1148//1148 1147//1147 778//778
f 1148//1148 1129//1129 1128//1128
f 1148//1148 779//779 776//776
f 1150//1150 1149//1149 1146//1146
f 1150//1150 1131//1131 1130//1130
f 1150//1150 1147//1147 1128//1128
f 1152//1152 1134//1134 1133//1133
f 1152//1152 1149//1149 1130//1130
f 1154//1154 1151//1151 1133//1133
f 1156//1156 1155//1155 1153//1153
f 1156//1156 1139//1139 1138//1138
f 1156//1156 1154//1154 1136//1136
f 1158//1158 1155//1155 1138//1138
f 1160//1160 1159//1159 1157//1157
f 1160//1160 1143//1143 1142//1142
f 1160//1160 1158//1158 1140//1140
f 1161//1161 1159//1159 1142//1142
f 1163//1163 1147//1147 1146//1146
f 1163//1163 781//781 778//778
f 1165//1165 1162//1162 1146//1146
f 1168//1168 1167//1167 1164//1164
f 1168//1168 1152//1152 1151//1151
f 1168//1168 1165//1165 1149//1149
f 1170//1170 1169//1169 1166//1166
f 1170//1170 1154//1154 1153//1153
f 1170//1170 1167//1167 1151//1151
f 1172//1172 1169//1169 1153//1153
f 1174//1174 1173//1173 1171//1171
f 1174//1174 1158//1158 1157//1157
f 1174//1174 1172//1172 1155//1155
f 1175//1175 1173//1173 1157//1157
f 1161//1161 1177//1177 1175//1175
f 1181//1181 1180//1180 783//783
f 1182//1182 1181//1181 784//784
f 1182//1182 60//60 59//59
f 1185//1185 1184//1184 1178//1178
f 1186//1186 1185//1185 1179//1179
f 1186//1186 62//62 61//61
f 1187//1187 1186//1186 1180//1180
f 1187//1187 63//63 62//62
f 1187//1187 1181//1181 59//59
f 1190//1190 1189//1189 1183//1183
f 1190//1190 66//66 65//65
f 1191//1191 1190//1190 1184//1184
f 1191//1191 67//67 66//66
f 1191//1191 1185//1185 61//61
f 1194//1194 1193//1193 1188//1188
f 1194//1194 71//71 70//70
f 1194//1194 1189//1189 65//65
f 1196//1196 1195//1195 1192//1192
f 1196//1196 1193//1193 70//70
f 1197//1197 1066//1066 1065//1065
f 1198//1198 1197//1197 1195//1195
f 1198//1198 79//79 78//78
f 1198//1198 1196//1196 75//75
f 1199//1199 1068//1068 1066//1066
f 1199//1199 81//81 3//3
f 1199//1199 1197//1197 78//78
f 1202//1202 1201//1201 789//789
f 1202//1202 1179//1179 1178//1178
f 1203//1203 1202//1202 790//790
f 1203//1203 1180//1180 1179//1179
f 1203//1203 791//791 783//783
f 1206//1206 1205//1205 1200//1200
f 1206//1206 1184//1184 1183//1183
f 1206//1206 1201//1201 1178//1178
f 1209//1209 1208//1208 1204//1204
f 1209//1209 1189//1189 1188//1188
f 1209//1209 1205//1205 1183//1183
f 1211//1211 1210//1210 1207//1207
f 1211//1211 1193//1193 1192//1192
f 1211//1211 1208//1208 1188//1188
f 1212//1212 1073//1073 1071//1071
f 1212//1212 1195//1195 1065//1065
f 1212//1212 1210//1210 1192//1192
f 1216//1216 1215//1215 801//801
f 1216//1216 1201//1201 1200//1200
f 1216//1216 802//802 789//789
f 1218//1218 1217//1217 1213//1213
f 1219//1219 1218//1218 1214//1214
f 1219//1219 1205//1205 1204//1204
f 1219//1219 1215//1215 1200//1200
f 1220//1220 1082//1082 1081//1081
f 1221//1221 1220//1220 1217//1217
f 1221//1221 1208//1208 1207//1207
f 1221//1221 1218//1218 1204//1204
f 1222//1222 1084//1084 1082//1082
f 1222//1222 1210//1210 1071//1071
f 1222//1222 1220//1220 1207//1207
f 1224//1224 1223//1223 815//815
f 1224//1224 1214//1214 1213//1213
f 1225//1225 1224//1224 816//816
f 1225//1225 1215//1215 1214//1214
f 1225//1225 817//817 801//801
f 1226//1226 1096//1096 1095//1095
f 1226//1226 1217//1217 1081//1081
f 1226//1226 1223//1223 1213//1213
f 1227//1227 1223//1223 1095//1095
f 1227//1227 832//832 815//815
f 1228//1228 1129//1129 776//776
f 1228//1228 1227//1227 1110//1110
f 1228//1228 850//850 832//832
f 1229//1229 1182//1182 785//785
f 162//162 60//60 1182//1182
f 1230//1230 1229//1229 883//883
f 1230//1230 163//163 162//162
f 1230//1230 884//884 1//1
f 1231//1231 164//164 2//2
f 1231//1231 885//885 886//886
f 165//165 164//164 1231//1231
f 1232//1232 886//886 887//887
f 1233//1233 166//166 165//165
f 1233//1233 887//887 888//888
f 1234//1234 167//167 166//166
f 1234//1234 888//888 889//889
f 1235//1235 168//168 167//167
f 1235//1235 889//889 890//890
f 169//169 168//168 1235//1235
f 1237//1237 177//177 169//169
f 1238//1238 1236//1236 890//890
f 1237//1237 1236//1236 1239//1239
f 209//209 177//177 1237//1237
f 1241//1241 1239//1239 1240//1240
f 210//210 209//209 1241//1241
f 1245//1245 212//212 210//210
f 1245//1245 1242//1242 1243//1243
f 213//213 212//212 1245//1245
f 1246//1246 1243//1243 1244//1244
f 1249//1249 216//216 213//213
f 1249//1249 1246//1246 1247//1247
f 217//217 216//216 1249//1249
f 1250//1250 1247//1247 1248//1248
f 1253//1253 220//220 217//217
f 1253//1253 1250//1250 1251//1251
f 221//221 220//220 1253//1253
f 1254//1254 1251//1251 1252//1252
f 1256//1256 223//223 221//221
f 1256//1256 1254//1254 1255//1255
f 224//224 223//223 1256//1256
f 1259//1259 227//227 224//224
f 1259//1259 1257//1257 1258//1258
f 1261//1261 229//229 227//227
f 1261//1261 1259//1259 1260//1260
f 230//230 229//229 1261//1261
f 1238//1238 906//906 994//994
f 1239//1239 1236//1236 1238//1238
f 1264//1264 994//994 995//995
f 1240//1240 1239//1239 1264//1264
f 1268//1268 1242//1242 1240//1240
f 1268//1268 1265//1265 1266//1266
f 1243//1243 1242//1242 1268//1268
f 1269//1269 1266//1266 1267//1267
f 1244//1244 1243//1243 1269//1269
f 1272//1272 1247//1247 1244//1244
f 1272//1272 1270//1270 1271//1271
f 1248//1248 1247//1247 1272//1272
f 1275//1275 1251//1251 1248//1248
f 1275//1275 1273//1273 1274//1274
f 1252//1252 1251//1251 1275//1275
f 1278//1278 1255//1255 1252//1252
f 1278//1278 1276//1276 1277//1277
f 1280//1280 1257//1257 1255//1255
f 1280//1280 1278//1278 1279//1279
f 1258//1258 1257//1257 1280//1280
f 1283//1283 1260//1260 1258//1258
f 1283//1283 1281//1281 1282//1282
f 1285//1285 1262//1262 1260//1260
f 1285//1285 1283//1283 1284//1284
f 1263//1263 1262//1262 1285//1285
f 1287//1287 1265//1265 995//995
f 1287//1287 999//999 1000//1000
f 1266//1266 1265//1265 1287//1287
f 1288//1288 1000//1000 1001//1001
f 1267//1267 1266//1266 1288//1288
f 1291//1291 1270//1270 1267//1267
f 1291//1291 1289//1289 1290//1290
f 1271//1271 1270//1270 1291//1291
f 1294//1294 1273//1273 1271//1271
f 1294//1294 1292//1292 1293//1293
f 1274//1274 1273//1273 1294//1294
f 1297//1297 1276//1276 1274//1274
f 1297//1297 1295//1295 1296//1296
f 1277//1277 1276//1276 1297//1297
f 1300//1300 1279//1279 1277//1277
f 1300//1300 1298//1298 1299//1299
f 1302//1302 1281//1281 1279//1279
f 1302//1302 1300//1300 1301//1301
f 1282//1282 1281//1281 1302//1302
f 1304//1304 1284//1284 1282//1282
f 1305//1305 1286//1286 1284//1284
f 1306//1306 1289//1289 1001//1001
f 1306//1306 1010//1010 1011//1011
f 1290//1290 1289//1289 1306//1306
f 1309//1309 1292//1292 1290//1290
f 1309//1309 1307//1307 1308//1308
f 1293//1293 1292//1292 1309//1309
f 1312//1312 1295//1295 1293//1293
f 1312//1312 1310//1310 1311//1311
f 1296//1296 1295//1295 1312//1312
f 1315//1315 1298//1298 1296//1296
f 1315//1315 1313//1313 1314//1314
f 1299//1299 1298//1298 1315//1315
f 1317//1317 1301//1301 1299//1299
f 1318//1318 1303//1303 1301//1301
f 1319//1319 1307//1307 1011//1011
f 1319//1319 1021//1021 1022//1022
f 1308//1308 1307//1307 1319//1319
f 1322//1322 1310//1310 1308//1308
f 1322//1322 1320//1320 1321//1321
f 1311//1311 1310//1310 1322//1322
f 1325//1325 1313//1313 1311//1311
f 1325//1325 1323//1323 1324//1324
f 1314//1314 1313//1313 1325//1325
f 1327//1327 1316//1316 1314//1314
f 1328//1328 1320//1320 1022//1022
f 1328//1328 1034//1034 1035//1035
f 1321//1321 1320//1320 1328//1328
f 1331//1331 1323//1323 1321//1321
f 1331//1331 1329//1329 1330//1330
f 1324//1324 1323//1323 1331//1331
f 1333//1333 1326//1326 1324//1324
f 1334//1334 1329//1329 1035//1035
f 1330//1330 1329//1329 1334//1334
f 1336//1336 1332//1332 1330//1330
f 1337//1337 1333//1333 1332//1332
f 1338//1338 1334//1334 1048//1048
f 1338//1338 1063//1063 1064//1064
f 1335//1335 1334//1334 1338//1338
f 1340//1340 1336//1336 1335//1335
f 1342//1342 1341//1341 1069//1069
f 231//231 1342//1342 1070//1070
f 1345//1345 1344//1344 1341//1341
f 1345//1345 233//233 232//232
f 1345//1345 1342//1342 231//231
f 1347//1347 1346//1346 1343//1343
f 1347//1347 1344//1344 232//232
f 1349//1349 1348//1348 1346//1346
f 236//236 1349//1349 1347//1347
f 1350//1350 1348//1348 1349//1349
f 238//238 1351//1351 1349//1349
f 1352//1352 1350//1350 1351//1351
f 1353//1353 1351//1351 238//238
f 1354//1354 1352//1352 1353//1353
f 242//242 1355//1355 1353//1353
f 1356//1356 1355//1355 242//242
f 1357//1357 1355//1355 1356//1356
f 244//244 1358//1358 1356//1356
f 1359//1359 1079//1079 1080//1080
f 1341//1341 1360//1360 1080//1080
f 1363//1363 1362//1362 1359//1359
f 1363//1363 1344//1344 1343//1343
f 1363//1363 1360//1360 1341//1341
f 1365//1365 1364//1364 1361//1361
f 1365//1365 1362//1362 1343//1343
f 1366//1366 1364//1364 1365//1365
f 1367//1367 1365//1365 1346//1346
f 1369//1369 1368//1368 1366//1366
f 1350//1350 1369//1369 1367//1367
f 1371//1371 1370//1370 1368//1368
f 1352//1352 1371//1371 1369//1369
f 1372//1372 1370//1370 1371//1371
f 1354//1354 1373//1373 1371//1371
f 1374//1374 1373//1373 1354//1354
f 1375//1375 1372//1372 1373//1373
f 1376//1376 1373//1373 1374//1374
f 1357//1357 1377//1377 1374//1374
f 1378//1378 1093//1093 1094//1094
f 1379//1379 1094//1094 1079//1079
f 1381//1381 1380//1380 1378//1378
f 1381//1381 1362//1362 1361//1361
f 1381//1381 1379//1379 1359//1359
f 1383//1383 1380//1380 1361//1361
f 1385//1385 1384//1384 1382//1382
f 1385//1385 1383//1383 1364//1364
f 1386//1386 1384//1384 1385//1385
f 1368//1368 1387//1387 1385//1385
f 1388//1388 1387//1387 1368//1368
f 1389//1389 1388//1388 1370//1370
f 1375//1375 1390//1390 1389//1389
f 1391//1391 1390//1390 1375//1375
f 1393//1393 1392//1392 1108//1108
f 1393//1393 1109//1109 1093//1093
f 1394//1394 1392//1392 1393//1393
f 1395//1395 1393//1393 1378//1378
f 1397//1397 1396//1396 1394//1394
f 1397//1397 1383//1383 1382//1382
f 1397//1397 1395//1395 1380//1380
f 1398//1398 1396//1396 1382//1382
f 1386//1386 1399//1399 1398//1398
f 1400//1400 1399//1399 1386//1386
f 1401//1401 1399//1399 1400//1400
f 1388//1388 1402//1402 1400//1400
f 1404//1404 1403//1403 1401//1401
f 1404//1404 1402//1402 1388//1388
f 1406//1406 1405//1405 1403//1403
f 1390//1390 1406//1406 1404//1404
f 1408//1408 1126//1126 1108//1108
f 1410//1410 1409//1409 1407//1407
f 1410//1410 1408//1408 1392//1392
f 1411//1411 1409//1409 1410//1410
f 1412//1412 1410//1410 1394//1394
f 1413//1413 1411//1411 1412//1412
f 1398//1398 1414//1414 1412//1412
f 1415//1415 1413//1413 1414//1414
f 1416//1416 1414//1414 1398//1398
f 1418//1418 1417//1417 1415//1415
f 1401//1401 1418//1418 1416//1416
f 1420//1420 1419//1419 1417//1417
f 1403//1403 1420//1420 1418//1418
f 1421//1421 1419//1419 1420//1420
f 1405//1405 1422//1422 1420//1420
f 1424//1424 1423//1423 1144//1144
f 1424//1424 1408//1408 1407//1407
f 1424//1424 1145//1145 1126//1126
f 1425//1425 1423//1423 1407//1407
f 1426//1426 1425//1425 1409//1409
f 1427//1427 1426//1426 1411//1411
f 1428//1428 1427//1427 1413//1413
f 1417//1417 1429//1429 1428//1428
f 1419//1419 1430//1430 1429//1429
f 1421//1421 1431//1431 1430//1430
f 1432//1432 1431//1431 1421//1421
f 1423//1423 1434//1434 1161//1161
f 1436//1436 1435//1435 1433//1433
f 1425//1425 1436//1436 1434//1434
f 1437//1437 1435//1435 1436//1436
f 1438//1438 1436//1436 1425//1425
f 1439//1439 1437//1437 1438//1438
f 1427//1427 1440//1440 1438//1438
f 1442//1442 1441//1441 1439//1439
f 1428//1428 1442//1442 1440//1440
f 1444//1444 1443//1443 1441//1441
f 1429//1429 1444//1444 1442//1442
f 1446//1446 1445//1445 1443//1443
f 1430//1430 1446//1446 1444//1444
f 1447//1447 1445//1445 1446//1446
f 1448//1448 1446//1446 1430//1430
f 1450//1450 1449//1449 1176//1176
f 1450//1450 1434//1434 1433//1433
f 1450//1450 1177//1177 1161//1161
f 1451//1451 1449//1449 1433//1433
f 1452//1452 1451//1451 1435//1435
f 1453//1453 1452//1452 1437//1437
f 1454//1454 1453//1453 1439//1439
f 1443//1443 1455//1455 1454//1454
f 1445//1445 1456//1456 1455//1455
f 1447//1447 1457//1457 1456//1456
f 1458//1458 1457//1457 1447//1447
f 1459//1459 500//500 230//230
f 1459//1459 1262//1262 1263//1263
f 502//502 500//500 1459//1459
f 1461//1461 1459//1459 1460//1460
f 504//504 502//502 1461//1461
f 1463//1463 1461//1461 1462//1462
f 506//506 504//504 1463//1463
f 1465//1465 1463//1463 1464//1464
f 1467//1467 508//508 506//506
f 1468//1468 1467//1467 1465//1465
f 510//510 508//508 1467//1467
f 1470//1470 1469//1469 1467//1467
f 1471//1471 512//512 510//510
f 1472//1472 1471//1471 1469//1469
f 1473//1473 515//515 512//512
f 1474//1474 1473//1473 1471//1471
f 1475//1475 1460//1460 1263//1263
f 1462//1462 1460//1460 1475//1475
f 1464//1464 1462//1462 1476//1476
f 1478//1478 1466//1466 1464//1464
f 1479//1479 1468//1468 1466//1466
f 1480//1480 1470//1470 1468//1468
f 1481//1481 1472//1472 1470//1470
f 1482//1482 1474//1474 1472//1472
f 1483//1483 1357//1357 1358//1358
f 1484//1484 1358//1358 244//244
f 1485//1485 1483//1483 1484//1484
f 517//517 1486//1486 1484//1484
f 1489//1489 1376//1376 1377//1377
f 1490//1490 1377//1377 1357//1357
f 1491//1491 1489//1489 1490//1490
f 1485//1485 1492//1492 1490//1490
f 1493//1493 1492//1492 1485//1485
f 1494//1494 1492//1492 1493//1493
f 1487//1487 1495//1495 1493//1493
f 1496//1496 1494//1494 1495//1495
f 1488//1488 1497//1497 1495//1495
f 1500//1500 1390//1390 1391//1391
f 1489//1489 1501//1501 1391//1391
f 1502//1502 1500//1500 1501//1501
f 1491//1491 1503//1503 1501//1501
f 1504//1504 1503//1503 1491//1491
f 1505//1505 1503//1503 1504//1504
f 1494//1494 1506//1506 1504//1504
f 1507//1507 1505//1505 1506//1506
f 1496//1496 1508//1508 1506//1506
f 1509//1509 1508//1508 1496//1496
f 1510//1510 1508//1508 1509//1509
f 1498//1498 1511//1511 1509//1509
f 1512//1512 1510//1510 1511//1511
f 1499//1499 1513//1513 1511//1511
f 1515//1515 1405//1405 1406//1406
f 1500//1500 1516//1516 1406//1406
f 1502//1502 1517//1517 1516//1516
f 1518//1518 1517//1517 1502//1502
f 1519//1519 1517//1517 1518//1518
f 1505//1505 1520//1520 1518//1518
f 1521//1521 1519//1519 1520//1520
f 1507//1507 1522//1522 1520//1520
f 1523//1523 1522//1522 1507//1507
f 1524//1524 1522//1522 1523//1523
f 1510//1510 1525//1525 1523//1523
f 1512//1512 1526//1526 1525//1525
f 1527//1527 1526//1526 1512//1512
f 1528//1528 1526//1526 1527//1527
f 1514//1514 1529//1529 1527//1527
f 1515//1515 1531//1531 1422//1422
f 1532//1532 1531//1531 1515//1515
f 1533//1533 1531//1531 1532//1532
f 1517//1517 1534//1534 1532//1532
f 1535//1535 1533//1533 1534//1534
f 1519//1519 1536//1536 1534//1534
f 1521//1521 1537//1537 1536//1536
f 1538//1538 1537//1537 1521//1521
f 1539//1539 1537//1537 1538//1538
f 1524//1524 1540//1540 1538//1538
f 1541//1541 1540//1540 1524//1524
f 1542//1542 1540//1540 1541//1541
f 1526//1526 1543//1543 1541//1541
f 1528//1528 1544//1544 1543//1543
f 1545//1545 1544//1544 1528//1528
f 1546//1546 1544//1544 1545//1545
f 1530//1530 1547//1547 1545//1545
f 1548//1548 1431//1431 1432//1432
f 1531//1531 1549//1549 1432//1432
f 1550//1550 1548//1548 1549//1549
f 1533//1533 1551//1551 1549//1549
f 1535//1535 1552//1552 1551//1551
f 1553//1553 1552//1552 1535//1535
f 1554//1554 1552//1552 1553//1553
f 1537//1537 1555//1555 1553//1553
f 1539//1539 1556//1556 1555//1555
f 1557//1557 1556//1556 1539//1539
f 1558//1558 1556//1556 1557//1557
f 1542//1542 1559//1559 1557//1557
f 1560//1560 1559//1559 1542//1542
f 1561//1561 1559//1559 1560//1560
f 1544//1544 1562//1562 1560//1560
f 1546//1546 1563//1563 1562//1562
f 1564//1564 1563//1563 1546//1546
f 1565//1565 1448//1448 1431//1431
f 1550//1550 1566//1566 1565//1565
f 1567//1567 1566//1566 1550//1550
f 1568//1568 1566//1566 1567//1567
f 1552//1552 1569//1569 1567//1567
f 1554//1554 1570//1570 1569//1569
f 1571//1571 1570//1570 1554//1554
f 1572//1572 1570//1570 1571//1571
f 1556//1556 1573//1573 1571//1571
f 1558//1558 1574//1574 1573//1573
f 1575//1575 1574//1574 1558//1558
f 1576//1576 1574//1574 1575//1575
f 1561//1561 1577//1577 1575//1575
f 1578//1578 1577//1577 1561//1561
f 1579//1579 1577//1577 1578//1578
f 1563//1563 1580//1580 1578//1578
f 1581//1581 1580//1580 1563//1563
f 1582//1582 1457//1457 1458//1458
f 1565//1565 1583//1583 1458//1458
f 1584//1584 1583//1583 1565//1565
f 1568//1568 1585//1585 1584//1584
f 1586//1586 1585//1585 1568//1568
f 1587//1587 1585//1585 1586//1586
f 1570//1570 1588//1588 1586//1586
f 1572//1572 1589//1589 1588//1588
f 1590//1590 1589//1589 1572//1572
f 1591//1591 1589//1589 1590//1590
f 1574//1574 1592//1592 1590//1590
f 1576//1576 1593//1593 1592//1592
f 1594//1594 1593//1593 1576//1576
f 1579//1579 1595//1595 1594//1594
f 1596//1596 1595//1595 1579//1579
f 1597//1597 1486//1486 517//517
f 1487//1487 1486//1486 1597//1597
f 577//577 1598//1598 1597//1597
f 1488//1488 1487//1487 1598//1598
f 580//580 1599//1599 1598//1598
f 1600//1600 1599//1599 580//580
f 1601//1601 1599//1599 1600//1600
f 584//584 1602//1602 1600//1600
f 1603//1603 1602//1602 584//584
f 1604//1604 1602//1602 1603//1603
f 588//588 1605//1605 1603//1603
f 1606//1606 1605//1605 588//588
f 1607//1607 1605//1605 1606//1606
f 593//593 1608//1608 1606//1606
f 1609//1609 1608//1608 593//593
f 1610//1610 1609//1609 594//594
f 1611//1611 1608//1608 1609//1609
f 1612//1612 1609//1609 1610//1610
f 598//598 1613//1613 1610//1610
f 1614//1614 1613//1613 598//598
f 600//600 1615//1615 1614//1614
f 1616//1616 1497//1497 1488//1488
f 1498//1498 1497//1497 1616//1616
f 1601//1601 1617//1617 1616//1616
f 1618//1618 1617//1617 1601//1601
f 1499//1499 1498//1498 1617//1617
f 1619//1619 1617//1617 1618//1618
f 1604//1604 1620//1620 1618//1618
f 1621//1621 1620//1620 1604//1604
f 1622//1622 1619//1619 1620//1620
f 1623//1623 1620//1620 1621//1621
f 1607//1607 1624//1624 1621//1621
f 1625//1625 1624//1624 1607//1607
f 1626//1626 1623//1623 1624//1624
f 1627//1627 1624//1624 1625//1625
f 1611//1611 1628//1628 1625//1625
f 1629//1629 1628//1628 1611//1611
f 1630//1630 1629//1629 1612//1612
f 1631//1631 1513//1513 1499//1499
f 1514//1514 1513//1513 1631//1631
f 1622//1622 1632//1632 1631//1631
f 1633//1633 1632//1632 1622//1622
f 1634//1634 1632//1632 1633//1633
f 1626//1626 1635//1635 1633//1633
f 1636//1636 1635//1635 1626//1626
f 1637//1637 1636//1636 1627//1627
f 1638//1638 1529//1529 1514//1514
f 1530//1530 1529//1529 1638//1638
f 1634//1634 1639//1639 1638//1638
f 1640//1640 1639//1639 1634//1634
f 1641//1641 1547//1547 1530//1530
f 692//692 1643//1643 1615//1615
f 1644//1644 1643//1643 692//692
f 697//697 1646//1646 1645//1645
f 1647//1647 1646//1646 697//697
f 699//699 1648//1648 1647//1647
f 699//699 691//691 1642//1642
f 744//744 1650//1650 1649//1649
f 744//744 515//515 1473//1473
f 1650//1650 1473//1473 1474//1474
f 747//747 743//743 1649//1649
f 1653//1653 1652//1652 1649//1649
f 1653//1653 1650//1650 1651//1651
f 750//750 1656//1656 1655//1655
f 750//750 747//747 1652//1652
f 1657//1657 1656//1656 1652//1652
f 1658//1658 1657//1657 1653//1653
f 1658//1658 752//752 751//751
f 755//755 1660//1660 1659//1659
f 755//755 749//749 1655//1655
f 1661//1661 1660//1660 1655//1655
f 1662//1662 1661//1661 1656//1656
f 1662//1662 757//757 756//756
f 1662//1662 1657//1657 751//751
f 762//762 1664//1664 1663//1663
f 762//762 754//754 1659//1659
f 1665//1665 1664//1664 1659//1659
f 1666//1666 1665//1665 1660//1660
f 1666//1666 1661//1661 756//756
f 768//768 1668//1668 1667//1667
f 768//768 761//761 1663//1663
f 1669//1669 1668//1668 1663//1663
f 1670//1670 1669//1669 1664//1664
f 1671//1671 1670//1670 1665//1665
f 769//769 1671//1671 1666//1666
f 771//771 1672//1672 1642//1642
f 772//772 1673//1673 1672//1672
f 772//772 767//767 1667//1667
f 1674//1674 1673//1673 1667//1667
f 1675//1675 1674//1674 1668//1668
f 1676//1676 1670//1670 1671//1671
f 1677//1677 1671//1671 769//769
f 1678//1678 1648//1648 1642//1642
f 1679//1679 1678//1678 1672//1672
f 1680//1680 1679//1679 1673//1673
f 1681//1681 1676//1676 1677//1677
f 775//775 1682//1682 1677//1677
f 1683//1683 1651//1651 1474//1474
f 1685//1685 1684//1684 1669//1669
f 1675//1675 1687//1687 1686//1686
f 1675//1675 1669//1669 1684//1684
f 1688//1688 1687//1687 1684//1684
f 1676//1676 1688//1688 1685//1685
f 1679//1679 1690//1690 1689//1689
f 1680//1680 1691//1691 1690//1690
f 1680//1680 1674//1674 1686//1686
f 1692//1692 1691//1691 1686//1686
f 1693//1693 1692//1692 1687//1687
f 1693//1693 1688//1688 1676//1676
f 1692//1692 1695//1695 1694//1694
f 1697//1697 732//732 727//727
f 1699//1699 735//735 732//732
f 1699//1699 1697//1697 1698//1698
f 738//738 735//735 1699//1699
f 1701//1701 1699//1699 1700//1700
f 741//741 738//738 1701//1701
f 1705//1705 1704//1704 1701//1701
f 1705//1705 1702//1702 1703//1703
f 758//758 752//752 1707//1707
f 1696//1696 727//727 758//758
f 1709//1709 1707//1707 1708//1708
f 1712//1712 1697//1697 1696//1696
f 1712//1712 1709//1709 1710//1710
f 1698//1698 1697//1697 1712//1712
f 1713//1713 1710//1710 1711//1711
f 1715//1715 1700//1700 1698//1698
f 1715//1715 1713//1713 1714//1714
f 1717//1717 1702//1702 1700//1700
f 1717//1717 1715//1715 1716//1716
f 1703//1703 1702//1702 1717//1717
f 1719//1719 1706//1706 1703//1703
f 1304//1304 1303//1303 1721//1721
f 1305//1305 1304//1304 1722//1722
f 1720//1720 1286//1286 1305//1305
f 1317//1317 1316//1316 1724//1724
f 1318//1318 1317//1317 1725//1725
f 1721//1721 1303//1303 1318//1318
f 1728//1728 1722//1722 1721//1721
f 1728//1728 1726//1726 1727//1727
f 1730//1730 1723//1723 1722//1722
f 1731//1731 1730//1730 1728//1728
f 1327//1327 1326//1326 1732//1732
f 1724//1724 1316//1316 1327//1327
f 1734//1734 1725//1725 1724//1724
f 1736//1736 1726//1726 1725//1725
f 1736//1736 1734//1734 1735//1735
f 1727//1727 1726//1726 1736//1736
f 1738//1738 1729//1729 1727//1727
f 1740//1740 1731//1731 1729//1729
f 1740//1740 1738//1738 1739//1739
f 1732//1732 1326//1326 1333//1333
f 1743//1743 1733//1733 1732//1732
f 1745//1745 1734//1734 1733//1733
f 1745//1745 1743//1743 1744//1744
f 1735//1735 1734//1734 1745//1745
f 1747//1747 1737//1737 1735//1735
f 1749//1749 1738//1738 1737//1737
f 1749//1749 1747//1747 1748//1748
f 1739//1739 1738//1738 1749//1749
f 1751//1751 1741//1741 1739//1739
f 1337//1337 1336//1336 1752//1752
f 1742//1742 1333//1333 1337//1337
f 1755//1755 1743//1743 1742//1742
f 1755//1755 1753//1753 1754//1754
f 1744//1744 1743//1743 1755//1755
f 1757//1757 1746//1746 1744//1744
f 1759//1759 1747//1747 1746//1746
f 1759//1759 1757//1757 1758//1758
f 1748//1748 1747//1747 1759//1759
f 1761//1761 1750//1750 1748//1748
f 1763//1763 1751//1751 1750//1750
f 1763//1763 1761//1761 1762//1762
f 1340//1340 1339//1339 1765//1765
f 1752//1752 1336//1336 1340//1340
f 1768//1768 1753//1753 1752//1752
f 1768//1768 1766//1766 1767//1767
f 1754//1754 1753//1753 1768//1768
f 1770//1770 1756//1756 1754//1754
f 1772//1772 1757//1757 1756//1756
f 1772//1772 1770//1770 1771//1771
f 1758//1758 1757//1757 1772//1772
f 1774//1774 1760//1760 1758//1758
f 1776//1776 1761//1761 1760//1760
f 1776//1776 1774//1774 1775//1775
f 1762//1762 1761//1761 1776//1776
f 1778//1778 1764//1764 1762//1762
f 1475//1475 1286//1286 1720//1720
f 1780//1780 1476//1476 1475//1475
f 1781//1781 1477//1477 1476//1476
f 1478//1478 1477//1477 1781//1781
f 1479//1479 1478//1478 1782//1782
f 1480//1480 1479//1479 1783//1783
f 1785//1785 1481//1481 1480//1480
f 1482//1482 1481//1481 1785//1785
f 1787//1787 1779//1779 1720//1720
f 1789//1789 1780//1780 1779//1779
f 1789//1789 1787//1787 1788//1788
f 1791//1791 1781//1781 1780//1780
f 1792//1792 1791//1791 1789//1789
f 1793//1793 1782//1782 1781//1781
f 1794//1794 1793//1793 1791//1791
f 1783//1783 1782//1782 1793//1793
f 1795//1795 1793//1793 1794//1794
f 1784//1784 1783//1783 1795//1795
f 1797//1797 1795//1795 1796//1796
f 1785//1785 1784//1784 1797//1797
f 1799//1799 1797//1797 1798//1798
f 1786//1786 1785//1785 1799//1799
f 1802//1802 1801//1801 1799//1799
f 1803//1803 1787//1787 1723//1723
f 1803//1803 1730//1730 1731//1731
f 1788//1788 1787//1787 1803//1803
f 1806//1806 1790//1790 1788//1788
f 1806//1806 1804//1804 1805//1805
f 1808//1808 1792//1792 1790//1790
f 1809//1809 1808//1808 1806//1806
f 1810//1810 1794//1794 1792//1792
f 1811//1811 1810//1810 1808//1808
f 1796//1796 1794//1794 1810//1810
f 1812//1812 1810//1810 1811//1811
f 1798//1798 1796//1796 1812//1812
f 1814//1814 1812//1812 1813//1813
f 1800//1800 1798//1798 1814//1814
f 1817//1817 1816//1816 1814//1814
f 1818//1818 1802//1802 1800//1800
f 1820//1820 1804//1804 1731//1731
f 1820//1820 1740//1740 1741//1741
f 1805//1805 1804//1804 1820//1820
f 1822//1822 1807//1807 1805//1805
f 1809//1809 1807//1807 1822//1822
f 1811//1811 1809//1809 1823//1823
f 1813//1813 1811//1811 1824//1824
f 1826//1826 1815//1815 1813//1813
f 1817//1817 1828//1828 1827//1827
f 1817//1817 1815//1815 1826//1826
f 1829//1829 1818//1818 1816//1816
f 1830//1830 1829//1829 1827//1827
f 1819//1819 1818//1818 1829//1829
f 1831//1831 1821//1821 1741//1741
f 1833//1833 1822//1822 1821//1821
f 1833//1833 1831//1831 1832//1832
f 1835//1835 1823//1823 1822//1822
f 1836//1836 1835//1835 1833//1833
f 1837//1837 1824//1824 1823//1823
f 1838//1838 1837//1837 1835//1835
f 1839//1839 1825//1825 1824//1824
f 1840//1840 1839//1839 1837//1837
f 1826//1826 1825//1825 1839//1839
f 1841//1841 1839//1839 1840//1840
f 1843//1843 1828//1828 1826//1826
f 1843//1843 1841//1841 1842//1842
f 1830//1830 1828//1828 1843//1843
f 1846//1846 1845//1845 1843//1843
f 1847//1847 1831//1831 1751//1751
f 1847//1847 1763//1763 1764//1764
f 1832//1832 1831//1831 1847//1847
f 1849//1849 1834//1834 1832//1832
f 1850//1850 1836//1836 1834//1834
f 1851//1851 1838//1838 1836//1836
f 1852//1852 1840//1840 1838//1838
f 1842//1842 1840//1840 1852//1852
f 1844//1844 1842//1842 1853//1853
f 1846//1846 1856//1856 1855//1855
f 1846//1846 1844//1844 1854//1854
f 1848//1848 1764//1764 1778//1778
f 1849//1849 1848//1848 1857//1857
f 1859//1859 1857//1857 1858//1858
f 1861//1861 1850//1850 1849//1849
f 1862//1862 1861//1861 1859//1859
f 1863//1863 1851//1851 1850//1850
f 1864//1864 1863//1863 1861//1861
f 1852//1852 1851//1851 1863//1863
f 1866//1866 1865//1865 1863//1863
f 1853//1853 1852//1852 1865//1865
f 1867//1867 1865//1865 1866//1866
f 1854//1854 1853//1853 1867//1867
f 1870//1870 1869//1869 1867//1867
f 1871//1871 1856//1856 1854//1854
f 1654//1654 1651//1651 1872//1872
f 1875//1875 1658//1658 1654//1654
f 1875//1875 1707//1707 752//752
f 1875//1875 1873//1873 1874//1874
f 1708//1708 1707//1707 1875//1875
f 1878//1878 1710//1710 1708//1708
f 1878//1878 1876//1876 1877//1877
f 1711//1711 1710//1710 1878//1878
f 1880//1880 1714//1714 1711//1711
f 1882//1882 1716//1716 1714//1714
f 1882//1882 1880//1880 1881//1881
f 1884//1884 1718//1718 1716//1716
f 1885//1885 1884//1884 1882//1882
f 1719//1719 1718//1718 1884//1884
f 1887//1887 1886//1886 1884//1884
f 1683//1683 1482//1482 1786//1786
f 1872//1872 1651//1651 1683//1683
f 1890//1890 1873//1873 1872//1872
f 1890//1890 1888//1888 1889//1889
f 1874//1874 1873//1873 1890//1890
f 1893//1893 1876//1876 1874//1874
f 1893//1893 1891//1891 1892//1892
f 1877//1877 1876//1876 1893//1893
f 1896//1896 1879//1879 1877//1877
f 1896//1896 1894//1894 1895//1895
f 1898//1898 1880//1880 1879//1879
f 1898//1898 1896//1896 1897//1897
f 1881//1881 1880//1880 1898//1898
f 1900//1900 1883//1883 1881//1881
f 1901//1901 1885//1885 1883//1883
f 1902//1902 1887//1887 1885//1885
f 1903//1903 1888//1888 1786//1786
f 1903//1903 1801//1801 1802//1802
f 1889//1889 1888//1888 1903//1903
f 1906//1906 1891//1891 1889//1889
f 1906//1906 1904//1904 1905//1905
f 1892//1892 1891//1891 1906//1906
f 1909//1909 1894//1894 1892//1892
f 1909//1909 1907//1907 1908//1908
f 1895//1895 1894//1894 1909//1909
f 1911//1911 1897//1897 1895//1895
f 1899//1899 1897//1897 1911//1911
f 1900//1900 1899//1899 1912//1912
f 1914//1914 1912//1912 1913//1913
f 1916//1916 1901//1901 1900//1900
f 1917//1917 1916//1916 1914//1914
f 1918//1918 1902//1902 1901//1901
f 1919//1919 1918//1918 1916//1916
f 1920//1920 1904//1904 1802//1802
f 1920//1920 1818//1818 1819//1819
f 1905//1905 1904//1904 1920//1920
f 1922//1922 1907//1907 1905//1905
f 1908//1908 1907//1907 1922//1922
f 1924//1924 1910//1910 1908//1908
f 1911//1911 1910//1910 1924//1924
f 1927//1927 1912//1912 1911//1911
f 1927//1927 1925//1925 1926//1926
f 1913//1913 1912//1912 1927//1927
f 1929//1929 1915//1915 1913//1913
f 1930//1930 1917//1917 1915//1915
f 1931//1931 1919//1919 1917//1917
f 1932//1932 1921//1921 1819//1819
f 1934//1934 1922//1922 1921//1921
f 1934//1934 1932//1932 1933//1933
f 1923//1923 1922//1922 1934//1934
f 1924//1924 1923//1923 1935//1935
f 1938//1938 1925//1925 1924//1924
f 1938//1938 1936//1936 1937//1937
f 1926//1926 1925//1925 1938//1938
f 1940//1940 1928//1928 1926//1926
f 1941//1941 1929//1929 1928//1928
f 1930//1930 1929//1929 1941//1941
f 1931//1931 1930//1930 1942//1942
f 1932//1932 1830//1830 1845//1845
f 1933//1933 1932//1932 1944//1944
f 1946//1946 1935//1935 1933//1933
f 1936//1936 1935//1935 1946//1946
f 1937//1937 1936//1936 1947//1947
f 1949//1949 1939//1939 1937//1937
f 1950//1950 1940//1940 1939//1939
f 1941//1941 1940//1940 1950//1950
f 1942//1942 1941//1941 1951//1951
f 1943//1943 1942//1942 1952//1952
f 1944//1944 1845//1845 1855//1855
f 1954//1954 1855//1855 1856//1856
f 1945//1945 1944//1944 1954//1954
f 1956//1956 1946//1946 1945//1945
f 1957//1957 1947//1947 1946//1946
f 1958//1958 1948//1948 1947//1947
f 1959//1959 1949//1949 1948//1948
f 1950//1950 1949//1949 1959//1959
f 1951//1951 1950//1950 1960//1960
f 1952//1952 1951//1951 1961//1961
f 1953//1953 1952//1952 1962//1962
f 1964//1964 1955//1955 1856//1856
f 1956//1956 1955//1955 1964//1964
f 1966//1966 1957//1957 1956//1956
f 1967//1967 1958//1958 1957//1957
f 1968//1968 1959//1959 1958//1958
f 1960//1960 1959//1959 1968//1968
f 1961//1961 1960//1960 1969//1969
f 1962//1962 1961//1961 1970//1970
f 1963//1963 1962//1962 1971//1971
f 1974//1974 693//693 694//694
f 1976//1976 1975//1975 694//694
f 1977//1977 1976//1976 695//695
f 1979//1979 1978//1978 739//739
f 1980//1980 1979//1979 740//740
f 1981//1981 1978//1978 1979//1979
f 1983//1983 1982//1982 1979//1979
f 1984//1984 1982//1982 1983//1983
f 1986//1986 1984//1984 1985//1985
f 1989//1989 775//775 739//739
f 1981//1981 1990//1990 1989//1989
f 1991//1991 1990//1990 1981//1981
f 1992//1992 1990//1990 1991//1991
f 1984//1984 1993//1993 1991//1991
f 1994//1994 1992//1992 1993//1993
f 1986//1986 1995//1995 1993//1993
f 1996//1996 1995//1995 1986//1986
f 1997//1997 1994//1994 1995//1995
f 1998//1998 1995//1995 1996//1996
f 1988//1988 1999//1999 1996//1996
f 2000//2000 1998//1998 1999//1999
f 2002//2002 2003//2003 1564//1564
f 2004//2004 1580//1580 1581//1581
f 2003//2003 2005//2005 1581//1581
f 2004//2004 2007//2007 1596//1596
f 2008//2008 2007//2007 2004//2004
f 2009//2009 2007//2007 2008//2008
f 2006//2006 2010//2010 2008//2008
f 2011//2011 1613//1613 1614//1614
f 2012//2012 1614//1614 1615//1615
f 2014//2014 1628//1628 1629//1629
f 2015//2015 1629//1629 1630//1630
f 2011//2011 2016//2016 1630//1630
f 2017//2017 2016//2016 2011//2011
f 2013//2013 2018//2018 2017//2017
f 2019//2019 2016//2016 2017//2017
f 2021//2021 2020//2020 2017//2017
f 2022//2022 1635//1635 1636//1636
f 2023//2023 1636//1636 1637//1637
f 2014//2014 2024//2024 1637//1637
f 2025//2025 2024//2024 2014//2014
f 2026//2026 2025//2025 2015//2015
f 2027//2027 2024//2024 2025//2025
f 2028//2028 2025//2025 2026//2026
f 2019//2019 2029//2029 2026//2026
f 2030//2030 2029//2029 2019//2019
f 2031//2031 2030//2030 2020//2020
f 2032//2032 2029//2029 2030//2030
f 2034//2034 2033//2033 2030//2030
f 2035//2035 1639//1639 1640//1640
f 2022//2022 2036//2036 1640//1640
f 2037//2037 2036//2036 2022//2022
f 2038//2038 2037//2037 2023//2023
f 2039//2039 2037//2037 2038//2038
f 2027//2027 2040//2040 2038//2038
f 2041//2041 2040//2040 2027//2027
f 2042//2042 2041//2041 2028//2028
f 2043//2043 2040//2040 2041//2041
f 2044//2044 2041//2041 2042//2042
f 2032//2032 2045//2045 2042//2042
f 2046//2046 2045//2045 2032//2032
f 2047//2047 2046//2046 2033//2033
f 2048//2048 2046//2046 2047//2047
f 2002//2002 1547//1547 1641//1641
f 2035//2035 2050//2050 1641//1641
f 2051//2051 2050//2050 2035//2035
f 2052//2052 2051//2051 2036//2036
f 2053//2053 2051//2051 2052//2052
f 2039//2039 2054//2054 2052//2052
f 2055//2055 2054//2054 2039//2039
f 2056//2056 2054//2054 2055//2055
f 2043//2043 2057//2057 2055//2055
f 2058//2058 2057//2057 2043//2043
f 2059//2059 2058//2058 2044//2044
f 2060//2060 2059//2059 2045//2045
f 2061//2061 2058//2058 2059//2059
f 2062//2062 2059//2059 2060//2060
f 2048//2048 2063//2063 2060//2060
f 2064//2064 2063//2063 2048//2048
f 2065//2065 2003//2003 2002//2002
f 2066//2066 2065//2065 2050//2050
f 2067//2067 2065//2065 2066//2066
f 2053//2053 2068//2068 2066//2066
f 2069//2069 2068//2068 2053//2053
f 2070//2070 2068//2068 2069//2069
f 2056//2056 2071//2071 2069//2069
f 2072//2072 2071//2071 2056//2056
f 2073//2073 2072//2072 2057//2057
f 2074//2074 2072//2072 2073//2073
f 2061//2061 2075//2075 2073//2073
f 2076//2076 2075//2075 2061//2061
f 2077//2077 2076//2076 2062//2062
f 2064//2064 2078//2078 2077//2077
f 2079//2079 2076//2076 2077//2077
f 2081//2081 2080//2080 2077//2077
f 2082//2082 2005//2005 2003//2003
f 2006//2006 2005//2005 2082//2082
f 2067//2067 2083//2083 2082//2082
f 2084//2084 2083//2083 2067//2067
f 2085//2085 2083//2083 2084//2084
f 2070//2070 2086//2086 2084//2084
f 2087//2087 2086//2086 2070//2070
f 2088//2088 2087//2087 2071//2071
f 2089//2089 2087//2087 2088//2088
f 2074//2074 2090//2090 2088//2088
f 2091//2091 2090//2090 2074//2074
f 2092//2092 2091//2091 2075//2075
f 2093//2093 2091//2091 2092//2092
f 2079//2079 2094//2094 2092//2092
f 2095//2095 2094//2094 2079//2079
f 2096//2096 2095//2095 2080//2080
f 2097//2097 2010//2010 2006//2006
f 2085//2085 2098//2098 2097//2097
f 2099//2099 2098//2098 2085//2085
f 2100//2100 2099//2099 2086//2086
f 2101//2101 2099//2099 2100//2100
f 2089//2089 2102//2102 2100//2100
f 2103//2103 2102//2102 2089//2089
f 2104//2104 2103//2103 2090//2090
f 2105//2105 2103//2103 2104//2104
f 2093//2093 2106//2106 2104//2104
f 2107//2107 2106//2106 2093//2093
f 2095//2095 2108//2108 2107//2107
f 2109//2109 2108//2108 2095//2095
f 2110//2110 2108//2108 2109//2109
f 2013//2013 1615//1615 1643//1643
f 2112//2112 1643//1643 1644//1644
f 1974//1974 2113//2113 1644//1644
f 2114//2114 2113//2113 1974//1974
f 1976//1976 2115//2115 2114//2114
f 1977//1977 2116//2116 2115//2115
f 1977//1977 696//696 1645//1645
f 2117//2117 2116//2116 1645//1645
f 2118//2118 2117//2117 1646//1646
f 2119//2119 2118//2118 1647//1647
f 2120//2120 2112//2112 2113//2113
f 2121//2121 2113//2113 2114//2114
f 2122//2122 2114//2114 2115//2115
f 2124//2124 2123//2123 2115//2115
f 2125//2125 2018//2018 2013//2013
f 2117//2117 2127//2127 2126//2126
f 2128//2128 2127//2127 2117//2117
f 2129//2129 2128//2128 2118//2118
f 2021//2021 2018//2018 2125//2125
f 2120//2120 2130//2130 2125//2125
f 2131//2131 2130//2130 2120//2120
f 2132//2132 2131//2131 2121//2121
f 2123//2123 2133//2133 2132//2132
f 2124//2124 2134//2134 2133//2133
f 2124//2124 2116//2116 2126//2126
f 2135//2135 2134//2134 2126//2126
f 2135//2135 2127//2127 2128//2128
f 2136//2136 2128//2128 2129//2129
f 2138//2138 2131//2131 2132//2132
f 2139//2139 2132//2132 2133//2133
f 2141//2141 2140//2140 2133//2133
f 2142//2142 2031//2031 2021//2021
f 2143//2143 2142//2142 2130//2130
f 2135//2135 2145//2145 2144//2144
f 2136//2136 2146//2146 2145//2145
f 2137//2137 2147//2147 2146//2146
f 2148//2148 2034//2034 2031//2031
f 2148//2148 2142//2142 2143//2143
f 2138//2138 2149//2149 2143//2143
f 2150//2150 2149//2149 2138//2138
f 2151//2151 2150//2150 2139//2139
f 2141//2141 2152//2152 2151//2151
f 2141//2141 2134//2134 2144//2144
f 2153//2153 2152//2152 2144//2144
f 2153//2153 2145//2145 2146//2146
f 2155//2155 2154//2154 2146//2146
f 2157//2157 2047//2047 2034//2034
f 2158//2158 2157//2157 2148//2148
f 2150//2150 2159//2159 2158//2158
f 2160//2160 2159//2159 2150//2150
f 2161//2161 2160//2160 2151//2151
f 2153//2153 2162//2162 2161//2161
f 2154//2154 2163//2163 2162//2162
f 2155//2155 2164//2164 2163//2163
f 2155//2155 2147//2147 2156//2156
f 2165//2165 2049//2049 2047//2047
f 2166//2166 2165//2165 2157//2157
f 2166//2166 2158//2158 2159//2159
f 2167//2167 2159//2159 2160//2160
f 2168//2168 2160//2160 2161//2161
f 2169//2169 2161//2161 2162//2162
f 2170//2170 2162//2162 2163//2163
f 2172//2172 2171//2171 2163//2163
f 2165//2165 2174//2174 2064//2064
f 2175//2175 2174//2174 2165//2165
f 2176//2176 2175//2175 2166//2166
f 2177//2177 2176//2176 2167//2167
f 2169//2169 2178//2178 2177//2177
f 2170//2170 2179//2179 2178//2178
f 2180//2180 2179//2179 2170//2170
f 2172//2172 2181//2181 2180//2180
f 2172//2172 2164//2164 2173//2173
f 2182//2182 2174//2174 2175//2175
f 2184//2184 2183//2183 2175//2175
f 2185//2185 2184//2184 2176//2176
f 2185//2185 2177//2177 2178//2178
f 2187//2187 2186//2186 2178//2178
f 2188//2188 2078//2078 2064//2064
f 2180//2180 2190//2190 2189//2189
f 2181//2181 2191//2191 2190//2190
f 2081//2081 2078//2078 2188//2188
f 2182//2182 2192//2192 2188//2188
f 2193//2193 2192//2192 2182//2182
f 2184//2184 2194//2194 2193//2193
f 2195//2195 2194//2194 2184//2184
f 2186//2186 2196//2196 2195//2195
f 2187//2187 2197//2197 2196//2196
f 2187//2187 2179//2179 2189//2189
f 2198//2198 2197//2197 2189//2189
f 2199//2199 2198//2198 2190//2190
f 2192//2192 2201//2201 2096//2096
f 2193//2193 2202//2202 2201//2201
f 2203//2203 2202//2202 2193//2193
f 2195//2195 2204//2204 2203//2203
f 2196//2196 2205//2205 2204//2204
f 2206//2206 2205//2205 2196//2196
f 2198//2198 2207//2207 2206//2206
f 2199//2199 2208//2208 2207//2207
f 2199//2199 2191//2191 2200//2200
f 2209//2209 2201//2201 2202//2202
f 2211//2211 2210//2210 2202//2202
f 2211//2211 2203//2203 2204//2204
f 2213//2213 2212//2212 2204//2204
f 2214//2214 2109//2109 2096//2096
f 2206//2206 2216//2216 2215//2215
f 2207//2207 2217//2217 2216//2216
f 2218//2218 2217//2217 2207//2207
f 2111//2111 2109//2109 2214//2214
f 2209//2209 2219//2219 2214//2214
f 2220//2220 2219//2219 2209//2209
f 2221//2221 2220//2220 2210//2210
f 2212//2212 2222//2222 2221//2221
f 2213//2213 2223//2223 2222//2222
f 2213//2213 2205//2205 2215//2215
f 2224//2224 2223//2223 2215//2215
f 2224//2224 2216//2216 2217//2217
f 2226//2226 2225//2225 2217//2217
f 2227//2227 2119//2119 1648//1648
f 2228//2228 1681//1681 1682//1682
f 1989//1989 2229//2229 1682//1682
f 2231//2231 2230//2230 2228//2228
f 2231//2231 2229//2229 1989//1989
f 2233//2233 2232//2232 2230//2230
f 1992//1992 2233//2233 2231//2231
f 2234//2234 2232//2232 2233//2233
f 1994//1994 2235//2235 2233//2233
f 1997//1997 2236//2236 2235//2235
f 2237//2237 2236//2236 1997//1997
f 2238//2238 2236//2236 2237//2237
f 2000//2000 2239//2239 2237//2237
f 2240//2240 2239//2239 2000//2000
f 2241//2241 2239//2239 2240//2240
f 2227//2227 2244//2244 2129//2129
f 2227//2227 1678//1678 1689//1689
f 2245//2245 2244//2244 1689//1689
f 2246//2246 2245//2245 1690//1690
f 2247//2247 1692//1692 1693//1693
f 2228//2228 2248//2248 1693//1693
f 2249//2249 2137//2137 2129//2129
f 2230//2230 2250//2250 2248//2248
f 2232//2232 2251//2251 2250//2250
f 2234//2234 2252//2252 2251//2251
f 2253//2253 2252//2252 2234//2234
f 2254//2254 2252//2252 2253//2253
f 2236//2236 2255//2255 2253//2253
f 2256//2256 2254//2254 2255//2255
f 2238//2238 2257//2257 2255//2255
f 2258//2258 2257//2257 2238//2238
f 2259//2259 2257//2257 2258//2258
f 2241//2241 2260//2260 2258//2258
f 2261//2261 2260//2260 2241//2241
f 2262//2262 2260//2260 2261//2261
f 2243//2243 2263//2263 2261//2261
f 2245//2245 2265//2265 2264//2264
f 2246//2246 2266//2266 2265//2265
f 2246//2246 1691//1691 1694//1694
f 2266//2266 1694//1694 1695//1695
f 2247//2247 2267//2267 1695//1695
f 2268//2268 2267//2267 2247//2247
f 2249//2249 2269//2269 2147//2147
f 2249//2249 2244//2244 2264//2264
f 2270//2270 2269//2269 2264//2264
f 2271//2271 2270//2270 2265//2265
f 2272//2272 2267//2267 2268//2268
f 2250//2250 2273//2273 2268//2268
f 2275//2275 2274//2274 2272//2272
f 2251//2251 2275//2275 2273//2273
f 2276//2276 2274//2274 2275//2275
f 2277//2277 2275//2275 2251//2251
f 2278//2278 2277//2277 2252//2252
f 2256//2256 2279//2279 2278//2278
f 2280//2280 2279//2279 2256//2256
f 2281//2281 2279//2279 2280//2280
f 2259//2259 2282//2282 2280//2280
f 2283//2283 2282//2282 2259//2259
f 2284//2284 2282//2282 2283//2283
f 2262//2262 2285//2285 2283//2283
f 2286//2286 2285//2285 2262//2262
f 2288//2288 2287//2287 2266//2266
f 2269//2269 2289//2289 2156//2156
f 2270//2270 2290//2290 2289//2289
f 2271//2271 2291//2291 2290//2290
f 2271//2271 2266//2266 2287//2287
f 2291//2291 2287//2287 2288//2288
f 2272//2272 2292//2292 2288//2288
f 2293//2293 2164//2164 2156//2156
f 2294//2294 2293//2293 2289//2289
f 2295//2295 2292//2292 2272//2272
f 2276//2276 2296//2296 2295//2295
f 2297//2297 2296//2296 2276//2276
f 2298//2298 2296//2296 2297//2297
f 2278//2278 2299//2299 2297//2297
f 2300//2300 2299//2299 2278//2278
f 2281//2281 2301//2301 2300//2300
f 2302//2302 2301//2301 2281//2281
f 2284//2284 2303//2303 2302//2302
f 2304//2304 2303//2303 2284//2284
f 2291//2291 2306//2306 2305//2305
f 2307//2307 2306//2306 2291//2291
f 2293//2293 2308//2308 2173//2173
f 2294//2294 2309//2309 2308//2308
f 2294//2294 2290//2290 2305//2305
f 2310//2310 2309//2309 2305//2305
f 2311//2311 2310//2310 2306//2306
f 2295//2295 2311//2311 2307//2307
f 2312//2312 2181//2181 2173//2173
f 2313//2313 2312//2312 2308//2308
f 2314//2314 2310//2310 2311//2311
f 2296//2296 2315//2315 2311//2311
f 2298//2298 2316//2316 2315//2315
f 2317//2317 2316//2316 2298//2298
f 2318//2318 2316//2316 2317//2317
f 2300//2300 2319//2319 2317//2317
f 2320//2320 2319//2319 2300//2300
f 2321//2321 2320//2320 2301//2301
f 2322//2322 2320//2320 2321//2321
f 2303//2303 2323//2323 2321//2321
f 2310//2310 2325//2325 2324//2324
f 2312//2312 2326//2326 2191//2191
f 2313//2313 2327//2327 2326//2326
f 2313//2313 2309//2309 2324//2324
f 2327//2327 2324//2324 2325//2325
f 2314//2314 2328//2328 2325//2325
f 2329//2329 2328//2328 2314//2314
f 2316//2316 2330//2330 2329//2329
f 2318//2318 2331//2331 2330//2330
f 2332//2332 2331//2331 2318//2318
f 2333//2333 2332//2332 2319//2319
f 2322//2322 2334//2334 2333//2333
f 2335//2335 2334//2334 2322//2322
f 2326//2326 2336//2336 2200//2200
f 2337//2337 2336//2336 2326//2326
f 2328//2328 2338//2338 2337//2337
f 2339//2339 2338//2338 2328//2328
f 2340//2340 2208//2208 2200//2200
f 2341//2341 2338//2338 2339//2339
f 2330//2330 2342//2342 2339//2339
f 2343//2343 2342//2342 2330//2330
f 2332//2332 2344//2344 2343//2343
f 2333//2333 2345//2345 2344//2344
f 2334//2334 2346//2346 2345//2345
f 2335//2335 2347//2347 2346//2346
f 2337//2337 2349//2349 2348//2348
f 2350//2350 2349//2349 2337//2337
f 2340//2340 2351//2351 2218//2218
f 2340//2340 2336//2336 2348//2348
f 2352//2352 2351//2351 2348//2348
f 2341//2341 2353//2353 2350//2350
f 2354//2354 2353//2353 2341//2341
f 2343//2343 2355//2355 2354//2354
f 2344//2344 2356//2356 2355//2355
f 2345//2345 2357//2357 2356//2356
f 2346//2346 2358//2358 2357//2357
f 2347//2347 2359//2359 2358//2358
f 2360//2360 2285//2285 2286//2286
f 2362//2362 2303//2303 2304//2304
f 2360//2360 2363//2363 2304//2304
f 2364//2364 2363//2363 2360//2360
f 2362//2362 2366//2366 2323//2323
f 2367//2367 2366//2366 2362//2362
f 2368//2368 2367//2367 2363//2363
f 2369//2369 2367//2367 2368//2368
f 2365//2365 2370//2370 2368//2368
f 2366//2366 2371//2371 2335//2335
f 2372//2372 2371//2371 2366//2366
f 2369//2369 2373//2373 2372//2372
f 2374//2374 2373//2373 2369//2369
f 2371//2371 2375//2375 2347//2347
f 2376//2376 2375//2375 2371//2371
f 2377//2377 2375//2375 2376//2376
f 2373//2373 2378//2378 2376//2376
f 2379//2379 2378//2378 2373//2373
f 2380//2380 2359//2359 2347//2347
f 2377//2377 2381//2381 2380//2380
f 2382//2382 2381//2381 2377//2377
f 2379//2379 2383//2383 2382//2382
f 1980//1980 741//741 1704//1704
f 2384//2384 1704//1704 1705//1705
f 2385//2385 1705//1705 1706//1706
f 2387//2387 1983//1983 1980//1980
f 2387//2387 2384//2384 2385//2385
f 2389//2389 2388//2388 2385//2385
f 2390//2390 1985//1985 1983//1983
f 2391//2391 2390//2390 2387//2387
f 1987//1987 1985//1985 2390//2390
f 2393//2393 2392//2392 2390//2390
f 1988//1988 1987//1987 2392//2392
f 2395//2395 2386//2386 1706//1706
f 2389//2389 2397//2397 2396//2396
f 2389//2389 2386//2386 2395//2395
f 2391//2391 2388//2388 2396//2396
f 2399//2399 2398//2398 2396//2396
f 2393//2393 2401//2401 2400//2400
f 2393//2393 2391//2391 2398//2398
f 2402//2402 2401//2401 2398//2398
f 2403//2403 1999//1999 1988//1988
f 2394//2394 2392//2392 2400//2400
f 2404//2404 2403//2403 2400//2400
f 2405//2405 2404//2404 2401//2401
f 2406//2406 2001//2001 1999//1999
f 2407//2407 2406//2406 2403//2403
f 2408//2408 2395//2395 1719//1719
f 2409//2409 2408//2408 1886//1886
f 2410//2410 2397//2397 2395//2395
f 2410//2410 2408//2408 2409//2409
f 2399//2399 2397//2397 2410//2410
f 2412//2412 2410//2410 2411//2411
f 2402//2402 2399//2399 2412//2412
f 2415//2415 2414//2414 2412//2412
f 2405//2405 2417//2417 2416//2416
f 2405//2405 2402//2402 2414//2414
f 2406//2406 2418//2418 2240//2240
f 2407//2407 2419//2419 2418//2418
f 2407//2407 2404//2404 2416//2416
f 2420//2420 2419//2419 2416//2416
f 2242//2242 2240//2240 2418//2418
f 2422//2422 2421//2421 2418//2418
f 2243//2243 2242//2242 2421//2421
f 2424//2424 2409//2409 1887//1887
f 2411//2411 2409//2409 2424//2424
f 2413//2413 2411//2411 2425//2425
f 2415//2415 2428//2428 2427//2427
f 2415//2415 2413//2413 2426//2426
f 2417//2417 2414//2414 2427//2427
f 2430//2430 2429//2429 2427//2427
f 2420//2420 2432//2432 2431//2431
f 2420//2420 2417//2417 2429//2429
f 2433//2433 2432//2432 2429//2429
f 2422//2422 2435//2435 2434//2434
f 2422//2422 2419//2419 2431//2431
f 2436//2436 2435//2435 2431//2431
f 2437//2437 2263//2263 2243//2243
f 2423//2423 2421//2421 2434//2434
f 2438//2438 2437//2437 2434//2434
f 2439//2439 2424//2424 1902//1902
f 2439//2439 1918//1918 1919//1919
f 2425//2425 2424//2424 2439//2439
f 2441//2441 2439//2439 2440//2440
f 2426//2426 2425//2425 2441//2441
f 2443//2443 2441//2441 2442//2442
f 2445//2445 2428//2428 2426//2426
f 2446//2446 2445//2445 2443//2443
f 2447//2447 2430//2430 2428//2428
f 2433//2433 2449//2449 2448//2448
f 2433//2433 2430//2430 2447//2447
f 2436//2436 2451//2451 2450//2450
f 2436//2436 2432//2432 2448//2448
f 2452//2452 2451//2451 2448//2448
f 2453//2453 2286//2286 2263//2263
f 2438//2438 2454//2454 2453//2453
f 2438//2438 2435//2435 2450//2450
f 2455//2455 2454//2454 2450//2450
f 2440//2440 1919//1919 1931//1931
f 2442//2442 2440//2440 2456//2456
f 2444//2444 2442//2442 2457//2457
f 2446//2446 2460//2460 2459//2459
f 2446//2446 2444//2444 2458//2458
f 2447//2447 2445//2445 2459//2459
f 2462//2462 2461//2461 2459//2459
f 2463//2463 2449//2449 2447//2447
f 2452//2452 2465//2465 2464//2464
f 2452//2452 2449//2449 2463//2463
f 2455//2455 2467//2467 2466//2466
f 2455//2455 2451//2451 2464//2464
f 2456//2456 1931//1931 1943//1943
f 2469//2469 2457//2457 2456//2456
f 2470//2470 2458//2458 2457//2457
f 2460//2460 2458//2458 2470//2470
f 2462//2462 2473//2473 2472//2472
f 2462//2462 2460//2460 2471//2471
f 2463//2463 2461//2461 2472//2472
f 2475//2475 2474//2474 2472//2472
f 2465//2465 2477//2477 2476//2476
f 2477//2477 2465//2465 2463//2463
f 2467//2467 2464//2464 2476//2476
f 2479//2479 2478//2478 2476//2476
f 2468//2468 1943//1943 1953//1953
f 2481//2481 2469//2469 2468//2468
f 2482//2482 2470//2470 2469//2469
f 2483//2483 2471//2471 2470//2470
f 2473//2473 2471//2471 2483//2483
f 2475//2475 2486//2486 2485//2485
f 2475//2475 2473//2473 2484//2484
f 2487//2487 2477//2477 2474//2474
f 2479//2479 2489//2489 2488//2488
f 2479//2479 2477//2477 2487//2487
f 2480//2480 1953//1953 1963//1963
f 2491//2491 2481//2481 2480//2480
f 2492//2492 2482//2482 2481//2481
f 2493//2493 2483//2483 2482//2482
f 2494//2494 2484//2484 2483//2483
f 2496//2496 2495//2495 2485//2485
f 2486//2486 2484//2484 2494//2494
f 2487//2487 2485//2485 2495//2495
f 2499//2499 2498//2498 2488//2488
f 2489//2489 2487//2487 2497//2497
f 2490//2490 1963//1963 1972//1972
f 2500//2500 1972//1972 1973//1973
f 2502//2502 2491//2491 2490//2490
f 2503//2503 2492//2492 2491//2491
f 2504//2504 2493//2493 2492//2492
f 2505//2505 2494//2494 2493//2493
f 2507//2507 2506//2506 2495//2495
f 2496//2496 2494//2494 2505//2505
f 2497//2497 2495//2495 2506//2506
f 2510//2510 2509//2509 2498//2498
f 2499//2499 2497//2497 2508//2508
f 2511//2511 2361//2361 2286//2286
f 2512//2512 2511//2511 2453//2453
f 2511//2511 2513//2513 2364//2364
f 2512//2512 2514//2514 2513//2513
f 2512//2512 2454//2454 2466//2466
f 2515//2515 2514//2514 2466//2466
f 2365//2365 2364//2364 2513//2513
f 2514//2514 2518//2518 2517//2517
f 2515//2515 2519//2519 2518//2518
f 2515//2515 2467//2467 2478//2478
f 2520//2520 2370//2370 2365//2365
f 2516//2516 2513//2513 2517//2517
f 2521//2521 2520//2520 2517//2517
f 2519//2519 2523//2523 2522//2522
f 2519//2519 2478//2478 2488//2488
f 2524//2524 2374//2374 2370//2370
f 2521//2521 2525//2525 2524//2524
f 2521//2521 2518//2518 2522//2522
f 2523//2523 2527//2527 2526//2526
f 2523//2523 2488//2488 2498//2498
f 2524//2524 2528//2528 2379//2379
f 2525//2525 2529//2529 2528//2528
f 2525//2525 2522//2522 2526//2526
f 2530//2530 2529//2529 2526//2526
f 2531//2531 2527//2527 2498//2498
f 2528//2528 2532//2532 2383//2383
f 2533//2533 2532//2532 2528//2528
f 2530//2530 2534//2534 2533//2533
f 2530//2530 2527//2527 2531//2531
f 2540//2540 2539//2539 2536//2536
f 2540//2540 782//782 781//781
f 2540//2540 2537//2537 780//780
f 2543//2543 2537//2537 2536//2536
f 2543//2543 2541//2541 2535//2535
f 2545//2545 2539//2539 2538//2538
f 2545//2545 2542//2542 2536//2536
f 2548//2548 2543//2543 2542//2542
f 2543//2543 2548//2548 2546//2546
f 2545//2545 2544//2544 2549//2549
f 2545//2545 2550//2550 2547//2547
f 2554//2554 2548//2548 2547//2547
f 2548//2548 2554//2554 2551//2551
f 2557//2557 2556//2556 2552//2552
f 2557//2557 2550//2550 2549//2549
f 2557//2557 2553//2553 2547//2547
f 2561//2561 2553//2553 2552//2552
f 2562//2562 2561//2561 2558//2558
f 2562//2562 2554//2554 2553//2553
f 2562//2562 2559//2559 2551//2551
f 2564//2564 2556//2556 2555//2555
f 2564//2564 2560//2560 2552//2552
f 2566//2566 2559//2559 2558//2558
f 2568//2568 2561//2561 2560//2560
f 2568//2568 2565//2565 2558//2558
f 2564//2564 2563//2563 2569//2569
f 2570//2570 2567//2567 2560//2560
f 2572//2572 2566//2566 2565//2565
f 2568//2568 2567//2567 2573//2573
f 2574//2574 2571//2571 2565//2565
f 2576//2576 2570//2570 2569//2569
f 2570//2570 2576//2576 2573//2573
f 2572//2572 2571//2571 2577//2577
f 2574//2574 2573//2573 2579//2579
f 2574//2574 2580//2580 2577//2577
f 2581//2581 2578//2578 2577//2577
f 2583//2583 2576//2576 2575//2575
f 2576//2576 2583//2583 2579//2579
f 2587//2587 868//868 867//867
f 2588//2588 869//869 868//868
f 870//870 869//869 2588//2588
f 2590//2590 2589//2589 2584//2584
f 2590//2590 871//871 870//870
f 2590//2590 2585//2585 866//866
f 2593//2593 873//873 872//872
f 2593//2593 2586//2586 867//867
f 2595//2595 877//877 876//876
f 2596//2596 2595//2595 2591//2591
f 2596//2596 878//878 877//877
f 2596//2596 2592//2592 872//872
f 2597//2597 2537//2537 2535//2535
f 2597//2597 879//879 780//780
f 2597//2597 2594//2594 876//876
f 2600//2600 2585//2585 2584//2584
f 2603//2603 2587//2587 2586//2586
f 2604//2604 2588//2588 2587//2587
f 2605//2605 2604//2604 2598//2598
f 2605//2605 2589//2589 2588//2588
f 2605//2605 2599//2599 2584//2584
f 2608//2608 2592//2592 2591//2591
f 2609//2609 2608//2608 2601//2601
f 2609//2609 2593//2593 2592//2592
f 2609//2609 2602//2602 2586//2586
f 2610//2610 2594//2594 2535//2535
f 2611//2611 2610//2610 2606//2606
f 2611//2611 2595//2595 2594//2594
f 2611//2611 2607//2607 2591//2591
f 2614//2614 2599//2599 2598//2598
f 2600//2600 2599//2599 2614//2614
f 2617//2617 2602//2602 2601//2601
f 2603//2603 2602//2602 2617//2617
f 2619//2619 2618//2618 2612//2612
f 2619//2619 2604//2604 2603//2603
f 2619//2619 2613//2613 2598//2598
f 2621//2621 2607//2607 2606//2606
f 2622//2622 2608//2608 2607//2607
f 2622//2622 2616//2616 2601//2601
f 2623//2623 2610//2610 2541//2541
f 2623//2623 2620//2620 2606//2606
f 2626//2626 2613//2613 2612//2612
f 2614//2614 2613//2613 2626//2626
f 2615//2615 2614//2614 2627//2627
f 2630//2630 2617//2617 2616//2616
f 2631//2631 2618//2618 2617//2617
f 2631//2631 2625//2625 2612//2612
f 2621//2621 2620//2620 2632//2632
f 2634//2634 2622//2622 2621//2621
f 2622//2622 2634//2634 2629//2629
f 2635//2635 2623//2623 2546//2546
f 2623//2623 2635//2635 2632//2632
f 2639//2639 2626//2626 2625//2625
f 2627//2627 2626//2626 2639//2639
f 2641//2641 2628//2628 2627//2627
f 2641//2641 2636//2636 2624//2624
f 2630//2630 2629//2629 2643//2643
f 2645//2645 2644//2644 2637//2637
f 2645//2645 2631//2631 2630//2630
f 2645//2645 2638//2638 2625//2625
f 2633//2633 2632//2632 2646//2646
f 2648//2648 2647//2647 2642//2642
f 2648//2648 2634//2634 2633//2633
f 2648//2648 2643//2643 2629//2629
f 2649//2649 2635//2635 2551//2551
f 2635//2635 2649//2649 2646//2646
f 2652//2652 2638//2638 2637//2637
f 2639//2639 2638//2638 2652//2652
f 2640//2640 2639//2639 2653//2653
f 2655//2655 2641//2641 2640//2640
f 2641//2641 2655//2655 2650//2650
f 2657//2657 2643//2643 2642//2642
f 2644//2644 2643//2643 2657//2657
f 2658//2658 2651//2651 2637//2637
f 2660//2660 2647//2647 2646//2646
f 2660//2660 2656//2656 2642//2642
f 2649//2649 2559//2559 2566//2566
f 2649//2649 2661//2661 2659//2659
f 2652//2652 2651//2651 2663//2663
f 2665//2665 2653//2653 2652//2652
f 2654//2654 2653//2653 2665//2665
f 2667//2667 2655//2655 2654//2654
f 2655//2655 2667//2667 2662//2662
f 2669//2669 2657//2657 2656//2656
f 2658//2658 2657//2657 2669//2669
f 2658//2658 2670//2670 2663//2663
f 2671//2671 2664//2664 2663//2663
f 2660//2660 2659//2659 2672//2672
f 2660//2660 2673//2673 2668//2668
f 2674//2674 2661//2661 2566//2566
f 2674//2674 2672//2672 2659//2659
f 2665//2665 2664//2664 2676//2676
f 2678//2678 2666//2666 2665//2665
f 2667//2667 2666//2666 2678//2678
f 2679//2679 2675//2675 2662//2662
f 2681//2681 2669//2669 2668//2668
f 2682//2682 2670//2670 2669//2669
f 2671//2671 2670//2670 2682//2682
f 2671//2671 2683//2683 2676//2676
f 2673//2673 2672//2672 2684//2684
f 2673//2673 2685//2685 2680//2680
f 2686//2686 2674//2674 2572//2572
f 2686//2686 2684//2684 2672//2672
f 2687//2687 979//979 866//866
f 2688//2688 980//980 979//979
f 2689//2689 981//981 980//980
f 2690//2690 982//982 981//981
f 983//983 982//982 2690//2690
f 984//984 983//983 2691//2691
f 985//985 984//984 2692//2692
f 2695//2695 992//992 985//985
f 2695//2695 2693//2693 2694//2694
f 993//993 992//992 2695//2695
f 2687//2687 2585//2585 2600//2600
f 2688//2688 2687//2687 2697//2697
f 2689//2689 2688//2688 2698//2698
f 2700//2700 2690//2690 2689//2689
f 2701//2701 2691//2691 2690//2690
f 2702//2702 2692//2692 2691//2691
f 2703//2703 2693//2693 2692//2692
f 2694//2694 2693//2693 2703//2703
f 2705//2705 2696//2696 2694//2694
f 2697//2697 2600//2600 2615//2615
f 2698//2698 2697//2697 2710//2710
f 2712//2712 2711//2711 2706//2706
f 2712//2712 2699//2699 2698//2698
f 2712//2712 2707//2707 2708//2708
f 2713//2713 2700//2700 2699//2699
f 2713//2713 2708//2708 2709//2709
f 2701//2701 2700//2700 2713//2713
f 2702//2702 2701//2701 2714//2714
f 2716//2716 2703//2703 2702//2702
f 2717//2717 2704//2704 2703//2703
f 2720//2720 2707//2707 2706//2706
f 2721//2721 2708//2708 2707//2707
f 2709//2709 2708//2708 2721//2721
f 2724//2724 2628//2628 2624//2624
f 2724//2724 2710//2710 2615//2615
f 2725//2725 2724//2724 2718//2718
f 2725//2725 2711//2711 2710//2710
f 2725//2725 2719//2719 2706//2706
f 2726//2726 2714//2714 2709//2709
f 2726//2726 2722//2722 2723//2723
f 2715//2715 2714//2714 2726//2726
f 2716//2716 2715//2715 2727//2727
f 2729//2729 2717//2717 2716//2716
f 2730//2730 2718//2718 2624//2624
f 2731//2731 2719//2719 2718//2718
f 2720//2720 2719//2719 2731//2731
f 2721//2721 2720//2720 2732//2732
f 2734//2734 2722//2722 2721//2721
f 2723//2723 2722//2722 2734//2734
f 2737//2737 2727//2727 2723//2723
f 2737//2737 2735//2735 2736//2736
f 2728//2728 2727//2727 2737//2737
f 2739//2739 2729//2729 2728//2728
f 2740//2740 2730//2730 2636//2636
f 2731//2731 2730//2730 2740//2740
f 2732//2732 2731//2731 2741//2741
f 2743//2743 2733//2733 2732//2732
f 2744//2744 2734//2734 2733//2733
f 2745//2745 2735//2735 2734//2734
f 2736//2736 2735//2735 2745//2745
f 2747//2747 2738//2738 2736//2736
f 2739//2739 2738//2738 2747//2747
f 2749//2749 2740//2740 2650//2650
f 2750//2750 2741//2741 2740//2740
f 2751//2751 2742//2742 2741//2741
f 2752//2752 2743//2743 2742//2742
f 2753//2753 2744//2744 2743//2743
f 2754//2754 2745//2745 2744//2744
f 2755//2755 2746//2746 2745//2745
f 2756//2756 2747//2747 2746//2746
f 2757//2757 2748//2748 2747//2747
f 2749//2749 2662//2662 2675//2675
f 2759//2759 2750//2750 2749//2749
f 2760//2760 2751//2751 2750//2750
f 2752//2752 2751//2751 2760//2760
f 2753//2753 2752//2752 2761//2761
f 2754//2754 2753//2753 2762//2762
f 2764//2764 2755//2755 2754//2754
f 2765//2765 2766//2766 2764//2764
f 2756//2756 2755//2755 2764//2764
f 2767//2767 2757//2757 2756//2756
f 2768//2768 1049//1049 993//993
f 1050//1050 1049//1049 2768//2768
f 2771//2771 1052//1052 1050//1050
f 2771//2771 2769//2769 2770//2770
f 1053//1053 1052//1052 2771//2771
f 1054//1054 1053//1053 2772//2772
f 2775//2775 1056//1056 1054//1054
f 2775//2775 2773//2773 2774//2774
f 1057//1057 1056//1056 2775//2775
f 1058//1058 1057//1057 2776//2776
f 2778//2778 1060//1060 1058//1058
f 1061//1061 1060//1060 2778//2778
f 2780//2780 1063//1063 1061//1061
f 1064//1064 1063//1063 2780//2780
f 2705//2705 2704//2704 2782//2782
f 2768//2768 2696//2696 2705//2705
f 2784//2784 2769//2769 2768//2768
f 2770//2770 2769//2769 2784//2784
f 2787//2787 2772//2772 2770//2770
f 2787//2787 2785//2785 2786//2786
f 2773//2773 2772//2772 2787//2787
f 2774//2774 2773//2773 2788//2788
f 2790//2790 2776//2776 2774//2774
f 2777//2777 2776//2776 2790//2790
f 2793//2793 2778//2778 2777//2777
f 2793//2793 2791//2791 2792//2792
f 2779//2779 2778//2778 2793//2793
f 2796//2796 2780//2780 2779//2779
f 2796//2796 2794//2794 2795//2795
f 2781//2781 2780//2780 2796//2796
f 2782//2782 2704//2704 2717//2717
f 2800//2800 2783//2783 2782//2782
f 2800//2800 2798//2798 2799//2799
f 2784//2784 2783//2783 2800//2800
f 2802//2802 2785//2785 2784//2784
f 2786//2786 2785//2785 2802//2802
f 2804//2804 2788//2788 2786//2786
f 2789//2789 2788//2788 2804//2804
f 2790//2790 2789//2789 2805//2805
f 2807//2807 2791//2791 2790//2790
f 2792//2792 2791//2791 2807//2807
f 2809//2809 2794//2794 2792//2792
f 2795//2795 2794//2794 2809//2809
f 2811//2811 2797//2797 2795//2795
f 2812//2812 2798//2798 2717//2717
f 2799//2799 2798//2798 2812//2812
f 2814//2814 2801//2801 2799//2799
f 2802//2802 2801//2801 2814//2814
f 2803//2803 2802//2802 2815//2815
f 2804//2804 2803//2803 2816//2816
f 2805//2805 2804//2804 2817//2817
f 2820//2820 2806//2806 2805//2805
f 2820//2820 2818//2818 2819//2819
f 2807//2807 2806//2806 2820//2820
f 2822//2822 2808//2808 2807//2807
f 2809//2809 2808//2808 2822//2822
f 2810//2810 2809//2809 2823//2823
f 2811//2811 2810//2810 2824//2824
f 2826//2826 2812//2812 2729//2729
f 2813//2813 2812//2812 2826//2826
f 2814//2814 2813//2813 2827//2827
f 2815//2815 2814//2814 2828//2828
f 2816//2816 2815//2815 2829//2829
f 2817//2817 2816//2816 2830//2830
f 2832//2832 2818//2818 2817//2817
f 2819//2819 2818//2818 2832//2832
f 2834//2834 2821//2821 2819//2819
f 2822//2822 2821//2821 2834//2834
f 2823//2823 2822//2822 2835//2835
f 2824//2824 2823//2823 2836//2836
f 2825//2825 2824//2824 2837//2837
f 2839//2839 2826//2826 2739//2739
f 2827//2827 2826//2826 2839//2839
f 2828//2828 2827//2827 2840//2840
f 2829//2829 2828//2828 2841//2841
f 2830//2830 2829//2829 2842//2842
f 2831//2831 2830//2830 2843//2843
f 2832//2832 2831//2831 2844//2844
f 2846//2846 2833//2833 2832//2832
f 2834//2834 2833//2833 2846//2846
f 2835//2835 2834//2834 2847//2847
f 2849//2849 2836//2836 2835//2835
f 2837//2837 2836//2836 2849//2849
f 2838//2838 2837//2837 2850//2850
f 2839//2839 2748//2748 2757//2757
f 2840//2840 2839//2839 2852//2852
f 2841//2841 2840//2840 2853//2853
f 2842//2842 2841//2841 2854//2854
f 2856//2856 2843//2843 2842//2842
f 2857//2857 2844//2844 2843//2843
f 2845//2845 2844//2844 2857//2857
f 2846//2846 2845//2845 2858//2858
f 2860//2860 2847//2847 2846//2846
f 2861//2861 2848//2848 2847//2847
f 2862//2862 2849//2849 2848//2848
f 2850//2850 2849//2849 2862//2862
f 2851//2851 2850//2850 2863//2863
f 2852//2852 2757//2757 2767//2767
f 2866//2866 2853//2853 2852//2852
f 2867//2867 2854//2854 2853//2853
f 2868//2868 2855//2855 2854//2854
f 2869//2869 2856//2856 2855//2855
f 2870//2870 2857//2857 2856//2856
f 2858//2858 2857//2857 2870//2870
f 2859//2859 2858//2858 2871//2871
f 2873//2873 2860//2860 2859//2859
f 2874//2874 2861//2861 2860//2860
f 2875//2875 2862//2862 2861//2861
f 2876//2876 2863//2863 2862//2862
f 2877//2877 2864//2864 2863//2863
f 2880//2880 2879//2879 2538//2538
f 2880//2880 1163//1163 1162//1162
f 2880//2880 2539//2539 781//781
f 2882//2882 2881//2881 2878//2878
f 2882//2882 1165//1165 1164//1164
f 2882//2882 2879//2879 1162//1162
f 2884//2884 1167//1167 1166//1166
f 2884//2884 2881//2881 1164//1164
f 2886//2886 2883//2883 1166//1166
f 2888//2888 2887//2887 2885//2885
f 2888//2888 1172//1172 1171//1171
f 2888//2888 2886//2886 1169//1169
f 2889//2889 2887//2887 1171//1171
f 1175//1175 2891//2891 2889//2889
f 2893//2893 2892//2892 2890//2890
f 2893//2893 1177//1177 1176//1176
f 2893//2893 2891//2891 1175//1175
f 2895//2895 2879//2879 2878//2878
f 2895//2895 2544//2544 2538//2538
f 2897//2897 2894//2894 2878//2878
f 2899//2899 2898//2898 2896//2896
f 2899//2899 2884//2884 2883//2883
f 2899//2899 2897//2897 2881//2881
f 2901//2901 2886//2886 2885//2885
f 2901//2901 2898//2898 2883//2883
f 2902//2902 2900//2900 2885//2885
f 2889//2889 2904//2904 2902//2902
f 2906//2906 2905//2905 2903//2903
f 2906//2906 2891//2891 2890//2890
f 2906//2906 2904//2904 2889//2889
f 2907//2907 2905//2905 2890//2890
f 2895//2895 2894//2894 2908//2908
f 2909//2909 2549//2549 2544//2544
f 2911//2911 2897//2897 2896//2896
f 2911//2911 2908//2908 2894//2894
f 2912//2912 2910//2910 2896//2896
f 2901//2901 2900//2900 2913//2913
f 2901//2901 2914//2914 2912//2912
f 2915//2915 2913//2913 2900//2900
f 2917//2917 2904//2904 2903//2903
f 2917//2917 2915//2915 2902//2902
f 2918//2918 2916//2916 2903//2903
f 2907//2907 2919//2919 2918//2918
f 2921//2921 2920//2920 2555//2555
f 2921//2921 2909//2909 2908//2908
f 2921//2921 2556//2556 2549//2549
f 2911//2911 2910//2910 2922//2922
f 2923//2923 2920//2920 2908//2908
f 2925//2925 2922//2922 2910//2910
f 2927//2927 2926//2926 2924//2924
f 2927//2927 2914//2914 2913//2913
f 2927//2927 2925//2925 2912//2912
f 2929//2929 2926//2926 2913//2913
f 2931//2931 2930//2930 2928//2928
f 2931//2931 2917//2917 2916//2916
f 2931//2931 2929//2929 2915//2915
f 2932//2932 2930//2930 2916//2916
f 2919//2919 2934//2934 2932//2932
f 2936//2936 2563//2563 2555//2555
f 2938//2938 2937//2937 2935//2935
f 2938//2938 2923//2923 2922//2922
f 2938//2938 2936//2936 2920//2920
f 2940//2940 2925//2925 2924//2924
f 2940//2940 2937//2937 2922//2922
f 2941//2941 2939//2939 2924//2924
f 2943//2943 2929//2929 2928//2928
f 2943//2943 2941//2941 2926//2926
f 2944//2944 2942//2942 2928//2928
f 2932//2932 2945//2945 2944//2944
f 2947//2947 2934//2934 2933//2933
f 2947//2947 2945//2945 2932//2932
f 2949//2949 2936//2936 2935//2935
f 2936//2936 2949//2949 2569//2569
f 2950//2950 2948//2948 2935//2935
f 2951//2951 2949//2949 2948//2948
f 2940//2940 2939//2939 2952//2952
f 2953//2953 2950//2950 2937//2937
f 2954//2954 2952//2952 2939//2939
f 2943//2943 2942//2942 2955//2955
f 2943//2943 2956//2956 2954//2954
f 2957//2957 2955//2955 2942//2942
f 2945//2945 2958//2958 2957//2957
f 2947//2947 2946//2946 2959//2959
f 2960//2960 2958//2958 2945//2945
f 2961//2961 2575//2575 2569//2569
f 2951//2951 2950//2950 2962//2962
f 2951//2951 2963//2963 2961//2961
f 2953//2953 2952//2952 2964//2964
f 2953//2953 2965//2965 2962//2962
f 2954//2954 2966//2966 2964//2964
f 2968//2968 2956//2956 2955//2955
f 2956//2956 2968//2968 2966//2966
f 2969//2969 2967//2967 2955//2955
f 2970//2970 2969//2969 2957//2957
f 2972//2972 2960//2960 2959//2959
f 2960//2960 2972//2972 2970//2970
f 2973//2973 2582//2582 2575//2575
f 2975//2975 2963//2963 2962//2962
f 2975//2975 2973//2973 2961//2961
f 2977//2977 2965//2965 2964//2964
f 2965//2965 2977//2977 2974//2974
f 2966//2966 2978//2978 2976//2976
f 2980//2980 2968//2968 2967//2967
f 2968//2968 2980//2980 2978//2978
f 2969//2969 2981//2981 2979//2979
f 2982//2982 2981//2981 2969//2969
f 2984//2984 2972//2972 2971//2971
f 2972//2972 2984//2984 2982//2982
f 2985//2985 1339//1339 1064//1064
f 2986//2986 2985//2985 2781//2781
f 2987//2987 2892//2892 1176//1176
f 2988//2988 2987//2987 1449//1449
f 1452//1452 2989//2989 2988//2988
f 1453//1453 2990//2990 2989//2989
f 1454//1454 2992//2992 2990//2990
f 2993//2993 2991//2991 2992//2992
f 2994//2994 2992//2992 1454//1454
f 2995//2995 2994//2994 1455//1455
f 2996//2996 2995//2995 1456//1456
f 2987//2987 2997//2997 2907//2907
f 2988//2988 2999//2999 2997//2997
f 3001//3001 3000//3000 2998//2998
f 3001//3001 2999//2999 2988//2988
f 3002//3002 3000//3000 3001//3001
f 3003//3003 3001//3001 2989//2989
f 3005//3005 3004//3004 3002//3002
f 3005//3005 2992//2992 2991//2991
f 3005//3005 3003//3003 2990//2990
f 2993//2993 3006//3006 3004//3004
f 3007//3007 3006//3006 2993//2993
f 3008//3008 3006//3006 3007//3007
f 2995//2995 3009//3009 3007//3007
f 3010//3010 3008//3008 3009//3009
f 2996//2996 3011//3011 3009//3009
f 3013//3013 2919//2919 2907//2907
f 3015//3015 3014//3014 3012//3012
f 3015//3015 2999//2999 2998//2998
f 3015//3015 3013//3013 2997//2997
f 3016//3016 3014//3014 2998//2998
f 3017//3017 3016//3016 3000//3000
f 3018//3018 3017//3017 3002//3002
f 3006//3006 3019//3019 3018//3018
f 3008//3008 3020//3020 3019//3019
f 3010//3010 3021//3021 3020//3020
f 3022//3022 3021//3021 3010//3010
f 3024//3024 3023//3023 2933//2933
f 3024//3024 3013//3013 3012//3012
f 3024//3024 2934//2934 2919//2919
f 3025//3025 3023//3023 3012//3012
f 3016//3016 3026//3026 3025//3025
f 3017//3017 3027//3027 3026//3026
f 3028//3028 3027//3027 3017//3017
f 3029//3029 3028//3028 3018//3018
f 3030//3030 3029//3029 3019//3019
f 3021//3021 3031//3031 3030//3030
f 3032//3032 3031//3031 3021//3021
f 3033//3033 2946//2946 2933//2933
f 3025//3025 3034//3034 3033//3033
f 3026//3026 3035//3035 3034//3034
f 3027//3027 3036//3036 3035//3035
f 3037//3037 3036//3036 3027//3027
f 3038//3038 3037//3037 3028//3028
f 3039//3039 3038//3038 3029//3029
f 3040//3040 3039//3039 3030//3030
f 3041//3041 2959//2959 2946//2946
f 3034//3034 3042//3042 3041//3041
f 3035//3035 3043//3043 3042//3042
f 3036//3036 3044//3044 3043//3043
f 3037//3037 3045//3045 3044//3044
f 3046//3046 3045//3045 3037//3037
f 3047//3047 3046//3046 3038//3038
f 3048//3048 3047//3047 3039//3039
f 3041//3041 3049//3049 2971//2971
f 3042//3042 3050//3050 3049//3049
f 3043//3043 3051//3051 3050//3050
f 3044//3044 3052//3052 3051//3051
f 3045//3045 3053//3053 3052//3052
f 3046//3046 3054//3054 3053//3053
f 3047//3047 3055//3055 3054//3054
f 3048//3048 3056//3056 3055//3055
f 3049//3049 3057//3057 2983//2983
f 3058//3058 3057//3057 3049//3049
f 3059//3059 3058//3058 3050//3050
f 3060//3060 3059//3059 3051//3051
f 3061//3061 3060//3060 3052//3052
f 3054//3054 3062//3062 3061//3061
f 3055//3055 3063//3063 3062//3062
f 3056//3056 3064//3064 3063//3063
f 1582//1582 3065//3065 2996//2996
f 3066//3066 3065//3065 1582//1582
f 3067//3067 3065//3065 3066//3066
f 1584//1584 3068//3068 3066//3066
f 3069//3069 3068//3068 1584//1584
f 1587//1587 3070//3070 3069//3069
f 3071//3071 3070//3070 1587//1587
f 3072//3072 3070//3070 3071//3071
f 1589//1589 3073//3073 3071//3071
f 1591//1591 3074//3074 3073//3073
f 3075//3075 3074//3074 1591//1591
f 1593//1593 3076//3076 3075//3075
f 3077//3077 3076//3076 1593//1593
f 3078//3078 3076//3076 3077//3077
f 1595//1595 3079//3079 3077//3077
f 3080//3080 3079//3079 1595//1595
f 3081//3081 3011//3011 2996//2996
f 3067//3067 3082//3082 3081//3081
f 3083//3083 3082//3082 3067//3067
f 3084//3084 3082//3082 3083//3083
f 3069//3069 3085//3085 3083//3083
f 3086//3086 3085//3085 3069//3069
f 3072//3072 3087//3087 3086//3086
f 3088//3088 3087//3087 3072//3072
f 3074//3074 3089//3089 3088//3088
f 3090//3090 3089//3089 3074//3074
f 3091//3091 3089//3089 3090//3090
f 3076//3076 3092//3092 3090//3090
f 3078//3078 3093//3093 3092//3092
f 3094//3094 3093//3093 3078//3078
f 3081//3081 3095//3095 3022//3022
f 3096//3096 3095//3095 3081//3081
f 3084//3084 3097//3097 3096//3096
f 3098//3098 3097//3097 3084//3084
f 3099//3099 3097//3097 3098//3098
f 3086//3086 3100//3100 3098//3098
f 3087//3087 3101//3101 3100//3100
f 3102//3102 3101//3101 3087//3087
f 3103//3103 3101//3101 3102//3102
f 3089//3089 3104//3104 3102//3102
f 3091//3091 3105//3105 3104//3104
f 3106//3106 3105//3105 3091//3091
f 3093//3093 3107//3107 3106//3106
f 3094//3094 3108//3108 3107//3107
f 3109//3109 3031//3031 3032//3032
f 3095//3095 3110//3110 3032//3032
f 3111//3111 3110//3110 3095//3095
f 3112//3112 3111//3111 3096//3096
f 3099//3099 3113//3113 3112//3112
f 3114//3114 3113//3113 3099//3099
f 3115//3115 3114//3114 3100//3100
f 3103//3103 3116//3116 3115//3115
f 3117//3117 3116//3116 3103//3103
f 3105//3105 3118//3118 3117//3117
f 3106//3106 3119//3119 3118//3118
f 3107//3107 3120//3120 3119//3119
f 3121//3121 3120//3120 3107//3107
f 3109//3109 3122//3122 3040//3040
f 3123//3123 3122//3122 3109//3109
f 3111//3111 3124//3124 3123//3123
f 3125//3125 3124//3124 3111//3111
f 3113//3113 3126//3126 3125//3125
f 3114//3114 3127//3127 3126//3126
f 3115//3115 3128//3128 3127//3127
f 3116//3116 3129//3129 3128//3128
f 3117//3117 3130//3130 3129//3129
f 3118//3118 3131//3131 3130//3130
f 3132//3132 3131//3131 3118//3118
f 3133//3133 3131//3131 3132//3132
f 3120//3120 3134//3134 3132//3132
f 3122//3122 3135//3135 3048//3048
f 3136//3136 3135//3135 3122//3122
f 3137//3137 3135//3135 3136//3136
f 3124//3124 3138//3138 3136//3136
f 3139//3139 3138//3138 3124//3124
f 3126//3126 3140//3140 3139//3139
f 3127//3127 3141//3141 3140//3140
f 3128//3128 3142//3142 3141//3141
f 3129//3129 3143//3143 3142//3142
f 3130//3130 3144//3144 3143//3143
f 3145//3145 3144//3144 3130//3130
f 3133//3133 3146//3146 3145//3145
f 3147//3147 3146//3146 3133//3133
f 3148//3148 3056//3056 3048//3048
f 3150//3150 3148//3148 3135//3135
f 3150//3150 3151//3151 3149//3149
f 3138//3138 3151//3151 3150//3150
f 3139//3139 3152//3152 3151//3151
f 3153//3153 3152//3152 3139//3139
f 3154//3154 3153//3153 3140//3140
f 3155//3155 3154//3154 3141//3141
f 3156//3156 3155//3155 3142//3142
f 3157//3157 3156//3156 3143//3143
f 3145//3145 3158//3158 3157//3157
f 3160//3160 3158//3158 3145//3145
f 3160//3160 3161//3161 3159//3159
f 3147//3147 3161//3161 3160//3160
f 3162//3162 3064//3064 3056//3056
f 3149//3149 3163//3163 3162//3162
f 3164//3164 3163//3163 3149//3149
f 3152//3152 3165//3165 3164//3164
f 3166//3166 3165//3165 3152//3152
f 3167//3167 3166//3166 3153//3153
f 3168//3168 3167//3167 3154//3154
f 3156//3156 3169//3169 3168//3168
f 3170//3170 3169//3169 3156//3156
f 3171//3171 3170//3170 3157//3157
f 3159//3159 3172//3172 3171//3171
f 3173//3173 3172//3172 3159//3159
f 2580//2580 2579//2579 3175//3175
f 2581//2581 2580//2580 3176//3176
f 2581//2581 3177//3177 3174//3174
f 2583//2583 2582//2582 3178//3178
f 2583//2583 3179//3179 3175//3175
f 3180//3180 3176//3176 3175//3175
f 3177//3177 3176//3176 3182//3182
f 3183//3183 3181//3181 3174//3174
f 3180//3180 3179//3179 3184//3184
f 3180//3180 3185//3185 3182//3182
f 3183//3183 3182//3182 3187//3187
f 3188//3188 3186//3186 3181//3181
f 3190//3190 3185//3185 3184//3184
f 3190//3190 3187//3187 3182//3182
f 3188//3188 3187//3187 3192//3192
f 3188//3188 3193//3193 3191//3191
f 3190//3190 3189//3189 3194//3194
f 3190//3190 3195//3195 3192//3192
f 3196//3196 3193//3193 3192//3192
f 3196//3196 3195//3195 3198//3198
f 3196//3196 3199//3199 3197//3197
f 3199//3199 3198//3198 3201//3201
f 3199//3199 3202//3202 3200//3200
f 2677//2677 2676//2676 3205//3205
f 3207//3207 2678//2678 2677//2677
f 2679//2679 2678//2678 3207//3207
f 2679//2679 3208//3208 3204//3204
f 2681//2681 2680//2680 3209//3209
f 3211//3211 2682//2682 2681//2681
f 2683//2683 2682//2682 3211//3211
f 3212//3212 3205//3205 2676//2676
f 2685//2685 2684//2684 3213//3213
f 2685//2685 3214//3214 3209//3209
f 3215//3215 3210//3210 3209//3209
f 2686//2686 2578//2578 3174//3174
f 3216//3216 3213//3213 2684//2684
f 3206//3206 3205//3205 3217//3217
f 3219//3219 3207//3207 3206//3206
f 3220//3220 3208//3208 3207//3207
f 3211//3211 3210//3210 3221//3221
f 3212//3212 3211//3211 3222//3222
f 3212//3212 3223//3223 3217//3217
f 3224//3224 3218//3218 3217//3217
f 3214//3214 3213//3213 3225//3225
f 3215//3215 3214//3214 3226//3226
f 3215//3215 3227//3227 3221//3221
f 3216//3216 3174//3174 3181//3181
f 3216//3216 3228//3228 3225//3225
f 3229//3229 3226//3226 3225//3225
f 3219//3219 3218//3218 3230//3230
f 3232//3232 3220//3220 3219//3219
f 3222//3222 3221//3221 3233//3233
f 3235//3235 3223//3223 3222//3222
f 3224//3224 3223//3223 3235//3235
f 3224//3224 3236//3236 3230//3230
f 3237//3237 3231//3231 3230//3230
f 3227//3227 3226//3226 3238//3238
f 3227//3227 3239//3239 3233//3233
f 3240//3240 3234//3234 3233//3233
f 3241//3241 3228//3228 3181//3181
f 3229//3229 3228//3228 3241//3241
f 3229//3229 3242//3242 3238//3238
f 3232//3232 3231//3231 3243//3243
f 3235//3235 3234//3234 3245//3245
f 3247//3247 3236//3236 3235//3235
f 3237//3237 3236//3236 3247//3247
f 3237//3237 3248//3248 3243//3243
f 3249//3249 3244//3244 3243//3243
f 3239//3239 3238//3238 3250//3250
f 3240//3240 3239//3239 3251//3251
f 3240//3240 3252//3252 3245//3245
f 3253//3253 3246//3246 3245//3245
f 3241//3241 3186//3186 3191//3191
f 3242//3242 3241//3241 3254//3254
f 3242//3242 3255//3255 3250//3250
f 3256//3256 3251//3251 3250//3250
f 3257//3257 3254//3254 3191//3191
f 3247//3247 3246//3246 3259//3259
f 3261//3261 3248//3248 3247//3247
f 3249//3249 3248//3248 3261//3261
f 3249//3249 3262//3262 3258//3258
f 3252//3252 3251//3251 3263//3263
f 3253//3253 3252//3252 3264//3264
f 3253//3253 3265//3265 3259//3259
f 3266//3266 3260//3260 3259//3259
f 3255//3255 3254//3254 3267//3267
f 3256//3256 3255//3255 3268//3268
f 3256//3256 3269//3269 3263//3263
f 3257//3257 3193//3193 3197//3197
f 3257//3257 3270//3270 3267//3267
f 3271//3271 3268//3268 3267//3267
f 3261//3261 3260//3260 3272//3272
f 3274//3274 3262//3262 3261//3261
f 3264//3264 3263//3263 3275//3275
f 3277//3277 3265//3265 3264//3264
f 3266//3266 3265//3265 3277//3277
f 3266//3266 3278//3278 3272//3272
f 3279//3279 3273//3273 3272//3272
f 3269//3269 3268//3268 3280//3280
f 3269//3269 3281//3281 3275//3275
f 3282//3282 3276//3276 3275//3275
f 3270//3270 3197//3197 3200//3200
f 3271//3271 3270//3270 3283//3283
f 3271//3271 3284//3284 3280//3280
f 3285//3285 3283//3283 3200//3200
f 3274//3274 3273//3273 3286//3286
f 3277//3277 3276//3276 3288//3288
f 3290//3290 3278//3278 3277//3277
f 3279//3279 3278//3278 3290//3290
f 3279//3279 3291//3291 3286//3286
f 3292//3292 3287//3287 3286//3286
f 3281//3281 3280//3280 3293//3293
f 3282//3282 3281//3281 3294//3294
f 3282//3282 3295//3295 3288//3288
f 3296//3296 3289//3289 3288//3288
f 3284//3284 3283//3283 3297//3297
f 3284//3284 3298//3298 3293//3293
f 3299//3299 3294//3294 3293//3293
f 3300//3300 3295//3295 3294//3294
f 3285//3285 3202//3202 3203//3203
f 3285//3285 3301//3301 3297//3297
f 3302//3302 3298//3298 3297//3297
f 3290//3290 3289//3289 3303//3303
f 3305//3305 3291//3291 3290//3290
f 3292//3292 3291//3291 3305//3305
f 3296//3296 3295//3295 3307//3307
f 3296//3296 3308//3308 3303//3303
f 3309//3309 3304//3304 3303//3303
f 3309//3309 3310//3310 3305//3305
f 3311//3311 3306//3306 3305//3305
f 3299//3299 3298//3298 3312//3312
f 3300//3300 3299//3299 3313//3313
f 3300//3300 3314//3314 3307//3307
f 3315//3315 3308//3308 3307//3307
f 3302//3302 3301//3301 3316//3316
f 3302//3302 3317//3317 3312//3312
f 3318//3318 3313//3313 3312//3312
f 2758//2758 2675//2675 3204//3204
f 2759//2759 2758//2758 3319//3319
f 3321//3321 2760//2760 2759//2759
f 3322//3322 2761//2761 2760//2760
f 2762//2762 2761//2761 3322//3322
f 3324//3324 2763//2763 2762//2762
f 3325//3325 3319//3319 3204//3204
f 3326//3326 3327//3327 3324//3324
f 2765//2765 2763//2763 3324//3324
f 3328//3328 2766//2766 2765//2765
f 2767//2767 2766//2766 3328//3328
f 3320//3320 3319//3319 3330//3330
f 3321//3321 3320//3320 3331//3331
f 3333//3333 3322//3322 3321//3321
f 3334//3334 3323//3323 3322//3322
f 3325//3325 3208//3208 3220//3220
f 3325//3325 3335//3335 3330//3330
f 3336//3336 3331//3331 3330//3330
f 3336//3336 3337//3337 3332//3332
f 3338//3338 3333//3333 3332//3332
f 3338//3338 3339//3339 3334//3334
f 3326//3326 3323//3323 3334//3334
f 3340//3340 3327//3327 3326//3326
f 3341//3341 3328//3328 3327//3327
f 3329//3329 3328//3328 3341//3341
f 3343//3343 3335//3335 3220//3220
f 3336//3336 3335//3335 3343//3343
f 3337//3337 3336//3336 3344//3344
f 3346//3346 3338//3338 3337//3337
f 3347//3347 3339//3339 3338//3338
f 3348//3348 3340//3340 3339//3339
f 3341//3341 3340//3340 3348//3348
f 3342//3342 3341//3341 3349//3349
f 3352//3352 3343//3343 3232//3232
f 3353//3353 3344//3344 3343//3343
f 3354//3354 3345//3345 3344//3344
f 3346//3346 3345//3345 3354//3354
f 3347//3347 3346//3346 3355//3355
f 3348//3348 3347//3347 3356//3356
f 3349//3349 3348//3348 3357//3357
f 3359//3359 3350//3350 3349//3349
f 3360//3360 3361//3361 3359//3359
f 3351//3351 3350//3350 3359//3359
f 3352//3352 3244//3244 3258//3258
f 3353//3353 3352//3352 3362//3362
f 3354//3354 3353//3353 3363//3363
f 3365//3365 3355//3355 3354//3354
f 3366//3366 3356//3356 3355//3355
f 3367//3367 3357//3357 3356//3356
f 3368//3368 3358//3358 3357//3357
f 3369//3369 3362//3362 3258//3258
f 3369//3369 3370//3370 3363//3363
f 3371//3371 3364//3364 3363//3363
f 3372//3372 3373//3373 3367//3367
f 3373//3373 3374//3374 3368//3368
f 3360//3360 3358//3358 3368//3368
f 3375//3375 3361//3361 3360//3360
f 3365//3365 3364//3364 3376//3376
f 3378//3378 3366//3366 3365//3365
f 3369//3369 3262//3262 3274//3274
f 3370//3370 3369//3369 3379//3379
f 3371//3371 3370//3370 3380//3380
f 3371//3371 3381//3381 3376//3376
f 3382//3382 3377//3377 3376//3376
f 3382//3382 3383//3383 3378//3378
f 3372//3372 3366//3366 3378//3378
f 3384//3384 3373//3373 3372//3372
f 3385//3385 3374//3374 3373//3373
f 3375//3375 3374//3374 3385//3385
f 3379//3379 3274//3274 3287//3287
f 3380//3380 3379//3379 3388//3388
f 3390//3390 3381//3381 3380//3380
f 3382//3382 3381//3381 3390//3390
f 3392//3392 3383//3383 3382//3382
f 3384//3384 3383//3383 3392//3392
f 3394//3394 3385//3385 3384//3384
f 3395//3395 3386//3386 3385//3385
f 3292//3292 3396//3396 3388//3388
f 3397//3397 3389//3389 3388//3388
f 3398//3398 3399//3399 3392//3392
f 3400//3400 3393//3393 3392//3392
f 3401//3401 3394//3394 3393//3393
f 3401//3401 3402//3402 3395//3395
f 3387//3387 3386//3386 3395//3395
f 3390//3390 3389//3389 3403//3403
f 3405//3405 3391//3391 3390//3390
f 3406//3406 3396//3396 3292//3292
f 3397//3397 3396//3396 3406//3406
f 3397//3397 3407//3407 3403//3403
f 3408//3408 3404//3404 3403//3403
f 3408//3408 3409//3409 3405//3405
f 3398//3398 3391//3391 3405//3405
f 3410//3410 3399//3399 3398//3398
f 3411//3411 3400//3400 3399//3399
f 3401//3401 3400//3400 3411//3411
f 3413//3413 3402//3402 3401//3401
f 3414//3414 3415//3415 3413//3413
f 2865//2865 2767//2767 3329//3329
f 3417//3417 2866//2866 2865//2865
f 3418//3418 2867//2867 2866//2866
f 3419//3419 2868//2868 2867//2867
f 2869//2869 2868//2868 3419//3419
f 3421//3421 2870//2870 2869//2869
f 3422//3422 2871//2871 2870//2870
f 2872//2872 2871//2871 3422//3422
f 3424//3424 2873//2873 2872//2872
f 3425//3425 2874//2874 2873//2873
f 3426//3426 2875//2875 2874//2874
f 3427//3427 2876//2876 2875//2875
f 3428//3428 2877//2877 2876//2876
f 3416//3416 3329//3329 3342//3342
f 3430//3430 3417//3417 3416//3416
f 3431//3431 3432//3432 3430//3430
f 3418//3418 3417//3417 3430//3430
f 3419//3419 3418//3418 3432//3432
f 3434//3434 3420//3420 3419//3419
f 3435//3435 3436//3436 3434//3434
f 3421//3421 3420//3420 3434//3434
f 3437//3437 3422//3422 3421//3421
f 3438//3438 3423//3423 3422//3422
f 3439//3439 3440//3440 3438//3438
f 3424//3424 3423//3423 3438//3438
f 3441//3441 3425//3425 3424//3424
f 3442//3442 3426//3426 3425//3425
f 3443//3443 3427//3427 3426//3426
f 3444//3444 3428//3428 3427//3427
f 3445//3445 3429//3429 3342//3342
f 3351//3351 3446//3446 3445//3445
f 3431//3431 3429//3429 3445//3445
f 3447//3447 3432//3432 3431//3431
f 3433//3433 3432//3432 3447//3447
f 3435//3435 3433//3433 3448//3448
f 3450//3450 3436//3436 3435//3435
f 3451//3451 3437//3437 3436//3436
f 3439//3439 3437//3437 3451//3451
f 3453//3453 3440//3440 3439//3439
f 3454//3454 3441//3441 3440//3440
f 3455//3455 3456//3456 3454//3454
f 3442//3442 3441//3441 3454//3454
f 3457//3457 3443//3443 3442//3442
f 3458//3458 3459//3459 3457//3457
f 3444//3444 3443//3443 3457//3457
f 3460//3460 3446//3446 3351//3351
f 3447//3447 3446//3446 3460//3460
f 3462//3462 3448//3448 3447//3447
f 3463//3463 3464//3464 3462//3462
f 3449//3449 3448//3448 3462//3462
f 3465//3465 3450//3450 3449//3449
f 3466//3466 3451//3451 3450//3450
f 3467//3467 3468//3468 3466//3466
f 3452//3452 3451//3451 3466//3466
f 3469//3469 3453//3453 3452//3452
f 3455//3455 3453//3453 3469//3469
f 3471//3471 3456//3456 3455//3455
f 3458//3458 3456//3456 3471//3471
f 3473//3473 3459//3459 3458//3458
f 3460//3460 3361//3361 3375//3375
f 3475//3475 3461//3461 3460//3460
f 3476//3476 3477//3477 3475//3475
f 3463//3463 3461//3461 3475//3475
f 3478//3478 3464//3464 3463//3463
f 3479//3479 3465//3465 3464//3464
f 3480//3480 3481//3481 3479//3479
f 3467//3467 3465//3465 3479//3479
f 3482//3482 3468//3468 3467//3467
f 3483//3483 3469//3469 3468//3468
f 3484//3484 3485//3485 3483//3483
f 3470//3470 3469//3469 3483//3483
f 3486//3486 3471//3471 3470//3470
f 3487//3487 3488//3488 3486//3486
f 3472//3472 3471//3471 3486//3486
f 3489//3489 3473//3473 3472//3472
f 3490//3490 3474//3474 3375//3375
f 3387//3387 3491//3491 3490//3490
f 3476//3476 3474//3474 3490//3490
f 3492//3492 3477//3477 3476//3476
f 3493//3493 3478//3478 3477//3477
f 3494//3494 3495//3495 3493//3493
f 3480//3480 3478//3478 3493//3493
f 3496//3496 3481//3481 3480//3480
f 3497//3497 3482//3482 3481//3481
f 3498//3498 3499//3499 3497//3497
f 3484//3484 3482//3482 3497//3497
f 3500//3500 3485//3485 3484//3484
f 3487//3487 3485//3485 3500//3500
f 3502//3502 3488//3488 3487//3487
f 3503//3503 3491//3491 3387//3387
f 3504//3504 3492//3492 3491//3491
f 3505//3505 3506//3506 3504//3504
f 3494//3494 3492//3492 3504//3504
f 3507//3507 3495//3495 3494//3494
f 3508//3508 3496//3496 3495//3495
f 3509//3509 3510//3510 3508//3508
f 3498//3498 3496//3496 3508//3508
f 3511//3511 3499//3499 3498//3498
f 3512//3512 3500//3500 3499//3499
f 3513//3513 3514//3514 3512//3512
f 3501//3501 3500//3500 3512//3512
f 3515//3515 3502//3502 3501//3501
f 3516//3516 3503//3503 3402//3402
f 3415//3415 3517//3517 3516//3516
f 3505//3505 3503//3503 3516//3516
f 3518//3518 3506//3506 3505//3505
f 3519//3519 3507//3507 3506//3506
f 3520//3520 3521//3521 3519//3519
f 3509//3509 3507//3507 3519//3519
f 3522//3522 3510//3510 3509//3509
f 3523//3523 3511//3511 3510//3510
f 3524//3524 3525//3525 3523//3523
f 3513//3513 3511//3511 3523//3523
f 3526//3526 3514//3514 3513//3513
f 2973//2973 3527//3527 3178//3178
f 3528//3528 3179//3179 3178//3178
f 3530//3530 2975//2975 2974//2974
f 3530//3530 3527//3527 2973//2973
f 2977//2977 2976//2976 3531//3531
f 2977//2977 3532//3532 3529//3529
f 2978//2978 3533//3533 3531//3531
f 3534//3534 3532//3532 3531//3531
f 2980//2980 2979//2979 3535//3535
f 2980//2980 3536//3536 3533//3533
f 2981//2981 3537//3537 3535//3535
f 3538//3538 3536//3536 3535//3535
f 3539//3539 3537//3537 2981//2981
f 2984//2984 2983//2983 3540//3540
f 2984//2984 3541//3541 3539//3539
f 3528//3528 3527//3527 3542//3542
f 3528//3528 3543//3543 3184//3184
f 3545//3545 3530//3530 3529//3529
f 3530//3530 3545//3545 3542//3542
f 3546//3546 3544//3544 3529//3529
f 3534//3534 3533//3533 3547//3547
f 3534//3534 3548//3548 3546//3546
f 3536//3536 3549//3549 3547//3547
f 3538//3538 3537//3537 3550//3550
f 3538//3538 3551//3551 3549//3549
f 3539//3539 3552//3552 3550//3550
f 3553//3553 3552//3552 3539//3539
f 3555//3555 3543//3543 3542//3542
f 3543//3543 3555//3555 3189//3189
f 3545//3545 3544//3544 3556//3556
f 3545//3545 3557//3557 3554//3554
f 3546//3546 3558//3558 3556//3556
f 3559//3559 3557//3557 3556//3556
f 3561//3561 3548//3548 3547//3547
f 3561//3561 3558//3558 3546//3546
f 3549//3549 3562//3562 3560//3560
f 3551//3551 3550//3550 3563//3563
f 3551//3551 3564//3564 3562//3562
f 3552//3552 3565//3565 3563//3563
f 3566//3566 3564//3564 3563//3563
f 3567//3567 3565//3565 3552//3552
f 3555//3555 3554//3554 3568//3568
f 3555//3555 3569//3569 3194//3194
f 3570//3570 3195//3195 3194//3194
f 3557//3557 3571//3571 3568//3568
f 3572//3572 3569//3569 3568//3568
f 3559//3559 3558//3558 3573//3573
f 3559//3559 3574//3574 3571//3571
f 3561//3561 3560//3560 3575//3575
f 3561//3561 3576//3576 3573//3573
f 3562//3562 3577//3577 3575//3575
f 3578//3578 3576//3576 3575//3575
f 3579//3579 3577//3577 3562//3562
f 3566//3566 3565//3565 3580//3580
f 3566//3566 3581//3581 3579//3579
f 3567//3567 3582//3582 3580//3580
f 3583//3583 3581//3581 3580//3580
f 3570//3570 3569//3569 3584//3584
f 3570//3570 3585//3585 3198//3198
f 3572//3572 3571//3571 3586//3586
f 3572//3572 3587//3587 3584//3584
f 3574//3574 3573//3573 3588//3588
f 3574//3574 3589//3589 3586//3586
f 3590//3590 3587//3587 3586//3586
f 3576//3576 3591//3591 3588//3588
f 3592//3592 3589//3589 3588//3588
f 3578//3578 3577//3577 3593//3593
f 3578//3578 3594//3594 3591//3591
f 3579//3579 3595//3595 3593//3593
f 3596//3596 3594//3594 3593//3593
f 3597//3597 3595//3595 3579//3579
f 3583//3583 3582//3582 3598//3598
f 3583//3583 3599//3599 3597//3597
f 3585//3585 3584//3584 3600//3600
f 3585//3585 3601//3601 3201//3201
f 3602//3602 3202//3202 3201//3201
f 3587//3587 3603//3603 3600//3600
f 3604//3604 3601//3601 3600//3600
f 3590//3590 3589//3589 3605//3605
f 3590//3590 3606//3606 3603//3603
f 3592//3592 3591//3591 3607//3607
f 3592//3592 3608//3608 3605//3605
f 3594//3594 3609//3609 3607//3607
f 3610//3610 3608//3608 3607//3607
f 3596//3596 3595//3595 3611//3611
f 3596//3596 3612//3612 3609//3609
f 3597//3597 3613//3613 3611//3611
f 3614//3614 3612//3612 3611//3611
f 3615//3615 3613//3613 3597//3597
f 3602//3602 3601//3601 3616//3616
f 3602//3602 3617//3617 3203//3203
f 3604//3604 3603//3603 3618//3618
f 3604//3604 3619//3619 3616//3616
f 3620//3620 3617//3617 3616//3616
f 3606//3606 3605//3605 3621//3621
f 3606//3606 3622//3622 3618//3618
f 3623//3623 3619//3619 3618//3618
f 3608//3608 3624//3624 3621//3621
f 3625//3625 3622//3622 3621//3621
f 3610//3610 3609//3609 3626//3626
f 3610//3610 3627//3627 3624//3624
f 3612//3612 3628//3628 3626//3626
f 3629//3629 3627//3627 3626//3626
f 3614//3614 3613//3613 3630//3630
f 3614//3614 3631//3631 3628//3628
f 3615//3615 3632//3632 3630//3630
f 3633//3633 3631//3631 3630//3630
f 3620//3620 3619//3619 3635//3635
f 3620//3620 3636//3636 3634//3634
f 3623//3623 3622//3622 3637//3637
f 3623//3623 3638//3638 3635//3635
f 3639//3639 3636//3636 3635//3635
f 3625//3625 3624//3624 3640//3640
f 3625//3625 3641//3641 3637//3637
f 3642//3642 3638//3638 3637//3637
f 3627//3627 3643//3643 3640//3640
f 3644//3644 3641//3641 3640//3640
f 3629//3629 3628//3628 3645//3645
f 3629//3629 3646//3646 3643//3643
f 3647//3647 3644//3644 3643//3643
f 3631//3631 3648//3648 3645//3645
f 3649//3649 3646//3646 3645//3645
f 3633//3633 3650//3650 3648//3648
f 3651//3651 3649//3649 3648//3648
f 3652//3652 3301//3301 3203//3203
f 3652//3652 3617//3617 3634//3634
f 3652//3652 3653//3653 3316//3316
f 3654//3654 3317//3317 3316//3316
f 3655//3655 3459//3459 3473//3473
f 3657//3657 3658//3658 3489//3489
f 3656//3656 3473//3473 3489//3489
f 3657//3657 3488//3488 3502//3502
f 3661//3661 3658//3658 3657//3657
f 3659//3659 3658//3658 3661//3661
f 3663//3663 3664//3664 3515//3515
f 3660//3660 3502//3502 3515//3515
f 3665//3665 3661//3661 3660//3660
f 3666//3666 3667//3667 3665//3665
f 3662//3662 3661//3661 3665//3665
f 3669//3669 3670//3670 3526//3526
f 3663//3663 3514//3514 3526//3526
f 3671//3671 3664//3664 3663//3663
f 3672//3672 3673//3673 3671//3671
f 3666//3666 3664//3664 3671//3671
f 3674//3674 3667//3667 3666//3666
f 3675//3675 3676//3676 3674//3674
f 3668//3668 3667//3667 3674//3674
f 3057//3057 3678//3678 3540//3540
f 3679//3679 3541//3541 3540//3540
f 3680//3680 3678//3678 3057//3057
f 3681//3681 3680//3680 3058//3058
f 3682//3682 3681//3681 3059//3059
f 3683//3683 3682//3682 3060//3060
f 3062//3062 3684//3684 3683//3683
f 3063//3063 3685//3685 3684//3684
f 3064//3064 3686//3686 3685//3685
f 3679//3679 3678//3678 3687//3687
f 3679//3679 3688//3688 3553//3553
f 3680//3680 3689//3689 3687//3687
f 3690//3690 3688//3688 3687//3687
f 3691//3691 3689//3689 3680//3680
f 3692//3692 3691//3691 3681//3681
f 3693//3693 3692//3692 3682//3682
f 3684//3684 3694//3694 3693//3693
f 3685//3685 3695//3695 3694//3694
f 3697//3697 3695//3695 3685//3685
f 3697//3697 3698//3698 3696//3696
f 3699//3699 3567//3567 3553//3553
f 3690//3690 3689//3689 3700//3700
f 3690//3690 3701//3701 3699//3699
f 3691//3691 3702//3702 3700//3700
f 3703//3703 3701//3701 3700//3700
f 3692//3692 3704//3704 3702//3702
f 3704//3704 3705//3705 3703//3703
f 3706//3706 3704//3704 3692//3692
f 3707//3707 3705//3705 3704//3704
f 3708//3708 3706//3706 3693//3693
f 3709//3709 3707//3707 3706//3706
f 3710//3710 3708//3708 3694//3694
f 3710//3710 3711//3711 3709//3709
f 3696//3696 3711//3711 3710//3710
f 3712//3712 3711//3711 3696//3696
f 3713//3713 3582//3582 3567//3567
f 3714//3714 3713//3713 3699//3699
f 3703//3703 3715//3715 3714//3714
f 3705//3705 3716//3716 3715//3715
f 3717//3717 3716//3716 3705//3705
f 3718//3718 3717//3717 3707//3707
f 3719//3719 3718//3718 3709//3709
f 3712//3712 3720//3720 3719//3719
f 3713//3713 3721//3721 3598//3598
f 3722//3722 3599//3599 3598//3598
f 3714//3714 3723//3723 3721//3721
f 3724//3724 3722//3722 3721//3721
f 3725//3725 3723//3723 3714//3714
f 3726//3726 3725//3725 3715//3715
f 3727//3727 3726//3726 3716//3716
f 3718//3718 3728//3728 3727//3727
f 3719//3719 3729//3729 3728//3728
f 3720//3720 3730//3730 3729//3729
f 3722//3722 3732//3732 3615//3615
f 3724//3724 3723//3723 3733//3733
f 3724//3724 3734//3734 3732//3732
f 3725//3725 3735//3735 3733//3733
f 3736//3736 3734//3734 3733//3733
f 3726//3726 3737//3737 3735//3735
f 3737//3737 3738//3738 3736//3736
f 3739//3739 3737//3737 3726//3726
f 3740//3740 3738//3738 3737//3737
f 3741//3741 3739//3739 3727//3727
f 3742//3742 3740//3740 3739//3739
f 3743//3743 3741//3741 3728//3728
f 3744//3744 3742//3742 3741//3741
f 3745//3745 3743//3743 3729//3729
f 3745//3745 3746//3746 3744//3744
f 3731//3731 3746//3746 3745//3745
f 3732//3732 3747//3747 3632//3632
f 3747//3747 3748//3748 3633//3633
f 3749//3749 3747//3747 3732//3732
f 3750//3750 3748//3748 3747//3747
f 3751//3751 3749//3749 3734//3734
f 3738//3738 3752//3752 3751//3751
f 3753//3753 3752//3752 3738//3738
f 3754//3754 3753//3753 3740//3740
f 3744//3744 3755//3755 3754//3754
f 3756//3756 3755//3755 3744//3744
f 3758//3758 3650//3650 3633//3633
f 3750//3750 3749//3749 3759//3759
f 3750//3750 3760//3760 3758//3758
f 3751//3751 3761//3761 3759//3759
f 3762//3762 3760//3760 3759//3759
f 3752//3752 3763//3763 3761//3761
f 3763//3763 3764//3764 3762//3762
f 3753//3753 3765//3765 3763//3763
f 3766//3766 3764//3764 3763//3763
f 3754//3754 3767//3767 3765//3765
f 3768//3768 3766//3766 3765//3765
f 3769//3769 3767//3767 3754//3754
f 3770//3770 3768//3768 3767//3767
f 3771//3771 3769//3769 3755//3755
f 3771//3771 3772//3772 3770//3770
f 3757//3757 3772//3772 3771//3771
f 3773//3773 3686//3686 3064//3064
f 3774//3774 3773//3773 3162//3162
f 3775//3775 3774//3774 3163//3163
f 3165//3165 3776//3776 3775//3775
f 3777//3777 3776//3776 3165//3165
f 3778//3778 3777//3777 3166//3166
f 3779//3779 3778//3778 3167//3167
f 3780//3780 3779//3779 3168//3168
f 3781//3781 3780//3780 3169//3169
f 3782//3782 3781//3781 3170//3170
f 3783//3783 3782//3782 3171//3171
f 3173//3173 3784//3784 3783//3783
f 3785//3785 3697//3697 3686//3686
f 3785//3785 3786//3786 3698//3698
f 3774//3774 3786//3786 3785//3785
f 3787//3787 3786//3786 3774//3774
f 3776//3776 3788//3788 3787//3787
f 3790//3790 3788//3788 3776//3776
f 3790//3790 3791//3791 3789//3789
f 3778//3778 3791//3791 3790//3790
f 3792//3792 3791//3791 3778//3778
f 3794//3794 3792//3792 3779//3779
f 3794//3794 3795//3795 3793//3793
f 3781//3781 3795//3795 3794//3794
f 3796//3796 3795//3795 3781//3781
f 3797//3797 3796//3796 3782//3782
f 3784//3784 3798//3798 3797//3797
f 3800//3800 3712//3712 3698//3698
f 3787//3787 3801//3801 3800//3800
f 3803//3803 3801//3801 3787//3787
f 3803//3803 3804//3804 3802//3802
f 3789//3789 3804//3804 3803//3803
f 3805//3805 3804//3804 3789//3789
f 3806//3806 3805//3805 3791//3791
f 3793//3793 3807//3807 3806//3806
f 3808//3808 3807//3807 3793//3793
f 3810//3810 3808//3808 3795//3795
f 3810//3810 3811//3811 3809//3809
f 3797//3797 3811//3811 3810//3810
f 3812//3812 3811//3811 3797//3797
f 3799//3799 3813//3813 3812//3812
f 3800//3800 3814//3814 3720//3720
f 3816//3816 3814//3814 3800//3800
f 3816//3816 3817//3817 3815//3815
f 3802//3802 3817//3817 3816//3816
f 3818//3818 3817//3817 3802//3802
f 3805//3805 3819//3819 3818//3818
f 3821//3821 3819//3819 3805//3805
f 3821//3821 3822//3822 3820//3820
f 3807//3807 3822//3822 3821//3821
f 3823//3823 3822//3822 3807//3807
f 3809//3809 3824//3824 3823//3823
f 3825//3825 3824//3824 3809//3809
f 3827//3827 3825//3825 3811//3811
f 3827//3827 3828//3828 3826//3826
f 3813//3813 3828//3828 3827//3827
f 3829//3829 3730//3730 3720//3720
f 3829//3829 3830//3830 3731//3731
f 3815//3815 3830//3830 3829//3829
f 3831//3831 3830//3830 3815//3815
f 3818//3818 3832//3832 3831//3831
f 3834//3834 3832//3832 3818//3818
f 3834//3834 3835//3835 3833//3833
f 3820//3820 3835//3835 3834//3834
f 3836//3836 3835//3835 3820//3820
f 3838//3838 3836//3836 3822//3822
f 3838//3838 3839//3839 3837//3837
f 3824//3824 3839//3839 3838//3838
f 3840//3840 3839//3839 3824//3824
f 3826//3826 3841//3841 3840//3840
f 3842//3842 3841//3841 3826//3826
f 3844//3844 3746//3746 3731//3731
f 3831//3831 3845//3845 3844//3844
f 3847//3847 3845//3845 3831//3831
f 3847//3847 3848//3848 3846//3846
f 3833//3833 3848//3848 3847//3847
f 3849//3849 3848//3848 3833//3833
f 3851//3851 3849//3849 3835//3835
f 3851//3851 3852//3852 3850//3850
f 3837//3837 3852//3852 3851//3851
f 3853//3853 3852//3852 3837//3837
f 3855//3855 3853//3853 3839//3839
f 3855//3855 3856//3856 3854//3854
f 3841//3841 3856//3856 3855//3855
f 3858//3858 3856//3856 3841//3841
f 3858//3858 3859//3859 3857//3857
f 3843//3843 3859//3859 3858//3858
f 3861//3861 3756//3756 3746//3746
f 3861//3861 3862//3862 3757//3757
f 3863//3863 3861//3861 3844//3844
f 3863//3863 3864//3864 3862//3862
f 3846//3846 3864//3864 3863//3863
f 3865//3865 3864//3864 3846//3846
f 3867//3867 3865//3865 3848//3848
f 3867//3867 3868//3868 3866//3866
f 3850//3850 3868//3868 3867//3867
f 3869//3869 3868//3868 3850//3850
f 3871//3871 3869//3869 3852//3852
f 3871//3871 3872//3872 3870//3870
f 3854//3854 3872//3872 3871//3871
f 3874//3874 3872//3872 3854//3854
f 3874//3874 3875//3875 3873//3873
f 3857//3857 3875//3875 3874//3874
f 3876//3876 3875//3875 3857//3857
f 3860//3860 3877//3877 3876//3876
f 3878//3878 3772//3772 3757//3757
f 3880//3880 3878//3878 3862//3862
f 3880//3880 3881//3881 3879//3879
f 3882//3882 3880//3880 3864//3864
f 3882//3882 3883//3883 3881//3881
f 3866//3866 3883//3883 3882//3882
f 3884//3884 3883//3883 3866//3866
f 3886//3886 3884//3884 3868//3868
f 3886//3886 3887//3887 3885//3885
f 3870//3870 3887//3887 3886//3886
f 3889//3889 3887//3887 3870//3870
f 3889//3889 3890//3890 3888//3888
f 3873//3873 3890//3890 3889//3889
f 3891//3891 3890//3890 3873//3873
f 3893//3893 3891//3891 3875//3875
f 3893//3893 3894//3894 3892//3892
f 3877//3877 3894//3894 3893//3893
f 3902//3902 3899//3899 3898//3898
f 3908//3908 3905//3905 3904//3904
f 3908//3908 3907//3907 3901//3901
f 3908//3908 3902//3902 3900//3900
f 3914//3914 3911//3911 3910//3910
f 3914//3914 3913//3913 3904//3904
f 3914//3914 3905//3905 3903//3903
f 3917//3917 3913//3913 3912//3912
f 3917//3917 3916//3916 3906//3906
f 3917//3917 3907//3907 3904//3904
f 3309//3309 3308//3308 3919//3919
f 3310//3310 3309//3309 3920//3920
f 3311//3311 3310//3310 3921//3921
f 3311//3311 3922//3922 3918//3918
f 3314//3314 3313//3313 3923//3923
f 3315//3315 3314//3314 3924//3924
f 3315//3315 3925//3925 3919//3919
f 3926//3926 3920//3920 3919//3919
f 3927//3927 3921//3921 3920//3920
f 3318//3318 3317//3317 3928//3928
f 3318//3318 3929//3929 3923//3923
f 3930//3930 3924//3924 3923//3923
f 3922//3922 3921//3921 3931//3931
f 3925//3925 3924//3924 3933//3933
f 3926//3926 3925//3925 3934//3934
f 3927//3927 3926//3926 3935//3935
f 3927//3927 3936//3936 3931//3931
f 3937//3937 3932//3932 3931//3931
f 3930//3930 3929//3929 3938//3938
f 3930//3930 3939//3939 3933//3933
f 3940//3940 3934//3934 3933//3933
f 3941//3941 3935//3935 3934//3934
f 3936//3936 3935//3935 3942//3942
f 3937//3937 3936//3936 3943//3943
f 3940//3940 3939//3939 3945//3945
f 3941//3941 3940//3940 3946//3946
f 3941//3941 3947//3947 3942//3942
f 3948//3948 3943//3943 3942//3942
f 3948//3948 3949//3949 3944//3944
f 3948//3948 3947//3947 3950//3950
f 3952//3952 3949//3949 3948//3948
f 3406//3406 3306//3306 3918//3918
f 3954//3954 3407//3407 3406//3406
f 3408//3408 3407//3407 3954//3954
f 3956//3956 3409//3409 3408//3408
f 3410//3410 3409//3409 3956//3956
f 3958//3958 3411//3411 3410//3410
f 3959//3959 3412//3412 3411//3411
f 3960//3960 3953//3953 3918//3918
f 3960//3960 3961//3961 3954//3954
f 3961//3961 3962//3962 3955//3955
f 3962//3962 3963//3963 3956//3956
f 3964//3964 3957//3957 3956//3956
f 3965//3965 3958//3958 3957//3957
f 3965//3965 3966//3966 3959//3959
f 3414//3414 3412//3412 3959//3959
f 3967//3967 3415//3415 3414//3414
f 3960//3960 3922//3922 3932//3932
f 3961//3961 3960//3960 3969//3969
f 3962//3962 3961//3961 3970//3970
f 3963//3963 3962//3962 3971//3971
f 3973//3973 3964//3964 3963//3963
f 3974//3974 3965//3965 3964//3964
f 3975//3975 3966//3966 3965//3965
f 3976//3976 3967//3967 3966//3966
f 3937//3937 3977//3977 3969//3969
f 3977//3977 3978//3978 3970//3970
f 3978//3978 3979//3979 3971//3971
f 3980//3980 3972//3972 3971//3971
f 3981//3981 3973//3973 3972//3972
f 3982//3982 3974//3974 3973//3973
f 3983//3983 3975//3975 3974//3974
f 3983//3983 3984//3984 3976//3976
f 3968//3968 3967//3967 3976//3976
f 3977//3977 3937//3937 3944//3944
f 3978//3978 3977//3977 3985//3985
f 3979//3979 3978//3978 3986//3986
f 3988//3988 3980//3980 3979//3979
f 3989//3989 3981//3981 3980//3980
f 3990//3990 3982//3982 3981//3981
f 3991//3991 3983//3983 3982//3982
f 3992//3992 3984//3984 3983//3983
f 3949//3949 3993//3993 3985//3985
f 3993//3993 3994//3994 3986//3986
f 3995//3995 3987//3987 3986//3986
f 3996//3996 3997//3997 3989//3989
f 3998//3998 3990//3990 3989//3989
f 3999//3999 3991//3991 3990//3990
f 3999//3999 4000//4000 3992//3992
f 4002//4002 3988//3988 3987//3987
f 3993//3993 3949//3949 3952//3952
f 3994//3994 3993//3993 4003//4003
f 3995//3995 3994//3994 4004//4004
f 3995//3995 4005//4005 4001//4001
f 4006//4006 4002//4002 4001//4001
f 3996//3996 3988//3988 4002//4002
f 4007//4007 3997//3997 3996//3996
f 3998//3998 3997//3997 4007//4007
f 3999//3999 3998//3998 4008//4008
f 4010//4010 4000//4000 3999//3999
f 4005//4005 4004//4004 4011//4011
f 4013//4013 3517//3517 3415//3415
f 4014//4014 3518//3518 3517//3517
f 3968//3968 4015//4015 4013//4013
f 4015//4015 4016//4016 4014//4014
f 3520//3520 3518//3518 4014//4014
f 4017//4017 3521//3521 3520//3520
f 4018//4018 3522//3522 3521//3521
f 4019//4019 4020//4020 4017//4017
f 4020//4020 4021//4021 4018//4018
f 3524//3524 3522//3522 4018//4018
f 4022//4022 3525//3525 3524//3524
f 4023//4023 4015//4015 3968//3968
f 4024//4024 4016//4016 4015//4015
f 4025//4025 4026//4026 4024//4024
f 4019//4019 4016//4016 4024//4024
f 4027//4027 4020//4020 4019//4019
f 4028//4028 4021//4021 4020//4020
f 4029//4029 4023//4023 3984//3984
f 4000//4000 4030//4030 4029//4029
f 4025//4025 4023//4023 4029//4029
f 4031//4031 4026//4026 4025//4025
f 3636//3636 4033//4033 4032//4032
f 3639//3639 3638//3638 4034//4034
f 3639//3639 4035//4035 4033//4033
f 3642//3642 3641//3641 4036//4036
f 3642//3642 4037//4037 4034//4034
f 4038//4038 4035//4035 4034//4034
f 3644//3644 4039//4039 4036//4036
f 4040//4040 4037//4037 4036//4036
f 3647//3647 3646//3646 4041//4041
f 3647//3647 4042//4042 4039//4039
f 3649//3649 4043//4043 4041//4041
f 4044//4044 4042//4042 4041//4041
f 3651//3651 3650//3650 4045//4045
f 3651//3651 4046//4046 4043//4043
f 4035//4035 4048//4048 4047//4047
f 4038//4038 4037//4037 4049//4049
f 4038//4038 4050//4050 4048//4048
f 4040//4040 4039//4039 4051//4051
f 4040//4040 4052//4052 4049//4049
f 4053//4053 4050//4050 4049//4049
f 4042//4042 4054//4054 4051//4051
f 4055//4055 4052//4052 4051//4051
f 4044//4044 4043//4043 4056//4056
f 4044//4044 4057//4057 4054//4054
f 4058//4058 4055//4055 4054//4054
f 4046//4046 4059//4059 4056//4056
f 4060//4060 4057//4057 4056//4056
f 4053//4053 4052//4052 4062//4062
f 4053//4053 4063//4063 4061//4061
f 4055//4055 4064//4064 4062//4062
f 4065//4065 4063//4063 4062//4062
f 4058//4058 4057//4057 4066//4066
f 4058//4058 4067//4067 4064//4064
f 4068//4068 4065//4065 4064//4064
f 4060//4060 4069//4069 4066//4066
f 4070//4070 4067//4067 4066//4066
f 4065//4065 4072//4072 4071//4071
f 4068//4068 4067//4067 4073//4073
f 4068//4068 4074//4074 4072//4072
f 4070//4070 4075//4075 4073//4073
f 4076//4076 4074//4074 4073//4073
f 4076//4076 4078//4078 4077//4077
f 3653//3653 3634//3634 4032//4032
f 3654//3654 3653//3653 4079//4079
f 3654//3654 4080//4080 3928//3928
f 4081//4081 3929//3929 3928//3928
f 4082//4082 4079//4079 4032//4032
f 4083//4083 4080//4080 4079//4079
f 4081//4081 4080//4080 4084//4084
f 4081//4081 4085//4085 3938//3938
f 4086//4086 3939//3939 3938//3938
f 4082//4082 4033//4033 4047//4047
f 4083//4083 4082//4082 4087//4087
f 4083//4083 4088//4088 4084//4084
f 4089//4089 4085//4085 4084//4084
f 4090//4090 4087//4087 4047//4047
f 4091//4091 4088//4088 4087//4087
f 4092//4092 4090//4090 4048//4048
f 4086//4086 4085//4085 4093//4093
f 4086//4086 4094//4094 3945//3945
f 4095//4095 3946//3946 3945//3945
f 4096//4096 3947//3947 3946//3946
f 4089//4089 4088//4088 4097//4097
f 4089//4089 4098//4098 4093//4093
f 4099//4099 4094//4094 4093//4093
f 4091//4091 4090//4090 4100//4100
f 4091//4091 4101//4101 4097//4097
f 4102//4102 4098//4098 4097//4097
f 4092//4092 4050//4050 4061//4061
f 4092//4092 4103//4103 4100//4100
f 4104//4104 4101//4101 4100//4100
f 4105//4105 4103//4103 4061//4061
f 4095//4095 4094//4094 4106//4106
f 4096//4096 4095//4095 4107//4107
f 4096//4096 4108//4108 3950//3950
f 4109//4109 3951//3951 3950//3950
f 4110//4110 3952//3952 3951//3951
f 4099//4099 4098//4098 4111//4111
f 4099//4099 4112//4112 4106//4106
f 4113//4113 4107//4107 4106//4106
f 4114//4114 4108//4108 4107//4107
f 4115//4115 4109//4109 4108//4108
f 4102//4102 4101//4101 4116//4116
f 4102//4102 4117//4117 4111//4111
f 4118//4118 4112//4112 4111//4111
f 4119//4119 4113//4113 4112//4112
f 4104//4104 4103//4103 4120//4120
f 4104//4104 4121//4121 4116//4116
f 4122//4122 4117//4117 4116//4116
f 4105//4105 4063//4063 4071//4071
f 4105//4105 4123//4123 4120//4120
f 4124//4124 4121//4121 4120//4120
f 4125//4125 4123//4123 4071//4071
f 4126//4126 4124//4124 4123//4123
f 4127//4127 4125//4125 4072//4072
f 4110//4110 4109//4109 4128//4128
f 4114//4114 4113//4113 4130//4130
f 4115//4115 4114//4114 4131//4131
f 4115//4115 4132//4132 4128//4128
f 4133//4133 4129//4129 4128//4128
f 4118//4118 4117//4117 4134//4134
f 4119//4119 4118//4118 4135//4135
f 4119//4119 4136//4136 4130//4130
f 4137//4137 4131//4131 4130//4130
f 4138//4138 4132//4132 4131//4131
f 4139//4139 4133//4133 4132//4132
f 4122//4122 4121//4121 4140//4140
f 4122//4122 4141//4141 4134//4134
f 4142//4142 4135//4135 4134//4134
f 4143//4143 4136//4136 4135//4135
f 4144//4144 4137//4137 4136//4136
f 4124//4124 4145//4145 4140//4140
f 4146//4146 4141//4141 4140//4140
f 4147//4147 4142//4142 4141//4141
f 4126//4126 4125//4125 4148//4148
f 4126//4126 4149//4149 4145//4145
f 4150//4150 4146//4146 4145//4145
f 4127//4127 4074//4074 4077//4077
f 4127//4127 4151//4151 4148//4148
f 4152//4152 4149//4149 4148//4148
f 4153//4153 4151//4151 4077//4077
f 4154//4154 4152//4152 4151//4151
f 4138//4138 4137//4137 4156//4156
f 4139//4139 4138//4138 4157//4157
f 4139//4139 4158//4158 4155//4155
f 4143//4143 4142//4142 4159//4159
f 4144//4144 4143//4143 4160//4160
f 4144//4144 4161//4161 4156//4156
f 4162//4162 4157//4157 4156//4156
f 4163//4163 4158//4158 4157//4157
f 4147//4147 4146//4146 4164//4164
f 4147//4147 4165//4165 4159//4159
f 4166//4166 4160//4160 4159//4159
f 4167//4167 4161//4161 4160//4160
f 4168//4168 4162//4162 4161//4161
f 4150//4150 4149//4149 4169//4169
f 4150//4150 4170//4170 4164//4164
f 4171//4171 4165//4165 4164//4164
f 4172//4172 4166//4166 4165//4165
f 4152//4152 4173//4173 4169//4169
f 4174//4174 4170//4170 4169//4169
f 4174//4174 4175//4175 4171//4171
f 4176//4176 4172//4172 4171//4171
f 4154//4154 4153//4153 4177//4177
f 4154//4154 4178//4178 4173//4173
f 4179//4179 4174//4174 4173//4173
f 4180//4180 4175//4175 4174//4174
f 4163//4163 4162//4162 4181//4181
f 4167//4167 4166//4166 4183//4183
f 4168//4168 4167//4167 4184//4184
f 4168//4168 4185//4185 4181//4181
f 4186//4186 4182//4182 4181//4181
f 4172//4172 4187//4187 4183//4183
f 4188//4188 4184//4184 4183//4183
f 4189//4189 4185//4185 4184//4184
f 4189//4189 4190//4190 4186//4186
f 4176//4176 4175//4175 4191//4191
f 4176//4176 4192//4192 4187//4187
f 4192//4192 4193//4193 4188//4188
f 4194//4194 4189//4189 4188//4188
f 4195//4195 4190//4190 4189//4189
f 4180//4180 4179//4179 4196//4196
f 4180//4180 4197//4197 4191//4191
f 4198//4198 4192//4192 4191//4191
f 4199//4199 4193//4193 4192//4192
f 4194//4194 4193//4193 4201//4201
f 4195//4195 4194//4194 4202//4202
f 4195//4195 4203//4203 4200//4200
f 4199//4199 4198//4198 4204//4204
f 4199//4199 4205//4205 4201//4201
f 4206//4206 4202//4202 4201//4201
f 4207//4207 4203//4203 4202//4202
f 4209//4209 4003//4003 3952//3952
f 4210//4210 4004//4004 4003//4003
f 4211//4211 4212//4212 4006//4006
f 4212//4212 4213//4213 4007//4007
f 4213//4213 4214//4214 4008//4008
f 4214//4214 4215//4215 4009//4009
f 4215//4215 4216//4216 4010//4010
f 4208//4208 4000//4000 4010//4010
f 4218//4218 4209//4209 4110//4110
f 4210//4210 4209//4209 4218//4218
f 4210//4210 4219//4219 4011//4011
f 4220//4220 4012//4012 4011//4011
f 4211//4211 4005//4005 4012//4012
f 4221//4221 4212//4212 4211//4211
f 4213//4213 4212//4212 4221//4221
f 4214//4214 4213//4213 4222//4222
f 4215//4215 4214//4214 4223//4223
f 4225//4225 4216//4216 4215//4215
f 4226//4226 4218//4218 4129//4129
f 4227//4227 4219//4219 4218//4218
f 4228//4228 4220//4220 4219//4219
f 4228//4228 4229//4229 4221//4221
f 4229//4229 4230//4230 4222//4222
f 4230//4230 4231//4231 4223//4223
f 4231//4231 4232//4232 4224//4224
f 4232//4232 4233//4233 4225//4225
f 4217//4217 4216//4216 4225//4225
f 4234//4234 4235//4235 4233//4233
f 4226//4226 4133//4133 4155//4155
f 4237//4237 4227//4227 4226//4226
f 4238//4238 4228//4228 4227//4227
f 4229//4229 4228//4228 4238//4238
f 4230//4230 4229//4229 4239//4239
f 4231//4231 4230//4230 4240//4240
f 4242//4242 4232//4232 4231//4231
f 4243//4243 4236//4236 4155//4155
f 4243//4243 4244//4244 4237//4237
f 4245//4245 4238//4238 4237//4237
f 4245//4245 4246//4246 4239//4239
f 4246//4246 4247//4247 4240//4240
f 4247//4247 4248//4248 4241//4241
f 4248//4248 4249//4249 4242//4242
f 4234//4234 4232//4232 4242//4242
f 4250//4250 4235//4235 4234//4234
f 4163//4163 4251//4251 4243//4243
f 4252//4252 4244//4244 4243//4243
f 4253//4253 4254//4254 4249//4249
f 4254//4254 4255//4255 4250//4250
f 4245//4245 4244//4244 4257//4257
f 4246//4246 4245//4245 4258//4258
f 4247//4247 4246//4246 4259//4259
f 4261//4261 4248//4248 4247//4247
f 4262//4262 4251//4251 4163//4163
f 4252//4252 4251//4251 4262//4262
f 4252//4252 4263//4263 4257//4257
f 4264//4264 4258//4258 4257//4257
f 4264//4264 4265//4265 4259//4259
f 4266//4266 4260//4260 4259//4259
f 4266//4266 4267//4267 4261//4261
f 4253//4253 4248//4248 4261//4261
f 4268//4268 4254//4254 4253//4253
f 4269//4269 4255//4255 4254//4254
f 4186//4186 4270//4270 4262//4262
f 4271//4271 4263//4263 4262//4262
f 4271//4271 4272//4272 4264//4264
f 4273//4273 4265//4265 4264//4264
f 4273//4273 4274//4274 4266//4266
f 4275//4275 4267//4267 4266//4266
f 4275//4275 4276//4276 4268//4268
f 4276//4276 4277//4277 4269//4269
f 4256//4256 4255//4255 4269//4269
f 4278//4278 4270//4270 4186//4186
f 4279//4279 4280//4280 4275//4275
f 4280//4280 4281//4281 4276//4276
f 4282//4282 4277//4277 4276//4276
f 4283//4283 4284//4284 4282//4282
f 4271//4271 4270//4270 4285//4285
f 4287//4287 4272//4272 4271//4271
f 4273//4273 4272//4272 4287//4287
f 4289//4289 4274//4274 4273//4273
f 4278//4278 4190//4190 4200//4200
f 4278//4278 4290//4290 4285//4285
f 4291//4291 4286//4286 4285//4285
f 4292//4292 4287//4287 4286//4286
f 4292//4292 4293//4293 4288//4288
f 4293//4293 4294//4294 4289//4289
f 4279//4279 4274//4274 4289//4289
f 4295//4295 4280//4280 4279//4279
f 4296//4296 4281//4281 4280//4280
f 4297//4297 4290//4290 4200//4200
f 4298//4298 4291//4291 4290//4290
f 4298//4298 4299//4299 4292//4292
f 4300//4300 4293//4293 4292//4292
f 4301//4301 4294//4294 4293//4293
f 4301//4301 4302//4302 4295//4295
f 4302//4302 4303//4303 4296//4296
f 4283//4283 4281//4281 4296//4296
f 4304//4304 4284//4284 4283//4283
f 4207//4207 4305//4305 4297//4297
f 4305//4305 4306//4306 4298//4298
f 4306//4306 4307//4307 4299//4299
f 4308//4308 4300//4300 4299//4299
f 4309//4309 4301//4301 4300//4300
f 4310//4310 4302//4302 4301//4301
f 4311//4311 4303//4303 4302//4302
f 4311//4311 4312//4312 4304//4304
f 4313//4313 4314//4314 4022//4022
f 3669//3669 3525//3525 4022//4022
f 4315//4315 3670//3670 3669//3669
f 4316//4316 4317//4317 4315//4315
f 3672//3672 3670//3670 4315//4315
f 4318//4318 3673//3673 3672//3672
f 4319//4319 4320//4320 4318//4318
f 3675//3675 3673//3673 4318//4318
f 4321//4321 3676//3676 3675//3675
f 4322//4322 4323//4323 4321//4321
f 3677//3677 3676//3676 4321//4321
f 4326//4326 4327//4327 4027//4027
f 4327//4327 4328//4328 4028//4028
f 4313//4313 4021//4021 4028//4028
f 4329//4329 4314//4314 4313//4313
f 4330//4330 4331//4331 4329//4329
f 4316//4316 4314//4314 4329//4329
f 4332//4332 4317//4317 4316//4316
f 4333//4333 4334//4334 4332//4332
f 4319//4319 4317//4317 4332//4332
f 4335//4335 4320//4320 4319//4319
f 4336//4336 4337//4337 4335//4335
f 4322//4322 4320//4320 4335//4335
f 4338//4338 4323//4323 4322//4322
f 4339//4339 4340//4340 4338//4338
f 4324//4324 4323//4323 4338//4338
f 4341//4341 4342//4342 4340//4340
f 4325//4325 4324//4324 4340//4340
f 4208//4208 4345//4345 4030//4030
f 4345//4345 4346//4346 4031//4031
f 4326//4326 4026//4026 4031//4031
f 4347//4347 4327//4327 4326//4326
f 4348//4348 4328//4328 4327//4327
f 4349//4349 4350//4350 4348//4348
f 4330//4330 4328//4328 4348//4348
f 4351//4351 4331//4331 4330//4330
f 4352//4352 4353//4353 4351//4351
f 4333//4333 4331//4331 4351//4351
f 4354//4354 4334//4334 4333//4333
f 4355//4355 4356//4356 4354//4354
f 4336//4336 4334//4334 4354//4354
f 4357//4357 4337//4337 4336//4336
f 4358//4358 4359//4359 4357//4357
f 4339//4339 4337//4337 4357//4357
f 4360//4360 4361//4361 4359//4359
f 4341//4341 4339//4339 4359//4359
f 4362//4362 4342//4342 4341//4341
f 4363//4363 4364//4364 4362//4362
f 4343//4343 4342//4342 4362//4362
f 4365//4365 4366//4366 4364//4364
f 4344//4344 4343//4343 4364//4364
f 4367//4367 4345//4345 4208//4208
f 4368//4368 4346//4346 4345//4345
f 4369//4369 4347//4347 4346//4346
f 4217//4217 4370//4370 4367//4367
f 4370//4370 4371//4371 4368//4368
f 4371//4371 4372//4372 4369//4369
f 4349//4349 4347//4347 4369//4369
f 4373//4373 4350//4350 4349//4349
f 4374//4374 4375//4375 4372//4372
f 4375//4375 4376//4376 4373//4373
f 4352//4352 4350//4350 4373//4373
f 4377//4377 4353//4353 4352//4352
f 4378//4378 4379//4379 4376//4376
f 4379//4379 4380//4380 4377//4377
f 4355//4355 4353//4353 4377//4377
f 4381//4381 4356//4356 4355//4355
f 4382//4382 4383//4383 4380//4380
f 4383//4383 4384//4384 4381//4381
f 4358//4358 4356//4356 4381//4381
f 4385//4385 4386//4386 4384//4384
f 4360//4360 4358//4358 4384//4384
f 4387//4387 4361//4361 4360//4360
f 4388//4388 4389//4389 4387//4387
f 4363//4363 4361//4361 4387//4387
f 4390//4390 4391//4391 4389//4389
f 4365//4365 4363//4363 4389//4389
f 4392//4392 4366//4366 4365//4365
f 4393//4393 4370//4370 4217//4217
f 4394//4394 4371//4371 4370//4370
f 4235//4235 4395//4395 4393//4393
f 4395//4395 4396//4396 4394//4394
f 4374//4374 4371//4371 4394//4394
f 4397//4397 4375//4375 4374//4374
f 4398//4398 4399//4399 4396//4396
f 4399//4399 4400//4400 4397//4397
f 4378//4378 4375//4375 4397//4397
f 4401//4401 4379//4379 4378//4378
f 4402//4402 4403//4403 4400//4400
f 4403//4403 4404//4404 4401//4401
f 4382//4382 4379//4379 4401//4401
f 4405//4405 4383//4383 4382//4382
f 4406//4406 4407//4407 4404//4404
f 4407//4407 4408//4408 4405//4405
f 4385//4385 4383//4383 4405//4405
f 4409//4409 4386//4386 4385//4385
f 4410//4410 4411//4411 4408//4408
f 4411//4411 4412//4412 4409//4409
f 4388//4388 4386//4386 4409//4409
f 4413//4413 4414//4414 4412//4412
f 4390//4390 4388//4388 4412//4412
f 4415//4415 4391//4391 4390//4390
f 4416//4416 4395//4395 4235//4235
f 4255//4255 4417//4417 4416//4416
f 4398//4398 4395//4395 4416//4416
f 4418//4418 4399//4399 4398//4398
f 4256//4256 4419//4419 4417//4417
f 4419//4419 4420//4420 4418//4418
f 4402//4402 4399//4399 4418//4418
f 4421//4421 4403//4403 4402//4402
f 4422//4422 4423//4423 4420//4420
f 4423//4423 4424//4424 4421//4421
f 4406//4406 4403//4403 4421//4421
f 4425//4425 4407//4407 4406//4406
f 4426//4426 4427//4427 4424//4424
f 4427//4427 4428//4428 4425//4425
f 4410//4410 4407//4407 4425//4425
f 4429//4429 4411//4411 4410//4410
f 4430//4430 4431//4431 4428//4428
f 4431//4431 4432//4432 4429//4429
f 4413//4413 4411//4411 4429//4429
f 4433//4433 4419//4419 4256//4256
f 4282//4282 4434//4434 4433//4433
f 4422//4422 4419//4419 4433//4433
f 4435//4435 4423//4423 4422//4422
f 4436//4436 4434//4434 4282//4282
f 4436//4436 4437//4437 4435//4435
f 4426//4426 4423//4423 4435//4435
f 4438//4438 4427//4427 4426//4426
f 4440//4440 4437//4437 4436//4436
f 4440//4440 4441//4441 4438//4438
f 4430//4430 4427//4427 4438//4438
f 4442//4442 4431//4431 4430//4430
f 4443//4443 4436//4436 4284//4284
f 4312//4312 4444//4444 4443//4443
f 4439//4439 4436//4436 4443//4443
f 3758//3758 4445//4445 4045//4045
f 4446//4446 4046//4046 4045//4045
f 4447//4447 4445//4445 3758//3758
f 4447//4447 4448//4448 4446//4446
f 3762//3762 4449//4449 4447//4447
f 4449//4449 4450//4450 4448//4448
f 3764//3764 4451//4451 4449//4449
f 4451//4451 4452//4452 4450//4450
f 4453//4453 4451//4451 3764//3764
f 4453//4453 4454//4454 4452//4452
f 4455//4455 4453//4453 3766//3766
f 4456//4456 4454//4454 4453//4453
f 4457//4457 4455//4455 3768//3768
f 4458//4458 4456//4456 4455//4455
f 4459//4459 4457//4457 3770//3770
f 4460//4460 4458//4458 4457//4457
f 4446//4446 4461//4461 4059//4059
f 4461//4461 4462//4462 4060//4060
f 4448//4448 4463//4463 4461//4461
f 4464//4464 4462//4462 4461//4461
f 4465//4465 4463//4463 4448//4448
f 4466//4466 4465//4465 4450//4450
f 4467//4467 4466//4466 4452//4452
f 4456//4456 4468//4468 4467//4467
f 4458//4458 4469//4469 4468//4468
f 4471//4471 4469//4469 4458//4458
f 4471//4471 4472//4472 4470//4470
f 4462//4462 4473//4473 4069//4069
f 4473//4473 4474//4474 4070//4070
f 4464//4464 4463//4463 4475//4475
f 4464//4464 4476//4476 4473//4473
f 4477//4477 4474//4474 4473//4473
f 4465//4465 4478//4478 4475//4475
f 4479//4479 4476//4476 4475//4475
f 4480//4480 4478//4478 4465//4465
f 4481//4481 4479//4479 4478//4478
f 4467//4467 4482//4482 4480//4480
f 4483//4483 4481//4481 4480//4480
f 4468//4468 4484//4484 4482//4482
f 4485//4485 4483//4483 4482//4482
f 4486//4486 4484//4484 4468//4468
f 4486//4486 4487//4487 4485//4485
f 4470//4470 4487//4487 4486//4486
f 4489//4489 4487//4487 4470//4470
f 4489//4489 4490//4490 4488//4488
f 4474//4474 4491//4491 4075//4075
f 4492//4492 4076//4076 4075//4075
f 4477//4477 4476//4476 4493//4493
f 4477//4477 4494//4494 4491//4491
f 4495//4495 4492//4492 4491//4491
f 4479//4479 4496//4496 4493//4493
f 4497//4497 4494//4494 4493//4493
f 4498//4498 4495//4495 4494//4494
f 4499//4499 4496//4496 4479//4479
f 4500//4500 4497//4497 4496//4496
f 4501//4501 4499//4499 4481//4481
f 4501//4501 4502//4502 4500//4500
f 4503//4503 4501//4501 4483//4483
f 4503//4503 4504//4504 4502//4502
f 4506//4506 4503//4503 4485//4485
f 4506//4506 4507//4507 4504//4504
f 4488//4488 4507//4507 4506//4506
f 4507//4507 4508//4508 4505//4505
f 4509//4509 4507//4507 4488//4488
f 4509//4509 4510//4510 4508//4508
f 4511//4511 4078//4078 4076//4076
f 4512//4512 4511//4511 4492//4492
f 4498//4498 4497//4497 4513//4513
f 4498//4498 4514//4514 4512//4512
f 4500//4500 4515//4515 4513//4513
f 4516//4516 4514//4514 4513//4513
f 4502//4502 4517//4517 4515//4515
f 4517//4517 4518//4518 4516//4516
f 4519//4519 4517//4517 4502//4502
f 4519//4519 4520//4520 4518//4518
f 4505//4505 4520//4520 4519//4519
f 4521//4521 4520//4520 4505//4505
f 4510//4510 4522//4522 4521//4521
f 4518//4518 4524//4524 4523//4523
f 4525//4525 4153//4153 4078//4078
f 4526//4526 4525//4525 4511//4511
f 4527//4527 4526//4526 4512//4512
f 4516//4516 4528//4528 4527//4527
f 4520//4520 4530//4530 4529//4529
f 4521//4521 4531//4531 4530//4530
f 4522//4522 4532//4532 4531//4531
f 4525//4525 4533//4533 4177//4177
f 4534//4534 4178//4178 4177//4177
f 4535//4535 4179//4179 4178//4178
f 4536//4536 4533//4533 4525//4525
f 4536//4536 4537//4537 4534//4534
f 4538//4538 4535//4535 4534//4534
f 4539//4539 4536//4536 4526//4526
f 4540//4540 4537//4537 4536//4536
f 4528//4528 4516//4516 4523//4523
f 4528//4528 4541//4541 4539//4539
f 4542//4542 4540//4540 4539//4539
f 4543//4543 4541//4541 4523//4523
f 4529//4529 4543//4543 4524//4524
f 4544//4544 4542//4542 4541//4541
f 4545//4545 4543//4543 4529//4529
f 4545//4545 4546//4546 4544//4544
f 4531//4531 4547//4547 4545//4545
f 4547//4547 4548//4548 4546//4546
f 4532//4532 4550//4550 4547//4547
f 4551//4551 4548//4548 4547//4547
f 4551//4551 4552//4552 4549//4549
f 4535//4535 4553//4553 4196//4196
f 4554//4554 4197//4197 4196//4196
f 4554//4554 4555//4555 4198//4198
f 4538//4538 4537//4537 4556//4556
f 4538//4538 4557//4557 4553//4553
f 4558//4558 4554//4554 4553//4553
f 4559//4559 4555//4555 4554//4554
f 4540//4540 4560//4560 4556//4556
f 4561//4561 4557//4557 4556//4556
f 4561//4561 4562//4562 4558//4558
f 4563//4563 4559//4559 4558//4558
f 4564//4564 4560//4560 4540//4540
f 4565//4565 4561//4561 4560//4560
f 4566//4566 4562//4562 4561//4561
f 4544//4544 4567//4567 4564//4564
f 4568//4568 4565//4565 4564//4564
f 4569//4569 4566//4566 4565//4565
f 4546//4546 4570//4570 4567//4567
f 4570//4570 4571//4571 4568//4568
f 4572//4572 4569//4569 4568//4568
f 4573//4573 4570//4570 4546//4546
f 4573//4573 4574//4574 4571//4571
f 4549//4549 4574//4574 4573//4573
f 4574//4574 4575//4575 4572//4572
f 4577//4577 4574//4574 4549//4549
f 4577//4577 4578//4578 4575//4575
f 4578//4578 4579//4579 4576//4576
f 4555//4555 4580//4580 4204//4204
f 4581//4581 4205//4205 4204//4204
f 4581//4581 4582//4582 4206//4206
f 4582//4582 4583//4583 4207//4207
f 4584//4584 4580//4580 4555//4555
f 4585//4585 4581//4581 4580//4580
f 4585//4585 4586//4586 4582//4582
f 4587//4587 4583//4583 4582//4582
f 4563//4563 4562//4562 4588//4588
f 4563//4563 4589//4589 4584//4584
f 4590//4590 4585//4585 4584//4584
f 4590//4590 4591//4591 4586//4586
f 4592//4592 4587//4587 4586//4586
f 4566//4566 4593//4593 4588//4588
f 4594//4594 4589//4589 4588//4588
f 4594//4594 4595//4595 4590//4590
f 4596//4596 4591//4591 4590//4590
f 4569//4569 4597//4597 4593//4593
f 4597//4597 4598//4598 4594//4594
f 4598//4598 4599//4599 4595//4595
f 4600//4600 4596//4596 4595//4595
f 4572//4572 4601//4601 4597//4597
f 4601//4601 4602//4602 4598//4598
f 4603//4603 4599//4599 4598//4598
f 4603//4603 4604//4604 4600//4600
f 4606//4606 4601//4601 4572//4572
f 4606//4606 4607//4607 4602//4602
f 4576//4576 4607//4607 4606//4606
f 4608//4608 4603//4603 4602//4602
f 4609//4609 4604//4604 4603//4603
f 4609//4609 4610//4610 4605//4605
f 4611//4611 4607//4607 4576//4576
f 4611//4611 4612//4612 4608//4608
f 4613//4613 4609//4609 4608//4608
f 4613//4613 4614//4614 4610//4610
f 4615//4615 4305//4305 4207//4207
f 4616//4616 4306//4306 4305//4305
f 4617//4617 4307//4307 4306//4306
f 4617//4617 4618//4618 4308//4308
f 4618//4618 4619//4619 4309//4309
f 4619//4619 4620//4620 4310//4310
f 4621//4621 4311//4311 4310//4310
f 4622//4622 4312//4312 4311//4311
f 4623//4623 4615//4615 4583//4583
f 4624//4624 4625//4625 4621//4621
f 4626//4626 4622//4622 4621//4621
f 4627//4627 4628//4628 4626//4626
f 4629//4629 4630//4630 4628//4628
f 4636//4636 4633//4633 4632//4632
f 4643//4643 4635//4635 4634//4634
f 4643//4643 4644//4644 4636//4636
f 4653//4653 4654//4654 4392//4392
f 4645//4645 4366//4366 4392//4392
f 4655//4655 4656//4656 4654//4654
f 4656//4656 4646//4646 4645//4645
f 4657//4657 4658//4658 4656//4656
f 4658//4658 4647//4647 4646//4646
f 4659//4659 4660//4660 4658//4658
f 4660//4660 4648//4648 4647//4647
f 4661//4661 4662//4662 4660//4660
f 4662//4662 4649//4649 4648//4648
f 4664//4664 4662//4662 4661//4661
f 4650//4650 4649//4649 4662//4662
f 4666//4666 4664//4664 4663//4663
f 4651//4651 4650//4650 4664//4664
f 4668//4668 4666//4666 4665//4665
f 4652//4652 4651//4651 4666//4666
f 4669//4669 4670//4670 4414//4414
f 4670//4670 4671//4671 4415//4415
f 4653//4653 4391//4391 4415//4415
f 4672//4672 4673//4673 4671//4671
f 4673//4673 4655//4655 4653//4653
f 4674//4674 4675//4675 4673//4673
f 4675//4675 4657//4657 4655//4655
f 4676//4676 4677//4677 4675//4675
f 4677//4677 4659//4659 4657//4657
f 4678//4678 4679//4679 4677//4677
f 4661//4661 4659//4659 4677//4677
f 4681//4681 4679//4679 4678//4678
f 4663//4663 4661//4661 4679//4679
f 4683//4683 4681//4681 4680//4680
f 4665//4665 4663//4663 4681//4681
f 4686//4686 4683//4683 4682//4682
f 4667//4667 4665//4665 4683//4683
f 4687//4687 4688//4688 4432//4432
f 4669//4669 4413//4413 4432//4432
f 4689//4689 4670//4670 4669//4669
f 4691//4691 4688//4688 4687//4687
f 4691//4691 4692//4692 4689//4689
f 4672//4672 4670//4670 4689//4689
f 4693//4693 4694//4694 4691//4691
f 4695//4695 4692//4692 4691//4691
f 4695//4695 4674//4674 4672//4672
f 4696//4696 4697//4697 4694//4694
f 4698//4698 4695//4695 4694//4694
f 4698//4698 4676//4676 4674//4674
f 4699//4699 4700//4700 4698//4698
f 4700//4700 4678//4678 4676//4676
f 4703//4703 4700//4700 4699//4699
f 4680//4680 4678//4678 4700//4700
f 4705//4705 4702//4702 4701//4701
f 4705//4705 4706//4706 4703//4703
f 4682//4682 4680//4680 4703//4703
f 4707//4707 4708//4708 4705//4705
f 4709//4709 4706//4706 4705//4705
f 4709//4709 4708//4708 4684//4684
f 4709//4709 4685//4685 4682//4682
f 4710//4710 4711//4711 4440//4440
f 4712//4712 4441//4441 4440//4440
f 4712//4712 4713//4713 4442//4442
f 4687//4687 4431//4431 4442//4442
f 4714//4714 4715//4715 4712//4712
f 4715//4715 4716//4716 4713//4713
f 4716//4716 4690//4690 4687//4687
f 4717//4717 4718//4718 4715//4715
f 4719//4719 4716//4716 4715//4715
f 4719//4719 4693//4693 4690//4690
f 4720//4720 4721//4721 4719//4719
f 4696//4696 4693//4693 4719//4719
f 4722//4722 4697//4697 4696//4696
f 4725//4725 4721//4721 4720//4720
f 4725//4725 4726//4726 4722//4722
f 4699//4699 4697//4697 4722//4722
f 4728//4728 4724//4724 4723//4723
f 4728//4728 4729//4729 4725//4725
f 4730//4730 4726//4726 4725//4725
f 4730//4730 4729//4729 4701//4701
f 4730//4730 4702//4702 4699//4699
f 4732//4732 4728//4728 4727//4727
f 4733//4733 4729//4729 4728//4728
f 4733//4733 4704//4704 4701//4701
f 4736//4736 4732//4732 4731//4731
f 4737//4737 4733//4733 4732//4732
f 4707//4707 4704//4704 4733//4733
f 4622//4622 4738//4738 4444//4444
f 4710//4710 4439//4439 4444//4444
f 4739//4739 4711//4711 4710//4710
f 4740//4740 4738//4738 4622//4622
f 4740//4740 4741//4741 4739//4739
f 4714//4714 4711//4711 4739//4739
f 4742//4742 4740//4740 4626//4626
f 4742//4742 4743//4743 4741//4741
f 4717//4717 4714//4714 4741//4741
f 4744//4744 4718//4718 4717//4717
f 4745//4745 4742//4742 4628//4628
f 4746//4746 4743//4743 4742//4742
f 4746//4746 4747//4747 4744//4744
f 4720//4720 4718//4718 4744//4744
f 4631//4631 4748//4748 4745//4745
f 4748//4748 4749//4749 4746//4746
f 4750//4750 4747//4747 4746//4746
f 4750//4750 4749//4749 4723//4723
f 4750//4750 4724//4724 4720//4720
f 4751//4751 4748//4748 4631//4631
f 4752//4752 4749//4749 4748//4748
f 4752//4752 4727//4727 4723//4723
f 4636//4636 4753//4753 4751//4751
f 4754//4754 4752//4752 4751//4751
f 4731//4731 4727//4727 4752//4752
f 4644//4644 4755//4755 4753//4753
f 4756//4756 4754//4754 4753//4753
f 4756//4756 4755//4755 4734//4734
f 4756//4756 4735//4735 4731//4731
f 3878//3878 4757//4757 4459//4459
f 4757//4757 4758//4758 4460//4460
f 3879//3879 4758//4758 4757//4757
f 4759//4759 4758//4758 3879//3879
f 4761//4761 4759//4759 3881//3881
f 4761//4761 4762//4762 4760//4760
f 4763//4763 4761//4761 3883//3883
f 4763//4763 4764//4764 4762//4762
f 3885//3885 4764//4764 4763//4763
f 4766//4766 4764//4764 3885//3885
f 4766//4766 4767//4767 4765//4765
f 3888//3888 4767//4767 4766//4766
f 4769//4769 4767//4767 3888//3888
f 4769//4769 4770//4770 4768//4768
f 4771//4771 4769//4769 3890//3890
f 4771//4771 4772//4772 4770//4770
f 3892//3892 4772//4772 4771//4771
f 4773//4773 4772//4772 3892//3892
f 4774//4774 4471//4471 4460//4460
f 4775//4775 4472//4472 4471//4471
f 4776//4776 4774//4774 4758//4758
f 4776//4776 4777//4777 4775//4775
f 4760//4760 4777//4777 4776//4776
f 4779//4779 4777//4777 4760//4760
f 4779//4779 4780//4780 4778//4778
f 4781//4781 4779//4779 4762//4762
f 4781//4781 4782//4782 4780//4780
f 4765//4765 4782//4782 4781//4781
f 4784//4784 4782//4782 4765//4765
f 4784//4784 4785//4785 4783//4783
f 4768//4768 4785//4785 4784//4784
f 4786//4786 4785//4785 4768//4768
f 4787//4787 4786//4786 4770//4770
f 4788//4788 4489//4489 4472//4472
f 4789//4789 4490//4490 4489//4489
f 4790//4790 4788//4788 4775//4775
f 4790//4790 4791//4791 4789//4789
f 4778//4778 4791//4791 4790//4790
f 4793//4793 4791//4791 4778//4778
f 4793//4793 4794//4794 4792//4792
f 4795//4795 4793//4793 4780//4780
f 4795//4795 4796//4796 4794//4794
f 4783//4783 4796//4796 4795//4795
f 4797//4797 4796//4796 4783//4783
f 4789//4789 4798//4798 4509//4509
f 4798//4798 4799//4799 4510//4510
f 4800//4800 4798//4798 4789//4789
f 4800//4800 4801//4801 4799//4799
f 4792//4792 4801//4801 4800//4800
f 4802//4802 4801//4801 4792//4792
f 4803//4803 4802//4802 4794//4794
f 4799//4799 4804//4804 4522//4522
f 4805//4805 4804//4804 4799//4799
f 4773//4773 4807//4807 4806//4806
f 3895//3895 4807//4807 4773//4773
f 4786//4786 4811//4811 4810//4810
f 4787//4787 4812//4812 4811//4811
f 4806//4806 4812//4812 4787//4787
f 4814//4814 4812//4812 4806//4806
f 4814//4814 4815//4815 4813//4813
f 4808//4808 4815//4815 4814//4814
f 4809//4809 4816//4816 4815//4815
f 4797//4797 4819//4819 4818//4818
f 4810//4810 4819//4819 4797//4797
f 4821//4821 4819//4819 4810//4810
f 4821//4821 4822//4822 4820//4820
f 4824//4824 4821//4821 4811//4811
f 4824//4824 4825//4825 4822//4822
f 4813//4813 4825//4825 4824//4824
f 4825//4825 4826//4826 4823//4823
f 4828//4828 4825//4825 4813//4813
f 4828//4828 4829//4829 4826//4826
f 4816//4816 4829//4829 4828//4828
f 4829//4829 4830//4830 4827//4827
f 4817//4817 4830//4830 4829//4829
f 4802//4802 4834//4834 4833//4833
f 4803//4803 4836//4836 4834//4834
f 4818//4818 4836//4836 4803//4803
f 4836//4836 4837//4837 4835//4835
f 4838//4838 4836//4836 4818//4818
f 4838//4838 4839//4839 4837//4837
f 4820//4820 4839//4839 4838//4838
f 4841//4841 4839//4839 4820//4820
f 4841//4841 4842//4842 4840//4840
f 4823//4823 4842//4842 4841//4841
f 4844//4844 4842//4842 4823//4823
f 4844//4844 4845//4845 4843//4843
f 4827//4827 4845//4845 4844//4844
f 4848//4848 4845//4845 4827//4827
f 4848//4848 4849//4849 4846//4846
f 4831//4831 4849//4849 4848//4848
f 4849//4849 4850//4850 4847//4847
f 4832//4832 4850//4850 4849//4849
f 4804//4804 4853//4853 4532//4532
f 4805//4805 4855//4855 4853//4853
f 4833//4833 4855//4855 4805//4805
f 4855//4855 4856//4856 4854//4854
f 4857//4857 4855//4855 4833//4833
f 4857//4857 4858//4858 4856//4856
f 4835//4835 4858//4858 4857//4857
f 4860//4860 4858//4858 4835//4835
f 4860//4860 4861//4861 4859//4859
f 4863//4863 4860//4860 4837//4837
f 4863//4863 4864//4864 4861//4861
f 4840//4840 4864//4864 4863//4863
f 4864//4864 4865//4865 4862//4862
f 4867//4867 4864//4864 4840//4840
f 4867//4867 4868//4868 4865//4865
f 4843//4843 4868//4868 4867//4867
f 4868//4868 4869//4869 4866//4866
f 4872//4872 4868//4868 4843//4843
f 4872//4872 4873//4873 4869//4869
f 4846//4846 4873//4873 4872//4872
f 4873//4873 4874//4874 4870//4870
f 4847//4847 4874//4874 4873//4873
f 4874//4874 4875//4875 4871//4871
f 4877//4877 4874//4874 4847//4847
f 4877//4877 4878//4878 4875//4875
f 4851//4851 4878//4878 4877//4877
f 4878//4878 4879//4879 4876//4876
f 4879//4879 4878//4878 4851//4851
f 4880//4880 4550//4550 4532//4532
f 4880//4880 4881//4881 4551//4551
f 4854//4854 4881//4881 4880//4880
f 4881//4881 4882//4882 4552//4552
f 4884//4884 4881//4881 4854//4854
f 4884//4884 4885//4885 4882//4882
f 4885//4885 4886//4886 4883//4883
f 4887//4887 4884//4884 4856//4856
f 4887//4887 4888//4888 4885//4885
f 4859//4859 4888//4888 4887//4887
f 4888//4888 4889//4889 4886//4886
f 4891//4891 4888//4888 4859//4859
f 4891//4891 4892//4892 4889//4889
f 4862//4862 4892//4892 4891//4891
f 4892//4892 4893//4893 4890//4890
f 4896//4896 4892//4892 4862//4862
f 4896//4896 4897//4897 4893//4893
f 4866//4866 4897//4897 4896//4896
f 4897//4897 4898//4898 4894//4894
f 4898//4898 4899//4899 4895//4895
f 4901//4901 4897//4897 4866//4866
f 4901//4901 4902//4902 4898//4898
f 4870//4870 4902//4902 4901//4901
f 4902//4902 4903//4903 4899//4899
f 4871//4871 4903//4903 4902//4902
f 4903//4903 4904//4904 4900//4900
f 4905//4905 4903//4903 4871//4871
f 4905//4905 4906//4906 4904//4904
f 4876//4876 4906//4906 4905//4905
f 4907//4907 4577//4577 4552//4552
f 4907//4907 4908//4908 4578//4578
f 4883//4883 4908//4908 4907//4907
f 4909//4909 4579//4579 4578//4578
f 4911//4911 4908//4908 4883//4883
f 4912//4912 4909//4909 4908//4908
f 4912//4912 4913//4913 4910//4910
f 4915//4915 4911//4911 4886//4886
f 4915//4915 4916//4916 4912//4912
f 4890//4890 4916//4916 4915//4915
f 4917//4917 4913//4913 4912//4912
f 4917//4917 4918//4918 4914//4914
f 4920//4920 4916//4916 4890//4890
f 4920//4920 4921//4921 4917//4917
f 4894//4894 4921//4921 4920//4920
f 4922//4922 4918//4918 4917//4917
f 4895//4895 4922//4922 4921//4921
f 4923//4923 4919//4919 4918//4918
f 4924//4924 4922//4922 4895//4895
f 4924//4924 4925//4925 4923//4923
f 4900//4900 4925//4925 4924//4924
f 4926//4926 4611//4611 4579//4579
f 4926//4926 4927//4927 4612//4612
f 4910//4910 4927//4927 4926//4926
f 4928//4928 4613//4613 4612//4612
f 4929//4929 4614//4614 4613//4613
f 4930//4930 4927//4927 4910//4910
f 4930//4930 4931//4931 4928//4928
f 4914//4914 4931//4931 4930//4930
f 4932//4932 4929//4929 4928//4928
f 4933//4933 4931//4931 4914//4914
f 4933//4933 4934//4934 4932//4932
f 4919//4919 4934//4934 4933//4933
f 4879//4879 4951//4951 4943//4943
f 4951//4951 4879//4879 4852//4852
f 4951//4951 4952//4952 4944//4944
f 4952//4952 4951//4951 4935//4935
f 4952//4952 4953//4953 4945//4945
f 4937//4937 4953//4953 4952//4952
f 4954//4954 4946//4946 4945//4945
f 4954//4954 4955//4955 4947//4947
f 4956//4956 4948//4948 4947//4947
f 4956//4956 4955//4955 4938//4938
f 4957//4957 4949//4949 4948//4948
f 4940//4940 4957//4957 4956//4956
f 4958//4958 4950//4950 4949//4949
f 4941//4941 4958//4958 4957//4957
f 4904//4904 4964//4964 4960//4960
f 4970//4970 4962//4962 4961//4961
f 4971//4971 4963//4963 4962//4962
f 4972//4972 4964//4964 4904//4904
f 4972//4972 4906//4906 4876//4876
f 4972//4972 4973//4973 4965//4965
f 4973//4973 4972//4972 4943//4943
f 4973//4973 4974//4974 4966//4966
f 4974//4974 4973//4973 4944//4944
f 4975//4975 4967//4967 4966//4966
f 4946//4946 4975//4975 4974//4974
f 4976//4976 4968//4968 4967//4967
f 4947//4947 4976//4976 4975//4975
f 4977//4977 4969//4969 4968//4968
f 4948//4948 4977//4977 4976//4976
f 4977//4977 4978//4978 4970//4970
f 4949//4949 4978//4978 4977//4977
f 4979//4979 4971//4971 4970//4970
f 4979//4979 4978//4978 4949//4949
f 4979//4979 4950//4950 4942//4942
f 4923//4923 4987//4987 4982//4982
f 4992//4992 4984//4984 4983//4983
f 4993//4993 4985//4985 4984//4984
f 4993//4993 4994//4994 4986//4986
f 4995//4995 4987//4987 4923//4923
f 4960//4960 4995//4995 4925//4925
f 4996//4996 4988//4988 4987//4987
f 4996//4996 4997//4997 4989//4989
f 4998//4998 4990//4990 4989//4989
f 4999//4999 4991//4991 4990//4990
f 4999//4999 5000//5000 4992//4992
f 5001//5001 4993//4993 4992//4992
f 5001//5001 5000//5000 4961//4961
f 5002//5002 4994//4994 4993//4993
f 5002//5002 5001//5001 4962//4962
f 5002//5002 4963//4963 4959//4959
f 5003//5003 4995//4995 4960//4960
f 5003//5003 5004//5004 4996//4996
f 4965//4965 5004//5004 5003//5003
f 5005//5005 4997//4997 4996//4996
f 5005//5005 5004//5004 4965//4965
f 5006//5006 4998//4998 4997//4997
f 5006//5006 5005//5005 4966//4966
f 5006//5006 5007//5007 4999//4999
f 4968//4968 5007//5007 5006//5006
f 5008//5008 5000//5000 4999//4999
f 5008//5008 5007//5007 4968//4968
f 5008//5008 4969//4969 4961//4961
f 4929//4929 5009//5009 4637//4637
f 5009//5009 5010//5010 4638//4638
f 5010//5010 5011//5011 4639//4639
f 5011//5011 5012//5012 4640//4640
f 5014//5014 4642//4642 4641//4641
f 5015//5015 4643//4643 4642//4642
f 5015//5015 5016//5016 4644//4644
f 5017//5017 5009//5009 4929//4929
f 5018//5018 5010//5010 5009//5009
f 5019//5019 5011//5011 5010//5010
f 5020//5020 5012//5012 5011//5011
f 5020//5020 5021//5021 5013//5013
f 5021//5021 5022//5022 5014//5014
f 5022//5022 5023//5023 5015//5015
f 5024//5024 5016//5016 5015//5015
f 5024//5024 4981//4981 4980//4980
f 4934//4934 5025//5025 5017//5017
f 4982//4982 5025//5025 4934//4934
f 5026//5026 5018//5018 5017//5017
f 5027//5027 5019//5019 5018//5018
f 5027//5027 5028//5028 5020//5020
f 5028//5028 5029//5029 5021//5021
f 5030//5030 5022//5022 5021//5021
f 5030//5030 5029//5029 4983//4983
f 5031//5031 5023//5023 5022//5022
f 4985//4985 5031//5031 5030//5030
f 5032//5032 5024//5024 5023//5023
f 5032//5032 5031//5031 4985//4985
f 5032//5032 4986//4986 4981//4981
f 5033//5033 5025//5025 4982//4982
f 5033//5033 5034//5034 5026//5026
f 4988//4988 5034//5034 5033//5033
f 5034//5034 5035//5035 5027//5027
f 5035//5035 5034//5034 4988//4988
f 5035//5035 5036//5036 5028//5028
f 4990//4990 5036//5036 5035//5035
f 5037//5037 5029//5029 5028//5028
f 5037//5037 5036//5036 4990//4990
f 5037//5037 4991//4991 4983//4983
f 5044//5044 5041//5041 5040//5040
f 5044//5044 5043//5043 3910//3910
f 5044//5044 3911//3911 3909//3909
f 5047//5047 5043//5043 5042//5042
f 5047//5047 5046//5046 3912//3912
f 5047//5047 3913//3913 3910//3910
f 5050//5050 5046//5046 5045//5045
f 5050//5050 5049//5049 3915//3915
f 5050//5050 3916//3916 3912//3912
f 5056//5056 5054//5054 5053//5053
f 5056//5056 5039//5039 5038//5038
f 5059//5059 5056//5056 5055//5055
f 5059//5059 5058//5058 5040//5040
f 5059//5059 5041//5041 5039//5039
f 5062//5062 5058//5058 5057//5057
f 5062//5062 5061//5061 5042//5042
f 5062//5062 5043//5043 5040//5040
f 5065//5065 5061//5061 5060//5060
f 5065//5065 5064//5064 5045//5045
f 5065//5065 5046//5046 5042//5042
f 5068//5068 5064//5064 5063//5063
f 5068//5068 5067//5067 5048//5048
f 5068//5068 5049//5049 5045//5045
f 5071//5071 5052//5052 5051//5051
f 5074//5074 5071//5071 5070//5070
f 5074//5074 5073//5073 5053//5053
f 5074//5074 5054//5054 5052//5052
f 5076//5076 5073//5073 5072//5072
f 5076//5076 5055//5055 5053//5053
f 5079//5079 5076//5076 5075//5075
f 5079//5079 5078//5078 5057//5057
f 5079//5079 5058//5058 5055//5055
f 5082//5082 5078//5078 5077//5077
f 5082//5082 5081//5081 5060//5060
f 5082//5082 5061//5061 5057//5057
f 5085//5085 5081//5081 5080//5080
f 5085//5085 5084//5084 5063//5063
f 5085//5085 5064//5064 5060//5060
f 5089//5089 5084//5084 5083//5083
f 5089//5089 5088//5088 5066//5066
f 5089//5089 5067//5067 5063//5063
f 5092//5092 4668//4668 4667//4667
f 5092//5092 5069//5069 4652//4652
f 5094//5094 5091//5091 5090//5090
f 5095//5095 5092//5092 5091//5091
f 5095//5095 5094//5094 5070//5070
f 5095//5095 5071//5071 5069//5069
f 5098//5098 5094//5094 5093//5093
f 5098//5098 5097//5097 5072//5072
f 5098//5098 5073//5073 5070//5070
f 5101//5101 5097//5097 5096//5096
f 5101//5101 5075//5075 5072//5072
f 5104//5104 5100//5100 5099//5099
f 5105//5105 5101//5101 5100//5100
f 5105//5105 5104//5104 5077//5077
f 5105//5105 5078//5078 5075//5075
f 5108//5108 5103//5103 5102//5102
f 5109//5109 5104//5104 5103//5103
f 5109//5109 5108//5108 5080//5080
f 5109//5109 5081//5081 5077//5077
f 5112//5112 5107//5107 5106//5106
f 5113//5113 5108//5108 5107//5107
f 5113//5113 5112//5112 5083//5083
f 5113//5113 5084//5084 5080//5080
f 5115//5115 5111//5111 5110//5110
f 5115//5115 5114//5114 5086//5086
f 5116//5116 5112//5112 5111//5111
f 5116//5116 5115//5115 5087//5087
f 5116//5116 5088//5088 5083//5083
f 5118//5118 4685//4685 4684//4684
f 5119//5119 4686//4686 4685//4685
f 5119//5119 5118//5118 5090//5090
f 5119//5119 5091//5091 4667//4667
f 5122//5122 5118//5118 5117//5117
f 5122//5122 5093//5093 5090//5090
f 5124//5124 5121//5121 5120//5120
f 5125//5125 5122//5122 5121//5121
f 5125//5125 5124//5124 5096//5096
f 5125//5125 5097//5097 5093//5093
f 5128//5128 5124//5124 5123//5123
f 5128//5128 5127//5127 5099//5099
f 5128//5128 5100//5100 5096//5096
f 5132//5132 5127//5127 5126//5126
f 5132//5132 5131//5131 5102//5102
f 5132//5132 5103//5103 5099//5099
f 5134//5134 5130//5130 5129//5129
f 5135//5135 5131//5131 5130//5130
f 5135//5135 5134//5134 5106//5106
f 5135//5135 5107//5107 5102//5102
f 5136//5136 5133//5133 4942//4942
f 5137//5137 5134//5134 5133//5133
f 5137//5137 5136//5136 5110//5110
f 5137//5137 5111//5111 5106//5106
f 5138//5138 5136//5136 4950//4950
f 5138//5138 4958//4958 4941//4941
f 5138//5138 5114//5114 5110//5110
f 5141//5141 4708//4708 4707//4707
f 5141//5141 5117//5117 4684//4684
f 5144//5144 5140//5140 5139//5139
f 5145//5145 5141//5141 5140//5140
f 5145//5145 5144//5144 5120//5120
f 5145//5145 5121//5121 5117//5117
f 5148//5148 5143//5143 5142//5142
f 5149//5149 5144//5144 5143//5143
f 5149//5149 5123//5123 5120//5120
f 5151//5151 5147//5147 5146//5146
f 5151//5151 5152//5152 5148//5148
f 5153//5153 5149//5149 5148//5148
f 5153//5153 5152//5152 5126//5126
f 5153//5153 5127//5127 5123//5123
f 5154//5154 5150//5150 4959//4959
f 5155//5155 5151//5151 5150//5150
f 5155//5155 5154//5154 5129//5129
f 5156//5156 5152//5152 5151//5151
f 5156//5156 5155//5155 5130//5130
f 5156//5156 5131//5131 5126//5126
f 5157//5157 5154//5154 4963//4963
f 5157//5157 4971//4971 4942//4942
f 5157//5157 5133//5133 5129//5129
f 5159//5159 4735//4735 4734//4734
f 5159//5159 5160//5160 4736//4736
f 5161//5161 4737//4737 4736//4736
f 5161//5161 5160//5160 5139//5139
f 5161//5161 5140//5140 4707//4707
f 5162//5162 5158//5158 4980//4980
f 5162//5162 5163//5163 5159//5159
f 5164//5164 5160//5160 5159//5159
f 5164//5164 5163//5163 5142//5142
f 5164//5164 5143//5143 5139//5139
f 4986//4986 5165//5165 5162//5162
f 5166//5166 5163//5163 5162//5162
f 5166//5166 5165//5165 5146//5146
f 5166//5166 5147//5147 5142//5142
f 5167//5167 5165//5165 4986//4986
f 5167//5167 4994//4994 4959//4959
f 5167//5167 5150//5150 5146//5146
f 5168//5168 4755//4755 4644//4644
f 5168//5168 5016//5016 4980//4980
f 5168//5168 5158//5158 4734//4734
f 4592//4592 4591//4591 5170//5170
f 4592//4592 5171//5171 5169//5169
f 4596//4596 5172//5172 5170//5170
f 5173//5173 5171//5171 5170//5170
f 5174//5174 5172//5172 4596//4596
f 5175//5175 5173//5173 5172//5172
f 5176//5176 5174//5174 4600//4600
f 5176//5176 5177//5177 5175//5175
f 4605//4605 5177//5177 5176//5176
f 5178//5178 5177//5177 4605//4605
f 5179//5179 5178//5178 4610//4610
f 4616//4616 4615//4615 5180//5180
f 5182//5182 4617//4617 4616//4616
f 4618//4618 4617//4617 5182//5182
f 4619//4619 4618//4618 5183//5183
f 5185//5185 4620//4620 4619//4619
f 4623//4623 4587//4587 5169//5169
f 4623//4623 5186//5186 5180//5180
f 5187//5187 5181//5181 5180//5180
f 5188//5188 5182//5182 5181//5181
f 5188//5188 5189//5189 5183//5183
f 5189//5189 5190//5190 5184//5184
f 5190//5190 5191//5191 5185//5185
f 4624//4624 4620//4620 5185//5185
f 5192//5192 4625//4625 4624//4624
f 5193//5193 5186//5186 5169//5169
f 5193//5193 5194//5194 5187//5187
f 5194//5194 5195//5195 5188//5188
f 5196//5196 5189//5189 5188//5188
f 5197//5197 5190//5190 5189//5189
f 5198//5198 5191//5191 5190//5190
f 5198//5198 5199//5199 5192//5192
f 4627//4627 4625//4625 5192//5192
f 5173//5173 5200//5200 5193//5193
f 5200//5200 5201//5201 5194//5194
f 5201//5201 5202//5202 5195//5195
f 5203//5203 5196//5196 5195//5195
f 5204//5204 5197//5197 5196//5196
f 5205//5205 5198//5198 5197//5197
f 5205//5205 5206//5206 5199//5199
f 4629//4629 4627//4627 5199//5199
f 5207//5207 4630//4630 4629//4629
f 5175//5175 5208//5208 5200//5200
f 5209//5209 5201//5201 5200//5200
f 5210//5210 5202//5202 5201//5201
f 5211//5211 5203//5203 5202//5202
f 5212//5212 5204//5204 5203//5203
f 5212//5212 5213//5213 5205//5205
f 5214//5214 5206//5206 5205//5205
f 5214//5214 5215//5215 5207//5207
f 4631//4631 4630//4630 5207//5207
f 5216//5216 5208//5208 5175//5175
f 5217//5217 5209//5209 5208//5208
f 5218//5218 5210//5210 5209//5209
f 5218//5218 5219//5219 5211//5211
f 5219//5219 5220//5220 5212//5212
f 5220//5220 5221//5221 5213//5213
f 5222//5222 5214//5214 5213//5213
f 5223//5223 5215//5215 5214//5214
f 5223//5223 5222//5222 4632//4632
f 5223//5223 4633//4633 4631//4631
f 5178//5178 5224//5224 5216//5216
f 5225//5225 5217//5217 5216//5216
f 5226//5226 5218//5218 5217//5217
f 5227//5227 5219//5219 5218//5218
f 5227//5227 5228//5228 5220//5220
f 5228//5228 5229//5229 5221//5221
f 5230//5230 5222//5222 5221//5221
f 5230//5230 5229//5229 4634//4634
f 5230//5230 4635//4635 4632//4632
f 5179//5179 5231//5231 5224//5224
f 4637//4637 5231//5231 5179//5179
f 5231//5231 5232//5232 5225//5225
f 5232//5232 5231//5231 4637//4637
f 5232//5232 5233//5233 5226//5226
f 5233//5233 5232//5232 4638//4638
f 5233//5233 5234//5234 5227//5227
f 4640//4640 5234//5234 5233//5233
f 5235//5235 5228//5228 5227//5227
f 5236//5236 5229//5229 5228//5228
f 5236//5236 5235//5235 4641//4641
f 5236//5236 4642//4642 4634//4634
f 5237//5237 5234//5234 4640//4640
f 5238//5238 5235//5235 5234//5234
f 5238//5238 5237//5237 5012//5012
f 5238//5238 5013//5013 4641//4641
f 5239//5239 2797//2797 2811//2811
f 5240//5240 2811//2811 2825//2825
f 5242//5242 5241//5241 2825//2825
f 5243//5243 5242//5242 2838//2838
f 5244//5244 5243//5243 2851//2851
f 5245//5245 5244//5244 2864//2864
f 1765//1765 1339//1339 2985//2985
f 5247//5247 1766//1766 1765//1765
f 1767//1767 1766//1766 5247//5247
f 5249//5249 1769//1769 1767//1767
f 5251//5251 1770//1770 1769//1769
f 5251//5251 5249//5249 5250//5250
f 1771//1771 1770//1770 5251//5251
f 5253//5253 1773//1773 1771//1771
f 5255//5255 1774//1774 1773//1773
f 5255//5255 5253//5253 5254//5254
f 1775//1775 1774//1774 5255//5255
f 5257//5257 1777//1777 1775//1775
f 1778//1778 1777//1777 5257//5257
f 2986//2986 2797//2797 5239//5239
f 5246//5246 2985//2985 2986//2986
f 5261//5261 5247//5247 5246//5246
f 5262//5262 5248//5248 5247//5247
f 5263//5263 5249//5249 5248//5248
f 5250//5250 5249//5249 5263//5263
f 5265//5265 5252//5252 5250//5250
f 5266//5266 5253//5253 5252//5252
f 5254//5254 5253//5253 5266//5266
f 5268//5268 5256//5256 5254//5254
f 5257//5257 5256//5256 5268//5268
f 5271//5271 5258//5258 5257//5257
f 5271//5271 5269//5269 5270//5270
f 5259//5259 5258//5258 5271//5271
f 5273//5273 5260//5260 5239//5239
f 5275//5275 5261//5261 5260//5260
f 5275//5275 5273//5273 5274//5274
f 5262//5262 5261//5261 5275//5275
f 5278//5278 5263//5263 5262//5262
f 5278//5278 5276//5276 5277//5277
f 5264//5264 5263//5263 5278//5278
f 5280//5280 5265//5265 5264//5264
f 5282//5282 5266//5266 5265//5265
f 5282//5282 5280//5280 5281//5281
f 5267//5267 5266//5266 5282//5282
f 5268//5268 5267//5267 5283//5283
f 5286//5286 5269//5269 5268//5268
f 5286//5286 5284//5284 5285//5285
f 5270//5270 5269//5269 5286//5286
f 5288//5288 5272//5272 5270//5270
f 5289//5289 5273//5273 5240//5240
f 5274//5274 5273//5273 5289//5289
f 5291//5291 5276//5276 5274//5274
f 5277//5277 5276//5276 5291//5291
f 5293//5293 5279//5279 5277//5277
f 5294//5294 5280//5280 5279//5279
f 5281//5281 5280//5280 5294//5294
f 5296//5296 5283//5283 5281//5281
f 5284//5284 5283//5283 5296//5296
f 5285//5285 5284//5284 5297//5297
f 5299//5299 5287//5287 5285//5285
f 5300//5300 5288//5288 5287//5287
f 5301//5301 5289//5289 5241//5241
f 5302//5302 5290//5290 5289//5289
f 5303//5303 5291//5291 5290//5290
f 5304//5304 5292//5292 5291//5291
f 5293//5293 5292//5292 5304//5304
f 5306//5306 5294//5294 5293//5293
f 5307//5307 5295//5295 5294//5294
f 5308//5308 5296//5296 5295//5295
f 5309//5309 5297//5297 5296//5296
f 5310//5310 5298//5298 5297//5297
f 5311//5311 5299//5299 5298//5298
f 5300//5300 5299//5299 5311//5311
f 5313//5313 5301//5301 5242//5242
f 5314//5314 5302//5302 5301//5301
f 5315//5315 5303//5303 5302//5302
f 5316//5316 5304//5304 5303//5303
f 5305//5305 5304//5304 5316//5316
f 5318//5318 5306//5306 5305//5305
f 5319//5319 5307//5307 5306//5306
f 5320//5320 5308//5308 5307//5307
f 5321//5321 5309//5309 5308//5308
f 5322//5322 5310//5310 5309//5309
f 5323//5323 5311//5311 5310//5310
f 5312//5312 5311//5311 5323//5323
f 5325//5325 5313//5313 5243//5243
f 5326//5326 5314//5314 5313//5313
f 5327//5327 5315//5315 5314//5314
f 5328//5328 5316//5316 5315//5315
f 5329//5329 5317//5317 5316//5316
f 5318//5318 5317//5317 5329//5329
f 5331//5331 5319//5319 5318//5318
f 5332//5332 5320//5320 5319//5319
f 5333//5333 5321//5321 5320//5320
f 5334//5334 5322//5322 5321//5321
f 5335//5335 5323//5323 5322//5322
f 5324//5324 5323//5323 5335//5335
f 5325//5325 5244//5244 5245//5245
f 5326//5326 5325//5325 5337//5337
f 5327//5327 5326//5326 5338//5338
f 5328//5328 5327//5327 5339//5339
f 5341//5341 5329//5329 5328//5328
f 5330//5330 5329//5329 5341//5341
f 5331//5331 5330//5330 5342//5342
f 5332//5332 5331//5331 5343//5343
f 5333//5333 5332//5332 5344//5344
f 5334//5334 5333//5333 5345//5345
f 5335//5335 5334//5334 5346//5346
f 5348//5348 5336//5336 5335//5335
f 5349//5349 1857//1857 1778//1778
f 5349//5349 5258//5258 5259//5259
f 1858//1858 1857//1857 5349//5349
f 5351//5351 1860//1860 1858//1858
f 5352//5352 1862//1862 1860//1860
f 5353//5353 1864//1864 1862//1862
f 5354//5354 1866//1866 1864//1864
f 1868//1868 1866//1866 5354//5354
f 1870//1870 5357//5357 5356//5356
f 1870//1870 1868//1868 5355//5355
f 1871//1871 1869//1869 5356//5356
f 5359//5359 5358//5358 5356//5356
f 5360//5360 5350//5350 5259//5259
f 5361//5361 5351//5351 5350//5350
f 5352//5352 5351//5351 5361//5361
f 5353//5353 5352//5352 5362//5362
f 5354//5354 5353//5353 5363//5363
f 5365//5365 5355//5355 5354//5354
f 5366//5366 5357//5357 5355//5355
f 5359//5359 5357//5357 5366//5366
f 5360//5360 5272//5272 5288//5288
f 5361//5361 5360//5360 5368//5368
f 5362//5362 5361//5361 5369//5369
f 5372//5372 5363//5363 5362//5362
f 5372//5372 5370//5370 5371//5371
f 5364//5364 5363//5363 5372//5372
f 5375//5375 5374//5374 5372//5372
f 5376//5376 5365//5365 5364//5364
f 5377//5377 5366//5366 5365//5365
f 5378//5378 5367//5367 5366//5366
f 5368//5368 5288//5288 5300//5300
f 5369//5369 5368//5368 5379//5379
f 5382//5382 5370//5370 5369//5369
f 5382//5382 5380//5380 5381//5381
f 5371//5371 5370//5370 5382//5382
f 5384//5384 5373//5373 5371//5371
f 5375//5375 5386//5386 5385//5385
f 5375//5375 5373//5373 5384//5384
f 5376//5376 5374//5374 5385//5385
f 5388//5388 5387//5387 5385//5385
f 5377//5377 5376//5376 5387//5387
f 5390//5390 5389//5389 5387//5387
f 5391//5391 5378//5378 5377//5377
f 5379//5379 5300//5300 5312//5312
f 5393//5393 5380//5380 5379//5379
f 5381//5381 5380//5380 5393//5393
f 5395//5395 5383//5383 5381//5381
f 5396//5396 5384//5384 5383//5383
f 5386//5386 5384//5384 5396//5396
f 5388//5388 5386//5386 5397//5397
f 5390//5390 5400//5400 5399//5399
f 5390//5390 5388//5388 5398//5398
f 5391//5391 5389//5389 5399//5399
f 5402//5402 5401//5401 5399//5399
f 5392//5392 5312//5312 5324//5324
f 5404//5404 5393//5393 5392//5392
f 5405//5405 5394//5394 5393//5393
f 5406//5406 5395//5395 5394//5394
f 5396//5396 5395//5395 5406//5406
f 5408//5408 5397//5397 5396//5396
f 5409//5409 5398//5398 5397//5397
f 5400//5400 5398//5398 5409//5409
f 5402//5402 5412//5412 5411//5411
f 5402//5402 5400//5400 5410//5410
f 5403//5403 5324//5324 5336//5336
f 5415//5415 5404//5404 5403//5403
f 5415//5415 5413//5413 5414//5414
f 5405//5405 5404//5404 5415//5415
f 5417//5417 5406//5406 5405//5405
f 5407//5407 5406//5406 5417//5417
f 5408//5408 5407//5407 5418//5418
f 5409//5409 5408//5408 5419//5419
f 5410//5410 5409//5409 5420//5420
f 5424//5424 5422//5422 5421//5421
f 5424//5424 5423//5423 5411//5411
f 5424//5424 5412//5412 5410//5410
f 5425//5425 5413//5413 5336//5336
f 5426//5426 5414//5414 5413//5413
f 5427//5427 5428//5428 5426//5426
f 5416//5416 5414//5414 5426//5426
f 5417//5417 5416//5416 5428//5428
f 5430//5430 5418//5418 5417//5417
f 5431//5431 5419//5419 5418//5418
f 5420//5420 5419//5419 5431//5431
f 5434//5434 5433//5433 5421//5421
f 5434//5434 5422//5422 5420//5420
f 5435//5435 5423//5423 5421//5421
f 1964//1964 1871//1871 5358//5358
f 5437//5437 5436//5436 5358//5358
f 1965//1965 1964//1964 5436//5436
f 1966//1966 1965//1965 5438//5438
f 5440//5440 1967//1967 1966//1966
f 5441//5441 1968//1968 1967//1967
f 1969//1969 1968//1968 5441//5441
f 1970//1970 1969//1969 5442//5442
f 1971//1971 1970//1970 5443//5443
f 1972//1972 1971//1971 5444//5444
f 1973//1973 1972//1972 5445//5445
f 5437//5437 5448//5448 5447//5447
f 5437//5437 5359//5359 5367//5367
f 5438//5438 5436//5436 5447//5447
f 5450//5450 5449//5449 5447//5447
f 5439//5439 5438//5438 5449//5449
f 5440//5440 5439//5439 5451//5451
f 5441//5441 5440//5440 5452//5452
f 5454//5454 5442//5442 5441//5441
f 5455//5455 5443//5443 5442//5442
f 5456//5456 5444//5444 5443//5443
f 5457//5457 5445//5445 5444//5444
f 5458//5458 5448//5448 5367//5367
f 5450//5450 5460//5460 5459//5459
f 5450//5450 5448//5448 5458//5458
f 5451//5451 5449//5449 5459//5459
f 5461//5461 5459//5459 5460//5460
f 5452//5452 5451//5451 5461//5461
f 5463//5463 5453//5453 5452//5452
f 5464//5464 5454//5454 5453//5453
f 5465//5465 5455//5455 5454//5454
f 5466//5466 5456//5456 5455//5455
f 5467//5467 5457//5457 5456//5456
f 5468//5468 5458//5458 5378//5378
f 5469//5469 5460//5460 5458//5458
f 5471//5471 5462//5462 5460//5460
f 5473//5473 5471//5471 5470//5470
f 5473//5473 5463//5463 5462//5462
f 5464//5464 5463//5463 5473//5473
f 5475//5475 5465//5465 5464//5464
f 5476//5476 5466//5466 5465//5465
f 5477//5477 5467//5467 5466//5466
f 5478//5478 5468//5468 5391//5391
f 5479//5479 5469//5469 5468//5468
f 5481//5481 5480//5480 5470//5470
f 5481//5481 5471//5471 5469//5469
f 5472//5472 5470//5470 5480//5480
f 5483//5483 5473//5473 5472//5472
f 5484//5484 5485//5485 5483//5483
f 5474//5474 5473//5473 5483//5483
f 5475//5475 5474//5474 5485//5485
f 5487//5487 5476//5476 5475//5475
f 5488//5488 5477//5477 5476//5476
f 5478//5478 5401//5401 5411//5411
f 5490//5490 5479//5479 5478//5478
f 5492//5492 5491//5491 5480//5480
f 5481//5481 5479//5479 5490//5490
f 5493//5493 5482//5482 5480//5480
f 5484//5484 5482//5482 5493//5493
f 5495//5495 5485//5485 5484//5484
f 5496//5496 5497//5497 5495//5495
f 5486//5486 5485//5485 5495//5495
f 5499//5499 5497//5497 5496//5496
f 5487//5487 5486//5486 5497//5497
f 5501//5501 5499//5499 5498//5498
f 5488//5488 5487//5487 5499//5499
f 5502//5502 5489//5489 5411//5411
f 5503//5503 5490//5490 5489//5489
f 5505//5505 5504//5504 5491//5491
f 5492//5492 5490//5490 5503//5503
f 5493//5493 5491//5491 5504//5504
f 5507//5507 5494//5494 5493//5493
f 5496//5496 5494//5494 5507//5507
f 5498//5498 5496//5496 5508//5508
f 5500//5500 5498//5498 5509//5509
f 5502//5502 5423//5423 5435//5435
f 5503//5503 5502//5502 5511//5511
f 5505//5505 5514//5514 5513//5513
f 5505//5505 5503//5503 5512//5512
f 5506//5506 5504//5504 5513//5513
f 5507//5507 5506//5506 5515//5515
f 5519//5519 5517//5517 5516//5516
f 5519//5519 5508//5508 5507//5507
f 5521//5521 5519//5519 5518//5518
f 5521//5521 5509//5509 5508//5508
f 5523//5523 5521//5521 5520//5520
f 5510//5510 5509//5509 5521//5521
f 5245//5245 2877//2877 3428//3428
f 5524//5524 3428//3428 3444//3444
f 5526//5526 5525//5525 3444//3444
f 5337//5337 5245//5245 5524//5524
f 5338//5338 5337//5337 5527//5527
f 5339//5339 5338//5338 5528//5528
f 5530//5530 5340//5340 5339//5339
f 5531//5531 5532//5532 5530//5530
f 5341//5341 5340//5340 5530//5530
f 5533//5533 5342//5342 5341//5341
f 5343//5343 5342//5342 5533//5533
f 5344//5344 5343//5343 5534//5534
f 5345//5345 5344//5344 5535//5535
f 5537//5537 5346//5346 5345//5345
f 5538//5538 5539//5539 5537//5537
f 5347//5347 5346//5346 5537//5537
f 5540//5540 5348//5348 5347//5347
f 5527//5527 5524//5524 5525//5525
f 5528//5528 5527//5527 5541//5541
f 5543//5543 5529//5529 5528//5528
f 5531//5531 5529//5529 5543//5543
f 5545//5545 5532//5532 5531//5531
f 5533//5533 5532//5532 5545//5545
f 5547//5547 5534//5534 5533//5533
f 5548//5548 5549//5549 5547//5547
f 5535//5535 5534//5534 5547//5547
f 5550//5550 5536//5536 5535//5535
f 5538//5538 5536//5536 5550//5550
f 5552//5552 5539//5539 5538//5538
f 5540//5540 5539//5539 5552//5552
f 3655//3655 5554//5554 5526//5526
f 5541//5541 5525//5525 5526//5526
f 5555//5555 5542//5542 5541//5541
f 5556//5556 5557//5557 5555//5555
f 5543//5543 5542//5542 5555//5555
f 5558//5558 5544//5544 5543//5543
f 5545//5545 5544//5544 5558//5558
f 5546//5546 5545//5545 5559//5559
f 5548//5548 5546//5546 5560//5560
f 5562//5562 5549//5549 5548//5548
f 5550//5550 5549//5549 5562//5562
f 5551//5551 5550//5550 5563//5563
f 5565//5565 5552//5552 5551//5551
f 5566//5566 5567//5567 5565//5565
f 5553//5553 5552//5552 5565//5565
f 5568//5568 5554//5554 3655//3655
f 5556//5556 5554//5554 5568//5568
f 5570//5570 5557//5557 5556//5556
f 5558//5558 5557//5557 5570//5570
f 5572//5572 5559//5559 5558//5558
f 5573//5573 5574//5574 5572//5572
f 5560//5560 5559//5559 5572//5572
f 5561//5561 5560//5560 5574//5574
f 5576//5576 5562//5562 5561//5561
f 5577//5577 5578//5578 5576//5576
f 5563//5563 5562//5562 5576//5576
f 5579//5579 5564//5564 5563//5563
f 5566//5566 5564//5564 5579//5579
f 5581//5581 5567//5567 5566//5566
f 5582//5582 5568//5568 3656//3656
f 3659//3659 5583//5583 5582//5582
f 5569//5569 5568//5568 5582//5582
f 5584//5584 5570//5570 5569//5569
f 5585//5585 5586//5586 5584//5584
f 5571//5571 5570//5570 5584//5584
f 5573//5573 5571//5571 5586//5586
f 5588//5588 5574//5574 5573//5573
f 5589//5589 5590//5590 5588//5588
f 5575//5575 5574//5574 5588//5588
f 5577//5577 5575//5575 5590//5590
f 5592//5592 5578//5578 5577//5577
f 5593//5593 5594//5594 5592//5592
f 5579//5579 5578//5578 5592//5592
f 5595//5595 5580//5580 5579//5579
f 5596//5596 5583//5583 3659//3659
f 5585//5585 5583//5583 5596//5596
f 5598//5598 5586//5586 5585//5585
f 5599//5599 5600//5600 5598//5598
f 5587//5587 5586//5586 5598//5598
f 5589//5589 5587//5587 5600//5600
f 5602//5602 5590//5590 5589//5589
f 5603//5603 5604//5604 5602//5602
f 5591//5591 5590//5590 5602//5602
f 5593//5593 5591//5591 5604//5604
f 5606//5606 5594//5594 5593//5593
f 5607//5607 5608//5608 5606//5606
f 5595//5595 5594//5594 5606//5606
f 5609//5609 5596//5596 3662//3662
f 3668//3668 5610//5610 5609//5609
f 5597//5597 5596//5596 5609//5609
f 5599//5599 5597//5597 5610//5610
f 5612//5612 5600//5600 5599//5599
f 5613//5613 5614//5614 5612//5612
f 5601//5601 5600//5600 5612//5612
f 5603//5603 5601//5601 5614//5614
f 5616//5616 5604//5604 5603//5603
f 5617//5617 5618//5618 5616//5616
f 5605//5605 5604//5604 5616//5616
f 5607//5607 5605//5605 5618//5618
f 5620//5620 5608//5608 5607//5607
f 5621//5621 5610//5610 3668//3668
f 3677//3677 5622//5622 5621//5621
f 5611//5611 5610//5610 5621//5621
f 5613//5613 5611//5611 5622//5622
f 5624//5624 5614//5614 5613//5613
f 5625//5625 5626//5626 5624//5624
f 5615//5615 5614//5614 5624//5624
f 5617//5617 5615//5615 5626//5626
f 5628//5628 5618//5618 5617//5617
f 5629//5629 5630//5630 5628//5628
f 5619//5619 5618//5618 5628//5628
f 5631//5631 5425//5425 5348//5348
f 5427//5427 5425//5425 5631//5631
f 5633//5633 5428//5428 5427//5427
f 5634//5634 5635//5635 5633//5633
f 5429//5429 5428//5428 5633//5633
f 5636//5636 5637//5637 5635//5635
f 5430//5430 5429//5429 5635//5635
f 5638//5638 5431//5431 5430//5430
f 5640//5640 5432//5432 5431//5431
f 5642//5642 5640//5640 5639//5639
f 5642//5642 5641//5641 5433//5433
f 5642//5642 5434//5434 5432//5432
f 5643//5643 5435//5435 5433//5433
f 5644//5644 5631//5631 5540//5540
f 5645//5645 5632//5632 5631//5631
f 5634//5634 5632//5632 5645//5645
f 5636//5636 5634//5634 5646//5646
f 5648//5648 5637//5637 5636//5636
f 5649//5649 5650//5650 5648//5648
f 5638//5638 5637//5637 5648//5648
f 5652//5652 5650//5650 5649//5649
f 5652//5652 5651//5651 5639//5639
f 5652//5652 5640//5640 5638//5638
f 5653//5653 5641//5641 5639//5639
f 5643//5643 5641//5641 5653//5653
f 5655//5655 5644//5644 5553//5553
f 5656//5656 5645//5645 5644//5644
f 5657//5657 5646//5646 5645//5645
f 5658//5658 5647//5647 5646//5646
f 5649//5649 5647//5647 5658//5658
f 5660//5660 5651//5651 5649//5649
f 5653//5653 5651//5651 5660//5660
f 5654//5654 5653//5653 5661//5661
f 5663//5663 5664//5664 5581//5581
f 5655//5655 5567//5567 5581//5581
f 5665//5665 5666//5666 5664//5664
f 5656//5656 5655//5655 5664//5664
f 5667//5667 5657//5657 5656//5656
f 5668//5668 5658//5658 5657//5657
f 5659//5659 5658//5658 5668//5668
f 5660//5660 5659//5659 5669//5669
f 5661//5661 5660//5660 5670//5670
f 5673//5673 5662//5662 5661//5661
f 5663//5663 5580//5580 5595//5595
f 5665//5665 5663//5663 5674//5674
f 5676//5676 5666//5666 5665//5665
f 5677//5677 5678//5678 5676//5676
f 5667//5667 5666//5666 5676//5676
f 5680//5680 5678//5678 5677//5677
f 5668//5668 5667//5667 5678//5678
f 5682//5682 5680//5680 5679//5679
f 5669//5669 5668//5668 5680//5680
f 5683//5683 5684//5684 5682//5682
f 5684//5684 5670//5670 5669//5669
f 5685//5685 5686//5686 5684//5684
f 5686//5686 5671//5671 5670//5670
f 5688//5688 5686//5686 5685//5685
f 5688//5688 5687//5687 5672//5672
f 5688//5688 5673//5673 5671//5671
f 5689//5689 5674//5674 5595//5595
f 5690//5690 5675//5675 5674//5674
f 5677//5677 5675//5675 5690//5690
f 5679//5679 5677//5677 5691//5691
f 5681//5681 5679//5679 5692//5692
f 5694//5694 5683//5683 5681//5681
f 5695//5695 5685//5685 5683//5683
f 5696//5696 5687//5687 5685//5685
f 5697//5697 5698//5698 5620//5620
f 5689//5689 5608//5608 5620//5620
f 5700//5700 5698//5698 5697//5697
f 5690//5690 5689//5689 5698//5698
f 5702//5702 5700//5700 5699//5699
f 5691//5691 5690//5690 5700//5700
f 5704//5704 5702//5702 5701//5701
f 5692//5692 5691//5691 5702//5702
f 5705//5705 5706//5706 5704//5704
f 5706//5706 5693//5693 5692//5692
f 5707//5707 5708//5708 5706//5706
f 5708//5708 5694//5694 5693//5693
f 5709//5709 5710//5710 5708//5708
f 5710//5710 5695//5695 5694//5694
f 5711//5711 5712//5712 5710//5710
f 5712//5712 5696//5696 5695//5695
f 5713//5713 5714//5714 5630//5630
f 5697//5697 5619//5619 5630//5630
f 5699//5699 5697//5697 5714//5714
f 5716//5716 5701//5701 5699//5699
f 5717//5717 5703//5703 5701//5701
f 5718//5718 5705//5705 5703//5703
f 5707//5707 5705//5705 5718//5718
f 5709//5709 5707//5707 5719//5719
f 5722//5722 5711//5711 5709//5709
f 5511//5511 5435//5435 5643//5643
f 5512//5512 5511//5511 5723//5723
f 5514//5514 5726//5726 5725//5725
f 5726//5726 5514//5514 5512//5512
f 5727//5727 5515//5515 5513//5513
f 5729//5729 5728//5728 5516//5516
f 5729//5729 5517//5517 5515//5515
f 5730//5730 5518//5518 5516//5516
f 5520//5520 5518//5518 5730//5730
f 5733//5733 5734//5734 5732//5732
f 5522//5522 5520//5520 5732//5732
f 5723//5723 5643//5643 5654//5654
f 5724//5724 5723//5723 5735//5735
f 5739//5739 5737//5737 5736//5736
f 5739//5739 5738//5738 5725//5725
f 5739//5739 5726//5726 5724//5724
f 5727//5727 5725//5725 5738//5738
f 5743//5743 5741//5741 5740//5740
f 5743//5743 5742//5742 5728//5728
f 5743//5743 5729//5729 5727//5727
f 5745//5745 5730//5730 5728//5728
f 5747//5747 5745//5745 5744//5744
f 5747//5747 5746//5746 5731//5731
f 5747//5747 5732//5732 5730//5730
f 5733//5733 5731//5731 5746//5746
f 5750//5750 5734//5734 5733//5733
f 5735//5735 5654//5654 5662//5662
f 5754//5754 5752//5752 5751//5751
f 5754//5754 5753//5753 5736//5736
f 5754//5754 5737//5737 5735//5735
f 5755//5755 5738//5738 5736//5736
f 5757//5757 5756//5756 5740//5740
f 5741//5741 5738//5738 5755//5755
f 5758//5758 5742//5742 5740//5740
f 5760//5760 5759//5759 5744//5744
f 5760//5760 5745//5745 5742//5742
f 5762//5762 5746//5746 5744//5744
f 5764//5764 5762//5762 5761//5761
f 5764//5764 5763//5763 5748//5748
f 5764//5764 5749//5749 5746//5746
f 5766//5766 5673//5673 5672//5672
f 5766//5766 5765//5765 5751//5751
f 5766//5766 5752//5752 5662//5662
f 5767//5767 5753//5753 5751//5751
f 5755//5755 5753//5753 5767//5767
f 5771//5771 5769//5769 5768//5768
f 5771//5771 5770//5770 5756//5756
f 5771//5771 5757//5757 5755//5755
f 5773//5773 5758//5758 5756//5756
f 5775//5775 5773//5773 5772//5772
f 5775//5775 5774//5774 5759//5759
f 5775//5775 5760//5760 5758//5758
f 5777//5777 5776//5776 5761//5761
f 5777//5777 5762//5762 5759//5759
f 5778//5778 3897//3897 3896//3896
f 5778//5778 5763//5763 5761//5761
f 5779//5779 5765//5765 5672//5672
f 5767//5767 5765//5765 5779//5779
f 5783//5783 5781//5781 5780//5780
f 5783//5783 5782//5782 5768//5768
f 5783//5783 5769//5769 5767//5767
f 5785//5785 5770//5770 5768//5768
f 5787//5787 5785//5785 5784//5784
f 5787//5787 5786//5786 5772//5772
f 5787//5787 5773//5773 5770//5770
f 5789//5789 5774//5774 5772//5772
f 5791//5791 5789//5789 5788//5788
f 5791//5791 5790//5790 5776//5776
f 5791//5791 5777//5777 5774//5774
f 5792//5792 5790//5790 3898//3898
f 5792//5792 3899//3899 3897//3897
f 5792//5792 5778//5778 5776//5776
f 5779//5779 5687//5687 5696//5696
f 5796//5796 5794//5794 5793//5793
f 5796//5796 5795//5795 5780//5780
f 5796//5796 5781//5781 5779//5779
f 5798//5798 5782//5782 5780//5780
f 5800//5800 5798//5798 5797//5797
f 5800//5800 5799//5799 5784//5784
f 5800//5800 5785//5785 5782//5782
f 5802//5802 5786//5786 5784//5784
f 5804//5804 5802//5802 5801//5801
f 5804//5804 5803//5803 5788//5788
f 5804//5804 5789//5789 5786//5786
f 5805//5805 3900//3900 3898//3898
f 5805//5805 5790//5790 5788//5788
f 5807//5807 5712//5712 5711//5711
f 5807//5807 5806//5806 5793//5793
f 5807//5807 5794//5794 5696//5696
f 5809//5809 5795//5795 5793//5793
f 5811//5811 5809//5809 5808//5808
f 5811//5811 5810//5810 5797//5797
f 5811//5811 5798//5798 5795//5795
f 5813//5813 5799//5799 5797//5797
f 5815//5815 5813//5813 5812//5812
f 5815//5815 5814//5814 5801//5801
f 5815//5815 5802//5802 5799//5799
f 5816//5816 5803//5803 5801//5801
f 5817//5817 5816//5816 3903//3903
f 5817//5817 3905//3905 3900//3900
f 5817//5817 5805//5805 5803//5803
f 5819//5819 5722//5722 5721//5721
f 5819//5819 5806//5806 5711//5711
f 5821//5821 5819//5819 5818//5818
f 5821//5821 5820//5820 5808//5808
f 5821//5821 5809//5809 5806//5806
f 5823//5823 5810//5810 5808//5808
f 5825//5825 5823//5823 5822//5822
f 5825//5825 5824//5824 5812//5812
f 5825//5825 5813//5813 5810//5810
f 5826//5826 5814//5814 5812//5812
f 5827//5827 5826//5826 3909//3909
f 5827//5827 3911//3911 3903//3903
f 5827//5827 5816//5816 5814//5814
f 5828//5828 5622//5622 3677//3677
f 4324//4324 5829//5829 5828//5828
f 5623//5623 5622//5622 5828//5828
f 4325//4325 5830//5830 5829//5829
f 5625//5625 5623//5623 5829//5829
f 5831//5831 5626//5626 5625//5625
f 5832//5832 5833//5833 5831//5831
f 5627//5627 5626//5626 5831//5831
f 5834//5834 5835//5835 5833//5833
f 5629//5629 5627//5627 5833//5833
f 5836//5836 5830//5830 4325//4325
f 4343//4343 5837//5837 5836//5836
f 5832//5832 5830//5830 5836//5836
f 4344//4344 5838//5838 5837//5837
f 5834//5834 5832//5832 5837//5837
f 5839//5839 5835//5835 5834//5834
f 5840//5840 5838//5838 4344//4344
f 5713//5713 5629//5629 5835//5835
f 5842//5842 5714//5714 5713//5713
f 5843//5843 5844//5844 5842//5842
f 5715//5715 5714//5714 5842//5842
f 5846//5846 5844//5844 5843//5843
f 5846//5846 5716//5716 5715//5715
f 5848//5848 5846//5846 5845//5845
f 5848//5848 5717//5717 5716//5716
f 5850//5850 5848//5848 5847//5847
f 5718//5718 5717//5717 5848//5848
f 5851//5851 5852//5852 5850//5850
f 5719//5719 5718//5718 5850//5850
f 5853//5853 5854//5854 5852//5852
f 5720//5720 5719//5719 5852//5852
f 5856//5856 5854//5854 5853//5853
f 5856//5856 5855//5855 5721//5721
f 5856//5856 5722//5722 5720//5720
f 5857//5857 5858//5858 5839//5839
f 5841//5841 5835//5835 5839//5839
f 5860//5860 5858//5858 5857//5857
f 5843//5843 5841//5841 5858//5858
f 5862//5862 5860//5860 5859//5859
f 5845//5845 5843//5843 5860//5860
f 5864//5864 5862//5862 5861//5861
f 5847//5847 5845//5845 5862//5862
f 5866//5866 5864//5864 5863//5863
f 5849//5849 5847//5847 5864//5864
f 5867//5867 5868//5868 5866//5866
f 5868//5868 5851//5851 5849//5849
f 5869//5869 5870//5870 5868//5868
f 5870//5870 5853//5853 5851//5851
f 5871//5871 5872//5872 5870//5870
f 5872//5872 5855//5855 5853//5853
f 4645//4645 5873//5873 5840//5840
f 5857//5857 5838//5838 5840//5840
f 5874//5874 5873//5873 4645//4645
f 5859//5859 5857//5857 5873//5873
f 5875//5875 5874//5874 4646//4646
f 5861//5861 5859//5859 5874//5874
f 4648//4648 5876//5876 5875//5875
f 5863//5863 5861//5861 5875//5875
f 4649//4649 5877//5877 5876//5876
f 5877//5877 5865//5865 5863//5863
f 5878//5878 5877//5877 4649//4649
f 5878//5878 5867//5867 5865//5865
f 4651//4651 5879//5879 5878//5878
f 5879//5879 5869//5869 5867//5867
f 4652//4652 5880//5880 5879//5879
f 5880//5880 5871//5871 5869//5869
f 5882//5882 5818//5818 5721//5721
f 5884//5884 5882//5882 5881//5881
f 5884//5884 5820//5820 5818//5818
f 5886//5886 5884//5884 5883//5883
f 5886//5886 5885//5885 5822//5822
f 5886//5886 5823//5823 5820//5820
f 5887//5887 5885//5885 5038//5038
f 5887//5887 5824//5824 5822//5822
f 5888//5888 5887//5887 5039//5039
f 5888//5888 5041//5041 3909//3909
f 5888//5888 5826//5826 5824//5824
f 5890//5890 5872//5872 5871//5871
f 5890//5890 5889//5889 5881//5881
f 5890//5890 5882//5882 5855//5855
f 5891//5891 5889//5889 5051//5051
f 5891//5891 5883//5883 5881//5881
f 5892//5892 5891//5891 5052//5052
f 5892//5892 5054//5054 5038//5038
f 5892//5892 5885//5885 5883//5883
f 5893//5893 5880//5880 4652//4652
f 5893//5893 5069//5069 5051//5051
f 5893//5893 5889//5889 5871//5871
f 5894//5894 3079//3079 3080//3080
f 2007//2007 5895//5895 3080//3080
f 2009//2009 5896//5896 5895//5895
f 5897//5897 5896//5896 2009//2009
f 5894//5894 5899//5899 3094//3094
f 5900//5900 5899//5899 5894//5894
f 5896//5896 5901//5901 5900//5900
f 5902//5902 5901//5901 5896//5896
f 5898//5898 5903//5903 5902//5902
f 5899//5899 5904//5904 3108//3108
f 5905//5905 5904//5904 5899//5899
f 5906//5906 5904//5904 5905//5905
f 5901//5901 5907//5907 5905//5905
f 5908//5908 5907//5907 5901//5901
f 5909//5909 5908//5908 5902//5902
f 5910//5910 3120//3120 3121//3121
f 5904//5904 5911//5911 3121//3121
f 5906//5906 5912//5912 5911//5911
f 5913//5913 5912//5912 5906//5906
f 5914//5914 5913//5913 5907//5907
f 5915//5915 5913//5913 5914//5914
f 5909//5909 5916//5916 5914//5914
f 5910//5910 5917//5917 3134//3134
f 5918//5918 5917//5917 5910//5910
f 5912//5912 5919//5919 5918//5918
f 5920//5920 5919//5919 5912//5912
f 5915//5915 5921//5921 5920//5920
f 5922//5922 5921//5921 5915//5915
f 5917//5917 5923//5923 3147//3147
f 5918//5918 5924//5924 5923//5923
f 5919//5919 5925//5925 5924//5924
f 5926//5926 5925//5925 5919//5919
f 5927//5927 5926//5926 5920//5920
f 5922//5922 5928//5928 5927//5927
f 5930//5930 3161//3161 3147//3147
f 5931//5931 5930//5930 5923//5923
f 5925//5925 5932//5932 5931//5931
f 5933//5933 5932//5932 5925//5925
f 5934//5934 5933//5933 5926//5926
f 5935//5935 5934//5934 5927//5927
f 5929//5929 5936//5936 5935//5935
f 5930//5930 5937//5937 3173//3173
f 5938//5938 5937//5937 5930//5930
f 5939//5939 5938//5938 5931//5931
f 5940//5940 5939//5939 5932//5932
f 5941//5941 5940//5940 5933//5933
f 5935//5935 5942//5942 5941//5941
f 5943//5943 5942//5942 5935//5935
f 5944//5944 5897//5897 2010//2010
f 5898//5898 5897//5897 5944//5944
f 2098//2098 5945//5945 5944//5944
f 5946//5946 5945//5945 2098//2098
f 2101//2101 5947//5947 5946//5946
f 5948//5948 5947//5947 2101//2101
f 5949//5949 5948//5948 2102//2102
f 5950//5950 5948//5948 5949//5949
f 2105//2105 5951//5951 5949//5949
f 5952//5952 5951//5951 2105//2105
f 2107//2107 5953//5953 5952//5952
f 5954//5954 5953//5953 2107//2107
f 5955//5955 5953//5953 5954//5954
f 2110//2110 5956//5956 5954//5954
f 5957//5957 5956//5956 2110//2110
f 5958//5958 5903//5903 5898//5898
f 5959//5959 5958//5958 5945//5945
f 5960//5960 5958//5958 5959//5959
f 5947//5947 5961//5961 5959//5959
f 5962//5962 5961//5961 5947//5947
f 5950//5950 5963//5963 5962//5962
f 5964//5964 5963//5963 5950//5950
f 5952//5952 5965//5965 5964//5964
f 5966//5966 5965//5965 5952//5952
f 5967//5967 5965//5965 5966//5966
f 5955//5955 5968//5968 5966//5966
f 5969//5969 5968//5968 5955//5955
f 5957//5957 5970//5970 5969//5969
f 5971//5971 5909//5909 5903//5903
f 5960//5960 5972//5972 5971//5971
f 5973//5973 5972//5972 5960//5960
f 5974//5974 5973//5973 5961//5961
f 5975//5975 5973//5973 5974//5974
f 5963//5963 5976//5976 5974//5974
f 5977//5977 5976//5976 5963//5963
f 5978//5978 5977//5977 5964//5964
f 5967//5967 5979//5979 5978//5978
f 5980//5980 5979//5979 5967//5967
f 5969//5969 5981//5981 5980//5980
f 5970//5970 5982//5982 5981//5981
f 5984//5984 5916//5916 5909//5909
f 5985//5985 5984//5984 5971//5971
f 5986//5986 5985//5985 5972//5972
f 5975//5975 5987//5987 5986//5986
f 5988//5988 5987//5987 5975//5975
f 5977//5977 5989//5989 5988//5988
f 5990//5990 5989//5989 5977//5977
f 5991//5991 5989//5989 5990//5990
f 5979//5979 5992//5992 5990//5990
f 5993//5993 5992//5992 5979//5979
f 5981//5981 5994//5994 5993//5993
f 5995//5995 5994//5994 5981//5981
f 5983//5983 5996//5996 5995//5995
f 5984//5984 5997//5997 5922//5922
f 5998//5998 5997//5997 5984//5984
f 5999//5999 5998//5998 5985//5985
f 6000//6000 5999//5999 5986//5986
f 5988//5988 6001//6001 6000//6000
f 6002//6002 6001//6001 5988//5988
f 5991//5991 6003//6003 6002//6002
f 6004//6004 6003//6003 5991//5991
f 5993//5993 6005//6005 6004//6004
f 6006//6006 6005//6005 5993//5993
f 6007//6007 6006//6006 5994//5994
f 6008//6008 6006//6006 6007//6007
f 5996//5996 6009//6009 6007//6007
f 6010//6010 5928//5928 5922//5922
f 5929//5929 5928//5928 6010//6010
f 5998//5998 6011//6011 6010//6010
f 6012//6012 6011//6011 5998//5998
f 6013//6013 6012//6012 5999//5999
f 6014//6014 6013//6013 6000//6000
f 6015//6015 6014//6014 6001//6001
f 6016//6016 6015//6015 6002//6002
f 6017//6017 6016//6016 6003//6003
f 6005//6005 6018//6018 6017//6017
f 6019//6019 6018//6018 6005//6005
f 6008//6008 6020//6020 6019//6019
f 6021//6021 6020//6020 6008//6008
f 6022//6022 5936//5936 5929//5929
f 6012//6012 6023//6023 6022//6022
f 6024//6024 6023//6023 6012//6012
f 6025//6025 6024//6024 6013//6013
f 6015//6015 6026//6026 6025//6025
f 6016//6016 6027//6027 6026//6026
f 6017//6017 6028//6028 6027//6027
f 6018//6018 6029//6029 6028//6028
f 6030//6030 6029//6029 6018//6018
f 6031//6031 6030//6030 6019//6019
f 6032//6032 6031//6031 6020//6020
f 5943//5943 6034//6034 6033//6033
f 6022//6022 6034//6034 5943//5943
f 6035//6035 6034//6034 6022//6022
f 6024//6024 6036//6036 6035//6035
f 6025//6025 6037//6037 6036//6036
f 6026//6026 6038//6038 6037//6037
f 6027//6027 6039//6039 6038//6038
f 6028//6028 6040//6040 6039//6039
f 6041//6041 6040//6040 6028//6028
f 6030//6030 6042//6042 6041//6041
f 6044//6044 6042//6042 6030//6030
f 6044//6044 6045//6045 6043//6043
f 6032//6032 6045//6045 6044//6044
f 6047//6047 5957//5957 2111//2111
f 2220//2220 6048//6048 6047//6047
f 2221//2221 6049//6049 6048//6048
f 6050//6050 6049//6049 2221//2221
f 6051//6051 6050//6050 2222//2222
f 2224//2224 6052//6052 6051//6051
f 2225//2225 6053//6053 6052//6052
f 2226//2226 6054//6054 6053//6053
f 2226//2226 2218//2218 6046//6046
f 6047//6047 6055//6055 5970//5970
f 6048//6048 6056//6056 6055//6055
f 6057//6057 6056//6056 6048//6048
f 6058//6058 6057//6057 6049//6049
f 6051//6051 6059//6059 6058//6058
f 6052//6052 6060//6060 6059//6059
f 6061//6061 6060//6060 6052//6052
f 6054//6054 6062//6062 6061//6061
f 6063//6063 6056//6056 6057//6057
f 6065//6065 6064//6064 6057//6057
f 6065//6065 6058//6058 6059//6059
f 6067//6067 6066//6066 6059//6059
f 6068//6068 5982//5982 5970//5970
f 6069//6069 6068//6068 6055//6055
f 6061//6061 6071//6071 6070//6070
f 6072//6072 6071//6071 6061//6061
f 5983//5983 5982//5982 6068//6068
f 6073//6073 6068//6068 6069//6069
f 6063//6063 6074//6074 6069//6069
f 6075//6075 6074//6074 6063//6063
f 6076//6076 6075//6075 6064//6064
f 6066//6066 6077//6077 6076//6076
f 6067//6067 6078//6078 6077//6077
f 6067//6067 6060//6060 6070//6070
f 6079//6079 6078//6078 6070//6070
f 6072//6072 6081//6081 6080//6080
f 6082//6082 5996//5996 5983//5983
f 6083//6083 6082//6082 6073//6073
f 6075//6075 6084//6084 6083//6083
f 6085//6085 6084//6084 6075//6075
f 6086//6086 6085//6085 6076//6076
f 6078//6078 6087//6087 6086//6086
f 6079//6079 6088//6088 6087//6087
f 6079//6079 6071//6071 6080//6080
f 6089//6089 6088//6088 6080//6080
f 6091//6091 6009//6009 5996//5996
f 6083//6083 6092//6092 6091//6091
f 6084//6084 6093//6093 6092//6092
f 6094//6094 6093//6093 6084//6084
f 6095//6095 6094//6094 6085//6085
f 6096//6096 6095//6095 6086//6086
f 6088//6088 6097//6097 6096//6096
f 6089//6089 6098//6098 6097//6097
f 6089//6089 6081//6081 6090//6090
f 6091//6091 6101//6101 6021//6021
f 6092//6092 6102//6102 6101//6101
f 6093//6093 6103//6103 6102//6102
f 6104//6104 6103//6103 6093//6093
f 6105//6105 6104//6104 6094//6094
f 6106//6106 6105//6105 6095//6095
f 6097//6097 6107//6107 6106//6106
f 6108//6108 6100//6100 6099//6099
f 6108//6108 6107//6107 6097//6097
f 6108//6108 6098//6098 6090//6090
f 6110//6110 6109//6109 6099//6099
f 6111//6111 6032//6032 6021//6021
f 6112//6112 6111//6111 6101//6101
f 6113//6113 6112//6112 6102//6102
f 6114//6114 6113//6113 6103//6103
f 6115//6115 6114//6114 6104//6104
f 6116//6116 6115//6115 6105//6105
f 6117//6117 6116//6116 6106//6106
f 6117//6117 6107//6107 6099//6099
f 6119//6119 6118//6118 6109//6109
f 6120//6120 6045//6045 6032//6032
f 6121//6121 6120//6120 6111//6111
f 6122//6122 6121//6121 6112//6112
f 6123//6123 6122//6122 6113//6113
f 6115//6115 6124//6124 6123//6123
f 6116//6116 6125//6125 6124//6124
f 6126//6126 6125//6125 6116//6116
f 6117//6117 6109//6109 6118//6118
f 2350//2350 6128//6128 6127//6127
f 2351//2351 6129//6129 6046//6046
f 2352//2352 6130//6130 6129//6129
f 2352//2352 2349//2349 6127//6127
f 6131//6131 6130//6130 6127//6127
f 2353//2353 6131//6131 6128//6128
f 6132//6132 6131//6131 2353//2353
f 6133//6133 6054//6054 6046//6046
f 6134//6134 6132//6132 2354//2354
f 6135//6135 6134//6134 2355//2355
f 2357//2357 6136//6136 6135//6135
f 2358//2358 6137//6137 6136//6136
f 2359//2359 6138//6138 6137//6137
f 6130//6130 6140//6140 6139//6139
f 6141//6141 6140//6140 6130//6130
f 6132//6132 6142//6142 6141//6141
f 6133//6133 6143//6143 6062//6062
f 6133//6133 6129//6129 6139//6139
f 6144//6144 6143//6143 6139//6139
f 6145//6145 6142//6142 6132//6132
f 6146//6146 6145//6145 6134//6134
f 6147//6147 6146//6146 6135//6135
f 6148//6148 6147//6147 6136//6136
f 6149//6149 6148//6148 6137//6137
f 6141//6141 6151//6151 6150//6150
f 6142//6142 6152//6152 6151//6151
f 6143//6143 6153//6153 6072//6072
f 6144//6144 6154//6154 6153//6153
f 6144//6144 6140//6140 6150//6150
f 6155//6155 6152//6152 6142//6142
f 6156//6156 6155//6155 6145//6145
f 6157//6157 6156//6156 6146//6146
f 6158//6158 6157//6157 6147//6147
f 6159//6159 6158//6158 6148//6148
f 6151//6151 6161//6161 6160//6160
f 6152//6152 6162//6162 6161//6161
f 6163//6163 6081//6081 6072//6072
f 6154//6154 6164//6164 6163//6163
f 6164//6164 6154//6154 6150//6150
f 6165//6165 6162//6162 6152//6152
f 6166//6166 6165//6165 6155//6155
f 6157//6157 6167//6167 6166//6166
f 6169//6169 6167//6167 6157//6157
f 6169//6169 6170//6170 6168//6168
f 6159//6159 6170//6170 6169//6169
f 6161//6161 6172//6172 6171//6171
f 6162//6162 6173//6173 6172//6172
f 6175//6175 6090//6090 6081//6081
f 6164//6164 6176//6176 6175//6175
f 6176//6176 6164//6164 6160//6160
f 6177//6177 6173//6173 6162//6162
f 6177//6177 6178//6178 6174//6174
f 6166//6166 6178//6178 6177//6177
f 6179//6179 6178//6178 6166//6166
f 6168//6168 6180//6180 6179//6179
f 6181//6181 6180//6180 6168//6168
f 6172//6172 6184//6184 6183//6183
f 6173//6173 6185//6185 6184//6184
f 6174//6174 6186//6186 6185//6185
f 6187//6187 6100//6100 6090//6090
f 6176//6176 6188//6188 6187//6187
f 6176//6176 6171//6171 6183//6183
f 6189//6189 6188//6188 6183//6183
f 6190//6190 6186//6186 6174//6174
f 6192//6192 6190//6190 6178//6178
f 6192//6192 6193//6193 6191//6191
f 6180//6180 6193//6193 6192//6192
f 6195//6195 6193//6193 6180//6180
f 6195//6195 6196//6196 6194//6194
f 6182//6182 6196//6196 6195//6195
f 6185//6185 6199//6199 6198//6198
f 6186//6186 6200//6200 6199//6199
f 6187//6187 6202//6202 6110//6110
f 6203//6203 6202//6202 6187//6187
f 6189//6189 6204//6204 6203//6203
f 6189//6189 6184//6184 6198//6198
f 6205//6205 6200//6200 6186//6186
f 6205//6205 6206//6206 6201//6201
f 6191//6191 6206//6206 6205//6205
f 6208//6208 6206//6206 6191//6191
f 6208//6208 6209//6209 6207//6207
f 6194//6194 6209//6209 6208//6208
f 6211//6211 6209//6209 6194//6194
f 6211//6211 6212//6212 6210//6210
f 6197//6197 6212//6212 6211//6211
f 6218//6218 6217//6217 6198//6198
f 6219//6219 6214//6214 6213//6213
f 6219//6219 6218//6218 6199//6199
f 6219//6219 6220//6220 6215//6215
f 6201//6201 6220//6220 6219//6219
f 6202//6202 6222//6222 6119//6119
f 6203//6203 6223//6223 6222//6222
f 6224//6224 6217//6217 6216//6216
f 6224//6224 6223//6223 6203//6203
f 6224//6224 6204//6204 6198//6198
f 6225//6225 6220//6220 6201//6201
f 6225//6225 6226//6226 6221//6221
f 6207//6207 6226//6226 6225//6225
f 6228//6228 6226//6226 6207//6207
f 6228//6228 6229//6229 6227//6227
f 6210//6210 6229//6229 6228//6228
f 6230//6230 6229//6229 6210//6210
f 6231//6231 6138//6138 2359//2359
f 6232//6232 6231//6231 2380//2380
f 2382//2382 6233//6233 6232//6232
f 2383//2383 6234//6234 6233//6233
f 6231//6231 6235//6235 6149//6149
f 6237//6237 6235//6235 6231//6231
f 6237//6237 6238//6238 6236//6236
f 6233//6233 6238//6238 6237//6237
f 6239//6239 6238//6238 6233//6233
f 6240//6240 6159//6159 6149//6149
f 6236//6236 6241//6241 6240//6240
f 6242//6242 6241//6241 6236//6236
f 6239//6239 6243//6243 6242//6242
f 6244//6244 6170//6170 6159//6159
f 6241//6241 6245//6245 6244//6244
f 6247//6247 6245//6245 6241//6241
f 6247//6247 6248//6248 6246//6246
f 6243//6243 6248//6248 6247//6247
f 6249//6249 6181//6181 6170//6170
f 6249//6249 6250//6250 6182//6182
f 6245//6245 6250//6250 6249//6249
f 6246//6246 6251//6251 6250//6250
f 6252//6252 6251//6251 6246//6246
f 6253//6253 6196//6196 6182//6182
f 6253//6253 6254//6254 6197//6197
f 6251//6251 6254//6254 6253//6253
f 5937//5937 6255//6255 3784//3784
f 5938//5938 6256//6256 6255//6255
f 6258//6258 6256//6256 5938//5938
f 6258//6258 6259//6259 6257//6257
f 5940//5940 6259//6259 6258//6258
f 6261//6261 6259//6259 5940//5940
f 6261//6261 6262//6262 6260//6260
f 6262//6262 6261//6261 5941//5941
f 6263//6263 3798//3798 3784//3784
f 6263//6263 6264//6264 3799//3799
f 6256//6256 6264//6264 6263//6263
f 6257//6257 6265//6265 6264//6264
f 6266//6266 6265//6265 6257//6257
f 6260//6260 6267//6267 6266//6266
f 6268//6268 6267//6267 6260//6260
f 6269//6269 3813//3813 3799//3799
f 6265//6265 6270//6270 6269//6269
f 6266//6266 6271//6271 6270//6270
f 6267//6267 6272//6272 6271//6271
f 6268//6268 6273//6273 6272//6272
f 6274//6274 3828//3828 3813//3813
f 6270//6270 6275//6275 6274//6274
f 6277//6277 6275//6275 6270//6270
f 6277//6277 6278//6278 6276//6276
f 6272//6272 6278//6278 6277//6277
f 6279//6279 6278//6278 6272//6272
f 6280//6280 3842//3842 3828//3828
f 6280//6280 6281//6281 3843//3843
f 6275//6275 6281//6281 6280//6280
f 6276//6276 6282//6282 6281//6281
f 6283//6283 6282//6282 6276//6276
f 6284//6284 3859//3859 3843//3843
f 6284//6284 6285//6285 3860//3860
f 6282//6282 6285//6285 6284//6284
f 6286//6286 6285//6285 6282//6282
f 6287//6287 3877//3877 3860//3860
f 6288//6288 3894//3894 3877//3877
f 6033//6033 6289//6289 6262//6262
f 6290//6290 6289//6289 6033//6033
f 6035//6035 6291//6291 6290//6290
f 6036//6036 6292//6292 6291//6291
f 6037//6037 6293//6293 6292//6292
f 6038//6038 6294//6294 6293//6293
f 6296//6296 6294//6294 6038//6038
f 6296//6296 6297//6297 6295//6295
f 6040//6040 6297//6297 6296//6296
f 6298//6298 6297//6297 6040//6040
f 6299//6299 6298//6298 6041//6041
f 6043//6043 6300//6300 6299//6299
f 6301//6301 6300//6300 6043//6043
f 6289//6289 6302//6302 6268//6268
f 6290//6290 6303//6303 6302//6302
f 6291//6291 6304//6304 6303//6303
f 6306//6306 6304//6304 6291//6291
f 6306//6306 6307//6307 6305//6305
f 6293//6293 6307//6307 6306//6306
f 6308//6308 6307//6307 6293//6293
f 6295//6295 6309//6309 6308//6308
f 6310//6310 6309//6309 6295//6295
f 6298//6298 6311//6311 6310//6310
f 6312//6312 6311//6311 6298//6298
f 6300//6300 6313//6313 6312//6312
f 6314//6314 6313//6313 6300//6300
f 6302//6302 6315//6315 6273//6273
f 6317//6317 6315//6315 6302//6302
f 6317//6317 6318//6318 6316//6316
f 6304//6304 6318//6318 6317//6317
f 6305//6305 6319//6319 6318//6318
f 6320//6320 6319//6319 6305//6305
f 6308//6308 6321//6321 6320//6320
f 6309//6309 6322//6322 6321//6321
f 6324//6324 6322//6322 6309//6309
f 6324//6324 6325//6325 6323//6323
f 6311//6311 6325//6325 6324//6324
f 6326//6326 6325//6325 6311//6311
f 6327//6327 6326//6326 6312//6312
f 6279//6279 6329//6329 6328//6328
f 6315//6315 6329//6329 6279//6279
f 6316//6316 6330//6330 6329//6329
f 6331//6331 6330//6330 6316//6316
f 6319//6319 6332//6332 6331//6331
f 6334//6334 6332//6332 6319//6319
f 6334//6334 6335//6335 6333//6333
f 6321//6321 6335//6335 6334//6334
f 6336//6336 6335//6335 6321//6321
f 6323//6323 6337//6337 6336//6336
f 6339//6339 6337//6337 6323//6323
f 6339//6339 6340//6340 6338//6338
f 6326//6326 6340//6340 6339//6339
f 6341//6341 6340//6340 6326//6326
f 6328//6328 6342//6342 6283//6283
f 6343//6343 6342//6342 6328//6328
f 6330//6330 6344//6344 6343//6343
f 6346//6346 6344//6344 6330//6330
f 6346//6346 6347//6347 6345//6345
f 6332//6332 6347//6347 6346//6346
f 6333//6333 6348//6348 6347//6347
f 6350//6350 6348//6348 6333//6333
f 6350//6350 6351//6351 6349//6349
f 6336//6336 6351//6351 6350//6350
f 6352//6352 6351//6351 6336//6336
f 6338//6338 6353//6353 6352//6352
f 6355//6355 6353//6353 6338//6338
f 6355//6355 6356//6356 6354//6354
f 6341//6341 6356//6356 6355//6355
f 6286//6286 6358//6358 6357//6357
f 6342//6342 6358//6358 6286//6286
f 6360//6360 6358//6358 6342//6342
f 6360//6360 6361//6361 6359//6359
f 6344//6344 6361//6361 6360//6360
f 6345//6345 6362//6362 6361//6361
f 6364//6364 6362//6362 6345//6345
f 6364//6364 6365//6365 6363//6363
f 6348//6348 6365//6365 6364//6364
f 6349//6349 6366//6366 6365//6365
f 6369//6369 6366//6366 6349//6349
f 6369//6369 6370//6370 6367//6367
f 6352//6352 6370//6370 6369//6369
f 6370//6370 6371//6371 6368//6368
f 6371//6371 6370//6370 6352//6352
f 6372//6372 6371//6371 6353//6353
f 6357//6357 6373//6373 6287//6287
f 6375//6375 6373//6373 6357//6357
f 6375//6375 6376//6376 6374//6374
f 6359//6359 6376//6376 6375//6375
f 6378//6378 6376//6376 6359//6359
f 6378//6378 6379//6379 6377//6377
f 6362//6362 6379//6379 6378//6378
f 6363//6363 6380//6380 6379//6379
f 6382//6382 6380//6380 6363//6363
f 6382//6382 6383//6383 6381//6381
f 6366//6366 6383//6383 6382//6382
f 6367//6367 6384//6384 6383//6383
f 6368//6368 6385//6385 6384//6384
f 6387//6387 6385//6385 6368//6368
f 6387//6387 6388//6388 6386//6386
f 6372//6372 6388//6388 6387//6387
f 6288//6288 6389//6389 3895//3895
f 6373//6373 6389//6389 6288//6288
f 6374//6374 6390//6390 6389//6389
f 6392//6392 6390//6390 6374//6374
f 6392//6392 6393//6393 6391//6391
f 6377//6377 6393//6393 6392//6392
f 6396//6396 6393//6393 6377//6377
f 6396//6396 6397//6397 6394//6394
f 6380//6380 6397//6397 6396//6396
f 6397//6397 6398//6398 6395//6395
f 6381//6381 6398//6398 6397//6397
f 6401//6401 6398//6398 6381//6381
f 6401//6401 6402//6402 6399//6399
f 6384//6384 6402//6402 6401//6401
f 6402//6402 6403//6403 6400//6400
f 6385//6385 6403//6403 6402//6402
f 6386//6386 6404//6404 6403//6403
f 6407//6407 6406//6406 6118//6118
f 6120//6120 6408//6408 6301//6301
f 6409//6409 6408//6408 6120//6120
f 6410//6410 6409//6409 6121//6121
f 6123//6123 6411//6411 6410//6410
f 6124//6124 6412//6412 6411//6411
f 6125//6125 6413//6413 6412//6412
f 6414//6414 6406//6406 6405//6405
f 6414//6414 6413//6413 6125//6125
f 6414//6414 6126//6126 6118//6118
f 6419//6419 6418//6418 6405//6405
f 6420//6420 6419//6419 6406//6406
f 6314//6314 6421//6421 6415//6415
f 6408//6408 6421//6421 6314//6314
f 6421//6421 6422//6422 6416//6416
f 6409//6409 6422//6422 6421//6421
f 6423//6423 6422//6422 6409//6409
f 6411//6411 6424//6424 6423//6423
f 6425//6425 6424//6424 6411//6411
f 6426//6426 6418//6418 6417//6417
f 6426//6426 6425//6425 6412//6412
f 6426//6426 6413//6413 6405//6405
f 6415//6415 6427//6427 6327//6327
f 6416//6416 6428//6428 6427//6427
f 6432//6432 6431//6431 6417//6417
f 6419//6419 6433//6433 6432//6432
f 6420//6420 6434//6434 6433//6433
f 6435//6435 6428//6428 6416//6416
f 6435//6435 6436//6436 6429//6429
f 6423//6423 6436//6436 6435//6435
f 6436//6436 6437//6437 6430//6430
f 6437//6437 6436//6436 6423//6423
f 6438//6438 6431//6431 6430//6430
f 6438//6438 6437//6437 6424//6424
f 6438//6438 6425//6425 6417//6417
f 6441//6441 6341//6341 6327//6327
f 6442//6442 6441//6441 6427//6427
f 6429//6429 6443//6443 6442//6442
f 6444//6444 6443//6443 6429//6429
f 6445//6445 6444//6444 6430//6430
f 6432//6432 6446//6446 6445//6445
f 6433//6433 6447//6447 6446//6446
f 6448//6448 6440//6440 6439//6439
f 6448//6448 6447//6447 6433//6433
f 6453//6453 6452//6452 6439//6439
f 6356//6356 6454//6454 6449//6449
f 6441//6441 6454//6454 6356//6356
f 6455//6455 6454//6454 6441//6441
f 6456//6456 6455//6455 6442//6442
f 6457//6457 6456//6456 6443//6443
f 6445//6445 6458//6458 6457//6457
f 6459//6459 6451//6451 6450//6450
f 6459//6459 6458//6458 6445//6445
f 6460//6460 6452//6452 6451//6451
f 6460//6460 6459//6459 6446//6446
f 6460//6460 6447//6447 6439//6439
f 6449//6449 6462//6462 6372//6372
f 6467//6467 6466//6466 6450//6450
f 6468//6468 6467//6467 6451//6451
f 6453//6453 6469//6469 6468//6468
f 6470//6470 6462//6462 6449//6449
f 6470//6470 6471//6471 6463//6463
f 6455//6455 6471//6471 6470//6470
f 6472//6472 6464//6464 6463//6463
f 6456//6456 6472//6472 6471//6471
f 6472//6472 6473//6473 6465//6465
f 6473//6473 6472//6472 6456//6456
f 6474//6474 6466//6466 6465//6465
f 6474//6474 6473//6473 6457//6457
f 6474//6474 6458//6458 6450//6450
f 6388//6388 6479//6479 6475//6475
f 6462//6462 6479//6479 6388//6388
f 6463//6463 6480//6480 6479//6479
f 6481//6481 6480//6480 6463//6463
f 6482//6482 6481//6481 6464//6464
f 6483//6483 6482//6482 6465//6465
f 6467//6467 6484//6484 6483//6483
f 6485//6485 6477//6477 6476//6476
f 6485//6485 6484//6484 6467//6467
f 6486//6486 6478//6478 6477//6477
f 6486//6486 6485//6485 6468//6468
f 6486//6486 6469//6469 6461//6461
f 6475//6475 6489//6489 6404//6404
f 6495//6495 6494//6494 6476//6476
f 6496//6496 6488//6488 6487//6487
f 6496//6496 6495//6495 6477//6477
f 6497//6497 6489//6489 6475//6475
f 6497//6497 6498//6498 6490//6490
f 6480//6480 6498//6498 6497//6497
f 6499//6499 6491//6491 6490//6490
f 6481//6481 6499//6499 6498//6498
f 6499//6499 6500//6500 6492//6492
f 6482//6482 6500//6500 6499//6499
f 6500//6500 6501//6501 6493//6493
f 6501//6501 6500//6500 6482//6482
f 6502//6502 6494//6494 6493//6493
f 6502//6502 6501//6501 6483//6483
f 6502//6502 6484//6484 6476//6476
f 6504//6504 6503//6503 6213//6213
f 6215//6215 6505//6505 6504//6504
f 6509//6509 6508//6508 6216//6216
f 6510//6510 6509//6509 6217//6217
f 6510//6510 6218//6218 6213//6213
f 6511//6511 6505//6505 6215//6215
f 6511//6511 6512//6512 6506//6506
f 6221//6221 6512//6512 6511//6511
f 6512//6512 6513//6513 6507//6507
f 6222//6222 6514//6514 6407//6407
f 6515//6515 6514//6514 6222//6222
f 6515//6515 6223//6223 6216//6216
f 6516//6516 6512//6512 6221//6221
f 6516//6516 6517//6517 6513//6513
f 6227//6227 6517//6517 6516//6516
f 6504//6504 6524//6524 6523//6523
f 6525//6525 6520//6520 6519//6519
f 6525//6525 6524//6524 6504//6504
f 6525//6525 6526//6526 6521//6521
f 6526//6526 6525//6525 6505//6505
f 6526//6526 6527//6527 6522//6522
f 6507//6507 6527//6527 6526//6526
f 6530//6530 6529//6529 6508//6508
f 6531//6531 6530//6530 6509//6509
f 6510//6510 6503//6503 6523//6523
f 6532//6532 6527//6527 6507//6507
f 6514//6514 6533//6533 6420//6420
f 6534//6534 6529//6529 6528//6528
f 6534//6534 6533//6533 6514//6514
f 6534//6534 6515//6515 6508//6508
f 6539//6539 6536//6536 6535//6535
f 6520//6520 6541//6541 6540//6540
f 6542//6542 6538//6538 6537//6537
f 6542//6542 6541//6541 6520//6520
f 6543//6543 6539//6539 6538//6538
f 6543//6543 6542//6542 6521//6521
f 6543//6543 6522//6522 6518//6518
f 6546//6546 6545//6545 6523//6523
f 6546//6546 6524//6524 6519//6519
f 6548//6548 6547//6547 6528//6528
f 6530//6530 6549//6549 6548//6548
f 6550//6550 6545//6545 6544//6544
f 6550//6550 6549//6549 6530//6530
f 6550//6550 6531//6531 6523//6523
f 6551//6551 6434//6434 6420//6420
f 6551//6551 6533//6533 6528//6528
f 6553//6553 6552//6552 6535//6535
f 6553//6553 6536//6536 3896//3896
f 6555//6555 6554//6554 6537//6537
f 6555//6555 6538//6538 6535//6535
f 6558//6558 6557//6557 6540//6540
f 6558//6558 6541//6541 6537//6537
f 6561//6561 6560//6560 6544//6544
f 6562//6562 6557//6557 6556//6556
f 6562//6562 6561//6561 6545//6545
f 6562//6562 6546//6546 6540//6540
f 6548//6548 6564//6564 6563//6563
f 6565//6565 6560//6560 6559//6559
f 6565//6565 6564//6564 6548//6548
f 6565//6565 6549//6549 6544//6544
f 6566//6566 6563//6563 6440//6440
f 6566//6566 6448//6448 6434//6434
f 6566//6566 6551//6551 6547//6547
f 6569//6569 6568//6568 6552//6552
f 6569//6569 6553//6553 3897//3897
f 6572//6572 6568//6568 6567//6567
f 6572//6572 6571//6571 6554//6554
f 6572//6572 6555//6555 6552//6552
f 6574//6574 6573//6573 6556//6556
f 6575//6575 6571//6571 6570//6570
f 6575//6575 6574//6574 6557//6557
f 6575//6575 6558//6558 6554//6554
f 6578//6578 6577//6577 6559//6559
f 6579//6579 6578//6578 6560//6560
f 6579//6579 6561//6561 6556//6556
f 6563//6563 6580//6580 6453//6453
f 6581//6581 6577//6577 6576//6576
f 6581//6581 6580//6580 6563//6563
f 6581//6581 6564//6564 6559//6559
f 6583//6583 6582//6582 6567//6567
f 6584//6584 3902//3902 3901//3901
f 6584//6584 6583//6583 6568//6568
f 6584//6584 6569//6569 3899//3899
f 6587//6587 6586//6586 6570//6570
f 6587//6587 6571//6571 6567//6567
f 6590//6590 6586//6586 6585//6585
f 6590//6590 6589//6589 6573//6573
f 6590//6590 6574//6574 6570//6570
f 6592//6592 6591//6591 6576//6576
f 6593//6593 6592//6592 6577//6577
f 6594//6594 6589//6589 6588//6588
f 6594//6594 6593//6593 6578//6578
f 6594//6594 6579//6579 6573//6573
f 6595//6595 6591//6591 6461//6461
f 6595//6595 6469//6469 6453//6453
f 6595//6595 6580//6580 6576//6576
f 6598//6598 3907//3907 3906//3906
f 6598//6598 6597//6597 6582//6582
f 6598//6598 6583//6583 3901//3901
f 6601//6601 6600//6600 6585//6585
f 6602//6602 6597//6597 6596//6596
f 6602//6602 6601//6601 6586//6586
f 6602//6602 6587//6587 6582//6582
f 6606//6606 6600//6600 6599//6599
f 6606//6606 6605//6605 6588//6588
f 6606//6606 6589//6589 6585//6585
f 6607//6607 6478//6478 6461//6461
f 6608//6608 6604//6604 6603//6603
f 6608//6608 6607//6607 6591//6591
f 6609//6609 6605//6605 6604//6604
f 6609//6609 6608//6608 6592//6592
f 6609//6609 6593//6593 6588//6588
f 6612//6612 3916//3916 3915//3915
f 6612//6612 6611//6611 6596//6596
f 6612//6612 6597//6597 3906//3906
f 6615//6615 6614//6614 6599//6599
f 6616//6616 6611//6611 6610//6610
f 6616//6616 6615//6615 6600//6600
f 6616//6616 6601//6601 6596//6596
f 6618//6618 6617//6617 6603//6603
f 6619//6619 6614//6614 6613//6613
f 6619//6619 6618//6618 6604//6604
f 6619//6619 6605//6605 6599//6599
f 6620//6620 6617//6617 6488//6488
f 6620//6620 6496//6496 6478//6478
f 6620//6620 6607//6607 6603//6603
f 6621//6621 4807//4807 3895//3895
f 6621//6621 6622//6622 4808//4808
f 6390//6390 6622//6622 6621//6621
f 6622//6622 6623//6623 4809//4809
f 6391//6391 6623//6623 6622//6622
f 6625//6625 6623//6623 6391//6391
f 6625//6625 6626//6626 6624//6624
f 6394//6394 6626//6626 6625//6625
f 6395//6395 6627//6627 6626//6626
f 6629//6629 6627//6627 6395//6395
f 6629//6629 6630//6630 6628//6628
f 6399//6399 6630//6630 6629//6629
f 6400//6400 6631//6631 6630//6630
f 6633//6633 6631//6631 6400//6400
f 6633//6633 6634//6634 6632//6632
f 6404//6404 6634//6634 6633//6633
f 6635//6635 4816//4816 4809//4809
f 6635//6635 6636//6636 4817//4817
f 6624//6624 6636//6636 6635//6635
f 6639//6639 6636//6636 6624//6624
f 6639//6639 6640//6640 6637//6637
f 6627//6627 6640//6640 6639//6639
f 6640//6640 6641//6641 6638//6638
f 6628//6628 6641//6641 6640//6640
f 6644//6644 6641//6641 6628//6628
f 6644//6644 6645//6645 6642//6642
f 6631//6631 6645//6645 6644//6644
f 6646//6646 6643//6643 6642//6642
f 6632//6632 6646//6646 6645//6645
f 6647//6647 4830//4830 4817//4817
f 6647//6647 6648//6648 4831//4831
f 6637//6637 6648//6648 6647//6647
f 6648//6648 6649//6649 4832//4832
f 6638//6638 6649//6649 6648//6648
f 6652//6652 6649//6649 6638//6638
f 6652//6652 6653//6653 6650//6650
f 6642//6642 6653//6653 6652//6652
f 6654//6654 6651//6651 6650//6650
f 6643//6643 6654//6654 6653//6653
f 6655//6655 4850//4850 4832//4832
f 6655//6655 6656//6656 4851//4851
f 6650//6650 6656//6656 6655//6655
f 6656//6656 6657//6657 4852//4852
f 6657//6657 6656//6656 6650//6650
f 6666//6666 6665//6665 6487//6487
f 6667//6667 6659//6659 6632//6632
f 6667//6667 6634//6634 6404//6404
f 6668//6668 6660//6660 6659//6659
f 6490//6490 6668//6668 6667//6667
f 6669//6669 6661//6661 6660//6660
f 6491//6491 6669//6669 6668//6668
f 6670//6670 6662//6662 6661//6661
f 6670//6670 6669//6669 6491//6491
f 6670//6670 6671//6671 6663//6663
f 6671//6671 6670//6670 6492//6492
f 6671//6671 6672//6672 6664//6664
f 6672//6672 6671//6671 6493//6493
f 6673//6673 6665//6665 6664//6664
f 6673//6673 6672//6672 6494//6494
f 6673//6673 6495//6495 6487//6487
f 6646//6646 6680//6680 6674//6674
f 6659//6659 6680//6680 6646//6646
f 6681//6681 6680//6680 6659//6659
f 6661//6661 6682//6682 6681//6681
f 6662//6662 6683//6683 6682//6682
f 6684//6684 6676//6676 6675//6675
f 6684//6684 6683//6683 6662//6662
f 6684//6684 6685//6685 6677//6677
f 6685//6685 6684//6684 6663//6663
f 6685//6685 6686//6686 6678//6678
f 6686//6686 6685//6685 6664//6664
f 6687//6687 6679//6679 6678//6678
f 6687//6687 6686//6686 6665//6665
f 6687//6687 6666//6666 6658//6658
f 6654//6654 6693//6693 6688//6688
f 6674//6674 6693//6693 6654//6654
f 6693//6693 6694//6694 6689//6689
f 6697//6697 6696//6696 6675//6675
f 6677//6677 6698//6698 6697//6697
f 6699//6699 6691//6691 6690//6690
f 6699//6699 6698//6698 6677//6677
f 6699//6699 6700//6700 6692//6692
f 6700//6700 6699//6699 6678//6678
f 6701//6701 6693//6693 6674//6674
f 6701//6701 6702//6702 6694//6694
f 6681//6681 6702//6702 6701//6701
f 6702//6702 6703//6703 6695//6695
f 6703//6703 6702//6702 6681//6681
f 6704//6704 6696//6696 6695//6695
f 6704//6704 6703//6703 6682//6682
f 6704//6704 6683//6683 6675//6675
f 6657//6657 6705//6705 4935//4935
f 6705//6705 6657//6657 6651//6651
f 6705//6705 6706//6706 4936//4936
f 6689//6689 6706//6706 6705//6705
f 6706//6706 6707//6707 4937//4937
f 6710//6710 4939//4939 4938//4938
f 6711//6711 4940//4940 4939//4939
f 6711//6711 6710//6710 6690//6690
f 6712//6712 4941//4941 4940//4940
f 6692//6692 6712//6712 6711//6711
f 6713//6713 6706//6706 6689//6689
f 6713//6713 6714//6714 6707//6707
f 6695//6695 6714//6714 6713//6713
f 6714//6714 6715//6715 6708//6708
f 6715//6715 6714//6714 6695//6695
f 6716//6716 6709//6709 6708//6708
f 6697//6697 6716//6716 6715//6715
f 6717//6717 6710//6710 6709//6709
f 6717//6717 6716//6716 6697//6697
f 6717//6717 6698//6698 6690//6690
f 6718//6718 4953//4953 4937//4937
f 6718//6718 6719//6719 4954//4954
f 6708//6708 6719//6719 6718//6718
f 6720//6720 4955//4955 4954//4954
f 6720//6720 6719//6719 6708//6708
f 6720//6720 6709//6709 4938//4938
f 6723//6723 5049//5049 5048//5048
f 6723//6723 6722//6722 6610//6610
f 6723//6723 6611//6611 3915//3915
f 6726//6726 6725//6725 6613//6613
f 6727//6727 6722//6722 6721//6721
f 6727//6727 6726//6726 6614//6614
f 6727//6727 6615//6615 6610//6610
f 6728//6728 6724//6724 6658//6658
f 6728//6728 6666//6666 6488//6488
f 6729//6729 6725//6725 6724//6724
f 6729//6729 6728//6728 6617//6617
f 6729//6729 6618//6618 6613//6613
f 6733//6733 5067//5067 5066//5066
f 6733//6733 6732//6732 6721//6721
f 6733//6733 6722//6722 5048//5048
f 6734//6734 6679//6679 6658//6658
f 6735//6735 6731//6731 6730//6730
f 6735//6735 6734//6734 6724//6724
f 6736//6736 6732//6732 6731//6731
f 6736//6736 6735//6735 6725//6725
f 6736//6736 6726//6726 6721//6721
f 6738//6738 5087//5087 5086//5086
f 6738//6738 6737//6737 6730//6730
f 6739//6739 5088//5088 5087//5087
f 6739//6739 6738//6738 6731//6731
f 6739//6739 6732//6732 5066//5066
f 6740//6740 6737//6737 6692//6692
f 6740//6740 6700//6700 6679//6679
f 6740//6740 6734//6734 6730//6730
f 6741//6741 5114//5114 4941//4941
f 6741//6741 6712//6712 6692//6692
f 6741//6741 6737//6737 5086//5086
f 6743//6743 5446//5446 5445//5445
f 6743//6743 6742//6742 2500//2500
f 2501//2501 1973//1973 5446//5446
f 2502//2502 2500//2500 6742//6742
f 6745//6745 2503//2503 2502//2502
f 6746//6746 2504//2504 2503//2503
f 6747//6747 2505//2505 2504//2504
f 6749//6749 6748//6748 2506//2506
f 2507//2507 2505//2505 6747//6747
f 2508//2508 2506//2506 6748//6748
f 6752//6752 6751//6751 2509//2509
f 2510//2510 2508//2508 6750//6750
f 6742//6742 5445//5445 5457//5457
f 6744//6744 6742//6742 6753//6753
f 6745//6745 6744//6744 6754//6754
f 6746//6746 6745//6745 6755//6755
f 6747//6747 6746//6746 6756//6756
f 6749//6749 6759//6759 6758//6758
f 6759//6759 6749//6749 6747//6747
f 6760//6760 6750//6750 6748//6748
f 6752//6752 6762//6762 6761//6761
f 6762//6762 6752//6752 6750//6750
f 6753//6753 5457//5457 5467//5467
f 6754//6754 6753//6753 6763//6763
f 6755//6755 6754//6754 6764//6764
f 6756//6756 6755//6755 6765//6765
f 6757//6757 6756//6756 6766//6766
f 6759//6759 6769//6769 6768//6768
f 6769//6769 6759//6759 6757//6757
f 6770//6770 6760//6760 6758//6758
f 6762//6762 6772//6772 6771//6771
f 6772//6772 6762//6762 6760//6760
f 6763//6763 5467//5467 5477//5477
f 6764//6764 6763//6763 6773//6773
f 6765//6765 6764//6764 6774//6774
f 6766//6766 6765//6765 6775//6775
f 6778//6778 6767//6767 6766//6766
f 6780//6780 6778//6778 6777//6777
f 6780//6780 6779//6779 6768//6768
f 6780//6780 6769//6769 6767//6767
f 6770//6770 6768//6768 6779//6779
f 6784//6784 6782//6782 6781//6781
f 6784//6784 6783//6783 6771//6771
f 6784//6784 6772//6772 6770//6770
f 6773//6773 5477//5477 5488//5488
f 6774//6774 6773//6773 6785//6785
f 6775//6775 6774//6774 6786//6786
f 6789//6789 6776//6776 6775//6775
f 6791//6791 6789//6789 6788//6788
f 6791//6791 6790//6790 6777//6777
f 6791//6791 6778//6778 6776//6776
f 6792//6792 6779//6779 6777//6777
f 6794//6794 6793//6793 6781//6781
f 6782//6782 6779//6779 6792//6792
f 6796//6796 6783//6783 6781//6781
f 6798//6798 5501//5501 5500//5500
f 6785//6785 5488//5488 5501//5501
f 6799//6799 6800//6800 6798//6798
f 6800//6800 6786//6786 6785//6785
f 6801//6801 6802//6802 6800//6800
f 6802//6802 6787//6787 6786//6786
f 6804//6804 6802//6802 6801//6801
f 6804//6804 6803//6803 6788//6788
f 6804//6804 6789//6789 6787//6787
f 6805//6805 6790//6790 6788//6788
f 6792//6792 6790//6790 6805//6805
f 6810//6810 6807//6807 6806//6806
f 6810//6810 6809//6809 6793//6793
f 6810//6810 6794//6794 6792//6792
f 6813//6813 6809//6809 6808//6808
f 6813//6813 6812//6812 6795//6795
f 6813//6813 6796//6796 6793//6793
f 6797//6797 5500//5500 5510//5510
f 6815//6815 6799//6799 6797//6797
f 6816//6816 6801//6801 6799//6799
f 6803//6803 6801//6801 6816//6816
f 6820//6820 6818//6818 6817//6817
f 6805//6805 6803//6803 6818//6818
f 6823//6823 6820//6820 6819//6819
f 6823//6823 6822//6822 6806//6806
f 6823//6823 6807//6807 6805//6805
f 6826//6826 6822//6822 6821//6821
f 6826//6826 6825//6825 6808//6808
f 6826//6826 6809//6809 6806//6806
f 6811//6811 6827//6827 6212//6212
f 6828//6828 6825//6825 6824//6824
f 6828//6828 6827//6827 6811//6811
f 6828//6828 6812//6812 6808//6808
f 6830//6830 5523//5523 5522//5522
f 6814//6814 5510//5510 5523//5523
f 6831//6831 6832//6832 6830//6830
f 6832//6832 6815//6815 6814//6814
f 6833//6833 6834//6834 6832//6832
f 6834//6834 6816//6816 6815//6815
f 6836//6836 6834//6834 6833//6833
f 6836//6836 6835//6835 6817//6817
f 6836//6836 6818//6818 6816//6816
f 6838//6838 6819//6819 6817//6817
f 6841//6841 6838//6838 6837//6837
f 6841//6841 6840//6840 6821//6821
f 6841//6841 6822//6822 6819//6819
f 6229//6229 6842//6842 6839//6839
f 6843//6843 6840//6840 6839//6839
f 6843//6843 6842//6842 6824//6824
f 6843//6843 6825//6825 6821//6821
f 6230//6230 6844//6844 6842//6842
f 6827//6827 6844//6844 6230//6230
f 6844//6844 6827//6827 6824//6824
f 6845//6845 2531//2531 2509//2509
f 6846//6846 6234//6234 2383//2383
f 6847//6847 6846//6846 2532//2532
f 6848//6848 6847//6847 2533//2533
f 6848//6848 2534//2534 2531//2531
f 6845//6845 6751//6751 6761//6761
f 6851//6851 6239//6239 6234//6234
f 6847//6847 6852//6852 6851//6851
f 6853//6853 6850//6850 6849//6849
f 6853//6853 6852//6852 6847//6847
f 6853//6853 6848//6848 6845//6845
f 6855//6855 6854//6854 6849//6849
f 6855//6855 6850//6850 6761//6761
f 6856//6856 6243//6243 6239//6239
f 6857//6857 6856//6856 6851//6851
f 6857//6857 6852//6852 6849//6849
f 6860//6860 6859//6859 6854//6854
f 6860//6860 6855//6855 6771//6771
f 6856//6856 6861//6861 6248//6248
f 6862//6862 6859//6859 6858//6858
f 6862//6862 6861//6861 6856//6856
f 6862//6862 6857//6857 6854//6854
f 6864//6864 6863//6863 6858//6858
f 6865//6865 6796//6796 6795//6795
f 6865//6865 6864//6864 6859//6859
f 6865//6865 6860//6860 6783//6783
f 6252//6252 6866//6866 6863//6863
f 6861//6861 6866//6866 6252//6252
f 6866//6866 6861//6861 6858//6858
f 6867//6867 6811//6811 6197//6197
f 6867//6867 6254//6254 6251//6251
f 6868//6868 6812//6812 6811//6811
f 6868//6868 6867//6867 6863//6863
f 6868//6868 6864//6864 6795//6795
f 6869//6869 6829//6829 5522//5522
f 6831//6831 6829//6829 6869//6869
f 6873//6873 6871//6871 6870//6870
f 6873//6873 6833//6833 6831//6831
f 6876//6876 6873//6873 6872//6872
f 6876//6876 6835//6835 6833//6833
f 6878//6878 6875//6875 6874//6874
f 6879//6879 6876//6876 6875//6875
f 6879//6879 6878//6878 6837//6837
f 6879//6879 6838//6838 6835//6835
f 6880//6880 6877//6877 6513//6513
f 6880//6880 6517//6517 6227//6227
f 6881//6881 6878//6878 6877//6877
f 6881//6881 6880//6880 6839//6839
f 6881//6881 6840//6840 6837//6837
f 6883//6883 5749//5749 5748//5748
f 6883//6883 6884//6884 5750//5750
f 6869//6869 5734//5734 5750//5750
f 6886//6886 6883//6883 6882//6882
f 6887//6887 6884//6884 6883//6883
f 6887//6887 6886//6886 6870//6870
f 6887//6887 6871//6871 6869//6869
f 6888//6888 6885//6885 6518//6518
f 6889//6889 6886//6886 6885//6885
f 6889//6889 6872//6872 6870//6870
f 6527//6527 6890//6890 6888//6888
f 6891//6891 6889//6889 6888//6888
f 6891//6891 6890//6890 6874//6874
f 6891//6891 6875//6875 6872//6872
f 6532//6532 6892//6892 6890//6890
f 6877//6877 6892//6892 6532//6532
f 6892//6892 6877//6877 6874//6874
f 6893//6893 5763//5763 3896//3896
f 6893//6893 6882//6882 5748//5748
f 6894//6894 6893//6893 6536//6536
f 6894//6894 6539//6539 6518//6518
f 6894//6894 6885//6885 6882//6882
