# Blender 4.2.0
# www.blender.org
o 39488_X4Y4
v -0.285249 -0.316920 0.000025
v -0.289802 -0.301032 0.001932
v -0.297560 -0.269344 0.004630
v -0.269344 -0.320294 0.001936
v -0.269344 -0.301032 0.007837
v -0.269344 -0.269344 0.013261
v -0.286665 -0.006909 0.129600
v -0.287836 -0.036280 0.103201
v -0.290736 -0.016820 0.112621
v -0.291528 -0.042133 0.079219
v -0.301625 -0.015844 0.079219
v -0.294867 -0.046201 0.047531
v -0.308251 -0.015844 0.047531
v -0.299694 -0.237657 0.005050
v -0.295171 -0.205969 0.003293
v -0.289561 -0.185205 0.001280
v -0.285679 -0.064161 0.005377
v -0.294670 -0.050372 0.015901
v -0.311722 -0.015844 0.015844
v -0.257205 -0.037521 0.164284
v -0.261089 -0.015844 0.170206
v -0.255183 -0.064976 0.130162
v -0.262509 -0.047863 0.141473
v -0.278023 -0.016820 0.141135
v -0.259313 -0.068863 0.110906
v -0.276602 -0.047118 0.112621
v -0.284253 -0.028034 0.124326
v -0.265221 -0.073826 0.079219
v -0.281065 -0.057977 0.079219
v -0.268249 -0.076688 0.047531
v -0.284093 -0.062044 0.047531
v -0.269344 -0.237657 0.014155
v -0.269344 -0.205969 0.010739
v -0.268205 -0.174498 0.003593
v -0.256884 -0.152849 0.000729
v -0.257553 -0.103798 0.008142
v -0.271142 -0.079097 0.017322
v -0.284731 -0.062828 0.026502
v -0.164284 -0.037521 0.257205
v -0.170206 -0.015844 0.261089
v -0.129600 -0.006909 0.286665
v -0.130162 -0.064976 0.255183
v -0.141473 -0.047863 0.262509
v -0.141135 -0.016821 0.278023
v -0.103201 -0.036280 0.287836
v -0.112621 -0.016821 0.290736
v -0.110906 -0.068863 0.259313
v -0.112621 -0.047118 0.276602
v -0.124326 -0.028034 0.284253
v -0.079219 -0.042133 0.291528
v -0.079219 -0.015844 0.301625
v -0.079219 -0.073826 0.265221
v -0.079219 -0.057977 0.281065
v -0.035315 -0.063847 0.285612
v -0.046539 -0.049964 0.293186
v -0.047531 -0.015844 0.308251
v -0.046539 -0.074308 0.271911
v -0.056440 -0.062148 0.284185
v -0.015844 -0.064811 0.286499
v -0.015844 -0.047531 0.297984
v -0.015844 -0.015844 0.311723
v -0.015844 -0.079627 0.269344
v -0.237657 -0.326979 0.005700
v -0.237657 -0.301032 0.015542
v -0.237657 -0.269344 0.020756
v -0.196145 -0.350388 0.001374
v -0.206412 -0.334925 0.008087
v -0.205969 -0.301032 0.022295
v -0.205969 -0.269344 0.027141
v -0.163764 -0.261317 0.032052
v -0.174282 -0.351664 0.002395
v -0.174282 -0.332719 0.013445
v -0.174282 -0.301032 0.026236
v -0.174309 -0.270866 0.030946
v -0.135036 -0.287030 0.032168
v -0.144397 -0.270866 0.032847
v -0.142594 -0.352359 0.003061
v -0.142594 -0.332719 0.015006
v -0.144397 -0.298968 0.028489
v -0.156161 -0.282442 0.031555
v -0.110906 -0.286648 0.032067
v -0.110906 -0.269344 0.033504
v -0.110906 -0.352245 0.003043
v -0.110906 -0.332719 0.015157
v -0.110906 -0.302492 0.027957
v -0.094841 -0.285293 0.031713
v -0.082255 -0.266856 0.032283
v -0.085647 -0.350720 0.001795
v -0.076738 -0.335691 0.009666
v -0.082255 -0.297926 0.026890
v -0.073716 -0.275760 0.030501
v -0.061534 -0.254635 0.031826
v -0.047531 -0.329960 0.008373
v -0.047531 -0.301032 0.021529
v -0.049596 -0.266856 0.029137
v -0.015844 -0.323640 0.004414
v -0.015844 -0.301032 0.014574
v -0.015844 -0.269344 0.023243
v -0.223157 -0.005371 0.223157
v -0.228812 -0.040681 0.198856
v -0.232834 -0.015897 0.208039
v -0.228211 -0.068529 0.167082
v -0.239074 -0.049663 0.176245
v -0.250425 -0.015844 0.186050
v -0.238327 -0.073150 0.141473
v -0.249336 -0.058646 0.151287
v -0.225363 -0.097159 0.102326
v -0.236618 -0.086163 0.112096
v -0.229713 -0.099698 0.079219
v -0.245557 -0.089669 0.079219
v -0.233796 -0.103728 0.047531
v -0.249640 -0.092531 0.047531
v -0.237657 -0.237657 0.021464
v -0.237657 -0.205969 0.017968
v -0.237657 -0.174282 0.010172
v -0.240013 -0.142410 0.006437
v -0.241477 -0.113727 0.018162
v -0.251933 -0.094033 0.029267
v -0.198856 -0.040681 0.228812
v -0.208039 -0.015897 0.232834
v -0.199113 -0.069888 0.199113
v -0.209547 -0.051243 0.209547
v -0.219981 -0.026496 0.219981
v -0.191442 -0.095721 0.160122
v -0.205840 -0.079771 0.174164
v -0.220238 -0.061806 0.188207
v -0.197712 -0.099063 0.142594
v -0.213556 -0.090237 0.142594
v -0.208080 -0.103386 0.112096
v -0.220049 -0.094036 0.123451
v -0.205969 -0.111600 0.079219
v -0.196444 -0.131686 0.038395
v -0.206592 -0.119932 0.048387
v -0.205969 -0.237657 0.027516
v -0.205969 -0.205969 0.023803
v -0.205969 -0.174282 0.017230
v -0.206592 -0.142387 0.022524
v -0.217570 -0.123656 0.028182
v -0.167082 -0.068529 0.228211
v -0.176245 -0.049663 0.239074
v -0.186050 -0.015844 0.250425
v -0.160122 -0.095721 0.191442
v -0.174164 -0.079771 0.205840
v -0.188207 -0.061806 0.220238
v -0.172123 -0.099118 0.172123
v -0.181247 -0.091013 0.181247
v -0.174282 -0.109460 0.142594
v -0.159477 -0.127128 0.096646
v -0.171736 -0.119855 0.108688
v -0.163601 -0.128674 0.079219
v -0.179445 -0.122808 0.079219
v -0.164336 -0.237657 0.032091
v -0.160975 -0.220971 0.031861
v -0.159860 -0.160589 0.032333
v -0.172634 -0.140875 0.045926
v -0.185408 -0.124957 0.059520
v -0.180179 -0.237657 0.031001
v -0.172635 -0.208633 0.028403
v -0.171966 -0.172404 0.026250
v -0.180985 -0.152811 0.027541
v -0.141473 -0.073150 0.238327
v -0.151287 -0.058646 0.249336
v -0.142594 -0.099063 0.197712
v -0.142594 -0.090237 0.213556
v -0.142594 -0.109460 0.174282
v -0.130589 -0.127944 0.130589
v -0.141729 -0.121107 0.141729
v -0.141729 -0.129599 0.108688
v -0.151714 -0.124607 0.117771
v -0.142594 -0.135212 0.079219
v -0.142594 -0.237657 0.033578
v -0.142594 -0.217826 0.032490
v -0.142594 -0.166113 0.036074
v -0.142594 -0.148391 0.051918
v -0.142594 -0.201983 0.029207
v -0.142594 -0.181957 0.029207
v -0.102326 -0.097159 0.225363
v -0.112096 -0.086163 0.236618
v -0.112096 -0.103386 0.208080
v -0.123451 -0.094036 0.220049
v -0.096646 -0.127128 0.159477
v -0.108688 -0.119855 0.171736
v -0.108688 -0.129599 0.141729
v -0.117771 -0.124607 0.151714
v -0.110906 -0.136436 0.110906
v -0.110906 -0.143069 0.079219
v -0.110906 -0.237657 0.034162
v -0.110906 -0.216320 0.032724
v -0.110906 -0.171100 0.041284
v -0.110906 -0.152505 0.057128
v -0.110906 -0.200476 0.029727
v -0.110906 -0.186944 0.029727
v -0.079219 -0.099698 0.229713
v -0.079219 -0.089669 0.245557
v -0.079219 -0.111600 0.205969
v -0.079219 -0.128628 0.163601
v -0.079219 -0.122808 0.179445
v -0.079219 -0.134508 0.142594
v -0.079219 -0.141829 0.110906
v -0.079219 -0.148075 0.079219
v -0.077927 -0.238270 0.032560
v -0.087628 -0.218962 0.032174
v -0.079219 -0.171526 0.043586
v -0.079219 -0.154721 0.059430
v -0.066503 -0.228117 0.031483
v -0.077927 -0.207428 0.029768
v -0.079219 -0.187370 0.029442
v -0.047531 -0.102099 0.233796
v -0.047531 -0.092531 0.249640
v -0.047531 -0.116081 0.205969
v -0.047531 -0.130557 0.169293
v -0.047531 -0.124888 0.185137
v -0.047531 -0.138303 0.142594
v -0.047531 -0.145357 0.110906
v -0.047531 -0.150789 0.079219
v -0.061534 -0.249242 0.031826
v -0.047531 -0.171157 0.044499
v -0.047531 -0.155773 0.060343
v -0.049596 -0.238270 0.030343
v -0.047531 -0.205969 0.027620
v -0.047531 -0.187001 0.028801
v -0.015844 -0.103399 0.236085
v -0.015844 -0.094036 0.251929
v -0.015844 -0.118527 0.205969
v -0.015844 -0.131385 0.172257
v -0.015844 -0.126034 0.188101
v -0.015844 -0.140172 0.142594
v -0.015844 -0.147126 0.110906
v -0.015844 -0.152247 0.079219
v -0.015844 -0.170067 0.044973
v -0.015844 -0.156502 0.060817
v -0.015844 -0.237657 0.025301
v -0.015844 -0.205969 0.023981
v -0.015844 -0.185910 0.027607
v -0.286665 0.006909 0.129600
v -0.290736 0.016820 0.112621
v -0.287836 0.036279 0.103201
v -0.301625 0.015844 0.079219
v -0.291528 0.042133 0.079219
v -0.308251 0.015844 0.047531
v -0.293186 0.049964 0.046539
v -0.285612 0.063847 0.035315
v -0.311722 0.015844 0.015844
v -0.297983 0.047531 0.015844
v -0.286499 0.064810 0.015844
v -0.261089 0.015844 0.170206
v -0.257205 0.037521 0.164284
v -0.278023 0.016820 0.141135
v -0.262509 0.047863 0.141472
v -0.255183 0.064976 0.130162
v -0.284253 0.028034 0.124326
v -0.276602 0.047118 0.112621
v -0.259313 0.068863 0.110906
v -0.281065 0.057977 0.079219
v -0.265221 0.073825 0.079219
v -0.284185 0.062148 0.056440
v -0.271911 0.074308 0.046539
v -0.269344 0.079627 0.015844
v -0.170206 0.015844 0.261089
v -0.164284 0.037521 0.257205
v -0.129600 0.006909 0.286665
v -0.141135 0.016820 0.278023
v -0.141472 0.047863 0.262509
v -0.130162 0.064976 0.255183
v -0.112621 0.016820 0.290736
v -0.103201 0.036279 0.287836
v -0.124326 0.028034 0.284253
v -0.112621 0.047118 0.276602
v -0.110906 0.068863 0.259313
v -0.079219 0.015844 0.301625
v -0.079219 0.042133 0.291528
v -0.079219 0.057977 0.281065
v -0.079219 0.073825 0.265221
v -0.047531 0.015844 0.308251
v -0.046539 0.049964 0.293186
v -0.035315 0.063847 0.285612
v -0.056440 0.062148 0.284185
v -0.046539 0.074308 0.271911
v -0.015844 0.015844 0.311722
v -0.015844 0.047531 0.297983
v -0.015844 0.064810 0.286499
v -0.015844 0.079627 0.269344
v -0.223157 0.005371 0.223157
v -0.232834 0.015897 0.208039
v -0.228812 0.040681 0.198856
v -0.250425 0.015844 0.186050
v -0.239074 0.049663 0.176245
v -0.228211 0.068529 0.167081
v -0.249336 0.058646 0.151287
v -0.238327 0.073150 0.141472
v -0.236618 0.086162 0.112095
v -0.225363 0.097159 0.102326
v -0.245556 0.089669 0.079219
v -0.229713 0.099698 0.079219
v -0.249640 0.092531 0.047531
v -0.233796 0.102099 0.047531
v -0.251928 0.094036 0.015844
v -0.236085 0.103398 0.015844
v -0.208039 0.015897 0.232834
v -0.198856 0.040681 0.228812
v -0.219981 0.026496 0.219981
v -0.209547 0.051243 0.209547
v -0.199113 0.069888 0.199113
v -0.220238 0.061806 0.188206
v -0.205840 0.079771 0.174164
v -0.191442 0.095721 0.160122
v -0.213556 0.090237 0.142594
v -0.197712 0.099063 0.142594
v -0.220049 0.094036 0.123451
v -0.208080 0.103385 0.112095
v -0.205969 0.111600 0.079219
v -0.205969 0.116080 0.047531
v -0.205969 0.118526 0.015844
v -0.186050 0.015844 0.250425
v -0.176245 0.049663 0.239074
v -0.167081 0.068529 0.228211
v -0.188206 0.061806 0.220238
v -0.174164 0.079771 0.205840
v -0.160122 0.095721 0.191442
v -0.181247 0.091013 0.181247
v -0.172123 0.099118 0.172123
v -0.174282 0.109459 0.142594
v -0.171736 0.119854 0.108688
v -0.159477 0.127127 0.096646
v -0.179444 0.122808 0.079219
v -0.163601 0.128628 0.079219
v -0.185137 0.124888 0.047531
v -0.169293 0.130557 0.047531
v -0.188100 0.126034 0.015844
v -0.172256 0.131385 0.015844
v -0.151287 0.058646 0.249336
v -0.141472 0.073150 0.238327
v -0.142594 0.090237 0.213556
v -0.142594 0.099063 0.197712
v -0.142594 0.109459 0.174282
v -0.141728 0.121106 0.141728
v -0.130589 0.127944 0.130589
v -0.151714 0.124607 0.117771
v -0.141728 0.129599 0.108688
v -0.142594 0.134508 0.079219
v -0.142594 0.138303 0.047531
v -0.142594 0.140172 0.015844
v -0.112095 0.086162 0.236618
v -0.102326 0.097159 0.225363
v -0.123451 0.094036 0.220049
v -0.112095 0.103385 0.208080
v -0.108688 0.119854 0.171736
v -0.096646 0.127127 0.159477
v -0.117771 0.124607 0.151714
v -0.108688 0.129599 0.141728
v -0.110906 0.136435 0.110906
v -0.110906 0.141828 0.079219
v -0.110906 0.145357 0.047531
v -0.110906 0.147126 0.015844
v -0.079219 0.089669 0.245556
v -0.079219 0.099698 0.229713
v -0.079219 0.111600 0.205969
v -0.079219 0.122808 0.179444
v -0.079219 0.128628 0.163601
v -0.079219 0.134508 0.142594
v -0.079219 0.141828 0.110906
v -0.079219 0.147227 0.079219
v -0.079219 0.150523 0.047531
v -0.079219 0.152246 0.015844
v -0.047531 0.092531 0.249640
v -0.047531 0.102099 0.233796
v -0.047531 0.116080 0.205969
v -0.047531 0.124888 0.185137
v -0.047531 0.130557 0.169293
v -0.047531 0.138303 0.142594
v -0.047531 0.145357 0.110906
v -0.047531 0.150523 0.079219
v -0.047531 0.153839 0.047531
v -0.047531 0.155560 0.015844
v -0.015844 0.094036 0.251928
v -0.015844 0.103398 0.236085
v -0.015844 0.118526 0.205969
v -0.015844 0.126034 0.188100
v -0.015844 0.131385 0.172256
v -0.015844 0.140172 0.142594
v -0.015844 0.147126 0.110906
v -0.015844 0.152246 0.079219
v -0.015844 0.155560 0.047531
v -0.015844 0.157106 0.015844
v -0.508027 -0.254924 -0.156545
v -0.510384 -0.258282 -0.174282
v -0.513486 -0.260918 -0.205969
v -0.513845 -0.259987 -0.237657
v -0.571660 -0.133824 -0.219573
v -0.571460 -0.110906 -0.219932
v -0.570537 -0.094387 -0.221545
v -0.573370 -0.164693 -0.244806
v -0.575735 -0.143670 -0.235609
v -0.578632 -0.110906 -0.237657
v -0.575090 -0.081982 -0.237395
v -0.572664 -0.047531 -0.248895
v -0.570640 -0.031103 -0.253078
v -0.538835 -0.222029 -0.189841
v -0.541776 -0.205969 -0.184119
v -0.546145 -0.174282 -0.177241
v -0.547113 -0.142594 -0.176984
v -0.545488 -0.110906 -0.180592
v -0.542493 -0.084753 -0.185480
v -0.540600 -0.224825 -0.205969
v -0.549365 -0.205969 -0.205969
v -0.559379 -0.174282 -0.205969
v -0.564060 -0.143670 -0.207794
v -0.561331 -0.110906 -0.204088
v -0.555109 -0.079007 -0.205898
v -0.546785 -0.047531 -0.211215
v -0.541573 -0.026282 -0.218118
v -0.542507 -0.227278 -0.237657
v -0.554645 -0.205969 -0.237657
v -0.567031 -0.174866 -0.235609
v -0.569742 -0.154949 -0.223681
v -0.567724 -0.073262 -0.226657
v -0.562629 -0.047531 -0.233052
v -0.553286 -0.018130 -0.239259
v -0.507548 -0.195778 -0.126115
v -0.507887 -0.174282 -0.125764
v -0.507635 -0.155690 -0.126070
v -0.511817 -0.237657 -0.149680
v -0.515938 -0.206192 -0.139892
v -0.521896 -0.174282 -0.142594
v -0.518463 -0.144114 -0.140524
v -0.517239 -0.110906 -0.148068
v -0.510953 -0.079219 -0.154352
v -0.507362 -0.062792 -0.158086
v -0.525619 -0.234618 -0.177280
v -0.533606 -0.205969 -0.168275
v -0.536854 -0.174282 -0.161397
v -0.536696 -0.142594 -0.161141
v -0.533083 -0.110906 -0.164748
v -0.529110 -0.076202 -0.174663
v -0.516273 -0.050350 -0.174810
v -0.511639 -0.025623 -0.185725
v -0.529330 -0.240669 -0.205969
v -0.538579 -0.063628 -0.190252
v -0.534163 -0.047531 -0.195371
v -0.523550 -0.015390 -0.205877
v -0.529688 -0.243122 -0.237657
v -0.535461 -0.005157 -0.225441
v -0.510577 -0.256791 -0.269344
v -0.507807 -0.254177 -0.286587
v -0.575123 -0.168827 -0.269344
v -0.583644 -0.142594 -0.269344
v -0.588048 -0.110906 -0.269344
v -0.587273 -0.079219 -0.269344
v -0.582036 -0.047531 -0.269344
v -0.574143 -0.018662 -0.271292
v -0.574465 -0.166924 -0.301032
v -0.583988 -0.142594 -0.301032
v -0.592418 -0.110906 -0.301032
v -0.595607 -0.079219 -0.301032
v -0.592976 -0.047531 -0.301032
v -0.584614 -0.015844 -0.301032
v -0.572493 -0.162156 -0.323036
v -0.578050 -0.144168 -0.333247
v -0.591535 -0.110906 -0.332719
v -0.598086 -0.079219 -0.332719
v -0.597945 -0.047531 -0.332719
v -0.592905 -0.015844 -0.332719
v -0.574334 -0.133428 -0.364407
v -0.584456 -0.110906 -0.364407
v -0.593832 -0.079219 -0.364407
v -0.597782 -0.047531 -0.364407
v -0.596654 -0.015844 -0.364407
v -0.570967 -0.127749 -0.381381
v -0.574037 -0.107925 -0.393604
v -0.584053 -0.079219 -0.396094
v -0.592341 -0.047531 -0.396094
v -0.594506 -0.015844 -0.396094
v -0.570526 -0.095374 -0.412225
v -0.574201 -0.079219 -0.418900
v -0.578980 -0.049061 -0.430010
v -0.585523 -0.015844 -0.427782
v -0.572847 -0.039519 -0.447558
v -0.574869 -0.015844 -0.453086
v -0.540879 -0.224640 -0.269344
v -0.553928 -0.205969 -0.269344
v -0.567581 -0.184671 -0.269344
v -0.564999 -0.009978 -0.262028
v -0.538921 -0.222095 -0.286032
v -0.547830 -0.207236 -0.298369
v -0.565784 -0.182768 -0.301032
v -0.544068 -0.196583 -0.332719
v -0.560988 -0.173344 -0.333247
v -0.568683 -0.155780 -0.344161
v -0.539789 -0.191343 -0.350230
v -0.546865 -0.173448 -0.362238
v -0.563928 -0.149272 -0.364407
v -0.542347 -0.162329 -0.385318
v -0.553329 -0.140607 -0.393912
v -0.564312 -0.116499 -0.402506
v -0.543187 -0.132340 -0.417211
v -0.553488 -0.108258 -0.425280
v -0.564735 -0.079219 -0.434744
v -0.569442 -0.060644 -0.442058
v -0.542664 -0.100017 -0.447917
v -0.547515 -0.077088 -0.458875
v -0.561432 -0.049061 -0.458660
v -0.566312 -0.015844 -0.468930
v -0.539795 -0.065105 -0.476463
v -0.544053 -0.047531 -0.482145
v -0.548882 -0.015067 -0.492763
v -0.526421 -0.240483 -0.269344
v -0.521506 -0.235382 -0.296872
v -0.535205 -0.218643 -0.307157
v -0.512462 -0.226234 -0.332719
v -0.528306 -0.212427 -0.332719
v -0.507203 -0.221977 -0.348831
v -0.519555 -0.203095 -0.360093
v -0.531907 -0.183454 -0.371355
v -0.510782 -0.193722 -0.384622
v -0.522608 -0.173813 -0.395533
v -0.534434 -0.153465 -0.406443
v -0.513309 -0.164172 -0.418054
v -0.523611 -0.143060 -0.428195
v -0.533914 -0.121142 -0.438336
v -0.512789 -0.132656 -0.449265
v -0.522587 -0.110489 -0.459153
v -0.532385 -0.086230 -0.469042
v -0.511259 -0.099835 -0.479058
v -0.519921 -0.075097 -0.488323
v -0.529104 -0.047531 -0.497988
v -0.536015 -0.025112 -0.504397
v -0.539972 -0.003987 -0.508467
v -0.507458 -0.063964 -0.507415
v -0.513261 -0.047531 -0.511986
v -0.521848 -0.013148 -0.521413
v -0.507681 -0.001183 -0.539235
v -0.480573 -0.261493 -0.120156
v -0.478138 -0.288099 -0.151931
v -0.489918 -0.268771 -0.143676
v -0.481653 -0.290724 -0.174282
v -0.497497 -0.274126 -0.174282
v -0.482952 -0.291636 -0.205969
v -0.498796 -0.276762 -0.205969
v -0.479877 -0.289070 -0.237657
v -0.495721 -0.275831 -0.237657
v -0.445332 -0.287506 -0.093085
v -0.450453 -0.269344 -0.087913
v -0.451507 -0.293884 -0.110906
v -0.467044 -0.270971 -0.110119
v -0.445332 -0.318089 -0.152735
v -0.459442 -0.301844 -0.141771
v -0.473552 -0.282618 -0.130806
v -0.446373 -0.318824 -0.174282
v -0.462217 -0.306568 -0.174282
v -0.445583 -0.318261 -0.199773
v -0.457475 -0.309285 -0.208589
v -0.459469 -0.302671 -0.237657
v -0.413215 -0.286749 -0.062345
v -0.417965 -0.269344 -0.059210
v -0.414496 -0.318768 -0.092440
v -0.424418 -0.297690 -0.082200
v -0.433809 -0.269344 -0.072069
v -0.420737 -0.323330 -0.110906
v -0.436581 -0.309728 -0.110906
v -0.430118 -0.326480 -0.142341
v -0.442237 -0.315590 -0.131610
v -0.427782 -0.330718 -0.174282
v -0.430804 -0.325487 -0.208589
v -0.443381 -0.316753 -0.220898
v -0.423460 -0.322625 -0.237657
v -0.439303 -0.314632 -0.237657
v -0.381270 -0.256728 -0.031042
v -0.383453 -0.319798 -0.060628
v -0.394847 -0.298800 -0.055736
v -0.393537 -0.268112 -0.041995
v -0.394847 -0.325588 -0.080814
v -0.404578 -0.307874 -0.071315
v -0.383718 -0.350323 -0.119230
v -0.395006 -0.340538 -0.109563
v -0.387146 -0.352026 -0.142594
v -0.402990 -0.343814 -0.142594
v -0.387323 -0.351764 -0.174282
v -0.403167 -0.344613 -0.174282
v -0.383954 -0.349974 -0.199020
v -0.395148 -0.343502 -0.208137
v -0.396094 -0.335036 -0.237657
v -0.356534 -0.294595 -0.027506
v -0.366020 -0.268112 -0.024786
v -0.364407 -0.326813 -0.053858
v -0.366020 -0.303507 -0.037713
v -0.377659 -0.277853 -0.033295
v -0.357897 -0.353788 -0.084858
v -0.366838 -0.343325 -0.076265
v -0.366838 -0.356963 -0.109563
v -0.379022 -0.347707 -0.098105
v -0.364407 -0.362474 -0.142594
v -0.364407 -0.360882 -0.174282
v -0.367017 -0.354220 -0.208137
v -0.379319 -0.348287 -0.220145
v -0.358194 -0.351340 -0.229654
v -0.367017 -0.345237 -0.239193
v -0.326305 -0.324145 -0.026562
v -0.335208 -0.303507 -0.020905
v -0.332719 -0.269344 -0.009165
v -0.326994 -0.353374 -0.056111
v -0.337212 -0.336237 -0.044209
v -0.347430 -0.315720 -0.032307
v -0.335622 -0.359845 -0.076265
v -0.348119 -0.348328 -0.063732
v -0.316944 -0.380273 -0.126621
v -0.329592 -0.373842 -0.113998
v -0.316944 -0.380273 -0.127091
v -0.329592 -0.375547 -0.139629
v -0.332719 -0.371754 -0.174282
v -0.332719 -0.365326 -0.205969
v -0.333634 -0.354567 -0.239193
v -0.344806 -0.347597 -0.250779
v -0.291478 -0.351854 -0.028374
v -0.298926 -0.331095 -0.016906
v -0.305646 -0.301032 -0.005501
v -0.313403 -0.269344 -0.001465
v -0.301637 -0.359325 -0.046342
v -0.312603 -0.345270 -0.034986
v -0.290217 -0.381883 -0.087404
v -0.300880 -0.375285 -0.077792
v -0.300880 -0.382917 -0.113998
v -0.311342 -0.378454 -0.105496
v -0.302493 -0.382988 -0.139629
v -0.314030 -0.379605 -0.148216
v -0.291552 -0.381666 -0.174282
v -0.307395 -0.378480 -0.174282
v -0.285956 -0.380386 -0.190575
v -0.298324 -0.374353 -0.203070
v -0.301032 -0.362727 -0.237657
v -0.269344 -0.355712 -0.024324
v -0.269344 -0.336138 -0.008480
v -0.261418 -0.382048 -0.059926
v -0.270926 -0.372858 -0.048630
v -0.270926 -0.384739 -0.077792
v -0.282543 -0.379522 -0.066279
v -0.269344 -0.390189 -0.110906
v -0.269344 -0.390308 -0.142594
v -0.269344 -0.386055 -0.174282
v -0.269344 -0.381674 -0.194862
v -0.269344 -0.376914 -0.210706
v -0.269344 -0.368075 -0.237657
v -0.476602 -0.199583 -0.093900
v -0.476602 -0.182414 -0.093900
v -0.486831 -0.237657 -0.113988
v -0.491569 -0.208243 -0.110659
v -0.488761 -0.172823 -0.107216
v -0.493023 -0.144114 -0.116025
v -0.484914 -0.110906 -0.118940
v -0.479723 -0.088270 -0.123414
v -0.502675 -0.237657 -0.133836
v -0.506536 -0.216903 -0.127528
v -0.504830 -0.134565 -0.128581
v -0.500758 -0.110906 -0.132224
v -0.490634 -0.078312 -0.137371
v -0.489652 -0.050350 -0.151827
v -0.478086 -0.028184 -0.156311
v -0.499211 -0.041667 -0.164600
v -0.490580 -0.016341 -0.174431
v -0.503073 -0.004497 -0.193635
v -0.456975 -0.237657 -0.082590
v -0.462542 -0.208475 -0.083676
v -0.462288 -0.172823 -0.084979
v -0.455698 -0.142594 -0.086659
v -0.449743 -0.117107 -0.090759
v -0.472818 -0.237657 -0.098144
v -0.475153 -0.220708 -0.095203
v -0.474730 -0.161289 -0.095508
v -0.471542 -0.142594 -0.098010
v -0.459971 -0.108289 -0.101751
v -0.460952 -0.078312 -0.115609
v -0.451378 -0.054079 -0.121643
v -0.472503 -0.067145 -0.128773
v -0.460952 -0.045122 -0.133468
v -0.458538 -0.016910 -0.149906
v -0.468480 -0.007059 -0.163137
v -0.423598 -0.237657 -0.055305
v -0.424392 -0.205969 -0.054945
v -0.421582 -0.174282 -0.057156
v -0.416980 -0.149681 -0.060087
v -0.439442 -0.237657 -0.066747
v -0.440235 -0.205969 -0.065857
v -0.437426 -0.174282 -0.067486
v -0.427639 -0.140509 -0.069733
v -0.430543 -0.108289 -0.083007
v -0.420298 -0.079219 -0.090085
v -0.413201 -0.062173 -0.094329
v -0.442946 -0.095982 -0.095499
v -0.436142 -0.079219 -0.099482
v -0.427751 -0.047563 -0.111222
v -0.421176 -0.024327 -0.121926
v -0.442301 -0.032954 -0.127487
v -0.430156 -0.014596 -0.133511
v -0.382476 -0.237657 -0.030474
v -0.382199 -0.211791 -0.030714
v -0.398320 -0.237657 -0.039462
v -0.394094 -0.203124 -0.037650
v -0.396094 -0.174282 -0.043087
v -0.398486 -0.140509 -0.053594
v -0.388148 -0.110906 -0.059320
v -0.381513 -0.093859 -0.062734
v -0.410643 -0.128556 -0.064052
v -0.403992 -0.110906 -0.067377
v -0.393683 -0.081666 -0.075061
v -0.396094 -0.055180 -0.090333
v -0.396094 -0.039337 -0.099747
v -0.396904 -0.014596 -0.115691
v -0.408006 -0.003202 -0.128987
v -0.364407 -0.237657 -0.020857
v -0.367512 -0.203124 -0.024297
v -0.360049 -0.174282 -0.026311
v -0.353421 -0.152015 -0.029718
v -0.380145 -0.190666 -0.031740
v -0.375893 -0.174282 -0.033462
v -0.364153 -0.141909 -0.037316
v -0.364407 -0.110906 -0.048742
v -0.364407 -0.087111 -0.059286
v -0.364407 -0.071267 -0.067582
v -0.366929 -0.044866 -0.083188
v -0.358048 -0.025353 -0.090787
v -0.379173 -0.032526 -0.095570
v -0.366929 -0.015212 -0.101387
v -0.332719 -0.237657 -0.006693
v -0.332719 -0.205969 -0.009118
v -0.332719 -0.174282 -0.015250
v -0.333852 -0.141909 -0.025264
v -0.324044 -0.120921 -0.028948
v -0.345169 -0.130890 -0.032957
v -0.333852 -0.110577 -0.037245
v -0.335021 -0.076748 -0.051681
v -0.327373 -0.047531 -0.053915
v -0.321754 -0.023147 -0.057119
v -0.347118 -0.064538 -0.063995
v -0.343217 -0.047531 -0.068555
v -0.333178 -0.013688 -0.078199
v -0.344602 -0.004228 -0.098086
v -0.315538 -0.237657 -0.000466
v -0.311015 -0.205969 -0.001783
v -0.300487 -0.174498 -0.004707
v -0.301032 -0.142594 -0.014043
v -0.301552 -0.110577 -0.024216
v -0.293036 -0.076522 -0.016602
v -0.301872 -0.047531 -0.015844
v -0.311722 -0.015844 -0.015844
v -0.312461 -0.099796 -0.033929
v -0.310474 -0.079219 -0.036522
v -0.311188 -0.047531 -0.038071
v -0.313418 -0.013888 -0.046947
v -0.315633 -0.002022 -0.065612
v -0.278009 -0.164080 -0.001468
v -0.268205 -0.142410 -0.004262
v -0.268607 -0.112979 -0.007308
v -0.278678 -0.085286 -0.006545
v -0.476840 -0.286238 -0.256382
v -0.488904 -0.273466 -0.267904
v -0.490746 -0.260651 -0.298702
v -0.479909 -0.256979 -0.322392
v -0.459981 -0.292714 -0.267904
v -0.470885 -0.282388 -0.277507
v -0.449760 -0.288986 -0.292339
v -0.459981 -0.278170 -0.302154
v -0.459157 -0.262412 -0.332860
v -0.448386 -0.256124 -0.352571
v -0.416982 -0.319354 -0.259268
v -0.427639 -0.309812 -0.269636
v -0.428582 -0.294341 -0.302154
v -0.439677 -0.283376 -0.313464
v -0.418552 -0.288223 -0.322523
v -0.428582 -0.277722 -0.332939
v -0.424948 -0.259941 -0.363643
v -0.412497 -0.253741 -0.380566
v -0.395810 -0.323152 -0.269636
v -0.406183 -0.314735 -0.280393
v -0.385058 -0.318597 -0.289050
v -0.395810 -0.309182 -0.300180
v -0.394112 -0.291824 -0.332939
v -0.403353 -0.282495 -0.343648
v -0.382228 -0.285804 -0.349498
v -0.394112 -0.273477 -0.361799
v -0.396094 -0.256725 -0.384618
v -0.364407 -0.334157 -0.269344
v -0.364407 -0.322264 -0.295342
v -0.364407 -0.314127 -0.311185
v -0.364407 -0.301602 -0.332719
v -0.364407 -0.288507 -0.353712
v -0.364407 -0.278021 -0.369556
v -0.364407 -0.262177 -0.391671
v -0.323681 -0.350308 -0.257552
v -0.333634 -0.343171 -0.268606
v -0.334624 -0.325953 -0.303669
v -0.346457 -0.316364 -0.315989
v -0.325332 -0.318899 -0.320434
v -0.334624 -0.310086 -0.331685
v -0.332719 -0.292929 -0.360085
v -0.332719 -0.282268 -0.375929
v -0.334022 -0.264805 -0.398757
v -0.324328 -0.255109 -0.413924
v -0.301032 -0.352970 -0.262812
v -0.301032 -0.345524 -0.278656
v -0.301032 -0.334201 -0.301032
v -0.301032 -0.321396 -0.324735
v -0.301032 -0.312126 -0.340579
v -0.301061 -0.294560 -0.366898
v -0.311643 -0.284348 -0.379121
v -0.290518 -0.286015 -0.381404
v -0.301061 -0.275125 -0.393618
v -0.301032 -0.257395 -0.416847
v -0.267376 -0.354322 -0.271194
v -0.276627 -0.347433 -0.282989
v -0.255502 -0.348821 -0.285737
v -0.267376 -0.340959 -0.298193
v -0.269344 -0.324062 -0.328558
v -0.269344 -0.314224 -0.344401
v -0.269344 -0.300715 -0.364407
v -0.269344 -0.287523 -0.383547
v -0.269344 -0.275786 -0.399390
v -0.269344 -0.259942 -0.419754
v -0.501034 -0.248670 -0.307712
v -0.490746 -0.242419 -0.332860
v -0.488279 -0.226479 -0.361399
v -0.496922 -0.214847 -0.369956
v -0.475797 -0.222102 -0.380631
v -0.487715 -0.203531 -0.393189
v -0.499632 -0.185297 -0.405747
v -0.478507 -0.192216 -0.414450
v -0.489627 -0.173451 -0.426814
v -0.500746 -0.153781 -0.439179
v -0.479621 -0.161605 -0.446689
v -0.489849 -0.141620 -0.458539
v -0.500076 -0.120960 -0.470390
v -0.478951 -0.129459 -0.477680
v -0.490171 -0.110601 -0.485276
v -0.491157 -0.087514 -0.501836
v -0.469511 -0.250261 -0.343517
v -0.459157 -0.242785 -0.363643
v -0.459469 -0.226692 -0.386776
v -0.459469 -0.214112 -0.402620
v -0.459469 -0.198268 -0.421233
v -0.459469 -0.184102 -0.437077
v -0.459469 -0.168259 -0.453213
v -0.459469 -0.151889 -0.469056
v -0.459469 -0.136045 -0.483578
v -0.462572 -0.112605 -0.500897
v -0.475203 -0.094972 -0.506932
v -0.433622 -0.249155 -0.373696
v -0.425990 -0.236794 -0.395131
v -0.439484 -0.220017 -0.409696
v -0.418359 -0.224432 -0.415043
v -0.430295 -0.207040 -0.428994
v -0.442232 -0.189490 -0.442945
v -0.421107 -0.194063 -0.447825
v -0.431440 -0.176022 -0.461148
v -0.441772 -0.157560 -0.474470
v -0.420647 -0.162555 -0.479230
v -0.429815 -0.143635 -0.492161
v -0.438983 -0.124301 -0.505092
v -0.396094 -0.244654 -0.400462
v -0.396094 -0.228810 -0.420404
v -0.396094 -0.215278 -0.436248
v -0.396094 -0.199434 -0.453497
v -0.396094 -0.184086 -0.469341
v -0.396094 -0.168242 -0.484642
v -0.396094 -0.150963 -0.500486
v -0.364407 -0.250087 -0.407515
v -0.362949 -0.232205 -0.429523
v -0.372540 -0.219725 -0.441247
v -0.351415 -0.222559 -0.444446
v -0.362951 -0.205563 -0.459079
v -0.374487 -0.188518 -0.473712
v -0.353362 -0.191401 -0.476584
v -0.362833 -0.173833 -0.490772
v -0.372303 -0.156074 -0.504960
v -0.345453 -0.252801 -0.411095
v -0.334022 -0.242838 -0.425805
v -0.332719 -0.224852 -0.447020
v -0.332719 -0.209972 -0.462863
v -0.332719 -0.194129 -0.479318
v -0.332719 -0.177525 -0.495162
v -0.301032 -0.244284 -0.432691
v -0.301032 -0.228440 -0.450842
v -0.301032 -0.213569 -0.466686
v -0.301032 -0.197725 -0.482895
v -0.301032 -0.181338 -0.498739
v -0.269344 -0.246620 -0.435598
v -0.269344 -0.230776 -0.453330
v -0.269344 -0.215915 -0.469174
v -0.269344 -0.200071 -0.485226
v -0.269344 -0.183858 -0.501070
v -0.491157 -0.071670 -0.512908
v -0.490821 -0.047694 -0.528141
v -0.501159 -0.022308 -0.534358
v -0.480034 -0.037240 -0.542032
v -0.490821 -0.013385 -0.546167
v -0.454078 -0.103176 -0.513469
v -0.461851 -0.081319 -0.524528
v -0.469623 -0.058365 -0.535588
v -0.448498 -0.067665 -0.541272
v -0.459224 -0.047694 -0.547611
v -0.460587 -0.017187 -0.563881
v -0.450769 -0.007520 -0.574091
v -0.417858 -0.129710 -0.509435
v -0.425670 -0.109787 -0.522014
v -0.433481 -0.088790 -0.534594
v -0.412356 -0.095273 -0.538843
v -0.424864 -0.078624 -0.544894
v -0.428932 -0.047771 -0.562843
v -0.440261 -0.028645 -0.568757
v -0.419136 -0.037369 -0.573592
v -0.428932 -0.017187 -0.579508
v -0.396094 -0.135119 -0.513908
v -0.396094 -0.115219 -0.529752
v -0.396094 -0.099375 -0.541743
v -0.393980 -0.076567 -0.558370
v -0.403133 -0.058494 -0.567418
v -0.382008 -0.064237 -0.570935
v -0.393980 -0.047771 -0.576840
v -0.396067 -0.015138 -0.594153
v -0.385485 -0.004105 -0.604170
v -0.351178 -0.159149 -0.507639
v -0.362807 -0.144345 -0.517250
v -0.364407 -0.122153 -0.535177
v -0.364407 -0.106310 -0.547210
v -0.364407 -0.084269 -0.563054
v -0.364407 -0.068425 -0.573539
v -0.364407 -0.047531 -0.586280
v -0.364407 -0.026063 -0.598960
v -0.364407 -0.010220 -0.607455
v -0.332719 -0.161681 -0.509893
v -0.333432 -0.140466 -0.527790
v -0.344469 -0.125644 -0.537793
v -0.323344 -0.128484 -0.540069
v -0.333432 -0.113411 -0.549619
v -0.332719 -0.090327 -0.567159
v -0.332719 -0.074484 -0.577888
v -0.334405 -0.046360 -0.595053
v -0.346092 -0.030646 -0.601489
v -0.324967 -0.035017 -0.603883
v -0.334405 -0.018388 -0.610678
v -0.301032 -0.165494 -0.513388
v -0.301032 -0.147213 -0.529232
v -0.301032 -0.131369 -0.542384
v -0.300190 -0.108302 -0.559955
v -0.310191 -0.093440 -0.569205
v -0.289066 -0.096004 -0.571042
v -0.300190 -0.081414 -0.579273
v -0.301032 -0.054828 -0.596841
v -0.301032 -0.038984 -0.606443
v -0.301032 -0.015844 -0.618934
v -0.269344 -0.168014 -0.515675
v -0.269344 -0.150085 -0.531519
v -0.269344 -0.134241 -0.544836
v -0.269344 -0.113857 -0.560680
v -0.269344 -0.098013 -0.572507
v -0.269344 -0.079219 -0.585168
v -0.269344 -0.058473 -0.598880
v -0.269344 -0.042629 -0.608875
v -0.267126 -0.012955 -0.625706
v -0.255084 -0.000466 -0.633989
v -0.237657 -0.359802 -0.019720
v -0.237657 -0.342823 -0.003876
v -0.237657 -0.384138 -0.055365
v -0.237657 -0.375645 -0.039521
v -0.237657 -0.391407 -0.079219
v -0.237657 -0.395430 -0.110906
v -0.237657 -0.395081 -0.142594
v -0.237657 -0.390471 -0.174282
v -0.237657 -0.383551 -0.201947
v -0.237657 -0.379058 -0.217791
v -0.237657 -0.371736 -0.237657
v -0.192247 -0.380704 -0.030995
v -0.204758 -0.364410 -0.016053
v -0.217270 -0.346958 -0.001111
v -0.204073 -0.385537 -0.046362
v -0.213372 -0.378432 -0.035019
v -0.205969 -0.396167 -0.079219
v -0.205969 -0.399294 -0.110906
v -0.205969 -0.397981 -0.142594
v -0.205969 -0.392945 -0.174282
v -0.207037 -0.383953 -0.208739
v -0.218312 -0.380071 -0.221147
v -0.197187 -0.380608 -0.222680
v -0.207037 -0.374964 -0.235008
v -0.174282 -0.380988 -0.030561
v -0.174282 -0.367508 -0.014718
v -0.174282 -0.388317 -0.047531
v -0.174282 -0.398372 -0.079219
v -0.174282 -0.401175 -0.110906
v -0.174282 -0.399291 -0.142594
v -0.174282 -0.393973 -0.174282
v -0.174282 -0.385589 -0.205969
v -0.174282 -0.380774 -0.223077
v -0.174282 -0.373955 -0.238921
v -0.142594 -0.381098 -0.030386
v -0.142594 -0.368203 -0.014542
v -0.142594 -0.388134 -0.047531
v -0.142594 -0.397735 -0.079219
v -0.142594 -0.400512 -0.110906
v -0.142594 -0.398485 -0.142594
v -0.142594 -0.393110 -0.174282
v -0.142580 -0.384006 -0.208443
v -0.132008 -0.379903 -0.220654
v -0.153133 -0.380591 -0.222632
v -0.142580 -0.374617 -0.234979
v -0.110906 -0.380733 -0.030945
v -0.110906 -0.368088 -0.015101
v -0.110906 -0.387126 -0.047531
v -0.110906 -0.396261 -0.079219
v -0.110906 -0.398824 -0.110906
v -0.110906 -0.396583 -0.142594
v -0.110906 -0.390997 -0.174282
v -0.110906 -0.383621 -0.201912
v -0.110906 -0.379022 -0.217756
v -0.110906 -0.370979 -0.237657
v -0.094872 -0.380293 -0.031623
v -0.079697 -0.364308 -0.015950
v -0.064522 -0.348235 -0.000276
v -0.082273 -0.383767 -0.047644
v -0.073747 -0.377896 -0.037157
v -0.079219 -0.392301 -0.079219
v -0.079219 -0.394957 -0.110906
v -0.079219 -0.392755 -0.142594
v -0.079219 -0.387190 -0.174282
v -0.079219 -0.381705 -0.195193
v -0.079219 -0.377139 -0.211037
v -0.079219 -0.367183 -0.237657
v -0.047531 -0.359077 -0.018261
v -0.047531 -0.345804 -0.002417
v -0.053833 -0.382123 -0.058282
v -0.044975 -0.375866 -0.047644
v -0.044975 -0.385257 -0.076552
v -0.032708 -0.380050 -0.064211
v -0.047531 -0.389333 -0.110906
v -0.047531 -0.387411 -0.142594
v -0.050274 -0.382668 -0.173649
v -0.041540 -0.378551 -0.183790
v -0.062665 -0.380370 -0.190570
v -0.050274 -0.374654 -0.203067
v -0.047531 -0.361858 -0.237657
v -0.015844 -0.354490 -0.023849
v -0.015844 -0.339484 -0.008005
v -0.015844 -0.367714 -0.047531
v -0.024008 -0.382529 -0.085336
v -0.014405 -0.377606 -0.076552
v -0.020840 -0.383376 -0.110906
v -0.004996 -0.378749 -0.110906
v -0.023525 -0.382495 -0.142594
v -0.007682 -0.378112 -0.142594
v -0.027589 -0.381354 -0.162665
v -0.016553 -0.375437 -0.173649
v -0.015844 -0.366371 -0.205969
v -0.016196 -0.354543 -0.238946
v -0.005868 -0.347198 -0.250368
v -0.252146 -0.131724 -0.000767
v -0.252146 -0.124923 -0.000767
v -0.237657 -0.358210 -0.269344
v -0.237657 -0.349688 -0.287424
v -0.237657 -0.341511 -0.303267
v -0.237657 -0.325668 -0.330778
v -0.237657 -0.315616 -0.346621
v -0.237657 -0.303912 -0.364407
v -0.237657 -0.289328 -0.385879
v -0.237657 -0.277212 -0.401723
v -0.237657 -0.261368 -0.421307
v -0.205969 -0.360132 -0.269344
v -0.205969 -0.350762 -0.289400
v -0.205969 -0.342118 -0.305244
v -0.205969 -0.326274 -0.332181
v -0.205969 -0.316539 -0.348025
v -0.205969 -0.305646 -0.364407
v -0.205969 -0.290138 -0.386716
v -0.205969 -0.277745 -0.402560
v -0.205969 -0.261901 -0.422282
v -0.174282 -0.360757 -0.269344
v -0.174282 -0.351209 -0.290030
v -0.174282 -0.342152 -0.305874
v -0.174282 -0.326308 -0.332512
v -0.174282 -0.316749 -0.348356
v -0.174282 -0.305695 -0.364407
v -0.174282 -0.289978 -0.386507
v -0.174282 -0.277808 -0.402351
v -0.174282 -0.261964 -0.422517
v -0.142594 -0.359830 -0.269344
v -0.142594 -0.350767 -0.289123
v -0.142594 -0.341481 -0.304967
v -0.142594 -0.325637 -0.331593
v -0.142594 -0.316189 -0.347436
v -0.142594 -0.304325 -0.364407
v -0.142594 -0.289168 -0.385520
v -0.142594 -0.277201 -0.401364
v -0.142594 -0.261357 -0.421653
v -0.110906 -0.357270 -0.269344
v -0.110906 -0.349469 -0.286813
v -0.110906 -0.340138 -0.302657
v -0.110906 -0.324294 -0.329403
v -0.110906 -0.314860 -0.345246
v -0.110906 -0.301576 -0.364407
v -0.110906 -0.287747 -0.383650
v -0.110906 -0.275794 -0.399493
v -0.110906 -0.259951 -0.419875
v -0.081942 -0.353338 -0.270539
v -0.073196 -0.347074 -0.281897
v -0.094321 -0.348671 -0.285380
v -0.081942 -0.339367 -0.297978
v -0.079219 -0.322342 -0.325992
v -0.079219 -0.312773 -0.341836
v -0.077884 -0.295257 -0.367207
v -0.066431 -0.284724 -0.379636
v -0.087556 -0.286314 -0.381742
v -0.077884 -0.275582 -0.393821
v -0.079219 -0.257685 -0.417161
v -0.047531 -0.351736 -0.260759
v -0.047531 -0.344679 -0.276603
v -0.047531 -0.331622 -0.301032
v -0.047531 -0.319662 -0.321454
v -0.047531 -0.309903 -0.337298
v -0.047531 -0.294059 -0.361382
v -0.047531 -0.283000 -0.377226
v -0.045427 -0.265556 -0.398978
v -0.054586 -0.255386 -0.414329
v -0.026993 -0.349652 -0.255907
v -0.016196 -0.341749 -0.267619
v -0.016872 -0.324052 -0.302494
v -0.006995 -0.315218 -0.314031
v -0.028120 -0.317702 -0.318228
v -0.016872 -0.307370 -0.330362
v -0.015844 -0.290394 -0.356324
v -0.015844 -0.279576 -0.372168
v -0.015844 -0.263733 -0.393069
v -0.237657 -0.247894 -0.437151
v -0.237657 -0.232051 -0.454982
v -0.237657 -0.217570 -0.470826
v -0.237657 -0.201726 -0.486905
v -0.237657 -0.185595 -0.502749
v -0.205969 -0.248883 -0.438126
v -0.205969 -0.233039 -0.455990
v -0.205969 -0.218481 -0.471834
v -0.205969 -0.202637 -0.487754
v -0.205969 -0.186522 -0.503598
v -0.174282 -0.249010 -0.438361
v -0.174282 -0.233166 -0.455784
v -0.174282 -0.218235 -0.471628
v -0.174282 -0.202392 -0.487483
v -0.174282 -0.186258 -0.503327
v -0.142594 -0.248090 -0.437497
v -0.142594 -0.232246 -0.454788
v -0.142594 -0.217407 -0.470632
v -0.142594 -0.201563 -0.486783
v -0.142594 -0.185408 -0.502627
v -0.110906 -0.246516 -0.435719
v -0.110906 -0.230672 -0.453141
v -0.110906 -0.215837 -0.468985
v -0.110906 -0.199993 -0.485233
v -0.110906 -0.183756 -0.501077
v -0.079219 -0.244433 -0.433005
v -0.079219 -0.228589 -0.450835
v -0.079219 -0.213431 -0.466679
v -0.079219 -0.197587 -0.482740
v -0.079219 -0.181261 -0.498584
v -0.033461 -0.253110 -0.411464
v -0.045427 -0.243607 -0.426048
v -0.047531 -0.225583 -0.447698
v -0.047531 -0.210590 -0.463542
v -0.047531 -0.194746 -0.479904
v -0.047531 -0.178167 -0.495747
v -0.015844 -0.250949 -0.408913
v -0.016280 -0.233220 -0.429785
v -0.006009 -0.220041 -0.441683
v -0.027134 -0.223103 -0.445092
v -0.015601 -0.206118 -0.459535
v -0.004069 -0.188785 -0.473978
v -0.025194 -0.192194 -0.477382
v -0.015690 -0.174327 -0.491272
v -0.006186 -0.156386 -0.505162
v -0.237657 -0.169751 -0.517066
v -0.237657 -0.151632 -0.532909
v -0.237657 -0.135788 -0.546102
v -0.237657 -0.115962 -0.561945
v -0.237657 -0.100119 -0.574174
v -0.237657 -0.079219 -0.588434
v -0.237657 -0.060827 -0.600479
v -0.237657 -0.044984 -0.610165
v -0.237657 -0.017804 -0.626009
v -0.237657 -0.001960 -0.634800
v -0.205969 -0.170678 -0.518120
v -0.205969 -0.152819 -0.533964
v -0.205969 -0.136976 -0.546790
v -0.205969 -0.116684 -0.562633
v -0.205969 -0.100840 -0.574763
v -0.205969 -0.079219 -0.589997
v -0.205969 -0.062377 -0.601454
v -0.205969 -0.046534 -0.610880
v -0.205969 -0.019492 -0.626724
v -0.205969 -0.003648 -0.635763
v -0.174282 -0.170414 -0.518073
v -0.174282 -0.152971 -0.533917
v -0.174282 -0.137127 -0.547004
v -0.174282 -0.116629 -0.562848
v -0.174282 -0.100785 -0.574604
v -0.174282 -0.079219 -0.590115
v -0.174282 -0.062831 -0.601731
v -0.174282 -0.046987 -0.610931
v -0.174282 -0.019521 -0.626775
v -0.174282 -0.003677 -0.635822
v -0.142594 -0.169564 -0.517025
v -0.142594 -0.151903 -0.532868
v -0.142594 -0.136059 -0.546424
v -0.142594 -0.115715 -0.562268
v -0.142594 -0.099872 -0.573858
v -0.142594 -0.079219 -0.588751
v -0.142594 -0.061846 -0.601112
v -0.142594 -0.046003 -0.610318
v -0.142594 -0.018236 -0.626162
v -0.142594 -0.002392 -0.635103
v -0.110906 -0.167912 -0.515487
v -0.110906 -0.150185 -0.531331
v -0.110906 -0.134341 -0.545026
v -0.110906 -0.113785 -0.560870
v -0.110906 -0.097941 -0.572447
v -0.110906 -0.079219 -0.585936
v -0.110906 -0.059588 -0.599708
v -0.110906 -0.043745 -0.609065
v -0.110465 -0.013277 -0.626420
v -0.120733 -0.001003 -0.634314
v -0.079219 -0.165417 -0.513396
v -0.079219 -0.147608 -0.529240
v -0.079219 -0.131764 -0.542793
v -0.079265 -0.108399 -0.560486
v -0.068734 -0.093938 -0.569544
v -0.089859 -0.096164 -0.571172
v -0.079265 -0.081713 -0.580011
v -0.079219 -0.056233 -0.597666
v -0.079219 -0.040389 -0.607100
v -0.079219 -0.015844 -0.621131
v -0.047531 -0.162323 -0.510554
v -0.045808 -0.140797 -0.528523
v -0.034097 -0.126057 -0.538134
v -0.055222 -0.129036 -0.540506
v -0.045808 -0.113659 -0.550225
v -0.047531 -0.091326 -0.567589
v -0.047531 -0.075483 -0.579027
v -0.047531 -0.051451 -0.594870
v -0.047531 -0.035608 -0.604331
v -0.047531 -0.015844 -0.615746
v -0.027311 -0.159868 -0.508251
v -0.016386 -0.144532 -0.518126
v -0.015844 -0.123254 -0.535814
v -0.015844 -0.107410 -0.548425
v -0.015844 -0.086492 -0.564269
v -0.015844 -0.070648 -0.575356
v -0.017875 -0.044817 -0.592123
v -0.008666 -0.028328 -0.599982
v -0.029792 -0.032445 -0.602508
v -0.017875 -0.016997 -0.608846
v -0.543874 0.007915 -0.246566
v -0.514336 0.008944 -0.214760
v -0.525474 0.018992 -0.234908
v -0.515487 0.040769 -0.244374
v -0.571436 0.001993 -0.283153
v -0.574362 0.013871 -0.303209
v -0.571221 0.033139 -0.315224
v -0.583435 0.015844 -0.332719
v -0.573918 0.038425 -0.332719
v -0.589760 0.015844 -0.364407
v -0.576599 0.048882 -0.365422
v -0.571179 0.064936 -0.376661
v -0.590171 0.015844 -0.396094
v -0.580958 0.047531 -0.396094
v -0.572872 0.068321 -0.396094
v -0.585210 0.015844 -0.427782
v -0.579890 0.047531 -0.427782
v -0.573160 0.069347 -0.427782
v -0.575927 0.015844 -0.457091
v -0.574178 0.047531 -0.453805
v -0.571563 0.066304 -0.447925
v -0.554367 0.015517 -0.269678
v -0.543735 0.039390 -0.277327
v -0.564860 0.023118 -0.294099
v -0.553776 0.046827 -0.301915
v -0.542692 0.068361 -0.309731
v -0.564153 0.054269 -0.332719
v -0.547045 0.079042 -0.334638
v -0.539788 0.096399 -0.346480
v -0.568638 0.060344 -0.355536
v -0.560735 0.076986 -0.365422
v -0.543785 0.101339 -0.364407
v -0.564265 0.084165 -0.396094
v -0.548422 0.108256 -0.396094
v -0.565593 0.085191 -0.427782
v -0.548203 0.114073 -0.424628
v -0.539797 0.128357 -0.433087
v -0.569266 0.015844 -0.472935
v -0.568603 0.047531 -0.469649
v -0.564290 0.077807 -0.458880
v -0.549862 0.110906 -0.459469
v -0.540284 0.129165 -0.459469
v -0.556953 0.015844 -0.491157
v -0.557772 0.047531 -0.491157
v -0.553230 0.079219 -0.491157
v -0.543712 0.110708 -0.489963
v -0.539707 0.128363 -0.478604
v -0.536612 0.029040 -0.256202
v -0.525979 0.050642 -0.266158
v -0.515346 0.071455 -0.276114
v -0.536471 0.060515 -0.288606
v -0.524559 0.080471 -0.299049
v -0.512647 0.100778 -0.309492
v -0.533772 0.089486 -0.325355
v -0.521639 0.109151 -0.335104
v -0.509505 0.129116 -0.344854
v -0.530025 0.117183 -0.364407
v -0.514181 0.133883 -0.364407
v -0.536067 0.124100 -0.396094
v -0.518288 0.143712 -0.397620
v -0.508184 0.159519 -0.409200
v -0.538686 0.126747 -0.411962
v -0.528961 0.140389 -0.424628
v -0.510688 0.162157 -0.427782
v -0.528334 0.145009 -0.459469
v -0.512490 0.164290 -0.459469
v -0.536178 0.121138 -0.499730
v -0.527655 0.140393 -0.489963
v -0.510935 0.163184 -0.491157
v -0.542219 0.015844 -0.511092
v -0.543702 0.047531 -0.514124
v -0.542670 0.079219 -0.513627
v -0.540738 0.100012 -0.510326
v -0.526962 0.015844 -0.526936
v -0.531540 0.047531 -0.529968
v -0.532110 0.079219 -0.529471
v -0.529374 0.110708 -0.521671
v -0.514353 0.142764 -0.522399
v -0.508661 0.160841 -0.511540
v -0.511118 0.015844 -0.542778
v -0.515697 0.047531 -0.547112
v -0.516266 0.079219 -0.548349
v -0.513084 0.110906 -0.546228
v -0.509543 0.132315 -0.542185
v -0.481948 0.007450 -0.184263
v -0.493767 0.018759 -0.203663
v -0.484460 0.040584 -0.213690
v -0.505585 0.030069 -0.223249
v -0.495000 0.051239 -0.233927
v -0.484415 0.072209 -0.244604
v -0.447355 0.003027 -0.156170
v -0.459531 0.015801 -0.174385
v -0.450582 0.037021 -0.185632
v -0.471707 0.028575 -0.192565
v -0.461838 0.049365 -0.204267
v -0.451969 0.069310 -0.215968
v -0.473094 0.061709 -0.223479
v -0.462459 0.081322 -0.235571
v -0.451823 0.100332 -0.247663
v -0.425313 0.014491 -0.151658
v -0.413105 0.032576 -0.157732
v -0.434230 0.024152 -0.164507
v -0.424954 0.045361 -0.176114
v -0.415679 0.065972 -0.187722
v -0.436804 0.058146 -0.194843
v -0.426400 0.078204 -0.206935
v -0.415996 0.097802 -0.219027
v -0.437121 0.090435 -0.226538
v -0.425694 0.109630 -0.239150
v -0.414267 0.128232 -0.251762
v -0.386881 0.004684 -0.123197
v -0.396904 0.015486 -0.136829
v -0.396094 0.037631 -0.153515
v -0.396094 0.053475 -0.166869
v -0.396094 0.071410 -0.182712
v -0.396094 0.087254 -0.197739
v -0.396094 0.103105 -0.213583
v -0.396094 0.118948 -0.230524
v -0.396094 0.133003 -0.246368
v -0.364407 0.011191 -0.118431
v -0.364407 0.027034 -0.130466
v -0.363572 0.048584 -0.147695
v -0.352452 0.065396 -0.156703
v -0.373577 0.059849 -0.161520
v -0.363939 0.079006 -0.174444
v -0.354300 0.097916 -0.187368
v -0.375426 0.092616 -0.192500
v -0.364539 0.111044 -0.205869
v -0.353652 0.129095 -0.219238
v -0.374777 0.124171 -0.224603
v -0.362619 0.141913 -0.238566
v -0.350461 0.159231 -0.252529
v -0.323477 0.005529 -0.086737
v -0.335708 0.018445 -0.110019
v -0.326813 0.036669 -0.121952
v -0.347938 0.031361 -0.127001
v -0.335513 0.047351 -0.134900
v -0.332719 0.069947 -0.152593
v -0.332719 0.085791 -0.166973
v -0.332719 0.102609 -0.182817
v -0.332719 0.118453 -0.198670
v -0.332719 0.133562 -0.214514
v -0.332719 0.149405 -0.232303
v -0.332719 0.162810 -0.248146
v -0.311722 0.015844 -0.015844
v -0.297983 0.047531 -0.015844
v -0.286499 0.064810 -0.015844
v -0.309194 0.015844 -0.047531
v -0.293353 0.050031 -0.046539
v -0.285612 0.063847 -0.035315
v -0.310101 0.015993 -0.077392
v -0.293496 0.042796 -0.079219
v -0.311306 0.026654 -0.100827
v -0.299605 0.047423 -0.112357
v -0.287905 0.064756 -0.123887
v -0.309030 0.057794 -0.131255
v -0.299493 0.074413 -0.142128
v -0.301032 0.091982 -0.161318
v -0.297940 0.112063 -0.179730
v -0.285316 0.126790 -0.190084
v -0.306441 0.123396 -0.193531
v -0.297940 0.136731 -0.204844
v -0.301032 0.155040 -0.225705
v -0.301032 0.168548 -0.241549
v -0.269344 0.079627 -0.015844
v -0.284185 0.062259 -0.056440
v -0.271911 0.074308 -0.046539
v -0.281065 0.058639 -0.079219
v -0.265221 0.073825 -0.079219
v -0.280693 0.058177 -0.102762
v -0.269816 0.070632 -0.112358
v -0.272078 0.086042 -0.143421
v -0.263338 0.098674 -0.154536
v -0.284463 0.094775 -0.158703
v -0.272078 0.109904 -0.169192
v -0.269344 0.129247 -0.187526
v -0.270998 0.147337 -0.207628
v -0.261538 0.160611 -0.219296
v -0.282663 0.157733 -0.222607
v -0.268920 0.174308 -0.237815
v -0.255177 0.190513 -0.253023
v -0.505540 0.061894 -0.254989
v -0.494312 0.082394 -0.265809
v -0.483083 0.101910 -0.276629
v -0.504208 0.092580 -0.288367
v -0.492253 0.111906 -0.299779
v -0.480298 0.130653 -0.311190
v -0.501423 0.121903 -0.323729
v -0.490979 0.136690 -0.333662
v -0.492156 0.151310 -0.361501
v -0.482259 0.164209 -0.370127
v -0.503384 0.155020 -0.388075
v -0.492156 0.168440 -0.397620
v -0.489658 0.179979 -0.426190
v -0.478096 0.192375 -0.435691
v -0.496617 0.180133 -0.459469
v -0.480773 0.195282 -0.459469
v -0.497697 0.179028 -0.491157
v -0.481853 0.196574 -0.491157
v -0.472948 0.093334 -0.255504
v -0.460988 0.111683 -0.268177
v -0.449029 0.130272 -0.280849
v -0.470154 0.123035 -0.290065
v -0.457467 0.141025 -0.302919
v -0.444780 0.159237 -0.315773
v -0.467992 0.153244 -0.332719
v -0.452148 0.164516 -0.332719
v -0.474959 0.158172 -0.349002
v -0.460837 0.175538 -0.362613
v -0.446714 0.192050 -0.376225
v -0.468967 0.185973 -0.396094
v -0.453124 0.196802 -0.396094
v -0.474326 0.189380 -0.414566
v -0.462046 0.201801 -0.426190
v -0.457788 0.213066 -0.457364
v -0.446104 0.223373 -0.466523
v -0.463192 0.212418 -0.491157
v -0.447349 0.224504 -0.491157
v -0.435392 0.121457 -0.259724
v -0.426010 0.135565 -0.269910
v -0.427782 0.152501 -0.293188
v -0.427782 0.163997 -0.309032
v -0.427602 0.179943 -0.333200
v -0.416919 0.192921 -0.344083
v -0.438044 0.186868 -0.355100
v -0.427602 0.198063 -0.365160
v -0.427133 0.213246 -0.395870
v -0.416139 0.224015 -0.406283
v -0.438479 0.218877 -0.427782
v -0.422635 0.228164 -0.427782
v -0.443125 0.221484 -0.445398
v -0.430651 0.231435 -0.457364
v -0.427782 0.238217 -0.491157
v -0.398322 0.150240 -0.268835
v -0.389245 0.163409 -0.279058
v -0.410370 0.157563 -0.286396
v -0.396674 0.174793 -0.300581
v -0.382978 0.191447 -0.314767
v -0.404103 0.186177 -0.322958
v -0.394562 0.197294 -0.333200
v -0.396842 0.214281 -0.364111
v -0.386778 0.224970 -0.374476
v -0.407903 0.219758 -0.385158
v -0.396842 0.229526 -0.395870
v -0.394119 0.244066 -0.429395
v -0.402473 0.248514 -0.459469
v -0.408213 0.251369 -0.491157
v -0.371586 0.154730 -0.257933
v -0.362377 0.167328 -0.268835
v -0.364407 0.184800 -0.293045
v -0.364407 0.195767 -0.308889
v -0.363656 0.212012 -0.334116
v -0.352593 0.223428 -0.345609
v -0.373718 0.219080 -0.353351
v -0.363656 0.229111 -0.364111
v -0.363613 0.245314 -0.396907
v -0.373646 0.250434 -0.419908
v -0.333436 0.180042 -0.270590
v -0.323351 0.192451 -0.281983
v -0.344476 0.188616 -0.287210
v -0.333436 0.201039 -0.299076
v -0.332719 0.217866 -0.323606
v -0.332719 0.227292 -0.339449
v -0.330254 0.243306 -0.367111
v -0.339172 0.250329 -0.386886
v -0.301032 0.184391 -0.261052
v -0.301032 0.196165 -0.276896
v -0.302402 0.213430 -0.302175
v -0.292753 0.224016 -0.313500
v -0.313878 0.220913 -0.318240
v -0.302402 0.231940 -0.330369
v -0.301032 0.248663 -0.358184
v -0.276302 0.188006 -0.256211
v -0.267181 0.198968 -0.267802
v -0.269344 0.216731 -0.292763
v -0.269344 0.227120 -0.308607
v -0.268432 0.244125 -0.335051
v -0.278387 0.251923 -0.351602
v -0.382240 0.254452 -0.441034
v -0.386629 0.256849 -0.459469
v -0.392369 0.259615 -0.491157
v -0.352521 0.255236 -0.408011
v -0.363613 0.258175 -0.429395
v -0.364407 0.267009 -0.459469
v -0.364407 0.273131 -0.491157
v -0.318047 0.253880 -0.379477
v -0.330254 0.258104 -0.396907
v -0.332719 0.269666 -0.427782
v -0.332529 0.279798 -0.459006
v -0.321839 0.286997 -0.469260
v -0.342598 0.282860 -0.491157
v -0.326754 0.288983 -0.491157
v -0.301032 0.256540 -0.374027
v -0.301032 0.267144 -0.396094
v -0.301443 0.280153 -0.427906
v -0.291156 0.286938 -0.438552
v -0.312281 0.283783 -0.448135
v -0.301443 0.290124 -0.459006
v -0.301032 0.297439 -0.491157
v -0.257262 0.254353 -0.347168
v -0.268432 0.259968 -0.363061
v -0.267388 0.277280 -0.398641
v -0.255522 0.285657 -0.410902
v -0.276647 0.283207 -0.417427
v -0.267388 0.289285 -0.427906
v -0.269344 0.299104 -0.459469
v -0.269344 0.306684 -0.491157
v -0.504798 0.153440 -0.532665
v -0.495915 0.172555 -0.522399
v -0.478952 0.193640 -0.522844
v -0.489436 0.016163 -0.559780
v -0.497292 0.047531 -0.562955
v -0.500365 0.079219 -0.564193
v -0.500108 0.110906 -0.562072
v -0.497030 0.142764 -0.553461
v -0.481477 0.172337 -0.552040
v -0.475942 0.190840 -0.539816
v -0.477726 0.026938 -0.571858
v -0.481448 0.047531 -0.575011
v -0.484521 0.079219 -0.578213
v -0.484264 0.110906 -0.578864
v -0.480346 0.142594 -0.575549
v -0.476598 0.160479 -0.571708
v -0.461997 0.209484 -0.522844
v -0.446153 0.223878 -0.522844
v -0.471894 0.005813 -0.568388
v -0.469937 0.181604 -0.560941
v -0.457224 0.204010 -0.550694
v -0.444511 0.222539 -0.540447
v -0.460587 0.016163 -0.578277
v -0.456988 0.049346 -0.591541
v -0.463598 0.079219 -0.594057
v -0.465449 0.110906 -0.594707
v -0.463125 0.142594 -0.591392
v -0.457411 0.171261 -0.584608
v -0.448812 0.196054 -0.576382
v -0.444772 0.061119 -0.602724
v -0.447754 0.079219 -0.604707
v -0.449605 0.110906 -0.606013
v -0.447281 0.142594 -0.604676
v -0.444886 0.160919 -0.603146
v -0.427782 0.238012 -0.522844
v -0.439324 0.217179 -0.561572
v -0.428369 0.231016 -0.552419
v -0.427935 0.015516 -0.595036
v -0.438599 0.039994 -0.599472
v -0.439379 0.182044 -0.597507
v -0.428789 0.207993 -0.588288
v -0.418199 0.227653 -0.579070
v -0.417474 0.025859 -0.604709
v -0.427935 0.049346 -0.607508
v -0.427782 0.079219 -0.614958
v -0.427782 0.110906 -0.619001
v -0.427782 0.142594 -0.618292
v -0.428403 0.172602 -0.611221
v -0.418254 0.198807 -0.607507
v -0.409032 0.251790 -0.522844
v -0.404872 0.248616 -0.554532
v -0.406610 0.004734 -0.599790
v -0.410317 0.219932 -0.600195
v -0.397332 0.238760 -0.587672
v -0.396067 0.015516 -0.608628
v -0.396094 0.047531 -0.620721
v -0.395865 0.076759 -0.629102
v -0.405992 0.110906 -0.630895
v -0.407521 0.142594 -0.631523
v -0.403574 0.174282 -0.628543
v -0.396801 0.206843 -0.618636
v -0.389192 0.228743 -0.608640
v -0.385150 0.085681 -0.635978
v -0.390148 0.110906 -0.638195
v -0.391677 0.142594 -0.638967
v -0.387731 0.174282 -0.637475
v -0.383286 0.193755 -0.635461
v -0.375564 0.249868 -0.596274
v -0.364407 0.015844 -0.619383
v -0.367027 0.045738 -0.630444
v -0.379336 0.064556 -0.633461
v -0.374530 0.214880 -0.629765
v -0.364484 0.238543 -0.618941
v -0.358211 0.055105 -0.636680
v -0.367027 0.076759 -0.640400
v -0.364407 0.110906 -0.648049
v -0.364407 0.142594 -0.650535
v -0.364407 0.174282 -0.648634
v -0.364143 0.204978 -0.640752
v -0.353405 0.227218 -0.637043
v -0.334043 0.016437 -0.628090
v -0.345488 0.033980 -0.632903
v -0.341628 0.248343 -0.629242
v -0.324363 0.027396 -0.635740
v -0.334043 0.045738 -0.639937
v -0.332719 0.079219 -0.650990
v -0.329845 0.113549 -0.659552
v -0.335769 0.142594 -0.661163
v -0.331696 0.177108 -0.661651
v -0.332719 0.205969 -0.655083
v -0.331727 0.237731 -0.641453
v -0.317366 0.125873 -0.665599
v -0.319925 0.142594 -0.666386
v -0.320451 0.168430 -0.666542
v -0.301032 0.006854 -0.630398
v -0.301032 0.022698 -0.637990
v -0.301032 0.047531 -0.647924
v -0.298576 0.081889 -0.659616
v -0.307501 0.104748 -0.663614
v -0.316649 0.189555 -0.665373
v -0.310901 0.205969 -0.663458
v -0.299556 0.235612 -0.655807
v -0.286376 0.094232 -0.665663
v -0.298576 0.113549 -0.667168
v -0.301032 0.142594 -0.670658
v -0.304065 0.177108 -0.669808
v -0.295057 0.205969 -0.668285
v -0.288010 0.223687 -0.666253
v -0.276209 0.002868 -0.632386
v -0.267126 0.014396 -0.639064
v -0.269344 0.047531 -0.653091
v -0.269344 0.074085 -0.662472
v -0.269344 0.245983 -0.661612
v -0.269344 0.089929 -0.666817
v -0.269344 0.110906 -0.672016
v -0.269344 0.142594 -0.677007
v -0.269344 0.174282 -0.678478
v -0.269344 0.205969 -0.675497
v -0.269344 0.230139 -0.668827
v -0.393188 0.260312 -0.522844
v -0.389028 0.258672 -0.554532
v -0.384347 0.255953 -0.575149
v -0.361289 0.277372 -0.525726
v -0.348648 0.285235 -0.538209
v -0.361289 0.275486 -0.551521
v -0.348648 0.285235 -0.538951
v -0.364763 0.262699 -0.585915
v -0.354439 0.257757 -0.608117
v -0.346209 0.284204 -0.517084
v -0.334475 0.289516 -0.525726
v -0.343854 0.283247 -0.560076
v -0.333063 0.288915 -0.551521
v -0.333063 0.279615 -0.587611
v -0.322729 0.287437 -0.577977
v -0.331727 0.262807 -0.618371
v -0.320503 0.255234 -0.635308
v -0.301032 0.300973 -0.522844
v -0.301032 0.299973 -0.554532
v -0.314709 0.284146 -0.599102
v -0.302901 0.292442 -0.587611
v -0.302901 0.277167 -0.618314
v -0.293584 0.288754 -0.608023
v -0.301032 0.260099 -0.639486
v -0.269344 0.310731 -0.522844
v -0.269344 0.310335 -0.554532
v -0.269344 0.305085 -0.586220
v -0.277086 0.281690 -0.629148
v -0.267652 0.292079 -0.618314
v -0.267652 0.270414 -0.644022
v -0.255961 0.286081 -0.634846
v -0.251928 0.094036 -0.015844
v -0.236085 0.103398 -0.015844
v -0.249640 0.092531 -0.047531
v -0.233796 0.102099 -0.047531
v -0.245666 0.089669 -0.079219
v -0.229822 0.099777 -0.079219
v -0.236706 0.088209 -0.112178
v -0.225510 0.097264 -0.102464
v -0.237657 0.090130 -0.132592
v -0.237657 0.103182 -0.148435
v -0.237657 0.119025 -0.167300
v -0.237657 0.133405 -0.183143
v -0.237657 0.149249 -0.200064
v -0.237657 0.163629 -0.215908
v -0.237657 0.179473 -0.234836
v -0.237657 0.192349 -0.250679
v -0.205969 0.118526 -0.015844
v -0.205969 0.116080 -0.047531
v -0.205969 0.111679 -0.079219
v -0.220103 0.094051 -0.123589
v -0.208112 0.103506 -0.112178
v -0.220103 0.094051 -0.127878
v -0.208112 0.107849 -0.140102
v -0.205969 0.123310 -0.162842
v -0.205969 0.136391 -0.178686
v -0.205969 0.152235 -0.196634
v -0.205969 0.166928 -0.212478
v -0.205969 0.182772 -0.230917
v -0.205969 0.195319 -0.246761
v -0.188100 0.126034 -0.015844
v -0.172256 0.131385 -0.015844
v -0.185137 0.124888 -0.047531
v -0.169293 0.130557 -0.047531
v -0.179444 0.122808 -0.079219
v -0.163601 0.128628 -0.079219
v -0.171736 0.120005 -0.108760
v -0.159477 0.127127 -0.096767
v -0.174887 0.121340 -0.143540
v -0.164728 0.127835 -0.154733
v -0.185853 0.125512 -0.159632
v -0.174887 0.136943 -0.171829
v -0.174282 0.154521 -0.194294
v -0.174282 0.169251 -0.210137
v -0.174282 0.185095 -0.227903
v -0.174282 0.197576 -0.243746
v -0.142594 0.140172 -0.015844
v -0.142594 0.138303 -0.047531
v -0.142594 0.134508 -0.079219
v -0.151930 0.124761 -0.117892
v -0.141858 0.129599 -0.108760
v -0.151930 0.124761 -0.133608
v -0.141858 0.129186 -0.143540
v -0.142594 0.142465 -0.174282
v -0.142594 0.156159 -0.192568
v -0.142594 0.170850 -0.208412
v -0.142594 0.186694 -0.225953
v -0.142594 0.199055 -0.241797
v -0.110906 0.147126 -0.015844
v -0.110906 0.145357 -0.047531
v -0.110906 0.141828 -0.079219
v -0.110906 0.136441 -0.110906
v -0.110906 0.133090 -0.142594
v -0.110906 0.144416 -0.174282
v -0.110906 0.157204 -0.191442
v -0.110906 0.171582 -0.207285
v -0.110906 0.187426 -0.225138
v -0.110906 0.199817 -0.240982
v -0.079219 0.152246 -0.015844
v -0.079219 0.150523 -0.047531
v -0.079219 0.147227 -0.079219
v -0.079219 0.141840 -0.110906
v -0.079219 0.136364 -0.142594
v -0.079219 0.145429 -0.174282
v -0.079219 0.157550 -0.191175
v -0.079219 0.171367 -0.207019
v -0.079219 0.187211 -0.225371
v -0.079219 0.199958 -0.241215
v -0.047531 0.155560 -0.015844
v -0.047531 0.153839 -0.047531
v -0.047531 0.150523 -0.079219
v -0.047531 0.145363 -0.110906
v -0.047531 0.138900 -0.142594
v -0.047531 0.145755 -0.174282
v -0.047531 0.157201 -0.191754
v -0.047531 0.170582 -0.207598
v -0.047531 0.186426 -0.226180
v -0.047531 0.199525 -0.242024
v -0.015844 0.157106 -0.015844
v -0.015844 0.155560 -0.047531
v -0.015844 0.152246 -0.079219
v -0.015844 0.147126 -0.110906
v -0.015844 0.140523 -0.142594
v -0.015844 0.145689 -0.174282
v -0.015844 0.156548 -0.192734
v -0.015844 0.169446 -0.208578
v -0.015844 0.185290 -0.227664
v -0.015844 0.198063 -0.243508
v -0.235064 0.209753 -0.272360
v -0.222773 0.222003 -0.284933
v -0.243898 0.219873 -0.288102
v -0.235064 0.229073 -0.299611
v -0.237657 0.246589 -0.328076
v -0.205969 0.211163 -0.267387
v -0.205969 0.223289 -0.283230
v -0.205969 0.235098 -0.301032
v -0.205969 0.249466 -0.323540
v -0.174282 0.213419 -0.264620
v -0.174282 0.225370 -0.280464
v -0.174282 0.239320 -0.301032
v -0.174282 0.251606 -0.320068
v -0.142594 0.214898 -0.262663
v -0.142594 0.226856 -0.278507
v -0.139666 0.244457 -0.304174
v -0.148277 0.252828 -0.318014
v -0.110906 0.215661 -0.261543
v -0.110906 0.227677 -0.277387
v -0.110906 0.243521 -0.300724
v -0.079219 0.215802 -0.261285
v -0.079219 0.227719 -0.277128
v -0.078108 0.245485 -0.303981
v -0.066805 0.253392 -0.317049
v -0.047531 0.215369 -0.262175
v -0.047531 0.226831 -0.278019
v -0.047531 0.242034 -0.301032
v -0.047531 0.252860 -0.317866
v -0.015844 0.213907 -0.264483
v -0.015844 0.225150 -0.280327
v -0.015844 0.239142 -0.301032
v -0.015844 0.251648 -0.320005
v -0.237657 0.256326 -0.343920
v -0.237657 0.267414 -0.364407
v -0.237657 0.280432 -0.390921
v -0.237657 0.287439 -0.406765
v -0.237657 0.295915 -0.427782
v -0.237657 0.306344 -0.459469
v -0.238484 0.313922 -0.491128
v -0.228473 0.318049 -0.501670
v -0.205969 0.259004 -0.339383
v -0.205969 0.272975 -0.364407
v -0.205969 0.283315 -0.384581
v -0.205969 0.290162 -0.400425
v -0.205969 0.301451 -0.427782
v -0.204728 0.312521 -0.461417
v -0.193338 0.317393 -0.473279
v -0.214463 0.315692 -0.480545
v -0.204728 0.319711 -0.491128
v -0.174282 0.260992 -0.335912
v -0.174787 0.278227 -0.366820
v -0.164561 0.285822 -0.378991
v -0.185686 0.284722 -0.381323
v -0.174787 0.291121 -0.393569
v -0.174282 0.305416 -0.427782
v -0.174282 0.314318 -0.453551
v -0.174282 0.318368 -0.469394
v -0.174282 0.323572 -0.491157
v -0.127152 0.253527 -0.316831
v -0.139666 0.260672 -0.330233
v -0.142594 0.278288 -0.361455
v -0.142594 0.286662 -0.377299
v -0.142594 0.294920 -0.396094
v -0.142594 0.307921 -0.427782
v -0.142594 0.315507 -0.448977
v -0.142594 0.319513 -0.464820
v -0.142594 0.325686 -0.491157
v -0.110906 0.253687 -0.316568
v -0.110906 0.263376 -0.332719
v -0.110906 0.279032 -0.360380
v -0.110906 0.287151 -0.376224
v -0.110906 0.295994 -0.396094
v -0.110906 0.308906 -0.427782
v -0.110906 0.315907 -0.447342
v -0.110906 0.320015 -0.463186
v -0.110906 0.326522 -0.491157
v -0.087930 0.253723 -0.316510
v -0.078108 0.261420 -0.329655
v -0.079219 0.279077 -0.360737
v -0.079219 0.286922 -0.376581
v -0.079219 0.295711 -0.396094
v -0.079219 0.308409 -0.427782
v -0.079219 0.315464 -0.448920
v -0.079219 0.319688 -0.464764
v -0.079219 0.325469 -0.491157
v -0.047531 0.262558 -0.333709
v -0.047531 0.278402 -0.362684
v -0.047531 0.285993 -0.378528
v -0.047531 0.294049 -0.396094
v -0.047531 0.306529 -0.427782
v -0.047531 0.314317 -0.452525
v -0.047531 0.318804 -0.468369
v -0.047531 0.323101 -0.491157
v -0.015844 0.260777 -0.335849
v -0.018751 0.277681 -0.367517
v -0.031251 0.285234 -0.380153
v -0.010126 0.284100 -0.382585
v -0.018751 0.290326 -0.394326
v -0.015844 0.302896 -0.427782
v -0.015525 0.312786 -0.460700
v -0.025876 0.317839 -0.472084
v -0.004751 0.316092 -0.483196
v -0.015525 0.319033 -0.492718
v -0.237657 0.015844 -0.642833
v -0.237657 0.047531 -0.656538
v -0.237657 0.067281 -0.664348
v -0.250197 0.252165 -0.664809
v -0.237657 0.083124 -0.668848
v -0.237657 0.110906 -0.676265
v -0.237657 0.142594 -0.681722
v -0.237657 0.174282 -0.683891
v -0.237657 0.205969 -0.681489
v -0.238843 0.240024 -0.671404
v -0.205969 0.015844 -0.644717
v -0.205969 0.047531 -0.658362
v -0.205969 0.063966 -0.665251
v -0.205969 0.079810 -0.670063
v -0.205969 0.110906 -0.678470
v -0.205969 0.142594 -0.684155
v -0.205969 0.174282 -0.686573
v -0.205969 0.205969 -0.684544
v -0.205969 0.237657 -0.677029
v -0.174282 0.015844 -0.645076
v -0.174282 0.047531 -0.658767
v -0.174282 0.063611 -0.665357
v -0.174282 0.079455 -0.670515
v -0.174282 0.110906 -0.679362
v -0.174282 0.142594 -0.685505
v -0.174282 0.174282 -0.688277
v -0.174282 0.205969 -0.686698
v -0.174282 0.237657 -0.680231
v -0.142594 0.015844 -0.643882
v -0.142594 0.047531 -0.657748
v -0.142594 0.065136 -0.664813
v -0.142594 0.080980 -0.670216
v -0.142594 0.110906 -0.678676
v -0.142594 0.142594 -0.684967
v -0.142594 0.174282 -0.687862
v -0.142594 0.205969 -0.686423
v -0.142594 0.237657 -0.680394
v -0.099608 0.000840 -0.633322
v -0.110465 0.013179 -0.640208
v -0.110906 0.047531 -0.655436
v -0.110906 0.068438 -0.663631
v -0.110906 0.084282 -0.669088
v -0.110906 0.110906 -0.676341
v -0.110906 0.142594 -0.682676
v -0.110906 0.174282 -0.685694
v -0.110906 0.205969 -0.684420
v -0.110906 0.237657 -0.678694
v -0.079219 0.003711 -0.631938
v -0.079219 0.019555 -0.639447
v -0.079219 0.047531 -0.651588
v -0.079219 0.074057 -0.661735
v -0.079219 0.089901 -0.667184
v -0.079219 0.110906 -0.672587
v -0.079219 0.142594 -0.678980
v -0.079219 0.174282 -0.682040
v -0.079219 0.205969 -0.680784
v -0.079219 0.237657 -0.675064
v -0.047531 0.009388 -0.629322
v -0.047531 0.025232 -0.636673
v -0.047531 0.047531 -0.646225
v -0.049729 0.081842 -0.659423
v -0.040632 0.102050 -0.663802
v -0.038367 0.247481 -0.663616
v -0.061757 0.094154 -0.665735
v -0.049729 0.111930 -0.667781
v -0.047531 0.142594 -0.673351
v -0.047531 0.174282 -0.676215
v -0.047531 0.205969 -0.674657
v -0.048370 0.237214 -0.668906
v -0.016704 0.017720 -0.626595
v -0.006715 0.035524 -0.632091
v -0.027840 0.029534 -0.634702
v -0.016704 0.046664 -0.639350
v -0.015844 0.079219 -0.651323
v -0.016872 0.111930 -0.660779
v -0.005962 0.142594 -0.663986
v -0.000954 0.163521 -0.665193
v -0.005521 0.213038 -0.664081
v -0.015988 0.237214 -0.660653
v -0.028120 0.123175 -0.666276
v -0.021806 0.142594 -0.667856
v -0.013247 0.174163 -0.668603
v -0.015988 0.203873 -0.667884
v -0.026646 0.226356 -0.666626
v -0.249540 0.316165 -0.522844
v -0.233696 0.318969 -0.522844
v -0.249026 0.316017 -0.554532
v -0.233182 0.318968 -0.554532
v -0.238073 0.313371 -0.585986
v -0.227788 0.318048 -0.575267
v -0.237657 0.300464 -0.617907
v -0.238843 0.267422 -0.655364
v -0.237657 0.288326 -0.637473
v -0.229072 0.255577 -0.666763
v -0.205969 0.323854 -0.522844
v -0.205969 0.324012 -0.554532
v -0.214885 0.315471 -0.596392
v -0.204981 0.319954 -0.585986
v -0.204981 0.308746 -0.615665
v -0.193760 0.317589 -0.603608
v -0.205969 0.274726 -0.657313
v -0.205969 0.291922 -0.641469
v -0.205969 0.258883 -0.668748
v -0.174282 0.327945 -0.522844
v -0.174282 0.328202 -0.554532
v -0.174282 0.324034 -0.586220
v -0.174282 0.310220 -0.621526
v -0.174282 0.318572 -0.605683
v -0.174282 0.277860 -0.659891
v -0.174282 0.294376 -0.644047
v -0.174282 0.262016 -0.670592
v -0.142594 0.329878 -0.522844
v -0.142594 0.329927 -0.554532
v -0.142594 0.325590 -0.586220
v -0.142594 0.310818 -0.623029
v -0.142594 0.319367 -0.607185
v -0.142594 0.278245 -0.660291
v -0.142594 0.294975 -0.644448
v -0.142594 0.262401 -0.670764
v -0.110906 0.330689 -0.522844
v -0.110906 0.330718 -0.554532
v -0.110906 0.326237 -0.586220
v -0.110906 0.310704 -0.623410
v -0.110906 0.319702 -0.607566
v -0.110906 0.277155 -0.659786
v -0.110906 0.294860 -0.643942
v -0.110906 0.261312 -0.669984
v -0.079219 0.329385 -0.522844
v -0.079219 0.329101 -0.554532
v -0.079219 0.324235 -0.586220
v -0.079219 0.309118 -0.621417
v -0.079219 0.318738 -0.605573
v -0.079219 0.274144 -0.657926
v -0.079219 0.293274 -0.642082
v -0.079219 0.258300 -0.668182
v -0.047531 0.326417 -0.522844
v -0.047531 0.325244 -0.554532
v -0.039885 0.314935 -0.596108
v -0.049281 0.319667 -0.585815
v -0.049281 0.306564 -0.615273
v -0.061010 0.317363 -0.602954
v -0.048370 0.267134 -0.655250
v -0.047531 0.289598 -0.638226
v -0.059492 0.255097 -0.666353
v -0.015844 0.321866 -0.522844
v -0.003935 0.316087 -0.565798
v -0.015036 0.320061 -0.554954
v -0.015036 0.312469 -0.585815
v -0.025060 0.318163 -0.574983
v -0.005291 0.283021 -0.631637
v -0.015850 0.294835 -0.619808
v -0.015850 0.271213 -0.643350
v -0.026416 0.286696 -0.635241
v 0.015844 -0.064811 0.286499
v 0.015844 -0.047531 0.297984
v 0.015844 -0.015844 0.311723
v 0.015844 -0.079627 0.269344
v 0.035315 -0.063847 0.285612
v 0.046539 -0.049964 0.293186
v 0.047531 -0.015844 0.308251
v 0.046539 -0.074308 0.271911
v 0.056440 -0.062148 0.284185
v 0.079219 -0.042133 0.291528
v 0.079219 -0.015844 0.301625
v 0.079219 -0.073826 0.265221
v 0.079219 -0.057977 0.281065
v 0.103201 -0.036280 0.287836
v 0.112621 -0.016821 0.290736
v 0.110906 -0.068863 0.259313
v 0.112621 -0.047118 0.276602
v 0.124326 -0.028034 0.284253
v 0.129600 -0.006909 0.286665
v 0.130162 -0.064976 0.255183
v 0.141473 -0.047863 0.262509
v 0.141135 -0.016821 0.278023
v 0.164284 -0.037521 0.257205
v 0.170206 -0.015844 0.261089
v 0.002652 -0.318683 0.001138
v 0.014266 -0.300709 0.005313
v 0.015844 -0.269344 0.014825
v 0.038779 -0.289931 0.002335
v 0.048618 -0.268591 0.004546
v 0.064950 -0.257526 0.000739
v 0.015844 -0.103399 0.236085
v 0.015844 -0.094036 0.251929
v 0.015844 -0.118527 0.205969
v 0.015844 -0.131385 0.172257
v 0.015844 -0.126034 0.188101
v 0.015844 -0.140172 0.142594
v 0.015844 -0.147126 0.110906
v 0.015844 -0.152247 0.079219
v 0.015844 -0.167096 0.043892
v 0.015844 -0.156502 0.059736
v 0.015844 -0.237657 0.018114
v 0.015844 -0.205969 0.018091
v 0.015844 -0.182940 0.024859
v 0.047531 -0.102099 0.233796
v 0.047531 -0.092531 0.249640
v 0.047531 -0.116081 0.205969
v 0.047531 -0.130557 0.169293
v 0.047531 -0.124888 0.185137
v 0.047531 -0.138303 0.142594
v 0.047531 -0.145357 0.110906
v 0.047531 -0.150523 0.079219
v 0.047531 -0.161796 0.037570
v 0.047531 -0.155506 0.053414
v 0.047531 -0.237657 0.009079
v 0.047531 -0.205969 0.009098
v 0.047531 -0.177639 0.019794
v 0.079219 -0.099698 0.229713
v 0.079219 -0.089669 0.245557
v 0.079219 -0.111600 0.205969
v 0.079219 -0.128628 0.163601
v 0.079219 -0.122808 0.179445
v 0.079219 -0.134508 0.142594
v 0.079219 -0.141829 0.110906
v 0.079219 -0.147227 0.079219
v 0.063806 -0.158565 0.032163
v 0.076308 -0.153128 0.044648
v 0.067904 -0.237657 0.001950
v 0.068020 -0.205969 0.001836
v 0.075018 -0.172642 0.014481
v 0.084931 -0.155675 0.028376
v 0.102326 -0.097159 0.225363
v 0.112096 -0.086163 0.236618
v 0.112096 -0.103386 0.208080
v 0.123451 -0.094036 0.220049
v 0.096646 -0.127128 0.159477
v 0.108688 -0.119855 0.171736
v 0.108688 -0.129599 0.141729
v 0.117771 -0.124607 0.151714
v 0.110906 -0.136436 0.110906
v 0.110906 -0.141829 0.079219
v 0.110906 -0.145519 0.047531
v 0.110906 -0.164991 0.006944
v 0.110906 -0.152692 0.022788
v 0.141473 -0.073150 0.238327
v 0.151287 -0.058646 0.249336
v 0.142594 -0.099063 0.197712
v 0.142594 -0.090237 0.213556
v 0.142594 -0.109460 0.174282
v 0.130589 -0.127944 0.130589
v 0.141729 -0.121107 0.141729
v 0.141729 -0.129599 0.108688
v 0.151714 -0.124607 0.117771
v 0.142594 -0.134508 0.079219
v 0.142594 -0.138303 0.047531
v 0.128436 -0.160020 0.002009
v 0.140436 -0.146798 0.013880
v 0.167082 -0.068529 0.228211
v 0.176246 -0.049663 0.239074
v 0.186050 -0.015844 0.250425
v 0.160122 -0.095721 0.191442
v 0.174164 -0.079771 0.205840
v 0.188207 -0.061806 0.220238
v 0.172123 -0.099118 0.172123
v 0.181247 -0.091013 0.181247
v 0.174282 -0.109460 0.142594
v 0.159477 -0.127128 0.096646
v 0.171736 -0.119855 0.108688
v 0.163601 -0.128628 0.079219
v 0.179445 -0.122808 0.079219
v 0.169293 -0.130557 0.047531
v 0.185137 -0.124888 0.047531
v 0.172257 -0.131718 0.015844
v 0.188101 -0.126034 0.015844
v 0.198856 -0.040681 0.228812
v 0.208039 -0.015898 0.232834
v 0.199113 -0.069888 0.199113
v 0.209547 -0.051243 0.209547
v 0.219982 -0.026496 0.219982
v 0.191442 -0.095721 0.160122
v 0.205840 -0.079771 0.174164
v 0.220238 -0.061806 0.188207
v 0.197712 -0.099063 0.142594
v 0.213556 -0.090237 0.142594
v 0.208080 -0.103386 0.112096
v 0.220049 -0.094037 0.123451
v 0.205969 -0.111600 0.079219
v 0.205969 -0.116081 0.047531
v 0.205969 -0.118527 0.015844
v 0.223157 -0.005371 0.223157
v 0.228812 -0.040681 0.198856
v 0.232835 -0.015898 0.208039
v 0.228211 -0.068530 0.167082
v 0.239074 -0.049663 0.176246
v 0.250425 -0.015844 0.186050
v 0.238327 -0.073150 0.141473
v 0.249336 -0.058646 0.151288
v 0.225363 -0.097159 0.102326
v 0.236618 -0.086163 0.112096
v 0.229713 -0.099698 0.079219
v 0.245557 -0.089669 0.079219
v 0.233796 -0.102099 0.047531
v 0.249640 -0.092531 0.047531
v 0.236085 -0.103399 0.015844
v 0.251929 -0.094036 0.015844
v 0.257205 -0.037521 0.164284
v 0.261089 -0.015844 0.170206
v 0.255183 -0.064976 0.130162
v 0.262509 -0.047863 0.141473
v 0.278023 -0.016821 0.141135
v 0.259313 -0.068863 0.110906
v 0.276602 -0.047118 0.112621
v 0.284253 -0.028034 0.124327
v 0.265221 -0.073826 0.079219
v 0.281065 -0.057977 0.079219
v 0.271911 -0.074308 0.046539
v 0.284185 -0.062148 0.056441
v 0.269344 -0.079627 0.015844
v 0.286665 -0.006909 0.129601
v 0.287836 -0.036280 0.103201
v 0.290736 -0.016821 0.112621
v 0.291528 -0.042133 0.079219
v 0.301625 -0.015844 0.079219
v 0.285612 -0.063847 0.035316
v 0.293186 -0.049964 0.046539
v 0.308251 -0.015844 0.047531
v 0.286499 -0.064811 0.015844
v 0.297984 -0.047531 0.015844
v 0.311723 -0.015844 0.015844
v 0.015844 0.015844 0.311722
v 0.015844 0.047531 0.297983
v 0.015844 0.064810 0.286499
v 0.015844 0.079627 0.269344
v 0.047531 0.015844 0.308251
v 0.046539 0.049964 0.293186
v 0.035315 0.063847 0.285612
v 0.056440 0.062148 0.284185
v 0.046539 0.074308 0.271911
v 0.079219 0.015844 0.301625
v 0.079219 0.042133 0.291528
v 0.079219 0.057977 0.281065
v 0.079219 0.073825 0.265221
v 0.112621 0.016820 0.290736
v 0.103201 0.036279 0.287836
v 0.124326 0.028034 0.284253
v 0.112621 0.047118 0.276602
v 0.110906 0.068863 0.259313
v 0.129600 0.006909 0.286665
v 0.141135 0.016820 0.278023
v 0.141472 0.047863 0.262509
v 0.130162 0.064976 0.255183
v 0.170206 0.015844 0.261089
v 0.164284 0.037521 0.257205
v 0.015844 0.094036 0.251928
v 0.015844 0.103398 0.236085
v 0.015844 0.118526 0.205969
v 0.015844 0.126034 0.188100
v 0.015844 0.131385 0.172256
v 0.015844 0.140172 0.142594
v 0.015844 0.147126 0.110906
v 0.015844 0.152246 0.079219
v 0.015844 0.155560 0.047531
v 0.015844 0.157106 0.015844
v 0.047531 0.092531 0.249640
v 0.047531 0.102099 0.233796
v 0.047531 0.116080 0.205969
v 0.047531 0.124888 0.185137
v 0.047531 0.130557 0.169293
v 0.047531 0.138303 0.142594
v 0.047531 0.145357 0.110906
v 0.047531 0.150523 0.079219
v 0.047531 0.153839 0.047531
v 0.047531 0.155560 0.015844
v 0.079219 0.089669 0.245556
v 0.079219 0.099698 0.229713
v 0.079219 0.111600 0.205969
v 0.079219 0.122808 0.179444
v 0.079219 0.128628 0.163601
v 0.079219 0.134508 0.142594
v 0.079219 0.141828 0.110906
v 0.079219 0.147227 0.079219
v 0.079219 0.150523 0.047531
v 0.079219 0.152246 0.015844
v 0.112095 0.086162 0.236618
v 0.102326 0.097159 0.225363
v 0.123451 0.094036 0.220049
v 0.112095 0.103385 0.208080
v 0.108688 0.119854 0.171736
v 0.096646 0.127127 0.159477
v 0.117771 0.124607 0.151714
v 0.108688 0.129599 0.141728
v 0.110906 0.136435 0.110906
v 0.110906 0.141828 0.079219
v 0.110906 0.145357 0.047531
v 0.110906 0.147126 0.015844
v 0.151287 0.058646 0.249336
v 0.141472 0.073150 0.238327
v 0.142594 0.090237 0.213556
v 0.142594 0.099063 0.197712
v 0.142594 0.109459 0.174282
v 0.141728 0.121106 0.141728
v 0.130589 0.127944 0.130589
v 0.151714 0.124607 0.117771
v 0.141728 0.129599 0.108688
v 0.142594 0.134508 0.079219
v 0.142594 0.138303 0.047531
v 0.142594 0.140172 0.015844
v 0.186050 0.015844 0.250425
v 0.176245 0.049663 0.239074
v 0.167081 0.068529 0.228211
v 0.188207 0.061806 0.220238
v 0.174164 0.079771 0.205840
v 0.160122 0.095721 0.191442
v 0.181247 0.091013 0.181247
v 0.172123 0.099118 0.172123
v 0.174282 0.109459 0.142594
v 0.171736 0.119854 0.108688
v 0.159477 0.127127 0.096646
v 0.179444 0.122808 0.079219
v 0.163601 0.128628 0.079219
v 0.185137 0.124888 0.047531
v 0.169293 0.130557 0.047531
v 0.188100 0.126034 0.015844
v 0.172257 0.131385 0.015844
v 0.208039 0.015898 0.232834
v 0.198856 0.040681 0.228812
v 0.219981 0.026496 0.219981
v 0.209547 0.051243 0.209547
v 0.199113 0.069888 0.199113
v 0.220238 0.061806 0.188207
v 0.205840 0.079771 0.174164
v 0.191442 0.095721 0.160122
v 0.213556 0.090237 0.142594
v 0.197712 0.099063 0.142594
v 0.220049 0.094036 0.123451
v 0.208080 0.103385 0.112095
v 0.205969 0.111600 0.079219
v 0.205969 0.116080 0.047531
v 0.205969 0.118526 0.015844
v 0.223157 0.005371 0.223157
v 0.232834 0.015898 0.208039
v 0.228812 0.040681 0.198856
v 0.250425 0.015844 0.186050
v 0.239074 0.049663 0.176245
v 0.228211 0.068529 0.167081
v 0.249336 0.058646 0.151287
v 0.238327 0.073150 0.141472
v 0.236618 0.086162 0.112095
v 0.225363 0.097159 0.102326
v 0.245556 0.089669 0.079219
v 0.229713 0.099698 0.079219
v 0.249640 0.092531 0.047531
v 0.233796 0.102099 0.047531
v 0.251928 0.094036 0.015844
v 0.236085 0.103398 0.015844
v 0.261089 0.015844 0.170206
v 0.257205 0.037521 0.164284
v 0.278023 0.016821 0.141135
v 0.262509 0.047863 0.141472
v 0.255183 0.064976 0.130162
v 0.284253 0.028034 0.124326
v 0.276602 0.047118 0.112621
v 0.259313 0.068863 0.110906
v 0.281065 0.057977 0.079219
v 0.265221 0.073825 0.079219
v 0.284185 0.062148 0.056440
v 0.271911 0.074308 0.046539
v 0.269344 0.079627 0.015844
v 0.286665 0.006909 0.129601
v 0.290736 0.016821 0.112621
v 0.287836 0.036280 0.103201
v 0.301625 0.015844 0.079219
v 0.291528 0.042133 0.079219
v 0.308251 0.015844 0.047531
v 0.293186 0.049964 0.046539
v 0.285612 0.063847 0.035315
v 0.311723 0.015844 0.015844
v 0.297983 0.047531 0.015844
v 0.286499 0.064810 0.015844
v 0.004350 -0.350655 -0.028852
v 0.014063 -0.332106 -0.016124
v 0.023777 -0.311056 -0.003395
v 0.015285 -0.356127 -0.047129
v 0.025475 -0.345528 -0.036299
v 0.015844 -0.367901 -0.079219
v 0.015844 -0.371710 -0.110906
v 0.015844 -0.370946 -0.142594
v 0.015844 -0.366102 -0.174282
v 0.018800 -0.355894 -0.208928
v 0.031333 -0.348451 -0.221463
v 0.010208 -0.351648 -0.229243
v 0.018800 -0.345012 -0.238946
v 0.047531 -0.324392 -0.024464
v 0.048618 -0.300709 -0.007766
v 0.059904 -0.278651 -0.001449
v 0.040185 -0.351807 -0.057424
v 0.049461 -0.341311 -0.047129
v 0.049461 -0.354740 -0.078328
v 0.061310 -0.347580 -0.067172
v 0.047531 -0.360189 -0.110906
v 0.047531 -0.359898 -0.142594
v 0.049451 -0.354439 -0.174942
v 0.061294 -0.347764 -0.185944
v 0.040169 -0.351693 -0.200338
v 0.049451 -0.345517 -0.208928
v 0.047531 -0.336180 -0.237657
v 0.067013 -0.319370 -0.029224
v 0.078233 -0.299587 -0.023640
v 0.076995 -0.268591 -0.008636
v 0.078233 -0.325242 -0.049031
v 0.088138 -0.309186 -0.039468
v 0.065955 -0.349993 -0.088297
v 0.077598 -0.339960 -0.078328
v 0.069056 -0.351384 -0.110906
v 0.084900 -0.343016 -0.110906
v 0.069063 -0.351220 -0.142594
v 0.084906 -0.343716 -0.142594
v 0.065963 -0.349773 -0.164819
v 0.077603 -0.342918 -0.174942
v 0.079219 -0.334834 -0.205969
v 0.079847 -0.323637 -0.237860
v 0.090828 -0.314974 -0.248558
v 0.097725 -0.288061 -0.029853
v 0.109335 -0.266860 -0.026423
v 0.097476 -0.318746 -0.060593
v 0.108163 -0.299310 -0.049189
v 0.118850 -0.275766 -0.037785
v 0.104449 -0.322704 -0.079219
v 0.120293 -0.311916 -0.079219
v 0.113799 -0.326146 -0.108594
v 0.126289 -0.316578 -0.096491
v 0.110906 -0.330333 -0.142594
v 0.113819 -0.325321 -0.176580
v 0.126323 -0.316618 -0.188676
v 0.105899 -0.322714 -0.205969
v 0.121743 -0.314334 -0.205969
v 0.099377 -0.318978 -0.227433
v 0.110326 -0.309538 -0.237860
v 0.127572 -0.254641 -0.031094
v 0.131632 -0.289435 -0.058910
v 0.140164 -0.266039 -0.049644
v 0.142354 -0.294575 -0.081301
v 0.152757 -0.277437 -0.072126
v 0.129172 -0.318597 -0.117616
v 0.140879 -0.307204 -0.108594
v 0.130494 -0.319336 -0.142594
v 0.146338 -0.308125 -0.142594
v 0.129320 -0.318435 -0.167551
v 0.140967 -0.309411 -0.176580
v 0.142594 -0.302566 -0.205969
v 0.143084 -0.292734 -0.237130
v 0.153974 -0.282539 -0.247341
v 0.160324 -0.256312 -0.061503
v 0.159470 -0.286321 -0.093251
v 0.166352 -0.267862 -0.081301
v 0.163045 -0.289165 -0.110906
v 0.180962 -0.269572 -0.108044
v 0.167300 -0.292281 -0.142594
v 0.183144 -0.279069 -0.142594
v 0.167740 -0.291895 -0.174282
v 0.183584 -0.280166 -0.174282
v 0.164561 -0.289264 -0.205969
v 0.180405 -0.277782 -0.205969
v 0.160905 -0.286968 -0.226216
v 0.172593 -0.274072 -0.237130
v 0.195403 -0.259161 -0.116698
v 0.199616 -0.263226 -0.142594
v 0.201268 -0.264322 -0.174282
v 0.199566 -0.261938 -0.205969
v 0.195007 -0.257436 -0.237657
v 0.083747 -0.237657 -0.005166
v 0.083864 -0.205969 -0.004207
v 0.086231 -0.186718 -0.002938
v 0.110906 -0.237657 -0.018512
v 0.110906 -0.205969 -0.015486
v 0.110906 -0.180835 -0.007613
v 0.130616 -0.237657 -0.029190
v 0.133971 -0.205969 -0.027123
v 0.136542 -0.172062 -0.017003
v 0.150863 -0.152622 -0.015844
v 0.146460 -0.237657 -0.041511
v 0.149815 -0.205969 -0.037618
v 0.153570 -0.174282 -0.034933
v 0.157215 -0.157572 -0.032515
v 0.176991 -0.135252 -0.014385
v 0.189360 -0.126486 -0.002850
v 0.165290 -0.237657 -0.057355
v 0.171746 -0.205969 -0.053462
v 0.174065 -0.174282 -0.050777
v 0.177318 -0.151868 -0.044859
v 0.182758 -0.240574 -0.078022
v 0.187590 -0.205969 -0.065879
v 0.189909 -0.174282 -0.063544
v 0.189905 -0.158117 -0.063548
v 0.189835 -0.253081 -0.095573
v 0.191439 -0.127549 -0.023975
v 0.203589 -0.120586 -0.014385
v 0.195609 -0.135031 -0.047531
v 0.211453 -0.119038 -0.047531
v 0.196719 -0.231956 -0.087787
v 0.202476 -0.205969 -0.081722
v 0.208725 -0.174389 -0.082041
v 0.206399 -0.145571 -0.073817
v 0.217248 -0.121732 -0.070845
v 0.206624 -0.238714 -0.109579
v 0.218320 -0.205969 -0.101321
v 0.221125 -0.185022 -0.096009
v 0.215460 -0.244722 -0.142594
v 0.217112 -0.248266 -0.174282
v 0.215409 -0.247715 -0.205969
v 0.210851 -0.244205 -0.237657
v 0.236085 -0.103399 -0.015844
v 0.251929 -0.094036 -0.015844
v 0.233796 -0.103194 -0.047531
v 0.249640 -0.092531 -0.047531
v 0.222680 -0.163897 -0.094260
v 0.223819 -0.142594 -0.092142
v 0.231889 -0.111064 -0.080532
v 0.248895 -0.091470 -0.079219
v 0.223347 -0.224347 -0.123586
v 0.228206 -0.205969 -0.117165
v 0.232538 -0.174389 -0.108305
v 0.239087 -0.142594 -0.110906
v 0.246578 -0.111511 -0.113323
v 0.250940 -0.092617 -0.104372
v 0.227010 -0.228879 -0.142594
v 0.242840 -0.204016 -0.144100
v 0.250413 -0.174282 -0.133254
v 0.252925 -0.142594 -0.127645
v 0.253277 -0.122477 -0.127062
v 0.230835 -0.232422 -0.174282
v 0.246679 -0.211755 -0.174282
v 0.231411 -0.231871 -0.205969
v 0.247254 -0.213737 -0.205969
v 0.228441 -0.228361 -0.237657
v 0.244285 -0.211403 -0.237657
v 0.015844 -0.332268 -0.269344
v 0.015844 -0.320779 -0.292421
v 0.015844 -0.312254 -0.308265
v 0.016906 -0.295440 -0.334936
v 0.028176 -0.284098 -0.346976
v 0.007051 -0.287311 -0.351768
v 0.016906 -0.276383 -0.363161
v 0.015844 -0.259156 -0.387546
v 0.046041 -0.322778 -0.269439
v 0.055610 -0.314141 -0.280064
v 0.034485 -0.317819 -0.287114
v 0.046041 -0.307427 -0.299018
v 0.047531 -0.291271 -0.326187
v 0.047531 -0.280946 -0.342031
v 0.047666 -0.263987 -0.366074
v 0.037194 -0.255508 -0.382975
v 0.069703 -0.319647 -0.258939
v 0.079847 -0.309914 -0.269439
v 0.079044 -0.293274 -0.301733
v 0.089491 -0.282770 -0.312763
v 0.068366 -0.287241 -0.320316
v 0.079044 -0.275592 -0.331615
v 0.079219 -0.259162 -0.356294
v 0.112630 -0.294562 -0.271017
v 0.124341 -0.284070 -0.282695
v 0.103216 -0.288783 -0.291638
v 0.112630 -0.278545 -0.301733
v 0.109642 -0.261134 -0.332439
v 0.098236 -0.255052 -0.350810
v 0.132849 -0.288555 -0.261570
v 0.143084 -0.278307 -0.271017
v 0.143098 -0.262700 -0.301453
v 0.132872 -0.256527 -0.321690
v 0.173867 -0.260637 -0.267616
v 0.163029 -0.256362 -0.291171
v 0.191528 -0.254620 -0.255902
v 0.015844 -0.246739 -0.403390
v 0.015844 -0.230895 -0.422316
v 0.015844 -0.216771 -0.438160
v 0.015844 -0.200927 -0.454886
v 0.015844 -0.185518 -0.470729
v 0.015844 -0.169674 -0.485969
v 0.015844 -0.152700 -0.501813
v 0.058319 -0.251596 -0.377749
v 0.047666 -0.242544 -0.394560
v 0.047531 -0.225389 -0.416038
v 0.047531 -0.211285 -0.431882
v 0.047531 -0.195441 -0.449140
v 0.047531 -0.179804 -0.464984
v 0.047531 -0.163960 -0.480554
v 0.047531 -0.146460 -0.496398
v 0.079219 -0.247478 -0.372137
v 0.076349 -0.229795 -0.396174
v 0.084999 -0.217400 -0.406789
v 0.063874 -0.222022 -0.412187
v 0.075782 -0.204501 -0.426027
v 0.087690 -0.186551 -0.439867
v 0.066565 -0.191602 -0.445192
v 0.077147 -0.173296 -0.458454
v 0.087730 -0.154612 -0.471716
v 0.066605 -0.160041 -0.476817
v 0.075740 -0.140777 -0.489635
v 0.084875 -0.121363 -0.502452
v 0.119361 -0.249648 -0.342815
v 0.111567 -0.237949 -0.364880
v 0.124899 -0.220841 -0.378950
v 0.103774 -0.226249 -0.385664
v 0.112964 -0.212862 -0.396174
v 0.110906 -0.195509 -0.417895
v 0.110906 -0.180861 -0.433738
v 0.110906 -0.165017 -0.450174
v 0.110906 -0.148506 -0.466018
v 0.110906 -0.132662 -0.480594
v 0.112909 -0.110843 -0.497964
v 0.124806 -0.093742 -0.506022
v 0.153997 -0.251124 -0.312296
v 0.143098 -0.243865 -0.332439
v 0.142594 -0.227395 -0.356267
v 0.142594 -0.215555 -0.372111
v 0.140386 -0.198411 -0.395199
v 0.149476 -0.184255 -0.405164
v 0.128351 -0.191154 -0.413076
v 0.139438 -0.172239 -0.425557
v 0.150525 -0.152827 -0.438038
v 0.129400 -0.160222 -0.445392
v 0.139448 -0.140362 -0.457400
v 0.149497 -0.119896 -0.469408
v 0.128372 -0.127896 -0.476341
v 0.140398 -0.109963 -0.483540
v 0.142594 -0.086732 -0.500669
v 0.184154 -0.249517 -0.277027
v 0.173867 -0.243538 -0.301453
v 0.171808 -0.227355 -0.329866
v 0.180721 -0.215500 -0.338527
v 0.159596 -0.222545 -0.349573
v 0.172085 -0.204407 -0.362518
v 0.184575 -0.186406 -0.375463
v 0.163450 -0.193315 -0.384039
v 0.175017 -0.174768 -0.396609
v 0.186584 -0.155873 -0.409179
v 0.165459 -0.163130 -0.416913
v 0.175992 -0.143787 -0.428970
v 0.186524 -0.123968 -0.441028
v 0.165399 -0.131702 -0.448283
v 0.174900 -0.111370 -0.459900
v 0.184400 -0.090246 -0.471517
v 0.163275 -0.098771 -0.478412
v 0.171877 -0.077198 -0.489604
v 0.180479 -0.053457 -0.500797
v 0.205561 -0.236955 -0.268357
v 0.219595 -0.219902 -0.280813
v 0.196702 -0.226986 -0.301032
v 0.212546 -0.214676 -0.301032
v 0.190550 -0.222132 -0.317402
v 0.203475 -0.204292 -0.329854
v 0.216401 -0.185356 -0.342307
v 0.195276 -0.194375 -0.354338
v 0.207192 -0.175319 -0.365755
v 0.219108 -0.155878 -0.377171
v 0.197983 -0.165281 -0.388054
v 0.208859 -0.145313 -0.398936
v 0.219734 -0.124642 -0.409819
v 0.198609 -0.134748 -0.419903
v 0.208853 -0.113742 -0.430479
v 0.219096 -0.091952 -0.441056
v 0.197971 -0.102843 -0.450392
v 0.207236 -0.080536 -0.460479
v 0.216502 -0.057036 -0.470567
v 0.195377 -0.069121 -0.479672
v 0.203568 -0.044684 -0.489481
v 0.213002 -0.015844 -0.500162
v 0.224487 -0.224392 -0.259688
v 0.237993 -0.206302 -0.270112
v 0.251498 -0.187981 -0.280537
v 0.230669 -0.198832 -0.301032
v 0.246513 -0.182306 -0.301032
v 0.225061 -0.193083 -0.321182
v 0.237072 -0.173037 -0.331325
v 0.249083 -0.153772 -0.341468
v 0.227958 -0.164231 -0.356046
v 0.239548 -0.144262 -0.366618
v 0.251138 -0.123865 -0.377189
v 0.230013 -0.134753 -0.388694
v 0.240640 -0.113691 -0.398942
v 0.251268 -0.092140 -0.409189
v 0.230143 -0.103517 -0.419930
v 0.239667 -0.081483 -0.429501
v 0.249191 -0.056711 -0.439072
v 0.228065 -0.070827 -0.449442
v 0.237153 -0.046311 -0.458428
v 0.246706 -0.015844 -0.467953
v 0.225115 -0.035911 -0.478164
v 0.230862 -0.015844 -0.484318
v 0.015844 -0.136856 -0.515736
v 0.015844 -0.117792 -0.531580
v 0.015844 -0.101948 -0.544093
v 0.016438 -0.077845 -0.561205
v 0.027397 -0.061325 -0.569011
v 0.006271 -0.066367 -0.572310
v 0.016438 -0.049470 -0.579982
v 0.015844 -0.022451 -0.596776
v 0.015844 -0.006607 -0.605852
v 0.047531 -0.130617 -0.510393
v 0.047436 -0.109290 -0.527473
v 0.057935 -0.092261 -0.536599
v 0.036810 -0.097649 -0.540591
v 0.047436 -0.080707 -0.548726
v 0.047531 -0.056348 -0.565652
v 0.047531 -0.040504 -0.576106
v 0.045837 -0.013639 -0.592240
v 0.034145 -0.001606 -0.602901
v 0.063750 -0.126942 -0.507160
v 0.076275 -0.110843 -0.514678
v 0.079219 -0.086672 -0.532322
v 0.079219 -0.070829 -0.544086
v 0.078974 -0.046308 -0.560508
v 0.089373 -0.027259 -0.567856
v 0.068248 -0.034930 -0.572421
v 0.078974 -0.016355 -0.578192
v 0.103681 -0.100238 -0.511164
v 0.111505 -0.079647 -0.522951
v 0.119328 -0.057369 -0.534739
v 0.098203 -0.065552 -0.540256
v 0.109622 -0.047097 -0.546142
v 0.112379 -0.016355 -0.563449
v 0.102798 -0.006134 -0.573682
v 0.142594 -0.070888 -0.512376
v 0.142832 -0.047097 -0.528786
v 0.153554 -0.026924 -0.536141
v 0.132429 -0.036244 -0.541501
v 0.142832 -0.016155 -0.547725
v 0.159354 -0.064150 -0.507555
v 0.171662 -0.044749 -0.512378
v 0.173877 -0.016155 -0.528644
v 0.163044 -0.005799 -0.541649
v 0.190635 -0.032332 -0.507392
v 0.197158 -0.015844 -0.512199
v 0.269344 -0.079627 -0.015844
v 0.271911 -0.074308 -0.046539
v 0.284185 -0.062148 -0.056441
v 0.266014 -0.075626 -0.079219
v 0.281858 -0.057977 -0.079219
v 0.253791 -0.101352 -0.125497
v 0.259902 -0.080920 -0.113323
v 0.278179 -0.047118 -0.112621
v 0.284253 -0.028034 -0.124327
v 0.254650 -0.192152 -0.155666
v 0.258376 -0.174282 -0.149097
v 0.262436 -0.142594 -0.143488
v 0.262003 -0.111511 -0.139612
v 0.266317 -0.079219 -0.142594
v 0.271569 -0.047531 -0.142594
v 0.278995 -0.016821 -0.141313
v 0.257152 -0.195911 -0.174282
v 0.267168 -0.174282 -0.174282
v 0.278126 -0.141736 -0.175709
v 0.279754 -0.110906 -0.168253
v 0.279503 -0.079219 -0.168530
v 0.278595 -0.047201 -0.175931
v 0.273882 -0.015844 -0.174282
v 0.258705 -0.197894 -0.205969
v 0.272310 -0.174282 -0.205969
v 0.282950 -0.152669 -0.205969
v 0.284113 -0.036417 -0.191801
v 0.280922 -0.015844 -0.197054
v 0.257497 -0.195560 -0.237657
v 0.272146 -0.174282 -0.237657
v 0.283992 -0.156136 -0.237657
v 0.286499 -0.064811 -0.015844
v 0.297984 -0.047531 -0.015844
v 0.311723 -0.015844 -0.015844
v 0.285612 -0.063847 -0.035316
v 0.293186 -0.049964 -0.046539
v 0.308251 -0.015844 -0.047531
v 0.291528 -0.042133 -0.079219
v 0.301625 -0.015844 -0.079219
v 0.287836 -0.036280 -0.103201
v 0.290736 -0.016821 -0.112621
v 0.286665 -0.006909 -0.129896
v 0.286674 -0.130601 -0.187223
v 0.288158 -0.110906 -0.184097
v 0.287959 -0.079219 -0.184374
v 0.286409 -0.057542 -0.187593
v 0.289045 -0.136825 -0.205969
v 0.295509 -0.110906 -0.205969
v 0.296973 -0.079219 -0.205969
v 0.292516 -0.047201 -0.203805
v 0.290347 -0.015844 -0.212898
v 0.291034 -0.140292 -0.237657
v 0.300822 -0.110906 -0.237657
v 0.306476 -0.079219 -0.237657
v 0.307211 -0.047531 -0.237657
v 0.302072 -0.015844 -0.237657
v 0.255609 -0.192702 -0.259412
v 0.264501 -0.176164 -0.269723
v 0.281514 -0.151997 -0.269344
v 0.259997 -0.166462 -0.301032
v 0.277515 -0.141864 -0.303473
v 0.284862 -0.126221 -0.315664
v 0.255331 -0.160718 -0.320343
v 0.263581 -0.142963 -0.331631
v 0.280572 -0.119855 -0.332719
v 0.258234 -0.132647 -0.356064
v 0.268945 -0.110412 -0.363849
v 0.279655 -0.086619 -0.371633
v 0.258530 -0.102740 -0.388064
v 0.268924 -0.078817 -0.395741
v 0.280608 -0.047531 -0.405258
v 0.284953 -0.030922 -0.411551
v 0.258192 -0.071015 -0.417947
v 0.263760 -0.046702 -0.428218
v 0.278092 -0.018553 -0.427673
v 0.255581 -0.035586 -0.446290
v 0.260650 -0.015844 -0.452109
v 0.289860 -0.136154 -0.269344
v 0.300537 -0.110906 -0.269344
v 0.310330 -0.079219 -0.269344
v 0.314783 -0.046228 -0.271496
v 0.312807 -0.017767 -0.271496
v 0.287280 -0.130815 -0.294539
v 0.293858 -0.113758 -0.303473
v 0.308497 -0.079219 -0.301032
v 0.315165 -0.046228 -0.300439
v 0.315585 -0.008487 -0.292355
v 0.316428 -0.027147 -0.310606
v 0.289757 -0.104011 -0.332719
v 0.300359 -0.079219 -0.332719
v 0.310230 -0.047531 -0.332719
v 0.315476 -0.016288 -0.333146
v 0.286252 -0.096960 -0.350508
v 0.289689 -0.077321 -0.362405
v 0.300702 -0.047531 -0.364407
v 0.309134 -0.015844 -0.364407
v 0.286382 -0.065494 -0.382294
v 0.289916 -0.047531 -0.389415
v 0.294292 -0.018553 -0.399031
v 0.287673 -0.009797 -0.417038
v 0.317181 -0.034797 -0.283493
v 0.317181 -0.029612 -0.283493
v 0.317181 -0.034797 -0.289481
v 0.317325 -0.017817 -0.301481
v 0.317469 -0.006022 -0.322869
v 0.015844 0.157106 -0.015844
v 0.015844 0.155560 -0.047531
v 0.015844 0.152246 -0.079219
v 0.015844 0.147126 -0.110906
v 0.015844 0.140480 -0.142594
v 0.015844 0.143559 -0.174282
v 0.015844 0.154460 -0.195045
v 0.015844 0.167135 -0.210888
v 0.015844 0.182978 -0.230617
v 0.015844 0.195528 -0.246460
v 0.047531 0.155560 -0.015844
v 0.047531 0.153839 -0.047531
v 0.047531 0.150523 -0.079219
v 0.047531 0.145357 -0.110906
v 0.047531 0.138446 -0.142594
v 0.047531 0.139746 -0.174282
v 0.047531 0.151641 -0.199163
v 0.047531 0.163696 -0.215006
v 0.047531 0.179540 -0.234537
v 0.047531 0.192588 -0.250381
v 0.079219 0.152246 -0.015844
v 0.079219 0.150523 -0.047531
v 0.079219 0.147227 -0.079219
v 0.079219 0.141828 -0.110906
v 0.079219 0.134650 -0.142594
v 0.079219 0.134591 -0.174282
v 0.081623 0.150218 -0.207369
v 0.072663 0.160757 -0.218865
v 0.093788 0.158101 -0.222216
v 0.079630 0.174120 -0.237466
v 0.065473 0.190764 -0.252715
v 0.110906 0.147126 -0.015844
v 0.110906 0.145357 -0.047531
v 0.110906 0.141828 -0.079219
v 0.110906 0.136435 -0.110906
v 0.118661 0.124818 -0.152033
v 0.109221 0.129711 -0.141920
v 0.117677 0.124003 -0.174282
v 0.101833 0.129031 -0.174282
v 0.122742 0.125019 -0.192683
v 0.111670 0.137785 -0.204335
v 0.110906 0.154530 -0.226350
v 0.110906 0.167350 -0.242194
v 0.142594 0.140172 -0.015844
v 0.142594 0.138303 -0.047531
v 0.142594 0.134508 -0.079219
v 0.151714 0.124607 -0.117771
v 0.141728 0.129599 -0.108688
v 0.141728 0.121506 -0.141920
v 0.130589 0.127944 -0.130908
v 0.142594 0.114280 -0.174282
v 0.142594 0.119227 -0.198906
v 0.142594 0.131882 -0.214750
v 0.145722 0.149851 -0.237876
v 0.137245 0.162401 -0.248584
v 0.188100 0.126034 -0.015844
v 0.172257 0.131385 -0.015844
v 0.185137 0.124888 -0.047531
v 0.169293 0.130557 -0.047531
v 0.179444 0.122808 -0.079219
v 0.163601 0.128628 -0.079219
v 0.171736 0.119854 -0.108688
v 0.159477 0.127127 -0.096646
v 0.174282 0.109553 -0.142594
v 0.184328 0.092520 -0.180964
v 0.173972 0.100156 -0.171954
v 0.184328 0.092520 -0.193582
v 0.172414 0.109490 -0.206991
v 0.160501 0.127903 -0.220400
v 0.181626 0.121653 -0.227730
v 0.172350 0.136082 -0.238038
v 0.205969 0.118526 -0.015844
v 0.205969 0.116080 -0.047531
v 0.205969 0.111600 -0.079219
v 0.220049 0.094036 -0.123451
v 0.208080 0.103385 -0.112095
v 0.213076 0.091335 -0.142594
v 0.197232 0.098815 -0.142594
v 0.220897 0.062556 -0.189344
v 0.205849 0.081257 -0.174592
v 0.190802 0.095390 -0.159839
v 0.220897 0.062556 -0.191085
v 0.209475 0.082248 -0.202896
v 0.198052 0.100528 -0.214707
v 0.219177 0.093100 -0.223820
v 0.207604 0.112110 -0.236337
v 0.196031 0.130616 -0.248855
v 0.251928 0.094036 -0.015844
v 0.236085 0.103398 -0.015844
v 0.249640 0.092531 -0.047531
v 0.233796 0.102099 -0.047531
v 0.245556 0.089669 -0.079219
v 0.229713 0.099698 -0.079219
v 0.236618 0.086162 -0.112095
v 0.225363 0.097159 -0.102326
v 0.250650 0.059499 -0.151287
v 0.239115 0.074029 -0.141472
v 0.252643 0.030564 -0.188896
v 0.241084 0.050465 -0.178558
v 0.229525 0.069994 -0.168219
v 0.252643 0.030564 -0.191320
v 0.241478 0.051202 -0.201765
v 0.230312 0.071975 -0.212210
v 0.251437 0.060972 -0.224079
v 0.240778 0.082309 -0.234512
v 0.230119 0.102568 -0.244945
v 0.015844 0.211371 -0.267592
v 0.015844 0.223051 -0.283436
v 0.015844 0.234842 -0.301032
v 0.015844 0.249447 -0.323989
v 0.044569 0.209725 -0.272449
v 0.032032 0.221890 -0.285082
v 0.053157 0.219508 -0.288749
v 0.044569 0.228580 -0.300000
v 0.050317 0.247456 -0.333425
v 0.062737 0.253350 -0.348840
v 0.086598 0.187483 -0.257030
v 0.077309 0.198443 -0.268293
v 0.079219 0.215887 -0.294228
v 0.079219 0.226071 -0.310072
v 0.079219 0.239620 -0.332719
v 0.079219 0.251205 -0.353829
v 0.110906 0.183194 -0.262642
v 0.110906 0.194907 -0.278485
v 0.110172 0.211667 -0.302958
v 0.099120 0.223172 -0.314805
v 0.120245 0.219653 -0.320942
v 0.110172 0.229287 -0.331991
v 0.110488 0.246200 -0.365284
v 0.120772 0.251360 -0.385757
v 0.158370 0.158410 -0.253538
v 0.144175 0.174603 -0.268411
v 0.129981 0.191535 -0.283285
v 0.151106 0.186805 -0.290196
v 0.141364 0.198083 -0.300868
v 0.143936 0.215412 -0.331991
v 0.134269 0.225258 -0.342067
v 0.155394 0.220416 -0.351312
v 0.143936 0.231360 -0.362887
v 0.141770 0.246298 -0.396230
v 0.152320 0.250424 -0.427782
v 0.157277 0.252910 -0.459469
v 0.158170 0.253305 -0.491157
v 0.174282 0.153394 -0.260016
v 0.174282 0.164879 -0.275859
v 0.175071 0.181275 -0.300868
v 0.165035 0.193576 -0.311321
v 0.186160 0.187912 -0.320561
v 0.175071 0.200031 -0.331762
v 0.174851 0.215282 -0.362887
v 0.164668 0.225858 -0.372437
v 0.185793 0.218994 -0.387984
v 0.174851 0.229189 -0.397566
v 0.174282 0.237765 -0.427782
v 0.174282 0.241768 -0.459469
v 0.174282 0.239930 -0.491157
v 0.217156 0.123693 -0.257469
v 0.204847 0.141901 -0.270372
v 0.192537 0.159784 -0.283275
v 0.213662 0.153186 -0.294021
v 0.204247 0.164816 -0.303163
v 0.206075 0.180586 -0.331762
v 0.195583 0.194019 -0.341686
v 0.216708 0.186067 -0.357088
v 0.206075 0.197630 -0.366353
v 0.203633 0.209795 -0.397566
v 0.191513 0.222844 -0.409109
v 0.209894 0.211456 -0.427782
v 0.194051 0.224998 -0.427782
v 0.211866 0.211601 -0.459469
v 0.196022 0.226515 -0.459469
v 0.220118 0.003116 -0.505594
v 0.221498 0.189419 -0.505857
v 0.211495 0.204743 -0.493640
v 0.193307 0.224282 -0.491157
v 0.251244 0.092642 -0.256460
v 0.239339 0.112229 -0.267527
v 0.227434 0.132061 -0.278594
v 0.248559 0.121889 -0.291670
v 0.235764 0.141341 -0.303408
v 0.222969 0.159374 -0.315146
v 0.244394 0.150611 -0.332719
v 0.228550 0.164018 -0.332719
v 0.250764 0.155818 -0.357030
v 0.236824 0.172576 -0.367621
v 0.222883 0.190996 -0.378213
v 0.240897 0.177376 -0.396094
v 0.225053 0.193062 -0.396094
v 0.243216 0.178352 -0.427782
v 0.227372 0.195612 -0.427782
v 0.251701 0.004179 -0.473398
v 0.252345 0.155160 -0.470400
v 0.243958 0.172283 -0.459691
v 0.226596 0.195757 -0.459469
v 0.238366 0.014210 -0.491892
v 0.245381 0.047531 -0.497994
v 0.248574 0.079219 -0.501015
v 0.248546 0.110906 -0.499723
v 0.246535 0.143796 -0.490699
v 0.230962 0.177027 -0.493640
v 0.224028 0.193363 -0.484732
v 0.015844 0.258226 -0.339833
v 0.015844 0.271094 -0.364407
v 0.015844 0.282213 -0.387433
v 0.015844 0.288808 -0.403277
v 0.015844 0.297581 -0.427782
v 0.015844 0.306839 -0.459469
v 0.013370 0.313222 -0.492718
v 0.001159 0.317139 -0.504321
v 0.041612 0.255755 -0.344458
v 0.050317 0.262627 -0.361404
v 0.047328 0.279422 -0.397271
v 0.036629 0.286455 -0.408617
v 0.057754 0.283747 -0.416009
v 0.047328 0.290303 -0.427055
v 0.047531 0.299270 -0.459469
v 0.047531 0.304499 -0.491157
v 0.079219 0.258686 -0.369672
v 0.079219 0.270163 -0.396094
v 0.079991 0.280868 -0.427055
v 0.069942 0.287480 -0.437134
v 0.091068 0.283810 -0.452312
v 0.079991 0.289218 -0.461512
v 0.079219 0.293552 -0.491157
v 0.099647 0.255142 -0.376432
v 0.110488 0.259373 -0.396230
v 0.110906 0.269915 -0.427782
v 0.108230 0.278533 -0.461512
v 0.095884 0.285486 -0.473437
v 0.112888 0.279080 -0.491157
v 0.097045 0.286105 -0.491157
v 0.130659 0.255466 -0.406882
v 0.136476 0.258391 -0.427782
v 0.141433 0.262060 -0.459469
v 0.142326 0.263236 -0.491157
v 0.015844 0.015844 -0.616909
v 0.015844 0.042060 -0.628964
v 0.015844 0.057904 -0.636122
v 0.015844 0.079219 -0.642991
v 0.015844 0.110906 -0.651609
v 0.015844 0.142594 -0.657457
v 0.013132 0.174163 -0.660857
v 0.013132 0.203873 -0.659072
v 0.015844 0.237657 -0.648871
v 0.000761 0.184646 -0.665699
v 0.000761 0.191913 -0.665699
v 0.055270 0.005710 -0.599176
v 0.045837 0.016101 -0.607479
v 0.044749 0.050359 -0.623576
v 0.054367 0.079219 -0.630147
v 0.061283 0.097901 -0.632968
v 0.053575 0.243591 -0.628389
v 0.032331 0.062807 -0.634002
v 0.038523 0.079219 -0.636214
v 0.049445 0.109441 -0.640299
v 0.047531 0.142594 -0.646862
v 0.047531 0.174282 -0.648412
v 0.047531 0.205969 -0.645014
v 0.044820 0.234880 -0.637040
v 0.079842 0.016101 -0.594991
v 0.090821 0.035994 -0.600420
v 0.092719 0.251151 -0.600046
v 0.069696 0.026835 -0.604412
v 0.079842 0.046946 -0.608735
v 0.079219 0.079219 -0.620099
v 0.078608 0.109441 -0.628354
v 0.087142 0.142594 -0.629800
v 0.087999 0.174282 -0.629961
v 0.083741 0.205969 -0.627422
v 0.078358 0.236809 -0.617754
v 0.067639 0.119027 -0.635850
v 0.071298 0.142594 -0.637547
v 0.072155 0.174282 -0.638111
v 0.067897 0.205969 -0.636110
v 0.063998 0.222466 -0.634044
v 0.123923 0.002727 -0.569101
v 0.124750 0.251563 -0.567614
v 0.112379 0.014311 -0.579765
v 0.110447 0.046946 -0.594900
v 0.120704 0.072311 -0.598906
v 0.122904 0.214026 -0.598763
v 0.113264 0.240795 -0.588842
v 0.099579 0.057119 -0.604295
v 0.110447 0.081412 -0.607044
v 0.110906 0.110906 -0.613782
v 0.110906 0.142594 -0.617769
v 0.110906 0.174282 -0.617034
v 0.111767 0.204466 -0.610243
v 0.101779 0.230026 -0.607120
v 0.154519 0.250281 -0.522844
v 0.143151 0.014311 -0.563500
v 0.154085 0.037596 -0.567793
v 0.156341 0.218840 -0.568060
v 0.144371 0.239938 -0.557275
v 0.132960 0.023852 -0.573800
v 0.143151 0.047908 -0.578007
v 0.139955 0.081412 -0.591114
v 0.145914 0.110906 -0.593815
v 0.148592 0.142594 -0.595136
v 0.147055 0.174282 -0.593750
v 0.142293 0.205870 -0.586637
v 0.135216 0.230438 -0.577638
v 0.127633 0.093436 -0.602636
v 0.130070 0.110906 -0.604097
v 0.132748 0.142594 -0.605876
v 0.131211 0.174282 -0.604980
v 0.128244 0.192901 -0.603009
v 0.184169 0.008058 -0.534666
v 0.185765 0.214815 -0.528647
v 0.174834 0.232055 -0.519989
v 0.173877 0.017510 -0.545967
v 0.172811 0.047908 -0.559716
v 0.181092 0.079219 -0.563731
v 0.185064 0.110906 -0.566612
v 0.185454 0.142594 -0.566416
v 0.182560 0.174282 -0.561977
v 0.174237 0.206265 -0.554711
v 0.164640 0.228312 -0.546935
v 0.161269 0.058721 -0.572266
v 0.165248 0.079219 -0.574901
v 0.169221 0.110906 -0.577971
v 0.169610 0.142594 -0.579292
v 0.166717 0.174282 -0.577906
v 0.162708 0.197714 -0.574511
v 0.205901 0.016149 -0.522378
v 0.211362 0.047531 -0.529965
v 0.216736 0.079219 -0.534160
v 0.219111 0.110906 -0.535794
v 0.218381 0.142594 -0.534087
v 0.214879 0.177027 -0.523520
v 0.197689 0.204939 -0.519989
v 0.190352 0.222052 -0.507522
v 0.191683 0.029183 -0.539879
v 0.195518 0.047531 -0.543144
v 0.200892 0.079219 -0.547887
v 0.203267 0.110906 -0.550768
v 0.202537 0.142594 -0.550572
v 0.197538 0.174282 -0.546133
v 0.192258 0.193690 -0.541362
v 0.225031 0.024241 -0.510090
v 0.229538 0.047531 -0.514121
v 0.232730 0.079219 -0.518316
v 0.232702 0.110906 -0.519950
v 0.229816 0.142594 -0.518243
v 0.225440 0.168294 -0.513408
v 0.019094 0.313476 -0.522844
v 0.003250 0.317837 -0.522844
v 0.014579 0.312374 -0.554954
v 0.003174 0.317895 -0.544673
v 0.015844 0.302376 -0.586220
v 0.015844 0.276082 -0.625238
v 0.015844 0.290361 -0.609395
v 0.015844 0.260238 -0.638386
v 0.047531 0.305536 -0.522844
v 0.047531 0.301082 -0.554532
v 0.054811 0.280372 -0.595165
v 0.045561 0.290733 -0.585249
v 0.043630 0.267230 -0.615889
v 0.033686 0.286138 -0.603390
v 0.032450 0.254088 -0.634163
v 0.094614 0.284958 -0.536642
v 0.082118 0.292066 -0.524786
v 0.089622 0.281844 -0.554532
v 0.073779 0.290274 -0.554532
v 0.079926 0.270103 -0.587043
v 0.067133 0.287234 -0.574040
v 0.071594 0.259247 -0.607263
v 0.108831 0.278481 -0.524786
v 0.096884 0.286113 -0.515517
v 0.112875 0.265932 -0.556044
v 0.103625 0.259835 -0.578921
v 0.138675 0.261133 -0.522844
v 0.132401 0.257553 -0.546489
v 0.269344 0.079627 -0.015844
v 0.284185 0.062148 -0.056440
v 0.271911 0.074308 -0.046539
v 0.281065 0.057977 -0.079219
v 0.265221 0.073825 -0.079219
v 0.284253 0.028034 -0.124326
v 0.276602 0.047118 -0.112621
v 0.259313 0.068863 -0.110906
v 0.278732 0.016821 -0.141313
v 0.263013 0.048374 -0.141472
v 0.255183 0.064976 -0.130162
v 0.263850 0.018339 -0.176713
v 0.258045 0.038373 -0.167771
v 0.270294 0.017111 -0.205067
v 0.260012 0.039847 -0.212445
v 0.281137 0.024782 -0.228166
v 0.270839 0.048617 -0.236685
v 0.260540 0.071517 -0.245205
v 0.311723 0.015844 -0.015844
v 0.297983 0.047531 -0.015844
v 0.286499 0.064810 -0.015844
v 0.308251 0.015844 -0.047531
v 0.293186 0.049964 -0.046539
v 0.285612 0.063847 -0.035315
v 0.301625 0.015844 -0.079219
v 0.291528 0.042133 -0.079219
v 0.290736 0.016821 -0.112621
v 0.287836 0.036280 -0.103201
v 0.286665 0.006909 -0.129896
v 0.286947 0.003657 -0.218814
v 0.291597 0.014869 -0.238300
v 0.287389 0.036262 -0.249291
v 0.281665 0.057387 -0.259570
v 0.270196 0.079709 -0.268577
v 0.258727 0.100764 -0.277585
v 0.280810 0.089103 -0.301032
v 0.264252 0.111159 -0.301752
v 0.256131 0.129496 -0.312795
v 0.284688 0.094277 -0.318176
v 0.277721 0.110810 -0.330331
v 0.260386 0.134767 -0.332719
v 0.280845 0.120234 -0.364407
v 0.263022 0.144191 -0.366318
v 0.254035 0.159086 -0.378155
v 0.282107 0.120560 -0.396094
v 0.268782 0.142594 -0.396094
v 0.256019 0.161532 -0.396094
v 0.282233 0.015844 -0.438453
v 0.284358 0.038836 -0.442191
v 0.283836 0.086705 -0.439922
v 0.281009 0.111070 -0.428729
v 0.268253 0.142594 -0.427782
v 0.256618 0.162508 -0.427782
v 0.265255 0.015183 -0.461489
v 0.275900 0.048652 -0.456665
v 0.277172 0.077373 -0.456665
v 0.271522 0.110906 -0.459469
v 0.260163 0.143796 -0.459691
v 0.254834 0.160388 -0.449275
v 0.255905 0.025304 -0.478189
v 0.258357 0.047531 -0.482150
v 0.260339 0.079219 -0.485171
v 0.259155 0.110906 -0.483880
v 0.255992 0.134035 -0.479832
v 0.304174 0.015844 -0.269344
v 0.292080 0.047107 -0.269817
v 0.287355 0.066776 -0.280695
v 0.313277 0.014761 -0.302163
v 0.303320 0.047531 -0.301032
v 0.291007 0.073259 -0.301032
v 0.315316 0.014761 -0.333146
v 0.308604 0.047531 -0.332719
v 0.294375 0.081916 -0.330331
v 0.288262 0.100182 -0.339301
v 0.311312 0.015844 -0.364407
v 0.308323 0.047531 -0.364407
v 0.300431 0.079219 -0.364407
v 0.290160 0.104391 -0.364407
v 0.301964 0.015844 -0.396094
v 0.303020 0.047531 -0.396094
v 0.298335 0.079219 -0.396094
v 0.289732 0.104717 -0.396094
v 0.290682 0.015844 -0.422609
v 0.290963 0.048652 -0.430090
v 0.289561 0.077373 -0.428729
v 0.287692 0.100617 -0.418797
v 0.285552 0.059961 -0.444233
v 0.285552 0.065580 -0.444233
v 0.317469 0.003476 -0.313480
v 0.317469 0.003476 -0.322869
vn -0.3347 -0.3923 0.8568
vn -0.3480 -0.1887 0.9183
vn -0.3305 -0.1047 0.9380
vn -0.2036 -0.4233 0.8828
vn -0.2400 -0.2137 0.9470
vn -0.2594 -0.0929 0.9613
vn -0.9035 -0.0653 0.4236
vn -0.8586 -0.4268 0.2841
vn -0.9460 -0.1439 0.2904
vn -0.8709 -0.4506 0.1960
vn -0.9556 -0.1750 0.2370
vn -0.8683 -0.4830 0.1130
vn -0.9672 -0.2027 0.1528
vn -0.3098 0.0256 0.9505
vn -0.2903 0.1334 0.9476
vn -0.2670 0.2121 0.9401
vn -0.8035 -0.5349 0.2612
vn -0.8452 -0.5254 0.0980
vn -0.9775 -0.1999 0.0678
vn -0.7597 -0.4199 0.4966
vn -0.8370 -0.1425 0.5284
vn -0.6698 -0.6653 0.3297
vn -0.7695 -0.5028 0.3938
vn -0.8393 -0.1925 0.5084
vn -0.6659 -0.6957 0.2694
vn -0.7625 -0.5624 0.3199
vn -0.8498 -0.3545 0.3901
vn -0.6558 -0.7308 0.1891
vn -0.7592 -0.6160 0.2102
vn -0.6675 -0.7350 0.1193
vn -0.7561 -0.6474 0.0962
vn -0.2555 0.0374 0.9661
vn -0.2387 0.1581 0.9581
vn -0.2160 0.2338 0.9480
vn -0.2864 0.1732 0.9423
vn -0.6824 -0.4785 0.5526
vn -0.7408 -0.6215 0.2548
vn -0.7692 -0.6344 0.0767
vn -0.4966 -0.4199 0.7597
vn -0.5284 -0.1425 0.8370
vn -0.4236 -0.0653 0.9035
vn -0.3297 -0.6653 0.6698
vn -0.3938 -0.5028 0.7695
vn -0.5084 -0.1925 0.8393
vn -0.2841 -0.4268 0.8586
vn -0.2904 -0.1439 0.9460
vn -0.2694 -0.6957 0.6659
vn -0.3199 -0.5624 0.7625
vn -0.3901 -0.3545 0.8498
vn -0.2095 -0.4485 0.8689
vn -0.2435 -0.1682 0.9552
vn -0.1993 -0.7349 0.6483
vn -0.2405 -0.6103 0.7548
vn -0.0856 -0.6540 0.7516
vn -0.1214 -0.4704 0.8741
vn -0.1486 -0.1980 0.9689
vn -0.1091 -0.7608 0.6398
vn -0.1521 -0.6370 0.7557
vn -0.0333 -0.6611 0.7495
vn -0.0462 -0.4727 0.8800
vn -0.0531 -0.2015 0.9781
vn -0.0387 -0.7644 0.6436
vn -0.1978 -0.4323 0.8798
vn -0.2085 -0.2496 0.9456
vn -0.2136 -0.0897 0.9728
vn -0.1293 -0.6158 0.7773
vn -0.1545 -0.4350 0.8871
vn -0.1567 -0.2630 0.9520
vn -0.1600 -0.0824 0.9837
vn -0.0686 -0.0237 0.9974
vn -0.0513 -0.6252 0.7787
vn -0.0734 -0.4357 0.8971
vn -0.0939 -0.2745 0.9570
vn -0.1060 -0.0808 0.9911
vn -0.0267 -0.1704 0.9850
vn -0.0384 -0.0407 0.9984
vn -0.0141 -0.6359 0.7716
vn -0.0253 -0.4502 0.8926
vn -0.0443 -0.3064 0.9509
vn -0.0759 -0.1344 0.9880
vn 0.0215 -0.1692 0.9853
vn 0.0152 -0.0467 0.9988
vn 0.0402 -0.6454 0.7628
vn 0.0454 -0.4562 0.8887
vn 0.0361 -0.3300 0.9433
vn 0.0780 -0.1750 0.9815
vn 0.0655 -0.0623 0.9959
vn 0.1142 -0.6483 0.7527
vn 0.1193 -0.4670 0.8762
vn 0.1156 -0.3086 0.9441
vn 0.1163 -0.1590 0.9804
vn 0.1019 -0.0485 0.9936
vn 0.1785 -0.4828 0.8574
vn 0.1545 -0.3162 0.9360
vn 0.1438 -0.1301 0.9810
vn 0.2425 -0.5028 0.8297
vn 0.2348 -0.3317 0.9137
vn 0.2087 -0.1600 0.9648
vn -0.7054 -0.0687 0.7054
vn -0.6954 -0.4530 0.5579
vn -0.7847 -0.1749 0.5947
vn -0.5818 -0.6993 0.4152
vn -0.6883 -0.5174 0.5085
vn -0.7891 -0.1807 0.5871
vn -0.5743 -0.7433 0.3432
vn -0.6719 -0.6149 0.4127
vn -0.4969 -0.8395 0.2197
vn -0.5747 -0.7734 0.2676
vn -0.4850 -0.8561 0.1784
vn -0.5788 -0.7928 0.1911
vn -0.5471 -0.7948 0.2626
vn -0.6048 -0.7837 0.1414
vn -0.2063 0.0449 0.9775
vn -0.2037 0.1660 0.9649
vn -0.2630 0.1459 0.9537
vn -0.4836 -0.0732 0.8722
vn -0.6302 -0.5280 0.5692
vn -0.6744 -0.6758 0.2975
vn -0.5579 -0.4530 0.6954
vn -0.5947 -0.1749 0.7847
vn -0.4977 -0.7104 0.4977
vn -0.5866 -0.5585 0.5866
vn -0.6634 -0.3461 0.6634
vn -0.4294 -0.8303 0.3553
vn -0.4951 -0.7664 0.4093
vn -0.5885 -0.6377 0.4970
vn -0.4219 -0.8574 0.2948
vn -0.5014 -0.7938 0.3442
vn -0.4129 -0.8814 0.2295
vn -0.5003 -0.8170 0.2868
vn -0.4149 -0.8866 0.2044
vn -0.4571 -0.6925 0.5581
vn -0.4562 -0.8172 0.3522
vn -0.1604 0.0517 0.9857
vn -0.1728 0.1392 0.9751
vn -0.2336 0.0238 0.9720
vn -0.3868 -0.3607 0.8487
vn -0.4859 -0.6290 0.6068
vn -0.4152 -0.6993 0.5818
vn -0.5085 -0.5174 0.6883
vn -0.5871 -0.1807 0.7891
vn -0.3553 -0.8303 0.4294
vn -0.4093 -0.7664 0.4951
vn -0.4970 -0.6377 0.5885
vn -0.3553 -0.8646 0.3553
vn -0.4204 -0.8041 0.4204
vn -0.3528 -0.8902 0.2881
vn -0.3100 -0.9317 0.1893
vn -0.3575 -0.9071 0.2223
vn -0.3379 -0.9034 0.2640
vn -0.3629 -0.9111 0.1955
vn -0.0685 0.0121 0.9976
vn -0.0869 0.1171 0.9893
vn -0.3044 -0.4791 0.8233
vn -0.3986 -0.7415 0.5397
vn -0.4212 -0.8369 0.3496
vn -0.1126 0.0433 0.9927
vn -0.1093 0.1043 0.9885
vn -0.2009 -0.0794 0.9764
vn -0.3480 -0.4321 0.8319
vn -0.3432 -0.7433 0.5743
vn -0.4127 -0.6149 0.6719
vn -0.2948 -0.8574 0.4219
vn -0.3442 -0.7938 0.5014
vn -0.2881 -0.8902 0.3528
vn -0.2449 -0.9381 0.2449
vn -0.2929 -0.9102 0.2929
vn -0.2532 -0.9466 0.1995
vn -0.3032 -0.9230 0.2371
vn -0.2530 -0.9185 0.3038
vn -0.0377 0.0163 0.9992
vn -0.0367 0.1330 0.9904
vn -0.2748 -0.5117 0.8140
vn -0.2612 -0.7780 0.5714
vn -0.0318 0.0955 0.9949
vn -0.1248 -0.1902 0.9738
vn -0.2197 -0.8395 0.4969
vn -0.2676 -0.7734 0.5747
vn -0.2295 -0.8814 0.4129
vn -0.2868 -0.8170 0.5003
vn -0.1831 -0.9354 0.3026
vn -0.2223 -0.9071 0.3575
vn -0.1886 -0.9499 0.2491
vn -0.2371 -0.9230 0.3032
vn -0.1905 -0.9594 0.2083
vn -0.1843 -0.9363 0.2989
vn 0.0134 0.0204 0.9997
vn 0.0107 0.1310 0.9913
vn -0.1123 -0.6086 0.7855
vn -0.1543 -0.8058 0.5717
vn 0.0006 0.0866 0.9962
vn -0.0281 -0.2975 0.9543
vn -0.1568 -0.8595 0.4865
vn -0.1836 -0.7976 0.5745
vn -0.1593 -0.8969 0.4126
vn -0.1342 -0.9425 0.3062
vn -0.1533 -0.9184 0.3647
vn -0.1383 -0.9602 0.2426
vn -0.1361 -0.9686 0.2081
vn -0.1108 -0.9592 0.2603
vn 0.0503 0.0180 0.9986
vn 0.0517 0.1112 0.9924
vn -0.0381 -0.6754 0.7364
vn -0.0726 -0.8460 0.5283
vn 0.0792 0.0721 0.9943
vn 0.0449 0.0773 0.9960
vn 0.0015 -0.3392 0.9407
vn -0.1014 -0.8699 0.4827
vn -0.1109 -0.8117 0.5734
vn -0.0983 -0.9036 0.4169
vn -0.0849 -0.9473 0.3088
vn -0.0947 -0.9278 0.3609
vn -0.0842 -0.9653 0.2472
vn -0.0788 -0.9776 0.1952
vn -0.0584 -0.9744 0.2169
vn 0.0838 0.0101 0.9964
vn 0.0018 -0.7112 0.7030
vn -0.0317 -0.8745 0.4840
vn 0.1321 0.0236 0.9910
vn 0.1017 0.0069 0.9948
vn 0.0520 -0.4062 0.9123
vn -0.0362 -0.8766 0.4799
vn -0.0400 -0.8171 0.5751
vn -0.0350 -0.9079 0.4178
vn -0.0284 -0.9523 0.3038
vn -0.0337 -0.9344 0.3547
vn -0.0275 -0.9681 0.2489
vn -0.0262 -0.9818 0.1880
vn -0.0194 -0.9806 0.1952
vn 0.0526 -0.7474 0.6623
vn 0.0041 -0.8988 0.4384
vn 0.1828 -0.0044 0.9831
vn 0.1424 -0.0634 0.9878
vn 0.0932 -0.4851 0.8695
vn -0.9035 0.0653 0.4236
vn -0.9460 0.1439 0.2904
vn -0.8586 0.4268 0.2841
vn -0.9552 0.1682 0.2435
vn -0.8689 0.4485 0.2095
vn -0.9689 0.1980 0.1486
vn -0.8741 0.4704 0.1214
vn -0.7516 0.6540 0.0856
vn -0.9781 0.2015 0.0531
vn -0.8800 0.4727 0.0462
vn -0.7495 0.6611 0.0333
vn -0.8370 0.1425 0.5284
vn -0.7597 0.4199 0.4966
vn -0.8393 0.1925 0.5084
vn -0.7695 0.5028 0.3938
vn -0.6698 0.6653 0.3297
vn -0.8498 0.3545 0.3901
vn -0.7625 0.5624 0.3199
vn -0.6659 0.6957 0.2694
vn -0.7548 0.6103 0.2405
vn -0.6483 0.7349 0.1993
vn -0.7557 0.6370 0.1521
vn -0.6398 0.7608 0.1091
vn -0.6436 0.7644 0.0387
vn -0.5284 0.1425 0.8370
vn -0.4966 0.4199 0.7597
vn -0.4236 0.0653 0.9035
vn -0.5084 0.1925 0.8393
vn -0.3938 0.5028 0.7695
vn -0.3297 0.6653 0.6698
vn -0.2904 0.1439 0.9460
vn -0.2841 0.4268 0.8586
vn -0.3901 0.3545 0.8498
vn -0.3199 0.5624 0.7625
vn -0.2694 0.6957 0.6659
vn -0.2435 0.1682 0.9552
vn -0.2095 0.4485 0.8689
vn -0.2405 0.6103 0.7548
vn -0.1993 0.7349 0.6483
vn -0.1486 0.1980 0.9689
vn -0.1214 0.4704 0.8741
vn -0.0856 0.6540 0.7516
vn -0.1521 0.6370 0.7557
vn -0.1091 0.7608 0.6398
vn -0.0531 0.2015 0.9781
vn -0.0462 0.4727 0.8800
vn -0.0333 0.6611 0.7495
vn -0.0387 0.7644 0.6436
vn -0.7054 0.0687 0.7054
vn -0.7847 0.1749 0.5947
vn -0.6954 0.4530 0.5579
vn -0.7891 0.1807 0.5871
vn -0.6883 0.5174 0.5085
vn -0.5818 0.6993 0.4152
vn -0.6719 0.6150 0.4127
vn -0.5743 0.7433 0.3432
vn -0.5747 0.7734 0.2676
vn -0.4969 0.8395 0.2197
vn -0.5745 0.7976 0.1836
vn -0.4865 0.8595 0.1568
vn -0.5734 0.8117 0.1109
vn -0.4827 0.8699 0.1014
vn -0.5751 0.8171 0.0400
vn -0.4799 0.8766 0.0362
vn -0.5947 0.1749 0.7847
vn -0.5579 0.4530 0.6954
vn -0.6634 0.3461 0.6634
vn -0.5866 0.5585 0.5866
vn -0.4977 0.7104 0.4977
vn -0.5885 0.6377 0.4970
vn -0.4951 0.7664 0.4093
vn -0.4294 0.8303 0.3553
vn -0.5014 0.7938 0.3442
vn -0.4219 0.8574 0.2948
vn -0.5003 0.8170 0.2868
vn -0.4129 0.8814 0.2295
vn -0.4126 0.8969 0.1593
vn -0.4169 0.9036 0.0983
vn -0.4178 0.9079 0.0350
vn -0.5871 0.1807 0.7891
vn -0.5085 0.5174 0.6883
vn -0.4152 0.6993 0.5818
vn -0.4970 0.6377 0.5885
vn -0.4093 0.7664 0.4951
vn -0.3553 0.8303 0.4294
vn -0.4204 0.8041 0.4204
vn -0.3553 0.8646 0.3553
vn -0.3528 0.8902 0.2881
vn -0.3575 0.9071 0.2223
vn -0.3026 0.9354 0.1831
vn -0.3647 0.9184 0.1533
vn -0.3062 0.9425 0.1342
vn -0.3609 0.9278 0.0947
vn -0.3088 0.9473 0.0849
vn -0.3547 0.9344 0.0337
vn -0.3038 0.9523 0.0284
vn -0.4127 0.6150 0.6719
vn -0.3432 0.7433 0.5743
vn -0.3442 0.7938 0.5014
vn -0.2948 0.8574 0.4219
vn -0.2881 0.8902 0.3528
vn -0.2929 0.9102 0.2929
vn -0.2449 0.9381 0.2449
vn -0.3032 0.9230 0.2371
vn -0.2491 0.9499 0.1886
vn -0.2426 0.9602 0.1383
vn -0.2472 0.9653 0.0842
vn -0.2489 0.9681 0.0275
vn -0.2676 0.7734 0.5747
vn -0.2197 0.8395 0.4969
vn -0.2868 0.8170 0.5003
vn -0.2295 0.8814 0.4129
vn -0.2223 0.9071 0.3575
vn -0.1831 0.9354 0.3026
vn -0.2371 0.9230 0.3032
vn -0.1886 0.9499 0.2491
vn -0.1905 0.9630 0.1905
vn -0.1939 0.9713 0.1379
vn -0.1890 0.9786 0.0812
vn -0.1870 0.9820 0.0272
vn -0.1836 0.7976 0.5745
vn -0.1568 0.8595 0.4865
vn -0.1593 0.8969 0.4126
vn -0.1533 0.9184 0.3647
vn -0.1342 0.9425 0.3062
vn -0.1383 0.9602 0.2426
vn -0.1379 0.9713 0.1939
vn -0.1345 0.9818 0.1344
vn -0.1318 0.9882 0.0784
vn -0.1317 0.9909 0.0269
vn -0.1109 0.8117 0.5734
vn -0.1014 0.8699 0.4827
vn -0.0983 0.9036 0.4169
vn -0.0947 0.9278 0.3609
vn -0.0849 0.9473 0.3088
vn -0.0842 0.9653 0.2472
vn -0.0812 0.9786 0.1890
vn -0.0784 0.9882 0.1318
vn -0.0789 0.9938 0.0789
vn -0.0770 0.9967 0.0263
vn -0.0400 0.8171 0.5751
vn -0.0362 0.8766 0.4799
vn -0.0350 0.9079 0.4178
vn -0.0337 0.9344 0.3547
vn -0.0284 0.9523 0.3038
vn -0.0275 0.9681 0.2489
vn -0.0272 0.9820 0.1870
vn -0.0269 0.9909 0.1317
vn -0.0263 0.9967 0.0770
vn -0.0244 0.9994 0.0244
vn -0.8284 -0.4594 0.3205
vn -0.8124 -0.5496 0.1947
vn -0.7649 -0.6399 0.0742
vn -0.6980 -0.7108 -0.0867
vn -0.9049 -0.0598 0.4214
vn -0.8865 0.0545 0.4594
vn -0.8646 0.1584 0.4768
vn -0.9273 -0.3175 0.1984
vn -0.9544 -0.1411 0.2629
vn -0.9508 0.0224 0.3090
vn -0.9125 0.1560 0.3782
vn -0.8660 0.2162 0.4509
vn -0.8204 0.3182 0.4750
vn -0.8468 -0.4335 0.3082
vn -0.8800 -0.2661 0.3934
vn -0.8814 -0.1186 0.4573
vn -0.8533 0.0316 0.5204
vn -0.7991 0.1532 0.5814
vn -0.7612 0.2419 0.6017
vn -0.8558 -0.4994 0.1347
vn -0.9142 -0.3477 0.2079
vn -0.9161 -0.2126 0.3400
vn -0.8785 -0.0711 0.4724
vn -0.8314 0.1045 0.5457
vn -0.7919 0.2475 0.5582
vn -0.7547 0.3403 0.5609
vn -0.7139 0.3904 0.5814
vn -0.8289 -0.5593 -0.0030
vn -0.8882 -0.4512 0.0864
vn -0.9115 -0.3534 0.2105
vn -0.9234 -0.1985 0.3285
vn -0.8282 0.2508 0.5013
vn -0.7783 0.3110 0.5455
vn -0.7365 0.3938 0.5499
vn -0.7591 -0.0569 0.6485
vn -0.7333 -0.0011 0.6799
vn -0.7114 0.0967 0.6961
vn -0.8392 -0.3419 0.4229
vn -0.8362 -0.1640 0.5233
vn -0.7879 -0.0457 0.6141
vn -0.7403 0.1213 0.6613
vn -0.6969 0.2274 0.6802
vn -0.6617 0.2905 0.6912
vn -0.6236 0.3690 0.6892
vn -0.8212 -0.4749 0.3164
vn -0.8380 -0.2553 0.4822
vn -0.8161 -0.1072 0.5679
vn -0.7909 0.0885 0.6055
vn -0.7410 0.1966 0.6421
vn -0.6924 0.2963 0.6579
vn -0.6520 0.3908 0.6497
vn -0.6200 0.4459 0.6456
vn -0.7871 -0.5999 0.1433
vn -0.7256 0.3250 0.6065
vn -0.6905 0.3935 0.6069
vn -0.6478 0.4443 0.6189
vn -0.7590 -0.6493 -0.0473
vn -0.6762 0.4457 0.5866
vn -0.6553 -0.7319 -0.1866
vn -0.6198 -0.7285 -0.2916
vn -0.9252 -0.3777 0.0376
vn -0.9724 -0.2087 0.1048
vn -0.9767 -0.0613 0.2055
vn -0.9488 0.0711 0.3078
vn -0.9103 0.2004 0.3623
vn -0.8629 0.3248 0.3871
vn -0.9034 -0.4168 -0.1002
vn -0.9492 -0.3121 -0.0411
vn -0.9842 -0.1630 0.0693
vn -0.9862 -0.0319 0.1627
vn -0.9574 0.1606 0.2400
vn -0.9126 0.2827 0.2952
vn -0.8571 -0.4603 -0.2315
vn -0.8940 -0.3941 -0.2131
vn -0.9557 -0.2718 -0.1133
vn -0.9933 -0.1148 -0.0111
vn -0.9940 0.0747 0.0800
vn -0.9590 0.2207 0.1776
vn -0.8475 -0.4458 -0.2882
vn -0.9031 -0.3398 -0.2624
vn -0.9575 -0.2045 -0.2034
vn -0.9951 -0.0404 -0.0902
vn -0.9902 0.1392 0.0091
vn -0.7954 -0.4591 -0.3957
vn -0.8372 -0.3743 -0.3987
vn -0.8966 -0.2798 -0.3432
vn -0.9510 -0.1531 -0.2685
vn -0.9833 0.0564 -0.1729
vn -0.7986 -0.3994 -0.4502
vn -0.8481 -0.3285 -0.4156
vn -0.8947 -0.2222 -0.3874
vn -0.9435 -0.0482 -0.3279
vn -0.8496 -0.2254 -0.4769
vn -0.9003 -0.1168 -0.4192
vn -0.7805 -0.6121 -0.1268
vn -0.8214 -0.5654 -0.0754
vn -0.8840 -0.4675 0.0050
vn -0.7684 0.4174 0.4851
vn -0.7393 -0.6419 -0.2032
vn -0.7678 -0.6054 -0.2096
vn -0.8274 -0.5353 -0.1698
vn -0.7228 -0.6104 -0.3239
vn -0.7699 -0.5532 -0.3182
vn -0.8039 -0.5041 -0.3155
vn -0.6781 -0.6121 -0.4067
vn -0.7164 -0.5688 -0.4040
vn -0.7532 -0.5399 -0.3758
vn -0.6758 -0.5800 -0.4548
vn -0.7095 -0.5291 -0.4654
vn -0.7445 -0.4599 -0.4840
vn -0.6720 -0.5162 -0.5310
vn -0.7137 -0.4701 -0.5192
vn -0.7541 -0.4107 -0.5126
vn -0.7982 -0.3253 -0.5070
vn -0.6716 -0.4766 -0.5673
vn -0.7061 -0.4057 -0.5803
vn -0.7553 -0.3151 -0.5746
vn -0.8255 -0.1997 -0.5280
vn -0.6764 -0.4044 -0.6156
vn -0.7229 -0.3436 -0.5995
vn -0.7748 -0.2423 -0.5840
vn -0.7191 -0.6722 -0.1761
vn -0.6610 -0.6889 -0.2974
vn -0.6834 -0.6709 -0.2878
vn -0.5926 -0.7162 -0.3687
vn -0.6324 -0.6803 -0.3705
vn -0.5554 -0.7062 -0.4391
vn -0.5921 -0.6648 -0.4554
vn -0.6297 -0.6227 -0.4645
vn -0.5537 -0.6619 -0.5053
vn -0.5909 -0.6299 -0.5041
vn -0.6359 -0.5716 -0.5185
vn -0.5453 -0.6178 -0.5665
vn -0.5916 -0.5619 -0.5782
vn -0.6336 -0.5250 -0.5683
vn -0.5518 -0.5673 -0.6113
vn -0.5924 -0.5220 -0.6137
vn -0.6302 -0.4607 -0.6250
vn -0.5487 -0.5042 -0.6669
vn -0.5867 -0.4587 -0.6674
vn -0.6339 -0.4007 -0.6616
vn -0.6777 -0.3181 -0.6630
vn -0.7251 -0.2174 -0.6535
vn -0.5453 -0.4594 -0.7011
vn -0.5791 -0.3867 -0.7177
vn -0.6259 -0.3015 -0.7193
vn -0.6100 -0.3057 -0.7310
vn -0.7341 -0.4167 0.5362
vn -0.6962 -0.6724 0.2513
vn -0.7486 -0.5394 0.3855
vn -0.6701 -0.7317 0.1249
vn -0.7372 -0.6527 0.1746
vn -0.6311 -0.7746 -0.0414
vn -0.7055 -0.7087 0.0054
vn -0.5904 -0.7895 -0.1676
vn -0.6398 -0.7554 -0.1416
vn -0.6552 -0.5007 0.5657
vn -0.6903 -0.3232 0.6473
vn -0.6913 -0.5902 0.4169
vn -0.7243 -0.4240 0.5437
vn -0.6068 -0.7851 0.1242
vn -0.6742 -0.6938 0.2531
vn -0.7117 -0.5766 0.4013
vn -0.5763 -0.8172 0.0099
vn -0.6245 -0.7780 0.0691
vn -0.5402 -0.8386 -0.0702
vn -0.5695 -0.8173 -0.0879
vn -0.5270 -0.8249 -0.2047
vn -0.5837 -0.3995 0.7069
vn -0.5775 -0.2424 0.7796
vn -0.5794 -0.6645 0.4721
vn -0.6136 -0.5248 0.5899
vn -0.6306 -0.3099 0.7116
vn -0.5629 -0.7630 0.3178
vn -0.6341 -0.6518 0.4161
vn -0.5348 -0.8297 0.1597
vn -0.6271 -0.7298 0.2723
vn -0.5129 -0.8584 -0.0095
vn -0.4609 -0.8761 -0.1417
vn -0.4943 -0.8526 -0.1696
vn -0.4237 -0.8750 -0.2343
vn -0.4643 -0.8497 -0.2498
vn -0.5057 -0.1241 0.8537
vn -0.5274 -0.5840 0.6171
vn -0.5539 -0.4215 0.7180
vn -0.5640 -0.2254 0.7944
vn -0.5499 -0.6854 0.4773
vn -0.5877 -0.5449 0.5981
vn -0.4748 -0.8628 0.1738
vn -0.5451 -0.7888 0.2839
vn -0.4339 -0.8992 0.0561
vn -0.4994 -0.8590 0.1125
vn -0.3948 -0.9170 -0.0571
vn -0.4480 -0.8928 -0.0466
vn -0.3701 -0.9183 -0.1404
vn -0.4238 -0.8888 -0.1745
vn -0.3659 -0.8834 -0.2929
vn -0.4447 -0.3194 0.8368
vn -0.4394 -0.1682 0.8824
vn -0.4736 -0.6080 0.6372
vn -0.5086 -0.4278 0.7472
vn -0.5194 -0.2704 0.8107
vn -0.4214 -0.8386 0.3452
vn -0.5053 -0.7217 0.4731
vn -0.4128 -0.8902 0.1929
vn -0.5066 -0.7989 0.3243
vn -0.3880 -0.9212 0.0272
vn -0.3422 -0.9347 -0.0957
vn -0.2907 -0.9385 -0.1861
vn -0.3373 -0.9094 -0.2431
vn -0.2610 -0.9205 -0.2909
vn -0.2962 -0.8920 -0.3415
vn -0.4151 -0.4949 0.7634
vn -0.4024 -0.3387 0.8505
vn -0.3955 -0.1590 0.9046
vn -0.3874 -0.7699 0.5071
vn -0.4396 -0.6264 0.6437
vn -0.4485 -0.4857 0.7503
vn -0.3615 -0.8641 0.3502
vn -0.4331 -0.7381 0.5173
vn -0.2891 -0.9553 0.0622
vn -0.3616 -0.9159 0.1744
vn -0.2683 -0.9632 -0.0180
vn -0.3350 -0.9420 -0.0202
vn -0.2952 -0.9460 -0.1338
vn -0.2570 -0.9371 -0.2362
vn -0.2272 -0.9222 -0.3130
vn -0.2501 -0.9037 -0.3476
vn -0.3278 -0.6806 0.6552
vn -0.3873 -0.5058 0.7708
vn -0.4205 -0.2879 0.8604
vn -0.3596 -0.1259 0.9246
vn -0.3654 -0.7909 0.4909
vn -0.4183 -0.6452 0.6393
vn -0.2839 -0.9405 0.1865
vn -0.3773 -0.8734 0.3080
vn -0.2417 -0.9661 0.0913
vn -0.3241 -0.9242 0.2021
vn -0.2140 -0.9756 -0.0481
vn -0.2499 -0.9645 -0.0853
vn -0.1993 -0.9718 -0.1262
vn -0.2273 -0.9630 -0.1450
vn -0.1828 -0.9583 -0.2195
vn -0.2043 -0.9425 -0.2644
vn -0.1851 -0.9274 -0.3250
vn -0.2295 -0.7077 0.6681
vn -0.2513 -0.5700 0.7823
vn -0.1945 -0.9051 0.3782
vn -0.2546 -0.8126 0.5242
vn -0.2016 -0.9601 0.1936
vn -0.3039 -0.8852 0.3521
vn -0.1959 -0.9780 0.0714
vn -0.1810 -0.9815 -0.0620
vn -0.1562 -0.9745 -0.1611
vn -0.1308 -0.9592 -0.2507
vn -0.1422 -0.9445 -0.2961
vn -0.1318 -0.9285 -0.3471
vn -0.6704 -0.0347 0.7412
vn -0.6481 0.0471 0.7601
vn -0.7245 -0.2863 0.6270
vn -0.7208 -0.0970 0.6863
vn -0.6985 0.0567 0.7134
vn -0.6420 0.1826 0.7447
vn -0.6008 0.2609 0.7556
vn -0.5713 0.3319 0.7506
vn -0.7752 -0.3580 0.5204
vn -0.7863 -0.1967 0.5857
vn -0.6703 0.1968 0.7155
vn -0.6436 0.2570 0.7210
vn -0.5973 0.3479 0.7226
vn -0.5513 0.4219 0.7197
vn -0.5375 0.4549 0.7101
vn -0.5788 0.4384 0.6876
vn -0.5617 0.4723 0.6793
vn -0.5908 0.4872 0.6431
vn -0.6588 -0.1783 0.7309
vn -0.6133 -0.0418 0.7888
vn -0.5680 0.1099 0.8157
vn -0.5439 0.2202 0.8098
vn -0.5257 0.2977 0.7969
vn -0.7084 -0.2654 0.6540
vn -0.6895 -0.1457 0.7095
vn -0.6200 0.1525 0.7696
vn -0.5962 0.2304 0.7691
vn -0.5501 0.3107 0.7752
vn -0.5070 0.3718 0.7777
vn -0.4915 0.4127 0.7669
vn -0.5392 0.3996 0.7413
vn -0.5249 0.4402 0.7285
vn -0.4896 0.4840 0.7253
vn -0.5109 0.4960 0.7021
vn -0.5594 -0.1170 0.8206
vn -0.5358 0.0427 0.8432
vn -0.5098 0.1499 0.8471
vn -0.4864 0.2417 0.8396
vn -0.6237 -0.1374 0.7695
vn -0.5945 0.0135 0.8039
vn -0.5505 0.1449 0.8222
vn -0.5061 0.2576 0.8231
vn -0.4656 0.3322 0.8203
vn -0.4511 0.3773 0.8088
vn -0.4244 0.4332 0.7951
vn -0.4949 0.3573 0.7921
vn -0.4788 0.3925 0.7853
vn -0.4362 0.4468 0.7811
vn -0.4053 0.4953 0.7684
vn -0.4639 0.4738 0.7485
vn -0.4303 0.5202 0.7377
vn -0.4817 -0.0216 0.8761
vn -0.4614 0.0467 0.8859
vn -0.5223 -0.0689 0.8499
vn -0.4873 0.0750 0.8700
vn -0.4541 0.1845 0.8716
vn -0.4192 0.2790 0.8640
vn -0.4084 0.3215 0.8543
vn -0.3855 0.3865 0.8379
vn -0.4534 0.3076 0.8366
vn -0.4401 0.3407 0.8308
vn -0.4026 0.4087 0.8191
vn -0.3715 0.4556 0.8090
vn -0.3925 0.4805 0.7843
vn -0.3860 0.4992 0.7758
vn -0.4071 0.5244 0.7479
vn -0.4306 -0.0162 0.9024
vn -0.4048 0.1034 0.9085
vn -0.3833 0.2120 0.8990
vn -0.3678 0.2608 0.8926
vn -0.4313 0.1448 0.8905
vn -0.4083 0.2247 0.8848
vn -0.3888 0.2816 0.8772
vn -0.3571 0.3490 0.8664
vn -0.3409 0.4083 0.8468
vn -0.3624 0.4291 0.8274
vn -0.3860 0.4602 0.7995
vn -0.4348 0.4869 0.7576
vn -0.3647 0.4862 0.7941
vn -0.3576 0.5149 0.7791
vn -0.3740 -0.0007 0.9274
vn -0.3554 0.1221 0.9267
vn -0.3335 0.2216 0.9163
vn -0.3218 0.2829 0.9036
vn -0.3263 0.3390 0.8824
vn -0.3465 0.3184 0.8824
vn -0.3316 0.3707 0.8675
vn -0.4456 0.2951 0.8452
vn -0.6424 0.2139 0.7359
vn -0.7649 0.2992 0.5705
vn -0.4352 0.3426 0.8326
vn -0.5613 0.3693 0.7406
vn -0.6436 0.4810 0.5953
vn -0.4824 0.5482 0.6832
vn -0.3358 0.0109 0.9419
vn -0.3121 0.1361 0.9402
vn -0.2875 0.2358 0.9283
vn -0.3138 0.2512 0.9156
vn -0.4756 0.1809 0.8609
vn -0.7356 -0.2035 0.6461
vn -0.8962 -0.2987 0.3279
vn -0.9917 -0.1128 0.0612
vn -0.4477 0.2726 0.8516
vn -0.6698 0.0559 0.7404
vn -0.8661 -0.0057 0.4998
vn -0.9652 0.1316 0.2259
vn -0.8589 0.3866 0.3358
vn -0.2444 0.2482 0.9374
vn -0.2731 0.1527 0.9498
vn -0.5062 -0.1177 0.8543
vn -0.6857 -0.3561 0.6349
vn -0.5573 -0.7931 -0.2457
vn -0.5704 -0.7830 -0.2480
vn -0.5257 -0.7783 -0.3433
vn -0.4965 -0.7617 -0.4162
vn -0.4832 -0.8239 -0.2963
vn -0.5123 -0.7977 -0.3181
vn -0.4446 -0.8155 -0.3706
vn -0.4650 -0.7962 -0.3871
vn -0.4183 -0.7875 -0.4526
vn -0.3950 -0.7727 -0.4969
vn -0.3926 -0.8634 -0.3170
vn -0.4238 -0.8386 -0.3422
vn -0.3763 -0.8309 -0.4100
vn -0.4038 -0.8069 -0.4310
vn -0.3501 -0.8219 -0.4493
vn -0.3748 -0.7970 -0.4736
vn -0.3457 -0.7823 -0.5181
vn -0.3115 -0.7699 -0.5570
vn -0.3162 -0.8798 -0.3550
vn -0.3484 -0.8528 -0.3890
vn -0.2990 -0.8631 -0.4071
vn -0.3194 -0.8420 -0.4347
vn -0.2907 -0.8319 -0.4727
vn -0.3118 -0.8076 -0.5005
vn -0.2623 -0.8132 -0.5196
vn -0.2831 -0.7898 -0.5441
vn -0.2720 -0.7757 -0.5694
vn -0.2802 -0.8839 -0.3745
vn -0.2574 -0.8677 -0.4253
vn -0.2577 -0.8492 -0.4610
vn -0.2439 -0.8312 -0.4997
vn -0.2340 -0.8178 -0.5257
vn -0.2402 -0.7986 -0.5519
vn -0.2373 -0.7809 -0.5778
vn -0.2087 -0.9061 -0.3679
vn -0.2216 -0.8890 -0.4008
vn -0.2052 -0.8703 -0.4477
vn -0.2215 -0.8512 -0.4759
vn -0.1869 -0.8548 -0.4841
vn -0.2036 -0.8374 -0.5073
vn -0.1937 -0.8222 -0.5352
vn -0.1900 -0.8013 -0.5672
vn -0.1775 -0.7846 -0.5941
vn -0.1605 -0.7685 -0.6194
vn -0.1696 -0.9048 -0.3907
vn -0.1693 -0.8871 -0.4294
vn -0.1577 -0.8745 -0.4588
vn -0.1525 -0.8613 -0.4847
vn -0.1499 -0.8381 -0.5244
vn -0.1356 -0.8201 -0.5558
vn -0.1490 -0.8024 -0.5779
vn -0.1210 -0.8048 -0.5811
vn -0.1364 -0.7877 -0.6008
vn -0.1372 -0.7747 -0.6173
vn -0.1150 -0.9073 -0.4045
vn -0.1332 -0.8894 -0.4373
vn -0.0980 -0.8922 -0.4408
vn -0.1167 -0.8771 -0.4660
vn -0.1063 -0.8587 -0.5014
vn -0.0997 -0.8352 -0.5409
vn -0.1010 -0.8227 -0.5594
vn -0.1024 -0.8092 -0.5785
vn -0.1024 -0.7913 -0.6027
vn -0.0939 -0.7732 -0.6272
vn -0.5838 -0.7201 -0.3750
vn -0.5273 -0.7310 -0.4331
vn -0.4813 -0.7360 -0.4760
vn -0.5164 -0.6966 -0.4980
vn -0.4548 -0.7186 -0.5261
vn -0.4731 -0.6876 -0.5508
vn -0.4984 -0.6643 -0.5570
vn -0.4452 -0.6774 -0.5856
vn -0.4578 -0.6535 -0.6028
vn -0.4979 -0.6100 -0.6164
vn -0.4399 -0.6344 -0.6356
vn -0.4625 -0.6082 -0.6451
vn -0.5035 -0.5644 -0.6542
vn -0.4389 -0.5884 -0.6791
vn -0.4626 -0.5417 -0.7018
vn -0.4893 -0.5090 -0.7082
vn -0.4550 -0.7510 -0.4785
vn -0.4200 -0.7517 -0.5085
vn -0.3973 -0.7383 -0.5451
vn -0.4243 -0.6987 -0.5760
vn -0.4106 -0.6872 -0.5994
vn -0.4254 -0.6614 -0.6177
vn -0.4038 -0.6433 -0.6505
vn -0.4152 -0.6245 -0.6616
vn -0.3968 -0.6017 -0.6932
vn -0.4243 -0.5648 -0.7078
vn -0.4503 -0.5284 -0.7197
vn -0.3656 -0.7606 -0.5365
vn -0.3310 -0.7525 -0.5694
vn -0.3585 -0.7225 -0.5912
vn -0.3020 -0.7350 -0.6071
vn -0.3292 -0.7073 -0.6255
vn -0.3602 -0.6788 -0.6399
vn -0.3031 -0.6918 -0.6554
vn -0.3293 -0.6626 -0.6726
vn -0.3566 -0.6384 -0.6821
vn -0.3090 -0.6505 -0.6939
vn -0.3284 -0.6247 -0.7085
vn -0.3548 -0.5938 -0.7221
vn -0.2789 -0.7575 -0.5903
vn -0.2747 -0.7424 -0.6110
vn -0.2857 -0.7171 -0.6358
vn -0.2783 -0.6990 -0.6587
vn -0.2908 -0.6754 -0.6777
vn -0.2816 -0.6573 -0.6990
vn -0.2900 -0.6328 -0.7180
vn -0.2409 -0.7603 -0.6033
vn -0.2181 -0.7483 -0.6265
vn -0.2338 -0.7267 -0.6459
vn -0.1899 -0.7305 -0.6560
vn -0.2093 -0.7096 -0.6728
vn -0.2327 -0.6870 -0.6884
vn -0.1872 -0.6936 -0.6957
vn -0.2072 -0.6715 -0.7114
vn -0.2304 -0.6447 -0.7289
vn -0.1952 -0.7646 -0.6142
vn -0.1756 -0.7467 -0.6416
vn -0.1721 -0.7318 -0.6595
vn -0.1744 -0.7133 -0.6788
vn -0.1724 -0.6949 -0.6982
vn -0.1732 -0.6754 -0.7168
vn -0.1392 -0.7534 -0.6427
vn -0.1360 -0.7337 -0.6658
vn -0.1344 -0.7161 -0.6849
vn -0.1320 -0.6990 -0.7028
vn -0.1341 -0.6803 -0.7206
vn -0.0880 -0.7531 -0.6520
vn -0.0855 -0.7351 -0.6726
vn -0.0885 -0.7189 -0.6894
vn -0.0892 -0.7028 -0.7058
vn -0.0901 -0.6846 -0.7234
vn -0.4725 -0.4906 -0.7322
vn -0.5158 -0.4332 -0.7391
vn -0.5683 -0.3675 -0.7362
vn -0.4936 -0.4185 -0.7624
vn -0.5373 -0.3556 -0.7648
vn -0.4022 -0.5504 -0.7316
vn -0.4297 -0.5145 -0.7420
vn -0.4509 -0.4782 -0.7536
vn -0.3940 -0.4969 -0.7732
vn -0.4196 -0.4569 -0.7843
vn -0.4589 -0.4067 -0.7900
vn -0.4219 -0.3763 -0.8249
vn -0.3061 -0.6071 -0.7334
vn -0.3259 -0.5788 -0.7475
vn -0.3573 -0.5377 -0.7637
vn -0.3048 -0.5571 -0.7725
vn -0.3339 -0.5159 -0.7889
vn -0.3696 -0.4868 -0.7914
vn -0.3972 -0.4373 -0.8068
vn -0.3420 -0.4574 -0.8208
vn -0.3680 -0.4054 -0.8368
vn -0.2795 -0.6087 -0.7426
vn -0.2796 -0.5904 -0.7571
vn -0.2718 -0.5670 -0.7776
vn -0.2838 -0.5440 -0.7896
vn -0.3070 -0.5082 -0.8047
vn -0.2626 -0.5189 -0.8135
vn -0.2824 -0.4778 -0.8319
vn -0.3197 -0.4447 -0.8367
vn -0.3004 -0.4176 -0.8575
vn -0.1849 -0.6538 -0.7337
vn -0.2124 -0.6244 -0.7517
vn -0.2318 -0.6032 -0.7632
vn -0.2312 -0.5791 -0.7818
vn -0.2366 -0.5532 -0.7988
vn -0.2291 -0.5222 -0.8215
vn -0.2403 -0.5007 -0.8316
vn -0.2557 -0.4730 -0.8431
vn -0.2428 -0.4341 -0.8675
vn -0.1708 -0.6557 -0.7355
vn -0.1732 -0.6368 -0.7513
vn -0.1871 -0.6133 -0.7674
vn -0.1616 -0.6166 -0.7705
vn -0.1727 -0.5946 -0.7852
vn -0.1791 -0.5700 -0.8019
vn -0.1862 -0.5374 -0.8225
vn -0.1992 -0.5106 -0.8364
vn -0.2170 -0.4776 -0.8514
vn -0.1823 -0.4840 -0.8559
vn -0.1973 -0.4480 -0.8720
vn -0.1346 -0.6619 -0.7374
vn -0.1385 -0.6409 -0.7550
vn -0.1396 -0.6160 -0.7753
vn -0.1406 -0.5958 -0.7907
vn -0.1490 -0.5762 -0.8037
vn -0.1268 -0.5764 -0.8073
vn -0.1361 -0.5545 -0.8210
vn -0.1444 -0.5290 -0.8363
vn -0.1477 -0.4915 -0.8582
vn -0.1562 -0.4583 -0.8749
vn -0.0873 -0.6672 -0.7398
vn -0.0875 -0.6493 -0.7555
vn -0.0899 -0.6269 -0.7739
vn -0.0985 -0.6036 -0.7911
vn -0.0999 -0.5758 -0.8114
vn -0.1008 -0.5530 -0.8271
vn -0.0981 -0.5386 -0.8368
vn -0.1004 -0.5075 -0.8558
vn -0.1171 -0.4725 -0.8735
vn -0.1022 -0.4407 -0.8918
vn -0.1929 -0.7219 0.6646
vn -0.2219 -0.5820 0.7823
vn -0.1525 -0.9135 0.3771
vn -0.1943 -0.8184 0.5408
vn -0.1560 -0.9664 0.2045
vn -0.1416 -0.9887 0.0497
vn -0.1198 -0.9898 -0.0769
vn -0.1038 -0.9767 -0.1879
vn -0.0976 -0.9617 -0.2561
vn -0.1121 -0.9461 -0.3037
vn -0.0898 -0.9232 -0.3738
vn -0.1044 -0.8390 0.5340
vn -0.1566 -0.7323 0.6627
vn -0.1962 -0.6008 0.7750
vn -0.1198 -0.9245 0.3619
vn -0.1806 -0.8251 0.5353
vn -0.1021 -0.9734 0.2050
vn -0.0891 -0.9957 0.0248
vn -0.0686 -0.9930 -0.0964
vn -0.0539 -0.9779 -0.2018
vn -0.0463 -0.9667 -0.2519
vn -0.0695 -0.9459 -0.3170
vn -0.0286 -0.9440 -0.3286
vn -0.0432 -0.9181 -0.3939
vn -0.0165 -0.8507 0.5254
vn -0.0514 -0.7442 0.6660
vn -0.0257 -0.9389 0.3432
vn -0.0227 -0.9802 0.1969
vn -0.0191 -0.9997 0.0144
vn -0.0107 -0.9938 -0.1108
vn -0.0039 -0.9777 -0.2098
vn 0.0001 -0.9658 -0.2592
vn 0.0013 -0.9424 -0.3344
vn 0.0042 -0.9172 -0.3985
vn 0.0055 -0.8597 0.5107
vn -0.0024 -0.7594 0.6507
vn 0.0157 -0.9427 0.3332
vn 0.0318 -0.9812 0.1902
vn 0.0375 -0.9992 0.0124
vn 0.0417 -0.9924 -0.1161
vn 0.0452 -0.9760 -0.2129
vn 0.0488 -0.9640 -0.2615
vn 0.0707 -0.9415 -0.3295
vn 0.0364 -0.9416 -0.3346
vn 0.0547 -0.9167 -0.3959
vn 0.0339 -0.8657 0.4994
vn 0.0521 -0.7641 0.6430
vn 0.0630 -0.9487 0.3098
vn 0.0809 -0.9803 0.1801
vn 0.0871 -0.9962 0.0067
vn 0.0902 -0.9886 -0.1207
vn 0.0904 -0.9725 -0.2145
vn 0.0913 -0.9597 -0.2659
vn 0.1005 -0.9409 -0.3233
vn 0.0935 -0.9178 -0.3860
vn 0.1264 -0.8638 0.4877
vn 0.1554 -0.7761 0.6111
vn 0.1624 -0.6546 0.7384
vn 0.1540 -0.9382 0.3101
vn 0.2070 -0.8645 0.4581
vn 0.1492 -0.9731 0.1753
vn 0.1480 -0.9890 0.0065
vn 0.1421 -0.9828 -0.1181
vn 0.1350 -0.9682 -0.2108
vn 0.1328 -0.9554 -0.2637
vn 0.1409 -0.9404 -0.3094
vn 0.1353 -0.9179 -0.3730
vn 0.2105 -0.7890 0.5772
vn 0.2204 -0.6547 0.7230
vn 0.1804 -0.9333 0.3106
vn 0.2193 -0.8757 0.4301
vn 0.1824 -0.9673 0.1765
vn 0.2415 -0.9228 0.3002
vn 0.1905 -0.9816 0.0143
vn 0.1743 -0.9793 -0.1029
vn 0.1579 -0.9648 -0.2101
vn 0.1898 -0.9466 -0.2604
vn 0.1570 -0.9527 -0.2603
vn 0.1796 -0.9372 -0.2989
vn 0.1763 -0.9150 -0.3630
vn 0.2546 -0.7766 0.5763
vn 0.2759 -0.6466 0.7112
vn 0.2846 -0.8694 0.4040
vn 0.2609 -0.9557 0.1365
vn 0.3181 -0.9206 0.2264
vn 0.2500 -0.9682 0.0089
vn 0.3033 -0.9523 0.0328
vn 0.2362 -0.9687 -0.0770
vn 0.2824 -0.9545 -0.0953
vn 0.2286 -0.9566 -0.1809
vn 0.2612 -0.9386 -0.2253
vn 0.2278 -0.9288 -0.2922
vn 0.2116 -0.9088 -0.3597
vn 0.2334 -0.8891 -0.3937
vn -0.3658 0.0443 0.9296
vn -0.5496 -0.1874 0.8141
vn -0.0750 -0.9108 -0.4060
vn -0.0711 -0.8946 -0.4413
vn -0.0705 -0.8753 -0.4784
vn -0.0595 -0.8540 -0.5169
vn -0.0597 -0.8388 -0.5411
vn -0.0617 -0.8284 -0.5568
vn -0.0602 -0.8099 -0.5834
vn -0.0539 -0.7855 -0.6166
vn -0.0482 -0.7694 -0.6370
vn -0.0377 -0.9114 -0.4098
vn -0.0371 -0.8927 -0.4492
vn -0.0298 -0.8693 -0.4934
vn -0.0248 -0.8558 -0.5167
vn -0.0290 -0.8425 -0.5380
vn -0.0241 -0.8255 -0.5638
vn -0.0151 -0.8063 -0.5913
vn -0.0152 -0.7840 -0.6205
vn -0.0211 -0.7750 -0.6317
vn 0.0036 -0.9127 -0.4087
vn 0.0049 -0.8890 -0.4578
vn 0.0115 -0.8640 -0.5033
vn 0.0121 -0.8577 -0.5141
vn 0.0113 -0.8409 -0.5410
vn 0.0163 -0.8188 -0.5738
vn 0.0209 -0.8048 -0.5932
vn 0.0189 -0.7893 -0.6138
vn 0.0151 -0.7786 -0.6273
vn 0.0494 -0.9129 -0.4052
vn 0.0482 -0.8856 -0.4619
vn 0.0518 -0.8605 -0.5069
vn 0.0522 -0.8580 -0.5110
vn 0.0528 -0.8386 -0.5422
vn 0.0540 -0.8153 -0.5765
vn 0.0549 -0.8040 -0.5921
vn 0.0531 -0.7917 -0.6086
vn 0.0518 -0.7759 -0.6287
vn 0.0877 -0.9134 -0.3976
vn 0.0770 -0.8856 -0.4579
vn 0.0872 -0.8565 -0.5087
vn 0.0904 -0.8559 -0.5092
vn 0.0924 -0.8371 -0.5392
vn 0.0891 -0.8150 -0.5725
vn 0.0841 -0.8024 -0.5909
vn 0.0886 -0.7900 -0.6067
vn 0.0888 -0.7734 -0.6276
vn 0.1311 -0.9111 -0.3907
vn 0.1523 -0.8854 -0.4391
vn 0.1104 -0.8852 -0.4519
vn 0.1305 -0.8543 -0.5031
vn 0.1276 -0.8510 -0.5095
vn 0.1287 -0.8352 -0.5346
vn 0.1229 -0.8157 -0.5653
vn 0.1361 -0.7965 -0.5892
vn 0.1093 -0.7994 -0.5907
vn 0.1252 -0.7833 -0.6089
vn 0.1260 -0.7723 -0.6226
vn 0.1710 -0.9020 -0.3965
vn 0.1845 -0.8831 -0.4314
vn 0.1700 -0.8592 -0.4826
vn 0.1572 -0.8466 -0.5086
vn 0.1659 -0.8317 -0.5298
vn 0.1624 -0.8166 -0.5538
vn 0.1612 -0.7945 -0.5855
vn 0.1589 -0.7772 -0.6088
vn 0.1533 -0.7678 -0.6221
vn 0.1980 -0.8954 -0.3988
vn 0.2176 -0.8781 -0.4261
vn 0.2078 -0.8611 -0.4640
vn 0.2181 -0.8409 -0.4954
vn 0.1867 -0.8424 -0.5055
vn 0.2030 -0.8249 -0.5275
vn 0.2006 -0.8158 -0.5425
vn 0.2019 -0.7950 -0.5721
vn 0.1942 -0.7735 -0.6034
vn -0.0516 -0.7545 -0.6543
vn -0.0558 -0.7409 -0.6693
vn -0.0585 -0.7239 -0.6874
vn -0.0573 -0.7051 -0.7068
vn -0.0582 -0.6849 -0.7263
vn -0.0242 -0.7596 -0.6500
vn -0.0199 -0.7415 -0.6707
vn -0.0158 -0.7230 -0.6907
vn -0.0140 -0.7047 -0.7094
vn -0.0138 -0.6884 -0.7252
vn 0.0164 -0.7569 -0.6533
vn 0.0203 -0.7348 -0.6780
vn 0.0232 -0.7190 -0.6946
vn 0.0228 -0.7038 -0.7100
vn 0.0223 -0.6904 -0.7231
vn 0.0553 -0.7519 -0.6569
vn 0.0567 -0.7327 -0.6782
vn 0.0561 -0.7208 -0.6909
vn 0.0528 -0.7055 -0.7068
vn 0.0538 -0.6861 -0.7255
vn 0.0878 -0.7496 -0.6561
vn 0.0859 -0.7312 -0.6767
vn 0.0887 -0.7198 -0.6885
vn 0.0897 -0.7043 -0.7042
vn 0.0905 -0.6827 -0.7251
vn 0.1253 -0.7518 -0.6473
vn 0.1171 -0.7297 -0.6737
vn 0.1162 -0.7137 -0.6907
vn 0.1169 -0.7000 -0.7045
vn 0.1186 -0.6834 -0.7204
vn 0.1757 -0.7611 -0.6243
vn 0.1666 -0.7523 -0.6374
vn 0.1563 -0.7332 -0.6618
vn 0.1544 -0.7147 -0.6822
vn 0.1439 -0.6973 -0.7022
vn 0.1514 -0.6784 -0.7189
vn 0.1951 -0.7551 -0.6259
vn 0.1969 -0.7451 -0.6372
vn 0.2110 -0.7240 -0.6568
vn 0.1907 -0.7295 -0.6568
vn 0.2052 -0.7114 -0.6722
vn 0.2212 -0.6883 -0.6909
vn 0.1916 -0.6926 -0.6954
vn 0.2053 -0.6701 -0.7133
vn 0.2145 -0.6515 -0.7276
vn -0.0585 -0.6645 -0.7450
vn -0.0564 -0.6475 -0.7599
vn -0.0502 -0.6307 -0.7744
vn -0.0497 -0.6155 -0.7866
vn -0.0538 -0.5852 -0.8091
vn -0.0608 -0.5565 -0.8286
vn -0.0642 -0.5342 -0.8429
vn -0.0604 -0.5130 -0.8563
vn -0.0657 -0.4930 -0.8675
vn -0.0661 -0.4485 -0.8914
vn -0.0172 -0.6696 -0.7425
vn -0.0247 -0.6474 -0.7617
vn -0.0257 -0.6232 -0.7817
vn -0.0196 -0.6121 -0.7906
vn -0.0153 -0.5899 -0.8073
vn -0.0246 -0.5699 -0.8213
vn -0.0326 -0.5362 -0.8434
vn -0.0268 -0.5084 -0.8607
vn -0.0237 -0.5002 -0.8656
vn -0.0255 -0.4563 -0.8894
vn 0.0220 -0.6749 -0.7375
vn 0.0218 -0.6542 -0.7560
vn 0.0169 -0.6252 -0.7803
vn 0.0158 -0.6051 -0.7960
vn 0.0186 -0.5886 -0.8082
vn 0.0158 -0.5811 -0.8137
vn 0.0110 -0.5395 -0.8419
vn 0.0108 -0.5017 -0.8650
vn 0.0160 -0.4979 -0.8671
vn 0.0166 -0.4613 -0.8871
vn 0.0574 -0.6695 -0.7406
vn 0.0575 -0.6566 -0.7521
vn 0.0520 -0.6316 -0.7735
vn 0.0519 -0.6018 -0.7970
vn 0.0538 -0.5867 -0.8080
vn 0.0545 -0.5808 -0.8122
vn 0.0546 -0.5409 -0.8393
vn 0.0523 -0.4994 -0.8648
vn 0.0527 -0.4940 -0.8679
vn 0.0494 -0.4619 -0.8856
vn 0.0877 -0.6682 -0.7388
vn 0.0866 -0.6572 -0.7487
vn 0.0869 -0.6301 -0.7716
vn 0.0890 -0.5985 -0.7962
vn 0.0849 -0.5852 -0.8065
vn 0.0895 -0.5757 -0.8128
vn 0.0919 -0.5397 -0.8368
vn 0.0883 -0.5006 -0.8612
vn 0.0867 -0.4948 -0.8647
vn 0.0711 -0.4614 -0.8843
vn 0.1163 -0.6694 -0.7337
vn 0.1227 -0.6513 -0.7489
vn 0.1257 -0.6229 -0.7721
vn 0.1281 -0.5967 -0.7922
vn 0.1371 -0.5872 -0.7977
vn 0.1109 -0.5857 -0.8029
vn 0.1223 -0.5716 -0.8114
vn 0.1284 -0.5346 -0.8353
vn 0.1282 -0.5000 -0.8565
vn 0.1290 -0.4883 -0.8631
vn 0.1495 -0.6599 -0.7363
vn 0.1657 -0.6370 -0.7529
vn 0.1805 -0.6177 -0.7654
vn 0.1558 -0.6184 -0.7703
vn 0.1622 -0.5973 -0.7854
vn 0.1586 -0.5881 -0.7931
vn 0.1600 -0.5610 -0.8122
vn 0.1690 -0.5234 -0.8351
vn 0.1625 -0.4993 -0.8511
vn 0.1647 -0.4807 -0.8613
vn 0.1886 -0.6537 -0.7329
vn 0.2000 -0.6303 -0.7502
vn 0.1995 -0.6196 -0.7592
vn 0.1924 -0.6000 -0.7765
vn 0.1971 -0.5767 -0.7928
vn 0.2001 -0.5442 -0.8147
vn 0.2058 -0.5170 -0.8309
vn 0.2165 -0.5008 -0.8381
vn 0.1872 -0.5019 -0.8444
vn 0.2020 -0.4743 -0.8569
vn -0.7084 0.4608 0.5346
vn -0.6130 0.4897 0.6200
vn -0.6371 0.5081 0.5795
vn -0.6084 0.5568 0.5655
vn -0.8221 0.3969 0.4082
vn -0.8603 0.3714 0.3493
vn -0.8204 0.4496 0.3534
vn -0.9154 0.3314 0.2285
vn -0.8676 0.4338 0.2431
vn -0.9552 0.2806 0.0943
vn -0.9025 0.3977 0.1651
vn -0.8748 0.4519 0.1745
vn -0.9778 0.1913 -0.0854
vn -0.9465 0.3223 0.0175
vn -0.9067 0.4145 0.0784
vn -0.9736 0.0804 -0.2138
vn -0.9689 0.2252 -0.1029
vn -0.9276 0.3704 -0.0488
vn -0.9364 -0.0107 -0.3509
vn -0.9450 0.1615 -0.2842
vn -0.9260 0.3098 -0.2157
vn -0.7404 0.4704 0.4800
vn -0.7132 0.5065 0.4845
vn -0.7666 0.4651 0.4428
vn -0.7429 0.5183 0.4237
vn -0.7156 0.5697 0.4041
vn -0.7802 0.5332 0.3270
vn -0.7521 0.5590 0.3490
vn -0.7287 0.5866 0.3535
vn -0.8310 0.4966 0.2506
vn -0.8035 0.5372 0.2567
vn -0.7613 0.5839 0.2819
vn -0.8480 0.5147 0.1260
vn -0.8078 0.5604 0.1826
vn -0.8864 0.4625 -0.0205
vn -0.8528 0.5195 0.0536
vn -0.8190 0.5714 0.0518
vn -0.8826 -0.0526 -0.4672
vn -0.9153 0.1399 -0.3776
vn -0.9083 0.3415 -0.2416
vn -0.9013 0.4201 -0.1053
vn -0.8443 0.5359 -0.0079
vn -0.8111 -0.0936 -0.5774
vn -0.8622 0.0553 -0.5035
vn -0.9093 0.2092 -0.3598
vn -0.9115 0.3268 -0.2496
vn -0.8502 0.4981 -0.1705
vn -0.6746 0.5155 0.5284
vn -0.6322 0.5579 0.5376
vn -0.6042 0.6000 0.5243
vn -0.6773 0.5607 0.4764
vn -0.6398 0.6140 0.4623
vn -0.6243 0.6290 0.4633
vn -0.6861 0.6005 0.4107
vn -0.6685 0.6216 0.4084
vn -0.6280 0.6724 0.3917
vn -0.7083 0.6353 0.3078
vn -0.6621 0.6812 0.3125
vn -0.7351 0.6291 0.2527
vn -0.7077 0.6586 0.2558
vn -0.6757 0.6969 0.2403
vn -0.7768 0.6105 0.1545
vn -0.7492 0.6499 0.1280
vn -0.7064 0.6933 0.1426
vn -0.7808 0.6247 -0.0082
vn -0.7457 0.6659 0.0229
vn -0.8414 0.4189 -0.3414
vn -0.8045 0.5555 -0.2105
vn -0.7796 0.6155 -0.1154
vn -0.7648 -0.1223 -0.6326
vn -0.8269 -0.0351 -0.5613
vn -0.8658 0.0966 -0.4909
vn -0.8573 0.2670 -0.4401
vn -0.7001 -0.1973 -0.6863
vn -0.7646 -0.0923 -0.6378
vn -0.7976 0.0902 -0.5965
vn -0.8158 0.2987 -0.4953
vn -0.8340 0.4189 -0.3591
vn -0.7958 0.5539 -0.2449
vn -0.6462 -0.2415 -0.7239
vn -0.6922 -0.1212 -0.7115
vn -0.7391 0.0346 -0.6727
vn -0.7825 0.1913 -0.5926
vn -0.7976 0.3144 -0.5147
vn -0.5421 0.5078 0.6695
vn -0.5683 0.5166 0.6404
vn -0.5375 0.5639 0.6270
vn -0.5906 0.5373 0.6021
vn -0.5696 0.5779 0.5845
vn -0.5479 0.6005 0.5824
vn -0.4567 0.5261 0.7173
vn -0.4744 0.5427 0.6932
vn -0.4513 0.5761 0.6815
vn -0.5023 0.5530 0.6647
vn -0.4691 0.5930 0.6545
vn -0.4504 0.6216 0.6409
vn -0.5032 0.6020 0.6200
vn -0.4690 0.6309 0.6180
vn -0.4436 0.6655 0.6002
vn -0.4244 0.5371 0.7290
vn -0.4013 0.5725 0.7150
vn -0.4459 0.5583 0.6997
vn -0.4266 0.5848 0.6900
vn -0.4009 0.6183 0.6760
vn -0.4486 0.6010 0.6615
vn -0.4269 0.6316 0.6472
vn -0.4023 0.6590 0.6356
vn -0.4452 0.6437 0.6224
vn -0.4231 0.6738 0.6057
vn -0.4022 0.6976 0.5929
vn -0.3632 0.5428 0.7572
vn -0.3779 0.5609 0.7366
vn -0.3473 0.5898 0.7291
vn -0.3587 0.6091 0.7073
vn -0.3440 0.6344 0.6923
vn -0.3574 0.6519 0.6688
vn -0.3469 0.6736 0.6526
vn -0.3621 0.6901 0.6266
vn -0.3547 0.7101 0.6082
vn -0.3387 0.5583 0.7573
vn -0.3248 0.5854 0.7429
vn -0.3216 0.6004 0.7322
vn -0.3103 0.6242 0.7171
vn -0.3320 0.6176 0.7130
vn -0.3214 0.6404 0.6976
vn -0.3113 0.6623 0.6815
vn -0.3327 0.6574 0.6761
vn -0.3222 0.6792 0.6595
vn -0.3116 0.6993 0.6433
vn -0.3330 0.6960 0.6362
vn -0.3209 0.7152 0.6209
vn -0.3041 0.7357 0.6052
vn -0.6333 0.5829 0.5091
vn -0.4216 0.6040 0.6763
vn -0.3905 0.6239 0.6770
vn -0.3256 0.6029 0.7284
vn -0.3221 0.6055 0.7278
vn -0.2972 0.6366 0.7116
vn -0.2776 0.6516 0.7059
vn -0.2713 0.6699 0.6911
vn -0.2814 0.6873 0.6697
vn -0.2760 0.7066 0.6516
vn -0.2833 0.7244 0.6285
vn -0.2824 0.7432 0.6066
vn -0.9756 0.2187 -0.0210
vn -0.8786 0.4757 -0.0410
vn -0.7495 0.6611 -0.0333
vn -0.9478 0.3184 -0.0192
vn -0.8677 0.4875 -0.0976
vn -0.7498 0.6564 -0.0831
vn -0.8236 0.5218 0.2222
vn -0.8105 0.5843 0.0410
vn -0.6341 0.6200 0.4621
vn -0.5696 0.6848 0.4547
vn -0.4672 0.7234 0.5084
vn -0.3909 0.6459 0.6558
vn -0.3137 0.6958 0.6461
vn -0.2469 0.6837 0.6867
vn -0.2336 0.6769 0.6980
vn -0.2197 0.6993 0.6802
vn -0.2413 0.6932 0.6792
vn -0.2294 0.7134 0.6622
vn -0.2373 0.7275 0.6438
vn -0.2387 0.7452 0.6226
vn -0.6436 0.7644 -0.0387
vn -0.7425 0.6556 -0.1371
vn -0.6389 0.7617 -0.1082
vn -0.7366 0.6665 -0.1153
vn -0.6568 0.7502 -0.0766
vn -0.6529 0.7323 0.1937
vn -0.5349 0.8158 0.2201
vn -0.2961 0.7690 0.5666
vn -0.2608 0.7212 0.6417
vn -0.2460 0.7001 0.6703
vn -0.2302 0.6873 0.6889
vn -0.2076 0.7068 0.6762
vn -0.2031 0.7199 0.6637
vn -0.1927 0.7377 0.6471
vn -0.2094 0.7333 0.6469
vn -0.1951 0.7492 0.6329
vn -0.1771 0.7687 0.6146
vn -0.5888 0.5835 0.5593
vn -0.5756 0.6123 0.5420
vn -0.5473 0.6515 0.5254
vn -0.5918 0.6280 0.5053
vn -0.5693 0.6542 0.4979
vn -0.5356 0.6948 0.4800
vn -0.5932 0.6592 0.4622
vn -0.5502 0.7126 0.4353
vn -0.5901 0.7146 0.3757
vn -0.5710 0.7344 0.3669
vn -0.6399 0.7008 0.3152
vn -0.6028 0.7415 0.2947
vn -0.6396 0.7442 0.1927
vn -0.6258 0.7578 0.1848
vn -0.6947 0.7155 0.0737
vn -0.6548 0.7475 0.1119
vn -0.7491 0.6567 -0.0873
vn -0.6939 0.7189 -0.0407
vn -0.5079 0.6427 0.5736
vn -0.4720 0.6805 0.5605
vn -0.4530 0.7019 0.5496
vn -0.5104 0.6822 0.5235
vn -0.4842 0.7128 0.5075
vn -0.4687 0.7321 0.4943
vn -0.5236 0.7212 0.4535
vn -0.4992 0.7449 0.4427
vn -0.5417 0.7290 0.4184
vn -0.5225 0.7550 0.3963
vn -0.5046 0.7778 0.3748
vn -0.5537 0.7651 0.3287
vn -0.5234 0.7864 0.3279
vn -0.5846 0.7675 0.2629
vn -0.5663 0.7863 0.2471
vn -0.6055 0.7834 0.1403
vn -0.5707 0.8135 0.1116
vn -0.6317 0.7752 -0.0033
vn -0.5904 0.8070 0.0143
vn -0.4402 0.6857 0.5797
vn -0.4225 0.7113 0.5617
vn -0.4303 0.7223 0.5415
vn -0.4130 0.7491 0.5180
vn -0.4407 0.7602 0.4774
vn -0.4226 0.7821 0.4580
vn -0.4783 0.7699 0.4225
vn -0.4564 0.7930 0.4034
vn -0.4881 0.8004 0.3481
vn -0.4572 0.8284 0.3237
vn -0.5153 0.8091 0.2824
vn -0.4733 0.8383 0.2708
vn -0.5393 0.8164 0.2066
vn -0.5029 0.8473 0.1708
vn -0.5605 0.8260 0.0595
vn -0.3819 0.7188 0.5809
vn -0.3657 0.7408 0.5635
vn -0.4060 0.7316 0.5476
vn -0.3850 0.7577 0.5269
vn -0.3661 0.7774 0.5115
vn -0.3993 0.7677 0.5011
vn -0.3793 0.7912 0.4797
vn -0.4040 0.7990 0.4454
vn -0.3791 0.8275 0.4141
vn -0.4351 0.8158 0.3811
vn -0.4057 0.8451 0.3483
vn -0.4422 0.8460 0.2980
vn -0.4814 0.8544 0.1956
vn -0.5104 0.8544 0.0976
vn -0.3322 0.7260 0.6021
vn -0.3132 0.7498 0.5829
vn -0.3301 0.7667 0.5506
vn -0.3285 0.7861 0.5236
vn -0.3413 0.8017 0.4907
vn -0.3216 0.8223 0.4694
vn -0.3581 0.8103 0.4639
vn -0.3336 0.8350 0.4376
vn -0.3673 0.8453 0.3881
vn -0.3936 0.8563 0.3344
vn -0.2851 0.7579 0.5868
vn -0.2702 0.7770 0.5686
vn -0.2974 0.7709 0.5633
vn -0.2838 0.7888 0.5452
vn -0.2953 0.8080 0.5098
vn -0.2934 0.8284 0.4771
vn -0.3020 0.8424 0.4463
vn -0.3149 0.8519 0.4185
vn -0.2483 0.7650 0.5942
vn -0.2432 0.7856 0.5689
vn -0.2472 0.7964 0.5519
vn -0.2307 0.8145 0.5324
vn -0.2619 0.8101 0.5245
vn -0.2507 0.8268 0.5036
vn -0.2687 0.8483 0.4562
vn -0.2066 0.7676 0.6067
vn -0.1990 0.7855 0.5860
vn -0.2148 0.8025 0.5566
vn -0.2045 0.8234 0.5293
vn -0.2043 0.8278 0.5226
vn -0.2264 0.8530 0.4702
vn -0.4154 0.8686 0.2701
vn -0.4356 0.8800 0.1895
vn -0.4472 0.8894 0.0949
vn -0.3443 0.8680 0.3578
vn -0.3585 0.8855 0.2954
vn -0.3811 0.8976 0.2217
vn -0.4248 0.8975 0.1187
vn -0.2835 0.8602 0.4239
vn -0.2914 0.8760 0.3842
vn -0.3204 0.8919 0.3192
vn -0.3581 0.8979 0.2558
vn -0.3247 0.9201 0.2190
vn -0.3802 0.9138 0.1429
vn -0.3358 0.9332 0.1279
vn -0.2540 0.8698 0.4231
vn -0.2621 0.8808 0.3943
vn -0.2786 0.8977 0.3414
vn -0.2528 0.9185 0.3041
vn -0.2957 0.9098 0.2911
vn -0.2614 0.9333 0.2462
vn -0.2846 0.9463 0.1534
vn -0.1867 0.8531 0.4872
vn -0.2105 0.8778 0.4303
vn -0.2203 0.8852 0.4097
vn -0.2017 0.9041 0.3767
vn -0.2372 0.9022 0.3602
vn -0.2176 0.9217 0.3211
vn -0.2343 0.9370 0.2592
vn -0.2546 0.9508 0.1765
vn -0.7949 0.4556 -0.4008
vn -0.7667 0.5809 -0.2733
vn -0.7167 0.6714 -0.1887
vn -0.5763 -0.2731 -0.7703
vn -0.6227 -0.1622 -0.7655
vn -0.6855 -0.0219 -0.7277
vn -0.7442 0.1441 -0.6522
vn -0.7708 0.3315 -0.5441
vn -0.7614 0.4788 -0.4371
vn -0.7189 0.6084 -0.3361
vn -0.5401 -0.2520 -0.8030
vn -0.5736 -0.1884 -0.7972
vn -0.6314 -0.0727 -0.7721
vn -0.6783 0.0839 -0.7300
vn -0.7093 0.2294 -0.6665
vn -0.7130 0.3839 -0.5868
vn -0.6751 0.7197 -0.1622
vn -0.6301 0.7722 -0.0817
vn -0.5000 -0.3301 -0.8006
vn -0.7088 0.5156 -0.4815
vn -0.6907 0.6327 -0.3501
vn -0.6479 0.7273 -0.2263
vn -0.4603 -0.3038 -0.8342
vn -0.5198 -0.2350 -0.8213
vn -0.5741 -0.1147 -0.8107
vn -0.6114 0.0484 -0.7899
vn -0.6562 0.1859 -0.7313
vn -0.6819 0.3826 -0.6234
vn -0.6787 0.5265 -0.5120
vn -0.4819 -0.2155 -0.8493
vn -0.5053 -0.1202 -0.8545
vn -0.5463 0.0094 -0.8376
vn -0.5987 0.1023 -0.7944
vn -0.6254 0.2492 -0.7395
vn -0.5959 0.7989 -0.0818
vn -0.6560 0.6498 -0.3840
vn -0.6004 0.7547 -0.2644
vn -0.4092 -0.3636 -0.8368
vn -0.4482 -0.2926 -0.8447
vn -0.6452 0.3995 -0.6513
vn -0.6614 0.5315 -0.5292
vn -0.6128 0.6779 -0.4062
vn -0.3802 -0.3359 -0.8618
vn -0.4004 -0.2512 -0.8812
vn -0.4360 -0.1638 -0.8849
vn -0.5080 -0.0465 -0.8601
vn -0.5579 0.0904 -0.8250
vn -0.5762 0.2722 -0.7706
vn -0.5972 0.4066 -0.6915
vn -0.5306 0.8448 -0.0688
vn -0.5623 0.7942 -0.2304
vn -0.3554 -0.3951 -0.8471
vn -0.5791 0.5678 -0.5849
vn -0.5504 0.7085 -0.4417
vn -0.3187 -0.3565 -0.8783
vn -0.3564 -0.2967 -0.8860
vn -0.4104 -0.2116 -0.8870
vn -0.4412 -0.0960 -0.8922
vn -0.4807 0.0597 -0.8749
vn -0.5285 0.2231 -0.8191
vn -0.5329 0.4262 -0.7310
vn -0.5116 0.5922 -0.6225
vn -0.3724 -0.1827 -0.9099
vn -0.3912 -0.1034 -0.9145
vn -0.4136 0.0347 -0.9098
vn -0.4526 0.1400 -0.8807
vn -0.4832 0.3046 -0.8208
vn -0.5230 0.6998 -0.4866
vn -0.2745 -0.3772 -0.8845
vn -0.2996 -0.3437 -0.8900
vn -0.3353 -0.2696 -0.9027
vn -0.5037 0.4537 -0.7351
vn -0.5231 0.5789 -0.6254
vn -0.2656 -0.3025 -0.9154
vn -0.2890 -0.2209 -0.9315
vn -0.3260 -0.1347 -0.9357
vn -0.3698 0.0005 -0.9291
vn -0.3987 0.1285 -0.9080
vn -0.4290 0.3123 -0.8476
vn -0.4557 0.4468 -0.7698
vn -0.2187 -0.4215 -0.8801
vn -0.2552 -0.3551 -0.8993
vn -0.4430 0.6038 -0.6627
vn -0.2024 -0.3828 -0.9014
vn -0.2245 -0.3106 -0.9237
vn -0.2471 -0.2532 -0.9353
vn -0.2884 -0.1734 -0.9417
vn -0.3365 -0.0384 -0.9409
vn -0.3670 0.1129 -0.9234
vn -0.3680 0.2912 -0.8831
vn -0.3648 0.4518 -0.8141
vn -0.2513 -0.1366 -0.9582
vn -0.2685 -0.0488 -0.9620
vn -0.2878 0.0414 -0.9568
vn -0.1620 -0.4367 -0.8849
vn -0.1521 -0.3996 -0.9040
vn -0.1772 -0.3322 -0.9264
vn -0.1983 -0.2811 -0.9390
vn -0.2206 -0.2147 -0.9514
vn -0.3034 0.1602 -0.9393
vn -0.3274 0.2778 -0.9031
vn -0.3408 0.4392 -0.8312
vn -0.1714 -0.2410 -0.9553
vn -0.1860 -0.1681 -0.9680
vn -0.2056 -0.0660 -0.9764
vn -0.2287 0.0689 -0.9710
vn -0.2640 0.1747 -0.9486
vn -0.2984 0.3271 -0.8966
vn -0.1363 -0.4345 -0.8903
vn -0.1169 -0.4024 -0.9080
vn -0.1262 -0.3624 -0.9234
vn -0.1393 -0.2970 -0.9447
vn -0.2938 0.4835 -0.8246
vn -0.1248 -0.2529 -0.9594
vn -0.1469 -0.1905 -0.9706
vn -0.1668 -0.0991 -0.9810
vn -0.2007 0.0268 -0.9793
vn -0.2192 0.1708 -0.9606
vn -0.2217 0.3268 -0.9187
vn -0.4735 0.8799 -0.0408
vn -0.5094 0.8445 -0.1651
vn -0.5232 0.7863 -0.3286
vn -0.4843 0.8747 0.0157
vn -0.4125 0.9106 0.0254
vn -0.5034 0.8482 -0.1647
vn -0.4211 0.9041 -0.0731
vn -0.4756 0.8065 -0.3511
vn -0.4779 0.7208 -0.5021
vn -0.3976 0.9132 0.0891
vn -0.3279 0.9439 0.0382
vn -0.4213 0.8791 -0.2230
vn -0.3270 0.9374 -0.1201
vn -0.4301 0.8339 -0.3458
vn -0.3644 0.9006 -0.2368
vn -0.3980 0.7489 -0.5299
vn -0.3518 0.6235 -0.6982
vn -0.3091 0.9502 0.0404
vn -0.3248 0.9397 -0.1075
vn -0.3899 0.8320 -0.3947
vn -0.3353 0.9073 -0.2538
vn -0.3680 0.7469 -0.5539
vn -0.3324 0.8396 -0.4296
vn -0.3189 0.6202 -0.7168
vn -0.2789 0.9588 0.0549
vn -0.2862 0.9543 -0.0861
vn -0.2793 0.9233 -0.2636
vn -0.3237 0.7342 -0.5968
vn -0.2700 0.8539 -0.4450
vn -0.2793 0.6179 -0.7350
vn -0.2436 0.7431 -0.6232
vn -0.5751 0.8171 -0.0400
vn -0.4799 0.8766 -0.0362
vn -0.5736 0.8116 -0.1103
vn -0.4831 0.8699 -0.0998
vn -0.5557 0.8206 -0.1337
vn -0.4877 0.8593 -0.1539
vn -0.4510 0.8894 -0.0749
vn -0.4708 0.8583 -0.2042
vn -0.3247 0.8541 0.4062
vn -0.2699 0.7519 0.6014
vn -0.2038 0.7319 0.6503
vn -0.1713 0.7264 0.6656
vn -0.1662 0.7243 0.6692
vn -0.1680 0.7422 0.6488
vn -0.1672 0.7597 0.6284
vn -0.1552 0.7735 0.6145
vn -0.4178 0.9079 -0.0350
vn -0.4167 0.9038 -0.0970
vn -0.4113 0.8979 -0.1571
vn -0.4509 0.8906 -0.0587
vn -0.4641 0.8819 -0.0830
vn -0.4350 0.8668 0.2436
vn -0.3620 0.8509 0.3806
vn -0.1971 0.7815 0.5919
vn -0.1569 0.7552 0.6364
vn -0.1252 0.7337 0.6679
vn -0.1266 0.7394 0.6613
vn -0.1349 0.7653 0.6294
vn -0.1318 0.7813 0.6101
vn -0.3547 0.9344 -0.0337
vn -0.3038 0.9523 -0.0284
vn -0.3606 0.9279 -0.0944
vn -0.3088 0.9473 -0.0849
vn -0.3633 0.9194 -0.1509
vn -0.3062 0.9425 -0.1337
vn -0.3428 0.9348 -0.0927
vn -0.3013 0.9367 -0.1782
vn -0.2753 0.9287 0.2484
vn -0.2021 0.8916 0.4053
vn -0.2076 0.8265 0.5232
vn -0.1386 0.8014 0.5819
vn -0.0971 0.7550 0.6485
vn -0.0891 0.7361 0.6710
vn -0.0946 0.7643 0.6379
vn -0.0944 0.7874 0.6092
vn -0.2489 0.9681 -0.0275
vn -0.2472 0.9653 -0.0842
vn -0.2427 0.9603 -0.1376
vn -0.3269 0.9426 -0.0678
vn -0.2641 0.9577 -0.1142
vn -0.2823 0.9549 0.0917
vn -0.2108 0.9555 0.2063
vn -0.0994 0.8535 0.5115
vn -0.0604 0.7673 0.6384
vn -0.0566 0.7371 0.6735
vn -0.0555 0.7649 0.6418
vn -0.0558 0.7905 0.6100
vn -0.1870 0.9820 -0.0272
vn -0.1890 0.9786 -0.0812
vn -0.1938 0.9713 -0.1377
vn -0.1740 0.9762 -0.1294
vn -0.1065 0.9864 0.1249
vn -0.0494 0.8838 0.4652
vn -0.0307 0.7740 0.6324
vn -0.0203 0.7444 0.6675
vn -0.0131 0.7675 0.6409
vn -0.0153 0.7891 0.6141
vn -0.1317 0.9909 -0.0269
vn -0.1318 0.9882 -0.0784
vn -0.1344 0.9818 -0.1343
vn -0.1335 0.9762 -0.1712
vn -0.0911 0.9933 0.0707
vn -0.0255 0.9025 0.4298
vn -0.0014 0.7865 0.6176
vn 0.0114 0.7550 0.6557
vn 0.0190 0.7683 0.6398
vn 0.0139 0.7820 0.6231
vn -0.0770 0.9967 -0.0263
vn -0.0789 0.9938 -0.0789
vn -0.0784 0.9882 -0.1318
vn -0.0803 0.9802 -0.1811
vn -0.0609 0.9980 0.0184
vn -0.0059 0.9233 0.3841
vn 0.0239 0.8034 0.5950
vn 0.0378 0.7626 0.6458
vn 0.0435 0.7668 0.6404
vn 0.0449 0.7783 0.6263
vn -0.0244 0.9994 -0.0244
vn -0.0263 0.9967 -0.0770
vn -0.0269 0.9909 -0.1317
vn -0.0272 0.9830 -0.1818
vn -0.0108 0.9997 -0.0232
vn 0.0433 0.9394 0.3402
vn 0.0669 0.8184 0.5708
vn 0.0753 0.7699 0.6337
vn 0.0854 0.7715 0.6304
vn 0.0937 0.7840 0.6137
vn -0.1600 0.7802 0.6047
vn -0.1446 0.8072 0.5723
vn -0.1814 0.8066 0.5625
vn -0.1662 0.8323 0.5288
vn -0.1659 0.8360 0.5230
vn -0.1235 0.7859 0.6058
vn -0.1119 0.8090 0.5770
vn -0.1246 0.8326 0.5396
vn -0.1307 0.8430 0.5218
vn -0.0923 0.7936 0.6013
vn -0.0905 0.8100 0.5794
vn -0.0936 0.8301 0.5497
vn -0.0978 0.8463 0.5236
vn -0.0576 0.7959 0.6027
vn -0.0579 0.8118 0.5811
vn -0.0568 0.8304 0.5543
vn -0.0700 0.8478 0.5256
vn -0.0219 0.7942 0.6073
vn -0.0235 0.8122 0.5829
vn -0.0177 0.8330 0.5530
vn 0.0095 0.7921 0.6103
vn 0.0158 0.8167 0.5769
vn 0.0237 0.8371 0.5465
vn 0.0372 0.8479 0.5288
vn 0.0537 0.7974 0.6010
vn 0.0598 0.8208 0.5681
vn 0.0577 0.8352 0.5468
vn 0.0570 0.8456 0.5307
vn 0.1013 0.8024 0.5881
vn 0.0995 0.8173 0.5676
vn 0.0974 0.8295 0.5499
vn 0.0998 0.8460 0.5238
vn -0.1554 0.8555 0.4940
vn -0.1703 0.8757 0.4518
vn -0.1792 0.8916 0.4158
vn -0.1683 0.9075 0.3848
vn -0.1815 0.9249 0.3341
vn -0.1903 0.9438 0.2704
vn -0.2061 0.9582 0.1986
vn -0.1789 0.9722 0.1513
vn -0.1282 0.8581 0.4972
vn -0.1340 0.8723 0.4702
vn -0.1452 0.8956 0.4204
vn -0.1368 0.9127 0.3851
vn -0.1399 0.9288 0.3432
vn -0.1493 0.9499 0.2746
vn -0.1276 0.9630 0.2373
vn -0.1637 0.9595 0.2291
vn -0.1391 0.9737 0.1803
vn -0.0940 0.8623 0.4976
vn -0.0961 0.8727 0.4787
vn -0.0815 0.8974 0.4335
vn -0.1110 0.8970 0.4279
vn -0.0942 0.9177 0.3859
vn -0.0964 0.9303 0.3538
vn -0.0980 0.9531 0.2864
vn -0.0832 0.9675 0.2389
vn -0.0913 0.9793 0.1808
vn -0.0382 0.8489 0.5272
vn -0.0564 0.8645 0.4995
vn -0.0561 0.8755 0.4800
vn -0.0488 0.8990 0.4352
vn -0.0524 0.9195 0.3895
vn -0.0516 0.9325 0.3575
vn -0.0516 0.9552 0.2913
vn -0.0485 0.9704 0.2366
vn -0.0454 0.9825 0.1807
vn -0.0098 0.8496 0.5273
vn -0.0153 0.8656 0.5005
vn -0.0163 0.8801 0.4745
vn -0.0112 0.9020 0.4316
vn -0.0095 0.9201 0.3915
vn -0.0072 0.9340 0.3571
vn -0.0021 0.9560 0.2934
vn -0.0017 0.9710 0.2392
vn 0.0028 0.9843 0.1764
vn 0.0098 0.8496 0.5274
vn 0.0210 0.8632 0.5044
vn 0.0251 0.8834 0.4680
vn 0.0302 0.9043 0.4259
vn 0.0296 0.9199 0.3910
vn 0.0366 0.9373 0.3466
vn 0.0446 0.9575 0.2851
vn 0.0412 0.9702 0.2387
vn 0.0523 0.9852 0.1630
vn 0.0588 0.8648 0.4987
vn 0.0702 0.8876 0.4552
vn 0.0677 0.9036 0.4230
vn 0.0718 0.9187 0.3883
vn 0.0826 0.9388 0.3345
vn 0.0864 0.9543 0.2860
vn 0.0720 0.9699 0.2326
vn 0.0948 0.9860 0.1373
vn 0.1065 0.8710 0.4797
vn 0.1100 0.8861 0.4503
vn 0.0924 0.9011 0.4236
vn 0.1235 0.9005 0.4169
vn 0.1118 0.9177 0.3813
vn 0.1313 0.9381 0.3205
vn 0.1573 0.9502 0.2689
vn 0.1348 0.9670 0.2161
vn 0.1922 0.9685 0.1581
vn 0.1534 0.9822 0.1081
vn -0.0738 -0.4006 -0.9133
vn -0.0786 -0.3825 -0.9206
vn -0.0887 -0.3180 -0.9439
vn -0.2185 0.4885 -0.8448
vn -0.0908 -0.2644 -0.9601
vn -0.0989 -0.2095 -0.9728
vn -0.1129 -0.1165 -0.9868
vn -0.1267 0.0012 -0.9919
vn -0.1412 0.1704 -0.9752
vn -0.1544 0.3186 -0.9352
vn -0.0302 -0.4070 -0.9129
vn -0.0314 -0.3904 -0.9201
vn -0.0341 -0.3396 -0.9399
vn -0.0394 -0.2746 -0.9607
vn -0.0468 -0.2187 -0.9747
vn -0.0583 -0.1270 -0.9902
vn -0.0694 -0.0093 -0.9975
vn -0.0835 0.1447 -0.9859
vn -0.1106 0.3008 -0.9473
vn 0.0118 -0.4133 -0.9105
vn 0.0089 -0.3879 -0.9217
vn 0.0113 -0.3451 -0.9385
vn 0.0050 -0.2889 -0.9573
vn -0.0053 -0.2296 -0.9733
vn -0.0145 -0.1379 -0.9903
vn -0.0203 -0.0187 -0.9996
vn -0.0270 0.1262 -0.9916
vn -0.0443 0.2858 -0.9572
vn 0.0503 -0.4161 -0.9079
vn 0.0497 -0.3861 -0.9211
vn 0.0496 -0.3458 -0.9370
vn 0.0443 -0.2976 -0.9537
vn 0.0450 -0.2323 -0.9716
vn 0.0441 -0.1427 -0.9888
vn 0.0406 -0.0218 -0.9989
vn 0.0346 0.1173 -0.9925
vn 0.0218 0.2730 -0.9618
vn 0.1028 -0.4569 -0.8835
vn 0.0857 -0.4139 -0.9063
vn 0.0898 -0.3825 -0.9196
vn 0.0923 -0.3431 -0.9348
vn 0.0882 -0.2950 -0.9514
vn 0.0914 -0.2274 -0.9695
vn 0.0929 -0.1449 -0.9851
vn 0.0911 -0.0261 -0.9955
vn 0.0868 0.1098 -0.9901
vn 0.0776 0.2587 -0.9628
vn 0.1370 -0.4509 -0.8820
vn 0.1304 -0.4085 -0.9034
vn 0.1336 -0.3746 -0.9175
vn 0.1373 -0.3375 -0.9312
vn 0.1302 -0.2872 -0.9490
vn 0.1365 -0.2186 -0.9662
vn 0.1439 -0.1437 -0.9791
vn 0.1476 -0.0277 -0.9887
vn 0.1497 0.1087 -0.9827
vn 0.1441 0.2396 -0.9601
vn 0.1716 -0.4411 -0.8809
vn 0.1651 -0.4024 -0.9004
vn 0.1733 -0.3648 -0.9148
vn 0.1825 -0.3200 -0.9297
vn 0.1980 -0.2549 -0.9465
vn 0.2576 0.3711 -0.8922
vn 0.1647 -0.2730 -0.9478
vn 0.1706 -0.2089 -0.9629
vn 0.1852 -0.1331 -0.9737
vn 0.1976 -0.0216 -0.9800
vn 0.1999 0.1126 -0.9733
vn 0.2060 0.2285 -0.9515
vn 0.2160 -0.4262 -0.8785
vn 0.2296 -0.3962 -0.8890
vn 0.1975 -0.3976 -0.8961
vn 0.2075 -0.3644 -0.9079
vn 0.2207 -0.3015 -0.9276
vn 0.2462 -0.2317 -0.9411
vn 0.2596 -0.1475 -0.9544
vn 0.2733 -0.0769 -0.9589
vn 0.2893 0.2029 -0.9355
vn 0.2925 0.3330 -0.8964
vn 0.2159 -0.1932 -0.9571
vn 0.2199 -0.1207 -0.9680
vn 0.2099 -0.0252 -0.9774
vn 0.2099 0.1067 -0.9719
vn 0.2305 0.2147 -0.9491
vn -0.2240 0.9729 0.0576
vn -0.1744 0.9838 0.0405
vn -0.2328 0.9695 -0.0763
vn -0.1815 0.9823 -0.0458
vn -0.2368 0.9342 -0.2669
vn -0.1960 0.9672 -0.1613
vn -0.2084 0.8694 -0.4480
vn -0.1960 0.6239 -0.7565
vn -0.1774 0.7512 -0.6357
vn -0.1544 0.4849 -0.8608
vn -0.1458 0.9873 0.0625
vn -0.1512 0.9868 -0.0579
vn -0.2062 0.9244 -0.3208
vn -0.1545 0.9701 -0.1873
vn -0.1759 0.8564 -0.4855
vn -0.1462 0.9209 -0.3615
vn -0.1443 0.6251 -0.7671
vn -0.1469 0.7560 -0.6379
vn -0.1207 0.4759 -0.8712
vn -0.0950 0.9930 0.0708
vn -0.0928 0.9937 -0.0626
vn -0.0826 0.9776 -0.1935
vn -0.0812 0.8491 -0.5220
vn -0.0652 0.9258 -0.3723
vn -0.0676 0.6251 -0.7776
vn -0.0688 0.7544 -0.6528
vn -0.0565 0.4692 -0.8813
vn -0.0424 0.9968 0.0671
vn -0.0391 0.9969 -0.0677
vn -0.0331 0.9775 -0.2085
vn -0.0215 0.8442 -0.5355
vn -0.0278 0.9236 -0.3824
vn 0.0043 0.6205 -0.7842
vn -0.0069 0.7471 -0.6647
vn 0.0114 0.4603 -0.8877
vn 0.0078 0.9978 0.0658
vn 0.0117 0.9974 -0.0708
vn 0.0176 0.9765 -0.2149
vn 0.0383 0.8331 -0.5518
vn 0.0243 0.9171 -0.3979
vn 0.0652 0.6027 -0.7953
vn 0.0479 0.7334 -0.6781
vn 0.0676 0.4483 -0.8913
vn 0.0673 0.9960 0.0590
vn 0.0873 0.9925 -0.0859
vn 0.1012 0.9731 -0.2071
vn 0.1190 0.8195 -0.5607
vn 0.0918 0.9111 -0.4019
vn 0.1415 0.5848 -0.7987
vn 0.1254 0.7171 -0.6856
vn 0.1260 0.4344 -0.8919
vn 0.1172 0.9924 0.0378
vn 0.1344 0.9849 -0.1092
vn 0.2240 0.8990 -0.3764
vn 0.1597 0.9624 -0.2196
vn 0.2096 0.8193 -0.5337
vn 0.1758 0.9017 -0.3950
vn 0.2262 0.5424 -0.8091
vn 0.1881 0.7021 -0.6868
vn 0.2052 0.4147 -0.8865
vn 0.1654 0.9859 0.0247
vn 0.2559 0.9377 -0.2350
vn 0.1665 0.9789 -0.1183
vn 0.2537 0.8957 -0.3652
vn 0.1813 0.9558 -0.2315
vn 0.3058 0.6675 -0.6789
vn 0.2495 0.8195 -0.5158
vn 0.2649 0.5085 -0.8193
vn 0.2155 0.6931 -0.6878
vn 0.0333 -0.6611 0.7495
vn 0.0462 -0.4727 0.8800
vn 0.0531 -0.2015 0.9781
vn 0.0387 -0.7644 0.6436
vn 0.0856 -0.6540 0.7516
vn 0.1214 -0.4704 0.8741
vn 0.1486 -0.1980 0.9689
vn 0.1091 -0.7608 0.6398
vn 0.1521 -0.6370 0.7557
vn 0.2095 -0.4485 0.8689
vn 0.2435 -0.1682 0.9552
vn 0.1993 -0.7349 0.6483
vn 0.2405 -0.6103 0.7548
vn 0.2841 -0.4268 0.8586
vn 0.2904 -0.1439 0.9460
vn 0.2694 -0.6957 0.6659
vn 0.3199 -0.5624 0.7625
vn 0.3901 -0.3545 0.8498
vn 0.4236 -0.0653 0.9035
vn 0.3297 -0.6653 0.6698
vn 0.3938 -0.5028 0.7695
vn 0.5084 -0.1925 0.8393
vn 0.4966 -0.4199 0.7597
vn 0.5284 -0.1425 0.8370
vn 0.3162 -0.5056 0.8027
vn 0.2872 -0.3616 0.8870
vn 0.2694 -0.1889 0.9443
vn 0.3120 -0.3528 0.8821
vn 0.3054 -0.1777 0.9355
vn 0.3955 -0.1600 0.9044
vn 0.0362 -0.8766 0.4799
vn 0.0400 -0.8171 0.5751
vn 0.0350 -0.9079 0.4178
vn 0.0284 -0.9523 0.3038
vn 0.0337 -0.9344 0.3547
vn 0.0275 -0.9681 0.2489
vn 0.0272 -0.9820 0.1870
vn 0.0279 -0.9819 0.1876
vn 0.1380 -0.7975 0.5873
vn 0.0548 -0.9232 0.3804
vn 0.2471 -0.0400 0.9682
vn 0.2170 -0.1306 0.9674
vn 0.1818 -0.5396 0.8221
vn 0.1014 -0.8699 0.4827
vn 0.1109 -0.8117 0.5734
vn 0.0983 -0.9036 0.4169
vn 0.0849 -0.9473 0.3088
vn 0.0947 -0.9278 0.3609
vn 0.0842 -0.9653 0.2472
vn 0.0812 -0.9786 0.1890
vn 0.0803 -0.9810 0.1767
vn 0.2788 -0.8219 0.4968
vn 0.1526 -0.9489 0.2763
vn 0.3025 -0.0577 0.9514
vn 0.2929 -0.1660 0.9416
vn 0.2552 -0.5454 0.7984
vn 0.1568 -0.8595 0.4865
vn 0.1836 -0.7976 0.5745
vn 0.1593 -0.8969 0.4126
vn 0.1342 -0.9425 0.3062
vn 0.1533 -0.9184 0.3647
vn 0.1383 -0.9602 0.2426
vn 0.1379 -0.9713 0.1939
vn 0.1441 -0.9769 0.1576
vn 0.2409 -0.8359 0.4933
vn 0.1700 -0.9635 0.2070
vn 0.3672 -0.0604 0.9282
vn 0.3683 -0.1556 0.9166
vn 0.3096 -0.5929 0.7434
vn 0.2189 -0.8575 0.4656
vn 0.2197 -0.8395 0.4969
vn 0.2676 -0.7734 0.5747
vn 0.2295 -0.8814 0.4129
vn 0.2868 -0.8170 0.5003
vn 0.1831 -0.9354 0.3026
vn 0.2223 -0.9071 0.3575
vn 0.1886 -0.9499 0.2491
vn 0.2371 -0.9230 0.3032
vn 0.1905 -0.9630 0.1905
vn 0.1945 -0.9709 0.1398
vn 0.1995 -0.9604 0.1945
vn 0.3209 -0.6908 0.6479
vn 0.2454 -0.8712 0.4252
vn 0.3432 -0.7433 0.5743
vn 0.4127 -0.6149 0.6719
vn 0.2948 -0.8574 0.4219
vn 0.3442 -0.7938 0.5014
vn 0.2881 -0.8902 0.3528
vn 0.2449 -0.9381 0.2449
vn 0.2929 -0.9102 0.2929
vn 0.2491 -0.9499 0.1886
vn 0.3032 -0.9230 0.2371
vn 0.2426 -0.9602 0.1383
vn 0.2732 -0.9503 0.1492
vn 0.4509 -0.7035 0.5493
vn 0.3816 -0.8694 0.3140
vn 0.4152 -0.6993 0.5818
vn 0.5085 -0.5174 0.6883
vn 0.5871 -0.1807 0.7891
vn 0.3553 -0.8303 0.4294
vn 0.4093 -0.7664 0.4951
vn 0.4970 -0.6377 0.5885
vn 0.3553 -0.8646 0.3553
vn 0.4204 -0.8041 0.4204
vn 0.3528 -0.8902 0.2881
vn 0.3026 -0.9354 0.1831
vn 0.3575 -0.9071 0.2223
vn 0.3062 -0.9425 0.1342
vn 0.3647 -0.9184 0.1533
vn 0.3080 -0.9472 0.0891
vn 0.3622 -0.9271 0.0966
vn 0.3891 -0.9106 0.1394
vn 0.3624 -0.9303 0.0575
vn 0.5579 -0.4530 0.6954
vn 0.5947 -0.1749 0.7847
vn 0.4977 -0.7104 0.4977
vn 0.5866 -0.5585 0.5866
vn 0.6634 -0.3461 0.6634
vn 0.4294 -0.8303 0.3553
vn 0.4951 -0.7664 0.4093
vn 0.5885 -0.6377 0.4970
vn 0.4219 -0.8574 0.2948
vn 0.5014 -0.7938 0.3442
vn 0.4129 -0.8814 0.2295
vn 0.5003 -0.8170 0.2868
vn 0.4126 -0.8969 0.1593
vn 0.4169 -0.9036 0.0983
vn 0.4232 -0.9048 0.0478
vn 0.7054 -0.0687 0.7054
vn 0.6954 -0.4530 0.5579
vn 0.7847 -0.1749 0.5947
vn 0.5818 -0.6993 0.4152
vn 0.6883 -0.5174 0.5085
vn 0.7891 -0.1807 0.5871
vn 0.5743 -0.7433 0.3432
vn 0.6719 -0.6149 0.4127
vn 0.4969 -0.8395 0.2197
vn 0.5747 -0.7734 0.2676
vn 0.4865 -0.8595 0.1568
vn 0.5745 -0.7976 0.1836
vn 0.4827 -0.8699 0.1014
vn 0.5734 -0.8117 0.1109
vn 0.4799 -0.8766 0.0362
vn 0.5751 -0.8171 0.0400
vn 0.7597 -0.4199 0.4966
vn 0.8370 -0.1425 0.5284
vn 0.6698 -0.6653 0.3297
vn 0.7695 -0.5028 0.3938
vn 0.8393 -0.1925 0.5084
vn 0.6659 -0.6957 0.2694
vn 0.7625 -0.5624 0.3199
vn 0.8498 -0.3545 0.3901
vn 0.6483 -0.7349 0.1993
vn 0.7548 -0.6103 0.2405
vn 0.6398 -0.7608 0.1091
vn 0.7557 -0.6370 0.1521
vn 0.6436 -0.7644 0.0387
vn 0.9035 -0.0653 0.4236
vn 0.8586 -0.4268 0.2841
vn 0.9460 -0.1439 0.2904
vn 0.8689 -0.4485 0.2095
vn 0.9552 -0.1682 0.2435
vn 0.7516 -0.6540 0.0856
vn 0.8741 -0.4704 0.1214
vn 0.9689 -0.1980 0.1486
vn 0.7495 -0.6611 0.0333
vn 0.8800 -0.4727 0.0462
vn 0.9781 -0.2015 0.0531
vn 0.0531 0.2015 0.9781
vn 0.0462 0.4727 0.8800
vn 0.0333 0.6611 0.7495
vn 0.0387 0.7644 0.6436
vn 0.1486 0.1980 0.9689
vn 0.1214 0.4704 0.8741
vn 0.0856 0.6540 0.7516
vn 0.1521 0.6370 0.7557
vn 0.1091 0.7608 0.6398
vn 0.2435 0.1682 0.9552
vn 0.2095 0.4485 0.8689
vn 0.2405 0.6103 0.7548
vn 0.1993 0.7349 0.6483
vn 0.2904 0.1439 0.9460
vn 0.2841 0.4268 0.8586
vn 0.3901 0.3545 0.8498
vn 0.3199 0.5624 0.7625
vn 0.2694 0.6957 0.6659
vn 0.4236 0.0653 0.9035
vn 0.5084 0.1925 0.8393
vn 0.3938 0.5028 0.7695
vn 0.3297 0.6653 0.6698
vn 0.5284 0.1425 0.8370
vn 0.4966 0.4199 0.7597
vn 0.0400 0.8171 0.5751
vn 0.0362 0.8766 0.4799
vn 0.0350 0.9079 0.4178
vn 0.0337 0.9344 0.3547
vn 0.0284 0.9523 0.3038
vn 0.0275 0.9681 0.2489
vn 0.0272 0.9820 0.1870
vn 0.0269 0.9909 0.1317
vn 0.0263 0.9967 0.0770
vn 0.0244 0.9994 0.0244
vn 0.1109 0.8117 0.5734
vn 0.1014 0.8699 0.4827
vn 0.0983 0.9036 0.4169
vn 0.0947 0.9278 0.3609
vn 0.0849 0.9473 0.3088
vn 0.0842 0.9653 0.2472
vn 0.0812 0.9786 0.1890
vn 0.0784 0.9882 0.1318
vn 0.0789 0.9938 0.0789
vn 0.0770 0.9967 0.0263
vn 0.1836 0.7976 0.5745
vn 0.1568 0.8595 0.4865
vn 0.1593 0.8969 0.4126
vn 0.1533 0.9184 0.3647
vn 0.1342 0.9425 0.3062
vn 0.1383 0.9602 0.2426
vn 0.1379 0.9713 0.1939
vn 0.1345 0.9818 0.1344
vn 0.1318 0.9882 0.0784
vn 0.1317 0.9909 0.0269
vn 0.2676 0.7734 0.5747
vn 0.2197 0.8395 0.4969
vn 0.2868 0.8170 0.5003
vn 0.2295 0.8814 0.4129
vn 0.2223 0.9071 0.3575
vn 0.1831 0.9354 0.3026
vn 0.2371 0.9230 0.3032
vn 0.1886 0.9499 0.2491
vn 0.1905 0.9630 0.1905
vn 0.1939 0.9713 0.1379
vn 0.1890 0.9786 0.0812
vn 0.1870 0.9820 0.0272
vn 0.4127 0.6150 0.6719
vn 0.3432 0.7433 0.5743
vn 0.3442 0.7938 0.5014
vn 0.2948 0.8574 0.4219
vn 0.2881 0.8902 0.3528
vn 0.2929 0.9102 0.2929
vn 0.2449 0.9381 0.2449
vn 0.3032 0.9230 0.2371
vn 0.2491 0.9499 0.1886
vn 0.2426 0.9602 0.1383
vn 0.2472 0.9653 0.0842
vn 0.2489 0.9681 0.0275
vn 0.5871 0.1807 0.7891
vn 0.5085 0.5174 0.6883
vn 0.4152 0.6993 0.5818
vn 0.4970 0.6377 0.5885
vn 0.4093 0.7664 0.4951
vn 0.3553 0.8303 0.4294
vn 0.4204 0.8041 0.4204
vn 0.3553 0.8646 0.3553
vn 0.3528 0.8902 0.2881
vn 0.3575 0.9071 0.2223
vn 0.3026 0.9354 0.1831
vn 0.3647 0.9184 0.1533
vn 0.3062 0.9425 0.1342
vn 0.3609 0.9278 0.0947
vn 0.3088 0.9473 0.0849
vn 0.3547 0.9344 0.0337
vn 0.3038 0.9523 0.0284
vn 0.5947 0.1749 0.7847
vn 0.5579 0.4530 0.6954
vn 0.6634 0.3461 0.6634
vn 0.5866 0.5585 0.5866
vn 0.4977 0.7104 0.4977
vn 0.5885 0.6377 0.4970
vn 0.4951 0.7664 0.4093
vn 0.4294 0.8303 0.3553
vn 0.5014 0.7938 0.3442
vn 0.4219 0.8574 0.2948
vn 0.5003 0.8170 0.2868
vn 0.4129 0.8814 0.2295
vn 0.4126 0.8969 0.1593
vn 0.4169 0.9036 0.0983
vn 0.4178 0.9079 0.0350
vn 0.7054 0.0687 0.7054
vn 0.7847 0.1749 0.5947
vn 0.6954 0.4530 0.5579
vn 0.7891 0.1807 0.5871
vn 0.6883 0.5174 0.5085
vn 0.5818 0.6993 0.4152
vn 0.6719 0.6150 0.4127
vn 0.5743 0.7433 0.3432
vn 0.5747 0.7734 0.2676
vn 0.4969 0.8395 0.2197
vn 0.5745 0.7976 0.1836
vn 0.4865 0.8595 0.1568
vn 0.5734 0.8117 0.1109
vn 0.4827 0.8699 0.1014
vn 0.5751 0.8171 0.0400
vn 0.4799 0.8766 0.0362
vn 0.8370 0.1425 0.5284
vn 0.7597 0.4199 0.4966
vn 0.8393 0.1925 0.5084
vn 0.7695 0.5028 0.3938
vn 0.6698 0.6653 0.3297
vn 0.8498 0.3545 0.3901
vn 0.7625 0.5624 0.3199
vn 0.6659 0.6957 0.2694
vn 0.7548 0.6103 0.2405
vn 0.6483 0.7349 0.1993
vn 0.7557 0.6370 0.1521
vn 0.6398 0.7608 0.1091
vn 0.6436 0.7644 0.0387
vn 0.9035 0.0653 0.4236
vn 0.9460 0.1439 0.2904
vn 0.8586 0.4268 0.2841
vn 0.9552 0.1682 0.2435
vn 0.8689 0.4485 0.2095
vn 0.9689 0.1980 0.1486
vn 0.8741 0.4704 0.1214
vn 0.7516 0.6540 0.0856
vn 0.9781 0.2015 0.0531
vn 0.8800 0.4727 0.0462
vn 0.7495 0.6611 0.0333
vn 0.3339 -0.7538 0.5660
vn 0.3465 -0.6350 0.6904
vn 0.3350 -0.5122 0.7908
vn 0.3256 -0.8546 0.4046
vn 0.3580 -0.7513 0.5544
vn 0.3271 -0.9200 0.2158
vn 0.3304 -0.9428 0.0451
vn 0.3134 -0.9458 -0.0849
vn 0.2910 -0.9366 -0.1953
vn 0.2661 -0.9249 -0.2715
vn 0.2993 -0.8998 -0.3175
vn 0.2492 -0.9061 -0.3420
vn 0.2724 -0.8822 -0.3840
vn 0.3430 -0.6487 0.6793
vn 0.3798 -0.4816 0.7898
vn 0.4131 -0.3059 0.8578
vn 0.3413 -0.8553 0.3898
vn 0.3941 -0.7620 0.5139
vn 0.3471 -0.9166 0.1985
vn 0.4455 -0.8300 0.3355
vn 0.3575 -0.9323 0.0550
vn 0.3475 -0.9351 -0.0700
vn 0.3327 -0.9268 -0.1743
vn 0.3623 -0.9068 -0.2156
vn 0.3176 -0.9143 -0.2512
vn 0.3482 -0.8921 -0.2880
vn 0.3158 -0.8819 -0.3500
vn 0.4479 -0.6230 0.6413
vn 0.4965 -0.4560 0.7386
vn 0.4898 -0.2719 0.8284
vn 0.5138 -0.7194 0.4674
vn 0.5565 -0.5873 0.5877
vn 0.4451 -0.8801 0.1652
vn 0.5395 -0.7977 0.2693
vn 0.4203 -0.9055 0.0579
vn 0.4885 -0.8657 0.1093
vn 0.4013 -0.9140 -0.0599
vn 0.4463 -0.8932 -0.0551
vn 0.3854 -0.9125 -0.1371
vn 0.4170 -0.8942 -0.1630
vn 0.3806 -0.8880 -0.2582
vn 0.3572 -0.8783 -0.3179
vn 0.3879 -0.8508 -0.3546
vn 0.5184 -0.4660 0.7170
vn 0.4692 -0.3430 0.8138
vn 0.5453 -0.7067 0.4508
vn 0.5518 -0.6028 0.5764
vn 0.5397 -0.4781 0.6929
vn 0.5077 -0.8031 0.3118
vn 0.5535 -0.7176 0.4227
vn 0.4792 -0.8640 0.1546
vn 0.5609 -0.7830 0.2688
vn 0.4694 -0.8828 -0.0205
vn 0.4378 -0.8875 -0.1439
vn 0.4843 -0.8552 -0.1847
vn 0.4244 -0.8732 -0.2397
vn 0.4597 -0.8500 -0.2572
vn 0.4111 -0.8610 -0.2996
vn 0.4324 -0.8435 -0.3187
vn 0.5416 -0.3162 0.7789
vn 0.5781 -0.5938 0.5597
vn 0.6150 -0.4328 0.6591
vn 0.6139 -0.6812 0.3989
vn 0.6558 -0.5538 0.5131
vn 0.5577 -0.8232 0.1069
vn 0.6368 -0.7456 0.1962
vn 0.5350 -0.8448 -0.0012
vn 0.5952 -0.8028 0.0360
vn 0.5165 -0.8510 -0.0945
vn 0.5514 -0.8259 -0.1174
vn 0.4994 -0.8416 -0.2057
vn 0.4516 -0.8388 -0.3042
vn 0.4933 -0.8005 -0.3404
vn 0.6573 -0.4235 0.6234
vn 0.6627 -0.6575 0.3585
vn 0.6965 -0.5334 0.4800
vn 0.6564 -0.7253 0.2075
vn 0.6835 -0.6584 0.3152
vn 0.6201 -0.7806 0.0789
vn 0.6657 -0.7372 0.1156
vn 0.5790 -0.8125 -0.0672
vn 0.6311 -0.7749 -0.0343
vn 0.5465 -0.8226 -0.1572
vn 0.6037 -0.7790 -0.1691
vn 0.5253 -0.8096 -0.2621
vn 0.5577 -0.7799 -0.2842
vn 0.7208 -0.6282 0.2930
vn 0.7121 -0.6870 0.1446
vn 0.6858 -0.7278 -0.0090
vn 0.6466 -0.7489 -0.1454
vn 0.6066 -0.7637 -0.2209
vn 0.4321 -0.1189 0.8940
vn 0.3738 -0.0624 0.9254
vn 0.3975 -0.3956 0.8280
vn 0.4448 -0.1633 0.8806
vn 0.4065 -0.1616 0.8993
vn 0.3558 -0.4785 0.8028
vn 0.5390 -0.1465 0.8295
vn 0.5186 -0.1791 0.8360
vn 0.5725 -0.4408 0.6913
vn 0.5816 -0.6874 0.4350
vn 0.6195 -0.2259 0.7518
vn 0.5681 -0.1557 0.8081
vn 0.6489 -0.2451 0.7203
vn 0.6754 -0.4794 0.5603
vn 0.5330 -0.8065 0.2559
vn 0.4305 -0.8984 0.0862
vn 0.6485 -0.2798 0.7079
vn 0.5961 -0.1671 0.7853
vn 0.6327 -0.1615 0.7573
vn 0.6283 -0.5304 0.5691
vn 0.6861 -0.3937 0.6118
vn 0.6718 -0.1964 0.7142
vn 0.6668 -0.0555 0.7431
vn 0.6877 -0.2702 0.6738
vn 0.7042 -0.5330 0.4691
vn 0.5596 -0.8022 0.2080
vn 0.4506 -0.8910 0.0554
vn 0.6856 -0.6071 0.4017
vn 0.5986 -0.7810 0.1780
vn 0.7256 -0.3758 0.5764
vn 0.7205 -0.2290 0.6546
vn 0.6893 -0.1226 0.7140
vn 0.7154 -0.3201 0.6211
vn 0.7015 -0.5824 0.4108
vn 0.7753 -0.4830 0.4071
vn 0.7821 -0.3085 0.5414
vn 0.7596 -0.1824 0.6243
vn 0.7688 -0.6062 0.2038
vn 0.7389 -0.6734 0.0228
vn 0.6881 -0.7177 -0.1070
vn 0.6423 -0.7336 -0.2220
vn 0.5035 -0.8639 -0.0101
vn 0.5751 -0.8171 -0.0400
vn 0.5994 -0.8000 0.0263
vn 0.5970 -0.7999 -0.0611
vn 0.7438 -0.1135 0.6587
vn 0.7642 -0.2223 0.6055
vn 0.7741 -0.5621 0.2913
vn 0.7002 -0.7122 0.0501
vn 0.8252 -0.4389 0.3556
vn 0.8149 -0.3459 0.4651
vn 0.7928 -0.1743 0.5840
vn 0.7808 -0.1224 0.6127
vn 0.8680 -0.2456 0.4316
vn 0.8278 -0.5286 0.1879
vn 0.8072 -0.5347 0.2500
vn 0.8174 -0.4579 0.3496
vn 0.8296 -0.2459 0.5013
vn 0.8113 -0.0980 0.5763
vn 0.8395 -0.0733 0.5384
vn 0.7684 -0.6358 0.0726
vn 0.8096 -0.5709 0.1363
vn 0.7270 -0.6829 -0.0707
vn 0.7839 -0.6193 -0.0441
vn 0.6929 -0.6939 -0.1960
vn 0.7355 -0.6579 -0.1622
vn 0.2571 -0.8734 -0.4135
vn 0.2454 -0.8601 -0.4471
vn 0.2503 -0.8397 -0.4820
vn 0.2414 -0.8187 -0.5211
vn 0.2585 -0.8002 -0.5412
vn 0.2300 -0.8080 -0.5425
vn 0.2471 -0.7904 -0.5606
vn 0.2385 -0.7747 -0.5856
vn 0.2852 -0.8675 -0.4075
vn 0.3129 -0.8422 -0.4391
vn 0.2770 -0.8531 -0.4422
vn 0.2962 -0.8352 -0.4634
vn 0.2824 -0.8163 -0.5040
vn 0.2845 -0.7951 -0.5357
vn 0.2790 -0.7821 -0.5572
vn 0.2691 -0.7693 -0.5794
vn 0.3364 -0.8580 -0.3881
vn 0.3570 -0.8340 -0.4208
vn 0.3332 -0.8282 -0.4507
vn 0.3547 -0.8039 -0.4775
vn 0.3185 -0.8119 -0.4893
vn 0.3329 -0.7928 -0.5105
vn 0.3117 -0.7776 -0.5461
vn 0.3911 -0.8404 -0.3751
vn 0.4204 -0.8100 -0.4090
vn 0.3609 -0.8224 -0.4397
vn 0.3857 -0.7925 -0.4724
vn 0.3760 -0.7853 -0.4919
vn 0.3573 -0.7686 -0.5307
vn 0.4454 -0.8251 -0.3477
vn 0.4804 -0.7926 -0.3754
vn 0.4374 -0.7911 -0.4276
vn 0.4023 -0.7782 -0.4822
vn 0.5024 -0.7873 -0.3573
vn 0.4908 -0.7776 -0.3930
vn 0.5737 -0.7596 -0.3064
vn 0.2355 -0.7551 -0.6118
vn 0.2299 -0.7368 -0.6359
vn 0.2319 -0.7172 -0.6571
vn 0.2312 -0.7024 -0.6732
vn 0.2366 -0.6851 -0.6889
vn 0.2316 -0.6693 -0.7059
vn 0.2334 -0.6517 -0.7217
vn 0.2943 -0.7627 -0.5759
vn 0.2829 -0.7511 -0.5965
vn 0.2762 -0.7328 -0.6219
vn 0.2743 -0.7149 -0.6431
vn 0.2619 -0.6980 -0.6665
vn 0.2657 -0.6812 -0.6822
vn 0.2583 -0.6640 -0.7017
vn 0.2701 -0.6403 -0.7191
vn 0.3200 -0.7546 -0.5729
vn 0.3117 -0.7422 -0.5933
vn 0.3267 -0.7202 -0.6120
vn 0.3036 -0.7271 -0.6158
vn 0.3165 -0.7084 -0.6309
vn 0.3299 -0.6869 -0.6476
vn 0.3039 -0.6916 -0.6552
vn 0.3177 -0.6705 -0.6704
vn 0.3315 -0.6456 -0.6880
vn 0.3035 -0.6532 -0.6937
vn 0.3170 -0.6273 -0.7114
vn 0.3282 -0.6071 -0.7237
vn 0.3965 -0.7588 -0.5167
vn 0.3763 -0.7473 -0.5477
vn 0.3973 -0.7247 -0.5630
vn 0.3487 -0.7352 -0.5812
vn 0.3662 -0.7145 -0.5962
vn 0.3410 -0.7034 -0.6236
vn 0.3527 -0.6809 -0.6419
vn 0.3386 -0.6646 -0.6661
vn 0.3519 -0.6410 -0.6821
vn 0.3376 -0.6221 -0.7064
vn 0.3603 -0.5951 -0.7183
vn 0.3941 -0.5622 -0.7270
vn 0.4630 -0.7623 -0.4523
vn 0.4294 -0.7466 -0.5081
vn 0.4145 -0.7376 -0.5331
vn 0.4317 -0.7132 -0.5522
vn 0.4223 -0.7019 -0.5737
vn 0.4407 -0.6749 -0.5918
vn 0.3948 -0.6893 -0.6075
vn 0.4199 -0.6626 -0.6202
vn 0.4420 -0.6337 -0.6349
vn 0.3941 -0.6494 -0.6503
vn 0.4205 -0.6196 -0.6628
vn 0.4431 -0.5896 -0.6753
vn 0.3935 -0.6065 -0.6909
vn 0.4240 -0.5712 -0.7028
vn 0.4348 -0.5481 -0.7145
vn 0.5383 -0.7512 -0.3820
vn 0.5227 -0.7408 -0.4218
vn 0.4950 -0.7296 -0.4719
vn 0.5077 -0.7147 -0.4812
vn 0.4588 -0.7245 -0.5144
vn 0.4693 -0.7077 -0.5281
vn 0.4948 -0.6776 -0.5441
vn 0.4449 -0.6939 -0.5662
vn 0.4621 -0.6689 -0.5822
vn 0.4956 -0.6336 -0.5940
vn 0.4442 -0.6539 -0.6124
vn 0.4641 -0.6254 -0.6273
vn 0.4947 -0.5928 -0.6355
vn 0.4449 -0.6106 -0.6551
vn 0.4619 -0.5806 -0.6705
vn 0.4908 -0.5471 -0.6781
vn 0.4458 -0.5647 -0.6946
vn 0.4639 -0.5302 -0.7097
vn 0.4987 -0.4847 -0.7186
vn 0.6004 -0.7278 -0.3315
vn 0.6212 -0.7048 -0.3426
vn 0.5545 -0.7276 -0.4039
vn 0.5768 -0.7116 -0.4012
vn 0.5336 -0.7202 -0.4433
vn 0.5446 -0.7042 -0.4555
vn 0.5830 -0.6554 -0.4802
vn 0.5297 -0.6873 -0.4971
vn 0.5616 -0.6505 -0.5113
vn 0.5809 -0.6208 -0.5264
vn 0.5322 -0.6414 -0.5525
vn 0.5607 -0.6034 -0.5670
vn 0.5745 -0.5792 -0.5783
vn 0.5354 -0.5966 -0.5979
vn 0.5590 -0.5671 -0.6050
vn 0.5780 -0.5279 -0.6223
vn 0.5303 -0.5528 -0.6428
vn 0.5597 -0.5144 -0.6497
vn 0.5820 -0.4798 -0.6566
vn 0.5270 -0.5006 -0.6868
vn 0.5451 -0.4590 -0.7016
vn 0.5707 -0.4216 -0.7047
vn 0.6615 -0.6993 -0.2710
vn 0.6824 -0.6735 -0.2841
vn 0.7158 -0.6274 -0.3066
vn 0.6497 -0.6711 -0.3570
vn 0.6903 -0.6261 -0.3626
vn 0.6143 -0.6636 -0.4270
vn 0.6485 -0.6262 -0.4328
vn 0.6659 -0.6079 -0.4324
vn 0.6073 -0.6319 -0.4816
vn 0.6218 -0.6089 -0.4925
vn 0.6624 -0.5532 -0.5052
vn 0.5905 -0.5923 -0.5482
vn 0.6150 -0.5600 -0.5551
vn 0.6621 -0.5072 -0.5517
vn 0.5871 -0.5508 -0.5932
vn 0.6184 -0.4951 -0.6102
vn 0.6630 -0.4401 -0.6057
vn 0.6023 -0.4859 -0.6334
vn 0.6395 -0.4375 -0.6322
vn 0.6813 -0.3674 -0.6331
vn 0.6109 -0.4326 -0.6631
vn 0.6490 -0.3724 -0.6634
vn 0.2293 -0.6316 -0.7406
vn 0.2313 -0.6122 -0.7561
vn 0.2315 -0.5875 -0.7754
vn 0.2468 -0.5578 -0.7924
vn 0.2595 -0.5366 -0.8029
vn 0.2322 -0.5379 -0.8104
vn 0.2404 -0.5146 -0.8230
vn 0.2452 -0.4924 -0.8351
vn 0.2433 -0.4576 -0.8552
vn 0.2689 -0.6212 -0.7361
vn 0.2817 -0.5953 -0.7525
vn 0.2954 -0.5728 -0.7646
vn 0.2686 -0.5775 -0.7709
vn 0.2790 -0.5517 -0.7860
vn 0.2791 -0.5383 -0.7952
vn 0.2703 -0.5081 -0.8178
vn 0.2909 -0.4663 -0.8354
vn 0.2775 -0.4436 -0.8522
vn 0.3029 -0.6126 -0.7301
vn 0.3141 -0.5886 -0.7449
vn 0.3166 -0.5754 -0.7541
vn 0.3017 -0.5489 -0.7796
vn 0.3288 -0.5139 -0.7923
vn 0.3579 -0.4729 -0.8051
vn 0.3139 -0.4919 -0.8121
vn 0.3351 -0.4461 -0.8299
vn 0.3419 -0.5814 -0.7383
vn 0.3740 -0.5500 -0.7468
vn 0.4021 -0.5121 -0.7590
vn 0.3542 -0.5318 -0.7692
vn 0.3805 -0.4861 -0.7867
vn 0.3855 -0.4691 -0.7946
vn 0.3606 -0.4414 -0.8217
vn 0.4183 -0.5283 -0.7389
vn 0.4292 -0.5049 -0.7490
vn 0.4561 -0.4585 -0.7627
vn 0.4038 -0.4805 -0.7785
vn 0.4308 -0.4360 -0.7902
vn 0.4543 -0.5137 -0.7278
vn 0.4841 -0.4751 -0.7348
vn 0.5140 -0.4278 -0.7435
vn 0.4861 -0.4021 -0.7759
vn 0.5250 -0.4492 -0.7229
vn 0.5405 -0.4120 -0.7335
vn 0.6436 -0.7644 -0.0387
vn 0.6453 -0.7590 -0.0866
vn 0.7680 -0.6261 -0.1347
vn 0.7301 -0.6767 -0.0951
vn 0.7789 -0.5835 -0.2297
vn 0.8940 -0.2127 0.3943
vn 0.8692 -0.4848 0.0972
vn 0.8737 -0.4490 -0.1874
vn 0.9040 -0.2848 -0.3190
vn 0.8484 -0.4256 0.3148
vn 0.8902 -0.2516 0.3797
vn 0.8721 -0.1365 0.4700
vn 0.8455 -0.0594 0.5306
vn 0.9247 -0.1972 0.3258
vn 0.9895 -0.1397 -0.0364
vn 0.9398 -0.1298 -0.3161
vn 0.8636 -0.4838 0.1421
vn 0.9054 -0.3507 0.2395
vn 0.8916 -0.2540 0.3750
vn 0.8758 -0.0673 0.4779
vn 0.9038 0.0252 0.4273
vn 0.9344 0.1287 0.3323
vn 0.9857 0.1439 0.0874
vn 0.8423 -0.5390 -0.0009
vn 0.8706 -0.4866 0.0724
vn 0.9092 -0.3868 0.1539
vn 0.8911 0.1831 0.4152
vn 0.8749 0.2847 0.3919
vn 0.7981 -0.5941 -0.1008
vn 0.8272 -0.5566 -0.0773
vn 0.8820 -0.4696 -0.0397
vn 0.7495 -0.6611 -0.0333
vn 0.8800 -0.4727 -0.0462
vn 0.9781 -0.2015 -0.0531
vn 0.7516 -0.6540 -0.0856
vn 0.8741 -0.4704 -0.1214
vn 0.9689 -0.1980 -0.1486
vn 0.8762 -0.4366 -0.2041
vn 0.9552 -0.1682 -0.2435
vn 0.8753 -0.3994 -0.2726
vn 0.9464 -0.1444 -0.2890
vn 0.9153 -0.0647 -0.3975
vn 0.9102 -0.2399 0.3376
vn 0.9157 -0.0608 0.3972
vn 0.9043 0.0606 0.4225
vn 0.8901 0.1398 0.4338
vn 0.9363 -0.3096 0.1658
vn 0.9648 -0.1195 0.2342
vn 0.9410 0.0003 0.3383
vn 0.8975 0.1486 0.4153
vn 0.8630 0.2377 0.4458
vn 0.9308 -0.3656 -0.0046
vn 0.9703 -0.2301 0.0751
vn 0.9757 -0.1138 0.1873
vn 0.9538 0.0597 0.2943
vn 0.9077 0.2140 0.3608
vn 0.7553 -0.6189 -0.2157
vn 0.7918 -0.5644 -0.2334
vn 0.8371 -0.5147 -0.1855
vn 0.7461 -0.5835 -0.3209
vn 0.7753 -0.5643 -0.2837
vn 0.8125 -0.5027 -0.2953
vn 0.7070 -0.5983 -0.3772
vn 0.7252 -0.5739 -0.3805
vn 0.7637 -0.5118 -0.3935
vn 0.6991 -0.5622 -0.4419
vn 0.7360 -0.5012 -0.4551
vn 0.7583 -0.4640 -0.4579
vn 0.7052 -0.5042 -0.4984
vn 0.7356 -0.4572 -0.4998
vn 0.7608 -0.3990 -0.5118
vn 0.8100 -0.3136 -0.4955
vn 0.6998 -0.4429 -0.5605
vn 0.7252 -0.3918 -0.5661
vn 0.7732 -0.3017 -0.5577
vn 0.7001 -0.3877 -0.5996
vn 0.7370 -0.3274 -0.5912
vn 0.9009 -0.4160 -0.1234
vn 0.9383 -0.3416 -0.0542
vn 0.9788 -0.1997 0.0460
vn 0.9879 -0.0715 0.1378
vn 0.9549 0.1615 0.2491
vn 0.8614 -0.4683 -0.1966
vn 0.8965 -0.3972 -0.1962
vn 0.9500 -0.2798 -0.1382
vn 0.9834 -0.1674 -0.0697
vn 0.9724 0.1528 0.1761
vn 0.9907 -0.1052 -0.0862
vn 0.8579 -0.4140 -0.3043
vn 0.8995 -0.3392 -0.2753
vn 0.9522 -0.2226 -0.2093
vn 0.9824 -0.0895 -0.1639
vn 0.8078 -0.4383 -0.3941
vn 0.8428 -0.3846 -0.3766
vn 0.8989 -0.2831 -0.3345
vn 0.9490 -0.1499 -0.2773
vn 0.8058 -0.3990 -0.4376
vn 0.8548 -0.3091 -0.4169
vn 0.8935 -0.2150 -0.3942
vn 0.8591 -0.2181 -0.4629
vn 0.9945 -0.0716 0.0770
vn 0.9880 0.0572 0.1436
vn 0.9958 -0.0896 -0.0175
vn 0.9996 0.0122 0.0258
vn 0.9953 -0.0279 -0.0922
vn 0.0244 0.9994 -0.0244
vn 0.0263 0.9967 -0.0770
vn 0.0269 0.9909 -0.1317
vn 0.0274 0.9829 -0.1823
vn 0.0388 0.9973 -0.0631
vn 0.0812 0.9524 0.2938
vn 0.1107 0.8320 0.5436
vn 0.1322 0.7737 0.6196
vn 0.1386 0.7734 0.6185
vn 0.1358 0.7834 0.6065
vn 0.0770 0.9967 -0.0263
vn 0.0789 0.9938 -0.0789
vn 0.0784 0.9882 -0.1318
vn 0.0819 0.9791 -0.1862
vn 0.0956 0.9911 -0.0929
vn 0.1329 0.9591 0.2497
vn 0.1540 0.8443 0.5133
vn 0.1730 0.7748 0.6081
vn 0.1676 0.7624 0.6250
vn 0.1531 0.7768 0.6108
vn 0.1317 0.9909 -0.0269
vn 0.1318 0.9882 -0.0784
vn 0.1345 0.9818 -0.1344
vn 0.1376 0.9718 -0.1915
vn 0.1491 0.9816 -0.1189
vn 0.1891 0.9556 0.2258
vn 0.2107 0.8295 0.5172
vn 0.1853 0.7762 0.6026
vn 0.2483 0.7661 0.5928
vn 0.2194 0.7601 0.6116
vn 0.1990 0.7757 0.5989
vn 0.1870 0.9820 -0.0272
vn 0.1890 0.9786 -0.0812
vn 0.1939 0.9713 -0.1379
vn 0.1911 0.9636 -0.1872
vn 0.2936 0.9424 -0.1604
vn 0.2118 0.9615 -0.1752
vn 0.3303 0.9428 0.0463
vn 0.2966 0.9429 0.1514
vn 0.3841 0.8541 0.3507
vn 0.3473 0.7983 0.4921
vn 0.3027 0.7480 0.5906
vn 0.2772 0.7552 0.5940
vn 0.2489 0.9681 -0.0275
vn 0.2472 0.9653 -0.0842
vn 0.2426 0.9602 -0.1383
vn 0.3045 0.9239 -0.2319
vn 0.2494 0.9500 -0.1877
vn 0.2910 0.9276 -0.2343
vn 0.2434 0.9416 -0.2325
vn 0.3526 0.9357 0.0044
vn 0.3706 0.8389 0.3987
vn 0.3421 0.7353 0.5851
vn 0.3219 0.7163 0.6191
vn 0.2899 0.7482 0.5968
vn 0.3547 0.9344 -0.0337
vn 0.3038 0.9523 -0.0284
vn 0.3609 0.9278 -0.0947
vn 0.3088 0.9473 -0.0849
vn 0.3647 0.9184 -0.1533
vn 0.3062 0.9425 -0.1342
vn 0.3574 0.9073 -0.2214
vn 0.3026 0.9354 -0.1831
vn 0.3811 0.8868 -0.2615
vn 0.5151 0.8519 -0.0941
vn 0.4826 0.8698 -0.1031
vn 0.5615 0.7892 0.2489
vn 0.4565 0.7627 0.4581
vn 0.3818 0.7070 0.5953
vn 0.4246 0.6897 0.5866
vn 0.4070 0.6941 0.5938
vn 0.4178 0.9079 -0.0350
vn 0.4169 0.9036 -0.0983
vn 0.4126 0.8969 -0.1593
vn 0.4902 0.8276 -0.2734
vn 0.4127 0.8806 -0.2327
vn 0.4652 0.8281 -0.3128
vn 0.4064 0.8638 -0.2979
vn 0.6668 0.7323 -0.1386
vn 0.5355 0.8197 -0.2032
vn 0.4382 0.8465 -0.3022
vn 0.6835 0.7038 0.1934
vn 0.5748 0.7052 0.4152
vn 0.4564 0.6845 0.5685
vn 0.5265 0.6362 0.5640
vn 0.4693 0.6717 0.5732
vn 0.4445 0.6892 0.5722
vn 0.5751 0.8171 -0.0400
vn 0.4799 0.8766 -0.0362
vn 0.5734 0.8117 -0.1109
vn 0.4827 0.8699 -0.1014
vn 0.5745 0.7976 -0.1836
vn 0.4865 0.8595 -0.1568
vn 0.5759 0.7762 -0.2568
vn 0.4969 0.8395 -0.2197
vn 0.6918 0.6265 -0.3590
vn 0.5856 0.7526 -0.3012
vn 0.8063 0.5770 -0.1301
vn 0.7006 0.6568 -0.2788
vn 0.5677 0.7169 -0.4047
vn 0.7719 0.6048 0.1958
vn 0.6741 0.6436 0.3624
vn 0.5836 0.6022 0.5447
vn 0.6368 0.5570 0.5331
vn 0.5932 0.5837 0.5545
vn 0.5501 0.6315 0.5464
vn 0.1292 0.7947 0.5930
vn 0.1132 0.8128 0.5715
vn 0.1324 0.8324 0.5381
vn 0.1495 0.8490 0.5068
vn 0.1727 0.7916 0.5862
vn 0.1541 0.8125 0.5622
vn 0.2041 0.8124 0.5461
vn 0.1888 0.8355 0.5161
vn 0.1995 0.8440 0.4979
vn 0.2236 0.8615 0.4558
vn 0.2525 0.7719 0.5835
vn 0.2329 0.7949 0.5603
vn 0.2403 0.8068 0.5398
vn 0.2283 0.8278 0.5125
vn 0.2433 0.8412 0.4829
vn 0.2652 0.8607 0.4347
vn 0.2795 0.7654 0.5796
vn 0.2688 0.7869 0.5555
vn 0.2830 0.8004 0.5285
vn 0.2639 0.8219 0.5048
vn 0.3189 0.8163 0.4817
vn 0.2955 0.8416 0.4520
vn 0.3190 0.8552 0.4084
vn 0.3494 0.8646 0.3610
vn 0.3656 0.7306 0.5766
vn 0.3304 0.7660 0.5515
vn 0.3108 0.7809 0.5419
vn 0.3714 0.7698 0.5192
vn 0.3461 0.7952 0.4979
vn 0.3748 0.8081 0.4544
vn 0.3509 0.8312 0.4312
vn 0.4064 0.8152 0.4127
vn 0.3742 0.8423 0.3879
vn 0.4179 0.8537 0.3108
vn 0.4669 0.8610 0.2018
vn 0.5203 0.8500 0.0827
vn 0.5772 0.8136 -0.0702
vn 0.4417 0.7070 0.5523
vn 0.4083 0.7506 0.5194
vn 0.4246 0.7547 0.5002
vn 0.3941 0.7841 0.4794
vn 0.4597 0.7601 0.4592
vn 0.4180 0.8021 0.4265
vn 0.4714 0.8028 0.3652
vn 0.4482 0.8227 0.3496
vn 0.5172 0.8008 0.3019
vn 0.4785 0.8345 0.2732
vn 0.5164 0.8408 0.1623
vn 0.5692 0.8212 0.0404
vn 0.6327 0.7647 -0.1220
vn 0.5052 0.6695 0.5446
vn 0.4712 0.7019 0.5342
vn 0.4529 0.7330 0.5075
vn 0.5120 0.7173 0.4725
vn 0.4839 0.7462 0.4572
vn 0.5367 0.7347 0.4150
vn 0.4978 0.7746 0.3900
vn 0.5832 0.7321 0.3520
vn 0.5218 0.7920 0.3170
vn 0.5815 0.7824 0.2228
vn 0.5620 0.7970 0.2210
vn 0.6536 0.7496 0.1041
vn 0.5932 0.7956 0.1232
vn 0.7051 0.7071 -0.0524
vn 0.6318 0.7750 -0.0087
vn 0.6148 -0.3558 -0.7039
vn 0.7741 0.5026 -0.3849
vn 0.7080 0.6676 -0.2302
vn 0.6659 0.7270 -0.1674
vn 0.6274 0.5939 0.5036
vn 0.5917 0.6354 0.4961
vn 0.5542 0.6710 0.4926
vn 0.6315 0.6277 0.4552
vn 0.5863 0.6855 0.4317
vn 0.5563 0.7199 0.4151
vn 0.6280 0.6971 0.3459
vn 0.5931 0.7213 0.3578
vn 0.6898 0.6739 0.2646
vn 0.6638 0.6964 0.2726
vn 0.6212 0.7409 0.2553
vn 0.7104 0.6898 0.1398
vn 0.6568 0.7399 0.1452
vn 0.7564 0.6541 -0.0093
vn 0.7066 0.7058 0.0507
vn 0.7118 -0.3116 -0.6295
vn 0.8532 0.4189 -0.3107
vn 0.8040 0.5705 -0.1680
vn 0.7590 0.6451 -0.0878
vn 0.6883 -0.2994 -0.6607
vn 0.7292 -0.1866 -0.6584
vn 0.7673 -0.0590 -0.6386
vn 0.8072 0.0958 -0.5825
vn 0.8352 0.2750 -0.4763
vn 0.8529 0.4171 -0.3140
vn 0.7831 0.5943 -0.1834
vn 0.1483 0.8706 0.4692
vn 0.1587 0.8837 0.4404
vn 0.1733 0.8981 0.4041
vn 0.1683 0.9180 0.3592
vn 0.1829 0.9363 0.2999
vn 0.2058 0.9514 0.2291
vn 0.2372 0.9650 0.1116
vn 0.2152 0.9733 0.0793
vn 0.1825 0.8637 0.4698
vn 0.2061 0.8835 0.4206
vn 0.2242 0.8990 0.3763
vn 0.2096 0.9155 0.3435
vn 0.2529 0.9106 0.3268
vn 0.2266 0.9290 0.2925
vn 0.2572 0.9455 0.1998
vn 0.2848 0.9535 0.0987
vn 0.2592 0.8797 0.3986
vn 0.2780 0.8938 0.3519
vn 0.3099 0.9043 0.2936
vn 0.2867 0.9229 0.2570
vn 0.3413 0.9191 0.1967
vn 0.3095 0.9378 0.1573
vn 0.3479 0.9356 0.0604
vn 0.3003 0.8732 0.3839
vn 0.3223 0.8871 0.3305
vn 0.3650 0.8977 0.2469
vn 0.4102 0.9005 0.1444
vn 0.3729 0.9216 0.1073
vn 0.4519 0.8921 0.0029
vn 0.3954 0.9181 0.0278
vn 0.3923 0.8734 0.2885
vn 0.4216 0.8834 0.2043
vn 0.4646 0.8784 0.1120
vn 0.5035 0.8630 -0.0421
vn 0.2548 -0.4140 -0.8739
vn 0.2544 -0.4055 -0.8780
vn 0.2259 -0.3545 -0.9074
vn 0.2529 -0.2679 -0.9297
vn 0.2800 -0.2135 -0.9359
vn 0.3087 -0.1265 -0.9427
vn 0.3489 -0.0193 -0.9369
vn 0.3630 0.1611 -0.9177
vn 0.3495 0.3281 -0.8776
vn 0.2849 -0.0135 -0.9585
vn 0.2956 0.0693 -0.9528
vn 0.3104 -0.4342 -0.8457
vn 0.2880 -0.4082 -0.8662
vn 0.3226 -0.3694 -0.8715
vn 0.3570 -0.2863 -0.8892
vn 0.3603 -0.2446 -0.9002
vn 0.4285 0.4707 -0.7713
vn 0.2966 -0.3307 -0.8959
vn 0.3141 -0.2456 -0.9170
vn 0.3187 -0.2064 -0.9251
vn 0.3360 -0.0989 -0.9367
vn 0.3659 0.0204 -0.9304
vn 0.3749 0.1777 -0.9099
vn 0.3854 0.3476 -0.8548
vn 0.3432 -0.4294 -0.8354
vn 0.3727 -0.3655 -0.8529
vn 0.5116 0.5707 -0.6424
vn 0.3202 -0.3967 -0.8603
vn 0.3424 -0.3254 -0.8814
vn 0.3749 -0.2692 -0.8871
vn 0.4141 -0.2027 -0.8874
vn 0.4430 -0.0776 -0.8932
vn 0.4696 0.0635 -0.8806
vn 0.4955 0.2218 -0.8398
vn 0.4719 0.4223 -0.7739
vn 0.3877 -0.1768 -0.9047
vn 0.4023 -0.0774 -0.9122
vn 0.4212 0.0453 -0.9059
vn 0.4344 0.1615 -0.8861
vn 0.4335 0.3175 -0.8434
vn 0.4138 -0.4182 -0.8086
vn 0.5684 0.6580 -0.4939
vn 0.3888 -0.3909 -0.8343
vn 0.4326 -0.3321 -0.8382
vn 0.4459 -0.2961 -0.8447
vn 0.5773 0.3676 -0.7291
vn 0.5815 0.5232 -0.6229
vn 0.3984 -0.3039 -0.8654
vn 0.4019 -0.2541 -0.8797
vn 0.4259 -0.1560 -0.8912
vn 0.4720 -0.0465 -0.8804
vn 0.5031 0.0917 -0.8594
vn 0.5256 0.2491 -0.8134
vn 0.5375 0.3995 -0.7427
vn 0.6097 0.7528 -0.2483
vn 0.4722 -0.3845 -0.7932
vn 0.4861 -0.3473 -0.8020
vn 0.6322 0.4877 -0.6021
vn 0.6120 0.6389 -0.4662
vn 0.4418 -0.3579 -0.8226
vn 0.4502 -0.3170 -0.8348
vn 0.5024 -0.2393 -0.8308
vn 0.5501 -0.1255 -0.8256
vn 0.5802 0.0004 -0.8145
vn 0.5990 0.1450 -0.7876
vn 0.5885 0.3441 -0.7316
vn 0.5850 0.5121 -0.6289
vn 0.4746 -0.2132 -0.8540
vn 0.4956 -0.1155 -0.8609
vn 0.5188 -0.0199 -0.8547
vn 0.5388 0.1073 -0.8356
vn 0.5590 0.2319 -0.7961
vn 0.5304 -0.3874 -0.7541
vn 0.7213 0.5566 -0.4121
vn 0.6741 0.6819 -0.2839
vn 0.5013 -0.3645 -0.7848
vn 0.5483 -0.2969 -0.7818
vn 0.5902 -0.1901 -0.7846
vn 0.6156 -0.0702 -0.7849
vn 0.6471 0.0779 -0.7584
vn 0.6992 0.2302 -0.6769
vn 0.7239 0.4221 -0.5456
vn 0.6686 0.6010 -0.4378
vn 0.5189 -0.2764 -0.8089
vn 0.5468 -0.1844 -0.8167
vn 0.5785 -0.0939 -0.8103
vn 0.6243 0.0371 -0.7803
vn 0.6587 0.1510 -0.7371
vn 0.6582 0.3139 -0.6842
vn 0.5815 -0.3369 -0.7405
vn 0.6293 -0.2404 -0.7390
vn 0.6771 -0.1376 -0.7229
vn 0.7270 -0.0232 -0.6863
vn 0.7570 0.1544 -0.6349
vn 0.7429 0.3562 -0.5668
vn 0.7178 0.5537 -0.4221
vn 0.6870 0.6685 -0.2849
vn 0.5650 -0.3183 -0.7612
vn 0.5990 -0.2437 -0.7627
vn 0.6326 -0.1701 -0.7555
vn 0.6705 -0.0475 -0.7404
vn 0.6974 0.1120 -0.7079
vn 0.7151 0.2829 -0.6393
vn 0.7199 0.4247 -0.5490
vn 0.6521 -0.2788 -0.7050
vn 0.6779 -0.2094 -0.7047
vn 0.7239 -0.0894 -0.6841
vn 0.7725 0.0187 -0.6347
vn 0.8099 0.1843 -0.5569
vn 0.8158 0.2936 -0.4982
vn 0.2801 0.9599 -0.0091
vn 0.2369 0.9710 0.0325
vn 0.3280 0.9270 -0.1819
vn 0.2590 0.9622 -0.0842
vn 0.3157 0.8737 -0.3701
vn 0.4060 0.6303 -0.6617
vn 0.3357 0.7829 -0.5238
vn 0.3550 0.4926 -0.7945
vn 0.3112 0.9486 -0.0573
vn 0.3390 0.9177 -0.2070
vn 0.4166 0.7262 -0.5469
vn 0.3588 0.8427 -0.4014
vn 0.4163 0.6122 -0.6723
vn 0.3860 0.7461 -0.5425
vn 0.4108 0.4879 -0.7702
vn 0.4723 0.8598 -0.1941
vn 0.3768 0.9224 -0.0844
vn 0.4916 0.8050 -0.3322
vn 0.4011 0.8876 -0.2265
vn 0.4812 0.7191 -0.5014
vn 0.4273 0.8169 -0.3874
vn 0.4372 0.6017 -0.6685
vn 0.5093 0.8468 -0.1534
vn 0.4352 0.8988 -0.0521
vn 0.5132 0.7841 -0.3490
vn 0.5240 0.6942 -0.4935
vn 0.5253 0.8310 -0.1828
vn 0.5595 0.7549 -0.3422
vn 0.6436 0.7644 -0.0387
vn 0.7557 0.6370 -0.1521
vn 0.6398 0.7608 -0.1091
vn 0.7548 0.6103 -0.2405
vn 0.6483 0.7349 -0.1993
vn 0.8559 0.3554 -0.3757
vn 0.7644 0.5634 -0.3136
vn 0.6659 0.6957 -0.2694
vn 0.8807 0.2397 -0.4085
vn 0.7847 0.5129 -0.3482
vn 0.6817 0.6683 -0.2978
vn 0.8907 0.4305 -0.1459
vn 0.7829 0.4971 -0.3742
vn 0.7891 0.4726 0.3924
vn 0.6884 0.5280 0.4973
vn 0.7593 0.4457 0.4741
vn 0.7026 0.4968 0.5094
vn 0.6587 0.5423 0.5215
vn 0.9781 0.2015 -0.0531
vn 0.8800 0.4727 -0.0462
vn 0.7495 0.6611 -0.0333
vn 0.9689 0.1980 -0.1486
vn 0.8741 0.4704 -0.1214
vn 0.7516 0.6540 -0.0856
vn 0.9552 0.1682 -0.2435
vn 0.8689 0.4485 -0.2095
vn 0.9464 0.1444 -0.2890
vn 0.8586 0.4268 -0.2841
vn 0.9130 0.0670 -0.4025
vn 0.8137 0.3513 0.4631
vn 0.8470 0.3530 0.3975
vn 0.8035 0.4080 0.4335
vn 0.7483 0.4791 0.4588
vn 0.7021 0.5588 0.4413
vn 0.6743 0.5930 0.4401
vn 0.7569 0.5464 0.3585
vn 0.7216 0.5707 0.3918
vn 0.6777 0.6265 0.3851
vn 0.8068 0.5100 0.2984
vn 0.7711 0.5685 0.2866
vn 0.7281 0.6233 0.2853
vn 0.8274 0.5467 0.1289
vn 0.7769 0.6027 0.1822
vn 0.7440 0.6425 0.1833
vn 0.8880 0.4585 -0.0359
vn 0.8329 0.5514 0.0472
vn 0.7823 0.6147 0.1004
vn 0.8236 -0.2082 -0.5276
vn 0.8555 -0.1292 -0.5015
vn 0.9155 0.1821 -0.3586
vn 0.9103 0.3366 -0.2408
vn 0.8880 0.4432 -0.1221
vn 0.8150 0.5777 -0.0452
vn 0.7805 -0.2397 -0.5773
vn 0.8153 -0.1054 -0.5693
vn 0.8646 0.0532 -0.4997
vn 0.9038 0.2150 -0.3699
vn 0.8997 0.3503 -0.2603
vn 0.8346 0.5246 -0.1678
vn 0.7535 -0.2373 -0.6132
vn 0.7974 -0.1414 -0.5867
vn 0.8359 -0.0269 -0.5482
vn 0.8554 0.1276 -0.5020
vn 0.8594 0.2615 -0.4393
vn 0.9083 0.2851 0.3062
vn 0.8498 0.3806 0.3647
vn 0.7971 0.4813 0.3646
vn 0.9553 0.2351 0.1792
vn 0.9072 0.3561 0.2241
vn 0.8523 0.4517 0.2636
vn 0.9892 0.1265 -0.0740
vn 0.9590 0.2737 0.0732
vn 0.8994 0.3925 0.1923
vn 0.8557 0.4746 0.2064
vn 0.9814 0.0281 -0.1900
vn 0.9832 0.1516 -0.1017
vn 0.9491 0.3150 0.0055
vn 0.8968 0.4384 0.0594
vn 0.9385 -0.0752 -0.3371
vn 0.9705 0.0516 -0.2355
vn 0.9642 0.2241 -0.1421
vn 0.9199 0.3855 -0.0713
vn 0.8990 -0.1446 -0.4133
vn 0.9315 -0.0324 -0.3623
vn 0.9419 0.1414 -0.3048
vn 0.9232 0.3081 -0.2299
vn 0.8771 -0.0372 -0.4789
vn 0.9002 0.0597 -0.4314
vn 0.9875 0.1418 0.0686
vn 0.9946 0.0710 -0.0762
s 1
f 5//5 1//1 4//4
f 6//6 2//2 5//5
f 11//11 8//8 9//9
f 12//12 11//11 13//13
f 19//19 12//12 13//13
f 24//24 20//20 21//21
f 26//26 22//22 23//23
f 27//27 23//23 24//24
f 27//27 8//8 26//26
f 27//27 7//7 9//9
f 29//29 25//25 26//26
f 29//29 8//8 10//10
f 31//31 28//28 29//29
f 12//12 29//29 10//10
f 32//32 3//3 6//6
f 15//15 32//32 33//33
f 16//16 33//33 34//34
f 38//38 30//30 31//31
f 38//38 17//17 37//37
f 38//38 12//12 18//18
f 44//44 39//39 43//43
f 48//48 42//42 47//47
f 49//49 45//45 46//46
f 49//49 43//43 48//48
f 49//49 41//41 44//44
f 51//51 45//45 50//50
f 53//53 47//47 52//52
f 53//53 45//45 48//48
f 56//56 50//50 55//55
f 58//58 54//54 55//55
f 58//58 52//52 57//57
f 58//58 50//50 53//53
f 60//60 54//54 59//59
f 56//56 60//60 61//61
f 62//62 54//54 57//57
f 64//64 4//4 63//63
f 6//6 64//64 65//65
f 68//68 63//63 67//67
f 65//65 68//68 69//69
f 72//72 66//66 71//71
f 68//68 72//72 73//73
f 74//74 68//68 73//73
f 72//72 77//77 78//78
f 73//73 78//78 79//79
f 80//80 75//75 76//76
f 80//80 73//73 79//79
f 80//80 70//70 74//74
f 82//82 75//75 81//81
f 78//78 83//83 84//84
f 85//85 78//78 84//84
f 85//85 75//75 79//79
f 82//82 86//86 87//87
f 84//84 88//88 89//89
f 90//90 84//84 89//89
f 85//85 86//86 81//81
f 91//91 86//86 90//90
f 94//94 89//89 93//93
f 91//91 94//94 95//95
f 91//91 92//92 87//87
f 94//94 96//96 97//97
f 98//98 94//94 97//97
f 104//104 100//100 101//101
f 104//104 20//20 103//103
f 106//106 102//102 103//103
f 106//106 22//22 105//105
f 106//106 20//20 23//23
f 108//108 22//22 25//25
f 110//110 107//107 108//108
f 110//110 25//25 28//28
f 111//111 110//110 112//112
f 112//112 28//28 30//30
f 32//32 65//65 113//113
f 114//114 32//32 113//113
f 115//115 33//33 114//114
f 35//35 115//115 116//116
f 118//118 111//111 112//112
f 118//118 36//36 117//117
f 118//118 30//30 37//37
f 123//123 119//119 120//120
f 123//123 100//100 122//122
f 123//123 99//99 101//101
f 126//126 121//121 122//122
f 126//126 102//102 125//125
f 126//126 100//100 103//103
f 128//128 124//124 125//125
f 128//128 102//102 105//105
f 130//130 127//127 128//128
f 130//130 107//107 129//129
f 130//130 105//105 108//108
f 131//131 107//107 109//109
f 111//111 131//131 109//109
f 113//113 69//69 134//134
f 135//135 113//113 134//134
f 136//136 114//114 135//135
f 137//137 115//115 136//136
f 138//138 132//132 133//133
f 138//138 116//116 137//137
f 138//138 111//111 117//117
f 141//141 39//39 40//40
f 141//141 119//119 140//140
f 144//144 139//139 140//140
f 144//144 121//121 143//143
f 144//144 119//119 122//122
f 146//146 142//142 143//143
f 146//146 124//124 145//145
f 146//146 121//121 125//125
f 147//147 124//124 127//127
f 129//129 147//147 127//127
f 151//151 148//148 149//149
f 131//131 149//149 129//129
f 156//156 150//150 151//151
f 156//156 132//132 155//155
f 156//156 131//131 133//133
f 157//157 70//70 152//152
f 157//157 69//69 74//74
f 157//157 153//153 158//158
f 135//135 157//157 158//158
f 159//159 135//135 158//158
f 160//160 154//154 155//155
f 160//160 136//136 159//159
f 160//160 132//132 137//137
f 162//162 42//42 43//43
f 162//162 139//139 161//161
f 162//162 39//39 140//140
f 164//164 142//142 163//163
f 164//164 139//139 143//143
f 165//165 142//142 145//145
f 147//147 165//165 145//145
f 169//169 166//166 167//167
f 169//169 148//148 168//168
f 169//169 147//147 149//149
f 170//170 148//148 150//150
f 171//171 70//70 76//76
f 153//153 171//171 172//172
f 174//174 154//154 173//173
f 174//174 150//150 155//155
f 175//175 153//153 172//172
f 176//176 158//158 175//175
f 176//176 154//154 159//159
f 178//178 42//42 161//161
f 180//180 177//177 178//178
f 180//180 163//163 179//179
f 180//180 161//161 164//164
f 165//165 179//179 163//163
f 184//184 181//181 182//182
f 184//184 166//166 183//183
f 184//184 165//165 167//167
f 185//185 166//166 168//168
f 186//186 168//168 170//170
f 171//171 82//82 187//187
f 172//172 187//187 188//188
f 190//190 173//173 189//189
f 174//174 186//186 170//170
f 175//175 188//188 191//191
f 192//192 175//175 191//191
f 176//176 189//189 173//173
f 194//194 177//177 193//193
f 194//194 47//47 178//178
f 195//195 177//177 179//179
f 197//197 181//181 196//196
f 182//182 195//195 179//179
f 198//198 181//181 183//183
f 199//199 183//183 185//185
f 186//186 199//199 185//185
f 187//187 87//87 201//201
f 202//202 187//187 201//201
f 190//190 203//203 204//204
f 190//190 200//200 186//186
f 205//205 202//202 201//201
f 191//191 202//202 206//206
f 207//207 191//191 206//206
f 207//207 189//189 192//192
f 194//194 208//208 209//209
f 209//209 52//52 194//194
f 210//210 193//193 195//195
f 197//197 211//211 212//212
f 212//212 195//195 197//197
f 213//213 196//196 198//198
f 199//199 213//213 198//198
f 200//200 214//214 199//199
f 201//201 92//92 216//216
f 204//204 217//217 218//218
f 204//204 215//215 200//200
f 219//219 92//92 95//95
f 205//205 216//216 219//219
f 220//220 205//205 219//219
f 221//221 206//206 220//220
f 221//221 203//203 207//207
f 209//209 222//222 223//223
f 209//209 62//62 57//57
f 224//224 208//208 210//210
f 212//212 225//225 226//226
f 226//226 210//210 212//212
f 227//227 211//211 213//213
f 214//214 227//227 213//213
f 215//215 228//228 214//214
f 218//218 230//230 231//231
f 218//218 229//229 215//215
f 232//232 95//95 98//98
f 220//220 232//232 233//233
f 221//221 233//233 234//234
f 234//234 217//217 221//221
f 9//9 235//235 236//236
f 11//11 236//236 238//238
f 238//238 237//237 239//239
f 240//240 11//11 238//238
f 240//240 239//239 241//241
f 243//243 13//13 240//240
f 244//244 240//240 241//241
f 244//244 242//242 245//245
f 248//248 21//21 246//246
f 235//235 24//24 248//248
f 248//248 247//247 249//249
f 251//251 235//235 248//248
f 251//251 249//249 252//252
f 237//237 251//251 252//252
f 252//252 250//250 253//253
f 254//254 237//237 252//252
f 254//254 253//253 255//255
f 256//256 239//239 254//254
f 256//256 255//255 257//257
f 242//242 256//256 257//257
f 258//258 242//242 257//257
f 44//44 261//261 262//262
f 262//262 40//40 44//44
f 260//260 262//262 263//263
f 261//261 46//46 265//265
f 267//267 261//261 265//265
f 267//267 266//266 268//268
f 263//263 267//267 268//268
f 264//264 268//268 269//269
f 265//265 51//51 270//270
f 266//266 270//270 271//271
f 272//272 266//266 271//271
f 269//269 272//272 273//273
f 274//274 51//51 56//56
f 271//271 274//274 275//275
f 277//277 271//271 275//275
f 277//277 276//276 278//278
f 273//273 277//277 278//278
f 279//279 56//56 61//61
f 280//280 274//274 279//279
f 276//276 280//280 281//281
f 282//282 276//276 281//281
f 101//101 283//283 284//284
f 104//104 284//284 286//286
f 286//286 21//21 104//104
f 286//286 285//285 287//287
f 247//247 286//286 287//287
f 289//289 247//247 287//287
f 289//289 288//288 290//290
f 250//250 289//289 290//290
f 291//291 250//250 290//290
f 293//293 253//253 291//291
f 293//293 292//292 294//294
f 295//295 255//255 293//293
f 296//296 293//293 294//294
f 258//258 295//295 297//297
f 298//298 295//295 296//296
f 283//283 120//120 299//299
f 301//301 283//283 299//299
f 301//301 300//300 302//302
f 285//285 301//301 302//302
f 304//304 285//285 302//302
f 304//304 303//303 305//305
f 288//288 304//304 305//305
f 307//307 288//288 305//305
f 307//307 306//306 308//308
f 309//309 290//290 307//307
f 309//309 308//308 310//310
f 292//292 309//309 310//310
f 311//311 292//292 310//310
f 312//312 294//294 311//311
f 313//313 296//296 312//312
f 314//314 40//40 259//259
f 299//299 141//141 314//314
f 314//314 260//260 315//315
f 300//300 314//314 315//315
f 317//317 300//300 315//315
f 317//317 316//316 318//318
f 303//303 317//317 318//318
f 320//320 303//303 318//318
f 320//320 319//319 321//321
f 306//306 320//320 321//321
f 322//322 306//306 321//321
f 310//310 322//322 323//323
f 311//311 323//323 325//325
f 325//325 324//324 326//326
f 327//327 311//311 325//325
f 328//328 325//325 326//326
f 329//329 312//312 327//327
f 330//330 327//327 328//328
f 331//331 260//260 263//263
f 331//331 264//264 332//332
f 316//316 331//331 332//332
f 333//333 316//316 332//332
f 319//319 333//333 334//334
f 335//335 319//319 334//334
f 322//322 335//335 336//336
f 338//338 322//322 336//336
f 338//338 337//337 339//339
f 324//324 338//338 339//339
f 340//340 324//324 339//339
f 341//341 326//326 340//340
f 342//342 328//328 341//341
f 343//343 264//264 269//269
f 345//345 332//332 343//343
f 345//345 344//344 346//346
f 334//334 345//345 346//346
f 335//335 346//346 347//347
f 349//349 335//335 347//347
f 349//349 348//348 350//350
f 337//337 349//349 350//350
f 351//351 337//337 350//350
f 352//352 339//339 351//351
f 341//341 352//352 353//353
f 342//342 353//353 354//354
f 355//355 269//269 273//273
f 344//344 355//355 356//356
f 357//357 344//344 356//356
f 347//347 357//357 358//358
f 348//348 358//358 359//359
f 360//360 348//348 359//359
f 361//361 350//350 360//360
f 352//352 361//361 362//362
f 353//353 362//362 363//363
f 354//354 363//363 364//364
f 365//365 273//273 278//278
f 366//366 355//355 365//365
f 367//367 356//356 366//366
f 368//368 357//357 367//367
f 369//369 358//358 368//368
f 370//370 359//359 369//369
f 361//361 370//370 371//371
f 362//362 371//371 372//372
f 363//363 372//372 373//373
f 364//364 373//373 374//374
f 365//365 282//282 375//375
f 376//376 365//365 375//375
f 377//377 366//366 376//376
f 378//378 367//367 377//377
f 379//379 368//368 378//378
f 380//380 369//369 379//379
f 371//371 380//380 381//381
f 372//372 381//381 382//382
f 373//373 382//382 383//383
f 374//374 383//383 384//384
f 394//394 389//389 390//390
f 394//394 391//391 395//395
f 405//405 398//398 399//399
f 406//406 399//399 400//400
f 406//406 401//401 407//407
f 408//408 401//401 402//402
f 408//408 389//389 407//407
f 408//408 403//403 409//409
f 391//391 408//408 409//409
f 412//412 405//405 413//413
f 413//413 406//406 414//414
f 415//415 406//406 407//407
f 415//415 392//392 414//414
f 415//415 389//389 393//393
f 416//416 391//391 409//409
f 416//416 410//410 417//417
f 396//396 416//416 417//417
f 417//417 411//411 418//418
f 397//397 417//417 418//418
f 424//424 419//419 420//420
f 424//424 421//421 425//425
f 386//386 422//422 429//429
f 430//430 422//422 423//423
f 430//430 398//398 429//429
f 430//430 424//424 431//431
f 400//400 430//430 431//431
f 432//432 424//424 425//425
f 401//401 431//431 432//432
f 432//432 426//426 433//433
f 433//433 401//401 432//432
f 433//433 427//427 434//434
f 403//403 433//433 434//434
f 434//434 428//428 435//435
f 387//387 429//429 437//437
f 437//437 398//398 404//404
f 438//438 403//403 434//434
f 438//438 435//435 439//439
f 410//410 438//438 439//439
f 439//439 436//436 440//440
f 411//411 439//439 440//440
f 441//441 387//387 437//437
f 412//412 437//437 404//404
f 442//442 411//411 440//440
f 446//446 392//392 393//393
f 446//446 394//394 447//447
f 447//447 395//395 448//448
f 448//448 396//396 449//449
f 449//449 397//397 450//450
f 451//451 446//446 452//452
f 452//452 447//447 453//453
f 453//453 448//448 454//454
f 455//455 448//448 449//449
f 456//456 449//449 450//450
f 457//457 452//452 458//458
f 459//459 452//452 453//453
f 459//459 454//454 460//460
f 461//461 454//454 455//455
f 462//462 455//455 456//456
f 463//463 459//459 464//464
f 465//465 459//459 460//460
f 466//466 460//460 461//461
f 467//467 461//461 462//462
f 468//468 464//464 469//469
f 470//470 464//464 465//465
f 471//471 465//465 466//466
f 472//472 466//466 467//467
f 473//473 470//470 474//474
f 474//474 471//471 475//475
f 476//476 471//471 472//472
f 477//477 476//476 478//478
f 479//479 413//413 480//480
f 481//481 413//413 414//414
f 481//481 392//392 445//445
f 482//482 397//397 418//418
f 483//483 480//480 484//484
f 485//485 480//480 481//481
f 485//485 445//445 451//451
f 486//486 485//485 487//487
f 457//457 485//485 451//451
f 488//488 457//457 458//458
f 489//489 487//487 490//490
f 490//490 488//488 491//491
f 463//463 488//488 458//458
f 492//492 491//491 493//493
f 468//468 491//491 463//463
f 494//494 468//468 469//469
f 495//495 494//494 496//496
f 473//473 494//494 469//469
f 497//497 473//473 474//474
f 498//498 474//474 475//475
f 499//499 497//497 500//500
f 500//500 498//498 501//501
f 477//477 498//498 475//475
f 502//502 477//477 478//478
f 503//503 501//501 504//504
f 504//504 502//502 505//505
f 506//506 388//388 441//441
f 506//506 412//412 479//479
f 444//444 506//506 507//507
f 483//483 506//506 479//479
f 508//508 483//483 484//484
f 509//509 508//508 510//510
f 486//486 508//508 484//484
f 511//511 510//510 512//512
f 489//489 510//510 486//486
f 513//513 489//489 490//490
f 514//514 513//513 515//515
f 492//492 513//513 490//490
f 516//516 492//492 493//493
f 517//517 516//516 518//518
f 495//495 516//516 493//493
f 519//519 495//495 496//496
f 520//520 519//519 521//521
f 499//499 519//519 496//496
f 522//522 499//499 500//500
f 523//523 522//522 524//524
f 503//503 522//522 500//500
f 525//525 503//503 504//504
f 526//526 504//504 505//505
f 528//528 525//525 529//529
f 529//529 526//526 530//530
f 527//527 526//526 505//505
f 536//536 533//533 534//534
f 536//536 385//385 386//386
f 538//538 535//535 536//536
f 387//387 536//536 386//386
f 540//540 537//537 538//538
f 388//388 538//538 387//387
f 544//544 541//541 542//542
f 547//547 543//543 544//544
f 547//547 533//533 546//546
f 547//547 532//532 534//534
f 549//549 545//545 546//546
f 549//549 533//533 535//535
f 550//550 549//549 551//551
f 537//537 549//549 535//535
f 552//552 537//537 539//539
f 557//557 553//553 554//554
f 557//557 541//541 556//556
f 559//559 555//555 556//556
f 559//559 541//541 543//543
f 561//561 558//558 559//559
f 561//561 545//545 560//560
f 561//561 543//543 546//546
f 562//562 545//545 548//548
f 550//550 562//562 548//548
f 564//564 550//550 551//551
f 565//565 564//564 566//566
f 552//552 564//564 551//551
f 570//570 553//553 569//569
f 572//572 568//568 569//569
f 572//572 555//555 571//571
f 572//572 553//553 556//556
f 574//574 555//555 558//558
f 576//576 573//573 574//574
f 576//576 558//558 560//560
f 577//577 576//576 578//578
f 562//562 576//576 560//560
f 579//579 578//578 580//580
f 563//563 578//578 562//562
f 565//565 580//580 563//563
f 585//585 568//568 584//584
f 586//586 582//582 583//583
f 586//586 569//569 585//585
f 586//586 567//567 570//570
f 588//588 568//568 571//571
f 590//590 587//587 588//588
f 590//590 573//573 589//589
f 590//590 571//571 574//574
f 591//591 573//573 575//575
f 592//592 575//575 577//577
f 579//579 592//592 577//577
f 594//594 579//579 580//580
f 595//595 594//594 596//596
f 581//581 594//594 580//580
f 599//599 582//582 598//598
f 602//602 597//597 598//598
f 602//602 584//584 601//601
f 602//602 582//582 585//585
f 604//604 600//600 601//601
f 604//604 587//587 603//603
f 604//604 584//584 588//588
f 606//606 587//587 589//589
f 608//608 605//605 606//606
f 591//591 606//606 589//589
f 609//609 591//591 592//592
f 610//610 592//592 593//593
f 595//595 610//610 593//593
f 612//612 595//595 596//596
f 615//615 1//1 2//2
f 615//615 597//597 614//614
f 615//615 3//3 616//616
f 599//599 615//615 616//616
f 618//618 613//613 614//614
f 618//618 600//600 617//617
f 618//618 597//597 601//601
f 620//620 600//600 603//603
f 622//622 619//619 620//620
f 622//622 605//605 621//621
f 622//622 603//603 606//606
f 623//623 605//605 607//607
f 624//624 607//607 608//608
f 625//625 624//624 626//626
f 609//609 624//624 608//608
f 627//627 626//626 628//628
f 610//610 626//626 609//609
f 629//629 610//610 611//611
f 631//631 613//613 630//630
f 631//631 1//1 614//614
f 633//633 613//613 617//617
f 635//635 632//632 633//633
f 635//635 619//619 634//634
f 635//635 617//617 620//620
f 636//636 619//619 621//621
f 637//637 621//621 623//623
f 625//625 637//637 623//623
f 627//627 638//638 625//625
f 640//640 627//627 628//628
f 629//629 640//640 628//628
f 646//646 642//642 643//643
f 646//646 419//419 645//645
f 421//421 646//646 647//647
f 650//650 532//532 644//644
f 650//650 385//385 534//534
f 651//651 644//644 645//645
f 651//651 422//422 650//650
f 651//651 419//419 423//423
f 652//652 421//421 647//647
f 652//652 648//648 653//653
f 426//426 652//652 653//653
f 653//653 649//649 654//654
f 427//427 653//653 654//654
f 428//428 654//654 655//655
f 657//657 428//428 655//655
f 657//657 656//656 658//658
f 436//436 657//657 658//658
f 659//659 436//436 658//658
f 643//643 661//661 662//662
f 665//665 542//542 660//660
f 665//665 532//532 544//544
f 666//666 660//660 661//661
f 666//666 644//644 665//665
f 666//666 642//642 645//645
f 667//667 643//643 662//662
f 667//667 663//663 668//668
f 647//647 667//667 668//668
f 668//668 664//664 669//669
f 648//648 668//668 669//669
f 649//649 669//669 670//670
f 672//672 649//649 670//670
f 672//672 671//671 673//673
f 655//655 672//672 673//673
f 656//656 673//673 674//674
f 675//675 656//656 674//674
f 557//557 676//676 680//680
f 680//680 542//542 557//557
f 680//680 677//677 681//681
f 681//681 660//660 680//680
f 682//682 677//677 678//678
f 662//662 681//681 682//682
f 682//682 679//679 683//683
f 663//663 682//682 683//683
f 664//664 683//683 684//684
f 687//687 664//664 684//684
f 687//687 685//685 688//688
f 670//670 687//687 688//688
f 688//688 686//686 689//689
f 671//671 688//688 689//689
f 691//691 671//671 689//689
f 691//691 690//690 692//692
f 674//674 691//691 692//692
f 695//695 567//567 693//693
f 695//695 554//554 570//570
f 695//695 694//694 696//696
f 677//677 695//695 696//696
f 697//697 677//677 696//696
f 679//679 697//697 698//698
f 701//701 679//679 698//698
f 701//701 699//699 702//702
f 684//684 701//701 702//702
f 702//702 700//700 703//703
f 685//685 702//702 703//703
f 686//686 703//703 704//704
f 705//705 686//686 704//704
f 690//690 705//705 706//706
f 707//707 690//690 706//706
f 708//708 567//567 583//583
f 694//694 708//708 709//709
f 712//712 694//694 709//709
f 712//712 710//710 713//713
f 697//697 712//712 713//713
f 713//713 711//711 714//714
f 698//698 713//713 714//714
f 699//699 714//714 715//715
f 700//700 715//715 716//716
f 717//717 700//700 716//716
f 704//704 717//717 718//718
f 720//720 704//704 718//718
f 720//720 719//719 721//721
f 706//706 720//720 721//721
f 708//708 599//599 722//722
f 723//723 708//708 722//722
f 710//710 723//723 724//724
f 711//711 724//724 725//725
f 727//727 711//711 725//725
f 727//727 726//726 728//728
f 715//715 727//727 728//728
f 716//716 728//728 729//729
f 732//732 716//716 729//729
f 732//732 730//730 733//733
f 733//733 717//717 732//732
f 733//733 731//731 734//734
f 719//719 733//733 734//734
f 735//735 719//719 734//734
f 616//616 14//14 736//736
f 736//736 599//599 616//616
f 737//737 14//14 15//15
f 723//723 736//736 737//737
f 737//737 16//16 738//738
f 724//724 737//737 738//738
f 739//739 724//724 738//738
f 726//726 739//739 740//740
f 742//742 17//17 18//18
f 742//742 19//19 743//743
f 744//744 726//726 740//740
f 745//745 740//740 741//741
f 729//729 744//744 745//745
f 745//745 742//742 746//746
f 730//730 745//745 746//746
f 746//746 743//743 747//747
f 731//731 746//746 747//747
f 748//748 731//731 747//747
f 749//749 16//16 34//34
f 749//749 35//35 750//750
f 739//739 749//749 750//750
f 751//751 739//739 750//750
f 752//752 36//36 37//37
f 752//752 740//740 751//751
f 752//752 17//17 741//741
f 753//753 540//540 754//754
f 443//443 540//540 388//388
f 444//444 754//754 443//443
f 753//753 552//552 539//539
f 758//758 753//753 754//754
f 759//759 758//758 760//760
f 755//755 758//758 754//754
f 756//756 760//760 755//755
f 763//763 566//566 764//764
f 757//757 566//566 552//552
f 759//759 764//764 757//757
f 766//766 759//759 760//760
f 767//767 766//766 768//768
f 761//761 766//766 760//760
f 762//762 768//768 761//761
f 763//763 581//581 565//565
f 772//772 763//763 764//764
f 773//773 772//772 774//774
f 765//765 772//772 764//764
f 767//767 774//774 765//765
f 776//776 767//767 768//768
f 777//777 776//776 778//778
f 769//769 776//776 768//768
f 770//770 778//778 769//769
f 780//780 581//581 771//771
f 773//773 780//780 771//771
f 782//782 773//773 774//774
f 775//775 782//782 774//774
f 777//777 783//783 775//775
f 785//785 777//777 778//778
f 779//779 785//785 778//778
f 787//787 612//612 788//788
f 780//780 612//612 596//596
f 781//781 788//788 780//780
f 790//790 781//781 782//782
f 791//791 790//790 792//792
f 783//783 790//790 782//782
f 793//793 783//783 784//784
f 785//785 793//793 784//784
f 786//786 794//794 785//785
f 787//787 629//629 611//611
f 798//798 787//787 788//788
f 789//789 798//798 788//788
f 791//791 799//799 789//789
f 801//801 791//791 792//792
f 793//793 801//801 792//792
f 803//803 793//793 794//794
f 804//804 803//803 805//805
f 795//795 803//803 794//794
f 796//796 805//805 795//795
f 797//797 641//641 629//629
f 808//808 797//797 798//798
f 809//809 808//808 810//810
f 799//799 808//808 798//798
f 811//811 799//799 800//800
f 801//801 811//811 800//800
f 813//813 801//801 802//802
f 804//804 813//813 802//802
f 815//815 804//804 805//805
f 806//806 815//815 805//805
f 817//817 444//444 507//507
f 756//756 817//817 818//818
f 509//509 817//817 507//507
f 511//511 818//818 509//509
f 820//820 511//511 512//512
f 821//821 820//820 822//822
f 514//514 820//820 512//512
f 823//823 514//514 515//515
f 824//824 823//823 825//825
f 517//517 823//823 515//515
f 826//826 517//517 518//518
f 827//827 826//826 828//828
f 520//520 826//826 518//518
f 829//829 520//520 521//521
f 830//830 829//829 831//831
f 523//523 829//829 521//521
f 832//832 523//523 524//524
f 833//833 756//756 818//818
f 762//762 833//833 834//834
f 819//819 833//833 818//818
f 821//821 834//834 819//819
f 836//836 821//821 822//822
f 824//824 836//836 822//822
f 838//838 824//824 825//825
f 827//827 838//838 825//825
f 840//840 827//827 828//828
f 830//830 840//840 828//828
f 842//842 830//830 831//831
f 843//843 831//831 832//832
f 844//844 762//762 834//834
f 770//770 844//844 845//845
f 835//835 844//844 834//834
f 846//846 835//835 836//836
f 847//847 846//846 848//848
f 837//837 846//846 836//836
f 849//849 837//837 838//838
f 850//850 849//849 851//851
f 839//839 849//849 838//838
f 852//852 839//839 840//840
f 853//853 852//852 854//854
f 841//841 852//852 840//840
f 855//855 841//841 842//842
f 856//856 770//770 845//845
f 847//847 856//856 845//845
f 858//858 847//847 848//848
f 850//850 858//858 848//848
f 860//860 850//850 851//851
f 853//853 860//860 851//851
f 862//862 853//853 854//854
f 856//856 786//786 779//779
f 857//857 863//863 856//856
f 865//865 857//857 858//858
f 866//866 865//865 867//867
f 859//859 865//865 858//858
f 868//868 859//859 860//860
f 869//869 868//868 870//870
f 861//861 868//868 860//860
f 871//871 861//861 862//862
f 872//872 786//786 863//863
f 796//796 872//872 873//873
f 864//864 872//872 863//863
f 866//866 873//873 864//864
f 875//875 866//866 867//867
f 869//869 875//875 867//867
f 877//877 869//869 870//870
f 878//878 796//796 873//873
f 874//874 878//878 873//873
f 875//875 879//879 874//874
f 876//876 880//880 875//875
f 882//882 876//876 877//877
f 878//878 816//816 806//806
f 879//879 883//883 878//878
f 880//880 884//884 879//879
f 881//881 885//885 880//880
f 887//887 881//881 882//882
f 528//528 832//832 524//524
f 889//889 528//528 529//529
f 890//890 529//529 530//530
f 891//891 890//890 892//892
f 531//531 890//890 530//530
f 893//893 843//843 894//894
f 888//888 843//843 832//832
f 895//895 888//888 889//889
f 896//896 895//895 897//897
f 891//891 895//895 889//889
f 898//898 891//891 892//892
f 900//900 855//855 901//901
f 893//893 855//855 842//842
f 902//902 893//893 894//894
f 903//903 902//902 904//904
f 896//896 902//902 894//894
f 905//905 896//896 897//897
f 906//906 897//897 898//898
f 907//907 906//906 908//908
f 899//899 906//906 898//898
f 900//900 862//862 854//854
f 910//910 900//900 901//901
f 903//903 910//910 901//901
f 912//912 903//903 904//904
f 913//913 904//904 905//905
f 914//914 913//913 915//915
f 907//907 913//913 905//905
f 916//916 907//907 908//908
f 918//918 871//871 919//919
f 909//909 871//871 862//862
f 920//920 909//909 910//910
f 921//921 910//910 911//911
f 922//922 911//911 912//912
f 914//914 922//922 912//912
f 924//924 914//914 915//915
f 925//925 915//915 916//916
f 917//917 925//925 916//916
f 918//918 877//877 870//870
f 928//928 918//918 919//919
f 929//929 919//919 920//920
f 930//930 929//929 931//931
f 921//921 929//929 920//920
f 932//932 921//921 922//922
f 933//933 922//922 923//923
f 924//924 933//933 923//923
f 935//935 924//924 925//925
f 936//936 935//935 937//937
f 926//926 935//935 925//925
f 938//938 877//877 927//927
f 939//939 927//927 928//928
f 930//930 939//939 928//928
f 941//941 930//930 931//931
f 942//942 931//931 932//932
f 943//943 942//942 944//944
f 933//933 942//942 932//932
f 945//945 933//933 934//934
f 936//936 945//945 934//934
f 947//947 936//936 937//937
f 948//948 882//882 938//938
f 949//949 938//938 939//939
f 950//950 939//939 940//940
f 951//951 940//940 941//941
f 943//943 951//951 941//941
f 953//953 943//943 944//944
f 945//945 953//953 944//944
f 955//955 945//945 946//946
f 947//947 955//955 946//946
f 959//959 630//630 958//958
f 631//631 63//63 4//4
f 961//961 632//632 960//960
f 961//961 630//630 633//633
f 962//962 632//632 634//634
f 636//636 962//962 634//634
f 964//964 636//636 637//637
f 965//965 637//637 638//638
f 639//639 965//965 638//638
f 640//640 966//966 639//639
f 641//641 967//967 640//640
f 971//971 66//66 67//67
f 971//971 958//958 970//970
f 971//971 63//63 959//959
f 973//973 969//969 970//970
f 973//973 960//960 972//972
f 973//973 958//958 961//961
f 974//974 960//960 962//962
f 963//963 974//974 962//962
f 976//976 963//963 964//964
f 977//977 964//964 965//965
f 966//966 977//977 965//965
f 979//979 966//966 967//967
f 980//980 979//979 981//981
f 968//968 979//979 967//967
f 983//983 969//969 982//982
f 983//983 66//66 970//970
f 984//984 969//969 972//972
f 974//974 984//984 972//972
f 975//975 985//985 974//974
f 987//987 975//975 976//976
f 988//988 976//976 977//977
f 989//989 977//977 978//978
f 980//980 989//989 978//978
f 991//991 980//980 981//981
f 993//993 982//982 992//992
f 983//983 77//77 71//71
f 994//994 982//982 984//984
f 995//995 984//984 985//985
f 996//996 985//985 986//986
f 987//987 996//996 986//986
f 988//988 997//997 987//987
f 989//989 998//998 988//988
f 1001//1001 989//989 990//990
f 1001//1001 1000//1000 999//999
f 991//991 1001//1001 990//990
f 1004//1004 992//992 1003//1003
f 993//993 83//83 77//77
f 994//994 1003//1003 992//992
f 1006//1006 994//994 995//995
f 1007//1007 995//995 996//996
f 997//997 1007//1007 996//996
f 998//998 1008//1008 997//997
f 1010//1010 998//998 999//999
f 1000//1000 1010//1010 999//999
f 1012//1012 1000//1000 1002//1002
f 1004//1004 1013//1013 1014//1014
f 1004//1004 88//88 83//83
f 1015//1015 88//88 1014//1014
f 1005//1005 1013//1013 1003//1003
f 1017//1017 1013//1013 1016//1016
f 1006//1006 1016//1016 1005//1005
f 1019//1019 1006//1006 1007//1007
f 1008//1008 1019//1019 1007//1007
f 1009//1009 1020//1020 1008//1008
f 1022//1022 1009//1009 1010//1010
f 1023//1023 1010//1010 1011//1011
f 1024//1024 1011//1011 1012//1012
f 1015//1015 1025//1025 1026//1026
f 1015//1015 93//93 89//89
f 1017//1017 1027//1027 1028//1028
f 1017//1017 1025//1025 1014//1014
f 1018//1018 1027//1027 1016//1016
f 1030//1030 1027//1027 1029//1029
f 1031//1031 1018//1018 1019//1019
f 1020//1020 1031//1031 1019//1019
f 1033//1033 1020//1020 1021//1021
f 1035//1035 1021//1021 1022//1022
f 1035//1035 1034//1034 1033//1033
f 1023//1023 1035//1035 1022//1022
f 1037//1037 1023//1023 1024//1024
f 1039//1039 1025//1025 1038//1038
f 1039//1039 93//93 1026//1026
f 1028//1028 1038//1038 1025//1025
f 1030//1030 1041//1041 1042//1042
f 1030//1030 1040//1040 1028//1028
f 1031//1031 1041//1041 1029//1029
f 1044//1044 1041//1041 1043//1043
f 1045//1045 1031//1031 1032//1032
f 1046//1046 1043//1043 1045//1045
f 1047//1047 1032//1032 1033//1033
f 1047//1047 1046//1046 1045//1045
f 1034//1034 1047//1047 1033//1033
f 1049//1049 1034//1034 1036//1036
f 1037//1037 1049//1049 1036//1036
f 1052//1052 35//35 116//116
f 1053//1053 116//116 117//117
f 1053//1053 750//750 1052//1052
f 1053//1053 36//36 751//751
f 1054//1054 641//641 807//807
f 809//809 1054//1054 807//807
f 1056//1056 809//809 810//810
f 811//811 1056//1056 810//810
f 812//812 1057//1057 811//811
f 1059//1059 812//812 813//813
f 1060//1060 813//813 814//814
f 815//815 1060//1060 814//814
f 816//816 1061//1061 815//815
f 1063//1063 968//968 1054//1054
f 1055//1055 1063//1063 1054//1054
f 1056//1056 1064//1064 1055//1055
f 1057//1057 1065//1065 1056//1056
f 1058//1058 1066//1066 1057//1057
f 1068//1068 1058//1058 1059//1059
f 1069//1069 1059//1059 1060//1060
f 1061//1061 1069//1069 1060//1060
f 1062//1062 1070//1070 1061//1061
f 1063//1063 991//991 981//981
f 1064//1064 1072//1072 1063//1063
f 1065//1065 1073//1073 1064//1064
f 1066//1066 1074//1074 1065//1065
f 1067//1067 1075//1075 1066//1066
f 1068//1068 1076//1076 1067//1067
f 1078//1078 1068//1068 1069//1069
f 1079//1079 1069//1069 1070//1070
f 1080//1080 1070//1070 1071//1071
f 1081//1081 991//991 1072//1072
f 1082//1082 1072//1072 1073//1073
f 1083//1083 1073//1073 1074//1074
f 1084//1084 1074//1074 1075//1075
f 1085//1085 1075//1075 1076//1076
f 1077//1077 1085//1085 1076//1076
f 1078//1078 1086//1086 1077//1077
f 1088//1088 1078//1078 1079//1079
f 1089//1089 1079//1079 1080//1080
f 1081//1081 1012//1012 1002//1002
f 1091//1091 1081//1081 1082//1082
f 1092//1092 1082//1082 1083//1083
f 1093//1093 1083//1083 1084//1084
f 1094//1094 1084//1084 1085//1085
f 1086//1086 1094//1094 1085//1085
f 1087//1087 1095//1095 1086//1086
f 1097//1097 1087//1087 1088//1088
f 1098//1098 1088//1088 1089//1089
f 1090//1090 1024//1024 1012//1012
f 1101//1101 1090//1090 1091//1091
f 1101//1101 1100//1100 1099//1099
f 1092//1092 1101//1101 1091//1091
f 1103//1103 1092//1092 1093//1093
f 1104//1104 1093//1093 1094//1094
f 1095//1095 1104//1104 1094//1094
f 1107//1107 1095//1095 1096//1096
f 1107//1107 1106//1106 1105//1105
f 1097//1097 1107//1107 1096//1096
f 1109//1109 1097//1097 1098//1098
f 1110//1110 1024//1024 1099//1099
f 1100//1100 1110//1110 1099//1099
f 1112//1112 1100//1100 1102//1102
f 1103//1103 1112//1112 1102//1102
f 1114//1114 1103//1103 1104//1104
f 1115//1115 1104//1104 1105//1105
f 1106//1106 1115//1115 1105//1105
f 1117//1117 1106//1106 1108//1108
f 1118//1118 1108//1108 1109//1109
f 1119//1119 1037//1037 1110//1110
f 1119//1119 1051//1051 1050//1050
f 1111//1111 1119//1119 1110//1110
f 1121//1121 1111//1111 1112//1112
f 1123//1123 1112//1112 1113//1113
f 1123//1123 1122//1122 1121//1121
f 1114//1114 1123//1123 1113//1113
f 1125//1125 1114//1114 1115//1115
f 1126//1126 1115//1115 1116//1116
f 1127//1127 1116//1116 1117//1117
f 883//883 1062//1062 816//816
f 884//884 1128//1128 883//883
f 885//885 1129//1129 884//884
f 886//886 1130//1130 885//885
f 1132//1132 886//886 887//887
f 1128//1128 1071//1071 1062//1062
f 1129//1129 1133//1133 1128//1128
f 1130//1130 1134//1134 1129//1129
f 1131//1131 1135//1135 1130//1130
f 1137//1137 1131//1131 1132//1132
f 1133//1133 1080//1080 1071//1071
f 1139//1139 1133//1133 1134//1134
f 1140//1140 1134//1134 1135//1135
f 1136//1136 1140//1140 1135//1135
f 1142//1142 1136//1136 1137//1137
f 1143//1143 1080//1080 1138//1138
f 1144//1144 1138//1138 1139//1139
f 1145//1145 1139//1139 1140//1140
f 1146//1146 1140//1140 1141//1141
f 1142//1142 1146//1146 1141//1141
f 1148//1148 1089//1089 1143//1143
f 1149//1149 1143//1143 1144//1144
f 1150//1150 1144//1144 1145//1145
f 1151//1151 1145//1145 1146//1146
f 1147//1147 1151//1151 1146//1146
f 1153//1153 1098//1098 1148//1148
f 1154//1154 1148//1148 1149//1149
f 1155//1155 1149//1149 1150//1150
f 1156//1156 1150//1150 1151//1151
f 1152//1152 1156//1156 1151//1151
f 1118//1118 1158//1158 1117//1117
f 1153//1153 1118//1118 1109//1109
f 1160//1160 1153//1153 1154//1154
f 1161//1161 1154//1154 1155//1155
f 1162//1162 1155//1155 1156//1156
f 1157//1157 1162//1162 1156//1156
f 1158//1158 1127//1127 1117//1117
f 1165//1165 1158//1158 1159//1159
f 1167//1167 1159//1159 1160//1160
f 1167//1167 1166//1166 1165//1165
f 1161//1161 1167//1167 1160//1160
f 1170//1170 1161//1161 1162//1162
f 1170//1170 1169//1169 1168//1168
f 1163//1163 1170//1170 1162//1162
f 1173//1173 887//887 948//948
f 1174//1174 948//948 949//949
f 1175//1175 949//949 950//950
f 1176//1176 950//950 951//951
f 1177//1177 951//951 952//952
f 953//953 1177//1177 952//952
f 954//954 1178//1178 953//953
f 1180//1180 954//954 955//955
f 1181//1181 955//955 956//956
f 957//957 1181//1181 956//956
f 1183//1183 1132//1132 1173//1173
f 1184//1184 1173//1173 1174//1174
f 1185//1185 1174//1174 1175//1175
f 1186//1186 1175//1175 1176//1176
f 1187//1187 1176//1176 1177//1177
f 1178//1178 1187//1187 1177//1177
f 1179//1179 1188//1188 1178//1178
f 1190//1190 1179//1179 1180//1180
f 1191//1191 1180//1180 1181//1181
f 1192//1192 1181//1181 1182//1182
f 1183//1183 1142//1142 1137//1137
f 1184//1184 1193//1193 1183//1183
f 1195//1195 1184//1184 1185//1185
f 1186//1186 1195//1195 1185//1185
f 1187//1187 1196//1196 1186//1186
f 1188//1188 1197//1197 1187//1187
f 1199//1199 1188//1188 1189//1189
f 1200//1200 1189//1189 1190//1190
f 1201//1201 1190//1190 1191//1191
f 1192//1192 1201//1201 1191//1191
f 1193//1193 1147//1147 1142//1142
f 1194//1194 1203//1203 1193//1193
f 1195//1195 1204//1204 1194//1194
f 1196//1196 1205//1205 1195//1195
f 1197//1197 1206//1206 1196//1196
f 1208//1208 1197//1197 1198//1198
f 1209//1209 1198//1198 1199//1199
f 1200//1200 1209//1209 1199//1199
f 1201//1201 1210//1210 1200//1200
f 1202//1202 1211//1211 1201//1201
f 1203//1203 1152//1152 1147//1147
f 1204//1204 1213//1213 1203//1203
f 1205//1205 1214//1214 1204//1204
f 1206//1206 1215//1215 1205//1205
f 1207//1207 1216//1216 1206//1206
f 1218//1218 1207//1207 1208//1208
f 1219//1219 1208//1208 1209//1209
f 1210//1210 1219//1219 1209//1209
f 1211//1211 1220//1220 1210//1210
f 1222//1222 1211//1211 1212//1212
f 1213//1213 1157//1157 1152//1152
f 1214//1214 1223//1223 1213//1213
f 1215//1215 1224//1224 1214//1214
f 1216//1216 1225//1225 1215//1215
f 1228//1228 1216//1216 1217//1217
f 1228//1228 1227//1227 1226//1226
f 1218//1218 1228//1228 1217//1217
f 1230//1230 1218//1218 1219//1219
f 1220//1220 1230//1230 1219//1219
f 1232//1232 1220//1220 1221//1221
f 1223//1223 1163//1163 1157//1157
f 1224//1224 1233//1233 1223//1223
f 1236//1236 1224//1224 1225//1225
f 1236//1236 1235//1235 1234//1234
f 1226//1226 1236//1236 1225//1225
f 1227//1227 1237//1237 1226//1226
f 1239//1239 1227//1227 1229//1229
f 1230//1230 1239//1239 1229//1229
f 1231//1231 1240//1240 1230//1230
f 1232//1232 1241//1241 1231//1231
f 1243//1243 1163//1163 1233//1233
f 1243//1243 1172//1172 1171//1171
f 1234//1234 1243//1243 1233//1233
f 1235//1235 1244//1244 1234//1234
f 1246//1246 1235//1235 1237//1237
f 1238//1238 1246//1246 1237//1237
f 1239//1239 1247//1247 1238//1238
f 1240//1240 1248//1248 1239//1239
f 1251//1251 1240//1240 1241//1241
f 1251//1251 1250//1250 1249//1249
f 1242//1242 1251//1251 1241//1241
f 442//442 1254//1254 1255//1255
f 1253//1253 442//442 1255//1255
f 456//456 1257//1257 1258//1258
f 1260//1260 456//456 1258//1258
f 1260//1260 1259//1259 1261//1261
f 1262//1262 462//462 1260//1260
f 1262//1262 1261//1261 1263//1263
f 472//472 1262//1262 1265//1265
f 1266//1266 1262//1262 1263//1263
f 1266//1266 1264//1264 1267//1267
f 476//476 1265//1265 1268//1268
f 1268//1268 1266//1266 1269//1269
f 1269//1269 1267//1267 1270//1270
f 478//478 1268//1268 1271//1271
f 1272//1272 1268//1268 1269//1269
f 1273//1273 1269//1269 1270//1270
f 482//482 1253//1253 1274//1274
f 1257//1257 482//482 1274//1274
f 1276//1276 1257//1257 1274//1274
f 1276//1276 1275//1275 1277//1277
f 1259//1259 1276//1276 1277//1277
f 1279//1279 1259//1259 1277//1277
f 1279//1279 1278//1278 1280//1280
f 1282//1282 1261//1261 1279//1279
f 1282//1282 1280//1280 1283//1283
f 1264//1264 1282//1282 1283//1283
f 1283//1283 1281//1281 1284//1284
f 1285//1285 1264//1264 1283//1283
f 1285//1285 1284//1284 1286//1286
f 1270//1270 1285//1285 1287//1287
f 1287//1287 1286//1286 1288//1288
f 1271//1271 502//502 478//478
f 1291//1291 1271//1271 1272//1272
f 1273//1273 1291//1291 1272//1272
f 1273//1273 1287//1287 1292//1292
f 1293//1293 1287//1287 1288//1288
f 1293//1293 1289//1289 1294//1294
f 1295//1295 502//502 1290//1290
f 1296//1296 1290//1290 1291//1291
f 1297//1297 1291//1291 1292//1292
f 1297//1297 1293//1293 1298//1298
f 1299//1299 1293//1293 1294//1294
f 1300//1300 1253//1253 1255//1255
f 1300//1300 1256//1256 1301//1301
f 1275//1275 1300//1300 1301//1301
f 1303//1303 1275//1275 1301//1301
f 1303//1303 1302//1302 1304//1304
f 1278//1278 1303//1303 1304//1304
f 1306//1306 1278//1278 1304//1304
f 1306//1306 1305//1305 1307//1307
f 1281//1281 1306//1306 1307//1307
f 1309//1309 1281//1281 1307//1307
f 1309//1309 1308//1308 1310//1310
f 1286//1286 1309//1309 1311//1311
f 1311//1311 1310//1310 1312//1312
f 1314//1314 1286//1286 1311//1311
f 1314//1314 1312//1312 1315//1315
f 1289//1289 1314//1314 1315//1315
f 1315//1315 1313//1313 1316//1316
f 1317//1317 1289//1289 1315//1315
f 1317//1317 1316//1316 1318//1318
f 1299//1299 1319//1319 1298//1298
f 1299//1299 1317//1317 1320//1320
f 1321//1321 1317//1317 1318//1318
f 527//527 1295//1295 1322//1322
f 1322//1322 1296//1296 1323//1323
f 1323//1323 1297//1297 1324//1324
f 1325//1325 1297//1297 1298//1298
f 1326//1326 527//527 1322//1322
f 1323//1323 1326//1326 1322//1322
f 1328//1328 1323//1323 1324//1324
f 1325//1325 1328//1328 1324//1324
f 1325//1325 1319//1319 1329//1329
f 1330//1330 1319//1319 1320//1320
f 1331//1331 1320//1320 1321//1321
f 531//531 1326//1326 1332//1332
f 1333//1333 1326//1326 1327//1327
f 1334//1334 1327//1327 1328//1328
f 1335//1335 1328//1328 1329//1329
f 1336//1336 1329//1329 1330//1330
f 659//659 1337//1337 1338//1338
f 1254//1254 659//659 1338//1338
f 1340//1340 1254//1254 1338//1338
f 1340//1340 1339//1339 1341//1341
f 1256//1256 1340//1340 1341//1341
f 675//675 1343//1343 1344//1344
f 1337//1337 675//675 1344//1344
f 1346//1346 1337//1337 1344//1344
f 1346//1346 1345//1345 1347//1347
f 1339//1339 1346//1346 1347//1347
f 1349//1349 1339//1339 1347//1347
f 1349//1349 1348//1348 1350//1350
f 1342//1342 1349//1349 1350//1350
f 1343//1343 692//692 1352//1352
f 1354//1354 1343//1343 1352//1352
f 1354//1354 1353//1353 1355//1355
f 1345//1345 1354//1354 1355//1355
f 1357//1357 1345//1345 1355//1355
f 1357//1357 1356//1356 1358//1358
f 1348//1348 1357//1357 1358//1358
f 1360//1360 1348//1348 1358//1358
f 1360//1360 1359//1359 1361//1361
f 1351//1351 1360//1360 1361//1361
f 707//707 1363//1363 1364//1364
f 1352//1352 707//707 1364//1364
f 1353//1353 1364//1364 1365//1365
f 1366//1366 1353//1353 1365//1365
f 1356//1356 1366//1366 1367//1367
f 1368//1368 1356//1356 1367//1367
f 1359//1359 1368//1368 1369//1369
f 1370//1370 1359//1359 1369//1369
f 1362//1362 1370//1370 1371//1371
f 1363//1363 721//721 1372//1372
f 1373//1373 1363//1363 1372//1372
f 1365//1365 1373//1373 1374//1374
f 1376//1376 1365//1365 1374//1374
f 1376//1376 1375//1375 1377//1377
f 1367//1367 1376//1376 1377//1377
f 1379//1379 1367//1367 1377//1377
f 1379//1379 1378//1378 1380//1380
f 1369//1369 1379//1379 1380//1380
f 1382//1382 1369//1369 1380//1380
f 1382//1382 1381//1381 1383//1383
f 1371//1371 1382//1382 1383//1383
f 735//735 1385//1385 1386//1386
f 1372//1372 735//735 1386//1386
f 1388//1388 1372//1372 1386//1386
f 1388//1388 1387//1387 1389//1389
f 1374//1374 1388//1388 1389//1389
f 1375//1375 1389//1389 1390//1390
f 1391//1391 1375//1375 1390//1390
f 1378//1378 1391//1391 1392//1392
f 1393//1393 1378//1378 1392//1392
f 1381//1381 1393//1393 1394//1394
f 1395//1395 1381//1381 1394//1394
f 1384//1384 1395//1395 1396//1396
f 743//743 243//243 1397//1397
f 1397//1397 244//244 1398//1398
f 1398//1398 245//245 1399//1399
f 747//747 1397//1397 1400//1400
f 1400//1400 1398//1398 1401//1401
f 1402//1402 1398//1398 1399//1399
f 748//748 1400//1400 1403//1403
f 1385//1385 748//748 1403//1403
f 1404//1404 1400//1400 1401//1401
f 1405//1405 1385//1385 1403//1403
f 1405//1405 1404//1404 1406//1406
f 1387//1387 1405//1405 1406//1406
f 1408//1408 1387//1387 1406//1406
f 1408//1408 1407//1407 1409//1409
f 1390//1390 1408//1408 1409//1409
f 1410//1410 1390//1390 1409//1409
f 1392//1392 1410//1410 1411//1411
f 1413//1413 1392//1392 1411//1411
f 1413//1413 1412//1412 1414//1414
f 1394//1394 1413//1413 1414//1414
f 1415//1415 1394//1394 1414//1414
f 1416//1416 1395//1395 1415//1415
f 1399//1399 258//258 1417//1417
f 1402//1402 1418//1418 1401//1401
f 1402//1402 1417//1417 1419//1419
f 1404//1404 1418//1418 1420//1420
f 1421//1421 1418//1418 1419//1419
f 1422//1422 1404//1404 1420//1420
f 1422//1422 1421//1421 1423//1423
f 1407//1407 1422//1422 1423//1423
f 1424//1424 1407//1407 1423//1423
f 1426//1426 1409//1409 1424//1424
f 1426//1426 1425//1425 1427//1427
f 1411//1411 1426//1426 1427//1427
f 1412//1412 1427//1427 1428//1428
f 1429//1429 1412//1412 1428//1428
f 1431//1431 1414//1414 1429//1429
f 1431//1431 1430//1430 1432//1432
f 1416//1416 1431//1431 1432//1432
f 1434//1434 1256//1256 1341//1341
f 1434//1434 1342//1342 1435//1435
f 1302//1302 1434//1434 1435//1435
f 1437//1437 1302//1302 1435//1435
f 1437//1437 1436//1436 1438//1438
f 1305//1305 1437//1437 1438//1438
f 1440//1440 1305//1305 1438//1438
f 1440//1440 1439//1439 1441//1441
f 1308//1308 1440//1440 1441//1441
f 1442//1442 1308//1308 1441//1441
f 1444//1444 1310//1310 1442//1442
f 1444//1444 1443//1443 1445//1445
f 1313//1313 1444//1444 1445//1445
f 1446//1446 1313//1313 1445//1445
f 1448//1448 1316//1316 1446//1446
f 1448//1448 1447//1447 1449//1449
f 1450//1450 1318//1318 1448//1448
f 1451//1451 1448//1448 1449//1449
f 1452//1452 1342//1342 1350//1350
f 1452//1452 1351//1351 1453//1453
f 1436//1436 1452//1452 1453//1453
f 1455//1455 1436//1436 1453//1453
f 1455//1455 1454//1454 1456//1456
f 1439//1439 1455//1455 1456//1456
f 1458//1458 1439//1439 1456//1456
f 1458//1458 1457//1457 1459//1459
f 1460//1460 1441//1441 1458//1458
f 1460//1460 1459//1459 1461//1461
f 1443//1443 1460//1460 1461//1461
f 1463//1463 1443//1443 1461//1461
f 1463//1463 1462//1462 1464//1464
f 1465//1465 1445//1445 1463//1463
f 1465//1465 1464//1464 1466//1466
f 1447//1447 1465//1465 1466//1466
f 1467//1467 1447//1447 1466//1466
f 1469//1469 1449//1449 1467//1467
f 1469//1469 1468//1468 1470//1470
f 1471//1471 1351//1351 1361//1361
f 1471//1471 1362//1362 1472//1472
f 1454//1454 1471//1471 1472//1472
f 1473//1473 1454//1454 1472//1472
f 1457//1457 1473//1473 1474//1474
f 1475//1475 1457//1457 1474//1474
f 1477//1477 1459//1459 1475//1475
f 1477//1477 1476//1476 1478//1478
f 1462//1462 1477//1477 1478//1478
f 1479//1479 1462//1462 1478//1478
f 1481//1481 1464//1464 1479//1479
f 1481//1481 1480//1480 1482//1482
f 1483//1483 1466//1466 1481//1481
f 1483//1483 1482//1482 1484//1484
f 1468//1468 1483//1483 1484//1484
f 1485//1485 1468//1468 1484//1484
f 1486//1486 1362//1362 1371//1371
f 1488//1488 1472//1472 1486//1486
f 1488//1488 1487//1487 1489//1489
f 1474//1474 1488//1488 1489//1489
f 1491//1491 1474//1474 1489//1489
f 1491//1491 1490//1490 1492//1492
f 1476//1476 1491//1491 1492//1492
f 1493//1493 1476//1476 1492//1492
f 1495//1495 1478//1478 1493//1493
f 1495//1495 1494//1494 1496//1496
f 1480//1480 1495//1495 1496//1496
f 1497//1497 1480//1480 1496//1496
f 1498//1498 1482//1482 1497//1497
f 1485//1485 1498//1498 1499//1499
f 1500//1500 1371//1371 1383//1383
f 1500//1500 1384//1384 1501//1501
f 1487//1487 1500//1500 1501//1501
f 1502//1502 1487//1487 1501//1501
f 1490//1490 1502//1502 1503//1503
f 1504//1504 1490//1490 1503//1503
f 1506//1506 1492//1492 1504//1504
f 1506//1506 1505//1505 1507//1507
f 1494//1494 1506//1506 1507//1507
f 1508//1508 1494//1494 1507//1507
f 1509//1509 1496//1496 1508//1508
f 1510//1510 1384//1384 1396//1396
f 1512//1512 1501//1501 1510//1510
f 1512//1512 1511//1511 1513//1513
f 1503//1503 1512//1512 1513//1513
f 1514//1514 1503//1503 1513//1513
f 1505//1505 1514//1514 1515//1515
f 1516//1516 1505//1505 1515//1515
f 1517//1517 1507//1507 1516//1516
f 1518//1518 1396//1396 1416//1416
f 1511//1511 1518//1518 1519//1519
f 1520//1520 1511//1511 1519//1519
f 1522//1522 1513//1513 1520//1520
f 1522//1522 1521//1521 1523//1523
f 1515//1515 1522//1522 1523//1523
f 1524//1524 1515//1515 1523//1523
f 1525//1525 1416//1416 1432//1432
f 1525//1525 1433//1433 1526//1526
f 1519//1519 1525//1525 1526//1526
f 1527//1527 1519//1519 1526//1526
f 1521//1521 1527//1527 1528//1528
f 1529//1529 1521//1521 1528//1528
f 1530//1530 1523//1523 1529//1529
f 1498//1498 1531//1531 1532//1532
f 1533//1533 1498//1498 1532//1532
f 1509//1509 1534//1534 1535//1535
f 1531//1531 1509//1509 1535//1535
f 1536//1536 1531//1531 1535//1535
f 1537//1537 1532//1532 1536//1536
f 1517//1517 1538//1538 1539//1539
f 1534//1534 1517//1517 1539//1539
f 1540//1540 1534//1534 1539//1539
f 1536//1536 1540//1540 1541//1541
f 1543//1543 1536//1536 1541//1541
f 1543//1543 1542//1542 1544//1544
f 1538//1538 1524//1524 1545//1545
f 1546//1546 1538//1538 1545//1545
f 1540//1540 1546//1546 1547//1547
f 1549//1549 1540//1540 1547//1547
f 1549//1549 1548//1548 1550//1550
f 1542//1542 1549//1549 1550//1550
f 1551//1551 1542//1542 1550//1550
f 1530//1530 1552//1552 1553//1553
f 1545//1545 1530//1530 1553//1553
f 1554//1554 1545//1545 1553//1553
f 1556//1556 1546//1546 1554//1554
f 1556//1556 1555//1555 1557//1557
f 1548//1548 1556//1556 1557//1557
f 1558//1558 1548//1548 1557//1557
f 1551//1551 1558//1558 1559//1559
f 1331//1331 1560//1560 1330//1330
f 1331//1331 1450//1450 1561//1561
f 1562//1562 1450//1450 1451//1451
f 1563//1563 531//531 1332//1332
f 1564//1564 1332//1332 1333//1333
f 1565//1565 1333//1333 1334//1334
f 1566//1566 1334//1334 1335//1335
f 1336//1336 1566//1566 1335//1335
f 1336//1336 1560//1560 1567//1567
f 1568//1568 1560//1560 1561//1561
f 1569//1569 1561//1561 1562//1562
f 1570//1570 1564//1564 1571//1571
f 1572//1572 1564//1564 1565//1565
f 1573//1573 1565//1565 1566//1566
f 1574//1574 1566//1566 1567//1567
f 1575//1575 1567//1567 1568//1568
f 1576//1576 1451//1451 1469//1469
f 1577//1577 1469//1469 1470//1470
f 1578//1578 892//892 1563//1563
f 1569//1569 1579//1579 1568//1568
f 1569//1569 1576//1576 1580//1580
f 1581//1581 1576//1576 1577//1577
f 899//899 1578//1578 1582//1582
f 1570//1570 1578//1578 1563//1563
f 1583//1583 1570//1570 1571//1571
f 1584//1584 1571//1571 1572//1572
f 1585//1585 1572//1572 1573//1573
f 1574//1574 1585//1585 1573//1573
f 1575//1575 1586//1586 1574//1574
f 1575//1575 1579//1579 1587//1587
f 1588//1588 1579//1579 1580//1580
f 1589//1589 1584//1584 1590//1590
f 1591//1591 1584//1584 1585//1585
f 1591//1591 1586//1586 1592//1592
f 1593//1593 1586//1586 1587//1587
f 1577//1577 1485//1485 1594//1594
f 1581//1581 1595//1595 1580//1580
f 1581//1581 1594//1594 1596//1596
f 1597//1597 899//899 1582//1582
f 1598//1598 1582//1582 1583//1583
f 1588//1588 1599//1599 1587//1587
f 1588//1588 1595//1595 1600//1600
f 1601//1601 1595//1595 1596//1596
f 1602//1602 1598//1598 1603//1603
f 1589//1589 1598//1598 1583//1583
f 1604//1604 1589//1589 1590//1590
f 1591//1591 1604//1604 1590//1590
f 1592//1592 1605//1605 1591//1591
f 1593//1593 1606//1606 1592//1592
f 1593//1593 1599//1599 1607//1607
f 1608//1608 1599//1599 1600//1600
f 1609//1609 1485//1485 1499//1499
f 1610//1610 1594//1594 1609//1609
f 1611//1611 908//908 1597//1597
f 1601//1601 1612//1612 1600//1600
f 1601//1601 1610//1610 1613//1613
f 917//917 1611//1611 1614//1614
f 1602//1602 1611//1611 1597//1597
f 1615//1615 1602//1602 1603//1603
f 1604//1604 1615//1615 1603//1603
f 1617//1617 1604//1604 1605//1605
f 1618//1618 1605//1605 1606//1606
f 1619//1619 1606//1606 1607//1607
f 1608//1608 1619//1619 1607//1607
f 1608//1608 1612//1612 1620//1620
f 1621//1621 1612//1612 1613//1613
f 1622//1622 1617//1617 1623//1623
f 1624//1624 1617//1617 1618//1618
f 1624//1624 1619//1619 1625//1625
f 1626//1626 1619//1619 1620//1620
f 1628//1628 917//917 1614//1614
f 1615//1615 1628//1628 1614//1614
f 1630//1630 1615//1615 1616//1616
f 1621//1621 1631//1631 1620//1620
f 1621//1621 1627//1627 1632//1632
f 1633//1633 1630//1630 1634//1634
f 1622//1622 1630//1630 1616//1616
f 1635//1635 1622//1622 1623//1623
f 1636//1636 1623//1623 1624//1624
f 1625//1625 1636//1636 1624//1624
f 1626//1626 1637//1637 1625//1625
f 1626//1626 1631//1631 1638//1638
f 1639//1639 1631//1631 1632//1632
f 1640//1640 926//926 1628//1628
f 1641//1641 1628//1628 1629//1629
f 1643//1643 1641//1641 1644//1644
f 1633//1633 1641//1641 1629//1629
f 1645//1645 1633//1633 1634//1634
f 1635//1635 1645//1645 1634//1634
f 1647//1647 1635//1635 1636//1636
f 1637//1637 1647//1647 1636//1636
f 1649//1649 1637//1637 1638//1638
f 1639//1639 1649//1649 1638//1638
f 1639//1639 1642//1642 1650//1650
f 1651//1651 1647//1647 1652//1652
f 1653//1653 1647//1647 1648//1648
f 1654//1654 937//937 1640//1640
f 1643//1643 1654//1654 1640//1640
f 1656//1656 1643//1643 1644//1644
f 1645//1645 1656//1656 1644//1644
f 1658//1658 1645//1645 1646//1646
f 1649//1649 1659//1659 1648//1648
f 1650//1650 1660//1660 1649//1649
f 1662//1662 1658//1658 1663//1663
f 1651//1651 1658//1658 1646//1646
f 1664//1664 1651//1651 1652//1652
f 1653//1653 1664//1664 1652//1652
f 1653//1653 1659//1659 1665//1665
f 1666//1666 1659//1659 1660//1660
f 1667//1667 1660//1660 1661//1661
f 1668//1668 947//947 1654//1654
f 957//957 1668//1668 1669//1669
f 1655//1655 1668//1668 1654//1654
f 1670//1670 1655//1655 1656//1656
f 1671//1671 1656//1656 1657//1657
f 1662//1662 1671//1671 1657//1657
f 1674//1674 1662//1662 1663//1663
f 1675//1675 1663//1663 1664//1664
f 1676//1676 1664//1664 1665//1665
f 1666//1666 1676//1676 1665//1665
f 1667//1667 1677//1677 1666//1666
f 1667//1667 1672//1672 1678//1678
f 1679//1679 1499//1499 1533//1533
f 1610//1610 1679//1679 1680//1680
f 1681//1681 1610//1610 1680//1680
f 1679//1679 1537//1537 1682//1682
f 1680//1680 1682//1682 1684//1684
f 1685//1685 1682//1682 1683//1683
f 1681//1681 1627//1627 1613//1613
f 1681//1681 1684//1684 1686//1686
f 1687//1687 1627//1627 1686//1686
f 1688//1688 1537//1537 1543//1543
f 1688//1688 1544//1544 1689//1689
f 1683//1683 1688//1688 1689//1689
f 1685//1685 1690//1690 1684//1684
f 1685//1685 1689//1689 1691//1691
f 1686//1686 1690//1690 1692//1692
f 1693//1693 1690//1690 1691//1691
f 1687//1687 1642//1642 1632//1632
f 1687//1687 1692//1692 1694//1694
f 1695//1695 1642//1642 1694//1694
f 1696//1696 1544//1544 1551//1551
f 1691//1691 1696//1696 1697//1697
f 1693//1693 1698//1698 1692//1692
f 1693//1693 1697//1697 1699//1699
f 1694//1694 1698//1698 1700//1700
f 1701//1701 1698//1698 1699//1699
f 1695//1695 1661//1661 1650//1650
f 1695//1695 1700//1700 1702//1702
f 1696//1696 1559//1559 1703//1703
f 1704//1704 1696//1696 1703//1703
f 1705//1705 1697//1697 1704//1704
f 1701//1701 1706//1706 1700//1700
f 1701//1701 1705//1705 1707//1707
f 1702//1702 1672//1672 1661//1661
f 1702//1702 1706//1706 1708//1708
f 1709//1709 1706//1706 1707//1707
f 1417//1417 297//297 1710//1710
f 1710//1710 298//298 1711//1711
f 1712//1712 1417//1417 1710//1710
f 1712//1712 1711//1711 1713//1713
f 1421//1421 1712//1712 1714//1714
f 1714//1714 1713//1713 1715//1715
f 1423//1423 1714//1714 1716//1716
f 1717//1717 1714//1714 1715//1715
f 1718//1718 1423//1423 1716//1716
f 1425//1425 1718//1718 1719//1719
f 1720//1720 1425//1425 1719//1719
f 1428//1428 1720//1720 1721//1721
f 1722//1722 1428//1428 1721//1721
f 1430//1430 1722//1722 1723//1723
f 1724//1724 1430//1430 1723//1723
f 1433//1433 1724//1724 1725//1725
f 1711//1711 313//313 1726//1726
f 1713//1713 1726//1726 1727//1727
f 1715//1715 1727//1727 1728//1728
f 1717//1717 1729//1729 1716//1716
f 1717//1717 1728//1728 1730//1730
f 1718//1718 1729//1729 1731//1731
f 1731//1731 1730//1730 1732//1732
f 1719//1719 1731//1731 1732//1732
f 1733//1733 1719//1719 1732//1732
f 1734//1734 1720//1720 1733//1733
f 1735//1735 1721//1721 1734//1734
f 1736//1736 1722//1722 1735//1735
f 1737//1737 1723//1723 1736//1736
f 1738//1738 1724//1724 1737//1737
f 1726//1726 329//329 1739//1739
f 1739//1739 330//330 1740//1740
f 1727//1727 1739//1739 1741//1741
f 1741//1741 1740//1740 1742//1742
f 1728//1728 1741//1741 1743//1743
f 1743//1743 1742//1742 1744//1744
f 1745//1745 1728//1728 1743//1743
f 1746//1746 1743//1743 1744//1744
f 1747//1747 1730//1730 1745//1745
f 1749//1749 1732//1732 1747//1747
f 1749//1749 1748//1748 1750//1750
f 1734//1734 1749//1749 1750//1750
f 1751//1751 1734//1734 1750//1750
f 1752//1752 1735//1735 1751//1751
f 1753//1753 1736//1736 1752//1752
f 1754//1754 1737//1737 1753//1753
f 1740//1740 342//342 1755//1755
f 1742//1742 1755//1755 1756//1756
f 1744//1744 1756//1756 1757//1757
f 1746//1746 1758//1758 1745//1745
f 1746//1746 1757//1757 1759//1759
f 1760//1760 1745//1745 1758//1758
f 1760//1760 1759//1759 1761//1761
f 1748//1748 1760//1760 1761//1761
f 1762//1762 1748//1748 1761//1761
f 1751//1751 1762//1762 1763//1763
f 1764//1764 1751//1751 1763//1763
f 1765//1765 1752//1752 1764//1764
f 1766//1766 1753//1753 1765//1765
f 1767//1767 342//342 354//354
f 1768//1768 1755//1755 1767//1767
f 1769//1769 1756//1756 1768//1768
f 1759//1759 1769//1769 1770//1770
f 1761//1761 1770//1770 1771//1771
f 1762//1762 1771//1771 1772//1772
f 1763//1763 1772//1772 1773//1773
f 1774//1774 1763//1763 1773//1773
f 1775//1775 1764//1764 1774//1774
f 1776//1776 1765//1765 1775//1775
f 1767//1767 364//364 1777//1777
f 1778//1778 1767//1767 1777//1777
f 1779//1779 1768//1768 1778//1778
f 1780//1780 1769//1769 1779//1779
f 1781//1781 1770//1770 1780//1780
f 1772//1772 1781//1781 1782//1782
f 1773//1773 1782//1782 1783//1783
f 1784//1784 1773//1773 1783//1783
f 1785//1785 1774//1774 1784//1784
f 1776//1776 1785//1785 1786//1786
f 1777//1777 374//374 1787//1787
f 1788//1788 1777//1777 1787//1787
f 1789//1789 1778//1778 1788//1788
f 1790//1790 1779//1779 1789//1789
f 1791//1791 1780//1780 1790//1790
f 1782//1782 1791//1791 1792//1792
f 1783//1783 1792//1792 1793//1793
f 1784//1784 1793//1793 1794//1794
f 1785//1785 1794//1794 1795//1795
f 1786//1786 1795//1795 1796//1796
f 1787//1787 384//384 1797//1797
f 1798//1798 1787//1787 1797//1797
f 1799//1799 1788//1788 1798//1798
f 1800//1800 1789//1789 1799//1799
f 1801//1801 1790//1790 1800//1800
f 1792//1792 1801//1801 1802//1802
f 1793//1793 1802//1802 1803//1803
f 1794//1794 1803//1803 1804//1804
f 1795//1795 1804//1804 1805//1805
f 1796//1796 1805//1805 1806//1806
f 1807//1807 1433//1433 1725//1725
f 1809//1809 1526//1526 1807//1807
f 1809//1809 1808//1808 1810//1810
f 1528//1528 1809//1809 1810//1810
f 1811//1811 1528//1528 1810//1810
f 1812//1812 1725//1725 1738//1738
f 1808//1808 1812//1812 1813//1813
f 1814//1814 1808//1808 1813//1813
f 1815//1815 1810//1810 1814//1814
f 1816//1816 1738//1738 1754//1754
f 1817//1817 1812//1812 1816//1816
f 1814//1814 1817//1817 1818//1818
f 1815//1815 1818//1818 1819//1819
f 1820//1820 1754//1754 1766//1766
f 1821//1821 1816//1816 1820//1820
f 1818//1818 1821//1821 1822//1822
f 1823//1823 1818//1818 1822//1822
f 1824//1824 1766//1766 1776//1776
f 1825//1825 1820//1820 1824//1824
f 1826//1826 1821//1821 1825//1825
f 1824//1824 1786//1786 1827//1827
f 1828//1828 1824//1824 1827//1827
f 1826//1826 1828//1828 1829//1829
f 1827//1827 1796//1796 1831//1831
f 1828//1828 1831//1831 1832//1832
f 1833//1833 1828//1828 1832//1832
f 1830//1830 1833//1833 1834//1834
f 1831//1831 1806//1806 1835//1835
f 1832//1832 1835//1835 1836//1836
f 1837//1837 1832//1832 1836//1836
f 1838//1838 1833//1833 1837//1837
f 1552//1552 1811//1811 1839//1839
f 1840//1840 1552//1552 1839//1839
f 1841//1841 1553//1553 1840//1840
f 1555//1555 1841//1841 1842//1842
f 1843//1843 1555//1555 1842//1842
f 1558//1558 1843//1843 1844//1844
f 1559//1559 1844//1844 1845//1845
f 1847//1847 1811//1811 1815//1815
f 1840//1840 1847//1847 1848//1848
f 1849//1849 1840//1840 1848//1848
f 1850//1850 1841//1841 1849//1849
f 1851//1851 1842//1842 1850//1850
f 1844//1844 1851//1851 1852//1852
f 1854//1854 1844//1844 1852//1852
f 1854//1854 1853//1853 1855//1855
f 1846//1846 1854//1854 1855//1855
f 1856//1856 1815//1815 1819//1819
f 1848//1848 1856//1856 1857//1857
f 1859//1859 1848//1848 1857//1857
f 1859//1859 1858//1858 1860//1860
f 1850//1850 1859//1859 1860//1860
f 1861//1861 1850//1850 1860//1860
f 1862//1862 1851//1851 1861//1861
f 1853//1853 1862//1862 1863//1863
f 1864//1864 1853//1853 1863//1863
f 1823//1823 1865//1865 1866//1866
f 1856//1856 1823//1823 1866//1866
f 1867//1867 1856//1856 1866//1866
f 1858//1858 1867//1867 1868//1868
f 1869//1869 1858//1858 1868//1868
f 1861//1861 1869//1869 1870//1870
f 1871//1871 1861//1861 1870//1870
f 1872//1872 1862//1862 1871//1871
f 1873//1873 1863//1863 1872//1872
f 1865//1865 1826//1826 1874//1874
f 1875//1875 1865//1865 1874//1874
f 1867//1867 1875//1875 1876//1876
f 1877//1877 1867//1867 1876//1876
f 1878//1878 1868//1868 1877//1877
f 1870//1870 1878//1878 1879//1879
f 1880//1880 1870//1870 1879//1879
f 1881//1881 1871//1871 1880//1880
f 1882//1882 1872//1872 1881//1881
f 1883//1883 1826//1826 1829//1829
f 1830//1830 1883//1883 1829//1829
f 1875//1875 1883//1883 1884//1884
f 1885//1885 1875//1875 1884//1884
f 1877//1877 1885//1885 1886//1886
f 1878//1878 1886//1886 1887//1887
f 1888//1888 1878//1878 1887//1887
f 1880//1880 1888//1888 1889//1889
f 1881//1881 1889//1889 1890//1890
f 1882//1882 1890//1890 1891//1891
f 1892//1892 1830//1830 1834//1834
f 1885//1885 1892//1892 1893//1893
f 1886//1886 1893//1893 1894//1894
f 1887//1887 1894//1894 1895//1895
f 1896//1896 1887//1887 1895//1895
f 1889//1889 1896//1896 1897//1897
f 1890//1890 1897//1897 1898//1898
f 1891//1891 1898//1898 1899//1899
f 1892//1892 1838//1838 1900//1900
f 1893//1893 1900//1900 1901//1901
f 1902//1902 1893//1893 1901//1901
f 1903//1903 1902//1902 1901//1901
f 1895//1895 1902//1902 1904//1904
f 1905//1905 1895//1895 1904//1904
f 1897//1897 1905//1905 1906//1906
f 1907//1907 1897//1897 1906//1906
f 1908//1908 1907//1907 1906//1906
f 1899//1899 1907//1907 1909//1909
f 1910//1910 957//957 1669//1669
f 1670//1670 1910//1910 1669//1669
f 1912//1912 1670//1670 1671//1671
f 1914//1914 1671//1671 1673//1673
f 1915//1915 1673//1673 1674//1674
f 1675//1675 1915//1915 1674//1674
f 1676//1676 1916//1916 1675//1675
f 1918//1918 1676//1676 1677//1677
f 1678//1678 1918//1918 1677//1677
f 1678//1678 1913//1913 1919//1919
f 1920//1920 1182//1182 1910//1910
f 1911//1911 1920//1920 1910//1910
f 1922//1922 1911//1911 1912//1912
f 1923//1923 1912//1912 1914//1914
f 1924//1924 1914//1914 1915//1915
f 1916//1916 1924//1924 1915//1915
f 1917//1917 1925//1925 1916//1916
f 1927//1927 1917//1917 1918//1918
f 1928//1928 1918//1918 1919//1919
f 1920//1920 1202//1202 1192//1192
f 1921//1921 1929//1929 1920//1920
f 1931//1931 1921//1921 1922//1922
f 1932//1932 1922//1922 1923//1923
f 1924//1924 1932//1932 1923//1923
f 1925//1925 1933//1933 1924//1924
f 1926//1926 1934//1934 1925//1925
f 1936//1936 1926//1926 1927//1927
f 1937//1937 1927//1927 1928//1928
f 1929//1929 1212//1212 1202//1202
f 1939//1939 1929//1929 1930//1930
f 1931//1931 1939//1939 1930//1930
f 1932//1932 1940//1940 1931//1931
f 1933//1933 1941//1941 1932//1932
f 1943//1943 1933//1933 1934//1934
f 1944//1944 1934//1934 1935//1935
f 1936//1936 1944//1944 1935//1935
f 1937//1937 1945//1945 1936//1936
f 1222//1222 1947//1947 1221//1221
f 1938//1938 1222//1222 1212//1212
f 1949//1949 1938//1938 1939//1939
f 1940//1940 1949//1949 1939//1939
f 1941//1941 1950//1950 1940//1940
f 1942//1942 1951//1951 1941//1941
f 1953//1953 1942//1942 1943//1943
f 1954//1954 1943//1943 1944//1944
f 1945//1945 1954//1954 1944//1944
f 1946//1946 1955//1955 1945//1945
f 1947//1947 1232//1232 1221//1221
f 1958//1958 1947//1947 1948//1948
f 1949//1949 1958//1958 1948//1948
f 1950//1950 1959//1959 1949//1949
f 1951//1951 1960//1960 1950//1950
f 1952//1952 1961//1961 1951//1951
f 1963//1963 1952//1952 1953//1953
f 1964//1964 1953//1953 1954//1954
f 1955//1955 1964//1964 1954//1954
f 1956//1956 1965//1965 1955//1955
f 1957//1957 1242//1242 1232//1232
f 1958//1958 1967//1967 1957//1957
f 1959//1959 1968//1968 1958//1958
f 1960//1960 1969//1969 1959//1959
f 1973//1973 1960//1960 1961//1961
f 1973//1973 1971//1971 1970//1970
f 1962//1962 1973//1973 1961//1961
f 1963//1963 1974//1974 1962//1962
f 1976//1976 1963//1963 1964//1964
f 1965//1965 1976//1976 1964//1964
f 1966//1966 1977//1977 1965//1965
f 1967//1967 1252//1252 1242//1242
f 1981//1981 1967//1967 1968//1968
f 1981//1981 1980//1980 1979//1979
f 1969//1969 1981//1981 1968//1968
f 1983//1983 1969//1969 1970//1970
f 1971//1971 1983//1983 1970//1970
f 1989//1989 1971//1971 1974//1974
f 1989//1989 1985//1985 1984//1984
f 1975//1975 1989//1989 1974//1974
f 1990//1990 1986//1986 1985//1985
f 1976//1976 1990//1990 1975//1975
f 1992//1992 1976//1976 1977//1977
f 1993//1993 1987//1987 1992//1992
f 1993//1993 1977//1977 1978//1978
f 1993//1993 1972//1972 1988//1988
f 1994//1994 1559//1559 1845//1845
f 1994//1994 1846//1846 1995//1995
f 1704//1704 1994//1994 1996//1996
f 1996//1996 1995//1995 1997//1997
f 1705//1705 1996//1996 1998//1998
f 1999//1999 1996//1996 1997//1997
f 2000//2000 1705//1705 1998//1998
f 1708//1708 1913//1913 1672//1672
f 1709//1709 2001//2001 1708//1708
f 1709//1709 2000//2000 2002//2002
f 2003//2003 1913//1913 2001//2001
f 2004//2004 1846//1846 1855//1855
f 1997//1997 2004//2004 2005//2005
f 1999//1999 2006//2006 1998//1998
f 1999//1999 2005//2005 2007//2007
f 2000//2000 2006//2006 2008//2008
f 2009//2009 2006//2006 2007//2007
f 2002//2002 2010//2010 2001//2001
f 2011//2011 2000//2000 2008//2008
f 2003//2003 1928//1928 1919//1919
f 2003//2003 2010//2010 2012//2012
f 2013//2013 1855//1855 1864//1864
f 2005//2005 2013//2013 2014//2014
f 2007//2007 2014//2014 2015//2015
f 2009//2009 2016//2016 2008//2008
f 2009//2009 2015//2015 2017//2017
f 2011//2011 2018//2018 2010//2010
f 2011//2011 2016//2016 2019//2019
f 2012//2012 1937//1937 1928//1928
f 2020//2020 2010//2010 2018//2018
f 2013//2013 1873//1873 2021//2021
f 2014//2014 2021//2021 2022//2022
f 2023//2023 2014//2014 2022//2022
f 2025//2025 2016//2016 2017//2017
f 2017//2017 2023//2023 2025//2025
f 2019//2019 2026//2026 2018//2018
f 2019//2019 2024//2024 2027//2027
f 2020//2020 1946//1946 1937//1937
f 2028//2028 2018//2018 2026//2026
f 2021//2021 1882//1882 2029//2029
f 2022//2022 2029//2029 2030//2030
f 2031//2031 2022//2022 2030//2030
f 2033//2033 2024//2024 2025//2025
f 2025//2025 2031//2031 2033//2033
f 2035//2035 2026//2026 2027//2027
f 2027//2027 2032//2032 2035//2035
f 2036//2036 1946//1946 2028//2028
f 2028//2028 2034//2034 2036//2036
f 2037//2037 1882//1882 1891//1891
f 2030//2030 2037//2037 2038//2038
f 2031//2031 2038//2038 2039//2039
f 2033//2033 2040//2040 2032//2032
f 2041//2041 2031//2031 2039//2039
f 2043//2043 2034//2034 2035//2035
f 2043//2043 2032//2032 2040//2040
f 2044//2044 1956//1956 2036//2036
f 2036//2036 2042//2042 2044//2044
f 2045//2045 1891//1891 1899//1899
f 2038//2038 2045//2045 2046//2046
f 2048//2048 2038//2038 2046//2046
f 2050//2050 2047//2047 2049//2049
f 2050//2050 2040//2040 2041//2041
f 2050//2050 2039//2039 2048//2048
f 2052//2052 2042//2042 2043//2043
f 2052//2052 2040//2040 2049//2049
f 2053//2053 1972//1972 1978//1978
f 2053//2053 1966//1966 2044//2044
f 2053//2053 2042//2042 2051//2051
f 2045//2045 1909//1909 2054//2054
f 2046//2046 2054//2054 2056//2056
f 2058//2058 2055//2055 2057//2057
f 2058//2058 2047//2047 2048//2048
f 2058//2058 2046//2046 2056//2056
f 2060//2060 2047//2047 2057//2057
f 2061//2061 1972//1972 2051//2051
f 2062//2062 2059//2059 2061//2061
f 2062//2062 2051//2051 2052//2052
f 2062//2062 2049//2049 2060//2060
f 60//60 2063//2063 2064//2064
f 61//61 2064//2064 2065//2065
f 2066//2066 59//59 62//62
f 2064//2064 2067//2067 2068//2068
f 2069//2069 2064//2064 2068//2068
f 2066//2066 2067//2067 2063//2063
f 2071//2071 2067//2067 2070//2070
f 2069//2069 2072//2072 2073//2073
f 2071//2071 2074//2074 2075//2075
f 2071//2071 2072//2072 2068//2068
f 2073//2073 2076//2076 2077//2077
f 2075//2075 2078//2078 2079//2079
f 2075//2075 2076//2076 2072//2072
f 2080//2080 2076//2076 2079//2079
f 2079//2079 2082//2082 2083//2083
f 2080//2080 2083//2083 2084//2084
f 2080//2080 2081//2081 2077//2077
f 2084//2084 2085//2085 2086//2086
f 97//97 2087//2087 2088//2088
f 2089//2089 97//97 2088//2088
f 2089//2089 2090//2090 2091//2091
f 2094//2094 222//222 2093//2093
f 2094//2094 62//62 223//223
f 224//224 2093//2093 222//222
f 226//226 2096//2096 2097//2097
f 2097//2097 224//224 226//226
f 2098//2098 225//225 227//227
f 2099//2099 227//227 228//228
f 2100//2100 228//228 229//229
f 231//231 2101//2101 2102//2102
f 231//231 2100//2100 229//229
f 2103//2103 98//98 2089//2089
f 233//233 2103//2103 2104//2104
f 234//234 2104//2104 2105//2105
f 2105//2105 230//230 234//234
f 2107//2107 2093//2093 2106//2106
f 2107//2107 2066//2066 2094//2094
f 2095//2095 2106//2106 2093//2093
f 2110//2110 2096//2096 2109//2109
f 2097//2097 2108//2108 2095//2095
f 2098//2098 2109//2109 2096//2096
f 2112//2112 2098//2098 2099//2099
f 2113//2113 2099//2099 2100//2100
f 2115//2115 2101//2101 2114//2114
f 2102//2102 2113//2113 2100//2100
f 2116//2116 2089//2089 2091//2091
f 2104//2104 2116//2116 2117//2117
f 2105//2105 2117//2117 2118//2118
f 2105//2105 2114//2114 2101//2101
f 2120//2120 2106//2106 2119//2119
f 2107//2107 2074//2074 2070//2070
f 2108//2108 2119//2119 2106//2106
f 2123//2123 2109//2109 2122//2122
f 2110//2110 2121//2121 2108//2108
f 2111//2111 2122//2122 2109//2109
f 2125//2125 2111//2111 2112//2112
f 2126//2126 2112//2112 2113//2113
f 2115//2115 2127//2127 2128//2128
f 2115//2115 2126//2126 2113//2113
f 2116//2116 2092//2092 2129//2129
f 2117//2117 2129//2129 2130//2130
f 2118//2118 2130//2130 2131//2131
f 2118//2118 2127//2127 2114//2114
f 2132//2132 2127//2127 2131//2131
f 2120//2120 2133//2133 2134//2134
f 2120//2120 2078//2078 2074//2074
f 2121//2121 2133//2133 2119//2119
f 2136//2136 2133//2133 2135//2135
f 2123//2123 2137//2137 2138//2138
f 2138//2138 2121//2121 2123//2123
f 2124//2124 2137//2137 2122//2122
f 2140//2140 2137//2137 2139//2139
f 2125//2125 2139//2139 2124//2124
f 2142//2142 2125//2125 2126//2126
f 2143//2143 2126//2126 2128//2128
f 2132//2132 2144//2144 2145//2145
f 2132//2132 2143//2143 2128//2128
f 2134//2134 2082//2082 2078//2078
f 2147//2147 2082//2082 2146//2146
f 2136//2136 2148//2148 2149//2149
f 2136//2136 2146//2146 2134//2134
f 2150//2150 2135//2135 2138//2138
f 2140//2140 2151//2151 2152//2152
f 2140//2140 2150//2150 2138//2138
f 2141//2141 2151//2151 2139//2139
f 2154//2154 2151//2151 2153//2153
f 2142//2142 2153//2153 2141//2141
f 2156//2156 2142//2142 2143//2143
f 2145//2145 2157//2157 2158//2158
f 2145//2145 2156//2156 2143//2143
f 2147//2147 2159//2159 2160//2160
f 2147//2147 2085//2085 2083//2083
f 2161//2161 2085//2085 2160//2160
f 2149//2149 2162//2162 2163//2163
f 2149//2149 2159//2159 2146//2146
f 2164//2164 2159//2159 2163//2163
f 2150//2150 2162//2162 2148//2148
f 2166//2166 2162//2162 2165//2165
f 2167//2167 2150//2150 2152//2152
f 2154//2154 2168//2168 2169//2169
f 2154//2154 2167//2167 2152//2152
f 2155//2155 2168//2168 2153//2153
f 2171//2171 2168//2168 2170//2170
f 2156//2156 2170//2170 2155//2155
f 2172//2172 2171//2171 2170//2170
f 2174//2174 2156//2156 2158//2158
f 2174//2174 2173//2173 2172//2172
f 2161//2161 2176//2176 2177//2177
f 2164//2164 2178//2178 2179//2179
f 2164//2164 2176//2176 2160//2160
f 2180//2180 2176//2176 2179//2179
f 2166//2166 2181//2181 2182//2182
f 2166//2166 2178//2178 2163//2163
f 2183//2183 2178//2178 2182//2182
f 2167//2167 2181//2181 2165//2165
f 2185//2185 2181//2181 2184//2184
f 2186//2186 2167//2167 2169//2169
f 2187//2187 2184//2184 2186//2186
f 2188//2188 2169//2169 2171//2171
f 2173//2173 2188//2188 2171//2171
f 2175//2175 2189//2189 2173//2173
f 2180//2180 2192//2192 2193//2193
f 2180//2180 2191//2191 2177//2177
f 2183//2183 2194//2194 2195//2195
f 2183//2183 2192//2192 2179//2179
f 2196//2196 2192//2192 2195//2195
f 2185//2185 2194//2194 2182//2182
f 2198//2198 2194//2194 2197//2197
f 2187//2187 2199//2199 2200//2200
f 2187//2187 2197//2197 2185//2185
f 2188//2188 2199//2199 2186//2186
f 2202//2202 2199//2199 2201//2201
f 2189//2189 2201//2201 2188//2188
f 2203//2203 2202//2202 2201//2201
f 2190//2190 2203//2203 2189//2189
f 2205//2205 2204//2204 2203//2203
f 2196//2196 2207//2207 2208//2208
f 2198//2198 2209//2209 2210//2210
f 2198//2198 2207//2207 2195//2195
f 2211//2211 2207//2207 2210//2210
f 2200//2200 2209//2209 2197//2197
f 2213//2213 2209//2209 2212//2212
f 2214//2214 2210//2210 2213//2213
f 2202//2202 2212//2212 2200//2200
f 2216//2216 2212//2212 2215//2215
f 2204//2204 2215//2215 2202//2202
f 2218//2218 2215//2215 2217//2217
f 2219//2219 2204//2204 2206//2206
f 2214//2214 2221//2221 2222//2222
f 2214//2214 2220//2220 2211//2211
f 2216//2216 2221//2221 2213//2213
f 2224//2224 2221//2221 2223//2223
f 2218//2218 2225//2225 2226//2226
f 2218//2218 2223//2223 2216//2216
f 2227//2227 2223//2223 2226//2226
f 2219//2219 2225//2225 2217//2217
f 2229//2229 2225//2225 2228//2228
f 2229//2229 2227//2227 2226//2226
f 279//279 2065//2065 2231//2231
f 280//280 2231//2231 2232//2232
f 281//281 2232//2232 2233//2233
f 2234//2234 281//281 2233//2233
f 2231//2231 2069//2069 2235//2235
f 2232//2232 2235//2235 2236//2236
f 2237//2237 2232//2232 2236//2236
f 2238//2238 2237//2237 2236//2236
f 2234//2234 2237//2237 2239//2239
f 2235//2235 2073//2073 2240//2240
f 2241//2241 2235//2235 2240//2240
f 2238//2238 2241//2241 2242//2242
f 2243//2243 2238//2238 2242//2242
f 2244//2244 2073//2073 2077//2077
f 2245//2245 2240//2240 2244//2244
f 2246//2246 2245//2245 2244//2244
f 2242//2242 2245//2245 2247//2247
f 2248//2248 2242//2242 2247//2247
f 2249//2249 2077//2077 2081//2081
f 2084//2084 2249//2249 2081//2081
f 2246//2246 2249//2249 2250//2250
f 2251//2251 2246//2246 2250//2250
f 2252//2252 2247//2247 2251//2251
f 2250//2250 2086//2086 2253//2253
f 2254//2254 2250//2250 2253//2253
f 2255//2255 282//282 2234//2234
f 376//376 2255//2255 2256//2256
f 2257//2257 376//376 2256//2256
f 2258//2258 377//377 2257//2257
f 2259//2259 378//378 2258//2258
f 2260//2260 379//379 2259//2259
f 2261//2261 380//380 2260//2260
f 382//382 2261//2261 2262//2262
f 383//383 2262//2262 2263//2263
f 384//384 2263//2263 2264//2264
f 2265//2265 2234//2234 2239//2239
f 2256//2256 2265//2265 2266//2266
f 2257//2257 2266//2266 2267//2267
f 2258//2258 2267//2267 2268//2268
f 2259//2259 2268//2268 2269//2269
f 2260//2260 2269//2269 2270//2270
f 2271//2271 2260//2260 2270//2270
f 2272//2272 2261//2261 2271//2271
f 2273//2273 2262//2262 2272//2272
f 2274//2274 2263//2263 2273//2273
f 2265//2265 2243//2243 2275//2275
f 2266//2266 2275//2275 2276//2276
f 2267//2267 2276//2276 2277//2277
f 2268//2268 2277//2277 2278//2278
f 2269//2269 2278//2278 2279//2279
f 2270//2270 2279//2279 2280//2280
f 2281//2281 2270//2270 2280//2280
f 2282//2282 2271//2271 2281//2281
f 2283//2283 2272//2272 2282//2282
f 2284//2284 2273//2273 2283//2283
f 2275//2275 2248//2248 2285//2285
f 2286//2286 2275//2275 2285//2285
f 2287//2287 2286//2286 2285//2285
f 2277//2277 2286//2286 2288//2288
f 2289//2289 2277//2277 2288//2288
f 2290//2290 2278//2278 2289//2289
f 2291//2291 2290//2290 2289//2289
f 2280//2280 2290//2290 2292//2292
f 2281//2281 2292//2292 2293//2293
f 2294//2294 2281//2281 2293//2293
f 2295//2295 2282//2282 2294//2294
f 2296//2296 2283//2283 2295//2295
f 2297//2297 2252//2252 2251//2251
f 2285//2285 2252//2252 2298//2298
f 2287//2287 2298//2298 2299//2299
f 2300//2300 2287//2287 2299//2299
f 2301//2301 2288//2288 2300//2300
f 2291//2291 2301//2301 2302//2302
f 2303//2303 2291//2291 2302//2302
f 2304//2304 2303//2303 2302//2302
f 2293//2293 2303//2303 2305//2305
f 2294//2294 2305//2305 2306//2306
f 2307//2307 2294//2294 2306//2306
f 2308//2308 2295//2295 2307//2307
f 2309//2309 2086//2086 2161//2161
f 2309//2309 2254//2254 2253//2253
f 2297//2297 2254//2254 2310//2310
f 2311//2311 2297//2297 2310//2310
f 2312//2312 2311//2311 2310//2310
f 2299//2299 2311//2311 2313//2313
f 2314//2314 2299//2299 2313//2313
f 2315//2315 2314//2314 2313//2313
f 2301//2301 2314//2314 2316//2316
f 2317//2317 2301//2301 2316//2316
f 2304//2304 2317//2317 2318//2318
f 2319//2319 2304//2304 2318//2318
f 2320//2320 2319//2319 2318//2318
f 2306//2306 2319//2319 2321//2321
f 2323//2323 2320//2320 2322//2322
f 2307//2307 2321//2321 2323//2323
f 2325//2325 2322//2322 2324//2324
f 2308//2308 2323//2323 2325//2325
f 2326//2326 2161//2161 2177//2177
f 2327//2327 2309//2309 2326//2326
f 2328//2328 2327//2327 2326//2326
f 2312//2312 2327//2327 2329//2329
f 2330//2330 2312//2312 2329//2329
f 2331//2331 2330//2330 2329//2329
f 2315//2315 2330//2330 2332//2332
f 2333//2333 2315//2315 2332//2332
f 2334//2334 2333//2333 2332//2332
f 2317//2317 2333//2333 2335//2335
f 2336//2336 2335//2335 2334//2334
f 2337//2337 2317//2317 2335//2335
f 2338//2338 2318//2318 2337//2337
f 2322//2322 2338//2338 2339//2339
f 2324//2324 2339//2339 2340//2340
f 2341//2341 2177//2177 2191//2191
f 2193//2193 2341//2341 2191//2191
f 2328//2328 2341//2341 2342//2342
f 2343//2343 2328//2328 2342//2342
f 2196//2196 2342//2342 2193//2193
f 2344//2344 2343//2343 2342//2342
f 2331//2331 2343//2343 2345//2345
f 2346//2346 2331//2331 2345//2345
f 2347//2347 2346//2346 2345//2345
f 2334//2334 2346//2346 2348//2348
f 2336//2336 2348//2348 2349//2349
f 2350//2350 2336//2336 2349//2349
f 2351//2351 2350//2350 2349//2349
f 2338//2338 2350//2350 2352//2352
f 2354//2354 2351//2351 2353//2353
f 2339//2339 2352//2352 2354//2354
f 2356//2356 2353//2353 2355//2355
f 2340//2340 2354//2354 2356//2356
f 2344//2344 2208//2208 2357//2357
f 2358//2358 2344//2344 2357//2357
f 2359//2359 2208//2208 2211//2211
f 2359//2359 2358//2358 2357//2357
f 2347//2347 2358//2358 2360//2360
f 2361//2361 2347//2347 2360//2360
f 2362//2362 2360//2360 2359//2359
f 2363//2363 2361//2361 2360//2360
f 2349//2349 2361//2361 2364//2364
f 2365//2365 2364//2364 2363//2363
f 2351//2351 2364//2364 2366//2366
f 2367//2367 2366//2366 2365//2365
f 2353//2353 2366//2366 2368//2368
f 2369//2369 2353//2353 2368//2368
f 2370//2370 2211//2211 2220//2220
f 2222//2222 2370//2370 2220//2220
f 2362//2362 2370//2370 2371//2371
f 2372//2372 2362//2362 2371//2371
f 2224//2224 2371//2371 2222//2222
f 2373//2373 2372//2372 2371//2371
f 2365//2365 2372//2372 2374//2374
f 2375//2375 2224//2224 2227//2227
f 2375//2375 2374//2374 2373//2373
f 2367//2367 2374//2374 2376//2376
f 2377//2377 2367//2367 2376//2376
f 2378//2378 2227//2227 2230//2230
f 2379//2379 2375//2375 2378//2378
f 2379//2379 2377//2377 2376//2376
f 2369//2369 2377//2377 2380//2380
f 1039//1039 2381//2381 2382//2382
f 1039//1039 2087//2087 96//96
f 2383//2383 2087//2087 2382//2382
f 1040//1040 2381//2381 1038//1038
f 2385//2385 2381//2381 2384//2384
f 2386//2386 1040//1040 1042//1042
f 1044//1044 2386//2386 1042//1042
f 2388//2388 1044//1044 1046//1046
f 2389//2389 1046//1046 1048//1048
f 1049//1049 2389//2389 1048//1048
f 2392//2392 1049//1049 1050//1050
f 2392//2392 2391//2391 2390//2390
f 1051//1051 2392//2392 1050//1050
f 2383//2383 2394//2394 2395//2395
f 2383//2383 2090//2090 2088//2088
f 2396//2396 2090//2090 2395//2395
f 2385//2385 2397//2397 2398//2398
f 2385//2385 2394//2394 2382//2382
f 2386//2386 2397//2397 2384//2384
f 2400//2400 2397//2397 2399//2399
f 2401//2401 2386//2386 2387//2387
f 2388//2388 2401//2401 2387//2387
f 2389//2389 2402//2402 2388//2388
f 2405//2405 2389//2389 2390//2390
f 2405//2405 2404//2404 2403//2403
f 2391//2391 2405//2405 2390//2390
f 2407//2407 2391//2391 2393//2393
f 2395//2395 2408//2408 2409//2409
f 2396//2396 2409//2409 2410//2410
f 2396//2396 2092//2092 2091//2091
f 2398//2398 2408//2408 2394//2394
f 2412//2412 2408//2408 2411//2411
f 2400//2400 2413//2413 2414//2414
f 2400//2400 2411//2411 2398//2398
f 2401//2401 2413//2413 2399//2399
f 2416//2416 2413//2413 2415//2415
f 2402//2402 2415//2415 2401//2401
f 2418//2418 2415//2415 2417//2417
f 2419//2419 2402//2402 2403//2403
f 2419//2419 2418//2418 2417//2417
f 2404//2404 2419//2419 2403//2403
f 2421//2421 2404//2404 2406//2406
f 2407//2407 2421//2421 2406//2406
f 2410//2410 2424//2424 2425//2425
f 2412//2412 2426//2426 2427//2427
f 2412//2412 2424//2424 2409//2409
f 2428//2428 2424//2424 2427//2427
f 2414//2414 2426//2426 2411//2411
f 2430//2430 2426//2426 2429//2429
f 2416//2416 2429//2429 2414//2414
f 2432//2432 2429//2429 2431//2431
f 2433//2433 2416//2416 2418//2418
f 2420//2420 2433//2433 2418//2418
f 2421//2421 2434//2434 2420//2420
f 2436//2436 2435//2435 2434//2434
f 2438//2438 2421//2421 2422//2422
f 2438//2438 2437//2437 2436//2436
f 2423//2423 2438//2438 2422//2422
f 2428//2428 2441//2441 2442//2442
f 2428//2428 2440//2440 2425//2425
f 2430//2430 2441//2441 2427//2427
f 2444//2444 2441//2441 2443//2443
f 2432//2432 2445//2445 2446//2446
f 2432//2432 2443//2443 2430//2430
f 2433//2433 2445//2445 2431//2431
f 2448//2448 2445//2445 2447//2447
f 2449//2449 2433//2433 2434//2434
f 2449//2449 2448//2448 2447//2447
f 2435//2435 2449//2449 2434//2434
f 2451//2451 2435//2435 2437//2437
f 2452//2452 2437//2437 2439//2439
f 2444//2444 2455//2455 2456//2456
f 2444//2444 2454//2454 2442//2442
f 2446//2446 2455//2455 2443//2443
f 2458//2458 2455//2455 2457//2457
f 2448//2448 2457//2457 2446//2446
f 2460//2460 2457//2457 2459//2459
f 2461//2461 2448//2448 2450//2450
f 2461//2461 2460//2460 2459//2459
f 2451//2451 2461//2461 2450//2450
f 2464//2464 2461//2461 2463//2463
f 2465//2465 2451//2451 2452//2452
f 2465//2465 2464//2464 2463//2463
f 2453//2453 2465//2465 2452//2452
f 2460//2460 2467//2467 2458//2458
f 2462//2462 2468//2468 2460//2460
f 2470//2470 2462//2462 2464//2464
f 2471//2471 2464//2464 2466//2466
f 2472//2472 2092//2092 2410//2410
f 2473//2473 2129//2129 2472//2472
f 2474//2474 2130//2130 2473//2473
f 2472//2472 2425//2425 2475//2475
f 2476//2476 2472//2472 2475//2475
f 2474//2474 2476//2476 2477//2477
f 2474//2474 2144//2144 2131//2131
f 2475//2475 2440//2440 2478//2478
f 2476//2476 2478//2478 2479//2479
f 2477//2477 2479//2479 2480//2480
f 2477//2477 2157//2157 2144//2144
f 2481//2481 2157//2157 2480//2480
f 2482//2482 2440//2440 2442//2442
f 2482//2482 2479//2479 2478//2478
f 2484//2484 2479//2479 2483//2483
f 2484//2484 2481//2481 2480//2480
f 2481//2481 2174//2174 2158//2158
f 2487//2487 2174//2174 2486//2486
f 2482//2482 2454//2454 2488//2488
f 2483//2483 2488//2488 2489//2489
f 2484//2484 2489//2489 2490//2490
f 2485//2485 2490//2490 2491//2491
f 2485//2485 2486//2486 2481//2481
f 2492//2492 2454//2454 2456//2456
f 2493//2493 2488//2488 2492//2492
f 2493//2493 2490//2490 2489//2489
f 2495//2495 2490//2490 2494//2494
f 2496//2496 2456//2456 2458//2458
f 2487//2487 2497//2497 2498//2498
f 2487//2487 2190//2190 2175//2175
f 2491//2491 2497//2497 2486//2486
f 2500//2500 2497//2497 2499//2499
f 2493//2493 2501//2501 2502//2502
f 2494//2494 2502//2502 2503//2503
f 2495//2495 2503//2503 2504//2504
f 2495//2495 2499//2499 2491//2491
f 2505//2505 2499//2499 2504//2504
f 2496//2496 2467//2467 2506//2506
f 2496//2496 2501//2501 2492//2492
f 2507//2507 2501//2501 2506//2506
f 2508//2508 2502//2502 2507//2507
f 2509//2509 2467//2467 2468//2468
f 2510//2510 2468//2468 2469//2469
f 2511//2511 2469//2469 2470//2470
f 2512//2512 2470//2470 2471//2471
f 2513//2513 2190//2190 2498//2498
f 2514//2514 2205//2205 2513//2513
f 2500//2500 2513//2513 2498//2498
f 2516//2516 2513//2513 2515//2515
f 2504//2504 2517//2517 2518//2518
f 2505//2505 2518//2518 2519//2519
f 2505//2505 2515//2515 2500//2500
f 2520//2520 2515//2515 2519//2519
f 2507//2507 2521//2521 2522//2522
f 2508//2508 2522//2522 2523//2523
f 2508//2508 2517//2517 2503//2503
f 2524//2524 2517//2517 2523//2523
f 2525//2525 2518//2518 2524//2524
f 2526//2526 2519//2519 2525//2525
f 2509//2509 2521//2521 2506//2506
f 2527//2527 2522//2522 2521//2521
f 2529//2529 2522//2522 2528//2528
f 2529//2529 2524//2524 2523//2523
f 2531//2531 2524//2524 2530//2530
f 2532//2532 2509//2509 2510//2510
f 2533//2533 2527//2527 2532//2532
f 2511//2511 2532//2532 2510//2510
f 2535//2535 2532//2532 2534//2534
f 2536//2536 2511//2511 2512//2512
f 2536//2536 2535//2535 2534//2534
f 2538//2538 1051//1051 1120//1120
f 2539//2539 1120//1120 1121//1121
f 1122//1122 2539//2539 1121//1121
f 2541//2541 1122//1122 1124//1124
f 2543//2543 1124//1124 1125//1125
f 2543//2543 2542//2542 2541//2541
f 1126//1126 2543//2543 1125//1125
f 2545//2545 1126//1126 1127//1127
f 2538//2538 2407//2407 2393//2393
f 2548//2548 2538//2538 2539//2539
f 2548//2548 2547//2547 2546//2546
f 2540//2540 2548//2548 2539//2539
f 2550//2550 2540//2540 2541//2541
f 2542//2542 2550//2550 2541//2541
f 2552//2552 2542//2542 2544//2544
f 2553//2553 2544//2544 2545//2545
f 2554//2554 2407//2407 2546//2546
f 2554//2554 2423//2423 2422//2422
f 2547//2547 2554//2554 2546//2546
f 2556//2556 2547//2547 2549//2549
f 2558//2558 2549//2549 2550//2550
f 2558//2558 2557//2557 2556//2556
f 2551//2551 2558//2558 2550//2550
f 2560//2560 2551//2551 2552//2552
f 2561//2561 2423//2423 2555//2555
f 2563//2563 2555//2555 2556//2556
f 2563//2563 2562//2562 2561//2561
f 2557//2557 2563//2563 2556//2556
f 2565//2565 2557//2557 2559//2559
f 2566//2566 2559//2559 2560//2560
f 2567//2567 2439//2439 2561//2561
f 2567//2567 2453//2453 2452//2452
f 2562//2562 2567//2567 2561//2561
f 2569//2569 2562//2562 2564//2564
f 2570//2570 2564//2564 2565//2565
f 2571//2571 2453//2453 2568//2568
f 2572//2572 2568//2568 2569//2569
f 2573//2573 2466//2466 2571//2571
f 2574//2574 1127//1127 1164//1164
f 2575//2575 1164//1164 1165//1165
f 1166//1166 2575//2575 1165//1165
f 2577//2577 1166//1166 1168//1168
f 1169//1169 2577//2577 1168//1168
f 2579//2579 1169//1169 1171//1171
f 1172//1172 2579//2579 1171//1171
f 2553//2553 2581//2581 2552//2552
f 2574//2574 2553//2553 2545//2545
f 2583//2583 2574//2574 2575//2575
f 2584//2584 2575//2575 2576//2576
f 2585//2585 2576//2576 2577//2577
f 2586//2586 2577//2577 2578//2578
f 2579//2579 2586//2586 2578//2578
f 2580//2580 2587//2587 2579//2579
f 2581//2581 2560//2560 2552//2552
f 2590//2590 2581//2581 2582//2582
f 2592//2592 2582//2582 2583//2583
f 2592//2592 2591//2591 2590//2590
f 2584//2584 2592//2592 2583//2583
f 2595//2595 2584//2584 2585//2585
f 2595//2595 2594//2594 2593//2593
f 2586//2586 2595//2595 2585//2585
f 2598//2598 2586//2586 2587//2587
f 2598//2598 2597//2597 2596//2596
f 2588//2588 2598//2598 2587//2587
f 2566//2566 2601//2601 2565//2565
f 2589//2589 2566//2566 2560//2560
f 2604//2604 2589//2589 2590//2590
f 2604//2604 2603//2603 2602//2602
f 2591//2591 2604//2604 2590//2590
f 2606//2606 2591//2591 2593//2593
f 2594//2594 2606//2606 2593//2593
f 2608//2608 2594//2594 2596//2596
f 2597//2597 2608//2608 2596//2596
f 2610//2610 2597//2597 2599//2599
f 2600//2600 2610//2610 2599//2599
f 2570//2570 2613//2613 2569//2569
f 2601//2601 2570//2570 2565//2565
f 2615//2615 2601//2601 2602//2602
f 2603//2603 2615//2615 2602//2602
f 2617//2617 2603//2603 2605//2605
f 2619//2619 2605//2605 2606//2606
f 2619//2619 2618//2618 2617//2617
f 2607//2607 2619//2619 2606//2606
f 2622//2622 2607//2607 2608//2608
f 2622//2622 2621//2621 2620//2620
f 2609//2609 2622//2622 2608//2608
f 2625//2625 2609//2609 2610//2610
f 2625//2625 2624//2624 2623//2623
f 2611//2611 2625//2625 2610//2610
f 2612//2612 2626//2626 2611//2611
f 2572//2572 2628//2628 2571//2571
f 2613//2613 2572//2572 2569//2569
f 2630//2630 2613//2613 2614//2614
f 2632//2632 2614//2614 2615//2615
f 2632//2632 2631//2631 2630//2630
f 2616//2616 2632//2632 2615//2615
f 2635//2635 2616//2616 2617//2617
f 2635//2635 2634//2634 2633//2633
f 2618//2618 2635//2635 2617//2617
f 2638//2638 2618//2618 2620//2620
f 2638//2638 2637//2637 2636//2636
f 2621//2621 2638//2638 2620//2620
f 2641//2641 2621//2621 2623//2623
f 2641//2641 2640//2640 2639//2639
f 2624//2624 2641//2641 2623//2623
f 2644//2644 2624//2624 2626//2626
f 2644//2644 2643//2643 2642//2642
f 2627//2627 2644//2644 2626//2626
f 2573//2573 2512//2512 2471//2471
f 2628//2628 2573//2573 2571//2571
f 2649//2649 2628//2628 2629//2629
f 2649//2649 2648//2648 2647//2647
f 2651//2651 2629//2629 2630//2630
f 2651//2651 2650//2650 2649//2649
f 2631//2631 2651//2651 2630//2630
f 2654//2654 2631//2631 2633//2633
f 2654//2654 2653//2653 2652//2652
f 2634//2634 2654//2654 2633//2633
f 2657//2657 2634//2634 2636//2636
f 2657//2657 2656//2656 2655//2655
f 2637//2637 2657//2657 2636//2636
f 2660//2660 2637//2637 2639//2639
f 2660//2660 2659//2659 2658//2658
f 2640//2640 2660//2660 2639//2639
f 2663//2663 2640//2640 2642//2642
f 2663//2663 2662//2662 2661//2661
f 2643//2643 2663//2663 2642//2642
f 2666//2666 2643//2643 2645//2645
f 2666//2666 2665//2665 2664//2664
f 2646//2646 2666//2666 2645//2645
f 2669//2669 2512//2512 2647//2647
f 2669//2669 2537//2537 2536//2536
f 2648//2648 2669//2669 2647//2647
f 2672//2672 2648//2648 2650//2650
f 2672//2672 2671//2671 2670//2670
f 2674//2674 2650//2650 2652//2652
f 2674//2674 2673//2673 2672//2672
f 2653//2653 2674//2674 2652//2652
f 2677//2677 2653//2653 2655//2655
f 2677//2677 2676//2676 2675//2675
f 2656//2656 2677//2677 2655//2655
f 2680//2680 2656//2656 2658//2658
f 2680//2680 2679//2679 2678//2678
f 2659//2659 2680//2680 2658//2658
f 2683//2683 2659//2659 2661//2661
f 2683//2683 2682//2682 2681//2681
f 2662//2662 2683//2683 2661//2661
f 2686//2686 2662//2662 2664//2664
f 2686//2686 2685//2685 2684//2684
f 2665//2665 2686//2686 2664//2664
f 2689//2689 2665//2665 2667//2667
f 2689//2689 2688//2688 2687//2687
f 2668//2668 2689//2689 2667//2667
f 2691//2691 1172//1172 1244//1244
f 1245//1245 2691//2691 1244//1244
f 1246//1246 2692//2692 1245//1245
f 1247//1247 2693//2693 1246//1246
f 2696//2696 1247//1247 1248//1248
f 2696//2696 2695//2695 2694//2694
f 1249//1249 2696//2696 1248//1248
f 1250//1250 2697//2697 1249//1249
f 2699//2699 1250//1250 1252//1252
f 2691//2691 2588//2588 2580//2580
f 2692//2692 2700//2700 2691//2691
f 2703//2703 2692//2692 2693//2693
f 2703//2703 2702//2702 2701//2701
f 2694//2694 2703//2703 2693//2693
f 2695//2695 2704//2704 2694//2694
f 2706//2706 2695//2695 2697//2697
f 2698//2698 2706//2706 2697//2697
f 2708//2708 2698//2698 2699//2699
f 2709//2709 2588//2588 2700//2700
f 2709//2709 2600//2600 2599//2599
f 2701//2701 2709//2709 2700//2700
f 2702//2702 2710//2710 2701//2701
f 2712//2712 2702//2702 2704//2704
f 2705//2705 2712//2712 2704//2704
f 2715//2715 2705//2705 2706//2706
f 2715//2715 2714//2714 2713//2713
f 2707//2707 2715//2715 2706//2706
f 2717//2717 2600//2600 2710//2710
f 2717//2717 2612//2612 2611//2611
f 2711//2711 2717//2717 2710//2710
f 2720//2720 2711//2711 2712//2712
f 2720//2720 2719//2719 2718//2718
f 2713//2713 2720//2720 2712//2712
f 2714//2714 2721//2721 2713//2713
f 2723//2723 2714//2714 2716//2716
f 2724//2724 2612//2612 2718//2718
f 2719//2719 2724//2724 2718//2718
f 2727//2727 2719//2719 2721//2721
f 2727//2727 2726//2726 2725//2725
f 2722//2722 2727//2727 2721//2721
f 2729//2729 2627//2627 2724//2724
f 2729//2729 2646//2646 2645//2645
f 2725//2725 2729//2729 2724//2724
f 2726//2726 2730//2730 2725//2725
f 2732//2732 2726//2726 2728//2728
f 2733//2733 2646//2646 2730//2730
f 2733//2733 2668//2668 2667//2667
f 2731//2731 2733//2733 2730//2730
f 2735//2735 2206//2206 2514//2514
f 2516//2516 2735//2735 2514//2514
f 2738//2738 2516//2516 2520//2520
f 2738//2738 2737//2737 2736//2736
f 2526//2526 2740//2740 2741//2741
f 2526//2526 2738//2738 2520//2520
f 2742//2742 2738//2738 2741//2741
f 2529//2529 2744//2744 2745//2745
f 2746//2746 2529//2529 2745//2745
f 2531//2531 2746//2746 2747//2747
f 2531//2531 2740//2740 2525//2525
f 2748//2748 2740//2740 2747//2747
f 2748//2748 2742//2742 2741//2741
f 2749//2749 2743//2743 2742//2742
f 2533//2533 2744//2744 2528//2528
f 2752//2752 2744//2744 2751//2751
f 2752//2752 2746//2746 2745//2745
f 2754//2754 2746//2746 2753//2753
f 2754//2754 2748//2748 2747//2747
f 2755//2755 2749//2749 2748//2748
f 2757//2757 2749//2749 2756//2756
f 2758//2758 2533//2533 2535//2535
f 2758//2758 2752//2752 2751//2751
f 2760//2760 2752//2752 2759//2759
f 2761//2761 2757//2757 2756//2756
f 2537//2537 2758//2758 2535//2535
f 2763//2763 2759//2759 2758//2758
f 2765//2765 2759//2759 2764//2764
f 2766//2766 2219//2219 2735//2735
f 2767//2767 2228//2228 2766//2766
f 2768//2768 2229//2229 2767//2767
f 2769//2769 2735//2735 2736//2736
f 2769//2769 2767//2767 2766//2766
f 2737//2737 2769//2769 2736//2736
f 2771//2771 2767//2767 2770//2770
f 2772//2772 2737//2737 2739//2739
f 2772//2772 2771//2771 2770//2770
f 2774//2774 2739//2739 2742//2742
f 2774//2774 2773//2773 2772//2772
f 2743//2743 2774//2774 2742//2742
f 2776//2776 2743//2743 2750//2750
f 2754//2754 2777//2777 2778//2778
f 2755//2755 2778//2778 2779//2779
f 2780//2780 2755//2755 2779//2779
f 2760//2760 2777//2777 2753//2753
f 2782//2782 2777//2777 2781//2781
f 2782//2782 2779//2779 2778//2778
f 2783//2783 2780//2780 2779//2779
f 2761//2761 2780//2780 2784//2784
f 2785//2785 2761//2761 2784//2784
f 2786//2786 2760//2760 2765//2765
f 2787//2787 2781//2781 2786//2786
f 2787//2787 2783//2783 2782//2782
f 2789//2789 2783//2783 2788//2788
f 2789//2789 2785//2785 2784//2784
f 2791//2791 2537//2537 2670//2670
f 2791//2791 2764//2764 2763//2763
f 2671//2671 2791//2791 2670//2670
f 2793//2793 2764//2764 2792//2792
f 2794//2794 2671//2671 2673//2673
f 2794//2794 2793//2793 2792//2792
f 2797//2797 2673//2673 2675//2675
f 2797//2797 2795//2795 2794//2794
f 2676//2676 2797//2797 2675//2675
f 2798//2798 2796//2796 2795//2795
f 2800//2800 2676//2676 2678//2678
f 2800//2800 2799//2799 2798//2798
f 2679//2679 2800//2800 2678//2678
f 2803//2803 2679//2679 2681//2681
f 2803//2803 2802//2802 2801//2801
f 2682//2682 2803//2803 2681//2681
f 2807//2807 2682//2682 2684//2684
f 2807//2807 2805//2805 2804//2804
f 2685//2685 2807//2807 2684//2684
f 2808//2808 2806//2806 2805//2805
f 2810//2810 2685//2685 2687//2687
f 2810//2810 2809//2809 2808//2808
f 2688//2688 2810//2810 2687//2687
f 2793//2793 2786//2786 2765//2765
f 2812//2812 2787//2787 2786//2786
f 2813//2813 2788//2788 2787//2787
f 2814//2814 2789//2789 2788//2788
f 2816//2816 2789//2789 2815//2815
f 2817//2817 2793//2793 2795//2795
f 2817//2817 2813//2813 2812//2812
f 2796//2796 2817//2817 2795//2795
f 2819//2819 2813//2813 2818//2818
f 2819//2819 2815//2815 2814//2814
f 2823//2823 2796//2796 2799//2799
f 2823//2823 2819//2819 2818//2818
f 2825//2825 2819//2819 2824//2824
f 2825//2825 2822//2822 2820//2820
f 2827//2827 2799//2799 2801//2801
f 2827//2827 2824//2824 2823//2823
f 2802//2802 2827//2827 2801//2801
f 2829//2829 2824//2824 2828//2828
f 2830//2830 2825//2825 2829//2829
f 2831//2831 2802//2802 2804//2804
f 2831//2831 2829//2829 2828//2828
f 2805//2805 2831//2831 2804//2804
f 2832//2832 2830//2830 2829//2829
f 2806//2806 2832//2832 2805//2805
f 2834//2834 2806//2806 2809//2809
f 2836//2836 2815//2815 2835//2835
f 2820//2820 2835//2835 2815//2815
f 2837//2837 2836//2836 2835//2835
f 2822//2822 2837//2837 2820//2820
f 2821//2821 2836//2836 2838//2838
f 2839//2839 2822//2822 2826//2826
f 1797//1797 2264//2264 2840//2840
f 1798//1798 2840//2840 2841//2841
f 1799//1799 2841//2841 2842//2842
f 2843//2843 1799//1799 2842//2842
f 1801//1801 2843//2843 2844//2844
f 2845//2845 1801//1801 2844//2844
f 2846//2846 1802//1802 2845//2845
f 1804//1804 2846//2846 2847//2847
f 1805//1805 2847//2847 2848//2848
f 1806//1806 2848//2848 2849//2849
f 2840//2840 2274//2274 2850//2850
f 2841//2841 2850//2850 2851//2851
f 2842//2842 2851//2851 2852//2852
f 2843//2843 2852//2852 2853//2853
f 2844//2844 2853//2853 2854//2854
f 2855//2855 2844//2844 2854//2854
f 2846//2846 2855//2855 2856//2856
f 2847//2847 2856//2856 2857//2857
f 2848//2848 2857//2857 2858//2858
f 2849//2849 2858//2858 2859//2859
f 2850//2850 2284//2284 2860//2860
f 2851//2851 2860//2860 2861//2861
f 2852//2852 2861//2861 2862//2862
f 2853//2853 2862//2862 2863//2863
f 2854//2854 2863//2863 2864//2864
f 2865//2865 2854//2854 2864//2864
f 2856//2856 2865//2865 2866//2866
f 2867//2867 2856//2856 2866//2866
f 2868//2868 2867//2867 2866//2866
f 2858//2858 2867//2867 2869//2869
f 2870//2870 2858//2858 2869//2869
f 2860//2860 2296//2296 2871//2871
f 2861//2861 2871//2871 2872//2872
f 2862//2862 2872//2872 2873//2873
f 2863//2863 2873//2873 2874//2874
f 2876//2876 2863//2863 2874//2874
f 2878//2878 2875//2875 2877//2877
f 2878//2878 2864//2864 2876//2876
f 2879//2879 2878//2878 2877//2877
f 2866//2866 2878//2878 2880//2880
f 2868//2868 2880//2880 2881//2881
f 2882//2882 2868//2868 2881//2881
f 2871//2871 2308//2308 2883//2883
f 2872//2872 2883//2883 2884//2884
f 2873//2873 2884//2884 2885//2885
f 2887//2887 2873//2873 2885//2885
f 2889//2889 2886//2886 2888//2888
f 2889//2889 2875//2875 2876//2876
f 2889//2889 2874//2874 2887//2887
f 2890//2890 2875//2875 2888//2888
f 2879//2879 2890//2890 2891//2891
f 2892//2892 2879//2879 2891//2891
f 2881//2881 2892//2892 2893//2893
f 2894//2894 2881//2881 2893//2893
f 2896//2896 2324//2324 2895//2895
f 2883//2883 2325//2325 2896//2896
f 2897//2897 2896//2896 2895//2895
f 2898//2898 2883//2883 2896//2896
f 2899//2899 2898//2898 2897//2897
f 2900//2900 2884//2884 2898//2898
f 2902//2902 2899//2899 2901//2901
f 2902//2902 2886//2886 2887//2887
f 2902//2902 2885//2885 2900//2900
f 2903//2903 2886//2886 2901//2901
f 2890//2890 2903//2903 2905//2905
f 2906//2906 2905//2905 2904//2904
f 2907//2907 2890//2890 2905//2905
f 2908//2908 2891//2891 2907//2907
f 2909//2909 2908//2908 2907//2907
f 2893//2893 2908//2908 2910//2910
f 2911//2911 2324//2324 2340//2340
f 2912//2912 2895//2895 2911//2911
f 2913//2913 2897//2897 2912//2912
f 2901//2901 2913//2913 2915//2915
f 2917//2917 2914//2914 2916//2916
f 2903//2903 2915//2915 2917//2917
f 2920//2920 2916//2916 2919//2919
f 2920//2920 2904//2904 2905//2905
f 2920//2920 2903//2903 2917//2917
f 2922//2922 2918//2918 2921//2921
f 2906//2906 2919//2919 2922//2922
f 2923//2923 2906//2906 2922//2922
f 2924//2924 2923//2923 2922//2922
f 2909//2909 2923//2923 2925//2925
f 2926//2926 2909//2909 2925//2925
f 2928//2928 2355//2355 2927//2927
f 2928//2928 2340//2340 2356//2356
f 2929//2929 2928//2928 2927//2927
f 2930//2930 2911//2911 2928//2928
f 2931//2931 2930//2930 2929//2929
f 2932//2932 2912//2912 2930//2930
f 2934//2934 2931//2931 2933//2933
f 2934//2934 2914//2914 2915//2915
f 2934//2934 2913//2913 2932//2932
f 2936//2936 2914//2914 2933//2933
f 2939//2939 2935//2935 2938//2938
f 2939//2939 2918//2918 2919//2919
f 2939//2939 2916//2916 2936//2936
f 2940//2940 2938//2938 2937//2937
f 2941//2941 2918//2918 2938//2938
f 2942//2942 2921//2921 2941//2941
f 2943//2943 2942//2942 2941//2941
f 2924//2924 2942//2942 2944//2944
f 2945//2945 2924//2924 2944//2944
f 1835//1835 2849//2849 2946//2946
f 1836//1836 2946//2946 2947//2947
f 2948//2948 1836//1836 2947//2947
f 2949//2949 1837//1837 2948//2948
f 2946//2946 2859//2859 2950//2950
f 2951//2951 2946//2946 2950//2950
f 2952//2952 2951//2951 2950//2950
f 2948//2948 2951//2951 2953//2953
f 2949//2949 2953//2953 2954//2954
f 2956//2956 2870//2870 2869//2869
f 2950//2950 2870//2870 2957//2957
f 2952//2952 2957//2957 2958//2958
f 2959//2959 2952//2952 2958//2958
f 2954//2954 2959//2959 2960//2960
f 2955//2955 2960//2960 2961//2961
f 2956//2956 2882//2882 2962//2962
f 2963//2963 2956//2956 2962//2962
f 2958//2958 2963//2963 2964//2964
f 2965//2965 2958//2958 2964//2964
f 2966//2966 2965//2965 2964//2964
f 2960//2960 2965//2965 2967//2967
f 2961//2961 2967//2967 2968//2968
f 2970//2970 2894//2894 2893//2893
f 2962//2962 2894//2894 2971//2971
f 2972//2972 2962//2962 2971//2971
f 2973//2973 2972//2972 2971//2971
f 2964//2964 2972//2972 2974//2974
f 2966//2966 2974//2974 2975//2975
f 2976//2976 2966//2966 2975//2975
f 2977//2977 2976//2976 2975//2975
f 2968//2968 2976//2976 2978//2978
f 2969//2969 2978//2978 2979//2979
f 2970//2970 2910//2910 2983//2983
f 2984//2984 2970//2970 2983//2983
f 2973//2973 2984//2984 2985//2985
f 2986//2986 2973//2973 2985//2985
f 2987//2987 2986//2986 2985//2985
f 2975//2975 2986//2986 2988//2988
f 2977//2977 2988//2988 2989//2989
f 2990//2990 2977//2977 2989//2989
f 2991//2991 2990//2990 2989//2989
f 2979//2979 2990//2990 2992//2992
f 2980//2980 2992//2992 2993//2993
f 2981//2981 2993//2993 2994//2994
f 2982//2982 2994//2994 2995//2995
f 2996//2996 2926//2926 2925//2925
f 2983//2983 2926//2926 2997//2997
f 2998//2998 2983//2983 2997//2997
f 2999//2999 2998//2998 2997//2997
f 2985//2985 2998//2998 3000//3000
f 2987//2987 3000//3000 3001//3001
f 3002//3002 2987//2987 3001//3001
f 3003//3003 3002//3002 3001//3001
f 2989//2989 3002//3002 3004//3004
f 2991//2991 3004//3004 3005//3005
f 3006//3006 2991//2991 3005//3005
f 3007//3007 3006//3006 3005//3005
f 2993//2993 3006//3006 3008//3008
f 3010//3010 3007//3007 3009//3009
f 3010//3010 2993//2993 3008//3008
f 3014//3014 3009//3009 3013//3013
f 2995//2995 3010//3010 3014//3014
f 3015//3015 2945//2945 2944//2944
f 2996//2996 2945//2945 3016//3016
f 3017//3017 2996//2996 3016//3016
f 3018//3018 3017//3017 3016//3016
f 2999//2999 3017//3017 3019//3019
f 3020//3020 2999//2999 3019//3019
f 3021//3021 3020//3020 3019//3019
f 3001//3001 3020//3020 3022//3022
f 3023//3023 3022//3022 3021//3021
f 3003//3003 3022//3022 3024//3024
f 3025//3025 3003//3003 3024//3024
f 3026//3026 3025//3025 3024//3024
f 3005//3005 3025//3025 3027//3027
f 3029//3029 3026//3026 3028//3028
f 3007//3007 3027//3027 3029//3029
f 3033//3033 3028//3028 3032//3032
f 3009//3009 3029//3029 3033//3033
f 2690//2690 3030//3030 2688//2688
f 3011//3011 2690//2690 2668//2668
f 3039//3039 3031//3031 3038//3038
f 3040//3040 3032//3032 3039//3039
f 3040//3040 3012//3012 3013//3013
f 3040//3040 3009//3009 3033//3033
f 1900//1900 2949//2949 3041//3041
f 3042//3042 1900//1900 3041//3041
f 1903//1903 3042//3042 3043//3043
f 3044//3044 1903//1903 3043//3043
f 1905//1905 3044//3044 3045//3045
f 3046//3046 1905//1905 3045//3045
f 1908//1908 3046//3046 3047//3047
f 3048//3048 1908//1908 3047//3047
f 3049//3049 2949//2949 2954//2954
f 2955//2955 3049//3049 2954//2954
f 3042//3042 3049//3049 3050//3050
f 3051//3051 3042//3042 3050//3050
f 3052//3052 3043//3043 3051//3051
f 3053//3053 3052//3052 3051//3051
f 3045//3045 3052//3052 3054//3054
f 3055//3055 3045//3045 3054//3054
f 3056//3056 3046//3046 3055//3055
f 3057//3057 2955//2955 2961//2961
f 3058//3058 3050//3050 3057//3057
f 3053//3053 3058//3058 3059//3059
f 3060//3060 3053//3053 3059//3059
f 3061//3061 3060//3060 3059//3059
f 3055//3055 3060//3060 3062//3062
f 3063//3063 3055//3055 3062//3062
f 3064//3064 2961//2961 2968//2968
f 2969//2969 3064//3064 2968//2968
f 3058//3058 3064//3064 3065//3065
f 3066//3066 3058//3058 3065//3065
f 3061//3061 3066//3066 3067//3067
f 3068//3068 3061//3061 3067//3067
f 3069//3069 3068//3068 3067//3067
f 3063//3063 3068//3068 3070//3070
f 3071//3071 2969//2969 2979//2979
f 2980//2980 3071//3071 2979//2979
f 3066//3066 3071//3071 3072//3072
f 3073//3073 2980//2980 2981//2981
f 3073//3073 3066//3066 3072//3072
f 3074//3074 2981//2981 2982//2982
f 3069//3069 3073//3073 3074//3074
f 1979//1979 2699//2699 1252//1252
f 1980//1980 3075//3075 1979//1979
f 3077//3077 1980//1980 1982//1982
f 1983//1983 3077//3077 1982//1982
f 3079//3079 1983//1983 1984//1984
f 1985//1985 3079//3079 1984//1984
f 1986//1986 3080//3080 1985//1985
f 3083//3083 1987//1987 1988//1988
f 3084//3084 1986//1986 1991//1991
f 3085//3085 3081//3081 3084//3084
f 3085//3085 1991//1991 1992//1992
f 3085//3085 1987//1987 3082//3082
f 2708//2708 3086//3086 2707//2707
f 3075//3075 2708//2708 2699//2699
f 3076//3076 3087//3087 3075//3075
f 3092//3092 3076//3076 3077//3077
f 3092//3092 3089//3089 3088//3088
f 3078//3078 3092//3092 3077//3077
f 3093//3093 3090//3090 3089//3089
f 3079//3079 3093//3093 3078//3078
f 3095//3095 3079//3079 3080//3080
f 3096//3096 3080//3080 3081//3081
f 3082//3082 3096//3096 3081//3081
f 3083//3083 3097//3097 3082//3082
f 3086//3086 2716//2716 2707//2707
f 3102//3102 3086//3086 3087//3087
f 3102//3102 3100//3100 3099//3099
f 3088//3088 3102//3102 3087//3087
f 3104//3104 3088//3088 3089//3089
f 3090//3090 3104//3104 3089//3089
f 3110//3110 3090//3090 3094//3094
f 3110//3110 3106//3106 3105//3105
f 3095//3095 3110//3110 3094//3094
f 3112//3112 3106//3106 3111//3111
f 3112//3112 3095//3095 3096//3096
f 3112//3112 3108//3108 3107//3107
f 3113//3113 3096//3096 3097//3097
f 3114//3114 3108//3108 3113//3113
f 3114//3114 3097//3097 3098//3098
f 3114//3114 3091//3091 3109//3109
f 2723//2723 3115//3115 2722//2722
f 3099//3099 2723//2723 2716//2716
f 3100//3100 3117//3117 3099//3099
f 3122//3122 3100//3100 3103//3103
f 3122//3122 3119//3119 3118//3118
f 3104//3104 3122//3122 3103//3103
f 3124//3124 3104//3104 3105//3105
f 3106//3106 3124//3124 3105//3105
f 3107//3107 3125//3125 3106//3106
f 3108//3108 3126//3126 3107//3107
f 3128//3128 3120//3120 3127//3127
f 3128//3128 3108//3108 3109//3109
f 3128//3128 3101//3101 3121//3121
f 3115//3115 2728//2728 2722//2722
f 3134//3134 3115//3115 3117//3117
f 3134//3134 3131//3131 3130//3130
f 3118//3118 3134//3134 3117//3117
f 3119//3119 3135//3135 3118//3118
f 3141//3141 3132//3132 3140//3140
f 3141//3141 3120//3120 3121//3121
f 3141//3141 3116//3116 3133//3133
f 3142//3142 3119//3119 3123//3123
f 3142//3142 3137//3137 3136//3136
f 3124//3124 3142//3142 3123//3123
f 3144//3144 3137//3137 3143//3143
f 3144//3144 3124//3124 3125//3125
f 3144//3144 3139//3139 3138//3138
f 3145//3145 3125//3125 3126//3126
f 3146//3146 3139//3139 3145//3145
f 3146//3146 3126//3126 3127//3127
f 3146//3146 3120//3120 3140//3140
f 3129//3129 2995//2995 3149//3149
f 2732//2732 3147//3147 2731//2731
f 3130//3130 2732//2732 2728//2728
f 3131//3131 3150//3150 3130//3130
f 3157//3157 3148//3148 3156//3156
f 3157//3157 3132//3132 3133//3133
f 3157//3157 3129//3129 3149//3149
f 3158//3158 3131//3131 3135//3135
f 3158//3158 3152//3152 3151//3151
f 3136//3136 3158//3158 3135//3135
f 3160//3160 3152//3152 3159//3159
f 3137//3137 3159//3159 3136//3136
f 3160//3160 3154//3154 3153//3153
f 3138//3138 3160//3160 3137//3137
f 3161//3161 3155//3155 3154//3154
f 3162//3162 3138//3138 3139//3139
f 3163//3163 3155//3155 3162//3162
f 3163//3163 3139//3139 3140//3140
f 3163//3163 3132//3132 3156//3156
f 2734//2734 3011//3011 2668//2668
f 3147//3147 2734//2734 2731//2731
f 3170//3170 3012//3012 3169//3169
f 3171//3171 3013//3013 3170//3170
f 3171//3171 3148//3148 3149//3149
f 3171//3171 2995//2995 3014//3014
f 3172//3172 3147//3147 3150//3150
f 3172//3172 3165//3165 3164//3164
f 3151//3151 3172//3172 3150//3150
f 3174//3174 3165//3165 3173//3173
f 3152//3152 3173//3173 3151//3151
f 3175//3175 3166//3166 3174//3174
f 3153//3153 3174//3174 3152//3152
f 3176//3176 3167//3167 3175//3175
f 3154//3154 3175//3175 3153//3153
f 3177//3177 3168//3168 3176//3176
f 3155//3155 3176//3176 3154//3154
f 3178//3178 3169//3169 3177//3177
f 3178//3178 3155//3155 3156//3156
f 3178//3178 3148//3148 3170//3170
f 3179//3179 3011//3011 3164//3164
f 3179//3179 3035//3035 3034//3034
f 3165//3165 3179//3179 3164//3164
f 3180//3180 3036//3036 3035//3035
f 3166//3166 3180//3180 3165//3165
f 3181//3181 3037//3037 3036//3036
f 3182//3182 3166//3166 3167//3167
f 3183//3183 3037//3037 3182//3182
f 3168//3168 3182//3182 3167//3167
f 3184//3184 3038//3038 3183//3183
f 3184//3184 3168//3168 3169//3169
f 3184//3184 3012//3012 3039//3039
f 3185//3185 3048//3048 3047//3047
f 2054//2054 3048//3048 3186//3186
f 3188//3188 3185//3185 3187//3187
f 3188//3188 2055//2055 2056//2056
f 3188//3188 2054//2054 3186//3186
f 3189//3189 2055//2055 3187//3187
f 3191//3191 2059//2059 2060//2060
f 3191//3191 2057//2057 3189//3189
f 3192//3192 1988//1988 2061//2061
f 3192//3192 2059//2059 3190//3190
f 3185//3185 3056//3056 3193//3193
f 3194//3194 3185//3185 3193//3193
f 3189//3189 3194//3194 3196//3196
f 3198//3198 3195//3195 3197//3197
f 3198//3198 3190//3190 3191//3191
f 3198//3198 3189//3189 3196//3196
f 3199//3199 3091//3091 3098//3098
f 3199//3199 3083//3083 3192//3192
f 3199//3199 3190//3190 3197//3197
f 3193//3193 3063//3063 3201//3201
f 3203//3203 3200//3200 3202//3202
f 3203//3203 3193//3193 3201//3201
f 3205//3205 3202//3202 3204//3204
f 3205//3205 3195//3195 3196//3196
f 3205//3205 3194//3194 3203//3203
f 3206//3206 3101//3101 3109//3109
f 3206//3206 3091//3091 3197//3197
f 3206//3206 3195//3195 3204//3204
f 3208//3208 3069//3069 3207//3207
f 3208//3208 3200//3200 3201//3201
f 3208//3208 3063//3063 3070//3070
f 3209//3209 3200//3200 3207//3207
f 3210//3210 3116//3116 3121//3121
f 3210//3210 3101//3101 3204//3204
f 3210//3210 3202//3202 3209//3209
f 3129//3129 3074//3074 2982//2982
f 3211//3211 3069//3069 3074//3074
f 3212//3212 3129//3129 3133//3133
f 3212//3212 3116//3116 3209//3209
f 3212//3212 3207//3207 3211//3211
f 2927//2927 2369//2369 3213//3213
f 2929//2929 3213//3213 3215//3215
f 3217//3217 3214//3214 3216//3216
f 3217//3217 2929//2929 3215//3215
f 3220//3220 3216//3216 3219//3219
f 3220//3220 2931//2931 3217//3217
f 3222//3222 3218//3218 3221//3221
f 3223//3223 3219//3219 3222//3222
f 3223//3223 2935//2935 2936//2936
f 3223//3223 2933//2933 3220//3220
f 2757//2757 3221//3221 2750//2750
f 3225//3225 3221//3221 3224//3224
f 3225//3225 2937//2937 2938//2938
f 3225//3225 2935//2935 3222//3222
f 2762//2762 3224//3224 2757//2757
f 2940//2940 3224//3224 3226//3226
f 3227//3227 2940//2940 3226//3226
f 3228//3228 3227//3227 3226//3226
f 2943//2943 3227//3227 3229//3229
f 3230//3230 2943//2943 3229//3229
f 3231//3231 2230//2230 2768//2768
f 3232//3232 2378//2378 3231//3231
f 3233//3233 2379//2379 3232//3232
f 3213//3213 2380//2380 3233//3233
f 2771//2771 3231//3231 2768//2768
f 3234//3234 3232//3232 3231//3231
f 3236//3236 3232//3232 3235//3235
f 3236//3236 3214//3214 3215//3215
f 3236//3236 3213//3213 3233//3233
f 2773//2773 3234//3234 2771//2771
f 3238//3238 3234//3234 3237//3237
f 3238//3238 3214//3214 3235//3235
f 3239//3239 2773//2773 2775//2775
f 3240//3240 3237//3237 3239//3239
f 3240//3240 3218//3218 3219//3219
f 3240//3240 3216//3216 3238//3238
f 3241//3241 2775//2775 2776//2776
f 3241//3241 2750//2750 3221//3221
f 3241//3241 3218//3218 3239//3239
f 3242//3242 2762//2762 2785//2785
f 2790//2790 3242//3242 2785//2785
f 3228//3228 3242//3242 3243//3243
f 3244//3244 3228//3228 3243//3243
f 3245//3245 3230//3230 3229//3229
f 3015//3015 3230//3230 3246//3246
f 3247//3247 3015//3015 3246//3246
f 3248//3248 3247//3247 3246//3246
f 3018//3018 3247//3247 3249//3249
f 3250//3250 3018//3018 3249//3249
f 3251//3251 3249//3249 3248//3248
f 3252//3252 3250//3250 3249//3249
f 3021//3021 3250//3250 3253//3253
f 3254//3254 3253//3253 3252//3252
f 3023//3023 3253//3253 3255//3255
f 3256//3256 3023//3023 3255//3255
f 3258//3258 3254//3254 3257//3257
f 3258//3258 3256//3256 3255//3255
f 3026//3026 3256//3256 3259//3259
f 3264//3264 3257//3257 3263//3263
f 3264//3264 3259//3259 3258//3258
f 3028//3028 3259//3259 3265//3265
f 2811//2811 3260//3260 2809//2809
f 3030//3030 2811//2811 2688//2688
f 3266//3266 3261//3261 3260//3260
f 3269//3269 3262//3262 3268//3268
f 3269//3269 3264//3264 3263//3263
f 3271//3271 3264//3264 3270//3270
f 3271//3271 3031//3031 3032//3032
f 3271//3271 3028//3028 3265//3265
f 3272//3272 3030//3030 3034//3034
f 3272//3272 3267//3267 3266//3266
f 3035//3035 3272//3272 3034//3034
f 3273//3273 3268//3268 3267//3267
f 3274//3274 3035//3035 3036//3036
f 3274//3274 3269//3269 3268//3268
f 3037//3037 3274//3274 3036//3036
f 3276//3276 3269//3269 3275//3275
f 3276//3276 3037//3037 3038//3038
f 3276//3276 3031//3031 3270//3270
f 3277//3277 2790//2790 2816//2816
f 3277//3277 3244//3244 3243//3243
f 3245//3245 3244//3244 3278//3278
f 3279//3279 3245//3245 3278//3278
f 2821//2821 3277//3277 2816//2816
f 3281//3281 3277//3277 3280//3280
f 3281//3281 3279//3279 3278//3278
f 3248//3248 3279//3279 3282//3282
f 3284//3284 3280//3280 3283//3283
f 3284//3284 3282//3282 3281//3281
f 3251//3251 3282//3282 3285//3285
f 3286//3286 3251//3251 3285//3285
f 2830//2830 3283//3283 2826//2826
f 3287//3287 3284//3284 3283//3283
f 3289//3289 3284//3284 3288//3288
f 3289//3289 3286//3286 3285//3285
f 3254//3254 3286//3286 3290//3290
f 3291//3291 2830//2830 2833//2833
f 3291//3291 3288//3288 3287//3287
f 3292//3292 3289//3289 3288//3288
f 3293//3293 3290//3290 3289//3289
f 3294//3294 3254//3254 3290//3290
f 2834//2834 3291//3291 2833//2833
f 3260//3260 2834//2834 2809//2809
f 3295//3295 3292//3292 3291//3291
f 3261//3261 3295//3295 3260//3260
f 3297//3297 3292//3292 3296//3296
f 3298//3298 3293//3293 3297//3297
f 3298//3298 3262//3262 3263//3263
f 3298//3298 3257//3257 3294//3294
f 3299//3299 3261//3261 3267//3267
f 3300//3300 3296//3296 3299//3299
f 3268//3268 3299//3299 3267//3267
f 3300//3300 3262//3262 3297//3297
f 3301//3301 2821//2821 2838//2838
f 2839//2839 3301//3301 2838//2838
f 3302//3302 2826//2826 3283//3283
f 3283//3283 3301//3301 3302//3302
f 5//5 2//2 1//1
f 6//6 3//3 2//2
f 11//11 10//10 8//8
f 12//12 10//10 11//11
f 19//19 18//18 12//12
f 24//24 23//23 20//20
f 26//26 25//25 22//22
f 27//27 26//26 23//23
f 27//27 9//9 8//8
f 27//27 24//24 7//7
f 29//29 28//28 25//25
f 29//29 26//26 8//8
f 31//31 30//30 28//28
f 12//12 31//31 29//29
f 32//32 14//14 3//3
f 15//15 14//14 32//32
f 16//16 15//15 33//33
f 38//38 37//37 30//30
f 38//38 18//18 17//17
f 38//38 31//31 12//12
f 44//44 40//40 39//39
f 48//48 43//43 42//42
f 49//49 48//48 45//45
f 49//49 44//44 43//43
f 49//49 46//46 41//41
f 51//51 46//46 45//45
f 53//53 48//48 47//47
f 53//53 50//50 45//45
f 56//56 51//51 50//50
f 58//58 57//57 54//54
f 58//58 53//53 52//52
f 58//58 55//55 50//50
f 60//60 55//55 54//54
f 56//56 55//55 60//60
f 62//62 59//59 54//54
f 64//64 5//5 4//4
f 6//6 5//5 64//64
f 68//68 64//64 63//63
f 65//65 64//64 68//68
f 72//72 67//67 66//66
f 68//68 67//67 72//72
f 74//74 69//69 68//68
f 72//72 71//71 77//77
f 73//73 72//72 78//78
f 80//80 79//79 75//75
f 80//80 74//74 73//73
f 80//80 76//76 70//70
f 82//82 76//76 75//75
f 78//78 77//77 83//83
f 85//85 79//79 78//78
f 85//85 81//81 75//75
f 82//82 81//81 86//86
f 84//84 83//83 88//88
f 90//90 85//85 84//84
f 85//85 90//90 86//86
f 91//91 87//87 86//86
f 94//94 90//90 89//89
f 91//91 90//90 94//94
f 91//91 95//95 92//92
f 94//94 93//93 96//96
f 98//98 95//95 94//94
f 104//104 103//103 100//100
f 104//104 21//21 20//20
f 106//106 105//105 102//102
f 106//106 23//23 22//22
f 106//106 103//103 20//20
f 108//108 105//105 22//22
f 110//110 109//109 107//107
f 110//110 108//108 25//25
f 111//111 109//109 110//110
f 112//112 110//110 28//28
f 32//32 6//6 65//65
f 114//114 33//33 32//32
f 115//115 34//34 33//33
f 35//35 34//34 115//115
f 118//118 117//117 111//111
f 118//118 37//37 36//36
f 118//118 112//112 30//30
f 123//123 122//122 119//119
f 123//123 101//101 100//100
f 123//123 120//120 99//99
f 126//126 125//125 121//121
f 126//126 103//103 102//102
f 126//126 122//122 100//100
f 128//128 127//127 124//124
f 128//128 125//125 102//102
f 130//130 129//129 127//127
f 130//130 108//108 107//107
f 130//130 128//128 105//105
f 131//131 129//129 107//107
f 111//111 133//133 131//131
f 113//113 65//65 69//69
f 135//135 114//114 113//113
f 136//136 115//115 114//114
f 137//137 116//116 115//115
f 138//138 137//137 132//132
f 138//138 117//117 116//116
f 138//138 133//133 111//111
f 141//141 140//140 39//39
f 141//141 120//120 119//119
f 144//144 143//143 139//139
f 144//144 122//122 121//121
f 144//144 140//140 119//119
f 146//146 145//145 142//142
f 146//146 125//125 124//124
f 146//146 143//143 121//121
f 147//147 145//145 124//124
f 129//129 149//149 147//147
f 151//151 150//150 148//148
f 131//131 151//151 149//149
f 156//156 155//155 150//150
f 156//156 133//133 132//132
f 156//156 151//151 131//131
f 157//157 74//74 70//70
f 157//157 134//134 69//69
f 157//157 152//152 153//153
f 135//135 134//134 157//157
f 159//159 136//136 135//135
f 160//160 159//159 154//154
f 160//160 137//137 136//136
f 160//160 155//155 132//132
f 162//162 161//161 42//42
f 162//162 140//140 139//139
f 162//162 43//43 39//39
f 164//164 143//143 142//142
f 164//164 161//161 139//139
f 165//165 163//163 142//142
f 147//147 167//167 165//165
f 169//169 168//168 166//166
f 169//169 149//149 148//148
f 169//169 167//167 147//147
f 170//170 168//168 148//148
f 171//171 152//152 70//70
f 153//153 152//152 171//171
f 174//174 155//155 154//154
f 174//174 170//170 150//150
f 175//175 158//158 153//153
f 176//176 159//159 158//158
f 176//176 173//173 154//154
f 178//178 47//47 42//42
f 180//180 179//179 177//177
f 180//180 164//164 163//163
f 180//180 178//178 161//161
f 165//165 182//182 179//179
f 184//184 183//183 181//181
f 184//184 167//167 166//166
f 184//184 182//182 165//165
f 185//185 183//183 166//166
f 186//186 185//185 168//168
f 171//171 76//76 82//82
f 172//172 171//171 187//187
f 190//190 174//174 173//173
f 174//174 190//190 186//186
f 175//175 172//172 188//188
f 192//192 176//176 175//175
f 176//176 192//192 189//189
f 194//194 178//178 177//177
f 194//194 52//52 47//47
f 195//195 193//193 177//177
f 197//197 182//182 181//181
f 182//182 197//197 195//195
f 198//198 196//196 181//181
f 199//199 198//198 183//183
f 186//186 200//200 199//199
f 187//187 82//82 87//87
f 202//202 188//188 187//187
f 190//190 189//189 203//203
f 190//190 204//204 200//200
f 205//205 206//206 202//202
f 191//191 188//188 202//202
f 207//207 192//192 191//191
f 207//207 203//203 189//189
f 194//194 193//193 208//208
f 209//209 57//57 52//52
f 210//210 208//208 193//193
f 197//197 196//196 211//211
f 212//212 210//210 195//195
f 213//213 211//211 196//196
f 199//199 214//214 213//213
f 200//200 215//215 214//214
f 201//201 87//87 92//92
f 204//204 203//203 217//217
f 204//204 218//218 215//215
f 219//219 216//216 92//92
f 205//205 201//201 216//216
f 220//220 206//206 205//205
f 221//221 207//207 206//206
f 221//221 217//217 203//203
f 209//209 208//208 222//222
f 209//209 223//223 62//62
f 224//224 222//222 208//208
f 212//212 211//211 225//225
f 226//226 224//224 210//210
f 227//227 225//225 211//211
f 214//214 228//228 227//227
f 215//215 229//229 228//228
f 218//218 217//217 230//230
f 218//218 231//231 229//229
f 232//232 219//219 95//95
f 220//220 219//219 232//232
f 221//221 220//220 233//233
f 234//234 230//230 217//217
f 9//9 7//7 235//235
f 11//11 9//9 236//236
f 238//238 236//236 237//237
f 240//240 13//13 11//11
f 240//240 238//238 239//239
f 243//243 19//19 13//13
f 244//244 243//243 240//240
f 244//244 241//241 242//242
f 248//248 24//24 21//21
f 235//235 7//7 24//24
f 248//248 246//246 247//247
f 251//251 236//236 235//235
f 251//251 248//248 249//249
f 237//237 236//236 251//251
f 252//252 249//249 250//250
f 254//254 239//239 237//237
f 254//254 252//252 253//253
f 256//256 241//241 239//239
f 256//256 254//254 255//255
f 242//242 241//241 256//256
f 258//258 245//245 242//242
f 44//44 41//41 261//261
f 262//262 259//259 40//40
f 260//260 259//259 262//262
f 261//261 41//41 46//46
f 267//267 262//262 261//261
f 267//267 265//265 266//266
f 263//263 262//262 267//267
f 264//264 263//263 268//268
f 265//265 46//46 51//51
f 266//266 265//265 270//270
f 272//272 268//268 266//266
f 269//269 268//268 272//272
f 274//274 270//270 51//51
f 271//271 270//270 274//274
f 277//277 272//272 271//271
f 277//277 275//275 276//276
f 273//273 272//272 277//277
f 279//279 274//274 56//56
f 280//280 275//275 274//274
f 276//276 275//275 280//280
f 282//282 278//278 276//276
f 101//101 99//99 283//283
f 104//104 101//101 284//284
f 286//286 246//246 21//21
f 286//286 284//284 285//285
f 247//247 246//246 286//286
f 289//289 249//249 247//247
f 289//289 287//287 288//288
f 250//250 249//249 289//289
f 291//291 253//253 250//250
f 293//293 255//255 253//253
f 293//293 291//291 292//292
f 295//295 257//257 255//255
f 296//296 295//295 293//293
f 258//258 257//257 295//295
f 298//298 297//297 295//295
f 283//283 99//99 120//120
f 301//301 284//284 283//283
f 301//301 299//299 300//300
f 285//285 284//284 301//301
f 304//304 287//287 285//285
f 304//304 302//302 303//303
f 288//288 287//287 304//304
f 307//307 290//290 288//288
f 307//307 305//305 306//306
f 309//309 291//291 290//290
f 309//309 307//307 308//308
f 292//292 291//291 309//309
f 311//311 294//294 292//292
f 312//312 296//296 294//294
f 313//313 298//298 296//296
f 314//314 141//141 40//40
f 299//299 120//120 141//141
f 314//314 259//259 260//260
f 300//300 299//299 314//314
f 317//317 302//302 300//300
f 317//317 315//315 316//316
f 303//303 302//302 317//317
f 320//320 305//305 303//303
f 320//320 318//318 319//319
f 306//306 305//305 320//320
f 322//322 308//308 306//306
f 310//310 308//308 322//322
f 311//311 310//310 323//323
f 325//325 323//323 324//324
f 327//327 312//312 311//311
f 328//328 327//327 325//325
f 329//329 313//313 312//312
f 330//330 329//329 327//327
f 331//331 315//315 260//260
f 331//331 263//263 264//264
f 316//316 315//315 331//331
f 333//333 318//318 316//316
f 319//319 318//318 333//333
f 335//335 321//321 319//319
f 322//322 321//321 335//335
f 338//338 323//323 322//322
f 338//338 336//336 337//337
f 324//324 323//323 338//338
f 340//340 326//326 324//324
f 341//341 328//328 326//326
f 342//342 330//330 328//328
f 343//343 332//332 264//264
f 345//345 333//333 332//332
f 345//345 343//343 344//344
f 334//334 333//333 345//345
f 335//335 334//334 346//346
f 349//349 336//336 335//335
f 349//349 347//347 348//348
f 337//337 336//336 349//349
f 351//351 339//339 337//337
f 352//352 340//340 339//339
f 341//341 340//340 352//352
f 342//342 341//341 353//353
f 355//355 343//343 269//269
f 344//344 343//343 355//355
f 357//357 346//346 344//344
f 347//347 346//346 357//357
f 348//348 347//347 358//358
f 360//360 350//350 348//348
f 361//361 351//351 350//350
f 352//352 351//351 361//361
f 353//353 352//352 362//362
f 354//354 353//353 363//363
f 365//365 355//355 273//273
f 366//366 356//356 355//355
f 367//367 357//357 356//356
f 368//368 358//358 357//357
f 369//369 359//359 358//358
f 370//370 360//360 359//359
f 361//361 360//360 370//370
f 362//362 361//361 371//371
f 363//363 362//362 372//372
f 364//364 363//363 373//373
f 365//365 278//278 282//282
f 376//376 366//366 365//365
f 377//377 367//367 366//366
f 378//378 368//368 367//367
f 379//379 369//369 368//368
f 380//380 370//370 369//369
f 371//371 370//370 380//380
f 372//372 371//371 381//381
f 373//373 372//372 382//382
f 374//374 373//373 383//383
f 394//394 393//393 389//389
f 394//394 390//390 391//391
f 405//405 404//404 398//398
f 406//406 405//405 399//399
f 406//406 400//400 401//401
f 408//408 407//407 401//401
f 408//408 390//390 389//389
f 408//408 402//402 403//403
f 391//391 390//390 408//408
f 412//412 404//404 405//405
f 413//413 405//405 406//406
f 415//415 414//414 406//406
f 415//415 393//393 392//392
f 415//415 407//407 389//389
f 416//416 395//395 391//391
f 416//416 409//409 410//410
f 396//396 395//395 416//416
f 417//417 410//410 411//411
f 397//397 396//396 417//417
f 424//424 423//423 419//419
f 424//424 420//420 421//421
f 386//386 385//385 422//422
f 430//430 429//429 422//422
f 430//430 399//399 398//398
f 430//430 423//423 424//424
f 400//400 399//399 430//430
f 432//432 431//431 424//424
f 401//401 400//400 431//431
f 432//432 425//425 426//426
f 433//433 402//402 401//401
f 433//433 426//426 427//427
f 403//403 402//402 433//433
f 434//434 427//427 428//428
f 387//387 386//386 429//429
f 437//437 429//429 398//398
f 438//438 409//409 403//403
f 438//438 434//434 435//435
f 410//410 409//409 438//438
f 439//439 435//435 436//436
f 411//411 410//410 439//439
f 441//441 388//388 387//387
f 412//412 441//441 437//437
f 442//442 418//418 411//411
f 446//446 445//445 392//392
f 446//446 393//393 394//394
f 447//447 394//394 395//395
f 448//448 395//395 396//396
f 449//449 396//396 397//397
f 451//451 445//445 446//446
f 452//452 446//446 447//447
f 453//453 447//447 448//448
f 455//455 454//454 448//448
f 456//456 455//455 449//449
f 457//457 451//451 452//452
f 459//459 458//458 452//452
f 459//459 453//453 454//454
f 461//461 460//460 454//454
f 462//462 461//461 455//455
f 463//463 458//458 459//459
f 465//465 464//464 459//459
f 466//466 465//465 460//460
f 467//467 466//466 461//461
f 468//468 463//463 464//464
f 470//470 469//469 464//464
f 471//471 470//470 465//465
f 472//472 471//471 466//466
f 473//473 469//469 470//470
f 474//474 470//470 471//471
f 476//476 475//475 471//471
f 477//477 475//475 476//476
f 479//479 412//412 413//413
f 481//481 480//480 413//413
f 481//481 414//414 392//392
f 482//482 450//450 397//397
f 483//483 479//479 480//480
f 485//485 484//484 480//480
f 485//485 481//481 445//445
f 486//486 484//484 485//485
f 457//457 487//487 485//485
f 488//488 487//487 457//457
f 489//489 486//486 487//487
f 490//490 487//487 488//488
f 463//463 491//491 488//488
f 492//492 490//490 491//491
f 468//468 493//493 491//491
f 494//494 493//493 468//468
f 495//495 493//493 494//494
f 473//473 496//496 494//494
f 497//497 496//496 473//473
f 498//498 497//497 474//474
f 499//499 496//496 497//497
f 500//500 497//497 498//498
f 477//477 501//501 498//498
f 502//502 501//501 477//477
f 503//503 500//500 501//501
f 504//504 501//501 502//502
f 506//506 443//443 388//388
f 506//506 441//441 412//412
f 444//444 443//443 506//506
f 483//483 507//507 506//506
f 508//508 507//507 483//483
f 509//509 507//507 508//508
f 486//486 510//510 508//508
f 511//511 509//509 510//510
f 489//489 512//512 510//510
f 513//513 512//512 489//489
f 514//514 512//512 513//513
f 492//492 515//515 513//513
f 516//516 515//515 492//492
f 517//517 515//515 516//516
f 495//495 518//518 516//516
f 519//519 518//518 495//495
f 520//520 518//518 519//519
f 499//499 521//521 519//519
f 522//522 521//521 499//499
f 523//523 521//521 522//522
f 503//503 524//524 522//522
f 525//525 524//524 503//503
f 526//526 525//525 504//504
f 528//528 524//524 525//525
f 529//529 525//525 526//526
f 527//527 530//530 526//526
f 536//536 535//535 533//533
f 536//536 534//534 385//385
f 538//538 537//537 535//535
f 387//387 538//538 536//536
f 540//540 539//539 537//537
f 388//388 540//540 538//538
f 544//544 543//543 541//541
f 547//547 546//546 543//543
f 547//547 534//534 533//533
f 547//547 544//544 532//532
f 549//549 548//548 545//545
f 549//549 546//546 533//533
f 550//550 548//548 549//549
f 537//537 551//551 549//549
f 552//552 551//551 537//537
f 557//557 556//556 553//553
f 557//557 542//542 541//541
f 559//559 558//558 555//555
f 559//559 556//556 541//541
f 561//561 560//560 558//558
f 561//561 546//546 545//545
f 561//561 559//559 543//543
f 562//562 560//560 545//545
f 550//550 563//563 562//562
f 564//564 563//563 550//550
f 565//565 563//563 564//564
f 552//552 566//566 564//564
f 570//570 554//554 553//553
f 572//572 571//571 568//568
f 572//572 556//556 555//555
f 572//572 569//569 553//553
f 574//574 571//571 555//555
f 576//576 575//575 573//573
f 576//576 574//574 558//558
f 577//577 575//575 576//576
f 562//562 578//578 576//576
f 579//579 577//577 578//578
f 563//563 580//580 578//578
f 565//565 581//581 580//580
f 585//585 569//569 568//568
f 586//586 585//585 582//582
f 586//586 570//570 569//569
f 586//586 583//583 567//567
f 588//588 584//584 568//568
f 590//590 589//589 587//587
f 590//590 574//574 573//573
f 590//590 588//588 571//571
f 591//591 589//589 573//573
f 592//592 591//591 575//575
f 579//579 593//593 592//592
f 594//594 593//593 579//579
f 595//595 593//593 594//594
f 581//581 596//596 594//594
f 599//599 583//583 582//582
f 602//602 601//601 597//597
f 602//602 585//585 584//584
f 602//602 598//598 582//582
f 604//604 603//603 600//600
f 604//604 588//588 587//587
f 604//604 601//601 584//584
f 606//606 603//603 587//587
f 608//608 607//607 605//605
f 591//591 608//608 606//606
f 609//609 608//608 591//591
f 610//610 609//609 592//592
f 595//595 611//611 610//610
f 612//612 611//611 595//595
f 615//615 614//614 1//1
f 615//615 598//598 597//597
f 615//615 2//2 3//3
f 599//599 598//598 615//615
f 618//618 617//617 613//613
f 618//618 601//601 600//600
f 618//618 614//614 597//597
f 620//620 617//617 600//600
f 622//622 621//621 619//619
f 622//622 606//606 605//605
f 622//622 620//620 603//603
f 623//623 621//621 605//605
f 624//624 623//623 607//607
f 625//625 623//623 624//624
f 609//609 626//626 624//624
f 627//627 625//625 626//626
f 610//610 628//628 626//626
f 629//629 628//628 610//610
f 631//631 614//614 613//613
f 631//631 4//4 1//1
f 633//633 630//630 613//613
f 635//635 634//634 632//632
f 635//635 620//620 619//619
f 635//635 633//633 617//617
f 636//636 634//634 619//619
f 637//637 636//636 621//621
f 625//625 638//638 637//637
f 627//627 639//639 638//638
f 640//640 639//639 627//627
f 629//629 641//641 640//640
f 646//646 645//645 642//642
f 646//646 420//420 419//419
f 421//421 420//420 646//646
f 650//650 534//534 532//532
f 650//650 422//422 385//385
f 651//651 650//650 644//644
f 651//651 423//423 422//422
f 651//651 645//645 419//419
f 652//652 425//425 421//421
f 652//652 647//647 648//648
f 426//426 425//425 652//652
f 653//653 648//648 649//649
f 427//427 426//426 653//653
f 428//428 427//427 654//654
f 657//657 435//435 428//428
f 657//657 655//655 656//656
f 436//436 435//435 657//657
f 659//659 440//440 436//436
f 643//643 642//642 661//661
f 665//665 544//544 542//542
f 665//665 644//644 532//532
f 666//666 665//665 660//660
f 666//666 645//645 644//644
f 666//666 661//661 642//642
f 667//667 646//646 643//643
f 667//667 662//662 663//663
f 647//647 646//646 667//667
f 668//668 663//663 664//664
f 648//648 647//647 668//668
f 649//649 648//648 669//669
f 672//672 654//654 649//649
f 672//672 670//670 671//671
f 655//655 654//654 672//672
f 656//656 655//655 673//673
f 675//675 658//658 656//656
f 557//557 554//554 676//676
f 680//680 660//660 542//542
f 680//680 676//676 677//677
f 681//681 661//661 660//660
f 682//682 681//681 677//677
f 662//662 661//661 681//681
f 682//682 678//678 679//679
f 663//663 662//662 682//682
f 664//664 663//663 683//683
f 687//687 669//669 664//664
f 687//687 684//684 685//685
f 670//670 669//669 687//687
f 688//688 685//685 686//686
f 671//671 670//670 688//688
f 691//691 673//673 671//671
f 691//691 689//689 690//690
f 674//674 673//673 691//691
f 695//695 570//570 567//567
f 695//695 676//676 554//554
f 695//695 693//693 694//694
f 677//677 676//676 695//695
f 697//697 678//678 677//677
f 679//679 678//678 697//697
f 701//701 683//683 679//679
f 701//701 698//698 699//699
f 684//684 683//683 701//701
f 702//702 699//699 700//700
f 685//685 684//684 702//702
f 686//686 685//685 703//703
f 705//705 689//689 686//686
f 690//690 689//689 705//705
f 707//707 692//692 690//690
f 708//708 693//693 567//567
f 694//694 693//693 708//708
f 712//712 696//696 694//694
f 712//712 709//709 710//710
f 697//697 696//696 712//712
f 713//713 710//710 711//711
f 698//698 697//697 713//713
f 699//699 698//698 714//714
f 700//700 699//699 715//715
f 717//717 703//703 700//700
f 704//704 703//703 717//717
f 720//720 705//705 704//704
f 720//720 718//718 719//719
f 706//706 705//705 720//720
f 708//708 583//583 599//599
f 723//723 709//709 708//708
f 710//710 709//709 723//723
f 711//711 710//710 724//724
f 727//727 714//714 711//711
f 727//727 725//725 726//726
f 715//715 714//714 727//727
f 716//716 715//715 728//728
f 732//732 717//717 716//716
f 732//732 729//729 730//730
f 733//733 718//718 717//717
f 733//733 730//730 731//731
f 719//719 718//718 733//733
f 735//735 721//721 719//719
f 616//616 3//3 14//14
f 736//736 722//722 599//599
f 737//737 736//736 14//14
f 723//723 722//722 736//736
f 737//737 15//15 16//16
f 724//724 723//723 737//737
f 739//739 725//725 724//724
f 726//726 725//725 739//739
f 742//742 741//741 17//17
f 742//742 18//18 19//19
f 744//744 728//728 726//726
f 745//745 744//744 740//740
f 729//729 728//728 744//744
f 745//745 741//741 742//742
f 730//730 729//729 745//745
f 746//746 742//742 743//743
f 731//731 730//730 746//746
f 748//748 734//734 731//731
f 749//749 738//738 16//16
f 749//749 34//34 35//35
f 739//739 738//738 749//749
f 751//751 740//740 739//739
f 752//752 751//751 36//36
f 752//752 741//741 740//740
f 752//752 37//37 17//17
f 753//753 539//539 540//540
f 443//443 754//754 540//540
f 444//444 755//755 754//754
f 753//753 757//757 552//552
f 758//758 757//757 753//753
f 759//759 757//757 758//758
f 755//755 760//760 758//758
f 756//756 761//761 760//760
f 763//763 565//565 566//566
f 757//757 764//764 566//566
f 759//759 765//765 764//764
f 766//766 765//765 759//759
f 767//767 765//765 766//766
f 761//761 768//768 766//766
f 762//762 769//769 768//768
f 763//763 771//771 581//581
f 772//772 771//771 763//763
f 773//773 771//771 772//772
f 765//765 774//774 772//772
f 767//767 775//775 774//774
f 776//776 775//775 767//767
f 777//777 775//775 776//776
f 769//769 778//778 776//776
f 770//770 779//779 778//778
f 780//780 596//596 581//581
f 773//773 781//781 780//780
f 782//782 781//781 773//773
f 775//775 783//783 782//782
f 777//777 784//784 783//783
f 785//785 784//784 777//777
f 779//779 786//786 785//785
f 787//787 611//611 612//612
f 780//780 788//788 612//612
f 781//781 789//789 788//788
f 790//790 789//789 781//781
f 791//791 789//789 790//790
f 783//783 792//792 790//790
f 793//793 792//792 783//783
f 785//785 794//794 793//793
f 786//786 795//795 794//794
f 787//787 797//797 629//629
f 798//798 797//797 787//787
f 789//789 799//799 798//798
f 791//791 800//800 799//799
f 801//801 800//800 791//791
f 793//793 802//802 801//801
f 803//803 802//802 793//793
f 804//804 802//802 803//803
f 795//795 805//805 803//803
f 796//796 806//806 805//805
f 797//797 807//807 641//641
f 808//808 807//807 797//797
f 809//809 807//807 808//808
f 799//799 810//810 808//808
f 811//811 810//810 799//799
f 801//801 812//812 811//811
f 813//813 812//812 801//801
f 804//804 814//814 813//813
f 815//815 814//814 804//804
f 806//806 816//816 815//815
f 817//817 755//755 444//444
f 756//756 755//755 817//817
f 509//509 818//818 817//817
f 511//511 819//819 818//818
f 820//820 819//819 511//511
f 821//821 819//819 820//820
f 514//514 822//822 820//820
f 823//823 822//822 514//514
f 824//824 822//822 823//823
f 517//517 825//825 823//823
f 826//826 825//825 517//517
f 827//827 825//825 826//826
f 520//520 828//828 826//826
f 829//829 828//828 520//520
f 830//830 828//828 829//829
f 523//523 831//831 829//829
f 832//832 831//831 523//523
f 833//833 761//761 756//756
f 762//762 761//761 833//833
f 819//819 834//834 833//833
f 821//821 835//835 834//834
f 836//836 835//835 821//821
f 824//824 837//837 836//836
f 838//838 837//837 824//824
f 827//827 839//839 838//838
f 840//840 839//839 827//827
f 830//830 841//841 840//840
f 842//842 841//841 830//830
f 843//843 842//842 831//831
f 844//844 769//769 762//762
f 770//770 769//769 844//844
f 835//835 845//845 844//844
f 846//846 845//845 835//835
f 847//847 845//845 846//846
f 837//837 848//848 846//846
f 849//849 848//848 837//837
f 850//850 848//848 849//849
f 839//839 851//851 849//849
f 852//852 851//851 839//839
f 853//853 851//851 852//852
f 841//841 854//854 852//852
f 855//855 854//854 841//841
f 856//856 779//779 770//770
f 847//847 857//857 856//856
f 858//858 857//857 847//847
f 850//850 859//859 858//858
f 860//860 859//859 850//850
f 853//853 861//861 860//860
f 862//862 861//861 853//853
f 856//856 863//863 786//786
f 857//857 864//864 863//863
f 865//865 864//864 857//857
f 866//866 864//864 865//865
f 859//859 867//867 865//865
f 868//868 867//867 859//859
f 869//869 867//867 868//868
f 861//861 870//870 868//868
f 871//871 870//870 861//861
f 872//872 795//795 786//786
f 796//796 795//795 872//872
f 864//864 873//873 872//872
f 866//866 874//874 873//873
f 875//875 874//874 866//866
f 869//869 876//876 875//875
f 877//877 876//876 869//869
f 878//878 806//806 796//796
f 874//874 879//879 878//878
f 875//875 880//880 879//879
f 876//876 881//881 880//880
f 882//882 881//881 876//876
f 878//878 883//883 816//816
f 879//879 884//884 883//883
f 880//880 885//885 884//884
f 881//881 886//886 885//885
f 887//887 886//886 881//881
f 528//528 888//888 832//832
f 889//889 888//888 528//528
f 890//890 889//889 529//529
f 891//891 889//889 890//890
f 531//531 892//892 890//890
f 893//893 842//842 843//843
f 888//888 894//894 843//843
f 895//895 894//894 888//888
f 896//896 894//894 895//895
f 891//891 897//897 895//895
f 898//898 897//897 891//891
f 900//900 854//854 855//855
f 893//893 901//901 855//855
f 902//902 901//901 893//893
f 903//903 901//901 902//902
f 896//896 904//904 902//902
f 905//905 904//904 896//896
f 906//906 905//905 897//897
f 907//907 905//905 906//906
f 899//899 908//908 906//906
f 900//900 909//909 862//862
f 910//910 909//909 900//900
f 903//903 911//911 910//910
f 912//912 911//911 903//903
f 913//913 912//912 904//904
f 914//914 912//912 913//913
f 907//907 915//915 913//913
f 916//916 915//915 907//907
f 918//918 870//870 871//871
f 909//909 919//919 871//871
f 920//920 919//919 909//909
f 921//921 920//920 910//910
f 922//922 921//921 911//911
f 914//914 923//923 922//922
f 924//924 923//923 914//914
f 925//925 924//924 915//915
f 917//917 926//926 925//925
f 918//918 927//927 877//877
f 928//928 927//927 918//918
f 929//929 928//928 919//919
f 930//930 928//928 929//929
f 921//921 931//931 929//929
f 932//932 931//931 921//921
f 933//933 932//932 922//922
f 924//924 934//934 933//933
f 935//935 934//934 924//924
f 936//936 934//934 935//935
f 926//926 937//937 935//935
f 938//938 882//882 877//877
f 939//939 938//938 927//927
f 930//930 940//940 939//939
f 941//941 940//940 930//930
f 942//942 941//941 931//931
f 943//943 941//941 942//942
f 933//933 944//944 942//942
f 945//945 944//944 933//933
f 936//936 946//946 945//945
f 947//947 946//946 936//936
f 948//948 887//887 882//882
f 949//949 948//948 938//938
f 950//950 949//949 939//939
f 951//951 950//950 940//940
f 943//943 952//952 951//951
f 953//953 952//952 943//943
f 945//945 954//954 953//953
f 955//955 954//954 945//945
f 947//947 956//956 955//955
f 959//959 631//631 630//630
f 631//631 959//959 63//63
f 961//961 633//633 632//632
f 961//961 958//958 630//630
f 962//962 960//960 632//632
f 636//636 963//963 962//962
f 964//964 963//963 636//636
f 965//965 964//964 637//637
f 639//639 966//966 965//965
f 640//640 967//967 966//966
f 641//641 968//968 967//967
f 971//971 970//970 66//66
f 971//971 959//959 958//958
f 971//971 67//67 63//63
f 973//973 972//972 969//969
f 973//973 961//961 960//960
f 973//973 970//970 958//958
f 974//974 972//972 960//960
f 963//963 975//975 974//974
f 976//976 975//975 963//963
f 977//977 976//976 964//964
f 966//966 978//978 977//977
f 979//979 978//978 966//966
f 980//980 978//978 979//979
f 968//968 981//981 979//979
f 983//983 970//970 969//969
f 983//983 71//71 66//66
f 984//984 982//982 969//969
f 974//974 985//985 984//984
f 975//975 986//986 985//985
f 987//987 986//986 975//975
f 988//988 987//987 976//976
f 989//989 988//988 977//977
f 980//980 990//990 989//989
f 991//991 990//990 980//980
f 993//993 983//983 982//982
f 983//983 993//993 77//77
f 994//994 992//992 982//982
f 995//995 994//994 984//984
f 996//996 995//995 985//985
f 987//987 997//997 996//996
f 988//988 998//998 997//997
f 989//989 999//999 998//998
f 1001//1001 999//999 989//989
f 1001//1001 1002//1002 1000//1000
f 991//991 1002//1002 1001//1001
f 1004//1004 993//993 992//992
f 993//993 1004//1004 83//83
f 994//994 1005//1005 1003//1003
f 1006//1006 1005//1005 994//994
f 1007//1007 1006//1006 995//995
f 997//997 1008//1008 1007//1007
f 998//998 1009//1009 1008//1008
f 1010//1010 1009//1009 998//998
f 1000//1000 1011//1011 1010//1010
f 1012//1012 1011//1011 1000//1000
f 1004//1004 1003//1003 1013//1013
f 1004//1004 1014//1014 88//88
f 1015//1015 89//89 88//88
f 1005//1005 1016//1016 1013//1013
f 1017//1017 1014//1014 1013//1013
f 1006//1006 1018//1018 1016//1016
f 1019//1019 1018//1018 1006//1006
f 1008//1008 1020//1020 1019//1019
f 1009//1009 1021//1021 1020//1020
f 1022//1022 1021//1021 1009//1009
f 1023//1023 1022//1022 1010//1010
f 1024//1024 1023//1023 1011//1011
f 1015//1015 1014//1014 1025//1025
f 1015//1015 1026//1026 93//93
f 1017//1017 1016//1016 1027//1027
f 1017//1017 1028//1028 1025//1025
f 1018//1018 1029//1029 1027//1027
f 1030//1030 1028//1028 1027//1027
f 1031//1031 1029//1029 1018//1018
f 1020//1020 1032//1032 1031//1031
f 1033//1033 1032//1032 1020//1020
f 1035//1035 1033//1033 1021//1021
f 1035//1035 1036//1036 1034//1034
f 1023//1023 1036//1036 1035//1035
f 1037//1037 1036//1036 1023//1023
f 1039//1039 1026//1026 1025//1025
f 1039//1039 96//96 93//93
f 1028//1028 1040//1040 1038//1038
f 1030//1030 1029//1029 1041//1041
f 1030//1030 1042//1042 1040//1040
f 1031//1031 1043//1043 1041//1041
f 1044//1044 1042//1042 1041//1041
f 1045//1045 1043//1043 1031//1031
f 1046//1046 1044//1044 1043//1043
f 1047//1047 1045//1045 1032//1032
f 1047//1047 1048//1048 1046//1046
f 1034//1034 1048//1048 1047//1047
f 1049//1049 1048//1048 1034//1034
f 1037//1037 1050//1050 1049//1049
f 1052//1052 750//750 35//35
f 1053//1053 1052//1052 116//116
f 1053//1053 751//751 750//750
f 1053//1053 117//117 36//36
f 1054//1054 968//968 641//641
f 809//809 1055//1055 1054//1054
f 1056//1056 1055//1055 809//809
f 811//811 1057//1057 1056//1056
f 812//812 1058//1058 1057//1057
f 1059//1059 1058//1058 812//812
f 1060//1060 1059//1059 813//813
f 815//815 1061//1061 1060//1060
f 816//816 1062//1062 1061//1061
f 1063//1063 981//981 968//968
f 1055//1055 1064//1064 1063//1063
f 1056//1056 1065//1065 1064//1064
f 1057//1057 1066//1066 1065//1065
f 1058//1058 1067//1067 1066//1066
f 1068//1068 1067//1067 1058//1058
f 1069//1069 1068//1068 1059//1059
f 1061//1061 1070//1070 1069//1069
f 1062//1062 1071//1071 1070//1070
f 1063//1063 1072//1072 991//991
f 1064//1064 1073//1073 1072//1072
f 1065//1065 1074//1074 1073//1073
f 1066//1066 1075//1075 1074//1074
f 1067//1067 1076//1076 1075//1075
f 1068//1068 1077//1077 1076//1076
f 1078//1078 1077//1077 1068//1068
f 1079//1079 1078//1078 1069//1069
f 1080//1080 1079//1079 1070//1070
f 1081//1081 1002//1002 991//991
f 1082//1082 1081//1081 1072//1072
f 1083//1083 1082//1082 1073//1073
f 1084//1084 1083//1083 1074//1074
f 1085//1085 1084//1084 1075//1075
f 1077//1077 1086//1086 1085//1085
f 1078//1078 1087//1087 1086//1086
f 1088//1088 1087//1087 1078//1078
f 1089//1089 1088//1088 1079//1079
f 1081//1081 1090//1090 1012//1012
f 1091//1091 1090//1090 1081//1081
f 1092//1092 1091//1091 1082//1082
f 1093//1093 1092//1092 1083//1083
f 1094//1094 1093//1093 1084//1084
f 1086//1086 1095//1095 1094//1094
f 1087//1087 1096//1096 1095//1095
f 1097//1097 1096//1096 1087//1087
f 1098//1098 1097//1097 1088//1088
f 1090//1090 1099//1099 1024//1024
f 1101//1101 1099//1099 1090//1090
f 1101//1101 1102//1102 1100//1100
f 1092//1092 1102//1102 1101//1101
f 1103//1103 1102//1102 1092//1092
f 1104//1104 1103//1103 1093//1093
f 1095//1095 1105//1105 1104//1104
f 1107//1107 1105//1105 1095//1095
f 1107//1107 1108//1108 1106//1106
f 1097//1097 1108//1108 1107//1107
f 1109//1109 1108//1108 1097//1097
f 1110//1110 1037//1037 1024//1024
f 1100//1100 1111//1111 1110//1110
f 1112//1112 1111//1111 1100//1100
f 1103//1103 1113//1113 1112//1112
f 1114//1114 1113//1113 1103//1103
f 1115//1115 1114//1114 1104//1104
f 1106//1106 1116//1116 1115//1115
f 1117//1117 1116//1116 1106//1106
f 1118//1118 1117//1117 1108//1108
f 1119//1119 1050//1050 1037//1037
f 1119//1119 1120//1120 1051//1051
f 1111//1111 1120//1120 1119//1119
f 1121//1121 1120//1120 1111//1111
f 1123//1123 1121//1121 1112//1112
f 1123//1123 1124//1124 1122//1122
f 1114//1114 1124//1124 1123//1123
f 1125//1125 1124//1124 1114//1114
f 1126//1126 1125//1125 1115//1115
f 1127//1127 1126//1126 1116//1116
f 883//883 1128//1128 1062//1062
f 884//884 1129//1129 1128//1128
f 885//885 1130//1130 1129//1129
f 886//886 1131//1131 1130//1130
f 1132//1132 1131//1131 886//886
f 1128//1128 1133//1133 1071//1071
f 1129//1129 1134//1134 1133//1133
f 1130//1130 1135//1135 1134//1134
f 1131//1131 1136//1136 1135//1135
f 1137//1137 1136//1136 1131//1131
f 1133//1133 1138//1138 1080//1080
f 1139//1139 1138//1138 1133//1133
f 1140//1140 1139//1139 1134//1134
f 1136//1136 1141//1141 1140//1140
f 1142//1142 1141//1141 1136//1136
f 1143//1143 1089//1089 1080//1080
f 1144//1144 1143//1143 1138//1138
f 1145//1145 1144//1144 1139//1139
f 1146//1146 1145//1145 1140//1140
f 1142//1142 1147//1147 1146//1146
f 1148//1148 1098//1098 1089//1089
f 1149//1149 1148//1148 1143//1143
f 1150//1150 1149//1149 1144//1144
f 1151//1151 1150//1150 1145//1145
f 1147//1147 1152//1152 1151//1151
f 1153//1153 1109//1109 1098//1098
f 1154//1154 1153//1153 1148//1148
f 1155//1155 1154//1154 1149//1149
f 1156//1156 1155//1155 1150//1150
f 1152//1152 1157//1157 1156//1156
f 1118//1118 1159//1159 1158//1158
f 1153//1153 1159//1159 1118//1118
f 1160//1160 1159//1159 1153//1153
f 1161//1161 1160//1160 1154//1154
f 1162//1162 1161//1161 1155//1155
f 1157//1157 1163//1163 1162//1162
f 1158//1158 1164//1164 1127//1127
f 1165//1165 1164//1164 1158//1158
f 1167//1167 1165//1165 1159//1159
f 1167//1167 1168//1168 1166//1166
f 1161//1161 1168//1168 1167//1167
f 1170//1170 1168//1168 1161//1161
f 1170//1170 1171//1171 1169//1169
f 1163//1163 1171//1171 1170//1170
f 1173//1173 1132//1132 887//887
f 1174//1174 1173//1173 948//948
f 1175//1175 1174//1174 949//949
f 1176//1176 1175//1175 950//950
f 1177//1177 1176//1176 951//951
f 953//953 1178//1178 1177//1177
f 954//954 1179//1179 1178//1178
f 1180//1180 1179//1179 954//954
f 1181//1181 1180//1180 955//955
f 957//957 1182//1182 1181//1181
f 1183//1183 1137//1137 1132//1132
f 1184//1184 1183//1183 1173//1173
f 1185//1185 1184//1184 1174//1174
f 1186//1186 1185//1185 1175//1175
f 1187//1187 1186//1186 1176//1176
f 1178//1178 1188//1188 1187//1187
f 1179//1179 1189//1189 1188//1188
f 1190//1190 1189//1189 1179//1179
f 1191//1191 1190//1190 1180//1180
f 1192//1192 1191//1191 1181//1181
f 1183//1183 1193//1193 1142//1142
f 1184//1184 1194//1194 1193//1193
f 1195//1195 1194//1194 1184//1184
f 1186//1186 1196//1196 1195//1195
f 1187//1187 1197//1197 1196//1196
f 1188//1188 1198//1198 1197//1197
f 1199//1199 1198//1198 1188//1188
f 1200//1200 1199//1199 1189//1189
f 1201//1201 1200//1200 1190//1190
f 1192//1192 1202//1202 1201//1201
f 1193//1193 1203//1203 1147//1147
f 1194//1194 1204//1204 1203//1203
f 1195//1195 1205//1205 1204//1204
f 1196//1196 1206//1206 1205//1205
f 1197//1197 1207//1207 1206//1206
f 1208//1208 1207//1207 1197//1197
f 1209//1209 1208//1208 1198//1198
f 1200//1200 1210//1210 1209//1209
f 1201//1201 1211//1211 1210//1210
f 1202//1202 1212//1212 1211//1211
f 1203//1203 1213//1213 1152//1152
f 1204//1204 1214//1214 1213//1213
f 1205//1205 1215//1215 1214//1214
f 1206//1206 1216//1216 1215//1215
f 1207//1207 1217//1217 1216//1216
f 1218//1218 1217//1217 1207//1207
f 1219//1219 1218//1218 1208//1208
f 1210//1210 1220//1220 1219//1219
f 1211//1211 1221//1221 1220//1220
f 1222//1222 1221//1221 1211//1211
f 1213//1213 1223//1223 1157//1157
f 1214//1214 1224//1224 1223//1223
f 1215//1215 1225//1225 1224//1224
f 1216//1216 1226//1226 1225//1225
f 1228//1228 1226//1226 1216//1216
f 1228//1228 1229//1229 1227//1227
f 1218//1218 1229//1229 1228//1228
f 1230//1230 1229//1229 1218//1218
f 1220//1220 1231//1231 1230//1230
f 1232//1232 1231//1231 1220//1220
f 1223//1223 1233//1233 1163//1163
f 1224//1224 1234//1234 1233//1233
f 1236//1236 1234//1234 1224//1224
f 1236//1236 1237//1237 1235//1235
f 1226//1226 1237//1237 1236//1236
f 1227//1227 1238//1238 1237//1237
f 1239//1239 1238//1238 1227//1227
f 1230//1230 1240//1240 1239//1239
f 1231//1231 1241//1241 1240//1240
f 1232//1232 1242//1242 1241//1241
f 1243//1243 1171//1171 1163//1163
f 1243//1243 1244//1244 1172//1172
f 1234//1234 1244//1244 1243//1243
f 1235//1235 1245//1245 1244//1244
f 1246//1246 1245//1245 1235//1235
f 1238//1238 1247//1247 1246//1246
f 1239//1239 1248//1248 1247//1247
f 1240//1240 1249//1249 1248//1248
f 1251//1251 1249//1249 1240//1240
f 1251//1251 1252//1252 1250//1250
f 1242//1242 1252//1252 1251//1251
f 442//442 440//440 1254//1254
f 1253//1253 418//418 442//442
f 456//456 450//450 1257//1257
f 1260//1260 462//462 456//456
f 1260//1260 1258//1258 1259//1259
f 1262//1262 467//467 462//462
f 1262//1262 1260//1260 1261//1261
f 472//472 467//467 1262//1262
f 1266//1266 1265//1265 1262//1262
f 1266//1266 1263//1263 1264//1264
f 476//476 472//472 1265//1265
f 1268//1268 1265//1265 1266//1266
f 1269//1269 1266//1266 1267//1267
f 478//478 476//476 1268//1268
f 1272//1272 1271//1271 1268//1268
f 1273//1273 1272//1272 1269//1269
f 482//482 418//418 1253//1253
f 1257//1257 450//450 482//482
f 1276//1276 1258//1258 1257//1257
f 1276//1276 1274//1274 1275//1275
f 1259//1259 1258//1258 1276//1276
f 1279//1279 1261//1261 1259//1259
f 1279//1279 1277//1277 1278//1278
f 1282//1282 1263//1263 1261//1261
f 1282//1282 1279//1279 1280//1280
f 1264//1264 1263//1263 1282//1282
f 1283//1283 1280//1280 1281//1281
f 1285//1285 1267//1267 1264//1264
f 1285//1285 1283//1283 1284//1284
f 1270//1270 1267//1267 1285//1285
f 1287//1287 1285//1285 1286//1286
f 1271//1271 1290//1290 502//502
f 1291//1291 1290//1290 1271//1271
f 1273//1273 1292//1292 1291//1291
f 1273//1273 1270//1270 1287//1287
f 1293//1293 1292//1292 1287//1287
f 1293//1293 1288//1288 1289//1289
f 1295//1295 505//505 502//502
f 1296//1296 1295//1295 1290//1290
f 1297//1297 1296//1296 1291//1291
f 1297//1297 1292//1292 1293//1293
f 1299//1299 1298//1298 1293//1293
f 1300//1300 1274//1274 1253//1253
f 1300//1300 1255//1255 1256//1256
f 1275//1275 1274//1274 1300//1300
f 1303//1303 1277//1277 1275//1275
f 1303//1303 1301//1301 1302//1302
f 1278//1278 1277//1277 1303//1303
f 1306//1306 1280//1280 1278//1278
f 1306//1306 1304//1304 1305//1305
f 1281//1281 1280//1280 1306//1306
f 1309//1309 1284//1284 1281//1281
f 1309//1309 1307//1307 1308//1308
f 1286//1286 1284//1284 1309//1309
f 1311//1311 1309//1309 1310//1310
f 1314//1314 1288//1288 1286//1286
f 1314//1314 1311//1311 1312//1312
f 1289//1289 1288//1288 1314//1314
f 1315//1315 1312//1312 1313//1313
f 1317//1317 1294//1294 1289//1289
f 1317//1317 1315//1315 1316//1316
f 1299//1299 1320//1320 1319//1319
f 1299//1299 1294//1294 1317//1317
f 1321//1321 1320//1320 1317//1317
f 527//527 505//505 1295//1295
f 1322//1322 1295//1295 1296//1296
f 1323//1323 1296//1296 1297//1297
f 1325//1325 1324//1324 1297//1297
f 1326//1326 530//530 527//527
f 1323//1323 1327//1327 1326//1326
f 1328//1328 1327//1327 1323//1323
f 1325//1325 1329//1329 1328//1328
f 1325//1325 1298//1298 1319//1319
f 1330//1330 1329//1329 1319//1319
f 1331//1331 1330//1330 1320//1320
f 531//531 530//530 1326//1326
f 1333//1333 1332//1332 1326//1326
f 1334//1334 1333//1333 1327//1327
f 1335//1335 1334//1334 1328//1328
f 1336//1336 1335//1335 1329//1329
f 659//659 658//658 1337//1337
f 1254//1254 440//440 659//659
f 1340//1340 1255//1255 1254//1254
f 1340//1340 1338//1338 1339//1339
f 1256//1256 1255//1255 1340//1340
f 675//675 674//674 1343//1343
f 1337//1337 658//658 675//675
f 1346//1346 1338//1338 1337//1337
f 1346//1346 1344//1344 1345//1345
f 1339//1339 1338//1338 1346//1346
f 1349//1349 1341//1341 1339//1339
f 1349//1349 1347//1347 1348//1348
f 1342//1342 1341//1341 1349//1349
f 1343//1343 674//674 692//692
f 1354//1354 1344//1344 1343//1343
f 1354//1354 1352//1352 1353//1353
f 1345//1345 1344//1344 1354//1354
f 1357//1357 1347//1347 1345//1345
f 1357//1357 1355//1355 1356//1356
f 1348//1348 1347//1347 1357//1357
f 1360//1360 1350//1350 1348//1348
f 1360//1360 1358//1358 1359//1359
f 1351//1351 1350//1350 1360//1360
f 707//707 706//706 1363//1363
f 1352//1352 692//692 707//707
f 1353//1353 1352//1352 1364//1364
f 1366//1366 1355//1355 1353//1353
f 1356//1356 1355//1355 1366//1366
f 1368//1368 1358//1358 1356//1356
f 1359//1359 1358//1358 1368//1368
f 1370//1370 1361//1361 1359//1359
f 1362//1362 1361//1361 1370//1370
f 1363//1363 706//706 721//721
f 1373//1373 1364//1364 1363//1363
f 1365//1365 1364//1364 1373//1373
f 1376//1376 1366//1366 1365//1365
f 1376//1376 1374//1374 1375//1375
f 1367//1367 1366//1366 1376//1376
f 1379//1379 1368//1368 1367//1367
f 1379//1379 1377//1377 1378//1378
f 1369//1369 1368//1368 1379//1379
f 1382//1382 1370//1370 1369//1369
f 1382//1382 1380//1380 1381//1381
f 1371//1371 1370//1370 1382//1382
f 735//735 734//734 1385//1385
f 1372//1372 721//721 735//735
f 1388//1388 1373//1373 1372//1372
f 1388//1388 1386//1386 1387//1387
f 1374//1374 1373//1373 1388//1388
f 1375//1375 1374//1374 1389//1389
f 1391//1391 1377//1377 1375//1375
f 1378//1378 1377//1377 1391//1391
f 1393//1393 1380//1380 1378//1378
f 1381//1381 1380//1380 1393//1393
f 1395//1395 1383//1383 1381//1381
f 1384//1384 1383//1383 1395//1395
f 743//743 19//19 243//243
f 1397//1397 243//243 244//244
f 1398//1398 244//244 245//245
f 747//747 743//743 1397//1397
f 1400//1400 1397//1397 1398//1398
f 1402//1402 1401//1401 1398//1398
f 748//748 747//747 1400//1400
f 1385//1385 734//734 748//748
f 1404//1404 1403//1403 1400//1400
f 1405//1405 1386//1386 1385//1385
f 1405//1405 1403//1403 1404//1404
f 1387//1387 1386//1386 1405//1405
f 1408//1408 1389//1389 1387//1387
f 1408//1408 1406//1406 1407//1407
f 1390//1390 1389//1389 1408//1408
f 1410//1410 1391//1391 1390//1390
f 1392//1392 1391//1391 1410//1410
f 1413//1413 1393//1393 1392//1392
f 1413//1413 1411//1411 1412//1412
f 1394//1394 1393//1393 1413//1413
f 1415//1415 1395//1395 1394//1394
f 1416//1416 1396//1396 1395//1395
f 1399//1399 245//245 258//258
f 1402//1402 1419//1419 1418//1418
f 1402//1402 1399//1399 1417//1417
f 1404//1404 1401//1401 1418//1418
f 1421//1421 1420//1420 1418//1418
f 1422//1422 1406//1406 1404//1404
f 1422//1422 1420//1420 1421//1421
f 1407//1407 1406//1406 1422//1422
f 1424//1424 1409//1409 1407//1407
f 1426//1426 1410//1410 1409//1409
f 1426//1426 1424//1424 1425//1425
f 1411//1411 1410//1410 1426//1426
f 1412//1412 1411//1411 1427//1427
f 1429//1429 1414//1414 1412//1412
f 1431//1431 1415//1415 1414//1414
f 1431//1431 1429//1429 1430//1430
f 1416//1416 1415//1415 1431//1431
f 1434//1434 1301//1301 1256//1256
f 1434//1434 1341//1341 1342//1342
f 1302//1302 1301//1301 1434//1434
f 1437//1437 1304//1304 1302//1302
f 1437//1437 1435//1435 1436//1436
f 1305//1305 1304//1304 1437//1437
f 1440//1440 1307//1307 1305//1305
f 1440//1440 1438//1438 1439//1439
f 1308//1308 1307//1307 1440//1440
f 1442//1442 1310//1310 1308//1308
f 1444//1444 1312//1312 1310//1310
f 1444//1444 1442//1442 1443//1443
f 1313//1313 1312//1312 1444//1444
f 1446//1446 1316//1316 1313//1313
f 1448//1448 1318//1318 1316//1316
f 1448//1448 1446//1446 1447//1447
f 1450//1450 1321//1321 1318//1318
f 1451//1451 1450//1450 1448//1448
f 1452//1452 1435//1435 1342//1342
f 1452//1452 1350//1350 1351//1351
f 1436//1436 1435//1435 1452//1452
f 1455//1455 1438//1438 1436//1436
f 1455//1455 1453//1453 1454//1454
f 1439//1439 1438//1438 1455//1455
f 1458//1458 1441//1441 1439//1439
f 1458//1458 1456//1456 1457//1457
f 1460//1460 1442//1442 1441//1441
f 1460//1460 1458//1458 1459//1459
f 1443//1443 1442//1442 1460//1460
f 1463//1463 1445//1445 1443//1443
f 1463//1463 1461//1461 1462//1462
f 1465//1465 1446//1446 1445//1445
f 1465//1465 1463//1463 1464//1464
f 1447//1447 1446//1446 1465//1465
f 1467//1467 1449//1449 1447//1447
f 1469//1469 1451//1451 1449//1449
f 1469//1469 1467//1467 1468//1468
f 1471//1471 1453//1453 1351//1351
f 1471//1471 1361//1361 1362//1362
f 1454//1454 1453//1453 1471//1471
f 1473//1473 1456//1456 1454//1454
f 1457//1457 1456//1456 1473//1473
f 1475//1475 1459//1459 1457//1457
f 1477//1477 1461//1461 1459//1459
f 1477//1477 1475//1475 1476//1476
f 1462//1462 1461//1461 1477//1477
f 1479//1479 1464//1464 1462//1462
f 1481//1481 1466//1466 1464//1464
f 1481//1481 1479//1479 1480//1480
f 1483//1483 1467//1467 1466//1466
f 1483//1483 1481//1481 1482//1482
f 1468//1468 1467//1467 1483//1483
f 1485//1485 1470//1470 1468//1468
f 1486//1486 1472//1472 1362//1362
f 1488//1488 1473//1473 1472//1472
f 1488//1488 1486//1486 1487//1487
f 1474//1474 1473//1473 1488//1488
f 1491//1491 1475//1475 1474//1474
f 1491//1491 1489//1489 1490//1490
f 1476//1476 1475//1475 1491//1491
f 1493//1493 1478//1478 1476//1476
f 1495//1495 1479//1479 1478//1478
f 1495//1495 1493//1493 1494//1494
f 1480//1480 1479//1479 1495//1495
f 1497//1497 1482//1482 1480//1480
f 1498//1498 1484//1484 1482//1482
f 1485//1485 1484//1484 1498//1498
f 1500//1500 1486//1486 1371//1371
f 1500//1500 1383//1383 1384//1384
f 1487//1487 1486//1486 1500//1500
f 1502//1502 1489//1489 1487//1487
f 1490//1490 1489//1489 1502//1502
f 1504//1504 1492//1492 1490//1490
f 1506//1506 1493//1493 1492//1492
f 1506//1506 1504//1504 1505//1505
f 1494//1494 1493//1493 1506//1506
f 1508//1508 1496//1496 1494//1494
f 1509//1509 1497//1497 1496//1496
f 1510//1510 1501//1501 1384//1384
f 1512//1512 1502//1502 1501//1501
f 1512//1512 1510//1510 1511//1511
f 1503//1503 1502//1502 1512//1512
f 1514//1514 1504//1504 1503//1503
f 1505//1505 1504//1504 1514//1514
f 1516//1516 1507//1507 1505//1505
f 1517//1517 1508//1508 1507//1507
f 1518//1518 1510//1510 1396//1396
f 1511//1511 1510//1510 1518//1518
f 1520//1520 1513//1513 1511//1511
f 1522//1522 1514//1514 1513//1513
f 1522//1522 1520//1520 1521//1521
f 1515//1515 1514//1514 1522//1522
f 1524//1524 1516//1516 1515//1515
f 1525//1525 1518//1518 1416//1416
f 1525//1525 1432//1432 1433//1433
f 1519//1519 1518//1518 1525//1525
f 1527//1527 1520//1520 1519//1519
f 1521//1521 1520//1520 1527//1527
f 1529//1529 1523//1523 1521//1521
f 1530//1530 1524//1524 1523//1523
f 1498//1498 1497//1497 1531//1531
f 1533//1533 1499//1499 1498//1498
f 1509//1509 1508//1508 1534//1534
f 1531//1531 1497//1497 1509//1509
f 1536//1536 1532//1532 1531//1531
f 1537//1537 1533//1533 1532//1532
f 1517//1517 1516//1516 1538//1538
f 1534//1534 1508//1508 1517//1517
f 1540//1540 1535//1535 1534//1534
f 1536//1536 1535//1535 1540//1540
f 1543//1543 1537//1537 1536//1536
f 1543//1543 1541//1541 1542//1542
f 1538//1538 1516//1516 1524//1524
f 1546//1546 1539//1539 1538//1538
f 1540//1540 1539//1539 1546//1546
f 1549//1549 1541//1541 1540//1540
f 1549//1549 1547//1547 1548//1548
f 1542//1542 1541//1541 1549//1549
f 1551//1551 1544//1544 1542//1542
f 1530//1530 1529//1529 1552//1552
f 1545//1545 1524//1524 1530//1530
f 1554//1554 1546//1546 1545//1545
f 1556//1556 1547//1547 1546//1546
f 1556//1556 1554//1554 1555//1555
f 1548//1548 1547//1547 1556//1556
f 1558//1558 1550//1550 1548//1548
f 1551//1551 1550//1550 1558//1558
f 1331//1331 1561//1561 1560//1560
f 1331//1331 1321//1321 1450//1450
f 1562//1562 1561//1561 1450//1450
f 1563//1563 892//892 531//531
f 1564//1564 1563//1563 1332//1332
f 1565//1565 1564//1564 1333//1333
f 1566//1566 1565//1565 1334//1334
f 1336//1336 1567//1567 1566//1566
f 1336//1336 1330//1330 1560//1560
f 1568//1568 1567//1567 1560//1560
f 1569//1569 1568//1568 1561//1561
f 1570//1570 1563//1563 1564//1564
f 1572//1572 1571//1571 1564//1564
f 1573//1573 1572//1572 1565//1565
f 1574//1574 1573//1573 1566//1566
f 1575//1575 1574//1574 1567//1567
f 1576//1576 1562//1562 1451//1451
f 1577//1577 1576//1576 1469//1469
f 1578//1578 898//898 892//892
f 1569//1569 1580//1580 1579//1579
f 1569//1569 1562//1562 1576//1576
f 1581//1581 1580//1580 1576//1576
f 899//899 898//898 1578//1578
f 1570//1570 1582//1582 1578//1578
f 1583//1583 1582//1582 1570//1570
f 1584//1584 1583//1583 1571//1571
f 1585//1585 1584//1584 1572//1572
f 1574//1574 1586//1586 1585//1585
f 1575//1575 1587//1587 1586//1586
f 1575//1575 1568//1568 1579//1579
f 1588//1588 1587//1587 1579//1579
f 1589//1589 1583//1583 1584//1584
f 1591//1591 1590//1590 1584//1584
f 1591//1591 1585//1585 1586//1586
f 1593//1593 1592//1592 1586//1586
f 1577//1577 1470//1470 1485//1485
f 1581//1581 1596//1596 1595//1595
f 1581//1581 1577//1577 1594//1594
f 1597//1597 908//908 899//899
f 1598//1598 1597//1597 1582//1582
f 1588//1588 1600//1600 1599//1599
f 1588//1588 1580//1580 1595//1595
f 1601//1601 1600//1600 1595//1595
f 1602//1602 1597//1597 1598//1598
f 1589//1589 1603//1603 1598//1598
f 1604//1604 1603//1603 1589//1589
f 1591//1591 1605//1605 1604//1604
f 1592//1592 1606//1606 1605//1605
f 1593//1593 1607//1607 1606//1606
f 1593//1593 1587//1587 1599//1599
f 1608//1608 1607//1607 1599//1599
f 1609//1609 1594//1594 1485//1485
f 1610//1610 1596//1596 1594//1594
f 1611//1611 916//916 908//908
f 1601//1601 1613//1613 1612//1612
f 1601//1601 1596//1596 1610//1610
f 917//917 916//916 1611//1611
f 1602//1602 1614//1614 1611//1611
f 1615//1615 1614//1614 1602//1602
f 1604//1604 1616//1616 1615//1615
f 1617//1617 1616//1616 1604//1604
f 1618//1618 1617//1617 1605//1605
f 1619//1619 1618//1618 1606//1606
f 1608//1608 1620//1620 1619//1619
f 1608//1608 1600//1600 1612//1612
f 1621//1621 1620//1620 1612//1612
f 1622//1622 1616//1616 1617//1617
f 1624//1624 1623//1623 1617//1617
f 1624//1624 1618//1618 1619//1619
f 1626//1626 1625//1625 1619//1619
f 1628//1628 926//926 917//917
f 1615//1615 1629//1629 1628//1628
f 1630//1630 1629//1629 1615//1615
f 1621//1621 1632//1632 1631//1631
f 1621//1621 1613//1613 1627//1627
f 1633//1633 1629//1629 1630//1630
f 1622//1622 1634//1634 1630//1630
f 1635//1635 1634//1634 1622//1622
f 1636//1636 1635//1635 1623//1623
f 1625//1625 1637//1637 1636//1636
f 1626//1626 1638//1638 1637//1637
f 1626//1626 1620//1620 1631//1631
f 1639//1639 1638//1638 1631//1631
f 1640//1640 937//937 926//926
f 1641//1641 1640//1640 1628//1628
f 1643//1643 1640//1640 1641//1641
f 1633//1633 1644//1644 1641//1641
f 1645//1645 1644//1644 1633//1633
f 1635//1635 1646//1646 1645//1645
f 1647//1647 1646//1646 1635//1635
f 1637//1637 1648//1648 1647//1647
f 1649//1649 1648//1648 1637//1637
f 1639//1639 1650//1650 1649//1649
f 1639//1639 1632//1632 1642//1642
f 1651//1651 1646//1646 1647//1647
f 1653//1653 1652//1652 1647//1647
f 1654//1654 947//947 937//937
f 1643//1643 1655//1655 1654//1654
f 1656//1656 1655//1655 1643//1643
f 1645//1645 1657//1657 1656//1656
f 1658//1658 1657//1657 1645//1645
f 1649//1649 1660//1660 1659//1659
f 1650//1650 1661//1661 1660//1660
f 1662//1662 1657//1657 1658//1658
f 1651//1651 1663//1663 1658//1658
f 1664//1664 1663//1663 1651//1651
f 1653//1653 1665//1665 1664//1664
f 1653//1653 1648//1648 1659//1659
f 1666//1666 1665//1665 1659//1659
f 1667//1667 1666//1666 1660//1660
f 1668//1668 956//956 947//947
f 957//957 956//956 1668//1668
f 1655//1655 1669//1669 1668//1668
f 1670//1670 1669//1669 1655//1655
f 1671//1671 1670//1670 1656//1656
f 1662//1662 1673//1673 1671//1671
f 1674//1674 1673//1673 1662//1662
f 1675//1675 1674//1674 1663//1663
f 1676//1676 1675//1675 1664//1664
f 1666//1666 1677//1677 1676//1676
f 1667//1667 1678//1678 1677//1677
f 1667//1667 1661//1661 1672//1672
f 1679//1679 1609//1609 1499//1499
f 1610//1610 1609//1609 1679//1679
f 1681//1681 1613//1613 1610//1610
f 1679//1679 1533//1533 1537//1537
f 1680//1680 1679//1679 1682//1682
f 1685//1685 1684//1684 1682//1682
f 1681//1681 1686//1686 1627//1627
f 1681//1681 1680//1680 1684//1684
f 1687//1687 1632//1632 1627//1627
f 1688//1688 1682//1682 1537//1537
f 1688//1688 1543//1543 1544//1544
f 1683//1683 1682//1682 1688//1688
f 1685//1685 1691//1691 1690//1690
f 1685//1685 1683//1683 1689//1689
f 1686//1686 1684//1684 1690//1690
f 1693//1693 1692//1692 1690//1690
f 1687//1687 1694//1694 1642//1642
f 1687//1687 1686//1686 1692//1692
f 1695//1695 1650//1650 1642//1642
f 1696//1696 1689//1689 1544//1544
f 1691//1691 1689//1689 1696//1696
f 1693//1693 1699//1699 1698//1698
f 1693//1693 1691//1691 1697//1697
f 1694//1694 1692//1692 1698//1698
f 1701//1701 1700//1700 1698//1698
f 1695//1695 1702//1702 1661//1661
f 1695//1695 1694//1694 1700//1700
f 1696//1696 1551//1551 1559//1559
f 1704//1704 1697//1697 1696//1696
f 1705//1705 1699//1699 1697//1697
f 1701//1701 1707//1707 1706//1706
f 1701//1701 1699//1699 1705//1705
f 1702//1702 1708//1708 1672//1672
f 1702//1702 1700//1700 1706//1706
f 1709//1709 1708//1708 1706//1706
f 1417//1417 258//258 297//297
f 1710//1710 297//297 298//298
f 1712//1712 1419//1419 1417//1417
f 1712//1712 1710//1710 1711//1711
f 1421//1421 1419//1419 1712//1712
f 1714//1714 1712//1712 1713//1713
f 1423//1423 1421//1421 1714//1714
f 1717//1717 1716//1716 1714//1714
f 1718//1718 1424//1424 1423//1423
f 1425//1425 1424//1424 1718//1718
f 1720//1720 1427//1427 1425//1425
f 1428//1428 1427//1427 1720//1720
f 1722//1722 1429//1429 1428//1428
f 1430//1430 1429//1429 1722//1722
f 1724//1724 1432//1432 1430//1430
f 1433//1433 1432//1432 1724//1724
f 1711//1711 298//298 313//313
f 1713//1713 1711//1711 1726//1726
f 1715//1715 1713//1713 1727//1727
f 1717//1717 1730//1730 1729//1729
f 1717//1717 1715//1715 1728//1728
f 1718//1718 1716//1716 1729//1729
f 1731//1731 1729//1729 1730//1730
f 1719//1719 1718//1718 1731//1731
f 1733//1733 1720//1720 1719//1719
f 1734//1734 1721//1721 1720//1720
f 1735//1735 1722//1722 1721//1721
f 1736//1736 1723//1723 1722//1722
f 1737//1737 1724//1724 1723//1723
f 1738//1738 1725//1725 1724//1724
f 1726//1726 313//313 329//329
f 1739//1739 329//329 330//330
f 1727//1727 1726//1726 1739//1739
f 1741//1741 1739//1739 1740//1740
f 1728//1728 1727//1727 1741//1741
f 1743//1743 1741//1741 1742//1742
f 1745//1745 1730//1730 1728//1728
f 1746//1746 1745//1745 1743//1743
f 1747//1747 1732//1732 1730//1730
f 1749//1749 1733//1733 1732//1732
f 1749//1749 1747//1747 1748//1748
f 1734//1734 1733//1733 1749//1749
f 1751//1751 1735//1735 1734//1734
f 1752//1752 1736//1736 1735//1735
f 1753//1753 1737//1737 1736//1736
f 1754//1754 1738//1738 1737//1737
f 1740//1740 330//330 342//342
f 1742//1742 1740//1740 1755//1755
f 1744//1744 1742//1742 1756//1756
f 1746//1746 1759//1759 1758//1758
f 1746//1746 1744//1744 1757//1757
f 1760//1760 1747//1747 1745//1745
f 1760//1760 1758//1758 1759//1759
f 1748//1748 1747//1747 1760//1760
f 1762//1762 1750//1750 1748//1748
f 1751//1751 1750//1750 1762//1762
f 1764//1764 1752//1752 1751//1751
f 1765//1765 1753//1753 1752//1752
f 1766//1766 1754//1754 1753//1753
f 1767//1767 1755//1755 342//342
f 1768//1768 1756//1756 1755//1755
f 1769//1769 1757//1757 1756//1756
f 1759//1759 1757//1757 1769//1769
f 1761//1761 1759//1759 1770//1770
f 1762//1762 1761//1761 1771//1771
f 1763//1763 1762//1762 1772//1772
f 1774//1774 1764//1764 1763//1763
f 1775//1775 1765//1765 1764//1764
f 1776//1776 1766//1766 1765//1765
f 1767//1767 354//354 364//364
f 1778//1778 1768//1768 1767//1767
f 1779//1779 1769//1769 1768//1768
f 1780//1780 1770//1770 1769//1769
f 1781//1781 1771//1771 1770//1770
f 1772//1772 1771//1771 1781//1781
f 1773//1773 1772//1772 1782//1782
f 1784//1784 1774//1774 1773//1773
f 1785//1785 1775//1775 1774//1774
f 1776//1776 1775//1775 1785//1785
f 1777//1777 364//364 374//374
f 1788//1788 1778//1778 1777//1777
f 1789//1789 1779//1779 1778//1778
f 1790//1790 1780//1780 1779//1779
f 1791//1791 1781//1781 1780//1780
f 1782//1782 1781//1781 1791//1791
f 1783//1783 1782//1782 1792//1792
f 1784//1784 1783//1783 1793//1793
f 1785//1785 1784//1784 1794//1794
f 1786//1786 1785//1785 1795//1795
f 1787//1787 374//374 384//384
f 1798//1798 1788//1788 1787//1787
f 1799//1799 1789//1789 1788//1788
f 1800//1800 1790//1790 1789//1789
f 1801//1801 1791//1791 1790//1790
f 1792//1792 1791//1791 1801//1801
f 1793//1793 1792//1792 1802//1802
f 1794//1794 1793//1793 1803//1803
f 1795//1795 1794//1794 1804//1804
f 1796//1796 1795//1795 1805//1805
f 1807//1807 1526//1526 1433//1433
f 1809//1809 1527//1527 1526//1526
f 1809//1809 1807//1807 1808//1808
f 1528//1528 1527//1527 1809//1809
f 1811//1811 1529//1529 1528//1528
f 1812//1812 1807//1807 1725//1725
f 1808//1808 1807//1807 1812//1812
f 1814//1814 1810//1810 1808//1808
f 1815//1815 1811//1811 1810//1810
f 1816//1816 1812//1812 1738//1738
f 1817//1817 1813//1813 1812//1812
f 1814//1814 1813//1813 1817//1817
f 1815//1815 1814//1814 1818//1818
f 1820//1820 1816//1816 1754//1754
f 1821//1821 1817//1817 1816//1816
f 1818//1818 1817//1817 1821//1821
f 1823//1823 1819//1819 1818//1818
f 1824//1824 1820//1820 1766//1766
f 1825//1825 1821//1821 1820//1820
f 1826//1826 1822//1822 1821//1821
f 1824//1824 1776//1776 1786//1786
f 1828//1828 1825//1825 1824//1824
f 1826//1826 1825//1825 1828//1828
f 1827//1827 1786//1786 1796//1796
f 1828//1828 1827//1827 1831//1831
f 1833//1833 1829//1829 1828//1828
f 1830//1830 1829//1829 1833//1833
f 1831//1831 1796//1796 1806//1806
f 1832//1832 1831//1831 1835//1835
f 1837//1837 1833//1833 1832//1832
f 1838//1838 1834//1834 1833//1833
f 1552//1552 1529//1529 1811//1811
f 1840//1840 1553//1553 1552//1552
f 1841//1841 1554//1554 1553//1553
f 1555//1555 1554//1554 1841//1841
f 1843//1843 1557//1557 1555//1555
f 1558//1558 1557//1557 1843//1843
f 1559//1559 1558//1558 1844//1844
f 1847//1847 1839//1839 1811//1811
f 1840//1840 1839//1839 1847//1847
f 1849//1849 1841//1841 1840//1840
f 1850//1850 1842//1842 1841//1841
f 1851//1851 1843//1843 1842//1842
f 1844//1844 1843//1843 1851//1851
f 1854//1854 1845//1845 1844//1844
f 1854//1854 1852//1852 1853//1853
f 1846//1846 1845//1845 1854//1854
f 1856//1856 1847//1847 1815//1815
f 1848//1848 1847//1847 1856//1856
f 1859//1859 1849//1849 1848//1848
f 1859//1859 1857//1857 1858//1858
f 1850//1850 1849//1849 1859//1859
f 1861//1861 1851//1851 1850//1850
f 1862//1862 1852//1852 1851//1851
f 1853//1853 1852//1852 1862//1862
f 1864//1864 1855//1855 1853//1853
f 1823//1823 1822//1822 1865//1865
f 1856//1856 1819//1819 1823//1823
f 1867//1867 1857//1857 1856//1856
f 1858//1858 1857//1857 1867//1867
f 1869//1869 1860//1860 1858//1858
f 1861//1861 1860//1860 1869//1869
f 1871//1871 1862//1862 1861//1861
f 1872//1872 1863//1863 1862//1862
f 1873//1873 1864//1864 1863//1863
f 1865//1865 1822//1822 1826//1826
f 1875//1875 1866//1866 1865//1865
f 1867//1867 1866//1866 1875//1875
f 1877//1877 1868//1868 1867//1867
f 1878//1878 1869//1869 1868//1868
f 1870//1870 1869//1869 1878//1878
f 1880//1880 1871//1871 1870//1870
f 1881//1881 1872//1872 1871//1871
f 1882//1882 1873//1873 1872//1872
f 1883//1883 1874//1874 1826//1826
f 1830//1830 1884//1884 1883//1883
f 1875//1875 1874//1874 1883//1883
f 1885//1885 1876//1876 1875//1875
f 1877//1877 1876//1876 1885//1885
f 1878//1878 1877//1877 1886//1886
f 1888//1888 1879//1879 1878//1878
f 1880//1880 1879//1879 1888//1888
f 1881//1881 1880//1880 1889//1889
f 1882//1882 1881//1881 1890//1890
f 1892//1892 1884//1884 1830//1830
f 1885//1885 1884//1884 1892//1892
f 1886//1886 1885//1885 1893//1893
f 1887//1887 1886//1886 1894//1894
f 1896//1896 1888//1888 1887//1887
f 1889//1889 1888//1888 1896//1896
f 1890//1890 1889//1889 1897//1897
f 1891//1891 1890//1890 1898//1898
f 1892//1892 1834//1834 1838//1838
f 1893//1893 1892//1892 1900//1900
f 1902//1902 1894//1894 1893//1893
f 1903//1903 1904//1904 1902//1902
f 1895//1895 1894//1894 1902//1902
f 1905//1905 1896//1896 1895//1895
f 1897//1897 1896//1896 1905//1905
f 1907//1907 1898//1898 1897//1897
f 1908//1908 1909//1909 1907//1907
f 1899//1899 1898//1898 1907//1907
f 1910//1910 1182//1182 957//957
f 1670//1670 1911//1911 1910//1910
f 1912//1912 1911//1911 1670//1670
f 1914//1914 1912//1912 1671//1671
f 1915//1915 1914//1914 1673//1673
f 1675//1675 1916//1916 1915//1915
f 1676//1676 1917//1917 1916//1916
f 1918//1918 1917//1917 1676//1676
f 1678//1678 1919//1919 1918//1918
f 1678//1678 1672//1672 1913//1913
f 1920//1920 1192//1192 1182//1182
f 1911//1911 1921//1921 1920//1920
f 1922//1922 1921//1921 1911//1911
f 1923//1923 1922//1922 1912//1912
f 1924//1924 1923//1923 1914//1914
f 1916//1916 1925//1925 1924//1924
f 1917//1917 1926//1926 1925//1925
f 1927//1927 1926//1926 1917//1917
f 1928//1928 1927//1927 1918//1918
f 1920//1920 1929//1929 1202//1202
f 1921//1921 1930//1930 1929//1929
f 1931//1931 1930//1930 1921//1921
f 1932//1932 1931//1931 1922//1922
f 1924//1924 1933//1933 1932//1932
f 1925//1925 1934//1934 1933//1933
f 1926//1926 1935//1935 1934//1934
f 1936//1936 1935//1935 1926//1926
f 1937//1937 1936//1936 1927//1927
f 1929//1929 1938//1938 1212//1212
f 1939//1939 1938//1938 1929//1929
f 1931//1931 1940//1940 1939//1939
f 1932//1932 1941//1941 1940//1940
f 1933//1933 1942//1942 1941//1941
f 1943//1943 1942//1942 1933//1933
f 1944//1944 1943//1943 1934//1934
f 1936//1936 1945//1945 1944//1944
f 1937//1937 1946//1946 1945//1945
f 1222//1222 1948//1948 1947//1947
f 1938//1938 1948//1948 1222//1222
f 1949//1949 1948//1948 1938//1938
f 1940//1940 1950//1950 1949//1949
f 1941//1941 1951//1951 1950//1950
f 1942//1942 1952//1952 1951//1951
f 1953//1953 1952//1952 1942//1942
f 1954//1954 1953//1953 1943//1943
f 1945//1945 1955//1955 1954//1954
f 1946//1946 1956//1956 1955//1955
f 1947//1947 1957//1957 1232//1232
f 1958//1958 1957//1957 1947//1947
f 1949//1949 1959//1959 1958//1958
f 1950//1950 1960//1960 1959//1959
f 1951//1951 1961//1961 1960//1960
f 1952//1952 1962//1962 1961//1961
f 1963//1963 1962//1962 1952//1952
f 1964//1964 1963//1963 1953//1953
f 1955//1955 1965//1965 1964//1964
f 1956//1956 1966//1966 1965//1965
f 1957//1957 1967//1967 1242//1242
f 1958//1958 1968//1968 1967//1967
f 1959//1959 1969//1969 1968//1968
f 1960//1960 1970//1970 1969//1969
f 1973//1973 1970//1970 1960//1960
f 1973//1973 1974//1974 1971//1971
f 1962//1962 1974//1974 1973//1973
f 1963//1963 1975//1975 1974//1974
f 1976//1976 1975//1975 1963//1963
f 1965//1965 1977//1977 1976//1976
f 1966//1966 1978//1978 1977//1977
f 1967//1967 1979//1979 1252//1252
f 1981//1981 1979//1979 1967//1967
f 1981//1981 1982//1982 1980//1980
f 1969//1969 1982//1982 1981//1981
f 1983//1983 1982//1982 1969//1969
f 1971//1971 1984//1984 1983//1983
f 1989//1989 1984//1984 1971//1971
f 1989//1989 1990//1990 1985//1985
f 1975//1975 1990//1990 1989//1989
f 1990//1990 1991//1991 1986//1986
f 1976//1976 1991//1991 1990//1990
f 1992//1992 1991//1991 1976//1976
f 1993//1993 1988//1988 1987//1987
f 1993//1993 1992//1992 1977//1977
f 1993//1993 1978//1978 1972//1972
f 1994//1994 1703//1703 1559//1559
f 1994//1994 1845//1845 1846//1846
f 1704//1704 1703//1703 1994//1994
f 1996//1996 1994//1994 1995//1995
f 1705//1705 1704//1704 1996//1996
f 1999//1999 1998//1998 1996//1996
f 2000//2000 1707//1707 1705//1705
f 1708//1708 2001//2001 1913//1913
f 1709//1709 2002//2002 2001//2001
f 1709//1709 1707//1707 2000//2000
f 2003//2003 1919//1919 1913//1913
f 2004//2004 1995//1995 1846//1846
f 1997//1997 1995//1995 2004//2004
f 1999//1999 2007//2007 2006//2006
f 1999//1999 1997//1997 2005//2005
f 2000//2000 1998//1998 2006//2006
f 2009//2009 2008//2008 2006//2006
f 2002//2002 2011//2011 2010//2010
f 2011//2011 2002//2002 2000//2000
f 2003//2003 2012//2012 1928//1928
f 2003//2003 2001//2001 2010//2010
f 2013//2013 2004//2004 1855//1855
f 2005//2005 2004//2004 2013//2013
f 2007//2007 2005//2005 2014//2014
f 2009//2009 2017//2017 2016//2016
f 2009//2009 2007//2007 2015//2015
f 2011//2011 2019//2019 2018//2018
f 2011//2011 2008//2008 2016//2016
f 2012//2012 2020//2020 1937//1937
f 2020//2020 2012//2012 2010//2010
f 2013//2013 1864//1864 1873//1873
f 2014//2014 2013//2013 2021//2021
f 2023//2023 2015//2015 2014//2014
f 2025//2025 2024//2024 2016//2016
f 2017//2017 2015//2015 2023//2023
f 2019//2019 2027//2027 2026//2026
f 2019//2019 2016//2016 2024//2024
f 2020//2020 2028//2028 1946//1946
f 2028//2028 2020//2020 2018//2018
f 2021//2021 1873//1873 1882//1882
f 2022//2022 2021//2021 2029//2029
f 2031//2031 2023//2023 2022//2022
f 2033//2033 2032//2032 2024//2024
f 2025//2025 2023//2023 2031//2031
f 2035//2035 2034//2034 2026//2026
f 2027//2027 2024//2024 2032//2032
f 2036//2036 1956//1956 1946//1946
f 2028//2028 2026//2026 2034//2034
f 2037//2037 2029//2029 1882//1882
f 2030//2030 2029//2029 2037//2037
f 2031//2031 2030//2030 2038//2038
f 2033//2033 2041//2041 2040//2040
f 2041//2041 2033//2033 2031//2031
f 2043//2043 2042//2042 2034//2034
f 2043//2043 2035//2035 2032//2032
f 2044//2044 1966//1966 1956//1956
f 2036//2036 2034//2034 2042//2042
f 2045//2045 2037//2037 1891//1891
f 2038//2038 2037//2037 2045//2045
f 2048//2048 2039//2039 2038//2038
f 2050//2050 2048//2048 2047//2047
f 2050//2050 2049//2049 2040//2040
f 2050//2050 2041//2041 2039//2039
f 2052//2052 2051//2051 2042//2042
f 2052//2052 2043//2043 2040//2040
f 2053//2053 2051//2051 1972//1972
f 2053//2053 1978//1978 1966//1966
f 2053//2053 2044//2044 2042//2042
f 2045//2045 1899//1899 1909//1909
f 2046//2046 2045//2045 2054//2054
f 2058//2058 2056//2056 2055//2055
f 2058//2058 2057//2057 2047//2047
f 2058//2058 2048//2048 2046//2046
f 2060//2060 2049//2049 2047//2047
f 2061//2061 1988//1988 1972//1972
f 2062//2062 2060//2060 2059//2059
f 2062//2062 2061//2061 2051//2051
f 2062//2062 2052//2052 2049//2049
f 60//60 59//59 2063//2063
f 61//61 60//60 2064//2064
f 2066//2066 2063//2063 59//59
f 2064//2064 2063//2063 2067//2067
f 2069//2069 2065//2065 2064//2064
f 2066//2066 2070//2070 2067//2067
f 2071//2071 2068//2068 2067//2067
f 2069//2069 2068//2068 2072//2072
f 2071//2071 2070//2070 2074//2074
f 2071//2071 2075//2075 2072//2072
f 2073//2073 2072//2072 2076//2076
f 2075//2075 2074//2074 2078//2078
f 2075//2075 2079//2079 2076//2076
f 2080//2080 2077//2077 2076//2076
f 2079//2079 2078//2078 2082//2082
f 2080//2080 2079//2079 2083//2083
f 2080//2080 2084//2084 2081//2081
f 2084//2084 2083//2083 2085//2085
f 97//97 96//96 2087//2087
f 2089//2089 98//98 97//97
f 2089//2089 2088//2088 2090//2090
f 2094//2094 223//223 222//222
f 2094//2094 2066//2066 62//62
f 224//224 2095//2095 2093//2093
f 226//226 225//225 2096//2096
f 2097//2097 2095//2095 224//224
f 2098//2098 2096//2096 225//225
f 2099//2099 2098//2098 227//227
f 2100//2100 2099//2099 228//228
f 231//231 230//230 2101//2101
f 231//231 2102//2102 2100//2100
f 2103//2103 232//232 98//98
f 233//233 232//232 2103//2103
f 234//234 233//233 2104//2104
f 2105//2105 2101//2101 230//230
f 2107//2107 2094//2094 2093//2093
f 2107//2107 2070//2070 2066//2066
f 2095//2095 2108//2108 2106//2106
f 2110//2110 2097//2097 2096//2096
f 2097//2097 2110//2110 2108//2108
f 2098//2098 2111//2111 2109//2109
f 2112//2112 2111//2111 2098//2098
f 2113//2113 2112//2112 2099//2099
f 2115//2115 2102//2102 2101//2101
f 2102//2102 2115//2115 2113//2113
f 2116//2116 2103//2103 2089//2089
f 2104//2104 2103//2103 2116//2116
f 2105//2105 2104//2104 2117//2117
f 2105//2105 2118//2118 2114//2114
f 2120//2120 2107//2107 2106//2106
f 2107//2107 2120//2120 2074//2074
f 2108//2108 2121//2121 2119//2119
f 2123//2123 2110//2110 2109//2109
f 2110//2110 2123//2123 2121//2121
f 2111//2111 2124//2124 2122//2122
f 2125//2125 2124//2124 2111//2111
f 2126//2126 2125//2125 2112//2112
f 2115//2115 2114//2114 2127//2127
f 2115//2115 2128//2128 2126//2126
f 2116//2116 2091//2091 2092//2092
f 2117//2117 2116//2116 2129//2129
f 2118//2118 2117//2117 2130//2130
f 2118//2118 2131//2131 2127//2127
f 2132//2132 2128//2128 2127//2127
f 2120//2120 2119//2119 2133//2133
f 2120//2120 2134//2134 2078//2078
f 2121//2121 2135//2135 2133//2133
f 2136//2136 2134//2134 2133//2133
f 2123//2123 2122//2122 2137//2137
f 2138//2138 2135//2135 2121//2121
f 2124//2124 2139//2139 2137//2137
f 2140//2140 2138//2138 2137//2137
f 2125//2125 2141//2141 2139//2139
f 2142//2142 2141//2141 2125//2125
f 2143//2143 2142//2142 2126//2126
f 2132//2132 2131//2131 2144//2144
f 2132//2132 2145//2145 2143//2143
f 2134//2134 2146//2146 2082//2082
f 2147//2147 2083//2083 2082//2082
f 2136//2136 2135//2135 2148//2148
f 2136//2136 2149//2149 2146//2146
f 2150//2150 2148//2148 2135//2135
f 2140//2140 2139//2139 2151//2151
f 2140//2140 2152//2152 2150//2150
f 2141//2141 2153//2153 2151//2151
f 2154//2154 2152//2152 2151//2151
f 2142//2142 2155//2155 2153//2153
f 2156//2156 2155//2155 2142//2142
f 2145//2145 2144//2144 2157//2157
f 2145//2145 2158//2158 2156//2156
f 2147//2147 2146//2146 2159//2159
f 2147//2147 2160//2160 2085//2085
f 2161//2161 2086//2086 2085//2085
f 2149//2149 2148//2148 2162//2162
f 2149//2149 2163//2163 2159//2159
f 2164//2164 2160//2160 2159//2159
f 2150//2150 2165//2165 2162//2162
f 2166//2166 2163//2163 2162//2162
f 2167//2167 2165//2165 2150//2150
f 2154//2154 2153//2153 2168//2168
f 2154//2154 2169//2169 2167//2167
f 2155//2155 2170//2170 2168//2168
f 2171//2171 2169//2169 2168//2168
f 2156//2156 2172//2172 2170//2170
f 2172//2172 2173//2173 2171//2171
f 2174//2174 2172//2172 2156//2156
f 2174//2174 2175//2175 2173//2173
f 2161//2161 2160//2160 2176//2176
f 2164//2164 2163//2163 2178//2178
f 2164//2164 2179//2179 2176//2176
f 2180//2180 2177//2177 2176//2176
f 2166//2166 2165//2165 2181//2181
f 2166//2166 2182//2182 2178//2178
f 2183//2183 2179//2179 2178//2178
f 2167//2167 2184//2184 2181//2181
f 2185//2185 2182//2182 2181//2181
f 2186//2186 2184//2184 2167//2167
f 2187//2187 2185//2185 2184//2184
f 2188//2188 2186//2186 2169//2169
f 2173//2173 2189//2189 2188//2188
f 2175//2175 2190//2190 2189//2189
f 2180//2180 2179//2179 2192//2192
f 2180//2180 2193//2193 2191//2191
f 2183//2183 2182//2182 2194//2194
f 2183//2183 2195//2195 2192//2192
f 2196//2196 2193//2193 2192//2192
f 2185//2185 2197//2197 2194//2194
f 2198//2198 2195//2195 2194//2194
f 2187//2187 2186//2186 2199//2199
f 2187//2187 2200//2200 2197//2197
f 2188//2188 2201//2201 2199//2199
f 2202//2202 2200//2200 2199//2199
f 2189//2189 2203//2203 2201//2201
f 2203//2203 2204//2204 2202//2202
f 2190//2190 2205//2205 2203//2203
f 2205//2205 2206//2206 2204//2204
f 2196//2196 2195//2195 2207//2207
f 2198//2198 2197//2197 2209//2209
f 2198//2198 2210//2210 2207//2207
f 2211//2211 2208//2208 2207//2207
f 2200//2200 2212//2212 2209//2209
f 2213//2213 2210//2210 2209//2209
f 2214//2214 2211//2211 2210//2210
f 2202//2202 2215//2215 2212//2212
f 2216//2216 2213//2213 2212//2212
f 2204//2204 2217//2217 2215//2215
f 2218//2218 2216//2216 2215//2215
f 2219//2219 2217//2217 2204//2204
f 2214//2214 2213//2213 2221//2221
f 2214//2214 2222//2222 2220//2220
f 2216//2216 2223//2223 2221//2221
f 2224//2224 2222//2222 2221//2221
f 2218//2218 2217//2217 2225//2225
f 2218//2218 2226//2226 2223//2223
f 2227//2227 2224//2224 2223//2223
f 2219//2219 2228//2228 2225//2225
f 2229//2229 2226//2226 2225//2225
f 2229//2229 2230//2230 2227//2227
f 279//279 61//61 2065//2065
f 280//280 279//279 2231//2231
f 281//281 280//280 2232//2232
f 2234//2234 282//282 281//281
f 2231//2231 2065//2065 2069//2069
f 2232//2232 2231//2231 2235//2235
f 2237//2237 2233//2233 2232//2232
f 2238//2238 2239//2239 2237//2237
f 2234//2234 2233//2233 2237//2237
f 2235//2235 2069//2069 2073//2073
f 2241//2241 2236//2236 2235//2235
f 2238//2238 2236//2236 2241//2241
f 2243//2243 2239//2239 2238//2238
f 2244//2244 2240//2240 2073//2073
f 2245//2245 2241//2241 2240//2240
f 2246//2246 2247//2247 2245//2245
f 2242//2242 2241//2241 2245//2245
f 2248//2248 2243//2243 2242//2242
f 2249//2249 2244//2244 2077//2077
f 2084//2084 2250//2250 2249//2249
f 2246//2246 2244//2244 2249//2249
f 2251//2251 2247//2247 2246//2246
f 2252//2252 2248//2248 2247//2247
f 2250//2250 2084//2084 2086//2086
f 2254//2254 2251//2251 2250//2250
f 2255//2255 375//375 282//282
f 376//376 375//375 2255//2255
f 2257//2257 377//377 376//376
f 2258//2258 378//378 377//377
f 2259//2259 379//379 378//378
f 2260//2260 380//380 379//379
f 2261//2261 381//381 380//380
f 382//382 381//381 2261//2261
f 383//383 382//382 2262//2262
f 384//384 383//383 2263//2263
f 2265//2265 2255//2255 2234//2234
f 2256//2256 2255//2255 2265//2265
f 2257//2257 2256//2256 2266//2266
f 2258//2258 2257//2257 2267//2267
f 2259//2259 2258//2258 2268//2268
f 2260//2260 2259//2259 2269//2269
f 2271//2271 2261//2261 2260//2260
f 2272//2272 2262//2262 2261//2261
f 2273//2273 2263//2263 2262//2262
f 2274//2274 2264//2264 2263//2263
f 2265//2265 2239//2239 2243//2243
f 2266//2266 2265//2265 2275//2275
f 2267//2267 2266//2266 2276//2276
f 2268//2268 2267//2267 2277//2277
f 2269//2269 2268//2268 2278//2278
f 2270//2270 2269//2269 2279//2279
f 2281//2281 2271//2271 2270//2270
f 2282//2282 2272//2272 2271//2271
f 2283//2283 2273//2273 2272//2272
f 2284//2284 2274//2274 2273//2273
f 2275//2275 2243//2243 2248//2248
f 2286//2286 2276//2276 2275//2275
f 2287//2287 2288//2288 2286//2286
f 2277//2277 2276//2276 2286//2286
f 2289//2289 2278//2278 2277//2277
f 2290//2290 2279//2279 2278//2278
f 2291//2291 2292//2292 2290//2290
f 2280//2280 2279//2279 2290//2290
f 2281//2281 2280//2280 2292//2292
f 2294//2294 2282//2282 2281//2281
f 2295//2295 2283//2283 2282//2282
f 2296//2296 2284//2284 2283//2283
f 2297//2297 2298//2298 2252//2252
f 2285//2285 2248//2248 2252//2252
f 2287//2287 2285//2285 2298//2298
f 2300//2300 2288//2288 2287//2287
f 2301//2301 2289//2289 2288//2288
f 2291//2291 2289//2289 2301//2301
f 2303//2303 2292//2292 2291//2291
f 2304//2304 2305//2305 2303//2303
f 2293//2293 2292//2292 2303//2303
f 2294//2294 2293//2293 2305//2305
f 2307//2307 2295//2295 2294//2294
f 2308//2308 2296//2296 2295//2295
f 2309//2309 2253//2253 2086//2086
f 2309//2309 2310//2310 2254//2254
f 2297//2297 2251//2251 2254//2254
f 2311//2311 2298//2298 2297//2297
f 2312//2312 2313//2313 2311//2311
f 2299//2299 2298//2298 2311//2311
f 2314//2314 2300//2300 2299//2299
f 2315//2315 2316//2316 2314//2314
f 2301//2301 2300//2300 2314//2314
f 2317//2317 2302//2302 2301//2301
f 2304//2304 2302//2302 2317//2317
f 2319//2319 2305//2305 2304//2304
f 2320//2320 2321//2321 2319//2319
f 2306//2306 2305//2305 2319//2319
f 2323//2323 2321//2321 2320//2320
f 2307//2307 2306//2306 2321//2321
f 2325//2325 2323//2323 2322//2322
f 2308//2308 2307//2307 2323//2323
f 2326//2326 2309//2309 2161//2161
f 2327//2327 2310//2310 2309//2309
f 2328//2328 2329//2329 2327//2327
f 2312//2312 2310//2310 2327//2327
f 2330//2330 2313//2313 2312//2312
f 2331//2331 2332//2332 2330//2330
f 2315//2315 2313//2313 2330//2330
f 2333//2333 2316//2316 2315//2315
f 2334//2334 2335//2335 2333//2333
f 2317//2317 2316//2316 2333//2333
f 2336//2336 2337//2337 2335//2335
f 2337//2337 2318//2318 2317//2317
f 2338//2338 2320//2320 2318//2318
f 2322//2322 2320//2320 2338//2338
f 2324//2324 2322//2322 2339//2339
f 2341//2341 2326//2326 2177//2177
f 2193//2193 2342//2342 2341//2341
f 2328//2328 2326//2326 2341//2341
f 2343//2343 2329//2329 2328//2328
f 2196//2196 2344//2344 2342//2342
f 2344//2344 2345//2345 2343//2343
f 2331//2331 2329//2329 2343//2343
f 2346//2346 2332//2332 2331//2331
f 2347//2347 2348//2348 2346//2346
f 2334//2334 2332//2332 2346//2346
f 2336//2336 2334//2334 2348//2348
f 2350//2350 2337//2337 2336//2336
f 2351//2351 2352//2352 2350//2350
f 2338//2338 2337//2337 2350//2350
f 2354//2354 2352//2352 2351//2351
f 2339//2339 2338//2338 2352//2352
f 2356//2356 2354//2354 2353//2353
f 2340//2340 2339//2339 2354//2354
f 2344//2344 2196//2196 2208//2208
f 2358//2358 2345//2345 2344//2344
f 2359//2359 2357//2357 2208//2208
f 2359//2359 2360//2360 2358//2358
f 2347//2347 2345//2345 2358//2358
f 2361//2361 2348//2348 2347//2347
f 2362//2362 2363//2363 2360//2360
f 2363//2363 2364//2364 2361//2361
f 2349//2349 2348//2348 2361//2361
f 2365//2365 2366//2366 2364//2364
f 2351//2351 2349//2349 2364//2364
f 2367//2367 2368//2368 2366//2366
f 2353//2353 2351//2351 2366//2366
f 2369//2369 2355//2355 2353//2353
f 2370//2370 2359//2359 2211//2211
f 2222//2222 2371//2371 2370//2370
f 2362//2362 2359//2359 2370//2370
f 2372//2372 2363//2363 2362//2362
f 2224//2224 2373//2373 2371//2371
f 2373//2373 2374//2374 2372//2372
f 2365//2365 2363//2363 2372//2372
f 2375//2375 2373//2373 2224//2224
f 2375//2375 2376//2376 2374//2374
f 2367//2367 2365//2365 2374//2374
f 2377//2377 2368//2368 2367//2367
f 2378//2378 2375//2375 2227//2227
f 2379//2379 2376//2376 2375//2375
f 2379//2379 2380//2380 2377//2377
f 2369//2369 2368//2368 2377//2377
f 1039//1039 1038//1038 2381//2381
f 1039//1039 2382//2382 2087//2087
f 2383//2383 2088//2088 2087//2087
f 1040//1040 2384//2384 2381//2381
f 2385//2385 2382//2382 2381//2381
f 2386//2386 2384//2384 1040//1040
f 1044//1044 2387//2387 2386//2386
f 2388//2388 2387//2387 1044//1044
f 2389//2389 2388//2388 1046//1046
f 1049//1049 2390//2390 2389//2389
f 2392//2392 2390//2390 1049//1049
f 2392//2392 2393//2393 2391//2391
f 1051//1051 2393//2393 2392//2392
f 2383//2383 2382//2382 2394//2394
f 2383//2383 2395//2395 2090//2090
f 2396//2396 2091//2091 2090//2090
f 2385//2385 2384//2384 2397//2397
f 2385//2385 2398//2398 2394//2394
f 2386//2386 2399//2399 2397//2397
f 2400//2400 2398//2398 2397//2397
f 2401//2401 2399//2399 2386//2386
f 2388//2388 2402//2402 2401//2401
f 2389//2389 2403//2403 2402//2402
f 2405//2405 2403//2403 2389//2389
f 2405//2405 2406//2406 2404//2404
f 2391//2391 2406//2406 2405//2405
f 2407//2407 2406//2406 2391//2391
f 2395//2395 2394//2394 2408//2408
f 2396//2396 2395//2395 2409//2409
f 2396//2396 2410//2410 2092//2092
f 2398//2398 2411//2411 2408//2408
f 2412//2412 2409//2409 2408//2408
f 2400//2400 2399//2399 2413//2413
f 2400//2400 2414//2414 2411//2411
f 2401//2401 2415//2415 2413//2413
f 2416//2416 2414//2414 2413//2413
f 2402//2402 2417//2417 2415//2415
f 2418//2418 2416//2416 2415//2415
f 2419//2419 2417//2417 2402//2402
f 2419//2419 2420//2420 2418//2418
f 2404//2404 2420//2420 2419//2419
f 2421//2421 2420//2420 2404//2404
f 2407//2407 2422//2422 2421//2421
f 2410//2410 2409//2409 2424//2424
f 2412//2412 2411//2411 2426//2426
f 2412//2412 2427//2427 2424//2424
f 2428//2428 2425//2425 2424//2424
f 2414//2414 2429//2429 2426//2426
f 2430//2430 2427//2427 2426//2426
f 2416//2416 2431//2431 2429//2429
f 2432//2432 2430//2430 2429//2429
f 2433//2433 2431//2431 2416//2416
f 2420//2420 2434//2434 2433//2433
f 2421//2421 2436//2436 2434//2434
f 2436//2436 2437//2437 2435//2435
f 2438//2438 2436//2436 2421//2421
f 2438//2438 2439//2439 2437//2437
f 2423//2423 2439//2439 2438//2438
f 2428//2428 2427//2427 2441//2441
f 2428//2428 2442//2442 2440//2440
f 2430//2430 2443//2443 2441//2441
f 2444//2444 2442//2442 2441//2441
f 2432//2432 2431//2431 2445//2445
f 2432//2432 2446//2446 2443//2443
f 2433//2433 2447//2447 2445//2445
f 2448//2448 2446//2446 2445//2445
f 2449//2449 2447//2447 2433//2433
f 2449//2449 2450//2450 2448//2448
f 2435//2435 2450//2450 2449//2449
f 2451//2451 2450//2450 2435//2435
f 2452//2452 2451//2451 2437//2437
f 2444//2444 2443//2443 2455//2455
f 2444//2444 2456//2456 2454//2454
f 2446//2446 2457//2457 2455//2455
f 2458//2458 2456//2456 2455//2455
f 2448//2448 2459//2459 2457//2457
f 2460//2460 2458//2458 2457//2457
f 2461//2461 2459//2459 2448//2448
f 2461//2461 2462//2462 2460//2460
f 2451//2451 2463//2463 2461//2461
f 2464//2464 2462//2462 2461//2461
f 2465//2465 2463//2463 2451//2451
f 2465//2465 2466//2466 2464//2464
f 2453//2453 2466//2466 2465//2465
f 2460//2460 2468//2468 2467//2467
f 2462//2462 2469//2469 2468//2468
f 2470//2470 2469//2469 2462//2462
f 2471//2471 2470//2470 2464//2464
f 2472//2472 2129//2129 2092//2092
f 2473//2473 2130//2130 2129//2129
f 2474//2474 2131//2131 2130//2130
f 2472//2472 2410//2410 2425//2425
f 2476//2476 2473//2473 2472//2472
f 2474//2474 2473//2473 2476//2476
f 2474//2474 2477//2477 2144//2144
f 2475//2475 2425//2425 2440//2440
f 2476//2476 2475//2475 2478//2478
f 2477//2477 2476//2476 2479//2479
f 2477//2477 2480//2480 2157//2157
f 2481//2481 2158//2158 2157//2157
f 2482//2482 2478//2478 2440//2440
f 2482//2482 2483//2483 2479//2479
f 2484//2484 2480//2480 2479//2479
f 2484//2484 2485//2485 2481//2481
f 2481//2481 2486//2486 2174//2174
f 2487//2487 2175//2175 2174//2174
f 2482//2482 2442//2442 2454//2454
f 2483//2483 2482//2482 2488//2488
f 2484//2484 2483//2483 2489//2489
f 2485//2485 2484//2484 2490//2490
f 2485//2485 2491//2491 2486//2486
f 2492//2492 2488//2488 2454//2454
f 2493//2493 2489//2489 2488//2488
f 2493//2493 2494//2494 2490//2490
f 2495//2495 2491//2491 2490//2490
f 2496//2496 2492//2492 2456//2456
f 2487//2487 2486//2486 2497//2497
f 2487//2487 2498//2498 2190//2190
f 2491//2491 2499//2499 2497//2497
f 2500//2500 2498//2498 2497//2497
f 2493//2493 2492//2492 2501//2501
f 2494//2494 2493//2493 2502//2502
f 2495//2495 2494//2494 2503//2503
f 2495//2495 2504//2504 2499//2499
f 2505//2505 2500//2500 2499//2499
f 2496//2496 2458//2458 2467//2467
f 2496//2496 2506//2506 2501//2501
f 2507//2507 2502//2502 2501//2501
f 2508//2508 2503//2503 2502//2502
f 2509//2509 2506//2506 2467//2467
f 2510//2510 2509//2509 2468//2468
f 2511//2511 2510//2510 2469//2469
f 2512//2512 2511//2511 2470//2470
f 2513//2513 2205//2205 2190//2190
f 2514//2514 2206//2206 2205//2205
f 2500//2500 2515//2515 2513//2513
f 2516//2516 2514//2514 2513//2513
f 2504//2504 2503//2503 2517//2517
f 2505//2505 2504//2504 2518//2518
f 2505//2505 2519//2519 2515//2515
f 2520//2520 2516//2516 2515//2515
f 2507//2507 2506//2506 2521//2521
f 2508//2508 2507//2507 2522//2522
f 2508//2508 2523//2523 2517//2517
f 2524//2524 2518//2518 2517//2517
f 2525//2525 2519//2519 2518//2518
f 2526//2526 2520//2520 2519//2519
f 2509//2509 2527//2527 2521//2521
f 2527//2527 2528//2528 2522//2522
f 2529//2529 2523//2523 2522//2522
f 2529//2529 2530//2530 2524//2524
f 2531//2531 2525//2525 2524//2524
f 2532//2532 2527//2527 2509//2509
f 2533//2533 2528//2528 2527//2527
f 2511//2511 2534//2534 2532//2532
f 2535//2535 2533//2533 2532//2532
f 2536//2536 2534//2534 2511//2511
f 2536//2536 2537//2537 2535//2535
f 2538//2538 2393//2393 1051//1051
f 2539//2539 2538//2538 1120//1120
f 1122//1122 2540//2540 2539//2539
f 2541//2541 2540//2540 1122//1122
f 2543//2543 2541//2541 1124//1124
f 2543//2543 2544//2544 2542//2542
f 1126//1126 2544//2544 2543//2543
f 2545//2545 2544//2544 1126//1126
f 2538//2538 2546//2546 2407//2407
f 2548//2548 2546//2546 2538//2538
f 2548//2548 2549//2549 2547//2547
f 2540//2540 2549//2549 2548//2548
f 2550//2550 2549//2549 2540//2540
f 2542//2542 2551//2551 2550//2550
f 2552//2552 2551//2551 2542//2542
f 2553//2553 2552//2552 2544//2544
f 2554//2554 2422//2422 2407//2407
f 2554//2554 2555//2555 2423//2423
f 2547//2547 2555//2555 2554//2554
f 2556//2556 2555//2555 2547//2547
f 2558//2558 2556//2556 2549//2549
f 2558//2558 2559//2559 2557//2557
f 2551//2551 2559//2559 2558//2558
f 2560//2560 2559//2559 2551//2551
f 2561//2561 2439//2439 2423//2423
f 2563//2563 2561//2561 2555//2555
f 2563//2563 2564//2564 2562//2562
f 2557//2557 2564//2564 2563//2563
f 2565//2565 2564//2564 2557//2557
f 2566//2566 2565//2565 2559//2559
f 2567//2567 2452//2452 2439//2439
f 2567//2567 2568//2568 2453//2453
f 2562//2562 2568//2568 2567//2567
f 2569//2569 2568//2568 2562//2562
f 2570//2570 2569//2569 2564//2564
f 2571//2571 2466//2466 2453//2453
f 2572//2572 2571//2571 2568//2568
f 2573//2573 2471//2471 2466//2466
f 2574//2574 2545//2545 1127//1127
f 2575//2575 2574//2574 1164//1164
f 1166//1166 2576//2576 2575//2575
f 2577//2577 2576//2576 1166//1166
f 1169//1169 2578//2578 2577//2577
f 2579//2579 2578//2578 1169//1169
f 1172//1172 2580//2580 2579//2579
f 2553//2553 2582//2582 2581//2581
f 2574//2574 2582//2582 2553//2553
f 2583//2583 2582//2582 2574//2574
f 2584//2584 2583//2583 2575//2575
f 2585//2585 2584//2584 2576//2576
f 2586//2586 2585//2585 2577//2577
f 2579//2579 2587//2587 2586//2586
f 2580//2580 2588//2588 2587//2587
f 2581//2581 2589//2589 2560//2560
f 2590//2590 2589//2589 2581//2581
f 2592//2592 2590//2590 2582//2582
f 2592//2592 2593//2593 2591//2591
f 2584//2584 2593//2593 2592//2592
f 2595//2595 2593//2593 2584//2584
f 2595//2595 2596//2596 2594//2594
f 2586//2586 2596//2596 2595//2595
f 2598//2598 2596//2596 2586//2586
f 2598//2598 2599//2599 2597//2597
f 2588//2588 2599//2599 2598//2598
f 2566//2566 2602//2602 2601//2601
f 2589//2589 2602//2602 2566//2566
f 2604//2604 2602//2602 2589//2589
f 2604//2604 2605//2605 2603//2603
f 2591//2591 2605//2605 2604//2604
f 2606//2606 2605//2605 2591//2591
f 2594//2594 2607//2607 2606//2606
f 2608//2608 2607//2607 2594//2594
f 2597//2597 2609//2609 2608//2608
f 2610//2610 2609//2609 2597//2597
f 2600//2600 2611//2611 2610//2610
f 2570//2570 2614//2614 2613//2613
f 2601//2601 2614//2614 2570//2570
f 2615//2615 2614//2614 2601//2601
f 2603//2603 2616//2616 2615//2615
f 2617//2617 2616//2616 2603//2603
f 2619//2619 2617//2617 2605//2605
f 2619//2619 2620//2620 2618//2618
f 2607//2607 2620//2620 2619//2619
f 2622//2622 2620//2620 2607//2607
f 2622//2622 2623//2623 2621//2621
f 2609//2609 2623//2623 2622//2622
f 2625//2625 2623//2623 2609//2609
f 2625//2625 2626//2626 2624//2624
f 2611//2611 2626//2626 2625//2625
f 2612//2612 2627//2627 2626//2626
f 2572//2572 2629//2629 2628//2628
f 2613//2613 2629//2629 2572//2572
f 2630//2630 2629//2629 2613//2613
f 2632//2632 2630//2630 2614//2614
f 2632//2632 2633//2633 2631//2631
f 2616//2616 2633//2633 2632//2632
f 2635//2635 2633//2633 2616//2616
f 2635//2635 2636//2636 2634//2634
f 2618//2618 2636//2636 2635//2635
f 2638//2638 2636//2636 2618//2618
f 2638//2638 2639//2639 2637//2637
f 2621//2621 2639//2639 2638//2638
f 2641//2641 2639//2639 2621//2621
f 2641//2641 2642//2642 2640//2640
f 2624//2624 2642//2642 2641//2641
f 2644//2644 2642//2642 2624//2624
f 2644//2644 2645//2645 2643//2643
f 2627//2627 2645//2645 2644//2644
f 2573//2573 2647//2647 2512//2512
f 2628//2628 2647//2647 2573//2573
f 2649//2649 2647//2647 2628//2628
f 2649//2649 2650//2650 2648//2648
f 2651//2651 2649//2649 2629//2629
f 2651//2651 2652//2652 2650//2650
f 2631//2631 2652//2652 2651//2651
f 2654//2654 2652//2652 2631//2631
f 2654//2654 2655//2655 2653//2653
f 2634//2634 2655//2655 2654//2654
f 2657//2657 2655//2655 2634//2634
f 2657//2657 2658//2658 2656//2656
f 2637//2637 2658//2658 2657//2657
f 2660//2660 2658//2658 2637//2637
f 2660//2660 2661//2661 2659//2659
f 2640//2640 2661//2661 2660//2660
f 2663//2663 2661//2661 2640//2640
f 2663//2663 2664//2664 2662//2662
f 2643//2643 2664//2664 2663//2663
f 2666//2666 2664//2664 2643//2643
f 2666//2666 2667//2667 2665//2665
f 2646//2646 2667//2667 2666//2666
f 2669//2669 2536//2536 2512//2512
f 2669//2669 2670//2670 2537//2537
f 2648//2648 2670//2670 2669//2669
f 2672//2672 2670//2670 2648//2648
f 2672//2672 2673//2673 2671//2671
f 2674//2674 2672//2672 2650//2650
f 2674//2674 2675//2675 2673//2673
f 2653//2653 2675//2675 2674//2674
f 2677//2677 2675//2675 2653//2653
f 2677//2677 2678//2678 2676//2676
f 2656//2656 2678//2678 2677//2677
f 2680//2680 2678//2678 2656//2656
f 2680//2680 2681//2681 2679//2679
f 2659//2659 2681//2681 2680//2680
f 2683//2683 2681//2681 2659//2659
f 2683//2683 2684//2684 2682//2682
f 2662//2662 2684//2684 2683//2683
f 2686//2686 2684//2684 2662//2662
f 2686//2686 2687//2687 2685//2685
f 2665//2665 2687//2687 2686//2686
f 2689//2689 2687//2687 2665//2665
f 2689//2689 2690//2690 2688//2688
f 2668//2668 2690//2690 2689//2689
f 2691//2691 2580//2580 1172//1172
f 1245//1245 2692//2692 2691//2691
f 1246//1246 2693//2693 2692//2692
f 1247//1247 2694//2694 2693//2693
f 2696//2696 2694//2694 1247//1247
f 2696//2696 2697//2697 2695//2695
f 1249//1249 2697//2697 2696//2696
f 1250//1250 2698//2698 2697//2697
f 2699//2699 2698//2698 1250//1250
f 2691//2691 2700//2700 2588//2588
f 2692//2692 2701//2701 2700//2700
f 2703//2703 2701//2701 2692//2692
f 2703//2703 2704//2704 2702//2702
f 2694//2694 2704//2704 2703//2703
f 2695//2695 2705//2705 2704//2704
f 2706//2706 2705//2705 2695//2695
f 2698//2698 2707//2707 2706//2706
f 2708//2708 2707//2707 2698//2698
f 2709//2709 2599//2599 2588//2588
f 2709//2709 2710//2710 2600//2600
f 2701//2701 2710//2710 2709//2709
f 2702//2702 2711//2711 2710//2710
f 2712//2712 2711//2711 2702//2702
f 2705//2705 2713//2713 2712//2712
f 2715//2715 2713//2713 2705//2705
f 2715//2715 2716//2716 2714//2714
f 2707//2707 2716//2716 2715//2715
f 2717//2717 2611//2611 2600//2600
f 2717//2717 2718//2718 2612//2612
f 2711//2711 2718//2718 2717//2717
f 2720//2720 2718//2718 2711//2711
f 2720//2720 2721//2721 2719//2719
f 2713//2713 2721//2721 2720//2720
f 2714//2714 2722//2722 2721//2721
f 2723//2723 2722//2722 2714//2714
f 2724//2724 2627//2627 2612//2612
f 2719//2719 2725//2725 2724//2724
f 2727//2727 2725//2725 2719//2719
f 2727//2727 2728//2728 2726//2726
f 2722//2722 2728//2728 2727//2727
f 2729//2729 2645//2645 2627//2627
f 2729//2729 2730//2730 2646//2646
f 2725//2725 2730//2730 2729//2729
f 2726//2726 2731//2731 2730//2730
f 2732//2732 2731//2731 2726//2726
f 2733//2733 2667//2667 2646//2646
f 2733//2733 2734//2734 2668//2668
f 2731//2731 2734//2734 2733//2733
f 2735//2735 2219//2219 2206//2206
f 2516//2516 2736//2736 2735//2735
f 2738//2738 2736//2736 2516//2516
f 2738//2738 2739//2739 2737//2737
f 2526//2526 2525//2525 2740//2740
f 2526//2526 2741//2741 2738//2738
f 2742//2742 2739//2739 2738//2738
f 2529//2529 2528//2528 2744//2744
f 2746//2746 2530//2530 2529//2529
f 2531//2531 2530//2530 2746//2746
f 2531//2531 2747//2747 2740//2740
f 2748//2748 2741//2741 2740//2740
f 2748//2748 2749//2749 2742//2742
f 2749//2749 2750//2750 2743//2743
f 2533//2533 2751//2751 2744//2744
f 2752//2752 2745//2745 2744//2744
f 2752//2752 2753//2753 2746//2746
f 2754//2754 2747//2747 2746//2746
f 2754//2754 2755//2755 2748//2748
f 2755//2755 2756//2756 2749//2749
f 2757//2757 2750//2750 2749//2749
f 2758//2758 2751//2751 2533//2533
f 2758//2758 2759//2759 2752//2752
f 2760//2760 2753//2753 2752//2752
f 2761//2761 2762//2762 2757//2757
f 2537//2537 2763//2763 2758//2758
f 2763//2763 2764//2764 2759//2759
f 2765//2765 2760//2760 2759//2759
f 2766//2766 2228//2228 2219//2219
f 2767//2767 2229//2229 2228//2228
f 2768//2768 2230//2230 2229//2229
f 2769//2769 2766//2766 2735//2735
f 2769//2769 2770//2770 2767//2767
f 2737//2737 2770//2770 2769//2769
f 2771//2771 2768//2768 2767//2767
f 2772//2772 2770//2770 2737//2737
f 2772//2772 2773//2773 2771//2771
f 2774//2774 2772//2772 2739//2739
f 2774//2774 2775//2775 2773//2773
f 2743//2743 2775//2775 2774//2774
f 2776//2776 2775//2775 2743//2743
f 2754//2754 2753//2753 2777//2777
f 2755//2755 2754//2754 2778//2778
f 2780//2780 2756//2756 2755//2755
f 2760//2760 2781//2781 2777//2777
f 2782//2782 2778//2778 2777//2777
f 2782//2782 2783//2783 2779//2779
f 2783//2783 2784//2784 2780//2780
f 2761//2761 2756//2756 2780//2780
f 2785//2785 2762//2762 2761//2761
f 2786//2786 2781//2781 2760//2760
f 2787//2787 2782//2782 2781//2781
f 2787//2787 2788//2788 2783//2783
f 2789//2789 2784//2784 2783//2783
f 2789//2789 2790//2790 2785//2785
f 2791//2791 2763//2763 2537//2537
f 2791//2791 2792//2792 2764//2764
f 2671//2671 2792//2792 2791//2791
f 2793//2793 2765//2765 2764//2764
f 2794//2794 2792//2792 2671//2671
f 2794//2794 2795//2795 2793//2793
f 2797//2797 2794//2794 2673//2673
f 2797//2797 2798//2798 2795//2795
f 2676//2676 2798//2798 2797//2797
f 2798//2798 2799//2799 2796//2796
f 2800//2800 2798//2798 2676//2676
f 2800//2800 2801//2801 2799//2799
f 2679//2679 2801//2801 2800//2800
f 2803//2803 2801//2801 2679//2679
f 2803//2803 2804//2804 2802//2802
f 2682//2682 2804//2804 2803//2803
f 2807//2807 2804//2804 2682//2682
f 2807//2807 2808//2808 2805//2805
f 2685//2685 2808//2808 2807//2807
f 2808//2808 2809//2809 2806//2806
f 2810//2810 2808//2808 2685//2685
f 2810//2810 2811//2811 2809//2809
f 2688//2688 2811//2811 2810//2810
f 2793//2793 2812//2812 2786//2786
f 2812//2812 2813//2813 2787//2787
f 2813//2813 2814//2814 2788//2788
f 2814//2814 2815//2815 2789//2789
f 2816//2816 2790//2790 2789//2789
f 2817//2817 2812//2812 2793//2793
f 2817//2817 2818//2818 2813//2813
f 2796//2796 2818//2818 2817//2817
f 2819//2819 2814//2814 2813//2813
f 2819//2819 2820//2820 2815//2815
f 2823//2823 2818//2818 2796//2796
f 2823//2823 2824//2824 2819//2819
f 2825//2825 2820//2820 2819//2819
f 2825//2825 2826//2826 2822//2822
f 2827//2827 2823//2823 2799//2799
f 2827//2827 2828//2828 2824//2824
f 2802//2802 2828//2828 2827//2827
f 2829//2829 2825//2825 2824//2824
f 2830//2830 2826//2826 2825//2825
f 2831//2831 2828//2828 2802//2802
f 2831//2831 2832//2832 2829//2829
f 2805//2805 2832//2832 2831//2831
f 2832//2832 2833//2833 2830//2830
f 2806//2806 2833//2833 2832//2832
f 2834//2834 2833//2833 2806//2806
f 2836//2836 2816//2816 2815//2815
f 2820//2820 2837//2837 2835//2835
f 2837//2837 2838//2838 2836//2836
f 2822//2822 2838//2838 2837//2837
f 2821//2821 2816//2816 2836//2836
f 2839//2839 2838//2838 2822//2822
f 1797//1797 384//384 2264//2264
f 1798//1798 1797//1797 2840//2840
f 1799//1799 1798//1798 2841//2841
f 2843//2843 1800//1800 1799//1799
f 1801//1801 1800//1800 2843//2843
f 2845//2845 1802//1802 1801//1801
f 2846//2846 1803//1803 1802//1802
f 1804//1804 1803//1803 2846//2846
f 1805//1805 1804//1804 2847//2847
f 1806//1806 1805//1805 2848//2848
f 2840//2840 2264//2264 2274//2274
f 2841//2841 2840//2840 2850//2850
f 2842//2842 2841//2841 2851//2851
f 2843//2843 2842//2842 2852//2852
f 2844//2844 2843//2843 2853//2853
f 2855//2855 2845//2845 2844//2844
f 2846//2846 2845//2845 2855//2855
f 2847//2847 2846//2846 2856//2856
f 2848//2848 2847//2847 2857//2857
f 2849//2849 2848//2848 2858//2858
f 2850//2850 2274//2274 2284//2284
f 2851//2851 2850//2850 2860//2860
f 2852//2852 2851//2851 2861//2861
f 2853//2853 2852//2852 2862//2862
f 2854//2854 2853//2853 2863//2863
f 2865//2865 2855//2855 2854//2854
f 2856//2856 2855//2855 2865//2865
f 2867//2867 2857//2857 2856//2856
f 2868//2868 2869//2869 2867//2867
f 2858//2858 2857//2857 2867//2867
f 2870//2870 2859//2859 2858//2858
f 2860//2860 2284//2284 2296//2296
f 2861//2861 2860//2860 2871//2871
f 2862//2862 2861//2861 2872//2872
f 2863//2863 2862//2862 2873//2873
f 2876//2876 2864//2864 2863//2863
f 2878//2878 2876//2876 2875//2875
f 2878//2878 2865//2865 2864//2864
f 2879//2879 2880//2880 2878//2878
f 2866//2866 2865//2865 2878//2878
f 2868//2868 2866//2866 2880//2880
f 2882//2882 2869//2869 2868//2868
f 2871//2871 2296//2296 2308//2308
f 2872//2872 2871//2871 2883//2883
f 2873//2873 2872//2872 2884//2884
f 2887//2887 2874//2874 2873//2873
f 2889//2889 2887//2887 2886//2886
f 2889//2889 2888//2888 2875//2875
f 2889//2889 2876//2876 2874//2874
f 2890//2890 2877//2877 2875//2875
f 2879//2879 2877//2877 2890//2890
f 2892//2892 2880//2880 2879//2879
f 2881//2881 2880//2880 2892//2892
f 2894//2894 2882//2882 2881//2881
f 2896//2896 2325//2325 2324//2324
f 2883//2883 2308//2308 2325//2325
f 2897//2897 2898//2898 2896//2896
f 2898//2898 2884//2884 2883//2883
f 2899//2899 2900//2900 2898//2898
f 2900//2900 2885//2885 2884//2884
f 2902//2902 2900//2900 2899//2899
f 2902//2902 2901//2901 2886//2886
f 2902//2902 2887//2887 2885//2885
f 2903//2903 2888//2888 2886//2886
f 2890//2890 2888//2888 2903//2903
f 2906//2906 2907//2907 2905//2905
f 2907//2907 2891//2891 2890//2890
f 2908//2908 2892//2892 2891//2891
f 2909//2909 2910//2910 2908//2908
f 2893//2893 2892//2892 2908//2908
f 2911//2911 2895//2895 2324//2324
f 2912//2912 2897//2897 2895//2895
f 2913//2913 2899//2899 2897//2897
f 2901//2901 2899//2899 2913//2913
f 2917//2917 2915//2915 2914//2914
f 2903//2903 2901//2901 2915//2915
f 2920//2920 2917//2917 2916//2916
f 2920//2920 2919//2919 2904//2904
f 2920//2920 2905//2905 2903//2903
f 2922//2922 2919//2919 2918//2918
f 2906//2906 2904//2904 2919//2919
f 2923//2923 2907//2907 2906//2906
f 2924//2924 2925//2925 2923//2923
f 2909//2909 2907//2907 2923//2923
f 2926//2926 2910//2910 2909//2909
f 2928//2928 2356//2356 2355//2355
f 2928//2928 2911//2911 2340//2340
f 2929//2929 2930//2930 2928//2928
f 2930//2930 2912//2912 2911//2911
f 2931//2931 2932//2932 2930//2930
f 2932//2932 2913//2913 2912//2912
f 2934//2934 2932//2932 2931//2931
f 2934//2934 2933//2933 2914//2914
f 2934//2934 2915//2915 2913//2913
f 2936//2936 2916//2916 2914//2914
f 2939//2939 2936//2936 2935//2935
f 2939//2939 2938//2938 2918//2918
f 2939//2939 2919//2919 2916//2916
f 2940//2940 2941//2941 2938//2938
f 2941//2941 2921//2921 2918//2918
f 2942//2942 2922//2922 2921//2921
f 2943//2943 2944//2944 2942//2942
f 2924//2924 2922//2922 2942//2942
f 2945//2945 2925//2925 2924//2924
f 1835//1835 1806//1806 2849//2849
f 1836//1836 1835//1835 2946//2946
f 2948//2948 1837//1837 1836//1836
f 2949//2949 1838//1838 1837//1837
f 2946//2946 2849//2849 2859//2859
f 2951//2951 2947//2947 2946//2946
f 2952//2952 2953//2953 2951//2951
f 2948//2948 2947//2947 2951//2951
f 2949//2949 2948//2948 2953//2953
f 2956//2956 2957//2957 2870//2870
f 2950//2950 2859//2859 2870//2870
f 2952//2952 2950//2950 2957//2957
f 2959//2959 2953//2953 2952//2952
f 2954//2954 2953//2953 2959//2959
f 2955//2955 2954//2954 2960//2960
f 2956//2956 2869//2869 2882//2882
f 2963//2963 2957//2957 2956//2956
f 2958//2958 2957//2957 2963//2963
f 2965//2965 2959//2959 2958//2958
f 2966//2966 2967//2967 2965//2965
f 2960//2960 2959//2959 2965//2965
f 2961//2961 2960//2960 2967//2967
f 2970//2970 2971//2971 2894//2894
f 2962//2962 2882//2882 2894//2894
f 2972//2972 2963//2963 2962//2962
f 2973//2973 2974//2974 2972//2972
f 2964//2964 2963//2963 2972//2972
f 2966//2966 2964//2964 2974//2974
f 2976//2976 2967//2967 2966//2966
f 2977//2977 2978//2978 2976//2976
f 2968//2968 2967//2967 2976//2976
f 2969//2969 2968//2968 2978//2978
f 2970//2970 2893//2893 2910//2910
f 2984//2984 2971//2971 2970//2970
f 2973//2973 2971//2971 2984//2984
f 2986//2986 2974//2974 2973//2973
f 2987//2987 2988//2988 2986//2986
f 2975//2975 2974//2974 2986//2986
f 2977//2977 2975//2975 2988//2988
f 2990//2990 2978//2978 2977//2977
f 2991//2991 2992//2992 2990//2990
f 2979//2979 2978//2978 2990//2990
f 2980//2980 2979//2979 2992//2992
f 2981//2981 2980//2980 2993//2993
f 2982//2982 2981//2981 2994//2994
f 2996//2996 2997//2997 2926//2926
f 2983//2983 2910//2910 2926//2926
f 2998//2998 2984//2984 2983//2983
f 2999//2999 3000//3000 2998//2998
f 2985//2985 2984//2984 2998//2998
f 2987//2987 2985//2985 3000//3000
f 3002//3002 2988//2988 2987//2987
f 3003//3003 3004//3004 3002//3002
f 2989//2989 2988//2988 3002//3002
f 2991//2991 2989//2989 3004//3004
f 3006//3006 2992//2992 2991//2991
f 3007//3007 3008//3008 3006//3006
f 2993//2993 2992//2992 3006//3006
f 3010//3010 3008//3008 3007//3007
f 3010//3010 2994//2994 2993//2993
f 3014//3014 3010//3010 3009//3009
f 2995//2995 2994//2994 3010//3010
f 3015//3015 3016//3016 2945//2945
f 2996//2996 2925//2925 2945//2945
f 3017//3017 2997//2997 2996//2996
f 3018//3018 3019//3019 3017//3017
f 2999//2999 2997//2997 3017//3017
f 3020//3020 3000//3000 2999//2999
f 3021//3021 3022//3022 3020//3020
f 3001//3001 3000//3000 3020//3020
f 3023//3023 3024//3024 3022//3022
f 3003//3003 3001//3001 3022//3022
f 3025//3025 3004//3004 3003//3003
f 3026//3026 3027//3027 3025//3025
f 3005//3005 3004//3004 3025//3025
f 3029//3029 3027//3027 3026//3026
f 3007//3007 3005//3005 3027//3027
f 3033//3033 3029//3029 3028//3028
f 3009//3009 3007//3007 3029//3029
f 2690//2690 3034//3034 3030//3030
f 3011//3011 3034//3034 2690//2690
f 3039//3039 3032//3032 3031//3031
f 3040//3040 3033//3033 3032//3032
f 3040//3040 3039//3039 3012//3012
f 3040//3040 3013//3013 3009//3009
f 1900//1900 1838//1838 2949//2949
f 3042//3042 1901//1901 1900//1900
f 1903//1903 1901//1901 3042//3042
f 3044//3044 1904//1904 1903//1903
f 1905//1905 1904//1904 3044//3044
f 3046//3046 1906//1906 1905//1905
f 1908//1908 1906//1906 3046//3046
f 3048//3048 1909//1909 1908//1908
f 3049//3049 3041//3041 2949//2949
f 2955//2955 3050//3050 3049//3049
f 3042//3042 3041//3041 3049//3049
f 3051//3051 3043//3043 3042//3042
f 3052//3052 3044//3044 3043//3043
f 3053//3053 3054//3054 3052//3052
f 3045//3045 3044//3044 3052//3052
f 3055//3055 3046//3046 3045//3045
f 3056//3056 3047//3047 3046//3046
f 3057//3057 3050//3050 2955//2955
f 3058//3058 3051//3051 3050//3050
f 3053//3053 3051//3051 3058//3058
f 3060//3060 3054//3054 3053//3053
f 3061//3061 3062//3062 3060//3060
f 3055//3055 3054//3054 3060//3060
f 3063//3063 3056//3056 3055//3055
f 3064//3064 3057//3057 2961//2961
f 2969//2969 3065//3065 3064//3064
f 3058//3058 3057//3057 3064//3064
f 3066//3066 3059//3059 3058//3058
f 3061//3061 3059//3059 3066//3066
f 3068//3068 3062//3062 3061//3061
f 3069//3069 3070//3070 3068//3068
f 3063//3063 3062//3062 3068//3068
f 3071//3071 3065//3065 2969//2969
f 2980//2980 3072//3072 3071//3071
f 3066//3066 3065//3065 3071//3071
f 3073//3073 3072//3072 2980//2980
f 3073//3073 3067//3067 3066//3066
f 3074//3074 3073//3073 2981//2981
f 3069//3069 3067//3067 3073//3073
f 1979//1979 3075//3075 2699//2699
f 1980//1980 3076//3076 3075//3075
f 3077//3077 3076//3076 1980//1980
f 1983//1983 3078//3078 3077//3077
f 3079//3079 3078//3078 1983//1983
f 1985//1985 3080//3080 3079//3079
f 1986//1986 3081//3081 3080//3080
f 3083//3083 3082//3082 1987//1987
f 3084//3084 3081//3081 1986//1986
f 3085//3085 3082//3082 3081//3081
f 3085//3085 3084//3084 1991//1991
f 3085//3085 1992//1992 1987//1987
f 2708//2708 3087//3087 3086//3086
f 3075//3075 3087//3087 2708//2708
f 3076//3076 3088//3088 3087//3087
f 3092//3092 3088//3088 3076//3076
f 3092//3092 3093//3093 3089//3089
f 3078//3078 3093//3093 3092//3092
f 3093//3093 3094//3094 3090//3090
f 3079//3079 3094//3094 3093//3093
f 3095//3095 3094//3094 3079//3079
f 3096//3096 3095//3095 3080//3080
f 3082//3082 3097//3097 3096//3096
f 3083//3083 3098//3098 3097//3097
f 3086//3086 3099//3099 2716//2716
f 3102//3102 3099//3099 3086//3086
f 3102//3102 3103//3103 3100//3100
f 3088//3088 3103//3103 3102//3102
f 3104//3104 3103//3103 3088//3088
f 3090//3090 3105//3105 3104//3104
f 3110//3110 3105//3105 3090//3090
f 3110//3110 3111//3111 3106//3106
f 3095//3095 3111//3111 3110//3110
f 3112//3112 3107//3107 3106//3106
f 3112//3112 3111//3111 3095//3095
f 3112//3112 3113//3113 3108//3108
f 3113//3113 3112//3112 3096//3096
f 3114//3114 3109//3109 3108//3108
f 3114//3114 3113//3113 3097//3097
f 3114//3114 3098//3098 3091//3091
f 2723//2723 3117//3117 3115//3115
f 3099//3099 3117//3117 2723//2723
f 3100//3100 3118//3118 3117//3117
f 3122//3122 3118//3118 3100//3100
f 3122//3122 3123//3123 3119//3119
f 3104//3104 3123//3123 3122//3122
f 3124//3124 3123//3123 3104//3104
f 3106//3106 3125//3125 3124//3124
f 3107//3107 3126//3126 3125//3125
f 3108//3108 3127//3127 3126//3126
f 3128//3128 3121//3121 3120//3120
f 3128//3128 3127//3127 3108//3108
f 3128//3128 3109//3109 3101//3101
f 3115//3115 3130//3130 2728//2728
f 3134//3134 3130//3130 3115//3115
f 3134//3134 3135//3135 3131//3131
f 3118//3118 3135//3135 3134//3134
f 3119//3119 3136//3136 3135//3135
f 3141//3141 3133//3133 3132//3132
f 3141//3141 3140//3140 3120//3120
f 3141//3141 3121//3121 3116//3116
f 3142//3142 3136//3136 3119//3119
f 3142//3142 3143//3143 3137//3137
f 3124//3124 3143//3143 3142//3142
f 3144//3144 3138//3138 3137//3137
f 3144//3144 3143//3143 3124//3124
f 3144//3144 3145//3145 3139//3139
f 3145//3145 3144//3144 3125//3125
f 3146//3146 3140//3140 3139//3139
f 3146//3146 3145//3145 3126//3126
f 3146//3146 3127//3127 3120//3120
f 3129//3129 2982//2982 2995//2995
f 2732//2732 3150//3150 3147//3147
f 3130//3130 3150//3150 2732//2732
f 3131//3131 3151//3151 3150//3150
f 3157//3157 3149//3149 3148//3148
f 3157//3157 3156//3156 3132//3132
f 3157//3157 3133//3133 3129//3129
f 3158//3158 3151//3151 3131//3131
f 3158//3158 3159//3159 3152//3152
f 3136//3136 3159//3159 3158//3158
f 3160//3160 3153//3153 3152//3152
f 3137//3137 3160//3160 3159//3159
f 3160//3160 3161//3161 3154//3154
f 3138//3138 3161//3161 3160//3160
f 3161//3161 3162//3162 3155//3155
f 3162//3162 3161//3161 3138//3138
f 3163//3163 3156//3156 3155//3155
f 3163//3163 3162//3162 3139//3139
f 3163//3163 3140//3140 3132//3132
f 2734//2734 3164//3164 3011//3011
f 3147//3147 3164//3164 2734//2734
f 3170//3170 3013//3013 3012//3012
f 3171//3171 3014//3014 3013//3013
f 3171//3171 3170//3170 3148//3148
f 3171//3171 3149//3149 2995//2995
f 3172//3172 3164//3164 3147//3147
f 3172//3172 3173//3173 3165//3165
f 3151//3151 3173//3173 3172//3172
f 3174//3174 3166//3166 3165//3165
f 3152//3152 3174//3174 3173//3173
f 3175//3175 3167//3167 3166//3166
f 3153//3153 3175//3175 3174//3174
f 3176//3176 3168//3168 3167//3167
f 3154//3154 3176//3176 3175//3175
f 3177//3177 3169//3169 3168//3168
f 3155//3155 3177//3177 3176//3176
f 3178//3178 3170//3170 3169//3169
f 3178//3178 3177//3177 3155//3155
f 3178//3178 3156//3156 3148//3148
f 3179//3179 3034//3034 3011//3011
f 3179//3179 3180//3180 3035//3035
f 3165//3165 3180//3180 3179//3179
f 3180//3180 3181//3181 3036//3036
f 3166//3166 3181//3181 3180//3180
f 3181//3181 3182//3182 3037//3037
f 3182//3182 3181//3181 3166//3166
f 3183//3183 3038//3038 3037//3037
f 3168//3168 3183//3183 3182//3182
f 3184//3184 3039//3039 3038//3038
f 3184//3184 3183//3183 3168//3168
f 3184//3184 3169//3169 3012//3012
f 3185//3185 3186//3186 3048//3048
f 2054//2054 1909//1909 3048//3048
f 3188//3188 3186//3186 3185//3185
f 3188//3188 3187//3187 2055//2055
f 3188//3188 2056//2056 2054//2054
f 3189//3189 2057//2057 2055//2055
f 3191//3191 3190//3190 2059//2059
f 3191//3191 2060//2060 2057//2057
f 3192//3192 3083//3083 1988//1988
f 3192//3192 2061//2061 2059//2059
f 3185//3185 3047//3047 3056//3056
f 3194//3194 3187//3187 3185//3185
f 3189//3189 3187//3187 3194//3194
f 3198//3198 3196//3196 3195//3195
f 3198//3198 3197//3197 3190//3190
f 3198//3198 3191//3191 3189//3189
f 3199//3199 3197//3197 3091//3091
f 3199//3199 3098//3098 3083//3083
f 3199//3199 3192//3192 3190//3190
f 3193//3193 3056//3056 3063//3063
f 3203//3203 3201//3201 3200//3200
f 3203//3203 3194//3194 3193//3193
f 3205//3205 3203//3203 3202//3202
f 3205//3205 3204//3204 3195//3195
f 3205//3205 3196//3196 3194//3194
f 3206//3206 3204//3204 3101//3101
f 3206//3206 3109//3109 3091//3091
f 3206//3206 3197//3197 3195//3195
f 3208//3208 3070//3070 3069//3069
f 3208//3208 3207//3207 3200//3200
f 3208//3208 3201//3201 3063//3063
f 3209//3209 3202//3202 3200//3200
f 3210//3210 3209//3209 3116//3116
f 3210//3210 3121//3121 3101//3101
f 3210//3210 3204//3204 3202//3202
f 3129//3129 3211//3211 3074//3074
f 3211//3211 3207//3207 3069//3069
f 3212//3212 3211//3211 3129//3129
f 3212//3212 3133//3133 3116//3116
f 3212//3212 3209//3209 3207//3207
f 2927//2927 2355//2355 2369//2369
f 2929//2929 2927//2927 3213//3213
f 3217//3217 3215//3215 3214//3214
f 3217//3217 2931//2931 2929//2929
f 3220//3220 3217//3217 3216//3216
f 3220//3220 2933//2933 2931//2931
f 3222//3222 3219//3219 3218//3218
f 3223//3223 3220//3220 3219//3219
f 3223//3223 3222//3222 2935//2935
f 3223//3223 2936//2936 2933//2933
f 2757//2757 3224//3224 3221//3221
f 3225//3225 3222//3222 3221//3221
f 3225//3225 3224//3224 2937//2937
f 3225//3225 2938//2938 2935//2935
f 2762//2762 3226//3226 3224//3224
f 2940//2940 2937//2937 3224//3224
f 3227//3227 2941//2941 2940//2940
f 3228//3228 3229//3229 3227//3227
f 2943//2943 2941//2941 3227//3227
f 3230//3230 2944//2944 2943//2943
f 3231//3231 2378//2378 2230//2230
f 3232//3232 2379//2379 2378//2378
f 3233//3233 2380//2380 2379//2379
f 3213//3213 2369//2369 2380//2380
f 2771//2771 3234//3234 3231//3231
f 3234//3234 3235//3235 3232//3232
f 3236//3236 3233//3233 3232//3232
f 3236//3236 3235//3235 3214//3214
f 3236//3236 3215//3215 3213//3213
f 2773//2773 3237//3237 3234//3234
f 3238//3238 3235//3235 3234//3234
f 3238//3238 3216//3216 3214//3214
f 3239//3239 3237//3237 2773//2773
f 3240//3240 3238//3238 3237//3237
f 3240//3240 3239//3239 3218//3218
f 3240//3240 3219//3219 3216//3216
f 3241//3241 3239//3239 2775//2775
f 3241//3241 2776//2776 2750//2750
f 3241//3241 3221//3221 3218//3218
f 3242//3242 3226//3226 2762//2762
f 2790//2790 3243//3243 3242//3242
f 3228//3228 3226//3226 3242//3242
f 3244//3244 3229//3229 3228//3228
f 3245//3245 3246//3246 3230//3230
f 3015//3015 2944//2944 3230//3230
f 3247//3247 3016//3016 3015//3015
f 3248//3248 3249//3249 3247//3247
f 3018//3018 3016//3016 3247//3247
f 3250//3250 3019//3019 3018//3018
f 3251//3251 3252//3252 3249//3249
f 3252//3252 3253//3253 3250//3250
f 3021//3021 3019//3019 3250//3250
f 3254//3254 3255//3255 3253//3253
f 3023//3023 3021//3021 3253//3253
f 3256//3256 3024//3024 3023//3023
f 3258//3258 3255//3255 3254//3254
f 3258//3258 3259//3259 3256//3256
f 3026//3026 3024//3024 3256//3256
f 3264//3264 3258//3258 3257//3257
f 3264//3264 3265//3265 3259//3259
f 3028//3028 3026//3026 3259//3259
f 2811//2811 3266//3266 3260//3260
f 3030//3030 3266//3266 2811//2811
f 3266//3266 3267//3267 3261//3261
f 3269//3269 3263//3263 3262//3262
f 3269//3269 3270//3270 3264//3264
f 3271//3271 3265//3265 3264//3264
f 3271//3271 3270//3270 3031//3031
f 3271//3271 3032//3032 3028//3028
f 3272//3272 3266//3266 3030//3030
f 3272//3272 3273//3273 3267//3267
f 3035//3035 3273//3273 3272//3272
f 3273//3273 3274//3274 3268//3268
f 3274//3274 3273//3273 3035//3035
f 3274//3274 3275//3275 3269//3269
f 3037//3037 3275//3275 3274//3274
f 3276//3276 3270//3270 3269//3269
f 3276//3276 3275//3275 3037//3037
f 3276//3276 3038//3038 3031//3031
f 3277//3277 3243//3243 2790//2790
f 3277//3277 3278//3278 3244//3244
f 3245//3245 3229//3229 3244//3244
f 3279//3279 3246//3246 3245//3245
f 2821//2821 3280//3280 3277//3277
f 3281//3281 3278//3278 3277//3277
f 3281//3281 3282//3282 3279//3279
f 3248//3248 3246//3246 3279//3279
f 3284//3284 3281//3281 3280//3280
f 3284//3284 3285//3285 3282//3282
f 3251//3251 3248//3248 3282//3282
f 3286//3286 3252//3252 3251//3251
f 2830//2830 3287//3287 3283//3283
f 3287//3287 3288//3288 3284//3284
f 3289//3289 3285//3285 3284//3284
f 3289//3289 3290//3290 3286//3286
f 3254//3254 3252//3252 3286//3286
f 3291//3291 3287//3287 2830//2830
f 3291//3291 3292//3292 3288//3288
f 3292//3292 3293//3293 3289//3289
f 3293//3293 3294//3294 3290//3290
f 3294//3294 3257//3257 3254//3254
f 2834//2834 3295//3295 3291//3291
f 3260//3260 3295//3295 2834//2834
f 3295//3295 3296//3296 3292//3292
f 3261//3261 3296//3296 3295//3295
f 3297//3297 3293//3293 3292//3292
f 3298//3298 3294//3294 3293//3293
f 3298//3298 3297//3297 3262//3262
f 3298//3298 3263//3263 3257//3257
f 3299//3299 3296//3296 3261//3261
f 3300//3300 3297//3297 3296//3296
f 3268//3268 3300//3300 3299//3299
f 3300//3300 3268//3268 3262//3262
f 3301//3301 3280//3280 2821//2821
f 2839//2839 3302//3302 3301//3301
f 3302//3302 2839//2839 2826//2826
f 3283//3283 3280//3280 3301//3301
