# Blender 4.2.0
# www.blender.org
o 58209_X1Y1
v -0.298194 -0.298123 0.298104
v -0.408805 -0.076864 0.297543
v -0.409796 -0.055686 0.298881
v -0.411110 -0.018562 0.300487
v -0.373338 -0.084282 0.336418
v -0.375578 -0.055686 0.338457
v -0.376190 -0.018562 0.338895
v -0.373223 -0.189269 0.299278
v -0.378450 -0.167058 0.304865
v -0.384906 -0.129934 0.312021
v -0.389959 -0.092948 0.315556
v -0.394140 -0.055686 0.317443
v -0.394752 -0.018562 0.319049
v -0.335407 -0.079585 0.372221
v -0.336674 -0.055686 0.373286
v -0.337333 -0.018562 0.373970
v -0.337504 -0.191137 0.337174
v -0.342515 -0.167058 0.341724
v -0.348850 -0.129934 0.347634
v -0.353054 -0.094308 0.353111
v -0.355236 -0.055686 0.357019
v -0.355895 -0.018562 0.357457
v -0.334226 -0.260008 0.297097
v -0.339832 -0.241306 0.303021
v -0.351941 -0.202578 0.314476
v -0.361077 -0.167058 0.323427
v -0.367412 -0.129934 0.330584
v -0.370701 -0.109032 0.333570
v -0.302652 -0.160150 0.375353
v -0.309263 -0.129934 0.380489
v -0.318263 -0.092300 0.382612
v -0.315554 -0.055686 0.388861
v -0.315554 -0.018562 0.390742
v -0.304301 -0.232107 0.340206
v -0.316227 -0.203780 0.346877
v -0.315238 -0.170338 0.362324
v -0.327825 -0.129934 0.366196
v -0.332443 -0.104335 0.369803
v -0.312563 -0.274802 0.303971
v -0.316227 -0.243211 0.322914
v -0.329050 -0.215887 0.329674
v -0.411423 -0.301479 0.121667
v -0.415708 -0.307732 0.092810
v -0.420729 -0.313063 0.055686
v -0.408884 -0.334734 0.005470
v -0.420400 -0.318799 0.018131
v -0.377307 -0.303950 0.194404
v -0.372442 -0.335367 0.150954
v -0.382635 -0.316016 0.164820
v -0.377093 -0.340716 0.129934
v -0.397805 -0.314534 0.132399
v -0.384099 -0.348253 0.092810
v -0.402661 -0.326294 0.092810
v -0.372551 -0.372620 0.044132
v -0.385384 -0.355746 0.056178
v -0.406499 -0.331625 0.055686
v -0.374088 -0.374394 0.018562
v -0.395399 -0.349337 0.018131
v -0.407709 -0.333337 0.030219
v -0.335143 -0.298152 0.261098
v -0.334509 -0.334516 0.223224
v -0.340905 -0.312538 0.237882
v -0.340054 -0.340289 0.204182
v -0.359653 -0.316016 0.205740
v -0.335802 -0.372995 0.151943
v -0.351096 -0.351032 0.163823
v -0.366390 -0.328699 0.175703
v -0.341070 -0.377533 0.129934
v -0.359632 -0.359278 0.129934
v -0.348183 -0.383295 0.092810
v -0.366745 -0.366815 0.092810
v -0.355668 -0.385074 0.056178
v -0.370036 -0.370165 0.068881
v -0.335484 -0.409332 0.010969
v -0.349787 -0.395957 0.021431
v -0.297442 -0.334539 0.260317
v -0.310193 -0.310512 0.273082
v -0.312112 -0.340752 0.237882
v -0.322191 -0.322901 0.247973
v -0.303879 -0.376340 0.194418
v -0.315974 -0.360047 0.205748
v -0.315974 -0.382638 0.165414
v -0.328629 -0.366696 0.176692
v -0.302171 -0.412096 0.123101
v -0.314949 -0.398410 0.133259
v -0.307550 -0.416645 0.092810
v -0.326112 -0.401857 0.092810
v -0.312826 -0.420944 0.055686
v -0.331388 -0.406060 0.055686
v -0.319171 -0.420324 0.021431
v -0.333956 -0.408229 0.035718
v -0.520065 -0.040445 0.003708
v -0.520593 -0.018562 0.008288
v -0.484022 -0.116546 0.152132
v -0.485951 -0.092810 0.156611
v -0.487866 -0.055686 0.160926
v -0.488081 -0.018562 0.162849
v -0.484655 -0.154766 0.117658
v -0.487279 -0.129326 0.129993
v -0.494084 -0.092810 0.129934
v -0.498635 -0.055686 0.129934
v -0.499626 -0.018562 0.129934
v -0.483774 -0.188133 0.078651
v -0.487565 -0.167108 0.091739
v -0.496610 -0.129934 0.092810
v -0.503244 -0.092810 0.092810
v -0.507738 -0.055686 0.092810
v -0.508902 -0.018562 0.092810
v -0.485510 -0.192425 0.055686
v -0.493869 -0.167058 0.055686
v -0.503518 -0.129934 0.055686
v -0.510766 -0.092810 0.055686
v -0.514213 -0.055686 0.055686
v -0.514922 -0.018562 0.055686
v -0.487195 -0.198556 0.018562
v -0.496865 -0.167058 0.018562
v -0.507032 -0.129934 0.018562
v -0.514515 -0.092810 0.018562
v -0.518146 -0.053966 0.017074
v -0.518740 -0.018562 0.026850
v -0.447519 -0.120537 0.226554
v -0.450509 -0.092810 0.231698
v -0.453276 -0.055686 0.236011
v -0.453972 -0.018562 0.236493
v -0.447261 -0.189411 0.189267
v -0.451197 -0.167058 0.196636
v -0.455384 -0.131721 0.207094
v -0.464610 -0.092810 0.204182
v -0.469242 -0.055686 0.204182
v -0.470913 -0.018562 0.204182
v -0.446954 -0.225720 0.151740
v -0.451045 -0.202744 0.165292
v -0.463426 -0.167058 0.167058
v -0.475186 -0.129326 0.165527
v -0.478152 -0.092810 0.175173
v -0.480016 -0.055686 0.179488
v -0.480992 -0.018562 0.181412
v -0.450953 -0.233150 0.129934
v -0.463175 -0.204182 0.129934
v -0.476285 -0.167108 0.129993
v -0.480521 -0.141295 0.142407
v -0.447577 -0.263494 0.083230
v -0.454922 -0.244133 0.094487
v -0.474682 -0.201978 0.091739
v -0.480511 -0.179515 0.103400
v -0.450116 -0.268591 0.055686
v -0.463330 -0.241306 0.055686
v -0.477265 -0.210987 0.055686
v -0.452069 -0.271880 0.018562
v -0.468260 -0.241306 0.018562
v -0.480242 -0.217118 0.018562
v -0.412151 -0.158510 0.265426
v -0.417034 -0.129934 0.271792
v -0.419098 -0.090667 0.280922
v -0.424941 -0.055686 0.278430
v -0.426556 -0.018562 0.278430
v -0.410258 -0.226288 0.225949
v -0.415438 -0.204182 0.233446
v -0.422138 -0.169354 0.244233
v -0.437128 -0.131721 0.239880
v -0.440013 -0.092810 0.250260
v -0.442071 -0.055686 0.254573
v -0.442373 -0.018562 0.255055
v -0.409715 -0.262334 0.188374
v -0.415066 -0.239720 0.202122
v -0.433628 -0.202744 0.202658
v -0.441304 -0.167058 0.215198
v -0.444745 -0.145286 0.221410
v -0.414914 -0.270289 0.167058
v -0.433209 -0.239380 0.165292
v -0.441039 -0.214160 0.176490
v -0.421524 -0.281575 0.132399
v -0.441082 -0.251712 0.129934
v -0.435984 -0.276893 0.094487
v -0.444606 -0.258391 0.107980
v -0.439291 -0.287153 0.055686
v -0.441582 -0.290442 0.018562
v -0.377316 -0.232477 0.266777
v -0.382961 -0.202659 0.278863
v -0.398743 -0.169354 0.278052
v -0.403468 -0.129934 0.290354
v -0.406580 -0.101613 0.294958
v -0.378136 -0.268971 0.232733
v -0.390101 -0.241757 0.241716
v -0.402967 -0.204182 0.252008
v -0.407466 -0.183259 0.258558
v -0.390096 -0.278027 0.203764
v -0.402885 -0.251038 0.213124
v -0.403144 -0.288851 0.167058
v -0.407712 -0.296046 0.146417
v -0.341234 -0.274802 0.275456
v -0.359974 -0.243434 0.278863
v -0.366377 -0.214019 0.291526
v -0.361955 -0.280180 0.243587
v -0.369592 -0.257226 0.257482
v -0.368761 -0.293720 0.219154
v -0.322944 -0.284758 0.285848
v -0.278430 -0.306777 0.306381
v -0.233651 -0.304508 0.340497
v -0.234410 -0.341670 0.304526
v -0.246405 -0.319083 0.318838
v -0.185646 -0.297008 0.371252
v -0.189962 -0.336698 0.336481
v -0.200179 -0.313133 0.350864
v -0.190550 -0.374087 0.299997
v -0.202631 -0.351559 0.314636
v -0.214712 -0.329257 0.329276
v -0.167058 -0.301530 0.374704
v -0.167058 -0.341647 0.341015
v -0.167058 -0.320092 0.359577
v -0.167058 -0.378738 0.305150
v -0.167058 -0.360209 0.323712
v -0.129934 -0.309640 0.380766
v -0.129934 -0.348964 0.347519
v -0.129934 -0.328202 0.366081
v -0.129934 -0.384362 0.312150
v -0.129934 -0.367526 0.330712
v -0.076369 -0.334436 0.371503
v -0.090370 -0.318340 0.382424
v -0.086468 -0.373780 0.336594
v -0.093793 -0.352820 0.353248
v -0.101118 -0.332571 0.369903
v -0.077566 -0.409129 0.297902
v -0.094392 -0.390057 0.315991
v -0.111217 -0.371203 0.334080
v -0.055686 -0.335995 0.372783
v -0.055686 -0.315554 0.389083
v -0.055686 -0.375501 0.338497
v -0.055686 -0.354557 0.357059
v -0.055686 -0.409830 0.298734
v -0.055686 -0.394063 0.317296
v -0.018562 -0.337476 0.373823
v -0.018562 -0.315554 0.390272
v -0.018562 -0.376236 0.339541
v -0.018562 -0.356038 0.358103
v -0.018562 -0.410466 0.299488
v -0.018562 -0.394798 0.318050
v -0.265654 -0.123136 0.411678
v -0.270350 -0.092810 0.414498
v -0.273742 -0.055686 0.416775
v -0.275574 -0.018562 0.417606
v -0.263746 -0.226820 0.373755
v -0.271779 -0.204182 0.378881
v -0.281920 -0.170338 0.385626
v -0.278190 -0.133280 0.400804
v -0.288912 -0.092810 0.403282
v -0.292304 -0.055686 0.405378
v -0.294136 -0.018562 0.406575
v -0.269749 -0.270901 0.341179
v -0.279122 -0.241838 0.353067
v -0.290341 -0.204182 0.366336
v -0.296621 -0.184899 0.370986
v -0.280647 -0.281338 0.325602
v -0.294499 -0.256856 0.332157
v -0.223454 -0.039804 0.445830
v -0.223454 -0.031456 0.445830
v -0.226385 -0.190986 0.410270
v -0.234501 -0.167058 0.414561
v -0.244815 -0.133280 0.419816
v -0.241306 -0.092810 0.429882
v -0.238020 -0.053582 0.436600
v -0.238020 -0.018874 0.437785
v -0.226039 -0.262880 0.373168
v -0.239571 -0.240039 0.379669
v -0.239778 -0.203689 0.397965
v -0.253063 -0.167058 0.404700
v -0.259529 -0.147885 0.408180
v -0.242220 -0.279265 0.353213
v -0.250789 -0.251570 0.365928
v -0.258400 -0.295650 0.333149
v -0.190597 -0.119380 0.447414
v -0.196252 -0.092810 0.449585
v -0.205989 -0.053582 0.450875
v -0.207295 -0.018874 0.451438
v -0.191760 -0.227032 0.410775
v -0.204154 -0.203689 0.415098
v -0.204182 -0.167058 0.428201
v -0.203456 -0.131027 0.439445
v -0.214814 -0.092810 0.442310
v -0.219569 -0.064553 0.444210
v -0.221744 -0.006707 0.445078
v -0.200485 -0.276525 0.376897
v -0.204154 -0.240166 0.397503
v -0.216510 -0.215736 0.405595
v -0.210395 -0.287629 0.365247
v -0.157444 -0.156996 0.448221
v -0.168714 -0.131027 0.451787
v -0.167058 -0.092810 0.459421
v -0.167058 -0.055686 0.463938
v -0.167058 -0.018562 0.465471
v -0.167058 -0.234880 0.415250
v -0.167058 -0.204182 0.428774
v -0.168714 -0.168446 0.440801
v -0.182193 -0.144129 0.444394
v -0.167058 -0.278430 0.389384
v -0.167058 -0.253442 0.404482
v -0.118493 -0.190286 0.447177
v -0.130494 -0.168446 0.451519
v -0.129934 -0.129934 0.462897
v -0.129934 -0.092810 0.469629
v -0.129934 -0.055686 0.473347
v -0.129934 -0.018562 0.475277
v -0.122568 -0.264613 0.410965
v -0.132939 -0.244730 0.419617
v -0.130494 -0.203270 0.439581
v -0.143242 -0.181745 0.444239
v -0.132939 -0.277565 0.400961
v -0.147317 -0.259387 0.408074
v -0.076663 -0.044629 0.482914
v -0.080427 -0.018562 0.483383
v -0.092810 -0.196681 0.449602
v -0.092810 -0.167058 0.459198
v -0.092810 -0.129934 0.469740
v -0.092810 -0.092810 0.476827
v -0.090547 -0.056477 0.480354
v -0.098990 -0.018562 0.481037
v -0.092810 -0.270131 0.413989
v -0.092810 -0.241306 0.429603
v -0.092810 -0.215243 0.442541
v -0.092810 -0.288693 0.403585
v -0.047652 -0.079707 0.483726
v -0.058290 -0.056477 0.484263
v -0.055686 -0.018562 0.485228
v -0.055686 -0.201463 0.452104
v -0.055686 -0.167058 0.463754
v -0.055686 -0.129934 0.473246
v -0.058290 -0.092373 0.480531
v -0.072401 -0.069378 0.482417
v -0.055686 -0.274712 0.416438
v -0.055686 -0.241306 0.433823
v -0.055686 -0.220025 0.444311
v -0.055686 -0.293274 0.406103
v -0.018562 -0.080553 0.483790
v -0.018562 -0.055686 0.486093
v -0.018562 -0.018562 0.486624
v -0.018562 -0.202549 0.452708
v -0.018562 -0.167058 0.465238
v -0.018562 -0.129934 0.474402
v -0.018562 -0.099115 0.480435
v -0.018562 -0.275279 0.417379
v -0.018562 -0.241306 0.435207
v -0.018562 -0.221111 0.444754
v -0.018562 -0.293841 0.406252
v -0.278430 -0.343376 0.269123
v -0.278430 -0.325339 0.287685
v -0.269412 -0.378231 0.234490
v -0.280444 -0.362517 0.244641
v -0.262310 -0.410144 0.188706
v -0.278236 -0.389660 0.203936
v -0.294162 -0.369104 0.219167
v -0.270716 -0.414953 0.167058
v -0.289278 -0.402734 0.167058
v -0.281931 -0.421372 0.133259
v -0.296640 -0.408133 0.147851
v -0.264166 -0.447882 0.082119
v -0.277296 -0.436404 0.093820
v -0.268718 -0.450337 0.055686
v -0.287280 -0.439506 0.055686
v -0.271649 -0.452483 0.018562
v -0.290211 -0.441149 0.018562
v -0.234394 -0.376911 0.267132
v -0.246777 -0.356230 0.281820
v -0.259159 -0.333657 0.296508
v -0.225414 -0.409760 0.224876
v -0.242279 -0.389946 0.242057
v -0.259144 -0.370790 0.259239
v -0.239196 -0.415590 0.202321
v -0.250164 -0.402980 0.213455
v -0.225776 -0.447138 0.152611
v -0.239413 -0.433806 0.165815
v -0.232455 -0.451059 0.129934
v -0.251017 -0.440387 0.129934
v -0.243543 -0.455469 0.093820
v -0.257409 -0.444056 0.106868
v -0.241306 -0.464021 0.055686
v -0.241306 -0.468149 0.018562
v -0.203428 -0.383330 0.279076
v -0.215299 -0.366420 0.291882
v -0.204182 -0.414928 0.232773
v -0.204182 -0.402779 0.251335
v -0.188823 -0.446644 0.188183
v -0.202392 -0.433786 0.202008
v -0.202392 -0.450840 0.165815
v -0.213573 -0.441982 0.177361
v -0.204182 -0.463891 0.129934
v -0.188465 -0.483723 0.079979
v -0.202177 -0.475479 0.092537
v -0.192824 -0.485769 0.055686
v -0.211386 -0.477735 0.055686
v -0.197863 -0.488051 0.018562
v -0.216425 -0.479716 0.018562
v -0.158935 -0.412312 0.265206
v -0.169609 -0.399067 0.277921
v -0.149688 -0.445954 0.223473
v -0.166686 -0.426391 0.241103
v -0.183684 -0.407622 0.258733
v -0.164061 -0.449834 0.202008
v -0.174438 -0.440470 0.212933
v -0.167058 -0.463093 0.167058
v -0.155965 -0.484571 0.118068
v -0.167827 -0.476952 0.130239
v -0.167827 -0.487067 0.092537
v -0.180714 -0.481233 0.104729
v -0.167058 -0.494099 0.055686
v -0.167058 -0.498874 0.018562
v -0.129934 -0.416666 0.271093
v -0.129934 -0.402924 0.289655
v -0.129934 -0.447632 0.226449
v -0.129934 -0.435228 0.245011
v -0.129934 -0.458117 0.204182
v -0.117858 -0.484469 0.152541
v -0.130113 -0.475074 0.165772
v -0.130113 -0.488024 0.130239
v -0.142607 -0.480818 0.142818
v -0.129934 -0.496952 0.092810
v -0.129934 -0.503926 0.055686
v -0.129934 -0.508092 0.018562
v -0.091089 -0.419272 0.280495
v -0.102316 -0.406334 0.294247
v -0.092810 -0.450523 0.232414
v -0.092810 -0.439987 0.250976
v -0.092810 -0.464506 0.204182
v -0.092810 -0.486289 0.157203
v -0.092810 -0.478034 0.175765
v -0.092810 -0.494997 0.129934
v -0.092810 -0.504348 0.092810
v -0.092810 -0.511764 0.055686
v -0.092810 -0.515103 0.018562
v -0.055686 -0.425685 0.278430
v -0.055686 -0.452930 0.236639
v -0.055686 -0.442782 0.255201
v -0.055686 -0.469803 0.204182
v -0.055686 -0.487861 0.163111
v -0.055686 -0.480924 0.181673
v -0.055686 -0.498153 0.129934
v -0.055686 -0.508237 0.092810
v -0.055686 -0.515628 0.055686
v -0.043757 -0.520179 0.005312
v -0.055953 -0.518801 0.018037
v -0.018562 -0.426333 0.278430
v -0.018562 -0.453423 0.236686
v -0.018562 -0.442794 0.255248
v -0.018562 -0.471489 0.204182
v -0.018562 -0.488445 0.165707
v -0.018562 -0.482116 0.184269
v -0.018562 -0.500008 0.129934
v -0.018562 -0.510247 0.092810
v -0.018562 -0.516362 0.055686
v -0.018562 -0.520396 0.007927
v -0.018562 -0.518852 0.026489
v -0.410338 0.018562 0.299385
v -0.408804 0.039035 0.297492
v -0.374642 0.018562 0.337553
v -0.372862 0.045840 0.335813
v -0.393204 0.018562 0.317948
v -0.389401 0.054812 0.315416
v -0.383455 0.092810 0.311404
v -0.376977 0.129934 0.303901
v -0.372553 0.151114 0.298587
v -0.336740 0.018562 0.373496
v -0.335446 0.041840 0.372355
v -0.355302 0.018562 0.356115
v -0.352981 0.056214 0.352572
v -0.348580 0.092810 0.346793
v -0.340905 0.129934 0.339837
v -0.335532 0.150787 0.335308
v -0.370515 0.070589 0.333340
v -0.367142 0.092810 0.329966
v -0.359467 0.129934 0.322463
v -0.350740 0.163325 0.313660
v -0.341200 0.196723 0.303984
v -0.315554 0.018562 0.389168
v -0.317754 0.054803 0.381941
v -0.308166 0.092810 0.379584
v -0.302037 0.121833 0.375193
v -0.331595 0.066589 0.369330
v -0.326728 0.092810 0.365355
v -0.314869 0.132498 0.360506
v -0.315398 0.164720 0.344797
v -0.302918 0.193177 0.339122
v -0.327668 0.175537 0.328733
v -0.318005 0.207325 0.317428
v -0.308343 0.235015 0.306123
v -0.520551 0.005626 0.007343
v -0.486969 0.018562 0.161256
v -0.484843 0.055686 0.155067
v -0.483107 0.076517 0.149993
v -0.497628 0.018562 0.129934
v -0.492813 0.055686 0.129934
v -0.486054 0.090459 0.128945
v -0.483887 0.115047 0.115911
v -0.507686 0.018562 0.092810
v -0.503046 0.055686 0.092810
v -0.495432 0.092810 0.092810
v -0.486955 0.123081 0.092810
v -0.513645 0.018562 0.055686
v -0.509242 0.055686 0.055686
v -0.502330 0.092810 0.055686
v -0.490023 0.133384 0.058836
v -0.484556 0.154188 0.048562
v -0.517595 0.018225 0.019255
v -0.512530 0.055686 0.018562
v -0.505363 0.092810 0.018562
v -0.494962 0.129934 0.018562
v -0.485826 0.157353 0.018562
v -0.452649 0.018562 0.234637
v -0.449874 0.055686 0.230596
v -0.447378 0.081122 0.226128
v -0.469154 0.018562 0.204182
v -0.464109 0.055686 0.204182
v -0.454530 0.093222 0.206092
v -0.449286 0.129934 0.193182
v -0.445825 0.149246 0.186331
v -0.480555 0.018562 0.179818
v -0.478286 0.055686 0.173629
v -0.474336 0.090459 0.164244
v -0.461389 0.129934 0.167058
v -0.449666 0.163796 0.164159
v -0.446127 0.186776 0.149852
v -0.480388 0.101267 0.140661
v -0.475577 0.128427 0.128945
v -0.460786 0.167058 0.129934
v -0.449351 0.192835 0.129934
v -0.480152 0.141643 0.092810
v -0.470438 0.167058 0.092810
v -0.452830 0.205548 0.090329
v -0.445927 0.223522 0.076300
v -0.482447 0.148059 0.073311
v -0.477965 0.166761 0.058836
v -0.461006 0.204182 0.055686
v -0.448129 0.227309 0.055686
v -0.478818 0.175915 0.018562
v -0.465119 0.204182 0.018562
v -0.450351 0.231264 0.018562
v -0.424947 0.018562 0.278430
v -0.418550 0.053120 0.280396
v -0.416433 0.092810 0.270489
v -0.411988 0.120475 0.264566
v -0.441536 0.018562 0.253199
v -0.439329 0.055686 0.249158
v -0.436185 0.093222 0.239624
v -0.421169 0.131683 0.243922
v -0.414490 0.167058 0.232137
v -0.409674 0.188035 0.224721
v -0.443973 0.105872 0.219741
v -0.440215 0.129934 0.211744
v -0.432412 0.163796 0.200896
v -0.413469 0.201919 0.200516
v -0.408400 0.222800 0.185696
v -0.440277 0.173996 0.174601
v -0.431006 0.201164 0.164159
v -0.412732 0.229452 0.167058
v -0.438894 0.211397 0.129934
v -0.419480 0.242926 0.130187
v -0.410933 0.263246 0.117981
v -0.443282 0.218834 0.101050
v -0.433981 0.238060 0.090329
v -0.414197 0.267407 0.092810
v -0.436716 0.245871 0.055686
v -0.418154 0.272353 0.055686
v -0.439116 0.249826 0.018562
v -0.420554 0.275653 0.018562
v -0.405941 0.063784 0.294081
v -0.402018 0.092810 0.289051
v -0.397291 0.131683 0.277537
v -0.381324 0.164916 0.278218
v -0.375713 0.192687 0.265702
v -0.407010 0.145224 0.258041
v -0.401422 0.167058 0.250699
v -0.388836 0.202736 0.240018
v -0.377209 0.230871 0.230566
v -0.401958 0.212784 0.210446
v -0.388551 0.239211 0.201512
v -0.375144 0.264648 0.192578
v -0.400152 0.248014 0.167058
v -0.381590 0.272542 0.167058
v -0.405886 0.256381 0.142730
v -0.391212 0.279991 0.133018
v -0.399694 0.285969 0.092810
v -0.403584 0.290915 0.055686
v -0.406205 0.294215 0.018562
v -0.365949 0.175863 0.290451
v -0.354447 0.207080 0.280826
v -0.342944 0.233821 0.271201
v -0.367694 0.217436 0.255315
v -0.355389 0.244721 0.244537
v -0.343084 0.269636 0.233760
v -0.367834 0.255621 0.217328
v -0.353773 0.279517 0.205841
v -0.365984 0.291104 0.167058
v -0.371010 0.296736 0.148055
v -0.333092 0.221472 0.295950
v -0.320647 0.246793 0.284049
v -0.308202 0.270971 0.272149
v -0.332951 0.258571 0.258509
v -0.319835 0.282678 0.246060
v -0.331467 0.294385 0.219103
v -0.376538 0.302805 0.123305
v -0.381132 0.307794 0.092810
v -0.385022 0.311927 0.055686
v -0.387643 0.314744 0.018562
v -0.339713 0.302418 0.194353
v -0.347422 0.309830 0.167058
v -0.355308 0.318119 0.135205
v -0.339606 0.339139 0.122355
v -0.363073 0.326356 0.092810
v -0.344511 0.343701 0.092810
v -0.367396 0.330489 0.055686
v -0.348834 0.347803 0.055686
v -0.370376 0.333306 0.018562
v -0.351814 0.350578 0.018562
v -0.306718 0.305586 0.233611
v -0.316410 0.316377 0.205508
v -0.301353 0.337516 0.191913
v -0.327521 0.328392 0.167058
v -0.308959 0.343534 0.167058
v -0.333337 0.333432 0.147104
v -0.316469 0.353581 0.131534
v -0.299600 0.373012 0.115964
v -0.322248 0.362263 0.092810
v -0.303686 0.375788 0.092810
v -0.327749 0.366365 0.055686
v -0.309187 0.379568 0.055686
v -0.331390 0.369140 0.018562
v -0.312828 0.381940 0.018562
v -0.273731 0.018562 0.416313
v -0.269341 0.055686 0.414136
v -0.264647 0.084769 0.411433
v -0.292293 0.018562 0.405475
v -0.287903 0.055686 0.402342
v -0.277585 0.095411 0.399863
v -0.281497 0.132498 0.384932
v -0.270052 0.167058 0.377582
v -0.262149 0.188366 0.372659
v -0.295916 0.146583 0.370470
v -0.288614 0.167058 0.365136
v -0.277489 0.203146 0.352204
v -0.268080 0.230791 0.340537
v -0.292830 0.217927 0.330872
v -0.282483 0.245277 0.318402
v -0.272137 0.270642 0.305931
v -0.241306 0.018562 0.433461
v -0.241306 0.055686 0.429258
v -0.244362 0.095411 0.419018
v -0.232962 0.129934 0.413343
v -0.225087 0.151203 0.409578
v -0.258774 0.109519 0.407820
v -0.251524 0.129934 0.403953
v -0.239000 0.164970 0.395860
v -0.239079 0.202117 0.377534
v -0.225219 0.224690 0.372484
v -0.249969 0.213115 0.365286
v -0.239898 0.240115 0.351971
v -0.229827 0.265162 0.338656
v -0.254577 0.255540 0.330681
v -0.243782 0.280277 0.316988
v -0.200724 0.018562 0.451412
v -0.195735 0.055686 0.449459
v -0.190343 0.080488 0.447360
v -0.219286 0.018562 0.444074
v -0.214297 0.055686 0.442049
v -0.203304 0.092842 0.438343
v -0.204182 0.129934 0.426259
v -0.201887 0.164970 0.413725
v -0.187982 0.187549 0.409389
v -0.212732 0.175952 0.403818
v -0.201887 0.201627 0.395541
v -0.204182 0.232051 0.377183
v -0.204182 0.250614 0.364309
v -0.200965 0.277894 0.343669
v -0.211194 0.289912 0.328045
v -0.167058 0.018562 0.463032
v -0.167058 0.055686 0.459044
v -0.167496 0.092842 0.451405
v -0.155414 0.118023 0.447811
v -0.180163 0.105238 0.443640
v -0.167496 0.130212 0.439761
v -0.167058 0.167058 0.425730
v -0.167058 0.194769 0.412941
v -0.167058 0.213331 0.403285
v -0.168575 0.243872 0.383907
v -0.157212 0.263778 0.374375
v -0.181961 0.257958 0.369833
v -0.168575 0.277064 0.359049
v -0.129934 0.018562 0.473211
v -0.129934 0.055686 0.468519
v -0.129934 0.092810 0.461625
v -0.129458 0.130212 0.451131
v -0.116766 0.152285 0.447035
v -0.141515 0.142772 0.443469
v -0.129458 0.165619 0.437731
v -0.131286 0.206631 0.418052
v -0.119813 0.226260 0.410670
v -0.144562 0.220639 0.407286
v -0.131286 0.239703 0.398486
v -0.129934 0.269044 0.378264
v -0.129934 0.287606 0.363672
v -0.080072 0.009231 0.483339
v -0.092592 0.020388 0.480493
v -0.092810 0.055686 0.475334
v -0.092810 0.092810 0.468036
v -0.092810 0.129934 0.458092
v -0.092810 0.156777 0.448846
v -0.092810 0.175339 0.441154
v -0.092810 0.204182 0.427125
v -0.092810 0.229981 0.412897
v -0.092810 0.248543 0.400778
v -0.092810 0.275151 0.382216
v -0.092810 0.293713 0.368696
v -0.056810 0.020388 0.484001
v -0.045185 0.040794 0.483076
v -0.069934 0.033981 0.482359
v -0.056810 0.054176 0.480200
v -0.055686 0.092810 0.472264
v -0.055686 0.129934 0.461573
v -0.055686 0.160907 0.450534
v -0.055686 0.179469 0.442895
v -0.055686 0.204182 0.430845
v -0.055686 0.233838 0.414877
v -0.055686 0.252400 0.403673
v -0.056802 0.281949 0.382607
v -0.069920 0.296670 0.370987
v -0.018562 0.018562 0.484735
v -0.018562 0.040321 0.483027
v -0.018562 0.058883 0.480427
v -0.018562 0.092810 0.473772
v -0.018562 0.129934 0.463423
v -0.018562 0.163345 0.451515
v -0.018562 0.181907 0.443931
v -0.018562 0.204182 0.432892
v -0.018562 0.235206 0.415887
v -0.018562 0.253768 0.404418
v -0.016858 0.282020 0.383203
v -0.003348 0.296788 0.371073
v -0.232988 0.303339 0.303296
v -0.186445 0.297480 0.334531
v -0.198686 0.312784 0.312680
v -0.186177 0.334377 0.297314
v -0.167058 0.302200 0.338495
v -0.167058 0.320762 0.320405
v -0.167058 0.337934 0.301843
v -0.129934 0.309462 0.345110
v -0.129934 0.328024 0.327612
v -0.129934 0.343998 0.309050
v -0.092810 0.313742 0.350133
v -0.092810 0.332304 0.332111
v -0.092810 0.348748 0.313549
v -0.045171 0.297494 0.371692
v -0.058613 0.315699 0.353053
v -0.047306 0.335135 0.335118
v -0.072055 0.333904 0.333886
v -0.055448 0.352582 0.315548
v -0.038841 0.371412 0.297209
v -0.028097 0.297494 0.371692
v -0.016858 0.312143 0.357709
v -0.018562 0.335927 0.335889
v -0.019713 0.357630 0.311972
v -0.032855 0.371412 0.297209
v -0.296886 0.259764 0.296898
v -0.283809 0.283181 0.283716
v -0.295481 0.295721 0.258361
v -0.257737 0.295391 0.295284
v -0.270731 0.305321 0.270534
v -0.281417 0.317828 0.244153
v -0.267354 0.339472 0.229944
v -0.292104 0.330336 0.216662
v -0.279210 0.346493 0.204245
v -0.279421 0.363624 0.170139
v -0.267706 0.376405 0.159818
v -0.292456 0.368023 0.140713
v -0.279421 0.381149 0.128977
v -0.278430 0.392188 0.092810
v -0.277200 0.400126 0.059169
v -0.264006 0.410935 0.049116
v -0.285120 0.400503 0.018562
v -0.266558 0.412469 0.018562
v -0.243234 0.316705 0.279949
v -0.228730 0.337695 0.264615
v -0.253480 0.330071 0.254694
v -0.238528 0.350958 0.239053
v -0.223576 0.371679 0.223412
v -0.250532 0.365600 0.204182
v -0.231970 0.376134 0.204182
v -0.258963 0.370739 0.184567
v -0.244476 0.385030 0.170139
v -0.241571 0.401974 0.132469
v -0.229374 0.411520 0.121785
v -0.255430 0.406202 0.092810
v -0.236868 0.415087 0.092810
v -0.259696 0.408278 0.073865
v -0.244915 0.418401 0.059169
v -0.241306 0.425054 0.018562
v -0.210926 0.328088 0.289364
v -0.200804 0.342196 0.277566
v -0.204182 0.362583 0.248268
v -0.204182 0.375693 0.229706
v -0.204182 0.388765 0.204182
v -0.207053 0.403587 0.169461
v -0.196592 0.413056 0.158687
v -0.221342 0.407721 0.146534
v -0.207053 0.417963 0.132469
v -0.204182 0.429577 0.092810
v -0.202299 0.438409 0.055787
v -0.188669 0.446706 0.043480
v -0.208831 0.439512 0.018562
v -0.190269 0.447396 0.018562
v -0.166656 0.357797 0.276381
v -0.154014 0.373386 0.262640
v -0.178763 0.368493 0.256109
v -0.166656 0.381619 0.242763
v -0.169113 0.401987 0.204661
v -0.158109 0.411913 0.192605
v -0.182858 0.407333 0.183437
v -0.169113 0.418598 0.169461
v -0.167058 0.433529 0.129934
v -0.168388 0.441943 0.095346
v -0.156900 0.448032 0.084662
v -0.181650 0.444282 0.068229
v -0.168388 0.450261 0.055787
v -0.167058 0.454088 0.018562
v -0.129934 0.362560 0.286195
v -0.129934 0.377229 0.267633
v -0.126635 0.396673 0.237782
v -0.112061 0.408525 0.223058
v -0.136810 0.405643 0.217354
v -0.126635 0.414481 0.204661
v -0.129934 0.430943 0.167058
v -0.132470 0.442395 0.131348
v -0.121786 0.447983 0.119915
v -0.146536 0.445010 0.109411
v -0.132470 0.452173 0.095346
v -0.129934 0.460493 0.055686
v -0.129934 0.463335 0.018562
v -0.092810 0.367310 0.292271
v -0.092810 0.381214 0.273709
v -0.092810 0.399776 0.244386
v -0.092810 0.410114 0.225824
v -0.092810 0.421821 0.204182
v -0.091961 0.439333 0.164754
v -0.079021 0.446191 0.150844
v -0.103770 0.444370 0.144665
v -0.091961 0.449995 0.131348
v -0.092810 0.460658 0.092810
v -0.092810 0.467338 0.055686
v -0.092810 0.470393 0.018562
v -0.063591 0.370029 0.295492
v -0.053004 0.380827 0.281242
v -0.055686 0.401657 0.248510
v -0.055686 0.412576 0.229948
v -0.055686 0.426437 0.204182
v -0.055686 0.440787 0.171790
v -0.055686 0.447081 0.153228
v -0.055686 0.454713 0.129934
v -0.055686 0.464760 0.092810
v -0.055686 0.470620 0.055686
v -0.055686 0.474325 0.018562
v -0.008106 0.370893 0.296512
v -0.019713 0.381195 0.281854
v -0.018562 0.402117 0.250062
v -0.018562 0.413719 0.231500
v -0.018562 0.427725 0.204182
v -0.018562 0.440932 0.173021
v -0.018562 0.447628 0.154459
v -0.018562 0.456209 0.129934
v -0.018562 0.465993 0.092810
v -0.018562 0.471847 0.055686
v -0.018562 0.476243 0.018562
v -0.409948 -0.335963 -0.018562
v -0.424384 -0.315554 -0.018562
v -0.409956 -0.335961 -0.046884
v -0.420116 -0.318906 -0.057830
v -0.418905 -0.311532 -0.092810
v -0.414382 -0.305293 -0.129934
v -0.410868 -0.300446 -0.155883
v -0.374418 -0.374640 -0.018562
v -0.392980 -0.354525 -0.018562
v -0.372583 -0.372550 -0.055686
v -0.394309 -0.350073 -0.057830
v -0.407898 -0.333515 -0.071634
v -0.371280 -0.371279 -0.074535
v -0.383763 -0.355346 -0.089270
v -0.405426 -0.330094 -0.092810
v -0.381955 -0.346810 -0.129934
v -0.400517 -0.323855 -0.129934
v -0.376604 -0.340409 -0.159571
v -0.391519 -0.316912 -0.170102
v -0.381919 -0.309174 -0.204182
v -0.375034 -0.301598 -0.229251
v -0.336046 -0.409837 -0.018562
v -0.354608 -0.393202 -0.018562
v -0.335321 -0.409360 -0.047171
v -0.349689 -0.394403 -0.058002
v -0.355326 -0.384036 -0.089270
v -0.369466 -0.369498 -0.099285
v -0.346652 -0.381804 -0.129934
v -0.365214 -0.365372 -0.129934
v -0.339155 -0.375340 -0.167058
v -0.360024 -0.352742 -0.169991
v -0.370578 -0.333378 -0.184321
v -0.334721 -0.371800 -0.186793
v -0.344747 -0.352554 -0.201173
v -0.365513 -0.327736 -0.204182
v -0.339517 -0.340096 -0.230548
v -0.353416 -0.316107 -0.242274
v -0.342565 -0.305868 -0.269401
v -0.315554 -0.424108 -0.018562
v -0.319089 -0.420048 -0.058002
v -0.333819 -0.408098 -0.071920
v -0.312313 -0.419714 -0.092810
v -0.330875 -0.405768 -0.092810
v -0.305480 -0.414768 -0.129934
v -0.324042 -0.400366 -0.129934
v -0.299959 -0.410720 -0.155317
v -0.313622 -0.395644 -0.167438
v -0.315042 -0.380229 -0.201173
v -0.327076 -0.364845 -0.211542
v -0.302326 -0.375205 -0.228801
v -0.316293 -0.353223 -0.242049
v -0.330259 -0.330617 -0.255298
v -0.305510 -0.341600 -0.269535
v -0.318494 -0.318869 -0.281843
v -0.520065 -0.040445 -0.011932
v -0.520593 -0.018562 -0.016161
v -0.487604 -0.200150 -0.018562
v -0.498331 -0.167058 -0.018562
v -0.508415 -0.129934 -0.018562
v -0.514653 -0.092810 -0.018562
v -0.518452 -0.053966 -0.022009
v -0.519553 -0.018562 -0.034723
v -0.486303 -0.195491 -0.055686
v -0.496648 -0.167058 -0.055686
v -0.506980 -0.129934 -0.055686
v -0.513079 -0.092810 -0.055686
v -0.517214 -0.055686 -0.055686
v -0.518058 -0.018562 -0.055686
v -0.483943 -0.189179 -0.092810
v -0.491589 -0.167058 -0.092810
v -0.501463 -0.129934 -0.092810
v -0.508218 -0.092810 -0.092810
v -0.513038 -0.055686 -0.092810
v -0.513912 -0.018562 -0.092810
v -0.482713 -0.185889 -0.111854
v -0.485754 -0.165859 -0.126511
v -0.493742 -0.129934 -0.129934
v -0.500551 -0.092810 -0.129934
v -0.504865 -0.055686 -0.129934
v -0.505704 -0.018562 -0.129934
v -0.483843 -0.152684 -0.151663
v -0.486193 -0.129934 -0.159216
v -0.489457 -0.095287 -0.170021
v -0.494727 -0.055686 -0.167058
v -0.494952 -0.018562 -0.167058
v -0.484679 -0.084563 -0.189914
v -0.485927 -0.055686 -0.192988
v -0.486095 -0.018562 -0.194650
v -0.452259 -0.271426 -0.018562
v -0.469320 -0.241306 -0.018562
v -0.481112 -0.218712 -0.018562
v -0.451721 -0.270330 -0.055686
v -0.467012 -0.241306 -0.055686
v -0.479341 -0.214053 -0.055686
v -0.449825 -0.266843 -0.092810
v -0.462601 -0.241306 -0.092810
v -0.476827 -0.207741 -0.092810
v -0.447294 -0.262619 -0.116797
v -0.453357 -0.242160 -0.129477
v -0.472943 -0.200631 -0.126511
v -0.479939 -0.177434 -0.136603
v -0.449182 -0.230354 -0.159594
v -0.456609 -0.207347 -0.170005
v -0.474369 -0.165859 -0.165246
v -0.479418 -0.129934 -0.177778
v -0.482185 -0.109312 -0.184371
v -0.450629 -0.197083 -0.197974
v -0.455736 -0.170752 -0.207882
v -0.468501 -0.129934 -0.204182
v -0.476582 -0.095287 -0.203046
v -0.477227 -0.055686 -0.211550
v -0.478571 -0.018562 -0.213212
v -0.448883 -0.160840 -0.229793
v -0.452336 -0.128610 -0.241823
v -0.459347 -0.092810 -0.241306
v -0.462548 -0.055686 -0.241306
v -0.464595 -0.018562 -0.241306
v -0.446708 -0.115352 -0.261699
v -0.448003 -0.092810 -0.263951
v -0.449371 -0.055686 -0.267022
v -0.450074 -0.018562 -0.268188
v -0.441363 -0.289988 -0.018562
v -0.440423 -0.288892 -0.055686
v -0.437467 -0.285405 -0.092810
v -0.434065 -0.276368 -0.129477
v -0.443176 -0.255103 -0.141547
v -0.419368 -0.280532 -0.167778
v -0.439886 -0.242160 -0.170005
v -0.445064 -0.221832 -0.184344
v -0.414139 -0.269559 -0.196527
v -0.423101 -0.244191 -0.207014
v -0.441905 -0.207347 -0.207882
v -0.445479 -0.185589 -0.222724
v -0.415201 -0.233739 -0.234443
v -0.422693 -0.207338 -0.244613
v -0.439128 -0.170752 -0.241823
v -0.442592 -0.140102 -0.254542
v -0.413044 -0.197067 -0.266907
v -0.417610 -0.165283 -0.278941
v -0.432315 -0.128610 -0.275816
v -0.435156 -0.092810 -0.282513
v -0.438302 -0.055686 -0.285584
v -0.439316 -0.018562 -0.286750
v -0.406435 -0.294308 -0.180632
v -0.401543 -0.280532 -0.207014
v -0.407507 -0.258489 -0.221276
v -0.382997 -0.278852 -0.241498
v -0.402759 -0.244191 -0.244613
v -0.407969 -0.221816 -0.259192
v -0.375525 -0.266759 -0.266153
v -0.383187 -0.241059 -0.278489
v -0.400762 -0.207338 -0.278941
v -0.404818 -0.176474 -0.291657
v -0.367314 -0.291508 -0.254000
v -0.354398 -0.280243 -0.280152
v -0.366231 -0.253268 -0.290903
v -0.331477 -0.293728 -0.294151
v -0.306728 -0.307120 -0.307475
v -0.409617 -0.151725 -0.298864
v -0.412632 -0.129934 -0.302790
v -0.416594 -0.092810 -0.307856
v -0.419740 -0.055686 -0.311359
v -0.420754 -0.018562 -0.312229
v -0.374887 -0.228519 -0.301171
v -0.380596 -0.204182 -0.308242
v -0.390356 -0.167248 -0.315714
v -0.398840 -0.129934 -0.321352
v -0.402502 -0.092810 -0.326418
v -0.405045 -0.055686 -0.329921
v -0.405482 -0.018562 -0.330791
v -0.375895 -0.158022 -0.338731
v -0.380278 -0.129934 -0.343551
v -0.383940 -0.092810 -0.348511
v -0.383435 -0.051974 -0.355702
v -0.383784 -0.022274 -0.355931
v -0.371241 -0.037124 -0.371241
v -0.371241 -0.037124 -0.371241
v -0.341482 -0.268979 -0.304923
v -0.352253 -0.241182 -0.315422
v -0.363937 -0.204182 -0.326804
v -0.369719 -0.182771 -0.332563
v -0.338275 -0.229096 -0.338265
v -0.345375 -0.204182 -0.345349
v -0.353812 -0.170020 -0.354212
v -0.361143 -0.129934 -0.362114
v -0.366695 -0.092810 -0.367073
v -0.370058 -0.061873 -0.370093
v -0.370523 -0.012375 -0.370473
v -0.337906 -0.157268 -0.374666
v -0.342581 -0.129934 -0.378891
v -0.348133 -0.092810 -0.383325
v -0.355682 -0.051974 -0.382786
v -0.355960 -0.022274 -0.383469
v -0.318359 -0.281899 -0.318574
v -0.329989 -0.253845 -0.329673
v -0.305240 -0.270070 -0.341763
v -0.315128 -0.240636 -0.352389
v -0.326080 -0.204182 -0.363911
v -0.332502 -0.182017 -0.369693
v -0.300266 -0.227426 -0.373779
v -0.307518 -0.204182 -0.379780
v -0.315277 -0.166389 -0.389751
v -0.320789 -0.129934 -0.397453
v -0.326421 -0.092810 -0.401887
v -0.328943 -0.055686 -0.404235
v -0.329910 -0.018562 -0.405089
v -0.298052 -0.150762 -0.409100
v -0.302227 -0.129934 -0.412296
v -0.307859 -0.092810 -0.416543
v -0.310381 -0.055686 -0.418720
v -0.311348 -0.018562 -0.419237
v -0.272207 -0.453635 -0.018562
v -0.290769 -0.441198 -0.018562
v -0.270696 -0.452265 -0.055686
v -0.289258 -0.440785 -0.055686
v -0.265912 -0.448836 -0.092810
v -0.284474 -0.438276 -0.092810
v -0.261736 -0.446523 -0.116720
v -0.275839 -0.434923 -0.129430
v -0.280381 -0.419993 -0.167438
v -0.294057 -0.406447 -0.180067
v -0.269307 -0.414413 -0.196819
v -0.280381 -0.401787 -0.207189
v -0.278802 -0.383691 -0.241228
v -0.291425 -0.366349 -0.253550
v -0.266676 -0.376287 -0.267200
v -0.280582 -0.354364 -0.280742
v -0.294488 -0.331870 -0.294284
v -0.241306 -0.470322 -0.018562
v -0.241306 -0.468132 -0.055686
v -0.241306 -0.462261 -0.092810
v -0.243303 -0.453537 -0.129430
v -0.257009 -0.444091 -0.141469
v -0.232260 -0.449980 -0.160343
v -0.243303 -0.440734 -0.170454
v -0.244410 -0.423480 -0.207189
v -0.258854 -0.407729 -0.221568
v -0.231400 -0.413675 -0.241306
v -0.249962 -0.402392 -0.241306
v -0.222925 -0.408475 -0.260019
v -0.238238 -0.387832 -0.275984
v -0.253550 -0.367128 -0.291950
v -0.199471 -0.488094 -0.018562
v -0.218033 -0.480738 -0.018562
v -0.196864 -0.486596 -0.055686
v -0.215426 -0.479918 -0.055686
v -0.191964 -0.484962 -0.092810
v -0.210526 -0.477475 -0.092810
v -0.187993 -0.483589 -0.114926
v -0.201894 -0.473618 -0.128354
v -0.207612 -0.457072 -0.170454
v -0.222274 -0.445289 -0.185093
v -0.195202 -0.449563 -0.204182
v -0.213764 -0.441285 -0.204182
v -0.186492 -0.445859 -0.223436
v -0.200993 -0.430768 -0.238009
v -0.204182 -0.412579 -0.265873
v -0.204182 -0.399132 -0.284435
v -0.167058 -0.499502 -0.018562
v -0.167058 -0.497150 -0.055686
v -0.167058 -0.492928 -0.092810
v -0.165277 -0.486159 -0.128354
v -0.176464 -0.479991 -0.139676
v -0.151715 -0.483464 -0.151758
v -0.165277 -0.475170 -0.165303
v -0.167058 -0.460153 -0.204182
v -0.167058 -0.448928 -0.228813
v -0.167058 -0.438214 -0.247375
v -0.166416 -0.418698 -0.279431
v -0.178362 -0.405042 -0.292473
v -0.129934 -0.508850 -0.018562
v -0.129934 -0.507842 -0.055686
v -0.129934 -0.503191 -0.092810
v -0.129934 -0.494672 -0.129934
v -0.127023 -0.485677 -0.165303
v -0.137458 -0.480143 -0.176508
v -0.112708 -0.482910 -0.186287
v -0.127023 -0.473083 -0.200870
v -0.127850 -0.452766 -0.242034
v -0.138835 -0.442656 -0.254894
v -0.114086 -0.446281 -0.261261
v -0.127850 -0.433628 -0.275553
v -0.092810 -0.515504 -0.018562
v -0.092810 -0.514403 -0.055686
v -0.092810 -0.509727 -0.092810
v -0.092810 -0.502305 -0.129934
v -0.092810 -0.492235 -0.167058
v -0.092810 -0.484392 -0.189589
v -0.092810 -0.476064 -0.208151
v -0.092810 -0.460605 -0.241306
v -0.092810 -0.448591 -0.265005
v -0.092810 -0.436765 -0.283567
v -0.049622 -0.520962 -0.018562
v -0.068184 -0.519236 -0.018562
v -0.047155 -0.520928 -0.045611
v -0.057992 -0.518248 -0.057066
v -0.055686 -0.513266 -0.092810
v -0.055686 -0.506538 -0.129934
v -0.055686 -0.496333 -0.167058
v -0.055686 -0.486149 -0.194607
v -0.055686 -0.478619 -0.213169
v -0.055686 -0.465609 -0.241306
v -0.055686 -0.451041 -0.268568
v -0.055686 -0.438726 -0.287130
v -0.018562 -0.521515 -0.018562
v -0.018562 -0.520856 -0.045750
v -0.018562 -0.518622 -0.064312
v -0.018562 -0.514997 -0.092810
v -0.018562 -0.508161 -0.129934
v -0.018562 -0.497176 -0.167058
v -0.018562 -0.486565 -0.196635
v -0.018562 -0.479797 -0.215197
v -0.018562 -0.467077 -0.241306
v -0.018562 -0.451331 -0.269131
v -0.018562 -0.439520 -0.287693
v -0.269739 -0.342378 -0.305488
v -0.282219 -0.318547 -0.318856
v -0.269949 -0.305224 -0.341028
v -0.228800 -0.374628 -0.301050
v -0.241440 -0.352769 -0.315643
v -0.254080 -0.329973 -0.330237
v -0.229331 -0.338410 -0.338531
v -0.240557 -0.315269 -0.352154
v -0.227035 -0.300566 -0.374122
v -0.204182 -0.380570 -0.309269
v -0.204182 -0.365139 -0.327831
v -0.204182 -0.346577 -0.346083
v -0.204182 -0.326795 -0.364645
v -0.204182 -0.308233 -0.379891
v -0.153612 -0.410536 -0.299964
v -0.169549 -0.390396 -0.317009
v -0.185486 -0.371187 -0.334053
v -0.160737 -0.375749 -0.338878
v -0.172062 -0.354749 -0.354643
v -0.183387 -0.333156 -0.370407
v -0.158637 -0.338312 -0.374815
v -0.167235 -0.315741 -0.389729
v -0.151083 -0.298326 -0.409348
v -0.129934 -0.414226 -0.304629
v -0.129934 -0.399122 -0.323191
v -0.129934 -0.380560 -0.343959
v -0.129934 -0.362169 -0.362521
v -0.129934 -0.343607 -0.379873
v -0.129934 -0.321791 -0.398435
v -0.129934 -0.303229 -0.412821
v -0.092810 -0.418203 -0.309576
v -0.092810 -0.403376 -0.328138
v -0.092810 -0.384814 -0.349354
v -0.092810 -0.367984 -0.367916
v -0.092810 -0.349422 -0.384714
v -0.092810 -0.327682 -0.403276
v -0.092810 -0.309120 -0.416914
v -0.055686 -0.420164 -0.313064
v -0.055686 -0.406424 -0.331626
v -0.054475 -0.384660 -0.356140
v -0.066043 -0.370815 -0.370822
v -0.041294 -0.371445 -0.371430
v -0.054475 -0.356135 -0.383876
v -0.055686 -0.330276 -0.405454
v -0.055686 -0.311714 -0.419051
v -0.018562 -0.420958 -0.314663
v -0.018562 -0.407647 -0.333225
v -0.018444 -0.385639 -0.356278
v -0.005991 -0.371048 -0.371053
v -0.030740 -0.371445 -0.371430
v -0.018444 -0.356276 -0.384713
v -0.018562 -0.331787 -0.406501
v -0.018562 -0.313224 -0.420149
v -0.294699 -0.294819 -0.332225
v -0.280092 -0.279881 -0.353770
v -0.290236 -0.252176 -0.366512
v -0.265486 -0.264942 -0.374954
v -0.278089 -0.240403 -0.381347
v -0.278890 -0.205796 -0.399277
v -0.291571 -0.175511 -0.404837
v -0.266822 -0.194498 -0.412648
v -0.278890 -0.164705 -0.416293
v -0.278430 -0.129934 -0.427230
v -0.275767 -0.093524 -0.436787
v -0.283100 -0.055686 -0.437282
v -0.284801 -0.018562 -0.437799
v -0.261616 -0.081626 -0.446426
v -0.264538 -0.055686 -0.448036
v -0.266239 -0.018562 -0.449051
v -0.251784 -0.289691 -0.365778
v -0.240168 -0.277762 -0.382432
v -0.243375 -0.244688 -0.401908
v -0.257129 -0.219247 -0.406582
v -0.232380 -0.234567 -0.414135
v -0.243375 -0.205796 -0.421208
v -0.240859 -0.168965 -0.437513
v -0.253780 -0.129934 -0.441861
v -0.258684 -0.106375 -0.444831
v -0.228185 -0.157862 -0.448543
v -0.235218 -0.129934 -0.452274
v -0.244308 -0.093524 -0.454193
v -0.241306 -0.055686 -0.459911
v -0.241306 -0.018562 -0.461178
v -0.207448 -0.278750 -0.400245
v -0.221999 -0.259317 -0.408047
v -0.197250 -0.266588 -0.412651
v -0.207448 -0.244688 -0.420749
v -0.206269 -0.205456 -0.439839
v -0.220034 -0.182611 -0.444466
v -0.195285 -0.193930 -0.448955
v -0.206269 -0.168965 -0.453948
v -0.204182 -0.129934 -0.465737
v -0.201090 -0.090356 -0.474703
v -0.207364 -0.055686 -0.475926
v -0.208502 -0.018562 -0.476178
v -0.186654 -0.076346 -0.483011
v -0.188802 -0.055686 -0.483931
v -0.189940 -0.018562 -0.484500
v -0.175833 -0.291337 -0.404643
v -0.164898 -0.278750 -0.416975
v -0.167949 -0.241196 -0.437585
v -0.180918 -0.218680 -0.443698
v -0.156168 -0.228748 -0.448409
v -0.167949 -0.205456 -0.454063
v -0.167058 -0.167058 -0.468609
v -0.166990 -0.132165 -0.478236
v -0.179319 -0.101095 -0.480611
v -0.154570 -0.121278 -0.484543
v -0.166990 -0.090356 -0.486219
v -0.167058 -0.055686 -0.490130
v -0.167058 -0.018562 -0.491531
v -0.129934 -0.278430 -0.428797
v -0.129934 -0.254861 -0.442902
v -0.129934 -0.236299 -0.452028
v -0.129934 -0.204182 -0.465990
v -0.132408 -0.167740 -0.478635
v -0.146431 -0.146027 -0.482117
v -0.121682 -0.155820 -0.484951
v -0.132408 -0.132165 -0.488472
v -0.129934 -0.092810 -0.496125
v -0.129934 -0.055686 -0.499658
v -0.129934 -0.018562 -0.500655
v -0.095850 -0.276304 -0.437386
v -0.110251 -0.259563 -0.445335
v -0.085502 -0.262512 -0.447010
v -0.095850 -0.244835 -0.454462
v -0.089474 -0.200611 -0.474826
v -0.099624 -0.180569 -0.480950
v -0.074875 -0.185856 -0.482701
v -0.089474 -0.167740 -0.486351
v -0.092810 -0.129934 -0.496311
v -0.092810 -0.092810 -0.503396
v -0.092810 -0.055686 -0.507372
v -0.092810 -0.018562 -0.508119
v -0.055686 -0.284385 -0.437613
v -0.055686 -0.265823 -0.449058
v -0.055686 -0.241306 -0.461834
v -0.055686 -0.207972 -0.476826
v -0.055686 -0.189410 -0.484051
v -0.055686 -0.167058 -0.490854
v -0.055686 -0.129934 -0.500105
v -0.055686 -0.092810 -0.506723
v -0.055686 -0.055686 -0.511144
v -0.055686 -0.018562 -0.512756
v -0.018562 -0.285905 -0.438711
v -0.018562 -0.267343 -0.449865
v -0.018562 -0.241306 -0.463338
v -0.018562 -0.209931 -0.477524
v -0.018562 -0.191369 -0.484806
v -0.018562 -0.167058 -0.492498
v -0.018562 -0.129934 -0.502129
v -0.018562 -0.092810 -0.508537
v -0.018562 -0.055686 -0.511903
v -0.018562 -0.018562 -0.513376
v -0.520551 0.005626 -0.009617
v -0.518309 0.018225 -0.020620
v -0.514411 0.055686 -0.018562
v -0.507192 0.092810 -0.018562
v -0.496154 0.129934 -0.018562
v -0.486422 0.157930 -0.018562
v -0.515782 0.018562 -0.055686
v -0.512278 0.055686 -0.055686
v -0.505127 0.092810 -0.055686
v -0.494684 0.129934 -0.055686
v -0.485954 0.156414 -0.055686
v -0.511918 0.018562 -0.092810
v -0.507398 0.055686 -0.092810
v -0.499270 0.092810 -0.092810
v -0.488364 0.132323 -0.094523
v -0.484330 0.152592 -0.083291
v -0.504831 0.018562 -0.129934
v -0.500257 0.055686 -0.129934
v -0.492157 0.092810 -0.129934
v -0.485232 0.120377 -0.129934
v -0.493680 0.018562 -0.167058
v -0.488417 0.055053 -0.168380
v -0.485355 0.092810 -0.155977
v -0.483188 0.113210 -0.150080
v -0.485108 0.018562 -0.192620
v -0.483649 0.042256 -0.188443
v -0.478671 0.176492 -0.018562
v -0.465121 0.204182 -0.018562
v -0.450500 0.231464 -0.018562
v -0.477789 0.174976 -0.055686
v -0.463774 0.204182 -0.055686
v -0.450035 0.230492 -0.055686
v -0.481930 0.146291 -0.108040
v -0.476038 0.165803 -0.094523
v -0.455841 0.207884 -0.096500
v -0.448270 0.227499 -0.086585
v -0.479497 0.138939 -0.129934
v -0.467606 0.167058 -0.129934
v -0.452160 0.199730 -0.129934
v -0.481150 0.067006 -0.181636
v -0.478510 0.092810 -0.174539
v -0.472924 0.127324 -0.164296
v -0.454886 0.168567 -0.168324
v -0.448541 0.192077 -0.156792
v -0.478116 0.018562 -0.211182
v -0.475886 0.055053 -0.202164
v -0.467223 0.092810 -0.204182
v -0.454732 0.131014 -0.205406
v -0.449195 0.157198 -0.193847
v -0.462901 0.018562 -0.241306
v -0.455325 0.058141 -0.244724
v -0.452764 0.092810 -0.236292
v -0.448821 0.119359 -0.228924
v -0.448835 0.018562 -0.265503
v -0.446881 0.047402 -0.262213
v -0.439167 0.250026 -0.018562
v -0.420605 0.275988 -0.018562
v -0.438402 0.249054 -0.055686
v -0.419840 0.274993 -0.055686
v -0.445480 0.222726 -0.111335
v -0.437409 0.240447 -0.096500
v -0.416834 0.271176 -0.092810
v -0.443155 0.218292 -0.129934
v -0.427792 0.241306 -0.129934
v -0.411563 0.264236 -0.129934
v -0.443924 0.181948 -0.181542
v -0.437890 0.204344 -0.168324
v -0.416771 0.241325 -0.163946
v -0.408726 0.260362 -0.149497
v -0.443620 0.144109 -0.218597
v -0.439145 0.168567 -0.205406
v -0.420618 0.205758 -0.205259
v -0.412741 0.228964 -0.193602
v -0.445205 0.072151 -0.259377
v -0.442495 0.092810 -0.254854
v -0.437150 0.131014 -0.241302
v -0.420241 0.169737 -0.244252
v -0.413600 0.194434 -0.233841
v -0.437655 0.018562 -0.284065
v -0.436939 0.058141 -0.276125
v -0.423439 0.096419 -0.282088
v -0.417905 0.129934 -0.273389
v -0.412418 0.159148 -0.265613
v -0.406497 0.294550 -0.018562
v -0.405725 0.293555 -0.055686
v -0.402864 0.289738 -0.092810
v -0.397593 0.282798 -0.129934
v -0.404033 0.253713 -0.174246
v -0.389300 0.277814 -0.165832
v -0.405955 0.219183 -0.218351
v -0.397649 0.241325 -0.205259
v -0.378215 0.269086 -0.204182
v -0.407609 0.183897 -0.258590
v -0.400875 0.205758 -0.244252
v -0.379808 0.240215 -0.238969
v -0.372497 0.261511 -0.225036
v -0.408300 0.111200 -0.296901
v -0.404808 0.129934 -0.291951
v -0.398323 0.169737 -0.278165
v -0.380689 0.201429 -0.277056
v -0.374298 0.227113 -0.263765
v -0.369658 0.295265 -0.182167
v -0.362582 0.287648 -0.204182
v -0.365336 0.251862 -0.249785
v -0.350932 0.276479 -0.238046
v -0.364015 0.211968 -0.288514
v -0.352301 0.240781 -0.278055
v -0.340587 0.266698 -0.267595
v -0.328098 0.291448 -0.251056
v -0.329144 0.254449 -0.292345
v -0.316246 0.279037 -0.279420
v -0.387935 0.315025 -0.018562
v -0.387163 0.314050 -0.055686
v -0.384302 0.310932 -0.092810
v -0.379031 0.305287 -0.129934
v -0.374568 0.300513 -0.157418
v -0.370670 0.333587 -0.018562
v -0.352108 0.350813 -0.018562
v -0.369620 0.332612 -0.055686
v -0.351058 0.349839 -0.055686
v -0.366241 0.329494 -0.092810
v -0.347679 0.346679 -0.092810
v -0.360125 0.323849 -0.129934
v -0.341563 0.340994 -0.129934
v -0.353282 0.316085 -0.168598
v -0.336905 0.336692 -0.155029
v -0.344020 0.306092 -0.204182
v -0.336529 0.299209 -0.226307
v -0.331704 0.369375 -0.018562
v -0.313142 0.382114 -0.018562
v -0.330508 0.368401 -0.055686
v -0.311946 0.381497 -0.055686
v -0.326528 0.365241 -0.092810
v -0.307966 0.378791 -0.092810
v -0.319504 0.359556 -0.129934
v -0.300942 0.373928 -0.129934
v -0.331440 0.331657 -0.179778
v -0.314323 0.351782 -0.164361
v -0.297205 0.371388 -0.148944
v -0.323818 0.324654 -0.204182
v -0.305256 0.340951 -0.204182
v -0.313205 0.313394 -0.237874
v -0.298311 0.335223 -0.224692
v -0.303349 0.302829 -0.266495
v -0.419093 0.018562 -0.310953
v -0.416453 0.055686 -0.308156
v -0.412732 0.086450 -0.303051
v -0.404479 0.018562 -0.329515
v -0.402104 0.055686 -0.326719
v -0.399420 0.096419 -0.315477
v -0.385018 0.131621 -0.318387
v -0.377817 0.167058 -0.306117
v -0.372312 0.187219 -0.298250
v -0.385917 0.018562 -0.350665
v -0.383542 0.055686 -0.347057
v -0.378671 0.092810 -0.341528
v -0.374195 0.120371 -0.337201
v -0.369924 0.145121 -0.332650
v -0.363147 0.167058 -0.324679
v -0.350516 0.200957 -0.313017
v -0.339265 0.229700 -0.303034
v -0.369271 0.018562 -0.369227
v -0.365530 0.055686 -0.365619
v -0.359835 0.092810 -0.360090
v -0.353457 0.131187 -0.352724
v -0.344585 0.167058 -0.343256
v -0.337016 0.189945 -0.336922
v -0.350709 0.018562 -0.385909
v -0.346968 0.055686 -0.382936
v -0.341273 0.092810 -0.378231
v -0.336989 0.117253 -0.374049
v -0.328368 0.214694 -0.327783
v -0.316381 0.242118 -0.315847
v -0.304394 0.266627 -0.303910
v -0.330401 0.142002 -0.368247
v -0.322715 0.167058 -0.361818
v -0.313124 0.200784 -0.350854
v -0.303619 0.229787 -0.340037
v -0.328753 0.018562 -0.404471
v -0.325157 0.055686 -0.401498
v -0.319759 0.092810 -0.396793
v -0.313968 0.127136 -0.388509
v -0.304153 0.167058 -0.377011
v -0.297880 0.186874 -0.371956
v -0.310191 0.018562 -0.417637
v -0.306595 0.055686 -0.414923
v -0.301197 0.092810 -0.411237
v -0.297534 0.112270 -0.408727
v -0.290842 0.291376 -0.291244
v -0.285129 0.400676 -0.018562
v -0.266566 0.412488 -0.018562
v -0.283911 0.400059 -0.055686
v -0.265349 0.411795 -0.055686
v -0.276613 0.398776 -0.093591
v -0.263027 0.410343 -0.081736
v -0.278430 0.388076 -0.129934
v -0.289941 0.366872 -0.173694
v -0.277912 0.377870 -0.163615
v -0.277912 0.359921 -0.204115
v -0.265192 0.374354 -0.191695
v -0.288750 0.327578 -0.249442
v -0.277197 0.341929 -0.238763
v -0.277421 0.314817 -0.277455
v -0.264000 0.336884 -0.263666
v -0.241306 0.425129 -0.018562
v -0.241306 0.423849 -0.055686
v -0.257541 0.407066 -0.106485
v -0.243623 0.417184 -0.093591
v -0.252328 0.403951 -0.129934
v -0.233766 0.414041 -0.129934
v -0.240383 0.398842 -0.167719
v -0.227392 0.410860 -0.155786
v -0.254348 0.368012 -0.216444
v -0.241706 0.381725 -0.204115
v -0.241706 0.361991 -0.242275
v -0.229598 0.375249 -0.230545
v -0.241306 0.328583 -0.290498
v -0.241306 0.343539 -0.271936
v -0.208891 0.439568 -0.018562
v -0.190329 0.447486 -0.018562
v -0.202347 0.440271 -0.059298
v -0.188749 0.446826 -0.049332
v -0.204182 0.434507 -0.092810
v -0.204182 0.426779 -0.129934
v -0.217455 0.406341 -0.180535
v -0.204721 0.415643 -0.167719
v -0.204721 0.400436 -0.203904
v -0.192706 0.410796 -0.191344
v -0.217945 0.368661 -0.255295
v -0.205015 0.381536 -0.242275
v -0.222624 0.334050 -0.296910
v -0.207910 0.354742 -0.280976
v -0.193196 0.374841 -0.265043
v -0.167058 0.454985 -0.018562
v -0.185566 0.445470 -0.074081
v -0.170738 0.451806 -0.059298
v -0.180465 0.443529 -0.092810
v -0.161903 0.449936 -0.092810
v -0.166679 0.440478 -0.132086
v -0.154051 0.447496 -0.121146
v -0.167058 0.429332 -0.167058
v -0.177101 0.405540 -0.216094
v -0.165659 0.414510 -0.203904
v -0.165659 0.398200 -0.239126
v -0.152351 0.409643 -0.225298
v -0.167058 0.366047 -0.290185
v -0.167058 0.379215 -0.271623
v -0.129934 0.464765 -0.018562
v -0.129934 0.463003 -0.055686
v -0.129934 0.457802 -0.092810
v -0.145430 0.444903 -0.145896
v -0.131807 0.450289 -0.132086
v -0.131807 0.440058 -0.166232
v -0.120681 0.447157 -0.153307
v -0.129934 0.425452 -0.204182
v -0.129934 0.402914 -0.250205
v -0.129934 0.413238 -0.231642
v -0.143944 0.369984 -0.295116
v -0.130915 0.383025 -0.281017
v -0.092810 0.472133 -0.018562
v -0.092810 0.469938 -0.055686
v -0.092810 0.464578 -0.092810
v -0.092810 0.457266 -0.129934
v -0.092810 0.442662 -0.177470
v -0.092810 0.449099 -0.158908
v -0.092810 0.433063 -0.204182
v -0.092810 0.406895 -0.257526
v -0.092810 0.417328 -0.238964
v -0.092810 0.393885 -0.278430
v -0.055686 0.475899 -0.018562
v -0.055686 0.473621 -0.055686
v -0.055686 0.469411 -0.092810
v -0.055686 0.462132 -0.129934
v -0.064657 0.444343 -0.182317
v -0.053644 0.450318 -0.168789
v -0.053644 0.438570 -0.200993
v -0.039907 0.445821 -0.186492
v -0.073586 0.408331 -0.259810
v -0.059001 0.417338 -0.244984
v -0.059001 0.400145 -0.275341
v -0.048837 0.408956 -0.260907
v -0.018562 0.476887 -0.018562
v -0.018562 0.474102 -0.055686
v -0.018562 0.470304 -0.092810
v -0.018562 0.463024 -0.129934
v -0.018562 0.452299 -0.167058
v -0.018562 0.438496 -0.205649
v -0.018562 0.446044 -0.187087
v -0.018562 0.421289 -0.241306
v -0.018562 0.398645 -0.280812
v -0.018562 0.409720 -0.262250
v -0.291153 0.254537 -0.328659
v -0.278623 0.278606 -0.315734
v -0.286946 0.211623 -0.364786
v -0.276675 0.239695 -0.351975
v -0.266404 0.265836 -0.339163
v -0.289797 0.137020 -0.402968
v -0.277825 0.167942 -0.396711
v -0.276115 0.201222 -0.378549
v -0.262196 0.224852 -0.372697
v -0.282917 0.018562 -0.436199
v -0.275897 0.055727 -0.435121
v -0.278430 0.092810 -0.424975
v -0.277825 0.126761 -0.414914
v -0.265047 0.156157 -0.411700
v -0.264355 0.018562 -0.448170
v -0.261834 0.043379 -0.446773
v -0.251377 0.290585 -0.327558
v -0.248530 0.249602 -0.363912
v -0.237579 0.275632 -0.350288
v -0.255704 0.180907 -0.405998
v -0.242520 0.204888 -0.398489
v -0.238216 0.238859 -0.378023
v -0.223781 0.260679 -0.371889
v -0.257567 0.068128 -0.444214
v -0.251160 0.092810 -0.440665
v -0.239433 0.129112 -0.435384
v -0.242520 0.167942 -0.418613
v -0.230954 0.192984 -0.412379
v -0.241306 0.018562 -0.459627
v -0.243638 0.055727 -0.453782
v -0.232598 0.092810 -0.450643
v -0.225809 0.116189 -0.447186
v -0.204182 0.284778 -0.360817
v -0.217238 0.217733 -0.405190
v -0.204591 0.240643 -0.395959
v -0.204182 0.266216 -0.376676
v -0.216342 0.140938 -0.442845
v -0.204053 0.166549 -0.436936
v -0.204591 0.204888 -0.418293
v -0.192489 0.227826 -0.411772
v -0.202000 0.019743 -0.476577
v -0.204182 0.055686 -0.471056
v -0.204182 0.092810 -0.463544
v -0.204053 0.129112 -0.452450
v -0.191592 0.153834 -0.447955
v -0.188170 0.008155 -0.483770
v -0.176168 0.292271 -0.367169
v -0.167058 0.253721 -0.403570
v -0.165099 0.279310 -0.383010
v -0.177624 0.178584 -0.442238
v -0.165973 0.202289 -0.434825
v -0.167058 0.235159 -0.416035
v -0.183981 0.032904 -0.482026
v -0.178674 0.055686 -0.480214
v -0.166197 0.092534 -0.476956
v -0.167058 0.129934 -0.465997
v -0.165973 0.166549 -0.452209
v -0.152874 0.188652 -0.447278
v -0.169787 0.019743 -0.488483
v -0.160112 0.055686 -0.486703
v -0.153248 0.079975 -0.484232
v -0.146399 0.258965 -0.407748
v -0.132388 0.277103 -0.397269
v -0.129934 0.212726 -0.439533
v -0.132388 0.244477 -0.420028
v -0.121650 0.263843 -0.410996
v -0.140869 0.104724 -0.480733
v -0.129070 0.128518 -0.476643
v -0.129934 0.167058 -0.462845
v -0.129934 0.194164 -0.450335
v -0.129934 0.018562 -0.499400
v -0.129934 0.055686 -0.495163
v -0.129070 0.092534 -0.487076
v -0.116120 0.115199 -0.483783
v -0.092810 0.285990 -0.399677
v -0.102049 0.218730 -0.443102
v -0.090929 0.238273 -0.433400
v -0.092810 0.267428 -0.413606
v -0.092810 0.139846 -0.479768
v -0.092810 0.167058 -0.469542
v -0.090929 0.205486 -0.452618
v -0.077300 0.223877 -0.446255
v -0.092810 0.018562 -0.505948
v -0.092810 0.055686 -0.501735
v -0.092810 0.092810 -0.494435
v -0.092810 0.121284 -0.486210
v -0.055686 0.288616 -0.402125
v -0.055686 0.243864 -0.434197
v -0.055686 0.270054 -0.415635
v -0.064646 0.145510 -0.481460
v -0.053637 0.163815 -0.475319
v -0.055686 0.204182 -0.457444
v -0.055686 0.225302 -0.447135
v -0.055686 0.018562 -0.510449
v -0.055686 0.055686 -0.505316
v -0.055686 0.092810 -0.498469
v -0.053637 0.131855 -0.487578
v -0.039897 0.149278 -0.482946
v -0.018562 0.289708 -0.402778
v -0.018562 0.244623 -0.435500
v -0.018562 0.271146 -0.416938
v -0.018562 0.168465 -0.474792
v -0.018562 0.204182 -0.458158
v -0.018562 0.226061 -0.447417
v -0.018562 0.018562 -0.512181
v -0.018562 0.055686 -0.506963
v -0.018562 0.092810 -0.499321
v -0.018562 0.129934 -0.489592
v -0.018562 0.149903 -0.483238
v -0.266092 0.302055 -0.302809
v -0.239924 0.308880 -0.315332
v -0.226628 0.299434 -0.336664
v -0.207822 0.326072 -0.316889
v -0.197874 0.340823 -0.305403
v -0.204182 0.305549 -0.342255
v -0.178781 0.330709 -0.330153
v -0.166667 0.346238 -0.316889
v -0.165100 0.314580 -0.351963
v -0.154032 0.336494 -0.336756
v -0.151419 0.298451 -0.372499
v -0.130915 0.360159 -0.313735
v -0.119195 0.373400 -0.300147
v -0.129934 0.320753 -0.358628
v -0.129934 0.339770 -0.340066
v -0.129934 0.302191 -0.376395
v -0.092810 0.362341 -0.323286
v -0.092810 0.376792 -0.304724
v -0.092810 0.325686 -0.362591
v -0.092810 0.343779 -0.344029
v -0.092810 0.307124 -0.381115
v -0.055686 0.364847 -0.326753
v -0.055686 0.379553 -0.308191
v -0.055686 0.329292 -0.366192
v -0.055686 0.346285 -0.347630
v -0.055686 0.310730 -0.383563
v -0.018562 0.365114 -0.326842
v -0.018562 0.380083 -0.308280
v -0.018562 0.330536 -0.367444
v -0.018562 0.346552 -0.348882
v -0.018562 0.311974 -0.384216
v 0.018562 -0.336452 0.372980
v 0.018562 -0.315554 0.387969
v 0.018562 -0.374790 0.337953
v 0.018562 -0.355014 0.356515
v 0.018562 -0.410210 0.299122
v 0.018562 -0.393352 0.317684
v 0.042392 -0.334935 0.371911
v 0.055134 -0.318461 0.381659
v 0.042984 -0.372455 0.335362
v 0.055063 -0.352413 0.352769
v 0.067141 -0.332774 0.370177
v 0.040949 -0.409212 0.297917
v 0.054341 -0.389430 0.315324
v 0.067733 -0.369891 0.332732
v 0.092810 -0.309169 0.379561
v 0.092810 -0.347770 0.347243
v 0.092810 -0.327731 0.365805
v 0.092810 -0.384394 0.311156
v 0.092810 -0.366332 0.329718
v 0.121790 -0.302196 0.375144
v 0.129934 -0.340250 0.339406
v 0.132472 -0.314964 0.360117
v 0.129934 -0.377487 0.303930
v 0.129934 -0.358812 0.322492
v 0.150495 -0.335115 0.334978
v 0.164545 -0.315730 0.344454
v 0.150703 -0.372448 0.298347
v 0.162974 -0.350395 0.313778
v 0.175245 -0.328222 0.329208
v 0.193349 -0.303473 0.338952
v 0.195551 -0.340926 0.304459
v 0.206825 -0.317789 0.317709
v 0.234094 -0.307356 0.306209
v 0.004447 -0.077195 0.483069
v 0.017518 -0.054295 0.484151
v 0.018562 -0.018562 0.485643
v 0.018562 -0.200317 0.451277
v 0.018562 -0.167058 0.463451
v 0.018562 -0.129934 0.473321
v 0.017518 -0.090866 0.479801
v 0.029196 -0.065742 0.481798
v 0.018562 -0.273243 0.416956
v 0.018562 -0.241306 0.434011
v 0.018562 -0.218879 0.443981
v 0.018562 -0.291805 0.404792
v 0.039098 -0.040992 0.482985
v 0.041627 -0.018562 0.483476
v 0.055686 -0.194653 0.448933
v 0.055686 -0.167058 0.458585
v 0.055686 -0.129934 0.468975
v 0.055686 -0.092810 0.475481
v 0.053158 -0.054295 0.479513
v 0.060189 -0.018562 0.479894
v 0.055686 -0.268714 0.413972
v 0.055686 -0.241306 0.428804
v 0.055686 -0.213215 0.441759
v 0.055686 -0.287276 0.402323
v 0.080240 -0.189597 0.446965
v 0.092693 -0.167432 0.450515
v 0.092810 -0.129934 0.460870
v 0.092810 -0.092810 0.468558
v 0.092810 -0.055686 0.472222
v 0.092810 -0.018562 0.473007
v 0.082734 -0.263523 0.410537
v 0.094190 -0.243948 0.418607
v 0.092693 -0.202856 0.438609
v 0.104989 -0.180057 0.443874
v 0.094190 -0.276911 0.399574
v 0.107484 -0.258083 0.407369
v 0.118752 -0.155307 0.447414
v 0.130650 -0.128842 0.450157
v 0.129934 -0.092810 0.457310
v 0.129934 -0.055686 0.461973
v 0.129934 -0.018562 0.463268
v 0.129934 -0.231859 0.413280
v 0.129934 -0.204182 0.426180
v 0.130650 -0.167432 0.440155
v 0.143502 -0.140489 0.444150
v 0.132472 -0.281488 0.384838
v 0.129934 -0.250421 0.403873
v 0.146539 -0.295901 0.370398
v 0.150496 -0.115740 0.446204
v 0.155440 -0.092810 0.448081
v 0.160529 -0.055686 0.450538
v 0.162246 -0.018562 0.451592
v 0.150246 -0.224308 0.409087
v 0.164396 -0.202044 0.413374
v 0.167058 -0.167058 0.426165
v 0.164546 -0.128842 0.437975
v 0.174002 -0.092810 0.441096
v 0.179091 -0.055686 0.442784
v 0.180808 -0.018562 0.443298
v 0.167058 -0.269430 0.377513
v 0.164396 -0.238532 0.395901
v 0.174995 -0.212993 0.403977
v 0.167058 -0.287992 0.364954
v 0.187767 -0.188244 0.409552
v 0.194097 -0.167058 0.413059
v 0.205963 -0.130237 0.417763
v 0.204182 -0.092810 0.427139
v 0.204182 -0.055686 0.431096
v 0.204182 -0.018562 0.432197
v 0.187239 -0.261334 0.372223
v 0.201441 -0.239112 0.377626
v 0.201758 -0.202044 0.395912
v 0.212659 -0.167058 0.402778
v 0.219525 -0.142813 0.406581
v 0.202668 -0.277060 0.351731
v 0.211988 -0.250024 0.364510
v 0.218098 -0.292786 0.330959
v 0.225957 -0.118063 0.410464
v 0.229651 -0.092810 0.412970
v 0.233658 -0.055686 0.415238
v 0.235215 -0.018562 0.415825
v 0.224912 -0.225274 0.372913
v 0.231787 -0.204182 0.377527
v 0.243528 -0.168444 0.383845
v 0.239521 -0.130237 0.398399
v 0.248213 -0.092810 0.400485
v 0.252220 -0.055686 0.403159
v 0.253777 -0.018562 0.404259
v 0.231757 -0.268036 0.339761
v 0.240709 -0.240475 0.351388
v 0.250349 -0.204182 0.363599
v 0.257384 -0.181743 0.369278
v 0.245300 -0.282041 0.319015
v 0.256506 -0.255675 0.331821
v 0.264713 -0.156993 0.374947
v 0.269945 -0.129934 0.378683
v 0.275139 -0.092810 0.381923
v 0.281781 -0.054180 0.382035
v 0.281852 -0.019889 0.382915
v 0.265017 -0.230926 0.338265
v 0.277807 -0.200991 0.343117
v 0.277625 -0.168444 0.358747
v 0.288507 -0.129934 0.363637
v 0.293701 -0.092810 0.368495
v 0.296389 -0.065551 0.370793
v 0.296508 -0.008400 0.370854
v 0.269846 -0.271296 0.307072
v 0.279806 -0.243609 0.317418
v 0.289766 -0.211238 0.327764
v 0.018562 -0.425136 0.278430
v 0.018562 -0.452486 0.235040
v 0.018562 -0.441853 0.253602
v 0.018562 -0.469215 0.204182
v 0.018562 -0.487240 0.161840
v 0.018562 -0.480779 0.180402
v 0.018562 -0.498294 0.129934
v 0.018562 -0.508675 0.092810
v 0.018562 -0.514778 0.055686
v 0.018562 -0.520389 0.006327
v 0.018562 -0.518332 0.024889
v 0.054269 -0.418545 0.280565
v 0.065699 -0.406406 0.294362
v 0.055686 -0.450585 0.231215
v 0.055686 -0.439017 0.249777
v 0.055686 -0.464966 0.204182
v 0.055686 -0.485023 0.155448
v 0.055686 -0.478432 0.174010
v 0.055686 -0.493795 0.129934
v 0.055686 -0.503592 0.092810
v 0.055686 -0.509781 0.055686
v 0.039193 -0.520169 0.003179
v 0.053215 -0.515530 0.016757
v 0.092810 -0.415594 0.270660
v 0.092810 -0.402956 0.289222
v 0.083095 -0.447931 0.226390
v 0.094406 -0.435838 0.239782
v 0.094406 -0.455017 0.206704
v 0.107844 -0.444515 0.220760
v 0.077666 -0.483481 0.151000
v 0.091148 -0.474370 0.164848
v 0.091148 -0.487436 0.129752
v 0.102415 -0.480186 0.142006
v 0.092810 -0.496667 0.092810
v 0.092810 -0.502893 0.055686
v 0.092810 -0.507231 0.018562
v 0.120399 -0.411476 0.264513
v 0.131638 -0.397732 0.277505
v 0.131638 -0.421526 0.244041
v 0.145148 -0.407065 0.258238
v 0.129934 -0.449451 0.194456
v 0.129934 -0.441045 0.213018
v 0.129934 -0.461297 0.167058
v 0.116921 -0.484724 0.117257
v 0.129551 -0.475681 0.129752
v 0.124773 -0.487608 0.092810
v 0.143335 -0.480649 0.092810
v 0.133614 -0.490846 0.059338
v 0.148441 -0.482592 0.074148
v 0.129934 -0.497212 0.018562
v 0.164670 -0.381191 0.277955
v 0.175452 -0.365675 0.290013
v 0.167058 -0.414661 0.231886
v 0.167058 -0.401335 0.250448
v 0.149921 -0.446079 0.187011
v 0.164201 -0.432640 0.201304
v 0.164201 -0.450075 0.164847
v 0.174671 -0.440428 0.175747
v 0.167058 -0.461847 0.129934
v 0.167058 -0.471556 0.092810
v 0.155149 -0.485168 0.049398
v 0.167338 -0.478447 0.059338
v 0.158934 -0.486858 0.018562
v 0.177496 -0.479330 0.018562
v 0.193481 -0.375543 0.265264
v 0.206891 -0.354677 0.280099
v 0.220300 -0.332105 0.294934
v 0.187282 -0.409336 0.224189
v 0.202756 -0.388821 0.240363
v 0.218230 -0.368427 0.256538
v 0.201467 -0.413382 0.200560
v 0.212031 -0.402099 0.210519
v 0.187812 -0.446696 0.150998
v 0.201785 -0.431500 0.164847
v 0.193870 -0.450129 0.129934
v 0.212432 -0.439370 0.129934
v 0.205755 -0.453716 0.091550
v 0.219178 -0.443287 0.103085
v 0.204182 -0.462520 0.055686
v 0.204182 -0.466757 0.018562
v 0.233782 -0.343678 0.270184
v 0.246313 -0.320126 0.283109
v 0.231193 -0.377349 0.231788
v 0.244862 -0.355785 0.245161
v 0.258532 -0.332896 0.258533
v 0.222875 -0.408441 0.185770
v 0.239409 -0.388774 0.201567
v 0.255942 -0.367893 0.217364
v 0.231074 -0.413236 0.167058
v 0.249636 -0.401552 0.167058
v 0.244179 -0.419839 0.131901
v 0.258469 -0.407447 0.145586
v 0.224504 -0.446575 0.078336
v 0.238650 -0.434329 0.091550
v 0.228455 -0.449149 0.055686
v 0.247017 -0.437404 0.055686
v 0.232002 -0.451478 0.018562
v 0.250564 -0.439459 0.018562
v 0.272060 -0.308147 0.271285
v 0.269693 -0.343144 0.233784
v 0.283251 -0.319945 0.246733
v 0.264604 -0.375449 0.192614
v 0.279523 -0.353683 0.205796
v 0.294442 -0.331744 0.218978
v 0.277560 -0.381023 0.164002
v 0.289354 -0.364222 0.174340
v 0.263285 -0.410897 0.120837
v 0.276768 -0.396145 0.131901
v 0.268432 -0.414629 0.092810
v 0.286994 -0.399810 0.092810
v 0.274176 -0.418842 0.055686
v 0.292738 -0.404773 0.055686
v 0.277053 -0.420897 0.018562
v 0.295615 -0.407209 0.018562
v 0.258843 -0.296045 0.296035
v 0.283327 -0.284034 0.282732
v 0.294595 -0.256293 0.294179
v 0.296809 -0.296771 0.259683
v 0.297221 -0.040801 0.371423
v 0.297221 -0.033149 0.371423
v 0.297514 -0.186489 0.334556
v 0.301564 -0.167058 0.338534
v 0.308201 -0.129934 0.345075
v 0.317464 -0.089624 0.346911
v 0.311979 -0.054180 0.356859
v 0.311979 -0.019889 0.357696
v 0.302893 -0.231543 0.303015
v 0.312578 -0.199128 0.312822
v 0.320126 -0.167058 0.320513
v 0.326763 -0.129934 0.326927
v 0.331112 -0.099875 0.331179
v 0.334325 -0.075126 0.334351
v 0.334930 -0.055686 0.335037
v 0.335934 -0.018562 0.336038
v 0.334832 -0.187018 0.297879
v 0.338559 -0.167058 0.301951
v 0.345228 -0.129934 0.308365
v 0.346603 -0.089624 0.317505
v 0.351926 -0.055686 0.315554
v 0.353847 -0.018562 0.315554
v 0.305853 -0.306994 0.234934
v 0.302793 -0.339473 0.194229
v 0.316697 -0.316690 0.205282
v 0.297683 -0.371879 0.149590
v 0.312613 -0.349884 0.162646
v 0.327542 -0.326385 0.175702
v 0.301297 -0.375216 0.129934
v 0.319859 -0.357836 0.129934
v 0.307827 -0.381248 0.092810
v 0.326389 -0.363913 0.092810
v 0.313157 -0.386211 0.055686
v 0.331719 -0.368949 0.055686
v 0.319135 -0.385433 0.019937
v 0.333896 -0.371028 0.033229
v 0.337388 -0.301636 0.191586
v 0.335398 -0.335546 0.150952
v 0.342883 -0.314628 0.164820
v 0.338706 -0.339274 0.129934
v 0.358672 -0.313092 0.129263
v 0.344029 -0.345351 0.092810
v 0.362591 -0.322307 0.092810
v 0.348470 -0.350387 0.055686
v 0.367032 -0.328429 0.055686
v 0.334581 -0.371686 0.008479
v 0.347605 -0.356263 0.019937
v 0.369191 -0.331417 0.018562
v 0.372767 -0.299076 0.116441
v 0.376186 -0.303745 0.092810
v 0.380877 -0.309867 0.055686
v 0.383285 -0.312855 0.018562
v 0.305142 -0.272022 0.269430
v 0.316392 -0.242555 0.279413
v 0.327642 -0.211767 0.289396
v 0.317872 -0.282010 0.244772
v 0.329891 -0.253567 0.254609
v 0.330602 -0.291998 0.216335
v 0.338063 -0.228817 0.264646
v 0.342581 -0.201309 0.277585
v 0.358188 -0.166058 0.276151
v 0.363790 -0.129934 0.286833
v 0.368130 -0.092810 0.292979
v 0.369674 -0.055686 0.295037
v 0.370592 -0.018562 0.296232
v 0.339311 -0.267249 0.229860
v 0.351062 -0.238730 0.239203
v 0.362723 -0.204182 0.248264
v 0.368312 -0.177766 0.255718
v 0.346384 -0.279146 0.204049
v 0.365559 -0.250959 0.204182
v 0.364152 -0.280167 0.170339
v 0.370846 -0.259216 0.184901
v 0.368923 -0.293700 0.141191
v 0.372926 -0.153016 0.262257
v 0.376638 -0.129934 0.268271
v 0.380766 -0.092810 0.274417
v 0.383281 -0.055686 0.276475
v 0.384543 -0.018562 0.277670
v 0.371885 -0.223893 0.223797
v 0.375923 -0.204182 0.229702
v 0.381860 -0.166058 0.242528
v 0.396658 -0.127808 0.238086
v 0.399328 -0.092810 0.244654
v 0.401843 -0.055686 0.248889
v 0.403105 -0.018562 0.250607
v 0.376389 -0.232397 0.204182
v 0.389206 -0.204182 0.204182
v 0.402593 -0.169516 0.205720
v 0.406406 -0.138766 0.219120
v 0.377299 -0.268950 0.160151
v 0.385685 -0.244627 0.170339
v 0.403794 -0.207078 0.169593
v 0.407481 -0.183529 0.183658
v 0.381662 -0.280167 0.129263
v 0.402673 -0.241861 0.132593
v 0.407785 -0.221384 0.146740
v 0.395917 -0.275047 0.089899
v 0.405774 -0.254605 0.100333
v 0.399439 -0.282617 0.055686
v 0.401847 -0.286335 0.018562
v 0.408852 -0.114017 0.223564
v 0.410353 -0.092810 0.226092
v 0.412792 -0.055686 0.230327
v 0.413397 -0.018562 0.232045
v 0.412371 -0.158780 0.194370
v 0.414965 -0.127808 0.205720
v 0.421947 -0.092810 0.204182
v 0.427065 -0.055686 0.204182
v 0.427832 -0.018562 0.204182
v 0.413056 -0.196634 0.158909
v 0.418714 -0.169516 0.169593
v 0.430951 -0.129934 0.167058
v 0.439119 -0.092589 0.165266
v 0.441200 -0.055686 0.173536
v 0.441362 -0.018562 0.174547
v 0.411727 -0.229856 0.121991
v 0.418724 -0.207078 0.132593
v 0.436687 -0.164344 0.127038
v 0.441628 -0.129934 0.137530
v 0.444164 -0.104817 0.144890
v 0.408666 -0.260417 0.075584
v 0.414253 -0.241861 0.089899
v 0.431108 -0.204182 0.092810
v 0.442535 -0.175451 0.092810
v 0.410708 -0.264055 0.055686
v 0.422027 -0.241306 0.055686
v 0.439229 -0.202611 0.056681
v 0.444712 -0.182772 0.069719
v 0.412690 -0.267773 0.018562
v 0.426408 -0.241306 0.018562
v 0.440645 -0.210429 0.018562
v 0.446658 -0.080067 0.151697
v 0.447618 -0.055686 0.154974
v 0.448040 -0.018562 0.155985
v 0.445944 -0.150160 0.112732
v 0.448245 -0.129934 0.118968
v 0.451238 -0.092589 0.131483
v 0.455453 -0.055686 0.129934
v 0.455967 -0.018562 0.129934
v 0.447698 -0.156889 0.092810
v 0.454408 -0.129934 0.092810
v 0.461810 -0.092810 0.092810
v 0.465461 -0.055686 0.092810
v 0.466510 -0.018562 0.092810
v 0.446779 -0.189189 0.044970
v 0.450472 -0.169061 0.056681
v 0.460853 -0.129934 0.055686
v 0.467952 -0.092810 0.055686
v 0.471617 -0.055686 0.055686
v 0.473599 -0.018562 0.055686
v 0.447779 -0.191867 0.018562
v 0.455457 -0.167058 0.018562
v 0.465777 -0.129934 0.018562
v 0.472311 -0.092810 0.018562
v 0.475320 -0.055686 0.018562
v 0.476700 -0.018562 0.018562
v 0.015666 0.018723 0.483826
v 0.001361 0.037716 0.482701
v 0.026110 0.031205 0.481889
v 0.015666 0.052329 0.479425
v 0.018562 0.092810 0.471438
v 0.018562 0.129934 0.461361
v 0.018562 0.160979 0.450532
v 0.018562 0.179541 0.442932
v 0.018562 0.204182 0.430726
v 0.018562 0.232936 0.414720
v 0.018562 0.251498 0.402923
v 0.018562 0.277499 0.384361
v 0.018562 0.296061 0.370522
v 0.041154 0.006456 0.483392
v 0.054392 0.018723 0.479641
v 0.055686 0.055686 0.474893
v 0.055686 0.092810 0.467418
v 0.055686 0.129934 0.456527
v 0.055686 0.154462 0.447906
v 0.055686 0.173024 0.440177
v 0.055686 0.204182 0.425420
v 0.055686 0.229139 0.412170
v 0.055686 0.247701 0.400671
v 0.055686 0.274467 0.382109
v 0.055686 0.293029 0.367925
v 0.092810 0.018562 0.471433
v 0.092810 0.055686 0.467249
v 0.092810 0.092810 0.459999
v 0.090909 0.129368 0.449967
v 0.077267 0.150308 0.446224
v 0.102016 0.141365 0.443118
v 0.090909 0.164433 0.436728
v 0.092648 0.205759 0.416887
v 0.080166 0.225639 0.410051
v 0.104915 0.219185 0.406378
v 0.092648 0.239331 0.397506
v 0.092810 0.268131 0.377719
v 0.092810 0.286693 0.362545
v 0.129934 0.018562 0.461341
v 0.129934 0.055686 0.456323
v 0.129137 0.090313 0.449487
v 0.116231 0.116615 0.447209
v 0.140981 0.101022 0.442793
v 0.129137 0.129368 0.438364
v 0.133479 0.170638 0.420470
v 0.123467 0.194435 0.412969
v 0.148216 0.185400 0.408258
v 0.133479 0.205759 0.403093
v 0.129762 0.242774 0.382229
v 0.117273 0.262757 0.373484
v 0.142022 0.256128 0.368747
v 0.129762 0.276451 0.357571
v 0.160823 0.018562 0.450786
v 0.154755 0.055686 0.448055
v 0.149952 0.076273 0.445994
v 0.179385 0.018562 0.442657
v 0.173317 0.055686 0.440582
v 0.164219 0.090313 0.436944
v 0.167058 0.129934 0.424310
v 0.167058 0.159452 0.413386
v 0.167058 0.178014 0.404419
v 0.167058 0.204182 0.390350
v 0.167058 0.229554 0.375733
v 0.167058 0.248116 0.362676
v 0.163398 0.277110 0.342144
v 0.173333 0.288604 0.326024
v 0.204182 0.018562 0.430152
v 0.204182 0.055686 0.425454
v 0.205492 0.091770 0.417082
v 0.193425 0.129934 0.412875
v 0.187656 0.150950 0.409493
v 0.218740 0.103451 0.405951
v 0.211987 0.129934 0.401548
v 0.204737 0.167694 0.390076
v 0.194577 0.204182 0.376887
v 0.186114 0.223190 0.371548
v 0.221819 0.184438 0.370638
v 0.213139 0.204182 0.364767
v 0.200794 0.238246 0.350389
v 0.190724 0.263854 0.337565
v 0.215474 0.253302 0.329204
v 0.203741 0.278410 0.315239
v 0.233346 0.018562 0.414422
v 0.228980 0.055686 0.411798
v 0.224996 0.078702 0.409691
v 0.251908 0.018562 0.403433
v 0.247542 0.055686 0.400949
v 0.238945 0.091770 0.397276
v 0.242854 0.130186 0.382138
v 0.231512 0.159689 0.376941
v 0.256261 0.142728 0.368834
v 0.242854 0.170062 0.364242
v 0.241453 0.204207 0.346019
v 0.229176 0.228553 0.338463
v 0.253926 0.216599 0.329621
v 0.243258 0.242886 0.317038
v 0.232590 0.268217 0.304454
v 0.277170 0.018562 0.384871
v 0.274009 0.055686 0.382387
v 0.268158 0.092810 0.377752
v 0.263244 0.117979 0.373741
v 0.295732 0.018562 0.370189
v 0.292571 0.055686 0.367294
v 0.286720 0.092810 0.362358
v 0.279610 0.132237 0.353864
v 0.271733 0.167058 0.344382
v 0.264328 0.191850 0.337836
v 0.295977 0.146496 0.333103
v 0.290295 0.167058 0.327588
v 0.278405 0.204335 0.315648
v 0.267732 0.232470 0.304872
v 0.018562 0.315554 0.352989
v 0.018562 0.335170 0.335146
v 0.018562 0.351851 0.315554
v 0.051995 0.317228 0.346319
v 0.037159 0.334126 0.334126
v 0.061909 0.330718 0.330528
v 0.051995 0.345119 0.317113
v 0.092810 0.307450 0.343983
v 0.092810 0.326012 0.326034
v 0.092810 0.343772 0.307472
v 0.129934 0.300760 0.337462
v 0.132684 0.321824 0.314954
v 0.122143 0.338877 0.302179
v 0.148584 0.297049 0.334166
v 0.163398 0.306493 0.314411
v 0.192009 0.301156 0.301274
v 0.216758 0.292966 0.292785
v 0.257339 0.257220 0.294687
v 0.244353 0.280956 0.281361
v 0.256116 0.293696 0.255610
v 0.292481 0.216820 0.292135
v 0.280850 0.244299 0.281036
v 0.269219 0.268946 0.269937
v 0.293969 0.256128 0.256480
v 0.280494 0.280675 0.243670
v 0.291769 0.292403 0.215778
v 0.018562 0.369359 0.294558
v 0.018562 0.382919 0.275996
v 0.018562 0.401481 0.248894
v 0.018562 0.412797 0.230332
v 0.018562 0.425611 0.204182
v 0.018562 0.439740 0.171629
v 0.018562 0.447270 0.153067
v 0.018562 0.454817 0.129934
v 0.018562 0.463753 0.092810
v 0.018562 0.470092 0.055686
v 0.018562 0.474668 0.018562
v 0.055686 0.366425 0.291051
v 0.055686 0.380742 0.272489
v 0.058938 0.401021 0.240147
v 0.048730 0.410579 0.226999
v 0.073480 0.408207 0.222449
v 0.058938 0.417947 0.207717
v 0.055114 0.438148 0.164609
v 0.042357 0.446432 0.150601
v 0.067107 0.444246 0.143745
v 0.055114 0.449939 0.130796
v 0.055686 0.459192 0.092810
v 0.055686 0.466313 0.055686
v 0.055686 0.469808 0.018562
v 0.092810 0.362334 0.285577
v 0.092810 0.376264 0.267015
v 0.092810 0.391868 0.241306
v 0.092810 0.405407 0.217537
v 0.092810 0.415304 0.198975
v 0.092810 0.429623 0.167058
v 0.093856 0.441426 0.130796
v 0.082178 0.447479 0.118996
v 0.106927 0.444373 0.107099
v 0.093856 0.451073 0.093959
v 0.092810 0.459247 0.055686
v 0.092810 0.462662 0.018562
v 0.146892 0.333355 0.296056
v 0.130989 0.353076 0.279118
v 0.115085 0.372768 0.262180
v 0.139834 0.367275 0.254475
v 0.128449 0.380156 0.241783
v 0.131290 0.400632 0.203906
v 0.119820 0.411626 0.191347
v 0.144569 0.406895 0.181745
v 0.131290 0.417031 0.168445
v 0.129934 0.431081 0.129934
v 0.130434 0.441134 0.093959
v 0.118392 0.447604 0.082350
v 0.143178 0.443817 0.055686
v 0.124616 0.449901 0.055686
v 0.146760 0.444874 0.029502
v 0.132605 0.450812 0.017701
v 0.167058 0.327388 0.289608
v 0.167058 0.342482 0.271046
v 0.169363 0.362377 0.241783
v 0.158524 0.375983 0.229726
v 0.183274 0.370062 0.220563
v 0.169363 0.383751 0.206586
v 0.167892 0.401956 0.168445
v 0.156073 0.411586 0.156995
v 0.180823 0.406325 0.143115
v 0.167892 0.416596 0.130418
v 0.167058 0.428196 0.092810
v 0.167058 0.434543 0.055686
v 0.163996 0.439614 0.017701
v 0.149579 0.445872 0.004753
v 0.203662 0.315237 0.278060
v 0.190566 0.336861 0.263334
v 0.215315 0.329317 0.253191
v 0.203437 0.344551 0.241012
v 0.205747 0.363835 0.206586
v 0.194415 0.376444 0.195814
v 0.219165 0.369000 0.181472
v 0.205747 0.383166 0.168282
v 0.203414 0.399880 0.130418
v 0.190528 0.411016 0.118365
v 0.214883 0.404064 0.092810
v 0.196321 0.414241 0.092810
v 0.219730 0.406695 0.065617
v 0.206086 0.416229 0.054220
v 0.204182 0.422140 0.018562
v 0.231367 0.304568 0.268036
v 0.241917 0.316297 0.242026
v 0.227719 0.337567 0.228442
v 0.252468 0.328025 0.214299
v 0.240579 0.343700 0.202827
v 0.241325 0.361213 0.168282
v 0.228962 0.375578 0.156722
v 0.255048 0.367718 0.129934
v 0.236486 0.380727 0.129934
v 0.259598 0.371029 0.110759
v 0.244857 0.384837 0.096155
v 0.238375 0.398257 0.054220
v 0.224045 0.409089 0.040868
v 0.244533 0.398683 0.018562
v 0.225971 0.410459 0.018562
v 0.267020 0.303276 0.230861
v 0.277388 0.314361 0.202664
v 0.263007 0.336504 0.189549
v 0.288238 0.325952 0.167058
v 0.269676 0.341825 0.167058
v 0.294556 0.331901 0.142895
v 0.280681 0.347552 0.130286
v 0.277788 0.361586 0.096155
v 0.264984 0.374886 0.086010
v 0.288200 0.363954 0.055686
v 0.269638 0.378421 0.055686
v 0.290794 0.366207 0.018562
v 0.272232 0.380121 0.018562
v 0.315554 0.018562 0.353025
v 0.317238 0.052625 0.345986
v 0.307702 0.092810 0.343796
v 0.302279 0.121746 0.338894
v 0.330735 0.062959 0.330905
v 0.326264 0.092810 0.326575
v 0.317704 0.134209 0.317813
v 0.309054 0.167058 0.309026
v 0.301686 0.192071 0.301675
v 0.335487 0.018562 0.335514
v 0.334398 0.038210 0.334410
v 0.352248 0.018562 0.315554
v 0.345181 0.052625 0.317340
v 0.343815 0.092810 0.308013
v 0.339017 0.121923 0.302523
v 0.333130 0.146673 0.295908
v 0.327616 0.167058 0.290163
v 0.315205 0.203986 0.278178
v 0.303973 0.231379 0.267385
v 0.328723 0.215902 0.252611
v 0.316533 0.241971 0.242171
v 0.304343 0.267654 0.231731
v 0.329092 0.252562 0.213995
v 0.314705 0.277282 0.202512
v 0.325276 0.287143 0.167058
v 0.331378 0.293942 0.143127
v 0.369439 0.018562 0.294620
v 0.366298 0.055686 0.290467
v 0.362377 0.092810 0.284516
v 0.353219 0.130285 0.278625
v 0.343197 0.167058 0.271601
v 0.337668 0.191153 0.264221
v 0.367421 0.138647 0.254122
v 0.362738 0.168916 0.241571
v 0.344646 0.203789 0.240664
v 0.337268 0.227813 0.227861
v 0.369712 0.182530 0.220129
v 0.363595 0.205974 0.206326
v 0.343446 0.240635 0.202645
v 0.336130 0.262161 0.189246
v 0.369250 0.219543 0.182008
v 0.361426 0.241816 0.168603
v 0.341904 0.268581 0.167058
v 0.368176 0.255781 0.129934
v 0.348421 0.280312 0.130425
v 0.371159 0.259757 0.111040
v 0.362053 0.277147 0.096323
v 0.364146 0.287622 0.055686
v 0.366865 0.291596 0.018562
v 0.383240 0.018562 0.276058
v 0.380358 0.055686 0.271905
v 0.375748 0.092810 0.265954
v 0.372220 0.113898 0.261342
v 0.401802 0.018562 0.248607
v 0.398921 0.055686 0.245155
v 0.395219 0.090715 0.238393
v 0.379995 0.127737 0.241571
v 0.375647 0.157780 0.229373
v 0.405195 0.101693 0.216232
v 0.401143 0.131735 0.203988
v 0.384090 0.168916 0.206326
v 0.376774 0.194793 0.195380
v 0.407466 0.145310 0.183280
v 0.402458 0.168169 0.169367
v 0.383281 0.205974 0.168603
v 0.375504 0.229781 0.157259
v 0.406260 0.181284 0.142172
v 0.399802 0.202959 0.129852
v 0.380678 0.237219 0.129934
v 0.404972 0.215963 0.092810
v 0.385136 0.244952 0.096323
v 0.374175 0.263916 0.086290
v 0.407895 0.221929 0.070462
v 0.398457 0.238598 0.057127
v 0.377770 0.269060 0.055686
v 0.398980 0.244276 0.018562
v 0.380418 0.273034 0.018562
v 0.412137 0.018562 0.230045
v 0.410495 0.055686 0.226593
v 0.409146 0.076943 0.224075
v 0.425204 0.018562 0.204182
v 0.421134 0.055686 0.204182
v 0.413908 0.090715 0.203988
v 0.410892 0.120560 0.191483
v 0.439993 0.018562 0.173432
v 0.438373 0.056411 0.165715
v 0.428773 0.092810 0.167058
v 0.416824 0.131735 0.169367
v 0.412262 0.156535 0.158531
v 0.444193 0.069270 0.144101
v 0.441849 0.096293 0.131009
v 0.432287 0.129934 0.129934
v 0.416723 0.168169 0.129852
v 0.410379 0.189769 0.117423
v 0.445417 0.110990 0.111038
v 0.441617 0.130394 0.096322
v 0.427927 0.167058 0.092810
v 0.414150 0.197401 0.092810
v 0.443629 0.143521 0.055686
v 0.434813 0.167058 0.055686
v 0.416750 0.207405 0.057127
v 0.409345 0.224418 0.045713
v 0.445035 0.147284 0.033558
v 0.439890 0.165136 0.020135
v 0.422007 0.204182 0.018562
v 0.410104 0.225714 0.018562
v 0.448127 0.018562 0.154870
v 0.447275 0.044520 0.152445
v 0.455445 0.018562 0.129934
v 0.450536 0.056411 0.131009
v 0.447674 0.086241 0.119351
v 0.464774 0.018562 0.092810
v 0.459355 0.055686 0.092810
v 0.451193 0.096293 0.096322
v 0.448007 0.118326 0.086289
v 0.471878 0.018562 0.055686
v 0.466703 0.055686 0.055686
v 0.459676 0.092810 0.055686
v 0.450508 0.124959 0.055686
v 0.474840 0.018562 0.018562
v 0.470899 0.055686 0.018562
v 0.464003 0.092810 0.018562
v 0.451650 0.132919 0.020135
v 0.446607 0.151479 0.008809
v 0.300318 0.300697 0.191029
v 0.306714 0.307390 0.167058
v 0.315658 0.316335 0.130636
v 0.299938 0.336455 0.118145
v 0.323019 0.323718 0.092810
v 0.304457 0.340769 0.092810
v 0.327347 0.327491 0.055686
v 0.308785 0.345392 0.055686
v 0.329914 0.330017 0.018562
v 0.311352 0.347645 0.018562
v 0.337296 0.300769 0.118377
v 0.341254 0.305156 0.092810
v 0.345584 0.308929 0.055686
v 0.348303 0.311455 0.018562
v 0.017358 -0.520439 -0.017999
v 0.028930 -0.519147 -0.029999
v 0.004181 -0.520038 -0.040139
v 0.017358 -0.517728 -0.053782
v 0.018562 -0.513606 -0.092810
v 0.018562 -0.506553 -0.129934
v 0.018562 -0.495452 -0.167058
v 0.018562 -0.486013 -0.195066
v 0.018562 -0.479062 -0.213628
v 0.018562 -0.465144 -0.241306
v 0.018562 -0.450133 -0.267745
v 0.018562 -0.439003 -0.286307
v 0.039193 -0.520169 -0.005249
v 0.053215 -0.516407 -0.017999
v 0.055686 -0.513399 -0.055686
v 0.055686 -0.509653 -0.092810
v 0.055686 -0.501834 -0.129934
v 0.055686 -0.491012 -0.167058
v 0.055686 -0.484103 -0.189717
v 0.055686 -0.476293 -0.208279
v 0.055686 -0.459914 -0.241306
v 0.055686 -0.447672 -0.263743
v 0.055686 -0.436727 -0.282305
v 0.092810 -0.507835 -0.018562
v 0.092810 -0.506221 -0.055686
v 0.092810 -0.502221 -0.092810
v 0.092810 -0.494067 -0.129934
v 0.089339 -0.485260 -0.164836
v 0.099399 -0.479866 -0.175729
v 0.074650 -0.482696 -0.185817
v 0.089339 -0.472443 -0.200588
v 0.090259 -0.452086 -0.242083
v 0.100933 -0.442993 -0.254976
v 0.076184 -0.445939 -0.260739
v 0.090259 -0.433236 -0.275240
v 0.129934 -0.497654 -0.018562
v 0.129934 -0.496590 -0.055686
v 0.133470 -0.490131 -0.096291
v 0.148202 -0.482522 -0.110986
v 0.122003 -0.485830 -0.129934
v 0.140565 -0.480211 -0.129934
v 0.113466 -0.483246 -0.150979
v 0.127478 -0.474678 -0.164836
v 0.132302 -0.456533 -0.206832
v 0.146255 -0.444652 -0.220973
v 0.121506 -0.449259 -0.230226
v 0.132302 -0.439225 -0.242083
v 0.128203 -0.418248 -0.279211
v 0.139423 -0.404667 -0.292107
v 0.159408 -0.487274 -0.018562
v 0.177970 -0.479343 -0.018562
v 0.158541 -0.487017 -0.055686
v 0.177103 -0.478744 -0.055686
v 0.154605 -0.485374 -0.086236
v 0.167011 -0.477388 -0.096291
v 0.167058 -0.469769 -0.129934
v 0.169949 -0.456504 -0.169817
v 0.184251 -0.444837 -0.184031
v 0.159502 -0.450497 -0.196223
v 0.169949 -0.440818 -0.206832
v 0.170055 -0.422094 -0.244400
v 0.184428 -0.407737 -0.258838
v 0.159678 -0.413631 -0.267357
v 0.170055 -0.399792 -0.279211
v 0.204182 -0.467272 -0.018562
v 0.204182 -0.465990 -0.055686
v 0.204182 -0.460685 -0.092810
v 0.205622 -0.452494 -0.128599
v 0.218956 -0.443509 -0.140084
v 0.194206 -0.449576 -0.159282
v 0.205622 -0.439487 -0.169817
v 0.207342 -0.422047 -0.207221
v 0.221823 -0.407840 -0.221622
v 0.197074 -0.414443 -0.234088
v 0.207342 -0.402671 -0.244400
v 0.202825 -0.382159 -0.277896
v 0.214295 -0.365713 -0.289914
v 0.232954 -0.451980 -0.018562
v 0.251516 -0.440076 -0.018562
v 0.231927 -0.451297 -0.055686
v 0.250489 -0.439240 -0.055686
v 0.227607 -0.448586 -0.092810
v 0.246169 -0.436205 -0.092810
v 0.224109 -0.446338 -0.115335
v 0.238413 -0.433673 -0.128599
v 0.242026 -0.418870 -0.166179
v 0.254881 -0.404804 -0.177968
v 0.230132 -0.413368 -0.196873
v 0.242026 -0.400324 -0.207221
v 0.240878 -0.382607 -0.240544
v 0.252968 -0.365742 -0.252410
v 0.228219 -0.375278 -0.265165
v 0.242141 -0.353353 -0.279110
v 0.256063 -0.330796 -0.293056
v 0.281820 -0.418998 -0.019937
v 0.296455 -0.407919 -0.008479
v 0.280886 -0.418329 -0.052775
v 0.294897 -0.406651 -0.063209
v 0.272759 -0.417643 -0.092810
v 0.291321 -0.403778 -0.092810
v 0.267296 -0.413642 -0.129934
v 0.285858 -0.399327 -0.129934
v 0.262864 -0.410475 -0.153218
v 0.279088 -0.390385 -0.167899
v 0.295313 -0.369701 -0.182580
v 0.270706 -0.380144 -0.204182
v 0.289268 -0.364234 -0.204182
v 0.263624 -0.374298 -0.227661
v 0.277897 -0.352215 -0.240832
v 0.292170 -0.329179 -0.254003
v 0.267420 -0.340992 -0.268307
v 0.280425 -0.317613 -0.280493
v 0.293429 -0.292708 -0.292680
v 0.018562 -0.420441 -0.313194
v 0.018562 -0.406332 -0.331756
v 0.018562 -0.387769 -0.351565
v 0.018562 -0.370189 -0.370127
v 0.018562 -0.351627 -0.387370
v 0.018562 -0.330820 -0.405932
v 0.018562 -0.312258 -0.419007
v 0.055686 -0.418165 -0.309337
v 0.055686 -0.403085 -0.327899
v 0.055686 -0.384523 -0.349103
v 0.055686 -0.367708 -0.367665
v 0.055686 -0.349146 -0.384206
v 0.055686 -0.326642 -0.402768
v 0.055686 -0.308080 -0.416204
v 0.092810 -0.413482 -0.303174
v 0.092810 -0.398398 -0.321736
v 0.092810 -0.379836 -0.344255
v 0.092810 -0.362419 -0.362817
v 0.092810 -0.343857 -0.379183
v 0.092810 -0.320848 -0.397745
v 0.092810 -0.302286 -0.412334
v 0.114674 -0.409690 -0.298680
v 0.130682 -0.389942 -0.315942
v 0.146690 -0.370441 -0.333205
v 0.121941 -0.375217 -0.338730
v 0.133158 -0.354335 -0.354091
v 0.144375 -0.332048 -0.369452
v 0.119625 -0.338229 -0.374623
v 0.129464 -0.315233 -0.389719
v 0.114552 -0.298418 -0.409489
v 0.167058 -0.379558 -0.307989
v 0.167058 -0.364637 -0.326551
v 0.167058 -0.346075 -0.345004
v 0.167058 -0.325178 -0.363566
v 0.167058 -0.306616 -0.379483
v 0.189545 -0.373654 -0.300192
v 0.203082 -0.352099 -0.314895
v 0.216619 -0.329371 -0.329598
v 0.191869 -0.338485 -0.338047
v 0.202769 -0.314445 -0.351610
v 0.188920 -0.299518 -0.373406
v 0.231314 -0.340964 -0.304849
v 0.243649 -0.317709 -0.317881
v 0.231236 -0.304622 -0.340424
v 0.268680 -0.306047 -0.306164
v 0.018562 -0.283837 -0.437569
v 0.018562 -0.265275 -0.448552
v 0.018562 -0.241306 -0.460763
v 0.018562 -0.206652 -0.476262
v 0.018562 -0.188090 -0.483559
v 0.018562 -0.167058 -0.490118
v 0.018562 -0.129934 -0.500175
v 0.018562 -0.092810 -0.507358
v 0.018562 -0.055686 -0.510875
v 0.018562 -0.018562 -0.511433
v 0.055686 -0.280532 -0.434766
v 0.055686 -0.261970 -0.446727
v 0.055686 -0.241306 -0.456899
v 0.052757 -0.200737 -0.475008
v 0.063180 -0.181032 -0.481126
v 0.038430 -0.186065 -0.482779
v 0.052757 -0.168018 -0.486373
v 0.055686 -0.129934 -0.495541
v 0.055686 -0.092810 -0.502306
v 0.055686 -0.055686 -0.506955
v 0.055686 -0.018562 -0.507590
v 0.089406 -0.274876 -0.431479
v 0.099511 -0.252114 -0.441597
v 0.074762 -0.260131 -0.445653
v 0.089406 -0.240366 -0.450430
v 0.092810 -0.204182 -0.465168
v 0.094541 -0.168018 -0.478116
v 0.108069 -0.144937 -0.481702
v 0.083320 -0.156283 -0.484956
v 0.094541 -0.131511 -0.488051
v 0.092810 -0.092810 -0.494998
v 0.092810 -0.055686 -0.499413
v 0.092810 -0.018562 -0.500710
v 0.139302 -0.291504 -0.404815
v 0.128130 -0.278850 -0.416436
v 0.130463 -0.240366 -0.436964
v 0.143190 -0.218742 -0.443702
v 0.118441 -0.227364 -0.447714
v 0.130463 -0.205493 -0.453232
v 0.129934 -0.167058 -0.467452
v 0.130628 -0.131511 -0.477988
v 0.143712 -0.092810 -0.481120
v 0.147149 -0.069049 -0.482183
v 0.118715 -0.120187 -0.484729
v 0.125150 -0.092810 -0.486755
v 0.132838 -0.056279 -0.487803
v 0.129934 -0.018562 -0.490407
v 0.168489 -0.278850 -0.399064
v 0.181817 -0.256543 -0.406622
v 0.157067 -0.266755 -0.412209
v 0.168489 -0.243023 -0.419862
v 0.167973 -0.205493 -0.438495
v 0.180958 -0.179180 -0.443265
v 0.156209 -0.193993 -0.448891
v 0.167973 -0.166906 -0.452987
v 0.167058 -0.129934 -0.464704
v 0.167058 -0.092810 -0.471969
v 0.164236 -0.056279 -0.476348
v 0.169540 -0.018562 -0.476028
v 0.149980 -0.044300 -0.483198
v 0.150978 -0.018562 -0.483582
v 0.213669 -0.289204 -0.365174
v 0.202449 -0.277470 -0.380962
v 0.205865 -0.243023 -0.400836
v 0.219361 -0.218780 -0.406530
v 0.194612 -0.231793 -0.413093
v 0.205865 -0.205516 -0.419497
v 0.202954 -0.166906 -0.436524
v 0.215131 -0.129934 -0.441633
v 0.220829 -0.103213 -0.444365
v 0.189760 -0.154430 -0.447445
v 0.196569 -0.129934 -0.451239
v 0.206745 -0.091627 -0.453348
v 0.204182 -0.055686 -0.458335
v 0.204182 -0.018562 -0.460041
v 0.255985 -0.293017 -0.330914
v 0.241599 -0.278736 -0.352683
v 0.251963 -0.250016 -0.364941
v 0.227214 -0.264454 -0.374644
v 0.240275 -0.239107 -0.380546
v 0.241156 -0.205516 -0.398033
v 0.254949 -0.167058 -0.404864
v 0.259746 -0.148147 -0.408272
v 0.228682 -0.194031 -0.412039
v 0.236387 -0.167058 -0.417389
v 0.244945 -0.133437 -0.421940
v 0.238163 -0.091627 -0.434977
v 0.244508 -0.055686 -0.436116
v 0.245770 -0.018562 -0.436662
v 0.223693 -0.078464 -0.446040
v 0.225946 -0.055686 -0.447282
v 0.227208 -0.018562 -0.448063
v 0.280320 -0.280488 -0.317675
v 0.291959 -0.253202 -0.329186
v 0.267210 -0.268268 -0.340192
v 0.276838 -0.239234 -0.351260
v 0.286821 -0.204182 -0.362639
v 0.293956 -0.179483 -0.368686
v 0.261717 -0.225267 -0.372806
v 0.268259 -0.204182 -0.378265
v 0.280321 -0.167088 -0.384778
v 0.277259 -0.133437 -0.398746
v 0.287643 -0.092810 -0.401339
v 0.291031 -0.055686 -0.403574
v 0.291174 -0.018562 -0.403654
v 0.264103 -0.123398 -0.411381
v 0.269081 -0.092810 -0.414630
v 0.272469 -0.055686 -0.417554
v 0.272612 -0.018562 -0.418100
v 0.297213 -0.408555 -0.033229
v 0.311974 -0.394172 -0.019937
v 0.297213 -0.408555 -0.038460
v 0.315194 -0.389493 -0.053623
v 0.333175 -0.370309 -0.068786
v 0.311981 -0.385216 -0.092810
v 0.330543 -0.367680 -0.092810
v 0.307188 -0.380765 -0.129934
v 0.325750 -0.362874 -0.129934
v 0.302035 -0.375966 -0.157830
v 0.317264 -0.354426 -0.170131
v 0.332493 -0.332226 -0.182432
v 0.308435 -0.345672 -0.204182
v 0.326997 -0.325777 -0.204182
v 0.301498 -0.338688 -0.229254
v 0.314902 -0.314659 -0.240424
v 0.303556 -0.304429 -0.267931
v 0.335313 -0.372396 -0.018562
v 0.352570 -0.352679 -0.018562
v 0.369936 -0.332398 -0.018562
v 0.335247 -0.372336 -0.044036
v 0.347872 -0.355832 -0.056121
v 0.369024 -0.331278 -0.055686
v 0.347233 -0.349118 -0.092810
v 0.365795 -0.327194 -0.092810
v 0.343007 -0.344312 -0.129934
v 0.361569 -0.322116 -0.129934
v 0.338523 -0.339151 -0.157683
v 0.352935 -0.315928 -0.167671
v 0.342344 -0.307215 -0.204182
v 0.336605 -0.300139 -0.226845
v 0.383963 -0.313836 -0.018562
v 0.383113 -0.312716 -0.055686
v 0.379994 -0.308631 -0.092810
v 0.376058 -0.303554 -0.129934
v 0.373137 -0.299630 -0.152910
v 0.328305 -0.289371 -0.251595
v 0.315729 -0.278665 -0.278449
v 0.327902 -0.249926 -0.288967
v 0.367347 -0.291151 -0.177660
v 0.361937 -0.278638 -0.205668
v 0.369515 -0.256807 -0.219033
v 0.344020 -0.277570 -0.240055
v 0.363939 -0.243182 -0.243520
v 0.369803 -0.220030 -0.257371
v 0.337484 -0.264622 -0.264217
v 0.343569 -0.239054 -0.277327
v 0.360979 -0.206266 -0.278527
v 0.366501 -0.173955 -0.290967
v 0.402525 -0.286999 -0.018562
v 0.401675 -0.285630 -0.055686
v 0.400176 -0.276926 -0.094926
v 0.407796 -0.258852 -0.108711
v 0.391759 -0.278430 -0.129934
v 0.405504 -0.254464 -0.129934
v 0.380273 -0.278638 -0.165994
v 0.400471 -0.241305 -0.168376
v 0.406801 -0.219258 -0.181629
v 0.375268 -0.266402 -0.194284
v 0.383119 -0.243182 -0.205668
v 0.401856 -0.205803 -0.205525
v 0.406496 -0.179806 -0.218795
v 0.376199 -0.232057 -0.232621
v 0.383147 -0.206266 -0.243520
v 0.399930 -0.167282 -0.240030
v 0.404237 -0.129934 -0.251874
v 0.407055 -0.103530 -0.257523
v 0.375619 -0.195281 -0.266217
v 0.378949 -0.163771 -0.278527
v 0.388657 -0.129934 -0.278430
v 0.398414 -0.091818 -0.275501
v 0.398859 -0.055686 -0.281529
v 0.399190 -0.018562 -0.283179
v 0.412871 -0.268437 -0.018562
v 0.426985 -0.241306 -0.018562
v 0.441041 -0.210864 -0.018562
v 0.412220 -0.267068 -0.055686
v 0.425916 -0.241306 -0.055686
v 0.440623 -0.209389 -0.055686
v 0.410441 -0.263548 -0.083961
v 0.418462 -0.244409 -0.094926
v 0.438462 -0.202147 -0.091849
v 0.443773 -0.180850 -0.103584
v 0.415097 -0.235902 -0.129934
v 0.428874 -0.204182 -0.129934
v 0.441166 -0.167909 -0.131884
v 0.444664 -0.144708 -0.145559
v 0.411378 -0.228930 -0.156879
v 0.417189 -0.205803 -0.168376
v 0.431721 -0.167058 -0.167058
v 0.441346 -0.131373 -0.167340
v 0.444135 -0.092810 -0.180893
v 0.445288 -0.071328 -0.185034
v 0.412348 -0.194508 -0.194045
v 0.416723 -0.167282 -0.205525
v 0.428104 -0.129934 -0.204182
v 0.435465 -0.092810 -0.204182
v 0.440293 -0.057646 -0.201609
v 0.439293 -0.018562 -0.206759
v 0.410413 -0.155057 -0.226805
v 0.414102 -0.129934 -0.233312
v 0.416733 -0.091818 -0.243612
v 0.422502 -0.055686 -0.241306
v 0.423725 -0.018562 -0.241306
v 0.409122 -0.078781 -0.261173
v 0.410284 -0.055686 -0.262967
v 0.411359 -0.018562 -0.264617
v 0.447836 -0.192302 -0.018562
v 0.456106 -0.167058 -0.018562
v 0.466570 -0.129934 -0.018562
v 0.473222 -0.092810 -0.018562
v 0.477287 -0.055686 -0.018562
v 0.478468 -0.018562 -0.018562
v 0.447239 -0.190827 -0.055686
v 0.454903 -0.167058 -0.055686
v 0.464377 -0.129934 -0.055686
v 0.470628 -0.092810 -0.055686
v 0.475199 -0.055686 -0.055686
v 0.476496 -0.018562 -0.055686
v 0.446457 -0.188415 -0.078834
v 0.450601 -0.167909 -0.091849
v 0.460376 -0.129934 -0.092810
v 0.467036 -0.092810 -0.092810
v 0.470788 -0.055686 -0.092810
v 0.471117 -0.018562 -0.092810
v 0.448138 -0.156101 -0.120809
v 0.451405 -0.131373 -0.131884
v 0.459680 -0.092810 -0.129934
v 0.463708 -0.055686 -0.129934
v 0.464696 -0.018562 -0.129934
v 0.447357 -0.119958 -0.155154
v 0.449909 -0.092810 -0.162331
v 0.451216 -0.057646 -0.170419
v 0.454267 -0.018562 -0.167058
v 0.446137 -0.046579 -0.187518
v 0.446463 -0.018562 -0.188197
v 0.303152 -0.267959 -0.304436
v 0.314259 -0.239189 -0.314034
v 0.325867 -0.204182 -0.324253
v 0.331869 -0.179970 -0.331450
v 0.300616 -0.228452 -0.337578
v 0.307305 -0.204182 -0.344077
v 0.315928 -0.167352 -0.352898
v 0.323094 -0.129934 -0.360020
v 0.327763 -0.092810 -0.364615
v 0.330163 -0.055686 -0.367265
v 0.331259 -0.018562 -0.368508
v 0.299988 -0.154734 -0.373721
v 0.304532 -0.129934 -0.377849
v 0.309201 -0.092810 -0.382777
v 0.311601 -0.055686 -0.385012
v 0.312697 -0.018562 -0.385092
v 0.335566 -0.225177 -0.298883
v 0.340930 -0.204182 -0.305691
v 0.351555 -0.164588 -0.314396
v 0.359092 -0.129934 -0.319440
v 0.363564 -0.092810 -0.325014
v 0.366651 -0.055686 -0.328537
v 0.367335 -0.018562 -0.328958
v 0.336608 -0.155221 -0.337110
v 0.340530 -0.129934 -0.341458
v 0.345002 -0.092810 -0.346053
v 0.348089 -0.055686 -0.348703
v 0.348773 -0.018562 -0.349946
v 0.371528 -0.149205 -0.297342
v 0.374223 -0.129934 -0.300878
v 0.378347 -0.092810 -0.306452
v 0.380297 -0.055686 -0.309975
v 0.380628 -0.018562 -0.310396
v 0.252519 0.290081 -0.289661
v 0.289674 0.289568 -0.250300
v 0.290427 0.253354 -0.289893
v 0.277676 0.277450 -0.277403
v 0.018562 0.475223 -0.018562
v 0.018562 0.473463 -0.055686
v 0.018562 0.469037 -0.092810
v 0.018562 0.460477 -0.129934
v 0.030277 0.444944 -0.183764
v 0.018166 0.449712 -0.169657
v 0.018166 0.438506 -0.201120
v 0.005528 0.445896 -0.186704
v 0.036148 0.408263 -0.259658
v 0.021689 0.417288 -0.244893
v 0.021689 0.399905 -0.276000
v 0.011398 0.409580 -0.262005
v 0.055686 0.470016 -0.018562
v 0.055686 0.469247 -0.055686
v 0.055686 0.464744 -0.092810
v 0.055686 0.456530 -0.129934
v 0.055686 0.443227 -0.178766
v 0.055686 0.448850 -0.160204
v 0.055686 0.432016 -0.204182
v 0.055686 0.406658 -0.256555
v 0.055686 0.415716 -0.237993
v 0.055686 0.392920 -0.278430
v 0.092810 0.463344 -0.018562
v 0.092810 0.461628 -0.055686
v 0.092810 0.456268 -0.092810
v 0.105177 0.443795 -0.140108
v 0.092806 0.449335 -0.128614
v 0.092806 0.439229 -0.166401
v 0.080428 0.447109 -0.153588
v 0.092810 0.424187 -0.204182
v 0.092810 0.403158 -0.249400
v 0.092810 0.412179 -0.230838
v 0.105351 0.369697 -0.294905
v 0.092910 0.382903 -0.280890
v 0.129934 0.453609 -0.018562
v 0.146922 0.445003 -0.069695
v 0.132702 0.450825 -0.056667
v 0.140242 0.443269 -0.092810
v 0.121680 0.448444 -0.092810
v 0.127988 0.439524 -0.128614
v 0.114316 0.446261 -0.115358
v 0.129934 0.427136 -0.167058
v 0.139303 0.404954 -0.214465
v 0.128130 0.413702 -0.202927
v 0.128130 0.397108 -0.239168
v 0.114553 0.409513 -0.225368
v 0.129934 0.365352 -0.288199
v 0.129934 0.378290 -0.269637
v 0.169227 0.438830 -0.018562
v 0.150665 0.446402 -0.018562
v 0.164431 0.438552 -0.056667
v 0.150305 0.446323 -0.044946
v 0.167058 0.432938 -0.092810
v 0.167058 0.425261 -0.129934
v 0.177794 0.405446 -0.176854
v 0.166075 0.414046 -0.165511
v 0.166075 0.399429 -0.202927
v 0.153044 0.410006 -0.189716
v 0.176965 0.367071 -0.253498
v 0.165578 0.379981 -0.241197
v 0.165578 0.357593 -0.276361
v 0.152216 0.373032 -0.262606
v 0.204182 0.423158 -0.018562
v 0.204182 0.420306 -0.055686
v 0.219234 0.406319 -0.101441
v 0.205789 0.415228 -0.090564
v 0.212412 0.402344 -0.129934
v 0.193850 0.412884 -0.129934
v 0.201735 0.397073 -0.165511
v 0.187728 0.409593 -0.152105
v 0.216745 0.367314 -0.215520
v 0.204295 0.380675 -0.203560
v 0.204295 0.359723 -0.241197
v 0.191996 0.375053 -0.228749
v 0.210578 0.326335 -0.286627
v 0.200595 0.339868 -0.275923
v 0.245710 0.398650 -0.018562
v 0.227148 0.411255 -0.018562
v 0.244131 0.398323 -0.055686
v 0.225569 0.410051 -0.055686
v 0.238132 0.397193 -0.090564
v 0.223641 0.408829 -0.076692
v 0.258465 0.370400 -0.145519
v 0.244176 0.382893 -0.131860
v 0.252550 0.366247 -0.167058
v 0.233988 0.377877 -0.167058
v 0.259028 0.333501 -0.221682
v 0.242896 0.353994 -0.206226
v 0.226765 0.373696 -0.190771
v 0.251262 0.327474 -0.241306
v 0.232700 0.341409 -0.241306
v 0.238502 0.313731 -0.275769
v 0.224485 0.335392 -0.261877
v 0.291262 0.367087 -0.018562
v 0.272700 0.380088 -0.018562
v 0.289855 0.365619 -0.055686
v 0.271293 0.379761 -0.055686
v 0.285991 0.361946 -0.092810
v 0.267429 0.377372 -0.092810
v 0.276747 0.359850 -0.131860
v 0.263251 0.373939 -0.120770
v 0.292471 0.329895 -0.177326
v 0.279430 0.346069 -0.165794
v 0.279430 0.324875 -0.207257
v 0.267722 0.340673 -0.196932
v 0.277752 0.307614 -0.239278
v 0.264925 0.301127 -0.264912
v 0.018562 0.288374 -0.401289
v 0.034804 0.222242 -0.445214
v 0.020883 0.238881 -0.436883
v 0.018562 0.269812 -0.416376
v 0.030462 0.146401 -0.482043
v 0.018277 0.164002 -0.475527
v 0.020883 0.207594 -0.454280
v 0.010055 0.224889 -0.446631
v 0.018562 0.018562 -0.510291
v 0.018562 0.055686 -0.505808
v 0.018562 0.092810 -0.497644
v 0.018277 0.132390 -0.487085
v 0.005712 0.149590 -0.483114
v 0.055686 0.285576 -0.398631
v 0.055686 0.218847 -0.443353
v 0.055686 0.241306 -0.430367
v 0.055686 0.267014 -0.413941
v 0.055686 0.139902 -0.479927
v 0.055686 0.167058 -0.469391
v 0.055686 0.200285 -0.453514
v 0.055686 0.018562 -0.505371
v 0.055686 0.055686 -0.501608
v 0.055686 0.092810 -0.493649
v 0.055686 0.121340 -0.485437
v 0.108226 0.258194 -0.407259
v 0.094635 0.277017 -0.396056
v 0.092810 0.211888 -0.439127
v 0.094635 0.244014 -0.419834
v 0.083477 0.263700 -0.411212
v 0.103079 0.104584 -0.480646
v 0.091547 0.128028 -0.476023
v 0.092810 0.167058 -0.461575
v 0.092810 0.193326 -0.449776
v 0.092810 0.018562 -0.498031
v 0.092810 0.055686 -0.494157
v 0.091547 0.092449 -0.487007
v 0.078330 0.114383 -0.483581
v 0.137400 0.292618 -0.366993
v 0.129934 0.251653 -0.403202
v 0.126989 0.279518 -0.382237
v 0.140343 0.178257 -0.442461
v 0.128755 0.202027 -0.433823
v 0.129934 0.233091 -0.414616
v 0.145672 0.030167 -0.481694
v 0.140705 0.055686 -0.480010
v 0.129108 0.092449 -0.476237
v 0.129934 0.129934 -0.464191
v 0.128755 0.166353 -0.451350
v 0.115593 0.188215 -0.446997
v 0.131952 0.018100 -0.487506
v 0.122143 0.055686 -0.486047
v 0.116183 0.079834 -0.484184
v 0.167058 0.284716 -0.359142
v 0.177307 0.216289 -0.404232
v 0.165783 0.239451 -0.395187
v 0.167058 0.266154 -0.376429
v 0.177885 0.139340 -0.442145
v 0.166129 0.166353 -0.436489
v 0.165783 0.204022 -0.417342
v 0.152558 0.225839 -0.410234
v 0.164441 0.018100 -0.475916
v 0.167058 0.055686 -0.469867
v 0.167058 0.092810 -0.462011
v 0.166129 0.128153 -0.451077
v 0.153135 0.153508 -0.447382
v 0.150321 0.005418 -0.483319
v 0.211130 0.289472 -0.326322
v 0.210918 0.249060 -0.363489
v 0.198650 0.274860 -0.349048
v 0.216846 0.178596 -0.404914
v 0.204356 0.204022 -0.396991
v 0.200799 0.238534 -0.376980
v 0.186169 0.260249 -0.371562
v 0.220044 0.063723 -0.444064
v 0.213076 0.092810 -0.440305
v 0.201780 0.128153 -0.434187
v 0.204356 0.166556 -0.417453
v 0.192097 0.191540 -0.412111
v 0.204182 0.018562 -0.457741
v 0.206275 0.053084 -0.452366
v 0.194514 0.092810 -0.449944
v 0.187804 0.114591 -0.446641
v 0.253131 0.252687 -0.327536
v 0.240451 0.277402 -0.314554
v 0.259377 0.184983 -0.370835
v 0.251289 0.204182 -0.364596
v 0.238651 0.238499 -0.350763
v 0.228382 0.264723 -0.338740
v 0.257836 0.107263 -0.406914
v 0.251883 0.129934 -0.402913
v 0.242941 0.169415 -0.391356
v 0.232727 0.204182 -0.378685
v 0.224171 0.224310 -0.372243
v 0.243581 0.018562 -0.435205
v 0.237835 0.053084 -0.434508
v 0.243800 0.094057 -0.420808
v 0.233321 0.129934 -0.415308
v 0.226504 0.153847 -0.410734
v 0.225019 0.018562 -0.446862
v 0.223146 0.038974 -0.445726
v 0.289323 0.212546 -0.327084
v 0.277500 0.240646 -0.314935
v 0.265677 0.265331 -0.302787
v 0.293649 0.140227 -0.368146
v 0.280136 0.170388 -0.362554
v 0.277541 0.201776 -0.344489
v 0.264574 0.227938 -0.338037
v 0.289915 0.018562 -0.402922
v 0.286563 0.055686 -0.399923
v 0.276980 0.094057 -0.396519
v 0.280136 0.128685 -0.382508
v 0.268899 0.160233 -0.377797
v 0.271353 0.018562 -0.416643
v 0.268001 0.055686 -0.414270
v 0.263638 0.082513 -0.411266
v 0.018562 0.364479 -0.325759
v 0.018562 0.379304 -0.307197
v 0.018562 0.329121 -0.366365
v 0.018562 0.345917 -0.347803
v 0.018562 0.310559 -0.382727
v 0.055686 0.362060 -0.321956
v 0.055686 0.376064 -0.303394
v 0.055686 0.325887 -0.363400
v 0.055686 0.343498 -0.344838
v 0.055686 0.307325 -0.380069
v 0.092910 0.359212 -0.313164
v 0.080602 0.372870 -0.299196
v 0.092810 0.319969 -0.358033
v 0.092810 0.338801 -0.339471
v 0.092810 0.301407 -0.375246
v 0.139843 0.330247 -0.329842
v 0.128455 0.345091 -0.316702
v 0.126247 0.313872 -0.351305
v 0.115094 0.335510 -0.335616
v 0.112650 0.297496 -0.371702
v 0.167058 0.322303 -0.321729
v 0.167058 0.338746 -0.303166
v 0.167058 0.303741 -0.340580
v 0.198480 0.311910 -0.311723
v 0.185829 0.334223 -0.297125
v 0.186381 0.297485 -0.334608
v 0.227770 0.301585 -0.301573
v 0.329576 0.292268 -0.176337
v 0.322767 0.284273 -0.204182
v 0.325688 0.248747 -0.247665
v 0.312232 0.274788 -0.236608
v 0.334110 0.185609 -0.296985
v 0.328414 0.204182 -0.288737
v 0.313729 0.238676 -0.275568
v 0.300939 0.264818 -0.265144
v 0.366776 0.291563 -0.018562
v 0.365046 0.289628 -0.055686
v 0.363095 0.286098 -0.092810
v 0.369921 0.257933 -0.144055
v 0.360201 0.276793 -0.130982
v 0.366121 0.252421 -0.167058
v 0.345732 0.279308 -0.165201
v 0.367663 0.216488 -0.215924
v 0.358436 0.240222 -0.203803
v 0.339356 0.265711 -0.204182
v 0.368292 0.179091 -0.254163
v 0.360470 0.204141 -0.241595
v 0.340036 0.238346 -0.237697
v 0.334235 0.260008 -0.222915
v 0.370049 0.108221 -0.295244
v 0.365767 0.129934 -0.289218
v 0.354338 0.169976 -0.280306
v 0.341898 0.204182 -0.270175
v 0.335066 0.223998 -0.261244
v 0.399501 0.245194 -0.018562
v 0.380939 0.273001 -0.018562
v 0.398912 0.244524 -0.055686
v 0.380350 0.271066 -0.055686
v 0.406780 0.219760 -0.103181
v 0.397386 0.238429 -0.091608
v 0.377268 0.267536 -0.092810
v 0.403231 0.214281 -0.129934
v 0.383398 0.243857 -0.130982
v 0.373597 0.263326 -0.119306
v 0.405271 0.178857 -0.178843
v 0.397552 0.202915 -0.166704
v 0.378607 0.233859 -0.167058
v 0.405814 0.141463 -0.216577
v 0.399503 0.166713 -0.204194
v 0.380384 0.204141 -0.203803
v 0.373948 0.227124 -0.191175
v 0.406325 0.065041 -0.256041
v 0.402934 0.092810 -0.250270
v 0.397825 0.129426 -0.239636
v 0.380621 0.166853 -0.241595
v 0.374491 0.191738 -0.229413
v 0.398372 0.018562 -0.281947
v 0.397407 0.053874 -0.275429
v 0.383743 0.094632 -0.281093
v 0.378541 0.129934 -0.270656
v 0.373801 0.154342 -0.263626
v 0.439689 0.171091 -0.018562
v 0.423404 0.204182 -0.018562
v 0.410642 0.226632 -0.018562
v 0.445285 0.147871 -0.072055
v 0.439449 0.164782 -0.058082
v 0.421345 0.204182 -0.055686
v 0.410180 0.225962 -0.055686
v 0.443689 0.143475 -0.092810
v 0.433303 0.167058 -0.092810
v 0.415339 0.206104 -0.091608
v 0.409088 0.224137 -0.078431
v 0.443940 0.105095 -0.143488
v 0.439756 0.130004 -0.130642
v 0.425992 0.167058 -0.129934
v 0.413434 0.195719 -0.129934
v 0.445207 0.033386 -0.184757
v 0.444069 0.055686 -0.180179
v 0.440114 0.092756 -0.166935
v 0.428077 0.129934 -0.167058
v 0.415076 0.166713 -0.166704
v 0.410669 0.189695 -0.154094
v 0.439254 0.020031 -0.201393
v 0.434063 0.055686 -0.204182
v 0.426145 0.092810 -0.204182
v 0.414787 0.129426 -0.204194
v 0.410680 0.154108 -0.191827
v 0.421513 0.018562 -0.241306
v 0.415630 0.053874 -0.242722
v 0.413140 0.092810 -0.231708
v 0.410178 0.116713 -0.226148
v 0.410534 0.018562 -0.263385
v 0.409066 0.040291 -0.261053
v 0.475861 0.018562 -0.018562
v 0.471591 0.055686 -0.018562
v 0.464258 0.092810 -0.018562
v 0.453924 0.129934 -0.018562
v 0.446987 0.152529 -0.018562
v 0.474832 0.018562 -0.055686
v 0.470587 0.055686 -0.055686
v 0.462332 0.092810 -0.055686
v 0.450720 0.133272 -0.058082
v 0.446369 0.150890 -0.047305
v 0.469902 0.018562 -0.092810
v 0.465713 0.055686 -0.092810
v 0.458229 0.092810 -0.092810
v 0.449765 0.124913 -0.092810
v 0.462850 0.018562 -0.129934
v 0.457383 0.055686 -0.129934
v 0.450213 0.092756 -0.130642
v 0.447624 0.117677 -0.118738
v 0.451360 0.020031 -0.170253
v 0.449248 0.055686 -0.161617
v 0.446899 0.080345 -0.154478
v 0.446140 0.008636 -0.187158
v 0.331419 0.331288 -0.018562
v 0.312857 0.348525 -0.018562
v 0.330326 0.330203 -0.055686
v 0.311764 0.347057 -0.055686
v 0.326524 0.327307 -0.092810
v 0.307962 0.343384 -0.092810
v 0.321292 0.321714 -0.129934
v 0.302730 0.339071 -0.129934
v 0.314282 0.314231 -0.164457
v 0.298988 0.335945 -0.152577
v 0.304205 0.304465 -0.204182
v 0.298775 0.298803 -0.225551
v 0.348214 0.312725 -0.018562
v 0.346484 0.311641 -0.055686
v 0.344533 0.308745 -0.092810
v 0.339868 0.303152 -0.129934
v 0.335553 0.298566 -0.151588
v 0.329998 0.140875 -0.329487
v 0.325032 0.170764 -0.316489
v 0.308096 0.201776 -0.315047
v 0.301770 0.228605 -0.302335
v 0.330370 0.018562 -0.367350
v 0.326624 0.055686 -0.363630
v 0.320899 0.092810 -0.358883
v 0.314215 0.128177 -0.352359
v 0.304204 0.167058 -0.342124
v 0.298351 0.187797 -0.335514
v 0.311808 0.018562 -0.384360
v 0.308062 0.055686 -0.381361
v 0.302337 0.092810 -0.376083
v 0.298433 0.115478 -0.372539
v 0.365602 0.018562 -0.326972
v 0.362536 0.055686 -0.323916
v 0.360248 0.094632 -0.314403
v 0.345992 0.129074 -0.316489
v 0.340384 0.160860 -0.304738
v 0.347040 0.018562 -0.348788
v 0.343974 0.055686 -0.345068
v 0.339832 0.092810 -0.340321
v 0.336459 0.116126 -0.336572
v 0.379810 0.018562 -0.308410
v 0.377635 0.055686 -0.305354
v 0.374569 0.083472 -0.301261
vn -0.5531 -0.5619 0.6151
vn -0.7742 -0.1062 0.6239
vn -0.7827 -0.0651 0.6190
vn -0.7841 -0.0022 0.6206
vn -0.7085 -0.1281 0.6940
vn -0.7093 -0.0658 0.7018
vn -0.7044 0.0142 0.7097
vn -0.7089 -0.3488 0.6131
vn -0.7225 -0.2905 0.6274
vn -0.7282 -0.2143 0.6510
vn -0.7417 -0.1414 0.6556
vn -0.7514 -0.0751 0.6556
vn -0.7423 0.0080 0.6700
vn -0.6283 -0.1098 0.7702
vn -0.6263 -0.0466 0.7782
vn -0.6343 -0.0021 0.7731
vn -0.6305 -0.3444 0.6956
vn -0.6459 -0.2529 0.7203
vn -0.6569 -0.2173 0.7220
vn -0.6691 -0.1515 0.7275
vn -0.6692 -0.0609 0.7406
vn -0.6715 0.0058 0.7410
vn -0.6243 -0.4691 0.6246
vn -0.6509 -0.4068 0.6409
vn -0.6775 -0.3770 0.6316
vn -0.6899 -0.2810 0.6672
vn -0.6838 -0.2282 0.6930
vn -0.6992 -0.1780 0.6925
vn -0.5602 -0.2658 0.7845
vn -0.5708 -0.2251 0.7897
vn -0.5744 -0.1406 0.8064
vn -0.5839 -0.0632 0.8094
vn -0.5985 -0.0026 0.8011
vn -0.5584 -0.4298 0.7095
vn -0.5646 -0.3793 0.7331
vn -0.5868 -0.2839 0.7583
vn -0.6148 -0.2335 0.7533
vn -0.6239 -0.1810 0.7602
vn -0.5647 -0.5046 0.6530
vn -0.5811 -0.4495 0.6784
vn -0.6088 -0.4172 0.6747
vn -0.7898 -0.5615 0.2467
vn -0.8023 -0.5560 0.2172
vn -0.7962 -0.5897 0.1352
vn -0.7749 -0.6296 0.0563
vn -0.7931 -0.6059 0.0618
vn -0.7115 -0.5629 0.4205
vn -0.7037 -0.6310 0.3266
vn -0.7215 -0.6001 0.3453
vn -0.7160 -0.6340 0.2922
vn -0.7445 -0.6046 0.2831
vn -0.7308 -0.6467 0.2185
vn -0.7685 -0.6015 0.2180
vn -0.7051 -0.6999 0.1142
vn -0.7484 -0.6511 0.1265
vn -0.7691 -0.6274 0.1219
vn -0.7141 -0.6977 0.0574
vn -0.7587 -0.6479 0.0674
vn -0.7710 -0.6317 0.0807
vn -0.6278 -0.5531 0.5477
vn -0.6220 -0.6232 0.4741
vn -0.6619 -0.5522 0.5069
vn -0.6555 -0.6482 0.3875
vn -0.6930 -0.5748 0.4351
vn -0.6368 -0.6957 0.3323
vn -0.6735 -0.6534 0.3456
vn -0.6927 -0.6209 0.3669
vn -0.6493 -0.7121 0.2671
vn -0.6829 -0.6706 0.2897
vn -0.6413 -0.7376 0.2113
vn -0.6791 -0.6969 0.2306
vn -0.6467 -0.7483 0.1479
vn -0.6908 -0.7043 0.1633
vn -0.6214 -0.7823 0.0429
vn -0.6640 -0.7443 0.0715
vn -0.5540 -0.6170 0.5590
vn -0.5646 -0.5937 0.5734
vn -0.5500 -0.6538 0.5197
vn -0.5770 -0.6001 0.5540
vn -0.5551 -0.7218 0.4133
vn -0.5696 -0.6978 0.4343
vn -0.5833 -0.7228 0.3706
vn -0.6126 -0.6935 0.3792
vn -0.5643 -0.7897 0.2407
vn -0.6171 -0.7371 0.2755
vn -0.5800 -0.7890 0.2026
vn -0.6217 -0.7564 0.2036
vn -0.5932 -0.7928 0.1399
vn -0.6289 -0.7591 0.1681
vn -0.5786 -0.8133 0.0611
vn -0.6250 -0.7725 0.1122
vn -0.9968 -0.0707 0.0362
vn -0.9984 -0.0160 0.0536
vn -0.9248 -0.1921 0.3284
vn -0.9319 -0.1189 0.3427
vn -0.9316 -0.0569 0.3590
vn -0.9388 0.0032 0.3445
vn -0.9259 -0.2675 0.2666
vn -0.9438 -0.2078 0.2568
vn -0.9557 -0.1409 0.2586
vn -0.9579 -0.0670 0.2790
vn -0.9578 0.0091 0.2872
vn -0.9197 -0.3484 0.1809
vn -0.9410 -0.2698 0.2044
vn -0.9571 -0.2042 0.2057
vn -0.9656 -0.1468 0.2145
vn -0.9755 -0.0701 0.2083
vn -0.9793 0.0024 0.2025
vn -0.9276 -0.3552 0.1159
vn -0.9542 -0.2748 0.1185
vn -0.9662 -0.2192 0.1356
vn -0.9790 -0.1447 0.1437
vn -0.9887 -0.0603 0.1371
vn -0.9893 0.0076 0.1456
vn -0.9418 -0.3289 0.0689
vn -0.9585 -0.2786 0.0614
vn -0.9712 -0.2294 0.0650
vn -0.9885 -0.1404 0.0558
vn -0.9949 -0.0790 0.0632
vn -0.9933 -0.0004 0.1153
vn -0.8605 -0.1871 0.4739
vn -0.8710 -0.1488 0.4682
vn -0.8744 -0.0687 0.4804
vn -0.8697 0.0139 0.4933
vn -0.8494 -0.3441 0.4000
vn -0.8748 -0.2597 0.4091
vn -0.8803 -0.2037 0.4284
vn -0.8903 -0.1426 0.4325
vn -0.9015 -0.0757 0.4261
vn -0.9000 0.0027 0.4359
vn -0.8476 -0.4080 0.3392
vn -0.8726 -0.3526 0.3380
vn -0.8936 -0.2860 0.3459
vn -0.8933 -0.2301 0.3860
vn -0.9043 -0.1331 0.4055
vn -0.9166 -0.0681 0.3940
vn -0.9238 -0.0054 0.3829
vn -0.8724 -0.4100 0.2661
vn -0.8925 -0.3534 0.2801
vn -0.9003 -0.3109 0.3047
vn -0.9131 -0.2642 0.3106
vn -0.8563 -0.4814 0.1873
vn -0.8868 -0.4183 0.1966
vn -0.8947 -0.3918 0.2145
vn -0.9095 -0.3269 0.2568
vn -0.8751 -0.4670 0.1270
vn -0.8927 -0.4285 0.1396
vn -0.9026 -0.4055 0.1443
vn -0.8767 -0.4786 0.0471
vn -0.8854 -0.4595 0.0701
vn -0.9159 -0.3929 0.0822
vn -0.7896 -0.2764 0.5479
vn -0.8018 -0.2208 0.5553
vn -0.8063 -0.1346 0.5760
vn -0.8104 -0.0683 0.5819
vn -0.8220 0.0032 0.5694
vn -0.7788 -0.4103 0.4745
vn -0.7977 -0.3396 0.4984
vn -0.8054 -0.2903 0.5168
vn -0.8276 -0.2241 0.5147
vn -0.8362 -0.1495 0.5277
vn -0.8335 -0.0664 0.5486
vn -0.8389 0.0145 0.5441
vn -0.7799 -0.4778 0.4044
vn -0.8048 -0.4324 0.4066
vn -0.8139 -0.3791 0.4403
vn -0.8264 -0.2950 0.4796
vn -0.8440 -0.2377 0.4807
vn -0.8019 -0.4826 0.3522
vn -0.8131 -0.4475 0.3723
vn -0.8260 -0.4078 0.3891
vn -0.8097 -0.5183 0.2753
vn -0.8260 -0.4754 0.3028
vn -0.8115 -0.5403 0.2223
vn -0.8417 -0.4850 0.2373
vn -0.8299 -0.5386 0.1456
vn -0.8406 -0.5396 0.0480
vn -0.7153 -0.4060 0.5688
vn -0.7303 -0.3602 0.5804
vn -0.7560 -0.3046 0.5794
vn -0.7656 -0.2234 0.6033
vn -0.7679 -0.1605 0.6201
vn -0.7160 -0.5091 0.4777
vn -0.7371 -0.4440 0.5095
vn -0.7570 -0.3596 0.5456
vn -0.7736 -0.3209 0.5465
vn -0.7339 -0.5156 0.4422
vn -0.7577 -0.4749 0.4477
vn -0.7571 -0.5344 0.3758
vn -0.7743 -0.5546 0.3047
vn -0.6545 -0.5083 0.5596
vn -0.6801 -0.4305 0.5934
vn -0.6919 -0.3909 0.6070
vn -0.6850 -0.5289 0.5011
vn -0.6952 -0.4790 0.5359
vn -0.6990 -0.5382 0.4710
vn -0.5921 -0.5450 0.5936
vn -0.5145 -0.5817 0.6300
vn -0.4046 -0.5755 0.7107
vn -0.4135 -0.6414 0.6462
vn -0.4395 -0.6195 0.6505
vn -0.3312 -0.5455 0.7699
vn -0.3353 -0.6329 0.6979
vn -0.3587 -0.5904 0.7230
vn -0.3452 -0.7008 0.6243
vn -0.3785 -0.6484 0.6605
vn -0.3963 -0.6242 0.6733
vn -0.2664 -0.5639 0.7817
vn -0.2687 -0.6442 0.7162
vn -0.2825 -0.6142 0.7369
vn -0.2595 -0.7221 0.6412
vn -0.2798 -0.6695 0.6881
vn -0.2194 -0.5724 0.7901
vn -0.2301 -0.6469 0.7271
vn -0.2280 -0.6255 0.7461
vn -0.2235 -0.7385 0.6362
vn -0.2601 -0.6824 0.6831
vn -0.0990 -0.6332 0.7676
vn -0.1263 -0.5947 0.7940
vn -0.1150 -0.7030 0.7018
vn -0.1389 -0.6464 0.7503
vn -0.1496 -0.6288 0.7630
vn -0.1132 -0.7742 0.6228
vn -0.1490 -0.7529 0.6410
vn -0.1946 -0.6934 0.6938
vn -0.0711 -0.6334 0.7705
vn -0.0705 -0.6079 0.7909
vn -0.0596 -0.7098 0.7019
vn -0.0722 -0.6518 0.7549
vn -0.0374 -0.7748 0.6311
vn -0.0554 -0.7538 0.6548
vn -0.0006 -0.6243 0.7812
vn 0.0162 -0.5962 0.8026
vn 0.0076 -0.7165 0.6976
vn 0.0010 -0.6618 0.7496
vn -0.0036 -0.7817 0.6237
vn -0.0008 -0.7578 0.6525
vn -0.4898 -0.1983 0.8490
vn -0.4891 -0.1266 0.8630
vn -0.4996 -0.0726 0.8632
vn -0.4937 0.0054 0.8696
vn -0.4891 -0.4195 0.7647
vn -0.5004 -0.3407 0.7959
vn -0.5153 -0.2925 0.8055
vn -0.5381 -0.2350 0.8095
vn -0.5453 -0.1393 0.8266
vn -0.5508 -0.0721 0.8315
vn -0.5540 -0.0010 0.8325
vn -0.5058 -0.4716 0.7224
vn -0.5234 -0.4482 0.7247
vn -0.5426 -0.3804 0.7489
vn -0.5481 -0.3169 0.7741
vn -0.5435 -0.5030 0.6720
vn -0.5503 -0.4677 0.6917
vn -0.4087 -0.0494 0.9114
vn -0.4072 0.0165 0.9132
vn -0.4154 -0.3138 0.8538
vn -0.4187 -0.2832 0.8629
vn -0.4229 -0.2243 0.8780
vn -0.4416 -0.1456 0.8853
vn -0.4688 -0.0839 0.8793
vn -0.4682 0.0257 0.8832
vn -0.4089 -0.4843 0.7735
vn -0.4283 -0.4509 0.7831
vn -0.4607 -0.3533 0.8142
vn -0.4719 -0.3114 0.8248
vn -0.4783 -0.2723 0.8349
vn -0.4386 -0.4956 0.7497
vn -0.4629 -0.4778 0.7466
vn -0.4786 -0.5438 0.6894
vn -0.3366 -0.1863 0.9230
vn -0.3391 -0.1325 0.9314
vn -0.3338 -0.0813 0.9391
vn -0.3377 0.0250 0.9409
vn -0.3303 -0.4210 0.8448
vn -0.3471 -0.3247 0.8798
vn -0.3656 -0.2929 0.8835
vn -0.3883 -0.2276 0.8930
vn -0.3940 -0.1531 0.9063
vn -0.3972 -0.1216 0.9096
vn -0.4026 0.0639 0.9131
vn -0.3572 -0.4852 0.7981
vn -0.3656 -0.4772 0.7991
vn -0.4000 -0.3850 0.8317
vn -0.3906 -0.5223 0.7581
vn -0.2651 -0.2774 0.9234
vn -0.2760 -0.2104 0.9378
vn -0.2862 -0.1415 0.9477
vn -0.2849 -0.0751 0.9556
vn -0.2905 0.0100 0.9568
vn -0.2691 -0.4314 0.8611
vn -0.2869 -0.3545 0.8900
vn -0.3058 -0.3106 0.9000
vn -0.3216 -0.2626 0.9097
vn -0.2922 -0.5040 0.8128
vn -0.3090 -0.4873 0.8167
vn -0.1911 -0.3233 0.9268
vn -0.2078 -0.2842 0.9360
vn -0.2167 -0.2201 0.9511
vn -0.2218 -0.1392 0.9651
vn -0.2143 -0.0717 0.9741
vn -0.2191 0.0018 0.9757
vn -0.1885 -0.4822 0.8556
vn -0.2078 -0.4402 0.8735
vn -0.2225 -0.3774 0.8989
vn -0.2497 -0.3153 0.9155
vn -0.2246 -0.5173 0.8258
vn -0.2494 -0.4856 0.8378
vn -0.1126 -0.0360 0.9930
vn -0.1011 -0.0149 0.9948
vn -0.1396 -0.3311 0.9332
vn -0.1461 -0.2865 0.9469
vn -0.1398 -0.2248 0.9643
vn -0.1519 -0.1448 0.9777
vn -0.1626 -0.0641 0.9846
vn -0.1635 -0.0068 0.9865
vn -0.1439 -0.4758 0.8677
vn -0.1432 -0.4519 0.8805
vn -0.1486 -0.4017 0.9037
vn -0.1500 -0.5328 0.8328
vn -0.0523 -0.1311 0.9900
vn -0.0693 -0.0360 0.9969
vn -0.0516 0.0033 0.9987
vn -0.0650 -0.3532 0.9333
vn -0.0726 -0.2853 0.9557
vn -0.0614 -0.2195 0.9737
vn -0.0772 -0.1802 0.9806
vn -0.1200 -0.0860 0.9890
vn -0.0730 -0.4733 0.8779
vn -0.0669 -0.4516 0.8897
vn -0.0608 -0.4155 0.9076
vn -0.0727 -0.5485 0.8330
vn 0.0225 -0.1374 0.9903
vn 0.0101 -0.0477 0.9988
vn -0.0021 0.0147 0.9999
vn 0.0137 -0.3614 0.9323
vn 0.0056 -0.2893 0.9572
vn -0.0010 -0.2158 0.9764
vn 0.0124 -0.1843 0.9828
vn 0.0104 -0.4903 0.8715
vn -0.0014 -0.4467 0.8947
vn 0.0061 -0.4104 0.9119
vn 0.0256 -0.5543 0.8319
vn -0.5390 -0.6152 0.5754
vn -0.5369 -0.6049 0.5881
vn -0.5139 -0.7330 0.4457
vn -0.5665 -0.6589 0.4949
vn -0.4848 -0.7713 0.4123
vn -0.5246 -0.7354 0.4289
vn -0.5522 -0.7015 0.4505
vn -0.4852 -0.8016 0.3492
vn -0.5350 -0.7405 0.4067
vn -0.4844 -0.8295 0.2779
vn -0.5439 -0.7729 0.3268
vn -0.4773 -0.8542 0.2062
vn -0.5166 -0.8236 0.2339
vn -0.4724 -0.8725 0.1248
vn -0.5434 -0.8285 0.1352
vn -0.4870 -0.8713 0.0610
vn -0.5531 -0.8315 0.0517
vn -0.3795 -0.7290 0.5697
vn -0.4368 -0.6464 0.6256
vn -0.4758 -0.6221 0.6218
vn -0.3959 -0.7843 0.4776
vn -0.4127 -0.7700 0.4865
vn -0.4755 -0.6918 0.5434
vn -0.4218 -0.7946 0.4367
vn -0.4591 -0.7629 0.4552
vn -0.4147 -0.8499 0.3250
vn -0.4588 -0.8134 0.3578
vn -0.4405 -0.8582 0.2635
vn -0.4818 -0.8288 0.2844
vn -0.4361 -0.8739 0.2148
vn -0.4778 -0.8396 0.2585
vn -0.4278 -0.8938 0.1345
vn -0.4398 -0.8952 0.0721
vn -0.3664 -0.7428 0.5604
vn -0.4041 -0.6752 0.6172
vn -0.3679 -0.7892 0.4918
vn -0.3737 -0.7671 0.5215
vn -0.3338 -0.8583 0.3898
vn -0.3733 -0.8131 0.4468
vn -0.3245 -0.8797 0.3476
vn -0.3756 -0.8386 0.3946
vn -0.3599 -0.8852 0.2948
vn -0.3323 -0.9281 0.1677
vn -0.3975 -0.8946 0.2044
vn -0.3533 -0.9270 0.1263
vn -0.4076 -0.9034 0.1333
vn -0.3700 -0.9270 0.0607
vn -0.4109 -0.9091 0.0687
vn -0.2619 -0.7820 0.5656
vn -0.2865 -0.7639 0.5783
vn -0.2574 -0.8436 0.4713
vn -0.3120 -0.7873 0.5318
vn -0.3354 -0.7718 0.5402
vn -0.2978 -0.8790 0.3725
vn -0.3604 -0.8194 0.4457
vn -0.2963 -0.8855 0.3579
vn -0.2594 -0.9320 0.2530
vn -0.3044 -0.8981 0.3174
vn -0.2514 -0.9495 0.1877
vn -0.3090 -0.9201 0.2406
vn -0.2737 -0.9509 0.1442
vn -0.2851 -0.9563 0.0647
vn -0.2138 -0.7905 0.5739
vn -0.2177 -0.7696 0.6003
vn -0.1485 -0.8599 0.4884
vn -0.2010 -0.8045 0.5589
vn -0.1935 -0.8978 0.3956
vn -0.1965 -0.9168 0.3476
vn -0.2388 -0.8870 0.3952
vn -0.2166 -0.9432 0.2520
vn -0.2738 -0.9059 0.3231
vn -0.2167 -0.9550 0.2025
vn -0.2253 -0.9630 0.1477
vn -0.2159 -0.9745 0.0613
vn -0.1574 -0.8007 0.5780
vn -0.1876 -0.7711 0.6085
vn -0.1372 -0.8706 0.4725
vn -0.1542 -0.8329 0.5315
vn -0.1397 -0.8909 0.4322
vn -0.1131 -0.9289 0.3527
vn -0.1434 -0.9007 0.4101
vn -0.1242 -0.9564 0.2645
vn -0.1454 -0.9649 0.2186
vn -0.1508 -0.9781 0.1437
vn -0.1462 -0.9877 0.0556
vn -0.0604 -0.8020 0.5942
vn -0.0610 -0.8792 0.4725
vn -0.0642 -0.8419 0.5358
vn -0.0808 -0.8872 0.4542
vn -0.0729 -0.9414 0.3293
vn -0.0906 -0.9152 0.3926
vn -0.0679 -0.9584 0.2771
vn -0.0765 -0.9705 0.2286
vn -0.0646 -0.9886 0.1361
vn -0.0388 -0.9976 0.0568
vn -0.0650 -0.9955 0.0687
vn 0.0079 -0.8061 0.5918
vn 0.0135 -0.8731 0.4873
vn 0.0173 -0.8446 0.5352
vn 0.0069 -0.8782 0.4782
vn 0.0111 -0.9480 0.3182
vn 0.0076 -0.9187 0.3949
vn 0.0011 -0.9578 0.2875
vn -0.0014 -0.9759 0.2183
vn 0.0113 -0.9922 0.1237
vn 0.0004 -0.9981 0.0619
vn 0.0028 -0.9962 0.0876
vn -0.7770 0.0751 0.6250
vn -0.7717 0.1362 0.6213
vn -0.7076 0.0729 0.7028
vn -0.7089 0.1180 0.6953
vn -0.7323 0.0806 0.6762
vn -0.7405 0.1545 0.6541
vn -0.7376 0.2298 0.6349
vn -0.7231 0.2831 0.6300
vn -0.7061 0.3483 0.6165
vn -0.6377 0.0492 0.7687
vn -0.6276 0.1307 0.7674
vn -0.6860 0.0696 0.7242
vn -0.6717 0.1555 0.7243
vn -0.6437 0.2384 0.7272
vn -0.6340 0.2924 0.7159
vn -0.6236 0.3486 0.6997
vn -0.7040 0.1773 0.6877
vn -0.6911 0.2437 0.6805
vn -0.6736 0.3002 0.6754
vn -0.6542 0.3690 0.6602
vn -0.6457 0.4110 0.6436
vn -0.5783 0.0742 0.8124
vn -0.5606 0.1655 0.8114
vn -0.5698 0.2201 0.7918
vn -0.5712 0.2692 0.7754
vn -0.6142 0.2007 0.7632
vn -0.6112 0.2456 0.7524
vn -0.6110 0.3021 0.7317
vn -0.5883 0.3758 0.7161
vn -0.5646 0.4287 0.7053
vn -0.6070 0.3947 0.6897
vn -0.5736 0.4454 0.6875
vn -0.5552 0.5062 0.6600
vn -0.9934 0.0957 0.0628
vn -0.9425 0.0769 0.3251
vn -0.9387 0.1338 0.3176
vn -0.9303 0.1920 0.3125
vn -0.9535 0.0846 0.2894
vn -0.9490 0.1529 0.2758
vn -0.9439 0.2044 0.2595
vn -0.9273 0.2781 0.2506
vn -0.9751 0.0783 0.2076
vn -0.9641 0.1569 0.2142
vn -0.9507 0.2251 0.2132
vn -0.9318 0.2987 0.2060
vn -0.9879 0.0804 0.1327
vn -0.9808 0.1508 0.1234
vn -0.9651 0.2296 0.1262
vn -0.9455 0.2955 0.1367
vn -0.9330 0.3409 0.1154
vn -0.9898 0.1129 0.0873
vn -0.9846 0.1600 0.0705
vn -0.9711 0.2305 0.0624
vn -0.9544 0.2932 0.0557
vn -0.9411 0.3348 0.0477
vn -0.8676 0.0830 0.4903
vn -0.8659 0.1429 0.4794
vn -0.8565 0.2046 0.4738
vn -0.8911 0.0793 0.4469
vn -0.8847 0.1589 0.4382
vn -0.8757 0.2353 0.4217
vn -0.8657 0.2850 0.4115
vn -0.8517 0.3357 0.4023
vn -0.9227 0.0756 0.3781
vn -0.9129 0.1569 0.3768
vn -0.8969 0.2345 0.3750
vn -0.8829 0.2992 0.3620
vn -0.8653 0.3509 0.3579
vn -0.8431 0.4207 0.3349
vn -0.9198 0.2489 0.3034
vn -0.9044 0.3195 0.2829
vn -0.8931 0.3593 0.2708
vn -0.8653 0.4343 0.2502
vn -0.9119 0.3406 0.2288
vn -0.8982 0.3835 0.2149
vn -0.8737 0.4442 0.1983
vn -0.8499 0.4942 0.1831
vn -0.9215 0.3390 0.1896
vn -0.9066 0.3918 0.1565
vn -0.8809 0.4509 0.1440
vn -0.8546 0.4995 0.1424
vn -0.9150 0.3998 0.0536
vn -0.8876 0.4578 0.0504
vn -0.8655 0.4978 0.0552
vn -0.8243 0.0769 0.5610
vn -0.8072 0.1559 0.5693
vn -0.7957 0.2216 0.5637
vn -0.7831 0.2738 0.5584
vn -0.8434 0.0786 0.5315
vn -0.8382 0.1520 0.5237
vn -0.8290 0.2333 0.5083
vn -0.8173 0.2936 0.4957
vn -0.8007 0.3458 0.4892
vn -0.7743 0.4243 0.4696
vn -0.8488 0.2634 0.4584
vn -0.8434 0.3005 0.4454
vn -0.8309 0.3679 0.4174
vn -0.8053 0.4490 0.3873
vn -0.7777 0.4989 0.3824
vn -0.8275 0.3976 0.3965
vn -0.8065 0.4647 0.3655
vn -0.7906 0.5021 0.3503
vn -0.8235 0.4898 0.2862
vn -0.8130 0.5050 0.2898
vn -0.7833 0.5669 0.2549
vn -0.8446 0.4886 0.2189
vn -0.8284 0.5224 0.2021
vn -0.7970 0.5753 0.1838
vn -0.8292 0.5400 0.1441
vn -0.7950 0.5915 0.1348
vn -0.8333 0.5499 0.0569
vn -0.8001 0.5972 0.0560
vn -0.7648 0.1871 0.6165
vn -0.7578 0.2346 0.6089
vn -0.7456 0.3027 0.5937
vn -0.7325 0.3770 0.5668
vn -0.7144 0.4294 0.5525
vn -0.7657 0.3337 0.5498
vn -0.7394 0.3890 0.5496
vn -0.7198 0.4555 0.5239
vn -0.7091 0.5041 0.4930
vn -0.7553 0.4929 0.4319
vn -0.7445 0.5256 0.4117
vn -0.7159 0.5759 0.3948
vn -0.7559 0.5394 0.3710
vn -0.7295 0.5834 0.3570
vn -0.7666 0.5486 0.3338
vn -0.7407 0.6016 0.2992
vn -0.7589 0.6212 0.1956
vn -0.7630 0.6323 0.1341
vn -0.7668 0.6392 0.0590
vn -0.6960 0.4000 0.5963
vn -0.6923 0.4540 0.5609
vn -0.6630 0.5228 0.5358
vn -0.6911 0.4824 0.5383
vn -0.6652 0.5320 0.5239
vn -0.6415 0.5806 0.5014
vn -0.6915 0.5564 0.4606
vn -0.6691 0.6079 0.4276
vn -0.6852 0.6249 0.3741
vn -0.6946 0.6350 0.3381
vn -0.6245 0.4877 0.6101
vn -0.6067 0.5560 0.5681
vn -0.5882 0.5980 0.5445
vn -0.6267 0.5676 0.5340
vn -0.5979 0.6061 0.5247
vn -0.6196 0.6308 0.4672
vn -0.7097 0.6517 0.2677
vn -0.7255 0.6628 0.1855
vn -0.7296 0.6715 0.1293
vn -0.7350 0.6756 0.0581
vn -0.6414 0.6562 0.3975
vn -0.6496 0.6714 0.3567
vn -0.6623 0.6846 0.3044
vn -0.6359 0.7218 0.2732
vn -0.6867 0.6999 0.1963
vn -0.6516 0.7339 0.1919
vn -0.6983 0.7033 0.1331
vn -0.6666 0.7331 0.1352
vn -0.7058 0.7058 0.0602
vn -0.6758 0.7347 0.0596
vn -0.5705 0.6529 0.4983
vn -0.5965 0.6815 0.4240
vn -0.5678 0.7257 0.3886
vn -0.6122 0.7009 0.3660
vn -0.5733 0.7413 0.3491
vn -0.6182 0.7101 0.3369
vn -0.5869 0.7509 0.3030
vn -0.5555 0.7910 0.2563
vn -0.6030 0.7714 0.2034
vn -0.5588 0.8092 0.1818
vn -0.6117 0.7782 0.1426
vn -0.5619 0.8156 0.1381
vn -0.6193 0.7826 0.0624
vn -0.5618 0.8252 0.0590
vn -0.4873 0.0854 0.8690
vn -0.5005 0.1336 0.8553
vn -0.4959 0.2012 0.8448
vn -0.5403 0.0908 0.8366
vn -0.5462 0.1551 0.8231
vn -0.5436 0.2305 0.8071
vn -0.5067 0.3030 0.8071
vn -0.4871 0.3574 0.7969
vn -0.4824 0.4144 0.7717
vn -0.5561 0.3364 0.7599
vn -0.5455 0.3968 0.7382
vn -0.5297 0.4547 0.7160
vn -0.4994 0.5114 0.6994
vn -0.5409 0.4799 0.6907
vn -0.5106 0.5227 0.6827
vn -0.4919 0.5697 0.6584
vn -0.4527 0.0832 0.8878
vn -0.4412 0.1461 0.8854
vn -0.4163 0.2349 0.8784
vn -0.4086 0.2942 0.8640
vn -0.4057 0.3476 0.8453
vn -0.4727 0.2759 0.8369
vn -0.4567 0.3276 0.8271
vn -0.4358 0.3768 0.8173
vn -0.4147 0.4260 0.8041
vn -0.4019 0.4942 0.7709
vn -0.4670 0.4793 0.7431
vn -0.4414 0.5417 0.7154
vn -0.4154 0.5760 0.7041
vn -0.4667 0.5531 0.6901
vn -0.4334 0.5861 0.6846
vn -0.3454 0.0802 0.9350
vn -0.3430 0.1254 0.9309
vn -0.3414 0.2115 0.9158
vn -0.3992 0.0884 0.9126
vn -0.4003 0.1501 0.9040
vn -0.3872 0.2505 0.8873
vn -0.3598 0.3065 0.8813
vn -0.3507 0.3629 0.8633
vn -0.3346 0.4171 0.8450
vn -0.3915 0.4040 0.8267
vn -0.3639 0.4469 0.8172
vn -0.3439 0.5001 0.7948
vn -0.3810 0.5581 0.7372
vn -0.3632 0.5963 0.7159
vn -0.3829 0.6174 0.6871
vn -0.2912 0.0836 0.9530
vn -0.2764 0.1397 0.9508
vn -0.2758 0.2333 0.9325
vn -0.2733 0.2850 0.9187
vn -0.3239 0.2826 0.9029
vn -0.3086 0.3213 0.8953
vn -0.2942 0.3711 0.8808
vn -0.2808 0.4206 0.8627
vn -0.3112 0.4688 0.8267
vn -0.2889 0.5179 0.8052
vn -0.2552 0.5806 0.7731
vn -0.3211 0.5664 0.7590
vn -0.2879 0.6178 0.7317
vn -0.2246 0.0896 0.9703
vn -0.2125 0.1495 0.9657
vn -0.2097 0.2216 0.9523
vn -0.2215 0.2864 0.9322
vn -0.1976 0.3522 0.9148
vn -0.2710 0.3358 0.9021
vn -0.2373 0.3989 0.8858
vn -0.2211 0.4268 0.8769
vn -0.1858 0.5055 0.8426
vn -0.2607 0.4829 0.8359
vn -0.2159 0.5534 0.8045
vn -0.2017 0.5838 0.7865
vn -0.2226 0.6171 0.7547
vn -0.1131 0.0450 0.9926
vn -0.1771 0.0956 0.9795
vn -0.1569 0.1706 0.9728
vn -0.1370 0.2248 0.9647
vn -0.1261 0.2864 0.9498
vn -0.1103 0.3540 0.9287
vn -0.1347 0.4122 0.9011
vn -0.1316 0.4501 0.8832
vn -0.1182 0.5106 0.8516
vn -0.1417 0.5550 0.8197
vn -0.1572 0.5730 0.8044
vn -0.1760 0.6221 0.7629
vn -0.0367 0.0501 0.9981
vn -0.0293 0.1203 0.9923
vn -0.1031 0.1216 0.9872
vn -0.0767 0.1867 0.9794
vn -0.0757 0.2356 0.9689
vn -0.0695 0.3022 0.9507
vn -0.0654 0.3579 0.9315
vn -0.0698 0.4086 0.9100
vn -0.0697 0.4573 0.8866
vn -0.0734 0.4972 0.8645
vn -0.0789 0.5467 0.8336
vn -0.0634 0.5796 0.8125
vn -0.0990 0.6378 0.7638
vn 0.0048 0.0593 0.9982
vn 0.0173 0.1096 0.9938
vn 0.0169 0.1751 0.9844
vn 0.0108 0.2304 0.9730
vn 0.0039 0.3015 0.9535
vn -0.0005 0.3580 0.9337
vn -0.0001 0.4118 0.9113
vn 0.0022 0.4628 0.8865
vn 0.0094 0.5031 0.8642
vn 0.0153 0.5590 0.8290
vn 0.0231 0.6014 0.7986
vn 0.0405 0.6396 0.7676
vn -0.4001 0.6552 0.6408
vn -0.3352 0.6338 0.6971
vn -0.3548 0.6659 0.6562
vn -0.3302 0.7193 0.6112
vn -0.2778 0.6453 0.7116
vn -0.2856 0.6863 0.6689
vn -0.2654 0.7340 0.6251
vn -0.2195 0.6561 0.7220
vn -0.2166 0.7049 0.6754
vn -0.2155 0.7447 0.6317
vn -0.1459 0.6847 0.7141
vn -0.1409 0.7149 0.6849
vn -0.1451 0.7416 0.6550
vn -0.0219 0.6472 0.7620
vn -0.0596 0.6983 0.7134
vn -0.0476 0.7117 0.7009
vn -0.0965 0.7163 0.6911
vn -0.0745 0.7320 0.6772
vn -0.0373 0.7869 0.6159
vn 0.0126 0.6449 0.7641
vn 0.0114 0.6815 0.7317
vn -0.0012 0.7106 0.7035
vn 0.0129 0.7366 0.6762
vn 0.0104 0.7903 0.6126
vn -0.5502 0.5629 0.6168
vn -0.5403 0.6180 0.5711
vn -0.5559 0.6362 0.5350
vn -0.4741 0.6349 0.6100
vn -0.5068 0.6713 0.5409
vn -0.5203 0.6758 0.5221
vn -0.4902 0.7202 0.4910
vn -0.5478 0.7000 0.4581
vn -0.5156 0.7505 0.4134
vn -0.5352 0.7622 0.3640
vn -0.4949 0.8000 0.3391
vn -0.5457 0.7706 0.3292
vn -0.5000 0.8179 0.2848
vn -0.5196 0.8292 0.2058
vn -0.5464 0.8237 0.1518
vn -0.4936 0.8599 0.1298
vn -0.5506 0.8330 0.0546
vn -0.4945 0.8681 0.0432
vn -0.4392 0.7000 0.5631
vn -0.4101 0.7247 0.5538
vn -0.4663 0.7004 0.5404
vn -0.4389 0.7320 0.5211
vn -0.4049 0.7847 0.4693
vn -0.4766 0.7685 0.4270
vn -0.4216 0.8234 0.3798
vn -0.4846 0.7875 0.3809
vn -0.4373 0.8248 0.3586
vn -0.4613 0.8393 0.2878
vn -0.4118 0.8780 0.2441
vn -0.4658 0.8572 0.2198
vn -0.4097 0.8898 0.2009
vn -0.4777 0.8587 0.1858
vn -0.4164 0.8962 0.1531
vn -0.4241 0.9042 0.0508
vn -0.3839 0.7071 0.5938
vn -0.3579 0.7462 0.5613
vn -0.3632 0.7502 0.5525
vn -0.3221 0.8100 0.4900
vn -0.3493 0.8438 0.4073
vn -0.3777 0.8403 0.3888
vn -0.3403 0.8732 0.3490
vn -0.4011 0.8557 0.3270
vn -0.3518 0.8971 0.2673
vn -0.3689 0.9036 0.2177
vn -0.4026 0.9016 0.1585
vn -0.3374 0.9345 0.1133
vn -0.4041 0.9136 0.0443
vn -0.3354 0.9417 0.0252
vn -0.2896 0.7563 0.5866
vn -0.2658 0.7881 0.5552
vn -0.3174 0.7732 0.5490
vn -0.2815 0.8223 0.4945
vn -0.2990 0.8454 0.4427
vn -0.2707 0.8695 0.4133
vn -0.3300 0.8550 0.4001
vn -0.2909 0.8867 0.3595
vn -0.2938 0.9139 0.2801
vn -0.3045 0.9236 0.2328
vn -0.2646 0.9427 0.2033
vn -0.3176 0.9272 0.1987
vn -0.2539 0.9571 0.1393
vn -0.2582 0.9650 0.0456
vn -0.2217 0.7630 0.6072
vn -0.2120 0.7989 0.5628
vn -0.2126 0.8380 0.5026
vn -0.1772 0.8647 0.4699
vn -0.2396 0.8556 0.4589
vn -0.2076 0.8825 0.4220
vn -0.2195 0.9066 0.3604
vn -0.2249 0.9312 0.2867
vn -0.1937 0.9459 0.2604
vn -0.2530 0.9356 0.2463
vn -0.2195 0.9509 0.2183
vn -0.2154 0.9679 0.1296
vn -0.2149 0.9751 0.0551
vn -0.1652 0.7690 0.6175
vn -0.1467 0.8155 0.5599
vn -0.1367 0.8487 0.5109
vn -0.1252 0.8698 0.4772
vn -0.1424 0.8904 0.4324
vn -0.1465 0.9189 0.3663
vn -0.1105 0.9440 0.3109
vn -0.1725 0.9385 0.2991
vn -0.1388 0.9537 0.2667
vn -0.1456 0.9648 0.2189
vn -0.1370 0.9827 0.1249
vn -0.1447 0.9874 0.0649
vn -0.1056 0.7783 0.6189
vn -0.0642 0.8358 0.5453
vn -0.0689 0.8489 0.5240
vn -0.0746 0.8709 0.4857
vn -0.0694 0.8969 0.4367
vn -0.0600 0.9274 0.3693
vn -0.0486 0.9469 0.3178
vn -0.0694 0.9571 0.2811
vn -0.0680 0.9753 0.2099
vn -0.0623 0.9902 0.1252
vn -0.0754 0.9944 0.0735
vn 0.0534 0.7888 0.6123
vn 0.0179 0.8367 0.5474
vn 0.0033 0.8413 0.5405
vn -0.0016 0.8720 0.4896
vn 0.0068 0.9047 0.4259
vn 0.0118 0.9301 0.3672
vn 0.0040 0.9417 0.3364
vn 0.0021 0.9579 0.2871
vn 0.0116 0.9783 0.2068
vn 0.0041 0.9908 0.1349
vn -0.0012 0.9975 0.0703
vn -0.7782 -0.6272 0.0333
vn -0.8219 -0.5697 -0.0008
vn -0.7729 -0.6311 -0.0655
vn -0.8282 -0.5515 -0.0996
vn -0.8044 -0.5688 -0.1715
vn -0.7959 -0.5692 -0.2061
vn -0.7814 -0.5685 -0.2572
vn -0.7094 -0.7041 -0.0318
vn -0.7349 -0.6782 -0.0038
vn -0.7038 -0.7058 -0.0800
vn -0.7105 -0.6973 -0.0946
vn -0.7685 -0.6223 -0.1490
vn -0.7034 -0.7027 -0.1070
vn -0.7329 -0.6645 -0.1459
vn -0.7676 -0.6120 -0.1905
vn -0.7390 -0.6345 -0.2265
vn -0.7655 -0.6016 -0.2281
vn -0.7161 -0.6283 -0.3041
vn -0.7257 -0.6147 -0.3090
vn -0.7167 -0.5917 -0.3691
vn -0.7132 -0.5654 -0.4143
vn -0.6208 -0.7840 -0.0018
vn -0.6784 -0.7345 -0.0177
vn -0.6320 -0.7730 -0.0544
vn -0.6937 -0.7153 -0.0848
vn -0.6720 -0.7263 -0.1445
vn -0.7001 -0.6978 -0.1516
vn -0.6361 -0.7380 -0.2254
vn -0.6858 -0.6893 -0.2333
vn -0.6422 -0.7164 -0.2725
vn -0.6892 -0.6500 -0.3202
vn -0.7018 -0.6218 -0.3476
vn -0.6368 -0.6971 -0.3294
vn -0.6840 -0.6285 -0.3702
vn -0.6913 -0.6186 -0.3735
vn -0.6476 -0.6264 -0.4338
vn -0.6604 -0.6023 -0.4484
vn -0.6302 -0.5717 -0.5253
vn -0.5708 -0.8210 -0.0056
vn -0.5673 -0.8200 -0.0756
vn -0.6330 -0.7647 -0.1205
vn -0.5666 -0.8057 -0.1729
vn -0.6241 -0.7574 -0.1918
vn -0.5705 -0.7887 -0.2291
vn -0.6049 -0.7599 -0.2383
vn -0.5690 -0.7804 -0.2591
vn -0.5970 -0.7511 -0.2818
vn -0.5658 -0.7379 -0.3679
vn -0.6177 -0.6714 -0.4095
vn -0.5490 -0.7103 -0.4406
vn -0.5861 -0.6525 -0.4803
vn -0.6074 -0.6194 -0.4974
vn -0.5757 -0.6391 -0.5101
vn -0.5971 -0.5972 -0.5355
vn -0.9973 -0.0680 -0.0269
vn -0.9994 -0.0098 -0.0320
vn -0.9461 -0.3230 -0.0248
vn -0.9576 -0.2881 -0.0081
vn -0.9760 -0.2175 -0.0053
vn -0.9911 -0.1317 -0.0180
vn -0.9959 -0.0868 -0.0264
vn -0.9978 0.0079 -0.0661
vn -0.9353 -0.3414 -0.0927
vn -0.9497 -0.3011 -0.0859
vn -0.9724 -0.2155 -0.0892
vn -0.9872 -0.1373 -0.0813
vn -0.9947 -0.0706 -0.0750
vn -0.9957 0.0192 -0.0910
vn -0.9321 -0.3416 -0.1203
vn -0.9482 -0.2827 -0.1447
vn -0.9625 -0.2139 -0.1669
vn -0.9746 -0.1479 -0.1680
vn -0.9836 -0.0727 -0.1653
vn -0.9866 0.0159 -0.1626
vn -0.9239 -0.3400 -0.1753
vn -0.9447 -0.2630 -0.1959
vn -0.9563 -0.1970 -0.2163
vn -0.9632 -0.1421 -0.2280
vn -0.9687 -0.0668 -0.2389
vn -0.9699 0.0040 -0.2434
vn -0.9254 -0.2511 -0.2838
vn -0.9383 -0.1911 -0.2884
vn -0.9489 -0.1446 -0.2803
vn -0.9563 -0.0526 -0.2875
vn -0.9557 0.0098 -0.2941
vn -0.9208 -0.1234 -0.3700
vn -0.9270 -0.0483 -0.3720
vn -0.9390 0.0043 -0.3440
vn -0.8689 -0.4947 -0.0161
vn -0.8785 -0.4776 -0.0147
vn -0.9196 -0.3922 -0.0225
vn -0.8662 -0.4957 -0.0631
vn -0.8924 -0.4439 -0.0806
vn -0.9210 -0.3756 -0.1032
vn -0.8553 -0.4999 -0.1366
vn -0.8966 -0.4149 -0.1550
vn -0.9149 -0.3757 -0.1477
vn -0.8453 -0.4839 -0.2264
vn -0.8778 -0.4072 -0.2523
vn -0.8904 -0.3905 -0.2338
vn -0.9088 -0.3316 -0.2534
vn -0.8671 -0.4108 -0.2816
vn -0.8774 -0.3775 -0.2961
vn -0.8917 -0.3005 -0.3385
vn -0.9035 -0.2386 -0.3561
vn -0.9140 -0.1962 -0.3551
vn -0.8734 -0.3495 -0.3390
vn -0.8930 -0.2655 -0.3634
vn -0.8944 -0.2233 -0.3876
vn -0.8940 -0.1576 -0.4194
vn -0.9013 -0.0667 -0.4280
vn -0.9110 -0.0080 -0.4123
vn -0.8707 -0.2524 -0.4221
vn -0.8882 -0.2203 -0.4033
vn -0.8983 -0.1208 -0.4224
vn -0.8911 -0.0595 -0.4498
vn -0.8865 -0.0013 -0.4626
vn -0.8457 -0.1880 -0.4995
vn -0.8564 -0.0878 -0.5087
vn -0.8703 -0.0592 -0.4890
vn -0.8723 0.0144 -0.4888
vn -0.8485 -0.5287 -0.0227
vn -0.8394 -0.5378 -0.0791
vn -0.8154 -0.5578 -0.1545
vn -0.8120 -0.5314 -0.2412
vn -0.8429 -0.4571 -0.2837
vn -0.8235 -0.4851 -0.2942
vn -0.8402 -0.4418 -0.3144
vn -0.8472 -0.4153 -0.3312
vn -0.7999 -0.4674 -0.3764
vn -0.8112 -0.4419 -0.3829
vn -0.8310 -0.4043 -0.3821
vn -0.8495 -0.3218 -0.4182
vn -0.7916 -0.4380 -0.4260
vn -0.8089 -0.3615 -0.4637
vn -0.8194 -0.2948 -0.4916
vn -0.8307 -0.2774 -0.4827
vn -0.7965 -0.3190 -0.5137
vn -0.8002 -0.2993 -0.5197
vn -0.7948 -0.2304 -0.5614
vn -0.8070 -0.1285 -0.5765
vn -0.8334 -0.0775 -0.5471
vn -0.8393 0.0159 -0.5435
vn -0.7657 -0.5474 -0.3377
vn -0.7562 -0.5064 -0.4144
vn -0.7729 -0.4702 -0.4262
vn -0.7540 -0.4835 -0.4447
vn -0.7552 -0.4710 -0.4558
vn -0.7744 -0.3997 -0.4905
vn -0.7210 -0.4789 -0.5007
vn -0.7388 -0.4442 -0.5069
vn -0.7665 -0.3484 -0.5396
vn -0.7738 -0.3161 -0.5489
vn -0.6937 -0.5308 -0.4870
vn -0.6567 -0.5136 -0.5523
vn -0.6755 -0.4828 -0.5573
vn -0.6234 -0.5408 -0.5648
vn -0.5893 -0.5739 -0.5686
vn -0.7802 -0.2675 -0.5654
vn -0.7922 -0.1901 -0.5799
vn -0.7946 -0.1421 -0.5903
vn -0.7961 -0.0783 -0.6000
vn -0.7928 0.0099 -0.6095
vn -0.7037 -0.4095 -0.5807
vn -0.7321 -0.3359 -0.5927
vn -0.7495 -0.2990 -0.5907
vn -0.7681 -0.2016 -0.6077
vn -0.7728 -0.1378 -0.6195
vn -0.7705 -0.0703 -0.6335
vn -0.7646 0.0121 -0.6445
vn -0.7055 -0.2792 -0.6514
vn -0.7189 -0.1933 -0.6677
vn -0.7408 -0.1449 -0.6560
vn -0.7622 -0.0614 -0.6444
vn -0.7586 0.0201 -0.6512
vn -0.7024 -0.0194 -0.7116
vn -0.7022 0.0046 -0.7119
vn -0.6407 -0.4968 -0.5854
vn -0.6493 -0.4445 -0.6171
vn -0.6722 -0.3688 -0.6420
vn -0.6902 -0.3364 -0.6406
vn -0.6410 -0.4063 -0.6512
vn -0.6536 -0.3604 -0.6655
vn -0.6612 -0.3015 -0.6869
vn -0.6706 -0.2119 -0.7109
vn -0.6865 -0.1701 -0.7069
vn -0.6940 -0.0994 -0.7131
vn -0.7040 0.0453 -0.7088
vn -0.6407 -0.2580 -0.7231
vn -0.6458 -0.2044 -0.7357
vn -0.6427 -0.1504 -0.7512
vn -0.6254 -0.0646 -0.7776
vn -0.6379 0.0115 -0.7701
vn -0.6219 -0.5131 -0.5915
vn -0.6302 -0.4625 -0.6236
vn -0.5828 -0.4819 -0.6543
vn -0.6065 -0.4257 -0.6715
vn -0.6231 -0.3737 -0.6870
vn -0.6304 -0.3212 -0.7067
vn -0.5610 -0.4032 -0.7230
vn -0.5763 -0.3539 -0.7366
vn -0.5991 -0.2840 -0.7486
vn -0.6198 -0.2126 -0.7554
vn -0.6284 -0.1378 -0.7656
vn -0.6239 -0.0640 -0.7788
vn -0.6232 0.0009 -0.7820
vn -0.5564 -0.2562 -0.7905
vn -0.5667 -0.2062 -0.7977
vn -0.5766 -0.1375 -0.8054
vn -0.5898 -0.0590 -0.8054
vn -0.5882 0.0087 -0.8087
vn -0.5090 -0.8607 -0.0073
vn -0.5622 -0.8269 -0.0113
vn -0.4967 -0.8629 -0.0934
vn -0.5464 -0.8337 -0.0803
vn -0.4810 -0.8630 -0.1546
vn -0.5245 -0.8356 -0.1633
vn -0.4852 -0.8556 -0.1804
vn -0.5354 -0.8162 -0.2171
vn -0.5122 -0.8063 -0.2960
vn -0.5470 -0.7700 -0.3283
vn -0.4803 -0.7919 -0.3772
vn -0.5088 -0.7593 -0.4058
vn -0.5045 -0.7402 -0.4445
vn -0.5505 -0.6760 -0.4898
vn -0.5025 -0.7130 -0.4891
vn -0.5437 -0.6548 -0.5251
vn -0.5611 -0.6192 -0.5493
vn -0.4416 -0.8972 -0.0002
vn -0.4420 -0.8919 -0.0959
vn -0.4484 -0.8795 -0.1592
vn -0.4292 -0.8790 -0.2077
vn -0.4751 -0.8453 -0.2443
vn -0.4047 -0.8662 -0.2930
vn -0.4462 -0.8298 -0.3352
vn -0.4465 -0.8062 -0.3881
vn -0.4772 -0.7740 -0.4161
vn -0.4334 -0.7965 -0.4217
vn -0.4784 -0.7601 -0.4396
vn -0.3875 -0.7933 -0.4696
vn -0.4303 -0.7393 -0.5179
vn -0.4694 -0.6808 -0.5622
vn -0.3518 -0.9360 -0.0154
vn -0.3911 -0.9203 -0.0019
vn -0.3379 -0.9380 -0.0774
vn -0.3819 -0.9202 -0.0861
vn -0.3415 -0.9338 -0.1065
vn -0.4095 -0.9009 -0.1436
vn -0.3307 -0.9218 -0.2025
vn -0.3944 -0.8836 -0.2525
vn -0.3607 -0.8782 -0.3140
vn -0.4047 -0.8467 -0.3455
vn -0.3575 -0.8736 -0.3301
vn -0.4109 -0.8315 -0.3739
vn -0.3345 -0.8448 -0.4176
vn -0.3719 -0.8067 -0.4593
vn -0.3382 -0.7914 -0.5093
vn -0.3578 -0.7504 -0.5557
vn -0.2919 -0.9563 -0.0176
vn -0.3002 -0.9503 -0.0823
vn -0.2704 -0.9519 -0.1440
vn -0.2428 -0.9430 -0.2277
vn -0.3042 -0.9093 -0.2841
vn -0.2505 -0.9307 -0.2666
vn -0.3062 -0.8997 -0.3110
vn -0.2900 -0.8867 -0.3601
vn -0.2521 -0.8599 -0.4438
vn -0.2826 -0.8215 -0.4952
vn -0.2982 -0.8071 -0.5095
vn -0.3350 -0.7655 -0.5493
vn -0.2112 -0.9774 -0.0048
vn -0.2204 -0.9723 -0.0782
vn -0.2217 -0.9611 -0.1648
vn -0.2185 -0.9475 -0.2335
vn -0.2094 -0.9429 -0.2591
vn -0.2497 -0.9170 -0.3111
vn -0.1828 -0.9200 -0.3468
vn -0.2167 -0.8886 -0.4042
vn -0.2161 -0.8708 -0.4416
vn -0.2531 -0.8375 -0.4843
vn -0.2050 -0.8507 -0.4840
vn -0.2321 -0.8239 -0.5170
vn -0.1631 -0.9866 -0.0093
vn -0.1470 -0.9859 -0.0797
vn -0.1372 -0.9777 -0.1590
vn -0.1492 -0.9616 -0.2302
vn -0.1413 -0.9482 -0.2845
vn -0.1140 -0.9223 -0.3692
vn -0.1383 -0.8991 -0.4152
vn -0.1502 -0.8889 -0.4327
vn -0.1415 -0.8596 -0.4909
vn -0.1422 -0.8215 -0.5522
vn -0.0591 -0.9980 0.0206
vn -0.1177 -0.9931 -0.0001
vn -0.0693 -0.9938 -0.0869
vn -0.0922 -0.9888 -0.1177
vn -0.0673 -0.9850 -0.1587
vn -0.0717 -0.9715 -0.2258
vn -0.0617 -0.9509 -0.3032
vn -0.0642 -0.9297 -0.3627
vn -0.0805 -0.9152 -0.3948
vn -0.0769 -0.8905 -0.4484
vn -0.0601 -0.8586 -0.5091
vn -0.0598 -0.8227 -0.5653
vn 0.0108 -0.9999 0.0093
vn 0.0287 -0.9967 -0.0756
vn 0.0124 -0.9920 -0.1256
vn -0.0045 -0.9881 -0.1536
vn -0.0013 -0.9725 -0.2328
vn 0.0052 -0.9515 -0.3077
vn -0.0031 -0.9391 -0.3435
vn -0.0039 -0.9204 -0.3910
vn 0.0055 -0.8853 -0.4651
vn 0.0087 -0.8587 -0.5123
vn 0.0010 -0.8325 -0.5540
vn -0.5009 -0.6336 -0.5897
vn -0.5174 -0.6032 -0.6069
vn -0.4748 -0.5731 -0.6680
vn -0.4024 -0.7077 -0.5807
vn -0.4365 -0.6494 -0.6227
vn -0.4601 -0.6141 -0.6412
vn -0.4212 -0.6277 -0.6546
vn -0.4433 -0.5893 -0.6754
vn -0.4258 -0.5625 -0.7087
vn -0.3637 -0.7366 -0.5702
vn -0.4128 -0.6676 -0.6196
vn -0.3868 -0.6353 -0.6684
vn -0.3933 -0.6088 -0.6890
vn -0.3546 -0.5711 -0.7404
vn -0.2794 -0.7797 -0.5604
vn -0.2995 -0.7512 -0.5882
vn -0.3374 -0.6939 -0.6361
vn -0.2486 -0.7094 -0.6595
vn -0.2871 -0.6545 -0.6995
vn -0.3206 -0.6173 -0.7185
vn -0.2573 -0.6340 -0.7292
vn -0.2919 -0.5838 -0.7576
vn -0.2781 -0.5532 -0.7853
vn -0.2045 -0.7883 -0.5803
vn -0.2066 -0.7467 -0.6323
vn -0.1994 -0.7144 -0.6707
vn -0.2187 -0.6792 -0.7006
vn -0.2222 -0.6491 -0.7275
vn -0.2278 -0.6102 -0.7588
vn -0.2188 -0.5639 -0.7964
vn -0.1321 -0.7904 -0.5982
vn -0.1440 -0.7605 -0.6331
vn -0.1570 -0.7368 -0.6577
vn -0.1792 -0.6954 -0.6959
vn -0.1541 -0.6478 -0.7461
vn -0.1426 -0.6147 -0.7757
vn -0.1379 -0.5655 -0.8131
vn -0.0718 -0.8056 -0.5880
vn -0.0849 -0.7743 -0.6271
vn -0.0659 -0.7454 -0.6633
vn -0.0907 -0.6974 -0.7109
vn -0.0209 -0.6957 -0.7180
vn -0.0568 -0.6415 -0.7650
vn -0.0694 -0.6165 -0.7843
vn -0.0674 -0.5753 -0.8151
vn -0.0027 -0.8159 -0.5781
vn 0.0030 -0.7728 -0.6347
vn 0.0145 -0.7271 -0.6863
vn 0.0360 -0.6982 -0.7150
vn 0.0072 -0.6952 -0.7188
vn 0.0089 -0.6626 -0.7489
vn -0.0057 -0.6268 -0.7792
vn -0.0056 -0.5758 -0.8176
vn -0.5470 -0.5494 -0.6316
vn -0.4978 -0.5187 -0.6951
vn -0.5328 -0.4598 -0.7105
vn -0.4844 -0.4894 -0.7251
vn -0.4984 -0.4263 -0.7549
vn -0.5170 -0.3807 -0.7666
vn -0.5411 -0.3119 -0.7810
vn -0.4906 -0.3453 -0.8001
vn -0.4947 -0.2755 -0.8242
vn -0.5098 -0.2175 -0.8323
vn -0.5164 -0.1395 -0.8449
vn -0.5296 -0.0721 -0.8452
vn -0.5439 0.0136 -0.8390
vn -0.4788 -0.1069 -0.8714
vn -0.4755 -0.0746 -0.8765
vn -0.4798 0.0045 -0.8774
vn -0.4724 -0.5419 -0.6951
vn -0.4592 -0.5160 -0.7231
vn -0.4966 -0.4310 -0.7534
vn -0.4907 -0.3942 -0.7770
vn -0.4402 -0.3866 -0.8104
vn -0.4528 -0.3636 -0.8141
vn -0.4841 -0.2901 -0.8255
vn -0.4887 -0.2291 -0.8418
vn -0.4838 -0.1618 -0.8601
vn -0.4255 -0.2561 -0.8680
vn -0.4306 -0.1948 -0.8813
vn -0.4371 -0.1260 -0.8905
vn -0.4384 -0.0657 -0.8964
vn -0.4290 0.0023 -0.9033
vn -0.3526 -0.5507 -0.7566
vn -0.4050 -0.4752 -0.7812
vn -0.3051 -0.4964 -0.8127
vn -0.3395 -0.4162 -0.8435
vn -0.3607 -0.3878 -0.8482
vn -0.3955 -0.3327 -0.8561
vn -0.3186 -0.3480 -0.8817
vn -0.3318 -0.2814 -0.9004
vn -0.3591 -0.2093 -0.9095
vn -0.3885 -0.1513 -0.9089
vn -0.4146 -0.0617 -0.9079
vn -0.4122 0.0149 -0.9110
vn -0.3264 -0.1222 -0.9373
vn -0.3382 -0.0529 -0.9396
vn -0.3524 0.0133 -0.9358
vn -0.3113 -0.5473 -0.7769
vn -0.2893 -0.5021 -0.8150
vn -0.3061 -0.4500 -0.8389
vn -0.3265 -0.3932 -0.8595
vn -0.2828 -0.4069 -0.8686
vn -0.2959 -0.3517 -0.8881
vn -0.3026 -0.2988 -0.9051
vn -0.3185 -0.2176 -0.9226
vn -0.3115 -0.1823 -0.9326
vn -0.2791 -0.1773 -0.9437
vn -0.2646 -0.1406 -0.9540
vn -0.2563 -0.0681 -0.9642
vn -0.2672 0.0091 -0.9636
vn -0.2277 -0.5163 -0.8256
vn -0.2445 -0.4653 -0.8507
vn -0.2069 -0.4069 -0.8897
vn -0.2164 -0.3620 -0.9067
vn -0.2306 -0.3201 -0.9189
vn -0.2692 -0.2472 -0.9308
vn -0.1830 -0.2720 -0.9447
vn -0.2125 -0.1954 -0.9574
vn -0.2240 -0.1329 -0.9655
vn -0.2248 -0.0640 -0.9723
vn -0.2157 0.0072 -0.9764
vn -0.1380 -0.5258 -0.8393
vn -0.1678 -0.4717 -0.8657
vn -0.1152 -0.4806 -0.8693
vn -0.1395 -0.4150 -0.8990
vn -0.1485 -0.3771 -0.9142
vn -0.1590 -0.3245 -0.9324
vn -0.1292 -0.3248 -0.9369
vn -0.1287 -0.2748 -0.9528
vn -0.1359 -0.2181 -0.9664
vn -0.1423 -0.1425 -0.9795
vn -0.1497 -0.0649 -0.9866
vn -0.1572 0.0164 -0.9874
vn -0.0752 -0.5378 -0.8397
vn -0.0761 -0.4925 -0.8670
vn -0.0819 -0.4316 -0.8984
vn -0.0880 -0.3864 -0.9181
vn -0.0827 -0.3283 -0.9410
vn -0.0824 -0.2653 -0.9606
vn -0.0763 -0.2136 -0.9739
vn -0.0705 -0.1444 -0.9870
vn -0.0670 -0.0742 -0.9950
vn -0.0745 0.0060 -0.9972
vn 0.0022 -0.5372 -0.8434
vn 0.0077 -0.4884 -0.8726
vn 0.0120 -0.4352 -0.9002
vn 0.0136 -0.3888 -0.9212
vn 0.0125 -0.3346 -0.9423
vn 0.0076 -0.2751 -0.9614
vn -0.0028 -0.2137 -0.9769
vn -0.0054 -0.1342 -0.9909
vn 0.0072 -0.0624 -0.9980
vn 0.0178 -0.0037 -0.9998
vn -0.9957 0.0859 -0.0342
vn -0.9938 0.1022 -0.0443
vn -0.9884 0.1516 -0.0068
vn -0.9714 0.2375 -0.0031
vn -0.9535 0.3013 -0.0017
vn -0.9348 0.3550 -0.0065
vn -0.9932 0.0764 -0.0880
vn -0.9851 0.1462 -0.0908
vn -0.9674 0.2338 -0.0977
vn -0.9549 0.2846 -0.0846
vn -0.9305 0.3601 -0.0672
vn -0.9852 0.0792 -0.1521
vn -0.9736 0.1623 -0.1604
vn -0.9584 0.2334 -0.1641
vn -0.9515 0.2649 -0.1567
vn -0.9244 0.3531 -0.1443
vn -0.9691 0.0719 -0.2359
vn -0.9589 0.1598 -0.2343
vn -0.9541 0.2158 -0.2078
vn -0.9460 0.2651 -0.1866
vn -0.9504 0.0766 -0.3016
vn -0.9366 0.1584 -0.3125
vn -0.9353 0.1875 -0.3001
vn -0.9233 0.2601 -0.2827
vn -0.9395 0.0784 -0.3335
vn -0.9290 0.1472 -0.3397
vn -0.9111 0.4117 -0.0173
vn -0.8901 0.4556 -0.0141
vn -0.8673 0.4976 -0.0104
vn -0.9043 0.4186 -0.0839
vn -0.8935 0.4419 -0.0804
vn -0.8651 0.4978 -0.0619
vn -0.9215 0.3379 -0.1913
vn -0.8921 0.4176 -0.1726
vn -0.8906 0.4219 -0.1696
vn -0.8564 0.4948 -0.1473
vn -0.9089 0.3393 -0.2425
vn -0.8878 0.3933 -0.2390
vn -0.8803 0.4204 -0.2200
vn -0.9203 0.1883 -0.3429
vn -0.9128 0.2138 -0.3481
vn -0.8872 0.3186 -0.3337
vn -0.8753 0.3662 -0.3158
vn -0.8626 0.4181 -0.2847
vn -0.9085 0.0939 -0.4072
vn -0.9058 0.1717 -0.3873
vn -0.8994 0.2228 -0.3761
vn -0.8738 0.3168 -0.3689
vn -0.8605 0.3545 -0.3658
vn -0.8789 0.0865 -0.4690
vn -0.8814 0.1443 -0.4497
vn -0.8754 0.2140 -0.4335
vn -0.8536 0.2969 -0.4280
vn -0.8591 0.0867 -0.5044
vn -0.8558 0.1178 -0.5037
vn -0.8337 0.5521 -0.0135
vn -0.8043 0.5940 -0.0122
vn -0.8269 0.5571 -0.0764
vn -0.8025 0.5916 -0.0783
vn -0.8489 0.4862 -0.2074
vn -0.8099 0.5575 -0.1822
vn -0.7967 0.5791 -0.1730
vn -0.8414 0.4819 -0.2446
vn -0.8019 0.5490 -0.2359
vn -0.7876 0.5744 -0.2231
vn -0.8437 0.3996 -0.3584
vn -0.8259 0.4617 -0.3237
vn -0.7969 0.5264 -0.2965
vn -0.7797 0.5687 -0.2618
vn -0.8460 0.3506 -0.4018
vn -0.8390 0.3830 -0.3865
vn -0.8096 0.4483 -0.3790
vn -0.7798 0.5066 -0.3678
vn -0.8454 0.1746 -0.5047
vn -0.8289 0.2469 -0.5019
vn -0.8240 0.3150 -0.4710
vn -0.8377 0.3493 -0.4197
vn -0.8064 0.4457 -0.3886
vn -0.8385 0.0938 -0.5368
vn -0.8318 0.1514 -0.5340
vn -0.8081 0.2466 -0.5349
vn -0.7998 0.2859 -0.5278
vn -0.7944 0.3083 -0.5233
vn -0.7692 0.6389 -0.0107
vn -0.7680 0.6359 -0.0766
vn -0.7663 0.6195 -0.1702
vn -0.7640 0.6016 -0.2331
vn -0.7628 0.5552 -0.3316
vn -0.7587 0.5794 -0.2979
vn -0.7641 0.5021 -0.4049
vn -0.7470 0.5347 -0.3949
vn -0.7309 0.5622 -0.3870
vn -0.7677 0.4101 -0.4924
vn -0.7432 0.5044 -0.4396
vn -0.7412 0.5211 -0.4231
vn -0.7127 0.5641 -0.4170
vn -0.7805 0.2790 -0.5594
vn -0.7706 0.3062 -0.5589
vn -0.7302 0.3566 -0.5827
vn -0.6996 0.4511 -0.5541
vn -0.7059 0.4944 -0.5073
vn -0.6927 0.6323 -0.3471
vn -0.6655 0.6143 -0.4238
vn -0.6989 0.5500 -0.4573
vn -0.6624 0.6135 -0.4299
vn -0.6759 0.4648 -0.5719
vn -0.6658 0.5058 -0.5485
vn -0.6348 0.5826 -0.5076
vn -0.6163 0.6405 -0.4581
vn -0.6030 0.5503 -0.5776
vn -0.5716 0.6077 -0.5514
vn -0.7360 0.6769 -0.0119
vn -0.7310 0.6783 -0.0746
vn -0.7241 0.6709 -0.1599
vn -0.7179 0.6597 -0.2222
vn -0.7119 0.6527 -0.2593
vn -0.7067 0.7074 -0.0138
vn -0.6766 0.7362 -0.0141
vn -0.7022 0.7075 -0.0798
vn -0.6733 0.7349 -0.0812
vn -0.6880 0.7062 -0.1669
vn -0.6605 0.7307 -0.1725
vn -0.6694 0.7054 -0.2332
vn -0.6447 0.7280 -0.2333
vn -0.6494 0.6984 -0.3010
vn -0.6365 0.7243 -0.2652
vn -0.6298 0.6661 -0.3996
vn -0.6308 0.6520 -0.4206
vn -0.6206 0.7840 -0.0148
vn -0.5602 0.8282 -0.0127
vn -0.6206 0.7797 -0.0834
vn -0.5640 0.8221 -0.0776
vn -0.6127 0.7700 -0.1778
vn -0.5600 0.8107 -0.1707
vn -0.6101 0.7561 -0.2369
vn -0.5596 0.8007 -0.2139
vn -0.6215 0.7078 -0.3359
vn -0.5971 0.7450 -0.2975
vn -0.5508 0.7927 -0.2612
vn -0.6139 0.6800 -0.4008
vn -0.5706 0.7293 -0.3775
vn -0.6045 0.6691 -0.4324
vn -0.5630 0.7156 -0.4136
vn -0.5688 0.6426 -0.5134
vn -0.8008 0.0809 -0.5935
vn -0.8035 0.1488 -0.5764
vn -0.7874 0.2322 -0.5710
vn -0.7642 0.0742 -0.6406
vn -0.7563 0.1520 -0.6363
vn -0.7559 0.2457 -0.6068
vn -0.7709 0.2950 -0.5645
vn -0.7340 0.3845 -0.5598
vn -0.6963 0.4352 -0.5707
vn -0.7441 0.0841 -0.6628
vn -0.7196 0.1534 -0.6773
vn -0.7158 0.2115 -0.6655
vn -0.7148 0.2415 -0.6563
vn -0.7022 0.3319 -0.6299
vn -0.6776 0.4287 -0.5975
vn -0.6736 0.4564 -0.5813
vn -0.6485 0.4935 -0.5796
vn -0.7041 0.0978 -0.7033
vn -0.6916 0.1679 -0.7025
vn -0.6818 0.2186 -0.6981
vn -0.6442 0.2919 -0.7070
vn -0.6209 0.3808 -0.6852
vn -0.6303 0.4270 -0.6484
vn -0.6536 0.0856 -0.7520
vn -0.6580 0.1615 -0.7355
vn -0.6600 0.2147 -0.7199
vn -0.6366 0.2811 -0.7182
vn -0.6295 0.4762 -0.6140
vn -0.5931 0.5436 -0.5939
vn -0.5589 0.5882 -0.5845
vn -0.6062 0.3466 -0.7158
vn -0.5947 0.3777 -0.7097
vn -0.5833 0.4299 -0.6891
vn -0.5596 0.5097 -0.6535
vn -0.6135 0.0809 -0.7856
vn -0.6102 0.1538 -0.7772
vn -0.6181 0.2181 -0.7552
vn -0.5957 0.3249 -0.7345
vn -0.5785 0.3648 -0.7296
vn -0.5572 0.4106 -0.7218
vn -0.5704 0.0863 -0.8168
vn -0.5631 0.1477 -0.8131
vn -0.5568 0.1851 -0.8098
vn -0.5489 0.2768 -0.7887
vn -0.5441 0.6145 -0.5713
vn -0.5455 0.8380 -0.0138
vn -0.4927 0.8701 -0.0154
vn -0.5444 0.8354 -0.0758
vn -0.4913 0.8688 -0.0621
vn -0.5313 0.8267 -0.1851
vn -0.4866 0.8603 -0.1520
vn -0.5091 0.8287 -0.2324
vn -0.5324 0.7788 -0.3318
vn -0.4893 0.8218 -0.2919
vn -0.5037 0.7680 -0.3956
vn -0.4800 0.7960 -0.3689
vn -0.5531 0.6930 -0.4625
vn -0.5022 0.7575 -0.4171
vn -0.5116 0.6584 -0.5521
vn -0.4763 0.7189 -0.5062
vn -0.4272 0.9040 -0.0147
vn -0.4174 0.9054 -0.0781
vn -0.4797 0.8508 -0.2144
vn -0.4142 0.8938 -0.1719
vn -0.4879 0.8401 -0.2369
vn -0.4259 0.8812 -0.2051
vn -0.4786 0.8187 -0.3174
vn -0.4204 0.8660 -0.2709
vn -0.4712 0.7814 -0.4091
vn -0.4441 0.8058 -0.3919
vn -0.4610 0.7739 -0.4344
vn -0.4329 0.8045 -0.4066
vn -0.4279 0.6971 -0.5753
vn -0.4135 0.7346 -0.5379
vn -0.3986 0.9169 -0.0196
vn -0.3476 0.9375 -0.0146
vn -0.3925 0.9150 -0.0931
vn -0.3477 0.9356 -0.0619
vn -0.3775 0.9106 -0.1680
vn -0.3579 0.9071 -0.2213
vn -0.3866 0.8487 -0.3609
vn -0.3252 0.8966 -0.3006
vn -0.3640 0.8388 -0.4049
vn -0.3134 0.8748 -0.3695
vn -0.4152 0.7750 -0.4765
vn -0.3668 0.8315 -0.4172
vn -0.4000 0.7128 -0.5761
vn -0.3753 0.7315 -0.5692
vn -0.3341 0.7907 -0.5130
vn -0.2777 0.9606 -0.0092
vn -0.3399 0.9305 -0.1369
vn -0.2781 0.9566 -0.0872
vn -0.3367 0.9230 -0.1863
vn -0.2774 0.9490 -0.1498
vn -0.3456 0.9090 -0.2330
vn -0.2770 0.9436 -0.1812
vn -0.3057 0.8932 -0.3297
vn -0.3110 0.8618 -0.4006
vn -0.2840 0.8840 -0.3714
vn -0.2861 0.8467 -0.4487
vn -0.2719 0.8681 -0.4153
vn -0.2876 0.7691 -0.5708
vn -0.2542 0.8139 -0.5225
vn -0.2223 0.9750 -0.0048
vn -0.2167 0.9721 -0.0894
vn -0.2017 0.9673 -0.1541
vn -0.2551 0.9270 -0.2748
vn -0.1776 0.9648 -0.1941
vn -0.2101 0.9083 -0.3618
vn -0.1575 0.9423 -0.2955
vn -0.2228 0.9001 -0.3744
vn -0.2210 0.8416 -0.4929
vn -0.2231 0.8715 -0.4367
vn -0.2378 0.7919 -0.5625
vn -0.2133 0.8187 -0.5332
vn -0.1480 0.9890 -0.0069
vn -0.1457 0.9848 -0.0946
vn -0.1528 0.9743 -0.1655
vn -0.1405 0.9645 -0.2234
vn -0.1378 0.9314 -0.3369
vn -0.1197 0.9463 -0.3004
vn -0.1409 0.9162 -0.3752
vn -0.1566 0.8498 -0.5033
vn -0.1350 0.8863 -0.4430
vn -0.1544 0.8324 -0.5322
vn -0.0651 0.9978 -0.0143
vn -0.0573 0.9947 -0.0851
vn -0.0718 0.9852 -0.1558
vn -0.0744 0.9684 -0.2382
vn -0.1103 0.9354 -0.3359
vn -0.0808 0.9496 -0.3029
vn -0.0825 0.9146 -0.3959
vn -0.0589 0.9381 -0.3413
vn -0.0882 0.8618 -0.4995
vn -0.0601 0.8894 -0.4532
vn -0.0668 0.8499 -0.5226
vn -0.0413 0.8684 -0.4941
vn 0.0091 0.9995 -0.0287
vn 0.0039 0.9965 -0.0832
vn 0.0042 0.9886 -0.1506
vn 0.0173 0.9709 -0.2390
vn 0.0063 0.9599 -0.2804
vn -0.0022 0.9098 -0.4151
vn -0.0041 0.9411 -0.3381
vn -0.0042 0.8918 -0.4523
vn -0.0025 0.8442 -0.5360
vn -0.0179 0.8669 -0.4981
vn -0.5426 0.5701 -0.6169
vn -0.5350 0.6025 -0.5923
vn -0.5180 0.4677 -0.7161
vn -0.4967 0.5241 -0.6918
vn -0.4983 0.5694 -0.6538
vn -0.5502 0.3470 -0.7595
vn -0.5477 0.3875 -0.7416
vn -0.5035 0.4541 -0.7350
vn -0.4787 0.4961 -0.7244
vn -0.5494 0.0879 -0.8309
vn -0.5430 0.1620 -0.8240
vn -0.4998 0.2198 -0.8378
vn -0.4847 0.2951 -0.8234
vn -0.4913 0.3411 -0.8014
vn -0.4927 0.0712 -0.8673
vn -0.4939 0.1326 -0.8593
vn -0.4782 0.6249 -0.6171
vn -0.4685 0.5299 -0.7069
vn -0.4345 0.5843 -0.6855
vn -0.4758 0.4202 -0.7727
vn -0.4565 0.4850 -0.7459
vn -0.4485 0.5074 -0.7358
vn -0.4077 0.5629 -0.7190
vn -0.4814 0.2011 -0.8531
vn -0.4693 0.2548 -0.8455
vn -0.4509 0.3000 -0.8407
vn -0.4140 0.3633 -0.8347
vn -0.4041 0.4305 -0.8071
vn -0.4204 0.0766 -0.9041
vn -0.4177 0.1587 -0.8946
vn -0.4263 0.2287 -0.8752
vn -0.4217 0.2785 -0.8629
vn -0.3476 0.6166 -0.7064
vn -0.4163 0.4850 -0.7691
vn -0.3845 0.5468 -0.7437
vn -0.3384 0.5939 -0.7299
vn -0.3958 0.3383 -0.8538
vn -0.3680 0.3897 -0.8443
vn -0.3638 0.4231 -0.8298
vn -0.3470 0.4982 -0.7946
vn -0.3905 0.0967 -0.9155
vn -0.3697 0.1569 -0.9158
vn -0.3633 0.2249 -0.9041
vn -0.3570 0.3025 -0.8837
vn -0.3432 0.3604 -0.8674
vn -0.3502 0.0770 -0.9335
vn -0.3191 0.6243 -0.7130
vn -0.3125 0.5724 -0.7581
vn -0.3043 0.6134 -0.7288
vn -0.3406 0.4048 -0.8486
vn -0.2964 0.4564 -0.8390
vn -0.2662 0.5017 -0.8230
vn -0.3368 0.1311 -0.9324
vn -0.3289 0.1702 -0.9289
vn -0.3026 0.2359 -0.9235
vn -0.2921 0.3032 -0.9071
vn -0.3041 0.3646 -0.8801
vn -0.2756 0.4323 -0.8586
vn -0.2841 0.0955 -0.9540
vn -0.2934 0.1527 -0.9437
vn -0.2758 0.2139 -0.9371
vn -0.2544 0.5641 -0.7856
vn -0.2275 0.6269 -0.7451
vn -0.2269 0.4931 -0.8399
vn -0.2137 0.5010 -0.8386
vn -0.1883 0.5679 -0.8013
vn -0.2467 0.2677 -0.9314
vn -0.2186 0.3070 -0.9263
vn -0.2097 0.3676 -0.9060
vn -0.2030 0.4472 -0.8711
vn -0.2151 0.0757 -0.9737
vn -0.2179 0.1541 -0.9637
vn -0.2162 0.2388 -0.9467
vn -0.1968 0.2844 -0.9383
vn -0.1332 0.6274 -0.7673
vn -0.2016 0.4919 -0.8470
vn -0.1571 0.5461 -0.8228
vn -0.1182 0.5769 -0.8082
vn -0.1505 0.3335 -0.9306
vn -0.1391 0.3793 -0.9148
vn -0.1553 0.4248 -0.8919
vn -0.1303 0.5011 -0.8555
vn -0.1465 0.0847 -0.9856
vn -0.1350 0.1500 -0.9794
vn -0.1439 0.2332 -0.9617
vn -0.1442 0.2987 -0.9434
vn -0.0684 0.6180 -0.7832
vn -0.0634 0.5723 -0.8176
vn -0.0663 0.5826 -0.8100
vn -0.1145 0.3476 -0.9306
vn -0.0805 0.3958 -0.9148
vn -0.0603 0.4181 -0.9064
vn -0.0428 0.5069 -0.8609
vn -0.0832 0.0990 -0.9916
vn -0.0698 0.1583 -0.9849
vn -0.0654 0.2259 -0.9719
vn -0.0824 0.2964 -0.9515
vn -0.0566 0.3592 -0.9316
vn 0.0106 0.6240 -0.7813
vn 0.0012 0.5562 -0.8311
vn -0.0006 0.5909 -0.8068
vn -0.0021 0.4200 -0.9075
vn 0.0139 0.4321 -0.9017
vn 0.0098 0.4947 -0.8690
vn 0.0060 0.0892 -0.9960
vn -0.0043 0.1677 -0.9858
vn 0.0065 0.2266 -0.9740
vn 0.0027 0.2739 -0.9618
vn -0.0070 0.3599 -0.9330
vn -0.4967 0.6506 -0.5744
vn -0.4346 0.6912 -0.5774
vn -0.4023 0.6505 -0.6442
vn -0.3896 0.7064 -0.5909
vn -0.3661 0.7329 -0.5734
vn -0.3444 0.6594 -0.6682
vn -0.3460 0.7008 -0.6238
vn -0.3029 0.7648 -0.5686
vn -0.2967 0.6471 -0.7023
vn -0.2635 0.7159 -0.6466
vn -0.2737 0.6406 -0.7174
vn -0.2177 0.7793 -0.5876
vn -0.2062 0.8000 -0.5634
vn -0.2029 0.6771 -0.7073
vn -0.1793 0.7295 -0.6601
vn -0.2127 0.6576 -0.7227
vn -0.1483 0.7635 -0.6286
vn -0.1576 0.8041 -0.5733
vn -0.1424 0.7023 -0.6975
vn -0.1320 0.7247 -0.6763
vn -0.1424 0.6732 -0.7256
vn -0.0595 0.7641 -0.6423
vn -0.0637 0.8104 -0.5823
vn -0.0869 0.7090 -0.6998
vn -0.0715 0.7404 -0.6683
vn -0.0774 0.6635 -0.7441
vn 0.0085 0.7704 -0.6375
vn 0.0101 0.8044 -0.5940
vn -0.0000 0.7152 -0.6989
vn 0.0016 0.7577 -0.6526
vn 0.0068 0.6560 -0.7547
vn 0.0571 -0.6216 0.7813
vn 0.0725 -0.5754 0.8146
vn 0.0994 -0.7079 0.6993
vn 0.0840 -0.6768 0.7313
vn 0.0437 -0.7781 0.6266
vn 0.0786 -0.7328 0.6759
vn 0.1003 -0.6290 0.7709
vn 0.1322 -0.5497 0.8248
vn 0.1366 -0.7055 0.6954
vn 0.1474 -0.6953 0.7035
vn 0.1733 -0.6253 0.7608
vn 0.1255 -0.7700 0.6255
vn 0.1503 -0.7150 0.6828
vn 0.1677 -0.6987 0.6955
vn 0.2275 -0.5465 0.8060
vn 0.2397 -0.6684 0.7042
vn 0.2659 -0.6173 0.7405
vn 0.2229 -0.7179 0.6595
vn 0.2263 -0.6835 0.6940
vn 0.2774 -0.5625 0.7789
vn 0.2992 -0.6355 0.7118
vn 0.3122 -0.6163 0.7230
vn 0.3019 -0.7084 0.6380
vn 0.3033 -0.6617 0.6857
vn 0.3314 -0.6295 0.7028
vn 0.3618 -0.5872 0.7241
vn 0.3623 -0.6985 0.6171
vn 0.3630 -0.6621 0.6557
vn 0.3828 -0.6137 0.6905
vn 0.4309 -0.5536 0.7127
vn 0.4290 -0.6468 0.6306
vn 0.4671 -0.5835 0.6643
vn 0.5149 -0.5732 0.6374
vn 0.0702 -0.1282 0.9893
vn 0.0762 -0.0680 0.9948
vn 0.0529 -0.0006 0.9986
vn 0.0828 -0.3520 0.9323
vn 0.0817 -0.2995 0.9506
vn 0.0755 -0.2112 0.9745
vn 0.0868 -0.1517 0.9846
vn 0.1167 -0.1070 0.9874
vn 0.0810 -0.5064 0.8585
vn 0.0798 -0.4394 0.8948
vn 0.0829 -0.3890 0.9175
vn 0.0871 -0.5599 0.8240
vn 0.1374 -0.0600 0.9887
vn 0.1436 -0.0160 0.9895
vn 0.1302 -0.3444 0.9298
vn 0.1564 -0.2890 0.9445
vn 0.1585 -0.2203 0.9625
vn 0.1481 -0.1353 0.9797
vn 0.1670 -0.0772 0.9829
vn 0.1996 -0.0039 0.9799
vn 0.1653 -0.4968 0.8520
vn 0.1601 -0.4419 0.8827
vn 0.1469 -0.3902 0.9089
vn 0.1577 -0.5370 0.8287
vn 0.1949 -0.3298 0.9237
vn 0.2186 -0.2649 0.9392
vn 0.2363 -0.2227 0.9458
vn 0.2347 -0.1455 0.9611
vn 0.2241 -0.0626 0.9725
vn 0.2301 0.0103 0.9731
vn 0.2042 -0.4910 0.8469
vn 0.2314 -0.4412 0.8670
vn 0.2384 -0.3862 0.8911
vn 0.2599 -0.3121 0.9138
vn 0.2244 -0.5146 0.8275
vn 0.2561 -0.4746 0.8421
vn 0.2609 -0.2547 0.9312
vn 0.2781 -0.1901 0.9416
vn 0.3065 -0.1474 0.9404
vn 0.3094 -0.0715 0.9483
vn 0.2987 0.0053 0.9543
vn 0.3021 -0.4172 0.8571
vn 0.3110 -0.3737 0.8739
vn 0.3097 -0.3087 0.8993
vn 0.3253 -0.2277 0.9178
vn 0.2979 -0.4975 0.8147
vn 0.3127 -0.4524 0.8352
vn 0.3432 -0.5543 0.7583
vn 0.3391 -0.1691 0.9254
vn 0.3446 -0.1308 0.9296
vn 0.3634 -0.0722 0.9288
vn 0.3724 -0.0029 0.9281
vn 0.3433 -0.4078 0.8461
vn 0.3505 -0.3675 0.8614
vn 0.3800 -0.2925 0.8775
vn 0.3980 -0.2082 0.8934
vn 0.3903 -0.1412 0.9098
vn 0.4050 -0.0660 0.9119
vn 0.4203 0.0035 0.9074
vn 0.3769 -0.4813 0.7913
vn 0.3683 -0.4358 0.8212
vn 0.3817 -0.4005 0.8330
vn 0.4084 -0.5348 0.7397
vn 0.4179 -0.3322 0.8456
vn 0.4432 -0.2639 0.8567
vn 0.4399 -0.2291 0.8684
vn 0.4440 -0.1430 0.8845
vn 0.4490 -0.0629 0.8913
vn 0.4494 0.0114 0.8932
vn 0.4211 -0.4847 0.7667
vn 0.4186 -0.4456 0.7913
vn 0.4464 -0.3597 0.8194
vn 0.4803 -0.2841 0.8298
vn 0.4817 -0.2607 0.8367
vn 0.4491 -0.5117 0.7324
vn 0.4640 -0.4893 0.7385
vn 0.4808 -0.5404 0.6905
vn 0.5007 -0.2021 0.8417
vn 0.5167 -0.1316 0.8460
vn 0.5094 -0.0716 0.8575
vn 0.4984 0.0073 0.8669
vn 0.4955 -0.4130 0.7641
vn 0.5177 -0.3322 0.7884
vn 0.5027 -0.2950 0.8126
vn 0.5232 -0.2211 0.8230
vn 0.5546 -0.1398 0.8203
vn 0.5598 -0.0796 0.8248
vn 0.5639 0.0010 0.8259
vn 0.4810 -0.5045 0.7170
vn 0.5250 -0.4350 0.7315
vn 0.5713 -0.3707 0.7323
vn 0.5633 -0.3418 0.7523
vn 0.5207 -0.5425 0.6592
vn 0.5539 -0.4640 0.6913
vn 0.5704 -0.2800 0.7722
vn 0.5804 -0.1888 0.7922
vn 0.5752 -0.1375 0.8064
vn 0.5821 -0.0600 0.8109
vn 0.6074 0.0116 0.7943
vn 0.5859 -0.3871 0.7120
vn 0.5882 -0.3642 0.7221
vn 0.6168 -0.3093 0.7238
vn 0.6410 -0.2133 0.7373
vn 0.6285 -0.1575 0.7617
vn 0.6325 -0.0853 0.7698
vn 0.6394 0.0349 0.7681
vn 0.5908 -0.5064 0.6281
vn 0.6219 -0.4278 0.6560
vn 0.6174 -0.3880 0.6844
vn 0.0676 -0.8193 0.5693
vn 0.0730 -0.8695 0.4885
vn 0.0817 -0.8462 0.5266
vn 0.0792 -0.8850 0.4588
vn 0.0862 -0.9419 0.3247
vn 0.0930 -0.9208 0.3787
vn 0.0812 -0.9520 0.2953
vn 0.0870 -0.9728 0.2148
vn 0.0838 -0.9873 0.1348
vn 0.0114 -0.9983 0.0578
vn 0.0569 -0.9908 0.1227
vn 0.1634 -0.8179 0.5517
vn 0.1890 -0.7689 0.6107
vn 0.1335 -0.8578 0.4963
vn 0.1548 -0.8286 0.5381
vn 0.1512 -0.8889 0.4325
vn 0.1225 -0.9368 0.3277
vn 0.1538 -0.9149 0.3733
vn 0.1392 -0.9492 0.2823
vn 0.1540 -0.9656 0.2094
vn 0.1569 -0.9772 0.1434
vn 0.1438 -0.9872 0.0690
vn 0.1829 -0.9778 0.1019
vn 0.2230 -0.8078 0.5457
vn 0.2369 -0.7728 0.5888
vn 0.2034 -0.8460 0.4928
vn 0.2285 -0.8087 0.5421
vn 0.2339 -0.8821 0.4089
vn 0.2599 -0.8435 0.4700
vn 0.1905 -0.9219 0.3374
vn 0.2426 -0.8929 0.3792
vn 0.2094 -0.9364 0.2817
vn 0.2682 -0.9021 0.3380
vn 0.2177 -0.9557 0.1983
vn 0.2236 -0.9648 0.1384
vn 0.2290 -0.9711 0.0670
vn 0.2640 -0.7899 0.5535
vn 0.3099 -0.7506 0.5836
vn 0.2909 -0.8048 0.5173
vn 0.3360 -0.7626 0.5528
vn 0.2822 -0.8774 0.3880
vn 0.3096 -0.8414 0.4430
vn 0.2958 -0.8849 0.3598
vn 0.2966 -0.9174 0.2654
vn 0.3277 -0.8937 0.3064
vn 0.3054 -0.9330 0.1902
vn 0.3477 -0.9126 0.2151
vn 0.2987 -0.9421 0.1526
vn 0.3436 -0.9202 0.1873
vn 0.2955 -0.9533 0.0617
vn 0.3818 -0.7256 0.5725
vn 0.3999 -0.6939 0.5988
vn 0.3709 -0.7868 0.4933
vn 0.3960 -0.7364 0.5485
vn 0.3330 -0.8563 0.3949
vn 0.3834 -0.8195 0.4258
vn 0.3350 -0.8702 0.3613
vn 0.3970 -0.8214 0.4096
vn 0.3508 -0.8949 0.2758
vn 0.3784 -0.9013 0.2110
vn 0.3516 -0.9261 0.1371
vn 0.3852 -0.9083 0.1629
vn 0.3557 -0.9330 0.0543
vn 0.4026 -0.9135 0.0586
vn 0.4072 -0.7151 0.5682
vn 0.4488 -0.6714 0.5898
vn 0.4983 -0.6158 0.6103
vn 0.4270 -0.7736 0.4681
vn 0.4334 -0.7405 0.5137
vn 0.4690 -0.6878 0.5540
vn 0.4469 -0.7970 0.4064
vn 0.4760 -0.7660 0.4322
vn 0.4210 -0.8406 0.3408
vn 0.4653 -0.7986 0.3817
vn 0.4386 -0.8640 0.2473
vn 0.4912 -0.8243 0.2816
vn 0.4464 -0.8702 0.2086
vn 0.4921 -0.8401 0.2283
vn 0.4430 -0.8843 0.1474
vn 0.4521 -0.8902 0.0558
vn 0.5216 -0.6325 0.5726
vn 0.5407 -0.5984 0.5912
vn 0.5058 -0.7175 0.4789
vn 0.5487 -0.6500 0.5257
vn 0.5576 -0.6203 0.5516
vn 0.4789 -0.7753 0.4119
vn 0.5174 -0.7447 0.4216
vn 0.5678 -0.6872 0.4532
vn 0.4736 -0.7952 0.3786
vn 0.5227 -0.7433 0.4174
vn 0.4904 -0.8295 0.2672
vn 0.5493 -0.7727 0.3181
vn 0.4979 -0.8443 0.1983
vn 0.5244 -0.8251 0.2105
vn 0.5039 -0.8519 0.1428
vn 0.5434 -0.8270 0.1443
vn 0.5102 -0.8579 0.0607
vn 0.5565 -0.8286 0.0616
vn 0.5605 -0.5897 0.5815
vn 0.5822 -0.6438 0.4965
vn 0.5869 -0.6203 0.5204
vn 0.5782 -0.7025 0.4149
vn 0.6084 -0.6661 0.4314
vn 0.6264 -0.6321 0.4561
vn 0.5964 -0.7047 0.3844
vn 0.6136 -0.6726 0.4136
vn 0.5731 -0.7888 0.2223
vn 0.6323 -0.7293 0.2613
vn 0.5761 -0.7931 0.1979
vn 0.6303 -0.7472 0.2105
vn 0.5818 -0.8014 0.1389
vn 0.6306 -0.7622 0.1461
vn 0.5824 -0.8105 0.0627
vn 0.6345 -0.7698 0.0687
vn 0.5536 -0.5628 0.6139
vn 0.6033 -0.5179 0.6065
vn 0.6435 -0.4649 0.6082
vn 0.6300 -0.5441 0.5541
vn 0.6323 -0.0166 0.7745
vn 0.6347 0.0062 0.7727
vn 0.6324 -0.3333 0.6992
vn 0.6546 -0.2658 0.7077
vn 0.6748 -0.2167 0.7055
vn 0.6754 -0.1540 0.7212
vn 0.6849 -0.0532 0.7267
vn 0.6708 0.0114 0.7416
vn 0.6527 -0.4196 0.6308
vn 0.6542 -0.3674 0.6611
vn 0.6759 -0.2708 0.6855
vn 0.6869 -0.2199 0.6927
vn 0.6959 -0.1852 0.6938
vn 0.7125 -0.1068 0.6935
vn 0.7207 -0.0426 0.6919
vn 0.7152 -0.0034 0.6989
vn 0.7139 -0.3327 0.6162
vn 0.7262 -0.2603 0.6363
vn 0.7170 -0.2146 0.6632
vn 0.7355 -0.1372 0.6635
vn 0.7549 -0.0545 0.6536
vn 0.7561 -0.0003 0.6545
vn 0.6627 -0.5787 0.4754
vn 0.6382 -0.6451 0.4202
vn 0.6801 -0.5910 0.4338
vn 0.6352 -0.6993 0.3280
vn 0.6382 -0.6682 0.3824
vn 0.6808 -0.5932 0.4296
vn 0.6533 -0.7189 0.2376
vn 0.6711 -0.6968 0.2533
vn 0.6593 -0.7210 0.2132
vn 0.6898 -0.6927 0.2108
vn 0.6667 -0.7303 0.1489
vn 0.7028 -0.6924 0.1632
vn 0.6732 -0.7369 0.0621
vn 0.7121 -0.6970 0.0849
vn 0.7265 -0.5458 0.4175
vn 0.7101 -0.6205 0.3327
vn 0.7499 -0.5381 0.3848
vn 0.7307 -0.6451 0.2234
vn 0.7771 -0.5729 0.2606
vn 0.7336 -0.6496 0.1998
vn 0.7768 -0.5942 0.2086
vn 0.7467 -0.6500 0.1413
vn 0.7760 -0.6145 0.1420
vn 0.7162 -0.6969 0.0376
vn 0.7556 -0.6525 0.0577
vn 0.7764 -0.6271 0.0627
vn 0.7982 -0.5559 0.2323
vn 0.8012 -0.5597 0.2118
vn 0.8048 -0.5749 0.1477
vn 0.8071 -0.5869 0.0633
vn 0.6692 -0.4678 0.5773
vn 0.6788 -0.4470 0.5826
vn 0.6881 -0.4096 0.5989
vn 0.6975 -0.4976 0.5157
vn 0.6952 -0.4644 0.5488
vn 0.7135 -0.5393 0.4473
vn 0.7139 -0.4210 0.5596
vn 0.7494 -0.3620 0.5544
vn 0.7738 -0.2962 0.5599
vn 0.7735 -0.2289 0.5910
vn 0.7799 -0.1323 0.6118
vn 0.7801 -0.0543 0.6233
vn 0.7778 0.0060 0.6284
vn 0.7242 -0.4889 0.4863
vn 0.7270 -0.4461 0.5220
vn 0.7562 -0.3477 0.5543
vn 0.7766 -0.3060 0.5507
vn 0.7460 -0.5153 0.4218
vn 0.7605 -0.4852 0.4316
vn 0.7523 -0.5282 0.3937
vn 0.7782 -0.4826 0.4018
vn 0.7814 -0.5450 0.3038
vn 0.7928 -0.2758 0.5435
vn 0.8115 -0.2235 0.5399
vn 0.8268 -0.1387 0.5451
vn 0.8177 -0.0642 0.5720
vn 0.8130 0.0044 0.5822
vn 0.7824 -0.4044 0.4736
vn 0.8067 -0.3148 0.5002
vn 0.8029 -0.2843 0.5239
vn 0.8187 -0.2025 0.5373
vn 0.8426 -0.1368 0.5209
vn 0.8465 -0.0781 0.5266
vn 0.8511 0.0027 0.5249
vn 0.8209 -0.4247 0.3817
vn 0.8419 -0.3564 0.4052
vn 0.8360 -0.3220 0.4444
vn 0.8486 -0.2331 0.4748
vn 0.7978 -0.4888 0.3529
vn 0.8268 -0.4245 0.3692
vn 0.8436 -0.3757 0.3836
vn 0.8561 -0.3443 0.3855
vn 0.8187 -0.5110 0.2618
vn 0.8467 -0.4447 0.2922
vn 0.8554 -0.3955 0.3344
vn 0.8223 -0.5265 0.2159
vn 0.8560 -0.4624 0.2313
vn 0.8316 -0.5348 0.1498
vn 0.8418 -0.5361 0.0630
vn 0.8610 -0.1535 0.4849
vn 0.8653 -0.1174 0.4872
vn 0.8684 -0.0726 0.4906
vn 0.8800 0.0070 0.4749
vn 0.8755 -0.2818 0.3926
vn 0.8966 -0.1844 0.4026
vn 0.8933 -0.1412 0.4267
vn 0.8923 -0.0687 0.4463
vn 0.8975 0.0164 0.4408
vn 0.8700 -0.3433 0.3540
vn 0.8879 -0.2965 0.3517
vn 0.9092 -0.2108 0.3591
vn 0.9128 -0.1658 0.3732
vn 0.9232 -0.0683 0.3783
vn 0.9257 0.0151 0.3781
vn 0.8772 -0.4085 0.2523
vn 0.8875 -0.3614 0.2859
vn 0.9030 -0.2985 0.3090
vn 0.9195 -0.2090 0.3330
vn 0.9251 -0.1857 0.3312
vn 0.8594 -0.4723 0.1956
vn 0.8861 -0.4144 0.2075
vn 0.8976 -0.3815 0.2210
vn 0.9231 -0.3183 0.2157
vn 0.8664 -0.4802 0.1371
vn 0.8941 -0.4229 0.1474
vn 0.9066 -0.3922 0.1560
vn 0.9336 -0.3138 0.1731
vn 0.8736 -0.4834 0.0558
vn 0.8975 -0.4372 0.0581
vn 0.9184 -0.3915 0.0565
vn 0.9360 -0.1291 0.3276
vn 0.9488 -0.0484 0.3120
vn 0.9476 0.0017 0.3195
vn 0.9337 -0.2485 0.2577
vn 0.9408 -0.1881 0.2819
vn 0.9466 -0.1440 0.2885
vn 0.9594 -0.0526 0.2770
vn 0.9610 0.0004 0.2766
vn 0.9534 -0.2517 0.1666
vn 0.9598 -0.2077 0.1889
vn 0.9680 -0.1394 0.2088
vn 0.9752 -0.0599 0.2132
vn 0.9738 0.0058 0.2274
vn 0.9378 -0.3262 0.1191
vn 0.9581 -0.2515 0.1371
vn 0.9649 -0.2200 0.1434
vn 0.9802 -0.1398 0.1404
vn 0.9882 -0.0698 0.1363
vn 0.9906 -0.0010 0.1369
vn 0.9434 -0.3294 0.0389
vn 0.9599 -0.2738 0.0603
vn 0.9723 -0.2222 0.0722
vn 0.9893 -0.1293 0.0674
vn 0.9954 -0.0644 0.0704
vn 0.9979 0.0096 0.0635
vn 0.0442 0.0768 0.9961
vn 0.0466 0.1203 0.9916
vn 0.0913 0.1293 0.9874
vn 0.0785 0.1716 0.9820
vn 0.0815 0.2268 0.9705
vn 0.0857 0.2972 0.9509
vn 0.0890 0.3548 0.9307
vn 0.0921 0.4087 0.9080
vn 0.0886 0.4632 0.8818
vn 0.0844 0.5067 0.8580
vn 0.0841 0.5549 0.8277
vn 0.0761 0.5915 0.8027
vn 0.0729 0.6323 0.7713
vn 0.1384 0.0645 0.9883
vn 0.1861 0.0943 0.9780
vn 0.1553 0.1599 0.9749
vn 0.1509 0.2334 0.9606
vn 0.1473 0.2974 0.9433
vn 0.1337 0.3547 0.9253
vn 0.1574 0.4050 0.9007
vn 0.1509 0.4423 0.8841
vn 0.1273 0.4942 0.8600
vn 0.1451 0.5477 0.8240
vn 0.1498 0.5859 0.7964
vn 0.1594 0.6329 0.7576
vn 0.2327 0.0768 0.9695
vn 0.2359 0.1509 0.9600
vn 0.2306 0.2241 0.9469
vn 0.2144 0.2864 0.9338
vn 0.1891 0.3510 0.9171
vn 0.2680 0.3377 0.9023
vn 0.2355 0.3973 0.8870
vn 0.2293 0.4256 0.8754
vn 0.1985 0.4915 0.8480
vn 0.2796 0.4782 0.8326
vn 0.2397 0.5391 0.8074
vn 0.2277 0.5844 0.7788
vn 0.2348 0.6271 0.7427
vn 0.2936 0.0854 0.9521
vn 0.2937 0.1559 0.9431
vn 0.2960 0.2135 0.9310
vn 0.2885 0.2720 0.9180
vn 0.3283 0.2527 0.9101
vn 0.3197 0.3173 0.8928
vn 0.3014 0.3781 0.8753
vn 0.2936 0.4236 0.8570
vn 0.3262 0.4254 0.8442
vn 0.3219 0.4653 0.8245
vn 0.3030 0.5127 0.8033
vn 0.2789 0.5712 0.7719
vn 0.3248 0.5560 0.7651
vn 0.2936 0.6005 0.7438
vn 0.3623 0.0796 0.9287
vn 0.3424 0.1494 0.9276
vn 0.3336 0.2003 0.9212
vn 0.4247 0.0748 0.9022
vn 0.4045 0.1575 0.9009
vn 0.3822 0.2312 0.8947
vn 0.3509 0.2852 0.8919
vn 0.3151 0.3706 0.8737
vn 0.3671 0.4282 0.8258
vn 0.3599 0.4490 0.8178
vn 0.3373 0.5050 0.7945
vn 0.3805 0.5529 0.7413
vn 0.3818 0.5810 0.7188
vn 0.4251 0.6217 0.6578
vn 0.4597 0.0786 0.8846
vn 0.4546 0.1478 0.8783
vn 0.4490 0.2232 0.8652
vn 0.4430 0.2492 0.8612
vn 0.4244 0.3529 0.8339
vn 0.4981 0.2573 0.8280
vn 0.5090 0.2935 0.8092
vn 0.4752 0.3918 0.7878
vn 0.4502 0.4227 0.7865
vn 0.4252 0.4899 0.7611
vn 0.4963 0.4162 0.7619
vn 0.4931 0.4551 0.7414
vn 0.4630 0.5227 0.7158
vn 0.4362 0.5724 0.6944
vn 0.4780 0.5521 0.6832
vn 0.4491 0.6059 0.6567
vn 0.4892 0.0864 0.8679
vn 0.4879 0.1396 0.8616
vn 0.4927 0.2053 0.8456
vn 0.5495 0.0825 0.8314
vn 0.5354 0.1566 0.8300
vn 0.5202 0.2395 0.8198
vn 0.5031 0.3014 0.8100
vn 0.5006 0.3645 0.7852
vn 0.5503 0.3406 0.7624
vn 0.5213 0.3958 0.7560
vn 0.4978 0.4511 0.7408
vn 0.4882 0.5050 0.7118
vn 0.5427 0.4891 0.6829
vn 0.5171 0.5320 0.6705
vn 0.4928 0.5852 0.6440
vn 0.6069 0.0730 0.7914
vn 0.5988 0.1513 0.7865
vn 0.5836 0.2175 0.7824
vn 0.5719 0.2755 0.7727
vn 0.6359 0.0755 0.7681
vn 0.6381 0.1567 0.7539
vn 0.6331 0.2266 0.7401
vn 0.6183 0.3076 0.7232
vn 0.5956 0.3606 0.7178
vn 0.5756 0.4189 0.7023
vn 0.6407 0.3413 0.6878
vn 0.6382 0.3764 0.6716
vn 0.6199 0.4518 0.6416
vn 0.5951 0.5006 0.6287
vn 0.0694 0.6685 0.7405
vn 0.0534 0.7176 0.6944
vn 0.0839 0.7596 0.6450
vn 0.1648 0.6704 0.7235
vn 0.1313 0.7151 0.6866
vn 0.1961 0.7050 0.6816
vn 0.1590 0.7522 0.6395
vn 0.2256 0.6646 0.7123
vn 0.2278 0.6899 0.6871
vn 0.2114 0.7288 0.6513
vn 0.2565 0.6546 0.7112
vn 0.2997 0.6842 0.6649
vn 0.2796 0.7210 0.6340
vn 0.3417 0.6376 0.6905
vn 0.3963 0.6672 0.6307
vn 0.4242 0.6485 0.6321
vn 0.4679 0.6308 0.6190
vn 0.5627 0.5574 0.6105
vn 0.5339 0.6168 0.5784
vn 0.5656 0.6337 0.5278
vn 0.6302 0.4867 0.6050
vn 0.6225 0.5206 0.5844
vn 0.5871 0.5913 0.5529
vn 0.6275 0.5512 0.5499
vn 0.5912 0.6199 0.5159
vn 0.6162 0.6371 0.4631
vn 0.1048 0.7838 0.6121
vn 0.0808 0.8165 0.5716
vn 0.0751 0.8382 0.5402
vn 0.0769 0.8739 0.4799
vn 0.0861 0.9038 0.4192
vn 0.0718 0.9191 0.3874
vn 0.0476 0.9373 0.3454
vn 0.0714 0.9616 0.2651
vn 0.0838 0.9750 0.2057
vn 0.0787 0.9871 0.1397
vn 0.0876 0.9939 0.0666
vn 0.1463 0.7712 0.6196
vn 0.1458 0.8083 0.5705
vn 0.1666 0.8381 0.5194
vn 0.1389 0.8729 0.4678
vn 0.1995 0.8638 0.4628
vn 0.1567 0.8968 0.4138
vn 0.1575 0.9052 0.3948
vn 0.1245 0.9332 0.3372
vn 0.1965 0.9320 0.3047
vn 0.1561 0.9565 0.2463
vn 0.1562 0.9648 0.2114
vn 0.1455 0.9799 0.1367
vn 0.1540 0.9866 0.0542
vn 0.2204 0.7630 0.6077
vn 0.2117 0.8093 0.5479
vn 0.2342 0.8354 0.4972
vn 0.2531 0.8461 0.4691
vn 0.2147 0.8796 0.4245
vn 0.2306 0.9048 0.3580
vn 0.2502 0.9275 0.2779
vn 0.2128 0.9464 0.2431
vn 0.2558 0.9335 0.2511
vn 0.2197 0.9503 0.2204
vn 0.2282 0.9641 0.1358
vn 0.2324 0.9709 0.0575
vn 0.3514 0.7099 0.6104
vn 0.3184 0.7555 0.5726
vn 0.2868 0.7912 0.5401
vn 0.3412 0.7712 0.5374
vn 0.2981 0.8193 0.4897
vn 0.3069 0.8351 0.4565
vn 0.2811 0.8649 0.4159
vn 0.3491 0.8559 0.3814
vn 0.3105 0.8900 0.3339
vn 0.3049 0.9076 0.2884
vn 0.3079 0.9244 0.2250
vn 0.2779 0.9409 0.1939
vn 0.3338 0.9345 0.1239
vn 0.2963 0.9478 0.1176
vn 0.3360 0.9379 0.0859
vn 0.3061 0.9494 0.0701
vn 0.4001 0.6876 0.6059
vn 0.3620 0.7429 0.5630
vn 0.3765 0.7583 0.5321
vn 0.3446 0.8007 0.4900
vn 0.4197 0.7812 0.4622
vn 0.3761 0.8290 0.4139
vn 0.3947 0.8456 0.3594
vn 0.3563 0.8753 0.3270
vn 0.4002 0.8529 0.3351
vn 0.3569 0.8852 0.2984
vn 0.3744 0.9042 0.2056
vn 0.3877 0.9130 0.1274
vn 0.3730 0.9254 0.0671
vn 0.3433 0.9379 0.0507
vn 0.4408 0.6655 0.6023
vn 0.4087 0.7209 0.5597
vn 0.4818 0.6969 0.5312
vn 0.4421 0.7528 0.4877
vn 0.4784 0.7667 0.4281
vn 0.4409 0.8061 0.3947
vn 0.4823 0.7786 0.4013
vn 0.4385 0.8204 0.3670
vn 0.4607 0.8372 0.2947
vn 0.4277 0.8643 0.2647
vn 0.4928 0.8468 0.2000
vn 0.4469 0.8752 0.1850
vn 0.4862 0.8566 0.1725
vn 0.4451 0.8835 0.1460
vn 0.4363 0.8972 0.0685
vn 0.5169 0.6460 0.5617
vn 0.5504 0.6655 0.5042
vn 0.5047 0.7259 0.4673
vn 0.5518 0.6870 0.4729
vn 0.5019 0.7516 0.4280
vn 0.5276 0.7665 0.3664
vn 0.5024 0.7922 0.3464
vn 0.5674 0.7706 0.2902
vn 0.5183 0.8114 0.2701
vn 0.5668 0.7842 0.2525
vn 0.5163 0.8294 0.2133
vn 0.5151 0.8439 0.1497
vn 0.4909 0.8622 0.1248
vn 0.5451 0.8363 0.0585
vn 0.5025 0.8622 0.0638
vn 0.5771 0.6513 0.4927
vn 0.6017 0.6634 0.4449
vn 0.5636 0.7172 0.4099
vn 0.6352 0.6836 0.3595
vn 0.5789 0.7457 0.3299
vn 0.6357 0.7096 0.3038
vn 0.5948 0.7548 0.2764
vn 0.6096 0.7577 0.2330
vn 0.5656 0.7975 0.2101
vn 0.6334 0.7615 0.1373
vn 0.5717 0.8096 0.1330
vn 0.6327 0.7724 0.0553
vn 0.5805 0.8130 0.0455
vn 0.6551 0.0700 0.7523
vn 0.6525 0.1668 0.7392
vn 0.6544 0.2215 0.7230
vn 0.6484 0.2873 0.7050
vn 0.6982 0.1953 0.6888
vn 0.6842 0.2328 0.6912
vn 0.6672 0.3218 0.6718
vn 0.6574 0.3700 0.6564
vn 0.6440 0.4285 0.6337
vn 0.7141 0.0485 0.6984
vn 0.7093 0.1360 0.6916
vn 0.7699 0.0746 0.6338
vn 0.7616 0.1599 0.6280
vn 0.7412 0.2120 0.6369
vn 0.7222 0.2918 0.6271
vn 0.7056 0.3418 0.6207
vn 0.6819 0.3791 0.6255
vn 0.6497 0.4681 0.5990
vn 0.6455 0.5067 0.5715
vn 0.6871 0.5026 0.5247
vn 0.6767 0.5216 0.5196
vn 0.6454 0.5843 0.4921
vn 0.7106 0.5399 0.4511
vn 0.6750 0.6109 0.4136
vn 0.6909 0.6257 0.3621
vn 0.6992 0.6298 0.3383
vn 0.7827 0.0906 0.6158
vn 0.7789 0.1538 0.6081
vn 0.7785 0.2230 0.5867
vn 0.7674 0.3041 0.5644
vn 0.7514 0.3389 0.5661
vn 0.7171 0.4257 0.5519
vn 0.7823 0.3211 0.5338
vn 0.7789 0.3677 0.5080
vn 0.7544 0.4588 0.4695
vn 0.7320 0.4958 0.4673
vn 0.7807 0.4147 0.4674
vn 0.7607 0.4727 0.4448
vn 0.7536 0.5010 0.4255
vn 0.7176 0.5747 0.3934
vn 0.7746 0.4796 0.4122
vn 0.7535 0.5397 0.3753
vn 0.7251 0.5950 0.3467
vn 0.7721 0.5695 0.2820
vn 0.7480 0.5941 0.2960
vn 0.7873 0.5732 0.2272
vn 0.7781 0.5907 0.2136
vn 0.7754 0.6131 0.1515
vn 0.7712 0.6341 0.0566
vn 0.8112 0.0921 0.5775
vn 0.8017 0.1553 0.5772
vn 0.7972 0.2233 0.5609
vn 0.7868 0.2828 0.5487
vn 0.8479 0.0873 0.5230
vn 0.8246 0.1399 0.5481
vn 0.8063 0.2472 0.5374
vn 0.8039 0.3069 0.5094
vn 0.7992 0.3445 0.4925
vn 0.8457 0.2822 0.4529
vn 0.8329 0.3074 0.4601
vn 0.8129 0.3813 0.4403
vn 0.7969 0.4386 0.4154
vn 0.8585 0.3312 0.3914
vn 0.8365 0.4164 0.3562
vn 0.8247 0.4373 0.3585
vn 0.7980 0.4959 0.3424
vn 0.8526 0.4223 0.3077
vn 0.8474 0.4417 0.2945
vn 0.8168 0.5102 0.2692
vn 0.8453 0.4724 0.2496
vn 0.8085 0.5499 0.2096
vn 0.7986 0.5712 0.1898
vn 0.8531 0.4931 0.1707
vn 0.8149 0.5646 0.1310
vn 0.8078 0.5699 0.1504
vn 0.8429 0.5351 0.0563
vn 0.8200 0.5687 0.0648
vn 0.8782 0.0753 0.4724
vn 0.8716 0.1005 0.4799
vn 0.8605 0.1986 0.4691
vn 0.8952 0.0783 0.4388
vn 0.9028 0.1412 0.4062
vn 0.8968 0.2289 0.3785
vn 0.8814 0.2602 0.3942
vn 0.9080 0.0704 0.4130
vn 0.8940 0.1881 0.4068
vn 0.8989 0.2382 0.3679
vn 0.8980 0.2735 0.3446
vn 0.8737 0.3677 0.3185
vn 0.9215 0.2207 0.3195
vn 0.9145 0.2368 0.3280
vn 0.8973 0.3192 0.3048
vn 0.8784 0.3900 0.2764
vn 0.8679 0.4169 0.2701
vn 0.9311 0.2610 0.2547
vn 0.9124 0.3536 0.2060
vn 0.9002 0.3816 0.2100
vn 0.8834 0.4113 0.2244
vn 0.9269 0.3484 0.1396
vn 0.9152 0.3782 0.1389
vn 0.9002 0.4172 0.1249
vn 0.8604 0.5027 0.0837
vn 0.9325 0.3430 0.1136
vn 0.9153 0.3922 0.0915
vn 0.8920 0.4481 0.0591
vn 0.8660 0.4987 0.0364
vn 0.9383 0.0366 0.3438
vn 0.9285 0.1433 0.3425
vn 0.9658 0.0611 0.2520
vn 0.9584 0.1620 0.2350
vn 0.9494 0.1863 0.2529
vn 0.9716 0.0887 0.2195
vn 0.9655 0.1568 0.2077
vn 0.9624 0.1895 0.1944
vn 0.9422 0.2904 0.1674
vn 0.9867 0.0872 0.1372
vn 0.9754 0.1605 0.1509
vn 0.9647 0.2213 0.1430
vn 0.9425 0.3097 0.1256
vn 0.9955 0.0783 0.0527
vn 0.9870 0.1493 0.0592
vn 0.9708 0.2321 0.0601
vn 0.9498 0.3036 0.0758
vn 0.9379 0.3409 0.0642
vn 0.6531 0.6436 0.3990
vn 0.6761 0.6492 0.3485
vn 0.6709 0.6781 0.3001
vn 0.6376 0.7255 0.2591
vn 0.6810 0.7036 0.2031
vn 0.6445 0.7358 0.2081
vn 0.6979 0.7054 0.1237
vn 0.6748 0.7269 0.1273
vn 0.7005 0.7103 0.0692
vn 0.6766 0.7334 0.0661
vn 0.7171 0.6389 0.2785
vn 0.7344 0.6504 0.1940
vn 0.7252 0.6763 0.1295
vn 0.7218 0.6898 0.0571
vn 0.0319 -0.9992 -0.0248
vn 0.0970 -0.9920 -0.0805
vn 0.0533 -0.9959 -0.0733
vn 0.0811 -0.9912 -0.1043
vn 0.0746 -0.9865 -0.1457
vn 0.0801 -0.9680 -0.2379
vn 0.0769 -0.9512 -0.2987
vn 0.0691 -0.9380 -0.3398
vn 0.0785 -0.9135 -0.3991
vn 0.0834 -0.8796 -0.4684
vn 0.0796 -0.8620 -0.5007
vn 0.0730 -0.8372 -0.5420
vn 0.1365 -0.9903 -0.0275
vn 0.2002 -0.9789 -0.0402
vn 0.1562 -0.9840 -0.0854
vn 0.1510 -0.9771 -0.1498
vn 0.1567 -0.9581 -0.2399
vn 0.1407 -0.9505 -0.2771
vn 0.1218 -0.9320 -0.3414
vn 0.1515 -0.8984 -0.4122
vn 0.1499 -0.8782 -0.4541
vn 0.1273 -0.8626 -0.4896
vn 0.1466 -0.8311 -0.5365
vn 0.2342 -0.9721 -0.0151
vn 0.2224 -0.9724 -0.0708
vn 0.2293 -0.9605 -0.1579
vn 0.2282 -0.9462 -0.2293
vn 0.2071 -0.9432 -0.2597
vn 0.2560 -0.9138 -0.3154
vn 0.1896 -0.9238 -0.3326
vn 0.2361 -0.8851 -0.4011
vn 0.2142 -0.8768 -0.4305
vn 0.2507 -0.8429 -0.4760
vn 0.1852 -0.8543 -0.4856
vn 0.2258 -0.8138 -0.5355
vn 0.2950 -0.9555 -0.0070
vn 0.2821 -0.9568 -0.0697
vn 0.2760 -0.9457 -0.1716
vn 0.3371 -0.9167 -0.2144
vn 0.2723 -0.9368 -0.2198
vn 0.3198 -0.9140 -0.2496
vn 0.2671 -0.9293 -0.2549
vn 0.3154 -0.8994 -0.3026
vn 0.3066 -0.8734 -0.3783
vn 0.3459 -0.8423 -0.4133
vn 0.2800 -0.8615 -0.4236
vn 0.3156 -0.8302 -0.4595
vn 0.2945 -0.7980 -0.5259
vn 0.3270 -0.7589 -0.5632
vn 0.3628 -0.9319 -0.0031
vn 0.4066 -0.9136 -0.0083
vn 0.3648 -0.9293 -0.0577
vn 0.4168 -0.9060 -0.0736
vn 0.3637 -0.9197 -0.1475
vn 0.4188 -0.8905 -0.1776
vn 0.3827 -0.8930 -0.2367
vn 0.3615 -0.8805 -0.3067
vn 0.4044 -0.8414 -0.3585
vn 0.3559 -0.8599 -0.3658
vn 0.3886 -0.8304 -0.3993
vn 0.3684 -0.8216 -0.4350
vn 0.4105 -0.7662 -0.4944
vn 0.3430 -0.7875 -0.5121
vn 0.3786 -0.7393 -0.5569
vn 0.4460 -0.8950 -0.0066
vn 0.4448 -0.8922 -0.0777
vn 0.4318 -0.8886 -0.1550
vn 0.4130 -0.8871 -0.2060
vn 0.4775 -0.8416 -0.2523
vn 0.4101 -0.8651 -0.2888
vn 0.4600 -0.8216 -0.3367
vn 0.4375 -0.8187 -0.3720
vn 0.4872 -0.7734 -0.4056
vn 0.4175 -0.8059 -0.4198
vn 0.4648 -0.7483 -0.4732
vn 0.4451 -0.7218 -0.5300
vn 0.4745 -0.6864 -0.5510
vn 0.5060 -0.8626 -0.0029
vn 0.5557 -0.8314 -0.0022
vn 0.5069 -0.8586 -0.0768
vn 0.5561 -0.8270 -0.0832
vn 0.5037 -0.8519 -0.1431
vn 0.5565 -0.8170 -0.1512
vn 0.4929 -0.8508 -0.1819
vn 0.5456 -0.8103 -0.2137
vn 0.5135 -0.7966 -0.3189
vn 0.5547 -0.7547 -0.3503
vn 0.5045 -0.7906 -0.3469
vn 0.5454 -0.7512 -0.3718
vn 0.5149 -0.7265 -0.4551
vn 0.5463 -0.6768 -0.4935
vn 0.4941 -0.7037 -0.5105
vn 0.5264 -0.6636 -0.5316
vn 0.5588 -0.6207 -0.5500
vn 0.5715 -0.8205 0.0075
vn 0.6339 -0.7725 0.0379
vn 0.5689 -0.8177 -0.0880
vn 0.6276 -0.7674 -0.1313
vn 0.5780 -0.8012 -0.1551
vn 0.6242 -0.7637 -0.1646
vn 0.5771 -0.7929 -0.1953
vn 0.6195 -0.7540 -0.2185
vn 0.5686 -0.7714 -0.2857
vn 0.6007 -0.7308 -0.3242
vn 0.6321 -0.6930 -0.3467
vn 0.5880 -0.7275 -0.3536
vn 0.6262 -0.6867 -0.3693
vn 0.5727 -0.7050 -0.4183
vn 0.5974 -0.6582 -0.4581
vn 0.6209 -0.6072 -0.4958
vn 0.5757 -0.6367 -0.5131
vn 0.6061 -0.5915 -0.5318
vn 0.6335 -0.5452 -0.5490
vn 0.0756 -0.8057 -0.5875
vn 0.0859 -0.7647 -0.6386
vn 0.0789 -0.7254 -0.6838
vn 0.0770 -0.7017 -0.7083
vn 0.0711 -0.6694 -0.7395
vn 0.0793 -0.6184 -0.7819
vn 0.0860 -0.5623 -0.8225
vn 0.1539 -0.7911 -0.5920
vn 0.1593 -0.7584 -0.6320
vn 0.1466 -0.7339 -0.6632
vn 0.1416 -0.6972 -0.7027
vn 0.1512 -0.6476 -0.7468
vn 0.1641 -0.6015 -0.7818
vn 0.1512 -0.5676 -0.8093
vn 0.2256 -0.7811 -0.5822
vn 0.2260 -0.7555 -0.6149
vn 0.2110 -0.7318 -0.6481
vn 0.2255 -0.6777 -0.6999
vn 0.2253 -0.6292 -0.7439
vn 0.2183 -0.6097 -0.7620
vn 0.1902 -0.5770 -0.7943
vn 0.2728 -0.7733 -0.5724
vn 0.2977 -0.7541 -0.5854
vn 0.3358 -0.6992 -0.6312
vn 0.2677 -0.7158 -0.6450
vn 0.3069 -0.6484 -0.6967
vn 0.3346 -0.6182 -0.7113
vn 0.2803 -0.6273 -0.7266
vn 0.2993 -0.6060 -0.7370
vn 0.2603 -0.5619 -0.7851
vn 0.3710 -0.7351 -0.5675
vn 0.4015 -0.6820 -0.6113
vn 0.3710 -0.6334 -0.6791
vn 0.3826 -0.6066 -0.6969
vn 0.3712 -0.5795 -0.7255
vn 0.4234 -0.7087 -0.5643
vn 0.4503 -0.6696 -0.5907
vn 0.4779 -0.6121 -0.6300
vn 0.4209 -0.6279 -0.6546
vn 0.4424 -0.5801 -0.6839
vn 0.4215 -0.5611 -0.7124
vn 0.5057 -0.6466 -0.5710
vn 0.5322 -0.5951 -0.6022
vn 0.4976 -0.5605 -0.6620
vn 0.5864 -0.5725 -0.5730
vn 0.0854 -0.5282 -0.8448
vn 0.0765 -0.4841 -0.8717
vn 0.0772 -0.4292 -0.8999
vn 0.0792 -0.3878 -0.9183
vn 0.0663 -0.3318 -0.9410
vn 0.0788 -0.2726 -0.9589
vn 0.0887 -0.2221 -0.9710
vn 0.0812 -0.1428 -0.9864
vn 0.0665 -0.0543 -0.9963
vn 0.0744 0.0049 -0.9972
vn 0.1302 -0.5497 -0.8252
vn 0.0928 -0.4916 -0.8659
vn 0.1311 -0.4074 -0.9038
vn 0.1441 -0.3841 -0.9120
vn 0.1699 -0.3250 -0.9303
vn 0.1001 -0.3285 -0.9392
vn 0.1201 -0.2597 -0.9582
vn 0.1441 -0.2052 -0.9681
vn 0.1615 -0.1504 -0.9753
vn 0.1532 -0.0682 -0.9858
vn 0.1464 0.0177 -0.9891
vn 0.2291 -0.5266 -0.8187
vn 0.2830 -0.4521 -0.8459
vn 0.1891 -0.4765 -0.8586
vn 0.2337 -0.3947 -0.8886
vn 0.2348 -0.3639 -0.9014
vn 0.2547 -0.3202 -0.9125
vn 0.2674 -0.2586 -0.9283
vn 0.1990 -0.2623 -0.9442
vn 0.2039 -0.1924 -0.9599
vn 0.2124 -0.1370 -0.9675
vn 0.2321 -0.0728 -0.9700
vn 0.2283 0.0187 -0.9734
vn 0.3313 -0.5383 -0.7749
vn 0.2970 -0.4776 -0.8269
vn 0.3109 -0.4481 -0.8382
vn 0.3293 -0.3999 -0.8554
vn 0.2760 -0.4041 -0.8721
vn 0.2837 -0.3493 -0.8930
vn 0.3092 -0.3013 -0.9020
vn 0.3275 -0.2355 -0.9150
vn 0.3287 -0.1310 -0.9353
vn 0.3354 -0.0842 -0.9383
vn 0.2738 -0.1837 -0.9441
vn 0.2721 -0.1137 -0.9555
vn 0.2879 -0.0673 -0.9553
vn 0.2807 0.0078 -0.9598
vn 0.3923 -0.5159 -0.7615
vn 0.4083 -0.4625 -0.7870
vn 0.3513 -0.4689 -0.8104
vn 0.3709 -0.4252 -0.8256
vn 0.3987 -0.3772 -0.8359
vn 0.4088 -0.3195 -0.8548
vn 0.3529 -0.3332 -0.8743
vn 0.3646 -0.2824 -0.8873
vn 0.3729 -0.2237 -0.9005
vn 0.3912 -0.1306 -0.9110
vn 0.3961 -0.0677 -0.9157
vn 0.4042 0.0035 -0.9147
vn 0.3440 -0.0516 -0.9376
vn 0.3435 -0.0038 -0.9391
vn 0.4743 -0.5412 -0.6944
vn 0.4434 -0.5074 -0.7389
vn 0.4565 -0.4488 -0.7682
vn 0.4764 -0.3974 -0.7843
vn 0.4150 -0.4083 -0.8130
vn 0.4298 -0.3579 -0.8290
vn 0.4521 -0.2978 -0.8408
vn 0.4808 -0.2240 -0.8477
vn 0.4946 -0.1559 -0.8550
vn 0.4162 -0.2714 -0.8678
vn 0.4274 -0.2124 -0.8788
vn 0.4390 -0.1247 -0.8898
vn 0.4351 -0.0651 -0.8980
vn 0.4402 0.0073 -0.8979
vn 0.5521 -0.5411 -0.6344
vn 0.5230 -0.5103 -0.6827
vn 0.5524 -0.4583 -0.6962
vn 0.4990 -0.4844 -0.7185
vn 0.5237 -0.4289 -0.7361
vn 0.5446 -0.3655 -0.7548
vn 0.5630 -0.3034 -0.7688
vn 0.5693 -0.2448 -0.7848
vn 0.4969 -0.3350 -0.8006
vn 0.5076 -0.2818 -0.8142
vn 0.5320 -0.2071 -0.8210
vn 0.5404 -0.1402 -0.8296
vn 0.5354 -0.0731 -0.8414
vn 0.5431 0.0174 -0.8395
vn 0.4925 -0.1062 -0.8638
vn 0.4838 -0.0651 -0.8727
vn 0.4925 0.0120 -0.8702
vn 0.6073 -0.5226 -0.5984
vn 0.6244 -0.4673 -0.6258
vn 0.5691 -0.4865 -0.6629
vn 0.5847 -0.4290 -0.6885
vn 0.6108 -0.3658 -0.7022
vn 0.6250 -0.3205 -0.7118
vn 0.5696 -0.4041 -0.7157
vn 0.5826 -0.3505 -0.7333
vn 0.5953 -0.2939 -0.7479
vn 0.6041 -0.2230 -0.7651
vn 0.6126 -0.1488 -0.7763
vn 0.6340 -0.0513 -0.7716
vn 0.6339 0.0113 -0.7733
vn 0.5670 -0.1891 -0.8017
vn 0.5589 -0.1475 -0.8160
vn 0.5779 -0.0634 -0.8136
vn 0.5899 0.0163 -0.8073
vn 0.6323 -0.7747 0.0122
vn 0.6841 -0.7292 0.0128
vn 0.6300 -0.7750 -0.0501
vn 0.6775 -0.7295 -0.0945
vn 0.7105 -0.6911 -0.1327
vn 0.6696 -0.7255 -0.1593
vn 0.7058 -0.6886 -0.1664
vn 0.6615 -0.7198 -0.2102
vn 0.6961 -0.6840 -0.2183
vn 0.6455 -0.7033 -0.2978
vn 0.6724 -0.6654 -0.3242
vn 0.7004 -0.6220 -0.3502
vn 0.6657 -0.6551 -0.3573
vn 0.6971 -0.6113 -0.3747
vn 0.6472 -0.6343 -0.4228
vn 0.6720 -0.5828 -0.4568
vn 0.6490 -0.5614 -0.5135
vn 0.7179 -0.6959 0.0174
vn 0.7583 -0.6519 0.0019
vn 0.7790 -0.6271 -0.0029
vn 0.7194 -0.6921 -0.0586
vn 0.7576 -0.6462 -0.0919
vn 0.7755 -0.6254 -0.0859
vn 0.7446 -0.6492 -0.1550
vn 0.7704 -0.6190 -0.1526
vn 0.7338 -0.6481 -0.2036
vn 0.7588 -0.6173 -0.2075
vn 0.7123 -0.6377 -0.2932
vn 0.7355 -0.5947 -0.3245
vn 0.7363 -0.5709 -0.3631
vn 0.7190 -0.5554 -0.4177
vn 0.8100 -0.5864 -0.0029
vn 0.8074 -0.5839 -0.0847
vn 0.8062 -0.5715 -0.1529
vn 0.8057 -0.5642 -0.1805
vn 0.7854 -0.5519 -0.2802
vn 0.6906 -0.5329 -0.4890
vn 0.6746 -0.5115 -0.5322
vn 0.6962 -0.4589 -0.5521
vn 0.7666 -0.5294 -0.3635
vn 0.7658 -0.5138 -0.3867
vn 0.7845 -0.4726 -0.4015
vn 0.7443 -0.4976 -0.4454
vn 0.7607 -0.4634 -0.4546
vn 0.7728 -0.4111 -0.4835
vn 0.7151 -0.4801 -0.5081
vn 0.7263 -0.4354 -0.5320
vn 0.7371 -0.3732 -0.5634
vn 0.7573 -0.3169 -0.5710
vn 0.8487 -0.5289 -0.0058
vn 0.8442 -0.5291 -0.0861
vn 0.8373 -0.5203 -0.1683
vn 0.8589 -0.4766 -0.1875
vn 0.8400 -0.4989 -0.2132
vn 0.8542 -0.4687 -0.2250
vn 0.8205 -0.4760 -0.3165
vn 0.8296 -0.4596 -0.3172
vn 0.8458 -0.4021 -0.3506
vn 0.8003 -0.4775 -0.3626
vn 0.8185 -0.4357 -0.3744
vn 0.8324 -0.3831 -0.4003
vn 0.8535 -0.3138 -0.4160
vn 0.8099 -0.4232 -0.4061
vn 0.8319 -0.3597 -0.4226
vn 0.8460 -0.2780 -0.4549
vn 0.8524 -0.2189 -0.4748
vn 0.8569 -0.1717 -0.4861
vn 0.7962 -0.3310 -0.5064
vn 0.8158 -0.2702 -0.5114
vn 0.8338 -0.2055 -0.5123
vn 0.8389 -0.1385 -0.5264
vn 0.8407 -0.0659 -0.5375
vn 0.8317 0.0065 -0.5552
vn 0.8791 -0.4765 -0.0089
vn 0.8975 -0.4410 -0.0070
vn 0.9241 -0.3822 -0.0055
vn 0.8744 -0.4798 -0.0727
vn 0.8945 -0.4401 -0.0782
vn 0.9200 -0.3851 -0.0726
vn 0.8624 -0.4839 -0.1486
vn 0.8849 -0.4347 -0.1674
vn 0.9061 -0.3836 -0.1782
vn 0.9218 -0.3246 -0.2120
vn 0.8833 -0.4201 -0.2079
vn 0.9050 -0.3591 -0.2283
vn 0.9173 -0.3116 -0.2477
vn 0.9323 -0.2465 -0.2648
vn 0.8669 -0.4165 -0.2738
vn 0.8913 -0.3474 -0.2913
vn 0.9087 -0.2899 -0.3005
vn 0.9264 -0.2143 -0.3097
vn 0.9360 -0.1449 -0.3207
vn 0.9402 -0.0944 -0.3271
vn 0.8681 -0.3384 -0.3631
vn 0.8835 -0.2754 -0.3789
vn 0.8993 -0.2150 -0.3809
vn 0.9112 -0.1434 -0.3863
vn 0.9226 -0.0635 -0.3805
vn 0.9204 0.0104 -0.3909
vn 0.8667 -0.2538 -0.4295
vn 0.8728 -0.2111 -0.4401
vn 0.8815 -0.1456 -0.4492
vn 0.8909 -0.0649 -0.4496
vn 0.8971 0.0093 -0.4417
vn 0.8590 -0.1114 -0.4997
vn 0.8611 -0.0621 -0.5047
vn 0.8629 -0.0002 -0.5053
vn 0.9445 -0.3283 -0.0091
vn 0.9582 -0.2858 -0.0111
vn 0.9748 -0.2221 -0.0193
vn 0.9899 -0.1407 -0.0171
vn 0.9975 -0.0713 -0.0019
vn 0.9998 0.0191 -0.0027
vn 0.9457 -0.3217 -0.0472
vn 0.9602 -0.2719 -0.0636
vn 0.9746 -0.2106 -0.0767
vn 0.9863 -0.1423 -0.0836
vn 0.9931 -0.0734 -0.0917
vn 0.9954 0.0085 -0.0954
vn 0.9346 -0.3304 -0.1318
vn 0.9480 -0.2758 -0.1588
vn 0.9655 -0.2109 -0.1529
vn 0.9800 -0.1366 -0.1444
vn 0.9873 -0.0590 -0.1475
vn 0.9883 0.0101 -0.1522
vn 0.9360 -0.2719 -0.2237
vn 0.9492 -0.2079 -0.2360
vn 0.9606 -0.1426 -0.2385
vn 0.9693 -0.0667 -0.2367
vn 0.9744 0.0113 -0.2246
vn 0.9424 -0.1849 -0.2787
vn 0.9475 -0.1345 -0.2900
vn 0.9508 -0.0728 -0.3010
vn 0.9525 0.0033 -0.3044
vn 0.9395 -0.0415 -0.3400
vn 0.9354 0.0026 -0.3535
vn 0.6609 -0.4935 -0.5654
vn 0.6882 -0.4327 -0.5823
vn 0.7016 -0.3714 -0.6082
vn 0.7099 -0.3181 -0.6284
vn 0.6442 -0.4035 -0.6498
vn 0.6570 -0.3474 -0.6691
vn 0.6717 -0.2903 -0.6816
vn 0.6947 -0.2106 -0.6878
vn 0.7076 -0.1356 -0.6935
vn 0.7024 -0.0654 -0.7088
vn 0.6990 -0.0002 -0.7151
vn 0.6383 -0.2680 -0.7216
vn 0.6480 -0.2126 -0.7314
vn 0.6711 -0.1354 -0.7289
vn 0.6786 -0.0534 -0.7325
vn 0.6631 0.0024 -0.7485
vn 0.7145 -0.4080 -0.5684
vn 0.7324 -0.3562 -0.5803
vn 0.7442 -0.2909 -0.6013
vn 0.7531 -0.2106 -0.6233
vn 0.7614 -0.1481 -0.6311
vn 0.7719 -0.0689 -0.6320
vn 0.7818 0.0197 -0.6232
vn 0.7189 -0.2583 -0.6453
vn 0.7304 -0.1995 -0.6533
vn 0.7320 -0.1423 -0.6663
vn 0.7286 -0.0683 -0.6815
vn 0.7375 0.0084 -0.6753
vn 0.7806 -0.2536 -0.5713
vn 0.7937 -0.1954 -0.5760
vn 0.8037 -0.1384 -0.5787
vn 0.8167 -0.0619 -0.5737
vn 0.8171 0.0195 -0.5761
vn 0.5574 0.6145 -0.5583
vn 0.6177 0.6183 -0.4859
vn 0.6123 0.5686 -0.5493
vn 0.5878 0.5981 -0.5448
vn 0.0881 0.9959 -0.0193
vn 0.0702 0.9945 -0.0772
vn 0.0773 0.9829 -0.1672
vn 0.0817 0.9669 -0.2418
vn 0.1019 0.9357 -0.3378
vn 0.0681 0.9633 -0.2595
vn 0.0853 0.9037 -0.4196
vn 0.0494 0.9398 -0.3382
vn 0.1242 0.8661 -0.4843
vn 0.0884 0.8962 -0.4347
vn 0.0872 0.8341 -0.5446
vn 0.0531 0.8684 -0.4930
vn 0.1535 0.9881 -0.0096
vn 0.1536 0.9855 -0.0725
vn 0.1624 0.9720 -0.1698
vn 0.1439 0.9652 -0.2182
vn 0.1602 0.9247 -0.3453
vn 0.1195 0.9567 -0.2655
vn 0.1554 0.8976 -0.4126
vn 0.1604 0.8625 -0.4799
vn 0.1493 0.8903 -0.4301
vn 0.1602 0.8245 -0.5428
vn 0.2198 0.9755 -0.0120
vn 0.2313 0.9687 -0.0901
vn 0.2346 0.9581 -0.1642
vn 0.2742 0.9310 -0.2407
vn 0.2236 0.9562 -0.1887
vn 0.2590 0.9069 -0.3323
vn 0.2073 0.9410 -0.2675
vn 0.2309 0.8977 -0.3753
vn 0.2176 0.8499 -0.4798
vn 0.1931 0.8871 -0.4192
vn 0.2466 0.7858 -0.5672
vn 0.2182 0.8112 -0.5426
vn 0.2885 0.9575 0.0011
vn 0.3387 0.9322 -0.1277
vn 0.2716 0.9577 -0.0948
vn 0.3076 0.9351 -0.1758
vn 0.2607 0.9521 -0.1597
vn 0.3042 0.9239 -0.2320
vn 0.2633 0.9465 -0.1867
vn 0.3089 0.8972 -0.3155
vn 0.3378 0.8558 -0.3918
vn 0.3014 0.8870 -0.3497
vn 0.3214 0.8280 -0.4596
vn 0.2779 0.8701 -0.4070
vn 0.3145 0.7751 -0.5480
vn 0.3108 0.7983 -0.5159
vn 0.3995 0.9167 -0.0067
vn 0.3535 0.9353 0.0150
vn 0.4198 0.9032 -0.0893
vn 0.3610 0.9307 -0.0590
vn 0.3923 0.9064 -0.1565
vn 0.3669 0.9003 -0.2343
vn 0.3894 0.8589 -0.3326
vn 0.3454 0.8874 -0.3053
vn 0.3654 0.8467 -0.3868
vn 0.3312 0.8775 -0.3469
vn 0.3926 0.7749 -0.4954
vn 0.3604 0.8117 -0.4596
vn 0.3673 0.7733 -0.5168
vn 0.3534 0.7887 -0.5031
vn 0.4355 0.8999 -0.0208
vn 0.4239 0.9019 -0.0832
vn 0.4794 0.8550 -0.1979
vn 0.4261 0.8920 -0.1510
vn 0.4866 0.8375 -0.2487
vn 0.4414 0.8690 -0.2235
vn 0.4647 0.8334 -0.2992
vn 0.4251 0.8606 -0.2803
vn 0.4911 0.7635 -0.4195
vn 0.4404 0.8174 -0.3712
vn 0.4544 0.7574 -0.4690
vn 0.4180 0.7933 -0.4426
vn 0.4689 0.6927 -0.5480
vn 0.4257 0.7549 -0.4989
vn 0.5628 0.8266 -0.0082
vn 0.5053 0.8629 -0.0103
vn 0.5513 0.8309 -0.0752
vn 0.4833 0.8725 -0.0719
vn 0.5322 0.8304 -0.1651
vn 0.4809 0.8674 -0.1276
vn 0.5532 0.7917 -0.2592
vn 0.5028 0.8317 -0.2353
vn 0.5443 0.7743 -0.3229
vn 0.4929 0.8228 -0.2829
vn 0.5581 0.7166 -0.4184
vn 0.5379 0.7434 -0.3975
vn 0.5006 0.7910 -0.3516
vn 0.5494 0.7050 -0.4485
vn 0.5196 0.7394 -0.4281
vn 0.5343 0.6687 -0.5171
vn 0.4992 0.7220 -0.4790
vn 0.6154 0.7881 -0.0113
vn 0.5755 0.8177 -0.0121
vn 0.6215 0.7779 -0.0928
vn 0.5872 0.8059 -0.0758
vn 0.6301 0.7601 -0.1587
vn 0.5909 0.7925 -0.1508
vn 0.6158 0.7568 -0.2192
vn 0.5737 0.7932 -0.2041
vn 0.6298 0.6932 -0.3504
vn 0.5896 0.7441 -0.3141
vn 0.5973 0.6996 -0.3921
vn 0.5736 0.7260 -0.3793
vn 0.5730 0.6899 -0.4425
vn 0.5621 0.6523 -0.5085
vn 0.0762 0.6331 -0.7703
vn 0.1229 0.4838 -0.8665
vn 0.0884 0.5399 -0.8371
vn 0.0707 0.5934 -0.8018
vn 0.1173 0.3312 -0.9362
vn 0.0790 0.4230 -0.9027
vn 0.0845 0.4381 -0.8949
vn 0.0658 0.4882 -0.8702
vn 0.0848 0.0811 -0.9931
vn 0.0749 0.1628 -0.9838
vn 0.0773 0.2365 -0.9686
vn 0.0810 0.2598 -0.9623
vn 0.0474 0.3519 -0.9348
vn 0.1420 0.6406 -0.7546
vn 0.1716 0.4832 -0.8586
vn 0.1511 0.5159 -0.8432
vn 0.1224 0.5842 -0.8023
vn 0.1765 0.3190 -0.9312
vn 0.1561 0.3960 -0.9049
vn 0.1490 0.4482 -0.8814
vn 0.1583 0.0831 -0.9839
vn 0.1517 0.1545 -0.9763
vn 0.1412 0.2372 -0.9611
vn 0.1424 0.2720 -0.9517
vn 0.2761 0.5552 -0.7846
vn 0.2325 0.6396 -0.7327
vn 0.2188 0.4936 -0.8417
vn 0.2355 0.4896 -0.8395
vn 0.2028 0.5763 -0.7917
vn 0.2544 0.2858 -0.9239
vn 0.2354 0.3171 -0.9187
vn 0.2223 0.3613 -0.9055
vn 0.1926 0.4487 -0.8727
vn 0.2284 0.0850 -0.9699
vn 0.2215 0.1422 -0.9647
vn 0.2058 0.2354 -0.9498
vn 0.1943 0.2847 -0.9387
vn 0.3088 0.6432 -0.7007
vn 0.3192 0.5408 -0.7783
vn 0.2864 0.6156 -0.7341
vn 0.3422 0.4014 -0.8496
vn 0.3048 0.4859 -0.8192
vn 0.2958 0.4928 -0.8183
vn 0.3316 0.1223 -0.9355
vn 0.3342 0.1565 -0.9294
vn 0.3227 0.2532 -0.9120
vn 0.3017 0.3064 -0.9028
vn 0.2942 0.3388 -0.8937
vn 0.2675 0.4329 -0.8608
vn 0.2751 0.0919 -0.9570
vn 0.2840 0.1269 -0.9504
vn 0.2825 0.2091 -0.9362
vn 0.3757 0.6429 -0.6675
vn 0.4001 0.4905 -0.7742
vn 0.3770 0.5086 -0.7740
vn 0.3492 0.5862 -0.7311
vn 0.3996 0.3301 -0.8552
vn 0.3873 0.3783 -0.8408
vn 0.3658 0.4602 -0.8089
vn 0.3475 0.4941 -0.7969
vn 0.3965 0.0984 -0.9127
vn 0.3826 0.1555 -0.9107
vn 0.3636 0.2359 -0.9012
vn 0.3544 0.2992 -0.8859
vn 0.3486 0.3323 -0.8764
vn 0.3419 0.0707 -0.9371
vn 0.4517 0.6356 -0.6261
vn 0.4758 0.5352 -0.6980
vn 0.4312 0.6224 -0.6532
vn 0.4837 0.4130 -0.7716
vn 0.4522 0.4753 -0.7547
vn 0.4398 0.4907 -0.7522
vn 0.4177 0.5633 -0.7129
vn 0.4825 0.1724 -0.8588
vn 0.4779 0.2530 -0.8412
vn 0.4546 0.3129 -0.8339
vn 0.4348 0.3626 -0.8243
vn 0.4165 0.4397 -0.7957
vn 0.4353 0.0830 -0.8964
vn 0.4225 0.1388 -0.8957
vn 0.4188 0.2265 -0.8794
vn 0.4115 0.2900 -0.8640
vn 0.5602 0.5544 -0.6155
vn 0.5363 0.6044 -0.5892
vn 0.5526 0.4353 -0.7108
vn 0.5495 0.4624 -0.6958
vn 0.5324 0.5052 -0.6792
vn 0.5013 0.5818 -0.6405
vn 0.5606 0.2729 -0.7819
vn 0.5482 0.3054 -0.7786
vn 0.5336 0.3893 -0.7508
vn 0.5153 0.4468 -0.7313
vn 0.4985 0.4818 -0.7207
vn 0.5418 0.0830 -0.8364
vn 0.5392 0.1445 -0.8297
vn 0.5243 0.2460 -0.8152
vn 0.5083 0.2909 -0.8106
vn 0.5021 0.3412 -0.7946
vn 0.4964 0.0752 -0.8649
vn 0.4912 0.1079 -0.8644
vn 0.6094 0.4693 -0.6391
vn 0.5839 0.5432 -0.6033
vn 0.5708 0.5867 -0.5744
vn 0.6281 0.3215 -0.7087
vn 0.5970 0.4152 -0.6864
vn 0.5801 0.4482 -0.6802
vn 0.5663 0.4960 -0.6583
vn 0.6214 0.0811 -0.7793
vn 0.6247 0.1607 -0.7641
vn 0.6092 0.2417 -0.7553
vn 0.5787 0.2811 -0.7656
vn 0.5593 0.3733 -0.7402
vn 0.5765 0.0818 -0.8130
vn 0.5752 0.1447 -0.8051
vn 0.5728 0.2245 -0.7884
vn 0.0715 0.7721 -0.6314
vn 0.0789 0.8050 -0.5879
vn 0.0811 0.7026 -0.7070
vn 0.0691 0.7500 -0.6578
vn 0.0836 0.6498 -0.7555
vn 0.1578 0.7774 -0.6089
vn 0.1639 0.8027 -0.5735
vn 0.1602 0.6894 -0.7065
vn 0.1498 0.7397 -0.6561
vn 0.1553 0.6511 -0.7429
vn 0.2167 0.7748 -0.5939
vn 0.1958 0.7941 -0.5754
vn 0.2259 0.6713 -0.7060
vn 0.2058 0.7299 -0.6519
vn 0.2257 0.6513 -0.7244
vn 0.3337 0.6949 -0.6370
vn 0.2924 0.7639 -0.5752
vn 0.2958 0.6547 -0.6956
vn 0.2610 0.7178 -0.6455
vn 0.2606 0.6475 -0.7161
vn 0.3948 0.6681 -0.6307
vn 0.3541 0.7409 -0.5707
vn 0.3820 0.6487 -0.6583
vn 0.4339 0.6548 -0.6188
vn 0.4100 0.7175 -0.5631
vn 0.4147 0.6447 -0.6422
vn 0.5038 0.6393 -0.5809
vn 0.6985 0.6320 -0.3356
vn 0.6922 0.6216 -0.3667
vn 0.6948 0.5358 -0.4797
vn 0.6803 0.5812 -0.4466
vn 0.7137 0.4125 -0.5661
vn 0.7027 0.4665 -0.5373
vn 0.6856 0.5236 -0.5058
vn 0.6516 0.5666 -0.5044
vn 0.7739 0.6327 -0.0279
vn 0.7687 0.6347 -0.0794
vn 0.7740 0.6142 -0.1537
vn 0.7858 0.5623 -0.2577
vn 0.7698 0.5909 -0.2415
vn 0.7711 0.5634 -0.2965
vn 0.7404 0.5983 -0.3062
vn 0.7742 0.4741 -0.4193
vn 0.7525 0.5326 -0.3873
vn 0.7243 0.5900 -0.3568
vn 0.7765 0.4121 -0.4767
vn 0.7552 0.4732 -0.4535
vn 0.7302 0.5083 -0.4566
vn 0.7092 0.5621 -0.4255
vn 0.7830 0.2853 -0.5528
vn 0.7694 0.3192 -0.5532
vn 0.7485 0.3785 -0.5445
vn 0.7300 0.4587 -0.5066
vn 0.7149 0.4991 -0.4897
vn 0.8444 0.5357 -0.0035
vn 0.8114 0.5841 -0.0202
vn 0.8332 0.5487 -0.0688
vn 0.7974 0.5985 -0.0768
vn 0.8541 0.4857 -0.1859
vn 0.8200 0.5464 -0.1705
vn 0.7990 0.5788 -0.1632
vn 0.8303 0.5049 -0.2358
vn 0.8091 0.5383 -0.2357
vn 0.7948 0.5667 -0.2172
vn 0.8404 0.4027 -0.3626
vn 0.8161 0.4765 -0.3270
vn 0.8062 0.5203 -0.2816
vn 0.8497 0.3457 -0.3982
vn 0.8282 0.4032 -0.3893
vn 0.8145 0.4338 -0.3853
vn 0.7911 0.4979 -0.3553
vn 0.8543 0.1970 -0.4810
vn 0.8401 0.2282 -0.4921
vn 0.8209 0.3050 -0.4828
vn 0.8177 0.3786 -0.4337
vn 0.8017 0.4309 -0.4143
vn 0.8269 0.0751 -0.5573
vn 0.8348 0.1682 -0.5243
vn 0.8253 0.2464 -0.5082
vn 0.8043 0.2906 -0.5183
vn 0.7896 0.3414 -0.5099
vn 0.9135 0.4067 -0.0069
vn 0.8838 0.4677 -0.0079
vn 0.8658 0.5004 -0.0012
vn 0.9315 0.3458 -0.1126
vn 0.9065 0.4105 -0.0988
vn 0.8950 0.4387 -0.0808
vn 0.8716 0.4876 -0.0502
vn 0.9210 0.3511 -0.1689
vn 0.8999 0.4080 -0.1542
vn 0.8964 0.4184 -0.1462
vn 0.8661 0.4832 -0.1280
vn 0.9251 0.2612 -0.2754
vn 0.9066 0.3302 -0.2629
vn 0.9046 0.3625 -0.2243
vn 0.8811 0.4317 -0.1930
vn 0.9319 0.1020 -0.3480
vn 0.9335 0.1552 -0.3233
vn 0.9162 0.2501 -0.3130
vn 0.9007 0.3072 -0.3072
vn 0.8898 0.3373 -0.3075
vn 0.8585 0.4247 -0.2873
vn 0.9126 0.0775 -0.4014
vn 0.9021 0.1517 -0.4040
vn 0.8983 0.2319 -0.3732
vn 0.8936 0.2953 -0.3380
vn 0.8721 0.3486 -0.3434
vn 0.8993 0.0833 -0.4293
vn 0.8840 0.1625 -0.4382
vn 0.8729 0.2003 -0.4450
vn 0.8623 0.2676 -0.4300
vn 0.8647 0.0735 -0.4969
vn 0.8621 0.1430 -0.4861
vn 0.9963 0.0865 -0.0008
vn 0.9882 0.1529 -0.0031
vn 0.9724 0.2325 -0.0174
vn 0.9596 0.2812 -0.0120
vn 0.9437 0.3308 -0.0067
vn 0.9937 0.0775 -0.0809
vn 0.9836 0.1616 -0.0807
vn 0.9678 0.2388 -0.0794
vn 0.9591 0.2732 -0.0735
vn 0.9395 0.3366 -0.0640
vn 0.9849 0.0738 -0.1564
vn 0.9732 0.1593 -0.1657
vn 0.9648 0.2160 -0.1502
vn 0.9512 0.2792 -0.1317
vn 0.9693 0.0882 -0.2294
vn 0.9605 0.1608 -0.2271
vn 0.9535 0.1996 -0.2259
vn 0.9349 0.2794 -0.2186
vn 0.9518 0.0816 -0.2958
vn 0.9544 0.1442 -0.2613
vn 0.9443 0.1976 -0.2630
vn 0.9315 0.0512 -0.3600
vn 0.7122 0.7020 0.0025
vn 0.6666 0.7454 -0.0018
vn 0.7122 0.6970 -0.0840
vn 0.6559 0.7493 -0.0912
vn 0.6829 0.7125 -0.1611
vn 0.6442 0.7473 -0.1629
vn 0.6814 0.6953 -0.2287
vn 0.6474 0.7370 -0.1943
vn 0.6810 0.6604 -0.3164
vn 0.6436 0.7135 -0.2770
vn 0.6605 0.6649 -0.3488
vn 0.6419 0.6496 -0.4075
vn 0.7436 0.6685 -0.0115
vn 0.7511 0.6555 -0.0783
vn 0.7364 0.6610 -0.1439
vn 0.7256 0.6463 -0.2364
vn 0.7123 0.6364 -0.2962
vn 0.6993 0.3596 -0.6177
vn 0.6922 0.3854 -0.6102
vn 0.6732 0.4314 -0.6006
vn 0.6486 0.5068 -0.5679
vn 0.7071 0.0885 -0.7016
vn 0.6989 0.1594 -0.6972
vn 0.6730 0.2182 -0.7067
vn 0.6723 0.3026 -0.6756
vn 0.6625 0.3808 -0.6450
vn 0.6402 0.4190 -0.6439
vn 0.6613 0.0817 -0.7457
vn 0.6616 0.1630 -0.7319
vn 0.6435 0.2173 -0.7339
vn 0.6395 0.2455 -0.7286
vn 0.7757 0.0909 -0.6245
vn 0.7585 0.1458 -0.6352
vn 0.7604 0.2404 -0.6033
vn 0.7542 0.3240 -0.5711
vn 0.7321 0.3579 -0.5797
vn 0.7454 0.0930 -0.6601
vn 0.7344 0.1451 -0.6630
vn 0.7258 0.1971 -0.6591
vn 0.7144 0.2841 -0.6395
vn 0.8037 0.0739 -0.5905
vn 0.7979 0.1389 -0.5866
vn 0.7916 0.2219 -0.5693
s 1
f 12//12 5//5 6//6
f 12//12 2//2 11//11
f 13//13 6//6 7//7
f 4//4 12//12 13//13
f 21//21 14//14 15//15
f 21//21 5//5 20//20
f 21//21 16//16 22//22
f 22//22 6//6 21//21
f 26//26 17//17 18//18
f 26//26 8//8 25//25
f 26//26 19//19 27//27
f 10//10 26//26 27//27
f 28//28 19//19 20//20
f 28//28 10//10 27//27
f 28//28 5//5 11//11
f 32//32 14//14 31//31
f 16//16 32//32 33//33
f 36//36 17//17 35//35
f 37//37 29//29 30//30
f 37//37 18//18 36//36
f 38//38 30//30 31//31
f 38//38 19//19 37//37
f 38//38 14//14 20//20
f 40//40 23//23 39//39
f 41//41 34//34 35//35
f 41//41 24//24 40//40
f 41//41 17//17 25//25
f 51//51 48//48 49//49
f 53//53 50//50 51//51
f 53//53 42//42 43//43
f 56//56 52//52 53//53
f 44//44 53//53 43//43
f 58//58 54//54 55//55
f 59//59 55//55 56//56
f 59//59 45//45 58//58
f 59//59 44//44 46//46
f 64//64 61//61 62//62
f 67//67 63//63 64//64
f 67//67 48//48 66//66
f 67//67 47//47 49//49
f 69//69 65//65 66//66
f 69//69 48//48 50//50
f 70//70 69//69 71//71
f 52//52 69//69 50//50
f 73//73 70//70 71//71
f 73//73 54//54 72//72
f 73//73 52//52 55//55
f 75//75 54//54 57//57
f 79//79 76//76 77//77
f 79//79 61//61 78//78
f 79//79 60//60 62//62
f 81//81 61//61 63//63
f 83//83 80//80 81//81
f 83//83 65//65 82//82
f 83//83 63//63 66//66
f 85//85 65//65 68//68
f 87//87 84//84 85//85
f 87//87 68//68 70//70
f 88//88 87//87 89//89
f 89//89 70//70 72//72
f 91//91 88//88 89//89
f 91//91 74//74 90//90
f 91//91 72//72 75//75
f 100//100 94//94 95//95
f 101//101 95//95 96//96
f 102//102 96//96 97//97
f 105//105 98//98 99//99
f 105//105 100//100 106//106
f 106//106 101//101 107//107
f 107//107 102//102 108//108
f 110//110 103//103 104//104
f 110//110 105//105 111//111
f 111//111 106//106 112//112
f 112//112 107//107 113//113
f 113//113 108//108 114//114
f 116//116 109//109 110//110
f 116//116 111//111 117//117
f 117//117 112//112 118//118
f 118//118 113//113 119//119
f 120//120 113//113 114//114
f 120//120 92//92 119//119
f 128//128 121//121 122//122
f 129//129 122//122 123//123
f 129//129 124//124 130//130
f 133//133 125//125 126//126
f 133//133 127//127 134//134
f 134//134 128//128 135//135
f 135//135 94//94 134//134
f 136//136 128//128 129//129
f 96//96 135//135 136//136
f 137//137 129//129 130//130
f 97//97 136//136 137//137
f 139//139 131//131 132//132
f 139//139 133//133 140//140
f 141//141 133//133 134//134
f 141//141 98//98 140//140
f 141//141 94//94 99//99
f 143//143 139//139 144//144
f 145//145 139//139 140//140
f 145//145 103//103 144//144
f 145//145 98//98 104//104
f 147//147 142//142 143//143
f 147//147 144//144 148//148
f 148//148 103//103 109//109
f 149//149 147//147 150//150
f 151//151 147//147 148//148
f 115//115 148//148 109//109
f 155//155 2//2 3//3
f 155//155 4//4 156//156
f 160//160 152//152 153//153
f 161//161 153//153 154//154
f 161//161 121//121 160//160
f 161//161 155//155 162//162
f 123//123 161//161 162//162
f 162//162 156//156 163//163
f 124//124 162//162 163//163
f 166//166 157//157 158//158
f 167//167 158//158 159//159
f 167//167 125//125 166//166
f 168//168 159//159 160//160
f 168//168 126//126 167//167
f 168//168 121//121 127//127
f 170//170 164//164 165//165
f 171//171 165//165 166//166
f 171//171 131//131 170//170
f 171//171 125//125 132//132
f 173//173 169//169 170//170
f 173//173 131//131 138//138
f 174//174 42//42 172//172
f 175//175 172//172 173//173
f 175//175 142//142 174//174
f 175//175 138//138 143//143
f 176//176 43//43 174//174
f 176//176 142//142 146//146
f 177//177 44//44 176//176
f 149//149 176//176 146//146
f 180//180 8//8 9//9
f 181//181 9//9 10//10
f 181//181 152//152 180//180
f 182//182 10//10 11//11
f 182//182 153//153 181//181
f 182//182 2//2 154//154
f 185//185 178//178 179//179
f 185//185 157//157 184//184
f 186//186 179//179 180//180
f 186//186 158//158 185//185
f 186//186 152//152 159//159
f 188//188 183//183 184//184
f 188//188 164//164 187//187
f 188//188 157//157 165//165
f 189//189 47//47 187//187
f 189//189 164//164 169//169
f 190//190 49//49 189//189
f 190//190 42//42 51//51
f 190//190 169//169 172//172
f 192//192 23//23 24//24
f 193//193 24//24 25//25
f 193//193 178//178 192//192
f 193//193 8//8 179//179
f 194//194 60//60 191//191
f 195//195 191//191 192//192
f 195//195 183//183 194//194
f 195//195 178//178 184//184
f 196//196 62//62 194//194
f 196//196 47//47 64//64
f 196//196 183//183 187//187
f 197//197 1//1 39//39
f 197//197 60//60 77//77
f 197//197 23//23 191//191
f 207//207 203//203 204//204
f 207//207 200//200 206//206
f 207//207 199//199 201//201
f 210//210 203//203 209//209
f 210//210 202//202 204//204
f 212//212 205//205 211//211
f 212//212 203//203 206//206
f 215//215 209//209 214//214
f 210//210 213//213 208//208
f 212//212 216//216 217//217
f 212//212 214//214 209//209
f 222//222 218//218 219//219
f 222//222 214//214 221//221
f 222//222 213//213 215//215
f 225//225 220//220 221//221
f 225//225 216//216 224//224
f 225//225 214//214 217//217
f 227//227 218//218 226//226
f 229//229 220//220 228//228
f 229//229 218//218 221//221
f 231//231 223//223 230//230
f 231//231 220//220 224//224
f 227//227 232//232 233//233
f 235//235 228//228 234//234
f 229//229 232//232 226//226
f 231//231 236//236 237//237
f 237//237 228//228 231//231
f 245//245 29//29 244//244
f 246//246 238//238 239//239
f 246//246 30//30 245//245
f 246//246 240//240 247//247
f 32//32 246//246 247//247
f 247//247 241//241 248//248
f 33//33 247//247 248//248
f 251//251 242//242 243//243
f 251//251 34//34 250//250
f 252//252 243//243 244//244
f 252//252 35//35 251//251
f 252//252 29//29 36//36
f 253//253 1//1 198//198
f 254//254 249//249 250//250
f 254//254 39//39 253//253
f 254//254 34//34 40//40
f 260//260 238//238 259//259
f 240//240 260//260 261//261
f 262//262 255//255 256//256
f 241//241 261//261 262//262
f 265//265 242//242 264//264
f 266//266 257//257 258//258
f 266//266 243//243 265//265
f 267//267 258//258 259//259
f 267//267 244//244 266//266
f 267//267 238//238 245//245
f 269//269 263//263 264//264
f 269//269 249//249 268//268
f 269//269 242//242 250//250
f 270//270 199//199 268//268
f 270//270 198//198 201//201
f 270//270 249//249 253//253
f 274//274 255//255 273//273
f 277//277 257//257 276//276
f 259//259 277//277 278//278
f 279//279 271//271 272//272
f 260//260 278//278 279//279
f 280//280 272//272 273//273
f 280//280 260//260 279//279
f 280//280 255//255 261//261
f 281//281 256//256 274//274
f 283//283 263//263 282//282
f 284//284 275//275 276//276
f 284//284 264//264 283//283
f 284//284 257//257 265//265
f 285//285 202//202 282//282
f 285//285 199//199 204//204
f 285//285 263//263 268//268
f 288//288 271//271 287//287
f 289//289 272//272 288//288
f 290//290 273//273 289//289
f 292//292 275//275 291//291
f 277//277 292//292 293//293
f 294//294 286//286 287//287
f 294//294 277//277 293//293
f 294//294 271//271 278//278
f 295//295 202//202 208//208
f 296//296 282//282 295//295
f 296//296 275//275 283//283
f 299//299 286//286 298//298
f 288//288 299//299 300//300
f 289//289 300//300 301//301
f 290//290 301//301 302//302
f 292//292 304//304 305//305
f 306//306 297//297 298//298
f 306//306 292//292 305//305
f 306//306 286//286 293//293
f 295//295 213//213 307//307
f 308//308 303//303 304//304
f 308//308 295//295 307//307
f 308//308 291//291 296//296
f 312//312 297//297 311//311
f 299//299 312//312 313//313
f 300//300 313//313 314//314
f 301//301 314//314 315//315
f 316//316 309//309 310//310
f 316//316 301//301 315//315
f 318//318 303//303 317//317
f 305//305 318//318 319//319
f 319//319 297//297 305//305
f 320//320 213//213 219//219
f 320//320 303//303 307//307
f 323//323 309//309 322//322
f 325//325 311//311 324//324
f 313//313 325//325 326//326
f 327//327 313//313 326//326
f 328//328 321//321 322//322
f 328//328 314//314 327//327
f 328//328 309//309 315//315
f 330//330 317//317 329//329
f 331//331 318//318 330//330
f 319//319 324//324 311//311
f 320//320 227//227 332//332
f 320//320 329//329 317//317
f 334//334 321//321 333//333
f 323//323 334//334 335//335
f 337//337 324//324 336//336
f 326//326 337//337 338//338
f 339//339 326//326 338//338
f 339//339 321//321 327//327
f 330//330 340//340 341//341
f 342//342 330//330 341//341
f 331//331 336//336 324//324
f 332//332 233//233 343//343
f 332//332 340//340 329//329
f 345//345 76//76 344//344
f 345//345 1//1 77//77
f 347//347 76//76 78//78
f 350//350 346//346 347//347
f 350//350 80//80 349//349
f 350//350 78//78 81//81
f 352//352 348//348 349//349
f 352//352 80//80 82//82
f 354//354 351//351 352//352
f 354//354 84//84 353//353
f 354//354 82//82 85//85
f 356//356 84//84 86//86
f 358//358 355//355 356//356
f 358//358 86//86 88//88
f 359//359 358//358 360//360
f 360//360 88//88 90//90
f 363//363 200//200 201//201
f 363//363 344//344 362//362
f 363//363 198//198 345//345
f 366//366 361//361 362//362
f 366//366 346//346 365//365
f 366//366 344//344 347//347
f 368//368 364//364 365//365
f 368//368 348//348 367//367
f 368//368 346//346 349//349
f 370//370 348//348 351//351
f 372//372 369//369 370//370
f 372//372 351//351 353//353
f 374//374 371//371 372//372
f 374//374 355//355 373//373
f 374//374 353//353 356//356
f 375//375 355//355 357//357
f 359//359 375//375 357//357
f 378//378 205//205 206//206
f 378//378 361//361 377//377
f 378//378 200//200 362//362
f 380//380 364//364 379//379
f 380//380 361//361 365//365
f 382//382 364//364 367//367
f 384//384 381//381 382//382
f 384//384 369//369 383//383
f 384//384 367//367 370//370
f 385//385 369//369 371//371
f 387//387 371//371 373//373
f 389//389 386//386 387//387
f 389//389 373//373 375//375
f 390//390 389//389 391//391
f 391//391 375//375 376//376
f 393//393 205//205 377//377
f 396//396 392//392 393//393
f 396//396 379//379 395//395
f 396//396 377//377 380//380
f 398//398 394//394 395//395
f 398//398 381//381 397//397
f 398//398 379//379 382//382
f 399//399 381//381 383//383
f 385//385 399//399 383//383
f 403//403 400//400 401//401
f 403//403 386//386 402//402
f 403//403 385//385 387//387
f 404//404 386//386 388//388
f 405//405 388//388 390//390
f 407//407 392//392 406//406
f 407//407 211//211 393//393
f 409//409 394//394 408//408
f 409//409 392//392 395//395
f 410//410 394//394 397//397
f 399//399 410//410 397//397
f 414//414 411//411 412//412
f 414//414 400//400 413//413
f 414//414 399//399 401//401
f 415//415 400//400 402//402
f 404//404 415//415 402//402
f 405//405 416//416 404//404
f 419//419 223//223 224//224
f 419//419 406//406 418//418
f 419//419 216//216 407//407
f 409//409 420//420 421//421
f 421//421 406//406 409//409
f 422//422 408//408 410//410
f 424//424 411//411 423//423
f 424//424 410//410 412//412
f 425//425 411//411 413//413
f 415//415 425//425 413//413
f 416//416 426//426 415//415
f 417//417 427//427 416//416
f 429//429 223//223 418//418
f 421//421 430//430 431//431
f 421//421 429//429 418//418
f 432//432 420//420 422//422
f 424//424 433//433 434//434
f 434//434 422//422 424//424
f 435//435 423//423 425//425
f 426//426 435//435 425//425
f 427//427 436//436 426//426
f 428//428 437//437 427//427
f 429//429 236//236 230//230
f 442//442 430//430 441//441
f 431//431 440//440 429//429
f 432//432 441//441 430//430
f 434//434 444//444 445//445
f 445//445 432//432 434//434
f 446//446 433//433 435//435
f 436//436 446//446 435//435
f 437//437 447//447 436//436
f 450//450 438//438 449//449
f 450//450 437//437 439//439
f 455//455 7//7 453//453
f 455//455 4//4 13//13
f 455//455 454//454 456//456
f 452//452 455//455 456//456
f 22//22 460//460 462//462
f 462//462 7//7 22//22
f 462//462 461//461 463//463
f 454//454 462//462 463//463
f 467//467 454//454 463//463
f 467//467 464//464 468//468
f 457//457 467//467 468//468
f 469//469 464//464 465//465
f 469//469 457//457 468//468
f 469//469 466//466 470//470
f 459//459 469//469 470//470
f 472//472 16//16 33//33
f 461//461 472//472 473//473
f 476//476 461//461 473//473
f 476//476 474//474 477//477
f 464//464 476//476 477//477
f 477//477 475//475 478//478
f 465//465 477//477 478//478
f 466//466 478//478 479//479
f 481//481 466//466 479//479
f 481//481 480//480 482//482
f 471//471 481//481 482//482
f 102//102 485//485 488//488
f 488//488 486//486 489//489
f 489//489 487//487 490//490
f 492//492 102//102 488//488
f 493//493 488//488 489//489
f 494//494 489//489 490//490
f 494//494 491//491 495//495
f 496//496 108//108 492//492
f 497//497 492//492 493//493
f 498//498 493//493 494//494
f 498//498 495//495 499//499
f 120//120 496//496 501//501
f 484//484 120//120 501//501
f 502//502 496//496 497//497
f 503//503 497//497 498//498
f 504//504 498//498 499//499
f 504//504 500//500 505//505
f 130//130 506//506 509//509
f 510//510 506//506 507//507
f 510//510 508//508 511//511
f 137//137 509//509 514//514
f 514//514 97//97 137//137
f 514//514 510//510 515//515
f 515//515 485//485 514//514
f 516//516 510//510 511//511
f 487//487 515//515 516//516
f 517//517 511//511 512//512
f 517//517 513//513 518//518
f 520//520 487//487 516//516
f 520//520 517//517 521//521
f 491//491 520//520 521//521
f 522//522 517//517 518//518
f 522//522 519//519 523//523
f 524//524 491//491 521//521
f 524//524 522//522 525//525
f 525//525 523//523 526//526
f 528//528 495//495 524//524
f 528//528 525//525 529//529
f 500//500 528//528 529//529
f 530//530 525//525 526//526
f 530//530 527//527 531//531
f 532//532 500//500 529//529
f 532//532 530//530 533//533
f 533//533 531//531 534//534
f 535//535 4//4 451//451
f 535//535 452//452 536//536
f 163//163 535//535 539//539
f 539//539 124//124 163//163
f 540//540 535//535 536//536
f 540//540 506//506 539//539
f 540//540 537//537 541//541
f 508//508 540//540 541//541
f 541//541 538//538 542//542
f 545//545 508//508 541//541
f 545//545 542//542 546//546
f 512//512 545//545 546//546
f 546//546 543//543 547//547
f 513//513 546//546 547//547
f 547//547 544//544 548//548
f 550//550 513//513 547//547
f 550//550 548//548 551//551
f 519//519 550//550 551//551
f 551//551 549//549 552//552
f 553//553 519//519 551//551
f 553//553 552//552 554//554
f 556//556 523//523 553//553
f 556//556 554//554 557//557
f 527//527 556//556 557//557
f 557//557 555//555 558//558
f 559//559 527//527 557//557
f 559//559 558//558 560//560
f 534//534 559//559 561//561
f 561//561 560//560 562//562
f 563//563 452//452 456//456
f 563//563 457//457 564//564
f 537//537 563//563 564//564
f 564//564 458//458 565//565
f 538//538 564//564 565//565
f 565//565 459//459 566//566
f 568//568 538//538 565//565
f 568//568 566//566 569//569
f 543//543 568//568 569//569
f 569//569 567//567 570//570
f 544//544 569//569 570//570
f 572//572 544//544 570//570
f 572//572 571//571 573//573
f 549//549 572//572 573//573
f 575//575 549//549 573//573
f 575//575 574//574 576//576
f 577//577 552//552 575//575
f 577//577 576//576 578//578
f 555//555 577//577 578//578
f 579//579 555//555 578//578
f 560//560 579//579 580//580
f 562//562 580//580 581//581
f 582//582 459//459 470//470
f 582//582 471//471 583//583
f 567//567 582//582 583//583
f 585//585 567//567 583//583
f 585//585 584//584 586//586
f 571//571 585//585 586//586
f 588//588 571//571 586//586
f 588//588 587//587 589//589
f 574//574 588//588 589//589
f 590//590 574//574 589//589
f 591//591 576//576 590//590
f 592//592 471//471 482//482
f 592//592 483//483 593//593
f 584//584 592//592 593//593
f 595//595 584//584 593//593
f 595//595 594//594 596//596
f 587//587 595//595 596//596
f 597//597 587//587 596//596
f 579//579 598//598 599//599
f 580//580 599//599 600//600
f 581//581 600//600 601//601
f 590//590 602//602 603//603
f 591//591 603//603 604//604
f 598//598 591//591 604//604
f 606//606 598//598 604//604
f 606//606 605//605 607//607
f 600//600 606//606 608//608
f 609//609 606//606 607//607
f 601//601 608//608 610//610
f 611//611 608//608 609//609
f 597//597 612//612 613//613
f 602//602 597//597 613//613
f 615//615 602//602 613//613
f 615//615 614//614 616//616
f 617//617 603//603 615//615
f 617//617 616//616 618//618
f 605//605 617//617 618//618
f 620//620 605//605 618//618
f 620//620 619//619 621//621
f 622//622 607//607 620//620
f 623//623 620//620 621//621
f 624//624 609//609 622//622
f 625//625 622//622 623//623
f 629//629 241//241 626//626
f 629//629 33//33 248//248
f 630//630 626//626 627//627
f 630//630 472//472 629//629
f 630//630 628//628 631//631
f 474//474 630//630 631//631
f 475//475 631//631 632//632
f 635//635 475//475 632//632
f 635//635 633//633 636//636
f 479//479 635//635 636//636
f 636//636 634//634 637//637
f 480//480 636//636 637//637
f 639//639 480//480 637//637
f 639//639 638//638 640//640
f 483//483 639//639 640//640
f 642//642 241//241 262//262
f 627//627 642//642 643//643
f 628//628 643//643 644//644
f 647//647 628//628 644//644
f 647//647 645//645 648//648
f 632//632 647//647 648//648
f 648//648 646//646 649//649
f 633//633 648//648 649//649
f 634//634 649//649 650//650
f 652//652 634//634 650//650
f 652//652 651//651 653//653
f 638//638 652//652 653//653
f 655//655 638//638 653//653
f 655//655 654//654 656//656
f 641//641 655//655 656//656
f 281//281 657//657 660//660
f 642//642 281//281 660//660
f 661//661 657//657 658//658
f 643//643 660//660 661//661
f 661//661 659//659 662//662
f 662//662 643//643 661//661
f 663//663 644//644 662//662
f 646//646 663//663 664//664
f 666//666 646//646 664//664
f 666//666 665//665 667//667
f 650//650 666//666 667//667
f 651//651 667//667 668//668
f 669//669 651//651 668//668
f 654//654 669//669 670//670
f 671//671 654//654 670//670
f 657//657 290//290 672//672
f 658//658 672//672 673//673
f 659//659 673//673 674//674
f 676//676 659//659 674//674
f 676//676 675//675 677//677
f 663//663 676//676 677//677
f 678//678 663//663 677//677
f 665//665 678//678 679//679
f 680//680 665//665 679//679
f 668//668 680//680 681//681
f 683//683 668//668 681//681
f 683//683 682//682 684//684
f 670//670 683//683 684//684
f 685//685 290//290 302//302
f 686//686 672//672 685//685
f 687//687 673//673 686//686
f 675//675 687//687 688//688
f 690//690 675//675 688//688
f 690//690 689//689 691//691
f 678//678 690//690 691//691
f 679//679 691//691 692//692
f 694//694 679//679 692//692
f 694//694 693//693 695//695
f 681//681 694//694 695//695
f 682//682 695//695 696//696
f 697//697 682//682 696//696
f 316//316 698//698 699//699
f 685//685 316//316 699//699
f 700//700 685//685 699//699
f 701//701 686//686 700//700
f 702//702 687//687 701//701
f 689//689 702//702 703//703
f 704//704 689//689 703//703
f 705//705 691//691 704//704
f 693//693 705//705 706//706
f 707//707 693//693 706//706
f 696//696 707//707 708//708
f 697//697 708//708 709//709
f 698//698 323//323 710//710
f 712//712 698//698 710//710
f 712//712 711//711 713//713
f 700//700 712//712 713//713
f 714//714 700//700 713//713
f 715//715 701//701 714//714
f 703//703 715//715 716//716
f 704//704 716//716 717//717
f 705//705 717//717 718//718
f 706//706 718//718 719//719
f 707//707 719//719 720//720
f 708//708 720//720 721//721
f 722//722 708//708 721//721
f 723//723 323//323 335//335
f 711//711 723//723 724//724
f 725//725 711//711 724//724
f 714//714 725//725 726//726
f 727//727 714//714 726//726
f 716//716 727//727 728//728
f 717//717 728//728 729//729
f 718//718 729//729 730//730
f 731//731 718//718 730//730
f 720//720 731//731 732//732
f 721//721 732//732 733//733
f 671//671 736//736 737//737
f 735//735 671//671 737//737
f 736//736 684//684 739//739
f 740//740 736//736 739//739
f 738//738 740//740 741//741
f 739//739 697//697 742//742
f 740//740 742//742 743//743
f 744//744 740//740 743//743
f 742//742 709//709 745//745
f 746//746 742//742 745//745
f 747//747 743//743 746//746
f 722//722 748//748 749//749
f 745//745 722//722 749//749
f 751//751 745//745 749//749
f 751//751 750//750 752//752
f 747//747 751//751 752//752
f 748//748 733//733 754//754
f 734//734 754//754 733//733
f 755//755 748//748 754//754
f 750//750 755//755 756//756
f 757//757 750//750 756//756
f 753//753 757//757 758//758
f 759//759 483//483 640//640
f 759//759 641//641 760//760
f 594//594 759//759 760//760
f 761//761 594//594 760//760
f 762//762 641//641 656//656
f 761//761 763//763 764//764
f 612//612 761//761 764//764
f 766//766 612//612 764//764
f 766//766 765//765 767//767
f 614//614 766//766 767//767
f 768//768 614//614 767//767
f 770//770 616//616 768//768
f 770//770 769//769 771//771
f 619//619 770//770 771//771
f 772//772 619//619 771//771
f 773//773 621//621 772//772
f 775//775 623//623 773//773
f 775//775 774//774 776//776
f 762//762 735//735 777//777
f 763//763 762//762 777//777
f 779//779 763//763 777//777
f 779//779 778//778 780//780
f 765//765 779//779 780//780
f 782//782 765//765 780//780
f 782//782 781//781 783//783
f 784//784 767//767 782//782
f 784//784 783//783 785//785
f 769//769 784//784 785//785
f 786//786 769//769 785//785
f 788//788 771//771 786//786
f 788//788 787//787 789//789
f 790//790 772//772 788//788
f 790//790 789//789 791//791
f 774//774 790//790 791//791
f 792//792 774//774 791//791
f 793//793 735//735 737//737
f 793//793 738//738 794//794
f 778//778 793//793 794//794
f 795//795 778//778 794//794
f 781//781 795//795 796//796
f 797//797 781//781 796//796
f 798//798 783//783 797//797
f 800//800 785//785 798//798
f 800//800 799//799 801//801
f 787//787 800//800 801//801
f 802//802 787//787 801//801
f 791//791 802//802 803//803
f 792//792 803//803 805//805
f 805//805 804//804 806//806
f 807//807 738//738 741//741
f 809//809 794//794 807//807
f 809//809 808//808 810//810
f 796//796 809//809 810//810
f 811//811 796//796 810//810
f 813//813 797//797 811//811
f 813//813 812//812 814//814
f 799//799 813//813 814//814
f 815//815 799//799 814//814
f 802//802 815//815 816//816
f 818//818 802//802 816//816
f 818//818 817//817 819//819
f 804//804 818//818 819//819
f 820//820 804//804 819//819
f 821//821 741//741 744//744
f 808//808 821//821 822//822
f 823//823 808//808 822//822
f 825//825 810//810 823//823
f 825//825 824//824 826//826
f 812//812 825//825 826//826
f 827//827 812//812 826//826
f 815//815 827//827 828//828
f 830//830 815//815 828//828
f 830//830 829//829 831//831
f 817//817 830//830 831//831
f 832//832 817//817 831//831
f 820//820 832//832 833//833
f 834//834 744//744 747//747
f 835//835 821//821 834//834
f 836//836 822//822 835//835
f 824//824 836//836 837//837
f 838//838 824//824 837//837
f 827//827 838//838 839//839
f 841//841 827//827 839//839
f 841//841 840//840 842//842
f 829//829 841//841 842//842
f 843//843 829//829 842//842
f 832//832 843//843 844//844
f 833//833 844//844 845//845
f 846//846 747//747 752//752
f 846//846 753//753 847//847
f 835//835 846//846 847//847
f 848//848 835//835 847//847
f 849//849 836//836 848//848
f 850//850 837//837 849//849
f 851//851 838//838 850//850
f 840//840 851//851 852//852
f 853//853 840//840 852//852
f 843//843 853//853 854//854
f 844//844 854//854 855//855
f 845//845 855//855 856//856
f 857//857 758//758 757//757
f 858//858 753//753 758//758
f 859//859 847//847 858//858
f 860//860 848//848 859//859
f 861//861 849//849 860//860
f 862//862 850//850 861//861
f 863//863 851//851 862//862
f 864//864 852//852 863//863
f 854//854 864//864 865//865
f 855//855 865//865 866//866
f 856//856 866//866 867//867
f 869//869 45//45 46//46
f 870//870 869//869 871//871
f 876//876 57//57 58//58
f 876//876 45//45 868//868
f 877//877 876//876 878//878
f 870//870 876//876 868//868
f 879//879 870//870 871//871
f 880//880 878//878 881//881
f 881//881 879//879 882//882
f 872//872 879//879 871//871
f 883//883 882//882 884//884
f 884//884 872//872 873//873
f 885//885 884//884 886//886
f 874//874 884//884 873//873
f 890//890 74//74 75//75
f 890//890 57//57 875//875
f 891//891 890//890 892//892
f 877//877 890//890 875//875
f 880//880 892//892 877//877
f 894//894 880//880 881//881
f 895//895 894//894 896//896
f 883//883 894//894 881//881
f 897//897 896//896 898//898
f 885//885 896//896 883//883
f 899//899 885//885 886//886
f 900//900 898//898 901//901
f 901//901 899//899 902//902
f 887//887 899//899 886//886
f 903//903 902//902 904//904
f 888//888 902//902 887//887
f 906//906 74//74 889//889
f 891//891 906//906 889//889
f 908//908 891//891 892//892
f 909//909 908//908 910//910
f 893//893 908//908 892//892
f 912//912 909//909 910//910
f 895//895 910//910 893//893
f 913//913 912//912 914//914
f 897//897 912//912 895//895
f 900//900 914//914 897//897
f 916//916 900//900 901//901
f 917//917 916//916 918//918
f 903//903 916//916 901//901
f 919//919 903//903 904//904
f 920//920 919//919 921//921
f 905//905 919//919 904//904
f 923//923 92//92 93//93
f 925//925 115//115 116//116
f 925//925 117//117 926//926
f 926//926 118//118 927//927
f 927//927 119//119 928//928
f 928//928 92//92 922//922
f 929//929 922//922 923//923
f 930//930 925//925 931//931
f 932//932 925//925 926//926
f 933//933 926//926 927//927
f 933//933 928//928 934//934
f 934//934 929//929 935//935
f 936//936 931//931 937//937
f 938//938 931//931 932//932
f 939//939 932//932 933//933
f 940//940 933//933 934//934
f 941//941 934//934 935//935
f 942//942 937//937 943//943
f 943//943 938//938 944//944
f 945//945 938//938 939//939
f 946//946 939//939 940//940
f 947//947 940//940 941//941
f 948//948 944//944 949//949
f 949//949 945//945 950//950
f 951//951 945//945 946//946
f 952//952 946//946 947//947
f 953//953 951//951 954//954
f 954//954 952//952 955//955
f 956//956 150//150 957//957
f 958//958 150//150 151//151
f 924//924 151//151 115//115
f 960//960 956//956 957//957
f 960//960 958//958 961//961
f 961//961 924//924 930//930
f 962//962 960//960 963//963
f 963//963 961//961 964//964
f 964//964 930//930 936//936
f 965//965 963//963 966//966
f 967//967 963//963 964//964
f 942//942 964//964 936//936
f 968//968 942//942 943//943
f 969//969 967//967 970//970
f 970//970 968//968 971//971
f 948//948 968//968 943//943
f 972//972 948//948 949//949
f 973//973 949//949 950//950
f 974//974 971//971 975//975
f 976//976 971//971 972//972
f 976//976 973//973 977//977
f 953//953 973//973 950//950
f 978//978 953//953 954//954
f 955//955 978//978 954//954
f 980//980 976//976 981//981
f 982//982 976//976 977//977
f 982//982 978//978 983//983
f 984//984 978//978 979//979
f 985//985 982//982 986//986
f 986//986 983//983 987//987
f 988//988 983//983 984//984
f 869//869 177//177 989//989
f 989//989 149//149 956//956
f 990//990 869//869 989//989
f 990//990 956//956 959//959
f 872//872 990//990 991//991
f 991//991 959//959 962//962
f 873//873 991//991 992//992
f 965//965 991//991 962//962
f 993//993 965//965 966//966
f 874//874 992//992 994//994
f 994//994 993//993 995//995
f 969//969 993//993 966//966
f 996//996 969//969 970//970
f 997//997 995//995 998//998
f 998//998 996//996 999//999
f 974//974 996//996 970//970
f 1000//1000 974//974 975//975
f 1001//1001 999//999 1002//1002
f 1002//1002 1000//1000 1003//1003
f 980//980 1000//1000 975//975
f 1004//1004 980//980 981//981
f 1005//1005 1003//1003 1006//1006
f 1006//1006 1004//1004 1007//1007
f 985//985 1004//1004 981//981
f 1008//1008 985//985 986//986
f 987//987 1008//1008 986//986
f 988//988 1009//1009 987//987
f 1011//1011 874//874 994//994
f 887//887 1011//1011 1012//1012
f 997//997 1011//1011 994//994
f 1013//1013 997//997 998//998
f 888//888 1012//1012 1014//1014
f 1014//1014 1013//1013 1015//1015
f 1001//1001 1013//1013 998//998
f 1016//1016 1001//1001 1002//1002
f 1017//1017 1015//1015 1018//1018
f 1018//1018 1016//1016 1019//1019
f 1005//1005 1016//1016 1002//1002
f 1020//1020 1005//1005 1006//1006
f 1021//1021 888//888 1014//1014
f 905//905 1021//1021 1022//1022
f 1017//1017 1021//1021 1014//1014
f 1023//1023 1017//1017 1018//1018
f 1024//1024 905//905 1022//1022
f 1026//1026 1007//1007 1027//1027
f 1027//1027 1008//1008 1028//1028
f 1028//1028 1009//1009 1029//1029
f 1029//1029 1010//1010 1030//1030
f 1031//1031 1019//1019 1032//1032
f 1032//1032 1020//1020 1033//1033
f 1026//1026 1020//1020 1006//1006
f 1034//1034 1026//1026 1027//1027
f 1028//1028 1034//1034 1027//1027
f 1029//1029 1035//1035 1028//1028
f 1030//1030 1036//1036 1029//1029
f 1038//1038 1034//1034 1039//1039
f 1039//1039 1035//1035 1040//1040
f 1040//1040 1036//1036 1041//1041
f 1041//1041 1037//1037 1042//1042
f 1044//1044 1041//1041 1042//1042
f 1045//1045 1023//1023 1046//1046
f 1031//1031 1023//1023 1018//1018
f 1047//1047 1031//1031 1032//1032
f 1048//1048 1032//1032 1033//1033
f 1049//1049 1047//1047 1050//1050
f 1050//1050 1048//1048 1051//1051
f 1038//1038 1048//1048 1033//1033
f 1052//1052 1038//1038 1039//1039
f 1040//1040 1052//1052 1039//1039
f 1054//1054 1040//1040 1041//1041
f 1056//1056 1052//1052 1057//1057
f 1058//1058 1052//1052 1053//1053
f 1058//1058 1054//1054 1059//1059
f 1043//1043 1054//1054 1041//1041
f 1044//1044 1059//1059 1043//1043
f 1044//1044 1055//1055 1060//1060
f 1025//1025 1024//1024 1061//1061
f 1045//1045 1024//1024 1022//1022
f 1062//1062 1045//1045 1046//1046
f 1063//1063 1062//1062 1064//1064
f 1049//1049 1062//1062 1046//1046
f 1065//1065 1049//1049 1050//1050
f 1066//1066 1050//1050 1051//1051
f 1067//1067 1065//1065 1068//1068
f 1068//1068 1066//1066 1069//1069
f 1056//1056 1066//1066 1051//1051
f 1070//1070 1056//1056 1057//1057
f 1071//1071 1057//1057 1058//1058
f 1072//1072 1058//1058 1059//1059
f 1060//1060 1072//1072 1059//1059
f 1074//1074 1070//1070 1075//1075
f 1076//1076 1070//1070 1071//1071
f 1077//1077 1071//1071 1072//1072
f 1078//1078 1072//1072 1073//1073
f 1079//1079 360//360 1080//1080
f 906//906 360//360 90//90
f 1082//1082 1079//1079 1080//1080
f 1082//1082 906//906 907//907
f 1084//1084 1081//1081 1082//1082
f 909//909 1082//1082 907//907
f 1085//1085 1084//1084 1086//1086
f 911//911 1084//1084 909//909
f 913//913 1086//1086 911//911
f 1088//1088 913//913 914//914
f 1089//1089 1088//1088 1090//1090
f 915//915 1088//1088 914//914
f 917//917 1090//1090 915//915
f 1092//1092 917//917 918//918
f 1093//1093 1092//1092 1094//1094
f 920//920 1092//1092 918//918
f 1095//1095 920//920 921//921
f 1079//1079 376//376 359//359
f 1097//1097 1079//1079 1081//1081
f 1098//1098 1081//1081 1083//1083
f 1085//1085 1098//1098 1083//1083
f 1100//1100 1085//1085 1086//1086
f 1101//1101 1100//1100 1102//1102
f 1087//1087 1100//1100 1086//1086
f 1089//1089 1102//1102 1087//1087
f 1104//1104 1089//1089 1090//1090
f 1105//1105 1104//1104 1106//1106
f 1091//1091 1104//1104 1090//1090
f 1107//1107 1106//1106 1108//1108
f 1093//1093 1106//1106 1091//1091
f 1109//1109 1093//1093 1094//1094
f 1110//1110 391//391 1111//1111
f 1111//1111 376//376 1096//1096
f 1113//1113 1110//1110 1111//1111
f 1097//1097 1111//1111 1096//1096
f 1115//1115 1112//1112 1113//1113
f 1098//1098 1113//1113 1097//1097
f 1116//1116 1115//1115 1117//1117
f 1117//1117 1098//1098 1099//1099
f 1101//1101 1117//1117 1099//1099
f 1119//1119 1101//1101 1102//1102
f 1120//1120 1119//1119 1121//1121
f 1103//1103 1119//1119 1102//1102
f 1122//1122 1121//1121 1123//1123
f 1105//1105 1121//1121 1103//1103
f 1124//1124 1105//1105 1107//1107
f 1125//1125 1107//1107 1108//1108
f 1126//1126 390//390 1110//1110
f 1112//1112 1126//1126 1110//1110
f 1114//1114 1127//1127 1112//1112
f 1116//1116 1128//1128 1114//1114
f 1130//1130 1116//1116 1117//1117
f 1131//1131 1130//1130 1132//1132
f 1118//1118 1130//1130 1117//1117
f 1133//1133 1118//1118 1120//1120
f 1122//1122 1133//1133 1120//1120
f 1135//1135 1122//1122 1123//1123
f 1124//1124 1135//1135 1123//1123
f 1137//1137 1124//1124 1125//1125
f 1126//1126 417//417 405//405
f 1139//1139 1126//1126 1127//1127
f 1140//1140 1127//1127 1128//1128
f 1141//1141 1128//1128 1129//1129
f 1131//1131 1141//1141 1129//1129
f 1143//1143 1131//1131 1132//1132
f 1144//1144 1143//1143 1145//1145
f 1133//1133 1143//1143 1132//1132
f 1134//1134 1145//1145 1133//1133
f 1147//1147 1134//1134 1135//1135
f 1148//1148 1147//1147 1149//1149
f 1136//1136 1147//1147 1135//1135
f 1138//1138 428//428 417//417
f 1151//1151 1138//1138 1139//1139
f 1152//1152 1139//1139 1140//1140
f 1153//1153 1140//1140 1141//1141
f 1142//1142 1153//1153 1141//1141
f 1144//1144 1154//1154 1142//1142
f 1156//1156 1144//1144 1145//1145
f 1146//1146 1156//1156 1145//1145
f 1148//1148 1157//1157 1146//1146
f 1159//1159 1148//1148 1149//1149
f 1161//1161 438//438 439//439
f 1161//1161 428//428 1150//1150
f 1162//1162 1161//1161 1163//1163
f 1151//1151 1161//1161 1150//1150
f 1152//1152 1163//1163 1151//1151
f 1165//1165 1152//1152 1153//1153
f 1166//1166 1153//1153 1154//1154
f 1155//1155 1166//1166 1154//1154
f 1156//1156 1167//1167 1155//1155
f 1157//1157 1168//1168 1156//1156
f 1170//1170 1157//1157 1158//1158
f 1159//1159 1170//1170 1158//1158
f 1172//1172 438//438 1160//1160
f 1162//1162 1172//1172 1160//1160
f 1174//1174 1162//1162 1163//1163
f 1164//1164 1174//1174 1163//1163
f 1176//1176 1164//1164 1165//1165
f 1177//1177 1165//1165 1166//1166
f 1167//1167 1177//1177 1166//1166
f 1168//1168 1178//1178 1167//1167
f 1169//1169 1179//1179 1168//1168
f 1181//1181 1169//1169 1170//1170
f 1171//1171 1181//1181 1170//1170
f 1183//1183 1095//1095 1184//1184
f 1025//1025 1095//1095 921//921
f 1186//1186 1109//1109 1187//1187
f 1183//1183 1109//1109 1094//1094
f 1188//1188 1183//1183 1184//1184
f 1189//1189 1188//1188 1190//1190
f 1185//1185 1188//1188 1184//1184
f 1186//1186 1125//1125 1108//1108
f 1193//1193 1186//1186 1187//1187
f 1189//1189 1193//1193 1187//1187
f 1195//1195 1189//1189 1190//1190
f 1191//1191 1195//1195 1190//1190
f 1197//1197 1137//1137 1198//1198
f 1192//1192 1137//1137 1125//1125
f 1199//1199 1192//1192 1193//1193
f 1200//1200 1199//1199 1201//1201
f 1194//1194 1199//1199 1193//1193
f 1202//1202 1194//1194 1195//1195
f 1203//1203 1202//1202 1204//1204
f 1196//1196 1202//1202 1195//1195
f 1197//1197 1149//1149 1136//1136
f 1207//1207 1197//1197 1198//1198
f 1200//1200 1207//1207 1198//1198
f 1209//1209 1200//1200 1201//1201
f 1203//1203 1209//1209 1201//1201
f 1211//1211 1203//1203 1204//1204
f 1205//1205 1211//1211 1204//1204
f 1206//1206 1159//1159 1149//1149
f 1207//1207 1213//1213 1206//1206
f 1208//1208 1214//1214 1207//1207
f 1209//1209 1215//1215 1208//1208
f 1217//1217 1209//1209 1210//1210
f 1218//1218 1210//1210 1211//1211
f 1219//1219 1211//1211 1212//1212
f 1213//1213 1171//1171 1159//1159
f 1214//1214 1220//1220 1213//1213
f 1215//1215 1221//1221 1214//1214
f 1223//1223 1215//1215 1216//1216
f 1224//1224 1223//1223 1225//1225
f 1217//1217 1223//1223 1216//1216
f 1226//1226 1217//1217 1218//1218
f 1227//1227 1218//1218 1219//1219
f 1220//1220 1182//1182 1171//1171
f 1221//1221 1228//1228 1220//1220
f 1222//1222 1229//1229 1221//1221
f 1224//1224 1230//1230 1222//1222
f 1232//1232 1231//1231 1230//1230
f 1233//1233 1224//1224 1225//1225
f 1234//1234 1225//1225 1226//1226
f 1235//1235 1226//1226 1227//1227
f 1236//1236 1025//1025 1061//1061
f 1185//1185 1236//1236 1237//1237
f 1063//1063 1236//1236 1061//1061
f 1238//1238 1063//1063 1064//1064
f 1239//1239 1238//1238 1240//1240
f 1067//1067 1238//1238 1064//1064
f 1241//1241 1067//1067 1068//1068
f 1242//1242 1068//1068 1069//1069
f 1243//1243 1242//1242 1244//1244
f 1074//1074 1242//1242 1069//1069
f 1245//1245 1074//1074 1075//1075
f 1076//1076 1245//1245 1075//1075
f 1247//1247 1076//1076 1077//1077
f 1248//1248 1077//1077 1078//1078
f 1249//1249 1247//1247 1250//1250
f 1251//1251 1247//1247 1248//1248
f 1252//1252 1185//1185 1237//1237
f 1191//1191 1252//1252 1253//1253
f 1239//1239 1252//1252 1237//1237
f 1254//1254 1239//1239 1240//1240
f 1255//1255 1240//1240 1241//1241
f 1256//1256 1255//1255 1257//1257
f 1243//1243 1255//1255 1241//1241
f 1258//1258 1243//1243 1244//1244
f 1259//1259 1244//1244 1245//1245
f 1260//1260 1245//1245 1246//1246
f 1261//1261 1259//1259 1262//1262
f 1262//1262 1260//1260 1263//1263
f 1249//1249 1260//1260 1246//1246
f 1264//1264 1249//1249 1250//1250
f 1265//1265 1250//1250 1251//1251
f 1266//1266 1191//1191 1253//1253
f 1267//1267 1253//1253 1254//1254
f 1268//1268 1267//1267 1269//1269
f 1256//1256 1267//1267 1254//1254
f 1270//1270 1256//1256 1257//1257
f 1271//1271 1257//1257 1258//1258
f 1272//1272 1271//1271 1273//1273
f 1261//1261 1271//1271 1258//1258
f 1274//1274 1261//1261 1262//1262
f 1263//1263 1274//1274 1262//1262
f 1264//1264 1275//1275 1263//1263
f 1277//1277 1264//1264 1265//1265
f 1278//1278 1276//1276 1279//1279
f 1280//1280 1276//1276 1277//1277
f 1281//1281 1196//1196 1266//1266
f 1205//1205 1281//1281 1282//1282
f 1268//1268 1281//1281 1266//1266
f 1283//1283 1268//1268 1269//1269
f 1284//1284 1269//1269 1270//1270
f 1285//1285 1284//1284 1286//1286
f 1272//1272 1284//1284 1270//1270
f 1287//1287 1272//1272 1273//1273
f 1274//1274 1287//1287 1273//1273
f 1289//1289 1274//1274 1275//1275
f 1290//1290 1289//1289 1291//1291
f 1278//1278 1289//1289 1275//1275
f 1292//1292 1278//1278 1279//1279
f 1293//1293 1279//1279 1280//1280
f 1294//1294 1205//1205 1282//1282
f 1295//1295 1282//1282 1283//1283
f 1285//1285 1295//1295 1283//1283
f 1297//1297 1285//1285 1286//1286
f 1287//1287 1297//1297 1286//1286
f 1299//1299 1287//1287 1288//1288
f 1300//1300 1299//1299 1301//1301
f 1290//1290 1299//1299 1288//1288
f 1302//1302 1290//1290 1291//1291
f 1303//1303 1291//1291 1292//1292
f 1293//1293 1303//1303 1292//1292
f 1294//1294 1219//1219 1212//1212
f 1306//1306 1294//1294 1295//1295
f 1307//1307 1306//1306 1308//1308
f 1296//1296 1306//1306 1295//1295
f 1297//1297 1308//1308 1296//1296
f 1310//1310 1297//1297 1298//1298
f 1311//1311 1310//1310 1312//1312
f 1300//1300 1310//1310 1298//1298
f 1313//1313 1300//1300 1301//1301
f 1302//1302 1313//1313 1301//1301
f 1303//1303 1314//1314 1302//1302
f 1304//1304 1315//1315 1303//1303
f 1317//1317 1219//1219 1305//1305
f 1307//1307 1317//1317 1305//1305
f 1319//1319 1307//1307 1308//1308
f 1309//1309 1319//1319 1308//1308
f 1311//1311 1320//1320 1309//1309
f 1322//1322 1311//1311 1312//1312
f 1323//1323 1312//1312 1313//1313
f 1314//1314 1323//1323 1313//1313
f 1315//1315 1324//1324 1314//1314
f 1316//1316 1325//1325 1315//1315
f 1327//1327 1227//1227 1317//1317
f 1328//1328 1317//1317 1318//1318
f 1329//1329 1318//1318 1319//1319
f 1330//1330 1319//1319 1320//1320
f 1331//1331 1320//1320 1321//1321
f 1332//1332 1321//1321 1322//1322
f 1323//1323 1332//1332 1322//1322
f 1324//1324 1333//1333 1323//1323
f 1325//1325 1334//1334 1324//1324
f 1326//1326 1335//1335 1325//1325
f 1337//1337 93//93 484//484
f 1337//1337 929//929 923//923
f 1338//1338 484//484 501//501
f 1339//1339 501//501 502//502
f 1340//1340 502//502 503//503
f 1341//1341 503//503 504//504
f 1342//1342 504//504 505//505
f 1343//1343 929//929 1338//1338
f 1344//1344 1338//1338 1339//1339
f 1344//1344 1340//1340 1345//1345
f 1345//1345 1341//1341 1346//1346
f 1347//1347 1341//1341 1342//1342
f 941//941 1343//1343 1348//1348
f 1348//1348 1344//1344 1349//1349
f 1349//1349 1345//1345 1350//1350
f 1350//1350 1346//1346 1351//1351
f 1352//1352 1346//1346 1347//1347
f 947//947 1348//1348 1353//1353
f 1353//1353 1349//1349 1354//1354
f 1354//1354 1350//1350 1355//1355
f 1356//1356 1350//1350 1351//1351
f 952//952 1353//1353 1357//1357
f 1357//1357 1354//1354 1358//1358
f 1359//1359 1354//1354 1355//1355
f 1360//1360 1355//1355 1356//1356
f 1361//1361 952//952 1357//1357
f 1362//1362 1357//1357 1358//1358
f 1342//1342 532//532 1363//1363
f 1363//1363 533//533 1364//1364
f 1364//1364 534//534 1365//1365
f 1366//1366 1342//1342 1363//1363
f 1367//1367 1363//1363 1364//1364
f 1368//1368 1364//1364 1365//1365
f 1352//1352 1369//1369 1351//1351
f 1352//1352 1366//1366 1370//1370
f 1370//1370 1367//1367 1371//1371
f 1372//1372 1367//1367 1368//1368
f 1356//1356 1369//1369 1373//1373
f 1374//1374 1369//1369 1370//1370
f 1374//1374 1371//1371 1375//1375
f 1359//1359 1376//1376 1358//1358
f 1360//1360 1377//1377 1359//1359
f 1360//1360 1373//1373 1378//1378
f 1378//1378 1374//1374 1379//1379
f 1380//1380 1374//1374 1375//1375
f 1381//1381 955//955 1361//1361
f 1362//1362 1381//1381 1361//1361
f 1362//1362 1376//1376 1382//1382
f 1383//1383 1376//1376 1377//1377
f 1383//1383 1378//1378 1384//1384
f 1385//1385 1378//1378 1379//1379
f 1386//1386 979//979 1381//1381
f 1386//1386 1382//1382 1387//1387
f 1387//1387 1383//1383 1388//1388
f 1389//1389 1383//1383 1384//1384
f 1390//1390 984//984 1386//1386
f 1391//1391 1386//1386 1387//1387
f 1365//1365 561//561 1392//1392
f 1392//1392 562//562 1393//1393
f 1394//1394 1365//1365 1392//1392
f 1395//1395 1392//1392 1393//1393
f 1372//1372 1396//1396 1371//1371
f 1372//1372 1394//1394 1397//1397
f 1398//1398 1394//1394 1395//1395
f 1375//1375 1396//1396 1399//1399
f 1400//1400 1396//1396 1397//1397
f 1401//1401 1397//1397 1398//1398
f 1380//1380 1402//1402 1379//1379
f 1380//1380 1399//1399 1403//1403
f 1404//1404 1399//1399 1400//1400
f 1405//1405 1400//1400 1401//1401
f 1385//1385 1406//1406 1384//1384
f 1385//1385 1402//1402 1407//1407
f 1408//1408 1402//1402 1403//1403
f 1409//1409 1403//1403 1404//1404
f 1388//1388 1410//1410 1387//1387
f 1389//1389 1411//1411 1388//1388
f 1389//1389 1406//1406 1412//1412
f 1413//1413 1406//1406 1407//1407
f 1414//1414 1407//1407 1408//1408
f 1415//1415 988//988 1390//1390
f 1391//1391 1415//1415 1390//1390
f 1391//1391 1410//1410 1416//1416
f 1417//1417 1410//1410 1411//1411
f 1418//1418 1411//1411 1412//1412
f 1419//1419 1412//1412 1413//1413
f 1393//1393 581//581 1420//1420
f 1421//1421 1393//1393 1420//1420
f 1422//1422 1395//1395 1421//1421
f 1423//1423 1398//1398 1422//1422
f 1405//1405 1424//1424 1404//1404
f 1405//1405 1423//1423 1425//1425
f 1409//1409 1426//1426 1408//1408
f 1409//1409 1424//1424 1427//1427
f 1428//1428 1424//1424 1425//1425
f 1414//1414 1429//1429 1413//1413
f 1414//1414 1426//1426 1430//1430
f 1431//1431 1426//1426 1427//1427
f 1432//1432 1427//1427 1428//1428
f 1418//1418 1433//1433 1417//1417
f 1419//1419 1434//1434 1418//1418
f 1419//1419 1429//1429 1435//1435
f 1436//1436 1429//1429 1430//1430
f 1437//1437 1430//1430 1431//1431
f 1428//1428 1438//1438 1439//1439
f 1432//1432 1440//1440 1431//1431
f 1432//1432 1439//1439 1441//1441
f 1437//1437 1442//1442 1436//1436
f 1437//1437 1440//1440 1443//1443
f 1444//1444 1440//1440 1441//1441
f 1444//1444 1446//1446 1443//1443
f 1444//1444 1445//1445 1447//1447
f 1420//1420 601//601 1448//1448
f 1449//1449 1420//1420 1448//1448
f 1450//1450 1421//1421 1449//1449
f 1451//1451 1422//1422 1450//1450
f 1452//1452 1423//1423 1451//1451
f 1448//1448 610//610 1453//1453
f 1454//1454 610//610 611//611
f 1455//1455 1448//1448 1453//1453
f 1455//1455 1454//1454 1456//1456
f 1457//1457 1449//1449 1455//1455
f 1457//1457 1456//1456 1458//1458
f 1451//1451 1457//1457 1459//1459
f 1459//1459 1458//1458 1460//1460
f 1452//1452 1438//1438 1425//1425
f 1452//1452 1459//1459 1461//1461
f 1462//1462 1459//1459 1460//1460
f 1463//1463 1438//1438 1461//1461
f 1464//1464 1439//1439 1463//1463
f 1465//1465 611//611 624//624
f 1466//1466 624//624 625//625
f 1456//1456 1465//1465 1467//1467
f 1467//1467 1466//1466 1468//1468
f 1458//1458 1467//1467 1469//1469
f 1469//1469 1468//1468 1470//1470
f 1460//1460 1469//1469 1471//1471
f 1471//1471 1470//1470 1472//1472
f 1462//1462 1473//1473 1461//1461
f 1462//1462 1471//1471 1474//1474
f 1475//1475 1471//1471 1472//1472
f 1463//1463 1473//1473 1476//1476
f 1477//1477 1473//1473 1474//1474
f 1464//1464 1445//1445 1441//1441
f 1464//1464 1476//1476 1478//1478
f 1479//1479 1476//1476 1477//1477
f 1480//1480 1445//1445 1478//1478
f 1481//1481 1010//1010 1415//1415
f 1482//1482 1415//1415 1416//1416
f 1483//1483 1416//1416 1417//1417
f 1484//1484 1030//1030 1481//1481
f 1485//1485 1481//1481 1482//1482
f 1483//1483 1485//1485 1482//1482
f 1483//1483 1433//1433 1486//1486
f 1487//1487 1433//1433 1434//1434
f 1488//1488 1434//1434 1435//1435
f 1489//1489 1435//1435 1436//1436
f 1490//1490 1037//1037 1484//1484
f 1491//1491 1484//1484 1485//1485
f 1492//1492 1485//1485 1486//1486
f 1493//1493 1486//1486 1487//1487
f 1488//1488 1494//1494 1487//1487
f 1489//1489 1495//1495 1488//1488
f 1489//1489 1442//1442 1496//1496
f 1497//1497 1442//1442 1443//1443
f 1490//1490 1055//1055 1042//1042
f 1499//1499 1490//1490 1491//1491
f 1500//1500 1491//1491 1492//1492
f 1493//1493 1500//1500 1492//1492
f 1493//1493 1494//1494 1501//1501
f 1502//1502 1494//1494 1495//1495
f 1503//1503 1495//1495 1496//1496
f 1504//1504 1055//1055 1498//1498
f 1504//1504 1499//1499 1505//1505
f 1505//1505 1500//1500 1506//1506
f 1507//1507 1500//1500 1501//1501
f 1497//1497 1508//1508 1496//1496
f 1497//1497 1446//1446 1509//1509
f 1510//1510 1446//1446 1447//1447
f 1502//1502 1511//1511 1501//1501
f 1503//1503 1512//1512 1502//1502
f 1503//1503 1508//1508 1513//1513
f 1514//1514 1508//1508 1509//1509
f 1504//1504 1073//1073 1060//1060
f 1505//1505 1515//1515 1504//1504
f 1506//1506 1516//1516 1505//1505
f 1507//1507 1517//1517 1506//1506
f 1507//1507 1511//1511 1518//1518
f 1519//1519 1511//1511 1512//1512
f 1520//1520 1512//1512 1513//1513
f 1078//1078 1515//1515 1521//1521
f 1521//1521 1516//1516 1522//1522
f 1522//1522 1517//1517 1523//1523
f 1524//1524 1517//1517 1518//1518
f 1526//1526 625//625 775//775
f 1526//1526 776//776 1527//1527
f 1468//1468 1526//1526 1528//1528
f 1528//1528 1527//1527 1529//1529
f 1470//1470 1528//1528 1530//1530
f 1531//1531 1528//1528 1529//1529
f 1532//1532 1470//1470 1530//1530
f 1475//1475 1533//1533 1474//1474
f 1475//1475 1532//1532 1534//1534
f 1477//1477 1533//1533 1535//1535
f 1536//1536 1533//1533 1534//1534
f 1479//1479 1537//1537 1478//1478
f 1479//1479 1535//1535 1538//1538
f 1480//1480 1525//1525 1447//1447
f 1480//1480 1537//1537 1539//1539
f 1540//1540 1537//1537 1538//1538
f 1527//1527 792//792 1541//1541
f 1529//1529 1541//1541 1542//1542
f 1531//1531 1543//1543 1530//1530
f 1531//1531 1542//1542 1544//1544
f 1532//1532 1543//1543 1545//1545
f 1546//1546 1543//1543 1544//1544
f 1534//1534 1545//1545 1547//1547
f 1548//1548 1545//1545 1546//1546
f 1536//1536 1549//1549 1535//1535
f 1536//1536 1547//1547 1550//1550
f 1538//1538 1549//1549 1551//1551
f 1552//1552 1549//1549 1550//1550
f 1540//1540 1553//1553 1539//1539
f 1540//1540 1551//1551 1554//1554
f 1555//1555 792//792 805//805
f 1556//1556 805//805 806//806
f 1542//1542 1555//1555 1557//1557
f 1558//1558 1555//1555 1556//1556
f 1559//1559 1542//1542 1557//1557
f 1546//1546 1559//1559 1560//1560
f 1548//1548 1561//1561 1547//1547
f 1548//1548 1560//1560 1562//1562
f 1550//1550 1561//1561 1563//1563
f 1564//1564 1561//1561 1562//1562
f 1552//1552 1565//1565 1551//1551
f 1552//1552 1563//1563 1566//1566
f 1554//1554 1567//1567 1553//1553
f 1554//1554 1565//1565 1568//1568
f 1569//1569 1565//1565 1566//1566
f 1556//1556 820//820 1570//1570
f 1558//1558 1571//1571 1557//1557
f 1558//1558 1570//1570 1572//1572
f 1559//1559 1571//1571 1573//1573
f 1574//1574 1571//1571 1572//1572
f 1560//1560 1573//1573 1575//1575
f 1576//1576 1573//1573 1574//1574
f 1577//1577 1560//1560 1575//1575
f 1564//1564 1578//1578 1563//1563
f 1564//1564 1577//1577 1579//1579
f 1566//1566 1578//1578 1580//1580
f 1581//1581 1578//1578 1579//1579
f 1569//1569 1582//1582 1568//1568
f 1569//1569 1580//1580 1583//1583
f 1570//1570 833//833 1584//1584
f 1585//1585 1570//1570 1584//1584
f 1574//1574 1585//1585 1586//1586
f 1576//1576 1587//1587 1575//1575
f 1576//1576 1586//1586 1588//1588
f 1577//1577 1587//1587 1589//1589
f 1590//1590 1587//1587 1588//1588
f 1591//1591 1577//1577 1589//1589
f 1581//1581 1592//1592 1580//1580
f 1581//1581 1591//1591 1593//1593
f 1583//1583 1594//1594 1582//1582
f 1583//1583 1592//1592 1595//1595
f 1584//1584 845//845 1596//1596
f 1597//1597 1584//1584 1596//1596
f 1598//1598 1585//1585 1597//1597
f 1599//1599 1586//1586 1598//1598
f 1590//1590 1600//1600 1589//1589
f 1590//1590 1599//1599 1601//1601
f 1591//1591 1600//1600 1602//1602
f 1604//1604 1592//1592 1593//1593
f 1593//1593 1602//1602 1604//1604
f 1605//1605 1592//1592 1603//1603
f 1596//1596 856//856 1606//1606
f 1607//1607 1596//1596 1606//1606
f 1608//1608 1597//1597 1607//1607
f 1609//1609 1598//1598 1608//1608
f 1601//1601 1610//1610 1600//1600
f 1601//1601 1609//1609 1611//1611
f 1602//1602 1610//1610 1612//1612
f 1613//1613 1610//1610 1611//1611
f 1604//1604 1614//1614 1603//1603
f 1615//1615 1602//1602 1612//1612
f 1605//1605 1614//1614 1616//1616
f 1617//1617 1614//1614 1615//1615
f 1606//1606 867//867 1618//1618
f 1619//1619 1606//1606 1618//1618
f 1620//1620 1607//1607 1619//1619
f 1621//1621 1608//1608 1620//1620
f 1622//1622 1609//1609 1621//1621
f 1613//1613 1623//1623 1612//1612
f 1613//1613 1622//1622 1624//1624
f 1625//1625 1612//1612 1623//1623
f 1617//1617 1626//1626 1616//1616
f 1617//1617 1625//1625 1627//1627
f 1510//1510 1628//1628 1509//1509
f 1510//1510 1525//1525 1629//1629
f 1514//1514 1630//1630 1513//1513
f 1514//1514 1628//1628 1631//1631
f 1632//1632 1628//1628 1629//1629
f 1519//1519 1633//1633 1518//1518
f 1520//1520 1634//1634 1519//1519
f 1520//1520 1630//1630 1635//1635
f 1636//1636 1630//1630 1631//1631
f 1521//1521 1248//1248 1078//1078
f 1522//1522 1637//1637 1521//1521
f 1639//1639 1522//1522 1523//1523
f 1524//1524 1639//1639 1523//1523
f 1524//1524 1633//1633 1640//1640
f 1641//1641 1633//1633 1634//1634
f 1251//1251 1637//1637 1642//1642
f 1643//1643 1637//1637 1638//1638
f 1632//1632 1645//1645 1631//1631
f 1632//1632 1644//1644 1646//1646
f 1635//1635 1647//1647 1634//1634
f 1636//1636 1648//1648 1635//1635
f 1636//1636 1645//1645 1649//1649
f 1650//1650 1645//1645 1646//1646
f 1639//1639 1651//1651 1638//1638
f 1640//1640 1652//1652 1639//1639
f 1641//1641 1653//1653 1640//1640
f 1641//1641 1647//1647 1654//1654
f 1655//1655 1647//1647 1648//1648
f 1642//1642 1265//1265 1251//1251
f 1643//1643 1656//1656 1642//1642
f 1643//1643 1651//1651 1657//1657
f 1658//1658 1651//1651 1652//1652
f 1659//1659 1652//1652 1653//1653
f 1649//1649 1661//1661 1648//1648
f 1650//1650 1662//1662 1649//1649
f 1650//1650 1660//1660 1663//1663
f 1654//1654 1664//1664 1653//1653
f 1655//1655 1665//1665 1654//1654
f 1655//1655 1661//1661 1666//1666
f 1667//1667 1661//1661 1662//1662
f 1656//1656 1277//1277 1265//1265
f 1669//1669 1656//1656 1657//1657
f 1658//1658 1669//1669 1657//1657
f 1659//1659 1670//1670 1658//1658
f 1659//1659 1664//1664 1671//1671
f 1672//1672 1664//1664 1665//1665
f 1673//1673 1277//1277 1668//1668
f 1663//1663 1675//1675 1662//1662
f 1663//1663 1674//1674 1676//1676
f 1666//1666 1677//1677 1665//1665
f 1667//1667 1678//1678 1666//1666
f 1667//1667 1675//1675 1679//1679
f 1669//1669 1680//1680 1668//1668
f 1670//1670 1681//1681 1669//1669
f 1683//1683 1670//1670 1671//1671
f 1672//1672 1683//1683 1671//1671
f 1672//1672 1677//1677 1684//1684
f 1685//1685 1677//1677 1678//1678
f 1673//1673 1293//1293 1280//1280
f 1673//1673 1680//1680 1686//1686
f 1687//1687 1680//1680 1681//1681
f 1688//1688 1681//1681 1682//1682
f 1676//1676 1689//1689 1675//1675
f 1679//1679 1691//1691 1678//1678
f 1679//1679 1689//1689 1692//1692
f 1693//1693 1689//1689 1690//1690
f 1683//1683 1694//1694 1682//1682
f 1696//1696 1683//1683 1684//1684
f 1685//1685 1696//1696 1684//1684
f 1685//1685 1691//1691 1697//1697
f 1698//1698 1293//1293 1686//1686
f 1687//1687 1698//1698 1686//1686
f 1688//1688 1699//1699 1687//1687
f 1688//1688 1694//1694 1700//1700
f 1701//1701 1694//1694 1695//1695
f 1692//1692 1703//1703 1691//1691
f 1693//1693 1704//1704 1692//1692
f 1693//1693 1702//1702 1705//1705
f 1696//1696 1706//1706 1695//1695
f 1697//1697 1707//1707 1696//1696
f 1697//1697 1703//1703 1708//1708
f 1709//1709 1703//1703 1704//1704
f 1710//1710 1304//1304 1698//1698
f 1711//1711 1698//1698 1699//1699
f 1712//1712 1699//1699 1700//1700
f 1701//1701 1712//1712 1700//1700
f 1701//1701 1706//1706 1713//1713
f 1705//1705 1715//1715 1704//1704
f 1716//1716 1702//1702 1714//1714
f 1707//1707 1717//1717 1706//1706
f 1719//1719 1707//1707 1708//1708
f 1709//1709 1719//1719 1708//1708
f 1709//1709 1715//1715 1720//1720
f 1721//1721 1316//1316 1710//1710
f 1722//1722 1710//1710 1711//1711
f 1723//1723 1711//1711 1712//1712
f 1713//1713 1723//1723 1712//1712
f 1713//1713 1717//1717 1724//1724
f 1725//1725 1717//1717 1718//1718
f 1716//1716 1727//1727 1715//1715
f 1728//1728 1714//1714 1726//1726
f 1719//1719 1729//1729 1718//1718
f 1720//1720 1730//1730 1719//1719
f 1731//1731 1715//1715 1727//1727
f 1732//1732 1326//1326 1721//1721
f 1733//1733 1721//1721 1722//1722
f 1734//1734 1722//1722 1723//1723
f 1735//1735 1723//1723 1724//1724
f 1725//1725 1735//1735 1724//1724
f 1725//1725 1729//1729 1736//1736
f 1737//1737 1525//1525 1539//1539
f 1737//1737 1644//1644 1629//1629
f 1737//1737 1553//1553 1738//1738
f 1739//1739 1644//1644 1738//1738
f 1738//1738 1567//1567 1740//1740
f 1741//1741 1567//1567 1568//1568
f 1739//1739 1660//1660 1646//1646
f 1739//1739 1740//1740 1742//1742
f 1741//1741 1743//1743 1740//1740
f 1741//1741 1582//1582 1744//1744
f 1742//1742 1674//1674 1660//1660
f 1742//1742 1743//1743 1745//1745
f 1746//1746 1743//1743 1744//1744
f 1747//1747 1674//1674 1745//1745
f 1744//1744 1594//1594 1748//1748
f 1749//1749 1594//1594 1595//1595
f 1746//1746 1750//1750 1745//1745
f 1746//1746 1748//1748 1751//1751
f 1747//1747 1690//1690 1676//1676
f 1747//1747 1750//1750 1752//1752
f 1749//1749 1753//1753 1748//1748
f 1749//1749 1605//1605 1754//1754
f 1751//1751 1755//1755 1750//1750
f 1751//1751 1753//1753 1756//1756
f 1752//1752 1702//1702 1690//1690
f 1757//1757 1750//1750 1755//1755
f 1759//1759 1753//1753 1754//1754
f 1759//1759 1605//1605 1616//1616
f 1761//1761 1755//1755 1756//1756
f 1756//1756 1758//1758 1761//1761
f 1757//1757 1714//1714 1702//1702
f 1762//1762 1755//1755 1760//1760
f 1759//1759 1763//1763 1758//1758
f 1759//1759 1626//1626 1764//1764
f 1766//1766 1760//1760 1761//1761
f 1761//1761 1763//1763 1766//1766
f 1762//1762 1726//1726 1714//1714
f 1767//1767 1760//1760 1765//1765
f 1769//1769 232//232 1768//1768
f 1771//1771 234//234 1770//1770
f 235//235 1768//1768 232//232
f 237//237 1772//1772 1773//1773
f 1773//1773 234//234 237//237
f 1769//1769 1774//1774 1775//1775
f 1771//1771 1776//1776 1777//1777
f 1771//1771 1774//1774 1768//1768
f 1778//1778 1774//1774 1777//1777
f 1773//1773 1779//1779 1780//1780
f 1773//1773 1776//1776 1770//1770
f 1781//1781 1776//1776 1780//1780
f 1778//1778 1783//1783 1784//1784
f 1778//1778 1782//1782 1775//1775
f 1781//1781 1785//1785 1786//1786
f 1781//1781 1783//1783 1777//1777
f 1784//1784 1788//1788 1789//1789
f 1784//1784 1787//1787 1782//1782
f 1791//1791 1785//1785 1790//1790
f 1791//1791 1783//1783 1786//1786
f 1789//1789 1792//1792 1793//1793
f 1791//1791 1794//1794 1795//1795
f 1791//1791 1792//1792 1788//1788
f 1796//1796 1792//1792 1795//1795
f 1796//1796 1798//1798 1799//1799
f 1796//1796 1797//1797 1793//1793
f 334//334 1801//1801 1802//1802
f 335//335 1802//1802 1803//1803
f 337//337 1804//1804 1805//1805
f 1806//1806 337//337 1805//1805
f 339//339 1806//1806 1807//1807
f 339//339 1801//1801 333//333
f 1808//1808 1801//1801 1807//1807
f 341//341 1809//1809 1810//1810
f 342//342 1810//1810 1811//1811
f 1811//1811 336//336 342//342
f 1812//1812 233//233 1769//1769
f 1812//1812 340//340 343//343
f 1803//1803 1813//1813 1814//1814
f 1805//1805 1815//1815 1816//1816
f 1817//1817 1805//1805 1816//1816
f 1818//1818 1806//1806 1817//1817
f 1808//1808 1818//1818 1819//1819
f 1808//1808 1813//1813 1802//1802
f 1820//1820 1813//1813 1819//1819
f 1810//1810 1821//1821 1822//1822
f 1811//1811 1822//1822 1823//1823
f 1823//1823 1804//1804 1811//1811
f 1824//1824 1769//1769 1775//1775
f 1824//1824 1809//1809 1812//1812
f 1816//1816 1825//1825 1826//1826
f 1827//1827 1816//1816 1826//1826
f 1828//1828 1817//1817 1827//1827
f 1829//1829 1818//1818 1828//1828
f 1820//1820 1829//1829 1830//1830
f 1822//1822 1831//1831 1832//1832
f 1833//1833 1822//1822 1832//1832
f 1823//1823 1825//1825 1815//1815
f 1834//1834 1825//1825 1833//1833
f 1824//1824 1782//1782 1835//1835
f 1824//1824 1831//1831 1821//1821
f 1836//1836 1831//1831 1835//1835
f 1827//1827 1837//1837 1838//1838
f 1839//1839 1827//1827 1838//1838
f 1840//1840 1828//1828 1839//1839
f 1841//1841 1829//1829 1840//1840
f 1833//1833 1842//1842 1843//1843
f 1834//1834 1843//1843 1844//1844
f 1834//1834 1837//1837 1826//1826
f 1845//1845 1837//1837 1844//1844
f 1835//1835 1787//1787 1846//1846
f 1836//1836 1846//1846 1847//1847
f 1836//1836 1842//1842 1832//1832
f 1848//1848 1787//1787 1789//1789
f 1839//1839 1849//1849 1850//1850
f 1840//1840 1850//1850 1851//1851
f 1841//1841 1851//1851 1852//1852
f 1843//1843 1853//1853 1854//1854
f 1855//1855 1843//1843 1854//1854
f 1845//1845 1855//1855 1856//1856
f 1845//1845 1849//1849 1838//1838
f 1857//1857 1849//1849 1856//1856
f 1857//1857 1851//1851 1850//1850
f 1858//1858 1852//1852 1851//1851
f 1847//1847 1860//1860 1861//1861
f 1847//1847 1853//1853 1842//1842
f 1862//1862 1853//1853 1861//1861
f 1848//1848 1793//1793 1863//1863
f 1848//1848 1860//1860 1846//1846
f 1855//1855 1864//1864 1865//1865
f 1866//1866 1855//1855 1865//1865
f 1857//1857 1866//1866 1867//1867
f 1858//1858 1867//1867 1868//1868
f 1859//1859 1868//1868 1869//1869
f 1861//1861 1870//1870 1871//1871
f 1862//1862 1871//1871 1872//1872
f 1862//1862 1864//1864 1854//1854
f 1873//1873 1864//1864 1872//1872
f 1874//1874 1865//1865 1873//1873
f 1863//1863 1797//1797 1875//1875
f 1863//1863 1870//1870 1860//1860
f 1876//1876 1870//1870 1875//1875
f 1877//1877 1797//1797 1799//1799
f 1867//1867 1878//1878 1879//1879
f 1868//1868 1879//1879 1880//1880
f 1869//1869 1880//1880 1881//1881
f 1872//1872 1882//1882 1883//1883
f 1873//1873 1883//1883 1884//1884
f 1874//1874 1884//1884 1885//1885
f 1874//1874 1878//1878 1866//1866
f 1886//1886 1878//1878 1885//1885
f 1886//1886 1880//1880 1879//1879
f 1887//1887 1881//1881 1880//1880
f 1876//1876 1889//1889 1890//1890
f 1876//1876 1882//1882 1871//1871
f 1891//1891 1882//1882 1890//1890
f 1892//1892 1883//1883 1891//1891
f 1877//1877 1800//1800 1893//1893
f 1877//1877 1889//1889 1875//1875
f 1894//1894 1889//1889 1893//1893
f 1885//1885 1895//1895 1896//1896
f 1886//1886 1896//1896 1897//1897
f 1887//1887 1897//1897 1898//1898
f 1888//1888 1898//1898 1899//1899
f 1891//1891 1900//1900 1901//1901
f 1892//1892 1901//1901 1902//1902
f 1892//1892 1895//1895 1884//1884
f 1903//1903 1895//1895 1902//1902
f 1903//1903 1897//1897 1896//1896
f 1905//1905 1897//1897 1904//1904
f 1894//1894 1907//1907 1908//1908
f 1894//1894 1900//1900 1890//1890
f 1909//1909 1900//1900 1908//1908
f 1910//1910 236//236 440//440
f 1912//1912 441//441 1911//1911
f 442//442 1910//1910 440//440
f 1913//1913 441//441 443//443
f 1915//1915 444//444 1914//1914
f 445//445 1913//1913 443//443
f 446//446 1914//1914 444//444
f 1917//1917 446//446 447//447
f 1918//1918 447//447 448//448
f 1920//1920 449//449 1919//1919
f 450//450 1918//1918 448//448
f 1910//1910 1779//1779 1772//1772
f 1922//1922 1779//1779 1921//1921
f 1924//1924 1911//1911 1923//1923
f 1924//1924 1910//1910 1912//1912
f 1913//1913 1923//1923 1911//1911
f 1927//1927 1914//1914 1926//1926
f 1915//1915 1925//1925 1913//1913
f 1916//1916 1926//1926 1914//1914
f 1929//1929 1916//1916 1917//1917
f 1930//1930 1917//1917 1918//1918
f 1920//1920 1931//1931 1932//1932
f 1920//1920 1930//1930 1918//1918
f 1922//1922 1933//1933 1934//1934
f 1922//1922 1785//1785 1780//1780
f 1924//1924 1935//1935 1936//1936
f 1924//1924 1933//1933 1921//1921
f 1925//1925 1935//1935 1923//1923
f 1938//1938 1935//1935 1937//1937
f 1927//1927 1939//1939 1940//1940
f 1940//1940 1925//1925 1927//1927
f 1928//1928 1939//1939 1926//1926
f 1942//1942 1939//1939 1941//1941
f 1943//1943 1928//1928 1929//1929
f 1944//1944 1929//1929 1930//1930
f 1945//1945 1930//1930 1932//1932
f 1934//1934 1946//1946 1947//1947
f 1934//1934 1790//1790 1785//1785
f 1936//1936 1946//1946 1933//1933
f 1949//1949 1946//1946 1948//1948
f 1938//1938 1950//1950 1951//1951
f 1938//1938 1948//1948 1936//1936
f 1952//1952 1937//1937 1940//1940
f 1942//1942 1953//1953 1954//1954
f 1942//1942 1952//1952 1940//1940
f 1943//1943 1953//1953 1941//1941
f 1956//1956 1953//1953 1955//1955
f 1944//1944 1955//1955 1943//1943
f 1958//1958 1955//1955 1957//1957
f 1959//1959 1944//1944 1945//1945
f 1947//1947 1794//1794 1790//1790
f 1961//1961 1794//1794 1960//1960
f 1949//1949 1962//1962 1963//1963
f 1949//1949 1960//1960 1947//1947
f 1951//1951 1964//1964 1965//1965
f 1951//1951 1962//1962 1948//1948
f 1952//1952 1964//1964 1950//1950
f 1967//1967 1964//1964 1966//1966
f 1968//1968 1952//1952 1954//1954
f 1956//1956 1968//1968 1954//1954
f 1958//1958 1970//1970 1971//1971
f 1958//1958 1969//1969 1956//1956
f 1959//1959 1970//1970 1957//1957
f 1973//1973 1970//1970 1972//1972
f 1961//1961 1974//1974 1975//1975
f 1961//1961 1798//1798 1795//1795
f 1976//1976 1798//1798 1975//1975
f 1963//1963 1977//1977 1978//1978
f 1963//1963 1974//1974 1960//1960
f 1979//1979 1974//1974 1978//1978
f 1965//1965 1977//1977 1962//1962
f 1981//1981 1977//1977 1980//1980
f 1967//1967 1982//1982 1983//1983
f 1967//1967 1980//1980 1965//1965
f 1968//1968 1982//1982 1966//1966
f 1985//1985 1982//1982 1984//1984
f 1969//1969 1984//1984 1968//1968
f 1987//1987 1984//1984 1986//1986
f 1988//1988 1969//1969 1971//1971
f 1973//1973 1988//1988 1971//1971
f 1976//1976 1990//1990 1991//1991
f 1976//1976 1800//1800 1799//1799
f 1979//1979 1992//1992 1993//1993
f 1979//1979 1990//1990 1975//1975
f 1994//1994 1990//1990 1993//1993
f 1981//1981 1995//1995 1996//1996
f 1981//1981 1992//1992 1978//1978
f 1997//1997 1992//1992 1996//1996
f 1983//1983 1995//1995 1980//1980
f 1999//1999 1995//1995 1998//1998
f 1985//1985 1998//1998 1983//1983
f 2001//2001 1998//1998 2000//2000
f 1987//1987 2002//2002 2003//2003
f 1987//1987 2000//2000 1985//1985
f 1988//1988 2002//2002 1986//1986
f 2005//2005 2002//2002 2004//2004
f 2006//2006 1988//1988 1989//1989
f 2006//2006 2005//2005 2004//2004
f 1994//1994 2009//2009 2010//2010
f 1994//1994 2008//2008 1991//1991
f 1997//1997 2011//2011 2012//2012
f 1997//1997 2009//2009 1993//1993
f 2013//2013 2009//2009 2012//2012
f 1999//1999 2011//2011 1996//1996
f 2015//2015 2011//2011 2014//2014
f 2001//2001 2016//2016 2017//2017
f 2001//2001 2014//2014 1999//1999
f 2003//2003 2016//2016 2000//2000
f 2019//2019 2016//2016 2018//2018
f 2005//2005 2018//2018 2003//2003
f 2020//2020 2019//2019 2018//2018
f 2007//2007 2020//2020 2005//2005
f 2022//2022 2021//2021 2020//2020
f 2024//2024 1800//1800 1991//1991
f 2024//2024 2008//2008 2025//2025
f 2024//2024 1907//1907 1893//1893
f 2026//2026 1907//1907 2025//2025
f 2027//2027 2008//2008 2010//2010
f 2029//2029 1898//1898 2028//2028
f 1902//1902 2030//2030 2031//2031
f 1903//1903 2031//2031 2032//2032
f 1904//1904 2032//2032 2033//2033
f 1905//1905 2033//2033 2034//2034
f 1905//1905 2028//2028 1898//1898
f 2035//2035 2028//2028 2034//2034
f 1906//1906 2029//2029 2035//2035
f 1909//1909 2036//2036 2037//2037
f 1909//1909 2030//2030 1901//1901
f 2038//2038 2030//2030 2037//2037
f 2038//2038 2032//2032 2031//2031
f 2040//2040 2032//2032 2039//2039
f 2034//2034 2041//2041 2042//2042
f 2043//2043 2034//2034 2042//2042
f 2038//2038 2044//2044 2045//2045
f 2039//2039 2045//2045 2046//2046
f 2040//2040 2046//2046 2047//2047
f 2040//2040 2041//2041 2033//2033
f 2048//2048 2041//2041 2047//2047
f 2048//2048 2043//2043 2042//2042
f 2013//2013 2051//2051 2052//2052
f 2013//2013 2050//2050 2010//2010
f 2015//2015 2053//2053 2054//2054
f 2015//2015 2051//2051 2012//2012
f 2055//2055 2051//2051 2054//2054
f 2017//2017 2053//2053 2014//2014
f 2057//2057 2053//2053 2056//2056
f 2019//2019 2056//2056 2017//2017
f 2058//2058 2057//2057 2056//2056
f 2021//2021 2058//2058 2019//2019
f 2060//2060 2059//2059 2058//2058
f 2023//2023 2060//2060 2021//2021
f 2063//2063 2060//2060 2062//2062
f 2055//2055 2065//2065 2066//2066
f 2055//2055 2064//2064 2052//2052
f 2057//2057 2065//2065 2054//2054
f 2068//2068 2065//2065 2067//2067
f 2069//2069 2057//2057 2059//2059
f 2070//2070 2067//2067 2069//2069
f 2071//2071 2059//2059 2061//2061
f 2072//2072 2069//2069 2071//2071
f 2063//2063 2073//2073 2074//2074
f 2063//2063 2071//2071 2061//2061
f 2075//2075 2071//2071 2074//2074
f 2070//2070 2076//2076 2068//2068
f 2078//2078 2070//2070 2072//2072
f 2079//2079 2072//2072 2075//2075
f 2026//2026 2080//2080 2081//2081
f 2026//2026 2036//2036 1908//1908
f 2082//2082 2036//2036 2081//2081
f 2027//2027 2050//2050 2083//2083
f 2027//2027 2080//2080 2025//2025
f 2084//2084 2080//2080 2083//2083
f 2085//2085 2050//2050 2052//2052
f 2082//2082 2086//2086 2087//2087
f 2082//2082 2044//2044 2037//2037
f 2088//2088 2044//2044 2087//2087
f 2089//2089 2045//2045 2088//2088
f 2090//2090 2046//2046 2089//2089
f 2090//2090 2048//2048 2047//2047
f 2091//2091 2049//2049 2048//2048
f 2084//2084 2093//2093 2094//2094
f 2084//2084 2086//2086 2081//2081
f 2095//2095 2086//2086 2094//2094
f 2096//2096 2087//2087 2095//2095
f 2085//2085 2064//2064 2097//2097
f 2085//2085 2093//2093 2083//2083
f 2098//2098 2093//2093 2097//2097
f 2099//2099 2064//2064 2066//2066
f 2100//2100 2097//2097 2099//2099
f 2101//2101 2066//2066 2068//2068
f 2089//2089 2102//2102 2103//2103
f 2104//2104 2089//2089 2103//2103
f 2105//2105 2090//2090 2104//2104
f 2106//2106 2091//2091 2105//2105
f 2095//2095 2107//2107 2108//2108
f 2096//2096 2108//2108 2109//2109
f 2096//2096 2102//2102 2088//2088
f 2110//2110 2102//2102 2109//2109
f 2111//2111 2103//2103 2110//2110
f 2112//2112 2104//2104 2111//2111
f 2113//2113 2105//2105 2112//2112
f 2098//2098 2107//2107 2094//2094
f 2115//2115 2107//2107 2114//2114
f 2116//2116 2108//2108 2115//2115
f 2117//2117 2109//2109 2116//2116
f 2100//2100 2118//2118 2119//2119
f 2100//2100 2114//2114 2098//2098
f 2120//2120 2114//2114 2119//2119
f 2121//2121 2115//2115 2120//2120
f 2101//2101 2076//2076 2122//2122
f 2101//2101 2118//2118 2099//2099
f 2123//2123 2118//2118 2122//2122
f 2124//2124 2119//2119 2123//2123
f 2125//2125 2076//2076 2077//2077
f 2126//2126 2122//2122 2125//2125
f 2127//2127 2077//2077 2078//2078
f 2128//2128 2078//2078 2079//2079
f 2111//2111 2129//2129 2130//2130
f 2131//2131 2111//2111 2130//2130
f 2132//2132 2112//2112 2131//2131
f 2117//2117 2133//2133 2134//2134
f 2117//2117 2129//2129 2110//2110
f 2135//2135 2129//2129 2134//2134
f 2136//2136 2130//2130 2135//2135
f 2137//2137 2131//2131 2136//2136
f 2121//2121 2138//2138 2139//2139
f 2121//2121 2133//2133 2116//2116
f 2140//2140 2133//2133 2139//2139
f 2140//2140 2135//2135 2134//2134
f 2142//2142 2135//2135 2141//2141
f 2143//2143 2136//2136 2142//2142
f 2124//2124 2144//2144 2145//2145
f 2124//2124 2138//2138 2120//2120
f 2146//2146 2138//2138 2145//2145
f 2146//2146 2140//2140 2139//2139
f 2148//2148 2140//2140 2147//2147
f 2126//2126 2149//2149 2150//2150
f 2126//2126 2144//2144 2123//2123
f 2151//2151 2144//2144 2150//2150
f 2151//2151 2146//2146 2145//2145
f 2127//2127 2149//2149 2125//2125
f 2154//2154 2149//2149 2153//2153
f 2154//2154 2151//2151 2150//2150
f 2156//2156 2151//2151 2155//2155
f 2157//2157 2127//2127 2128//2128
f 2158//2158 2153//2153 2157//2157
f 2159//2159 2154//2154 2158//2158
f 2142//2142 2160//2160 2161//2161
f 2162//2162 2142//2142 2161//2161
f 2147//2147 2163//2163 2164//2164
f 2148//2148 2164//2164 2165//2165
f 2148//2148 2160//2160 2141//2141
f 2166//2166 2160//2160 2165//2165
f 2167//2167 2161//2161 2166//2166
f 2152//2152 2163//2163 2146//2146
f 2169//2169 2163//2163 2168//2168
f 2170//2170 2164//2164 2169//2169
f 2170//2170 2166//2166 2165//2165
f 2171//2171 2167//2167 2166//2166
f 2156//2156 2173//2173 2174//2174
f 2156//2156 2168//2168 2152//2152
f 2175//2175 2168//2168 2174//2174
f 2175//2175 2170//2170 2169//2169
f 2176//2176 2171//2171 2170//2170
f 2177//2177 2172//2172 2171//2171
f 2159//2159 2173//2173 2155//2155
f 2180//2180 2173//2173 2179//2179
f 2180//2180 2175//2175 2174//2174
f 2181//2181 2176//2176 2175//2175
f 2182//2182 2177//2177 2176//2176
f 2183//2183 2178//2178 2177//2177
f 2185//2185 335//335 1803//1803
f 2186//2186 723//723 2185//2185
f 2187//2187 2186//2186 2185//2185
f 725//725 2186//2186 2188//2188
f 2189//2189 725//725 2188//2188
f 727//727 2189//2189 2190//2190
f 2191//2191 727//727 2190//2190
f 2192//2192 728//728 2191//2191
f 2193//2193 729//729 2192//2192
f 2194//2194 730//730 2193//2193
f 2195//2195 731//731 2194//2194
f 2196//2196 732//732 2195//2195
f 734//734 2196//2196 2197//2197
f 2198//2198 1803//1803 1814//1814
f 1820//1820 2198//2198 1814//1814
f 2187//2187 2198//2198 2199//2199
f 2200//2200 2187//2187 2199//2199
f 2189//2189 2200//2200 2201//2201
f 2190//2190 2201//2201 2202//2202
f 2203//2203 2190//2190 2202//2202
f 2204//2204 2191//2191 2203//2203
f 2205//2205 2192//2192 2204//2204
f 2194//2194 2205//2205 2206//2206
f 2207//2207 2194//2194 2206//2206
f 2208//2208 2195//2195 2207//2207
f 2209//2209 2196//2196 2208//2208
f 2210//2210 1820//1820 1830//1830
f 2200//2200 2210//2210 2211//2211
f 2201//2201 2211//2211 2212//2212
f 2202//2202 2212//2212 2213//2213
f 2214//2214 2202//2202 2213//2213
f 2215//2215 2214//2214 2213//2213
f 2204//2204 2214//2214 2216//2216
f 2205//2205 2216//2216 2217//2217
f 2218//2218 2205//2205 2217//2217
f 2219//2219 2218//2218 2217//2217
f 2207//2207 2218//2218 2220//2220
f 2221//2221 2207//2207 2220//2220
f 2222//2222 2208//2208 2221//2221
f 2210//2210 1841//1841 2223//2223
f 2211//2211 2223//2223 2224//2224
f 2212//2212 2224//2224 2225//2225
f 2226//2226 2212//2212 2225//2225
f 2227//2227 2226//2226 2225//2225
f 2215//2215 2226//2226 2228//2228
f 2229//2229 2215//2215 2228//2228
f 2230//2230 2216//2216 2229//2229
f 2231//2231 2230//2230 2229//2229
f 2219//2219 2230//2230 2232//2232
f 2233//2233 2219//2219 2232//2232
f 2234//2234 2220//2220 2233//2233
f 2235//2235 2234//2234 2233//2233
f 2222//2222 2234//2234 2236//2236
f 2237//2237 1841//1841 1852//1852
f 2238//2238 2223//2223 2237//2237
f 2239//2239 2224//2224 2238//2238
f 2240//2240 1852//1852 1859//1859
f 2241//2241 2237//2237 2240//2240
f 2241//2241 2239//2239 2238//2238
f 2227//2227 2239//2239 2242//2242
f 2243//2243 2227//2227 2242//2242
f 2229//2229 2243//2243 2244//2244
f 2231//2231 2244//2244 2245//2245
f 2246//2246 2231//2231 2245//2245
f 2247//2247 2232//2232 2246//2246
f 2235//2235 2247//2247 2248//2248
f 2249//2249 2235//2235 2248//2248
f 2251//2251 1859//1859 1869//1869
f 2252//2252 2240//2240 2251//2251
f 2253//2253 2241//2241 2252//2252
f 2243//2243 2253//2253 2254//2254
f 2255//2255 2243//2243 2254//2254
f 2256//2256 2254//2254 2253//2253
f 2257//2257 2255//2255 2254//2254
f 2245//2245 2255//2255 2258//2258
f 2259//2259 2245//2245 2258//2258
f 2260//2260 2246//2246 2259//2259
f 2261//2261 2259//2259 2258//2258
f 2262//2262 2260//2260 2259//2259
f 2248//2248 2260//2260 2263//2263
f 2264//2264 2248//2248 2263//2263
f 2265//2265 2264//2264 2263//2263
f 2250//2250 2264//2264 2266//2266
f 2267//2267 1869//1869 1881//1881
f 2268//2268 2251//2251 2267//2267
f 2269//2269 2252//2252 2268//2268
f 2270//2270 1881//1881 1888//1888
f 2271//2271 2267//2267 2270//2270
f 2271//2271 2269//2269 2268//2268
f 2256//2256 2269//2269 2272//2272
f 2273//2273 2256//2256 2272//2272
f 2274//2274 2257//2257 2273//2273
f 2275//2275 2274//2274 2273//2273
f 2261//2261 2274//2274 2276//2276
f 2277//2277 2261//2261 2276//2276
f 2278//2278 2262//2262 2277//2277
f 2279//2279 2278//2278 2277//2277
f 2265//2265 2278//2278 2280//2280
f 2281//2281 2265//2265 2280//2280
f 2282//2282 1888//1888 1899//1899
f 2283//2283 2270//2270 2282//2282
f 2284//2284 2271//2271 2283//2283
f 2285//2285 2272//2272 2284//2284
f 1906//1906 2282//2282 1899//1899
f 2287//2287 2282//2282 2286//2286
f 2288//2288 2283//2283 2287//2287
f 2288//2288 2285//2285 2284//2284
f 2275//2275 2285//2285 2289//2289
f 2290//2290 2275//2275 2289//2289
f 2291//2291 2276//2276 2290//2290
f 2292//2292 2290//2290 2289//2289
f 2293//2293 2291//2291 2290//2290
f 2279//2279 2291//2291 2294//2294
f 2295//2295 2279//2279 2294//2294
f 2296//2296 734//734 2197//2197
f 756//756 2296//2296 2297//2297
f 2298//2298 756//756 2297//2297
f 2296//2296 2209//2209 2299//2299
f 2300//2300 2296//2296 2299//2299
f 2301//2301 2300//2300 2299//2299
f 2298//2298 2300//2300 2302//2302
f 2303//2303 2209//2209 2222//2222
f 2301//2301 2303//2303 2304//2304
f 2305//2305 2301//2301 2304//2304
f 2306//2306 2222//2222 2236//2236
f 2304//2304 2306//2306 2307//2307
f 2308//2308 2304//2304 2307//2307
f 2309//2309 2236//2236 2249//2249
f 2250//2250 2309//2309 2249//2249
f 2307//2307 2309//2309 2310//2310
f 2311//2311 2250//2250 2266//2266
f 2313//2313 2281//2281 2280//2280
f 2312//2312 2281//2281 2314//2314
f 2316//2316 2295//2295 2294//2294
f 2313//2313 2295//2295 2317//2317
f 2318//2318 2313//2313 2317//2317
f 2319//2319 2318//2318 2317//2317
f 2315//2315 2318//2318 2320//2320
f 857//857 2298//2298 2322//2322
f 2323//2323 857//857 2322//2322
f 859//859 2323//2323 2324//2324
f 860//860 2324//2324 2325//2325
f 2326//2326 860//860 2325//2325
f 2327//2327 861//861 2326//2326
f 863//863 2327//2327 2328//2328
f 864//864 2328//2328 2329//2329
f 2330//2330 864//864 2329//2329
f 2331//2331 865//865 2330//2330
f 2332//2332 866//866 2331//2331
f 2333//2333 2298//2298 2302//2302
f 2323//2323 2333//2333 2334//2334
f 2324//2324 2334//2334 2335//2335
f 2336//2336 2324//2324 2335//2335
f 2337//2337 2336//2336 2335//2335
f 2326//2326 2336//2336 2338//2338
f 2339//2339 2326//2326 2338//2338
f 2340//2340 2327//2327 2339//2339
f 2341//2341 2340//2340 2339//2339
f 2329//2329 2340//2340 2342//2342
f 2343//2343 2329//2329 2342//2342
f 2344//2344 2330//2330 2343//2343
f 2345//2345 2331//2331 2344//2344
f 2333//2333 2305//2305 2346//2346
f 2334//2334 2346//2346 2347//2347
f 2348//2348 2334//2334 2347//2347
f 2337//2337 2348//2348 2349//2349
f 2350//2350 2337//2337 2349//2349
f 2351//2351 2338//2338 2350//2350
f 2341//2341 2351//2351 2352//2352
f 2353//2353 2341//2341 2352//2352
f 2354//2354 2353//2353 2352//2352
f 2343//2343 2353//2353 2355//2355
f 2356//2356 2343//2343 2355//2355
f 2357//2357 2344//2344 2356//2356
f 2358//2358 2308//2308 2307//2307
f 2346//2346 2308//2308 2359//2359
f 2360//2360 2346//2346 2359//2359
f 2361//2361 2360//2360 2359//2359
f 2348//2348 2360//2360 2362//2362
f 2349//2349 2362//2362 2363//2363
f 2364//2364 2349//2349 2363//2363
f 2365//2365 2364//2364 2363//2363
f 2351//2351 2364//2364 2366//2366
f 2367//2367 2351//2351 2366//2366
f 2354//2354 2367//2367 2368//2368
f 2369//2369 2354//2354 2368//2368
f 2370//2370 2369//2369 2368//2368
f 2356//2356 2369//2369 2371//2371
f 2372//2372 2371//2371 2370//2370
f 2357//2357 2371//2371 2373//2373
f 2358//2358 2310//2310 2374//2374
f 2375//2375 2358//2358 2374//2374
f 2361//2361 2375//2375 2376//2376
f 2377//2377 2361//2361 2376//2376
f 2378//2378 2377//2377 2376//2376
f 2363//2363 2377//2377 2379//2379
f 2365//2365 2379//2379 2380//2380
f 2381//2381 2365//2365 2380//2380
f 2382//2382 2381//2381 2380//2380
f 2367//2367 2381//2381 2383//2383
f 2384//2384 2367//2367 2383//2383
f 2370//2370 2384//2384 2385//2385
f 2372//2372 2385//2385 2386//2386
f 2387//2387 2372//2372 2386//2386
f 2312//2312 2311//2311 2266//2266
f 2374//2374 2311//2311 2388//2388
f 2389//2389 2374//2374 2388//2388
f 2390//2390 2389//2389 2388//2388
f 2376//2376 2389//2389 2391//2391
f 2378//2378 2391//2391 2392//2392
f 2393//2393 2378//2378 2392//2392
f 2394//2394 2393//2393 2392//2392
f 2380//2380 2393//2393 2395//2395
f 2382//2382 2395//2395 2396//2396
f 2397//2397 2382//2382 2396//2396
f 2398//2398 2397//2397 2396//2396
f 2384//2384 2397//2397 2399//2399
f 2400//2400 2399//2399 2398//2398
f 2385//2385 2399//2399 2401//2401
f 2402//2402 2385//2385 2401//2401
f 2403//2403 2312//2312 2314//2314
f 2315//2315 2403//2403 2314//2314
f 2390//2390 2403//2403 2404//2404
f 2405//2405 2390//2390 2404//2404
f 2406//2406 2405//2405 2404//2404
f 2392//2392 2405//2405 2407//2407
f 2394//2394 2407//2407 2408//2408
f 2409//2409 2394//2394 2408//2408
f 2410//2410 2409//2409 2408//2408
f 2396//2396 2409//2409 2411//2411
f 2412//2412 2411//2411 2410//2410
f 2398//2398 2411//2411 2413//2413
f 2400//2400 2413//2413 2414//2414
f 2415//2415 2400//2400 2414//2414
f 2416//2416 2415//2415 2414//2414
f 2402//2402 2415//2415 2417//2417
f 2418//2418 2315//2315 2320//2320
f 2321//2321 2418//2418 2320//2320
f 2406//2406 2418//2418 2419//2419
f 2420//2420 2406//2406 2419//2419
f 2421//2421 2420//2420 2419//2419
f 2408//2408 2420//2420 2422//2422
f 2423//2423 2422//2422 2421//2421
f 2410//2410 2422//2422 2424//2424
f 2412//2412 2424//2424 2425//2425
f 2426//2426 2412//2412 2425//2425
f 2427//2427 2426//2426 2425//2425
f 2414//2414 2426//2426 2428//2428
f 2430//2430 2427//2427 2429//2429
f 2416//2416 2428//2428 2430//2430
f 2431//2431 1906//1906 2035//2035
f 2287//2287 2431//2431 2432//2432
f 2433//2433 2287//2287 2432//2432
f 2434//2434 2288//2288 2433//2433
f 2435//2435 2433//2433 2432//2432
f 2436//2436 2434//2434 2433//2433
f 2292//2292 2434//2434 2437//2437
f 2438//2438 2292//2292 2437//2437
f 2439//2439 2293//2293 2438//2438
f 2431//2431 2043//2043 2440//2440
f 2441//2441 2431//2431 2440//2440
f 2442//2442 2043//2043 2049//2049
f 2442//2442 2441//2441 2440//2440
f 2435//2435 2441//2441 2443//2443
f 2444//2444 2435//2435 2443//2443
f 2445//2445 2436//2436 2444//2444
f 2446//2446 2438//2438 2437//2437
f 2447//2447 2439//2439 2438//2438
f 2316//2316 2439//2439 2448//2448
f 2449//2449 2316//2316 2448//2448
f 2450//2450 2449//2449 2448//2448
f 2319//2319 2449//2449 2451//2451
f 2452//2452 2319//2319 2451//2451
f 2453//2453 2452//2452 2451//2451
f 2321//2321 2452//2452 2454//2454
f 2457//2457 2049//2049 2092//2092
f 2458//2458 2442//2442 2457//2457
f 2458//2458 2444//2444 2443//2443
f 2459//2459 2445//2445 2444//2444
f 2446//2446 2445//2445 2460//2460
f 2461//2461 2446//2446 2460//2460
f 2462//2462 2447//2447 2461//2461
f 2463//2463 2461//2461 2460//2460
f 2464//2464 2462//2462 2461//2461
f 2450//2450 2462//2462 2465//2465
f 2466//2466 2450//2450 2465//2465
f 2467//2467 2465//2465 2464//2464
f 2468//2468 2466//2466 2465//2465
f 2453//2453 2466//2466 2469//2469
f 2470//2470 2453//2453 2469//2469
f 2471//2471 2469//2469 2468//2468
f 2472//2472 2470//2470 2469//2469
f 2455//2455 2470//2470 2473//2473
f 2474//2474 2473//2473 2472//2472
f 2456//2456 2473//2473 2475//2475
f 2476//2476 2475//2475 2474//2474
f 2457//2457 2106//2106 2480//2480
f 2458//2458 2480//2480 2481//2481
f 2459//2459 2481//2481 2482//2482
f 2483//2483 2459//2459 2482//2482
f 2113//2113 2480//2480 2106//2106
f 2484//2484 2481//2481 2480//2480
f 2485//2485 2482//2482 2481//2481
f 2486//2486 2483//2483 2482//2482
f 2463//2463 2483//2483 2487//2487
f 2488//2488 2463//2463 2487//2487
f 2489//2489 2487//2487 2486//2486
f 2490//2490 2488//2488 2487//2487
f 2467//2467 2488//2488 2491//2491
f 2492//2492 2467//2467 2491//2491
f 2493//2493 2491//2491 2490//2490
f 2494//2494 2492//2492 2491//2491
f 2471//2471 2492//2492 2495//2495
f 2496//2496 2471//2471 2495//2495
f 2497//2497 2495//2495 2494//2494
f 2498//2498 2496//2496 2495//2495
f 2474//2474 2496//2496 2499//2499
f 2500//2500 2499//2499 2498//2498
f 2476//2476 2499//2499 2501//2501
f 2502//2502 2476//2476 2501//2501
f 2503//2503 2501//2501 2500//2500
f 2504//2504 2502//2502 2501//2501
f 2478//2478 2502//2502 2505//2505
f 2506//2506 2505//2505 2504//2504
f 2507//2507 2478//2478 2505//2505
f 2484//2484 2132//2132 2508//2508
f 2485//2485 2508//2508 2509//2509
f 2510//2510 2485//2485 2509//2509
f 2137//2137 2508//2508 2132//2132
f 2511//2511 2509//2509 2508//2508
f 2512//2512 2510//2510 2509//2509
f 2489//2489 2510//2510 2513//2513
f 2514//2514 2489//2489 2513//2513
f 2515//2515 2137//2137 2143//2143
f 2515//2515 2512//2512 2511//2511
f 2517//2517 2512//2512 2516//2516
f 2517//2517 2514//2514 2513//2513
f 2493//2493 2514//2514 2518//2518
f 2519//2519 2493//2493 2518//2518
f 2520//2520 2517//2517 2516//2516
f 2522//2522 2517//2517 2521//2521
f 2522//2522 2519//2519 2518//2518
f 2497//2497 2519//2519 2523//2523
f 2524//2524 2497//2497 2523//2523
f 2525//2525 2522//2522 2521//2521
f 2527//2527 2522//2522 2526//2526
f 2527//2527 2524//2524 2523//2523
f 2500//2500 2524//2524 2528//2528
f 2529//2529 2527//2527 2526//2526
f 2530//2530 2528//2528 2527//2527
f 2503//2503 2528//2528 2531//2531
f 2532//2532 2503//2503 2531//2531
f 2533//2533 2530//2530 2529//2529
f 2535//2535 2530//2530 2534//2534
f 2535//2535 2532//2532 2531//2531
f 2506//2506 2532//2532 2536//2536
f 2515//2515 2162//2162 2537//2537
f 2538//2538 2515//2515 2537//2537
f 2167//2167 2537//2537 2162//2162
f 2539//2539 2538//2538 2537//2537
f 2520//2520 2538//2538 2540//2540
f 2541//2541 2520//2520 2540//2540
f 2542//2542 2167//2167 2172//2172
f 2543//2543 2539//2539 2542//2542
f 2543//2543 2541//2541 2540//2540
f 2525//2525 2541//2541 2544//2544
f 2545//2545 2525//2525 2544//2544
f 2546//2546 2172//2172 2178//2178
f 2547//2547 2542//2542 2546//2546
f 2548//2548 2543//2543 2547//2547
f 2548//2548 2545//2545 2544//2544
f 2529//2529 2545//2545 2549//2549
f 2550//2550 2178//2178 2184//2184
f 2551//2551 2546//2546 2550//2550
f 2552//2552 2547//2547 2551//2551
f 2552//2552 2549//2549 2548//2548
f 2533//2533 2549//2549 2553//2553
f 2554//2554 2533//2533 2553//2553
f 2555//2555 2321//2321 2454//2454
f 2455//2455 2555//2555 2454//2454
f 2421//2421 2555//2555 2556//2556
f 2456//2456 2556//2556 2455//2455
f 2423//2423 2556//2556 2557//2557
f 2558//2558 2423//2423 2557//2557
f 2559//2559 2558//2558 2557//2557
f 2425//2425 2558//2558 2560//2560
f 2562//2562 2559//2559 2561//2561
f 2427//2427 2560//2560 2562//2562
f 2564//2564 2561//2561 2563//2563
f 2429//2429 2562//2562 2564//2564
f 2565//2565 2456//2456 2475//2475
f 2477//2477 2565//2565 2475//2475
f 2559//2559 2565//2565 2566//2566
f 2478//2478 2566//2566 2477//2477
f 2561//2561 2566//2566 2567//2567
f 2479//2479 2567//2567 2478//2478
f 2563//2563 2567//2567 2568//2568
f 2569//2569 449//449 1172//1172
f 2571//2571 1172//1172 1173//1173
f 2571//2571 2570//2570 2569//2569
f 1174//1174 2571//2571 1173//1173
f 2573//2573 1174//1174 1175//1175
f 1176//1176 2573//2573 1175//1175
f 1177//1177 2574//2574 1176//1176
f 2576//2576 1177//1177 1178//1178
f 2577//2577 1178//1178 1179//1179
f 2578//2578 1179//1179 1180//1180
f 1181//1181 2578//2578 1180//1180
f 2580//2580 1181//1181 1182//1182
f 2581//2581 1919//1919 2569//2569
f 2582//2582 1931//1931 2581//2581
f 2570//2570 2581//2581 2569//2569
f 2583//2583 2570//2570 2572//2572
f 2573//2573 2583//2583 2572//2572
f 2574//2574 2584//2584 2573//2573
f 2575//2575 2585//2585 2574//2574
f 2587//2587 2575//2575 2576//2576
f 2588//2588 2576//2576 2577//2577
f 2589//2589 2577//2577 2578//2578
f 2579//2579 2589//2589 2578//2578
f 2591//2591 2579//2579 2580//2580
f 2592//2592 1932//1932 2582//2582
f 2583//2583 2592//2592 2582//2582
f 2584//2584 2593//2593 2583//2583
f 2585//2585 2594//2594 2584//2584
f 2596//2596 2585//2585 2586//2586
f 2598//2598 2586//2586 2587//2587
f 2598//2598 2597//2597 2596//2596
f 2588//2588 2598//2598 2587//2587
f 2600//2600 2588//2588 2589//2589
f 2602//2602 2589//2589 2590//2590
f 2602//2602 2601//2601 2600//2600
f 2591//2591 2602//2602 2590//2590
f 2604//2604 1945//1945 2592//2592
f 2593//2593 2604//2604 2592//2592
f 2594//2594 2605//2605 2593//2593
f 2608//2608 2594//2594 2595//2595
f 2608//2608 2607//2607 2606//2606
f 2610//2610 2595//2595 2596//2596
f 2610//2610 2609//2609 2608//2608
f 2597//2597 2610//2610 2596//2596
f 2612//2612 2597//2597 2599//2599
f 2614//2614 2599//2599 2600//2600
f 2614//2614 2613//2613 2612//2612
f 2601//2601 2614//2614 2600//2600
f 2616//2616 2601//2601 2603//2603
f 2604//2604 1972//1972 1959//1959
f 2618//2618 1973//1973 1972//1972
f 2620//2620 2604//2604 2605//2605
f 2621//2621 2618//2618 2620//2620
f 2622//2622 2605//2605 2606//2606
f 2622//2622 2621//2621 2620//2620
f 2607//2607 2622//2622 2606//2606
f 2624//2624 2607//2607 2609//2609
f 2611//2611 2624//2624 2609//2609
f 2627//2627 2611//2611 2612//2612
f 2627//2627 2626//2626 2625//2625
f 2613//2613 2627//2627 2612//2612
f 2629//2629 2613//2613 2615//2615
f 2631//2631 2615//2615 2616//2616
f 2631//2631 2630//2630 2629//2629
f 2617//2617 2631//2631 2616//2616
f 2619//2619 1989//1989 1973//1973
f 2621//2621 2633//2633 2619//2619
f 2635//2635 2621//2621 2623//2623
f 2624//2624 2635//2635 2623//2623
f 2638//2638 2624//2624 2625//2625
f 2638//2638 2637//2637 2636//2636
f 2626//2626 2638//2638 2625//2625
f 2640//2640 2626//2626 2628//2628
f 2642//2642 2628//2628 2629//2629
f 2642//2642 2641//2641 2640//2640
f 2630//2630 2642//2642 2629//2629
f 2644//2644 2630//2630 2632//2632
f 2633//2633 2006//2006 1989//1989
f 2646//2646 2007//2007 2006//2006
f 2634//2634 2646//2646 2633//2633
f 2649//2649 2646//2646 2648//2648
f 2650//2650 2634//2634 2635//2635
f 2651//2651 2648//2648 2650//2650
f 2652//2652 2635//2635 2636//2636
f 2652//2652 2651//2651 2650//2650
f 2637//2637 2652//2652 2636//2636
f 2654//2654 2637//2637 2639//2639
f 2656//2656 2639//2639 2640//2640
f 2656//2656 2655//2655 2654//2654
f 2641//2641 2656//2656 2640//2640
f 2658//2658 2641//2641 2643//2643
f 2660//2660 2643//2643 2644//2644
f 2660//2660 2659//2659 2658//2658
f 2645//2645 2660//2660 2644//2644
f 2647//2647 2022//2022 2007//2007
f 2664//2664 2022//2022 2663//2663
f 2665//2665 2647//2647 2649//2649
f 2667//2667 2649//2649 2651//2651
f 2667//2667 2666//2666 2665//2665
f 2669//2669 2651//2651 2653//2653
f 2670//2670 2667//2667 2669//2669
f 2671//2671 2653//2653 2654//2654
f 2671//2671 2670//2670 2669//2669
f 2655//2655 2671//2671 2654//2654
f 2674//2674 2655//2655 2657//2657
f 2674//2674 2673//2673 2672//2672
f 2676//2676 2657//2657 2658//2658
f 2676//2676 2675//2675 2674//2674
f 2659//2659 2676//2676 2658//2658
f 2679//2679 2659//2659 2661//2661
f 2679//2679 2678//2678 2677//2677
f 2662//2662 2679//2679 2661//2661
f 2682//2682 1182//1182 1228//1228
f 2683//2683 1228//1228 1229//1229
f 2684//2684 1229//1229 1230//1230
f 1231//1231 2684//2684 1230//1230
f 2686//2686 1231//1231 1233//1233
f 1234//1234 2686//2686 1233//1233
f 1235//1235 2687//2687 1234//1234
f 2689//2689 2580//2580 2682//2682
f 2690//2690 2682//2682 2683//2683
f 2691//2691 2683//2683 2684//2684
f 2685//2685 2691//2691 2684//2684
f 2693//2693 2685//2685 2686//2686
f 2687//2687 2693//2693 2686//2686
f 2688//2688 2694//2694 2687//2687
f 2696//2696 2591//2591 2689//2689
f 2697//2697 2689//2689 2690//2690
f 2698//2698 2690//2690 2691//2691
f 2699//2699 2691//2691 2692//2692
f 2693//2693 2699//2699 2692//2692
f 2694//2694 2700//2700 2693//2693
f 2695//2695 2701//2701 2694//2694
f 2703//2703 2603//2603 2696//2696
f 2703//2703 2617//2617 2616//2616
f 2697//2697 2703//2703 2696//2696
f 2706//2706 2697//2697 2698//2698
f 2706//2706 2705//2705 2704//2704
f 2699//2699 2706//2706 2698//2698
f 2709//2709 2699//2699 2700//2700
f 2709//2709 2708//2708 2707//2707
f 2701//2701 2709//2709 2700//2700
f 2711//2711 2701//2701 2702//2702
f 2712//2712 2617//2617 2704//2704
f 2705//2705 2712//2712 2704//2704
f 2714//2714 2705//2705 2707//2707
f 2708//2708 2714//2714 2707//2707
f 2716//2716 2708//2708 2710//2710
f 2717//2717 2632//2632 2712//2712
f 2717//2717 2645//2645 2644//2644
f 2713//2713 2717//2717 2712//2712
f 2720//2720 2713//2713 2714//2714
f 2720//2720 2719//2719 2718//2718
f 2715//2715 2720//2720 2714//2714
f 2722//2722 2715//2715 2716//2716
f 2723//2723 2645//2645 2718//2718
f 2723//2723 2662//2662 2661//2661
f 2719//2719 2723//2723 2718//2718
f 2725//2725 2719//2719 2721//2721
f 2726//2726 2662//2662 2724//2724
f 1327//1327 2688//2688 1235//1235
f 1328//1328 2727//2727 1327//1327
f 1329//1329 2728//2728 1328//1328
f 1330//1330 2729//2729 1329//1329
f 1331//1331 2730//2730 1330//1330
f 1332//1332 2731//2731 1331//1331
f 2733//2733 1332//1332 1333//1333
f 2734//2734 1333//1333 1334//1334
f 2735//2735 1334//1334 1335//1335
f 2736//2736 1335//1335 1336//1336
f 2727//2727 2695//2695 2688//2688
f 2728//2728 2737//2737 2727//2727
f 2729//2729 2738//2738 2728//2728
f 2730//2730 2739//2739 2729//2729
f 2742//2742 2730//2730 2731//2731
f 2742//2742 2741//2741 2740//2740
f 2732//2732 2742//2742 2731//2731
f 2744//2744 2732//2732 2733//2733
f 2745//2745 2733//2733 2734//2734
f 2746//2746 2734//2734 2735//2735
f 2747//2747 2735//2735 2736//2736
f 2737//2737 2702//2702 2695//2695
f 2750//2750 2737//2737 2738//2738
f 2750//2750 2749//2749 2748//2748
f 2739//2739 2750//2750 2738//2738
f 2752//2752 2739//2739 2740//2740
f 2741//2741 2752//2752 2740//2740
f 2755//2755 2741//2741 2743//2743
f 2755//2755 2754//2754 2753//2753
f 2744//2744 2755//2755 2743//2743
f 2757//2757 2744//2744 2745//2745
f 2758//2758 2745//2745 2746//2746
f 2759//2759 2746//2746 2747//2747
f 2711//2711 2760//2760 2710//2710
f 2748//2748 2711//2711 2702//2702
f 2749//2749 2761//2761 2748//2748
f 2764//2764 2749//2749 2751//2751
f 2764//2764 2763//2763 2762//2762
f 2752//2752 2764//2764 2751//2751
f 2766//2766 2752//2752 2753//2753
f 2754//2754 2766//2766 2753//2753
f 2770//2770 2754//2754 2756//2756
f 2770//2770 2768//2768 2767//2767
f 2757//2757 2770//2770 2756//2756
f 2771//2771 2769//2769 2768//2768
f 2758//2758 2771//2771 2757//2757
f 2773//2773 2758//2758 2759//2759
f 2760//2760 2716//2716 2710//2710
f 2776//2776 2760//2760 2761//2761
f 2776//2776 2775//2775 2774//2774
f 2762//2762 2776//2776 2761//2761
f 2763//2763 2777//2777 2762//2762
f 2780//2780 2763//2763 2765//2765
f 2780//2780 2779//2779 2778//2778
f 2766//2766 2780//2780 2765//2765
f 2782//2782 2766//2766 2767//2767
f 2768//2768 2782//2782 2767//2767
f 2769//2769 2783//2783 2768//2768
f 2786//2786 2769//2769 2772//2772
f 2786//2786 2785//2785 2784//2784
f 2773//2773 2786//2786 2772//2772
f 2722//2722 2788//2788 2721//2721
f 2774//2774 2722//2722 2716//2716
f 2775//2775 2789//2789 2774//2774
f 2792//2792 2775//2775 2777//2777
f 2792//2792 2791//2791 2790//2790
f 2778//2778 2792//2792 2777//2777
f 2779//2779 2793//2793 2778//2778
f 2797//2797 2779//2779 2781//2781
f 2797//2797 2795//2795 2794//2794
f 2782//2782 2797//2797 2781//2781
f 2798//2798 2796//2796 2795//2795
f 2783//2783 2798//2798 2782//2782
f 2800//2800 2783//2783 2784//2784
f 2785//2785 2800//2800 2784//2784
f 2725//2725 2802//2802 2724//2724
f 2788//2788 2725//2725 2721//2721
f 2805//2805 2788//2788 2789//2789
f 2805//2805 2804//2804 2803//2803
f 2790//2790 2805//2805 2789//2789
f 2791//2791 2806//2806 2790//2790
f 2810//2810 2791//2791 2793//2793
f 2810//2810 2808//2808 2807//2807
f 2794//2794 2810//2810 2793//2793
f 2811//2811 2809//2809 2808//2808
f 2795//2795 2811//2811 2794//2794
f 2796//2796 2812//2812 2795//2795
f 2816//2816 2796//2796 2799//2799
f 2816//2816 2814//2814 2813//2813
f 2800//2800 2816//2816 2799//2799
f 2818//2818 2814//2814 2817//2817
f 2818//2818 2800//2800 2801//2801
f 2726//2726 2681//2681 2680//2680
f 2802//2802 2726//2726 2724//2724
f 2821//2821 2802//2802 2803//2803
f 2821//2821 2820//2820 2819//2819
f 2804//2804 2821//2821 2803//2803
f 2825//2825 2804//2804 2806//2806
f 2825//2825 2823//2823 2822//2822
f 2807//2807 2825//2825 2806//2806
f 2826//2826 2824//2824 2823//2823
f 2808//2808 2826//2826 2807//2807
f 2809//2809 2827//2827 2808//2808
f 2832//2832 2809//2809 2812//2812
f 2832//2832 2829//2829 2828//2828
f 2813//2813 2832//2832 2812//2812
f 2834//2834 2829//2829 2833//2833
f 2814//2814 2833//2833 2813//2813
f 2834//2834 2831//2831 2830//2830
f 2815//2815 2834//2834 2814//2814
f 2664//2664 2836//2836 2837//2837
f 2664//2664 2062//2062 2023//2023
f 2838//2838 2663//2663 2665//2665
f 2838//2838 2837//2837 2836//2836
f 2666//2666 2838//2838 2665//2665
f 2841//2841 2666//2666 2668//2668
f 2841//2841 2840//2840 2839//2839
f 2843//2843 2668//2668 2670//2670
f 2844//2844 2841//2841 2843//2843
f 2845//2845 2670//2670 2672//2672
f 2845//2845 2844//2844 2843//2843
f 2673//2673 2845//2845 2672//2672
f 2848//2848 2673//2673 2675//2675
f 2848//2848 2847//2847 2846//2846
f 2850//2850 2675//2675 2677//2677
f 2850//2850 2849//2849 2848//2848
f 2678//2678 2850//2850 2677//2677
f 2852//2852 2678//2678 2680//2680
f 2837//2837 2073//2073 2062//2062
f 2854//2854 2073//2073 2853//2853
f 2854//2854 2075//2075 2074//2074
f 2856//2856 2837//2837 2839//2839
f 2856//2856 2854//2854 2853//2853
f 2840//2840 2856//2856 2839//2839
f 2858//2858 2854//2854 2857//2857
f 2859//2859 2840//2840 2842//2842
f 2859//2859 2858//2858 2857//2857
f 2844//2844 2859//2859 2842//2842
f 2861//2861 2860//2860 2859//2859
f 2863//2863 2844//2844 2846//2846
f 2863//2863 2862//2862 2861//2861
f 2847//2847 2863//2863 2846//2846
f 2865//2865 2847//2847 2849//2849
f 2866//2866 2849//2849 2851//2851
f 2867//2867 2075//2075 2855//2855
f 2858//2858 2867//2867 2855//2855
f 2860//2860 2868//2868 2858//2858
f 2862//2862 2869//2869 2860//2860
f 2871//2871 2862//2862 2864//2864
f 2852//2852 2872//2872 2851//2851
f 2681//2681 2852//2852 2680//2680
f 2865//2865 2875//2875 2864//2864
f 2866//2866 2876//2876 2865//2865
f 2872//2872 2866//2866 2851//2851
f 2878//2878 2877//2877 2876//2876
f 2881//2881 2872//2872 2873//2873
f 2881//2881 2879//2879 2878//2878
f 2874//2874 2881//2881 2873//2873
f 2882//2882 2880//2880 2879//2879
f 2885//2885 2079//2079 2867//2867
f 2868//2868 2885//2885 2867//2867
f 2869//2869 2886//2886 2868//2868
f 2889//2889 2869//2869 2870//2870
f 2889//2889 2888//2888 2887//2887
f 2871//2871 2889//2889 2870//2870
f 2875//2875 2871//2871 2864//2864
f 2891//2891 2890//2890 2889//2889
f 2894//2894 2875//2875 2876//2876
f 2894//2894 2892//2892 2891//2891
f 2877//2877 2894//2894 2876//2876
f 2895//2895 2893//2893 2892//2892
f 2898//2898 2877//2877 2879//2879
f 2898//2898 2896//2896 2895//2895
f 2880//2880 2898//2898 2879//2879
f 2899//2899 2897//2897 2896//2896
f 2903//2903 2880//2880 2883//2883
f 2903//2903 2900//2900 2899//2899
f 2884//2884 2903//2903 2883//2883
f 2904//2904 2901//2901 2900//2900
f 2905//2905 2902//2902 2901//2901
f 2909//2909 2128//2128 2885//2885
f 2910//2910 2157//2157 2909//2909
f 2910//2910 2159//2159 2158//2158
f 2886//2886 2909//2909 2885//2885
f 2912//2912 2910//2910 2909//2909
f 2913//2913 2911//2911 2910//2910
f 2915//2915 2886//2886 2887//2887
f 2915//2915 2913//2913 2912//2912
f 2888//2888 2915//2915 2887//2887
f 2917//2917 2913//2913 2916//2916
f 2919//2919 2888//2888 2890//2890
f 2920//2920 2916//2916 2919//2919
f 2920//2920 2918//2918 2917//2917
f 2923//2923 2890//2890 2892//2892
f 2923//2923 2920//2920 2919//2919
f 2893//2893 2923//2923 2892//2892
f 2925//2925 2920//2920 2924//2924
f 2925//2925 2922//2922 2921//2921
f 2929//2929 2893//2893 2896//2896
f 2929//2929 2925//2925 2924//2924
f 2897//2897 2929//2929 2896//2896
f 2931//2931 2925//2925 2930//2930
f 2931//2931 2927//2927 2926//2926
f 2932//2932 2928//2928 2927//2927
f 2935//2935 2897//2897 2900//2900
f 2935//2935 2931//2931 2930//2930
f 2901//2901 2935//2935 2900//2900
f 2936//2936 2932//2932 2931//2931
f 2902//2902 2936//2936 2901//2901
f 2938//2938 2932//2932 2937//2937
f 2938//2938 2934//2934 2933//2933
f 2940//2940 2902//2902 2906//2906
f 2940//2940 2938//2938 2937//2937
f 2907//2907 2940//2940 2906//2906
f 2941//2941 2939//2939 2938//2938
f 2942//2942 2907//2907 2908//2908
f 2943//2943 2159//2159 2911//2911
f 2944//2944 2179//2179 2943//2943
f 2944//2944 2181//2181 2180//2180
f 2945//2945 2182//2182 2181//2181
f 2946//2946 2183//2183 2182//2182
f 2947//2947 2184//2184 2183//2183
f 2914//2914 2943//2943 2911//2911
f 2949//2949 2944//2944 2943//2943
f 2951//2951 2944//2944 2950//2950
f 2952//2952 2945//2945 2951//2951
f 2953//2953 2946//2946 2952//2952
f 2954//2954 2947//2947 2953//2953
f 2955//2955 2914//2914 2917//2917
f 2955//2955 2950//2950 2949//2949
f 2918//2918 2955//2955 2917//2917
f 2957//2957 2950//2950 2956//2956
f 2958//2958 2951//2951 2957//2957
f 2959//2959 2952//2952 2958//2958
f 2960//2960 2953//2953 2959//2959
f 2961//2961 2918//2918 2921//2921
f 2961//2961 2957//2957 2956//2956
f 2922//2922 2961//2961 2921//2921
f 2963//2963 2957//2957 2962//2962
f 2964//2964 2958//2958 2963//2963
f 2965//2965 2959//2959 2964//2964
f 2966//2966 2922//2922 2926//2926
f 2966//2966 2963//2963 2962//2962
f 2927//2927 2966//2966 2926//2926
f 2967//2967 2964//2964 2963//2963
f 2928//2928 2967//2967 2927//2927
f 2969//2969 2964//2964 2968//2968
f 2970//2970 2928//2928 2933//2933
f 2970//2970 2969//2969 2968//2968
f 2934//2934 2970//2970 2933//2933
f 2972//2972 2681//2681 2819//2819
f 2972//2972 2874//2874 2873//2873
f 2820//2820 2972//2972 2819//2819
f 2976//2976 2820//2820 2822//2822
f 2976//2976 2974//2974 2973//2973
f 2823//2823 2976//2976 2822//2822
f 2977//2977 2975//2975 2974//2974
f 2824//2824 2977//2977 2823//2823
f 2983//2983 2824//2824 2827//2827
f 2983//2983 2979//2979 2978//2978
f 2828//2828 2983//2983 2827//2827
f 2985//2985 2979//2979 2984//2984
f 2829//2829 2984//2984 2828//2828
f 2986//2986 2980//2980 2985//2985
f 2830//2830 2985//2985 2829//2829
f 2987//2987 2981//2981 2986//2986
f 2831//2831 2986//2986 2830//2830
f 2988//2988 2874//2874 2973//2973
f 2988//2988 2883//2883 2882//2882
f 2974//2974 2988//2988 2973//2973
f 2989//2989 2884//2884 2883//2883
f 2975//2975 2989//2989 2974//2974
f 2995//2995 2975//2975 2978//2978
f 2995//2995 2991//2991 2990//2990
f 2979//2979 2995//2995 2978//2978
f 2996//2996 2992//2992 2991//2991
f 2997//2997 2979//2979 2980//2980
f 2997//2997 2993//2993 2992//2992
f 2998//2998 2980//2980 2981//2981
f 2998//2998 2994//2994 2993//2993
f 2999//2999 2981//2981 2982//2982
f 3000//3000 2884//2884 2990//2990
f 3000//3000 2905//2905 2904//2904
f 2991//2991 3000//3000 2990//2990
f 3002//3002 2905//2905 3001//3001
f 3002//3002 2991//2991 2992//2992
f 3002//3002 2907//2907 2906//2906
f 3003//3003 2992//2992 2993//2993
f 3003//3003 2908//2908 2907//2907
f 3004//3004 2993//2993 2994//2994
f 3009//3009 867//867 2332//2332
f 1619//1619 3009//3009 3010//3010
f 1620//1620 3010//3010 3011//3011
f 1621//1621 3011//3011 3012//3012
f 1622//1622 3012//3012 3014//3014
f 3016//3016 3013//3013 3015//3015
f 3016//3016 1623//1623 1624//1624
f 3016//3016 1622//1622 3014//3014
f 1625//1625 3015//3015 3018//3018
f 3020//3020 3017//3017 3019//3019
f 3020//3020 1626//1626 1627//1627
f 3020//3020 1625//1625 3018//3018
f 3021//3021 2332//2332 2345//2345
f 3010//3010 3021//3021 3022//3022
f 3011//3011 3022//3022 3023//3023
f 3012//3012 3023//3023 3024//3024
f 3026//3026 3013//3013 3014//3014
f 3026//3026 3012//3012 3024//3024
f 3027//3027 3013//3013 3025//3025
f 3029//3029 3017//3017 3018//3018
f 3018//3018 3027//3027 3029//3029
f 3030//3030 3017//3017 3028//3028
f 3031//3031 2345//2345 2357//2357
f 3022//3022 3031//3031 3032//3032
f 3023//3023 3032//3032 3033//3033
f 3024//3024 3033//3033 3035//3035
f 3037//3037 3034//3034 3036//3036
f 3037//3037 3025//3025 3026//3026
f 3037//3037 3024//3024 3035//3035
f 3038//3038 3025//3025 3036//3036
f 3029//3029 3039//3039 3028//3028
f 3040//3040 3027//3027 3038//3038
f 3030//3030 3039//3039 3042//3042
f 3043//3043 2357//2357 2373//2373
f 3032//3032 3043//3043 3045//3045
f 3047//3047 3044//3044 3046//3046
f 3047//3047 3032//3032 3045//3045
f 3049//3049 3046//3046 3048//3048
f 3049//3049 3034//3034 3035//3035
f 3049//3049 3033//3033 3047//3047
f 3050//3050 3034//3034 3048//3048
f 3038//3038 3050//3050 3052//3052
f 3054//3054 3051//3051 3053//3053
f 3054//3054 3039//3039 3040//3040
f 3054//3054 3038//3038 3052//3052
f 3056//3056 3041//3041 3042//3042
f 3056//3056 3039//3039 3053//3053
f 3057//3057 2387//2387 2386//2386
f 3043//3043 2387//2387 3058//3058
f 3060//3060 3057//3057 3059//3059
f 3060//3060 3044//3044 3045//3045
f 3060//3060 3043//3043 3058//3058
f 3061//3061 3044//3044 3059//3059
f 3062//3062 3046//3046 3061//3061
f 3050//3050 3062//3062 3064//3064
f 3066//3066 3063//3063 3065//3065
f 3066//3066 3051//3051 3052//3052
f 3066//3066 3050//3050 3064//3064
f 3068//3068 3051//3051 3065//3065
f 3070//3070 3067//3067 3069//3069
f 3070//3070 3055//3055 3056//3056
f 3070//3070 3053//3053 3068//3068
f 3057//3057 2402//2402 3071//3071
f 3072//3072 3057//3057 3071//3071
f 3061//3061 3072//3072 3074//3074
f 3076//3076 3073//3073 3075//3075
f 3076//3076 3061//3061 3074//3074
f 3078//3078 3075//3075 3077//3077
f 3078//3078 3063//3063 3064//3064
f 3078//3078 3062//3062 3076//3076
f 3080//3080 3063//3063 3077//3077
f 3082//3082 3079//3079 3081//3081
f 3082//3082 3067//3067 3068//3068
f 3082//3082 3065//3065 3080//3080
f 3084//3084 3067//3067 3081//3081
f 3086//3086 2416//2416 3085//3085
f 3071//3071 2417//2417 3086//3086
f 3087//3087 3086//3086 3085//3085
f 3072//3072 3086//3086 3088//3088
f 3090//3090 3087//3087 3089//3089
f 3090//3090 3073//3073 3074//3074
f 3090//3090 3072//3072 3088//3088
f 3092//3092 3073//3073 3089//3089
f 3094//3094 3091//3091 3093//3093
f 3094//3094 3075//3075 3092//3092
f 3097//3097 3093//3093 3096//3096
f 3097//3097 3079//3079 3080//3080
f 3097//3097 3077//3077 3094//3094
f 3099//3099 3095//3095 3098//3098
f 3099//3099 3079//3079 3096//3096
f 3101//3101 3098//3098 3100//3100
f 3101//3101 3083//3083 3084//3084
f 3101//3101 3081//3081 3099//3099
f 3103//3103 2429//2429 3102//3102
f 3085//3085 2430//2430 3103//3103
f 3104//3104 3103//3103 3102//3102
f 3105//3105 3085//3085 3103//3103
f 3106//3106 3105//3105 3104//3104
f 3107//3107 3087//3087 3105//3105
f 3109//3109 3106//3106 3108//3108
f 3109//3109 3091//3091 3092//3092
f 3109//3109 3089//3089 3107//3107
f 3111//3111 3091//3091 3108//3108
f 3113//3113 3110//3110 3112//3112
f 3113//3113 3095//3095 3096//3096
f 3113//3113 3093//3093 3111//3111
f 3114//3114 3095//3095 3112//3112
f 3115//3115 3006//3006 3008//3008
f 3115//3115 3005//3005 3100//3100
f 3115//3115 3098//3098 3114//3114
f 3119//3119 1727//1727 1728//1728
f 1728//1728 3116//3116 3119//3119
f 1730//1730 3121//3121 1729//1729
f 3123//3123 3117//3117 3122//3122
f 3123//3123 1730//1730 1731//1731
f 3123//3123 1727//1727 3118//3118
f 1732//1732 2736//2736 1336//1336
f 1733//1733 3124//3124 1732//1732
f 1734//1734 3125//3125 1733//1733
f 1735//1735 3126//3126 1734//1734
f 3128//3128 3120//3120 3127//3127
f 3128//3128 1735//1735 1736//1736
f 3128//3128 1729//1729 3121//3121
f 3131//3131 3117//3117 3118//3118
f 3119//3119 3131//3131 3118//3118
f 3119//3119 3129//3129 3132//3132
f 3134//3134 3120//3120 3121//3121
f 3122//3122 3134//3134 3121//3121
f 3135//3135 3117//3117 3130//3130
f 3124//3124 2747//2747 2736//2736
f 3125//3125 3136//3136 3124//3124
f 3126//3126 3137//3137 3125//3125
f 3139//3139 3126//3126 3127//3127
f 3139//3139 3120//3120 3133//3133
f 3131//3131 3142//3142 3130//3130
f 3144//3144 3140//3140 3143//3143
f 3144//3144 3131//3131 3132//3132
f 3144//3144 3129//3129 3141//3141
f 3147//3147 3133//3133 3134//3134
f 3148//3148 3134//3134 3135//3135
f 3135//3135 3142//3142 3148//3148
f 3136//3136 2759//2759 2747//2747
f 3137//3137 3149//3149 3136//3136
f 3138//3138 3150//3150 3137//3137
f 3152//3152 3145//3145 3151//3151
f 3152//3152 3138//3138 3139//3139
f 3152//3152 3133//3133 3146//3146
f 3155//3155 3140//3140 3141//3141
f 3158//3158 3142//3142 3143//3143
f 3158//3158 3140//3140 3154//3154
f 3162//3162 3145//3145 3146//3146
f 3147//3147 3162//3162 3146//3146
f 3164//3164 3156//3156 3163//3163
f 3164//3164 3147//3147 3148//3148
f 3164//3164 3142//3142 3157//3157
f 3149//3149 2773//2773 2759//2759
f 3166//3166 3159//3159 3165//3165
f 3166//3166 3149//3149 3150//3150
f 3167//3167 3160//3160 3166//3166
f 3167//3167 3150//3150 3151//3151
f 3167//3167 3145//3145 3161//3161
f 3171//3171 3154//3154 3155//3155
f 3171//3171 3153//3153 3168//3168
f 3174//3174 3156//3156 3157//3157
f 3175//3175 3169//3169 3174//3174
f 3175//3175 3157//3157 3158//3158
f 3175//3175 3154//3154 3170//3170
f 3177//3177 3159//3159 3160//3160
f 3178//3178 3160//3160 3161//3161
f 3162//3162 3178//3178 3161//3161
f 3180//3180 3172//3172 3179//3179
f 3180//3180 3162//3162 3163//3163
f 3180//3180 3156//3156 3173//3173
f 3181//3181 2785//2785 2787//2787
f 3181//3181 2773//2773 3165//3165
f 3181//3181 3159//3159 3176//3176
f 3187//3187 3169//3169 3170//3170
f 3188//3188 3183//3183 3187//3187
f 3188//3188 3170//3170 3171//3171
f 3188//3188 3168//3168 3184//3184
f 3192//3192 3172//3172 3173//3173
f 3193//3193 3185//3185 3192//3192
f 3193//3193 3173//3173 3174//3174
f 3193//3193 3169//3169 3186//3186
f 3194//3194 2785//2785 3176//3176
f 3177//3177 3194//3194 3176//3176
f 3196//3196 3189//3189 3195//3195
f 3196//3196 3177//3177 3178//3178
f 3197//3197 3190//3190 3196//3196
f 3197//3197 3178//3178 3179//3179
f 3197//3197 3172//3172 3191//3191
f 3203//3203 3198//3198 3202//3202
f 3203//3203 3183//3183 3184//3184
f 3203//3203 3182//3182 3199//3199
f 3207//3207 3200//3200 3206//3206
f 3207//3207 3185//3185 3186//3186
f 3208//3208 3201//3201 3207//3207
f 3208//3208 3186//3186 3187//3187
f 3208//3208 3183//3183 3202//3202
f 3211//3211 3189//3189 3190//3190
f 3212//3212 3204//3204 3211//3211
f 3212//3212 3190//3190 3191//3191
f 3213//3213 3205//3205 3212//3212
f 3213//3213 3191//3191 3192//3192
f 3213//3213 3185//3185 3206//3206
f 2818//2818 3209//3209 2815//2815
f 3214//3214 2801//2801 3194//3194
f 3215//3215 3209//3209 3214//3214
f 3215//3215 3194//3194 3195//3195
f 3215//3215 3189//3189 3210//3210
f 3218//3218 3007//3007 3217//3217
f 3218//3218 3198//3198 3199//3199
f 3218//3218 3005//3005 3008//3008
f 3221//3221 3200//3200 3201//3201
f 3222//3222 3216//3216 3221//3221
f 3222//3222 3201//3201 3202//3202
f 3222//3222 3198//3198 3217//3217
f 3226//3226 3204//3204 3205//3205
f 3227//3227 3219//3219 3226//3226
f 3227//3227 3205//3205 3206//3206
f 3227//3227 3200//3200 3220//3220
f 2835//2835 3223//3223 2831//2831
f 3228//3228 2815//2815 3209//3209
f 3228//3228 3224//3224 3223//3223
f 3229//3229 3209//3209 3210//3210
f 3230//3230 3224//3224 3229//3229
f 3230//3230 3210//3210 3211//3211
f 3230//3230 3204//3204 3225//3225
f 1764//1764 3231//3231 1763//1763
f 3232//3232 1626//1626 3019//3019
f 1766//1766 3233//3233 1765//1765
f 3234//3234 1763//1763 3231//3231
f 3235//3235 1726//1726 1767//1767
f 1767//1767 3233//3233 3235//3235
f 3232//3232 3236//3236 3231//3231
f 3232//3232 3030//3030 3237//3237
f 3234//3234 3238//3238 3233//3233
f 3239//3239 3231//3231 3236//3236
f 3240//3240 3116//3116 3235//3235
f 3235//3235 3238//3238 3240//3240
f 3242//3242 3041//3041 3241//3241
f 3242//3242 3236//3236 3237//3237
f 3242//3242 3030//3030 3042//3042
f 3239//3239 3243//3243 3238//3238
f 3244//3244 3236//3236 3241//3241
f 3245//3245 3129//3129 3240//3240
f 3240//3240 3243//3243 3245//3245
f 3247//3247 3041//3041 3055//3055
f 3249//3249 3246//3246 3248//3248
f 3249//3249 3243//3243 3244//3244
f 3249//3249 3241//3241 3247//3247
f 3250//3250 3153//3153 3155//3155
f 3250//3250 3141//3141 3245//3245
f 3250//3250 3243//3243 3248//3248
f 3252//3252 3246//3246 3247//3247
f 3252//3252 3055//3055 3069//3069
f 3253//3253 3153//3153 3248//3248
f 3253//3253 3246//3246 3251//3251
f 3255//3255 3083//3083 3254//3254
f 3255//3255 3251//3251 3252//3252
f 3255//3255 3069//3069 3084//3084
f 3256//3256 3182//3182 3184//3184
f 3256//3256 3168//3168 3253//3253
f 3256//3256 3251//3251 3254//3254
f 3257//3257 3005//3005 3199//3199
f 3257//3257 3182//3182 3254//3254
f 3257//3257 3083//3083 3100//3100
f 3265//3265 3260//3260 3264//3264
f 3265//3265 3007//3007 3008//3008
f 3265//3265 3006//3006 3261//3261
f 3272//3272 3269//3269 3271//3271
f 3275//3275 3271//3271 3274//3274
f 3275//3275 3258//3258 3272//3272
f 3278//3278 3273//3273 3277//3277
f 3279//3279 3274//3274 3278//3278
f 3279//3279 3260//3260 3261//3261
f 3279//3279 3259//3259 3275//3275
f 3283//3283 3276//3276 3282//3282
f 3283//3283 3262//3262 3263//3263
f 3284//3284 3277//3277 3283//3283
f 3284//3284 3263//3263 3264//3264
f 3284//3284 3260//3260 3278//3278
f 3285//3285 2507//2507 2506//2506
f 3266//3266 2507//2507 3286//3286
f 3288//3288 3285//3285 3287//3287
f 3267//3267 3286//3286 3288//3288
f 3291//3291 3287//3287 3290//3290
f 3268//3268 3288//3288 3291//3291
f 3293//3293 3289//3289 3292//3292
f 3294//3294 3290//3290 3293//3293
f 3294//3294 3269//3269 3270//3270
f 3294//3294 3268//3268 3291//3291
f 3297//3297 3292//3292 3296//3296
f 3297//3297 3269//3269 3293//3293
f 3300//3300 3295//3295 3299//3299
f 3301//3301 3296//3296 3300//3300
f 3301//3301 3273//3273 3274//3274
f 3301//3301 3271//3271 3297//3297
f 3305//3305 3298//3298 3304//3304
f 3306//3306 3299//3299 3305//3305
f 3306//3306 3276//3276 3277//3277
f 3306//3306 3273//3273 3300//3300
f 3309//3309 3302//3302 3308//3308
f 3310//3310 3303//3303 3309//3309
f 3310//3310 3280//3280 3281//3281
f 3311//3311 3304//3304 3310//3310
f 3311//3311 3281//3281 3282//3282
f 3311//3311 3276//3276 3305//3305
f 3312//3312 2535//2535 2534//2534
f 3314//3314 2535//2535 3313//3313
f 3314//3314 2506//2506 2536//2536
f 3317//3317 3312//3312 3316//3316
f 3317//3317 3314//3314 3313//3313
f 3287//3287 3314//3314 3318//3318
f 3320//3320 3315//3315 3319//3319
f 3320//3320 3317//3317 3316//3316
f 3322//3322 3317//3317 3321//3321
f 3322//3322 3289//3289 3290//3290
f 3322//3322 3287//3287 3318//3318
f 3325//3325 3319//3319 3324//3324
f 3326//3326 3320//3320 3325//3325
f 3326//3326 3289//3289 3321//3321
f 3330//3330 3323//3323 3329//3329
f 3330//3330 3325//3325 3324//3324
f 3332//3332 3325//3325 3331//3331
f 3332//3332 3295//3295 3296//3296
f 3332//3332 3292//3292 3326//3326
f 3334//3334 3327//3327 3333//3333
f 3335//3335 3328//3328 3334//3334
f 3335//3335 3330//3330 3329//3329
f 3337//3337 3330//3330 3336//3336
f 3337//3337 3298//3298 3299//3299
f 3337//3337 3295//3295 3331//3331
f 3338//3338 2934//2934 2939//2939
f 3338//3338 3334//3334 3333//3333
f 3340//3340 3334//3334 3339//3339
f 3340//3340 3302//3302 3303//3303
f 3341//3341 3335//3335 3340//3340
f 3341//3341 3303//3303 3304//3304
f 3341//3341 3298//3298 3336//3336
f 2942//2942 3338//3338 2939//2939
f 3307//3307 2942//2942 2908//2908
f 3343//3343 3338//3338 3342//3342
f 3343//3343 3307//3307 3308//3308
f 3343//3343 3302//3302 3339//3339
f 3344//3344 2184//2184 2948//2948
f 3345//3345 2550//2550 3344//3344
f 3346//3346 2551//2551 3345//3345
f 3347//3347 2552//2552 3346//3346
f 3347//3347 2554//2554 2553//2553
f 3312//3312 2554//2554 3348//3348
f 2954//2954 3344//3344 2948//2948
f 3349//3349 3345//3345 3344//3344
f 3350//3350 3346//3346 3345//3345
f 3351//3351 3347//3347 3346//3346
f 3353//3353 3347//3347 3352//3352
f 3353//3353 3315//3315 3316//3316
f 3353//3353 3312//3312 3348//3348
f 2960//2960 3349//3349 2954//2954
f 3354//3354 3350//3350 3349//3349
f 3355//3355 3351//3351 3350//3350
f 3357//3357 3351//3351 3356//3356
f 3357//3357 3315//3315 3352//3352
f 2965//2965 3354//3354 2960//2960
f 3358//3358 3355//3355 3354//3354
f 3359//3359 3356//3356 3355//3355
f 3361//3361 3356//3356 3360//3360
f 3361//3361 3323//3323 3324//3324
f 3361//3361 3319//3319 3357//3357
f 2969//2969 3358//3358 2965//2965
f 3363//3363 3358//3358 3362//3362
f 3363//3363 3327//3327 3328//3328
f 3364//3364 3359//3359 3363//3363
f 3364//3364 3328//3328 3329//3329
f 3364//3364 3323//3323 3360//3360
f 3365//3365 2969//2969 2971//2971
f 3365//3365 2934//2934 3333//3333
f 3365//3365 3327//3327 3362//3362
f 3367//3367 2563//2563 3366//3366
f 3102//3102 2564//2564 3367//3367
f 3369//3369 3366//3366 3368//3368
f 3104//3104 3367//3367 3369//3369
f 3370//3370 3369//3369 3368//3368
f 3371//3371 3104//3104 3369//3369
f 3372//3372 3371//3371 3370//3370
f 3373//3373 3106//3106 3371//3371
f 3375//3375 3372//3372 3374//3374
f 3375//3375 3110//3110 3111//3111
f 3375//3375 3108//3108 3373//3373
f 3376//3376 3258//3258 3259//3259
f 3376//3376 3110//3110 3374//3374
f 3377//3377 3259//3259 3261//3261
f 3377//3377 3006//3006 3114//3114
f 3377//3377 3112//3112 3376//3376
f 3266//3266 2568//2568 2479//2479
f 3378//3378 2563//2563 2568//2568
f 3379//3379 3266//3266 3267//3267
f 3379//3379 3366//3366 3378//3378
f 3380//3380 3267//3267 3268//3268
f 3370//3370 3379//3379 3380//3380
f 3381//3381 3268//3268 3270//3270
f 3372//3372 3380//3380 3381//3381
f 3382//3382 3270//3270 3272//3272
f 3382//3382 3258//3258 3374//3374
f 3382//3382 3372//3372 3381//3381
f 3385//3385 3262//3262 3384//3384
f 3386//3386 3263//3263 3385//3385
f 3386//3386 3216//3216 3217//3217
f 3386//3386 3007//3007 3264//3264
f 3391//3391 3383//3383 3390//3390
f 3391//3391 3219//3219 3220//3220
f 3392//3392 3384//3384 3391//3391
f 3392//3392 3220//3220 3221//3221
f 3392//3392 3216//3216 3385//3385
f 2987//2987 3387//3387 2982//2982
f 3393//3393 2831//2831 3223//3223
f 3393//3393 3388//3388 3387//3387
f 3394//3394 3223//3223 3224//3224
f 3394//3394 3389//3389 3388//3388
f 3395//3395 3224//3224 3225//3225
f 3396//3396 3389//3389 3395//3395
f 3396//3396 3225//3225 3226//3226
f 3396//3396 3219//3219 3390//3390
f 3400//3400 3280//3280 3399//3399
f 3401//3401 3281//3281 3400//3400
f 3401//3401 3383//3383 3384//3384
f 3401//3401 3262//3262 3282//3282
f 3402//3402 2994//2994 2999//2999
f 3402//3402 2982//2982 3387//3387
f 3403//3403 3397//3397 3402//3402
f 3388//3388 3402//3402 3387//3387
f 3404//3404 3398//3398 3403//3403
f 3404//3404 3388//3388 3389//3389
f 3405//3405 3399//3399 3404//3404
f 3405//3405 3389//3389 3390//3390
f 3405//3405 3383//3383 3400//3400
f 3406//3406 2908//2908 3004//3004
f 3397//3397 3004//3004 2994//2994
f 3407//3407 3307//3307 3406//3406
f 3398//3398 3406//3406 3397//3397
f 3408//3408 3308//3308 3407//3407
f 3408//3408 3398//3398 3399//3399
f 3408//3408 3280//3280 3309//3309
f 12//12 11//11 5//5
f 12//12 3//3 2//2
f 13//13 12//12 6//6
f 4//4 3//3 12//12
f 21//21 20//20 14//14
f 21//21 6//6 5//5
f 21//21 15//15 16//16
f 22//22 7//7 6//6
f 26//26 25//25 17//17
f 26//26 9//9 8//8
f 26//26 18//18 19//19
f 10//10 9//9 26//26
f 28//28 27//27 19//19
f 28//28 11//11 10//10
f 28//28 20//20 5//5
f 32//32 15//15 14//14
f 16//16 15//15 32//32
f 36//36 18//18 17//17
f 37//37 36//36 29//29
f 37//37 19//19 18//18
f 38//38 37//37 30//30
f 38//38 20//20 19//19
f 38//38 31//31 14//14
f 40//40 24//24 23//23
f 41//41 40//40 34//34
f 41//41 25//25 24//24
f 41//41 35//35 17//17
f 51//51 50//50 48//48
f 53//53 52//52 50//50
f 53//53 51//51 42//42
f 56//56 55//55 52//52
f 44//44 56//56 53//53
f 58//58 57//57 54//54
f 59//59 58//58 55//55
f 59//59 46//46 45//45
f 59//59 56//56 44//44
f 64//64 63//63 61//61
f 67//67 66//66 63//63
f 67//67 49//49 48//48
f 67//67 64//64 47//47
f 69//69 68//68 65//65
f 69//69 66//66 48//48
f 70//70 68//68 69//69
f 52//52 71//71 69//69
f 73//73 72//72 70//70
f 73//73 55//55 54//54
f 73//73 71//71 52//52
f 75//75 72//72 54//54
f 79//79 78//78 76//76
f 79//79 62//62 61//61
f 79//79 77//77 60//60
f 81//81 78//78 61//61
f 83//83 82//82 80//80
f 83//83 66//66 65//65
f 83//83 81//81 63//63
f 85//85 82//82 65//65
f 87//87 86//86 84//84
f 87//87 85//85 68//68
f 88//88 86//86 87//87
f 89//89 87//87 70//70
f 91//91 90//90 88//88
f 91//91 75//75 74//74
f 91//91 89//89 72//72
f 100//100 99//99 94//94
f 101//101 100//100 95//95
f 102//102 101//101 96//96
f 105//105 104//104 98//98
f 105//105 99//99 100//100
f 106//106 100//100 101//101
f 107//107 101//101 102//102
f 110//110 109//109 103//103
f 110//110 104//104 105//105
f 111//111 105//105 106//106
f 112//112 106//106 107//107
f 113//113 107//107 108//108
f 116//116 115//115 109//109
f 116//116 110//110 111//111
f 117//117 111//111 112//112
f 118//118 112//112 113//113
f 120//120 119//119 113//113
f 120//120 93//93 92//92
f 128//128 127//127 121//121
f 129//129 128//128 122//122
f 129//129 123//123 124//124
f 133//133 132//132 125//125
f 133//133 126//126 127//127
f 134//134 127//127 128//128
f 135//135 95//95 94//94
f 136//136 135//135 128//128
f 96//96 95//95 135//135
f 137//137 136//136 129//129
f 97//97 96//96 136//136
f 139//139 138//138 131//131
f 139//139 132//132 133//133
f 141//141 140//140 133//133
f 141//141 99//99 98//98
f 141//141 134//134 94//94
f 143//143 138//138 139//139
f 145//145 144//144 139//139
f 145//145 104//104 103//103
f 145//145 140//140 98//98
f 147//147 146//146 142//142
f 147//147 143//143 144//144
f 148//148 144//144 103//103
f 149//149 146//146 147//147
f 151//151 150//150 147//147
f 115//115 151//151 148//148
f 155//155 154//154 2//2
f 155//155 3//3 4//4
f 160//160 159//159 152//152
f 161//161 160//160 153//153
f 161//161 122//122 121//121
f 161//161 154//154 155//155
f 123//123 122//122 161//161
f 162//162 155//155 156//156
f 124//124 123//123 162//162
f 166//166 165//165 157//157
f 167//167 166//166 158//158
f 167//167 126//126 125//125
f 168//168 167//167 159//159
f 168//168 127//127 126//126
f 168//168 160//160 121//121
f 170//170 169//169 164//164
f 171//171 170//170 165//165
f 171//171 132//132 131//131
f 171//171 166//166 125//125
f 173//173 172//172 169//169
f 173//173 170//170 131//131
f 174//174 43//43 42//42
f 175//175 174//174 172//172
f 175//175 143//143 142//142
f 175//175 173//173 138//138
f 176//176 44//44 43//43
f 176//176 174//174 142//142
f 177//177 46//46 44//44
f 149//149 177//177 176//176
f 180//180 179//179 8//8
f 181//181 180//180 9//9
f 181//181 153//153 152//152
f 182//182 181//181 10//10
f 182//182 154//154 153//153
f 182//182 11//11 2//2
f 185//185 184//184 178//178
f 185//185 158//158 157//157
f 186//186 185//185 179//179
f 186//186 159//159 158//158
f 186//186 180//180 152//152
f 188//188 187//187 183//183
f 188//188 165//165 164//164
f 188//188 184//184 157//157
f 189//189 49//49 47//47
f 189//189 187//187 164//164
f 190//190 51//51 49//49
f 190//190 172//172 42//42
f 190//190 189//189 169//169
f 192//192 191//191 23//23
f 193//193 192//192 24//24
f 193//193 179//179 178//178
f 193//193 25//25 8//8
f 194//194 62//62 60//60
f 195//195 194//194 191//191
f 195//195 184//184 183//183
f 195//195 192//192 178//178
f 196//196 64//64 62//62
f 196//196 187//187 47//47
f 196//196 194//194 183//183
f 197//197 77//77 1//1
f 197//197 191//191 60//60
f 197//197 39//39 23//23
f 207//207 206//206 203//203
f 207//207 201//201 200//200
f 207//207 204//204 199//199
f 210//210 204//204 203//203
f 210//210 208//208 202//202
f 212//212 206//206 205//205
f 212//212 209//209 203//203
f 215//215 210//210 209//209
f 210//210 215//215 213//213
f 212//212 211//211 216//216
f 212//212 217//217 214//214
f 222//222 221//221 218//218
f 222//222 215//215 214//214
f 222//222 219//219 213//213
f 225//225 224//224 220//220
f 225//225 217//217 216//216
f 225//225 221//221 214//214
f 227//227 219//219 218//218
f 229//229 221//221 220//220
f 229//229 226//226 218//218
f 231//231 224//224 223//223
f 231//231 228//228 220//220
f 227//227 226//226 232//232
f 235//235 229//229 228//228
f 229//229 235//235 232//232
f 231//231 230//230 236//236
f 237//237 234//234 228//228
f 245//245 30//30 29//29
f 246//246 245//245 238//238
f 246//246 31//31 30//30
f 246//246 239//239 240//240
f 32//32 31//31 246//246
f 247//247 240//240 241//241
f 33//33 32//32 247//247
f 251//251 250//250 242//242
f 251//251 35//35 34//34
f 252//252 251//251 243//243
f 252//252 36//36 35//35
f 252//252 244//244 29//29
f 253//253 39//39 1//1
f 254//254 253//253 249//249
f 254//254 40//40 39//39
f 254//254 250//250 34//34
f 260//260 239//239 238//238
f 240//240 239//239 260//260
f 262//262 261//261 255//255
f 241//241 240//240 261//261
f 265//265 243//243 242//242
f 266//266 265//265 257//257
f 266//266 244//244 243//243
f 267//267 266//266 258//258
f 267//267 245//245 244//244
f 267//267 259//259 238//238
f 269//269 268//268 263//263
f 269//269 250//250 249//249
f 269//269 264//264 242//242
f 270//270 201//201 199//199
f 270//270 253//253 198//198
f 270//270 268//268 249//249
f 274//274 256//256 255//255
f 277//277 258//258 257//257
f 259//259 258//258 277//277
f 279//279 278//278 271//271
f 260//260 259//259 278//278
f 280//280 279//279 272//272
f 280//280 261//261 260//260
f 280//280 273//273 255//255
f 281//281 262//262 256//256
f 283//283 264//264 263//263
f 284//284 283//283 275//275
f 284//284 265//265 264//264
f 284//284 276//276 257//257
f 285//285 204//204 202//202
f 285//285 268//268 199//199
f 285//285 282//282 263//263
f 288//288 272//272 271//271
f 289//289 273//273 272//272
f 290//290 274//274 273//273
f 292//292 276//276 275//275
f 277//277 276//276 292//292
f 294//294 293//293 286//286
f 294//294 278//278 277//277
f 294//294 287//287 271//271
f 295//295 282//282 202//202
f 296//296 283//283 282//282
f 296//296 291//291 275//275
f 299//299 287//287 286//286
f 288//288 287//287 299//299
f 289//289 288//288 300//300
f 290//290 289//289 301//301
f 292//292 291//291 304//304
f 306//306 305//305 297//297
f 306//306 293//293 292//292
f 306//306 298//298 286//286
f 295//295 208//208 213//213
f 308//308 307//307 303//303
f 308//308 296//296 295//295
f 308//308 304//304 291//291
f 312//312 298//298 297//297
f 299//299 298//298 312//312
f 300//300 299//299 313//313
f 301//301 300//300 314//314
f 316//316 315//315 309//309
f 316//316 302//302 301//301
f 318//318 304//304 303//303
f 305//305 304//304 318//318
f 319//319 311//311 297//297
f 320//320 307//307 213//213
f 320//320 317//317 303//303
f 323//323 310//310 309//309
f 325//325 312//312 311//311
f 313//313 312//312 325//325
f 327//327 314//314 313//313
f 328//328 327//327 321//321
f 328//328 315//315 314//314
f 328//328 322//322 309//309
f 330//330 318//318 317//317
f 331//331 319//319 318//318
f 319//319 331//331 324//324
f 320//320 219//219 227//227
f 320//320 332//332 329//329
f 334//334 322//322 321//321
f 323//323 322//322 334//334
f 337//337 325//325 324//324
f 326//326 325//325 337//337
f 339//339 327//327 326//326
f 339//339 333//333 321//321
f 330//330 329//329 340//340
f 342//342 331//331 330//330
f 331//331 342//342 336//336
f 332//332 227//227 233//233
f 332//332 343//343 340//340
f 345//345 77//77 76//76
f 345//345 198//198 1//1
f 347//347 344//344 76//76
f 350//350 349//349 346//346
f 350//350 81//81 80//80
f 350//350 347//347 78//78
f 352//352 351//351 348//348
f 352//352 349//349 80//80
f 354//354 353//353 351//351
f 354//354 85//85 84//84
f 354//354 352//352 82//82
f 356//356 353//353 84//84
f 358//358 357//357 355//355
f 358//358 356//356 86//86
f 359//359 357//357 358//358
f 360//360 358//358 88//88
f 363//363 362//362 200//200
f 363//363 345//345 344//344
f 363//363 201//201 198//198
f 366//366 365//365 361//361
f 366//366 347//347 346//346
f 366//366 362//362 344//344
f 368//368 367//367 364//364
f 368//368 349//349 348//348
f 368//368 365//365 346//346
f 370//370 367//367 348//348
f 372//372 371//371 369//369
f 372//372 370//370 351//351
f 374//374 373//373 371//371
f 374//374 356//356 355//355
f 374//374 372//372 353//353
f 375//375 373//373 355//355
f 359//359 376//376 375//375
f 378//378 377//377 205//205
f 378//378 362//362 361//361
f 378//378 206//206 200//200
f 380//380 365//365 364//364
f 380//380 377//377 361//361
f 382//382 379//379 364//364
f 384//384 383//383 381//381
f 384//384 370//370 369//369
f 384//384 382//382 367//367
f 385//385 383//383 369//369
f 387//387 385//385 371//371
f 389//389 388//388 386//386
f 389//389 387//387 373//373
f 390//390 388//388 389//389
f 391//391 389//389 375//375
f 393//393 211//211 205//205
f 396//396 395//395 392//392
f 396//396 380//380 379//379
f 396//396 393//393 377//377
f 398//398 397//397 394//394
f 398//398 382//382 381//381
f 398//398 395//395 379//379
f 399//399 397//397 381//381
f 385//385 401//401 399//399
f 403//403 402//402 400//400
f 403//403 387//387 386//386
f 403//403 401//401 385//385
f 404//404 402//402 386//386
f 405//405 404//404 388//388
f 407//407 393//393 392//392
f 407//407 216//216 211//211
f 409//409 395//395 394//394
f 409//409 406//406 392//392
f 410//410 408//408 394//394
f 399//399 412//412 410//410
f 414//414 413//413 411//411
f 414//414 401//401 400//400
f 414//414 412//412 399//399
f 415//415 413//413 400//400
f 404//404 416//416 415//415
f 405//405 417//417 416//416
f 419//419 418//418 223//223
f 419//419 407//407 406//406
f 419//419 224//224 216//216
f 409//409 408//408 420//420
f 421//421 418//418 406//406
f 422//422 420//420 408//408
f 424//424 412//412 411//411
f 424//424 422//422 410//410
f 425//425 423//423 411//411
f 415//415 426//426 425//425
f 416//416 427//427 426//426
f 417//417 428//428 427//427
f 429//429 230//230 223//223
f 421//421 420//420 430//430
f 421//421 431//431 429//429
f 432//432 430//430 420//420
f 424//424 423//423 433//433
f 434//434 432//432 422//422
f 435//435 433//433 423//423
f 426//426 436//436 435//435
f 427//427 437//437 436//436
f 428//428 439//439 437//437
f 429//429 440//440 236//236
f 442//442 431//431 430//430
f 431//431 442//442 440//440
f 432//432 443//443 441//441
f 434//434 433//433 444//444
f 445//445 443//443 432//432
f 446//446 444//444 433//433
f 436//436 447//447 446//446
f 437//437 448//448 447//447
f 450//450 439//439 438//438
f 450//450 448//448 437//437
f 455//455 13//13 7//7
f 455//455 451//451 4//4
f 455//455 453//453 454//454
f 452//452 451//451 455//455
f 22//22 16//16 460//460
f 462//462 453//453 7//7
f 462//462 460//460 461//461
f 454//454 453//453 462//462
f 467//467 456//456 454//454
f 467//467 463//463 464//464
f 457//457 456//456 467//467
f 469//469 468//468 464//464
f 469//469 458//458 457//457
f 469//469 465//465 466//466
f 459//459 458//458 469//469
f 472//472 460//460 16//16
f 461//461 460//460 472//472
f 476//476 463//463 461//461
f 476//476 473//473 474//474
f 464//464 463//463 476//476
f 477//477 474//474 475//475
f 465//465 464//464 477//477
f 466//466 465//465 478//478
f 481//481 470//470 466//466
f 481//481 479//479 480//480
f 471//471 470//470 481//481
f 102//102 97//97 485//485
f 488//488 485//485 486//486
f 489//489 486//486 487//487
f 492//492 108//108 102//102
f 493//493 492//492 488//488
f 494//494 493//493 489//489
f 494//494 490//490 491//491
f 496//496 114//114 108//108
f 497//497 496//496 492//492
f 498//498 497//497 493//493
f 498//498 494//494 495//495
f 120//120 114//114 496//496
f 484//484 93//93 120//120
f 502//502 501//501 496//496
f 503//503 502//502 497//497
f 504//504 503//503 498//498
f 504//504 499//499 500//500
f 130//130 124//124 506//506
f 510//510 509//509 506//506
f 510//510 507//507 508//508
f 137//137 130//130 509//509
f 514//514 485//485 97//97
f 514//514 509//509 510//510
f 515//515 486//486 485//485
f 516//516 515//515 510//510
f 487//487 486//486 515//515
f 517//517 516//516 511//511
f 517//517 512//512 513//513
f 520//520 490//490 487//487
f 520//520 516//516 517//517
f 491//491 490//490 520//520
f 522//522 521//521 517//517
f 522//522 518//518 519//519
f 524//524 495//495 491//491
f 524//524 521//521 522//522
f 525//525 522//522 523//523
f 528//528 499//499 495//495
f 528//528 524//524 525//525
f 500//500 499//499 528//528
f 530//530 529//529 525//525
f 530//530 526//526 527//527
f 532//532 505//505 500//500
f 532//532 529//529 530//530
f 533//533 530//530 531//531
f 535//535 156//156 4//4
f 535//535 451//451 452//452
f 163//163 156//156 535//535
f 539//539 506//506 124//124
f 540//540 539//539 535//535
f 540//540 507//507 506//506
f 540//540 536//536 537//537
f 508//508 507//507 540//540
f 541//541 537//537 538//538
f 545//545 511//511 508//508
f 545//545 541//541 542//542
f 512//512 511//511 545//545
f 546//546 542//542 543//543
f 513//513 512//512 546//546
f 547//547 543//543 544//544
f 550//550 518//518 513//513
f 550//550 547//547 548//548
f 519//519 518//518 550//550
f 551//551 548//548 549//549
f 553//553 523//523 519//519
f 553//553 551//551 552//552
f 556//556 526//526 523//523
f 556//556 553//553 554//554
f 527//527 526//526 556//556
f 557//557 554//554 555//555
f 559//559 531//531 527//527
f 559//559 557//557 558//558
f 534//534 531//531 559//559
f 561//561 559//559 560//560
f 563//563 536//536 452//452
f 563//563 456//456 457//457
f 537//537 536//536 563//563
f 564//564 457//457 458//458
f 538//538 537//537 564//564
f 565//565 458//458 459//459
f 568//568 542//542 538//538
f 568//568 565//565 566//566
f 543//543 542//542 568//568
f 569//569 566//566 567//567
f 544//544 543//543 569//569
f 572//572 548//548 544//544
f 572//572 570//570 571//571
f 549//549 548//548 572//572
f 575//575 552//552 549//549
f 575//575 573//573 574//574
f 577//577 554//554 552//552
f 577//577 575//575 576//576
f 555//555 554//554 577//577
f 579//579 558//558 555//555
f 560//560 558//558 579//579
f 562//562 560//560 580//580
f 582//582 566//566 459//459
f 582//582 470//470 471//471
f 567//567 566//566 582//582
f 585//585 570//570 567//567
f 585//585 583//583 584//584
f 571//571 570//570 585//585
f 588//588 573//573 571//571
f 588//588 586//586 587//587
f 574//574 573//573 588//588
f 590//590 576//576 574//574
f 591//591 578//578 576//576
f 592//592 583//583 471//471
f 592//592 482//482 483//483
f 584//584 583//583 592//592
f 595//595 586//586 584//584
f 595//595 593//593 594//594
f 587//587 586//586 595//595
f 597//597 589//589 587//587
f 579//579 578//578 598//598
f 580//580 579//579 599//599
f 581//581 580//580 600//600
f 590//590 589//589 602//602
f 591//591 590//590 603//603
f 598//598 578//578 591//591
f 606//606 599//599 598//598
f 606//606 604//604 605//605
f 600//600 599//599 606//606
f 609//609 608//608 606//606
f 601//601 600//600 608//608
f 611//611 610//610 608//608
f 597//597 596//596 612//612
f 602//602 589//589 597//597
f 615//615 603//603 602//602
f 615//615 613//613 614//614
f 617//617 604//604 603//603
f 617//617 615//615 616//616
f 605//605 604//604 617//617
f 620//620 607//607 605//605
f 620//620 618//618 619//619
f 622//622 609//609 607//607
f 623//623 622//622 620//620
f 624//624 611//611 609//609
f 625//625 624//624 622//622
f 629//629 248//248 241//241
f 629//629 472//472 33//33
f 630//630 629//629 626//626
f 630//630 473//473 472//472
f 630//630 627//627 628//628
f 474//474 473//473 630//630
f 475//475 474//474 631//631
f 635//635 478//478 475//475
f 635//635 632//632 633//633
f 479//479 478//478 635//635
f 636//636 633//633 634//634
f 480//480 479//479 636//636
f 639//639 482//482 480//480
f 639//639 637//637 638//638
f 483//483 482//482 639//639
f 642//642 626//626 241//241
f 627//627 626//626 642//642
f 628//628 627//627 643//643
f 647//647 631//631 628//628
f 647//647 644//644 645//645
f 632//632 631//631 647//647
f 648//648 645//645 646//646
f 633//633 632//632 648//648
f 634//634 633//633 649//649
f 652//652 637//637 634//634
f 652//652 650//650 651//651
f 638//638 637//637 652//652
f 655//655 640//640 638//638
f 655//655 653//653 654//654
f 641//641 640//640 655//655
f 281//281 274//274 657//657
f 642//642 262//262 281//281
f 661//661 660//660 657//657
f 643//643 642//642 660//660
f 661//661 658//658 659//659
f 662//662 644//644 643//643
f 663//663 645//645 644//644
f 646//646 645//645 663//663
f 666//666 649//649 646//646
f 666//666 664//664 665//665
f 650//650 649//649 666//666
f 651//651 650//650 667//667
f 669//669 653//653 651//651
f 654//654 653//653 669//669
f 671//671 656//656 654//654
f 657//657 274//274 290//290
f 658//658 657//657 672//672
f 659//659 658//658 673//673
f 676//676 662//662 659//659
f 676//676 674//674 675//675
f 663//663 662//662 676//676
f 678//678 664//664 663//663
f 665//665 664//664 678//678
f 680//680 667//667 665//665
f 668//668 667//667 680//680
f 683//683 669//669 668//668
f 683//683 681//681 682//682
f 670//670 669//669 683//683
f 685//685 672//672 290//290
f 686//686 673//673 672//672
f 687//687 674//674 673//673
f 675//675 674//674 687//687
f 690//690 677//677 675//675
f 690//690 688//688 689//689
f 678//678 677//677 690//690
f 679//679 678//678 691//691
f 694//694 680//680 679//679
f 694//694 692//692 693//693
f 681//681 680//680 694//694
f 682//682 681//681 695//695
f 697//697 684//684 682//682
f 316//316 310//310 698//698
f 685//685 302//302 316//316
f 700//700 686//686 685//685
f 701//701 687//687 686//686
f 702//702 688//688 687//687
f 689//689 688//688 702//702
f 704//704 691//691 689//689
f 705//705 692//692 691//691
f 693//693 692//692 705//705
f 707//707 695//695 693//693
f 696//696 695//695 707//707
f 697//697 696//696 708//708
f 698//698 310//310 323//323
f 712//712 699//699 698//698
f 712//712 710//710 711//711
f 700//700 699//699 712//712
f 714//714 701//701 700//700
f 715//715 702//702 701//701
f 703//703 702//702 715//715
f 704//704 703//703 716//716
f 705//705 704//704 717//717
f 706//706 705//705 718//718
f 707//707 706//706 719//719
f 708//708 707//707 720//720
f 722//722 709//709 708//708
f 723//723 710//710 323//323
f 711//711 710//710 723//723
f 725//725 713//713 711//711
f 714//714 713//713 725//725
f 727//727 715//715 714//714
f 716//716 715//715 727//727
f 717//717 716//716 728//728
f 718//718 717//717 729//729
f 731//731 719//719 718//718
f 720//720 719//719 731//731
f 721//721 720//720 732//732
f 671//671 670//670 736//736
f 735//735 656//656 671//671
f 736//736 670//670 684//684
f 740//740 737//737 736//736
f 738//738 737//737 740//740
f 739//739 684//684 697//697
f 740//740 739//739 742//742
f 744//744 741//741 740//740
f 742//742 697//697 709//709
f 746//746 743//743 742//742
f 747//747 744//744 743//743
f 722//722 721//721 748//748
f 745//745 709//709 722//722
f 751//751 746//746 745//745
f 751//751 749//749 750//750
f 747//747 746//746 751//751
f 748//748 721//721 733//733
f 734//734 755//755 754//754
f 755//755 749//749 748//748
f 750//750 749//749 755//755
f 757//757 752//752 750//750
f 753//753 752//752 757//757
f 759//759 593//593 483//483
f 759//759 640//640 641//641
f 594//594 593//593 759//759
f 761//761 596//596 594//594
f 762//762 760//760 641//641
f 761//761 760//760 763//763
f 612//612 596//596 761//761
f 766//766 613//613 612//612
f 766//766 764//764 765//765
f 614//614 613//613 766//766
f 768//768 616//616 614//614
f 770//770 618//618 616//616
f 770//770 768//768 769//769
f 619//619 618//618 770//770
f 772//772 621//621 619//619
f 773//773 623//623 621//621
f 775//775 625//625 623//623
f 775//775 773//773 774//774
f 762//762 656//656 735//735
f 763//763 760//760 762//762
f 779//779 764//764 763//763
f 779//779 777//777 778//778
f 765//765 764//764 779//779
f 782//782 767//767 765//765
f 782//782 780//780 781//781
f 784//784 768//768 767//767
f 784//784 782//782 783//783
f 769//769 768//768 784//784
f 786//786 771//771 769//769
f 788//788 772//772 771//771
f 788//788 786//786 787//787
f 790//790 773//773 772//772
f 790//790 788//788 789//789
f 774//774 773//773 790//790
f 792//792 776//776 774//774
f 793//793 777//777 735//735
f 793//793 737//737 738//738
f 778//778 777//777 793//793
f 795//795 780//780 778//778
f 781//781 780//780 795//795
f 797//797 783//783 781//781
f 798//798 785//785 783//783
f 800//800 786//786 785//785
f 800//800 798//798 799//799
f 787//787 786//786 800//800
f 802//802 789//789 787//787
f 791//791 789//789 802//802
f 792//792 791//791 803//803
f 805//805 803//803 804//804
f 807//807 794//794 738//738
f 809//809 795//795 794//794
f 809//809 807//807 808//808
f 796//796 795//795 809//809
f 811//811 797//797 796//796
f 813//813 798//798 797//797
f 813//813 811//811 812//812
f 799//799 798//798 813//813
f 815//815 801//801 799//799
f 802//802 801//801 815//815
f 818//818 803//803 802//802
f 818//818 816//816 817//817
f 804//804 803//803 818//818
f 820//820 806//806 804//804
f 821//821 807//807 741//741
f 808//808 807//807 821//821
f 823//823 810//810 808//808
f 825//825 811//811 810//810
f 825//825 823//823 824//824
f 812//812 811//811 825//825
f 827//827 814//814 812//812
f 815//815 814//814 827//827
f 830//830 816//816 815//815
f 830//830 828//828 829//829
f 817//817 816//816 830//830
f 832//832 819//819 817//817
f 820//820 819//819 832//832
f 834//834 821//821 744//744
f 835//835 822//822 821//821
f 836//836 823//823 822//822
f 824//824 823//823 836//836
f 838//838 826//826 824//824
f 827//827 826//826 838//838
f 841//841 828//828 827//827
f 841//841 839//839 840//840
f 829//829 828//828 841//841
f 843//843 831//831 829//829
f 832//832 831//831 843//843
f 833//833 832//832 844//844
f 846//846 834//834 747//747
f 846//846 752//752 753//753
f 835//835 834//834 846//846
f 848//848 836//836 835//835
f 849//849 837//837 836//836
f 850//850 838//838 837//837
f 851//851 839//839 838//838
f 840//840 839//839 851//851
f 853//853 842//842 840//840
f 843//843 842//842 853//853
f 844//844 843//843 854//854
f 845//845 844//844 855//855
f 857//857 858//858 758//758
f 858//858 847//847 753//753
f 859//859 848//848 847//847
f 860//860 849//849 848//848
f 861//861 850//850 849//849
f 862//862 851//851 850//850
f 863//863 852//852 851//851
f 864//864 853//853 852//852
f 854//854 853//853 864//864
f 855//855 854//854 865//865
f 856//856 855//855 866//866
f 869//869 868//868 45//45
f 870//870 868//868 869//869
f 876//876 875//875 57//57
f 876//876 58//58 45//45
f 877//877 875//875 876//876
f 870//870 878//878 876//876
f 879//879 878//878 870//870
f 880//880 877//877 878//878
f 881//881 878//878 879//879
f 872//872 882//882 879//879
f 883//883 881//881 882//882
f 884//884 882//882 872//872
f 885//885 883//883 884//884
f 874//874 886//886 884//884
f 890//890 889//889 74//74
f 890//890 75//75 57//57
f 891//891 889//889 890//890
f 877//877 892//892 890//890
f 880//880 893//893 892//892
f 894//894 893//893 880//880
f 895//895 893//893 894//894
f 883//883 896//896 894//894
f 897//897 895//895 896//896
f 885//885 898//898 896//896
f 899//899 898//898 885//885
f 900//900 897//897 898//898
f 901//901 898//898 899//899
f 887//887 902//902 899//899
f 903//903 901//901 902//902
f 888//888 904//904 902//902
f 906//906 90//90 74//74
f 891//891 907//907 906//906
f 908//908 907//907 891//891
f 909//909 907//907 908//908
f 893//893 910//910 908//908
f 912//912 911//911 909//909
f 895//895 912//912 910//910
f 913//913 911//911 912//912
f 897//897 914//914 912//912
f 900//900 915//915 914//914
f 916//916 915//915 900//900
f 917//917 915//915 916//916
f 903//903 918//918 916//916
f 919//919 918//918 903//903
f 920//920 918//918 919//919
f 905//905 921//921 919//919
f 923//923 922//922 92//92
f 925//925 924//924 115//115
f 925//925 116//116 117//117
f 926//926 117//117 118//118
f 927//927 118//118 119//119
f 928//928 119//119 92//92
f 929//929 928//928 922//922
f 930//930 924//924 925//925
f 932//932 931//931 925//925
f 933//933 932//932 926//926
f 933//933 927//927 928//928
f 934//934 928//928 929//929
f 936//936 930//930 931//931
f 938//938 937//937 931//931
f 939//939 938//938 932//932
f 940//940 939//939 933//933
f 941//941 940//940 934//934
f 942//942 936//936 937//937
f 943//943 937//937 938//938
f 945//945 944//944 938//938
f 946//946 945//945 939//939
f 947//947 946//946 940//940
f 948//948 943//943 944//944
f 949//949 944//944 945//945
f 951//951 950//950 945//945
f 952//952 951//951 946//946
f 953//953 950//950 951//951
f 954//954 951//951 952//952
f 956//956 149//149 150//150
f 958//958 957//957 150//150
f 924//924 958//958 151//151
f 960//960 959//959 956//956
f 960//960 957//957 958//958
f 961//961 958//958 924//924
f 962//962 959//959 960//960
f 963//963 960//960 961//961
f 964//964 961//961 930//930
f 965//965 962//962 963//963
f 967//967 966//966 963//963
f 942//942 967//967 964//964
f 968//968 967//967 942//942
f 969//969 966//966 967//967
f 970//970 967//967 968//968
f 948//948 971//971 968//968
f 972//972 971//971 948//948
f 973//973 972//972 949//949
f 974//974 970//970 971//971
f 976//976 975//975 971//971
f 976//976 972//972 973//973
f 953//953 977//977 973//973
f 978//978 977//977 953//953
f 955//955 979//979 978//978
f 980//980 975//975 976//976
f 982//982 981//981 976//976
f 982//982 977//977 978//978
f 984//984 983//983 978//978
f 985//985 981//981 982//982
f 986//986 982//982 983//983
f 988//988 987//987 983//983
f 869//869 46//46 177//177
f 989//989 177//177 149//149
f 990//990 871//871 869//869
f 990//990 989//989 956//956
f 872//872 871//871 990//990
f 991//991 990//990 959//959
f 873//873 872//872 991//991
f 965//965 992//992 991//991
f 993//993 992//992 965//965
f 874//874 873//873 992//992
f 994//994 992//992 993//993
f 969//969 995//995 993//993
f 996//996 995//995 969//969
f 997//997 994//994 995//995
f 998//998 995//995 996//996
f 974//974 999//999 996//996
f 1000//1000 999//999 974//974
f 1001//1001 998//998 999//999
f 1002//1002 999//999 1000//1000
f 980//980 1003//1003 1000//1000
f 1004//1004 1003//1003 980//980
f 1005//1005 1002//1002 1003//1003
f 1006//1006 1003//1003 1004//1004
f 985//985 1007//1007 1004//1004
f 1008//1008 1007//1007 985//985
f 987//987 1009//1009 1008//1008
f 988//988 1010//1010 1009//1009
f 1011//1011 886//886 874//874
f 887//887 886//886 1011//1011
f 997//997 1012//1012 1011//1011
f 1013//1013 1012//1012 997//997
f 888//888 887//887 1012//1012
f 1014//1014 1012//1012 1013//1013
f 1001//1001 1015//1015 1013//1013
f 1016//1016 1015//1015 1001//1001
f 1017//1017 1014//1014 1015//1015
f 1018//1018 1015//1015 1016//1016
f 1005//1005 1019//1019 1016//1016
f 1020//1020 1019//1019 1005//1005
f 1021//1021 904//904 888//888
f 905//905 904//904 1021//1021
f 1017//1017 1022//1022 1021//1021
f 1023//1023 1022//1022 1017//1017
f 1024//1024 921//921 905//905
f 1026//1026 1006//1006 1007//1007
f 1027//1027 1007//1007 1008//1008
f 1028//1028 1008//1008 1009//1009
f 1029//1029 1009//1009 1010//1010
f 1031//1031 1018//1018 1019//1019
f 1032//1032 1019//1019 1020//1020
f 1026//1026 1033//1033 1020//1020
f 1034//1034 1033//1033 1026//1026
f 1028//1028 1035//1035 1034//1034
f 1029//1029 1036//1036 1035//1035
f 1030//1030 1037//1037 1036//1036
f 1038//1038 1033//1033 1034//1034
f 1039//1039 1034//1034 1035//1035
f 1040//1040 1035//1035 1036//1036
f 1041//1041 1036//1036 1037//1037
f 1044//1044 1043//1043 1041//1041
f 1045//1045 1022//1022 1023//1023
f 1031//1031 1046//1046 1023//1023
f 1047//1047 1046//1046 1031//1031
f 1048//1048 1047//1047 1032//1032
f 1049//1049 1046//1046 1047//1047
f 1050//1050 1047//1047 1048//1048
f 1038//1038 1051//1051 1048//1048
f 1052//1052 1051//1051 1038//1038
f 1040//1040 1053//1053 1052//1052
f 1054//1054 1053//1053 1040//1040
f 1056//1056 1051//1051 1052//1052
f 1058//1058 1057//1057 1052//1052
f 1058//1058 1053//1053 1054//1054
f 1043//1043 1059//1059 1054//1054
f 1044//1044 1060//1060 1059//1059
f 1044//1044 1042//1042 1055//1055
f 1025//1025 921//921 1024//1024
f 1045//1045 1061//1061 1024//1024
f 1062//1062 1061//1061 1045//1045
f 1063//1063 1061//1061 1062//1062
f 1049//1049 1064//1064 1062//1062
f 1065//1065 1064//1064 1049//1049
f 1066//1066 1065//1065 1050//1050
f 1067//1067 1064//1064 1065//1065
f 1068//1068 1065//1065 1066//1066
f 1056//1056 1069//1069 1066//1066
f 1070//1070 1069//1069 1056//1056
f 1071//1071 1070//1070 1057//1057
f 1072//1072 1071//1071 1058//1058
f 1060//1060 1073//1073 1072//1072
f 1074//1074 1069//1069 1070//1070
f 1076//1076 1075//1075 1070//1070
f 1077//1077 1076//1076 1071//1071
f 1078//1078 1077//1077 1072//1072
f 1079//1079 359//359 360//360
f 906//906 1080//1080 360//360
f 1082//1082 1081//1081 1079//1079
f 1082//1082 1080//1080 906//906
f 1084//1084 1083//1083 1081//1081
f 909//909 1084//1084 1082//1082
f 1085//1085 1083//1083 1084//1084
f 911//911 1086//1086 1084//1084
f 913//913 1087//1087 1086//1086
f 1088//1088 1087//1087 913//913
f 1089//1089 1087//1087 1088//1088
f 915//915 1090//1090 1088//1088
f 917//917 1091//1091 1090//1090
f 1092//1092 1091//1091 917//917
f 1093//1093 1091//1091 1092//1092
f 920//920 1094//1094 1092//1092
f 1095//1095 1094//1094 920//920
f 1079//1079 1096//1096 376//376
f 1097//1097 1096//1096 1079//1079
f 1098//1098 1097//1097 1081//1081
f 1085//1085 1099//1099 1098//1098
f 1100//1100 1099//1099 1085//1085
f 1101//1101 1099//1099 1100//1100
f 1087//1087 1102//1102 1100//1100
f 1089//1089 1103//1103 1102//1102
f 1104//1104 1103//1103 1089//1089
f 1105//1105 1103//1103 1104//1104
f 1091//1091 1106//1106 1104//1104
f 1107//1107 1105//1105 1106//1106
f 1093//1093 1108//1108 1106//1106
f 1109//1109 1108//1108 1093//1093
f 1110//1110 390//390 391//391
f 1111//1111 391//391 376//376
f 1113//1113 1112//1112 1110//1110
f 1097//1097 1113//1113 1111//1111
f 1115//1115 1114//1114 1112//1112
f 1098//1098 1115//1115 1113//1113
f 1116//1116 1114//1114 1115//1115
f 1117//1117 1115//1115 1098//1098
f 1101//1101 1118//1118 1117//1117
f 1119//1119 1118//1118 1101//1101
f 1120//1120 1118//1118 1119//1119
f 1103//1103 1121//1121 1119//1119
f 1122//1122 1120//1120 1121//1121
f 1105//1105 1123//1123 1121//1121
f 1124//1124 1123//1123 1105//1105
f 1125//1125 1124//1124 1107//1107
f 1126//1126 405//405 390//390
f 1112//1112 1127//1127 1126//1126
f 1114//1114 1128//1128 1127//1127
f 1116//1116 1129//1129 1128//1128
f 1130//1130 1129//1129 1116//1116
f 1131//1131 1129//1129 1130//1130
f 1118//1118 1132//1132 1130//1130
f 1133//1133 1132//1132 1118//1118
f 1122//1122 1134//1134 1133//1133
f 1135//1135 1134//1134 1122//1122
f 1124//1124 1136//1136 1135//1135
f 1137//1137 1136//1136 1124//1124
f 1126//1126 1138//1138 417//417
f 1139//1139 1138//1138 1126//1126
f 1140//1140 1139//1139 1127//1127
f 1141//1141 1140//1140 1128//1128
f 1131//1131 1142//1142 1141//1141
f 1143//1143 1142//1142 1131//1131
f 1144//1144 1142//1142 1143//1143
f 1133//1133 1145//1145 1143//1143
f 1134//1134 1146//1146 1145//1145
f 1147//1147 1146//1146 1134//1134
f 1148//1148 1146//1146 1147//1147
f 1136//1136 1149//1149 1147//1147
f 1138//1138 1150//1150 428//428
f 1151//1151 1150//1150 1138//1138
f 1152//1152 1151//1151 1139//1139
f 1153//1153 1152//1152 1140//1140
f 1142//1142 1154//1154 1153//1153
f 1144//1144 1155//1155 1154//1154
f 1156//1156 1155//1155 1144//1144
f 1146//1146 1157//1157 1156//1156
f 1148//1148 1158//1158 1157//1157
f 1159//1159 1158//1158 1148//1148
f 1161//1161 1160//1160 438//438
f 1161//1161 439//439 428//428
f 1162//1162 1160//1160 1161//1161
f 1151//1151 1163//1163 1161//1161
f 1152//1152 1164//1164 1163//1163
f 1165//1165 1164//1164 1152//1152
f 1166//1166 1165//1165 1153//1153
f 1155//1155 1167//1167 1166//1166
f 1156//1156 1168//1168 1167//1167
f 1157//1157 1169//1169 1168//1168
f 1170//1170 1169//1169 1157//1157
f 1159//1159 1171//1171 1170//1170
f 1172//1172 449//449 438//438
f 1162//1162 1173//1173 1172//1172
f 1174//1174 1173//1173 1162//1162
f 1164//1164 1175//1175 1174//1174
f 1176//1176 1175//1175 1164//1164
f 1177//1177 1176//1176 1165//1165
f 1167//1167 1178//1178 1177//1177
f 1168//1168 1179//1179 1178//1178
f 1169//1169 1180//1180 1179//1179
f 1181//1181 1180//1180 1169//1169
f 1171//1171 1182//1182 1181//1181
f 1183//1183 1094//1094 1095//1095
f 1025//1025 1184//1184 1095//1095
f 1186//1186 1108//1108 1109//1109
f 1183//1183 1187//1187 1109//1109
f 1188//1188 1187//1187 1183//1183
f 1189//1189 1187//1187 1188//1188
f 1185//1185 1190//1190 1188//1188
f 1186//1186 1192//1192 1125//1125
f 1193//1193 1192//1192 1186//1186
f 1189//1189 1194//1194 1193//1193
f 1195//1195 1194//1194 1189//1189
f 1191//1191 1196//1196 1195//1195
f 1197//1197 1136//1136 1137//1137
f 1192//1192 1198//1198 1137//1137
f 1199//1199 1198//1198 1192//1192
f 1200//1200 1198//1198 1199//1199
f 1194//1194 1201//1201 1199//1199
f 1202//1202 1201//1201 1194//1194
f 1203//1203 1201//1201 1202//1202
f 1196//1196 1204//1204 1202//1202
f 1197//1197 1206//1206 1149//1149
f 1207//1207 1206//1206 1197//1197
f 1200//1200 1208//1208 1207//1207
f 1209//1209 1208//1208 1200//1200
f 1203//1203 1210//1210 1209//1209
f 1211//1211 1210//1210 1203//1203
f 1205//1205 1212//1212 1211//1211
f 1206//1206 1213//1213 1159//1159
f 1207//1207 1214//1214 1213//1213
f 1208//1208 1215//1215 1214//1214
f 1209//1209 1216//1216 1215//1215
f 1217//1217 1216//1216 1209//1209
f 1218//1218 1217//1217 1210//1210
f 1219//1219 1218//1218 1211//1211
f 1213//1213 1220//1220 1171//1171
f 1214//1214 1221//1221 1220//1220
f 1215//1215 1222//1222 1221//1221
f 1223//1223 1222//1222 1215//1215
f 1224//1224 1222//1222 1223//1223
f 1217//1217 1225//1225 1223//1223
f 1226//1226 1225//1225 1217//1217
f 1227//1227 1226//1226 1218//1218
f 1220//1220 1228//1228 1182//1182
f 1221//1221 1229//1229 1228//1228
f 1222//1222 1230//1230 1229//1229
f 1224//1224 1232//1232 1230//1230
f 1232//1232 1233//1233 1231//1231
f 1233//1233 1232//1232 1224//1224
f 1234//1234 1233//1233 1225//1225
f 1235//1235 1234//1234 1226//1226
f 1236//1236 1184//1184 1025//1025
f 1185//1185 1184//1184 1236//1236
f 1063//1063 1237//1237 1236//1236
f 1238//1238 1237//1237 1063//1063
f 1239//1239 1237//1237 1238//1238
f 1067//1067 1240//1240 1238//1238
f 1241//1241 1240//1240 1067//1067
f 1242//1242 1241//1241 1068//1068
f 1243//1243 1241//1241 1242//1242
f 1074//1074 1244//1244 1242//1242
f 1245//1245 1244//1244 1074//1074
f 1076//1076 1246//1246 1245//1245
f 1247//1247 1246//1246 1076//1076
f 1248//1248 1247//1247 1077//1077
f 1249//1249 1246//1246 1247//1247
f 1251//1251 1250//1250 1247//1247
f 1252//1252 1190//1190 1185//1185
f 1191//1191 1190//1190 1252//1252
f 1239//1239 1253//1253 1252//1252
f 1254//1254 1253//1253 1239//1239
f 1255//1255 1254//1254 1240//1240
f 1256//1256 1254//1254 1255//1255
f 1243//1243 1257//1257 1255//1255
f 1258//1258 1257//1257 1243//1243
f 1259//1259 1258//1258 1244//1244
f 1260//1260 1259//1259 1245//1245
f 1261//1261 1258//1258 1259//1259
f 1262//1262 1259//1259 1260//1260
f 1249//1249 1263//1263 1260//1260
f 1264//1264 1263//1263 1249//1249
f 1265//1265 1264//1264 1250//1250
f 1266//1266 1196//1196 1191//1191
f 1267//1267 1266//1266 1253//1253
f 1268//1268 1266//1266 1267//1267
f 1256//1256 1269//1269 1267//1267
f 1270//1270 1269//1269 1256//1256
f 1271//1271 1270//1270 1257//1257
f 1272//1272 1270//1270 1271//1271
f 1261//1261 1273//1273 1271//1271
f 1274//1274 1273//1273 1261//1261
f 1263//1263 1275//1275 1274//1274
f 1264//1264 1276//1276 1275//1275
f 1277//1277 1276//1276 1264//1264
f 1278//1278 1275//1275 1276//1276
f 1280//1280 1279//1279 1276//1276
f 1281//1281 1204//1204 1196//1196
f 1205//1205 1204//1204 1281//1281
f 1268//1268 1282//1282 1281//1281
f 1283//1283 1282//1282 1268//1268
f 1284//1284 1283//1283 1269//1269
f 1285//1285 1283//1283 1284//1284
f 1272//1272 1286//1286 1284//1284
f 1287//1287 1286//1286 1272//1272
f 1274//1274 1288//1288 1287//1287
f 1289//1289 1288//1288 1274//1274
f 1290//1290 1288//1288 1289//1289
f 1278//1278 1291//1291 1289//1289
f 1292//1292 1291//1291 1278//1278
f 1293//1293 1292//1292 1279//1279
f 1294//1294 1212//1212 1205//1205
f 1295//1295 1294//1294 1282//1282
f 1285//1285 1296//1296 1295//1295
f 1297//1297 1296//1296 1285//1285
f 1287//1287 1298//1298 1297//1297
f 1299//1299 1298//1298 1287//1287
f 1300//1300 1298//1298 1299//1299
f 1290//1290 1301//1301 1299//1299
f 1302//1302 1301//1301 1290//1290
f 1303//1303 1302//1302 1291//1291
f 1293//1293 1304//1304 1303//1303
f 1294//1294 1305//1305 1219//1219
f 1306//1306 1305//1305 1294//1294
f 1307//1307 1305//1305 1306//1306
f 1296//1296 1308//1308 1306//1306
f 1297//1297 1309//1309 1308//1308
f 1310//1310 1309//1309 1297//1297
f 1311//1311 1309//1309 1310//1310
f 1300//1300 1312//1312 1310//1310
f 1313//1313 1312//1312 1300//1300
f 1302//1302 1314//1314 1313//1313
f 1303//1303 1315//1315 1314//1314
f 1304//1304 1316//1316 1315//1315
f 1317//1317 1227//1227 1219//1219
f 1307//1307 1318//1318 1317//1317
f 1319//1319 1318//1318 1307//1307
f 1309//1309 1320//1320 1319//1319
f 1311//1311 1321//1321 1320//1320
f 1322//1322 1321//1321 1311//1311
f 1323//1323 1322//1322 1312//1312
f 1314//1314 1324//1324 1323//1323
f 1315//1315 1325//1325 1324//1324
f 1316//1316 1326//1326 1325//1325
f 1327//1327 1235//1235 1227//1227
f 1328//1328 1327//1327 1317//1317
f 1329//1329 1328//1328 1318//1318
f 1330//1330 1329//1329 1319//1319
f 1331//1331 1330//1330 1320//1320
f 1332//1332 1331//1331 1321//1321
f 1323//1323 1333//1333 1332//1332
f 1324//1324 1334//1334 1333//1333
f 1325//1325 1335//1335 1334//1334
f 1326//1326 1336//1336 1335//1335
f 1337//1337 923//923 93//93
f 1337//1337 1338//1338 929//929
f 1338//1338 1337//1337 484//484
f 1339//1339 1338//1338 501//501
f 1340//1340 1339//1339 502//502
f 1341//1341 1340//1340 503//503
f 1342//1342 1341//1341 504//504
f 1343//1343 935//935 929//929
f 1344//1344 1343//1343 1338//1338
f 1344//1344 1339//1339 1340//1340
f 1345//1345 1340//1340 1341//1341
f 1347//1347 1346//1346 1341//1341
f 941//941 935//935 1343//1343
f 1348//1348 1343//1343 1344//1344
f 1349//1349 1344//1344 1345//1345
f 1350//1350 1345//1345 1346//1346
f 1352//1352 1351//1351 1346//1346
f 947//947 941//941 1348//1348
f 1353//1353 1348//1348 1349//1349
f 1354//1354 1349//1349 1350//1350
f 1356//1356 1355//1355 1350//1350
f 952//952 947//947 1353//1353
f 1357//1357 1353//1353 1354//1354
f 1359//1359 1358//1358 1354//1354
f 1360//1360 1359//1359 1355//1355
f 1361//1361 955//955 952//952
f 1362//1362 1361//1361 1357//1357
f 1342//1342 505//505 532//532
f 1363//1363 532//532 533//533
f 1364//1364 533//533 534//534
f 1366//1366 1347//1347 1342//1342
f 1367//1367 1366//1366 1363//1363
f 1368//1368 1367//1367 1364//1364
f 1352//1352 1370//1370 1369//1369
f 1352//1352 1347//1347 1366//1366
f 1370//1370 1366//1366 1367//1367
f 1372//1372 1371//1371 1367//1367
f 1356//1356 1351//1351 1369//1369
f 1374//1374 1373//1373 1369//1369
f 1374//1374 1370//1370 1371//1371
f 1359//1359 1377//1377 1376//1376
f 1360//1360 1378//1378 1377//1377
f 1360//1360 1356//1356 1373//1373
f 1378//1378 1373//1373 1374//1374
f 1380//1380 1379//1379 1374//1374
f 1381//1381 979//979 955//955
f 1362//1362 1382//1382 1381//1381
f 1362//1362 1358//1358 1376//1376
f 1383//1383 1382//1382 1376//1376
f 1383//1383 1377//1377 1378//1378
f 1385//1385 1384//1384 1378//1378
f 1386//1386 984//984 979//979
f 1386//1386 1381//1381 1382//1382
f 1387//1387 1382//1382 1383//1383
f 1389//1389 1388//1388 1383//1383
f 1390//1390 988//988 984//984
f 1391//1391 1390//1390 1386//1386
f 1365//1365 534//534 561//561
f 1392//1392 561//561 562//562
f 1394//1394 1368//1368 1365//1365
f 1395//1395 1394//1394 1392//1392
f 1372//1372 1397//1397 1396//1396
f 1372//1372 1368//1368 1394//1394
f 1398//1398 1397//1397 1394//1394
f 1375//1375 1371//1371 1396//1396
f 1400//1400 1399//1399 1396//1396
f 1401//1401 1400//1400 1397//1397
f 1380//1380 1403//1403 1402//1402
f 1380//1380 1375//1375 1399//1399
f 1404//1404 1403//1403 1399//1399
f 1405//1405 1404//1404 1400//1400
f 1385//1385 1407//1407 1406//1406
f 1385//1385 1379//1379 1402//1402
f 1408//1408 1407//1407 1402//1402
f 1409//1409 1408//1408 1403//1403
f 1388//1388 1411//1411 1410//1410
f 1389//1389 1412//1412 1411//1411
f 1389//1389 1384//1384 1406//1406
f 1413//1413 1412//1412 1406//1406
f 1414//1414 1413//1413 1407//1407
f 1415//1415 1010//1010 988//988
f 1391//1391 1416//1416 1415//1415
f 1391//1391 1387//1387 1410//1410
f 1417//1417 1416//1416 1410//1410
f 1418//1418 1417//1417 1411//1411
f 1419//1419 1418//1418 1412//1412
f 1393//1393 562//562 581//581
f 1421//1421 1395//1395 1393//1393
f 1422//1422 1398//1398 1395//1395
f 1423//1423 1401//1401 1398//1398
f 1405//1405 1425//1425 1424//1424
f 1405//1405 1401//1401 1423//1423
f 1409//1409 1427//1427 1426//1426
f 1409//1409 1404//1404 1424//1424
f 1428//1428 1427//1427 1424//1424
f 1414//1414 1430//1430 1429//1429
f 1414//1414 1408//1408 1426//1426
f 1431//1431 1430//1430 1426//1426
f 1432//1432 1431//1431 1427//1427
f 1418//1418 1434//1434 1433//1433
f 1419//1419 1435//1435 1434//1434
f 1419//1419 1413//1413 1429//1429
f 1436//1436 1435//1435 1429//1429
f 1437//1437 1436//1436 1430//1430
f 1428//1428 1425//1425 1438//1438
f 1432//1432 1441//1441 1440//1440
f 1432//1432 1428//1428 1439//1439
f 1437//1437 1443//1443 1442//1442
f 1437//1437 1431//1431 1440//1440
f 1444//1444 1443//1443 1440//1440
f 1444//1444 1447//1447 1446//1446
f 1444//1444 1441//1441 1445//1445
f 1420//1420 581//581 601//601
f 1449//1449 1421//1421 1420//1420
f 1450//1450 1422//1422 1421//1421
f 1451//1451 1423//1423 1422//1422
f 1452//1452 1425//1425 1423//1423
f 1448//1448 601//601 610//610
f 1454//1454 1453//1453 610//610
f 1455//1455 1449//1449 1448//1448
f 1455//1455 1453//1453 1454//1454
f 1457//1457 1450//1450 1449//1449
f 1457//1457 1455//1455 1456//1456
f 1451//1451 1450//1450 1457//1457
f 1459//1459 1457//1457 1458//1458
f 1452//1452 1461//1461 1438//1438
f 1452//1452 1451//1451 1459//1459
f 1462//1462 1461//1461 1459//1459
f 1463//1463 1439//1439 1438//1438
f 1464//1464 1441//1441 1439//1439
f 1465//1465 1454//1454 611//611
f 1466//1466 1465//1465 624//624
f 1456//1456 1454//1454 1465//1465
f 1467//1467 1465//1465 1466//1466
f 1458//1458 1456//1456 1467//1467
f 1469//1469 1467//1467 1468//1468
f 1460//1460 1458//1458 1469//1469
f 1471//1471 1469//1469 1470//1470
f 1462//1462 1474//1474 1473//1473
f 1462//1462 1460//1460 1471//1471
f 1475//1475 1474//1474 1471//1471
f 1463//1463 1461//1461 1473//1473
f 1477//1477 1476//1476 1473//1473
f 1464//1464 1478//1478 1445//1445
f 1464//1464 1463//1463 1476//1476
f 1479//1479 1478//1478 1476//1476
f 1480//1480 1447//1447 1445//1445
f 1481//1481 1030//1030 1010//1010
f 1482//1482 1481//1481 1415//1415
f 1483//1483 1482//1482 1416//1416
f 1484//1484 1037//1037 1030//1030
f 1485//1485 1484//1484 1481//1481
f 1483//1483 1486//1486 1485//1485
f 1483//1483 1417//1417 1433//1433
f 1487//1487 1486//1486 1433//1433
f 1488//1488 1487//1487 1434//1434
f 1489//1489 1488//1488 1435//1435
f 1490//1490 1042//1042 1037//1037
f 1491//1491 1490//1490 1484//1484
f 1492//1492 1491//1491 1485//1485
f 1493//1493 1492//1492 1486//1486
f 1488//1488 1495//1495 1494//1494
f 1489//1489 1496//1496 1495//1495
f 1489//1489 1436//1436 1442//1442
f 1497//1497 1496//1496 1442//1442
f 1490//1490 1498//1498 1055//1055
f 1499//1499 1498//1498 1490//1490
f 1500//1500 1499//1499 1491//1491
f 1493//1493 1501//1501 1500//1500
f 1493//1493 1487//1487 1494//1494
f 1502//1502 1501//1501 1494//1494
f 1503//1503 1502//1502 1495//1495
f 1504//1504 1060//1060 1055//1055
f 1504//1504 1498//1498 1499//1499
f 1505//1505 1499//1499 1500//1500
f 1507//1507 1506//1506 1500//1500
f 1497//1497 1509//1509 1508//1508
f 1497//1497 1443//1443 1446//1446
f 1510//1510 1509//1509 1446//1446
f 1502//1502 1512//1512 1511//1511
f 1503//1503 1513//1513 1512//1512
f 1503//1503 1496//1496 1508//1508
f 1514//1514 1513//1513 1508//1508
f 1504//1504 1515//1515 1073//1073
f 1505//1505 1516//1516 1515//1515
f 1506//1506 1517//1517 1516//1516
f 1507//1507 1518//1518 1517//1517
f 1507//1507 1501//1501 1511//1511
f 1519//1519 1518//1518 1511//1511
f 1520//1520 1519//1519 1512//1512
f 1078//1078 1073//1073 1515//1515
f 1521//1521 1515//1515 1516//1516
f 1522//1522 1516//1516 1517//1517
f 1524//1524 1523//1523 1517//1517
f 1526//1526 1466//1466 625//625
f 1526//1526 775//775 776//776
f 1468//1468 1466//1466 1526//1526
f 1528//1528 1526//1526 1527//1527
f 1470//1470 1468//1468 1528//1528
f 1531//1531 1530//1530 1528//1528
f 1532//1532 1472//1472 1470//1470
f 1475//1475 1534//1534 1533//1533
f 1475//1475 1472//1472 1532//1532
f 1477//1477 1474//1474 1533//1533
f 1536//1536 1535//1535 1533//1533
f 1479//1479 1538//1538 1537//1537
f 1479//1479 1477//1477 1535//1535
f 1480//1480 1539//1539 1525//1525
f 1480//1480 1478//1478 1537//1537
f 1540//1540 1539//1539 1537//1537
f 1527//1527 776//776 792//792
f 1529//1529 1527//1527 1541//1541
f 1531//1531 1544//1544 1543//1543
f 1531//1531 1529//1529 1542//1542
f 1532//1532 1530//1530 1543//1543
f 1546//1546 1545//1545 1543//1543
f 1534//1534 1532//1532 1545//1545
f 1548//1548 1547//1547 1545//1545
f 1536//1536 1550//1550 1549//1549
f 1536//1536 1534//1534 1547//1547
f 1538//1538 1535//1535 1549//1549
f 1552//1552 1551//1551 1549//1549
f 1540//1540 1554//1554 1553//1553
f 1540//1540 1538//1538 1551//1551
f 1555//1555 1541//1541 792//792
f 1556//1556 1555//1555 805//805
f 1542//1542 1541//1541 1555//1555
f 1558//1558 1557//1557 1555//1555
f 1559//1559 1544//1544 1542//1542
f 1546//1546 1544//1544 1559//1559
f 1548//1548 1562//1562 1561//1561
f 1548//1548 1546//1546 1560//1560
f 1550//1550 1547//1547 1561//1561
f 1564//1564 1563//1563 1561//1561
f 1552//1552 1566//1566 1565//1565
f 1552//1552 1550//1550 1563//1563
f 1554//1554 1568//1568 1567//1567
f 1554//1554 1551//1551 1565//1565
f 1569//1569 1568//1568 1565//1565
f 1556//1556 806//806 820//820
f 1558//1558 1572//1572 1571//1571
f 1558//1558 1556//1556 1570//1570
f 1559//1559 1557//1557 1571//1571
f 1574//1574 1573//1573 1571//1571
f 1560//1560 1559//1559 1573//1573
f 1576//1576 1575//1575 1573//1573
f 1577//1577 1562//1562 1560//1560
f 1564//1564 1579//1579 1578//1578
f 1564//1564 1562//1562 1577//1577
f 1566//1566 1563//1563 1578//1578
f 1581//1581 1580//1580 1578//1578
f 1569//1569 1583//1583 1582//1582
f 1569//1569 1566//1566 1580//1580
f 1570//1570 820//820 833//833
f 1585//1585 1572//1572 1570//1570
f 1574//1574 1572//1572 1585//1585
f 1576//1576 1588//1588 1587//1587
f 1576//1576 1574//1574 1586//1586
f 1577//1577 1575//1575 1587//1587
f 1590//1590 1589//1589 1587//1587
f 1591//1591 1579//1579 1577//1577
f 1581//1581 1593//1593 1592//1592
f 1581//1581 1579//1579 1591//1591
f 1583//1583 1595//1595 1594//1594
f 1583//1583 1580//1580 1592//1592
f 1584//1584 833//833 845//845
f 1597//1597 1585//1585 1584//1584
f 1598//1598 1586//1586 1585//1585
f 1599//1599 1588//1588 1586//1586
f 1590//1590 1601//1601 1600//1600
f 1590//1590 1588//1588 1599//1599
f 1591//1591 1589//1589 1600//1600
f 1604//1604 1603//1603 1592//1592
f 1593//1593 1591//1591 1602//1602
f 1605//1605 1595//1595 1592//1592
f 1596//1596 845//845 856//856
f 1607//1607 1597//1597 1596//1596
f 1608//1608 1598//1598 1597//1597
f 1609//1609 1599//1599 1598//1598
f 1601//1601 1611//1611 1610//1610
f 1601//1601 1599//1599 1609//1609
f 1602//1602 1600//1600 1610//1610
f 1613//1613 1612//1612 1610//1610
f 1604//1604 1615//1615 1614//1614
f 1615//1615 1604//1604 1602//1602
f 1605//1605 1603//1603 1614//1614
f 1617//1617 1616//1616 1614//1614
f 1606//1606 856//856 867//867
f 1619//1619 1607//1607 1606//1606
f 1620//1620 1608//1608 1607//1607
f 1621//1621 1609//1609 1608//1608
f 1622//1622 1611//1611 1609//1609
f 1613//1613 1624//1624 1623//1623
f 1613//1613 1611//1611 1622//1622
f 1625//1625 1615//1615 1612//1612
f 1617//1617 1627//1627 1626//1626
f 1617//1617 1615//1615 1625//1625
f 1510//1510 1629//1629 1628//1628
f 1510//1510 1447//1447 1525//1525
f 1514//1514 1631//1631 1630//1630
f 1514//1514 1509//1509 1628//1628
f 1632//1632 1631//1631 1628//1628
f 1519//1519 1634//1634 1633//1633
f 1520//1520 1635//1635 1634//1634
f 1520//1520 1513//1513 1630//1630
f 1636//1636 1635//1635 1630//1630
f 1521//1521 1637//1637 1248//1248
f 1522//1522 1638//1638 1637//1637
f 1639//1639 1638//1638 1522//1522
f 1524//1524 1640//1640 1639//1639
f 1524//1524 1518//1518 1633//1633
f 1641//1641 1640//1640 1633//1633
f 1251//1251 1248//1248 1637//1637
f 1643//1643 1642//1642 1637//1637
f 1632//1632 1646//1646 1645//1645
f 1632//1632 1629//1629 1644//1644
f 1635//1635 1648//1648 1647//1647
f 1636//1636 1649//1649 1648//1648
f 1636//1636 1631//1631 1645//1645
f 1650//1650 1649//1649 1645//1645
f 1639//1639 1652//1652 1651//1651
f 1640//1640 1653//1653 1652//1652
f 1641//1641 1654//1654 1653//1653
f 1641//1641 1634//1634 1647//1647
f 1655//1655 1654//1654 1647//1647
f 1642//1642 1656//1656 1265//1265
f 1643//1643 1657//1657 1656//1656
f 1643//1643 1638//1638 1651//1651
f 1658//1658 1657//1657 1651//1651
f 1659//1659 1658//1658 1652//1652
f 1649//1649 1662//1662 1661//1661
f 1650//1650 1663//1663 1662//1662
f 1650//1650 1646//1646 1660//1660
f 1654//1654 1665//1665 1664//1664
f 1655//1655 1666//1666 1665//1665
f 1655//1655 1648//1648 1661//1661
f 1667//1667 1666//1666 1661//1661
f 1656//1656 1668//1668 1277//1277
f 1669//1669 1668//1668 1656//1656
f 1658//1658 1670//1670 1669//1669
f 1659//1659 1671//1671 1670//1670
f 1659//1659 1653//1653 1664//1664
f 1672//1672 1671//1671 1664//1664
f 1673//1673 1280//1280 1277//1277
f 1663//1663 1676//1676 1675//1675
f 1663//1663 1660//1660 1674//1674
f 1666//1666 1678//1678 1677//1677
f 1667//1667 1679//1679 1678//1678
f 1667//1667 1662//1662 1675//1675
f 1669//1669 1681//1681 1680//1680
f 1670//1670 1682//1682 1681//1681
f 1683//1683 1682//1682 1670//1670
f 1672//1672 1684//1684 1683//1683
f 1672//1672 1665//1665 1677//1677
f 1685//1685 1684//1684 1677//1677
f 1673//1673 1686//1686 1293//1293
f 1673//1673 1668//1668 1680//1680
f 1687//1687 1686//1686 1680//1680
f 1688//1688 1687//1687 1681//1681
f 1676//1676 1690//1690 1689//1689
f 1679//1679 1692//1692 1691//1691
f 1679//1679 1675//1675 1689//1689
f 1693//1693 1692//1692 1689//1689
f 1683//1683 1695//1695 1694//1694
f 1696//1696 1695//1695 1683//1683
f 1685//1685 1697//1697 1696//1696
f 1685//1685 1678//1678 1691//1691
f 1698//1698 1304//1304 1293//1293
f 1687//1687 1699//1699 1698//1698
f 1688//1688 1700//1700 1699//1699
f 1688//1688 1682//1682 1694//1694
f 1701//1701 1700//1700 1694//1694
f 1692//1692 1704//1704 1703//1703
f 1693//1693 1705//1705 1704//1704
f 1693//1693 1690//1690 1702//1702
f 1696//1696 1707//1707 1706//1706
f 1697//1697 1708//1708 1707//1707
f 1697//1697 1691//1691 1703//1703
f 1709//1709 1708//1708 1703//1703
f 1710//1710 1316//1316 1304//1304
f 1711//1711 1710//1710 1698//1698
f 1712//1712 1711//1711 1699//1699
f 1701//1701 1713//1713 1712//1712
f 1701//1701 1695//1695 1706//1706
f 1705//1705 1716//1716 1715//1715
f 1716//1716 1705//1705 1702//1702
f 1707//1707 1718//1718 1717//1717
f 1719//1719 1718//1718 1707//1707
f 1709//1709 1720//1720 1719//1719
f 1709//1709 1704//1704 1715//1715
f 1721//1721 1326//1326 1316//1316
f 1722//1722 1721//1721 1710//1710
f 1723//1723 1722//1722 1711//1711
f 1713//1713 1724//1724 1723//1723
f 1713//1713 1706//1706 1717//1717
f 1725//1725 1724//1724 1717//1717
f 1716//1716 1728//1728 1727//1727
f 1728//1728 1716//1716 1714//1714
f 1719//1719 1730//1730 1729//1729
f 1720//1720 1731//1731 1730//1730
f 1731//1731 1720//1720 1715//1715
f 1732//1732 1336//1336 1326//1326
f 1733//1733 1732//1732 1721//1721
f 1734//1734 1733//1733 1722//1722
f 1735//1735 1734//1734 1723//1723
f 1725//1725 1736//1736 1735//1735
f 1725//1725 1718//1718 1729//1729
f 1737//1737 1629//1629 1525//1525
f 1737//1737 1738//1738 1644//1644
f 1737//1737 1539//1539 1553//1553
f 1739//1739 1646//1646 1644//1644
f 1738//1738 1553//1553 1567//1567
f 1741//1741 1740//1740 1567//1567
f 1739//1739 1742//1742 1660//1660
f 1739//1739 1738//1738 1740//1740
f 1741//1741 1744//1744 1743//1743
f 1741//1741 1568//1568 1582//1582
f 1742//1742 1745//1745 1674//1674
f 1742//1742 1740//1740 1743//1743
f 1746//1746 1745//1745 1743//1743
f 1747//1747 1676//1676 1674//1674
f 1744//1744 1582//1582 1594//1594
f 1749//1749 1748//1748 1594//1594
f 1746//1746 1751//1751 1750//1750
f 1746//1746 1744//1744 1748//1748
f 1747//1747 1752//1752 1690//1690
f 1747//1747 1745//1745 1750//1750
f 1749//1749 1754//1754 1753//1753
f 1749//1749 1595//1595 1605//1605
f 1751//1751 1756//1756 1755//1755
f 1751//1751 1748//1748 1753//1753
f 1752//1752 1757//1757 1702//1702
f 1757//1757 1752//1752 1750//1750
f 1759//1759 1758//1758 1753//1753
f 1759//1759 1754//1754 1605//1605
f 1761//1761 1760//1760 1755//1755
f 1756//1756 1753//1753 1758//1758
f 1757//1757 1762//1762 1714//1714
f 1762//1762 1757//1757 1755//1755
f 1759//1759 1764//1764 1763//1763
f 1759//1759 1616//1616 1626//1626
f 1766//1766 1765//1765 1760//1760
f 1761//1761 1758//1758 1763//1763
f 1762//1762 1767//1767 1726//1726
f 1767//1767 1762//1762 1760//1760
f 1769//1769 233//233 232//232
f 1771//1771 235//235 234//234
f 235//235 1771//1771 1768//1768
f 237//237 236//236 1772//1772
f 1773//1773 1770//1770 234//234
f 1769//1769 1768//1768 1774//1774
f 1771//1771 1770//1770 1776//1776
f 1771//1771 1777//1777 1774//1774
f 1778//1778 1775//1775 1774//1774
f 1773//1773 1772//1772 1779//1779
f 1773//1773 1780//1780 1776//1776
f 1781//1781 1777//1777 1776//1776
f 1778//1778 1777//1777 1783//1783
f 1778//1778 1784//1784 1782//1782
f 1781//1781 1780//1780 1785//1785
f 1781//1781 1786//1786 1783//1783
f 1784//1784 1783//1783 1788//1788
f 1784//1784 1789//1789 1787//1787
f 1791//1791 1786//1786 1785//1785
f 1791//1791 1788//1788 1783//1783
f 1789//1789 1788//1788 1792//1792
f 1791//1791 1790//1790 1794//1794
f 1791//1791 1795//1795 1792//1792
f 1796//1796 1793//1793 1792//1792
f 1796//1796 1795//1795 1798//1798
f 1796//1796 1799//1799 1797//1797
f 334//334 333//333 1801//1801
f 335//335 334//334 1802//1802
f 337//337 336//336 1804//1804
f 1806//1806 338//338 337//337
f 339//339 338//338 1806//1806
f 339//339 1807//1807 1801//1801
f 1808//1808 1802//1802 1801//1801
f 341//341 340//340 1809//1809
f 342//342 341//341 1810//1810
f 1811//1811 1804//1804 336//336
f 1812//1812 343//343 233//233
f 1812//1812 1809//1809 340//340
f 1803//1803 1802//1802 1813//1813
f 1805//1805 1804//1804 1815//1815
f 1817//1817 1806//1806 1805//1805
f 1818//1818 1807//1807 1806//1806
f 1808//1808 1807//1807 1818//1818
f 1808//1808 1819//1819 1813//1813
f 1820//1820 1814//1814 1813//1813
f 1810//1810 1809//1809 1821//1821
f 1811//1811 1810//1810 1822//1822
f 1823//1823 1815//1815 1804//1804
f 1824//1824 1812//1812 1769//1769
f 1824//1824 1821//1821 1809//1809
f 1816//1816 1815//1815 1825//1825
f 1827//1827 1817//1817 1816//1816
f 1828//1828 1818//1818 1817//1817
f 1829//1829 1819//1819 1818//1818
f 1820//1820 1819//1819 1829//1829
f 1822//1822 1821//1821 1831//1831
f 1833//1833 1823//1823 1822//1822
f 1823//1823 1833//1833 1825//1825
f 1834//1834 1826//1826 1825//1825
f 1824//1824 1775//1775 1782//1782
f 1824//1824 1835//1835 1831//1831
f 1836//1836 1832//1832 1831//1831
f 1827//1827 1826//1826 1837//1837
f 1839//1839 1828//1828 1827//1827
f 1840//1840 1829//1829 1828//1828
f 1841//1841 1830//1830 1829//1829
f 1833//1833 1832//1832 1842//1842
f 1834//1834 1833//1833 1843//1843
f 1834//1834 1844//1844 1837//1837
f 1845//1845 1838//1838 1837//1837
f 1835//1835 1782//1782 1787//1787
f 1836//1836 1835//1835 1846//1846
f 1836//1836 1847//1847 1842//1842
f 1848//1848 1846//1846 1787//1787
f 1839//1839 1838//1838 1849//1849
f 1840//1840 1839//1839 1850//1850
f 1841//1841 1840//1840 1851//1851
f 1843//1843 1842//1842 1853//1853
f 1855//1855 1844//1844 1843//1843
f 1845//1845 1844//1844 1855//1855
f 1845//1845 1856//1856 1849//1849
f 1857//1857 1850//1850 1849//1849
f 1857//1857 1858//1858 1851//1851
f 1858//1858 1859//1859 1852//1852
f 1847//1847 1846//1846 1860//1860
f 1847//1847 1861//1861 1853//1853
f 1862//1862 1854//1854 1853//1853
f 1848//1848 1789//1789 1793//1793
f 1848//1848 1863//1863 1860//1860
f 1855//1855 1854//1854 1864//1864
f 1866//1866 1856//1856 1855//1855
f 1857//1857 1856//1856 1866//1866
f 1858//1858 1857//1857 1867//1867
f 1859//1859 1858//1858 1868//1868
f 1861//1861 1860//1860 1870//1870
f 1862//1862 1861//1861 1871//1871
f 1862//1862 1872//1872 1864//1864
f 1873//1873 1865//1865 1864//1864
f 1874//1874 1866//1866 1865//1865
f 1863//1863 1793//1793 1797//1797
f 1863//1863 1875//1875 1870//1870
f 1876//1876 1871//1871 1870//1870
f 1877//1877 1875//1875 1797//1797
f 1867//1867 1866//1866 1878//1878
f 1868//1868 1867//1867 1879//1879
f 1869//1869 1868//1868 1880//1880
f 1872//1872 1871//1871 1882//1882
f 1873//1873 1872//1872 1883//1883
f 1874//1874 1873//1873 1884//1884
f 1874//1874 1885//1885 1878//1878
f 1886//1886 1879//1879 1878//1878
f 1886//1886 1887//1887 1880//1880
f 1887//1887 1888//1888 1881//1881
f 1876//1876 1875//1875 1889//1889
f 1876//1876 1890//1890 1882//1882
f 1891//1891 1883//1883 1882//1882
f 1892//1892 1884//1884 1883//1883
f 1877//1877 1799//1799 1800//1800
f 1877//1877 1893//1893 1889//1889
f 1894//1894 1890//1890 1889//1889
f 1885//1885 1884//1884 1895//1895
f 1886//1886 1885//1885 1896//1896
f 1887//1887 1886//1886 1897//1897
f 1888//1888 1887//1887 1898//1898
f 1891//1891 1890//1890 1900//1900
f 1892//1892 1891//1891 1901//1901
f 1892//1892 1902//1902 1895//1895
f 1903//1903 1896//1896 1895//1895
f 1903//1903 1904//1904 1897//1897
f 1905//1905 1898//1898 1897//1897
f 1894//1894 1893//1893 1907//1907
f 1894//1894 1908//1908 1900//1900
f 1909//1909 1901//1901 1900//1900
f 1910//1910 1772//1772 236//236
f 1912//1912 442//442 441//441
f 442//442 1912//1912 1910//1910
f 1913//1913 1911//1911 441//441
f 1915//1915 445//445 444//444
f 445//445 1915//1915 1913//1913
f 446//446 1916//1916 1914//1914
f 1917//1917 1916//1916 446//446
f 1918//1918 1917//1917 447//447
f 1920//1920 450//450 449//449
f 450//450 1920//1920 1918//1918
f 1910//1910 1921//1921 1779//1779
f 1922//1922 1780//1780 1779//1779
f 1924//1924 1912//1912 1911//1911
f 1924//1924 1921//1921 1910//1910
f 1913//1913 1925//1925 1923//1923
f 1927//1927 1915//1915 1914//1914
f 1915//1915 1927//1927 1925//1925
f 1916//1916 1928//1928 1926//1926
f 1929//1929 1928//1928 1916//1916
f 1930//1930 1929//1929 1917//1917
f 1920//1920 1919//1919 1931//1931
f 1920//1920 1932//1932 1930//1930
f 1922//1922 1921//1921 1933//1933
f 1922//1922 1934//1934 1785//1785
f 1924//1924 1923//1923 1935//1935
f 1924//1924 1936//1936 1933//1933
f 1925//1925 1937//1937 1935//1935
f 1938//1938 1936//1936 1935//1935
f 1927//1927 1926//1926 1939//1939
f 1940//1940 1937//1937 1925//1925
f 1928//1928 1941//1941 1939//1939
f 1942//1942 1940//1940 1939//1939
f 1943//1943 1941//1941 1928//1928
f 1944//1944 1943//1943 1929//1929
f 1945//1945 1944//1944 1930//1930
f 1934//1934 1933//1933 1946//1946
f 1934//1934 1947//1947 1790//1790
f 1936//1936 1948//1948 1946//1946
f 1949//1949 1947//1947 1946//1946
f 1938//1938 1937//1937 1950//1950
f 1938//1938 1951//1951 1948//1948
f 1952//1952 1950//1950 1937//1937
f 1942//1942 1941//1941 1953//1953
f 1942//1942 1954//1954 1952//1952
f 1943//1943 1955//1955 1953//1953
f 1956//1956 1954//1954 1953//1953
f 1944//1944 1957//1957 1955//1955
f 1958//1958 1956//1956 1955//1955
f 1959//1959 1957//1957 1944//1944
f 1947//1947 1960//1960 1794//1794
f 1961//1961 1795//1795 1794//1794
f 1949//1949 1948//1948 1962//1962
f 1949//1949 1963//1963 1960//1960
f 1951//1951 1950//1950 1964//1964
f 1951//1951 1965//1965 1962//1962
f 1952//1952 1966//1966 1964//1964
f 1967//1967 1965//1965 1964//1964
f 1968//1968 1966//1966 1952//1952
f 1956//1956 1969//1969 1968//1968
f 1958//1958 1957//1957 1970//1970
f 1958//1958 1971//1971 1969//1969
f 1959//1959 1972//1972 1970//1970
f 1973//1973 1971//1971 1970//1970
f 1961//1961 1960//1960 1974//1974
f 1961//1961 1975//1975 1798//1798
f 1976//1976 1799//1799 1798//1798
f 1963//1963 1962//1962 1977//1977
f 1963//1963 1978//1978 1974//1974
f 1979//1979 1975//1975 1974//1974
f 1965//1965 1980//1980 1977//1977
f 1981//1981 1978//1978 1977//1977
f 1967//1967 1966//1966 1982//1982
f 1967//1967 1983//1983 1980//1980
f 1968//1968 1984//1984 1982//1982
f 1985//1985 1983//1983 1982//1982
f 1969//1969 1986//1986 1984//1984
f 1987//1987 1985//1985 1984//1984
f 1988//1988 1986//1986 1969//1969
f 1973//1973 1989//1989 1988//1988
f 1976//1976 1975//1975 1990//1990
f 1976//1976 1991//1991 1800//1800
f 1979//1979 1978//1978 1992//1992
f 1979//1979 1993//1993 1990//1990
f 1994//1994 1991//1991 1990//1990
f 1981//1981 1980//1980 1995//1995
f 1981//1981 1996//1996 1992//1992
f 1997//1997 1993//1993 1992//1992
f 1983//1983 1998//1998 1995//1995
f 1999//1999 1996//1996 1995//1995
f 1985//1985 2000//2000 1998//1998
f 2001//2001 1999//1999 1998//1998
f 1987//1987 1986//1986 2002//2002
f 1987//1987 2003//2003 2000//2000
f 1988//1988 2004//2004 2002//2002
f 2005//2005 2003//2003 2002//2002
f 2006//2006 2004//2004 1988//1988
f 2006//2006 2007//2007 2005//2005
f 1994//1994 1993//1993 2009//2009
f 1994//1994 2010//2010 2008//2008
f 1997//1997 1996//1996 2011//2011
f 1997//1997 2012//2012 2009//2009
f 2013//2013 2010//2010 2009//2009
f 1999//1999 2014//2014 2011//2011
f 2015//2015 2012//2012 2011//2011
f 2001//2001 2000//2000 2016//2016
f 2001//2001 2017//2017 2014//2014
f 2003//2003 2018//2018 2016//2016
f 2019//2019 2017//2017 2016//2016
f 2005//2005 2020//2020 2018//2018
f 2020//2020 2021//2021 2019//2019
f 2007//2007 2022//2022 2020//2020
f 2022//2022 2023//2023 2021//2021
f 2024//2024 1893//1893 1800//1800
f 2024//2024 1991//1991 2008//2008
f 2024//2024 2025//2025 1907//1907
f 2026//2026 1908//1908 1907//1907
f 2027//2027 2025//2025 2008//2008
f 2029//2029 1899//1899 1898//1898
f 1902//1902 1901//1901 2030//2030
f 1903//1903 1902//1902 2031//2031
f 1904//1904 1903//1903 2032//2032
f 1905//1905 1904//1904 2033//2033
f 1905//1905 2034//2034 2028//2028
f 2035//2035 2029//2029 2028//2028
f 1906//1906 1899//1899 2029//2029
f 1909//1909 1908//1908 2036//2036
f 1909//1909 2037//2037 2030//2030
f 2038//2038 2031//2031 2030//2030
f 2038//2038 2039//2039 2032//2032
f 2040//2040 2033//2033 2032//2032
f 2034//2034 2033//2033 2041//2041
f 2043//2043 2035//2035 2034//2034
f 2038//2038 2037//2037 2044//2044
f 2039//2039 2038//2038 2045//2045
f 2040//2040 2039//2039 2046//2046
f 2040//2040 2047//2047 2041//2041
f 2048//2048 2042//2042 2041//2041
f 2048//2048 2049//2049 2043//2043
f 2013//2013 2012//2012 2051//2051
f 2013//2013 2052//2052 2050//2050
f 2015//2015 2014//2014 2053//2053
f 2015//2015 2054//2054 2051//2051
f 2055//2055 2052//2052 2051//2051
f 2017//2017 2056//2056 2053//2053
f 2057//2057 2054//2054 2053//2053
f 2019//2019 2058//2058 2056//2056
f 2058//2058 2059//2059 2057//2057
f 2021//2021 2060//2060 2058//2058
f 2060//2060 2061//2061 2059//2059
f 2023//2023 2062//2062 2060//2060
f 2063//2063 2061//2061 2060//2060
f 2055//2055 2054//2054 2065//2065
f 2055//2055 2066//2066 2064//2064
f 2057//2057 2067//2067 2065//2065
f 2068//2068 2066//2066 2065//2065
f 2069//2069 2067//2067 2057//2057
f 2070//2070 2068//2068 2067//2067
f 2071//2071 2069//2069 2059//2059
f 2072//2072 2070//2070 2069//2069
f 2063//2063 2062//2062 2073//2073
f 2063//2063 2074//2074 2071//2071
f 2075//2075 2072//2072 2071//2071
f 2070//2070 2077//2077 2076//2076
f 2078//2078 2077//2077 2070//2070
f 2079//2079 2078//2078 2072//2072
f 2026//2026 2025//2025 2080//2080
f 2026//2026 2081//2081 2036//2036
f 2082//2082 2037//2037 2036//2036
f 2027//2027 2010//2010 2050//2050
f 2027//2027 2083//2083 2080//2080
f 2084//2084 2081//2081 2080//2080
f 2085//2085 2083//2083 2050//2050
f 2082//2082 2081//2081 2086//2086
f 2082//2082 2087//2087 2044//2044
f 2088//2088 2045//2045 2044//2044
f 2089//2089 2046//2046 2045//2045
f 2090//2090 2047//2047 2046//2046
f 2090//2090 2091//2091 2048//2048
f 2091//2091 2092//2092 2049//2049
f 2084//2084 2083//2083 2093//2093
f 2084//2084 2094//2094 2086//2086
f 2095//2095 2087//2087 2086//2086
f 2096//2096 2088//2088 2087//2087
f 2085//2085 2052//2052 2064//2064
f 2085//2085 2097//2097 2093//2093
f 2098//2098 2094//2094 2093//2093
f 2099//2099 2097//2097 2064//2064
f 2100//2100 2098//2098 2097//2097
f 2101//2101 2099//2099 2066//2066
f 2089//2089 2088//2088 2102//2102
f 2104//2104 2090//2090 2089//2089
f 2105//2105 2091//2091 2090//2090
f 2106//2106 2092//2092 2091//2091
f 2095//2095 2094//2094 2107//2107
f 2096//2096 2095//2095 2108//2108
f 2096//2096 2109//2109 2102//2102
f 2110//2110 2103//2103 2102//2102
f 2111//2111 2104//2104 2103//2103
f 2112//2112 2105//2105 2104//2104
f 2113//2113 2106//2106 2105//2105
f 2098//2098 2114//2114 2107//2107
f 2115//2115 2108//2108 2107//2107
f 2116//2116 2109//2109 2108//2108
f 2117//2117 2110//2110 2109//2109
f 2100//2100 2099//2099 2118//2118
f 2100//2100 2119//2119 2114//2114
f 2120//2120 2115//2115 2114//2114
f 2121//2121 2116//2116 2115//2115
f 2101//2101 2068//2068 2076//2076
f 2101//2101 2122//2122 2118//2118
f 2123//2123 2119//2119 2118//2118
f 2124//2124 2120//2120 2119//2119
f 2125//2125 2122//2122 2076//2076
f 2126//2126 2123//2123 2122//2122
f 2127//2127 2125//2125 2077//2077
f 2128//2128 2127//2127 2078//2078
f 2111//2111 2110//2110 2129//2129
f 2131//2131 2112//2112 2111//2111
f 2132//2132 2113//2113 2112//2112
f 2117//2117 2116//2116 2133//2133
f 2117//2117 2134//2134 2129//2129
f 2135//2135 2130//2130 2129//2129
f 2136//2136 2131//2131 2130//2130
f 2137//2137 2132//2132 2131//2131
f 2121//2121 2120//2120 2138//2138
f 2121//2121 2139//2139 2133//2133
f 2140//2140 2134//2134 2133//2133
f 2140//2140 2141//2141 2135//2135
f 2142//2142 2136//2136 2135//2135
f 2143//2143 2137//2137 2136//2136
f 2124//2124 2123//2123 2144//2144
f 2124//2124 2145//2145 2138//2138
f 2146//2146 2139//2139 2138//2138
f 2146//2146 2147//2147 2140//2140
f 2148//2148 2141//2141 2140//2140
f 2126//2126 2125//2125 2149//2149
f 2126//2126 2150//2150 2144//2144
f 2151//2151 2145//2145 2144//2144
f 2151//2151 2152//2152 2146//2146
f 2127//2127 2153//2153 2149//2149
f 2154//2154 2150//2150 2149//2149
f 2154//2154 2155//2155 2151//2151
f 2156//2156 2152//2152 2151//2151
f 2157//2157 2153//2153 2127//2127
f 2158//2158 2154//2154 2153//2153
f 2159//2159 2155//2155 2154//2154
f 2142//2142 2141//2141 2160//2160
f 2162//2162 2143//2143 2142//2142
f 2147//2147 2146//2146 2163//2163
f 2148//2148 2147//2147 2164//2164
f 2148//2148 2165//2165 2160//2160
f 2166//2166 2161//2161 2160//2160
f 2167//2167 2162//2162 2161//2161
f 2152//2152 2168//2168 2163//2163
f 2169//2169 2164//2164 2163//2163
f 2170//2170 2165//2165 2164//2164
f 2170//2170 2171//2171 2166//2166
f 2171//2171 2172//2172 2167//2167
f 2156//2156 2155//2155 2173//2173
f 2156//2156 2174//2174 2168//2168
f 2175//2175 2169//2169 2168//2168
f 2175//2175 2176//2176 2170//2170
f 2176//2176 2177//2177 2171//2171
f 2177//2177 2178//2178 2172//2172
f 2159//2159 2179//2179 2173//2173
f 2180//2180 2174//2174 2173//2173
f 2180//2180 2181//2181 2175//2175
f 2181//2181 2182//2182 2176//2176
f 2182//2182 2183//2183 2177//2177
f 2183//2183 2184//2184 2178//2178
f 2185//2185 723//723 335//335
f 2186//2186 724//724 723//723
f 2187//2187 2188//2188 2186//2186
f 725//725 724//724 2186//2186
f 2189//2189 726//726 725//725
f 727//727 726//726 2189//2189
f 2191//2191 728//728 727//727
f 2192//2192 729//729 728//728
f 2193//2193 730//730 729//729
f 2194//2194 731//731 730//730
f 2195//2195 732//732 731//731
f 2196//2196 733//733 732//732
f 734//734 733//733 2196//2196
f 2198//2198 2185//2185 1803//1803
f 1820//1820 2199//2199 2198//2198
f 2187//2187 2185//2185 2198//2198
f 2200//2200 2188//2188 2187//2187
f 2189//2189 2188//2188 2200//2200
f 2190//2190 2189//2189 2201//2201
f 2203//2203 2191//2191 2190//2190
f 2204//2204 2192//2192 2191//2191
f 2205//2205 2193//2193 2192//2192
f 2194//2194 2193//2193 2205//2205
f 2207//2207 2195//2195 2194//2194
f 2208//2208 2196//2196 2195//2195
f 2209//2209 2197//2197 2196//2196
f 2210//2210 2199//2199 1820//1820
f 2200//2200 2199//2199 2210//2210
f 2201//2201 2200//2200 2211//2211
f 2202//2202 2201//2201 2212//2212
f 2214//2214 2203//2203 2202//2202
f 2215//2215 2216//2216 2214//2214
f 2204//2204 2203//2203 2214//2214
f 2205//2205 2204//2204 2216//2216
f 2218//2218 2206//2206 2205//2205
f 2219//2219 2220//2220 2218//2218
f 2207//2207 2206//2206 2218//2218
f 2221//2221 2208//2208 2207//2207
f 2222//2222 2209//2209 2208//2208
f 2210//2210 1830//1830 1841//1841
f 2211//2211 2210//2210 2223//2223
f 2212//2212 2211//2211 2224//2224
f 2226//2226 2213//2213 2212//2212
f 2227//2227 2228//2228 2226//2226
f 2215//2215 2213//2213 2226//2226
f 2229//2229 2216//2216 2215//2215
f 2230//2230 2217//2217 2216//2216
f 2231//2231 2232//2232 2230//2230
f 2219//2219 2217//2217 2230//2230
f 2233//2233 2220//2220 2219//2219
f 2234//2234 2221//2221 2220//2220
f 2235//2235 2236//2236 2234//2234
f 2222//2222 2221//2221 2234//2234
f 2237//2237 2223//2223 1841//1841
f 2238//2238 2224//2224 2223//2223
f 2239//2239 2225//2225 2224//2224
f 2240//2240 2237//2237 1852//1852
f 2241//2241 2238//2238 2237//2237
f 2241//2241 2242//2242 2239//2239
f 2227//2227 2225//2225 2239//2239
f 2243//2243 2228//2228 2227//2227
f 2229//2229 2228//2228 2243//2243
f 2231//2231 2229//2229 2244//2244
f 2246//2246 2232//2232 2231//2231
f 2247//2247 2233//2233 2232//2232
f 2235//2235 2233//2233 2247//2247
f 2249//2249 2236//2236 2235//2235
f 2251//2251 2240//2240 1859//1859
f 2252//2252 2241//2241 2240//2240
f 2253//2253 2242//2242 2241//2241
f 2243//2243 2242//2242 2253//2253
f 2255//2255 2244//2244 2243//2243
f 2256//2256 2257//2257 2254//2254
f 2257//2257 2258//2258 2255//2255
f 2245//2245 2244//2244 2255//2255
f 2259//2259 2246//2246 2245//2245
f 2260//2260 2247//2247 2246//2246
f 2261//2261 2262//2262 2259//2259
f 2262//2262 2263//2263 2260//2260
f 2248//2248 2247//2247 2260//2260
f 2264//2264 2249//2249 2248//2248
f 2265//2265 2266//2266 2264//2264
f 2250//2250 2249//2249 2264//2264
f 2267//2267 2251//2251 1869//1869
f 2268//2268 2252//2252 2251//2251
f 2269//2269 2253//2253 2252//2252
f 2270//2270 2267//2267 1881//1881
f 2271//2271 2268//2268 2267//2267
f 2271//2271 2272//2272 2269//2269
f 2256//2256 2253//2253 2269//2269
f 2273//2273 2257//2257 2256//2256
f 2274//2274 2258//2258 2257//2257
f 2275//2275 2276//2276 2274//2274
f 2261//2261 2258//2258 2274//2274
f 2277//2277 2262//2262 2261//2261
f 2278//2278 2263//2263 2262//2262
f 2279//2279 2280//2280 2278//2278
f 2265//2265 2263//2263 2278//2278
f 2281//2281 2266//2266 2265//2265
f 2282//2282 2270//2270 1888//1888
f 2283//2283 2271//2271 2270//2270
f 2284//2284 2272//2272 2271//2271
f 2285//2285 2273//2273 2272//2272
f 1906//1906 2286//2286 2282//2282
f 2287//2287 2283//2283 2282//2282
f 2288//2288 2284//2284 2283//2283
f 2288//2288 2289//2289 2285//2285
f 2275//2275 2273//2273 2285//2285
f 2290//2290 2276//2276 2275//2275
f 2291//2291 2277//2277 2276//2276
f 2292//2292 2293//2293 2290//2290
f 2293//2293 2294//2294 2291//2291
f 2279//2279 2277//2277 2291//2291
f 2295//2295 2280//2280 2279//2279
f 2296//2296 755//755 734//734
f 756//756 755//755 2296//2296
f 2298//2298 757//757 756//756
f 2296//2296 2197//2197 2209//2209
f 2300//2300 2297//2297 2296//2296
f 2301//2301 2302//2302 2300//2300
f 2298//2298 2297//2297 2300//2300
f 2303//2303 2299//2299 2209//2209
f 2301//2301 2299//2299 2303//2303
f 2305//2305 2302//2302 2301//2301
f 2306//2306 2303//2303 2222//2222
f 2304//2304 2303//2303 2306//2306
f 2308//2308 2305//2305 2304//2304
f 2309//2309 2306//2306 2236//2236
f 2250//2250 2310//2310 2309//2309
f 2307//2307 2306//2306 2309//2309
f 2311//2311 2310//2310 2250//2250
f 2313//2313 2314//2314 2281//2281
f 2312//2312 2266//2266 2281//2281
f 2316//2316 2317//2317 2295//2295
f 2313//2313 2280//2280 2295//2295
f 2318//2318 2314//2314 2313//2313
f 2319//2319 2320//2320 2318//2318
f 2315//2315 2314//2314 2318//2318
f 857//857 757//757 2298//2298
f 2323//2323 858//858 857//857
f 859//859 858//858 2323//2323
f 860//860 859//859 2324//2324
f 2326//2326 861//861 860//860
f 2327//2327 862//862 861//861
f 863//863 862//862 2327//2327
f 864//864 863//863 2328//2328
f 2330//2330 865//865 864//864
f 2331//2331 866//866 865//865
f 2332//2332 867//867 866//866
f 2333//2333 2322//2322 2298//2298
f 2323//2323 2322//2322 2333//2333
f 2324//2324 2323//2323 2334//2334
f 2336//2336 2325//2325 2324//2324
f 2337//2337 2338//2338 2336//2336
f 2326//2326 2325//2325 2336//2336
f 2339//2339 2327//2327 2326//2326
f 2340//2340 2328//2328 2327//2327
f 2341//2341 2342//2342 2340//2340
f 2329//2329 2328//2328 2340//2340
f 2343//2343 2330//2330 2329//2329
f 2344//2344 2331//2331 2330//2330
f 2345//2345 2332//2332 2331//2331
f 2333//2333 2302//2302 2305//2305
f 2334//2334 2333//2333 2346//2346
f 2348//2348 2335//2335 2334//2334
f 2337//2337 2335//2335 2348//2348
f 2350//2350 2338//2338 2337//2337
f 2351//2351 2339//2339 2338//2338
f 2341//2341 2339//2339 2351//2351
f 2353//2353 2342//2342 2341//2341
f 2354//2354 2355//2355 2353//2353
f 2343//2343 2342//2342 2353//2353
f 2356//2356 2344//2344 2343//2343
f 2357//2357 2345//2345 2344//2344
f 2358//2358 2359//2359 2308//2308
f 2346//2346 2305//2305 2308//2308
f 2360//2360 2347//2347 2346//2346
f 2361//2361 2362//2362 2360//2360
f 2348//2348 2347//2347 2360//2360
f 2349//2349 2348//2348 2362//2362
f 2364//2364 2350//2350 2349//2349
f 2365//2365 2366//2366 2364//2364
f 2351//2351 2350//2350 2364//2364
f 2367//2367 2352//2352 2351//2351
f 2354//2354 2352//2352 2367//2367
f 2369//2369 2355//2355 2354//2354
f 2370//2370 2371//2371 2369//2369
f 2356//2356 2355//2355 2369//2369
f 2372//2372 2373//2373 2371//2371
f 2357//2357 2356//2356 2371//2371
f 2358//2358 2307//2307 2310//2310
f 2375//2375 2359//2359 2358//2358
f 2361//2361 2359//2359 2375//2375
f 2377//2377 2362//2362 2361//2361
f 2378//2378 2379//2379 2377//2377
f 2363//2363 2362//2362 2377//2377
f 2365//2365 2363//2363 2379//2379
f 2381//2381 2366//2366 2365//2365
f 2382//2382 2383//2383 2381//2381
f 2367//2367 2366//2366 2381//2381
f 2384//2384 2368//2368 2367//2367
f 2370//2370 2368//2368 2384//2384
f 2372//2372 2370//2370 2385//2385
f 2387//2387 2373//2373 2372//2372
f 2312//2312 2388//2388 2311//2311
f 2374//2374 2310//2310 2311//2311
f 2389//2389 2375//2375 2374//2374
f 2390//2390 2391//2391 2389//2389
f 2376//2376 2375//2375 2389//2389
f 2378//2378 2376//2376 2391//2391
f 2393//2393 2379//2379 2378//2378
f 2394//2394 2395//2395 2393//2393
f 2380//2380 2379//2379 2393//2393
f 2382//2382 2380//2380 2395//2395
f 2397//2397 2383//2383 2382//2382
f 2398//2398 2399//2399 2397//2397
f 2384//2384 2383//2383 2397//2397
f 2400//2400 2401//2401 2399//2399
f 2385//2385 2384//2384 2399//2399
f 2402//2402 2386//2386 2385//2385
f 2403//2403 2388//2388 2312//2312
f 2315//2315 2404//2404 2403//2403
f 2390//2390 2388//2388 2403//2403
f 2405//2405 2391//2391 2390//2390
f 2406//2406 2407//2407 2405//2405
f 2392//2392 2391//2391 2405//2405
f 2394//2394 2392//2392 2407//2407
f 2409//2409 2395//2395 2394//2394
f 2410//2410 2411//2411 2409//2409
f 2396//2396 2395//2395 2409//2409
f 2412//2412 2413//2413 2411//2411
f 2398//2398 2396//2396 2411//2411
f 2400//2400 2398//2398 2413//2413
f 2415//2415 2401//2401 2400//2400
f 2416//2416 2417//2417 2415//2415
f 2402//2402 2401//2401 2415//2415
f 2418//2418 2404//2404 2315//2315
f 2321//2321 2419//2419 2418//2418
f 2406//2406 2404//2404 2418//2418
f 2420//2420 2407//2407 2406//2406
f 2421//2421 2422//2422 2420//2420
f 2408//2408 2407//2407 2420//2420
f 2423//2423 2424//2424 2422//2422
f 2410//2410 2408//2408 2422//2422
f 2412//2412 2410//2410 2424//2424
f 2426//2426 2413//2413 2412//2412
f 2427//2427 2428//2428 2426//2426
f 2414//2414 2413//2413 2426//2426
f 2430//2430 2428//2428 2427//2427
f 2416//2416 2414//2414 2428//2428
f 2431//2431 2286//2286 1906//1906
f 2287//2287 2286//2286 2431//2431
f 2433//2433 2288//2288 2287//2287
f 2434//2434 2289//2289 2288//2288
f 2435//2435 2436//2436 2433//2433
f 2436//2436 2437//2437 2434//2434
f 2292//2292 2289//2289 2434//2434
f 2438//2438 2293//2293 2292//2292
f 2439//2439 2294//2294 2293//2293
f 2431//2431 2035//2035 2043//2043
f 2441//2441 2432//2432 2431//2431
f 2442//2442 2440//2440 2043//2043
f 2442//2442 2443//2443 2441//2441
f 2435//2435 2432//2432 2441//2441
f 2444//2444 2436//2436 2435//2435
f 2445//2445 2437//2437 2436//2436
f 2446//2446 2447//2447 2438//2438
f 2447//2447 2448//2448 2439//2439
f 2316//2316 2294//2294 2439//2439
f 2449//2449 2317//2317 2316//2316
f 2450//2450 2451//2451 2449//2449
f 2319//2319 2317//2317 2449//2449
f 2452//2452 2320//2320 2319//2319
f 2453//2453 2454//2454 2452//2452
f 2321//2321 2320//2320 2452//2452
f 2457//2457 2442//2442 2049//2049
f 2458//2458 2443//2443 2442//2442
f 2458//2458 2459//2459 2444//2444
f 2459//2459 2460//2460 2445//2445
f 2446//2446 2437//2437 2445//2445
f 2461//2461 2447//2447 2446//2446
f 2462//2462 2448//2448 2447//2447
f 2463//2463 2464//2464 2461//2461
f 2464//2464 2465//2465 2462//2462
f 2450//2450 2448//2448 2462//2462
f 2466//2466 2451//2451 2450//2450
f 2467//2467 2468//2468 2465//2465
f 2468//2468 2469//2469 2466//2466
f 2453//2453 2451//2451 2466//2466
f 2470//2470 2454//2454 2453//2453
f 2471//2471 2472//2472 2469//2469
f 2472//2472 2473//2473 2470//2470
f 2455//2455 2454//2454 2470//2470
f 2474//2474 2475//2475 2473//2473
f 2456//2456 2455//2455 2473//2473
f 2476//2476 2477//2477 2475//2475
f 2457//2457 2092//2092 2106//2106
f 2458//2458 2457//2457 2480//2480
f 2459//2459 2458//2458 2481//2481
f 2483//2483 2460//2460 2459//2459
f 2113//2113 2484//2484 2480//2480
f 2484//2484 2485//2485 2481//2481
f 2485//2485 2486//2486 2482//2482
f 2486//2486 2487//2487 2483//2483
f 2463//2463 2460//2460 2483//2483
f 2488//2488 2464//2464 2463//2463
f 2489//2489 2490//2490 2487//2487
f 2490//2490 2491//2491 2488//2488
f 2467//2467 2464//2464 2488//2488
f 2492//2492 2468//2468 2467//2467
f 2493//2493 2494//2494 2491//2491
f 2494//2494 2495//2495 2492//2492
f 2471//2471 2468//2468 2492//2492
f 2496//2496 2472//2472 2471//2471
f 2497//2497 2498//2498 2495//2495
f 2498//2498 2499//2499 2496//2496
f 2474//2474 2472//2472 2496//2496
f 2500//2500 2501//2501 2499//2499
f 2476//2476 2474//2474 2499//2499
f 2502//2502 2477//2477 2476//2476
f 2503//2503 2504//2504 2501//2501
f 2504//2504 2505//2505 2502//2502
f 2478//2478 2477//2477 2502//2502
f 2506//2506 2507//2507 2505//2505
f 2507//2507 2479//2479 2478//2478
f 2484//2484 2113//2113 2132//2132
f 2485//2485 2484//2484 2508//2508
f 2510//2510 2486//2486 2485//2485
f 2137//2137 2511//2511 2508//2508
f 2511//2511 2512//2512 2509//2509
f 2512//2512 2513//2513 2510//2510
f 2489//2489 2486//2486 2510//2510
f 2514//2514 2490//2490 2489//2489
f 2515//2515 2511//2511 2137//2137
f 2515//2515 2516//2516 2512//2512
f 2517//2517 2513//2513 2512//2512
f 2517//2517 2518//2518 2514//2514
f 2493//2493 2490//2490 2514//2514
f 2519//2519 2494//2494 2493//2493
f 2520//2520 2521//2521 2517//2517
f 2522//2522 2518//2518 2517//2517
f 2522//2522 2523//2523 2519//2519
f 2497//2497 2494//2494 2519//2519
f 2524//2524 2498//2498 2497//2497
f 2525//2525 2526//2526 2522//2522
f 2527//2527 2523//2523 2522//2522
f 2527//2527 2528//2528 2524//2524
f 2500//2500 2498//2498 2524//2524
f 2529//2529 2530//2530 2527//2527
f 2530//2530 2531//2531 2528//2528
f 2503//2503 2500//2500 2528//2528
f 2532//2532 2504//2504 2503//2503
f 2533//2533 2534//2534 2530//2530
f 2535//2535 2531//2531 2530//2530
f 2535//2535 2536//2536 2532//2532
f 2506//2506 2504//2504 2532//2532
f 2515//2515 2143//2143 2162//2162
f 2538//2538 2516//2516 2515//2515
f 2167//2167 2539//2539 2537//2537
f 2539//2539 2540//2540 2538//2538
f 2520//2520 2516//2516 2538//2538
f 2541//2541 2521//2521 2520//2520
f 2542//2542 2539//2539 2167//2167
f 2543//2543 2540//2540 2539//2539
f 2543//2543 2544//2544 2541//2541
f 2525//2525 2521//2521 2541//2541
f 2545//2545 2526//2526 2525//2525
f 2546//2546 2542//2542 2172//2172
f 2547//2547 2543//2543 2542//2542
f 2548//2548 2544//2544 2543//2543
f 2548//2548 2549//2549 2545//2545
f 2529//2529 2526//2526 2545//2545
f 2550//2550 2546//2546 2178//2178
f 2551//2551 2547//2547 2546//2546
f 2552//2552 2548//2548 2547//2547
f 2552//2552 2553//2553 2549//2549
f 2533//2533 2529//2529 2549//2549
f 2554//2554 2534//2534 2533//2533
f 2555//2555 2419//2419 2321//2321
f 2455//2455 2556//2556 2555//2555
f 2421//2421 2419//2419 2555//2555
f 2456//2456 2557//2557 2556//2556
f 2423//2423 2421//2421 2556//2556
f 2558//2558 2424//2424 2423//2423
f 2559//2559 2560//2560 2558//2558
f 2425//2425 2424//2424 2558//2558
f 2562//2562 2560//2560 2559//2559
f 2427//2427 2425//2425 2560//2560
f 2564//2564 2562//2562 2561//2561
f 2429//2429 2427//2427 2562//2562
f 2565//2565 2557//2557 2456//2456
f 2477//2477 2566//2566 2565//2565
f 2559//2559 2557//2557 2565//2565
f 2478//2478 2567//2567 2566//2566
f 2561//2561 2559//2559 2566//2566
f 2479//2479 2568//2568 2567//2567
f 2563//2563 2561//2561 2567//2567
f 2569//2569 1919//1919 449//449
f 2571//2571 2569//2569 1172//1172
f 2571//2571 2572//2572 2570//2570
f 1174//1174 2572//2572 2571//2571
f 2573//2573 2572//2572 1174//1174
f 1176//1176 2574//2574 2573//2573
f 1177//1177 2575//2575 2574//2574
f 2576//2576 2575//2575 1177//1177
f 2577//2577 2576//2576 1178//1178
f 2578//2578 2577//2577 1179//1179
f 1181//1181 2579//2579 2578//2578
f 2580//2580 2579//2579 1181//1181
f 2581//2581 1931//1931 1919//1919
f 2582//2582 1932//1932 1931//1931
f 2570//2570 2582//2582 2581//2581
f 2583//2583 2582//2582 2570//2570
f 2573//2573 2584//2584 2583//2583
f 2574//2574 2585//2585 2584//2584
f 2575//2575 2586//2586 2585//2585
f 2587//2587 2586//2586 2575//2575
f 2588//2588 2587//2587 2576//2576
f 2589//2589 2588//2588 2577//2577
f 2579//2579 2590//2590 2589//2589
f 2591//2591 2590//2590 2579//2579
f 2592//2592 1945//1945 1932//1932
f 2583//2583 2593//2593 2592//2592
f 2584//2584 2594//2594 2593//2593
f 2585//2585 2595//2595 2594//2594
f 2596//2596 2595//2595 2585//2585
f 2598//2598 2596//2596 2586//2586
f 2598//2598 2599//2599 2597//2597
f 2588//2588 2599//2599 2598//2598
f 2600//2600 2599//2599 2588//2588
f 2602//2602 2600//2600 2589//2589
f 2602//2602 2603//2603 2601//2601
f 2591//2591 2603//2603 2602//2602
f 2604//2604 1959//1959 1945//1945
f 2593//2593 2605//2605 2604//2604
f 2594//2594 2606//2606 2605//2605
f 2608//2608 2606//2606 2594//2594
f 2608//2608 2609//2609 2607//2607
f 2610//2610 2608//2608 2595//2595
f 2610//2610 2611//2611 2609//2609
f 2597//2597 2611//2611 2610//2610
f 2612//2612 2611//2611 2597//2597
f 2614//2614 2612//2612 2599//2599
f 2614//2614 2615//2615 2613//2613
f 2601//2601 2615//2615 2614//2614
f 2616//2616 2615//2615 2601//2601
f 2604//2604 2618//2618 1972//1972
f 2618//2618 2619//2619 1973//1973
f 2620//2620 2618//2618 2604//2604
f 2621//2621 2619//2619 2618//2618
f 2622//2622 2620//2620 2605//2605
f 2622//2622 2623//2623 2621//2621
f 2607//2607 2623//2623 2622//2622
f 2624//2624 2623//2623 2607//2607
f 2611//2611 2625//2625 2624//2624
f 2627//2627 2625//2625 2611//2611
f 2627//2627 2628//2628 2626//2626
f 2613//2613 2628//2628 2627//2627
f 2629//2629 2628//2628 2613//2613
f 2631//2631 2629//2629 2615//2615
f 2631//2631 2632//2632 2630//2630
f 2617//2617 2632//2632 2631//2631
f 2619//2619 2633//2633 1989//1989
f 2621//2621 2634//2634 2633//2633
f 2635//2635 2634//2634 2621//2621
f 2624//2624 2636//2636 2635//2635
f 2638//2638 2636//2636 2624//2624
f 2638//2638 2639//2639 2637//2637
f 2626//2626 2639//2639 2638//2638
f 2640//2640 2639//2639 2626//2626
f 2642//2642 2640//2640 2628//2628
f 2642//2642 2643//2643 2641//2641
f 2630//2630 2643//2643 2642//2642
f 2644//2644 2643//2643 2630//2630
f 2633//2633 2646//2646 2006//2006
f 2646//2646 2647//2647 2007//2007
f 2634//2634 2648//2648 2646//2646
f 2649//2649 2647//2647 2646//2646
f 2650//2650 2648//2648 2634//2634
f 2651//2651 2649//2649 2648//2648
f 2652//2652 2650//2650 2635//2635
f 2652//2652 2653//2653 2651//2651
f 2637//2637 2653//2653 2652//2652
f 2654//2654 2653//2653 2637//2637
f 2656//2656 2654//2654 2639//2639
f 2656//2656 2657//2657 2655//2655
f 2641//2641 2657//2657 2656//2656
f 2658//2658 2657//2657 2641//2641
f 2660//2660 2658//2658 2643//2643
f 2660//2660 2661//2661 2659//2659
f 2645//2645 2661//2661 2660//2660
f 2647//2647 2663//2663 2022//2022
f 2664//2664 2023//2023 2022//2022
f 2665//2665 2663//2663 2647//2647
f 2667//2667 2665//2665 2649//2649
f 2667//2667 2668//2668 2666//2666
f 2669//2669 2667//2667 2651//2651
f 2670//2670 2668//2668 2667//2667
f 2671//2671 2669//2669 2653//2653
f 2671//2671 2672//2672 2670//2670
f 2655//2655 2672//2672 2671//2671
f 2674//2674 2672//2672 2655//2655
f 2674//2674 2675//2675 2673//2673
f 2676//2676 2674//2674 2657//2657
f 2676//2676 2677//2677 2675//2675
f 2659//2659 2677//2677 2676//2676
f 2679//2679 2677//2677 2659//2659
f 2679//2679 2680//2680 2678//2678
f 2662//2662 2680//2680 2679//2679
f 2682//2682 2580//2580 1182//1182
f 2683//2683 2682//2682 1228//1228
f 2684//2684 2683//2683 1229//1229
f 1231//1231 2685//2685 2684//2684
f 2686//2686 2685//2685 1231//1231
f 1234//1234 2687//2687 2686//2686
f 1235//1235 2688//2688 2687//2687
f 2689//2689 2591//2591 2580//2580
f 2690//2690 2689//2689 2682//2682
f 2691//2691 2690//2690 2683//2683
f 2685//2685 2692//2692 2691//2691
f 2693//2693 2692//2692 2685//2685
f 2687//2687 2694//2694 2693//2693
f 2688//2688 2695//2695 2694//2694
f 2696//2696 2603//2603 2591//2591
f 2697//2697 2696//2696 2689//2689
f 2698//2698 2697//2697 2690//2690
f 2699//2699 2698//2698 2691//2691
f 2693//2693 2700//2700 2699//2699
f 2694//2694 2701//2701 2700//2700
f 2695//2695 2702//2702 2701//2701
f 2703//2703 2616//2616 2603//2603
f 2703//2703 2704//2704 2617//2617
f 2697//2697 2704//2704 2703//2703
f 2706//2706 2704//2704 2697//2697
f 2706//2706 2707//2707 2705//2705
f 2699//2699 2707//2707 2706//2706
f 2709//2709 2707//2707 2699//2699
f 2709//2709 2710//2710 2708//2708
f 2701//2701 2710//2710 2709//2709
f 2711//2711 2710//2710 2701//2701
f 2712//2712 2632//2632 2617//2617
f 2705//2705 2713//2713 2712//2712
f 2714//2714 2713//2713 2705//2705
f 2708//2708 2715//2715 2714//2714
f 2716//2716 2715//2715 2708//2708
f 2717//2717 2644//2644 2632//2632
f 2717//2717 2718//2718 2645//2645
f 2713//2713 2718//2718 2717//2717
f 2720//2720 2718//2718 2713//2713
f 2720//2720 2721//2721 2719//2719
f 2715//2715 2721//2721 2720//2720
f 2722//2722 2721//2721 2715//2715
f 2723//2723 2661//2661 2645//2645
f 2723//2723 2724//2724 2662//2662
f 2719//2719 2724//2724 2723//2723
f 2725//2725 2724//2724 2719//2719
f 2726//2726 2680//2680 2662//2662
f 1327//1327 2727//2727 2688//2688
f 1328//1328 2728//2728 2727//2727
f 1329//1329 2729//2729 2728//2728
f 1330//1330 2730//2730 2729//2729
f 1331//1331 2731//2731 2730//2730
f 1332//1332 2732//2732 2731//2731
f 2733//2733 2732//2732 1332//1332
f 2734//2734 2733//2733 1333//1333
f 2735//2735 2734//2734 1334//1334
f 2736//2736 2735//2735 1335//1335
f 2727//2727 2737//2737 2695//2695
f 2728//2728 2738//2738 2737//2737
f 2729//2729 2739//2739 2738//2738
f 2730//2730 2740//2740 2739//2739
f 2742//2742 2740//2740 2730//2730
f 2742//2742 2743//2743 2741//2741
f 2732//2732 2743//2743 2742//2742
f 2744//2744 2743//2743 2732//2732
f 2745//2745 2744//2744 2733//2733
f 2746//2746 2745//2745 2734//2734
f 2747//2747 2746//2746 2735//2735
f 2737//2737 2748//2748 2702//2702
f 2750//2750 2748//2748 2737//2737
f 2750//2750 2751//2751 2749//2749
f 2739//2739 2751//2751 2750//2750
f 2752//2752 2751//2751 2739//2739
f 2741//2741 2753//2753 2752//2752
f 2755//2755 2753//2753 2741//2741
f 2755//2755 2756//2756 2754//2754
f 2744//2744 2756//2756 2755//2755
f 2757//2757 2756//2756 2744//2744
f 2758//2758 2757//2757 2745//2745
f 2759//2759 2758//2758 2746//2746
f 2711//2711 2761//2761 2760//2760
f 2748//2748 2761//2761 2711//2711
f 2749//2749 2762//2762 2761//2761
f 2764//2764 2762//2762 2749//2749
f 2764//2764 2765//2765 2763//2763
f 2752//2752 2765//2765 2764//2764
f 2766//2766 2765//2765 2752//2752
f 2754//2754 2767//2767 2766//2766
f 2770//2770 2767//2767 2754//2754
f 2770//2770 2771//2771 2768//2768
f 2757//2757 2771//2771 2770//2770
f 2771//2771 2772//2772 2769//2769
f 2758//2758 2772//2772 2771//2771
f 2773//2773 2772//2772 2758//2758
f 2760//2760 2774//2774 2716//2716
f 2776//2776 2774//2774 2760//2760
f 2776//2776 2777//2777 2775//2775
f 2762//2762 2777//2777 2776//2776
f 2763//2763 2778//2778 2777//2777
f 2780//2780 2778//2778 2763//2763
f 2780//2780 2781//2781 2779//2779
f 2766//2766 2781//2781 2780//2780
f 2782//2782 2781//2781 2766//2766
f 2768//2768 2783//2783 2782//2782
f 2769//2769 2784//2784 2783//2783
f 2786//2786 2784//2784 2769//2769
f 2786//2786 2787//2787 2785//2785
f 2773//2773 2787//2787 2786//2786
f 2722//2722 2789//2789 2788//2788
f 2774//2774 2789//2789 2722//2722
f 2775//2775 2790//2790 2789//2789
f 2792//2792 2790//2790 2775//2775
f 2792//2792 2793//2793 2791//2791
f 2778//2778 2793//2793 2792//2792
f 2779//2779 2794//2794 2793//2793
f 2797//2797 2794//2794 2779//2779
f 2797//2797 2798//2798 2795//2795
f 2782//2782 2798//2798 2797//2797
f 2798//2798 2799//2799 2796//2796
f 2783//2783 2799//2799 2798//2798
f 2800//2800 2799//2799 2783//2783
f 2785//2785 2801//2801 2800//2800
f 2725//2725 2803//2803 2802//2802
f 2788//2788 2803//2803 2725//2725
f 2805//2805 2803//2803 2788//2788
f 2805//2805 2806//2806 2804//2804
f 2790//2790 2806//2806 2805//2805
f 2791//2791 2807//2807 2806//2806
f 2810//2810 2807//2807 2791//2791
f 2810//2810 2811//2811 2808//2808
f 2794//2794 2811//2811 2810//2810
f 2811//2811 2812//2812 2809//2809
f 2795//2795 2812//2812 2811//2811
f 2796//2796 2813//2813 2812//2812
f 2816//2816 2813//2813 2796//2796
f 2816//2816 2817//2817 2814//2814
f 2800//2800 2817//2817 2816//2816
f 2818//2818 2815//2815 2814//2814
f 2818//2818 2817//2817 2800//2800
f 2726//2726 2819//2819 2681//2681
f 2802//2802 2819//2819 2726//2726
f 2821//2821 2819//2819 2802//2802
f 2821//2821 2822//2822 2820//2820
f 2804//2804 2822//2822 2821//2821
f 2825//2825 2822//2822 2804//2804
f 2825//2825 2826//2826 2823//2823
f 2807//2807 2826//2826 2825//2825
f 2826//2826 2827//2827 2824//2824
f 2808//2808 2827//2827 2826//2826
f 2809//2809 2828//2828 2827//2827
f 2832//2832 2828//2828 2809//2809
f 2832//2832 2833//2833 2829//2829
f 2813//2813 2833//2833 2832//2832
f 2834//2834 2830//2830 2829//2829
f 2814//2814 2834//2834 2833//2833
f 2834//2834 2835//2835 2831//2831
f 2815//2815 2835//2835 2834//2834
f 2664//2664 2663//2663 2836//2836
f 2664//2664 2837//2837 2062//2062
f 2838//2838 2836//2836 2663//2663
f 2838//2838 2839//2839 2837//2837
f 2666//2666 2839//2839 2838//2838
f 2841//2841 2839//2839 2666//2666
f 2841//2841 2842//2842 2840//2840
f 2843//2843 2841//2841 2668//2668
f 2844//2844 2842//2842 2841//2841
f 2845//2845 2843//2843 2670//2670
f 2845//2845 2846//2846 2844//2844
f 2673//2673 2846//2846 2845//2845
f 2848//2848 2846//2846 2673//2673
f 2848//2848 2849//2849 2847//2847
f 2850//2850 2848//2848 2675//2675
f 2850//2850 2851//2851 2849//2849
f 2678//2678 2851//2851 2850//2850
f 2852//2852 2851//2851 2678//2678
f 2837//2837 2853//2853 2073//2073
f 2854//2854 2074//2074 2073//2073
f 2854//2854 2855//2855 2075//2075
f 2856//2856 2853//2853 2837//2837
f 2856//2856 2857//2857 2854//2854
f 2840//2840 2857//2857 2856//2856
f 2858//2858 2855//2855 2854//2854
f 2859//2859 2857//2857 2840//2840
f 2859//2859 2860//2860 2858//2858
f 2844//2844 2861//2861 2859//2859
f 2861//2861 2862//2862 2860//2860
f 2863//2863 2861//2861 2844//2844
f 2863//2863 2864//2864 2862//2862
f 2847//2847 2864//2864 2863//2863
f 2865//2865 2864//2864 2847//2847
f 2866//2866 2865//2865 2849//2849
f 2867//2867 2079//2079 2075//2075
f 2858//2858 2868//2868 2867//2867
f 2860//2860 2869//2869 2868//2868
f 2862//2862 2870//2870 2869//2869
f 2871//2871 2870//2870 2862//2862
f 2852//2852 2873//2873 2872//2872
f 2681//2681 2873//2873 2852//2852
f 2865//2865 2876//2876 2875//2875
f 2866//2866 2878//2878 2876//2876
f 2872//2872 2878//2878 2866//2866
f 2878//2878 2879//2879 2877//2877
f 2881//2881 2878//2878 2872//2872
f 2881//2881 2882//2882 2879//2879
f 2874//2874 2882//2882 2881//2881
f 2882//2882 2883//2883 2880//2880
f 2885//2885 2128//2128 2079//2079
f 2868//2868 2886//2886 2885//2885
f 2869//2869 2887//2887 2886//2886
f 2889//2889 2887//2887 2869//2869
f 2889//2889 2890//2890 2888//2888
f 2871//2871 2891//2891 2889//2889
f 2875//2875 2891//2891 2871//2871
f 2891//2891 2892//2892 2890//2890
f 2894//2894 2891//2891 2875//2875
f 2894//2894 2895//2895 2892//2892
f 2877//2877 2895//2895 2894//2894
f 2895//2895 2896//2896 2893//2893
f 2898//2898 2895//2895 2877//2877
f 2898//2898 2899//2899 2896//2896
f 2880//2880 2899//2899 2898//2898
f 2899//2899 2900//2900 2897//2897
f 2903//2903 2899//2899 2880//2880
f 2903//2903 2904//2904 2900//2900
f 2884//2884 2904//2904 2903//2903
f 2904//2904 2905//2905 2901//2901
f 2905//2905 2906//2906 2902//2902
f 2909//2909 2157//2157 2128//2128
f 2910//2910 2158//2158 2157//2157
f 2910//2910 2911//2911 2159//2159
f 2886//2886 2912//2912 2909//2909
f 2912//2912 2913//2913 2910//2910
f 2913//2913 2914//2914 2911//2911
f 2915//2915 2912//2912 2886//2886
f 2915//2915 2916//2916 2913//2913
f 2888//2888 2916//2916 2915//2915
f 2917//2917 2914//2914 2913//2913
f 2919//2919 2916//2916 2888//2888
f 2920//2920 2917//2917 2916//2916
f 2920//2920 2921//2921 2918//2918
f 2923//2923 2919//2919 2890//2890
f 2923//2923 2924//2924 2920//2920
f 2893//2893 2924//2924 2923//2923
f 2925//2925 2921//2921 2920//2920
f 2925//2925 2926//2926 2922//2922
f 2929//2929 2924//2924 2893//2893
f 2929//2929 2930//2930 2925//2925
f 2897//2897 2930//2930 2929//2929
f 2931//2931 2926//2926 2925//2925
f 2931//2931 2932//2932 2927//2927
f 2932//2932 2933//2933 2928//2928
f 2935//2935 2930//2930 2897//2897
f 2935//2935 2936//2936 2931//2931
f 2901//2901 2936//2936 2935//2935
f 2936//2936 2937//2937 2932//2932
f 2902//2902 2937//2937 2936//2936
f 2938//2938 2933//2933 2932//2932
f 2938//2938 2939//2939 2934//2934
f 2940//2940 2937//2937 2902//2902
f 2940//2940 2941//2941 2938//2938
f 2907//2907 2941//2941 2940//2940
f 2941//2941 2942//2942 2939//2939
f 2942//2942 2941//2941 2907//2907
f 2943//2943 2179//2179 2159//2159
f 2944//2944 2180//2180 2179//2179
f 2944//2944 2945//2945 2181//2181
f 2945//2945 2946//2946 2182//2182
f 2946//2946 2947//2947 2183//2183
f 2947//2947 2948//2948 2184//2184
f 2914//2914 2949//2949 2943//2943
f 2949//2949 2950//2950 2944//2944
f 2951//2951 2945//2945 2944//2944
f 2952//2952 2946//2946 2945//2945
f 2953//2953 2947//2947 2946//2946
f 2954//2954 2948//2948 2947//2947
f 2955//2955 2949//2949 2914//2914
f 2955//2955 2956//2956 2950//2950
f 2918//2918 2956//2956 2955//2955
f 2957//2957 2951//2951 2950//2950
f 2958//2958 2952//2952 2951//2951
f 2959//2959 2953//2953 2952//2952
f 2960//2960 2954//2954 2953//2953
f 2961//2961 2956//2956 2918//2918
f 2961//2961 2962//2962 2957//2957
f 2922//2922 2962//2962 2961//2961
f 2963//2963 2958//2958 2957//2957
f 2964//2964 2959//2959 2958//2958
f 2965//2965 2960//2960 2959//2959
f 2966//2966 2962//2962 2922//2922
f 2966//2966 2967//2967 2963//2963
f 2927//2927 2967//2967 2966//2966
f 2967//2967 2968//2968 2964//2964
f 2928//2928 2968//2968 2967//2967
f 2969//2969 2965//2965 2964//2964
f 2970//2970 2968//2968 2928//2928
f 2970//2970 2971//2971 2969//2969
f 2934//2934 2971//2971 2970//2970
f 2972//2972 2873//2873 2681//2681
f 2972//2972 2973//2973 2874//2874
f 2820//2820 2973//2973 2972//2972
f 2976//2976 2973//2973 2820//2820
f 2976//2976 2977//2977 2974//2974
f 2823//2823 2977//2977 2976//2976
f 2977//2977 2978//2978 2975//2975
f 2824//2824 2978//2978 2977//2977
f 2983//2983 2978//2978 2824//2824
f 2983//2983 2984//2984 2979//2979
f 2828//2828 2984//2984 2983//2983
f 2985//2985 2980//2980 2979//2979
f 2829//2829 2985//2985 2984//2984
f 2986//2986 2981//2981 2980//2980
f 2830//2830 2986//2986 2985//2985
f 2987//2987 2982//2982 2981//2981
f 2831//2831 2987//2987 2986//2986
f 2988//2988 2882//2882 2874//2874
f 2988//2988 2989//2989 2883//2883
f 2974//2974 2989//2989 2988//2988
f 2989//2989 2990//2990 2884//2884
f 2975//2975 2990//2990 2989//2989
f 2995//2995 2990//2990 2975//2975
f 2995//2995 2996//2996 2991//2991
f 2979//2979 2996//2996 2995//2995
f 2996//2996 2997//2997 2992//2992
f 2997//2997 2996//2996 2979//2979
f 2997//2997 2998//2998 2993//2993
f 2998//2998 2997//2997 2980//2980
f 2998//2998 2999//2999 2994//2994
f 2999//2999 2998//2998 2981//2981
f 3000//3000 2904//2904 2884//2884
f 3000//3000 3001//3001 2905//2905
f 2991//2991 3001//3001 3000//3000
f 3002//3002 2906//2906 2905//2905
f 3002//3002 3001//3001 2991//2991
f 3002//3002 3003//3003 2907//2907
f 3003//3003 3002//3002 2992//2992
f 3003//3003 3004//3004 2908//2908
f 3004//3004 3003//3003 2993//2993
f 3009//3009 1618//1618 867//867
f 1619//1619 1618//1618 3009//3009
f 1620//1620 1619//1619 3010//3010
f 1621//1621 1620//1620 3011//3011
f 1622//1622 1621//1621 3012//3012
f 3016//3016 3014//3014 3013//3013
f 3016//3016 3015//3015 1623//1623
f 3016//3016 1624//1624 1622//1622
f 1625//1625 1623//1623 3015//3015
f 3020//3020 3018//3018 3017//3017
f 3020//3020 3019//3019 1626//1626
f 3020//3020 1627//1627 1625//1625
f 3021//3021 3009//3009 2332//2332
f 3010//3010 3009//3009 3021//3021
f 3011//3011 3010//3010 3022//3022
f 3012//3012 3011//3011 3023//3023
f 3026//3026 3025//3025 3013//3013
f 3026//3026 3014//3014 3012//3012
f 3027//3027 3015//3015 3013//3013
f 3029//3029 3028//3028 3017//3017
f 3018//3018 3015//3015 3027//3027
f 3030//3030 3019//3019 3017//3017
f 3031//3031 3021//3021 2345//2345
f 3022//3022 3021//3021 3031//3031
f 3023//3023 3022//3022 3032//3032
f 3024//3024 3023//3023 3033//3033
f 3037//3037 3035//3035 3034//3034
f 3037//3037 3036//3036 3025//3025
f 3037//3037 3026//3026 3024//3024
f 3038//3038 3027//3027 3025//3025
f 3029//3029 3040//3040 3039//3039
f 3040//3040 3029//3029 3027//3027
f 3030//3030 3028//3028 3039//3039
f 3043//3043 3031//3031 2357//2357
f 3032//3032 3031//3031 3043//3043
f 3047//3047 3045//3045 3044//3044
f 3047//3047 3033//3033 3032//3032
f 3049//3049 3047//3047 3046//3046
f 3049//3049 3048//3048 3034//3034
f 3049//3049 3035//3035 3033//3033
f 3050//3050 3036//3036 3034//3034
f 3038//3038 3036//3036 3050//3050
f 3054//3054 3052//3052 3051//3051
f 3054//3054 3053//3053 3039//3039
f 3054//3054 3040//3040 3038//3038
f 3056//3056 3055//3055 3041//3041
f 3056//3056 3042//3042 3039//3039
f 3057//3057 3058//3058 2387//2387
f 3043//3043 2373//2373 2387//2387
f 3060//3060 3058//3058 3057//3057
f 3060//3060 3059//3059 3044//3044
f 3060//3060 3045//3045 3043//3043
f 3061//3061 3046//3046 3044//3044
f 3062//3062 3048//3048 3046//3046
f 3050//3050 3048//3048 3062//3062
f 3066//3066 3064//3064 3063//3063
f 3066//3066 3065//3065 3051//3051
f 3066//3066 3052//3052 3050//3050
f 3068//3068 3053//3053 3051//3051
f 3070//3070 3068//3068 3067//3067
f 3070//3070 3069//3069 3055//3055
f 3070//3070 3056//3056 3053//3053
f 3057//3057 2386//2386 2402//2402
f 3072//3072 3059//3059 3057//3057
f 3061//3061 3059//3059 3072//3072
f 3076//3076 3074//3074 3073//3073
f 3076//3076 3062//3062 3061//3061
f 3078//3078 3076//3076 3075//3075
f 3078//3078 3077//3077 3063//3063
f 3078//3078 3064//3064 3062//3062
f 3080//3080 3065//3065 3063//3063
f 3082//3082 3080//3080 3079//3079
f 3082//3082 3081//3081 3067//3067
f 3082//3082 3068//3068 3065//3065
f 3084//3084 3069//3069 3067//3067
f 3086//3086 2417//2417 2416//2416
f 3071//3071 2402//2402 2417//2417
f 3087//3087 3088//3088 3086//3086
f 3072//3072 3071//3071 3086//3086
f 3090//3090 3088//3088 3087//3087
f 3090//3090 3089//3089 3073//3073
f 3090//3090 3074//3074 3072//3072
f 3092//3092 3075//3075 3073//3073
f 3094//3094 3092//3092 3091//3091
f 3094//3094 3077//3077 3075//3075
f 3097//3097 3094//3094 3093//3093
f 3097//3097 3096//3096 3079//3079
f 3097//3097 3080//3080 3077//3077
f 3099//3099 3096//3096 3095//3095
f 3099//3099 3081//3081 3079//3079
f 3101//3101 3099//3099 3098//3098
f 3101//3101 3100//3100 3083//3083
f 3101//3101 3084//3084 3081//3081
f 3103//3103 2430//2430 2429//2429
f 3085//3085 2416//2416 2430//2430
f 3104//3104 3105//3105 3103//3103
f 3105//3105 3087//3087 3085//3085
f 3106//3106 3107//3107 3105//3105
f 3107//3107 3089//3089 3087//3087
f 3109//3109 3107//3107 3106//3106
f 3109//3109 3108//3108 3091//3091
f 3109//3109 3092//3092 3089//3089
f 3111//3111 3093//3093 3091//3091
f 3113//3113 3111//3111 3110//3110
f 3113//3113 3112//3112 3095//3095
f 3113//3113 3096//3096 3093//3093
f 3114//3114 3098//3098 3095//3095
f 3115//3115 3114//3114 3006//3006
f 3115//3115 3008//3008 3005//3005
f 3115//3115 3100//3100 3098//3098
f 3119//3119 3118//3118 1727//1727
f 1728//1728 1726//1726 3116//3116
f 1730//1730 3122//3122 3121//3121
f 3123//3123 3118//3118 3117//3117
f 3123//3123 3122//3122 1730//1730
f 3123//3123 1731//1731 1727//1727
f 1732//1732 3124//3124 2736//2736
f 1733//1733 3125//3125 3124//3124
f 1734//1734 3126//3126 3125//3125
f 1735//1735 3127//3127 3126//3126
f 3128//3128 3121//3121 3120//3120
f 3128//3128 3127//3127 1735//1735
f 3128//3128 1736//1736 1729//1729
f 3131//3131 3130//3130 3117//3117
f 3119//3119 3132//3132 3131//3131
f 3119//3119 3116//3116 3129//3129
f 3134//3134 3133//3133 3120//3120
f 3122//3122 3135//3135 3134//3134
f 3135//3135 3122//3122 3117//3117
f 3124//3124 3136//3136 2747//2747
f 3125//3125 3137//3137 3136//3136
f 3126//3126 3138//3138 3137//3137
f 3139//3139 3138//3138 3126//3126
f 3139//3139 3127//3127 3120//3120
f 3131//3131 3143//3143 3142//3142
f 3144//3144 3141//3141 3140//3140
f 3144//3144 3143//3143 3131//3131
f 3144//3144 3132//3132 3129//3129
f 3147//3147 3146//3146 3133//3133
f 3148//3148 3147//3147 3134//3134
f 3135//3135 3130//3130 3142//3142
f 3136//3136 3149//3149 2759//2759
f 3137//3137 3150//3150 3149//3149
f 3138//3138 3151//3151 3150//3150
f 3152//3152 3146//3146 3145//3145
f 3152//3152 3151//3151 3138//3138
f 3152//3152 3139//3139 3133//3133
f 3155//3155 3154//3154 3140//3140
f 3158//3158 3157//3157 3142//3142
f 3158//3158 3143//3143 3140//3140
f 3162//3162 3161//3161 3145//3145
f 3147//3147 3163//3163 3162//3162
f 3164//3164 3157//3157 3156//3156
f 3164//3164 3163//3163 3147//3147
f 3164//3164 3148//3148 3142//3142
f 3149//3149 3165//3165 2773//2773
f 3166//3166 3160//3160 3159//3159
f 3166//3166 3165//3165 3149//3149
f 3167//3167 3161//3161 3160//3160
f 3167//3167 3166//3166 3150//3150
f 3167//3167 3151//3151 3145//3145
f 3171//3171 3170//3170 3154//3154
f 3171//3171 3155//3155 3153//3153
f 3174//3174 3173//3173 3156//3156
f 3175//3175 3170//3170 3169//3169
f 3175//3175 3174//3174 3157//3157
f 3175//3175 3158//3158 3154//3154
f 3177//3177 3176//3176 3159//3159
f 3178//3178 3177//3177 3160//3160
f 3162//3162 3179//3179 3178//3178
f 3180//3180 3173//3173 3172//3172
f 3180//3180 3179//3179 3162//3162
f 3180//3180 3163//3163 3156//3156
f 3181//3181 3176//3176 2785//2785
f 3181//3181 2787//2787 2773//2773
f 3181//3181 3165//3165 3159//3159
f 3187//3187 3186//3186 3169//3169
f 3188//3188 3184//3184 3183//3183
f 3188//3188 3187//3187 3170//3170
f 3188//3188 3171//3171 3168//3168
f 3192//3192 3191//3191 3172//3172
f 3193//3193 3186//3186 3185//3185
f 3193//3193 3192//3192 3173//3173
f 3193//3193 3174//3174 3169//3169
f 3194//3194 2801//2801 2785//2785
f 3177//3177 3195//3195 3194//3194
f 3196//3196 3190//3190 3189//3189
f 3196//3196 3195//3195 3177//3177
f 3197//3197 3191//3191 3190//3190
f 3197//3197 3196//3196 3178//3178
f 3197//3197 3179//3179 3172//3172
f 3203//3203 3199//3199 3198//3198
f 3203//3203 3202//3202 3183//3183
f 3203//3203 3184//3184 3182//3182
f 3207//3207 3201//3201 3200//3200
f 3207//3207 3206//3206 3185//3185
f 3208//3208 3202//3202 3201//3201
f 3208//3208 3207//3207 3186//3186
f 3208//3208 3187//3187 3183//3183
f 3211//3211 3210//3210 3189//3189
f 3212//3212 3205//3205 3204//3204
f 3212//3212 3211//3211 3190//3190
f 3213//3213 3206//3206 3205//3205
f 3213//3213 3212//3212 3191//3191
f 3213//3213 3192//3192 3185//3185
f 2818//2818 3214//3214 3209//3209
f 3214//3214 2818//2818 2801//2801
f 3215//3215 3210//3210 3209//3209
f 3215//3215 3214//3214 3194//3194
f 3215//3215 3195//3195 3189//3189
f 3218//3218 3008//3008 3007//3007
f 3218//3218 3217//3217 3198//3198
f 3218//3218 3199//3199 3005//3005
f 3221//3221 3220//3220 3200//3200
f 3222//3222 3217//3217 3216//3216
f 3222//3222 3221//3221 3201//3201
f 3222//3222 3202//3202 3198//3198
f 3226//3226 3225//3225 3204//3204
f 3227//3227 3220//3220 3219//3219
f 3227//3227 3226//3226 3205//3205
f 3227//3227 3206//3206 3200//3200
f 2835//2835 3228//3228 3223//3223
f 3228//3228 2835//2835 2815//2815
f 3228//3228 3229//3229 3224//3224
f 3229//3229 3228//3228 3209//3209
f 3230//3230 3225//3225 3224//3224
f 3230//3230 3229//3229 3210//3210
f 3230//3230 3211//3211 3204//3204
f 1764//1764 3232//3232 3231//3231
f 3232//3232 1764//1764 1626//1626
f 1766//1766 3234//3234 3233//3233
f 3234//3234 1766//1766 1763//1763
f 3235//3235 3116//3116 1726//1726
f 1767//1767 1765//1765 3233//3233
f 3232//3232 3237//3237 3236//3236
f 3232//3232 3019//3019 3030//3030
f 3234//3234 3239//3239 3238//3238
f 3239//3239 3234//3234 3231//3231
f 3240//3240 3129//3129 3116//3116
f 3235//3235 3233//3233 3238//3238
f 3242//3242 3042//3042 3041//3041
f 3242//3242 3241//3241 3236//3236
f 3242//3242 3237//3237 3030//3030
f 3239//3239 3244//3244 3243//3243
f 3244//3244 3239//3239 3236//3236
f 3245//3245 3141//3141 3129//3129
f 3240//3240 3238//3238 3243//3243
f 3247//3247 3241//3241 3041//3041
f 3249//3249 3247//3247 3246//3246
f 3249//3249 3248//3248 3243//3243
f 3249//3249 3244//3244 3241//3241
f 3250//3250 3248//3248 3153//3153
f 3250//3250 3155//3155 3141//3141
f 3250//3250 3245//3245 3243//3243
f 3252//3252 3251//3251 3246//3246
f 3252//3252 3247//3247 3055//3055
f 3253//3253 3168//3168 3153//3153
f 3253//3253 3248//3248 3246//3246
f 3255//3255 3084//3084 3083//3083
f 3255//3255 3254//3254 3251//3251
f 3255//3255 3252//3252 3069//3069
f 3256//3256 3254//3254 3182//3182
f 3256//3256 3184//3184 3168//3168
f 3256//3256 3253//3253 3251//3251
f 3257//3257 3100//3100 3005//3005
f 3257//3257 3199//3199 3182//3182
f 3257//3257 3254//3254 3083//3083
f 3265//3265 3261//3261 3260//3260
f 3265//3265 3264//3264 3007//3007
f 3265//3265 3008//3008 3006//3006
f 3272//3272 3270//3270 3269//3269
f 3275//3275 3272//3272 3271//3271
f 3275//3275 3259//3259 3258//3258
f 3278//3278 3274//3274 3273//3273
f 3279//3279 3275//3275 3274//3274
f 3279//3279 3278//3278 3260//3260
f 3279//3279 3261//3261 3259//3259
f 3283//3283 3277//3277 3276//3276
f 3283//3283 3282//3282 3262//3262
f 3284//3284 3278//3278 3277//3277
f 3284//3284 3283//3283 3263//3263
f 3284//3284 3264//3264 3260//3260
f 3285//3285 3286//3286 2507//2507
f 3266//3266 2479//2479 2507//2507
f 3288//3288 3286//3286 3285//3285
f 3267//3267 3266//3266 3286//3286
f 3291//3291 3288//3288 3287//3287
f 3268//3268 3267//3267 3288//3288
f 3293//3293 3290//3290 3289//3289
f 3294//3294 3291//3291 3290//3290
f 3294//3294 3293//3293 3269//3269
f 3294//3294 3270//3270 3268//3268
f 3297//3297 3293//3293 3292//3292
f 3297//3297 3271//3271 3269//3269
f 3300//3300 3296//3296 3295//3295
f 3301//3301 3297//3297 3296//3296
f 3301//3301 3300//3300 3273//3273
f 3301//3301 3274//3274 3271//3271
f 3305//3305 3299//3299 3298//3298
f 3306//3306 3300//3300 3299//3299
f 3306//3306 3305//3305 3276//3276
f 3306//3306 3277//3277 3273//3273
f 3309//3309 3303//3303 3302//3302
f 3310//3310 3304//3304 3303//3303
f 3310//3310 3309//3309 3280//3280
f 3311//3311 3305//3305 3304//3304
f 3311//3311 3310//3310 3281//3281
f 3311//3311 3282//3282 3276//3276
f 3312//3312 3313//3313 2535//2535
f 3314//3314 2536//2536 2535//2535
f 3314//3314 3285//3285 2506//2506
f 3317//3317 3313//3313 3312//3312
f 3317//3317 3318//3318 3314//3314
f 3287//3287 3285//3285 3314//3314
f 3320//3320 3316//3316 3315//3315
f 3320//3320 3321//3321 3317//3317
f 3322//3322 3318//3318 3317//3317
f 3322//3322 3321//3321 3289//3289
f 3322//3322 3290//3290 3287//3287
f 3325//3325 3320//3320 3319//3319
f 3326//3326 3321//3321 3320//3320
f 3326//3326 3292//3292 3289//3289
f 3330//3330 3324//3324 3323//3323
f 3330//3330 3331//3331 3325//3325
f 3332//3332 3326//3326 3325//3325
f 3332//3332 3331//3331 3295//3295
f 3332//3332 3296//3296 3292//3292
f 3334//3334 3328//3328 3327//3327
f 3335//3335 3329//3329 3328//3328
f 3335//3335 3336//3336 3330//3330
f 3337//3337 3331//3331 3330//3330
f 3337//3337 3336//3336 3298//3298
f 3337//3337 3299//3299 3295//3295
f 3338//3338 3333//3333 2934//2934
f 3338//3338 3339//3339 3334//3334
f 3340//3340 3335//3335 3334//3334
f 3340//3340 3339//3339 3302//3302
f 3341//3341 3336//3336 3335//3335
f 3341//3341 3340//3340 3303//3303
f 3341//3341 3304//3304 3298//3298
f 2942//2942 3342//3342 3338//3338
f 3307//3307 3342//3342 2942//2942
f 3343//3343 3339//3339 3338//3338
f 3343//3343 3342//3342 3307//3307
f 3343//3343 3308//3308 3302//3302
f 3344//3344 2550//2550 2184//2184
f 3345//3345 2551//2551 2550//2550
f 3346//3346 2552//2552 2551//2551
f 3347//3347 2553//2553 2552//2552
f 3347//3347 3348//3348 2554//2554
f 3312//3312 2534//2534 2554//2554
f 2954//2954 3349//3349 3344//3344
f 3349//3349 3350//3350 3345//3345
f 3350//3350 3351//3351 3346//3346
f 3351//3351 3352//3352 3347//3347
f 3353//3353 3348//3348 3347//3347
f 3353//3353 3352//3352 3315//3315
f 3353//3353 3316//3316 3312//3312
f 2960//2960 3354//3354 3349//3349
f 3354//3354 3355//3355 3350//3350
f 3355//3355 3356//3356 3351//3351
f 3357//3357 3352//3352 3351//3351
f 3357//3357 3319//3319 3315//3315
f 2965//2965 3358//3358 3354//3354
f 3358//3358 3359//3359 3355//3355
f 3359//3359 3360//3360 3356//3356
f 3361//3361 3357//3357 3356//3356
f 3361//3361 3360//3360 3323//3323
f 3361//3361 3324//3324 3319//3319
f 2969//2969 3362//3362 3358//3358
f 3363//3363 3359//3359 3358//3358
f 3363//3363 3362//3362 3327//3327
f 3364//3364 3360//3360 3359//3359
f 3364//3364 3363//3363 3328//3328
f 3364//3364 3329//3329 3323//3323
f 3365//3365 3362//3362 2969//2969
f 3365//3365 2971//2971 2934//2934
f 3365//3365 3333//3333 3327//3327
f 3367//3367 2564//2564 2563//2563
f 3102//3102 2429//2429 2564//2564
f 3369//3369 3367//3367 3366//3366
f 3104//3104 3102//3102 3367//3367
f 3370//3370 3371//3371 3369//3369
f 3371//3371 3106//3106 3104//3104
f 3372//3372 3373//3373 3371//3371
f 3373//3373 3108//3108 3106//3106
f 3375//3375 3373//3373 3372//3372
f 3375//3375 3374//3374 3110//3110
f 3375//3375 3111//3111 3108//3108
f 3376//3376 3374//3374 3258//3258
f 3376//3376 3112//3112 3110//3110
f 3377//3377 3376//3376 3259//3259
f 3377//3377 3261//3261 3006//3006
f 3377//3377 3114//3114 3112//3112
f 3266//3266 3378//3378 2568//2568
f 3378//3378 3366//3366 2563//2563
f 3379//3379 3378//3378 3266//3266
f 3379//3379 3368//3368 3366//3366
f 3380//3380 3379//3379 3267//3267
f 3370//3370 3368//3368 3379//3379
f 3381//3381 3380//3380 3268//3268
f 3372//3372 3370//3370 3380//3380
f 3382//3382 3381//3381 3270//3270
f 3382//3382 3272//3272 3258//3258
f 3382//3382 3374//3374 3372//3372
f 3385//3385 3263//3263 3262//3262
f 3386//3386 3264//3264 3263//3263
f 3386//3386 3385//3385 3216//3216
f 3386//3386 3217//3217 3007//3007
f 3391//3391 3384//3384 3383//3383
f 3391//3391 3390//3390 3219//3219
f 3392//3392 3385//3385 3384//3384
f 3392//3392 3391//3391 3220//3220
f 3392//3392 3221//3221 3216//3216
f 2987//2987 3393//3393 3387//3387
f 3393//3393 2987//2987 2831//2831
f 3393//3393 3394//3394 3388//3388
f 3394//3394 3393//3393 3223//3223
f 3394//3394 3395//3395 3389//3389
f 3395//3395 3394//3394 3224//3224
f 3396//3396 3390//3390 3389//3389
f 3396//3396 3395//3395 3225//3225
f 3396//3396 3226//3226 3219//3219
f 3400//3400 3281//3281 3280//3280
f 3401//3401 3282//3282 3281//3281
f 3401//3401 3400//3400 3383//3383
f 3401//3401 3384//3384 3262//3262
f 3402//3402 3397//3397 2994//2994
f 3402//3402 2999//2999 2982//2982
f 3403//3403 3398//3398 3397//3397
f 3388//3388 3403//3403 3402//3402
f 3404//3404 3399//3399 3398//3398
f 3404//3404 3403//3403 3388//3388
f 3405//3405 3400//3400 3399//3399
f 3405//3405 3404//3404 3389//3389
f 3405//3405 3390//3390 3383//3383
f 3406//3406 3307//3307 2908//2908
f 3397//3397 3406//3406 3004//3004
f 3407//3407 3308//3308 3307//3307
f 3398//3398 3407//3407 3406//3406
f 3408//3408 3309//3309 3308//3308
f 3408//3408 3407//3407 3398//3398
f 3408//3408 3399//3399 3280//3280
