# Blender 4.2.0
# www.blender.org
o 71212_X1Y1
v -0.459685 -0.000000 0.000000
v -0.414239 -0.050483 0.184880
v -0.415735 -0.022984 0.187762
v -0.417846 -0.105261 0.149751
v -0.420068 -0.067064 0.163400
v -0.425798 -0.022984 0.160890
v -0.417725 -0.149393 0.105181
v -0.423873 -0.118319 0.118271
v -0.435786 -0.068953 0.114921
v -0.440813 -0.022984 0.114921
v -0.414423 -0.185243 0.051232
v -0.420141 -0.163186 0.067514
v -0.435772 -0.114921 0.068953
v -0.445430 -0.068953 0.068953
v -0.450334 -0.022984 0.068953
v -0.415874 -0.188037 0.022984
v -0.425983 -0.160890 0.022984
v -0.440890 -0.114921 0.022984
v -0.450365 -0.068953 0.022984
v -0.456056 -0.018387 0.018387
v -0.368297 -0.139429 0.230680
v -0.372450 -0.114921 0.237090
v -0.377791 -0.068953 0.245239
v -0.380518 -0.022984 0.249341
v -0.370495 -0.188519 0.189116
v -0.374969 -0.157207 0.205406
v -0.389492 -0.114921 0.206858
v -0.402561 -0.067064 0.202865
v -0.403502 -0.022984 0.210746
v -0.368451 -0.230996 0.139528
v -0.375350 -0.205049 0.157266
v -0.394297 -0.160890 0.160890
v -0.408585 -0.118319 0.163400
v -0.412378 -0.081128 0.180397
v -0.372289 -0.236915 0.114921
v -0.389605 -0.206858 0.114921
v -0.408804 -0.163186 0.118271
v -0.413086 -0.135906 0.135826
v -0.377660 -0.245217 0.068953
v -0.402386 -0.203083 0.067514
v -0.412262 -0.180039 0.081878
v -0.380666 -0.249732 0.022984
v -0.403651 -0.211021 0.022984
v -0.230680 -0.139429 0.368297
v -0.237090 -0.114921 0.372450
v -0.245239 -0.068953 0.377791
v -0.249341 -0.022984 0.380518
v -0.184881 -0.050483 0.414239
v -0.187762 -0.022984 0.415735
v -0.189116 -0.188519 0.370495
v -0.205406 -0.157207 0.374969
v -0.206858 -0.114921 0.389492
v -0.202865 -0.067065 0.402561
v -0.210747 -0.022984 0.403503
v -0.149751 -0.105261 0.417846
v -0.163400 -0.067065 0.420068
v -0.160890 -0.022984 0.425798
v -0.139528 -0.230996 0.368451
v -0.157266 -0.205049 0.375350
v -0.160890 -0.160890 0.394297
v -0.163400 -0.118319 0.408585
v -0.180397 -0.081128 0.412378
v -0.105181 -0.149393 0.417725
v -0.118271 -0.118319 0.423873
v -0.114921 -0.068953 0.435787
v -0.114921 -0.022984 0.440813
v -0.114921 -0.236915 0.372289
v -0.114921 -0.206858 0.389605
v -0.118271 -0.163186 0.408804
v -0.135826 -0.135906 0.413086
v -0.051232 -0.185243 0.414423
v -0.067514 -0.163186 0.420141
v -0.068953 -0.114921 0.435772
v -0.068953 -0.068953 0.445430
v -0.068953 -0.022984 0.450334
v -0.068953 -0.245217 0.377660
v -0.067514 -0.203083 0.402386
v -0.081878 -0.180039 0.412262
v -0.000000 -0.000000 0.459685
v -0.022984 -0.188037 0.415874
v -0.022984 -0.160890 0.425983
v -0.022984 -0.114921 0.440890
v -0.022984 -0.068953 0.450365
v -0.018388 -0.018388 0.456056
v -0.022984 -0.249732 0.380666
v -0.022984 -0.211021 0.403651
v -0.231350 -0.368808 0.140203
v -0.237522 -0.373109 0.114921
v -0.245928 -0.378731 0.068953
v -0.250104 -0.381193 0.022984
v -0.189443 -0.371045 0.189443
v -0.205603 -0.375891 0.157671
v -0.206858 -0.390170 0.114921
v -0.186034 -0.414822 0.051837
v -0.203558 -0.403042 0.067877
v -0.188636 -0.416177 0.022984
v -0.211620 -0.404177 0.022984
v -0.140203 -0.368808 0.231350
v -0.157671 -0.375891 0.205603
v -0.138516 -0.413970 0.138516
v -0.156660 -0.399171 0.156660
v -0.146866 -0.417421 0.114921
v -0.169850 -0.407793 0.114921
v -0.163094 -0.421200 0.067877
v -0.179887 -0.411927 0.082483
v -0.160890 -0.426814 0.022984
v -0.114921 -0.373109 0.237522
v -0.114921 -0.390170 0.206858
v -0.114921 -0.417421 0.146866
v -0.114921 -0.407793 0.169850
v -0.114921 -0.427158 0.114921
v -0.114921 -0.436721 0.068953
v -0.114921 -0.441720 0.022984
v -0.068953 -0.378731 0.245928
v -0.051837 -0.414822 0.186035
v -0.067877 -0.403042 0.203558
v -0.067877 -0.421200 0.163094
v -0.082483 -0.411927 0.179887
v -0.068953 -0.436721 0.114921
v -0.068953 -0.446342 0.068953
v -0.068953 -0.451334 0.022984
v -0.022984 -0.381193 0.250104
v -0.022984 -0.416177 0.188636
v -0.022984 -0.404177 0.211620
v -0.022984 -0.426814 0.160890
v -0.022984 -0.441720 0.114921
v -0.022984 -0.451334 0.068953
v -0.000000 -0.459685 0.000000
v -0.018388 -0.456594 0.018388
v -0.321820 -0.046264 0.321820
v -0.323291 -0.022984 0.323291
v -0.326269 -0.148335 0.281266
v -0.332994 -0.114921 0.289467
v -0.335650 -0.064533 0.301850
v -0.343668 -0.022984 0.298795
v -0.331372 -0.198829 0.242382
v -0.344144 -0.159205 0.251854
v -0.355978 -0.114921 0.260074
v -0.362072 -0.068953 0.268223
v -0.365141 -0.022984 0.272325
v -0.330662 -0.242075 0.198824
v -0.346340 -0.208997 0.209292
v -0.362018 -0.170075 0.219761
v -0.327071 -0.281893 0.148443
v -0.344189 -0.251858 0.159308
v -0.361308 -0.219165 0.170173
v -0.333346 -0.289274 0.114921
v -0.356330 -0.259900 0.114921
v -0.322253 -0.322262 0.048163
v -0.335971 -0.301320 0.065672
v -0.362148 -0.268201 0.068953
v -0.323618 -0.323624 0.022984
v -0.344322 -0.298795 0.022984
v -0.365467 -0.272716 0.022984
v -0.281266 -0.148335 0.326269
v -0.289467 -0.114921 0.332994
v -0.301850 -0.064533 0.335650
v -0.298795 -0.022984 0.343668
v -0.278306 -0.233087 0.278306
v -0.287461 -0.206858 0.287461
v -0.300381 -0.163658 0.300381
v -0.312451 -0.114921 0.312451
v -0.319210 -0.076909 0.319210
v -0.277829 -0.277721 0.232295
v -0.287560 -0.250176 0.249701
v -0.312560 -0.211235 0.255754
v -0.319496 -0.178981 0.273028
v -0.286898 -0.287581 0.206858
v -0.312110 -0.255569 0.211231
v -0.321527 -0.229475 0.229469
v -0.282101 -0.327055 0.150271
v -0.300661 -0.301067 0.164679
v -0.319222 -0.272721 0.179088
v -0.289508 -0.333327 0.114921
v -0.312493 -0.312259 0.114921
v -0.301383 -0.336133 0.065672
v -0.318430 -0.318326 0.078808
v -0.298795 -0.344531 0.022984
v -0.242382 -0.198829 0.331372
v -0.251854 -0.159205 0.344144
v -0.260074 -0.114921 0.355978
v -0.268223 -0.068953 0.362072
v -0.272325 -0.022984 0.365141
v -0.232295 -0.277721 0.277829
v -0.249701 -0.250176 0.287560
v -0.255754 -0.211235 0.312560
v -0.273028 -0.178981 0.319496
v -0.230994 -0.322683 0.230994
v -0.246967 -0.293043 0.246967
v -0.262941 -0.263732 0.262941
v -0.240799 -0.329286 0.206858
v -0.263783 -0.310565 0.206858
v -0.252648 -0.344293 0.160560
v -0.273946 -0.320241 0.180916
v -0.260506 -0.356312 0.114921
v -0.268913 -0.362345 0.068953
v -0.273088 -0.365671 0.022984
v -0.198824 -0.242075 0.330662
v -0.209292 -0.208997 0.346340
v -0.219761 -0.170075 0.362018
v -0.206858 -0.287581 0.286898
v -0.211231 -0.255569 0.312110
v -0.229469 -0.229475 0.321527
v -0.206858 -0.329286 0.240799
v -0.206858 -0.310565 0.263783
v -0.205603 -0.351635 0.205603
v -0.220089 -0.361531 0.170849
v -0.148443 -0.281893 0.327071
v -0.159308 -0.251858 0.344189
v -0.170174 -0.219165 0.361308
v -0.150271 -0.327055 0.282101
v -0.164679 -0.301067 0.300661
v -0.179088 -0.272721 0.319222
v -0.160560 -0.344293 0.252648
v -0.180916 -0.320241 0.273946
v -0.170849 -0.361531 0.220089
v -0.114921 -0.289274 0.333346
v -0.114921 -0.259900 0.356330
v -0.114921 -0.333327 0.289508
v -0.114921 -0.312259 0.312493
v -0.114921 -0.356312 0.260506
v -0.048163 -0.322262 0.322253
v -0.065672 -0.301320 0.335971
v -0.068953 -0.268201 0.362148
v -0.065672 -0.336133 0.301383
v -0.078808 -0.318326 0.318430
v -0.068953 -0.362345 0.268913
v -0.022984 -0.323624 0.323618
v -0.022984 -0.298795 0.344322
v -0.022984 -0.272716 0.365467
v -0.022984 -0.344531 0.298795
v -0.022984 -0.365671 0.273088
v -0.459685 0.000000 0.000000
v -0.415735 0.022984 0.187762
v -0.414239 0.050483 0.184880
v -0.425798 0.022984 0.160890
v -0.420068 0.067064 0.163400
v -0.417846 0.105261 0.149751
v -0.440812 0.022984 0.114921
v -0.435786 0.068953 0.114921
v -0.423873 0.118319 0.118271
v -0.417725 0.149393 0.105181
v -0.450334 0.022984 0.068953
v -0.445430 0.068953 0.068953
v -0.435772 0.114921 0.068953
v -0.420141 0.163186 0.067514
v -0.414422 0.185243 0.051232
v -0.456056 0.018387 0.018387
v -0.450365 0.068953 0.022984
v -0.440890 0.114921 0.022984
v -0.425983 0.160890 0.022984
v -0.415874 0.188036 0.022984
v -0.380518 0.022984 0.249341
v -0.377791 0.068953 0.245239
v -0.372450 0.114921 0.237090
v -0.368297 0.139429 0.230680
v -0.403502 0.022984 0.210746
v -0.402561 0.067064 0.202865
v -0.389492 0.114921 0.206858
v -0.374969 0.157207 0.205406
v -0.370495 0.188519 0.189116
v -0.412378 0.081128 0.180397
v -0.408585 0.118319 0.163400
v -0.394297 0.160890 0.160890
v -0.375350 0.205048 0.157266
v -0.368451 0.230996 0.139528
v -0.413086 0.135906 0.135826
v -0.408804 0.163186 0.118271
v -0.389605 0.206858 0.114921
v -0.372288 0.236915 0.114921
v -0.412262 0.180039 0.081877
v -0.402386 0.203083 0.067514
v -0.377660 0.245217 0.068953
v -0.403651 0.211021 0.022984
v -0.380666 0.249732 0.022984
v -0.249341 0.022984 0.380518
v -0.245239 0.068953 0.377791
v -0.237090 0.114921 0.372450
v -0.230680 0.139429 0.368297
v -0.187762 0.022984 0.415735
v -0.184880 0.050483 0.414239
v -0.210747 0.022984 0.403503
v -0.202865 0.067064 0.402561
v -0.206858 0.114921 0.389492
v -0.205406 0.157207 0.374969
v -0.189116 0.188519 0.370495
v -0.160890 0.022984 0.425798
v -0.163400 0.067064 0.420068
v -0.149751 0.105261 0.417846
v -0.180397 0.081128 0.412378
v -0.163400 0.118319 0.408585
v -0.160890 0.160890 0.394297
v -0.157266 0.205048 0.375350
v -0.139528 0.230996 0.368451
v -0.114921 0.022984 0.440813
v -0.114921 0.068953 0.435787
v -0.118271 0.118319 0.423873
v -0.105181 0.149393 0.417725
v -0.135826 0.135906 0.413086
v -0.118271 0.163186 0.408804
v -0.114921 0.206858 0.389605
v -0.114921 0.236915 0.372289
v -0.068953 0.022984 0.450334
v -0.068953 0.068953 0.445430
v -0.068953 0.114921 0.435772
v -0.067514 0.163186 0.420141
v -0.051232 0.185243 0.414422
v -0.081877 0.180039 0.412262
v -0.067514 0.203083 0.402386
v -0.068953 0.245217 0.377660
v -0.000000 0.000000 0.459685
v -0.018388 0.018388 0.456056
v -0.022984 0.068953 0.450365
v -0.022984 0.114921 0.440890
v -0.022984 0.160890 0.425983
v -0.022984 0.188037 0.415874
v -0.022984 0.211021 0.403651
v -0.022984 0.249732 0.380666
v -0.323291 0.022984 0.323291
v -0.321820 0.046264 0.321820
v -0.343668 0.022984 0.298795
v -0.335650 0.064533 0.301850
v -0.332994 0.114921 0.289467
v -0.326269 0.148335 0.281266
v -0.365141 0.022984 0.272325
v -0.362072 0.068953 0.268223
v -0.355978 0.114921 0.260074
v -0.344144 0.159205 0.251854
v -0.331372 0.198829 0.242382
v -0.362018 0.170075 0.219761
v -0.346340 0.208997 0.209292
v -0.330662 0.242075 0.198823
v -0.361308 0.219165 0.170173
v -0.344189 0.251858 0.159308
v -0.327071 0.281893 0.148442
v -0.356330 0.259899 0.114921
v -0.333346 0.289274 0.114921
v -0.362148 0.268201 0.068953
v -0.335971 0.301320 0.065672
v -0.322253 0.322261 0.048162
v -0.365467 0.272716 0.022984
v -0.344322 0.298795 0.022984
v -0.323618 0.323624 0.022984
v -0.298795 0.022984 0.343668
v -0.301850 0.064533 0.335650
v -0.289467 0.114921 0.332994
v -0.281266 0.148335 0.326269
v -0.319210 0.076909 0.319210
v -0.312451 0.114921 0.312451
v -0.300381 0.163658 0.300381
v -0.287461 0.206858 0.287461
v -0.278306 0.233086 0.278306
v -0.319496 0.178981 0.273028
v -0.312560 0.211235 0.255754
v -0.287560 0.250176 0.249701
v -0.277829 0.277721 0.232295
v -0.321527 0.229475 0.229469
v -0.312110 0.255569 0.211231
v -0.286898 0.287581 0.206858
v -0.319222 0.272721 0.179088
v -0.300661 0.301067 0.164679
v -0.282101 0.327055 0.150270
v -0.312492 0.312259 0.114921
v -0.289508 0.333327 0.114921
v -0.318430 0.318326 0.078808
v -0.301383 0.336133 0.065672
v -0.298795 0.344531 0.022984
v -0.272325 0.022984 0.365141
v -0.268223 0.068953 0.362072
v -0.260074 0.114921 0.355978
v -0.251854 0.159205 0.344144
v -0.242382 0.198829 0.331372
v -0.273028 0.178981 0.319496
v -0.255754 0.211235 0.312560
v -0.249701 0.250176 0.287560
v -0.232295 0.277721 0.277829
v -0.262940 0.263732 0.262940
v -0.246967 0.293043 0.246967
v -0.230993 0.322683 0.230993
v -0.263783 0.310565 0.206858
v -0.240799 0.329286 0.206858
v -0.273946 0.320241 0.180916
v -0.252648 0.344293 0.160559
v -0.260506 0.356312 0.114921
v -0.268912 0.362345 0.068953
v -0.273088 0.365671 0.022984
v -0.219761 0.170075 0.362018
v -0.209292 0.208997 0.346340
v -0.198823 0.242075 0.330662
v -0.229469 0.229475 0.321527
v -0.211231 0.255569 0.312110
v -0.206858 0.287581 0.286898
v -0.206858 0.310565 0.263783
v -0.206858 0.329286 0.240799
v -0.205603 0.351635 0.205603
v -0.220089 0.361531 0.170848
v -0.170173 0.219165 0.361308
v -0.159308 0.251858 0.344189
v -0.148442 0.281893 0.327071
v -0.179088 0.272721 0.319222
v -0.164679 0.301067 0.300661
v -0.150270 0.327055 0.282101
v -0.180916 0.320241 0.273946
v -0.160559 0.344293 0.252648
v -0.170848 0.361531 0.220089
v -0.114921 0.259900 0.356330
v -0.114921 0.289274 0.333346
v -0.114921 0.312259 0.312492
v -0.114921 0.333327 0.289508
v -0.114921 0.356312 0.260506
v -0.068953 0.268201 0.362148
v -0.065672 0.301320 0.335971
v -0.048162 0.322261 0.322253
v -0.078808 0.318326 0.318430
v -0.065672 0.336133 0.301383
v -0.068953 0.362345 0.268912
v -0.022984 0.272716 0.365467
v -0.022984 0.298795 0.344322
v -0.022984 0.323624 0.323618
v -0.022984 0.344531 0.298795
v -0.022984 0.365671 0.273088
v -0.231350 0.368808 0.140203
v -0.237522 0.373109 0.114921
v -0.245928 0.378731 0.068953
v -0.250104 0.381192 0.022984
v -0.189443 0.371045 0.189443
v -0.205603 0.375891 0.157671
v -0.206858 0.390170 0.114921
v -0.203558 0.403042 0.067877
v -0.186034 0.414822 0.051837
v -0.211620 0.404177 0.022984
v -0.188636 0.416177 0.022984
v -0.140203 0.368808 0.231350
v -0.157671 0.375891 0.205603
v -0.156659 0.399171 0.156659
v -0.138516 0.413970 0.138516
v -0.169850 0.407793 0.114921
v -0.146865 0.417421 0.114921
v -0.179887 0.411927 0.082482
v -0.163094 0.421200 0.067877
v -0.160890 0.426814 0.022984
v -0.114921 0.373109 0.237522
v -0.114921 0.390170 0.206858
v -0.114921 0.407793 0.169850
v -0.114921 0.417421 0.146865
v -0.114921 0.427158 0.114921
v -0.114921 0.436721 0.068953
v -0.114921 0.441719 0.022984
v -0.068953 0.378731 0.245928
v -0.067877 0.403042 0.203558
v -0.051837 0.414822 0.186034
v -0.082482 0.411927 0.179887
v -0.067877 0.421200 0.163094
v -0.068953 0.436721 0.114921
v -0.068953 0.446342 0.068953
v -0.068953 0.451334 0.022984
v -0.022984 0.381193 0.250104
v -0.022984 0.404177 0.211620
v -0.022984 0.416177 0.188636
v -0.022984 0.426814 0.160890
v -0.022984 0.441719 0.114921
v -0.022984 0.451334 0.068953
v -0.022984 0.455821 0.022984
v -0.459685 -0.000000 -0.000000
v -0.415874 -0.188037 -0.022984
v -0.425983 -0.160890 -0.022984
v -0.440890 -0.114921 -0.022984
v -0.450365 -0.068953 -0.022984
v -0.456056 -0.018387 -0.018387
v -0.414422 -0.185243 -0.051232
v -0.420141 -0.163185 -0.067514
v -0.435772 -0.114921 -0.068953
v -0.445430 -0.068953 -0.068953
v -0.450334 -0.022984 -0.068953
v -0.417725 -0.149393 -0.105180
v -0.423873 -0.118318 -0.118270
v -0.435786 -0.068953 -0.114921
v -0.440812 -0.022984 -0.114921
v -0.417846 -0.105260 -0.149750
v -0.420068 -0.067064 -0.163400
v -0.425797 -0.022984 -0.160890
v -0.414239 -0.050481 -0.184880
v -0.415735 -0.022984 -0.187762
v -0.380666 -0.249732 -0.022984
v -0.403651 -0.211021 -0.022984
v -0.377660 -0.245217 -0.068953
v -0.402386 -0.203083 -0.067514
v -0.412262 -0.180039 -0.081877
v -0.372288 -0.236915 -0.114921
v -0.389605 -0.206858 -0.114921
v -0.408804 -0.163185 -0.118270
v -0.413086 -0.135906 -0.135826
v -0.368451 -0.230996 -0.139528
v -0.375350 -0.205048 -0.157266
v -0.394296 -0.160890 -0.160890
v -0.408584 -0.118318 -0.163400
v -0.412378 -0.081127 -0.180396
v -0.370495 -0.188519 -0.189115
v -0.374969 -0.157207 -0.205406
v -0.389491 -0.114921 -0.206858
v -0.402560 -0.067064 -0.202865
v -0.403502 -0.022984 -0.210746
v -0.368297 -0.139428 -0.230679
v -0.372450 -0.114921 -0.237089
v -0.377791 -0.068953 -0.245238
v -0.380518 -0.022984 -0.249340
v -0.250104 -0.381193 -0.022984
v -0.245928 -0.378731 -0.068953
v -0.237522 -0.373109 -0.114921
v -0.231350 -0.368808 -0.140203
v -0.188636 -0.416177 -0.022984
v -0.211620 -0.404177 -0.022984
v -0.186034 -0.414822 -0.051837
v -0.203558 -0.403042 -0.067877
v -0.206858 -0.390170 -0.114921
v -0.205603 -0.375891 -0.157671
v -0.189443 -0.371045 -0.189443
v -0.160890 -0.426814 -0.022984
v -0.163094 -0.421200 -0.067877
v -0.179887 -0.411927 -0.082482
v -0.146865 -0.417421 -0.114921
v -0.169849 -0.407793 -0.114921
v -0.138516 -0.413970 -0.138516
v -0.156659 -0.399171 -0.156659
v -0.157671 -0.375891 -0.205603
v -0.140202 -0.368808 -0.231350
v -0.114921 -0.441720 -0.022984
v -0.114921 -0.436721 -0.068953
v -0.114921 -0.427158 -0.114921
v -0.114921 -0.417421 -0.146865
v -0.114921 -0.407793 -0.169849
v -0.114921 -0.390169 -0.206858
v -0.114921 -0.373109 -0.237522
v -0.068953 -0.451334 -0.022984
v -0.068953 -0.446342 -0.068953
v -0.068953 -0.436721 -0.114921
v -0.067877 -0.421200 -0.163094
v -0.082482 -0.411927 -0.179887
v -0.051836 -0.414822 -0.186034
v -0.067877 -0.403042 -0.203558
v -0.068953 -0.378731 -0.245928
v -0.000000 -0.459685 -0.000000
v -0.018388 -0.456594 -0.018388
v -0.022984 -0.451334 -0.068953
v -0.022984 -0.441719 -0.114921
v -0.022984 -0.426814 -0.160890
v -0.022984 -0.416177 -0.188636
v -0.022984 -0.404177 -0.211620
v -0.022984 -0.381192 -0.250103
v -0.323618 -0.323624 -0.022984
v -0.344322 -0.298795 -0.022984
v -0.365467 -0.272716 -0.022984
v -0.322253 -0.322261 -0.048162
v -0.335971 -0.301320 -0.065672
v -0.362148 -0.268201 -0.068953
v -0.333346 -0.289274 -0.114921
v -0.356330 -0.259899 -0.114921
v -0.327071 -0.281893 -0.148442
v -0.344189 -0.251858 -0.159308
v -0.361308 -0.219164 -0.170173
v -0.330662 -0.242075 -0.198823
v -0.346340 -0.208997 -0.209292
v -0.362018 -0.170074 -0.219761
v -0.331372 -0.198829 -0.242382
v -0.344143 -0.159204 -0.251854
v -0.355978 -0.114921 -0.260074
v -0.362072 -0.068953 -0.268222
v -0.365141 -0.022984 -0.272324
v -0.326269 -0.148335 -0.281266
v -0.332993 -0.114921 -0.289467
v -0.335650 -0.064532 -0.301850
v -0.342582 -0.022984 -0.298795
v -0.321819 -0.046261 -0.321819
v -0.322205 -0.022984 -0.322220
v -0.298795 -0.344531 -0.022984
v -0.301383 -0.336133 -0.065672
v -0.318430 -0.318326 -0.078808
v -0.289508 -0.333327 -0.114921
v -0.312492 -0.312259 -0.114921
v -0.282101 -0.327055 -0.150270
v -0.300661 -0.301067 -0.164679
v -0.319221 -0.272720 -0.179088
v -0.286897 -0.287581 -0.206858
v -0.312109 -0.255569 -0.211231
v -0.321526 -0.229474 -0.229469
v -0.277828 -0.277720 -0.232295
v -0.287560 -0.250176 -0.249701
v -0.312560 -0.211234 -0.255754
v -0.319495 -0.178980 -0.273028
v -0.278305 -0.233086 -0.278305
v -0.287461 -0.206858 -0.287461
v -0.300381 -0.163657 -0.300381
v -0.312451 -0.114921 -0.312451
v -0.319209 -0.076907 -0.319209
v -0.281266 -0.148335 -0.326269
v -0.289467 -0.114921 -0.332993
v -0.301850 -0.064532 -0.335960
v -0.295679 -0.023360 -0.348398
v -0.273088 -0.365671 -0.022984
v -0.268912 -0.362345 -0.068953
v -0.260506 -0.356312 -0.114921
v -0.252648 -0.344293 -0.160559
v -0.273946 -0.320240 -0.180916
v -0.240799 -0.329286 -0.206858
v -0.263783 -0.310565 -0.206858
v -0.230993 -0.322682 -0.230993
v -0.246967 -0.293043 -0.246967
v -0.262940 -0.263732 -0.262940
v -0.232295 -0.277720 -0.277828
v -0.249701 -0.250176 -0.287560
v -0.255754 -0.211234 -0.312560
v -0.273028 -0.178980 -0.319495
v -0.242382 -0.198829 -0.331372
v -0.251853 -0.159204 -0.344143
v -0.260073 -0.114921 -0.355978
v -0.269178 -0.068953 -0.362460
v -0.273464 -0.038933 -0.365557
v -0.220089 -0.361531 -0.170848
v -0.205603 -0.351635 -0.205603
v -0.206858 -0.329286 -0.240799
v -0.206858 -0.310565 -0.263783
v -0.206858 -0.287581 -0.286897
v -0.211231 -0.255569 -0.312109
v -0.229469 -0.229474 -0.321526
v -0.198823 -0.242075 -0.330662
v -0.209292 -0.208996 -0.346340
v -0.219761 -0.170074 -0.362018
v -0.170848 -0.361531 -0.220089
v -0.160559 -0.344293 -0.252648
v -0.180916 -0.320240 -0.273946
v -0.150270 -0.327055 -0.282100
v -0.164679 -0.301066 -0.300661
v -0.179088 -0.272720 -0.319221
v -0.148442 -0.281893 -0.327071
v -0.159307 -0.251858 -0.344189
v -0.170173 -0.219164 -0.361308
v -0.114921 -0.356311 -0.260506
v -0.114921 -0.333327 -0.289508
v -0.114921 -0.312258 -0.312492
v -0.114921 -0.289274 -0.333345
v -0.114921 -0.259899 -0.356330
v -0.068953 -0.362344 -0.268912
v -0.065672 -0.336133 -0.301382
v -0.078807 -0.318326 -0.318430
v -0.048161 -0.322261 -0.322253
v -0.065672 -0.301320 -0.335971
v -0.068953 -0.268201 -0.362148
v -0.022984 -0.365671 -0.273088
v -0.022984 -0.344530 -0.298795
v -0.022984 -0.323624 -0.323618
v -0.022984 -0.298795 -0.344321
v -0.022984 -0.272715 -0.365467
v -0.278279 -0.008288 -0.370957
v -0.230679 -0.139428 -0.368297
v -0.237089 -0.114921 -0.372572
v -0.246193 -0.068953 -0.381475
v -0.254212 -0.024317 -0.390885
v -0.234960 -0.009701 -0.419052
v -0.189115 -0.188519 -0.370495
v -0.205406 -0.157207 -0.374968
v -0.202340 -0.110434 -0.395237
v -0.215760 -0.068953 -0.404459
v -0.226258 -0.040347 -0.410813
v -0.184004 -0.092120 -0.413805
v -0.192775 -0.068953 -0.421275
v -0.206761 -0.022811 -0.436702
v -0.187264 -0.005274 -0.462154
v -0.139527 -0.230996 -0.368451
v -0.157266 -0.205048 -0.375350
v -0.160890 -0.160890 -0.394421
v -0.160890 -0.125877 -0.408431
v -0.160890 -0.102893 -0.420596
v -0.160516 -0.068046 -0.443601
v -0.175589 -0.035920 -0.454352
v -0.144943 -0.052119 -0.463610
v -0.160516 -0.021552 -0.470054
v -0.114921 -0.236915 -0.372288
v -0.114921 -0.206858 -0.389604
v -0.118622 -0.163278 -0.408904
v -0.136411 -0.137008 -0.413253
v -0.105766 -0.149547 -0.418213
v -0.114566 -0.114672 -0.435830
v -0.123367 -0.082764 -0.453447
v -0.092721 -0.092336 -0.460010
v -0.110795 -0.068046 -0.468296
v -0.112695 -0.020529 -0.493021
v -0.095888 -0.003569 -0.507069
v -0.068953 -0.245216 -0.377659
v -0.067513 -0.203083 -0.402385
v -0.081876 -0.180193 -0.412262
v -0.051230 -0.185243 -0.414423
v -0.067513 -0.163278 -0.421751
v -0.068953 -0.118854 -0.446214
v -0.068953 -0.095869 -0.462699
v -0.068953 -0.068953 -0.480245
v -0.068953 -0.034083 -0.500216
v -0.068953 -0.011099 -0.510563
v -0.022984 -0.249731 -0.380666
v -0.022984 -0.211020 -0.403650
v -0.022984 -0.188036 -0.415874
v -0.022984 -0.160890 -0.429349
v -0.022984 -0.124061 -0.450176
v -0.022984 -0.101077 -0.466407
v -0.022984 -0.068953 -0.487218
v -0.022984 -0.041488 -0.503480
v -0.022984 -0.018504 -0.513919
v -0.459685 0.000000 -0.000000
v -0.456056 0.018387 -0.018387
v -0.450365 0.068953 -0.022984
v -0.440890 0.114921 -0.022984
v -0.425983 0.160890 -0.022984
v -0.415874 0.188036 -0.022984
v -0.450334 0.022984 -0.068953
v -0.445430 0.068953 -0.068953
v -0.435771 0.114921 -0.068953
v -0.420141 0.163185 -0.067514
v -0.414422 0.185243 -0.051231
v -0.440812 0.022984 -0.114921
v -0.435786 0.068953 -0.114921
v -0.423873 0.118318 -0.118270
v -0.417725 0.149393 -0.105180
v -0.425797 0.022984 -0.160890
v -0.420068 0.067064 -0.163400
v -0.417846 0.105260 -0.149750
v -0.415735 0.022984 -0.187762
v -0.414239 0.050481 -0.184880
v -0.403651 0.211021 -0.022984
v -0.380666 0.249732 -0.022984
v -0.412262 0.180039 -0.081877
v -0.402386 0.203083 -0.067514
v -0.377660 0.245217 -0.068953
v -0.413086 0.135906 -0.135826
v -0.408804 0.163185 -0.118270
v -0.389605 0.206858 -0.114921
v -0.372288 0.236915 -0.114921
v -0.412378 0.081127 -0.180396
v -0.408584 0.118318 -0.163400
v -0.394296 0.160890 -0.160890
v -0.375350 0.205048 -0.157266
v -0.368451 0.230996 -0.139527
v -0.403502 0.022984 -0.210746
v -0.402560 0.067064 -0.202865
v -0.389491 0.114921 -0.206858
v -0.374968 0.157207 -0.205406
v -0.370495 0.188519 -0.189115
v -0.380518 0.022984 -0.249340
v -0.377791 0.068953 -0.245238
v -0.372450 0.114921 -0.237138
v -0.368297 0.139428 -0.230744
v -0.365467 0.272716 -0.022984
v -0.344322 0.298795 -0.022984
v -0.323618 0.323624 -0.022984
v -0.362148 0.268201 -0.068953
v -0.335971 0.301320 -0.065672
v -0.322253 0.322261 -0.048162
v -0.356330 0.259899 -0.114921
v -0.333346 0.289274 -0.114921
v -0.361308 0.219164 -0.170173
v -0.344189 0.252150 -0.159707
v -0.327071 0.281893 -0.149241
v -0.362744 0.170074 -0.219761
v -0.353038 0.205048 -0.205406
v -0.330129 0.242735 -0.206858
v -0.365141 0.022984 -0.272324
v -0.362486 0.068953 -0.268222
v -0.358197 0.114921 -0.260122
v -0.352380 0.157207 -0.248771
v -0.331205 0.208422 -0.253439
v -0.324030 0.234217 -0.238525
v -0.343192 0.022984 -0.298795
v -0.340834 0.068953 -0.298795
v -0.336219 0.114921 -0.298795
v -0.328052 0.157763 -0.299723
v -0.324920 0.194142 -0.285019
v -0.322815 0.022984 -0.323117
v -0.323112 0.068953 -0.324087
v -0.322786 0.114921 -0.323833
v -0.322198 0.140355 -0.322678
v -0.298795 0.344531 -0.022984
v -0.318430 0.318326 -0.078808
v -0.301382 0.336133 -0.065672
v -0.312492 0.312258 -0.114921
v -0.289508 0.333385 -0.114921
v -0.319955 0.273303 -0.179886
v -0.306250 0.297848 -0.163094
v -0.280752 0.326058 -0.160890
v -0.316107 0.265719 -0.206858
v -0.289839 0.303245 -0.208049
v -0.276110 0.322131 -0.193520
v -0.320112 0.224788 -0.269170
v -0.312088 0.250855 -0.253439
v -0.287932 0.294936 -0.252827
v -0.319553 0.171001 -0.315665
v -0.315459 0.208422 -0.299723
v -0.298316 0.252827 -0.298795
v -0.281562 0.284842 -0.298795
v -0.305217 0.022984 -0.346102
v -0.309623 0.068953 -0.347071
v -0.311297 0.114921 -0.346818
v -0.310679 0.157763 -0.340706
v -0.297070 0.206858 -0.344764
v -0.281988 0.248872 -0.341402
v -0.276902 0.277429 -0.323838
v -0.273088 0.365671 -0.022984
v -0.268912 0.362344 -0.068953
v -0.260751 0.356370 -0.114921
v -0.254935 0.349042 -0.160890
v -0.275631 0.321534 -0.224166
v -0.258376 0.340378 -0.208049
v -0.272952 0.317920 -0.252827
v -0.246417 0.347623 -0.250198
v -0.265469 0.307826 -0.298795
v -0.242485 0.335371 -0.298795
v -0.268003 0.261558 -0.354484
v -0.251505 0.297096 -0.342635
v -0.235008 0.327475 -0.330786
v -0.226425 0.364852 -0.263769
v -0.219495 0.358355 -0.298795
v -0.225583 0.316762 -0.361432
v -0.207200 0.344674 -0.344790
v -0.175009 0.361874 -0.358793
v -0.250104 0.381192 -0.022984
v -0.245928 0.378731 -0.068953
v -0.237767 0.373268 -0.114921
v -0.231951 0.369378 -0.160890
v -0.231168 0.368957 -0.206858
v -0.230633 0.368459 -0.233123
v -0.211620 0.404177 -0.022984
v -0.188636 0.416177 -0.022984
v -0.203558 0.403117 -0.068055
v -0.186034 0.414822 -0.052134
v -0.206858 0.391819 -0.114921
v -0.206858 0.387028 -0.160890
v -0.206858 0.387027 -0.206858
v -0.209405 0.380697 -0.250198
v -0.196511 0.377416 -0.298795
v -0.188818 0.371404 -0.328148
v -0.160890 0.426814 -0.022984
v -0.180123 0.412052 -0.082780
v -0.163236 0.421200 -0.068055
v -0.175011 0.409284 -0.114921
v -0.152026 0.419918 -0.114921
v -0.173857 0.408383 -0.160890
v -0.150872 0.420261 -0.160890
v -0.175170 0.408802 -0.206858
v -0.152186 0.421199 -0.206858
v -0.170557 0.406385 -0.252827
v -0.147572 0.418645 -0.252827
v -0.158622 0.400932 -0.297405
v -0.141787 0.415454 -0.281155
v -0.160168 0.379466 -0.343988
v -0.114921 0.441719 -0.022984
v -0.114921 0.436833 -0.068953
v -0.114921 0.432669 -0.114921
v -0.114921 0.434489 -0.160890
v -0.114921 0.436747 -0.206858
v -0.114921 0.431911 -0.252827
v -0.129047 0.410165 -0.311801
v -0.114203 0.420632 -0.297405
v -0.114203 0.401638 -0.343171
v -0.098401 0.416131 -0.326786
v -0.068953 0.451334 -0.022984
v -0.068953 0.446644 -0.068953
v -0.068953 0.444012 -0.114921
v -0.068953 0.447331 -0.160890
v -0.068953 0.449141 -0.206858
v -0.068953 0.444537 -0.252827
v -0.068953 0.433775 -0.298795
v -0.068953 0.408434 -0.357755
v -0.068953 0.420279 -0.334771
v -0.022984 0.455821 -0.022984
v -0.022984 0.451628 -0.068953
v -0.022984 0.450293 -0.114921
v -0.022984 0.453863 -0.160890
v -0.022984 0.455098 -0.206858
v -0.022984 0.450542 -0.252827
v -0.022984 0.440098 -0.298795
v -0.022984 0.412126 -0.364833
v -0.022984 0.423424 -0.341848
v -0.282232 0.022984 -0.376890
v -0.286639 0.068953 -0.383721
v -0.288313 0.114921 -0.386392
v -0.286589 0.160890 -0.383714
v -0.280735 0.206858 -0.374912
v -0.276332 0.230912 -0.368555
v -0.264478 0.022984 -0.399875
v -0.270403 0.068953 -0.406705
v -0.272525 0.114921 -0.409377
v -0.270408 0.160890 -0.406698
v -0.263592 0.206858 -0.397896
v -0.251002 0.249449 -0.388431
v -0.237357 0.286116 -0.377662
v -0.241493 0.022984 -0.425856
v -0.247419 0.068953 -0.432174
v -0.249541 0.114921 -0.434248
v -0.247424 0.160890 -0.431688
v -0.240608 0.206858 -0.424742
v -0.234002 0.237341 -0.418071
v -0.224959 0.267987 -0.408308
v -0.209948 0.301695 -0.393563
v -0.194937 0.331228 -0.378818
v -0.216963 0.022984 -0.448840
v -0.224576 0.068953 -0.455159
v -0.226952 0.114921 -0.457232
v -0.223844 0.160890 -0.454672
v -0.215938 0.206858 -0.447726
v -0.205772 0.250740 -0.435531
v -0.194313 0.286627 -0.422345
v -0.193978 0.022984 -0.467130
v -0.201592 0.068953 -0.472974
v -0.203968 0.114921 -0.474546
v -0.200860 0.160890 -0.472000
v -0.192954 0.206858 -0.466274
v -0.186584 0.233494 -0.461604
v -0.178680 0.317273 -0.409463
v -0.161522 0.345575 -0.391416
v -0.173656 0.264139 -0.452991
v -0.160845 0.298773 -0.436899
v -0.148034 0.329277 -0.420807
v -0.156883 0.026606 -0.490561
v -0.165989 0.068953 -0.495958
v -0.168980 0.114921 -0.497530
v -0.164936 0.160890 -0.494984
v -0.156546 0.202696 -0.489789
v -0.159356 0.250421 -0.469047
v -0.143010 0.280273 -0.462628
v -0.138889 0.044344 -0.506158
v -0.143004 0.068953 -0.508183
v -0.145996 0.114921 -0.509717
v -0.141952 0.160890 -0.507731
v -0.138328 0.184598 -0.505873
v -0.114921 0.361123 -0.405524
v -0.114921 0.312453 -0.452595
v -0.114921 0.338139 -0.429610
v -0.126533 0.013698 -0.501218
v -0.126036 0.215244 -0.501073
v -0.112396 0.249966 -0.491846
v -0.114921 0.289468 -0.468845
v -0.112695 0.026606 -0.510421
v -0.114921 0.068953 -0.518512
v -0.114921 0.114921 -0.521279
v -0.114921 0.160890 -0.517909
v -0.112396 0.202696 -0.510088
v -0.095390 0.232735 -0.506923
v -0.088124 0.366740 -0.412497
v -0.086942 0.320204 -0.458464
v -0.072210 0.345701 -0.437743
v -0.068953 0.261896 -0.498901
v -0.070552 0.302447 -0.474089
v -0.056296 0.324661 -0.462050
v -0.068953 0.022984 -0.522056
v -0.068953 0.068953 -0.531032
v -0.068953 0.114921 -0.533308
v -0.068953 0.160890 -0.530402
v -0.068953 0.206858 -0.520648
v -0.068953 0.238912 -0.509671
v -0.022984 0.350461 -0.443145
v -0.022984 0.268512 -0.502146
v -0.022984 0.298795 -0.483776
v -0.022984 0.327476 -0.464299
v -0.022984 0.022984 -0.528401
v -0.022984 0.068953 -0.537361
v -0.022984 0.114921 -0.539996
v -0.022984 0.160890 -0.536711
v -0.022984 0.206858 -0.526556
v -0.022984 0.245528 -0.512615
v -0.144364 0.371852 -0.373368
v -0.114921 0.378297 -0.382540
v -0.071262 0.383600 -0.394597
v -0.057478 0.370567 -0.417021
v -0.022984 0.394792 -0.390733
v -0.022984 0.373398 -0.420160
v 0.000000 -0.000000 0.459685
v 0.022984 -0.188037 0.415874
v 0.022984 -0.160890 0.425983
v 0.022984 -0.114921 0.440890
v 0.022984 -0.068953 0.450365
v 0.018388 -0.018388 0.456056
v 0.022984 -0.249732 0.380666
v 0.022984 -0.211021 0.403651
v 0.051232 -0.185243 0.414422
v 0.067514 -0.163186 0.420141
v 0.068953 -0.114921 0.435772
v 0.068953 -0.068953 0.445430
v 0.068953 -0.022984 0.450334
v 0.068953 -0.245217 0.377660
v 0.067514 -0.203083 0.402386
v 0.081877 -0.180039 0.412262
v 0.105180 -0.149393 0.417725
v 0.118271 -0.118318 0.423873
v 0.114921 -0.068953 0.435786
v 0.114921 -0.022984 0.440812
v 0.114921 -0.236915 0.372288
v 0.114921 -0.206858 0.389605
v 0.118271 -0.163186 0.408804
v 0.135826 -0.135906 0.413086
v 0.149751 -0.105260 0.417846
v 0.163400 -0.067064 0.420068
v 0.160890 -0.022984 0.425798
v 0.139528 -0.230996 0.368451
v 0.157266 -0.205048 0.375350
v 0.160890 -0.160890 0.394297
v 0.163400 -0.118318 0.408584
v 0.180396 -0.081127 0.412378
v 0.184880 -0.050482 0.414239
v 0.187762 -0.022984 0.415735
v 0.189115 -0.188519 0.370495
v 0.205406 -0.157207 0.374969
v 0.206858 -0.114921 0.389492
v 0.202865 -0.067064 0.402560
v 0.210746 -0.022984 0.403502
v 0.230679 -0.139429 0.368297
v 0.237089 -0.114921 0.372450
v 0.245238 -0.068953 0.377791
v 0.249340 -0.022984 0.380518
v 0.022984 -0.381193 0.250104
v 0.022984 -0.416177 0.188636
v 0.022984 -0.404177 0.211620
v 0.022984 -0.426814 0.160890
v 0.022984 -0.441720 0.114921
v 0.022984 -0.451334 0.068953
v 0.000000 -0.459685 0.000000
v 0.018388 -0.456594 0.018388
v 0.068953 -0.378731 0.245928
v 0.051837 -0.414822 0.186034
v 0.067877 -0.403042 0.203558
v 0.067877 -0.421200 0.163094
v 0.082483 -0.411927 0.179887
v 0.068953 -0.436721 0.114921
v 0.068953 -0.446342 0.068953
v 0.068953 -0.451334 0.022984
v 0.114921 -0.373109 0.237522
v 0.114921 -0.390170 0.206858
v 0.114921 -0.417421 0.146865
v 0.114921 -0.407793 0.169850
v 0.114921 -0.427158 0.114921
v 0.114921 -0.436721 0.068953
v 0.114921 -0.441719 0.022984
v 0.140203 -0.368808 0.231350
v 0.157671 -0.375891 0.205603
v 0.138516 -0.413970 0.138516
v 0.156659 -0.399171 0.156659
v 0.146865 -0.417421 0.114921
v 0.169849 -0.407793 0.114921
v 0.163094 -0.421200 0.067877
v 0.179887 -0.411927 0.082482
v 0.160890 -0.426814 0.022984
v 0.189443 -0.371045 0.189443
v 0.205603 -0.375891 0.157671
v 0.206858 -0.390169 0.114921
v 0.186034 -0.414822 0.051836
v 0.203558 -0.403042 0.067877
v 0.188636 -0.416177 0.022984
v 0.211620 -0.404177 0.022984
v 0.231350 -0.368808 0.140202
v 0.237522 -0.373109 0.114921
v 0.245928 -0.378731 0.068953
v 0.250103 -0.381192 0.022984
v 0.022984 -0.323624 0.323618
v 0.022984 -0.298795 0.344322
v 0.022984 -0.272716 0.365467
v 0.022984 -0.344531 0.298795
v 0.022984 -0.365671 0.273088
v 0.048163 -0.322261 0.322253
v 0.065672 -0.301320 0.335971
v 0.068953 -0.268201 0.362148
v 0.065672 -0.336133 0.301383
v 0.078808 -0.318326 0.318430
v 0.068953 -0.362345 0.268913
v 0.114921 -0.289274 0.333346
v 0.114921 -0.259899 0.356330
v 0.114921 -0.333327 0.289508
v 0.114921 -0.312259 0.312492
v 0.114921 -0.356312 0.260506
v 0.148442 -0.281893 0.327071
v 0.159308 -0.251858 0.344189
v 0.170173 -0.219165 0.361308
v 0.150270 -0.327055 0.282101
v 0.164679 -0.301067 0.300661
v 0.179088 -0.272721 0.319221
v 0.160559 -0.344293 0.252648
v 0.180916 -0.320240 0.273946
v 0.170848 -0.361531 0.220089
v 0.198823 -0.242075 0.330662
v 0.209292 -0.208997 0.346340
v 0.219761 -0.170074 0.362018
v 0.206858 -0.287581 0.286898
v 0.211231 -0.255569 0.312109
v 0.229469 -0.229475 0.321526
v 0.206858 -0.329286 0.240799
v 0.206858 -0.310565 0.263783
v 0.205603 -0.351635 0.205603
v 0.220089 -0.361531 0.170848
v 0.242382 -0.198829 0.331372
v 0.251854 -0.159205 0.344143
v 0.260074 -0.114921 0.355978
v 0.268223 -0.068953 0.362072
v 0.272325 -0.022984 0.365141
v 0.232295 -0.277720 0.277828
v 0.249701 -0.250176 0.287560
v 0.255754 -0.211234 0.312560
v 0.273028 -0.178980 0.319495
v 0.230993 -0.322683 0.230993
v 0.246967 -0.293043 0.246967
v 0.262940 -0.263732 0.262940
v 0.240799 -0.329286 0.206858
v 0.263783 -0.310565 0.206858
v 0.252648 -0.344293 0.160559
v 0.273946 -0.320240 0.180916
v 0.260506 -0.356311 0.114921
v 0.268912 -0.362344 0.068953
v 0.273088 -0.365671 0.022984
v 0.281266 -0.148335 0.326269
v 0.289467 -0.114921 0.332993
v 0.301850 -0.064532 0.335650
v 0.298795 -0.022984 0.343667
v 0.278306 -0.233086 0.278306
v 0.287461 -0.206858 0.287461
v 0.300381 -0.163658 0.300381
v 0.312451 -0.114921 0.312451
v 0.319209 -0.076908 0.319209
v 0.277828 -0.277720 0.232295
v 0.287560 -0.250176 0.249701
v 0.312560 -0.211234 0.255754
v 0.319495 -0.178980 0.273028
v 0.286897 -0.287581 0.206858
v 0.312109 -0.255569 0.211231
v 0.321526 -0.229474 0.229469
v 0.282100 -0.327055 0.150270
v 0.300661 -0.301066 0.164679
v 0.319221 -0.272720 0.179088
v 0.289508 -0.333327 0.114921
v 0.312492 -0.312258 0.114921
v 0.301382 -0.336133 0.065672
v 0.318430 -0.318326 0.078807
v 0.298795 -0.344531 0.022984
v 0.321819 -0.046262 0.321819
v 0.323290 -0.022984 0.323290
v 0.326269 -0.148335 0.281266
v 0.332993 -0.114921 0.289467
v 0.335650 -0.064532 0.301850
v 0.343667 -0.022984 0.298795
v 0.331372 -0.198829 0.242382
v 0.344143 -0.159204 0.251853
v 0.355978 -0.114921 0.260073
v 0.362072 -0.068953 0.268222
v 0.365141 -0.022984 0.272325
v 0.330662 -0.242075 0.198823
v 0.346340 -0.208997 0.209292
v 0.362018 -0.170074 0.219761
v 0.327071 -0.281893 0.148442
v 0.344189 -0.251858 0.159307
v 0.361308 -0.219164 0.170173
v 0.333345 -0.289274 0.114921
v 0.356330 -0.259899 0.114921
v 0.322253 -0.322261 0.048161
v 0.335971 -0.301320 0.065672
v 0.362148 -0.268201 0.068953
v 0.323618 -0.323624 0.022984
v 0.344321 -0.298795 0.022984
v 0.365467 -0.272715 0.022984
v 0.368297 -0.139428 0.230679
v 0.372450 -0.114921 0.237089
v 0.377791 -0.068953 0.245238
v 0.380518 -0.022984 0.249340
v 0.370495 -0.188519 0.189115
v 0.374968 -0.157207 0.205406
v 0.389491 -0.114921 0.206858
v 0.402560 -0.067063 0.202865
v 0.403502 -0.022984 0.210746
v 0.368451 -0.230996 0.139527
v 0.375350 -0.205048 0.157266
v 0.394296 -0.160890 0.160890
v 0.408584 -0.118318 0.163400
v 0.412378 -0.081126 0.180396
v 0.372288 -0.236915 0.114921
v 0.389604 -0.206858 0.114921
v 0.408804 -0.163185 0.118270
v 0.413086 -0.135906 0.135826
v 0.377659 -0.245216 0.068953
v 0.402386 -0.203083 0.067513
v 0.412262 -0.180038 0.081876
v 0.380666 -0.249731 0.022984
v 0.403650 -0.211020 0.022984
v 0.414239 -0.050481 0.184880
v 0.415735 -0.022984 0.187762
v 0.417846 -0.105260 0.149750
v 0.420067 -0.067063 0.163400
v 0.425797 -0.022984 0.160890
v 0.417725 -0.149393 0.105180
v 0.423873 -0.118318 0.118270
v 0.435786 -0.068953 0.114921
v 0.440812 -0.022984 0.114921
v 0.414422 -0.185243 0.051230
v 0.420141 -0.163185 0.067513
v 0.435771 -0.114921 0.068953
v 0.445429 -0.068953 0.068953
v 0.450333 -0.022984 0.068953
v 0.415873 -0.188036 0.022984
v 0.425982 -0.160890 0.022984
v 0.440890 -0.114921 0.022984
v 0.450364 -0.068953 0.022984
v 0.455148 -0.022984 0.022984
v 0.000000 0.000000 0.459685
v 0.018388 0.018388 0.456056
v 0.022984 0.068953 0.450365
v 0.022984 0.114921 0.440890
v 0.022984 0.160890 0.425983
v 0.022984 0.188036 0.415874
v 0.022984 0.211021 0.403651
v 0.022984 0.249732 0.380666
v 0.068953 0.022984 0.450334
v 0.068953 0.068953 0.445430
v 0.068953 0.114921 0.435772
v 0.067514 0.163185 0.420141
v 0.051231 0.185243 0.414422
v 0.081877 0.180039 0.412262
v 0.067514 0.203083 0.402386
v 0.068953 0.245217 0.377660
v 0.114921 0.022984 0.440812
v 0.114921 0.068953 0.435786
v 0.118270 0.118318 0.423873
v 0.105180 0.149393 0.417725
v 0.135826 0.135906 0.413086
v 0.118270 0.163185 0.408804
v 0.114921 0.206858 0.389605
v 0.114921 0.236915 0.372288
v 0.160890 0.022984 0.425798
v 0.163400 0.067064 0.420068
v 0.149750 0.105260 0.417846
v 0.180396 0.081127 0.412378
v 0.163400 0.118318 0.408584
v 0.160890 0.160890 0.394296
v 0.157266 0.205048 0.375350
v 0.139528 0.230996 0.368451
v 0.187762 0.022984 0.415735
v 0.184880 0.050482 0.414239
v 0.210746 0.022984 0.403502
v 0.202865 0.067064 0.402560
v 0.206858 0.114921 0.389492
v 0.205406 0.157207 0.374969
v 0.189115 0.188519 0.370495
v 0.249340 0.022984 0.380518
v 0.245238 0.068953 0.377791
v 0.237089 0.114921 0.372450
v 0.230679 0.139429 0.368297
v 0.022984 0.272716 0.365467
v 0.022984 0.298795 0.344322
v 0.022984 0.323624 0.323618
v 0.022984 0.344531 0.298795
v 0.022984 0.365671 0.273088
v 0.068953 0.268201 0.362148
v 0.065672 0.301320 0.335971
v 0.048162 0.322261 0.322253
v 0.078808 0.318326 0.318430
v 0.065672 0.336133 0.301382
v 0.068953 0.362344 0.268912
v 0.114921 0.259899 0.356330
v 0.114921 0.289274 0.333346
v 0.114921 0.312258 0.312492
v 0.114921 0.333327 0.289508
v 0.114921 0.356311 0.260506
v 0.170173 0.219164 0.361308
v 0.159308 0.251858 0.344189
v 0.148442 0.281893 0.327071
v 0.179088 0.272720 0.319221
v 0.164679 0.301067 0.300661
v 0.150270 0.327055 0.282101
v 0.180916 0.320240 0.273946
v 0.160559 0.344293 0.252648
v 0.170848 0.361531 0.220089
v 0.219761 0.170074 0.362018
v 0.209292 0.208997 0.346340
v 0.198823 0.242075 0.330662
v 0.229469 0.229474 0.321526
v 0.211231 0.255569 0.312109
v 0.206858 0.287581 0.286897
v 0.206858 0.310565 0.263783
v 0.206858 0.329286 0.240799
v 0.205603 0.351635 0.205603
v 0.220089 0.361531 0.170848
v 0.272325 0.022984 0.365141
v 0.268222 0.068953 0.362072
v 0.260074 0.114921 0.355978
v 0.251854 0.159204 0.344143
v 0.242382 0.198829 0.331372
v 0.273028 0.178980 0.319495
v 0.255754 0.211234 0.312560
v 0.249701 0.250176 0.287560
v 0.232295 0.277720 0.277828
v 0.262940 0.263732 0.262940
v 0.246967 0.293043 0.246967
v 0.230993 0.322682 0.230993
v 0.263783 0.310565 0.206858
v 0.240798 0.329286 0.206858
v 0.273946 0.320240 0.180916
v 0.252648 0.344293 0.160559
v 0.260506 0.356311 0.114921
v 0.268912 0.362344 0.068953
v 0.273088 0.365671 0.022984
v 0.298795 0.022984 0.343667
v 0.301850 0.064532 0.335650
v 0.289467 0.114921 0.332993
v 0.281266 0.148335 0.326269
v 0.319209 0.076908 0.319209
v 0.312451 0.114921 0.312451
v 0.300381 0.163658 0.300381
v 0.287461 0.206858 0.287461
v 0.278305 0.233086 0.278306
v 0.319495 0.178980 0.273028
v 0.312560 0.211234 0.255754
v 0.287560 0.250176 0.249701
v 0.277828 0.277720 0.232294
v 0.321526 0.229474 0.229469
v 0.312109 0.255569 0.211231
v 0.286897 0.287580 0.206858
v 0.319221 0.272720 0.179088
v 0.300661 0.301066 0.164679
v 0.282100 0.327055 0.150270
v 0.312492 0.312258 0.114921
v 0.289508 0.333327 0.114921
v 0.318430 0.318326 0.078807
v 0.301382 0.336133 0.065671
v 0.298795 0.344530 0.022984
v 0.323290 0.022984 0.323290
v 0.321819 0.046262 0.321819
v 0.343667 0.022984 0.298795
v 0.335650 0.064532 0.301850
v 0.332993 0.114921 0.289467
v 0.326269 0.148335 0.281266
v 0.365141 0.022984 0.272325
v 0.362072 0.068953 0.268222
v 0.355978 0.114921 0.260073
v 0.344143 0.159204 0.251853
v 0.331372 0.198829 0.242382
v 0.362018 0.170074 0.219761
v 0.346340 0.208996 0.209292
v 0.330662 0.242075 0.198823
v 0.361308 0.219164 0.170173
v 0.344189 0.251858 0.159307
v 0.327071 0.281893 0.148442
v 0.356330 0.259899 0.114921
v 0.333345 0.289274 0.114921
v 0.362148 0.268201 0.068953
v 0.335971 0.301320 0.065671
v 0.322253 0.322261 0.048161
v 0.365467 0.272715 0.022984
v 0.344321 0.298795 0.022984
v 0.323618 0.323624 0.022984
v 0.022984 0.381192 0.250104
v 0.022984 0.404177 0.211620
v 0.022984 0.416177 0.188636
v 0.022984 0.426814 0.160890
v 0.022984 0.441719 0.114921
v 0.022984 0.451334 0.068953
v 0.022984 0.455821 0.022984
v 0.068953 0.378731 0.245928
v 0.067877 0.403042 0.203558
v 0.051836 0.414822 0.186034
v 0.082482 0.411927 0.179887
v 0.067877 0.421200 0.163094
v 0.068953 0.436721 0.114921
v 0.068953 0.446342 0.068953
v 0.068953 0.451333 0.022984
v 0.114921 0.373109 0.237522
v 0.114921 0.390169 0.206858
v 0.114921 0.407793 0.169849
v 0.114921 0.417420 0.146865
v 0.114921 0.427158 0.114921
v 0.114921 0.436721 0.068953
v 0.114921 0.441719 0.022984
v 0.140202 0.368808 0.231350
v 0.157671 0.375891 0.205603
v 0.156659 0.399171 0.156659
v 0.138516 0.413970 0.138516
v 0.169849 0.407793 0.114921
v 0.146865 0.417420 0.114921
v 0.179887 0.411927 0.082482
v 0.163094 0.421200 0.067876
v 0.160890 0.426814 0.022984
v 0.189443 0.371045 0.189443
v 0.205603 0.375891 0.157671
v 0.206858 0.390169 0.114921
v 0.203558 0.403042 0.067876
v 0.186034 0.414822 0.051836
v 0.211620 0.404177 0.022984
v 0.188636 0.416177 0.022984
v 0.231350 0.368808 0.140202
v 0.237522 0.373108 0.114921
v 0.245928 0.378731 0.068953
v 0.250103 0.381192 0.022984
v 0.380518 0.022984 0.249340
v 0.377791 0.068953 0.245238
v 0.372450 0.114921 0.237089
v 0.368297 0.139428 0.230679
v 0.403502 0.022984 0.210746
v 0.402560 0.067063 0.202865
v 0.389491 0.114921 0.206858
v 0.374968 0.157207 0.205406
v 0.370495 0.188519 0.189115
v 0.412378 0.081126 0.180396
v 0.408584 0.118318 0.163400
v 0.394296 0.160890 0.160890
v 0.375350 0.205048 0.157266
v 0.368451 0.230996 0.139527
v 0.413086 0.135905 0.135825
v 0.408804 0.163185 0.118270
v 0.389604 0.206858 0.114921
v 0.372288 0.236915 0.114921
v 0.412262 0.180038 0.081876
v 0.402385 0.203083 0.067513
v 0.377659 0.245216 0.068953
v 0.403650 0.211020 0.022984
v 0.380666 0.249731 0.022984
v 0.415735 0.022984 0.187762
v 0.414239 0.050481 0.184880
v 0.425797 0.022984 0.160890
v 0.420067 0.067063 0.163400
v 0.417846 0.105260 0.149750
v 0.440812 0.022984 0.114921
v 0.435786 0.068953 0.114921
v 0.423872 0.118318 0.118270
v 0.417725 0.149392 0.105180
v 0.450333 0.022984 0.068953
v 0.445429 0.068953 0.068953
v 0.435771 0.114921 0.068953
v 0.420141 0.163185 0.067513
v 0.414422 0.185243 0.051230
v 0.455148 0.022984 0.022984
v 0.450364 0.068953 0.022984
v 0.440890 0.114921 0.022984
v 0.425982 0.160890 0.022984
v 0.415873 0.188036 0.022984
v 0.000000 -0.459685 -0.000000
v 0.018388 -0.456594 -0.018388
v 0.022984 -0.451334 -0.068953
v 0.022984 -0.441719 -0.114921
v 0.022984 -0.426814 -0.160890
v 0.022984 -0.416177 -0.188636
v 0.022984 -0.404177 -0.211620
v 0.022984 -0.381192 -0.250103
v 0.068953 -0.451334 -0.022984
v 0.068953 -0.446342 -0.068953
v 0.068953 -0.436721 -0.114921
v 0.067877 -0.421200 -0.163094
v 0.082482 -0.411927 -0.179887
v 0.051836 -0.414822 -0.186034
v 0.067877 -0.403042 -0.203558
v 0.068953 -0.378731 -0.245928
v 0.114921 -0.441719 -0.022984
v 0.114921 -0.436721 -0.068953
v 0.114921 -0.427158 -0.114921
v 0.114921 -0.417420 -0.146865
v 0.114921 -0.407793 -0.169849
v 0.114921 -0.390169 -0.206858
v 0.114921 -0.373108 -0.237522
v 0.160890 -0.426814 -0.022984
v 0.163094 -0.421200 -0.067877
v 0.179887 -0.411927 -0.082482
v 0.146865 -0.417420 -0.114921
v 0.169849 -0.407793 -0.114921
v 0.138516 -0.413970 -0.138516
v 0.156659 -0.399171 -0.156659
v 0.157671 -0.375890 -0.205603
v 0.140202 -0.368808 -0.231350
v 0.188636 -0.416177 -0.022984
v 0.211620 -0.404177 -0.022984
v 0.186034 -0.414822 -0.051836
v 0.203558 -0.403042 -0.067877
v 0.206858 -0.390169 -0.114921
v 0.205603 -0.375890 -0.157671
v 0.189443 -0.371045 -0.189443
v 0.250103 -0.381192 -0.022984
v 0.245928 -0.378731 -0.068953
v 0.237522 -0.373108 -0.114921
v 0.231350 -0.368808 -0.140202
v 0.022984 -0.365671 -0.273088
v 0.022984 -0.344531 -0.298795
v 0.022984 -0.323624 -0.323618
v 0.022984 -0.298795 -0.344321
v 0.022984 -0.272715 -0.365467
v 0.068953 -0.362344 -0.268912
v 0.065672 -0.336133 -0.301382
v 0.078807 -0.318326 -0.318430
v 0.048161 -0.322261 -0.322253
v 0.065672 -0.301320 -0.335971
v 0.068953 -0.268201 -0.362148
v 0.114921 -0.356311 -0.260506
v 0.114921 -0.333327 -0.289508
v 0.114921 -0.312258 -0.312492
v 0.114921 -0.289274 -0.333345
v 0.114921 -0.259899 -0.356330
v 0.170848 -0.361530 -0.220089
v 0.160559 -0.344293 -0.252648
v 0.180915 -0.320240 -0.273945
v 0.150270 -0.327055 -0.282100
v 0.164679 -0.301066 -0.300661
v 0.179087 -0.272720 -0.319221
v 0.148442 -0.281892 -0.327071
v 0.159307 -0.251858 -0.344189
v 0.170173 -0.219164 -0.361307
v 0.220089 -0.361530 -0.170848
v 0.205603 -0.351635 -0.205603
v 0.206858 -0.329285 -0.240798
v 0.206858 -0.310565 -0.263783
v 0.206858 -0.287580 -0.286897
v 0.211231 -0.255569 -0.312109
v 0.229469 -0.229474 -0.321526
v 0.198823 -0.242075 -0.330662
v 0.209292 -0.208996 -0.346340
v 0.219761 -0.170074 -0.362017
v 0.273088 -0.365671 -0.022984
v 0.268912 -0.362344 -0.068953
v 0.260506 -0.356311 -0.114921
v 0.252648 -0.344293 -0.160559
v 0.273945 -0.320240 -0.180915
v 0.240798 -0.329285 -0.206858
v 0.263783 -0.310565 -0.206858
v 0.230993 -0.322682 -0.230993
v 0.246966 -0.293043 -0.246966
v 0.262940 -0.263732 -0.262940
v 0.232294 -0.277720 -0.277828
v 0.249701 -0.250176 -0.287559
v 0.255754 -0.211234 -0.312560
v 0.273028 -0.178980 -0.319495
v 0.242382 -0.198828 -0.331372
v 0.251853 -0.159204 -0.344143
v 0.260659 -0.114921 -0.355977
v 0.268960 -0.068953 -0.362194
v 0.272393 -0.037410 -0.365203
v 0.298795 -0.344531 -0.022984
v 0.301382 -0.336133 -0.065672
v 0.318430 -0.318326 -0.078807
v 0.289508 -0.333327 -0.114921
v 0.312492 -0.312258 -0.114921
v 0.282100 -0.327055 -0.150270
v 0.300661 -0.301066 -0.164679
v 0.319221 -0.272720 -0.179087
v 0.286897 -0.287580 -0.206858
v 0.312109 -0.255569 -0.211231
v 0.321526 -0.229474 -0.229469
v 0.277828 -0.277720 -0.232294
v 0.287559 -0.250176 -0.249701
v 0.312560 -0.211234 -0.255754
v 0.319495 -0.178980 -0.273028
v 0.278305 -0.233086 -0.278305
v 0.287461 -0.206858 -0.287461
v 0.300380 -0.163657 -0.300380
v 0.312451 -0.114921 -0.312451
v 0.319209 -0.076906 -0.319209
v 0.281266 -0.148334 -0.326269
v 0.289466 -0.114921 -0.332993
v 0.301850 -0.064531 -0.335747
v 0.295407 -0.022446 -0.349064
v 0.323618 -0.323624 -0.022984
v 0.344321 -0.298795 -0.022984
v 0.365467 -0.272715 -0.022984
v 0.322253 -0.322261 -0.048161
v 0.335971 -0.301320 -0.065672
v 0.362148 -0.268201 -0.068953
v 0.333345 -0.289274 -0.114921
v 0.356330 -0.259899 -0.114921
v 0.327071 -0.281892 -0.148442
v 0.344189 -0.251858 -0.159307
v 0.361307 -0.219164 -0.170173
v 0.330662 -0.242075 -0.198823
v 0.346340 -0.208996 -0.209292
v 0.362017 -0.170074 -0.219761
v 0.331372 -0.198828 -0.242382
v 0.344143 -0.159204 -0.251853
v 0.355977 -0.114921 -0.260073
v 0.362071 -0.068953 -0.268222
v 0.365140 -0.022984 -0.272324
v 0.326269 -0.148334 -0.281266
v 0.332993 -0.114921 -0.289466
v 0.335649 -0.064531 -0.301850
v 0.343666 -0.022984 -0.298795
v 0.321819 -0.046261 -0.321819
v 0.323290 -0.022984 -0.323317
v 0.022984 -0.249731 -0.380666
v 0.022984 -0.211020 -0.403650
v 0.022984 -0.188036 -0.415873
v 0.022984 -0.160890 -0.429153
v 0.022984 -0.124170 -0.449981
v 0.022984 -0.101185 -0.466409
v 0.022984 -0.068953 -0.487827
v 0.022984 -0.042380 -0.504088
v 0.022984 -0.019396 -0.513604
v 0.068953 -0.245216 -0.377659
v 0.067513 -0.203083 -0.402385
v 0.081875 -0.180295 -0.412262
v 0.051230 -0.185243 -0.414422
v 0.067513 -0.163339 -0.421697
v 0.073032 -0.113318 -0.448715
v 0.091074 -0.091596 -0.459453
v 0.060428 -0.096927 -0.463381
v 0.073032 -0.073345 -0.476080
v 0.068953 -0.034732 -0.500391
v 0.068953 -0.011748 -0.510251
v 0.114921 -0.236915 -0.372288
v 0.114921 -0.206858 -0.389604
v 0.118365 -0.163339 -0.408804
v 0.135984 -0.136652 -0.413086
v 0.105339 -0.149649 -0.418383
v 0.118365 -0.118766 -0.430648
v 0.114921 -0.084405 -0.454366
v 0.114921 -0.061421 -0.469630
v 0.112653 -0.020334 -0.492460
v 0.095818 -0.003245 -0.507072
v 0.139527 -0.230996 -0.368451
v 0.157266 -0.205048 -0.375350
v 0.160890 -0.160890 -0.394296
v 0.165426 -0.118766 -0.409354
v 0.183773 -0.091837 -0.413661
v 0.153127 -0.106006 -0.422179
v 0.163950 -0.071713 -0.437841
v 0.174774 -0.034923 -0.453503
v 0.144128 -0.051590 -0.463419
v 0.160026 -0.020954 -0.469689
v 0.189115 -0.188518 -0.370495
v 0.205406 -0.157206 -0.374968
v 0.206858 -0.114921 -0.391124
v 0.208583 -0.073490 -0.405628
v 0.225055 -0.038535 -0.408999
v 0.194409 -0.061191 -0.422857
v 0.205906 -0.021406 -0.435902
v 0.186757 -0.004277 -0.461905
v 0.230679 -0.139428 -0.368297
v 0.237675 -0.114921 -0.373120
v 0.245976 -0.068953 -0.380663
v 0.253327 -0.022650 -0.389623
v 0.234261 -0.007889 -0.418300
v 0.277825 -0.006765 -0.370246
v 0.380666 -0.249731 -0.022984
v 0.403650 -0.211020 -0.022984
v 0.377659 -0.245216 -0.068953
v 0.402385 -0.203083 -0.067513
v 0.412262 -0.180038 -0.081876
v 0.372288 -0.236915 -0.114921
v 0.389604 -0.206858 -0.114921
v 0.408804 -0.163185 -0.118270
v 0.413086 -0.135905 -0.135825
v 0.368451 -0.230996 -0.139527
v 0.375350 -0.205048 -0.157266
v 0.394296 -0.160890 -0.160890
v 0.408584 -0.118318 -0.163400
v 0.412377 -0.081125 -0.180396
v 0.370495 -0.188518 -0.189115
v 0.374968 -0.157206 -0.205406
v 0.389491 -0.114921 -0.206858
v 0.402560 -0.067063 -0.202865
v 0.403502 -0.022984 -0.210745
v 0.368296 -0.139428 -0.230679
v 0.372449 -0.114921 -0.237089
v 0.377791 -0.068953 -0.245238
v 0.380518 -0.022984 -0.249340
v 0.415873 -0.188036 -0.022984
v 0.425982 -0.160890 -0.022984
v 0.440890 -0.114921 -0.022984
v 0.450364 -0.068953 -0.022984
v 0.455148 -0.022984 -0.022984
v 0.414422 -0.185243 -0.051230
v 0.420141 -0.163185 -0.067513
v 0.435771 -0.114921 -0.068953
v 0.445429 -0.068953 -0.068953
v 0.450333 -0.022984 -0.068953
v 0.417725 -0.149392 -0.105180
v 0.423872 -0.118318 -0.118270
v 0.435786 -0.068953 -0.114921
v 0.440812 -0.022984 -0.114921
v 0.417846 -0.105260 -0.149750
v 0.420067 -0.067063 -0.163400
v 0.425797 -0.022984 -0.160890
v 0.414239 -0.050480 -0.184880
v 0.415735 -0.022984 -0.187761
v 0.174827 0.361378 -0.357064
v 0.229591 0.367521 -0.181806
v 0.229190 0.367171 -0.206858
v 0.226173 0.364500 -0.252827
v 0.217781 0.357042 -0.298795
v 0.224470 0.315820 -0.359626
v 0.205929 0.343997 -0.343022
v 0.273088 0.365670 -0.022984
v 0.268912 0.362344 -0.068953
v 0.260781 0.356353 -0.114921
v 0.275446 0.321367 -0.182923
v 0.253581 0.347316 -0.167042
v 0.274370 0.319807 -0.206858
v 0.251386 0.344187 -0.206858
v 0.271010 0.315181 -0.252827
v 0.248026 0.341515 -0.252827
v 0.263985 0.305471 -0.298795
v 0.241001 0.334058 -0.298795
v 0.267554 0.260819 -0.352614
v 0.250898 0.295895 -0.340797
v 0.234243 0.326617 -0.328980
v 0.298795 0.344530 -0.022984
v 0.318430 0.318326 -0.078807
v 0.301382 0.336133 -0.065671
v 0.312492 0.312258 -0.114921
v 0.289508 0.333368 -0.114921
v 0.319790 0.273151 -0.179674
v 0.300945 0.301630 -0.165976
v 0.282100 0.327110 -0.152277
v 0.315339 0.264992 -0.206858
v 0.292354 0.296823 -0.206858
v 0.319355 0.221759 -0.267188
v 0.310518 0.250365 -0.252250
v 0.286537 0.292197 -0.252827
v 0.321073 0.125994 -0.320216
v 0.319085 0.160890 -0.314043
v 0.314049 0.206605 -0.298141
v 0.295551 0.252827 -0.298795
v 0.280066 0.282487 -0.298795
v 0.304430 0.022984 -0.347022
v 0.308453 0.068953 -0.345818
v 0.311907 0.112371 -0.340410
v 0.305360 0.160890 -0.344764
v 0.294693 0.206858 -0.344764
v 0.280617 0.248429 -0.340281
v 0.275907 0.275969 -0.321969
v 0.365467 0.272715 -0.022984
v 0.344321 0.298795 -0.022984
v 0.323618 0.323624 -0.022984
v 0.362148 0.268200 -0.068953
v 0.335971 0.301320 -0.065671
v 0.322253 0.322261 -0.048161
v 0.356329 0.259899 -0.114921
v 0.333345 0.289274 -0.114921
v 0.361307 0.219164 -0.170173
v 0.344189 0.252073 -0.159600
v 0.327071 0.281892 -0.149028
v 0.362455 0.170073 -0.219760
v 0.352704 0.205048 -0.205406
v 0.329929 0.242008 -0.206858
v 0.365140 0.022984 -0.272324
v 0.362291 0.068953 -0.268222
v 0.357744 0.114921 -0.260101
v 0.351364 0.157206 -0.248754
v 0.330236 0.206605 -0.252250
v 0.323763 0.233400 -0.236542
v 0.344179 0.022984 -0.298795
v 0.340008 0.068953 -0.298795
v 0.332291 0.112371 -0.302454
v 0.328254 0.160890 -0.291059
v 0.323860 0.191113 -0.282382
v 0.323802 0.022984 -0.324038
v 0.322481 0.068953 -0.322834
v 0.321993 0.095348 -0.322185
v 0.022984 0.455821 -0.022984
v 0.022984 0.451628 -0.068953
v 0.022984 0.450087 -0.114921
v 0.022984 0.453223 -0.160890
v 0.022984 0.455073 -0.206858
v 0.022984 0.450999 -0.252827
v 0.022984 0.439489 -0.298795
v 0.022984 0.411976 -0.364313
v 0.022984 0.422768 -0.341328
v 0.068953 0.451333 -0.022984
v 0.068953 0.446569 -0.068953
v 0.068953 0.443706 -0.114921
v 0.068953 0.446765 -0.160890
v 0.068953 0.448674 -0.206858
v 0.068953 0.444170 -0.252827
v 0.068953 0.433020 -0.298795
v 0.068953 0.408403 -0.357699
v 0.068953 0.419758 -0.334715
v 0.114921 0.441719 -0.022984
v 0.114921 0.436049 -0.068953
v 0.114921 0.431368 -0.114921
v 0.114921 0.433733 -0.160890
v 0.114921 0.435554 -0.206858
v 0.114921 0.430466 -0.252827
v 0.129300 0.410142 -0.311004
v 0.114355 0.420347 -0.296927
v 0.114355 0.401561 -0.343542
v 0.098655 0.416311 -0.327404
v 0.160890 0.426814 -0.022984
v 0.179048 0.411994 -0.082638
v 0.162591 0.420632 -0.067970
v 0.173315 0.408832 -0.114921
v 0.150330 0.418717 -0.114921
v 0.172192 0.407423 -0.160890
v 0.149208 0.419431 -0.160890
v 0.173986 0.408190 -0.206858
v 0.151002 0.420447 -0.206858
v 0.169465 0.405808 -0.252827
v 0.146480 0.418023 -0.252827
v 0.158076 0.399850 -0.296927
v 0.140877 0.415174 -0.280359
v 0.160058 0.378639 -0.342951
v 0.211620 0.404177 -0.022984
v 0.188636 0.416177 -0.022984
v 0.203557 0.403082 -0.067970
v 0.186034 0.414822 -0.051993
v 0.206858 0.391394 -0.114921
v 0.211304 0.381885 -0.164246
v 0.206206 0.385206 -0.206858
v 0.203188 0.382824 -0.252827
v 0.194796 0.376080 -0.298795
v 0.187389 0.370312 -0.326419
v 0.250103 0.381192 -0.022984
v 0.245928 0.378731 -0.068953
v 0.237797 0.373295 -0.114921
v 0.231717 0.369056 -0.151160
v 0.022984 0.350742 -0.443256
v 0.022984 0.269167 -0.502479
v 0.022984 0.298795 -0.484375
v 0.022984 0.327758 -0.464566
v 0.022984 0.022984 -0.527588
v 0.022984 0.068953 -0.536875
v 0.022984 0.114921 -0.540315
v 0.022984 0.160890 -0.537092
v 0.022984 0.206858 -0.526888
v 0.022984 0.246183 -0.512873
v 0.088032 0.366611 -0.412328
v 0.086214 0.319568 -0.457926
v 0.071800 0.345823 -0.437548
v 0.068953 0.261485 -0.498879
v 0.070116 0.302065 -0.474285
v 0.055568 0.325036 -0.462405
v 0.068953 0.022984 -0.521155
v 0.068953 0.068953 -0.530513
v 0.068953 0.114921 -0.533590
v 0.068953 0.160890 -0.530163
v 0.068953 0.206858 -0.519989
v 0.068953 0.238501 -0.509461
v 0.114921 0.360594 -0.405456
v 0.114921 0.311614 -0.451723
v 0.114921 0.337609 -0.428739
v 0.126464 0.014755 -0.501050
v 0.137022 0.181807 -0.505310
v 0.127116 0.206858 -0.501500
v 0.111417 0.249112 -0.490999
v 0.114921 0.288630 -0.468246
v 0.112653 0.027241 -0.510145
v 0.114921 0.068953 -0.517967
v 0.114921 0.114921 -0.520697
v 0.118988 0.164247 -0.514599
v 0.104132 0.206858 -0.510041
v 0.093757 0.231313 -0.506301
v 0.178271 0.317085 -0.409371
v 0.161226 0.345039 -0.391409
v 0.173405 0.263921 -0.452900
v 0.160515 0.298438 -0.436541
v 0.147625 0.328701 -0.420182
v 0.156483 0.027241 -0.489959
v 0.164701 0.068953 -0.494819
v 0.167622 0.114921 -0.496591
v 0.158820 0.164247 -0.496606
v 0.160890 0.206858 -0.484749
v 0.159205 0.250290 -0.468314
v 0.142759 0.279792 -0.462302
v 0.138222 0.045401 -0.505816
v 0.141716 0.068953 -0.507672
v 0.144638 0.114921 -0.509172
v 0.142117 0.151161 -0.507816
v 0.223966 0.267229 -0.407641
v 0.208895 0.301130 -0.393183
v 0.193824 0.330733 -0.378726
v 0.216327 0.022984 -0.448043
v 0.223564 0.068953 -0.454260
v 0.225656 0.114921 -0.456051
v 0.222994 0.160890 -0.453804
v 0.215244 0.206858 -0.447132
v 0.205020 0.250252 -0.435324
v 0.193320 0.286439 -0.422254
v 0.193343 0.022984 -0.466505
v 0.200579 0.068953 -0.471835
v 0.202672 0.114921 -0.473607
v 0.200009 0.160890 -0.471618
v 0.192260 0.206858 -0.465919
v 0.186074 0.233275 -0.461321
v 0.263380 0.022984 -0.398635
v 0.269406 0.068953 -0.405316
v 0.271263 0.114921 -0.407675
v 0.268905 0.160890 -0.404637
v 0.262634 0.206858 -0.396434
v 0.250582 0.248701 -0.387817
v 0.236908 0.285175 -0.376995
v 0.240395 0.022984 -0.425059
v 0.246421 0.068953 -0.431276
v 0.248279 0.114921 -0.433067
v 0.245921 0.160890 -0.430820
v 0.239650 0.206858 -0.424148
v 0.233610 0.236584 -0.417749
v 0.281446 0.022984 -0.375650
v 0.285469 0.068953 -0.382332
v 0.286985 0.114921 -0.384690
v 0.285070 0.160890 -0.381653
v 0.279554 0.206858 -0.373450
v 0.275977 0.230173 -0.367994
v 0.022984 0.394732 -0.390733
v 0.022984 0.373489 -0.420272
v 0.071207 0.383648 -0.394496
v 0.057387 0.370687 -0.417170
v 0.114921 0.378218 -0.382472
v 0.144181 0.371588 -0.373446
v 0.403650 0.211020 -0.022984
v 0.380666 0.249731 -0.022984
v 0.412262 0.180038 -0.081875
v 0.402385 0.203083 -0.067513
v 0.377659 0.245216 -0.068953
v 0.413086 0.135905 -0.135825
v 0.408804 0.163185 -0.118270
v 0.389604 0.206858 -0.114921
v 0.372288 0.236914 -0.114921
v 0.412377 0.081125 -0.180395
v 0.408584 0.118318 -0.163400
v 0.394296 0.160890 -0.160890
v 0.375350 0.205048 -0.157266
v 0.368451 0.230996 -0.139527
v 0.403502 0.022984 -0.210745
v 0.402560 0.067062 -0.202865
v 0.389491 0.114921 -0.206858
v 0.374968 0.157206 -0.205406
v 0.370495 0.188518 -0.189115
v 0.380518 0.022984 -0.249340
v 0.377791 0.068953 -0.245238
v 0.372449 0.114921 -0.237117
v 0.368296 0.139428 -0.230717
v 0.455148 0.022984 -0.022984
v 0.450364 0.068953 -0.022984
v 0.440889 0.114921 -0.022984
v 0.425982 0.160890 -0.022984
v 0.415873 0.188036 -0.022984
v 0.450333 0.022984 -0.068953
v 0.445429 0.068953 -0.068953
v 0.435771 0.114921 -0.068953
v 0.420141 0.163185 -0.067513
v 0.414422 0.185243 -0.051230
v 0.440812 0.022984 -0.114921
v 0.435786 0.068953 -0.114921
v 0.423872 0.118318 -0.118270
v 0.417725 0.149392 -0.105180
v 0.425797 0.022984 -0.160890
v 0.420067 0.067062 -0.163400
v 0.417846 0.105259 -0.149750
v 0.415735 0.022984 -0.187761
v 0.414239 0.050479 -0.184880
vn -0.9426 -0.0798 0.3242
vn -0.9085 -0.1037 0.4048
vn -0.9100 -0.0462 0.4121
vn -0.9207 -0.2316 0.3141
vn -0.9401 -0.1274 0.3163
vn -0.9433 -0.0499 0.3282
vn -0.9228 -0.3106 0.2282
vn -0.9356 -0.2514 0.2478
vn -0.9556 -0.1522 0.2524
vn -0.9651 -0.0522 0.2565
vn -0.9074 -0.4054 0.1106
vn -0.9399 -0.3136 0.1353
vn -0.9552 -0.2526 0.1539
vn -0.9760 -0.1538 0.1543
vn -0.9864 -0.0534 0.1553
vn -0.9106 -0.4111 0.0436
vn -0.9442 -0.3256 0.0503
vn -0.9654 -0.2552 0.0530
vn -0.9865 -0.1545 0.0538
vn -0.9941 -0.0767 0.0770
vn -0.8038 -0.3083 0.5088
vn -0.8201 -0.2313 0.5235
vn -0.8353 -0.1486 0.5293
vn -0.8437 -0.0498 0.5344
vn -0.8149 -0.4123 0.4073
vn -0.8452 -0.3245 0.4246
vn -0.8573 -0.2551 0.4472
vn -0.8633 -0.1438 0.4838
vn -0.8701 -0.0505 0.4903
vn -0.8023 -0.5085 0.3127
vn -0.8373 -0.4311 0.3362
vn -0.8669 -0.3514 0.3535
vn -0.8818 -0.2909 0.3714
vn -0.9008 -0.1809 0.3948
vn -0.8235 -0.5221 0.2219
vn -0.8574 -0.4484 0.2524
vn -0.8852 -0.3663 0.2868
vn -0.9004 -0.3082 0.3070
vn -0.8361 -0.5270 0.1523
vn -0.8610 -0.4860 0.1499
vn -0.9006 -0.3921 0.1875
vn -0.8453 -0.5314 0.0545
vn -0.8695 -0.4911 0.0527
vn -0.5088 -0.3083 0.8038
vn -0.5235 -0.2313 0.8201
vn -0.5293 -0.1486 0.8353
vn -0.5344 -0.0498 0.8437
vn -0.4048 -0.1037 0.9085
vn -0.4121 -0.0462 0.9100
vn -0.4073 -0.4123 0.8149
vn -0.4246 -0.3245 0.8452
vn -0.4472 -0.2551 0.8573
vn -0.4838 -0.1438 0.8633
vn -0.4903 -0.0505 0.8701
vn -0.3141 -0.2316 0.9207
vn -0.3163 -0.1274 0.9401
vn -0.3282 -0.0499 0.9433
vn -0.3127 -0.5085 0.8023
vn -0.3362 -0.4311 0.8373
vn -0.3535 -0.3514 0.8669
vn -0.3714 -0.2909 0.8818
vn -0.3948 -0.1809 0.9008
vn -0.2282 -0.3106 0.9228
vn -0.2478 -0.2514 0.9356
vn -0.2524 -0.1522 0.9556
vn -0.2565 -0.0522 0.9651
vn -0.2219 -0.5221 0.8235
vn -0.2524 -0.4484 0.8574
vn -0.2868 -0.3663 0.8852
vn -0.3070 -0.3082 0.9004
vn -0.1106 -0.4054 0.9074
vn -0.1353 -0.3136 0.9399
vn -0.1539 -0.2526 0.9552
vn -0.1543 -0.1538 0.9760
vn -0.1553 -0.0534 0.9864
vn -0.1523 -0.5270 0.8361
vn -0.1499 -0.4860 0.8610
vn -0.1875 -0.3921 0.9006
vn -0.0737 -0.0945 0.9928
vn -0.0436 -0.4111 0.9106
vn -0.0503 -0.3256 0.9442
vn -0.0530 -0.2552 0.9654
vn -0.0538 -0.1545 0.9865
vn -0.0770 -0.0767 0.9941
vn -0.0545 -0.5314 0.8453
vn -0.0527 -0.4911 0.8695
vn -0.5092 -0.8026 0.3108
vn -0.5248 -0.8192 0.2313
vn -0.5350 -0.8313 0.1506
vn -0.5380 -0.8415 0.0495
vn -0.4141 -0.8106 0.4141
vn -0.4357 -0.8366 0.3321
vn -0.4451 -0.8600 0.2495
vn -0.4084 -0.9052 0.1173
vn -0.4715 -0.8673 0.1595
vn -0.4118 -0.9104 0.0399
vn -0.4884 -0.8712 0.0491
vn -0.3108 -0.8026 0.5092
vn -0.3321 -0.8366 0.4357
vn -0.3136 -0.8962 0.3136
vn -0.3572 -0.8630 0.3572
vn -0.3299 -0.9167 0.2254
vn -0.3961 -0.8791 0.2650
vn -0.3297 -0.9326 0.1467
vn -0.3984 -0.8956 0.1979
vn -0.3296 -0.9429 0.0479
vn -0.2313 -0.8192 0.5248
vn -0.2495 -0.8600 0.4451
vn -0.2254 -0.9167 0.3299
vn -0.2650 -0.8791 0.3961
vn -0.2355 -0.9429 0.2355
vn -0.2524 -0.9560 0.1493
vn -0.2562 -0.9652 0.0522
vn -0.1506 -0.8313 0.5350
vn -0.1173 -0.9052 0.4084
vn -0.1595 -0.8673 0.4715
vn -0.1467 -0.9326 0.3297
vn -0.1979 -0.8956 0.3984
vn -0.1493 -0.9560 0.2524
vn -0.1545 -0.9758 0.1545
vn -0.1532 -0.9868 0.0530
vn -0.0495 -0.8415 0.5380
vn -0.0399 -0.9104 0.4118
vn -0.0491 -0.8712 0.4884
vn -0.0479 -0.9429 0.3296
vn -0.0522 -0.9652 0.2562
vn -0.0530 -0.9868 0.1532
vn -0.0650 -0.9959 0.0625
vn -0.0692 -0.9952 0.0692
vn -0.7033 -0.1037 0.7033
vn -0.7064 -0.0444 0.7064
vn -0.7212 -0.3165 0.6162
vn -0.7444 -0.2546 0.6172
vn -0.7698 -0.1419 0.6223
vn -0.7731 -0.0508 0.6322
vn -0.7359 -0.4259 0.5264
vn -0.7569 -0.3394 0.5585
vn -0.7750 -0.2513 0.5799
vn -0.7935 -0.1542 0.5888
vn -0.8033 -0.0531 0.5932
vn -0.7373 -0.5275 0.4220
vn -0.7618 -0.4658 0.4502
vn -0.7879 -0.3751 0.4884
vn -0.7249 -0.6095 0.3209
vn -0.7588 -0.5453 0.3561
vn -0.7782 -0.4937 0.3882
vn -0.7438 -0.6237 0.2404
vn -0.7802 -0.5752 0.2458
vn -0.7038 -0.6997 0.1231
vn -0.7651 -0.6243 0.1579
vn -0.7949 -0.5859 0.1575
vn -0.7083 -0.7048 0.0381
vn -0.7742 -0.6306 0.0539
vn -0.8047 -0.5908 0.0578
vn -0.6162 -0.3165 0.7212
vn -0.6172 -0.2546 0.7444
vn -0.6223 -0.1419 0.7698
vn -0.6322 -0.0508 0.7731
vn -0.6078 -0.5111 0.6078
vn -0.6371 -0.4337 0.6371
vn -0.6623 -0.3504 0.6623
vn -0.6791 -0.2789 0.6791
vn -0.6960 -0.1769 0.6960
vn -0.6169 -0.5986 0.5110
vn -0.6425 -0.5511 0.5324
vn -0.6764 -0.4704 0.5668
vn -0.7006 -0.3833 0.6019
vn -0.6501 -0.6102 0.4527
vn -0.6769 -0.5696 0.4663
vn -0.7013 -0.5101 0.4981
vn -0.6232 -0.7212 0.3023
vn -0.6756 -0.6442 0.3585
vn -0.7022 -0.5862 0.4041
vn -0.6292 -0.7407 0.2353
vn -0.6861 -0.6800 0.2587
vn -0.6305 -0.7599 0.1581
vn -0.6956 -0.6912 0.1961
vn -0.6357 -0.7701 0.0530
vn -0.5264 -0.4259 0.7359
vn -0.5585 -0.3394 0.7569
vn -0.5799 -0.2513 0.7750
vn -0.5888 -0.1542 0.7935
vn -0.5932 -0.0531 0.8033
vn -0.5110 -0.5986 0.6169
vn -0.5324 -0.5511 0.6425
vn -0.5668 -0.4704 0.6764
vn -0.6019 -0.3833 0.7006
vn -0.5081 -0.6955 0.5081
vn -0.5547 -0.6202 0.5547
vn -0.5732 -0.5855 0.5732
vn -0.5233 -0.7441 0.4153
vn -0.5901 -0.6489 0.4803
vn -0.5430 -0.7668 0.3424
vn -0.6039 -0.6927 0.3943
vn -0.5847 -0.7732 0.2455
vn -0.5985 -0.7856 0.1569
vn -0.5975 -0.7999 0.0558
vn -0.4220 -0.5275 0.7373
vn -0.4502 -0.4658 0.7618
vn -0.4884 -0.3751 0.7879
vn -0.4527 -0.6102 0.6501
vn -0.4663 -0.5696 0.6769
vn -0.4981 -0.5101 0.7013
vn -0.4153 -0.7441 0.5233
vn -0.4803 -0.6489 0.5901
vn -0.4505 -0.7707 0.4505
vn -0.4929 -0.7808 0.3839
vn -0.3209 -0.6095 0.7249
vn -0.3561 -0.5453 0.7588
vn -0.3882 -0.4937 0.7782
vn -0.3023 -0.7212 0.6232
vn -0.3585 -0.6442 0.6756
vn -0.4041 -0.5862 0.7022
vn -0.3424 -0.7668 0.5430
vn -0.3943 -0.6927 0.6039
vn -0.3839 -0.7808 0.4929
vn -0.2404 -0.6237 0.7438
vn -0.2458 -0.5752 0.7802
vn -0.2353 -0.7407 0.6292
vn -0.2587 -0.6800 0.6861
vn -0.2455 -0.7732 0.5847
vn -0.1231 -0.6997 0.7038
vn -0.1579 -0.6243 0.7651
vn -0.1575 -0.5859 0.7949
vn -0.1581 -0.7599 0.6305
vn -0.1961 -0.6912 0.6956
vn -0.1569 -0.7856 0.5985
vn -0.0381 -0.7048 0.7083
vn -0.0539 -0.6306 0.7742
vn -0.0578 -0.5908 0.8047
vn -0.0530 -0.7701 0.6357
vn -0.0558 -0.7999 0.5975
vn -0.9851 0.0755 0.1542
vn -0.9100 0.0462 0.4121
vn -0.9085 0.1037 0.4048
vn -0.9433 0.0499 0.3282
vn -0.9401 0.1274 0.3163
vn -0.9207 0.2316 0.3141
vn -0.9651 0.0522 0.2565
vn -0.9556 0.1522 0.2524
vn -0.9356 0.2514 0.2478
vn -0.9228 0.3106 0.2282
vn -0.9864 0.0534 0.1553
vn -0.9760 0.1538 0.1543
vn -0.9552 0.2526 0.1539
vn -0.9399 0.3136 0.1353
vn -0.9074 0.4054 0.1106
vn -0.9941 0.0767 0.0770
vn -0.9865 0.1545 0.0538
vn -0.9654 0.2552 0.0530
vn -0.9442 0.3256 0.0503
vn -0.9106 0.4111 0.0436
vn -0.8437 0.0498 0.5344
vn -0.8353 0.1486 0.5293
vn -0.8201 0.2313 0.5235
vn -0.8038 0.3083 0.5088
vn -0.8701 0.0505 0.4903
vn -0.8633 0.1438 0.4838
vn -0.8573 0.2551 0.4472
vn -0.8452 0.3245 0.4246
vn -0.8149 0.4123 0.4073
vn -0.9008 0.1809 0.3948
vn -0.8818 0.2909 0.3714
vn -0.8669 0.3514 0.3535
vn -0.8373 0.4311 0.3362
vn -0.8023 0.5085 0.3127
vn -0.9004 0.3082 0.3070
vn -0.8852 0.3663 0.2868
vn -0.8574 0.4484 0.2524
vn -0.8235 0.5221 0.2219
vn -0.9006 0.3921 0.1875
vn -0.8610 0.4860 0.1499
vn -0.8361 0.5270 0.1523
vn -0.8695 0.4911 0.0527
vn -0.8453 0.5314 0.0545
vn -0.5344 0.0498 0.8437
vn -0.5293 0.1486 0.8353
vn -0.5235 0.2313 0.8201
vn -0.5088 0.3083 0.8038
vn -0.4121 0.0462 0.9100
vn -0.4048 0.1037 0.9085
vn -0.4903 0.0505 0.8701
vn -0.4838 0.1438 0.8633
vn -0.4472 0.2551 0.8573
vn -0.4246 0.3245 0.8452
vn -0.4073 0.4123 0.8149
vn -0.3282 0.0499 0.9433
vn -0.3163 0.1274 0.9401
vn -0.3141 0.2316 0.9207
vn -0.3948 0.1809 0.9008
vn -0.3714 0.2909 0.8818
vn -0.3535 0.3514 0.8669
vn -0.3362 0.4311 0.8373
vn -0.3127 0.5085 0.8023
vn -0.2565 0.0522 0.9651
vn -0.2524 0.1522 0.9556
vn -0.2478 0.2514 0.9356
vn -0.2282 0.3106 0.9228
vn -0.3070 0.3082 0.9004
vn -0.2868 0.3663 0.8852
vn -0.2524 0.4484 0.8574
vn -0.2219 0.5222 0.8235
vn -0.1553 0.0534 0.9864
vn -0.1543 0.1538 0.9760
vn -0.1539 0.2526 0.9552
vn -0.1353 0.3136 0.9399
vn -0.1106 0.4054 0.9074
vn -0.1875 0.3921 0.9006
vn -0.1499 0.4860 0.8610
vn -0.1523 0.5270 0.8361
vn -0.0741 0.1364 0.9879
vn -0.0770 0.0767 0.9941
vn -0.0538 0.1545 0.9865
vn -0.0530 0.2552 0.9654
vn -0.0503 0.3256 0.9442
vn -0.0436 0.4111 0.9106
vn -0.0527 0.4911 0.8695
vn -0.0545 0.5314 0.8453
vn -0.7064 0.0444 0.7064
vn -0.7033 0.1037 0.7033
vn -0.7731 0.0508 0.6322
vn -0.7698 0.1419 0.6223
vn -0.7444 0.2546 0.6172
vn -0.7212 0.3165 0.6162
vn -0.8033 0.0531 0.5932
vn -0.7935 0.1542 0.5888
vn -0.7750 0.2513 0.5799
vn -0.7569 0.3394 0.5585
vn -0.7359 0.4259 0.5264
vn -0.7879 0.3751 0.4884
vn -0.7618 0.4658 0.4502
vn -0.7373 0.5275 0.4220
vn -0.7782 0.4937 0.3882
vn -0.7588 0.5453 0.3561
vn -0.7249 0.6095 0.3209
vn -0.7802 0.5752 0.2458
vn -0.7438 0.6237 0.2404
vn -0.7949 0.5859 0.1575
vn -0.7651 0.6243 0.1579
vn -0.7038 0.6997 0.1231
vn -0.8047 0.5908 0.0578
vn -0.7742 0.6306 0.0539
vn -0.7083 0.7048 0.0381
vn -0.6322 0.0508 0.7731
vn -0.6223 0.1419 0.7698
vn -0.6172 0.2546 0.7444
vn -0.6162 0.3165 0.7212
vn -0.6960 0.1769 0.6960
vn -0.6791 0.2789 0.6791
vn -0.6623 0.3504 0.6623
vn -0.6371 0.4337 0.6371
vn -0.6078 0.5111 0.6078
vn -0.7006 0.3833 0.6019
vn -0.6764 0.4704 0.5668
vn -0.6425 0.5511 0.5324
vn -0.6169 0.5986 0.5110
vn -0.7013 0.5101 0.4981
vn -0.6769 0.5696 0.4663
vn -0.6501 0.6102 0.4527
vn -0.7022 0.5862 0.4041
vn -0.6756 0.6442 0.3585
vn -0.6232 0.7212 0.3023
vn -0.6861 0.6800 0.2587
vn -0.6292 0.7407 0.2353
vn -0.6956 0.6912 0.1961
vn -0.6305 0.7599 0.1581
vn -0.6357 0.7701 0.0530
vn -0.5932 0.0531 0.8033
vn -0.5888 0.1542 0.7935
vn -0.5799 0.2513 0.7750
vn -0.5585 0.3395 0.7569
vn -0.5264 0.4259 0.7359
vn -0.6019 0.3833 0.7006
vn -0.5668 0.4704 0.6764
vn -0.5324 0.5511 0.6425
vn -0.5110 0.5986 0.6169
vn -0.5732 0.5855 0.5732
vn -0.5547 0.6202 0.5547
vn -0.5081 0.6955 0.5081
vn -0.5901 0.6489 0.4803
vn -0.5233 0.7441 0.4153
vn -0.6039 0.6927 0.3943
vn -0.5430 0.7668 0.3424
vn -0.5847 0.7732 0.2455
vn -0.5985 0.7856 0.1569
vn -0.5975 0.7999 0.0558
vn -0.4884 0.3751 0.7879
vn -0.4502 0.4658 0.7618
vn -0.4220 0.5275 0.7373
vn -0.4981 0.5101 0.7013
vn -0.4663 0.5696 0.6769
vn -0.4527 0.6102 0.6501
vn -0.4803 0.6489 0.5901
vn -0.4153 0.7441 0.5233
vn -0.4505 0.7707 0.4505
vn -0.4929 0.7808 0.3839
vn -0.3882 0.4937 0.7782
vn -0.3561 0.5453 0.7588
vn -0.3209 0.6095 0.7249
vn -0.4041 0.5862 0.7022
vn -0.3585 0.6442 0.6756
vn -0.3023 0.7212 0.6232
vn -0.3943 0.6927 0.6039
vn -0.3424 0.7668 0.5430
vn -0.3839 0.7808 0.4929
vn -0.2458 0.5752 0.7802
vn -0.2404 0.6237 0.7438
vn -0.2587 0.6800 0.6861
vn -0.2353 0.7407 0.6292
vn -0.2455 0.7732 0.5847
vn -0.1575 0.5859 0.7949
vn -0.1579 0.6243 0.7651
vn -0.1231 0.6997 0.7038
vn -0.1961 0.6912 0.6956
vn -0.1581 0.7599 0.6305
vn -0.1569 0.7856 0.5985
vn -0.0578 0.5908 0.8047
vn -0.0539 0.6306 0.7742
vn -0.0381 0.7048 0.7083
vn -0.0530 0.7701 0.6357
vn -0.0558 0.7999 0.5975
vn -0.5092 0.8026 0.3108
vn -0.5248 0.8192 0.2313
vn -0.5350 0.8313 0.1506
vn -0.5380 0.8415 0.0495
vn -0.4141 0.8106 0.4141
vn -0.4357 0.8366 0.3321
vn -0.4451 0.8600 0.2495
vn -0.4715 0.8673 0.1595
vn -0.4084 0.9052 0.1173
vn -0.4884 0.8712 0.0491
vn -0.4118 0.9104 0.0399
vn -0.3108 0.8026 0.5092
vn -0.3321 0.8366 0.4357
vn -0.3572 0.8630 0.3572
vn -0.3136 0.8962 0.3136
vn -0.3961 0.8791 0.2650
vn -0.3299 0.9167 0.2254
vn -0.3984 0.8956 0.1979
vn -0.3297 0.9326 0.1467
vn -0.3296 0.9429 0.0479
vn -0.2313 0.8192 0.5248
vn -0.2495 0.8600 0.4451
vn -0.2650 0.8791 0.3961
vn -0.2254 0.9167 0.3299
vn -0.2355 0.9429 0.2355
vn -0.2524 0.9560 0.1493
vn -0.2562 0.9652 0.0522
vn -0.1506 0.8313 0.5350
vn -0.1595 0.8673 0.4715
vn -0.1173 0.9052 0.4084
vn -0.1979 0.8956 0.3984
vn -0.1467 0.9326 0.3297
vn -0.1493 0.9560 0.2524
vn -0.1545 0.9758 0.1545
vn -0.1520 0.9870 0.0520
vn -0.0495 0.8415 0.5380
vn -0.0491 0.8712 0.4884
vn -0.0399 0.9104 0.4118
vn -0.0479 0.9429 0.3296
vn -0.0522 0.9652 0.2562
vn -0.0520 0.9870 0.1520
vn -0.0485 0.9976 0.0485
vn -0.9868 -0.0752 -0.1438
vn -0.9106 -0.4111 -0.0436
vn -0.9442 -0.3256 -0.0503
vn -0.9654 -0.2552 -0.0530
vn -0.9865 -0.1545 -0.0538
vn -0.9941 -0.0767 -0.0770
vn -0.9074 -0.4054 -0.1106
vn -0.9399 -0.3136 -0.1353
vn -0.9552 -0.2526 -0.1539
vn -0.9760 -0.1538 -0.1543
vn -0.9864 -0.0534 -0.1553
vn -0.9228 -0.3106 -0.2282
vn -0.9356 -0.2514 -0.2478
vn -0.9556 -0.1522 -0.2524
vn -0.9651 -0.0522 -0.2565
vn -0.9207 -0.2316 -0.3141
vn -0.9401 -0.1274 -0.3163
vn -0.9433 -0.0499 -0.3283
vn -0.9085 -0.1037 -0.4048
vn -0.9100 -0.0462 -0.4121
vn -0.8453 -0.5314 -0.0545
vn -0.8695 -0.4911 -0.0527
vn -0.8361 -0.5270 -0.1523
vn -0.8610 -0.4860 -0.1499
vn -0.9006 -0.3921 -0.1875
vn -0.8235 -0.5221 -0.2219
vn -0.8574 -0.4484 -0.2524
vn -0.8852 -0.3663 -0.2868
vn -0.9004 -0.3082 -0.3070
vn -0.8023 -0.5085 -0.3127
vn -0.8373 -0.4311 -0.3362
vn -0.8669 -0.3514 -0.3535
vn -0.8818 -0.2909 -0.3714
vn -0.9008 -0.1809 -0.3948
vn -0.8149 -0.4123 -0.4074
vn -0.8452 -0.3245 -0.4246
vn -0.8573 -0.2551 -0.4472
vn -0.8633 -0.1438 -0.4838
vn -0.8701 -0.0505 -0.4903
vn -0.8038 -0.3083 -0.5088
vn -0.8201 -0.2313 -0.5235
vn -0.8353 -0.1486 -0.5293
vn -0.8437 -0.0498 -0.5344
vn -0.5380 -0.8415 -0.0495
vn -0.5350 -0.8313 -0.1506
vn -0.5248 -0.8192 -0.2313
vn -0.5092 -0.8026 -0.3108
vn -0.4118 -0.9104 -0.0399
vn -0.4884 -0.8712 -0.0491
vn -0.4084 -0.9052 -0.1173
vn -0.4715 -0.8673 -0.1595
vn -0.4451 -0.8600 -0.2495
vn -0.4357 -0.8366 -0.3321
vn -0.4141 -0.8106 -0.4141
vn -0.3296 -0.9429 -0.0479
vn -0.3297 -0.9326 -0.1467
vn -0.3984 -0.8956 -0.1979
vn -0.3299 -0.9167 -0.2254
vn -0.3961 -0.8791 -0.2650
vn -0.3136 -0.8962 -0.3136
vn -0.3572 -0.8630 -0.3573
vn -0.3321 -0.8366 -0.4357
vn -0.3108 -0.8026 -0.5092
vn -0.2562 -0.9652 -0.0522
vn -0.2524 -0.9560 -0.1493
vn -0.2355 -0.9429 -0.2355
vn -0.2254 -0.9167 -0.3299
vn -0.2650 -0.8791 -0.3961
vn -0.2495 -0.8600 -0.4451
vn -0.2313 -0.8192 -0.5248
vn -0.1532 -0.9868 -0.0530
vn -0.1545 -0.9758 -0.1545
vn -0.1493 -0.9560 -0.2524
vn -0.1467 -0.9326 -0.3297
vn -0.1979 -0.8956 -0.3984
vn -0.1173 -0.9052 -0.4084
vn -0.1595 -0.8673 -0.4715
vn -0.1506 -0.8313 -0.5350
vn -0.0634 -0.9960 -0.0625
vn -0.0692 -0.9952 -0.0692
vn -0.0530 -0.9868 -0.1532
vn -0.0522 -0.9652 -0.2562
vn -0.0479 -0.9429 -0.3296
vn -0.0399 -0.9104 -0.4118
vn -0.0491 -0.8712 -0.4884
vn -0.0495 -0.8415 -0.5380
vn -0.7083 -0.7048 -0.0381
vn -0.7742 -0.6306 -0.0539
vn -0.8047 -0.5908 -0.0578
vn -0.7038 -0.6997 -0.1231
vn -0.7651 -0.6243 -0.1579
vn -0.7949 -0.5859 -0.1575
vn -0.7438 -0.6237 -0.2404
vn -0.7802 -0.5752 -0.2458
vn -0.7249 -0.6095 -0.3209
vn -0.7588 -0.5453 -0.3561
vn -0.7782 -0.4937 -0.3882
vn -0.7373 -0.5275 -0.4220
vn -0.7618 -0.4658 -0.4502
vn -0.7879 -0.3751 -0.4884
vn -0.7359 -0.4259 -0.5264
vn -0.7569 -0.3394 -0.5585
vn -0.7750 -0.2513 -0.5799
vn -0.7924 -0.1518 -0.5908
vn -0.7968 -0.0547 -0.6018
vn -0.7212 -0.3165 -0.6162
vn -0.7444 -0.2546 -0.6172
vn -0.7724 -0.1341 -0.6208
vn -0.7646 -0.0465 -0.6429
vn -0.7191 -0.0847 -0.6897
vn -0.7371 -0.0373 -0.6748
vn -0.6357 -0.7701 -0.0530
vn -0.6305 -0.7599 -0.1581
vn -0.6956 -0.6912 -0.1961
vn -0.6292 -0.7407 -0.2353
vn -0.6861 -0.6800 -0.2587
vn -0.6232 -0.7212 -0.3023
vn -0.6756 -0.6442 -0.3585
vn -0.7022 -0.5862 -0.4041
vn -0.6501 -0.6102 -0.4527
vn -0.6769 -0.5696 -0.4663
vn -0.7013 -0.5101 -0.4981
vn -0.6169 -0.5986 -0.5110
vn -0.6425 -0.5511 -0.5324
vn -0.6764 -0.4704 -0.5668
vn -0.7006 -0.3833 -0.6019
vn -0.6078 -0.5111 -0.6078
vn -0.6371 -0.4337 -0.6371
vn -0.6623 -0.3504 -0.6623
vn -0.6791 -0.2789 -0.6791
vn -0.6981 -0.1781 -0.6935
vn -0.6162 -0.3165 -0.7212
vn -0.6185 -0.2586 -0.7420
vn -0.6365 -0.1589 -0.7547
vn -0.6947 -0.1294 -0.7076
vn -0.5975 -0.7999 -0.0558
vn -0.5985 -0.7856 -0.1569
vn -0.5847 -0.7732 -0.2455
vn -0.5430 -0.7668 -0.3424
vn -0.6039 -0.6927 -0.3943
vn -0.5233 -0.7441 -0.4153
vn -0.5901 -0.6489 -0.4803
vn -0.5081 -0.6955 -0.5081
vn -0.5547 -0.6202 -0.5547
vn -0.5732 -0.5855 -0.5732
vn -0.5110 -0.5986 -0.6169
vn -0.5324 -0.5511 -0.6425
vn -0.5668 -0.4704 -0.6764
vn -0.6019 -0.3833 -0.7006
vn -0.5264 -0.4259 -0.7359
vn -0.5585 -0.3394 -0.7569
vn -0.5841 -0.2699 -0.7655
vn -0.6259 -0.1946 -0.7553
vn -0.6723 -0.2017 -0.7122
vn -0.4929 -0.7808 -0.3839
vn -0.4505 -0.7707 -0.4505
vn -0.4153 -0.7441 -0.5233
vn -0.4803 -0.6489 -0.5901
vn -0.4527 -0.6102 -0.6501
vn -0.4663 -0.5696 -0.6769
vn -0.4981 -0.5101 -0.7013
vn -0.4220 -0.5275 -0.7373
vn -0.4502 -0.4658 -0.7618
vn -0.4884 -0.3751 -0.7879
vn -0.3839 -0.7808 -0.4929
vn -0.3424 -0.7668 -0.5430
vn -0.3943 -0.6927 -0.6039
vn -0.3023 -0.7212 -0.6232
vn -0.3585 -0.6442 -0.6756
vn -0.4041 -0.5862 -0.7022
vn -0.3209 -0.6095 -0.7249
vn -0.3561 -0.5453 -0.7588
vn -0.3882 -0.4937 -0.7782
vn -0.2455 -0.7732 -0.5847
vn -0.2353 -0.7407 -0.6292
vn -0.2587 -0.6800 -0.6861
vn -0.2404 -0.6237 -0.7438
vn -0.2457 -0.5752 -0.7802
vn -0.1569 -0.7856 -0.5985
vn -0.1581 -0.7599 -0.6305
vn -0.1961 -0.6912 -0.6956
vn -0.1231 -0.6997 -0.7038
vn -0.1579 -0.6243 -0.7651
vn -0.1575 -0.5859 -0.7949
vn -0.0558 -0.7999 -0.5975
vn -0.0530 -0.7701 -0.6357
vn -0.0381 -0.7048 -0.7083
vn -0.0539 -0.6306 -0.7742
vn -0.0578 -0.5908 -0.8047
vn -0.7337 -0.2142 -0.6449
vn -0.5160 -0.3150 -0.7966
vn -0.5395 -0.2812 -0.7936
vn -0.6149 -0.2601 -0.7445
vn -0.6939 -0.2791 -0.6638
vn -0.6629 -0.3187 -0.6775
vn -0.4079 -0.4129 -0.8144
vn -0.4278 -0.3363 -0.8390
vn -0.4510 -0.3447 -0.8233
vn -0.5394 -0.3537 -0.7642
vn -0.6085 -0.3579 -0.7083
vn -0.4669 -0.4186 -0.7790
vn -0.5330 -0.4262 -0.7310
vn -0.5943 -0.3731 -0.7125
vn -0.5383 -0.3320 -0.7746
vn -0.3127 -0.5085 -0.8023
vn -0.3363 -0.4319 -0.8369
vn -0.3528 -0.3661 -0.8611
vn -0.3800 -0.3887 -0.8393
vn -0.4116 -0.4652 -0.7837
vn -0.4510 -0.4884 -0.7470
vn -0.5085 -0.4199 -0.7518
vn -0.4016 -0.4572 -0.7935
vn -0.4342 -0.3648 -0.8236
vn -0.2219 -0.5221 -0.8235
vn -0.2523 -0.4500 -0.8567
vn -0.2891 -0.3791 -0.8790
vn -0.3383 -0.4081 -0.8480
vn -0.2653 -0.4195 -0.8681
vn -0.3153 -0.5124 -0.7988
vn -0.3623 -0.5174 -0.7753
vn -0.2491 -0.5395 -0.8043
vn -0.3035 -0.4819 -0.8220
vn -0.3370 -0.4050 -0.8499
vn -0.2822 -0.3444 -0.8954
vn -0.1523 -0.5270 -0.8361
vn -0.1494 -0.4868 -0.8606
vn -0.1958 -0.4151 -0.8884
vn -0.1179 -0.4439 -0.8883
vn -0.1680 -0.4238 -0.8900
vn -0.1779 -0.5358 -0.8254
vn -0.1520 -0.5581 -0.8157
vn -0.1831 -0.5069 -0.8424
vn -0.1975 -0.4466 -0.8726
vn -0.1736 -0.3623 -0.9158
vn -0.0545 -0.5314 -0.8453
vn -0.0527 -0.4911 -0.8695
vn -0.0447 -0.4565 -0.8886
vn -0.0576 -0.4638 -0.8840
vn -0.0658 -0.5339 -0.8430
vn -0.0659 -0.5602 -0.8258
vn -0.0698 -0.5273 -0.8468
vn -0.0734 -0.4585 -0.8857
vn -0.0614 -0.3703 -0.9269
vn -0.9540 0.0784 -0.2893
vn -0.9941 0.0767 -0.0770
vn -0.9865 0.1545 -0.0538
vn -0.9654 0.2552 -0.0530
vn -0.9442 0.3256 -0.0503
vn -0.9106 0.4111 -0.0436
vn -0.9864 0.0534 -0.1553
vn -0.9760 0.1538 -0.1543
vn -0.9552 0.2526 -0.1539
vn -0.9399 0.3136 -0.1353
vn -0.9074 0.4054 -0.1106
vn -0.9651 0.0522 -0.2565
vn -0.9556 0.1522 -0.2524
vn -0.9356 0.2514 -0.2478
vn -0.9228 0.3106 -0.2282
vn -0.9433 0.0499 -0.3283
vn -0.9401 0.1274 -0.3163
vn -0.9207 0.2316 -0.3141
vn -0.9100 0.0462 -0.4121
vn -0.9085 0.1037 -0.4048
vn -0.8695 0.4911 -0.0527
vn -0.8453 0.5314 -0.0545
vn -0.9006 0.3921 -0.1875
vn -0.8610 0.4860 -0.1499
vn -0.8361 0.5270 -0.1523
vn -0.9004 0.3082 -0.3070
vn -0.8852 0.3663 -0.2868
vn -0.8574 0.4484 -0.2524
vn -0.8235 0.5221 -0.2219
vn -0.9008 0.1809 -0.3948
vn -0.8818 0.2909 -0.3714
vn -0.8669 0.3514 -0.3535
vn -0.8373 0.4311 -0.3362
vn -0.8041 0.5066 -0.3111
vn -0.8701 0.0505 -0.4903
vn -0.8633 0.1438 -0.4838
vn -0.8575 0.2550 -0.4469
vn -0.8510 0.3185 -0.4176
vn -0.8284 0.4015 -0.3905
vn -0.8444 0.0485 -0.5336
vn -0.8419 0.1422 -0.5205
vn -0.8382 0.2275 -0.4957
vn -0.8390 0.2839 -0.4642
vn -0.8047 0.5908 -0.0578
vn -0.7742 0.6306 -0.0539
vn -0.7083 0.7048 -0.0381
vn -0.7949 0.5859 -0.1575
vn -0.7651 0.6243 -0.1579
vn -0.7038 0.6997 -0.1231
vn -0.7812 0.5749 -0.2434
vn -0.7443 0.6242 -0.2375
vn -0.7937 0.4856 -0.3663
vn -0.7702 0.5447 -0.3317
vn -0.7352 0.6059 -0.3038
vn -0.8402 0.3397 -0.4228
vn -0.8171 0.4392 -0.3733
vn -0.8068 0.5029 -0.3101
vn -0.8055 0.0404 -0.5912
vn -0.8249 0.1222 -0.5518
vn -0.8480 0.2011 -0.4903
vn -0.8590 0.2775 -0.4302
vn -0.8732 0.3624 -0.3258
vn -0.8570 0.4399 -0.2685
vn -0.7672 0.0161 -0.6412
vn -0.8067 0.0603 -0.5879
vn -0.8662 0.1062 -0.4882
vn -0.9018 0.1960 -0.3852
vn -0.8990 0.2760 -0.3401
vn -0.7905 -0.0209 -0.6121
vn -0.8500 0.0016 -0.5268
vn -0.8877 0.0251 -0.4597
vn -0.8989 0.1148 -0.4228
vn -0.6357 0.7701 -0.0530
vn -0.6958 0.6910 -0.1960
vn -0.6306 0.7599 -0.1578
vn -0.6904 0.6795 -0.2481
vn -0.6327 0.7416 -0.2228
vn -0.7713 0.5644 -0.2942
vn -0.7234 0.6396 -0.2600
vn -0.6743 0.7069 -0.2136
vn -0.8250 0.5113 -0.2408
vn -0.7940 0.5899 -0.1471
vn -0.7336 0.6709 -0.1081
vn -0.8894 0.3636 -0.2770
vn -0.8655 0.4435 -0.2328
vn -0.8331 0.5155 -0.2004
vn -0.9048 0.2068 -0.3723
vn -0.8909 0.2994 -0.3415
vn -0.8655 0.4004 -0.3010
vn -0.8241 0.5019 -0.2625
vn -0.7785 -0.0983 -0.6199
vn -0.8431 -0.0563 -0.5347
vn -0.8741 0.0212 -0.4853
vn -0.8784 0.1492 -0.4540
vn -0.8681 0.2708 -0.4161
vn -0.8333 0.3780 -0.4035
vn -0.7923 0.4796 -0.3771
vn -0.5975 0.7999 -0.0558
vn -0.5989 0.7856 -0.1554
vn -0.5981 0.7742 -0.2071
vn -0.6679 0.7324 -0.1324
vn -0.7745 0.6255 -0.0939
vn -0.7260 0.6847 -0.0638
vn -0.7773 0.5975 -0.1969
vn -0.7241 0.6689 -0.1680
vn -0.7601 0.5783 -0.2962
vn -0.7081 0.6471 -0.2826
vn -0.7577 0.4472 -0.4753
vn -0.7332 0.5325 -0.4228
vn -0.6839 0.6244 -0.3772
vn -0.6508 0.7289 -0.2126
vn -0.6428 0.7039 -0.3022
vn -0.6497 0.5889 -0.4807
vn -0.5994 0.6758 -0.4290
vn -0.5055 0.7129 -0.4860
vn -0.5380 0.8415 -0.0495
vn -0.5387 0.8299 -0.1451
vn -0.5521 0.8149 -0.1765
vn -0.6116 0.7879 -0.0721
vn -0.6542 0.7558 -0.0290
vn -0.6577 0.7466 -0.1001
vn -0.4886 0.8712 -0.0486
vn -0.4118 0.9104 -0.0395
vn -0.4722 0.8692 -0.1465
vn -0.4084 0.9056 -0.1144
vn -0.5020 0.8551 -0.1294
vn -0.5637 0.8248 -0.0426
vn -0.5740 0.8179 -0.0389
vn -0.5643 0.8117 -0.1508
vn -0.5587 0.7855 -0.2663
vn -0.5395 0.7509 -0.3808
vn -0.3298 0.9429 -0.0471
vn -0.4202 0.8948 -0.1509
vn -0.3384 0.9340 -0.1143
vn -0.4480 0.8897 -0.0880
vn -0.3684 0.9277 -0.0611
vn -0.4929 0.8701 -0.0058
vn -0.4105 0.9116 0.0213
vn -0.5193 0.8537 -0.0404
vn -0.4297 0.9024 -0.0324
vn -0.5103 0.8457 -0.1558
vn -0.4219 0.8957 -0.1403
vn -0.4661 0.8326 -0.2991
vn -0.4047 0.8807 -0.2463
vn -0.4314 0.8020 -0.4131
vn -0.2567 0.9652 -0.0506
vn -0.2639 0.9601 -0.0925
vn -0.2879 0.9572 -0.0299
vn -0.3150 0.9480 0.0459
vn -0.3212 0.9466 -0.0280
vn -0.3129 0.9363 -0.1594
vn -0.3786 0.8571 -0.3495
vn -0.3063 0.9116 -0.2742
vn -0.3344 0.8310 -0.4446
vn -0.2869 0.8790 -0.3808
vn -0.1520 0.9872 -0.0488
vn -0.1611 0.9841 -0.0754
vn -0.1881 0.9822 -0.0007
vn -0.2031 0.9775 0.0563
vn -0.1958 0.9801 -0.0310
vn -0.1948 0.9676 -0.1603
vn -0.1945 0.9398 -0.2811
vn -0.1997 0.8471 -0.4925
vn -0.1799 0.8982 -0.4011
vn -0.0485 0.9978 -0.0453
vn -0.0526 0.9967 -0.0613
vn -0.0623 0.9979 0.0183
vn -0.0635 0.9965 0.0552
vn -0.0652 0.9973 -0.0345
vn -0.0687 0.9848 -0.1598
vn -0.0590 0.9541 -0.2937
vn -0.0696 0.8636 -0.4994
vn -0.0569 0.9137 -0.4025
vn -0.7898 -0.1767 -0.5873
vn -0.8272 -0.1116 -0.5508
vn -0.8436 0.0003 -0.5370
vn -0.8369 0.1408 -0.5289
vn -0.8167 0.2450 -0.5225
vn -0.7895 0.3534 -0.5018
vn -0.7488 -0.2212 -0.6249
vn -0.7756 -0.1286 -0.6180
vn -0.7818 0.0011 -0.6235
vn -0.7726 0.1456 -0.6179
vn -0.7533 0.2729 -0.5983
vn -0.7311 0.3966 -0.5552
vn -0.6963 0.4939 -0.5208
vn -0.6986 -0.2356 -0.6756
vn -0.7197 -0.1266 -0.6826
vn -0.7239 0.0036 -0.6899
vn -0.7113 0.1420 -0.6884
vn -0.6967 0.2565 -0.6699
vn -0.6778 0.3511 -0.6461
vn -0.6479 0.4520 -0.6131
vn -0.6019 0.5515 -0.5776
vn -0.5539 0.6399 -0.5327
vn -0.6313 -0.2536 -0.7330
vn -0.6533 -0.1326 -0.7454
vn -0.6577 0.0074 -0.7533
vn -0.6424 0.1510 -0.7514
vn -0.6311 0.2645 -0.7292
vn -0.5942 0.3978 -0.6991
vn -0.5534 0.5039 -0.6633
vn -0.5579 -0.2366 -0.7955
vn -0.5753 -0.1291 -0.8077
vn -0.5771 0.0118 -0.8166
vn -0.5689 0.1453 -0.8095
vn -0.5621 0.2367 -0.7925
vn -0.5396 0.3485 -0.7664
vn -0.5162 0.5933 -0.6176
vn -0.4615 0.6799 -0.5698
vn -0.5079 0.4541 -0.7320
vn -0.4618 0.5420 -0.7022
vn -0.4206 0.6307 -0.6522
vn -0.4710 -0.2721 -0.8391
vn -0.5059 -0.1282 -0.8530
vn -0.5083 0.0143 -0.8611
vn -0.5106 0.1387 -0.8486
vn -0.4793 0.2723 -0.8344
vn -0.4396 0.3863 -0.8109
vn -0.4122 0.4894 -0.7685
vn -0.3993 -0.2163 -0.8909
vn -0.4080 -0.1000 -0.9075
vn -0.4130 0.0110 -0.9107
vn -0.4180 0.1046 -0.9024
vn -0.4084 0.2110 -0.8881
vn -0.3447 0.7167 -0.6062
vn -0.3499 0.5828 -0.7334
vn -0.3177 0.6605 -0.6803
vn -0.3807 -0.3173 -0.8686
vn -0.3870 0.3231 -0.8636
vn -0.3360 0.4264 -0.8398
vn -0.3047 0.5049 -0.8076
vn -0.2972 -0.2400 -0.9242
vn -0.2953 -0.1187 -0.9480
vn -0.3031 0.0070 -0.9529
vn -0.2979 0.1234 -0.9466
vn -0.2936 0.2388 -0.9256
vn -0.2698 0.3581 -0.8939
vn -0.2457 0.7398 -0.6263
vn -0.2444 0.6055 -0.7574
vn -0.1948 0.6856 -0.7015
vn -0.1837 0.4665 -0.8652
vn -0.1856 0.5207 -0.8333
vn -0.1436 0.6203 -0.7711
vn -0.1927 -0.2451 -0.9502
vn -0.1979 -0.1205 -0.9728
vn -0.1965 0.0067 -0.9805
vn -0.1940 0.1341 -0.9718
vn -0.1771 0.2535 -0.9510
vn -0.1492 0.3733 -0.9156
vn -0.0678 0.6927 -0.7180
vn -0.0707 0.4674 -0.8812
vn -0.0680 0.5364 -0.8412
vn -0.0565 0.6206 -0.7821
vn -0.0572 -0.2597 -0.9640
vn -0.0656 -0.1251 -0.9900
vn -0.0756 0.0068 -0.9971
vn -0.0722 0.1422 -0.9872
vn -0.0642 0.2743 -0.9595
vn -0.0626 0.3780 -0.9237
vn -0.4064 0.7552 -0.5142
vn -0.3026 0.7946 -0.5264
vn -0.1936 0.8128 -0.5494
vn -0.1537 0.7512 -0.6420
vn -0.0699 0.8204 -0.5674
vn -0.0616 0.7596 -0.6475
vn 0.0741 -0.1364 0.9879
vn 0.0436 -0.4111 0.9106
vn 0.0503 -0.3256 0.9442
vn 0.0530 -0.2552 0.9654
vn 0.0538 -0.1545 0.9865
vn 0.0770 -0.0767 0.9941
vn 0.0545 -0.5314 0.8453
vn 0.0527 -0.4911 0.8695
vn 0.1106 -0.4054 0.9074
vn 0.1353 -0.3136 0.9399
vn 0.1539 -0.2526 0.9552
vn 0.1543 -0.1538 0.9760
vn 0.1553 -0.0534 0.9864
vn 0.1523 -0.5270 0.8361
vn 0.1499 -0.4860 0.8610
vn 0.1875 -0.3921 0.9006
vn 0.2282 -0.3106 0.9228
vn 0.2478 -0.2514 0.9356
vn 0.2524 -0.1522 0.9556
vn 0.2565 -0.0522 0.9651
vn 0.2219 -0.5221 0.8235
vn 0.2524 -0.4484 0.8574
vn 0.2868 -0.3663 0.8852
vn 0.3070 -0.3082 0.9004
vn 0.3141 -0.2316 0.9207
vn 0.3163 -0.1274 0.9401
vn 0.3282 -0.0499 0.9433
vn 0.3127 -0.5085 0.8023
vn 0.3362 -0.4311 0.8373
vn 0.3535 -0.3514 0.8669
vn 0.3714 -0.2909 0.8818
vn 0.3948 -0.1809 0.9008
vn 0.4048 -0.1037 0.9085
vn 0.4121 -0.0462 0.9100
vn 0.4074 -0.4123 0.8149
vn 0.4246 -0.3245 0.8452
vn 0.4472 -0.2551 0.8573
vn 0.4838 -0.1438 0.8633
vn 0.4903 -0.0505 0.8701
vn 0.5088 -0.3083 0.8038
vn 0.5235 -0.2313 0.8201
vn 0.5293 -0.1486 0.8353
vn 0.5344 -0.0498 0.8437
vn 0.0495 -0.8415 0.5380
vn 0.0399 -0.9104 0.4118
vn 0.0491 -0.8712 0.4884
vn 0.0479 -0.9429 0.3296
vn 0.0522 -0.9652 0.2562
vn 0.0530 -0.9868 0.1532
vn 0.0650 -0.9959 0.0625
vn 0.0692 -0.9952 0.0692
vn 0.1506 -0.8313 0.5350
vn 0.1173 -0.9052 0.4084
vn 0.1595 -0.8673 0.4715
vn 0.1467 -0.9326 0.3297
vn 0.1979 -0.8956 0.3984
vn 0.1493 -0.9560 0.2524
vn 0.1545 -0.9758 0.1545
vn 0.1532 -0.9868 0.0530
vn 0.2313 -0.8192 0.5248
vn 0.2495 -0.8600 0.4451
vn 0.2254 -0.9167 0.3299
vn 0.2650 -0.8791 0.3961
vn 0.2355 -0.9429 0.2355
vn 0.2524 -0.9560 0.1493
vn 0.2562 -0.9652 0.0522
vn 0.3108 -0.8026 0.5092
vn 0.3321 -0.8366 0.4357
vn 0.3136 -0.8962 0.3136
vn 0.3573 -0.8630 0.3572
vn 0.3299 -0.9167 0.2254
vn 0.3961 -0.8791 0.2650
vn 0.3297 -0.9326 0.1467
vn 0.3984 -0.8956 0.1979
vn 0.3296 -0.9429 0.0479
vn 0.4141 -0.8106 0.4141
vn 0.4357 -0.8366 0.3321
vn 0.4451 -0.8600 0.2495
vn 0.4084 -0.9052 0.1173
vn 0.4715 -0.8673 0.1595
vn 0.4118 -0.9104 0.0399
vn 0.4884 -0.8712 0.0491
vn 0.5092 -0.8026 0.3108
vn 0.5248 -0.8192 0.2313
vn 0.5350 -0.8313 0.1506
vn 0.5380 -0.8415 0.0495
vn 0.0381 -0.7048 0.7083
vn 0.0539 -0.6306 0.7742
vn 0.0578 -0.5908 0.8047
vn 0.0530 -0.7701 0.6357
vn 0.0558 -0.7999 0.5975
vn 0.1231 -0.6997 0.7038
vn 0.1579 -0.6243 0.7651
vn 0.1575 -0.5859 0.7949
vn 0.1581 -0.7599 0.6305
vn 0.1961 -0.6912 0.6956
vn 0.1569 -0.7856 0.5985
vn 0.2404 -0.6237 0.7438
vn 0.2458 -0.5752 0.7802
vn 0.2353 -0.7407 0.6292
vn 0.2587 -0.6800 0.6861
vn 0.2455 -0.7732 0.5847
vn 0.3209 -0.6095 0.7249
vn 0.3561 -0.5453 0.7588
vn 0.3882 -0.4937 0.7782
vn 0.3023 -0.7212 0.6232
vn 0.3585 -0.6442 0.6756
vn 0.4041 -0.5862 0.7022
vn 0.3424 -0.7668 0.5430
vn 0.3943 -0.6927 0.6039
vn 0.3839 -0.7808 0.4929
vn 0.4220 -0.5275 0.7373
vn 0.4502 -0.4658 0.7618
vn 0.4884 -0.3751 0.7879
vn 0.4527 -0.6102 0.6501
vn 0.4663 -0.5696 0.6769
vn 0.4981 -0.5101 0.7013
vn 0.4153 -0.7441 0.5233
vn 0.4803 -0.6489 0.5901
vn 0.4505 -0.7707 0.4505
vn 0.4929 -0.7808 0.3839
vn 0.5264 -0.4259 0.7359
vn 0.5585 -0.3394 0.7569
vn 0.5799 -0.2513 0.7750
vn 0.5888 -0.1542 0.7935
vn 0.5932 -0.0531 0.8033
vn 0.5110 -0.5986 0.6169
vn 0.5324 -0.5511 0.6425
vn 0.5668 -0.4704 0.6764
vn 0.6019 -0.3833 0.7006
vn 0.5081 -0.6955 0.5081
vn 0.5547 -0.6202 0.5547
vn 0.5732 -0.5855 0.5732
vn 0.5233 -0.7441 0.4153
vn 0.5901 -0.6489 0.4803
vn 0.5430 -0.7668 0.3424
vn 0.6039 -0.6927 0.3943
vn 0.5847 -0.7732 0.2455
vn 0.5985 -0.7856 0.1569
vn 0.5975 -0.7999 0.0558
vn 0.6162 -0.3165 0.7212
vn 0.6172 -0.2546 0.7444
vn 0.6223 -0.1419 0.7698
vn 0.6322 -0.0508 0.7731
vn 0.6078 -0.5111 0.6078
vn 0.6371 -0.4337 0.6371
vn 0.6623 -0.3504 0.6623
vn 0.6791 -0.2789 0.6791
vn 0.6960 -0.1769 0.6960
vn 0.6169 -0.5986 0.5110
vn 0.6425 -0.5511 0.5324
vn 0.6764 -0.4704 0.5668
vn 0.7006 -0.3833 0.6019
vn 0.6501 -0.6102 0.4527
vn 0.6769 -0.5696 0.4663
vn 0.7013 -0.5101 0.4981
vn 0.6232 -0.7212 0.3023
vn 0.6756 -0.6442 0.3585
vn 0.7022 -0.5862 0.4041
vn 0.6292 -0.7407 0.2353
vn 0.6861 -0.6800 0.2587
vn 0.6305 -0.7599 0.1581
vn 0.6956 -0.6912 0.1961
vn 0.6357 -0.7701 0.0530
vn 0.7033 -0.1037 0.7033
vn 0.7064 -0.0444 0.7064
vn 0.7212 -0.3165 0.6162
vn 0.7444 -0.2546 0.6172
vn 0.7698 -0.1419 0.6223
vn 0.7731 -0.0508 0.6322
vn 0.7359 -0.4259 0.5264
vn 0.7569 -0.3394 0.5585
vn 0.7750 -0.2513 0.5799
vn 0.7935 -0.1542 0.5888
vn 0.8033 -0.0531 0.5932
vn 0.7373 -0.5275 0.4220
vn 0.7618 -0.4658 0.4502
vn 0.7879 -0.3751 0.4884
vn 0.7249 -0.6095 0.3209
vn 0.7588 -0.5453 0.3561
vn 0.7782 -0.4937 0.3882
vn 0.7438 -0.6237 0.2404
vn 0.7802 -0.5752 0.2457
vn 0.7038 -0.6997 0.1231
vn 0.7651 -0.6243 0.1579
vn 0.7949 -0.5859 0.1575
vn 0.7083 -0.7048 0.0381
vn 0.7742 -0.6306 0.0539
vn 0.8047 -0.5908 0.0578
vn 0.8038 -0.3083 0.5088
vn 0.8201 -0.2313 0.5235
vn 0.8353 -0.1486 0.5293
vn 0.8437 -0.0498 0.5344
vn 0.8149 -0.4123 0.4073
vn 0.8452 -0.3245 0.4246
vn 0.8573 -0.2551 0.4472
vn 0.8633 -0.1438 0.4838
vn 0.8701 -0.0505 0.4903
vn 0.8023 -0.5085 0.3127
vn 0.8373 -0.4311 0.3362
vn 0.8669 -0.3514 0.3535
vn 0.8818 -0.2909 0.3714
vn 0.9008 -0.1809 0.3948
vn 0.8235 -0.5221 0.2219
vn 0.8574 -0.4484 0.2524
vn 0.8852 -0.3663 0.2868
vn 0.9004 -0.3082 0.3070
vn 0.8361 -0.5270 0.1523
vn 0.8610 -0.4860 0.1499
vn 0.9006 -0.3921 0.1875
vn 0.8453 -0.5314 0.0545
vn 0.8695 -0.4911 0.0527
vn 0.9085 -0.1037 0.4048
vn 0.9100 -0.0462 0.4121
vn 0.9207 -0.2316 0.3141
vn 0.9401 -0.1274 0.3163
vn 0.9433 -0.0499 0.3282
vn 0.9228 -0.3106 0.2282
vn 0.9356 -0.2514 0.2478
vn 0.9556 -0.1522 0.2524
vn 0.9651 -0.0522 0.2565
vn 0.9074 -0.4054 0.1106
vn 0.9399 -0.3136 0.1352
vn 0.9552 -0.2526 0.1539
vn 0.9760 -0.1538 0.1543
vn 0.9868 -0.0521 0.1535
vn 0.9106 -0.4111 0.0436
vn 0.9442 -0.3256 0.0503
vn 0.9654 -0.2552 0.0530
vn 0.9869 -0.1527 0.0524
vn 0.9973 -0.0517 0.0520
vn 0.0737 0.0945 0.9928
vn 0.0770 0.0767 0.9941
vn 0.0538 0.1545 0.9865
vn 0.0530 0.2552 0.9654
vn 0.0503 0.3256 0.9442
vn 0.0436 0.4111 0.9106
vn 0.0527 0.4911 0.8695
vn 0.0545 0.5314 0.8453
vn 0.1553 0.0534 0.9864
vn 0.1543 0.1538 0.9760
vn 0.1539 0.2526 0.9552
vn 0.1353 0.3136 0.9399
vn 0.1106 0.4054 0.9074
vn 0.1875 0.3921 0.9006
vn 0.1499 0.4860 0.8610
vn 0.1523 0.5270 0.8361
vn 0.2565 0.0522 0.9651
vn 0.2524 0.1522 0.9556
vn 0.2478 0.2514 0.9356
vn 0.2282 0.3106 0.9228
vn 0.3070 0.3082 0.9004
vn 0.2868 0.3663 0.8852
vn 0.2524 0.4484 0.8574
vn 0.2219 0.5221 0.8235
vn 0.3283 0.0499 0.9433
vn 0.3163 0.1274 0.9401
vn 0.3141 0.2316 0.9207
vn 0.3948 0.1809 0.9008
vn 0.3714 0.2909 0.8818
vn 0.3535 0.3514 0.8669
vn 0.3362 0.4311 0.8373
vn 0.3127 0.5085 0.8023
vn 0.4121 0.0462 0.9100
vn 0.4048 0.1037 0.9085
vn 0.4903 0.0505 0.8701
vn 0.4838 0.1438 0.8633
vn 0.4472 0.2551 0.8573
vn 0.4246 0.3245 0.8452
vn 0.4074 0.4123 0.8149
vn 0.5344 0.0498 0.8437
vn 0.5293 0.1486 0.8353
vn 0.5235 0.2313 0.8201
vn 0.5088 0.3083 0.8038
vn 0.0578 0.5908 0.8047
vn 0.0539 0.6306 0.7742
vn 0.0381 0.7048 0.7083
vn 0.0530 0.7701 0.6357
vn 0.0558 0.7999 0.5975
vn 0.1575 0.5859 0.7949
vn 0.1579 0.6243 0.7651
vn 0.1231 0.6997 0.7038
vn 0.1961 0.6912 0.6956
vn 0.1581 0.7599 0.6305
vn 0.1569 0.7856 0.5985
vn 0.2458 0.5752 0.7802
vn 0.2404 0.6237 0.7438
vn 0.2587 0.6800 0.6861
vn 0.2353 0.7407 0.6292
vn 0.2455 0.7732 0.5847
vn 0.3882 0.4937 0.7782
vn 0.3561 0.5453 0.7588
vn 0.3209 0.6095 0.7249
vn 0.4041 0.5862 0.7022
vn 0.3585 0.6442 0.6756
vn 0.3023 0.7212 0.6232
vn 0.3943 0.6927 0.6039
vn 0.3424 0.7668 0.5430
vn 0.3839 0.7808 0.4929
vn 0.4884 0.3751 0.7879
vn 0.4502 0.4658 0.7618
vn 0.4220 0.5275 0.7373
vn 0.4981 0.5101 0.7013
vn 0.4663 0.5696 0.6769
vn 0.4527 0.6102 0.6501
vn 0.4803 0.6489 0.5901
vn 0.4153 0.7441 0.5233
vn 0.4505 0.7707 0.4505
vn 0.4929 0.7808 0.3839
vn 0.5932 0.0531 0.8033
vn 0.5888 0.1542 0.7935
vn 0.5799 0.2513 0.7750
vn 0.5585 0.3395 0.7569
vn 0.5264 0.4259 0.7359
vn 0.6019 0.3833 0.7006
vn 0.5668 0.4704 0.6764
vn 0.5324 0.5511 0.6425
vn 0.5110 0.5986 0.6169
vn 0.5732 0.5855 0.5732
vn 0.5547 0.6202 0.5547
vn 0.5081 0.6955 0.5081
vn 0.5901 0.6489 0.4803
vn 0.5233 0.7441 0.4153
vn 0.6039 0.6927 0.3943
vn 0.5430 0.7668 0.3424
vn 0.5847 0.7732 0.2455
vn 0.5985 0.7856 0.1569
vn 0.5975 0.7999 0.0558
vn 0.6322 0.0508 0.7731
vn 0.6223 0.1419 0.7698
vn 0.6172 0.2546 0.7444
vn 0.6162 0.3165 0.7212
vn 0.6960 0.1769 0.6960
vn 0.6791 0.2789 0.6791
vn 0.6623 0.3504 0.6623
vn 0.6371 0.4337 0.6371
vn 0.6078 0.5111 0.6078
vn 0.7006 0.3833 0.6019
vn 0.6764 0.4704 0.5668
vn 0.6425 0.5511 0.5324
vn 0.6169 0.5986 0.5110
vn 0.7013 0.5101 0.4981
vn 0.6769 0.5696 0.4663
vn 0.6501 0.6102 0.4527
vn 0.7022 0.5862 0.4041
vn 0.6756 0.6442 0.3585
vn 0.6232 0.7212 0.3023
vn 0.6861 0.6800 0.2587
vn 0.6292 0.7407 0.2353
vn 0.6956 0.6912 0.1961
vn 0.6305 0.7599 0.1581
vn 0.6357 0.7701 0.0530
vn 0.7064 0.0444 0.7064
vn 0.7033 0.1037 0.7033
vn 0.7731 0.0508 0.6322
vn 0.7698 0.1419 0.6223
vn 0.7444 0.2546 0.6172
vn 0.7212 0.3165 0.6162
vn 0.8033 0.0531 0.5932
vn 0.7935 0.1542 0.5888
vn 0.7750 0.2513 0.5799
vn 0.7569 0.3394 0.5585
vn 0.7359 0.4259 0.5264
vn 0.7879 0.3751 0.4884
vn 0.7618 0.4658 0.4502
vn 0.7373 0.5275 0.4220
vn 0.7782 0.4937 0.3882
vn 0.7588 0.5453 0.3561
vn 0.7249 0.6095 0.3209
vn 0.7802 0.5752 0.2458
vn 0.7438 0.6237 0.2404
vn 0.7949 0.5859 0.1575
vn 0.7651 0.6243 0.1579
vn 0.7038 0.6997 0.1231
vn 0.8047 0.5908 0.0578
vn 0.7742 0.6306 0.0539
vn 0.7083 0.7048 0.0381
vn 0.0495 0.8415 0.5380
vn 0.0491 0.8712 0.4884
vn 0.0399 0.9104 0.4118
vn 0.0479 0.9429 0.3296
vn 0.0522 0.9652 0.2562
vn 0.0520 0.9870 0.1520
vn 0.0485 0.9976 0.0485
vn 0.1506 0.8313 0.5350
vn 0.1595 0.8673 0.4715
vn 0.1173 0.9052 0.4084
vn 0.1979 0.8956 0.3984
vn 0.1467 0.9326 0.3297
vn 0.1493 0.9560 0.2524
vn 0.1545 0.9758 0.1545
vn 0.1520 0.9870 0.0520
vn 0.2313 0.8192 0.5248
vn 0.2495 0.8600 0.4451
vn 0.2650 0.8791 0.3961
vn 0.2254 0.9167 0.3299
vn 0.2355 0.9429 0.2355
vn 0.2524 0.9560 0.1493
vn 0.2562 0.9652 0.0522
vn 0.3108 0.8026 0.5092
vn 0.3321 0.8366 0.4357
vn 0.3573 0.8630 0.3572
vn 0.3136 0.8962 0.3136
vn 0.3961 0.8791 0.2650
vn 0.3299 0.9167 0.2254
vn 0.3984 0.8956 0.1979
vn 0.3297 0.9326 0.1467
vn 0.3296 0.9429 0.0479
vn 0.4141 0.8106 0.4141
vn 0.4357 0.8366 0.3321
vn 0.4451 0.8600 0.2495
vn 0.4715 0.8673 0.1595
vn 0.4084 0.9052 0.1173
vn 0.4884 0.8712 0.0491
vn 0.4118 0.9104 0.0399
vn 0.5092 0.8026 0.3108
vn 0.5248 0.8192 0.2313
vn 0.5350 0.8313 0.1506
vn 0.5380 0.8415 0.0495
vn 0.8437 0.0498 0.5344
vn 0.8353 0.1486 0.5293
vn 0.8201 0.2313 0.5235
vn 0.8038 0.3083 0.5088
vn 0.8701 0.0505 0.4903
vn 0.8633 0.1438 0.4838
vn 0.8573 0.2551 0.4472
vn 0.8452 0.3245 0.4246
vn 0.8149 0.4123 0.4073
vn 0.9008 0.1809 0.3948
vn 0.8818 0.2909 0.3714
vn 0.8669 0.3514 0.3535
vn 0.8373 0.4311 0.3362
vn 0.8023 0.5085 0.3127
vn 0.9004 0.3082 0.3070
vn 0.8852 0.3663 0.2868
vn 0.8574 0.4484 0.2524
vn 0.8235 0.5221 0.2219
vn 0.9006 0.3921 0.1875
vn 0.8610 0.4860 0.1499
vn 0.8361 0.5270 0.1523
vn 0.8695 0.4911 0.0527
vn 0.8453 0.5314 0.0545
vn 0.9100 0.0462 0.4121
vn 0.9085 0.1037 0.4048
vn 0.9433 0.0499 0.3282
vn 0.9401 0.1274 0.3163
vn 0.9207 0.2316 0.3141
vn 0.9651 0.0522 0.2565
vn 0.9556 0.1522 0.2524
vn 0.9356 0.2514 0.2478
vn 0.9228 0.3106 0.2282
vn 0.9868 0.0521 0.1535
vn 0.9760 0.1538 0.1543
vn 0.9552 0.2526 0.1539
vn 0.9399 0.3136 0.1353
vn 0.9074 0.4054 0.1106
vn 0.9973 0.0517 0.0520
vn 0.9869 0.1527 0.0524
vn 0.9654 0.2552 0.0530
vn 0.9442 0.3256 0.0503
vn 0.9106 0.4111 0.0436
vn 0.0634 -0.9960 -0.0625
vn 0.0692 -0.9952 -0.0692
vn 0.0530 -0.9868 -0.1532
vn 0.0522 -0.9652 -0.2562
vn 0.0479 -0.9429 -0.3296
vn 0.0399 -0.9104 -0.4118
vn 0.0491 -0.8712 -0.4884
vn 0.0495 -0.8415 -0.5380
vn 0.1532 -0.9868 -0.0530
vn 0.1545 -0.9758 -0.1545
vn 0.1493 -0.9560 -0.2524
vn 0.1467 -0.9326 -0.3297
vn 0.1979 -0.8956 -0.3984
vn 0.1173 -0.9052 -0.4084
vn 0.1595 -0.8673 -0.4715
vn 0.1506 -0.8313 -0.5350
vn 0.2562 -0.9652 -0.0522
vn 0.2524 -0.9560 -0.1493
vn 0.2355 -0.9429 -0.2355
vn 0.2254 -0.9167 -0.3299
vn 0.2650 -0.8791 -0.3961
vn 0.2495 -0.8600 -0.4451
vn 0.2313 -0.8192 -0.5248
vn 0.3296 -0.9429 -0.0479
vn 0.3297 -0.9326 -0.1467
vn 0.3984 -0.8956 -0.1979
vn 0.3299 -0.9167 -0.2254
vn 0.3961 -0.8791 -0.2650
vn 0.3136 -0.8962 -0.3136
vn 0.3572 -0.8630 -0.3572
vn 0.3321 -0.8366 -0.4357
vn 0.3108 -0.8026 -0.5092
vn 0.4118 -0.9104 -0.0399
vn 0.4884 -0.8712 -0.0491
vn 0.4084 -0.9052 -0.1173
vn 0.4715 -0.8673 -0.1595
vn 0.4451 -0.8600 -0.2495
vn 0.4357 -0.8366 -0.3321
vn 0.4141 -0.8106 -0.4141
vn 0.5380 -0.8415 -0.0495
vn 0.5350 -0.8313 -0.1506
vn 0.5248 -0.8192 -0.2313
vn 0.5092 -0.8026 -0.3108
vn 0.0558 -0.7999 -0.5975
vn 0.0530 -0.7701 -0.6357
vn 0.0381 -0.7048 -0.7083
vn 0.0539 -0.6306 -0.7742
vn 0.0578 -0.5908 -0.8047
vn 0.1569 -0.7856 -0.5985
vn 0.1581 -0.7599 -0.6305
vn 0.1961 -0.6912 -0.6956
vn 0.1231 -0.6997 -0.7038
vn 0.1579 -0.6243 -0.7651
vn 0.1575 -0.5859 -0.7949
vn 0.2455 -0.7732 -0.5847
vn 0.2353 -0.7407 -0.6292
vn 0.2587 -0.6800 -0.6861
vn 0.2404 -0.6237 -0.7438
vn 0.2458 -0.5752 -0.7802
vn 0.3839 -0.7808 -0.4929
vn 0.3424 -0.7668 -0.5430
vn 0.3943 -0.6927 -0.6039
vn 0.3023 -0.7212 -0.6232
vn 0.3585 -0.6442 -0.6756
vn 0.4041 -0.5862 -0.7022
vn 0.3209 -0.6095 -0.7249
vn 0.3561 -0.5453 -0.7588
vn 0.3882 -0.4937 -0.7782
vn 0.4929 -0.7808 -0.3839
vn 0.4505 -0.7707 -0.4505
vn 0.4153 -0.7441 -0.5233
vn 0.4803 -0.6489 -0.5901
vn 0.4527 -0.6102 -0.6501
vn 0.4663 -0.5696 -0.6769
vn 0.4981 -0.5101 -0.7013
vn 0.4220 -0.5275 -0.7373
vn 0.4502 -0.4658 -0.7618
vn 0.4884 -0.3751 -0.7879
vn 0.5975 -0.7999 -0.0558
vn 0.5985 -0.7856 -0.1569
vn 0.5847 -0.7732 -0.2455
vn 0.5430 -0.7668 -0.3424
vn 0.6039 -0.6927 -0.3943
vn 0.5233 -0.7441 -0.4153
vn 0.5901 -0.6489 -0.4803
vn 0.5081 -0.6955 -0.5081
vn 0.5547 -0.6202 -0.5547
vn 0.5732 -0.5855 -0.5732
vn 0.5110 -0.5986 -0.6169
vn 0.5324 -0.5511 -0.6425
vn 0.5668 -0.4704 -0.6764
vn 0.6019 -0.3833 -0.7006
vn 0.5264 -0.4259 -0.7359
vn 0.5578 -0.3419 -0.7563
vn 0.5896 -0.2653 -0.7629
vn 0.6217 -0.1758 -0.7632
vn 0.6579 -0.1952 -0.7273
vn 0.6357 -0.7701 -0.0530
vn 0.6305 -0.7599 -0.1581
vn 0.6956 -0.6912 -0.1961
vn 0.6292 -0.7407 -0.2353
vn 0.6861 -0.6800 -0.2587
vn 0.6232 -0.7212 -0.3023
vn 0.6756 -0.6442 -0.3585
vn 0.7022 -0.5862 -0.4041
vn 0.6501 -0.6102 -0.4527
vn 0.6769 -0.5696 -0.4663
vn 0.7013 -0.5101 -0.4981
vn 0.6169 -0.5986 -0.5110
vn 0.6425 -0.5511 -0.5324
vn 0.6764 -0.4704 -0.5668
vn 0.7006 -0.3833 -0.6019
vn 0.6078 -0.5111 -0.6078
vn 0.6371 -0.4337 -0.6371
vn 0.6623 -0.3504 -0.6623
vn 0.6791 -0.2789 -0.6791
vn 0.6966 -0.1773 -0.6952
vn 0.6172 -0.3178 -0.7198
vn 0.6211 -0.2560 -0.7408
vn 0.6304 -0.1583 -0.7600
vn 0.6690 -0.1383 -0.7303
vn 0.7083 -0.7048 -0.0381
vn 0.7742 -0.6306 -0.0539
vn 0.8047 -0.5908 -0.0578
vn 0.7038 -0.6997 -0.1231
vn 0.7651 -0.6243 -0.1579
vn 0.7949 -0.5859 -0.1575
vn 0.7438 -0.6237 -0.2404
vn 0.7802 -0.5752 -0.2458
vn 0.7249 -0.6095 -0.3209
vn 0.7588 -0.5453 -0.3561
vn 0.7782 -0.4937 -0.3882
vn 0.7373 -0.5275 -0.4220
vn 0.7618 -0.4658 -0.4502
vn 0.7879 -0.3751 -0.4884
vn 0.7359 -0.4259 -0.5264
vn 0.7569 -0.3394 -0.5585
vn 0.7750 -0.2513 -0.5799
vn 0.7935 -0.1542 -0.5888
vn 0.8040 -0.0543 -0.5922
vn 0.7212 -0.3165 -0.6162
vn 0.7444 -0.2546 -0.6172
vn 0.7698 -0.1419 -0.6223
vn 0.7739 -0.0567 -0.6308
vn 0.7130 -0.1105 -0.6924
vn 0.7312 -0.0672 -0.6788
vn 0.0545 -0.5314 -0.8453
vn 0.0527 -0.4911 -0.8695
vn 0.0452 -0.4544 -0.8897
vn 0.0581 -0.4635 -0.8842
vn 0.0663 -0.5349 -0.8423
vn 0.0636 -0.5651 -0.8225
vn 0.0678 -0.5338 -0.8429
vn 0.0643 -0.4541 -0.8886
vn 0.0609 -0.3527 -0.9338
vn 0.1523 -0.5270 -0.8361
vn 0.1490 -0.4873 -0.8604
vn 0.1958 -0.4155 -0.8883
vn 0.1167 -0.4425 -0.8891
vn 0.1652 -0.4255 -0.8898
vn 0.1977 -0.5370 -0.8201
vn 0.2590 -0.5371 -0.8028
vn 0.1622 -0.5602 -0.8123
vn 0.2076 -0.5148 -0.8318
vn 0.2067 -0.4476 -0.8700
vn 0.1732 -0.3455 -0.9223
vn 0.2219 -0.5221 -0.8235
vn 0.2528 -0.4492 -0.8569
vn 0.2939 -0.3774 -0.8782
vn 0.3367 -0.4004 -0.8522
vn 0.2750 -0.4130 -0.8682
vn 0.3278 -0.4855 -0.8104
vn 0.3492 -0.5170 -0.7815
vn 0.3128 -0.4873 -0.8153
vn 0.3488 -0.4049 -0.8452
vn 0.2883 -0.3360 -0.8966
vn 0.3127 -0.5085 -0.8023
vn 0.3362 -0.4311 -0.8373
vn 0.3505 -0.3646 -0.8627
vn 0.3879 -0.3928 -0.8338
vn 0.4647 -0.4013 -0.7893
vn 0.3941 -0.4619 -0.7946
vn 0.4562 -0.4746 -0.7528
vn 0.5188 -0.4228 -0.7430
vn 0.4064 -0.4634 -0.7875
vn 0.4426 -0.3695 -0.8171
vn 0.4074 -0.4123 -0.8149
vn 0.4266 -0.3362 -0.8397
vn 0.4486 -0.3307 -0.8303
vn 0.5418 -0.3304 -0.7728
vn 0.6130 -0.3518 -0.7074
vn 0.5554 -0.4032 -0.7273
vn 0.6033 -0.3807 -0.7008
vn 0.5431 -0.3387 -0.7684
vn 0.5126 -0.3246 -0.7949
vn 0.5401 -0.2792 -0.7940
vn 0.6044 -0.2345 -0.7614
vn 0.6861 -0.2783 -0.6722
vn 0.6646 -0.3340 -0.6685
vn 0.7152 -0.2135 -0.6655
vn 0.8453 -0.5314 -0.0545
vn 0.8695 -0.4911 -0.0527
vn 0.8361 -0.5270 -0.1523
vn 0.8610 -0.4860 -0.1499
vn 0.9006 -0.3921 -0.1875
vn 0.8235 -0.5221 -0.2219
vn 0.8574 -0.4484 -0.2524
vn 0.8852 -0.3663 -0.2868
vn 0.9004 -0.3082 -0.3070
vn 0.8023 -0.5085 -0.3127
vn 0.8373 -0.4311 -0.3362
vn 0.8669 -0.3514 -0.3535
vn 0.8818 -0.2909 -0.3714
vn 0.9008 -0.1809 -0.3948
vn 0.8149 -0.4123 -0.4074
vn 0.8452 -0.3245 -0.4246
vn 0.8573 -0.2551 -0.4472
vn 0.8633 -0.1438 -0.4838
vn 0.8701 -0.0505 -0.4903
vn 0.8038 -0.3083 -0.5088
vn 0.8201 -0.2313 -0.5235
vn 0.8353 -0.1486 -0.5293
vn 0.8437 -0.0498 -0.5344
vn 0.9106 -0.4111 -0.0436
vn 0.9442 -0.3256 -0.0503
vn 0.9654 -0.2552 -0.0530
vn 0.9869 -0.1527 -0.0524
vn 0.9973 -0.0517 -0.0520
vn 0.9074 -0.4054 -0.1106
vn 0.9399 -0.3136 -0.1353
vn 0.9552 -0.2526 -0.1539
vn 0.9760 -0.1538 -0.1543
vn 0.9868 -0.0521 -0.1535
vn 0.9228 -0.3106 -0.2282
vn 0.9356 -0.2514 -0.2478
vn 0.9556 -0.1522 -0.2524
vn 0.9651 -0.0522 -0.2565
vn 0.9207 -0.2316 -0.3141
vn 0.9401 -0.1274 -0.3163
vn 0.9433 -0.0499 -0.3282
vn 0.9085 -0.1037 -0.4048
vn 0.9100 -0.0462 -0.4121
vn 0.5252 0.7137 -0.4636
vn 0.6444 0.7629 -0.0521
vn 0.6696 0.7407 -0.0547
vn 0.6648 0.7302 -0.1574
vn 0.6413 0.7111 -0.2881
vn 0.6541 0.5940 -0.4683
vn 0.6051 0.6780 -0.4174
vn 0.5975 0.7999 -0.0558
vn 0.5990 0.7855 -0.1554
vn 0.6001 0.7718 -0.2103
vn 0.7118 0.6795 -0.1778
vn 0.6640 0.7300 -0.1618
vn 0.7576 0.6460 -0.0938
vn 0.7166 0.6925 -0.0840
vn 0.7774 0.6018 -0.1830
vn 0.7267 0.6685 -0.1583
vn 0.7665 0.5747 -0.2868
vn 0.7134 0.6454 -0.2728
vn 0.7642 0.4557 -0.4565
vn 0.7370 0.5370 -0.4105
vn 0.6857 0.6236 -0.3754
vn 0.6357 0.7701 -0.0530
vn 0.6957 0.6911 -0.1960
vn 0.6306 0.7599 -0.1579
vn 0.6885 0.6800 -0.2521
vn 0.6320 0.7407 -0.2280
vn 0.7576 0.5738 -0.3111
vn 0.7047 0.6537 -0.2758
vn 0.6587 0.7055 -0.2614
vn 0.8104 0.5230 -0.2642
vn 0.7742 0.6072 -0.1786
vn 0.8862 0.3560 -0.2967
vn 0.8572 0.4483 -0.2534
vn 0.8247 0.5254 -0.2093
vn 0.8916 0.1034 -0.4408
vn 0.9091 0.1717 -0.3795
vn 0.8954 0.2867 -0.3407
vn 0.8665 0.4006 -0.2978
vn 0.8261 0.5024 -0.2554
vn 0.7626 -0.0921 -0.6403
vn 0.8478 -0.0184 -0.5300
vn 0.8796 0.0384 -0.4742
vn 0.8831 0.1455 -0.4461
vn 0.8767 0.2607 -0.4043
vn 0.8417 0.3802 -0.3833
vn 0.7981 0.4818 -0.3617
vn 0.8047 0.5908 -0.0578
vn 0.7742 0.6306 -0.0539
vn 0.7083 0.7048 -0.0381
vn 0.7949 0.5859 -0.1575
vn 0.7651 0.6243 -0.1579
vn 0.7038 0.6997 -0.1231
vn 0.7809 0.5750 -0.2440
vn 0.7442 0.6241 -0.2382
vn 0.7911 0.4872 -0.3698
vn 0.7678 0.5453 -0.3363
vn 0.7324 0.6071 -0.3082
vn 0.8292 0.3477 -0.4377
vn 0.8085 0.4415 -0.3892
vn 0.7972 0.5073 -0.3274
vn 0.8069 0.0511 -0.5885
vn 0.8089 0.1361 -0.5720
vn 0.8301 0.2039 -0.5190
vn 0.8419 0.2906 -0.4548
vn 0.8618 0.3609 -0.3565
vn 0.8454 0.4424 -0.2992
vn 0.7826 0.0374 -0.6214
vn 0.8134 0.0852 -0.5754
vn 0.8567 0.1279 -0.4998
vn 0.8816 0.2141 -0.4206
vn 0.8929 0.2729 -0.3581
vn 0.7814 0.0018 -0.6240
vn 0.8311 0.0337 -0.5552
vn 0.8580 0.0452 -0.5117
vn 0.0485 0.9978 -0.0453
vn 0.0537 0.9966 -0.0631
vn 0.0679 0.9976 0.0135
vn 0.0752 0.9956 0.0553
vn 0.0708 0.9972 -0.0256
vn 0.0704 0.9838 -0.1647
vn 0.0715 0.9511 -0.3005
vn 0.0743 0.8695 -0.4884
vn 0.0686 0.9154 -0.3966
vn 0.1522 0.9871 -0.0494
vn 0.1672 0.9826 -0.0804
vn 0.1963 0.9805 -0.0045
vn 0.2060 0.9771 0.0527
vn 0.2073 0.9779 -0.0264
vn 0.2109 0.9634 -0.1652
vn 0.1934 0.9414 -0.2763
vn 0.1920 0.8511 -0.4885
vn 0.1612 0.9051 -0.3935
vn 0.2583 0.9644 -0.0567
vn 0.2726 0.9562 -0.1063
vn 0.3039 0.9522 -0.0301
vn 0.3274 0.9438 0.0448
vn 0.3290 0.9439 -0.0295
vn 0.3161 0.9358 -0.1561
vn 0.3983 0.8531 -0.3371
vn 0.3074 0.9173 -0.2530
vn 0.3459 0.8255 -0.4459
vn 0.2832 0.8823 -0.3760
vn 0.3279 0.9432 -0.0534
vn 0.4001 0.9018 -0.1637
vn 0.3258 0.9365 -0.1300
vn 0.4252 0.8995 -0.1005
vn 0.3631 0.9293 -0.0676
vn 0.4940 0.8694 -0.0108
vn 0.4185 0.9078 0.0266
vn 0.5258 0.8502 -0.0276
vn 0.4292 0.9028 -0.0271
vn 0.5132 0.8435 -0.1585
vn 0.4182 0.8982 -0.1354
vn 0.4859 0.8221 -0.2968
vn 0.4117 0.8802 -0.2362
vn 0.4571 0.7954 -0.3980
vn 0.4885 0.8712 -0.0488
vn 0.4118 0.9104 -0.0396
vn 0.4672 0.8708 -0.1530
vn 0.4002 0.9082 -0.1226
vn 0.4924 0.8582 -0.1452
vn 0.5659 0.8222 -0.0613
vn 0.5933 0.8040 -0.0399
vn 0.5901 0.7922 -0.1553
vn 0.5686 0.7770 -0.2699
vn 0.5496 0.7487 -0.3707
vn 0.5380 0.8415 -0.0495
vn 0.5376 0.8305 -0.1459
vn 0.5398 0.8202 -0.1895
vn 0.5901 0.7950 -0.1402
vn 0.0635 0.6952 -0.7160
vn 0.0670 0.4683 -0.8810
vn 0.0628 0.5366 -0.8415
vn 0.0475 0.6231 -0.7807
vn 0.0717 -0.2557 -0.9641
vn 0.0750 -0.1341 -0.9881
vn 0.0710 -0.0001 -0.9975
vn 0.0692 0.1436 -0.9872
vn 0.0653 0.2736 -0.9596
vn 0.0606 0.3759 -0.9247
vn 0.2555 0.7337 -0.6296
vn 0.2662 0.6024 -0.7525
vn 0.2115 0.6798 -0.7022
vn 0.2047 0.4581 -0.8650
vn 0.2056 0.5194 -0.8294
vn 0.1615 0.6192 -0.7684
vn 0.1896 -0.2394 -0.9522
vn 0.1994 -0.1293 -0.9714
vn 0.2068 0.0022 -0.9784
vn 0.2122 0.1423 -0.9668
vn 0.1974 0.2546 -0.9467
vn 0.1779 0.3654 -0.9137
vn 0.3495 0.7065 -0.6154
vn 0.3488 0.5849 -0.7322
vn 0.3238 0.6511 -0.6865
vn 0.3891 -0.3125 -0.8666
vn 0.3983 0.2106 -0.8928
vn 0.3791 0.3081 -0.8726
vn 0.3421 0.4083 -0.8463
vn 0.3076 0.5049 -0.8065
vn 0.2998 -0.2348 -0.9247
vn 0.3019 -0.1163 -0.9462
vn 0.3130 0.0103 -0.9497
vn 0.3058 0.1424 -0.9414
vn 0.2981 0.2432 -0.9230
vn 0.2902 0.3482 -0.8914
vn 0.5191 0.5929 -0.6156
vn 0.4674 0.6787 -0.5665
vn 0.5077 0.4518 -0.7336
vn 0.4558 0.5467 -0.7024
vn 0.4136 0.6295 -0.6578
vn 0.4774 -0.2616 -0.8388
vn 0.5129 -0.1222 -0.8497
vn 0.5143 0.0075 -0.8576
vn 0.5054 0.1500 -0.8498
vn 0.4660 0.2711 -0.8422
vn 0.4283 0.3787 -0.8204
vn 0.4029 0.4890 -0.7737
vn 0.4111 -0.2063 -0.8879
vn 0.4239 -0.0952 -0.9007
vn 0.4242 0.0025 -0.9056
vn 0.4177 0.1012 -0.9029
vn 0.6488 0.4562 -0.6090
vn 0.6134 0.5509 -0.5659
vn 0.5695 0.6400 -0.5158
vn 0.6365 -0.2533 -0.7285
vn 0.6528 -0.1273 -0.7468
vn 0.6609 0.0076 -0.7504
vn 0.6526 0.1408 -0.7445
vn 0.6358 0.2603 -0.7266
vn 0.6008 0.3983 -0.6931
vn 0.5628 0.5014 -0.6571
vn 0.5607 -0.2282 -0.7959
vn 0.5728 -0.1239 -0.8103
vn 0.5789 0.0062 -0.8153
vn 0.5690 0.1384 -0.8106
vn 0.5601 0.2306 -0.7957
vn 0.5400 0.3444 -0.7680
vn 0.7484 -0.2214 -0.6252
vn 0.7803 -0.1244 -0.6129
vn 0.7864 0.0083 -0.6177
vn 0.7800 0.1422 -0.6094
vn 0.7612 0.2564 -0.5957
vn 0.7322 0.3983 -0.5525
vn 0.6967 0.5023 -0.5122
vn 0.7036 -0.2374 -0.6697
vn 0.7232 -0.1223 -0.6797
vn 0.7272 0.0073 -0.6864
vn 0.7227 0.1353 -0.6778
vn 0.7068 0.2452 -0.6636
vn 0.6813 0.3515 -0.6420
vn 0.7701 -0.1805 -0.6118
vn 0.8196 -0.0985 -0.5643
vn 0.8454 0.0149 -0.5340
vn 0.8399 0.1354 -0.5256
vn 0.8263 0.2195 -0.5187
vn 0.7993 0.3440 -0.4928
vn 0.0703 0.8236 -0.5628
vn 0.0582 0.7621 -0.6448
vn 0.1965 0.8128 -0.5484
vn 0.1595 0.7511 -0.6406
vn 0.3060 0.7897 -0.5317
vn 0.4213 0.7504 -0.5093
vn 0.8695 0.4911 -0.0527
vn 0.8453 0.5314 -0.0545
vn 0.9006 0.3921 -0.1875
vn 0.8610 0.4860 -0.1499
vn 0.8361 0.5270 -0.1523
vn 0.9004 0.3082 -0.3070
vn 0.8852 0.3663 -0.2868
vn 0.8574 0.4484 -0.2524
vn 0.8235 0.5221 -0.2219
vn 0.9008 0.1809 -0.3948
vn 0.8818 0.2909 -0.3714
vn 0.8669 0.3514 -0.3535
vn 0.8373 0.4311 -0.3362
vn 0.8036 0.5071 -0.3115
vn 0.8701 0.0505 -0.4903
vn 0.8633 0.1438 -0.4838
vn 0.8574 0.2551 -0.4470
vn 0.8487 0.3209 -0.4204
vn 0.8259 0.4030 -0.3944
vn 0.8441 0.0491 -0.5340
vn 0.8399 0.1433 -0.5235
vn 0.8343 0.2284 -0.5017
vn 0.8314 0.2902 -0.4739
vn 0.9973 0.0517 -0.0520
vn 0.9869 0.1527 -0.0524
vn 0.9654 0.2552 -0.0530
vn 0.9442 0.3256 -0.0503
vn 0.9106 0.4111 -0.0436
vn 0.9868 0.0521 -0.1535
vn 0.9760 0.1538 -0.1543
vn 0.9552 0.2526 -0.1539
vn 0.9399 0.3136 -0.1353
vn 0.9074 0.4054 -0.1106
vn 0.9651 0.0522 -0.2565
vn 0.9556 0.1522 -0.2524
vn 0.9356 0.2514 -0.2478
vn 0.9228 0.3106 -0.2282
vn 0.9433 0.0499 -0.3282
vn 0.9401 0.1274 -0.3163
vn 0.9207 0.2316 -0.3141
vn 0.9100 0.0462 -0.4121
vn 0.9085 0.1037 -0.4048
s 1
f 6//6 2//2 3//3
f 9//9 4//4 5//5
f 9//9 6//6 10//10
f 13//13 7//7 8//8
f 13//13 9//9 14//14
f 14//14 10//10 15//15
f 17//17 11//11 12//12
f 17//17 13//13 18//18
f 18//18 14//14 19//19
f 19//19 15//15 20//20
f 27//27 21//21 22//22
f 27//27 23//23 28//28
f 29//29 23//23 24//24
f 29//29 2//2 28//28
f 32//32 25//25 26//26
f 32//32 27//27 33//33
f 34//34 27//27 28//28
f 34//34 4//4 33//33
f 34//34 2//2 5//5
f 36//36 30//30 31//31
f 36//36 32//32 37//37
f 38//38 32//32 33//33
f 38//38 7//7 37//37
f 38//38 4//4 8//8
f 39//39 36//36 40//40
f 41//41 36//36 37//37
f 41//41 11//11 40//40
f 41//41 7//7 12//12
f 43//43 39//39 40//40
f 43//43 11//11 16//16
f 52//52 44//44 51//51
f 46//46 52//52 53//53
f 54//54 48//48 49//49
f 54//54 46//46 53//53
f 57//57 48//48 56//56
f 60//60 50//50 59//59
f 52//52 60//60 61//61
f 62//62 55//55 56//56
f 62//62 52//52 61//61
f 62//62 48//48 53//53
f 65//65 55//55 64//64
f 57//57 65//65 66//66
f 68//68 58//58 67//67
f 60//60 68//68 69//69
f 70//70 63//63 64//64
f 70//70 60//60 69//69
f 70//70 55//55 61//61
f 73//73 63//63 72//72
f 65//65 73//73 74//74
f 66//66 74//74 75//75
f 68//68 76//76 77//77
f 78//78 71//71 72//72
f 78//78 68//68 77//77
f 78//78 63//63 69//69
f 81//81 71//71 80//80
f 73//73 81//81 82//82
f 74//74 82//82 83//83
f 75//75 83//83 84//84
f 86//86 76//76 85//85
f 86//86 71//71 77//77
f 93//93 87//87 88//88
f 89//89 93//93 88//88
f 97//97 94//94 95//95
f 97//97 89//89 90//90
f 101//101 91//91 92//92
f 103//103 100//100 101//101
f 103//103 92//92 93//93
f 105//105 102//102 103//103
f 105//105 94//94 104//104
f 105//105 93//93 95//95
f 106//106 94//94 96//96
f 108//108 98//98 99//99
f 110//110 100//100 109//109
f 110//110 99//99 101//101
f 111//111 100//100 102//102
f 112//112 102//102 104//104
f 106//106 112//112 104//104
f 108//108 114//114 107//107
f 118//118 115//115 116//116
f 118//118 109//109 117//117
f 118//118 108//108 110//110
f 119//119 109//109 111//111
f 112//112 119//119 111//111
f 113//113 120//120 112//112
f 124//124 115//115 123//123
f 124//124 114//114 116//116
f 125//125 115//115 117//117
f 119//119 125//125 117//117
f 120//120 126//126 119//119
f 121//121 127//127 120//120
f 135//135 130//130 131//131
f 138//138 132//132 133//133
f 138//138 21//21 137//137
f 139//139 133//133 134//134
f 23//23 138//138 139//139
f 139//139 135//135 140//140
f 24//24 139//139 140//140
f 143//143 136//136 137//137
f 143//143 25//25 142//142
f 143//143 21//21 26//26
f 146//146 141//141 142//142
f 146//146 30//30 145//145
f 146//146 25//25 31//31
f 148//148 144//144 145//145
f 148//148 30//30 35//35
f 151//151 147//147 148//148
f 39//39 148//148 35//35
f 153//153 149//149 150//150
f 153//153 151//151 154//154
f 42//42 151//151 39//39
f 158//158 130//130 157//157
f 162//162 155//155 156//156
f 162//162 132//132 161//161
f 163//163 156//156 157//157
f 163//163 133//133 162//162
f 163//163 130//130 134//134
f 166//166 159//159 160//160
f 167//167 160//160 161//161
f 167//167 136//136 166//166
f 167//167 132//132 137//137
f 169//169 164//164 165//165
f 170//170 165//165 166//166
f 170//170 141//141 169//169
f 170//170 136//136 142//142
f 173//173 168//168 169//169
f 173//173 144//144 172//172
f 173//173 141//141 145//145
f 175//175 171//171 172//172
f 175//175 144//144 147//147
f 177//177 174//174 175//175
f 177//177 149//149 176//176
f 177//177 147//147 150//150
f 178//178 149//149 152//152
f 181//181 44//44 45//45
f 181//181 155//155 180//180
f 181//181 46//46 182//182
f 182//182 156//156 181//181
f 182//182 47//47 183//183
f 158//158 182//182 183//183
f 186//186 159//159 185//185
f 187//187 179//179 180//180
f 187//187 160//160 186//186
f 187//187 155//155 161//161
f 190//190 184//184 185//185
f 190//190 164//164 189//189
f 190//190 159//159 165//165
f 192//192 188//188 189//189
f 192//192 164//164 168//168
f 194//194 191//191 192//192
f 194//194 171//171 193//193
f 194//194 168//168 172//172
f 195//195 87//87 193//193
f 195//195 171//171 174//174
f 89//89 195//195 196//196
f 196//196 174//174 176//176
f 90//90 196//196 197//197
f 178//178 196//196 176//176
f 200//200 50//50 51//51
f 200//200 179//179 199//199
f 200//200 44//44 180//180
f 202//202 184//184 201//201
f 203//203 198//198 199//199
f 203//203 185//185 202//202
f 203//203 179//179 186//186
f 205//205 188//188 204//204
f 205//205 184//184 189//189
f 206//206 188//188 191//191
f 207//207 91//91 206//206
f 207//207 87//87 92//92
f 207//207 191//191 193//193
f 210//210 58//58 59//59
f 210//210 198//198 209//209
f 210//210 50//50 199//199
f 213//213 208//208 209//209
f 213//213 201//201 212//212
f 213//213 198//198 202//202
f 215//215 211//211 212//212
f 215//215 204//204 214//214
f 215//215 201//201 205//205
f 216//216 98//98 214//214
f 216//216 91//91 99//99
f 216//216 204//204 206//206
f 218//218 208//208 217//217
f 218//218 58//58 209//209
f 220//220 211//211 219//219
f 220//220 208//208 212//212
f 221//221 98//98 107//107
f 221//221 211//211 214//214
f 224//224 217//217 223//223
f 218//218 76//76 67//67
f 226//226 222//222 223//223
f 226//226 219//219 225//225
f 226//226 217//217 220//220
f 221//221 114//114 227//227
f 227//227 219//219 221//221
f 229//229 222//222 228//228
f 224//224 229//229 230//230
f 224//224 85//85 76//76
f 231//231 222//222 225//225
f 227//227 122//122 232//232
f 227//227 231//231 225//225
f 6//6 234//234 236//236
f 236//236 235//235 237//237
f 239//239 6//6 236//236
f 240//240 236//236 237//237
f 240//240 238//238 241//241
f 243//243 10//10 239//239
f 244//244 239//239 240//240
f 245//245 240//240 241//241
f 245//245 242//242 246//246
f 20//20 243//243 248//248
f 233//233 20//20 248//248
f 249//249 243//243 244//244
f 250//250 244//244 245//245
f 251//251 245//245 246//246
f 251//251 247//247 252//252
f 29//29 253//253 257//257
f 257//257 3//3 29//29
f 257//257 254//254 258//258
f 235//235 257//257 258//258
f 259//259 254//254 255//255
f 259//259 256//256 260//260
f 262//262 235//235 258//258
f 262//262 259//259 263//263
f 238//238 262//262 263//263
f 264//264 259//259 260//260
f 264//264 261//261 265//265
f 267//267 238//238 263//263
f 267//267 264//264 268//268
f 242//242 267//267 268//268
f 269//269 264//264 265//265
f 269//269 266//266 270//270
f 271//271 242//242 268//268
f 271//271 269//269 272//272
f 247//247 271//271 272//272
f 273//273 269//269 270//270
f 274//274 247//247 272//272
f 274//274 273//273 275//275
f 282//282 49//49 280//280
f 276//276 54//54 282//282
f 282//282 281//281 283//283
f 277//277 282//282 283//283
f 284//284 277//277 283//283
f 279//279 284//284 285//285
f 280//280 57//57 287//287
f 281//281 287//287 288//288
f 290//290 281//281 288//288
f 290//290 289//289 291//291
f 284//284 290//290 291//291
f 292//292 284//284 291//291
f 286//286 292//292 293//293
f 287//287 66//66 295//295
f 296//296 287//287 295//295
f 289//289 296//296 297//297
f 299//299 289//289 297//297
f 299//299 298//298 300//300
f 292//292 299//299 300//300
f 301//301 292//292 300//300
f 294//294 301//301 302//302
f 303//303 66//66 75//75
f 304//304 295//295 303//303
f 305//305 296//296 304//304
f 298//298 305//305 306//306
f 308//308 298//298 306//306
f 308//308 307//307 309//309
f 301//301 308//308 309//309
f 310//310 301//301 309//309
f 84//84 311//311 312//312
f 312//312 75//75 84//84
f 313//313 303//303 312//312
f 314//314 304//304 313//313
f 315//315 305//305 314//314
f 307//307 315//315 316//316
f 317//317 307//307 316//316
f 310//310 317//317 318//318
f 321//321 131//131 319//319
f 321//321 320//320 322//322
f 325//325 135//135 321//321
f 253//253 140//140 325//325
f 326//326 321//321 322//322
f 326//326 253//253 325//325
f 326//326 323//323 327//327
f 327//327 254//254 326//326
f 327//327 324//324 328//328
f 256//256 327//327 328//328
f 330//330 256//256 328//328
f 330//330 329//329 331//331
f 261//261 330//330 331//331
f 333//333 261//261 331//331
f 333//333 332//332 334//334
f 266//266 333//333 334//334
f 336//336 266//266 334//334
f 336//336 335//335 337//337
f 273//273 336//336 338//338
f 338//338 337//337 339//339
f 275//275 338//338 341//341
f 342//342 338//338 339//339
f 342//342 340//340 343//343
f 319//319 158//158 344//344
f 320//320 344//344 345//345
f 348//348 320//320 345//345
f 348//348 346//346 349//349
f 323//323 348//348 349//349
f 349//349 347//347 350//350
f 324//324 349//349 350//350
f 353//353 324//324 350//350
f 353//353 351//351 354//354
f 329//329 353//353 354//354
f 354//354 352//352 355//355
f 357//357 329//329 354//354
f 357//357 355//355 358//358
f 332//332 357//357 358//358
f 358//358 356//356 359//359
f 360//360 332//332 358//358
f 360//360 359//359 361//361
f 335//335 360//360 361//361
f 363//363 335//335 361//361
f 363//363 362//362 364//364
f 365//365 337//337 363//363
f 365//365 364//364 366//366
f 340//340 365//365 366//366
f 367//367 340//340 366//366
f 368//368 47//47 276//276
f 344//344 183//183 368//368
f 369//369 276//276 277//277
f 369//369 344//344 368//368
f 370//370 277//277 278//278
f 346//346 369//369 370//370
f 370//370 279//279 371//371
f 347//347 370//370 371//371
f 373//373 347//347 371//371
f 373//373 372//372 374//374
f 351//351 373//373 374//374
f 352//352 374//374 375//375
f 377//377 352//352 375//375
f 377//377 376//376 378//378
f 356//356 377//377 378//378
f 380//380 356//356 378//378
f 380//380 379//379 381//381
f 382//382 359//359 380//380
f 382//382 381//381 383//383
f 362//362 382//382 383//383
f 384//384 362//362 383//383
f 385//385 364//364 384//384
f 367//367 385//385 386//386
f 387//387 279//279 285//285
f 387//387 286//286 388//388
f 372//372 387//387 388//388
f 390//390 372//372 388//388
f 390//390 389//389 391//391
f 375//375 390//390 391//391
f 376//376 391//391 392//392
f 393//393 376//376 392//392
f 379//379 393//393 394//394
f 395//395 379//379 394//394
f 396//396 381//381 395//395
f 397//397 286//286 293//293
f 397//397 294//294 398//398
f 389//389 397//397 398//398
f 400//400 389//389 398//398
f 400//400 399//399 401//401
f 392//392 400//400 401//401
f 403//403 392//392 401//401
f 403//403 402//402 404//404
f 394//394 403//403 404//404
f 405//405 394//394 404//404
f 406//406 294//294 302//302
f 399//399 406//406 407//407
f 408//408 399//399 407//407
f 402//402 408//408 409//409
f 410//410 402//402 409//409
f 406//406 310//310 411//411
f 407//407 411//411 412//412
f 414//414 407//407 412//412
f 414//414 413//413 415//415
f 409//409 414//414 415//415
f 416//416 409//409 415//415
f 411//411 318//318 417//417
f 418//418 411//411 417//417
f 413//413 418//418 419//419
f 420//420 413//413 419//419
f 416//416 420//420 421//421
f 384//384 422//422 423//423
f 424//424 384//384 423//423
f 425//425 385//385 424//424
f 396//396 426//426 427//427
f 422//422 396//396 427//427
f 428//428 422//422 427//427
f 424//424 428//428 429//429
f 431//431 424//424 429//429
f 431//431 430//430 432//432
f 405//405 433//433 434//434
f 426//426 405//405 434//434
f 435//435 426//426 434//434
f 437//437 427//427 435//435
f 437//437 436//436 438//438
f 439//439 428//428 437//437
f 439//439 438//438 440//440
f 430//430 439//439 440//440
f 441//441 430//430 440//440
f 433//433 410//410 442//442
f 443//443 433//433 442//442
f 444//444 434//434 443//443
f 436//436 444//444 445//445
f 446//446 436//436 445//445
f 447//447 438//438 446//446
f 441//441 447//447 448//448
f 449//449 410//410 416//416
f 443//443 449//449 450//450
f 452//452 443//443 450//450
f 452//452 451//451 453//453
f 445//445 452//452 453//453
f 454//454 445//445 453//453
f 447//447 454//454 455//455
f 448//448 455//455 456//456
f 457//457 416//416 421//421
f 458//458 449//449 457//457
f 451//451 458//458 459//459
f 460//460 451//451 459//459
f 454//454 460//460 461//461
f 455//455 461//461 462//462
f 456//456 462//462 463//463
f 465//465 17//17 466//466
f 467//467 17//17 18//18
f 468//468 18//18 19//19
f 469//469 19//19 20//20
f 464//464 20//20 1//1
f 470//470 466//466 471//471
f 472//472 466//466 467//467
f 473//473 467//467 468//468
f 474//474 468//468 469//469
f 475//475 472//472 476//476
f 477//477 472//472 473//473
f 478//478 473//473 474//474
f 479//479 477//477 480//480
f 481//481 477//477 478//478
f 482//482 481//481 483//483
f 484//484 43//43 485//485
f 485//485 16//16 465//465
f 486//486 485//485 487//487
f 470//470 485//485 465//465
f 488//488 470//470 471//471
f 490//490 486//486 487//487
f 490//490 488//488 491//491
f 475//475 488//488 471//471
f 492//492 475//475 476//476
f 493//493 490//490 494//494
f 495//495 490//490 491//491
f 495//495 492//492 496//496
f 479//479 492//492 476//476
f 497//497 479//479 480//480
f 498//498 495//495 499//499
f 500//500 495//495 496//496
f 500//500 497//497 501//501
f 482//482 497//497 480//480
f 502//502 482//482 483//483
f 503//503 500//500 504//504
f 505//505 500//500 501//501
f 505//505 502//502 506//506
f 512//512 96//96 97//97
f 507//507 97//97 90//90
f 513//513 512//512 514//514
f 508//508 512//512 507//507
f 515//515 508//508 509//509
f 510//510 515//515 509//509
f 511//511 106//106 96//96
f 513//513 518//518 511//511
f 520//520 513//513 514//514
f 521//521 520//520 522//522
f 515//515 520//520 514//514
f 523//523 522//522 524//524
f 516//516 522//522 515//515
f 517//517 524//524 516//516
f 527//527 106//106 518//518
f 528//528 518//518 519//519
f 521//521 528//528 519//519
f 523//523 529//529 521//521
f 531//531 523//523 524//524
f 525//525 531//531 524//524
f 526//526 532//532 525//525
f 534//534 113//113 527//527
f 535//535 527//527 528//528
f 536//536 528//528 529//529
f 530//530 536//536 529//529
f 538//538 530//530 531//531
f 539//539 538//538 540//540
f 532//532 538//538 531//531
f 541//541 532//532 533//533
f 542//542 129//129 543//543
f 543//543 121//121 534//534
f 544//544 534//534 535//535
f 545//545 535//535 536//536
f 546//546 536//536 537//537
f 539//539 546//546 537//537
f 548//548 539//539 540//540
f 541//541 548//548 540//540
f 551//551 152//152 153//153
f 552//552 153//153 154//154
f 552//552 42//42 484//484
f 553//553 551//551 554//554
f 555//555 551//551 552//552
f 555//555 484//484 486//486
f 556//556 555//555 557//557
f 557//557 486//486 489//489
f 558//558 557//557 559//559
f 493//493 557//557 489//489
f 560//560 493//493 494//494
f 561//561 560//560 562//562
f 498//498 560//560 494//494
f 563//563 498//498 499//499
f 564//564 563//563 565//565
f 503//503 563//563 499//499
f 566//566 503//503 504//504
f 505//505 566//566 504//504
f 506//506 567//567 505//505
f 569//569 566//566 570//570
f 570//570 567//567 571//571
f 572//572 567//567 568//568
f 573//573 572//572 574//574
f 575//575 152//152 550//550
f 553//553 575//575 550//550
f 577//577 553//553 554//554
f 578//578 577//577 579//579
f 556//556 577//577 554//554
f 580//580 579//579 581//581
f 558//558 579//579 556//556
f 582//582 558//558 559//559
f 583//583 582//582 584//584
f 561//561 582//582 559//559
f 585//585 561//561 562//562
f 586//586 584//584 587//587
f 587//587 585//585 588//588
f 564//564 585//585 562//562
f 589//589 564//564 565//565
f 590//590 588//588 591//591
f 591//591 589//589 592//592
f 569//569 589//589 565//565
f 593//593 569//569 570//570
f 594//594 570//570 571//571
f 595//595 593//593 596//596
f 596//596 594//594 597//597
f 573//573 594//594 571//571
f 598//598 573//573 574//574
f 599//599 90//90 197//197
f 599//599 178//178 575//575
f 600//600 507//507 599//599
f 600//600 575//575 576//576
f 601//601 508//508 600//600
f 578//578 600//600 576//576
f 510//510 601//601 602//602
f 580//580 601//601 578//578
f 603//603 580//580 581//581
f 604//604 603//603 605//605
f 583//583 603//603 581//581
f 606//606 605//605 607//607
f 586//586 605//605 583//583
f 608//608 586//586 587//587
f 609//609 608//608 610//610
f 590//590 608//608 587//587
f 611//611 590//590 591//591
f 612//612 591//591 592//592
f 613//613 612//612 614//614
f 595//595 612//612 592//592
f 615//615 595//595 596//596
f 616//616 596//596 597//597
f 617//617 597//597 598//598
f 618//618 510//510 602//602
f 517//517 618//618 619//619
f 604//604 618//618 602//602
f 606//606 619//619 604//604
f 621//621 606//606 607//607
f 609//609 621//621 607//607
f 623//623 609//609 610//610
f 624//624 610//610 611//611
f 625//625 624//624 626//626
f 613//613 624//624 611//611
f 627//627 613//613 614//614
f 628//628 517//517 619//619
f 526//526 628//628 629//629
f 620//620 628//628 619//619
f 630//630 620//620 621//621
f 631//631 630//630 632//632
f 622//622 630//630 621//621
f 633//633 622//622 623//623
f 634//634 633//633 635//635
f 625//625 633//633 623//623
f 636//636 625//625 626//626
f 637//637 526//526 629//629
f 631//631 637//637 629//629
f 639//639 631//631 632//632
f 634//634 639//639 632//632
f 641//641 634//634 635//635
f 637//637 541//541 533//533
f 638//638 642//642 637//637
f 644//644 638//638 639//639
f 645//645 644//644 646//646
f 640//640 644//644 639//639
f 647//647 640//640 641//641
f 642//642 549//549 541//541
f 649//649 642//642 643//643
f 645//645 649//649 643//643
f 651//651 645//645 646//646
f 647//647 651//651 646//646
f 654//654 615//615 655//655
f 656//656 615//615 616//616
f 656//656 617//617 657//657
f 653//653 617//617 598//598
f 659//659 627//627 660//660
f 654//654 627//627 614//614
f 661//661 654//654 655//655
f 662//662 655//655 656//656
f 663//663 656//656 657//657
f 664//664 662//662 665//665
f 665//665 663//663 666//666
f 658//658 663//663 657//657
f 668//668 636//636 669//669
f 659//659 636//636 626//626
f 670//670 659//659 660//660
f 671//671 660//660 661//661
f 664//664 671//671 661//661
f 673//673 664//664 665//665
f 674//674 665//665 666//666
f 675//675 674//674 676//676
f 667//667 674//674 666//666
f 668//668 641//641 635//635
f 678//678 668//668 669//669
f 670//670 678//678 669//669
f 680//680 670//670 671//671
f 681//681 680//680 682//682
f 672//672 680//680 671//671
f 683//683 672//672 673//673
f 684//684 683//683 685//685
f 675//675 683//683 673//673
f 686//686 675//675 676//676
f 688//688 641//641 677//677
f 678//678 688//688 677//677
f 690//690 678//678 679//679
f 691//691 690//690 692//692
f 681//681 690//690 679//679
f 693//693 681//681 682//682
f 684//684 693//693 682//682
f 695//695 684//684 685//685
f 696//696 685//685 686//686
f 687//687 696//696 686//686
f 698//698 647//647 688//688
f 699//699 688//688 689//689
f 691//691 699//699 689//689
f 701//701 691//691 692//692
f 693//693 701//701 692//692
f 703//703 693//693 694//694
f 695//695 703//703 694//694
f 705//705 695//695 696//696
f 706//706 696//696 697//697
f 464//464 233//233 707//707
f 708//708 464//464 707//707
f 707//707 248//248 708//708
f 708//708 249//249 709//709
f 709//709 250//250 710//710
f 710//710 251//251 711//711
f 712//712 251//251 252//252
f 474//474 708//708 713//713
f 713//713 709//709 714//714
f 714//714 710//710 715//715
f 715//715 711//711 716//716
f 717//717 711//711 712//712
f 478//478 713//713 718//718
f 718//718 714//714 719//719
f 719//719 715//715 720//720
f 721//721 715//715 716//716
f 481//481 718//718 722//722
f 722//722 719//719 723//723
f 724//724 719//719 720//720
f 725//725 481//481 722//722
f 726//726 722//722 723//723
f 727//727 252//252 274//274
f 728//728 274//274 275//275
f 717//717 729//729 716//716
f 717//717 727//727 730//730
f 731//731 727//727 728//728
f 721//721 732//732 720//720
f 721//721 729//729 733//733
f 734//734 729//729 730//730
f 734//734 731//731 735//735
f 724//724 736//736 723//723
f 724//724 732//732 737//737
f 738//738 732//732 733//733
f 738//738 734//734 739//739
f 740//740 734//734 735//735
f 741//741 483//483 725//725
f 726//726 741//741 725//725
f 726//726 736//736 742//742
f 743//743 736//736 737//737
f 743//743 738//738 744//744
f 745//745 738//738 739//739
f 746//746 502//502 741//741
f 747//747 741//741 742//742
f 747//747 743//743 748//748
f 749//749 743//743 744//744
f 750//750 275//275 341//341
f 750//750 342//342 751//751
f 751//751 343//343 752//752
f 753//753 728//728 750//750
f 753//753 751//751 754//754
f 755//755 751//751 752//752
f 756//756 731//731 753//753
f 757//757 753//753 754//754
f 740//740 758//758 739//739
f 740//740 756//756 759//759
f 760//760 756//756 757//757
f 745//745 761//761 744//744
f 745//745 758//758 762//762
f 763//763 758//758 759//759
f 764//764 506//506 746//746
f 765//765 746//746 747//747
f 766//766 747//747 748//748
f 749//749 766//766 748//748
f 749//749 761//761 767//767
f 768//768 761//761 762//762
f 769//769 762//762 763//763
f 770//770 568//568 764//764
f 771//771 764//764 765//765
f 772//772 765//765 766//766
f 773//773 766//766 767//767
f 774//774 767//767 768//768
f 775//775 572//572 770//770
f 775//775 771//771 776//776
f 776//776 772//772 777//777
f 778//778 772//772 773//773
f 779//779 343//343 367//367
f 755//755 780//780 754//754
f 755//755 779//779 781//781
f 757//757 780//780 782//782
f 783//783 780//780 781//781
f 760//760 784//784 759//759
f 760//760 782//782 785//785
f 786//786 782//782 783//783
f 763//763 784//784 787//787
f 788//788 784//784 785//785
f 789//789 785//785 786//786
f 769//769 790//790 768//768
f 769//769 787//787 791//791
f 792//792 787//787 788//788
f 774//774 793//793 773//773
f 774//774 790//790 794//794
f 795//795 790//790 791//791
f 795//795 792//792 796//796
f 797//797 574//574 775//775
f 798//798 775//775 776//776
f 799//799 776//776 777//777
f 778//778 799//799 777//777
f 778//778 793//793 800//800
f 801//801 793//793 794//794
f 801//801 795//795 802//802
f 803//803 795//795 796//796
f 804//804 367//367 386//386
f 805//805 779//779 804//804
f 783//783 805//805 806//806
f 786//786 806//806 807//807
f 789//789 808//808 788//788
f 789//789 807//807 809//809
f 792//792 808//808 810//810
f 811//811 808//808 809//809
f 812//812 792//792 810//810
f 813//813 810//810 811//811
f 803//803 814//814 802//802
f 803//803 812//812 815//815
f 816//816 812//812 813//813
f 813//813 817//817 818//818
f 816//816 819//819 815//815
f 816//816 818//818 820//820
f 804//804 425//425 822//822
f 805//805 822//822 823//823
f 806//806 823//823 824//824
f 807//807 824//824 825//825
f 826//826 807//807 825//825
f 827//827 809//809 826//826
f 822//822 431//431 828//828
f 828//828 432//432 829//829
f 823//823 828//828 830//830
f 831//831 828//828 829//829
f 832//832 823//823 830//830
f 825//825 832//832 833//833
f 826//826 833//833 834//834
f 827//827 817//817 811//811
f 827//827 834//834 835//835
f 836//836 817//817 835//835
f 837//837 818//818 836//836
f 829//829 441//441 838//838
f 831//831 839//839 830//830
f 831//831 838//838 840//840
f 832//832 839//839 841//841
f 842//842 839//839 840//840
f 843//843 832//832 841//841
f 843//843 842//842 844//844
f 845//845 833//833 843//843
f 846//846 843//843 844//844
f 847//847 834//834 845//845
f 847//847 846//846 848//848
f 836//836 847//847 849//849
f 850//850 847//847 848//848
f 837//837 821//821 820//820
f 837//837 849//849 851//851
f 852//852 441//441 448//448
f 853//853 838//838 852//852
f 842//842 853//853 854//854
f 844//844 854//854 855//855
f 856//856 844//844 855//855
f 848//848 856//856 857//857
f 850//850 858//858 849//849
f 850//850 857//857 859//859
f 851//851 858//858 860//860
f 861//861 858//858 859//859
f 862//862 448//448 456//456
f 863//863 852//852 862//862
f 864//864 853//853 863//863
f 855//855 864//864 865//865
f 856//856 865//865 866//866
f 867//867 856//856 866//866
f 868//868 857//857 867//867
f 861//861 869//869 860//860
f 861//861 868//868 870//870
f 871//871 456//456 463//463
f 872//872 862//862 871//871
f 873//873 863//863 872//872
f 865//865 873//873 874//874
f 866//866 874//874 875//875
f 876//876 866//866 875//875
f 877//877 867//867 876//876
f 879//879 869//869 870//870
f 870//870 877//877 879//879
f 653//653 797//797 880//880
f 880//880 798//798 881//881
f 881//881 799//799 882//882
f 883//883 799//799 800//800
f 883//883 801//801 884//884
f 885//885 801//801 802//802
f 886//886 653//653 880//880
f 881//881 886//886 880//880
f 882//882 887//887 881//881
f 889//889 882//882 883//883
f 890//890 883//883 884//884
f 885//885 890//890 884//884
f 885//885 814//814 891//891
f 892//892 814//814 815//815
f 658//658 886//886 893//893
f 893//893 887//887 894//894
f 894//894 888//888 895//895
f 896//896 888//888 889//889
f 897//897 889//889 890//890
f 898//898 890//890 891//891
f 892//892 899//899 891//891
f 892//892 819//819 900//900
f 901//901 819//819 820//820
f 902//902 658//658 893//893
f 903//903 893//893 894//894
f 904//904 894//894 895//895
f 896//896 904//904 895//895
f 897//897 905//905 896//896
f 898//898 906//906 897//897
f 898//898 899//899 907//907
f 908//908 899//899 900//900
f 667//667 902//902 909//909
f 910//910 902//902 903//903
f 911//911 903//903 904//904
f 911//911 905//905 912//912
f 912//912 906//906 913//913
f 914//914 906//906 907//907
f 901//901 915//915 900//900
f 901//901 821//821 916//916
f 908//908 917//917 907//907
f 908//908 915//915 918//918
f 919//919 915//915 916//916
f 920//920 667//667 909//909
f 921//921 909//909 910//910
f 922//922 910//910 911//911
f 912//912 922//922 911//911
f 913//913 923//923 912//912
f 914//914 924//924 913//913
f 914//914 917//917 925//925
f 926//926 917//917 918//918
f 927//927 921//921 928//928
f 929//929 921//921 922//922
f 929//929 923//923 930//930
f 931//931 923//923 924//924
f 919//919 933//933 918//918
f 919//919 932//932 934//934
f 935//935 676//676 920//920
f 925//925 936//936 924//924
f 926//926 937//937 925//925
f 926//926 933//933 938//938
f 687//687 935//935 939//939
f 927//927 935//935 920//920
f 940//940 927//927 928//928
f 941//941 928//928 929//929
f 930//930 941//941 929//929
f 931//931 942//942 930//930
f 931//931 936//936 943//943
f 944//944 936//936 937//937
f 934//934 946//946 933//933
f 934//934 945//945 947//947
f 938//938 948//948 937//937
f 938//938 946//946 949//949
f 950//950 946//946 947//947
f 951//951 687//687 939//939
f 952//952 939//939 940//940
f 941//941 952//952 940//940
f 954//954 941//941 942//942
f 943//943 954//954 942//942
f 944//944 955//955 943//943
f 944//944 948//948 956//956
f 959//959 948//948 949//949
f 950//950 959//959 949//949
f 950//950 957//957 960//960
f 961//961 697//697 951//951
f 952//952 961//961 951//951
f 953//953 962//962 952//952
f 964//964 953//953 954//954
f 965//965 954//954 955//955
f 956//956 965//965 955//955
f 966//966 948//948 958//958
f 967//967 821//821 851//851
f 967//967 932//932 916//916
f 967//967 860//860 968//968
f 968//968 945//945 932//932
f 968//968 869//869 969//969
f 970//970 945//945 969//969
f 971//971 869//869 878//878
f 970//970 957//957 947//947
f 970//970 971//971 972//972
f 81//81 974//974 975//975
f 976//976 81//81 975//975
f 977//977 82//82 976//976
f 84//84 977//977 978//978
f 978//978 79//79 84//84
f 86//86 979//979 980//980
f 980//980 80//80 86//86
f 975//975 981//981 982//982
f 983//983 975//975 982//982
f 984//984 976//976 983//983
f 985//985 977//977 984//984
f 980//980 986//986 987//987
f 980//980 981//981 974//974
f 988//988 981//981 987//987
f 983//983 989//989 990//990
f 991//991 983//983 990//990
f 992//992 984//984 991//991
f 994//994 986//986 993//993
f 988//988 994//994 995//995
f 988//988 989//989 982//982
f 996//996 989//989 995//995
f 991//991 997//997 998//998
f 999//999 991//991 998//998
f 994//994 1000//1000 1001//1001
f 1002//1002 994//994 1001//1001
f 996//996 1002//1002 1003//1003
f 996//996 997//997 990//990
f 1004//1004 997//997 1003//1003
f 999//999 1005//1005 1006//1006
f 1002//1002 1007//1007 1008//1008
f 1009//1009 1002//1002 1008//1008
f 1004//1004 1009//1009 1010//1010
f 1004//1004 1005//1005 998//998
f 1011//1011 1005//1005 1010//1010
f 1009//1009 1012//1012 1013//1013
f 1014//1014 1009//1009 1013//1013
f 1011//1011 1014//1014 1015//1015
f 1018//1018 123//123 1017//1017
f 124//124 1016//1016 122//122
f 125//125 1017//1017 123//123
f 1020//1020 125//125 126//126
f 1021//1021 126//126 127//127
f 129//129 1022//1022 1023//1023
f 1023//1023 127//127 129//129
f 1018//1018 1025//1025 1026//1026
f 1018//1018 1024//1024 1016//1016
f 1019//1019 1025//1025 1017//1017
f 1028//1028 1025//1025 1027//1027
f 1029//1029 1019//1019 1020//1020
f 1030//1030 1020//1020 1021//1021
f 1031//1031 1021//1021 1023//1023
f 1033//1033 1024//1024 1026//1026
f 1028//1028 1034//1034 1035//1035
f 1028//1028 1033//1033 1026//1026
f 1029//1029 1034//1034 1027//1027
f 1037//1037 1029//1029 1030//1030
f 1038//1038 1030//1030 1031//1031
f 1033//1033 1039//1039 1032//1032
f 1035//1035 1041//1041 1042//1042
f 1035//1035 1040//1040 1033//1033
f 1036//1036 1041//1041 1034//1034
f 1044//1044 1041//1041 1043//1043
f 1037//1037 1043//1043 1036//1036
f 1046//1046 1043//1043 1045//1045
f 1047//1047 1037//1037 1038//1038
f 1042//1042 1048//1048 1040//1040
f 1044//1044 1049//1049 1042//1042
f 1046//1046 1051//1051 1052//1052
f 1046//1046 1050//1050 1044//1044
f 1047//1047 1051//1051 1045//1045
f 1054//1054 1051//1051 1053//1053
f 1050//1050 1055//1055 1049//1049
f 1057//1057 1050//1050 1052//1052
f 1054//1054 1057//1057 1052//1052
f 1060//1060 228//228 1059//1059
f 230//230 1060//1060 1061//1061
f 1061//1061 85//85 230//230
f 1062//1062 228//228 231//231
f 232//232 1016//1016 1063//1063
f 1063//1063 231//231 232//232
f 1060//1060 1064//1064 1065//1065
f 1066//1066 1060//1060 1065//1065
f 1066//1066 979//979 1061//1061
f 1062//1062 1064//1064 1059//1059
f 1068//1068 1064//1064 1067//1067
f 1069//1069 1016//1016 1024//1024
f 1069//1069 1062//1062 1063//1063
f 1066//1066 1070//1070 1071//1071
f 1071//1071 986//986 1066//1066
f 1068//1068 1072//1072 1073//1073
f 1068//1068 1070//1070 1065//1065
f 1074//1074 1024//1024 1032//1032
f 1069//1069 1072//1072 1067//1067
f 1071//1071 1075//1075 1076//1076
f 1071//1071 1000//1000 993//993
f 1077//1077 1000//1000 1076//1076
f 1073//1073 1078//1078 1079//1079
f 1073//1073 1075//1075 1070//1070
f 1080//1080 1075//1075 1079//1079
f 1074//1074 1039//1039 1081//1081
f 1074//1074 1078//1078 1072//1072
f 1082//1082 1078//1078 1081//1081
f 1083//1083 1039//1039 1040//1040
f 1077//1077 1084//1084 1085//1085
f 1077//1077 1007//1007 1001//1001
f 1086//1086 1007//1007 1085//1085
f 1080//1080 1087//1087 1088//1088
f 1080//1080 1084//1084 1076//1076
f 1089//1089 1084//1084 1088//1088
f 1082//1082 1090//1090 1091//1091
f 1082//1082 1087//1087 1079//1079
f 1083//1083 1048//1048 1092//1092
f 1083//1083 1090//1090 1081//1081
f 1093//1093 1048//1048 1049//1049
f 1086//1086 1094//1094 1095//1095
f 1086//1086 1012//1012 1008//1008
f 1096//1096 1012//1012 1095//1095
f 1096//1096 1014//1014 1013//1013
f 1097//1097 1015//1015 1014//1014
f 1088//1088 1099//1099 1100//1100
f 1089//1089 1100//1100 1101//1101
f 1089//1089 1094//1094 1085//1085
f 1102//1102 1094//1094 1101//1101
f 1091//1091 1103//1103 1104//1104
f 1091//1091 1099//1099 1087//1087
f 1105//1105 1099//1099 1104//1104
f 1092//1092 1103//1103 1090//1090
f 1107//1107 1103//1103 1106//1106
f 1093//1093 1055//1055 1108//1108
f 1093//1093 1106//1106 1092//1092
f 1109//1109 1106//1106 1108//1108
f 1110//1110 1055//1055 1056//1056
f 1057//1057 1110//1110 1056//1056
f 1058//1058 1111//1111 1057//1057
f 1096//1096 1113//1113 1114//1114
f 1097//1097 1114//1114 1115//1115
f 1116//1116 1097//1097 1115//1115
f 1101//1101 1117//1117 1118//1118
f 1102//1102 1118//1118 1119//1119
f 1102//1102 1113//1113 1095//1095
f 1120//1120 1113//1113 1119//1119
f 1121//1121 1114//1114 1120//1120
f 1105//1105 1122//1122 1123//1123
f 1105//1105 1117//1117 1100//1100
f 1124//1124 1117//1117 1123//1123
f 1125//1125 1118//1118 1124//1124
f 1107//1107 1122//1122 1104//1104
f 1127//1127 1122//1122 1126//1126
f 1128//1128 1123//1123 1127//1127
f 1109//1109 1129//1129 1130//1130
f 1109//1109 1126//1126 1107//1107
f 1131//1131 1126//1126 1130//1130
f 1110//1110 1129//1129 1108//1108
f 1133//1133 1129//1129 1132//1132
f 1111//1111 1132//1132 1110//1110
f 1135//1135 1132//1132 1134//1134
f 1136//1136 1111//1111 1112//1112
f 1116//1116 1137//1137 1138//1138
f 1120//1120 1139//1139 1140//1140
f 1121//1121 1140//1140 1141//1141
f 1121//1121 1137//1137 1115//1115
f 1142//1142 1137//1137 1141//1141
f 1125//1125 1143//1143 1144//1144
f 1125//1125 1139//1139 1119//1119
f 1145//1145 1139//1139 1144//1144
f 1146//1146 1140//1140 1145//1145
f 1146//1146 1142//1142 1141//1141
f 1128//1128 1148//1148 1149//1149
f 1128//1128 1143//1143 1124//1124
f 1150//1150 1143//1143 1149//1149
f 1131//1131 1151//1151 1152//1152
f 1131//1131 1148//1148 1127//1127
f 1153//1153 1148//1148 1152//1152
f 1133//1133 1151//1151 1130//1130
f 1155//1155 1151//1151 1154//1154
f 1135//1135 1156//1156 1157//1157
f 1135//1135 1154//1154 1133//1133
f 1158//1158 1154//1154 1157//1157
f 1136//1136 1156//1156 1134//1134
f 1160//1160 1156//1156 1159//1159
f 1160//1160 1158//1158 1157//1157
f 1145//1145 1162//1162 1163//1163
f 1164//1164 1145//1145 1163//1163
f 1165//1165 1146//1146 1164//1164
f 1150//1150 1166//1166 1167//1167
f 1150//1150 1162//1162 1144//1144
f 1168//1168 1162//1162 1167//1167
f 1168//1168 1164//1164 1163//1163
f 1170//1170 1164//1164 1169//1169
f 1153//1153 1171//1171 1172//1172
f 1153//1153 1166//1166 1149//1149
f 1173//1173 1166//1166 1172//1172
f 1173//1173 1168//1168 1167//1167
f 1175//1175 1168//1168 1174//1174
f 1155//1155 1171//1171 1152//1152
f 1177//1177 1171//1171 1176//1176
f 1177//1177 1173//1173 1172//1172
f 1179//1179 1173//1173 1178//1178
f 1180//1180 1155//1155 1158//1158
f 1180//1180 1177//1177 1176//1176
f 1182//1182 1177//1177 1181//1181
f 1183//1183 1158//1158 1161//1161
f 1184//1184 1180//1180 1183//1183
f 1170//1170 1185//1185 1186//1186
f 1175//1175 1187//1187 1188//1188
f 1175//1175 1185//1185 1169//1169
f 1189//1189 1185//1185 1188//1188
f 1179//1179 1190//1190 1191//1191
f 1179//1179 1187//1187 1174//1174
f 1192//1192 1187//1187 1191//1191
f 1192//1192 1189//1189 1188//1188
f 1182//1182 1194//1194 1195//1195
f 1182//1182 1190//1190 1178//1178
f 1196//1196 1190//1190 1195//1195
f 1196//1196 1192//1192 1191//1191
f 1197//1197 1193//1193 1192//1192
f 1184//1184 1194//1194 1181//1181
f 1200//1200 1194//1194 1199//1199
f 1200//1200 1196//1196 1195//1195
f 1201//1201 1197//1197 1196//1196
f 1202//1202 1198//1198 1197//1197
f 311//311 973//973 1204//1204
f 1205//1205 973//973 978//978
f 312//312 1204//1204 1205//1205
f 313//313 1205//1205 1206//1206
f 314//314 1206//1206 1207//1207
f 315//315 1207//1207 1208//1208
f 1209//1209 315//315 1208//1208
f 1210//1210 316//316 1209//1209
f 1211//1211 317//317 1210//1210
f 1205//1205 985//985 1212//1212
f 1206//1206 1212//1212 1213//1213
f 1207//1207 1213//1213 1214//1214
f 1208//1208 1214//1214 1215//1215
f 1216//1216 1208//1208 1215//1215
f 1217//1217 1216//1216 1215//1215
f 1210//1210 1216//1216 1218//1218
f 1219//1219 1210//1210 1218//1218
f 1212//1212 992//992 1220//1220
f 1213//1213 1220//1220 1221//1221
f 1214//1214 1221//1221 1222//1222
f 1223//1223 1214//1214 1222//1222
f 1224//1224 1223//1223 1222//1222
f 1217//1217 1223//1223 1225//1225
f 1226//1226 1217//1217 1225//1225
f 1219//1219 1226//1226 1227//1227
f 1220//1220 999//999 1228//1228
f 1221//1221 1228//1228 1229//1229
f 1230//1230 1221//1221 1229//1229
f 1231//1231 1230//1230 1229//1229
f 1224//1224 1230//1230 1232//1232
f 1233//1233 1224//1224 1232//1232
f 1226//1226 1233//1233 1234//1234
f 1235//1235 1226//1226 1234//1234
f 1236//1236 999//999 1006//1006
f 1237//1237 1228//1228 1236//1236
f 1238//1238 1006//1006 1011//1011
f 1238//1238 1237//1237 1236//1236
f 1231//1231 1237//1237 1239//1239
f 1240//1240 1231//1231 1239//1239
f 1233//1233 1240//1240 1241//1241
f 1242//1242 1233//1233 1241//1241
f 1243//1243 1011//1011 1015//1015
f 1244//1244 1238//1238 1243//1243
f 1240//1240 1244//1244 1245//1245
f 1246//1246 1240//1240 1245//1245
f 1247//1247 318//318 1211//1211
f 418//418 1247//1247 1248//1248
f 419//419 1248//1248 1249//1249
f 1250//1250 419//419 1249//1249
f 1251//1251 420//420 1250//1250
f 1252//1252 1211//1211 1219//1219
f 1248//1248 1252//1252 1253//1253
f 1254//1254 1248//1248 1253//1253
f 1255//1255 1254//1254 1253//1253
f 1250//1250 1254//1254 1256//1256
f 1257//1257 1250//1250 1256//1256
f 1258//1258 1219//1219 1227//1227
f 1259//1259 1252//1252 1258//1258
f 1255//1255 1259//1259 1260//1260
f 1261//1261 1255//1255 1260//1260
f 1257//1257 1261//1261 1262//1262
f 1263//1263 1235//1235 1234//1234
f 1258//1258 1235//1235 1264//1264
f 1265//1265 1258//1258 1264//1264
f 1266//1266 1265//1265 1264//1264
f 1260//1260 1265//1265 1267//1267
f 1268//1268 1260//1260 1267//1267
f 1269//1269 1268//1268 1267//1267
f 1262//1262 1268//1268 1270//1270
f 1272//1272 1242//1242 1241//1241
f 1263//1263 1242//1242 1273//1273
f 1274//1274 1263//1263 1273//1273
f 1275//1275 1274//1274 1273//1273
f 1266//1266 1274//1274 1276//1276
f 1277//1277 1266//1266 1276//1276
f 1269//1269 1277//1277 1278//1278
f 1279//1279 1269//1269 1278//1278
f 1271//1271 1279//1279 1280//1280
f 1282//1282 1015//1015 1098//1098
f 1283//1283 1243//1243 1282//1282
f 1284//1284 1244//1244 1283//1283
f 1284//1284 1246//1246 1245//1245
f 1272//1272 1246//1246 1285//1285
f 1286//1286 1272//1272 1285//1285
f 1287//1287 1286//1286 1285//1285
f 1275//1275 1286//1286 1288//1288
f 1289//1289 1275//1275 1288//1288
f 1290//1290 1276//1276 1289//1289
f 1291//1291 1290//1290 1289//1289
f 1278//1278 1290//1290 1292//1292
f 1293//1293 1278//1278 1292//1292
f 1294//1294 1293//1293 1292//1292
f 1280//1280 1293//1293 1295//1295
f 1296//1296 1295//1295 1294//1294
f 1281//1281 1295//1295 1297//1297
f 1301//1301 1098//1098 1116//1116
f 1283//1283 1301//1301 1302//1302
f 1303//1303 1283//1283 1302//1302
f 1304//1304 1284//1284 1303//1303
f 1305//1305 1303//1303 1302//1302
f 1306//1306 1304//1304 1303//1303
f 1287//1287 1304//1304 1307//1307
f 1308//1308 1287//1287 1307//1307
f 1309//1309 1288//1288 1308//1308
f 1310//1310 1308//1308 1307//1307
f 1311//1311 1309//1309 1308//1308
f 1291//1291 1309//1309 1312//1312
f 1313//1313 1291//1291 1312//1312
f 1314//1314 1312//1312 1311//1311
f 1315//1315 1313//1313 1312//1312
f 1294//1294 1313//1313 1316//1316
f 1317//1317 1316//1316 1315//1315
f 1296//1296 1316//1316 1318//1318
f 1319//1319 1296//1296 1318//1318
f 1320//1320 1319//1319 1318//1318
f 1298//1298 1319//1319 1321//1321
f 1322//1322 1321//1321 1320//1320
f 1299//1299 1321//1321 1323//1323
f 1324//1324 1299//1299 1323//1323
f 1325//1325 1116//1116 1138//1138
f 1326//1326 1301//1301 1325//1325
f 1327//1327 1138//1138 1142//1142
f 1327//1327 1326//1326 1325//1325
f 1305//1305 1326//1326 1328//1328
f 1329//1329 1305//1305 1328//1328
f 1330//1330 1306//1306 1329//1329
f 1331//1331 1142//1142 1147//1147
f 1332//1332 1327//1327 1331//1331
f 1332//1332 1329//1329 1328//1328
f 1333//1333 1330//1330 1329//1329
f 1310//1310 1330//1330 1334//1334
f 1335//1335 1310//1310 1334//1334
f 1336//1336 1335//1335 1334//1334
f 1314//1314 1335//1335 1337//1337
f 1338//1338 1314//1314 1337//1337
f 1339//1339 1338//1338 1337//1337
f 1317//1317 1338//1338 1340//1340
f 1341//1341 1317//1317 1340//1340
f 1342//1342 1341//1341 1340//1340
f 1320//1320 1341//1341 1343//1343
f 1344//1344 1343//1343 1342//1342
f 1322//1322 1343//1343 1345//1345
f 1346//1346 1322//1322 1345//1345
f 1348//1348 1344//1344 1347//1347
f 1348//1348 1346//1346 1345//1345
f 1324//1324 1346//1346 1349//1349
f 457//457 1251//1251 1350//1350
f 458//458 1350//1350 1351//1351
f 459//459 1351//1351 1352//1352
f 460//460 1352//1352 1353//1353
f 1354//1354 460//460 1353//1353
f 1355//1355 461//461 1354//1354
f 1356//1356 462//462 1355//1355
f 1350//1350 1257//1257 1357//1357
f 1351//1351 1357//1357 1358//1358
f 1359//1359 1351//1351 1358//1358
f 1360//1360 1359//1359 1358//1358
f 1353//1353 1359//1359 1361//1361
f 1362//1362 1353//1353 1361//1361
f 1363//1363 1354//1354 1362//1362
f 1364//1364 1355//1355 1363//1363
f 1357//1357 1262//1262 1365//1365
f 1366//1366 1357//1357 1365//1365
f 1360//1360 1366//1366 1367//1367
f 1368//1368 1360//1360 1367//1367
f 1362//1362 1368//1368 1369//1369
f 1370//1370 1362//1362 1369//1369
f 1371//1371 1363//1363 1370//1370
f 1372//1372 1262//1262 1270//1270
f 1271//1271 1372//1372 1270//1270
f 1366//1366 1372//1372 1373//1373
f 1367//1367 1373//1373 1374//1374
f 1375//1375 1367//1367 1374//1374
f 1376//1376 1375//1375 1374//1374
f 1369//1369 1375//1375 1377//1377
f 1378//1378 1377//1377 1376//1376
f 1370//1370 1377//1377 1379//1379
f 1380//1380 1370//1370 1379//1379
f 1381//1381 1271//1271 1280//1280
f 1281//1281 1381//1381 1280//1280
f 1374//1374 1381//1381 1382//1382
f 1376//1376 1382//1382 1383//1383
f 1378//1378 1383//1383 1384//1384
f 1385//1385 1378//1378 1384//1384
f 1386//1386 1385//1385 1384//1384
f 1380//1380 1385//1385 1387//1387
f 1388//1388 1281//1281 1297//1297
f 1298//1298 1388//1388 1297//1297
f 1383//1383 1388//1388 1389//1389
f 1390//1390 1298//1298 1299//1299
f 1390//1390 1383//1383 1389//1389
f 1391//1391 1299//1299 1300//1300
f 1386//1386 1390//1390 1391//1391
f 1392//1392 1147//1147 1165//1165
f 1332//1332 1392//1392 1393//1393
f 1333//1333 1393//1393 1394//1394
f 1395//1395 1333//1333 1394//1394
f 1170//1170 1392//1392 1165//1165
f 1396//1396 1393//1393 1392//1392
f 1398//1398 1393//1393 1397//1397
f 1398//1398 1395//1395 1394//1394
f 1336//1336 1395//1395 1399//1399
f 1400//1400 1336//1336 1399//1399
f 1401//1401 1398//1398 1397//1397
f 1403//1403 1398//1398 1402//1402
f 1403//1403 1400//1400 1399//1399
f 1339//1339 1400//1400 1404//1404
f 1405//1405 1339//1339 1404//1404
f 1406//1406 1403//1403 1402//1402
f 1408//1408 1403//1403 1407//1407
f 1408//1408 1405//1405 1404//1404
f 1342//1342 1405//1405 1409//1409
f 1410//1410 1408//1408 1407//1407
f 1412//1412 1408//1408 1411//1411
f 1412//1412 1342//1342 1409//1409
f 1413//1413 1412//1412 1411//1411
f 1414//1414 1344//1344 1412//1412
f 1396//1396 1186//1186 1415//1415
f 1416//1416 1396//1396 1415//1415
f 1189//1189 1415//1415 1186//1186
f 1417//1417 1416//1416 1415//1415
f 1401//1401 1416//1416 1418//1418
f 1419//1419 1401//1401 1418//1418
f 1420//1420 1189//1189 1193//1193
f 1421//1421 1417//1417 1420//1420
f 1421//1421 1419//1419 1418//1418
f 1406//1406 1419//1419 1422//1422
f 1423//1423 1406//1406 1422//1422
f 1424//1424 1193//1193 1198//1198
f 1425//1425 1420//1420 1424//1424
f 1426//1426 1421//1421 1425//1425
f 1426//1426 1423//1423 1422//1422
f 1410//1410 1423//1423 1427//1427
f 1428//1428 1410//1410 1427//1427
f 1429//1429 1198//1198 1203//1203
f 1430//1430 1424//1424 1429//1429
f 1431//1431 1425//1425 1430//1430
f 1432//1432 1426//1426 1431//1431
f 1432//1432 1428//1428 1427//1427
f 1413//1413 1428//1428 1433//1433
f 1434//1434 128//128 542//542
f 1434//1434 1023//1023 1022//1022
f 543//543 1434//1434 542//542
f 544//544 1435//1435 543//543
f 545//545 1436//1436 544//544
f 546//546 1437//1437 545//545
f 547//547 1438//1438 546//546
f 1440//1440 547//547 548//548
f 1441//1441 548//548 549//549
f 1435//1435 1031//1031 1023//1023
f 1436//1436 1442//1442 1435//1435
f 1437//1437 1443//1443 1436//1436
f 1438//1438 1444//1444 1437//1437
f 1447//1447 1438//1438 1439//1439
f 1447//1447 1446//1446 1445//1445
f 1440//1440 1447//1447 1439//1439
f 1449//1449 1440//1440 1441//1441
f 1442//1442 1038//1038 1031//1031
f 1443//1443 1450//1450 1442//1442
f 1444//1444 1451//1451 1443//1443
f 1453//1453 1444//1444 1445//1445
f 1446//1446 1453//1453 1445//1445
f 1455//1455 1446//1446 1448//1448
f 1449//1449 1455//1455 1448//1448
f 1450//1450 1047//1047 1038//1038
f 1451//1451 1457//1457 1450//1450
f 1460//1460 1451//1451 1452//1452
f 1460//1460 1459//1459 1458//1458
f 1462//1462 1452//1452 1453//1453
f 1462//1462 1461//1461 1460//1460
f 1454//1454 1462//1462 1453//1453
f 1464//1464 1454//1454 1455//1455
f 1465//1465 1455//1455 1456//1456
f 1466//1466 1047//1047 1457//1457
f 1467//1467 1053//1053 1466//1466
f 1468//1468 1457//1457 1458//1458
f 1468//1468 1467//1467 1466//1466
f 1459//1459 1468//1468 1458//1458
f 1470//1470 1459//1459 1461//1461
f 1471//1471 1461//1461 1463//1463
f 1472//1472 1463//1463 1464//1464
f 1473//1473 1054//1054 1467//1467
f 1474//1474 1467//1467 1469//1469
f 1470//1470 1474//1474 1469//1469
f 1476//1476 1470//1470 1471//1471
f 648//648 1441//1441 549//549
f 1478//1478 648//648 649//649
f 1479//1479 649//649 650//650
f 651//651 1479//1479 650//650
f 1481//1481 651//651 652//652
f 1482//1482 1441//1441 1477//1477
f 1478//1478 1482//1482 1477//1477
f 1485//1485 1478//1478 1479//1479
f 1485//1485 1484//1484 1483//1483
f 1480//1480 1485//1485 1479//1479
f 1487//1487 1480//1480 1481//1481
f 1488//1488 1449//1449 1482//1482
f 1489//1489 1482//1482 1483//1483
f 1484//1484 1489//1489 1483//1483
f 1491//1491 1484//1484 1486//1486
f 1487//1487 1491//1491 1486//1486
f 1465//1465 1493//1493 1464//1464
f 1488//1488 1465//1465 1456//1456
f 1496//1496 1488//1488 1489//1489
f 1496//1496 1495//1495 1494//1494
f 1490//1490 1496//1496 1489//1489
f 1499//1499 1490//1490 1491//1491
f 1499//1499 1498//1498 1497//1497
f 1492//1492 1499//1499 1491//1491
f 1472//1472 1502//1502 1471//1471
f 1493//1493 1472//1472 1464//1464
f 1504//1504 1493//1493 1494//1494
f 1495//1495 1504//1504 1494//1494
f 1506//1506 1495//1495 1497//1497
f 1498//1498 1506//1506 1497//1497
f 1509//1509 1498//1498 1500//1500
f 1509//1509 1508//1508 1507//1507
f 1501//1501 1509//1509 1500//1500
f 1512//1512 1058//1058 1473//1473
f 1513//1513 1473//1473 1474//1474
f 1514//1514 1474//1474 1475//1475
f 1476//1476 1514//1514 1475//1475
f 1502//1502 1476//1476 1471//1471
f 1517//1517 1502//1502 1503//1503
f 1517//1517 1516//1516 1515//1515
f 1519//1519 1503//1503 1504//1504
f 1519//1519 1518//1518 1517//1517
f 1505//1505 1519//1519 1504//1504
f 1522//1522 1505//1505 1506//1506
f 1522//1522 1521//1521 1520//1520
f 1507//1507 1522//1522 1506//1506
f 1508//1508 1523//1523 1507//1507
f 1526//1526 1508//1508 1510//1510
f 1526//1526 1525//1525 1524//1524
f 1511//1511 1526//1526 1510//1510
f 1512//1512 1136//1136 1112//1112
f 1513//1513 1531//1531 1512//1512
f 1534//1534 1513//1513 1514//1514
f 1534//1534 1533//1533 1532//1532
f 1536//1536 1514//1514 1515//1515
f 1536//1536 1535//1535 1534//1534
f 1516//1516 1536//1536 1515//1515
f 1539//1539 1516//1516 1518//1518
f 1539//1539 1538//1538 1537//1537
f 1542//1542 1518//1518 1520//1520
f 1542//1542 1540//1540 1539//1539
f 1521//1521 1542//1542 1520//1520
f 1543//1543 1541//1541 1540//1540
f 1546//1546 1521//1521 1523//1523
f 1546//1546 1544//1544 1543//1543
f 1524//1524 1546//1546 1523//1523
f 1547//1547 1545//1545 1544//1544
f 1525//1525 1547//1547 1524//1524
f 1551//1551 1525//1525 1527//1527
f 1551//1551 1549//1549 1548//1548
f 1528//1528 1551//1551 1527//1527
f 1552//1552 1550//1550 1549//1549
f 1529//1529 1552//1552 1528//1528
f 1530//1530 1553//1553 1529//1529
f 1531//1531 1159//1159 1136//1136
f 1556//1556 1159//1159 1555//1555
f 1557//1557 1160//1160 1556//1556
f 1558//1558 1531//1531 1532//1532
f 1558//1558 1556//1556 1555//1555
f 1533//1533 1558//1558 1532//1532
f 1560//1560 1556//1556 1559//1559
f 1561//1561 1533//1533 1535//1535
f 1561//1561 1560//1560 1559//1559
f 1563//1563 1535//1535 1537//1537
f 1563//1563 1562//1562 1561//1561
f 1538//1538 1563//1563 1537//1537
f 1566//1566 1538//1538 1540//1540
f 1566//1566 1565//1565 1564//1564
f 1541//1541 1566//1566 1540//1540
f 1569//1569 1541//1541 1544//1544
f 1569//1569 1568//1568 1567//1567
f 1545//1545 1569//1569 1544//1544
f 1574//1574 1545//1545 1548//1548
f 1574//1574 1571//1571 1570//1570
f 1549//1549 1574//1574 1548//1548
f 1575//1575 1572//1572 1571//1571
f 1550//1550 1575//1575 1549//1549
f 1577//1577 1572//1572 1576//1576
f 1578//1578 1550//1550 1553//1553
f 1578//1578 1577//1577 1576//1576
f 1554//1554 1578//1578 1553//1553
f 1580//1580 652//652 698//698
f 1581//1581 698//698 699//699
f 1582//1582 699//699 700//700
f 1583//1583 700//700 701//701
f 1584//1584 701//701 702//702
f 1585//1585 702//702 703//703
f 704//704 1585//1585 703//703
f 1587//1587 704//704 705//705
f 1588//1588 705//705 706//706
f 1580//1580 1487//1487 1481//1481
f 1581//1581 1589//1589 1580//1580
f 1592//1592 1581//1581 1582//1582
f 1592//1592 1591//1591 1590//1590
f 1583//1583 1592//1592 1582//1582
f 1584//1584 1593//1593 1583//1583
f 1596//1596 1584//1584 1585//1585
f 1596//1596 1595//1595 1594//1594
f 1586//1586 1596//1596 1585//1585
f 1598//1598 1586//1586 1587//1587
f 1588//1588 1598//1598 1587//1587
f 1589//1589 1492//1492 1487//1487
f 1601//1601 1589//1589 1590//1590
f 1591//1591 1601//1601 1590//1590
f 1604//1604 1591//1591 1593//1593
f 1604//1604 1603//1603 1602//1602
f 1594//1594 1604//1604 1593//1593
f 1595//1595 1605//1605 1594//1594
f 1607//1607 1595//1595 1597//1597
f 1598//1598 1607//1607 1597//1597
f 1609//1609 1598//1598 1599//1599
f 1610//1610 1492//1492 1600//1600
f 1610//1610 1501//1501 1500//1500
f 1601//1601 1610//1610 1600//1600
f 1612//1612 1601//1601 1602//1602
f 1603//1603 1612//1612 1602//1602
f 1615//1615 1603//1603 1605//1605
f 1615//1615 1614//1614 1613//1613
f 1606//1606 1615//1615 1605//1605
f 1618//1618 1606//1606 1607//1607
f 1618//1618 1617//1617 1616//1616
f 1608//1608 1618//1618 1607//1607
f 1620//1620 1501//1501 1611//1611
f 1620//1620 1511//1511 1510//1510
f 1612//1612 1620//1620 1611//1611
f 1622//1622 1612//1612 1613//1613
f 1614//1614 1622//1622 1613//1613
f 1625//1625 1614//1614 1616//1616
f 1625//1625 1624//1624 1623//1623
f 1617//1617 1625//1625 1616//1616
f 1627//1627 1617//1617 1619//1619
f 1628//1628 1511//1511 1621//1621
f 1628//1628 1528//1528 1527//1527
f 1622//1622 1628//1628 1621//1621
f 1630//1630 1528//1528 1629//1629
f 1623//1623 1629//1629 1622//1622
f 1630//1630 1530//1530 1529//1529
f 1624//1624 1630//1630 1623//1623
f 1632//1632 1624//1624 1626//1626
f 1633//1633 1530//1530 1631//1631
f 1557//1557 1183//1183 1161//1161
f 1634//1634 1184//1184 1183//1183
f 1560//1560 1634//1634 1557//1557
f 1636//1636 1635//1635 1634//1634
f 1562//1562 1636//1636 1560//1560
f 1640//1640 1636//1636 1639//1639
f 1640//1640 1638//1638 1637//1637
f 1643//1643 1562//1562 1564//1564
f 1643//1643 1640//1640 1639//1639
f 1565//1565 1643//1643 1564//1564
f 1645//1645 1640//1640 1644//1644
f 1645//1645 1642//1642 1641//1641
f 1648//1648 1565//1565 1567//1567
f 1648//1648 1645//1645 1644//1644
f 1568//1568 1648//1648 1567//1567
f 1650//1650 1645//1645 1649//1649
f 1650//1650 1647//1647 1646//1646
f 1653//1653 1568//1568 1570//1570
f 1653//1653 1650//1650 1649//1649
f 1571//1571 1653//1653 1570//1570
f 1655//1655 1650//1650 1654//1654
f 1655//1655 1571//1571 1572//1572
f 1655//1655 1652//1652 1651//1651
f 1656//1656 1572//1572 1573//1573
f 1635//1635 1199//1199 1184//1184
f 1657//1657 1200//1200 1199//1199
f 1659//1659 1200//1200 1658//1658
f 1660//1660 1201//1201 1659//1659
f 1661//1661 1202//1202 1660//1660
f 1662//1662 1635//1635 1637//1637
f 1662//1662 1658//1658 1657//1657
f 1638//1638 1662//1662 1637//1637
f 1664//1664 1658//1658 1663//1663
f 1665//1665 1659//1659 1664//1664
f 1666//1666 1660//1660 1665//1665
f 1667//1667 1638//1638 1641//1641
f 1667//1667 1664//1664 1663//1663
f 1642//1642 1667//1667 1641//1641
f 1669//1669 1664//1664 1668//1668
f 1670//1670 1665//1665 1669//1669
f 1671//1671 1642//1642 1646//1646
f 1671//1671 1669//1669 1668//1668
f 1647//1647 1671//1671 1646//1646
f 1673//1673 1669//1669 1672//1672
f 1674//1674 1647//1647 1651//1651
f 1674//1674 1673//1673 1672//1672
f 1652//1652 1674//1674 1651//1651
f 1689//1689 1686//1686 1688//1688
f 1689//1689 1677//1677 1687//1687
f 1691//1691 1688//1688 1690//1690
f 1691//1691 1678//1678 1689//1689
f 1693//1693 1690//1690 1692//1692
f 1693//1693 1679//1679 1691//1691
f 1696//1696 1692//1692 1695//1695
f 1696//1696 1681//1681 1682//1682
f 1696//1696 1680//1680 1693//1693
f 1683//1683 1324//1324 1697//1697
f 1684//1684 1697//1697 1699//1699
f 1701//1701 1698//1698 1700//1700
f 1701//1701 1684//1684 1699//1699
f 1704//1704 1700//1700 1703//1703
f 1704//1704 1686//1686 1687//1687
f 1704//1704 1685//1685 1701//1701
f 1706//1706 1702//1702 1705//1705
f 1706//1706 1686//1686 1703//1703
f 1709//1709 1705//1705 1708//1708
f 1690//1690 1706//1706 1709//1709
f 1713//1713 1707//1707 1712//1712
f 1713//1713 1709//1709 1708//1708
f 1692//1692 1709//1709 1714//1714
f 1718//1718 1710//1710 1717//1717
f 1719//1719 1711//1711 1718//1718
f 1719//1719 1713//1713 1712//1712
f 1721//1721 1713//1713 1720//1720
f 1721//1721 1694//1694 1695//1695
f 1721//1721 1692//1692 1714//1714
f 1723//1723 1347//1347 1722//1722
f 1723//1723 1349//1349 1348//1348
f 1697//1697 1349//1349 1724//1724
f 1725//1725 1723//1723 1722//1722
f 1727//1727 1723//1723 1726//1726
f 1727//1727 1698//1698 1699//1699
f 1727//1727 1697//1697 1724//1724
f 1729//1729 1725//1725 1728//1728
f 1729//1729 1698//1698 1726//1726
f 1732//1732 1728//1728 1731//1731
f 1732//1732 1702//1702 1703//1703
f 1732//1732 1700//1700 1729//1729
f 1735//1735 1730//1730 1734//1734
f 1735//1735 1702//1702 1731//1731
f 1740//1740 1733//1733 1739//1739
f 1741//1741 1734//1734 1740//1740
f 1741//1741 1707//1707 1708//1708
f 1741//1741 1705//1705 1735//1735
f 1742//1742 1573//1573 1577//1577
f 1742//1742 1737//1737 1736//1736
f 1743//1743 1738//1738 1737//1737
f 1745//1745 1738//1738 1744//1744
f 1745//1745 1710//1710 1711//1711
f 1746//1746 1739//1739 1745//1745
f 1746//1746 1711//1711 1712//1712
f 1746//1746 1707//1707 1740//1740
f 1747//1747 1577//1577 1579//1579
f 1715//1715 1579//1579 1554//1554
f 1747//1747 1743//1743 1742//1742
f 1716//1716 1747//1747 1715//1715
f 1749//1749 1743//1743 1748//1748
f 1749//1749 1716//1716 1717//1717
f 1749//1749 1710//1710 1744//1744
f 871//871 1356//1356 1750//1750
f 872//872 1750//1750 1751//1751
f 873//873 1751//1751 1752//1752
f 1753//1753 873//873 1752//1752
f 1754//1754 874//874 1753//1753
f 1755//1755 875//875 1754//1754
f 877//877 1755//1755 1756//1756
f 879//879 1757//1757 878//878
f 1758//1758 877//877 1756//1756
f 1750//1750 1364//1364 1759//1759
f 1751//1751 1759//1759 1760//1760
f 1752//1752 1760//1760 1761//1761
f 1762//1762 1752//1752 1761//1761
f 1763//1763 1753//1753 1762//1762
f 1755//1755 1763//1763 1764//1764
f 1756//1756 1764//1764 1765//1765
f 1758//1758 1766//1766 1757//1757
f 1767//1767 1756//1756 1765//1765
f 1759//1759 1371//1371 1768//1768
f 1760//1760 1768//1768 1769//1769
f 1761//1761 1769//1769 1770//1770
f 1771//1771 1761//1761 1770//1770
f 1772//1772 1762//1762 1771//1771
f 1764//1764 1772//1772 1773//1773
f 1765//1765 1773//1773 1775//1775
f 1777//1777 1774//1774 1776//1776
f 1777//1777 1766//1766 1767//1767
f 1777//1777 1765//1765 1775//1775
f 1768//1768 1380//1380 1778//1778
f 1769//1769 1778//1778 1780//1780
f 1782//1782 1779//1779 1781//1781
f 1782//1782 1769//1769 1780//1780
f 1783//1783 1782//1782 1781//1781
f 1784//1784 1770//1770 1782//1782
f 1786//1786 1783//1783 1785//1785
f 1772//1772 1784//1784 1786//1786
f 1787//1787 1786//1786 1785//1785
f 1788//1788 1772//1772 1786//1786
f 1790//1790 1787//1787 1789//1789
f 1790//1790 1774//1774 1775//1775
f 1790//1790 1773//1773 1788//1788
f 1791//1791 1774//1774 1789//1789
f 1792//1792 1387//1387 1386//1386
f 1793//1793 1380//1380 1387//1387
f 1795//1795 1792//1792 1794//1794
f 1795//1795 1779//1779 1780//1780
f 1795//1795 1778//1778 1793//1793
f 1796//1796 1779//1779 1794//1794
f 1783//1783 1796//1796 1797//1797
f 1798//1798 1677//1677 1678//1678
f 1798//1798 1783//1783 1797//1797
f 1679//1679 1798//1798 1678//1678
f 1799//1799 1785//1785 1798//1798
f 1680//1680 1799//1799 1679//1679
f 1800//1800 1787//1787 1799//1799
f 1801//1801 1680//1680 1682//1682
f 1801//1801 1676//1676 1791//1791
f 1801//1801 1789//1789 1800//1800
f 1683//1683 1391//1391 1300//1300
f 1802//1802 1386//1386 1391//1391
f 1684//1684 1802//1802 1683//1683
f 1803//1803 1792//1792 1802//1802
f 1685//1685 1803//1803 1684//1684
f 1796//1796 1803//1803 1804//1804
f 1805//1805 1685//1685 1687//1687
f 1805//1805 1677//1677 1797//1797
f 1805//1805 1796//1796 1804//1804
f 959//959 1807//1807 958//958
f 1809//1809 959//959 960//960
f 1809//1809 957//957 1806//1806
f 1810//1810 706//706 961//961
f 1811//1811 961//961 962//962
f 1812//1812 962//962 963//963
f 1813//1813 963//963 964//964
f 1814//1814 964//964 965//965
f 966//966 1814//1814 965//965
f 1815//1815 958//958 1807//1807
f 1808//1808 1819//1819 1807//1807
f 1821//1821 1817//1817 1820//1820
f 1821//1821 1808//1808 1809//1809
f 1821//1821 1806//1806 1818//1818
f 1810//1810 1599//1599 1588//1588
f 1823//1823 1810//1810 1811//1811
f 1824//1824 1811//1811 1812//1812
f 1813//1813 1824//1824 1812//1812
f 1814//1814 1825//1825 1813//1813
f 1827//1827 1814//1814 1815//1815
f 1815//1815 1819//1819 1827//1827
f 1830//1830 1817//1817 1818//1818
f 1830//1830 1816//1816 1828//1828
f 1835//1835 1819//1819 1820//1820
f 1835//1835 1817//1817 1829//1829
f 1609//1609 1831//1831 1608//1608
f 1822//1822 1609//1609 1599//1599
f 1823//1823 1836//1836 1822//1822
f 1838//1838 1823//1823 1824//1824
f 1825//1825 1838//1838 1824//1824
f 1840//1840 1832//1832 1839//1839
f 1840//1840 1825//1825 1826//1826
f 1841//1841 1833//1833 1840//1840
f 1841//1841 1826//1826 1827//1827
f 1841//1841 1819//1819 1834//1834
f 1846//1846 1842//1842 1845//1845
f 1846//1846 1829//1829 1830//1830
f 1846//1846 1828//1828 1843//1843
f 1831//1831 1619//1619 1608//1608
f 1851//1851 1832//1832 1833//1833
f 1852//1852 1833//1833 1834//1834
f 1853//1853 1844//1844 1852//1852
f 1853//1853 1834//1834 1835//1835
f 1853//1853 1829//1829 1845//1845
f 1854//1854 1831//1831 1836//1836
f 1854//1854 1848//1848 1847//1847
f 1837//1837 1854//1854 1836//1836
f 1856//1856 1848//1848 1855//1855
f 1838//1838 1855//1855 1837//1837
f 1857//1857 1849//1849 1856//1856
f 1857//1857 1838//1838 1839//1839
f 1857//1857 1832//1832 1850//1850
f 1860//1860 1681//1681 1859//1859
f 1860//1860 1842//1842 1843//1843
f 1860//1860 1676//1676 1682//1682
f 1867//1867 1858//1858 1866//1866
f 1867//1867 1844//1844 1845//1845
f 1867//1867 1842//1842 1859//1859
f 1627//1627 1861//1861 1626//1626
f 1847//1847 1627//1627 1619//1619
f 1869//1869 1861//1861 1868//1868
f 1848//1848 1868//1868 1847//1847
f 1870//1870 1862//1862 1869//1869
f 1849//1849 1869//1869 1848//1848
f 1870//1870 1864//1864 1863//1863
f 1871//1871 1849//1849 1850//1850
f 1871//1871 1865//1865 1864//1864
f 1851//1851 1871//1871 1850//1850
f 1873//1873 1865//1865 1872//1872
f 1873//1873 1851//1851 1852//1852
f 1873//1873 1844//1844 1866//1866
f 1880//1880 1694//1694 1879//1879
f 1880//1880 1858//1858 1859//1859
f 1880//1880 1681//1681 1695//1695
f 1632//1632 1874//1874 1631//1631
f 1861//1861 1632//1632 1626//1626
f 1881//1881 1875//1875 1874//1874
f 1862//1862 1881//1881 1861//1861
f 1882//1882 1876//1876 1875//1875
f 1863//1863 1882//1882 1862//1862
f 1884//1884 1876//1876 1883//1883
f 1884//1884 1863//1863 1864//1864
f 1885//1885 1877//1877 1884//1884
f 1885//1885 1864//1864 1865//1865
f 1886//1886 1878//1878 1885//1885
f 1886//1886 1865//1865 1866//1866
f 1886//1886 1858//1858 1879//1879
f 1633//1633 1715//1715 1554//1554
f 1874//1874 1633//1633 1631//1631
f 1888//1888 1715//1715 1887//1887
f 1888//1888 1874//1874 1875//1875
f 1889//1889 1716//1716 1888//1888
f 1889//1889 1875//1875 1876//1876
f 1889//1889 1718//1718 1717//1717
f 1877//1877 1889//1889 1876//1876
f 1890//1890 1719//1719 1718//1718
f 1878//1878 1890//1890 1877//1877
f 1892//1892 1719//1719 1891//1891
f 1892//1892 1878//1878 1879//1879
f 1892//1892 1694//1694 1720//1720
f 1893//1893 878//878 1757//1757
f 972//972 1806//1806 957//957
f 972//972 1893//1893 1894//1894
f 1893//1893 1766//1766 1895//1895
f 1896//1896 1816//1816 1818//1818
f 1896//1896 1806//1806 1894//1894
f 1896//1896 1893//1893 1895//1895
f 1897//1897 1816//1816 1895//1895
f 1897//1897 1766//1766 1776//1776
f 1898//1898 1676//1676 1843//1843
f 1898//1898 1828//1828 1897//1897
f 1898//1898 1776//1776 1791//1791
f 1900//1900 1413//1413 1899//1899
f 1722//1722 1414//1414 1900//1900
f 1903//1903 1899//1899 1902//1902
f 1725//1725 1900//1900 1903//1903
f 1906//1906 1901//1901 1905//1905
f 1906//1906 1903//1903 1902//1902
f 1728//1728 1903//1903 1907//1907
f 1910//1910 1904//1904 1909//1909
f 1910//1910 1906//1906 1905//1905
f 1912//1912 1906//1906 1911//1911
f 1912//1912 1730//1730 1731//1731
f 1912//1912 1728//1728 1907//1907
f 1915//1915 1908//1908 1914//1914
f 1915//1915 1910//1910 1909//1909
f 1917//1917 1910//1910 1916//1916
f 1917//1917 1733//1733 1734//1734
f 1917//1917 1730//1730 1911//1911
f 1918//1918 1652//1652 1656//1656
f 1918//1918 1573//1573 1736//1736
f 1919//1919 1913//1913 1918//1918
f 1737//1737 1918//1918 1736//1736
f 1919//1919 1915//1915 1914//1914
f 1738//1738 1919//1919 1737//1737
f 1921//1921 1915//1915 1920//1920
f 1921//1921 1738//1738 1739//1739
f 1921//1921 1733//1733 1916//1916
f 1922//1922 1203//1203 1661//1661
f 1922//1922 1430//1430 1429//1429
f 1923//1923 1431//1431 1430//1430
f 1924//1924 1432//1432 1431//1431
f 1926//1926 1432//1432 1925//1925
f 1899//1899 1433//1433 1926//1926
f 1666//1666 1922//1922 1661//1661
f 1927//1927 1923//1923 1922//1922
f 1928//1928 1924//1924 1923//1923
f 1929//1929 1925//1925 1924//1924
f 1931//1931 1925//1925 1930//1930
f 1931//1931 1901//1901 1902//1902
f 1931//1931 1899//1899 1926//1926
f 1670//1670 1927//1927 1666//1666
f 1932//1932 1928//1928 1927//1927
f 1933//1933 1929//1929 1928//1928
f 1935//1935 1929//1929 1934//1934
f 1935//1935 1904//1904 1905//1905
f 1935//1935 1901//1901 1930//1930
f 1673//1673 1932//1932 1670//1670
f 1936//1936 1933//1933 1932//1932
f 1938//1938 1933//1933 1937//1937
f 1938//1938 1908//1908 1909//1909
f 1938//1938 1904//1904 1934//1934
f 1675//1675 1936//1936 1673//1673
f 1939//1939 1652//1652 1913//1913
f 1940//1940 1936//1936 1939//1939
f 1940//1940 1913//1913 1914//1914
f 1940//1940 1908//1908 1937//1937
f 6//6 5//5 2//2
f 9//9 8//8 4//4
f 9//9 5//5 6//6
f 13//13 12//12 7//7
f 13//13 8//8 9//9
f 14//14 9//9 10//10
f 17//17 16//16 11//11
f 17//17 12//12 13//13
f 18//18 13//13 14//14
f 19//19 14//14 15//15
f 27//27 26//26 21//21
f 27//27 22//22 23//23
f 29//29 28//28 23//23
f 29//29 3//3 2//2
f 32//32 31//31 25//25
f 32//32 26//26 27//27
f 34//34 33//33 27//27
f 34//34 5//5 4//4
f 34//34 28//28 2//2
f 36//36 35//35 30//30
f 36//36 31//31 32//32
f 38//38 37//37 32//32
f 38//38 8//8 7//7
f 38//38 33//33 4//4
f 39//39 35//35 36//36
f 41//41 40//40 36//36
f 41//41 12//12 11//11
f 41//41 37//37 7//7
f 43//43 42//42 39//39
f 43//43 40//40 11//11
f 52//52 45//45 44//44
f 46//46 45//45 52//52
f 54//54 53//53 48//48
f 54//54 47//47 46//46
f 57//57 49//49 48//48
f 60//60 51//51 50//50
f 52//52 51//51 60//60
f 62//62 61//61 55//55
f 62//62 53//53 52//52
f 62//62 56//56 48//48
f 65//65 56//56 55//55
f 57//57 56//56 65//65
f 68//68 59//59 58//58
f 60//60 59//59 68//68
f 70//70 69//69 63//63
f 70//70 61//61 60//60
f 70//70 64//64 55//55
f 73//73 64//64 63//63
f 65//65 64//64 73//73
f 66//66 65//65 74//74
f 68//68 67//67 76//76
f 78//78 77//77 71//71
f 78//78 69//69 68//68
f 78//78 72//72 63//63
f 81//81 72//72 71//71
f 73//73 72//72 81//81
f 74//74 73//73 82//82
f 75//75 74//74 83//83
f 86//86 77//77 76//76
f 86//86 80//80 71//71
f 93//93 92//92 87//87
f 89//89 95//95 93//93
f 97//97 96//96 94//94
f 97//97 95//95 89//89
f 101//101 99//99 91//91
f 103//103 102//102 100//100
f 103//103 101//101 92//92
f 105//105 104//104 102//102
f 105//105 95//95 94//94
f 105//105 103//103 93//93
f 106//106 104//104 94//94
f 108//108 107//107 98//98
f 110//110 101//101 100//100
f 110//110 108//108 99//99
f 111//111 109//109 100//100
f 112//112 111//111 102//102
f 106//106 113//113 112//112
f 108//108 116//116 114//114
f 118//118 117//117 115//115
f 118//118 110//110 109//109
f 118//118 116//116 108//108
f 119//119 117//117 109//109
f 112//112 120//120 119//119
f 113//113 121//121 120//120
f 124//124 116//116 115//115
f 124//124 122//122 114//114
f 125//125 123//123 115//115
f 119//119 126//126 125//125
f 120//120 127//127 126//126
f 121//121 129//129 127//127
f 135//135 134//134 130//130
f 138//138 137//137 132//132
f 138//138 22//22 21//21
f 139//139 138//138 133//133
f 23//23 22//22 138//138
f 139//139 134//134 135//135
f 24//24 23//23 139//139
f 143//143 142//142 136//136
f 143//143 26//26 25//25
f 143//143 137//137 21//21
f 146//146 145//145 141//141
f 146//146 31//31 30//30
f 146//146 142//142 25//25
f 148//148 147//147 144//144
f 148//148 145//145 30//30
f 151//151 150//150 147//147
f 39//39 151//151 148//148
f 153//153 152//152 149//149
f 153//153 150//150 151//151
f 42//42 154//154 151//151
f 158//158 131//131 130//130
f 162//162 161//161 155//155
f 162//162 133//133 132//132
f 163//163 162//162 156//156
f 163//163 134//134 133//133
f 163//163 157//157 130//130
f 166//166 165//165 159//159
f 167//167 166//166 160//160
f 167//167 137//137 136//136
f 167//167 161//161 132//132
f 169//169 168//168 164//164
f 170//170 169//169 165//165
f 170//170 142//142 141//141
f 170//170 166//166 136//136
f 173//173 172//172 168//168
f 173//173 145//145 144//144
f 173//173 169//169 141//141
f 175//175 174//174 171//171
f 175//175 172//172 144//144
f 177//177 176//176 174//174
f 177//177 150//150 149//149
f 177//177 175//175 147//147
f 178//178 176//176 149//149
f 181//181 180//180 44//44
f 181//181 156//156 155//155
f 181//181 45//45 46//46
f 182//182 157//157 156//156
f 182//182 46//46 47//47
f 158//158 157//157 182//182
f 186//186 160//160 159//159
f 187//187 186//186 179//179
f 187//187 161//161 160//160
f 187//187 180//180 155//155
f 190//190 189//189 184//184
f 190//190 165//165 164//164
f 190//190 185//185 159//159
f 192//192 191//191 188//188
f 192//192 189//189 164//164
f 194//194 193//193 191//191
f 194//194 172//172 171//171
f 194//194 192//192 168//168
f 195//195 88//88 87//87
f 195//195 193//193 171//171
f 89//89 88//88 195//195
f 196//196 195//195 174//174
f 90//90 89//89 196//196
f 178//178 197//197 196//196
f 200//200 199//199 50//50
f 200//200 180//180 179//179
f 200//200 51//51 44//44
f 202//202 185//185 184//184
f 203//203 202//202 198//198
f 203//203 186//186 185//185
f 203//203 199//199 179//179
f 205//205 189//189 188//188
f 205//205 201//201 184//184
f 206//206 204//204 188//188
f 207//207 92//92 91//91
f 207//207 193//193 87//87
f 207//207 206//206 191//191
f 210//210 209//209 58//58
f 210//210 199//199 198//198
f 210//210 59//59 50//50
f 213//213 212//212 208//208
f 213//213 202//202 201//201
f 213//213 209//209 198//198
f 215//215 214//214 211//211
f 215//215 205//205 204//204
f 215//215 212//212 201//201
f 216//216 99//99 98//98
f 216//216 206//206 91//91
f 216//216 214//214 204//204
f 218//218 209//209 208//208
f 218//218 67//67 58//58
f 220//220 212//212 211//211
f 220//220 217//217 208//208
f 221//221 214//214 98//98
f 221//221 219//219 211//211
f 224//224 218//218 217//217
f 218//218 224//224 76//76
f 226//226 225//225 222//222
f 226//226 220//220 219//219
f 226//226 223//223 217//217
f 221//221 107//107 114//114
f 227//227 225//225 219//219
f 229//229 223//223 222//222
f 224//224 223//223 229//229
f 224//224 230//230 85//85
f 231//231 228//228 222//222
f 227//227 114//114 122//122
f 227//227 232//232 231//231
f 6//6 3//3 234//234
f 236//236 234//234 235//235
f 239//239 10//10 6//6
f 240//240 239//239 236//236
f 240//240 237//237 238//238
f 243//243 15//15 10//10
f 244//244 243//243 239//239
f 245//245 244//244 240//240
f 245//245 241//241 242//242
f 20//20 15//15 243//243
f 233//233 1//1 20//20
f 249//249 248//248 243//243
f 250//250 249//249 244//244
f 251//251 250//250 245//245
f 251//251 246//246 247//247
f 29//29 24//24 253//253
f 257//257 234//234 3//3
f 257//257 253//253 254//254
f 235//235 234//234 257//257
f 259//259 258//258 254//254
f 259//259 255//255 256//256
f 262//262 237//237 235//235
f 262//262 258//258 259//259
f 238//238 237//237 262//262
f 264//264 263//263 259//259
f 264//264 260//260 261//261
f 267//267 241//241 238//238
f 267//267 263//263 264//264
f 242//242 241//241 267//267
f 269//269 268//268 264//264
f 269//269 265//265 266//266
f 271//271 246//246 242//242
f 271//271 268//268 269//269
f 247//247 246//246 271//271
f 273//273 272//272 269//269
f 274//274 252//252 247//247
f 274//274 272//272 273//273
f 282//282 54//54 49//49
f 276//276 47//47 54//54
f 282//282 280//280 281//281
f 277//277 276//276 282//282
f 284//284 278//278 277//277
f 279//279 278//278 284//284
f 280//280 49//49 57//57
f 281//281 280//280 287//287
f 290//290 283//283 281//281
f 290//290 288//288 289//289
f 284//284 283//283 290//290
f 292//292 285//285 284//284
f 286//286 285//285 292//292
f 287//287 57//57 66//66
f 296//296 288//288 287//287
f 289//289 288//288 296//296
f 299//299 291//291 289//289
f 299//299 297//297 298//298
f 292//292 291//291 299//299
f 301//301 293//293 292//292
f 294//294 293//293 301//301
f 303//303 295//295 66//66
f 304//304 296//296 295//295
f 305//305 297//297 296//296
f 298//298 297//297 305//305
f 308//308 300//300 298//298
f 308//308 306//306 307//307
f 301//301 300//300 308//308
f 310//310 302//302 301//301
f 84//84 79//79 311//311
f 312//312 303//303 75//75
f 313//313 304//304 303//303
f 314//314 305//305 304//304
f 315//315 306//306 305//305
f 307//307 306//306 315//315
f 317//317 309//309 307//307
f 310//310 309//309 317//317
f 321//321 135//135 131//131
f 321//321 319//319 320//320
f 325//325 140//140 135//135
f 253//253 24//24 140//140
f 326//326 325//325 321//321
f 326//326 254//254 253//253
f 326//326 322//322 323//323
f 327//327 255//255 254//254
f 327//327 323//323 324//324
f 256//256 255//255 327//327
f 330//330 260//260 256//256
f 330//330 328//328 329//329
f 261//261 260//260 330//330
f 333//333 265//265 261//261
f 333//333 331//331 332//332
f 266//266 265//265 333//333
f 336//336 270//270 266//266
f 336//336 334//334 335//335
f 273//273 270//270 336//336
f 338//338 336//336 337//337
f 275//275 273//273 338//338
f 342//342 341//341 338//338
f 342//342 339//339 340//340
f 319//319 131//131 158//158
f 320//320 319//319 344//344
f 348//348 322//322 320//320
f 348//348 345//345 346//346
f 323//323 322//322 348//348
f 349//349 346//346 347//347
f 324//324 323//323 349//349
f 353//353 328//328 324//324
f 353//353 350//350 351//351
f 329//329 328//328 353//353
f 354//354 351//351 352//352
f 357//357 331//331 329//329
f 357//357 354//354 355//355
f 332//332 331//331 357//357
f 358//358 355//355 356//356
f 360//360 334//334 332//332
f 360//360 358//358 359//359
f 335//335 334//334 360//360
f 363//363 337//337 335//335
f 363//363 361//361 362//362
f 365//365 339//339 337//337
f 365//365 363//363 364//364
f 340//340 339//339 365//365
f 367//367 343//343 340//340
f 368//368 183//183 47//47
f 344//344 158//158 183//183
f 369//369 368//368 276//276
f 369//369 345//345 344//344
f 370//370 369//369 277//277
f 346//346 345//345 369//369
f 370//370 278//278 279//279
f 347//347 346//346 370//370
f 373//373 350//350 347//347
f 373//373 371//371 372//372
f 351//351 350//350 373//373
f 352//352 351//351 374//374
f 377//377 355//355 352//352
f 377//377 375//375 376//376
f 356//356 355//355 377//377
f 380//380 359//359 356//356
f 380//380 378//378 379//379
f 382//382 361//361 359//359
f 382//382 380//380 381//381
f 362//362 361//361 382//382
f 384//384 364//364 362//362
f 385//385 366//366 364//364
f 367//367 366//366 385//385
f 387//387 371//371 279//279
f 387//387 285//285 286//286
f 372//372 371//371 387//387
f 390//390 374//374 372//372
f 390//390 388//388 389//389
f 375//375 374//374 390//390
f 376//376 375//375 391//391
f 393//393 378//378 376//376
f 379//379 378//378 393//393
f 395//395 381//381 379//379
f 396//396 383//383 381//381
f 397//397 388//388 286//286
f 397//397 293//293 294//294
f 389//389 388//388 397//397
f 400//400 391//391 389//389
f 400//400 398//398 399//399
f 392//392 391//391 400//400
f 403//403 393//393 392//392
f 403//403 401//401 402//402
f 394//394 393//393 403//403
f 405//405 395//395 394//394
f 406//406 398//398 294//294
f 399//399 398//398 406//406
f 408//408 401//401 399//399
f 402//402 401//401 408//408
f 410//410 404//404 402//402
f 406//406 302//302 310//310
f 407//407 406//406 411//411
f 414//414 408//408 407//407
f 414//414 412//412 413//413
f 409//409 408//408 414//414
f 416//416 410//410 409//409
f 411//411 310//310 318//318
f 418//418 412//412 411//411
f 413//413 412//412 418//418
f 420//420 415//415 413//413
f 416//416 415//415 420//420
f 384//384 383//383 422//422
f 424//424 385//385 384//384
f 425//425 386//386 385//385
f 396//396 395//395 426//426
f 422//422 383//383 396//396
f 428//428 423//423 422//422
f 424//424 423//423 428//428
f 431//431 425//425 424//424
f 431//431 429//429 430//430
f 405//405 404//404 433//433
f 426//426 395//395 405//405
f 435//435 427//427 426//426
f 437//437 428//428 427//427
f 437//437 435//435 436//436
f 439//439 429//429 428//428
f 439//439 437//437 438//438
f 430//430 429//429 439//439
f 441//441 432//432 430//430
f 433//433 404//404 410//410
f 443//443 434//434 433//433
f 444//444 435//435 434//434
f 436//436 435//435 444//444
f 446//446 438//438 436//436
f 447//447 440//440 438//438
f 441//441 440//440 447//447
f 449//449 442//442 410//410
f 443//443 442//442 449//449
f 452//452 444//444 443//443
f 452//452 450//450 451//451
f 445//445 444//444 452//452
f 454//454 446//446 445//445
f 447//447 446//446 454//454
f 448//448 447//447 455//455
f 457//457 449//449 416//416
f 458//458 450//450 449//449
f 451//451 450//450 458//458
f 460//460 453//453 451//451
f 454//454 453//453 460//460
f 455//455 454//454 461//461
f 456//456 455//455 462//462
f 465//465 16//16 17//17
f 467//467 466//466 17//17
f 468//468 467//467 18//18
f 469//469 468//468 19//19
f 464//464 469//469 20//20
f 470//470 465//465 466//466
f 472//472 471//471 466//466
f 473//473 472//472 467//467
f 474//474 473//473 468//468
f 475//475 471//471 472//472
f 477//477 476//476 472//472
f 478//478 477//477 473//473
f 479//479 476//476 477//477
f 481//481 480//480 477//477
f 482//482 480//480 481//481
f 484//484 42//42 43//43
f 485//485 43//43 16//16
f 486//486 484//484 485//485
f 470//470 487//487 485//485
f 488//488 487//487 470//470
f 490//490 489//489 486//486
f 490//490 487//487 488//488
f 475//475 491//491 488//488
f 492//492 491//491 475//475
f 493//493 489//489 490//490
f 495//495 494//494 490//490
f 495//495 491//491 492//492
f 479//479 496//496 492//492
f 497//497 496//496 479//479
f 498//498 494//494 495//495
f 500//500 499//499 495//495
f 500//500 496//496 497//497
f 482//482 501//501 497//497
f 502//502 501//501 482//482
f 503//503 499//499 500//500
f 505//505 504//504 500//500
f 505//505 501//501 502//502
f 512//512 511//511 96//96
f 507//507 512//512 97//97
f 513//513 511//511 512//512
f 508//508 514//514 512//512
f 515//515 514//514 508//508
f 510//510 516//516 515//515
f 511//511 518//518 106//106
f 513//513 519//519 518//518
f 520//520 519//519 513//513
f 521//521 519//519 520//520
f 515//515 522//522 520//520
f 523//523 521//521 522//522
f 516//516 524//524 522//522
f 517//517 525//525 524//524
f 527//527 113//113 106//106
f 528//528 527//527 518//518
f 521//521 529//529 528//528
f 523//523 530//530 529//529
f 531//531 530//530 523//523
f 525//525 532//532 531//531
f 526//526 533//533 532//532
f 534//534 121//121 113//113
f 535//535 534//534 527//527
f 536//536 535//535 528//528
f 530//530 537//537 536//536
f 538//538 537//537 530//530
f 539//539 537//537 538//538
f 532//532 540//540 538//538
f 541//541 540//540 532//532
f 542//542 128//128 129//129
f 543//543 129//129 121//121
f 544//544 543//543 534//534
f 545//545 544//544 535//535
f 546//546 545//545 536//536
f 539//539 547//547 546//546
f 548//548 547//547 539//539
f 541//541 549//549 548//548
f 551//551 550//550 152//152
f 552//552 551//551 153//153
f 552//552 154//154 42//42
f 553//553 550//550 551//551
f 555//555 554//554 551//551
f 555//555 552//552 484//484
f 556//556 554//554 555//555
f 557//557 555//555 486//486
f 558//558 556//556 557//557
f 493//493 559//559 557//557
f 560//560 559//559 493//493
f 561//561 559//559 560//560
f 498//498 562//562 560//560
f 563//563 562//562 498//498
f 564//564 562//562 563//563
f 503//503 565//565 563//563
f 566//566 565//565 503//503
f 505//505 567//567 566//566
f 506//506 568//568 567//567
f 569//569 565//565 566//566
f 570//570 566//566 567//567
f 572//572 571//571 567//567
f 573//573 571//571 572//572
f 575//575 178//178 152//152
f 553//553 576//576 575//575
f 577//577 576//576 553//553
f 578//578 576//576 577//577
f 556//556 579//579 577//577
f 580//580 578//578 579//579
f 558//558 581//581 579//579
f 582//582 581//581 558//558
f 583//583 581//581 582//582
f 561//561 584//584 582//582
f 585//585 584//584 561//561
f 586//586 583//583 584//584
f 587//587 584//584 585//585
f 564//564 588//588 585//585
f 589//589 588//588 564//564
f 590//590 587//587 588//588
f 591//591 588//588 589//589
f 569//569 592//592 589//589
f 593//593 592//592 569//569
f 594//594 593//593 570//570
f 595//595 592//592 593//593
f 596//596 593//593 594//594
f 573//573 597//597 594//594
f 598//598 597//597 573//573
f 599//599 507//507 90//90
f 599//599 197//197 178//178
f 600//600 508//508 507//507
f 600//600 599//599 575//575
f 601//601 509//509 508//508
f 578//578 601//601 600//600
f 510//510 509//509 601//601
f 580//580 602//602 601//601
f 603//603 602//602 580//580
f 604//604 602//602 603//603
f 583//583 605//605 603//603
f 606//606 604//604 605//605
f 586//586 607//607 605//605
f 608//608 607//607 586//586
f 609//609 607//607 608//608
f 590//590 610//610 608//608
f 611//611 610//610 590//590
f 612//612 611//611 591//591
f 613//613 611//611 612//612
f 595//595 614//614 612//612
f 615//615 614//614 595//595
f 616//616 615//615 596//596
f 617//617 616//616 597//597
f 618//618 516//516 510//510
f 517//517 516//516 618//618
f 604//604 619//619 618//618
f 606//606 620//620 619//619
f 621//621 620//620 606//606
f 609//609 622//622 621//621
f 623//623 622//622 609//609
f 624//624 623//623 610//610
f 625//625 623//623 624//624
f 613//613 626//626 624//624
f 627//627 626//626 613//613
f 628//628 525//525 517//517
f 526//526 525//525 628//628
f 620//620 629//629 628//628
f 630//630 629//629 620//620
f 631//631 629//629 630//630
f 622//622 632//632 630//630
f 633//633 632//632 622//622
f 634//634 632//632 633//633
f 625//625 635//635 633//633
f 636//636 635//635 625//625
f 637//637 533//533 526//526
f 631//631 638//638 637//637
f 639//639 638//638 631//631
f 634//634 640//640 639//639
f 641//641 640//640 634//634
f 637//637 642//642 541//541
f 638//638 643//643 642//642
f 644//644 643//643 638//638
f 645//645 643//643 644//644
f 640//640 646//646 644//644
f 647//647 646//646 640//640
f 642//642 648//648 549//549
f 649//649 648//648 642//642
f 645//645 650//650 649//649
f 651//651 650//650 645//645
f 647//647 652//652 651//651
f 654//654 614//614 615//615
f 656//656 655//655 615//615
f 656//656 616//616 617//617
f 653//653 657//657 617//617
f 659//659 626//626 627//627
f 654//654 660//660 627//627
f 661//661 660//660 654//654
f 662//662 661//661 655//655
f 663//663 662//662 656//656
f 664//664 661//661 662//662
f 665//665 662//662 663//663
f 658//658 666//666 663//663
f 668//668 635//635 636//636
f 659//659 669//669 636//636
f 670//670 669//669 659//659
f 671//671 670//670 660//660
f 664//664 672//672 671//671
f 673//673 672//672 664//664
f 674//674 673//673 665//665
f 675//675 673//673 674//674
f 667//667 676//676 674//674
f 668//668 677//677 641//641
f 678//678 677//677 668//668
f 670//670 679//679 678//678
f 680//680 679//679 670//670
f 681//681 679//679 680//680
f 672//672 682//682 680//680
f 683//683 682//682 672//672
f 684//684 682//682 683//683
f 675//675 685//685 683//683
f 686//686 685//685 675//675
f 688//688 647//647 641//641
f 678//678 689//689 688//688
f 690//690 689//689 678//678
f 691//691 689//689 690//690
f 681//681 692//692 690//690
f 693//693 692//692 681//681
f 684//684 694//694 693//693
f 695//695 694//694 684//684
f 696//696 695//695 685//685
f 687//687 697//697 696//696
f 698//698 652//652 647//647
f 699//699 698//698 688//688
f 691//691 700//700 699//699
f 701//701 700//700 691//691
f 693//693 702//702 701//701
f 703//703 702//702 693//693
f 695//695 704//704 703//703
f 705//705 704//704 695//695
f 706//706 705//705 696//696
f 464//464 1//1 233//233
f 708//708 469//469 464//464
f 707//707 233//233 248//248
f 708//708 248//248 249//249
f 709//709 249//249 250//250
f 710//710 250//250 251//251
f 712//712 711//711 251//251
f 474//474 469//469 708//708
f 713//713 708//708 709//709
f 714//714 709//709 710//710
f 715//715 710//710 711//711
f 717//717 716//716 711//711
f 478//478 474//474 713//713
f 718//718 713//713 714//714
f 719//719 714//714 715//715
f 721//721 720//720 715//715
f 481//481 478//478 718//718
f 722//722 718//718 719//719
f 724//724 723//723 719//719
f 725//725 483//483 481//481
f 726//726 725//725 722//722
f 727//727 712//712 252//252
f 728//728 727//727 274//274
f 717//717 730//730 729//729
f 717//717 712//712 727//727
f 731//731 730//730 727//727
f 721//721 733//733 732//732
f 721//721 716//716 729//729
f 734//734 733//733 729//729
f 734//734 730//730 731//731
f 724//724 737//737 736//736
f 724//724 720//720 732//732
f 738//738 737//737 732//732
f 738//738 733//733 734//734
f 740//740 739//739 734//734
f 741//741 502//502 483//483
f 726//726 742//742 741//741
f 726//726 723//723 736//736
f 743//743 742//742 736//736
f 743//743 737//737 738//738
f 745//745 744//744 738//738
f 746//746 506//506 502//502
f 747//747 746//746 741//741
f 747//747 742//742 743//743
f 749//749 748//748 743//743
f 750//750 728//728 275//275
f 750//750 341//341 342//342
f 751//751 342//342 343//343
f 753//753 731//731 728//728
f 753//753 750//750 751//751
f 755//755 754//754 751//751
f 756//756 735//735 731//731
f 757//757 756//756 753//753
f 740//740 759//759 758//758
f 740//740 735//735 756//756
f 760//760 759//759 756//756
f 745//745 762//762 761//761
f 745//745 739//739 758//758
f 763//763 762//762 758//758
f 764//764 568//568 506//506
f 765//765 764//764 746//746
f 766//766 765//765 747//747
f 749//749 767//767 766//766
f 749//749 744//744 761//761
f 768//768 767//767 761//761
f 769//769 768//768 762//762
f 770//770 572//572 568//568
f 771//771 770//770 764//764
f 772//772 771//771 765//765
f 773//773 772//772 766//766
f 774//774 773//773 767//767
f 775//775 574//574 572//572
f 775//775 770//770 771//771
f 776//776 771//771 772//772
f 778//778 777//777 772//772
f 779//779 752//752 343//343
f 755//755 781//781 780//780
f 755//755 752//752 779//779
f 757//757 754//754 780//780
f 783//783 782//782 780//780
f 760//760 785//785 784//784
f 760//760 757//757 782//782
f 786//786 785//785 782//782
f 763//763 759//759 784//784
f 788//788 787//787 784//784
f 789//789 788//788 785//785
f 769//769 791//791 790//790
f 769//769 763//763 787//787
f 792//792 791//791 787//787
f 774//774 794//794 793//793
f 774//774 768//768 790//790
f 795//795 794//794 790//790
f 795//795 791//791 792//792
f 797//797 598//598 574//574
f 798//798 797//797 775//775
f 799//799 798//798 776//776
f 778//778 800//800 799//799
f 778//778 773//773 793//793
f 801//801 800//800 793//793
f 801//801 794//794 795//795
f 803//803 802//802 795//795
f 804//804 779//779 367//367
f 805//805 781//781 779//779
f 783//783 781//781 805//805
f 786//786 783//783 806//806
f 789//789 809//809 808//808
f 789//789 786//786 807//807
f 792//792 788//788 808//808
f 811//811 810//810 808//808
f 812//812 796//796 792//792
f 813//813 812//812 810//810
f 803//803 815//815 814//814
f 803//803 796//796 812//812
f 816//816 815//815 812//812
f 813//813 811//811 817//817
f 816//816 820//820 819//819
f 816//816 813//813 818//818
f 804//804 386//386 425//425
f 805//805 804//804 822//822
f 806//806 805//805 823//823
f 807//807 806//806 824//824
f 826//826 809//809 807//807
f 827//827 811//811 809//809
f 822//822 425//425 431//431
f 828//828 431//431 432//432
f 823//823 822//822 828//828
f 831//831 830//830 828//828
f 832//832 824//824 823//823
f 825//825 824//824 832//832
f 826//826 825//825 833//833
f 827//827 835//835 817//817
f 827//827 826//826 834//834
f 836//836 818//818 817//817
f 837//837 820//820 818//818
f 829//829 432//432 441//441
f 831//831 840//840 839//839
f 831//831 829//829 838//838
f 832//832 830//830 839//839
f 842//842 841//841 839//839
f 843//843 833//833 832//832
f 843//843 841//841 842//842
f 845//845 834//834 833//833
f 846//846 845//845 843//843
f 847//847 835//835 834//834
f 847//847 845//845 846//846
f 836//836 835//835 847//847
f 850//850 849//849 847//847
f 837//837 851//851 821//821
f 837//837 836//836 849//849
f 852//852 838//838 441//441
f 853//853 840//840 838//838
f 842//842 840//840 853//853
f 844//844 842//842 854//854
f 856//856 846//846 844//844
f 848//848 846//846 856//856
f 850//850 859//859 858//858
f 850//850 848//848 857//857
f 851//851 849//849 858//858
f 861//861 860//860 858//858
f 862//862 852//852 448//448
f 863//863 853//853 852//852
f 864//864 854//854 853//853
f 855//855 854//854 864//864
f 856//856 855//855 865//865
f 867//867 857//857 856//856
f 868//868 859//859 857//857
f 861//861 870//870 869//869
f 861//861 859//859 868//868
f 871//871 862//862 456//456
f 872//872 863//863 862//862
f 873//873 864//864 863//863
f 865//865 864//864 873//873
f 866//866 865//865 874//874
f 876//876 867//867 866//866
f 877//877 868//868 867//867
f 879//879 878//878 869//869
f 870//870 868//868 877//877
f 653//653 598//598 797//797
f 880//880 797//797 798//798
f 881//881 798//798 799//799
f 883//883 882//882 799//799
f 883//883 800//800 801//801
f 885//885 884//884 801//801
f 886//886 657//657 653//653
f 881//881 887//887 886//886
f 882//882 888//888 887//887
f 889//889 888//888 882//882
f 890//890 889//889 883//883
f 885//885 891//891 890//890
f 885//885 802//802 814//814
f 892//892 891//891 814//814
f 658//658 657//657 886//886
f 893//893 886//886 887//887
f 894//894 887//887 888//888
f 896//896 895//895 888//888
f 897//897 896//896 889//889
f 898//898 897//897 890//890
f 892//892 900//900 899//899
f 892//892 815//815 819//819
f 901//901 900//900 819//819
f 902//902 666//666 658//658
f 903//903 902//902 893//893
f 904//904 903//903 894//894
f 896//896 905//905 904//904
f 897//897 906//906 905//905
f 898//898 907//907 906//906
f 898//898 891//891 899//899
f 908//908 907//907 899//899
f 667//667 666//666 902//902
f 910//910 909//909 902//902
f 911//911 910//910 903//903
f 911//911 904//904 905//905
f 912//912 905//905 906//906
f 914//914 913//913 906//906
f 901//901 916//916 915//915
f 901//901 820//820 821//821
f 908//908 918//918 917//917
f 908//908 900//900 915//915
f 919//919 918//918 915//915
f 920//920 676//676 667//667
f 921//921 920//920 909//909
f 922//922 921//921 910//910
f 912//912 923//923 922//922
f 913//913 924//924 923//923
f 914//914 925//925 924//924
f 914//914 907//907 917//917
f 926//926 925//925 917//917
f 927//927 920//920 921//921
f 929//929 928//928 921//921
f 929//929 922//922 923//923
f 931//931 930//930 923//923
f 919//919 934//934 933//933
f 919//919 916//916 932//932
f 935//935 686//686 676//676
f 925//925 937//937 936//936
f 926//926 938//938 937//937
f 926//926 918//918 933//933
f 687//687 686//686 935//935
f 927//927 939//939 935//935
f 940//940 939//939 927//927
f 941//941 940//940 928//928
f 930//930 942//942 941//941
f 931//931 943//943 942//942
f 931//931 924//924 936//936
f 944//944 943//943 936//936
f 934//934 947//947 946//946
f 934//934 932//932 945//945
f 938//938 949//949 948//948
f 938//938 933//933 946//946
f 950//950 949//949 946//946
f 951//951 697//697 687//687
f 952//952 951//951 939//939
f 941//941 953//953 952//952
f 954//954 953//953 941//941
f 943//943 955//955 954//954
f 944//944 956//956 955//955
f 944//944 937//937 948//948
f 959//959 958//958 948//948
f 950//950 960//960 959//959
f 950//950 947//947 957//957
f 961//961 706//706 697//697
f 952//952 962//962 961//961
f 953//953 963//963 962//962
f 964//964 963//963 953//953
f 965//965 964//964 954//954
f 956//956 966//966 965//965
f 966//966 956//956 948//948
f 967//967 916//916 821//821
f 967//967 968//968 932//932
f 967//967 851//851 860//860
f 968//968 969//969 945//945
f 968//968 860//860 869//869
f 970//970 947//947 945//945
f 971//971 969//969 869//869
f 970//970 972//972 957//957
f 970//970 969//969 971//971
f 81//81 80//80 974//974
f 976//976 82//82 81//81
f 977//977 83//83 82//82
f 84//84 83//83 977//977
f 978//978 973//973 79//79
f 86//86 85//85 979//979
f 980//980 974//974 80//80
f 975//975 974//974 981//981
f 983//983 976//976 975//975
f 984//984 977//977 976//976
f 985//985 978//978 977//977
f 980//980 979//979 986//986
f 980//980 987//987 981//981
f 988//988 982//982 981//981
f 983//983 982//982 989//989
f 991//991 984//984 983//983
f 992//992 985//985 984//984
f 994//994 987//987 986//986
f 988//988 987//987 994//994
f 988//988 995//995 989//989
f 996//996 990//990 989//989
f 991//991 990//990 997//997
f 999//999 992//992 991//991
f 994//994 993//993 1000//1000
f 1002//1002 995//995 994//994
f 996//996 995//995 1002//1002
f 996//996 1003//1003 997//997
f 1004//1004 998//998 997//997
f 999//999 998//998 1005//1005
f 1002//1002 1001//1001 1007//1007
f 1009//1009 1003//1003 1002//1002
f 1004//1004 1003//1003 1009//1009
f 1004//1004 1010//1010 1005//1005
f 1011//1011 1006//1006 1005//1005
f 1009//1009 1008//1008 1012//1012
f 1014//1014 1010//1010 1009//1009
f 1011//1011 1010//1010 1014//1014
f 1018//1018 124//124 123//123
f 124//124 1018//1018 1016//1016
f 125//125 1019//1019 1017//1017
f 1020//1020 1019//1019 125//125
f 1021//1021 1020//1020 126//126
f 129//129 128//128 1022//1022
f 1023//1023 1021//1021 127//127
f 1018//1018 1017//1017 1025//1025
f 1018//1018 1026//1026 1024//1024
f 1019//1019 1027//1027 1025//1025
f 1028//1028 1026//1026 1025//1025
f 1029//1029 1027//1027 1019//1019
f 1030//1030 1029//1029 1020//1020
f 1031//1031 1030//1030 1021//1021
f 1033//1033 1032//1032 1024//1024
f 1028//1028 1027//1027 1034//1034
f 1028//1028 1035//1035 1033//1033
f 1029//1029 1036//1036 1034//1034
f 1037//1037 1036//1036 1029//1029
f 1038//1038 1037//1037 1030//1030
f 1033//1033 1040//1040 1039//1039
f 1035//1035 1034//1034 1041//1041
f 1035//1035 1042//1042 1040//1040
f 1036//1036 1043//1043 1041//1041
f 1044//1044 1042//1042 1041//1041
f 1037//1037 1045//1045 1043//1043
f 1046//1046 1044//1044 1043//1043
f 1047//1047 1045//1045 1037//1037
f 1042//1042 1049//1049 1048//1048
f 1044//1044 1050//1050 1049//1049
f 1046//1046 1045//1045 1051//1051
f 1046//1046 1052//1052 1050//1050
f 1047//1047 1053//1053 1051//1051
f 1054//1054 1052//1052 1051//1051
f 1050//1050 1056//1056 1055//1055
f 1057//1057 1056//1056 1050//1050
f 1054//1054 1058//1058 1057//1057
f 1060//1060 229//229 228//228
f 230//230 229//229 1060//1060
f 1061//1061 979//979 85//85
f 1062//1062 1059//1059 228//228
f 232//232 122//122 1016//1016
f 1063//1063 1062//1062 231//231
f 1060//1060 1059//1059 1064//1064
f 1066//1066 1061//1061 1060//1060
f 1066//1066 986//986 979//979
f 1062//1062 1067//1067 1064//1064
f 1068//1068 1065//1065 1064//1064
f 1069//1069 1063//1063 1016//1016
f 1069//1069 1067//1067 1062//1062
f 1066//1066 1065//1065 1070//1070
f 1071//1071 993//993 986//986
f 1068//1068 1067//1067 1072//1072
f 1068//1068 1073//1073 1070//1070
f 1074//1074 1069//1069 1024//1024
f 1069//1069 1074//1074 1072//1072
f 1071//1071 1070//1070 1075//1075
f 1071//1071 1076//1076 1000//1000
f 1077//1077 1001//1001 1000//1000
f 1073//1073 1072//1072 1078//1078
f 1073//1073 1079//1079 1075//1075
f 1080//1080 1076//1076 1075//1075
f 1074//1074 1032//1032 1039//1039
f 1074//1074 1081//1081 1078//1078
f 1082//1082 1079//1079 1078//1078
f 1083//1083 1081//1081 1039//1039
f 1077//1077 1076//1076 1084//1084
f 1077//1077 1085//1085 1007//1007
f 1086//1086 1008//1008 1007//1007
f 1080//1080 1079//1079 1087//1087
f 1080//1080 1088//1088 1084//1084
f 1089//1089 1085//1085 1084//1084
f 1082//1082 1081//1081 1090//1090
f 1082//1082 1091//1091 1087//1087
f 1083//1083 1040//1040 1048//1048
f 1083//1083 1092//1092 1090//1090
f 1093//1093 1092//1092 1048//1048
f 1086//1086 1085//1085 1094//1094
f 1086//1086 1095//1095 1012//1012
f 1096//1096 1013//1013 1012//1012
f 1096//1096 1097//1097 1014//1014
f 1097//1097 1098//1098 1015//1015
f 1088//1088 1087//1087 1099//1099
f 1089//1089 1088//1088 1100//1100
f 1089//1089 1101//1101 1094//1094
f 1102//1102 1095//1095 1094//1094
f 1091//1091 1090//1090 1103//1103
f 1091//1091 1104//1104 1099//1099
f 1105//1105 1100//1100 1099//1099
f 1092//1092 1106//1106 1103//1103
f 1107//1107 1104//1104 1103//1103
f 1093//1093 1049//1049 1055//1055
f 1093//1093 1108//1108 1106//1106
f 1109//1109 1107//1107 1106//1106
f 1110//1110 1108//1108 1055//1055
f 1057//1057 1111//1111 1110//1110
f 1058//1058 1112//1112 1111//1111
f 1096//1096 1095//1095 1113//1113
f 1097//1097 1096//1096 1114//1114
f 1116//1116 1098//1098 1097//1097
f 1101//1101 1100//1100 1117//1117
f 1102//1102 1101//1101 1118//1118
f 1102//1102 1119//1119 1113//1113
f 1120//1120 1114//1114 1113//1113
f 1121//1121 1115//1115 1114//1114
f 1105//1105 1104//1104 1122//1122
f 1105//1105 1123//1123 1117//1117
f 1124//1124 1118//1118 1117//1117
f 1125//1125 1119//1119 1118//1118
f 1107//1107 1126//1126 1122//1122
f 1127//1127 1123//1123 1122//1122
f 1128//1128 1124//1124 1123//1123
f 1109//1109 1108//1108 1129//1129
f 1109//1109 1130//1130 1126//1126
f 1131//1131 1127//1127 1126//1126
f 1110//1110 1132//1132 1129//1129
f 1133//1133 1130//1130 1129//1129
f 1111//1111 1134//1134 1132//1132
f 1135//1135 1133//1133 1132//1132
f 1136//1136 1134//1134 1111//1111
f 1116//1116 1115//1115 1137//1137
f 1120//1120 1119//1119 1139//1139
f 1121//1121 1120//1120 1140//1140
f 1121//1121 1141//1141 1137//1137
f 1142//1142 1138//1138 1137//1137
f 1125//1125 1124//1124 1143//1143
f 1125//1125 1144//1144 1139//1139
f 1145//1145 1140//1140 1139//1139
f 1146//1146 1141//1141 1140//1140
f 1146//1146 1147//1147 1142//1142
f 1128//1128 1127//1127 1148//1148
f 1128//1128 1149//1149 1143//1143
f 1150//1150 1144//1144 1143//1143
f 1131//1131 1130//1130 1151//1151
f 1131//1131 1152//1152 1148//1148
f 1153//1153 1149//1149 1148//1148
f 1133//1133 1154//1154 1151//1151
f 1155//1155 1152//1152 1151//1151
f 1135//1135 1134//1134 1156//1156
f 1135//1135 1157//1157 1154//1154
f 1158//1158 1155//1155 1154//1154
f 1136//1136 1159//1159 1156//1156
f 1160//1160 1157//1157 1156//1156
f 1160//1160 1161//1161 1158//1158
f 1145//1145 1144//1144 1162//1162
f 1164//1164 1146//1146 1145//1145
f 1165//1165 1147//1147 1146//1146
f 1150//1150 1149//1149 1166//1166
f 1150//1150 1167//1167 1162//1162
f 1168//1168 1163//1163 1162//1162
f 1168//1168 1169//1169 1164//1164
f 1170//1170 1165//1165 1164//1164
f 1153//1153 1152//1152 1171//1171
f 1153//1153 1172//1172 1166//1166
f 1173//1173 1167//1167 1166//1166
f 1173//1173 1174//1174 1168//1168
f 1175//1175 1169//1169 1168//1168
f 1155//1155 1176//1176 1171//1171
f 1177//1177 1172//1172 1171//1171
f 1177//1177 1178//1178 1173//1173
f 1179//1179 1174//1174 1173//1173
f 1180//1180 1176//1176 1155//1155
f 1180//1180 1181//1181 1177//1177
f 1182//1182 1178//1178 1177//1177
f 1183//1183 1180//1180 1158//1158
f 1184//1184 1181//1181 1180//1180
f 1170//1170 1169//1169 1185//1185
f 1175//1175 1174//1174 1187//1187
f 1175//1175 1188//1188 1185//1185
f 1189//1189 1186//1186 1185//1185
f 1179//1179 1178//1178 1190//1190
f 1179//1179 1191//1191 1187//1187
f 1192//1192 1188//1188 1187//1187
f 1192//1192 1193//1193 1189//1189
f 1182//1182 1181//1181 1194//1194
f 1182//1182 1195//1195 1190//1190
f 1196//1196 1191//1191 1190//1190
f 1196//1196 1197//1197 1192//1192
f 1197//1197 1198//1198 1193//1193
f 1184//1184 1199//1199 1194//1194
f 1200//1200 1195//1195 1194//1194
f 1200//1200 1201//1201 1196//1196
f 1201//1201 1202//1202 1197//1197
f 1202//1202 1203//1203 1198//1198
f 311//311 79//79 973//973
f 1205//1205 1204//1204 973//973
f 312//312 311//311 1204//1204
f 313//313 312//312 1205//1205
f 314//314 313//313 1206//1206
f 315//315 314//314 1207//1207
f 1209//1209 316//316 315//315
f 1210//1210 317//317 316//316
f 1211//1211 318//318 317//317
f 1205//1205 978//978 985//985
f 1206//1206 1205//1205 1212//1212
f 1207//1207 1206//1206 1213//1213
f 1208//1208 1207//1207 1214//1214
f 1216//1216 1209//1209 1208//1208
f 1217//1217 1218//1218 1216//1216
f 1210//1210 1209//1209 1216//1216
f 1219//1219 1211//1211 1210//1210
f 1212//1212 985//985 992//992
f 1213//1213 1212//1212 1220//1220
f 1214//1214 1213//1213 1221//1221
f 1223//1223 1215//1215 1214//1214
f 1224//1224 1225//1225 1223//1223
f 1217//1217 1215//1215 1223//1223
f 1226//1226 1218//1218 1217//1217
f 1219//1219 1218//1218 1226//1226
f 1220//1220 992//992 999//999
f 1221//1221 1220//1220 1228//1228
f 1230//1230 1222//1222 1221//1221
f 1231//1231 1232//1232 1230//1230
f 1224//1224 1222//1222 1230//1230
f 1233//1233 1225//1225 1224//1224
f 1226//1226 1225//1225 1233//1233
f 1235//1235 1227//1227 1226//1226
f 1236//1236 1228//1228 999//999
f 1237//1237 1229//1229 1228//1228
f 1238//1238 1236//1236 1006//1006
f 1238//1238 1239//1239 1237//1237
f 1231//1231 1229//1229 1237//1237
f 1240//1240 1232//1232 1231//1231
f 1233//1233 1232//1232 1240//1240
f 1242//1242 1234//1234 1233//1233
f 1243//1243 1238//1238 1011//1011
f 1244//1244 1239//1239 1238//1238
f 1240//1240 1239//1239 1244//1244
f 1246//1246 1241//1241 1240//1240
f 1247//1247 417//417 318//318
f 418//418 417//417 1247//1247
f 419//419 418//418 1248//1248
f 1250//1250 420//420 419//419
f 1251//1251 421//421 420//420
f 1252//1252 1247//1247 1211//1211
f 1248//1248 1247//1247 1252//1252
f 1254//1254 1249//1249 1248//1248
f 1255//1255 1256//1256 1254//1254
f 1250//1250 1249//1249 1254//1254
f 1257//1257 1251//1251 1250//1250
f 1258//1258 1252//1252 1219//1219
f 1259//1259 1253//1253 1252//1252
f 1255//1255 1253//1253 1259//1259
f 1261//1261 1256//1256 1255//1255
f 1257//1257 1256//1256 1261//1261
f 1263//1263 1264//1264 1235//1235
f 1258//1258 1227//1227 1235//1235
f 1265//1265 1259//1259 1258//1258
f 1266//1266 1267//1267 1265//1265
f 1260//1260 1259//1259 1265//1265
f 1268//1268 1261//1261 1260//1260
f 1269//1269 1270//1270 1268//1268
f 1262//1262 1261//1261 1268//1268
f 1272//1272 1273//1273 1242//1242
f 1263//1263 1234//1234 1242//1242
f 1274//1274 1264//1264 1263//1263
f 1275//1275 1276//1276 1274//1274
f 1266//1266 1264//1264 1274//1274
f 1277//1277 1267//1267 1266//1266
f 1269//1269 1267//1267 1277//1277
f 1279//1279 1270//1270 1269//1269
f 1271//1271 1270//1270 1279//1279
f 1282//1282 1243//1243 1015//1015
f 1283//1283 1244//1244 1243//1243
f 1284//1284 1245//1245 1244//1244
f 1284//1284 1285//1285 1246//1246
f 1272//1272 1241//1241 1246//1246
f 1286//1286 1273//1273 1272//1272
f 1287//1287 1288//1288 1286//1286
f 1275//1275 1273//1273 1286//1286
f 1289//1289 1276//1276 1275//1275
f 1290//1290 1277//1277 1276//1276
f 1291//1291 1292//1292 1290//1290
f 1278//1278 1277//1277 1290//1290
f 1293//1293 1279//1279 1278//1278
f 1294//1294 1295//1295 1293//1293
f 1280//1280 1279//1279 1293//1293
f 1296//1296 1297//1297 1295//1295
f 1281//1281 1280//1280 1295//1295
f 1301//1301 1282//1282 1098//1098
f 1283//1283 1282//1282 1301//1301
f 1303//1303 1284//1284 1283//1283
f 1304//1304 1285//1285 1284//1284
f 1305//1305 1306//1306 1303//1303
f 1306//1306 1307//1307 1304//1304
f 1287//1287 1285//1285 1304//1304
f 1308//1308 1288//1288 1287//1287
f 1309//1309 1289//1289 1288//1288
f 1310//1310 1311//1311 1308//1308
f 1311//1311 1312//1312 1309//1309
f 1291//1291 1289//1289 1309//1309
f 1313//1313 1292//1292 1291//1291
f 1314//1314 1315//1315 1312//1312
f 1315//1315 1316//1316 1313//1313
f 1294//1294 1292//1292 1313//1313
f 1317//1317 1318//1318 1316//1316
f 1296//1296 1294//1294 1316//1316
f 1319//1319 1297//1297 1296//1296
f 1320//1320 1321//1321 1319//1319
f 1298//1298 1297//1297 1319//1319
f 1322//1322 1323//1323 1321//1321
f 1299//1299 1298//1298 1321//1321
f 1324//1324 1300//1300 1299//1299
f 1325//1325 1301//1301 1116//1116
f 1326//1326 1302//1302 1301//1301
f 1327//1327 1325//1325 1138//1138
f 1327//1327 1328//1328 1326//1326
f 1305//1305 1302//1302 1326//1326
f 1329//1329 1306//1306 1305//1305
f 1330//1330 1307//1307 1306//1306
f 1331//1331 1327//1327 1142//1142
f 1332//1332 1328//1328 1327//1327
f 1332//1332 1333//1333 1329//1329
f 1333//1333 1334//1334 1330//1330
f 1310//1310 1307//1307 1330//1330
f 1335//1335 1311//1311 1310//1310
f 1336//1336 1337//1337 1335//1335
f 1314//1314 1311//1311 1335//1335
f 1338//1338 1315//1315 1314//1314
f 1339//1339 1340//1340 1338//1338
f 1317//1317 1315//1315 1338//1338
f 1341//1341 1318//1318 1317//1317
f 1342//1342 1343//1343 1341//1341
f 1320//1320 1318//1318 1341//1341
f 1344//1344 1345//1345 1343//1343
f 1322//1322 1320//1320 1343//1343
f 1346//1346 1323//1323 1322//1322
f 1348//1348 1345//1345 1344//1344
f 1348//1348 1349//1349 1346//1346
f 1324//1324 1323//1323 1346//1346
f 457//457 421//421 1251//1251
f 458//458 457//457 1350//1350
f 459//459 458//458 1351//1351
f 460//460 459//459 1352//1352
f 1354//1354 461//461 460//460
f 1355//1355 462//462 461//461
f 1356//1356 463//463 462//462
f 1350//1350 1251//1251 1257//1257
f 1351//1351 1350//1350 1357//1357
f 1359//1359 1352//1352 1351//1351
f 1360//1360 1361//1361 1359//1359
f 1353//1353 1352//1352 1359//1359
f 1362//1362 1354//1354 1353//1353
f 1363//1363 1355//1355 1354//1354
f 1364//1364 1356//1356 1355//1355
f 1357//1357 1257//1257 1262//1262
f 1366//1366 1358//1358 1357//1357
f 1360//1360 1358//1358 1366//1366
f 1368//1368 1361//1361 1360//1360
f 1362//1362 1361//1361 1368//1368
f 1370//1370 1363//1363 1362//1362
f 1371//1371 1364//1364 1363//1363
f 1372//1372 1365//1365 1262//1262
f 1271//1271 1373//1373 1372//1372
f 1366//1366 1365//1365 1372//1372
f 1367//1367 1366//1366 1373//1373
f 1375//1375 1368//1368 1367//1367
f 1376//1376 1377//1377 1375//1375
f 1369//1369 1368//1368 1375//1375
f 1378//1378 1379//1379 1377//1377
f 1370//1370 1369//1369 1377//1377
f 1380//1380 1371//1371 1370//1370
f 1381//1381 1373//1373 1271//1271
f 1281//1281 1382//1382 1381//1381
f 1374//1374 1373//1373 1381//1381
f 1376//1376 1374//1374 1382//1382
f 1378//1378 1376//1376 1383//1383
f 1385//1385 1379//1379 1378//1378
f 1386//1386 1387//1387 1385//1385
f 1380//1380 1379//1379 1385//1385
f 1388//1388 1382//1382 1281//1281
f 1298//1298 1389//1389 1388//1388
f 1383//1383 1382//1382 1388//1388
f 1390//1390 1389//1389 1298//1298
f 1390//1390 1384//1384 1383//1383
f 1391//1391 1390//1390 1299//1299
f 1386//1386 1384//1384 1390//1390
f 1392//1392 1331//1331 1147//1147
f 1332//1332 1331//1331 1392//1392
f 1333//1333 1332//1332 1393//1393
f 1395//1395 1334//1334 1333//1333
f 1170//1170 1396//1396 1392//1392
f 1396//1396 1397//1397 1393//1393
f 1398//1398 1394//1394 1393//1393
f 1398//1398 1399//1399 1395//1395
f 1336//1336 1334//1334 1395//1395
f 1400//1400 1337//1337 1336//1336
f 1401//1401 1402//1402 1398//1398
f 1403//1403 1399//1399 1398//1398
f 1403//1403 1404//1404 1400//1400
f 1339//1339 1337//1337 1400//1400
f 1405//1405 1340//1340 1339//1339
f 1406//1406 1407//1407 1403//1403
f 1408//1408 1404//1404 1403//1403
f 1408//1408 1409//1409 1405//1405
f 1342//1342 1340//1340 1405//1405
f 1410//1410 1411//1411 1408//1408
f 1412//1412 1409//1409 1408//1408
f 1412//1412 1344//1344 1342//1342
f 1413//1413 1414//1414 1412//1412
f 1414//1414 1347//1347 1344//1344
f 1396//1396 1170//1170 1186//1186
f 1416//1416 1397//1397 1396//1396
f 1189//1189 1417//1417 1415//1415
f 1417//1417 1418//1418 1416//1416
f 1401//1401 1397//1397 1416//1416
f 1419//1419 1402//1402 1401//1401
f 1420//1420 1417//1417 1189//1189
f 1421//1421 1418//1418 1417//1417
f 1421//1421 1422//1422 1419//1419
f 1406//1406 1402//1402 1419//1419
f 1423//1423 1407//1407 1406//1406
f 1424//1424 1420//1420 1193//1193
f 1425//1425 1421//1421 1420//1420
f 1426//1426 1422//1422 1421//1421
f 1426//1426 1427//1427 1423//1423
f 1410//1410 1407//1407 1423//1423
f 1428//1428 1411//1411 1410//1410
f 1429//1429 1424//1424 1198//1198
f 1430//1430 1425//1425 1424//1424
f 1431//1431 1426//1426 1425//1425
f 1432//1432 1427//1427 1426//1426
f 1432//1432 1433//1433 1428//1428
f 1413//1413 1411//1411 1428//1428
f 1434//1434 1022//1022 128//128
f 1434//1434 1435//1435 1023//1023
f 543//543 1435//1435 1434//1434
f 544//544 1436//1436 1435//1435
f 545//545 1437//1437 1436//1436
f 546//546 1438//1438 1437//1437
f 547//547 1439//1439 1438//1438
f 1440//1440 1439//1439 547//547
f 1441//1441 1440//1440 548//548
f 1435//1435 1442//1442 1031//1031
f 1436//1436 1443//1443 1442//1442
f 1437//1437 1444//1444 1443//1443
f 1438//1438 1445//1445 1444//1444
f 1447//1447 1445//1445 1438//1438
f 1447//1447 1448//1448 1446//1446
f 1440//1440 1448//1448 1447//1447
f 1449//1449 1448//1448 1440//1440
f 1442//1442 1450//1450 1038//1038
f 1443//1443 1451//1451 1450//1450
f 1444//1444 1452//1452 1451//1451
f 1453//1453 1452//1452 1444//1444
f 1446//1446 1454//1454 1453//1453
f 1455//1455 1454//1454 1446//1446
f 1449//1449 1456//1456 1455//1455
f 1450//1450 1457//1457 1047//1047
f 1451//1451 1458//1458 1457//1457
f 1460//1460 1458//1458 1451//1451
f 1460//1460 1461//1461 1459//1459
f 1462//1462 1460//1460 1452//1452
f 1462//1462 1463//1463 1461//1461
f 1454//1454 1463//1463 1462//1462
f 1464//1464 1463//1463 1454//1454
f 1465//1465 1464//1464 1455//1455
f 1466//1466 1053//1053 1047//1047
f 1467//1467 1054//1054 1053//1053
f 1468//1468 1466//1466 1457//1457
f 1468//1468 1469//1469 1467//1467
f 1459//1459 1469//1469 1468//1468
f 1470//1470 1469//1469 1459//1459
f 1471//1471 1470//1470 1461//1461
f 1472//1472 1471//1471 1463//1463
f 1473//1473 1058//1058 1054//1054
f 1474//1474 1473//1473 1467//1467
f 1470//1470 1475//1475 1474//1474
f 1476//1476 1475//1475 1470//1470
f 648//648 1477//1477 1441//1441
f 1478//1478 1477//1477 648//648
f 1479//1479 1478//1478 649//649
f 651//651 1480//1480 1479//1479
f 1481//1481 1480//1480 651//651
f 1482//1482 1449//1449 1441//1441
f 1478//1478 1483//1483 1482//1482
f 1485//1485 1483//1483 1478//1478
f 1485//1485 1486//1486 1484//1484
f 1480//1480 1486//1486 1485//1485
f 1487//1487 1486//1486 1480//1480
f 1488//1488 1456//1456 1449//1449
f 1489//1489 1488//1488 1482//1482
f 1484//1484 1490//1490 1489//1489
f 1491//1491 1490//1490 1484//1484
f 1487//1487 1492//1492 1491//1491
f 1465//1465 1494//1494 1493//1493
f 1488//1488 1494//1494 1465//1465
f 1496//1496 1494//1494 1488//1488
f 1496//1496 1497//1497 1495//1495
f 1490//1490 1497//1497 1496//1496
f 1499//1499 1497//1497 1490//1490
f 1499//1499 1500//1500 1498//1498
f 1492//1492 1500//1500 1499//1499
f 1472//1472 1503//1503 1502//1502
f 1493//1493 1503//1503 1472//1472
f 1504//1504 1503//1503 1493//1493
f 1495//1495 1505//1505 1504//1504
f 1506//1506 1505//1505 1495//1495
f 1498//1498 1507//1507 1506//1506
f 1509//1509 1507//1507 1498//1498
f 1509//1509 1510//1510 1508//1508
f 1501//1501 1510//1510 1509//1509
f 1512//1512 1112//1112 1058//1058
f 1513//1513 1512//1512 1473//1473
f 1514//1514 1513//1513 1474//1474
f 1476//1476 1515//1515 1514//1514
f 1502//1502 1515//1515 1476//1476
f 1517//1517 1515//1515 1502//1502
f 1517//1517 1518//1518 1516//1516
f 1519//1519 1517//1517 1503//1503
f 1519//1519 1520//1520 1518//1518
f 1505//1505 1520//1520 1519//1519
f 1522//1522 1520//1520 1505//1505
f 1522//1522 1523//1523 1521//1521
f 1507//1507 1523//1523 1522//1522
f 1508//1508 1524//1524 1523//1523
f 1526//1526 1524//1524 1508//1508
f 1526//1526 1527//1527 1525//1525
f 1511//1511 1527//1527 1526//1526
f 1512//1512 1531//1531 1136//1136
f 1513//1513 1532//1532 1531//1531
f 1534//1534 1532//1532 1513//1513
f 1534//1534 1535//1535 1533//1533
f 1536//1536 1534//1534 1514//1514
f 1536//1536 1537//1537 1535//1535
f 1516//1516 1537//1537 1536//1536
f 1539//1539 1537//1537 1516//1516
f 1539//1539 1540//1540 1538//1538
f 1542//1542 1539//1539 1518//1518
f 1542//1542 1543//1543 1540//1540
f 1521//1521 1543//1543 1542//1542
f 1543//1543 1544//1544 1541//1541
f 1546//1546 1543//1543 1521//1521
f 1546//1546 1547//1547 1544//1544
f 1524//1524 1547//1547 1546//1546
f 1547//1547 1548//1548 1545//1545
f 1525//1525 1548//1548 1547//1547
f 1551//1551 1548//1548 1525//1525
f 1551//1551 1552//1552 1549//1549
f 1528//1528 1552//1552 1551//1551
f 1552//1552 1553//1553 1550//1550
f 1529//1529 1553//1553 1552//1552
f 1530//1530 1554//1554 1553//1553
f 1531//1531 1555//1555 1159//1159
f 1556//1556 1160//1160 1159//1159
f 1557//1557 1161//1161 1160//1160
f 1558//1558 1555//1555 1531//1531
f 1558//1558 1559//1559 1556//1556
f 1533//1533 1559//1559 1558//1558
f 1560//1560 1557//1557 1556//1556
f 1561//1561 1559//1559 1533//1533
f 1561//1561 1562//1562 1560//1560
f 1563//1563 1561//1561 1535//1535
f 1563//1563 1564//1564 1562//1562
f 1538//1538 1564//1564 1563//1563
f 1566//1566 1564//1564 1538//1538
f 1566//1566 1567//1567 1565//1565
f 1541//1541 1567//1567 1566//1566
f 1569//1569 1567//1567 1541//1541
f 1569//1569 1570//1570 1568//1568
f 1545//1545 1570//1570 1569//1569
f 1574//1574 1570//1570 1545//1545
f 1574//1574 1575//1575 1571//1571
f 1549//1549 1575//1575 1574//1574
f 1575//1575 1576//1576 1572//1572
f 1550//1550 1576//1576 1575//1575
f 1577//1577 1573//1573 1572//1572
f 1578//1578 1576//1576 1550//1550
f 1578//1578 1579//1579 1577//1577
f 1554//1554 1579//1579 1578//1578
f 1580//1580 1481//1481 652//652
f 1581//1581 1580//1580 698//698
f 1582//1582 1581//1581 699//699
f 1583//1583 1582//1582 700//700
f 1584//1584 1583//1583 701//701
f 1585//1585 1584//1584 702//702
f 704//704 1586//1586 1585//1585
f 1587//1587 1586//1586 704//704
f 1588//1588 1587//1587 705//705
f 1580//1580 1589//1589 1487//1487
f 1581//1581 1590//1590 1589//1589
f 1592//1592 1590//1590 1581//1581
f 1592//1592 1593//1593 1591//1591
f 1583//1583 1593//1593 1592//1592
f 1584//1584 1594//1594 1593//1593
f 1596//1596 1594//1594 1584//1584
f 1596//1596 1597//1597 1595//1595
f 1586//1586 1597//1597 1596//1596
f 1598//1598 1597//1597 1586//1586
f 1588//1588 1599//1599 1598//1598
f 1589//1589 1600//1600 1492//1492
f 1601//1601 1600//1600 1589//1589
f 1591//1591 1602//1602 1601//1601
f 1604//1604 1602//1602 1591//1591
f 1604//1604 1605//1605 1603//1603
f 1594//1594 1605//1605 1604//1604
f 1595//1595 1606//1606 1605//1605
f 1607//1607 1606//1606 1595//1595
f 1598//1598 1608//1608 1607//1607
f 1609//1609 1608//1608 1598//1598
f 1610//1610 1500//1500 1492//1492
f 1610//1610 1611//1611 1501//1501
f 1601//1601 1611//1611 1610//1610
f 1612//1612 1611//1611 1601//1601
f 1603//1603 1613//1613 1612//1612
f 1615//1615 1613//1613 1603//1603
f 1615//1615 1616//1616 1614//1614
f 1606//1606 1616//1616 1615//1615
f 1618//1618 1616//1616 1606//1606
f 1618//1618 1619//1619 1617//1617
f 1608//1608 1619//1619 1618//1618
f 1620//1620 1510//1510 1501//1501
f 1620//1620 1621//1621 1511//1511
f 1612//1612 1621//1621 1620//1620
f 1622//1622 1621//1621 1612//1612
f 1614//1614 1623//1623 1622//1622
f 1625//1625 1623//1623 1614//1614
f 1625//1625 1626//1626 1624//1624
f 1617//1617 1626//1626 1625//1625
f 1627//1627 1626//1626 1617//1617
f 1628//1628 1527//1527 1511//1511
f 1628//1628 1629//1629 1528//1528
f 1622//1622 1629//1629 1628//1628
f 1630//1630 1529//1529 1528//1528
f 1623//1623 1630//1630 1629//1629
f 1630//1630 1631//1631 1530//1530
f 1624//1624 1631//1631 1630//1630
f 1632//1632 1631//1631 1624//1624
f 1633//1633 1554//1554 1530//1530
f 1557//1557 1634//1634 1183//1183
f 1634//1634 1635//1635 1184//1184
f 1560//1560 1636//1636 1634//1634
f 1636//1636 1637//1637 1635//1635
f 1562//1562 1639//1639 1636//1636
f 1640//1640 1637//1637 1636//1636
f 1640//1640 1641//1641 1638//1638
f 1643//1643 1639//1639 1562//1562
f 1643//1643 1644//1644 1640//1640
f 1565//1565 1644//1644 1643//1643
f 1645//1645 1641//1641 1640//1640
f 1645//1645 1646//1646 1642//1642
f 1648//1648 1644//1644 1565//1565
f 1648//1648 1649//1649 1645//1645
f 1568//1568 1649//1649 1648//1648
f 1650//1650 1646//1646 1645//1645
f 1650//1650 1651//1651 1647//1647
f 1653//1653 1649//1649 1568//1568
f 1653//1653 1654//1654 1650//1650
f 1571//1571 1654//1654 1653//1653
f 1655//1655 1651//1651 1650//1650
f 1655//1655 1654//1654 1571//1571
f 1655//1655 1656//1656 1652//1652
f 1656//1656 1655//1655 1572//1572
f 1635//1635 1657//1657 1199//1199
f 1657//1657 1658//1658 1200//1200
f 1659//1659 1201//1201 1200//1200
f 1660//1660 1202//1202 1201//1201
f 1661//1661 1203//1203 1202//1202
f 1662//1662 1657//1657 1635//1635
f 1662//1662 1663//1663 1658//1658
f 1638//1638 1663//1663 1662//1662
f 1664//1664 1659//1659 1658//1658
f 1665//1665 1660//1660 1659//1659
f 1666//1666 1661//1661 1660//1660
f 1667//1667 1663//1663 1638//1638
f 1667//1667 1668//1668 1664//1664
f 1642//1642 1668//1668 1667//1667
f 1669//1669 1665//1665 1664//1664
f 1670//1670 1666//1666 1665//1665
f 1671//1671 1668//1668 1642//1642
f 1671//1671 1672//1672 1669//1669
f 1647//1647 1672//1672 1671//1671
f 1673//1673 1670//1670 1669//1669
f 1674//1674 1672//1672 1647//1647
f 1674//1674 1675//1675 1673//1673
f 1652//1652 1675//1675 1674//1674
f 1689//1689 1687//1687 1686//1686
f 1689//1689 1678//1678 1677//1677
f 1691//1691 1689//1689 1688//1688
f 1691//1691 1679//1679 1678//1678
f 1693//1693 1691//1691 1690//1690
f 1693//1693 1680//1680 1679//1679
f 1696//1696 1693//1693 1692//1692
f 1696//1696 1695//1695 1681//1681
f 1696//1696 1682//1682 1680//1680
f 1683//1683 1300//1300 1324//1324
f 1684//1684 1683//1683 1697//1697
f 1701//1701 1699//1699 1698//1698
f 1701//1701 1685//1685 1684//1684
f 1704//1704 1701//1701 1700//1700
f 1704//1704 1703//1703 1686//1686
f 1704//1704 1687//1687 1685//1685
f 1706//1706 1703//1703 1702//1702
f 1706//1706 1688//1688 1686//1686
f 1709//1709 1706//1706 1705//1705
f 1690//1690 1688//1688 1706//1706
f 1713//1713 1708//1708 1707//1707
f 1713//1713 1714//1714 1709//1709
f 1692//1692 1690//1690 1709//1709
f 1718//1718 1711//1711 1710//1710
f 1719//1719 1712//1712 1711//1711
f 1719//1719 1720//1720 1713//1713
f 1721//1721 1714//1714 1713//1713
f 1721//1721 1720//1720 1694//1694
f 1721//1721 1695//1695 1692//1692
f 1723//1723 1348//1348 1347//1347
f 1723//1723 1724//1724 1349//1349
f 1697//1697 1324//1324 1349//1349
f 1725//1725 1726//1726 1723//1723
f 1727//1727 1724//1724 1723//1723
f 1727//1727 1726//1726 1698//1698
f 1727//1727 1699//1699 1697//1697
f 1729//1729 1726//1726 1725//1725
f 1729//1729 1700//1700 1698//1698
f 1732//1732 1729//1729 1728//1728
f 1732//1732 1731//1731 1702//1702
f 1732//1732 1703//1703 1700//1700
f 1735//1735 1731//1731 1730//1730
f 1735//1735 1705//1705 1702//1702
f 1740//1740 1734//1734 1733//1733
f 1741//1741 1735//1735 1734//1734
f 1741//1741 1740//1740 1707//1707
f 1741//1741 1708//1708 1705//1705
f 1742//1742 1736//1736 1573//1573
f 1742//1742 1743//1743 1737//1737
f 1743//1743 1744//1744 1738//1738
f 1745//1745 1739//1739 1738//1738
f 1745//1745 1744//1744 1710//1710
f 1746//1746 1740//1740 1739//1739
f 1746//1746 1745//1745 1711//1711
f 1746//1746 1712//1712 1707//1707
f 1747//1747 1742//1742 1577//1577
f 1715//1715 1747//1747 1579//1579
f 1747//1747 1748//1748 1743//1743
f 1716//1716 1748//1748 1747//1747
f 1749//1749 1744//1744 1743//1743
f 1749//1749 1748//1748 1716//1716
f 1749//1749 1717//1717 1710//1710
f 871//871 463//463 1356//1356
f 872//872 871//871 1750//1750
f 873//873 872//872 1751//1751
f 1753//1753 874//874 873//873
f 1754//1754 875//875 874//874
f 1755//1755 876//876 875//875
f 877//877 876//876 1755//1755
f 879//879 1758//1758 1757//1757
f 1758//1758 879//879 877//877
f 1750//1750 1356//1356 1364//1364
f 1751//1751 1750//1750 1759//1759
f 1752//1752 1751//1751 1760//1760
f 1762//1762 1753//1753 1752//1752
f 1763//1763 1754//1754 1753//1753
f 1755//1755 1754//1754 1763//1763
f 1756//1756 1755//1755 1764//1764
f 1758//1758 1767//1767 1766//1766
f 1767//1767 1758//1758 1756//1756
f 1759//1759 1364//1364 1371//1371
f 1760//1760 1759//1759 1768//1768
f 1761//1761 1760//1760 1769//1769
f 1771//1771 1762//1762 1761//1761
f 1772//1772 1763//1763 1762//1762
f 1764//1764 1763//1763 1772//1772
f 1765//1765 1764//1764 1773//1773
f 1777//1777 1775//1775 1774//1774
f 1777//1777 1776//1776 1766//1766
f 1777//1777 1767//1767 1765//1765
f 1768//1768 1371//1371 1380//1380
f 1769//1769 1768//1768 1778//1778
f 1782//1782 1780//1780 1779//1779
f 1782//1782 1770//1770 1769//1769
f 1783//1783 1784//1784 1782//1782
f 1784//1784 1771//1771 1770//1770
f 1786//1786 1784//1784 1783//1783
f 1772//1772 1771//1771 1784//1784
f 1787//1787 1788//1788 1786//1786
f 1788//1788 1773//1773 1772//1772
f 1790//1790 1788//1788 1787//1787
f 1790//1790 1789//1789 1774//1774
f 1790//1790 1775//1775 1773//1773
f 1791//1791 1776//1776 1774//1774
f 1792//1792 1793//1793 1387//1387
f 1793//1793 1778//1778 1380//1380
f 1795//1795 1793//1793 1792//1792
f 1795//1795 1794//1794 1779//1779
f 1795//1795 1780//1780 1778//1778
f 1796//1796 1781//1781 1779//1779
f 1783//1783 1781//1781 1796//1796
f 1798//1798 1797//1797 1677//1677
f 1798//1798 1785//1785 1783//1783
f 1679//1679 1799//1799 1798//1798
f 1799//1799 1787//1787 1785//1785
f 1680//1680 1800//1800 1799//1799
f 1800//1800 1789//1789 1787//1787
f 1801//1801 1800//1800 1680//1680
f 1801//1801 1682//1682 1676//1676
f 1801//1801 1791//1791 1789//1789
f 1683//1683 1802//1802 1391//1391
f 1802//1802 1792//1792 1386//1386
f 1684//1684 1803//1803 1802//1802
f 1803//1803 1794//1794 1792//1792
f 1685//1685 1804//1804 1803//1803
f 1796//1796 1794//1794 1803//1803
f 1805//1805 1804//1804 1685//1685
f 1805//1805 1687//1687 1677//1677
f 1805//1805 1797//1797 1796//1796
f 959//959 1808//1808 1807//1807
f 1809//1809 1808//1808 959//959
f 1809//1809 960//960 957//957
f 1810//1810 1588//1588 706//706
f 1811//1811 1810//1810 961//961
f 1812//1812 1811//1811 962//962
f 1813//1813 1812//1812 963//963
f 1814//1814 1813//1813 964//964
f 966//966 1815//1815 1814//1814
f 1815//1815 966//966 958//958
f 1808//1808 1820//1820 1819//1819
f 1821//1821 1818//1818 1817//1817
f 1821//1821 1820//1820 1808//1808
f 1821//1821 1809//1809 1806//1806
f 1810//1810 1822//1822 1599//1599
f 1823//1823 1822//1822 1810//1810
f 1824//1824 1823//1823 1811//1811
f 1813//1813 1825//1825 1824//1824
f 1814//1814 1826//1826 1825//1825
f 1827//1827 1826//1826 1814//1814
f 1815//1815 1807//1807 1819//1819
f 1830//1830 1829//1829 1817//1817
f 1830//1830 1818//1818 1816//1816
f 1835//1835 1834//1834 1819//1819
f 1835//1835 1820//1820 1817//1817
f 1609//1609 1836//1836 1831//1831
f 1822//1822 1836//1836 1609//1609
f 1823//1823 1837//1837 1836//1836
f 1838//1838 1837//1837 1823//1823
f 1825//1825 1839//1839 1838//1838
f 1840//1840 1833//1833 1832//1832
f 1840//1840 1839//1839 1825//1825
f 1841//1841 1834//1834 1833//1833
f 1841//1841 1840//1840 1826//1826
f 1841//1841 1827//1827 1819//1819
f 1846//1846 1843//1843 1842//1842
f 1846//1846 1845//1845 1829//1829
f 1846//1846 1830//1830 1828//1828
f 1831//1831 1847//1847 1619//1619
f 1851//1851 1850//1850 1832//1832
f 1852//1852 1851//1851 1833//1833
f 1853//1853 1845//1845 1844//1844
f 1853//1853 1852//1852 1834//1834
f 1853//1853 1835//1835 1829//1829
f 1854//1854 1847//1847 1831//1831
f 1854//1854 1855//1855 1848//1848
f 1837//1837 1855//1855 1854//1854
f 1856//1856 1849//1849 1848//1848
f 1838//1838 1856//1856 1855//1855
f 1857//1857 1850//1850 1849//1849
f 1857//1857 1856//1856 1838//1838
f 1857//1857 1839//1839 1832//1832
f 1860//1860 1682//1682 1681//1681
f 1860//1860 1859//1859 1842//1842
f 1860//1860 1843//1843 1676//1676
f 1867//1867 1859//1859 1858//1858
f 1867//1867 1866//1866 1844//1844
f 1867//1867 1845//1845 1842//1842
f 1627//1627 1868//1868 1861//1861
f 1847//1847 1868//1868 1627//1627
f 1869//1869 1862//1862 1861//1861
f 1848//1848 1869//1869 1868//1868
f 1870//1870 1863//1863 1862//1862
f 1849//1849 1870//1870 1869//1869
f 1870//1870 1871//1871 1864//1864
f 1871//1871 1870//1870 1849//1849
f 1871//1871 1872//1872 1865//1865
f 1851//1851 1872//1872 1871//1871
f 1873//1873 1866//1866 1865//1865
f 1873//1873 1872//1872 1851//1851
f 1873//1873 1852//1852 1844//1844
f 1880//1880 1695//1695 1694//1694
f 1880//1880 1879//1879 1858//1858
f 1880//1880 1859//1859 1681//1681
f 1632//1632 1881//1881 1874//1874
f 1861//1861 1881//1881 1632//1632
f 1881//1881 1882//1882 1875//1875
f 1862//1862 1882//1882 1881//1881
f 1882//1882 1883//1883 1876//1876
f 1863//1863 1883//1883 1882//1882
f 1884//1884 1877//1877 1876//1876
f 1884//1884 1883//1883 1863//1863
f 1885//1885 1878//1878 1877//1877
f 1885//1885 1884//1884 1864//1864
f 1886//1886 1879//1879 1878//1878
f 1886//1886 1885//1885 1865//1865
f 1886//1886 1866//1866 1858//1858
f 1633//1633 1887//1887 1715//1715
f 1874//1874 1887//1887 1633//1633
f 1888//1888 1716//1716 1715//1715
f 1888//1888 1887//1887 1874//1874
f 1889//1889 1717//1717 1716//1716
f 1889//1889 1888//1888 1875//1875
f 1889//1889 1890//1890 1718//1718
f 1877//1877 1890//1890 1889//1889
f 1890//1890 1891//1891 1719//1719
f 1878//1878 1891//1891 1890//1890
f 1892//1892 1720//1720 1719//1719
f 1892//1892 1891//1891 1878//1878
f 1892//1892 1879//1879 1694//1694
f 1893//1893 971//971 878//878
f 972//972 1894//1894 1806//1806
f 972//972 971//971 1893//1893
f 1893//1893 1757//1757 1766//1766
f 1896//1896 1895//1895 1816//1816
f 1896//1896 1818//1818 1806//1806
f 1896//1896 1894//1894 1893//1893
f 1897//1897 1828//1828 1816//1816
f 1897//1897 1895//1895 1766//1766
f 1898//1898 1791//1791 1676//1676
f 1898//1898 1843//1843 1828//1828
f 1898//1898 1897//1897 1776//1776
f 1900//1900 1414//1414 1413//1413
f 1722//1722 1347//1347 1414//1414
f 1903//1903 1900//1900 1899//1899
f 1725//1725 1722//1722 1900//1900
f 1906//1906 1902//1902 1901//1901
f 1906//1906 1907//1907 1903//1903
f 1728//1728 1725//1725 1903//1903
f 1910//1910 1905//1905 1904//1904
f 1910//1910 1911//1911 1906//1906
f 1912//1912 1907//1907 1906//1906
f 1912//1912 1911//1911 1730//1730
f 1912//1912 1731//1731 1728//1728
f 1915//1915 1909//1909 1908//1908
f 1915//1915 1916//1916 1910//1910
f 1917//1917 1911//1911 1910//1910
f 1917//1917 1916//1916 1733//1733
f 1917//1917 1734//1734 1730//1730
f 1918//1918 1913//1913 1652//1652
f 1918//1918 1656//1656 1573//1573
f 1919//1919 1914//1914 1913//1913
f 1737//1737 1919//1919 1918//1918
f 1919//1919 1920//1920 1915//1915
f 1738//1738 1920//1920 1919//1919
f 1921//1921 1916//1916 1915//1915
f 1921//1921 1920//1920 1738//1738
f 1921//1921 1739//1739 1733//1733
f 1922//1922 1429//1429 1203//1203
f 1922//1922 1923//1923 1430//1430
f 1923//1923 1924//1924 1431//1431
f 1924//1924 1925//1925 1432//1432
f 1926//1926 1433//1433 1432//1432
f 1899//1899 1413//1413 1433//1433
f 1666//1666 1927//1927 1922//1922
f 1927//1927 1928//1928 1923//1923
f 1928//1928 1929//1929 1924//1924
f 1929//1929 1930//1930 1925//1925
f 1931//1931 1926//1926 1925//1925
f 1931//1931 1930//1930 1901//1901
f 1931//1931 1902//1902 1899//1899
f 1670//1670 1932//1932 1927//1927
f 1932//1932 1933//1933 1928//1928
f 1933//1933 1934//1934 1929//1929
f 1935//1935 1930//1930 1929//1929
f 1935//1935 1934//1934 1904//1904
f 1935//1935 1905//1905 1901//1901
f 1673//1673 1936//1936 1932//1932
f 1936//1936 1937//1937 1933//1933
f 1938//1938 1934//1934 1933//1933
f 1938//1938 1937//1937 1908//1908
f 1938//1938 1909//1909 1904//1904
f 1675//1675 1939//1939 1936//1936
f 1939//1939 1675//1675 1652//1652
f 1940//1940 1937//1937 1936//1936
f 1940//1940 1939//1939 1913//1913
f 1940//1940 1914//1914 1908//1908
