# Blender 4.2.0
# www.blender.org
o 71592_X5Y1
v -0.099222 -0.388344 0.099222
v -0.107810 -0.398206 0.072236
v -0.098506 -0.435429 0.008924
v -0.114403 -0.413029 0.024617
v -0.072236 -0.398206 0.107810
v -0.061853 -0.442107 0.061853
v -0.075638 -0.423386 0.075638
v -0.075638 -0.447331 0.024617
v -0.093958 -0.431542 0.041029
v -0.008924 -0.435428 0.098506
v -0.024617 -0.413029 0.114403
v -0.024617 -0.447331 0.075638
v -0.041029 -0.431542 0.093958
v -0.000000 -0.481575 0.000000
v -0.019263 -0.472880 0.019263
v -0.194075 -0.197495 0.098781
v -0.197097 -0.168551 0.103934
v -0.201424 -0.120394 0.111317
v -0.204182 -0.072236 0.116020
v -0.205568 -0.024079 0.118383
v -0.195424 -0.249106 0.055767
v -0.199523 -0.214812 0.071986
v -0.210123 -0.168551 0.072236
v -0.218505 -0.120394 0.072236
v -0.223847 -0.072236 0.072236
v -0.226532 -0.024079 0.072236
v -0.198396 -0.258189 0.024079
v -0.210720 -0.216709 0.024079
v -0.221499 -0.168551 0.024079
v -0.229454 -0.120394 0.024079
v -0.234527 -0.072236 0.024079
v -0.237077 -0.024079 0.024079
v -0.145779 -0.243952 0.145779
v -0.150574 -0.216709 0.150574
v -0.157378 -0.168551 0.157378
v -0.162390 -0.120394 0.162390
v -0.165582 -0.072236 0.165582
v -0.167186 -0.024079 0.167186
v -0.151159 -0.303384 0.105604
v -0.156875 -0.261949 0.121152
v -0.176224 -0.214812 0.117058
v -0.181457 -0.168551 0.128013
v -0.186469 -0.120394 0.135396
v -0.189661 -0.072236 0.140098
v -0.191265 -0.024079 0.142461
v -0.150787 -0.347706 0.062607
v -0.160272 -0.316872 0.076090
v -0.183354 -0.265041 0.071986
v -0.189256 -0.229600 0.087872
v -0.155832 -0.356491 0.024079
v -0.177569 -0.313024 0.024079
v -0.190288 -0.282268 0.024079
v -0.098781 -0.197495 0.194075
v -0.103934 -0.168551 0.197097
v -0.111317 -0.120394 0.201424
v -0.116020 -0.072236 0.204182
v -0.118383 -0.024079 0.205568
v -0.105604 -0.303384 0.151158
v -0.121152 -0.261949 0.156875
v -0.117058 -0.214812 0.176224
v -0.128013 -0.168551 0.181457
v -0.135396 -0.120394 0.186469
v -0.140098 -0.072236 0.189661
v -0.142461 -0.024079 0.191265
v -0.109859 -0.361181 0.109859
v -0.124588 -0.319437 0.124588
v -0.137709 -0.276057 0.137709
v -0.133865 -0.362727 0.076090
v -0.143571 -0.335489 0.094712
v -0.141361 -0.380570 0.024079
v -0.050474 -0.004929 0.242057
v -0.055767 -0.249106 0.195424
v -0.071986 -0.214812 0.199523
v -0.072236 -0.168551 0.210123
v -0.072236 -0.120394 0.218505
v -0.072236 -0.072236 0.223847
v -0.068810 -0.022220 0.230382
v -0.062607 -0.347705 0.150787
v -0.076090 -0.316872 0.160272
v -0.071986 -0.265041 0.183354
v -0.087872 -0.229600 0.189256
v -0.076090 -0.362727 0.133865
v -0.094712 -0.335489 0.143571
v -0.024079 -0.015624 0.250224
v -0.024079 -0.258189 0.198396
v -0.024079 -0.216709 0.210720
v -0.024079 -0.168551 0.221499
v -0.024079 -0.120394 0.229454
v -0.024079 -0.072236 0.235043
v -0.024079 -0.039702 0.238842
v -0.024079 -0.356491 0.155832
v -0.024079 -0.313024 0.177569
v -0.024079 -0.282268 0.190288
v -0.024079 -0.380570 0.141360
v -0.205568 0.024079 0.118383
v -0.204182 0.072236 0.116020
v -0.201424 0.120394 0.111317
v -0.197097 0.168551 0.103934
v -0.194075 0.197495 0.098781
v -0.226532 0.024079 0.072236
v -0.223847 0.072236 0.072236
v -0.218505 0.120394 0.072236
v -0.210123 0.168551 0.072236
v -0.199523 0.214812 0.071986
v -0.195424 0.249106 0.055767
v -0.237077 0.024079 0.024079
v -0.234526 0.072236 0.024079
v -0.229454 0.120394 0.024079
v -0.221499 0.168551 0.024079
v -0.210720 0.216709 0.024079
v -0.198396 0.258189 0.024079
v -0.167186 0.024079 0.167186
v -0.165582 0.072236 0.166135
v -0.162390 0.120394 0.165709
v -0.158401 0.168551 0.166072
v -0.153691 0.216709 0.164145
v -0.148571 0.255900 0.155970
v -0.191265 0.024079 0.142461
v -0.189661 0.072236 0.140098
v -0.186469 0.120394 0.135396
v -0.182479 0.168551 0.128013
v -0.178717 0.214812 0.117058
v -0.158718 0.269118 0.124844
v -0.151438 0.303485 0.111759
v -0.189256 0.229600 0.087872
v -0.183521 0.265041 0.071986
v -0.160440 0.316932 0.076090
v -0.150787 0.347705 0.062607
v -0.190288 0.282268 0.024079
v -0.177568 0.313024 0.024079
v -0.155832 0.356491 0.024079
v -0.101563 0.129743 0.248354
v -0.105589 0.168551 0.254172
v -0.106555 0.216709 0.255545
v -0.103496 0.264866 0.251013
v -0.099354 0.295942 0.245024
v -0.118428 0.024079 0.207285
v -0.117561 0.072236 0.212085
v -0.116860 0.116372 0.221170
v -0.128129 0.168551 0.216709
v -0.128921 0.216709 0.216709
v -0.122526 0.264866 0.216709
v -0.107467 0.312406 0.217054
v -0.100947 0.344749 0.201232
v -0.142507 0.024079 0.191265
v -0.141640 0.072236 0.190214
v -0.142139 0.120394 0.189788
v -0.142933 0.168551 0.190151
v -0.142760 0.216709 0.188224
v -0.140284 0.269118 0.170634
v -0.127315 0.313024 0.168551
v -0.107275 0.354579 0.168551
v -0.144224 0.288005 0.143864
v -0.140225 0.316932 0.124844
v -0.113904 0.365759 0.124540
v -0.143713 0.335590 0.094712
v -0.134630 0.362727 0.076090
v -0.141360 0.380569 0.024079
v -0.051449 0.090659 0.292122
v -0.057514 0.120394 0.297987
v -0.063634 0.168551 0.303924
v -0.064790 0.216709 0.305027
v -0.060863 0.264866 0.301271
v -0.054373 0.300698 0.295031
v -0.058466 0.024079 0.250202
v -0.066308 0.073658 0.266820
v -0.084224 0.116372 0.264590
v -0.087713 0.168551 0.278250
v -0.088869 0.216709 0.279624
v -0.084942 0.264866 0.275091
v -0.073113 0.314372 0.265693
v -0.056917 0.361181 0.250974
v -0.082545 0.024079 0.231364
v -0.092455 0.072236 0.236164
v -0.095793 0.097638 0.240197
v -0.091854 0.328047 0.233337
v -0.080587 0.360953 0.217054
v -0.091770 0.378658 0.168551
v -0.096043 0.384863 0.143357
v -0.006347 0.130948 0.341197
v -0.011801 0.168551 0.344789
v -0.013209 0.216709 0.345568
v -0.008133 0.264866 0.342212
v -0.002620 0.292898 0.338782
v -0.008428 0.039963 0.295362
v -0.024320 0.073658 0.303813
v -0.023071 0.117095 0.324553
v -0.035880 0.168551 0.328003
v -0.037288 0.216709 0.329106
v -0.032212 0.264866 0.325350
v -0.024028 0.312850 0.313232
v -0.013330 0.351946 0.299329
v -0.024320 0.023978 0.274369
v -0.040533 0.058554 0.284176
v -0.045435 0.332803 0.286362
v -0.027261 0.365272 0.277194
v -0.100356 0.389837 0.111252
v -0.108661 0.399325 0.072236
v -0.114403 0.413029 0.024617
v -0.098506 0.435428 0.008924
v -0.048246 0.385357 0.240899
v -0.055922 0.393547 0.216709
v -0.065091 0.411094 0.166661
v -0.050335 0.435329 0.149348
v -0.081641 0.407269 0.124540
v -0.054098 0.438622 0.120394
v -0.086815 0.423404 0.072236
v -0.062736 0.443734 0.072236
v -0.093958 0.431542 0.041029
v -0.075638 0.447353 0.024617
v -0.024079 0.395966 0.252114
v -0.025309 0.419659 0.219853
v -0.010076 0.440622 0.205897
v -0.042181 0.428317 0.181453
v -0.025309 0.446656 0.166661
v -0.024079 0.460366 0.120394
v -0.024079 0.467696 0.072236
v -0.024079 0.473297 0.024079
v -0.098506 -0.435429 -0.008924
v -0.114403 -0.413029 -0.024618
v -0.107811 -0.398206 -0.072236
v -0.099222 -0.388344 -0.099222
v -0.075638 -0.447331 -0.024618
v -0.093958 -0.431543 -0.041029
v -0.061853 -0.442107 -0.061853
v -0.075638 -0.423387 -0.075638
v -0.072236 -0.398206 -0.107811
v -0.000000 -0.481575 -0.000000
v -0.019263 -0.472880 -0.019263
v -0.024618 -0.447331 -0.075638
v -0.041030 -0.431543 -0.093958
v -0.008925 -0.435429 -0.098506
v -0.024618 -0.413030 -0.114403
v -0.198396 -0.258189 -0.024079
v -0.210720 -0.216709 -0.024079
v -0.221499 -0.168551 -0.024079
v -0.229454 -0.120394 -0.024079
v -0.234527 -0.072236 -0.024079
v -0.237077 -0.024079 -0.024079
v -0.195424 -0.249106 -0.055768
v -0.199523 -0.214812 -0.071987
v -0.210124 -0.168551 -0.072236
v -0.218505 -0.120394 -0.072236
v -0.223848 -0.072236 -0.072236
v -0.226532 -0.024079 -0.072236
v -0.194075 -0.197496 -0.098781
v -0.197098 -0.168551 -0.103934
v -0.201425 -0.120394 -0.111318
v -0.204182 -0.072236 -0.116020
v -0.205568 -0.024079 -0.118383
v -0.155832 -0.356491 -0.024079
v -0.177569 -0.313024 -0.024079
v -0.190288 -0.282268 -0.024079
v -0.150787 -0.347706 -0.062607
v -0.160272 -0.316872 -0.076090
v -0.183354 -0.265042 -0.071987
v -0.189256 -0.229601 -0.087873
v -0.151159 -0.303385 -0.105605
v -0.156875 -0.261950 -0.121152
v -0.176225 -0.214812 -0.117058
v -0.181457 -0.168551 -0.128013
v -0.186469 -0.120394 -0.135397
v -0.189661 -0.072236 -0.140099
v -0.191265 -0.024079 -0.142462
v -0.145779 -0.243953 -0.145779
v -0.150575 -0.216709 -0.150575
v -0.157378 -0.168551 -0.157378
v -0.162390 -0.120394 -0.162390
v -0.165582 -0.072236 -0.165582
v -0.167186 -0.024079 -0.167186
v -0.141361 -0.380570 -0.024079
v -0.133865 -0.362727 -0.076090
v -0.143571 -0.335490 -0.094712
v -0.109859 -0.361181 -0.109859
v -0.124588 -0.319437 -0.124588
v -0.137710 -0.276058 -0.137710
v -0.105605 -0.303385 -0.151159
v -0.121152 -0.261950 -0.156876
v -0.117058 -0.214813 -0.176225
v -0.128013 -0.168551 -0.181457
v -0.135397 -0.120394 -0.186469
v -0.140099 -0.072236 -0.189661
v -0.142462 -0.024079 -0.191265
v -0.098781 -0.197496 -0.194075
v -0.103935 -0.168551 -0.197098
v -0.111318 -0.120394 -0.201425
v -0.116020 -0.072236 -0.204182
v -0.118383 -0.024079 -0.205569
v -0.076091 -0.362728 -0.133865
v -0.094713 -0.335490 -0.143571
v -0.062608 -0.347706 -0.150787
v -0.076091 -0.316872 -0.160272
v -0.071987 -0.265042 -0.183354
v -0.087873 -0.229601 -0.189256
v -0.055768 -0.249107 -0.195424
v -0.071987 -0.214813 -0.199524
v -0.072236 -0.168551 -0.210124
v -0.072236 -0.120394 -0.218505
v -0.072236 -0.072236 -0.223848
v -0.072236 -0.024079 -0.226533
v -0.024079 -0.380570 -0.141361
v -0.024079 -0.356491 -0.155832
v -0.024079 -0.313024 -0.177569
v -0.024079 -0.282269 -0.190288
v -0.024079 -0.258190 -0.198396
v -0.024079 -0.216709 -0.210721
v -0.024079 -0.168551 -0.221499
v -0.024079 -0.120394 -0.229455
v -0.024079 -0.072236 -0.234527
v -0.019264 -0.019265 -0.237819
v -0.000002 -0.000003 -0.240788
v -0.237077 0.024079 -0.024079
v -0.234527 0.072236 -0.024079
v -0.229454 0.120394 -0.024079
v -0.221499 0.168551 -0.024079
v -0.210720 0.216709 -0.024079
v -0.198396 0.258189 -0.024079
v -0.226532 0.024079 -0.072236
v -0.223847 0.072236 -0.072236
v -0.218505 0.120394 -0.072236
v -0.210124 0.168551 -0.072236
v -0.199523 0.214812 -0.071987
v -0.195424 0.249106 -0.055768
v -0.205568 0.024079 -0.118383
v -0.204182 0.072236 -0.116020
v -0.201425 0.120394 -0.111318
v -0.197097 0.168551 -0.103934
v -0.194075 0.197496 -0.098781
v -0.190288 0.282268 -0.024079
v -0.177569 0.313024 -0.024079
v -0.155832 0.356491 -0.024079
v -0.189256 0.229601 -0.087873
v -0.183354 0.265042 -0.071987
v -0.160272 0.316872 -0.076090
v -0.150787 0.347706 -0.062607
v -0.191265 0.024079 -0.142462
v -0.189661 0.072236 -0.140099
v -0.186469 0.120394 -0.135396
v -0.181457 0.168551 -0.128013
v -0.176224 0.214812 -0.117058
v -0.156875 0.261950 -0.121152
v -0.151159 0.303385 -0.105605
v -0.167186 0.024079 -0.167186
v -0.165582 0.072236 -0.165582
v -0.162390 0.120394 -0.162390
v -0.157378 0.168551 -0.157378
v -0.150575 0.216709 -0.150575
v -0.145779 0.243953 -0.145779
v -0.141360 0.380570 -0.024079
v -0.143571 0.335490 -0.094712
v -0.133865 0.362727 -0.076090
v -0.137710 0.276058 -0.137710
v -0.124588 0.319437 -0.124588
v -0.109859 0.361181 -0.109859
v -0.142462 0.024079 -0.191265
v -0.140099 0.072236 -0.189661
v -0.135397 0.120394 -0.186469
v -0.128013 0.168551 -0.181457
v -0.117058 0.214813 -0.176225
v -0.121152 0.261950 -0.156875
v -0.105605 0.303385 -0.151159
v -0.118383 0.024079 -0.205569
v -0.116020 0.072236 -0.204182
v -0.111318 0.120394 -0.201425
v -0.103935 0.168551 -0.197098
v -0.098781 0.197496 -0.194075
v -0.094713 0.335490 -0.143571
v -0.076091 0.362727 -0.133865
v -0.086867 0.229601 -0.189256
v -0.071383 0.264431 -0.183354
v -0.076091 0.316872 -0.160272
v -0.062608 0.347706 -0.150787
v -0.072236 0.024079 -0.226533
v -0.072236 0.072236 -0.223848
v -0.072236 0.120394 -0.218505
v -0.072236 0.168551 -0.210124
v -0.071383 0.214813 -0.199200
v -0.054762 0.248088 -0.194884
v -0.024079 0.380570 -0.141361
v -0.024079 0.282208 -0.190533
v -0.024079 0.313024 -0.178033
v -0.024079 0.356491 -0.156051
v -0.019264 0.019265 -0.237819
v -0.024079 0.072236 -0.234527
v -0.024079 0.120394 -0.229455
v -0.024079 0.168551 -0.221499
v -0.024079 0.216709 -0.210317
v -0.024079 0.258130 -0.197992
v -0.000002 0.000003 -0.240788
v -0.114403 0.413029 -0.024617
v -0.098506 0.435428 -0.008924
v -0.107810 0.398206 -0.072236
v -0.099222 0.388344 -0.099222
v -0.093958 0.431542 -0.041029
v -0.075638 0.447331 -0.024617
v -0.075638 0.423386 -0.075638
v -0.061853 0.442107 -0.061853
v -0.072236 0.398206 -0.107811
v -0.024079 0.470706 -0.024079
v -0.036862 0.431543 -0.093958
v -0.022117 0.446567 -0.075638
v -0.022117 0.413029 -0.113575
v -0.004757 0.434155 -0.097125
v 0.008924 -0.435428 0.098506
v 0.024618 -0.413029 0.114403
v 0.024618 -0.447331 0.075638
v 0.041029 -0.431542 0.093958
v 0.000000 -0.481575 0.000000
v 0.019263 -0.472880 0.019263
v 0.072236 -0.398206 0.107810
v 0.061853 -0.442107 0.061853
v 0.075638 -0.423386 0.075638
v 0.075638 -0.447331 0.024618
v 0.093958 -0.431543 0.041030
v 0.099222 -0.388344 0.099222
v 0.107811 -0.398206 0.072236
v 0.098506 -0.435429 0.008925
v 0.114403 -0.413029 0.024618
v 0.042570 -0.003374 0.292161
v 0.032465 -0.057413 0.246063
v 0.021465 -0.025690 0.265134
v 0.024079 -0.258189 0.198396
v 0.024079 -0.216709 0.210720
v 0.024079 -0.168551 0.221499
v 0.024079 -0.120394 0.229454
v 0.019479 -0.072974 0.237685
v 0.000360 -0.048007 0.240682
v 0.024079 -0.356491 0.155832
v 0.024079 -0.313024 0.177569
v 0.024079 -0.282268 0.190288
v 0.024079 -0.380570 0.141360
v 0.072236 -0.009311 0.297903
v 0.072236 -0.062055 0.251845
v 0.072236 -0.033390 0.275923
v 0.055767 -0.249106 0.195424
v 0.071986 -0.214812 0.199523
v 0.072236 -0.168551 0.210123
v 0.072236 -0.120394 0.219709
v 0.072236 -0.086134 0.232815
v 0.062607 -0.347706 0.150787
v 0.076090 -0.316872 0.160272
v 0.071986 -0.265041 0.183354
v 0.087872 -0.229600 0.189256
v 0.076090 -0.362727 0.133865
v 0.094712 -0.335490 0.143571
v 0.120394 -0.015463 0.303795
v 0.120394 -0.060987 0.255804
v 0.120394 -0.039542 0.279883
v 0.098781 -0.197495 0.194075
v 0.103934 -0.168551 0.197097
v 0.120194 -0.121400 0.205562
v 0.120394 -0.085066 0.229490
v 0.105605 -0.303385 0.151159
v 0.121152 -0.261949 0.156875
v 0.117058 -0.214812 0.176224
v 0.128013 -0.168551 0.181457
v 0.136113 -0.138123 0.186955
v 0.109859 -0.361181 0.109859
v 0.124588 -0.319437 0.124588
v 0.137710 -0.276057 0.137710
v 0.133865 -0.362727 0.076090
v 0.143571 -0.335490 0.094712
v 0.141361 -0.380570 0.024079
v 0.168551 -0.016579 0.304794
v 0.168551 -0.058830 0.255665
v 0.168551 -0.040658 0.279744
v 0.158867 -0.106018 0.200852
v 0.172372 -0.085054 0.216826
v 0.145779 -0.243952 0.145779
v 0.150575 -0.216709 0.150575
v 0.157560 -0.168551 0.157378
v 0.173033 -0.123162 0.173244
v 0.190972 -0.095422 0.191637
v 0.151159 -0.303385 0.105605
v 0.156875 -0.261949 0.121152
v 0.176224 -0.213947 0.116557
v 0.181639 -0.168551 0.127626
v 0.187198 -0.140307 0.136431
v 0.150787 -0.347706 0.062607
v 0.160272 -0.316872 0.076090
v 0.183354 -0.265042 0.071987
v 0.189256 -0.228159 0.087873
v 0.155832 -0.356491 0.024079
v 0.177569 -0.313024 0.024079
v 0.190288 -0.282268 0.024079
v 0.216709 -0.012289 0.300721
v 0.216709 -0.054779 0.250335
v 0.216709 -0.036368 0.274413
v 0.216709 -0.074114 0.216709
v 0.208124 -0.108202 0.159532
v 0.221189 -0.092252 0.172771
v 0.193562 -0.196054 0.097947
v 0.197124 -0.168551 0.103547
v 0.218959 -0.120563 0.123528
v 0.240229 -0.095869 0.142730
v 0.195424 -0.249106 0.055768
v 0.199216 -0.213947 0.071987
v 0.210737 -0.168551 0.072236
v 0.228679 -0.131842 0.072236
v 0.198396 -0.258190 0.024079
v 0.210721 -0.216709 0.024079
v 0.222086 -0.168551 0.024079
v 0.233841 -0.136149 0.024079
v 0.252742 -0.005856 0.294587
v 0.246808 -0.050588 0.244235
v 0.265828 -0.024718 0.265410
v 0.263663 -0.058445 0.216819
v 0.278913 -0.043580 0.232946
v 0.264866 -0.077895 0.168551
v 0.248295 -0.100820 0.110625
v 0.264555 -0.089446 0.124164
v 0.254953 -0.107763 0.072236
v 0.279032 -0.089920 0.072236
v 0.255625 -0.112070 0.024079
v 0.279704 -0.087595 0.024079
v 0.304783 -0.011475 0.254481
v 0.296088 -0.052253 0.200841
v 0.316488 -0.026765 0.220688
v 0.306022 -0.058225 0.168551
v 0.330101 -0.043352 0.168551
v 0.317584 -0.062172 0.124151
v 0.336676 -0.047854 0.142709
v 0.313024 -0.069173 0.072236
v 0.316982 -0.061758 0.022163
v 0.335673 -0.047166 0.004833
v 0.347829 -0.009950 0.208431
v 0.362801 -0.016403 0.166151
v 0.340035 -0.050411 0.110604
v 0.358125 -0.032230 0.124151
v 0.341419 -0.051489 0.072236
v 0.365498 -0.030147 0.072236
v 0.339926 -0.050346 0.036938
v 0.358059 -0.030715 0.022163
v 0.386747 -0.001639 0.148499
v 0.389222 -0.004398 0.120394
v 0.390653 -0.006069 0.072236
v 0.387911 -0.003018 0.024079
v 0.090440 0.177885 0.386774
v 0.089784 0.216709 0.386929
v 0.093482 0.244830 0.385971
v 0.129812 0.139030 0.386687
v 0.116413 0.164520 0.388915
v 0.120394 0.216709 0.391347
v 0.120394 0.253915 0.387848
v 0.168551 0.138418 0.386856
v 0.168551 0.168551 0.390998
v 0.168551 0.216709 0.392891
v 0.168551 0.257971 0.388750
v 0.196070 0.141842 0.385961
v 0.204411 0.168551 0.387564
v 0.208260 0.216709 0.388474
v 0.201203 0.250238 0.387174
v 0.033669 0.081941 0.344089
v 0.020202 0.117095 0.350743
v 0.024079 0.168551 0.363471
v 0.024079 0.216709 0.364971
v 0.024079 0.264866 0.358339
v 0.025639 0.310580 0.345053
v 0.042732 0.341703 0.339787
v 0.025542 0.023978 0.303794
v 0.020202 0.068427 0.330238
v 0.001564 0.098843 0.336236
v 0.010627 0.325003 0.331434
v 0.022156 0.362877 0.314348
v 0.010465 0.007858 0.284205
v 0.001580 0.384051 0.287883
v 0.083114 0.041985 0.341012
v 0.069132 0.068427 0.350596
v 0.072236 0.120394 0.371713
v 0.073527 0.164520 0.380859
v 0.065705 0.216709 0.380584
v 0.075352 0.262476 0.377547
v 0.072236 0.313024 0.361771
v 0.072236 0.350041 0.344756
v 0.069132 0.025191 0.324443
v 0.051009 0.049836 0.336165
v 0.072236 0.374120 0.329532
v 0.120394 0.036464 0.344567
v 0.120394 0.072236 0.363115
v 0.116413 0.121944 0.380752
v 0.097707 0.145780 0.385121
v 0.120394 0.277994 0.383163
v 0.120394 0.313024 0.371650
v 0.120394 0.358333 0.349668
v 0.120394 0.012386 0.327874
v 0.120394 0.382411 0.335133
v 0.168551 0.035078 0.345487
v 0.168551 0.072236 0.364579
v 0.168551 0.114340 0.380273
v 0.168551 0.282050 0.383815
v 0.168551 0.313024 0.372942
v 0.168551 0.359538 0.350309
v 0.168551 0.011000 0.328873
v 0.168551 0.383617 0.335992
v 0.216709 0.040573 0.341950
v 0.216709 0.072236 0.357861
v 0.213957 0.123631 0.377114
v 0.228490 0.168551 0.382683
v 0.232339 0.216709 0.383414
v 0.217037 0.265721 0.380560
v 0.216709 0.313024 0.366522
v 0.216709 0.354040 0.347034
v 0.216709 0.016494 0.324800
v 0.216709 0.378119 0.332236
v 0.244007 0.046065 0.338430
v 0.261982 0.073916 0.344774
v 0.264866 0.120394 0.361303
v 0.264866 0.168551 0.370988
v 0.264866 0.216709 0.372516
v 0.264866 0.264866 0.366252
v 0.266987 0.315026 0.349635
v 0.252348 0.345426 0.341970
v 0.264427 0.024271 0.312877
v 0.276112 0.058983 0.331167
v 0.284453 0.332414 0.334956
v 0.266987 0.361360 0.324906
v 0.284847 0.002477 0.286586
v 0.293336 0.091088 0.339666
v 0.301916 0.120394 0.344606
v 0.310635 0.168551 0.349487
v 0.311671 0.216709 0.350284
v 0.306136 0.264866 0.347010
v 0.297581 0.300309 0.341807
v 0.303657 0.034582 0.299062
v 0.314549 0.070455 0.314160
v 0.325995 0.120394 0.329634
v 0.334714 0.168551 0.335501
v 0.335750 0.216709 0.336193
v 0.330214 0.264866 0.332558
v 0.313390 0.315026 0.325252
v 0.310966 0.359347 0.301168
v 0.320273 0.017384 0.271154
v 0.335762 0.049823 0.287827
v 0.325646 0.374177 0.279644
v 0.336888 0.000186 0.240536
v 0.346366 0.081928 0.297152
v 0.355847 0.120394 0.305556
v 0.365803 0.165181 0.307949
v 0.361181 0.216709 0.313733
v 0.363802 0.261158 0.304845
v 0.349250 0.313024 0.299821
v 0.340905 0.342072 0.292263
v 0.350569 0.032291 0.255722
v 0.364520 0.067186 0.268533
v 0.379925 0.120394 0.282976
v 0.384936 0.146882 0.288586
v 0.381602 0.274739 0.284922
v 0.373329 0.313024 0.275612
v 0.358075 0.356980 0.261365
v 0.365251 0.019168 0.222681
v 0.382674 0.052445 0.236932
v 0.375244 0.371888 0.226349
v 0.379934 0.006045 0.180604
v 0.033685 0.394833 0.297262
v 0.018414 0.413188 0.268773
v 0.035249 0.440143 0.249663
v 0.003144 0.431543 0.238002
v 0.021149 0.451004 0.219853
v 0.023016 0.474001 0.172215
v 0.038361 0.485989 0.158605
v 0.004705 0.479240 0.120394
v 0.028784 0.490135 0.120394
v 0.000248 0.481458 0.072236
v 0.024326 0.492105 0.072236
v 0.000235 0.481465 0.024079
v 0.024313 0.489585 0.024079
v 0.072236 0.404081 0.305454
v 0.072236 0.428160 0.283113
v 0.072236 0.447191 0.259034
v 0.068834 0.472929 0.216489
v 0.082618 0.485199 0.200290
v 0.050513 0.480904 0.190710
v 0.068834 0.491581 0.172215
v 0.072236 0.504974 0.120394
v 0.072236 0.508775 0.072236
v 0.072236 0.503924 0.024079
v 0.117759 0.413836 0.307695
v 0.132055 0.435056 0.290717
v 0.099950 0.432887 0.288346
v 0.117759 0.449503 0.269323
v 0.120394 0.476374 0.230879
v 0.120394 0.488269 0.206800
v 0.120394 0.502404 0.168551
v 0.120394 0.513589 0.120394
v 0.120394 0.517250 0.072236
v 0.120394 0.512695 0.024079
v 0.168551 0.409339 0.313804
v 0.168551 0.435169 0.290836
v 0.168551 0.454832 0.264866
v 0.168551 0.477160 0.232352
v 0.168551 0.488955 0.208273
v 0.168551 0.503728 0.168551
v 0.168551 0.514861 0.120394
v 0.168551 0.518425 0.072236
v 0.168551 0.513864 0.024079
v 0.213576 0.411931 0.304764
v 0.195435 0.434114 0.289694
v 0.227540 0.429712 0.284797
v 0.213576 0.446859 0.267193
v 0.216709 0.473776 0.225959
v 0.216709 0.485926 0.201880
v 0.216709 0.497866 0.168551
v 0.216709 0.509269 0.120394
v 0.216709 0.512548 0.072236
v 0.216709 0.507541 0.024079
v 0.264866 0.397220 0.299388
v 0.264866 0.421299 0.275719
v 0.264866 0.441586 0.251640
v 0.261981 0.465633 0.213519
v 0.244006 0.482837 0.195340
v 0.276111 0.476219 0.178180
v 0.261981 0.486510 0.164697
v 0.264866 0.495854 0.120394
v 0.264866 0.498772 0.072236
v 0.287030 0.480775 0.003920
v 0.268533 0.491360 0.021615
v 0.293541 0.388860 0.292093
v 0.308716 0.406095 0.261499
v 0.291786 0.435289 0.243353
v 0.323891 0.423330 0.225860
v 0.309913 0.441343 0.212568
v 0.308795 0.463539 0.164697
v 0.289923 0.482108 0.146075
v 0.317813 0.469472 0.120394
v 0.293735 0.484269 0.120394
v 0.320338 0.470998 0.072236
v 0.296259 0.485644 0.072236
v 0.310814 0.470459 0.021615
v 0.293289 0.483940 0.036025
v 0.343139 0.391225 0.247539
v 0.356566 0.404854 0.210052
v 0.337888 0.434059 0.193755
v 0.367899 0.416002 0.168551
v 0.343820 0.438969 0.168551
v 0.375559 0.423316 0.120394
v 0.351480 0.445393 0.120394
v 0.377583 0.425656 0.072236
v 0.353504 0.446919 0.072236
v 0.374538 0.422986 0.024079
v 0.350459 0.444201 0.024079
v 0.386826 0.178987 0.290648
v 0.386753 0.216709 0.290563
v 0.385685 0.242634 0.289400
v 0.391543 0.084549 0.249240
v 0.398793 0.120394 0.258897
v 0.401489 0.165181 0.269467
v 0.406431 0.216709 0.264866
v 0.398223 0.261158 0.267268
v 0.393068 0.313024 0.251533
v 0.387006 0.339783 0.243085
v 0.392148 0.038150 0.204827
v 0.402092 0.069993 0.219211
v 0.424279 0.117903 0.216502
v 0.428450 0.168551 0.231150
v 0.429016 0.216709 0.232338
v 0.425224 0.264866 0.224955
v 0.417153 0.309615 0.212930
v 0.393260 0.357974 0.212861
v 0.397963 0.022890 0.166151
v 0.425263 0.071488 0.171288
v 0.432247 0.100190 0.189165
v 0.429231 0.326535 0.168551
v 0.410514 0.361181 0.168551
v 0.410277 0.024079 0.120394
v 0.430394 0.054390 0.120394
v 0.433249 0.336720 0.143450
v 0.423105 0.358980 0.124596
v 0.412992 0.024079 0.072236
v 0.431677 0.051624 0.072236
v 0.422855 0.367860 0.072236
v 0.407340 0.024079 0.024079
v 0.428767 0.057544 0.024079
v 0.432665 0.335184 0.003792
v 0.422658 0.359094 0.021538
v 0.436952 0.132295 0.200312
v 0.440075 0.168551 0.207071
v 0.440732 0.216709 0.208259
v 0.437347 0.264866 0.200876
v 0.434246 0.291289 0.194359
v 0.437380 0.087042 0.157060
v 0.442786 0.117903 0.171288
v 0.453628 0.168551 0.168551
v 0.455458 0.216709 0.168551
v 0.449315 0.264866 0.168551
v 0.438746 0.302456 0.168551
v 0.441250 0.078469 0.120394
v 0.455149 0.120394 0.120394
v 0.463930 0.168551 0.120394
v 0.466162 0.216709 0.120394
v 0.460714 0.264866 0.120394
v 0.443777 0.317610 0.124596
v 0.435795 0.341460 0.111345
v 0.442696 0.075703 0.072236
v 0.458505 0.120394 0.072236
v 0.467708 0.168551 0.072236
v 0.469205 0.216709 0.072236
v 0.463141 0.264866 0.072236
v 0.449361 0.313024 0.072236
v 0.436942 0.343781 0.072236
v 0.440067 0.081623 0.024079
v 0.453889 0.120394 0.024079
v 0.463791 0.168551 0.024079
v 0.464856 0.216709 0.024079
v 0.458142 0.264866 0.024079
v 0.442680 0.316688 0.021538
v 0.435739 0.341650 0.035897
v 0.386207 0.386378 0.194244
v 0.390622 0.391923 0.168551
v 0.396574 0.399237 0.120394
v 0.398776 0.401578 0.072236
v 0.396454 0.398908 0.024079
v 0.000000 -0.481575 -0.000000
v 0.019263 -0.472880 -0.019263
v 0.024618 -0.447331 -0.075638
v 0.041030 -0.431543 -0.093959
v 0.008925 -0.435429 -0.098506
v 0.024618 -0.413030 -0.114403
v 0.075638 -0.447331 -0.024618
v 0.093958 -0.431543 -0.041030
v 0.061854 -0.442107 -0.061854
v 0.075638 -0.423387 -0.075638
v 0.072236 -0.398207 -0.107811
v 0.098506 -0.435429 -0.008925
v 0.114403 -0.413030 -0.024618
v 0.107811 -0.398207 -0.072236
v 0.099222 -0.388344 -0.099222
v 0.024079 -0.380570 -0.141361
v 0.024079 -0.356492 -0.155832
v 0.024079 -0.313024 -0.177570
v 0.024079 -0.282269 -0.190288
v 0.024079 -0.258190 -0.198397
v 0.024079 -0.216709 -0.210721
v 0.024079 -0.168551 -0.221500
v 0.024079 -0.120394 -0.229455
v 0.024079 -0.072236 -0.234527
v 0.019264 -0.019265 -0.237820
v 0.000002 -0.000003 -0.240788
v 0.076091 -0.362728 -0.133866
v 0.094713 -0.335490 -0.143572
v 0.062608 -0.347706 -0.150787
v 0.076091 -0.316872 -0.160273
v 0.071987 -0.265042 -0.183354
v 0.087873 -0.229601 -0.189257
v 0.055768 -0.249107 -0.195424
v 0.071987 -0.214813 -0.199524
v 0.072236 -0.168551 -0.210124
v 0.072236 -0.120394 -0.218506
v 0.072236 -0.072236 -0.223848
v 0.072236 -0.024079 -0.226533
v 0.141361 -0.380570 -0.024079
v 0.133866 -0.362728 -0.076091
v 0.143572 -0.335490 -0.094713
v 0.109859 -0.361181 -0.109859
v 0.124588 -0.319438 -0.124588
v 0.137710 -0.276058 -0.137710
v 0.105605 -0.303385 -0.151159
v 0.121152 -0.261950 -0.156876
v 0.117058 -0.214813 -0.176225
v 0.128014 -0.168551 -0.181457
v 0.135397 -0.120394 -0.186469
v 0.140099 -0.072236 -0.189661
v 0.142383 -0.036668 -0.191212
v 0.098782 -0.197496 -0.194075
v 0.103935 -0.168551 -0.197098
v 0.111318 -0.120394 -0.201425
v 0.116021 -0.072236 -0.204183
v 0.123956 -0.022001 -0.203279
v 0.155832 -0.356491 -0.024079
v 0.177569 -0.313024 -0.024079
v 0.190288 -0.282269 -0.024079
v 0.150787 -0.347706 -0.062608
v 0.160272 -0.316872 -0.076091
v 0.183354 -0.265042 -0.071987
v 0.189256 -0.229601 -0.087873
v 0.151159 -0.303385 -0.105605
v 0.156876 -0.261950 -0.121152
v 0.176225 -0.214813 -0.117058
v 0.181457 -0.168551 -0.128014
v 0.186469 -0.120394 -0.135397
v 0.190090 -0.085670 -0.140731
v 0.145779 -0.243953 -0.145779
v 0.150575 -0.216709 -0.150575
v 0.157379 -0.168551 -0.157379
v 0.162391 -0.120394 -0.162391
v 0.171843 -0.070665 -0.162137
v 0.164361 -0.022001 -0.178294
v 0.145515 -0.004563 -0.193127
v 0.198396 -0.258190 -0.024079
v 0.210721 -0.216709 -0.024079
v 0.221499 -0.168551 -0.024079
v 0.233254 -0.130262 -0.024079
v 0.195424 -0.249107 -0.055768
v 0.199524 -0.214813 -0.071987
v 0.210124 -0.168551 -0.072236
v 0.225465 -0.117324 -0.068979
v 0.232725 -0.084174 -0.082861
v 0.194075 -0.197496 -0.098782
v 0.197098 -0.168551 -0.103935
v 0.202006 -0.120394 -0.111318
v 0.213520 -0.068869 -0.120113
v 0.226420 -0.035022 -0.131600
v 0.194315 -0.053565 -0.145767
v 0.212904 -0.021013 -0.151824
v 0.248300 -0.106183 -0.024079
v 0.272379 -0.080550 -0.024079
v 0.242400 -0.099225 -0.050756
v 0.259843 -0.067370 -0.067622
v 0.277287 -0.040781 -0.084489
v 0.245182 -0.052069 -0.099495
v 0.261672 -0.021849 -0.119006
v 0.246058 -0.002917 -0.147096
v 0.302901 -0.056471 -0.024079
v 0.326980 -0.041357 -0.024079
v 0.292931 -0.050567 -0.052384
v 0.312997 -0.024378 -0.072182
v 0.300959 -0.008676 -0.106413
v 0.361639 -0.013917 -0.019459
v 0.345891 -0.007976 -0.059874
v 0.385399 -0.000157 -0.000326
v 0.000877 0.384456 -0.143956
v 0.000196 0.288715 -0.192554
v 0.012023 0.313024 -0.187377
v 0.024409 0.360866 -0.168997
v 0.019264 0.019265 -0.237820
v 0.024079 0.072236 -0.234546
v 0.024079 0.120394 -0.229731
v 0.024079 0.168551 -0.224536
v 0.024079 0.216709 -0.218621
v 0.019381 0.269544 -0.204996
v 0.036102 0.313024 -0.197271
v 0.047940 0.337275 -0.192723
v 0.000002 0.000003 -0.240788
v 0.072236 0.367484 -0.182693
v 0.072236 0.024079 -0.226834
v 0.072236 0.072236 -0.225696
v 0.072236 0.120394 -0.226422
v 0.072236 0.168551 -0.229214
v 0.072236 0.216709 -0.229638
v 0.072236 0.264866 -0.222978
v 0.072236 0.313024 -0.208807
v 0.072236 0.343406 -0.196226
v 0.120394 0.375949 -0.186669
v 0.120394 0.024079 -0.209146
v 0.120394 0.072236 -0.216554
v 0.120394 0.120394 -0.227507
v 0.124123 0.172453 -0.236953
v 0.124123 0.215696 -0.238626
v 0.120394 0.264866 -0.232485
v 0.120394 0.313024 -0.218491
v 0.120394 0.351870 -0.201027
v 0.142661 0.191107 -0.240957
v 0.142661 0.198968 -0.240957
v 0.177620 0.012639 -0.184913
v 0.168551 0.377326 -0.187582
v 0.164361 0.026847 -0.196420
v 0.168551 0.072236 -0.211553
v 0.168551 0.120394 -0.228256
v 0.166474 0.172453 -0.238122
v 0.166474 0.215696 -0.239723
v 0.168551 0.264866 -0.233926
v 0.168551 0.313024 -0.220024
v 0.168551 0.353247 -0.201797
v 0.149036 0.191107 -0.240957
v 0.149036 0.198968 -0.240957
v 0.216770 0.026847 -0.178731
v 0.232863 0.052004 -0.190611
v 0.216709 0.371548 -0.183823
v 0.200758 0.044744 -0.194578
v 0.216770 0.069728 -0.202776
v 0.216709 0.120394 -0.221994
v 0.216709 0.168551 -0.231665
v 0.216709 0.216709 -0.233445
v 0.216709 0.264866 -0.227396
v 0.216709 0.313024 -0.213314
v 0.216709 0.347469 -0.198469
v 0.278163 0.006604 -0.138518
v 0.263213 0.023225 -0.158700
v 0.269158 0.069728 -0.185795
v 0.288072 0.097569 -0.192254
v 0.278005 0.325472 -0.187737
v 0.263118 0.358619 -0.175723
v 0.255967 0.084109 -0.198366
v 0.269158 0.116330 -0.204803
v 0.264866 0.168551 -0.217476
v 0.264866 0.216709 -0.219245
v 0.264866 0.264866 -0.212691
v 0.263118 0.310861 -0.199768
v 0.245900 0.340858 -0.194688
v 0.333064 0.003562 -0.091979
v 0.316404 0.021136 -0.123370
v 0.331849 0.054620 -0.140326
v 0.322126 0.369902 -0.132231
v 0.299744 0.038709 -0.151528
v 0.314687 0.071298 -0.161171
v 0.312775 0.116330 -0.182670
v 0.326992 0.168551 -0.186211
v 0.328417 0.216709 -0.187012
v 0.322517 0.264866 -0.183380
v 0.310095 0.310861 -0.175462
v 0.308854 0.356782 -0.151873
v 0.296557 0.129674 -0.196678
v 0.302914 0.168551 -0.200424
v 0.304338 0.216709 -0.201376
v 0.298438 0.264866 -0.197927
v 0.292090 0.293367 -0.194375
v 0.377996 0.008408 -0.032431
v 0.384454 0.384169 -0.046488
v 0.363126 0.022038 -0.074633
v 0.380361 0.056373 -0.089392
v 0.384931 0.336473 -0.095838
v 0.377078 0.365342 -0.076766
v 0.348256 0.035667 -0.108221
v 0.361759 0.071549 -0.120964
v 0.375172 0.120394 -0.133672
v 0.381684 0.168551 -0.140708
v 0.382554 0.216709 -0.141670
v 0.378424 0.264866 -0.137397
v 0.371664 0.317462 -0.120959
v 0.348992 0.356782 -0.117864
v 0.343157 0.086725 -0.149571
v 0.351093 0.120394 -0.156384
v 0.357606 0.168551 -0.162132
v 0.358475 0.216709 -0.162933
v 0.354345 0.264866 -0.159302
v 0.344433 0.313024 -0.150762
v 0.337645 0.337797 -0.144937
v 0.019263 0.478385 -0.025936
v 0.032105 0.485214 -0.011122
v 0.024079 0.457681 -0.072236
v 0.019789 0.409930 -0.129216
v 0.024079 0.437589 -0.101711
v 0.032982 0.394271 -0.152293
v 0.054512 0.479823 -0.043227
v 0.071233 0.490066 -0.025936
v 0.071233 0.470080 -0.070382
v 0.086617 0.484047 -0.053094
v 0.072236 0.425807 -0.134728
v 0.072236 0.444442 -0.110650
v 0.072236 0.401728 -0.158615
v 0.120394 0.499993 -0.024079
v 0.120394 0.473847 -0.082415
v 0.120394 0.486669 -0.058336
v 0.120394 0.430532 -0.141376
v 0.120394 0.449768 -0.117298
v 0.120394 0.406454 -0.162590
v 0.168551 0.501383 -0.024079
v 0.168551 0.474783 -0.084031
v 0.168551 0.487431 -0.059952
v 0.168551 0.431569 -0.142498
v 0.168551 0.450705 -0.118419
v 0.168551 0.407490 -0.163503
v 0.240542 0.481518 -0.048002
v 0.221377 0.492267 -0.028801
v 0.221377 0.473290 -0.071675
v 0.208437 0.485063 -0.055248
v 0.216709 0.427365 -0.138055
v 0.216709 0.447182 -0.113977
v 0.216709 0.403287 -0.159744
v 0.268533 0.477109 -0.028801
v 0.254925 0.487029 -0.015897
v 0.264866 0.458121 -0.072236
v 0.264866 0.417237 -0.127618
v 0.264866 0.439025 -0.103539
v 0.264866 0.393159 -0.151087
v 0.336339 0.432836 -0.046824
v 0.317381 0.451598 -0.028094
v 0.324779 0.423680 -0.072236
v 0.300700 0.440702 -0.072236
v 0.305728 0.403550 -0.114427
v 0.289330 0.433663 -0.096623
v 0.290021 0.386085 -0.145183
v 0.364248 0.412703 -0.030604
v 0.344041 0.439000 -0.014719
v 0.351200 0.399602 -0.072236
v 0.340653 0.388911 -0.100126
v 0.395541 0.024308 -0.019459
v 0.422908 0.073075 -0.024925
v 0.431012 0.104793 -0.041541
v 0.433364 0.288724 -0.048008
v 0.428834 0.316688 -0.028805
v 0.403445 0.365342 -0.027893
v 0.390858 0.040513 -0.057287
v 0.399315 0.072350 -0.072898
v 0.420789 0.120665 -0.069729
v 0.424903 0.168551 -0.080915
v 0.426103 0.216709 -0.083168
v 0.424878 0.269550 -0.071531
v 0.404616 0.317462 -0.076766
v 0.394479 0.352064 -0.063733
v 0.389439 0.088478 -0.101601
v 0.395358 0.120394 -0.109593
v 0.400824 0.168551 -0.116629
v 0.402024 0.216709 -0.117592
v 0.398704 0.264866 -0.113318
v 0.392301 0.304368 -0.105284
v 0.436392 0.089687 -0.009436
v 0.441033 0.120665 -0.024925
v 0.450842 0.168551 -0.024079
v 0.452575 0.216709 -0.024079
v 0.443737 0.269550 -0.028805
v 0.438588 0.303079 -0.015903
v 0.435369 0.136898 -0.052005
v 0.437799 0.168551 -0.056836
v 0.438906 0.216709 -0.059089
v 0.436844 0.256619 -0.055008
v 0.391048 0.392570 -0.014383
vn -0.5729 -0.5861 0.5729
vn -0.6792 -0.6238 0.3867
vn -0.6565 -0.7519 0.0597
vn -0.7698 -0.6197 0.1526
vn -0.3867 -0.6238 0.6792
vn -0.4057 -0.8191 0.4057
vn -0.5074 -0.6964 0.5074
vn -0.4520 -0.8796 0.1480
vn -0.6198 -0.7240 0.3028
vn -0.0597 -0.7519 0.6565
vn -0.1526 -0.6197 0.7698
vn -0.1480 -0.8796 0.4520
vn -0.3028 -0.7240 0.6198
vn -0.1627 -0.9736 0.1604
vn -0.2380 -0.9417 0.2380
vn -0.8646 -0.2253 0.4491
vn -0.8723 -0.1638 0.4608
vn -0.8764 -0.1260 0.4648
vn -0.8824 -0.0739 0.4646
vn -0.8857 -0.0248 0.4637
vn -0.9158 -0.3047 0.2618
vn -0.9272 -0.2354 0.2915
vn -0.9376 -0.1827 0.2959
vn -0.9423 -0.1306 0.3084
vn -0.9467 -0.0769 0.3129
vn -0.9489 -0.0255 0.3147
vn -0.9493 -0.3021 0.0872
vn -0.9639 -0.2437 0.1077
vn -0.9753 -0.1902 0.1124
vn -0.9850 -0.1335 0.1097
vn -0.9910 -0.0786 0.1080
vn -0.9939 -0.0263 0.1073
vn -0.6781 -0.2833 0.6781
vn -0.6884 -0.2282 0.6884
vn -0.6956 -0.1796 0.6956
vn -0.7015 -0.1256 0.7015
vn -0.7052 -0.0734 0.7052
vn -0.7070 -0.0236 0.7068
vn -0.7745 -0.3497 0.5271
vn -0.7878 -0.3079 0.5335
vn -0.7954 -0.2579 0.5485
vn -0.7939 -0.1866 0.5787
vn -0.7965 -0.1353 0.5894
vn -0.7954 -0.0796 0.6009
vn -0.7938 -0.0264 0.6076
vn -0.8244 -0.4821 0.2966
vn -0.8635 -0.3715 0.3412
vn -0.8652 -0.3464 0.3625
vn -0.8583 -0.2925 0.4216
vn -0.8703 -0.4800 0.1101
vn -0.9049 -0.4061 0.1272
vn -0.9257 -0.3580 0.1218
vn -0.4491 -0.2253 0.8646
vn -0.4608 -0.1638 0.8723
vn -0.4648 -0.1260 0.8764
vn -0.4641 -0.0733 0.8827
vn -0.4910 -0.0554 0.8694
vn -0.5271 -0.3497 0.7745
vn -0.5335 -0.3079 0.7878
vn -0.5485 -0.2579 0.7954
vn -0.5787 -0.1866 0.7939
vn -0.5894 -0.1353 0.7965
vn -0.6009 -0.0796 0.7954
vn -0.6075 -0.0267 0.7938
vn -0.6132 -0.4980 0.6132
vn -0.6461 -0.4065 0.6461
vn -0.6634 -0.3462 0.6634
vn -0.7292 -0.5586 0.3952
vn -0.7439 -0.4479 0.4960
vn -0.8028 -0.5797 0.1398
vn -0.4357 -0.3279 0.8382
vn -0.2618 -0.3047 0.9158
vn -0.2915 -0.2354 0.9272
vn -0.2959 -0.1827 0.9376
vn -0.3084 -0.1306 0.9423
vn -0.3242 -0.0963 0.9411
vn -0.3712 -0.1547 0.9156
vn -0.2966 -0.4821 0.8244
vn -0.3412 -0.3715 0.8635
vn -0.3625 -0.3464 0.8652
vn -0.4216 -0.2925 0.8583
vn -0.3952 -0.5586 0.7292
vn -0.4960 -0.4479 0.7439
vn -0.3880 -0.4594 0.7990
vn -0.0872 -0.3021 0.9493
vn -0.1076 -0.2437 0.9639
vn -0.1124 -0.1902 0.9753
vn -0.1182 -0.1448 0.9824
vn -0.1505 -0.1207 0.9812
vn -0.2295 -0.2551 0.9393
vn -0.1101 -0.4800 0.8703
vn -0.1272 -0.4061 0.9049
vn -0.1218 -0.3580 0.9257
vn -0.1398 -0.5797 0.8028
vn -0.8857 0.0248 0.4637
vn -0.8824 0.0739 0.4646
vn -0.8780 0.1227 0.4627
vn -0.8794 0.1623 0.4475
vn -0.8800 0.2143 0.4239
vn -0.9489 0.0255 0.3147
vn -0.9467 0.0769 0.3129
vn -0.9423 0.1306 0.3084
vn -0.9376 0.1827 0.2959
vn -0.9272 0.2354 0.2915
vn -0.9168 0.3028 0.2603
vn -0.9939 0.0263 0.1073
vn -0.9910 0.0786 0.1080
vn -0.9850 0.1335 0.1097
vn -0.9753 0.1902 0.1124
vn -0.9639 0.2437 0.1077
vn -0.9493 0.3021 0.0872
vn -0.7073 0.0195 0.7066
vn -0.7236 0.0567 0.6879
vn -0.7681 0.0486 0.6384
vn -0.8348 0.0684 0.5462
vn -0.8828 0.1647 0.4400
vn -0.8965 0.2226 0.3832
vn -0.7945 0.0252 0.6067
vn -0.7966 0.0827 0.5988
vn -0.8163 0.1085 0.5673
vn -0.8444 0.1568 0.5122
vn -0.8600 0.2270 0.4570
vn -0.8730 0.2940 0.3891
vn -0.8619 0.3582 0.3589
vn -0.8807 0.2764 0.3845
vn -0.8800 0.3442 0.3273
vn -0.8674 0.3853 0.3149
vn -0.8294 0.4772 0.2905
vn -0.9260 0.3577 0.1206
vn -0.9049 0.4065 0.1259
vn -0.8703 0.4800 0.1101
vn -0.7913 -0.2127 0.5733
vn -0.8277 -0.0976 0.5526
vn -0.8359 0.0395 0.5475
vn -0.8246 0.1582 0.5431
vn -0.7952 0.2927 0.5310
vn -0.5803 -0.0504 0.8128
vn -0.6993 -0.0806 0.7103
vn -0.7829 -0.1497 0.6039
vn -0.8534 -0.0573 0.5182
vn -0.8792 0.0546 0.4734
vn -0.8848 0.1926 0.4242
vn -0.8561 0.3252 0.4018
vn -0.8058 0.4568 0.3768
vn -0.6266 0.0106 0.7793
vn -0.6870 0.0074 0.7266
vn -0.7813 -0.0308 0.6235
vn -0.8607 -0.0033 0.5091
vn -0.8996 0.1062 0.4237
vn -0.9086 0.2291 0.3493
vn -0.8810 0.3440 0.3250
vn -0.8339 0.4741 0.2826
vn -0.8914 0.2983 0.3411
vn -0.8591 0.3937 0.3269
vn -0.8123 0.5175 0.2691
vn -0.8265 0.4415 0.3494
vn -0.7777 0.5451 0.3131
vn -0.8055 0.5774 0.1331
vn -0.6447 -0.3218 0.6934
vn -0.6790 -0.2320 0.6965
vn -0.6895 -0.1048 0.7167
vn -0.6925 0.0395 0.7203
vn -0.6801 0.1815 0.7103
vn -0.6579 0.3064 0.6879
vn -0.5897 -0.3441 0.7307
vn -0.7071 -0.3101 0.6355
vn -0.7520 -0.2550 0.6079
vn -0.7627 -0.1127 0.6369
vn -0.7677 0.0416 0.6395
vn -0.7504 0.1894 0.6332
vn -0.7136 0.3620 0.5998
vn -0.6772 0.4707 0.5655
vn -0.5423 -0.1849 0.8196
vn -0.6828 -0.2008 0.7025
vn -0.7428 -0.2293 0.6290
vn -0.7586 0.4144 0.5027
vn -0.7329 0.5229 0.4352
vn -0.7625 0.5675 0.3107
vn -0.7736 0.5875 0.2375
vn -0.5116 -0.2052 0.8343
vn -0.5167 -0.0920 0.8512
vn -0.5148 0.0440 0.8562
vn -0.5065 0.1573 0.8477
vn -0.4930 0.2911 0.8199
vn -0.4704 -0.4723 0.7455
vn -0.5311 -0.3933 0.7505
vn -0.5903 -0.2628 0.7632
vn -0.6116 -0.1081 0.7838
vn -0.6107 0.0428 0.7907
vn -0.5998 0.1912 0.7770
vn -0.5624 0.3581 0.7453
vn -0.5241 0.4661 0.7128
vn -0.4808 -0.4598 0.7466
vn -0.5744 -0.3988 0.7149
vn -0.6252 0.4250 0.6546
vn -0.5801 0.5179 0.6287
vn -0.7577 0.6008 0.2550
vn -0.7381 0.6060 0.2966
vn -0.7692 0.6230 0.1422
vn -0.6567 0.7518 0.0596
vn -0.6322 0.5736 0.5209
vn -0.6815 0.6145 0.3974
vn -0.7178 0.6292 0.2982
vn -0.6442 0.7265 0.2392
vn -0.7315 0.6407 0.2332
vn -0.6373 0.7481 0.1847
vn -0.6752 0.6772 0.2926
vn -0.5523 0.8100 0.1970
vn -0.6506 0.7200 0.2415
vn -0.4802 0.8707 0.1063
vn -0.5380 0.6197 0.5714
vn -0.5854 0.6761 0.4474
vn -0.5164 0.7653 0.3842
vn -0.6216 0.6998 0.3519
vn -0.5280 0.7998 0.2855
vn -0.5541 0.8151 0.1693
vn -0.5180 0.8478 0.1138
vn -0.4076 0.9130 0.0187
vn -0.6565 -0.7519 -0.0597
vn -0.7698 -0.6197 -0.1526
vn -0.6792 -0.6238 -0.3867
vn -0.5729 -0.5861 -0.5729
vn -0.4520 -0.8796 -0.1480
vn -0.6198 -0.7240 -0.3028
vn -0.4057 -0.8191 -0.4057
vn -0.5074 -0.6964 -0.5074
vn -0.3867 -0.6238 -0.6792
vn -0.1673 -0.9727 -0.1606
vn -0.2380 -0.9417 -0.2380
vn -0.1480 -0.8796 -0.4520
vn -0.3028 -0.7240 -0.6198
vn -0.0597 -0.7519 -0.6565
vn -0.1526 -0.6197 -0.7698
vn -0.9493 -0.3021 -0.0872
vn -0.9639 -0.2437 -0.1076
vn -0.9753 -0.1902 -0.1124
vn -0.9850 -0.1335 -0.1097
vn -0.9910 -0.0786 -0.1080
vn -0.9939 -0.0263 -0.1073
vn -0.9158 -0.3047 -0.2618
vn -0.9272 -0.2354 -0.2915
vn -0.9376 -0.1827 -0.2959
vn -0.9423 -0.1306 -0.3084
vn -0.9467 -0.0769 -0.3129
vn -0.9489 -0.0255 -0.3147
vn -0.8646 -0.2253 -0.4491
vn -0.8723 -0.1638 -0.4608
vn -0.8764 -0.1260 -0.4648
vn -0.8824 -0.0739 -0.4646
vn -0.8857 -0.0248 -0.4637
vn -0.8703 -0.4800 -0.1101
vn -0.9049 -0.4062 -0.1272
vn -0.9257 -0.3580 -0.1218
vn -0.8244 -0.4821 -0.2966
vn -0.8635 -0.3715 -0.3412
vn -0.8652 -0.3464 -0.3625
vn -0.8583 -0.2925 -0.4216
vn -0.7745 -0.3497 -0.5271
vn -0.7878 -0.3079 -0.5335
vn -0.7954 -0.2579 -0.5485
vn -0.7939 -0.1866 -0.5787
vn -0.7965 -0.1353 -0.5894
vn -0.7954 -0.0796 -0.6009
vn -0.7938 -0.0264 -0.6076
vn -0.6781 -0.2833 -0.6781
vn -0.6884 -0.2282 -0.6884
vn -0.6956 -0.1796 -0.6956
vn -0.7015 -0.1256 -0.7015
vn -0.7052 -0.0734 -0.7052
vn -0.7069 -0.0235 -0.7069
vn -0.8028 -0.5797 -0.1398
vn -0.7292 -0.5586 -0.3952
vn -0.7439 -0.4479 -0.4960
vn -0.6132 -0.4980 -0.6132
vn -0.6461 -0.4065 -0.6461
vn -0.6634 -0.3462 -0.6634
vn -0.5271 -0.3497 -0.7745
vn -0.5335 -0.3079 -0.7878
vn -0.5485 -0.2579 -0.7954
vn -0.5787 -0.1866 -0.7939
vn -0.5894 -0.1353 -0.7965
vn -0.6009 -0.0796 -0.7954
vn -0.6076 -0.0264 -0.7938
vn -0.4491 -0.2253 -0.8646
vn -0.4608 -0.1638 -0.8723
vn -0.4648 -0.1260 -0.8764
vn -0.4646 -0.0739 -0.8824
vn -0.4637 -0.0248 -0.8857
vn -0.3952 -0.5586 -0.7292
vn -0.4960 -0.4479 -0.7439
vn -0.2966 -0.4821 -0.8244
vn -0.3412 -0.3715 -0.8635
vn -0.3625 -0.3464 -0.8652
vn -0.4216 -0.2925 -0.8583
vn -0.2618 -0.3047 -0.9158
vn -0.2915 -0.2354 -0.9272
vn -0.2959 -0.1827 -0.9376
vn -0.3084 -0.1306 -0.9422
vn -0.3129 -0.0769 -0.9467
vn -0.3122 -0.0249 -0.9497
vn -0.1398 -0.5797 -0.8028
vn -0.1101 -0.4800 -0.8703
vn -0.1272 -0.4062 -0.9049
vn -0.1218 -0.3580 -0.9257
vn -0.0872 -0.3021 -0.9493
vn -0.1077 -0.2437 -0.9639
vn -0.1124 -0.1902 -0.9753
vn -0.1097 -0.1335 -0.9850
vn -0.1098 -0.0794 -0.9908
vn -0.1199 -0.0451 -0.9918
vn -0.0574 -0.0583 -0.9966
vn -0.9939 0.0263 -0.1073
vn -0.9910 0.0786 -0.1080
vn -0.9850 0.1335 -0.1097
vn -0.9753 0.1902 -0.1124
vn -0.9639 0.2437 -0.1076
vn -0.9493 0.3021 -0.0872
vn -0.9489 0.0255 -0.3147
vn -0.9467 0.0769 -0.3129
vn -0.9423 0.1306 -0.3084
vn -0.9376 0.1827 -0.2959
vn -0.9272 0.2354 -0.2915
vn -0.9158 0.3047 -0.2618
vn -0.8857 0.0248 -0.4637
vn -0.8824 0.0739 -0.4646
vn -0.8764 0.1260 -0.4648
vn -0.8723 0.1638 -0.4608
vn -0.8646 0.2253 -0.4491
vn -0.9257 0.3580 -0.1218
vn -0.9049 0.4062 -0.1272
vn -0.8703 0.4800 -0.1101
vn -0.8583 0.2925 -0.4216
vn -0.8652 0.3464 -0.3625
vn -0.8635 0.3715 -0.3412
vn -0.8244 0.4821 -0.2966
vn -0.7938 0.0264 -0.6076
vn -0.7954 0.0796 -0.6009
vn -0.7965 0.1353 -0.5894
vn -0.7939 0.1866 -0.5787
vn -0.7954 0.2579 -0.5485
vn -0.7878 0.3079 -0.5335
vn -0.7745 0.3497 -0.5271
vn -0.7069 0.0235 -0.7069
vn -0.7052 0.0734 -0.7052
vn -0.7015 0.1256 -0.7015
vn -0.6956 0.1796 -0.6956
vn -0.6884 0.2282 -0.6884
vn -0.6781 0.2833 -0.6781
vn -0.8028 0.5797 -0.1398
vn -0.7439 0.4479 -0.4960
vn -0.7292 0.5586 -0.3952
vn -0.6634 0.3462 -0.6634
vn -0.6461 0.4065 -0.6461
vn -0.6132 0.4980 -0.6132
vn -0.6076 0.0264 -0.7938
vn -0.6009 0.0796 -0.7954
vn -0.5894 0.1353 -0.7965
vn -0.5787 0.1866 -0.7939
vn -0.5442 0.2609 -0.7974
vn -0.5302 0.3076 -0.7901
vn -0.5257 0.3481 -0.7762
vn -0.4637 0.0248 -0.8857
vn -0.4646 0.0739 -0.8824
vn -0.4648 0.1260 -0.8764
vn -0.4608 0.1638 -0.8723
vn -0.4442 0.2310 -0.8656
vn -0.4960 0.4479 -0.7439
vn -0.3952 0.5586 -0.7292
vn -0.4069 0.2968 -0.8639
vn -0.3568 0.3354 -0.8719
vn -0.3441 0.3687 -0.8635
vn -0.2991 0.4834 -0.8227
vn -0.3122 0.0249 -0.9497
vn -0.3129 0.0769 -0.9467
vn -0.3084 0.1306 -0.9422
vn -0.2949 0.1861 -0.9372
vn -0.2839 0.2455 -0.9269
vn -0.2581 0.2950 -0.9200
vn -0.2244 0.5796 -0.7834
vn -0.2084 0.3355 -0.9187
vn -0.2389 0.3909 -0.8889
vn -0.2307 0.4815 -0.8456
vn -0.1199 0.0451 -0.9918
vn -0.1107 0.0787 -0.9907
vn -0.1195 0.1263 -0.9848
vn -0.1562 0.1799 -0.9712
vn -0.1918 0.2471 -0.9498
vn -0.1913 0.2846 -0.9394
vn -0.0574 0.0583 -0.9966
vn -0.7698 0.6197 -0.1526
vn -0.6565 0.7519 -0.0597
vn -0.6792 0.6238 -0.3867
vn -0.5729 0.5861 -0.5729
vn -0.6198 0.7240 -0.3028
vn -0.4563 0.8778 -0.1460
vn -0.4931 0.7004 -0.5161
vn -0.3973 0.8140 -0.4237
vn -0.3770 0.6318 -0.6773
vn -0.2933 0.9293 -0.2246
vn -0.2583 0.7319 -0.6306
vn -0.1936 0.8491 -0.4915
vn -0.2189 0.6468 -0.7306
vn -0.1643 0.7538 -0.6362
vn 0.0597 -0.7519 0.6565
vn 0.1526 -0.6197 0.7698
vn 0.1480 -0.8796 0.4520
vn 0.3028 -0.7240 0.6198
vn 0.1627 -0.9735 0.1606
vn 0.2380 -0.9417 0.2380
vn 0.3867 -0.6238 0.6792
vn 0.4057 -0.8191 0.4057
vn 0.5074 -0.6964 0.5074
vn 0.4520 -0.8796 0.1480
vn 0.6198 -0.7240 0.3028
vn 0.5729 -0.5861 0.5729
vn 0.6792 -0.6238 0.3867
vn 0.6565 -0.7519 0.0597
vn 0.7698 -0.6197 0.1526
vn -0.3141 -0.5902 0.7437
vn -0.1919 -0.5086 0.8393
vn -0.3177 -0.5628 0.7631
vn 0.0872 -0.3021 0.9493
vn 0.1076 -0.2437 0.9639
vn 0.1092 -0.1933 0.9750
vn 0.0761 -0.1856 0.9797
vn -0.0652 -0.2446 0.9674
vn -0.2160 -0.3479 0.9123
vn 0.1101 -0.4800 0.8703
vn 0.1272 -0.4062 0.9049
vn 0.1218 -0.3580 0.9257
vn 0.1398 -0.5797 0.8028
vn -0.2242 -0.6359 0.7385
vn -0.0972 -0.6415 0.7610
vn -0.1826 -0.6526 0.7354
vn 0.2618 -0.3047 0.9158
vn 0.2915 -0.2354 0.9272
vn 0.2954 -0.1941 0.9354
vn 0.2125 -0.3044 0.9285
vn 0.0426 -0.4482 0.8929
vn 0.2966 -0.4821 0.8244
vn 0.3412 -0.3715 0.8635
vn 0.3625 -0.3464 0.8652
vn 0.4216 -0.2925 0.8583
vn 0.3952 -0.5586 0.7292
vn 0.4960 -0.4479 0.7439
vn -0.0987 -0.6740 0.7321
vn -0.0200 -0.7316 0.6815
vn -0.0760 -0.7305 0.6786
vn 0.4491 -0.2253 0.8646
vn 0.4410 -0.2168 0.8709
vn 0.3300 -0.4507 0.8294
vn 0.1258 -0.6454 0.7534
vn 0.5271 -0.3497 0.7745
vn 0.5335 -0.3079 0.7878
vn 0.5485 -0.2579 0.7954
vn 0.5705 -0.2486 0.7828
vn 0.4905 -0.4263 0.7600
vn 0.6132 -0.4980 0.6132
vn 0.6461 -0.4065 0.6461
vn 0.6634 -0.3462 0.6634
vn 0.7292 -0.5586 0.3952
vn 0.7439 -0.4479 0.4960
vn 0.8028 -0.5797 0.1398
vn 0.0479 -0.6876 0.7245
vn 0.0912 -0.7939 0.6011
vn 0.0585 -0.7611 0.6460
vn 0.3479 -0.6369 0.6880
vn 0.2155 -0.7805 0.5868
vn 0.6807 -0.2818 0.6763
vn 0.6916 -0.2298 0.6848
vn 0.6736 -0.2939 0.6781
vn 0.5246 -0.5979 0.6060
vn 0.3686 -0.7688 0.5226
vn 0.7745 -0.3497 0.5271
vn 0.7897 -0.3041 0.5328
vn 0.8034 -0.2528 0.5390
vn 0.7827 -0.2711 0.5603
vn 0.6641 -0.5140 0.5430
vn 0.8244 -0.4821 0.2966
vn 0.8635 -0.3715 0.3412
vn 0.8659 -0.3425 0.3645
vn 0.8617 -0.2772 0.4249
vn 0.8703 -0.4800 0.1101
vn 0.9049 -0.4062 0.1272
vn 0.9257 -0.3580 0.1218
vn 0.1853 -0.6791 0.7103
vn 0.1874 -0.8111 0.5541
vn 0.1986 -0.7513 0.6294
vn 0.2604 -0.8587 0.4415
vn 0.5010 -0.7266 0.4702
vn 0.3822 -0.8274 0.4116
vn 0.8625 -0.2311 0.4502
vn 0.8261 -0.3315 0.4556
vn 0.6387 -0.6700 0.3784
vn 0.4597 -0.8328 0.3085
vn 0.9160 -0.3002 0.2660
vn 0.9231 -0.2358 0.3040
vn 0.8973 -0.3254 0.2984
vn 0.7841 -0.5819 0.2158
vn 0.9493 -0.3021 0.0872
vn 0.9626 -0.2480 0.1085
vn 0.9503 -0.2976 0.0917
vn 0.8629 -0.5038 0.0399
vn 0.2949 -0.6609 0.6901
vn 0.2909 -0.7972 0.5290
vn 0.3472 -0.7255 0.5942
vn 0.3248 -0.8567 0.4008
vn 0.4035 -0.7692 0.4954
vn 0.3687 -0.8802 0.2987
vn 0.5547 -0.7991 0.2318
vn 0.4401 -0.8776 0.1903
vn 0.6410 -0.7541 0.1432
vn 0.5385 -0.8405 0.0591
vn 0.7321 -0.6803 -0.0352
vn 0.6264 -0.7706 -0.1172
vn 0.4674 -0.6862 0.5574
vn 0.4511 -0.8098 0.3752
vn 0.5176 -0.7348 0.4383
vn 0.4603 -0.8494 0.2580
vn 0.5601 -0.7672 0.3126
vn 0.4807 -0.8660 0.1380
vn 0.5764 -0.7923 0.1999
vn 0.5242 -0.8516 0.0013
vn 0.5184 -0.8394 -0.1633
vn 0.5753 -0.7834 -0.2352
vn 0.6155 -0.6843 0.3910
vn 0.6362 -0.7183 0.2817
vn 0.5931 -0.8008 0.0833
vn 0.6672 -0.7341 0.1260
vn 0.5986 -0.8010 -0.0036
vn 0.6804 -0.7327 -0.0130
vn 0.5965 -0.7958 -0.1043
vn 0.6751 -0.7211 -0.1557
vn 0.7302 -0.6485 0.2150
vn 0.7410 -0.6655 0.0895
vn 0.7508 -0.6602 -0.0210
vn 0.7473 -0.6537 -0.1191
vn -0.2027 -0.0508 0.9779
vn -0.2015 0.0263 0.9791
vn -0.2024 0.1381 0.9695
vn -0.0464 -0.2043 0.9778
vn -0.0727 -0.0774 0.9943
vn -0.0778 0.0261 0.9966
vn -0.0757 0.1463 0.9863
vn 0.0249 -0.2029 0.9789
vn 0.0289 -0.0784 0.9965
vn 0.0336 0.0265 0.9991
vn 0.0277 0.1545 0.9876
vn 0.1437 -0.2029 0.9686
vn 0.1520 -0.0709 0.9858
vn 0.1619 0.0213 0.9866
vn 0.1602 0.1503 0.9756
vn -0.3615 -0.3658 0.8576
vn -0.3845 -0.2468 0.8895
vn -0.3976 -0.1047 0.9115
vn -0.4055 0.0482 0.9128
vn -0.3842 0.1883 0.9038
vn -0.3718 0.3204 0.8713
vn -0.3527 0.4483 0.8214
vn -0.3925 -0.5304 0.7514
vn -0.4449 -0.4489 0.7750
vn -0.4868 -0.3387 0.8052
vn -0.4646 0.4114 0.7842
vn -0.4129 0.5125 0.7529
vn -0.4028 -0.5257 0.7492
vn -0.4838 0.5720 0.6624
vn -0.2035 -0.5105 0.8354
vn -0.2433 -0.3878 0.8891
vn -0.2736 -0.2774 0.9210
vn -0.3095 -0.1132 0.9441
vn -0.3137 0.0429 0.9486
vn -0.2832 0.2126 0.9352
vn -0.2563 0.3356 0.9065
vn -0.2238 0.4684 0.8547
vn -0.2612 -0.5879 0.7656
vn -0.3343 -0.4883 0.8061
vn -0.2544 0.5614 0.7875
vn -0.0933 -0.5145 0.8524
vn -0.1028 -0.3982 0.9115
vn -0.1081 -0.3122 0.9438
vn -0.1830 -0.1876 0.9650
vn -0.1117 0.2565 0.9601
vn -0.1059 0.3717 0.9223
vn -0.0991 0.4775 0.8730
vn -0.1080 -0.6102 0.7849
vn -0.1050 0.5816 0.8067
vn 0.0462 -0.5156 0.8556
vn 0.0482 -0.4018 0.9145
vn 0.0444 -0.3173 0.9473
vn 0.0501 0.2694 0.9617
vn 0.0478 0.3824 0.9227
vn 0.0458 0.4768 0.8778
vn 0.0489 -0.6116 0.7897
vn 0.0499 0.5849 0.8096
vn 0.1663 -0.5106 0.8436
vn 0.1916 -0.3833 0.9035
vn 0.2157 -0.2832 0.9345
vn 0.2581 -0.1088 0.9600
vn 0.2670 0.0439 0.9627
vn 0.2318 0.2229 0.9469
vn 0.2023 0.3500 0.9146
vn 0.1750 0.4718 0.8642
vn 0.1950 -0.6000 0.7759
vn 0.1977 0.5737 0.7949
vn 0.2893 -0.4944 0.8197
vn 0.3182 -0.3770 0.8698
vn 0.3316 -0.2545 0.9085
vn 0.3634 -0.1060 0.9256
vn 0.3718 0.0444 0.9272
vn 0.3484 0.1975 0.9163
vn 0.3320 0.3289 0.8841
vn 0.3000 0.4598 0.8358
vn 0.3489 -0.5582 0.7528
vn 0.4055 -0.4672 0.7857
vn 0.4223 0.4246 0.8009
vn 0.3593 0.5322 0.7666
vn 0.4186 -0.6256 0.6583
vn 0.4426 -0.3575 0.8224
vn 0.4611 -0.2262 0.8580
vn 0.4652 -0.1015 0.8793
vn 0.4681 0.0453 0.8825
vn 0.4637 0.1758 0.8684
vn 0.4538 0.2980 0.8398
vn 0.4664 -0.5203 0.7154
vn 0.5090 -0.4146 0.7543
vn 0.5577 -0.2610 0.7879
vn 0.5781 -0.1066 0.8090
vn 0.5869 0.0516 0.8080
vn 0.5727 0.1963 0.7959
vn 0.5255 0.3607 0.7706
vn 0.4773 0.4853 0.7326
vn 0.5314 -0.5803 0.6171
vn 0.5764 -0.4817 0.6601
vn 0.5430 0.5488 0.6356
vn 0.5800 -0.6308 0.5155
vn 0.6151 -0.3657 0.6985
vn 0.6285 -0.2593 0.7334
vn 0.6472 -0.1011 0.7556
vn 0.6572 0.0454 0.7524
vn 0.6421 0.1821 0.7447
vn 0.6181 0.3196 0.7182
vn 0.5874 0.4416 0.6783
vn 0.6340 -0.5280 0.5651
vn 0.6748 -0.4196 0.6071
vn 0.7031 -0.3043 0.6427
vn 0.7253 -0.1762 0.6655
vn 0.7194 0.2400 0.6518
vn 0.6943 0.3517 0.6279
vn 0.6489 0.4875 0.5842
vn 0.6767 -0.5757 0.4589
vn 0.7170 -0.4755 0.5098
vn 0.6835 0.5388 0.4925
vn 0.7036 -0.6197 0.3476
vn -0.3619 0.6123 0.7029
vn -0.4200 0.6640 0.6187
vn -0.3513 0.7548 0.5539
vn -0.4794 0.7121 0.5129
vn -0.4017 0.8089 0.4294
vn -0.4584 0.8348 0.3048
vn -0.3631 0.9007 0.2384
vn -0.4724 0.8662 0.1631
vn -0.3672 0.9207 0.1320
vn -0.4296 0.9016 0.0506
vn -0.3628 0.9319 0.0069
vn -0.2995 0.9521 -0.0616
vn -0.3093 0.9448 -0.1077
vn -0.2495 0.6289 0.7363
vn -0.2856 0.7034 0.6509
vn -0.2408 0.7948 0.5571
vn -0.2590 0.8348 0.4859
vn -0.1911 0.8996 0.3926
vn -0.3316 0.8686 0.3683
vn -0.2255 0.9375 0.2649
vn -0.2426 0.9591 0.1460
vn -0.2511 0.9679 -0.0107
vn -0.2281 0.9600 -0.1627
vn -0.1032 0.6445 0.7577
vn -0.0500 0.7337 0.6776
vn -0.1683 0.7244 0.6685
vn -0.1009 0.8138 0.5723
vn -0.1014 0.8568 0.5056
vn -0.0837 0.9146 0.3957
vn -0.0964 0.9549 0.2810
vn -0.0998 0.9836 0.1504
vn -0.0990 0.9950 -0.0094
vn -0.0999 0.9797 -0.1738
vn 0.0424 0.6493 0.7594
vn 0.0265 0.7340 0.6786
vn 0.0386 0.8164 0.5762
vn 0.0465 0.8625 0.5040
vn 0.0433 0.9167 0.3972
vn 0.0432 0.9573 0.2858
vn 0.0449 0.9878 0.1488
vn 0.0483 0.9988 -0.0102
vn 0.0510 0.9835 -0.1734
vn 0.1896 0.6334 0.7502
vn 0.1259 0.7288 0.6730
vn 0.2498 0.7115 0.6568
vn 0.1874 0.8041 0.5643
vn 0.1906 0.8464 0.4972
vn 0.1540 0.9068 0.3925
vn 0.1772 0.9458 0.2721
vn 0.1904 0.9711 0.1441
vn 0.1982 0.9800 -0.0155
vn 0.2011 0.9640 -0.1742
vn 0.3211 0.6139 0.7211
vn 0.3549 0.6857 0.6355
vn 0.3122 0.7736 0.5514
vn 0.3518 0.8199 0.4516
vn 0.2817 0.8808 0.3805
vn 0.4021 0.8438 0.3554
vn 0.3010 0.9162 0.2644
vn 0.3090 0.9426 0.1267
vn 0.3252 0.9454 -0.0223
vn 0.4253 0.8718 -0.2430
vn 0.3194 0.9334 -0.1639
vn 0.4360 0.5880 0.6813
vn 0.4874 0.6464 0.5870
vn 0.4360 0.7314 0.5244
vn 0.5429 0.6847 0.4862
vn 0.4685 0.7797 0.4154
vn 0.5063 0.8101 0.2956
vn 0.4320 0.8713 0.2328
vn 0.5525 0.8239 0.1260
vn 0.4502 0.8877 0.0965
vn 0.5536 0.8325 -0.0211
vn 0.4561 0.8898 -0.0144
vn 0.5344 0.8272 -0.1735
vn 0.4479 0.8854 -0.1242
vn 0.5948 0.5971 0.5382
vn 0.6342 0.6425 0.4301
vn 0.5753 0.7268 0.3751
vn 0.6828 0.6813 0.2638
vn 0.6085 0.7541 0.2472
vn 0.7075 0.6932 0.1379
vn 0.6271 0.7683 0.1283
vn 0.7077 0.7065 -0.0098
vn 0.6270 0.7789 -0.0141
vn 0.6944 0.7026 -0.1552
vn 0.6085 0.7799 -0.1466
vn 0.7350 -0.0407 0.6768
vn 0.7352 0.0317 0.6771
vn 0.7327 0.1215 0.6697
vn 0.7557 -0.3632 0.5450
vn 0.7947 -0.2569 0.5499
vn 0.8141 -0.1000 0.5721
vn 0.8132 0.0447 0.5803
vn 0.8067 0.1863 0.5608
vn 0.7801 0.3089 0.5441
vn 0.7373 0.4283 0.5225
vn 0.7639 -0.5110 0.3940
vn 0.8077 -0.4018 0.4315
vn 0.8351 -0.2768 0.4755
vn 0.8578 -0.1046 0.5031
vn 0.8621 0.0567 0.5035
vn 0.8481 0.1982 0.4914
vn 0.8287 0.3481 0.4383
vn 0.7886 0.4544 0.4143
vn 0.8033 -0.5276 0.2763
vn 0.8391 -0.4499 0.3058
vn 0.8702 -0.3345 0.3618
vn 0.8564 0.3988 0.3281
vn 0.8239 0.4939 0.2780
vn 0.8174 -0.5637 0.1187
vn 0.8661 -0.4809 0.1361
vn 0.8773 0.4283 0.2165
vn 0.8277 0.5417 0.1466
vn 0.8158 -0.5778 -0.0247
vn 0.8716 -0.4893 -0.0283
vn 0.8375 0.5465 -0.0034
vn 0.8199 -0.5514 -0.1540
vn 0.8620 -0.4773 -0.1706
vn 0.8762 0.4158 -0.2439
vn 0.8306 0.5297 -0.1717
vn 0.9006 -0.2073 0.3821
vn 0.9182 -0.0881 0.3861
vn 0.9171 0.0528 0.3952
vn 0.9042 0.1635 0.3947
vn 0.8793 0.2886 0.3789
vn 0.9034 -0.3583 0.2354
vn 0.9383 -0.2322 0.2564
vn 0.9584 -0.1053 0.2655
vn 0.9589 0.0416 0.2807
vn 0.9433 0.1837 0.2765
vn 0.9156 0.3062 0.2607
vn 0.9235 -0.3651 0.1176
vn 0.9609 -0.2413 0.1357
vn 0.9834 -0.1117 0.1427
vn 0.9895 0.0362 0.1401
vn 0.9707 0.1985 0.1353
vn 0.9365 0.3228 0.1371
vn 0.8898 0.4470 0.0924
vn 0.9258 -0.3771 -0.0252
vn 0.9658 -0.2590 -0.0122
vn 0.9939 -0.1101 -0.0045
vn 0.9988 0.0469 -0.0134
vn 0.9796 0.1999 -0.0226
vn 0.9477 0.3189 -0.0143
vn 0.8968 0.4425 -0.0015
vn 0.9148 -0.3776 -0.1431
vn 0.9526 -0.2572 -0.1627
vn 0.9794 -0.1099 -0.1693
vn 0.9842 0.0543 -0.1687
vn 0.9654 0.2001 -0.1674
vn 0.9403 0.3031 -0.1546
vn 0.8931 0.4354 -0.1129
vn 0.7309 0.5740 0.3692
vn 0.7666 0.6021 0.2232
vn 0.7818 0.6087 0.1353
vn 0.7823 0.6229 -0.0053
vn 0.7766 0.6136 -0.1427
vn 0.1673 -0.9727 -0.1608
vn 0.2380 -0.9417 -0.2380
vn 0.1480 -0.8796 -0.4520
vn 0.3028 -0.7240 -0.6198
vn 0.0597 -0.7519 -0.6565
vn 0.1526 -0.6197 -0.7698
vn 0.4520 -0.8796 -0.1480
vn 0.6198 -0.7240 -0.3028
vn 0.4057 -0.8191 -0.4057
vn 0.5074 -0.6964 -0.5074
vn 0.3867 -0.6238 -0.6792
vn 0.6565 -0.7519 -0.0597
vn 0.7698 -0.6197 -0.1526
vn 0.6792 -0.6238 -0.3867
vn 0.5729 -0.5861 -0.5729
vn 0.1398 -0.5797 -0.8028
vn 0.1101 -0.4800 -0.8703
vn 0.1272 -0.4062 -0.9049
vn 0.1218 -0.3580 -0.9257
vn 0.0872 -0.3021 -0.9493
vn 0.1076 -0.2437 -0.9639
vn 0.1124 -0.1902 -0.9753
vn 0.1097 -0.1335 -0.9850
vn 0.1098 -0.0794 -0.9908
vn 0.1190 -0.0459 -0.9918
vn 0.0574 -0.0602 -0.9965
vn 0.3952 -0.5586 -0.7292
vn 0.4960 -0.4479 -0.7439
vn 0.2966 -0.4821 -0.8244
vn 0.3412 -0.3715 -0.8635
vn 0.3625 -0.3464 -0.8652
vn 0.4216 -0.2925 -0.8583
vn 0.2618 -0.3047 -0.9158
vn 0.2915 -0.2354 -0.9272
vn 0.2959 -0.1827 -0.9376
vn 0.3084 -0.1306 -0.9423
vn 0.3129 -0.0769 -0.9467
vn 0.3024 -0.0374 -0.9524
vn 0.8028 -0.5797 -0.1398
vn 0.7292 -0.5586 -0.3952
vn 0.7439 -0.4479 -0.4960
vn 0.6132 -0.4980 -0.6132
vn 0.6461 -0.4065 -0.6461
vn 0.6634 -0.3462 -0.6634
vn 0.5271 -0.3497 -0.7745
vn 0.5335 -0.3079 -0.7878
vn 0.5485 -0.2579 -0.7954
vn 0.5787 -0.1866 -0.7939
vn 0.5894 -0.1353 -0.7965
vn 0.5879 -0.0930 -0.8035
vn 0.5507 -0.1004 -0.8286
vn 0.4491 -0.2253 -0.8646
vn 0.4608 -0.1638 -0.8723
vn 0.4648 -0.1260 -0.8764
vn 0.4618 -0.0783 -0.8835
vn 0.4552 -0.0743 -0.8873
vn 0.8703 -0.4800 -0.1101
vn 0.9049 -0.4062 -0.1272
vn 0.9257 -0.3580 -0.1218
vn 0.8244 -0.4821 -0.2966
vn 0.8635 -0.3715 -0.3412
vn 0.8652 -0.3464 -0.3625
vn 0.8583 -0.2925 -0.4216
vn 0.7745 -0.3497 -0.5271
vn 0.7878 -0.3079 -0.5335
vn 0.7954 -0.2579 -0.5485
vn 0.7927 -0.1884 -0.5797
vn 0.7870 -0.1682 -0.5936
vn 0.7295 -0.1957 -0.6554
vn 0.6781 -0.2833 -0.6781
vn 0.6884 -0.2282 -0.6884
vn 0.6956 -0.1796 -0.6956
vn 0.6940 -0.1403 -0.7062
vn 0.6618 -0.1412 -0.7363
vn 0.5122 -0.2453 -0.8231
vn 0.4317 -0.1920 -0.8813
vn 0.9493 -0.3021 -0.0872
vn 0.9639 -0.2437 -0.1076
vn 0.9576 -0.2611 -0.1220
vn 0.8908 -0.4147 -0.1860
vn 0.9158 -0.3047 -0.2618
vn 0.9272 -0.2354 -0.2915
vn 0.9255 -0.2159 -0.3111
vn 0.8662 -0.3355 -0.3704
vn 0.7366 -0.4539 -0.5014
vn 0.8646 -0.2253 -0.4491
vn 0.8731 -0.1660 -0.4584
vn 0.8318 -0.2238 -0.5080
vn 0.6958 -0.3660 -0.6181
vn 0.5231 -0.5340 -0.6643
vn 0.6109 -0.3048 -0.7307
vn 0.4389 -0.4704 -0.7656
vn 0.7671 -0.5884 -0.2557
vn 0.6496 -0.7046 -0.2856
vn 0.7631 -0.5315 -0.3678
vn 0.6044 -0.6407 -0.4736
vn 0.4974 -0.6900 -0.5259
vn 0.5656 -0.5866 -0.5797
vn 0.4385 -0.6542 -0.6162
vn 0.3788 -0.5718 -0.7277
vn 0.5363 -0.7884 -0.3012
vn 0.5521 -0.7566 -0.3504
vn 0.5414 -0.7327 -0.4124
vn 0.5148 -0.7231 -0.4605
vn 0.4737 -0.6676 -0.5744
vn 0.6389 -0.7046 -0.3086
vn 0.6044 -0.6761 -0.4215
vn 0.7323 -0.6383 -0.2372
vn -0.2633 0.5863 -0.7661
vn -0.2458 0.3264 -0.9127
vn -0.3116 0.3737 -0.8736
vn -0.3129 0.4754 -0.8222
vn 0.1172 0.0451 -0.9921
vn 0.0956 0.0730 -0.9927
vn 0.0258 0.0692 -0.9973
vn -0.0886 0.1051 -0.9905
vn -0.1988 0.1798 -0.9634
vn -0.2688 0.2642 -0.9262
vn -0.3196 0.3094 -0.8956
vn -0.3081 0.4110 -0.8580
vn 0.0574 0.0602 -0.9965
vn -0.2192 0.5193 -0.8260
vn 0.2519 -0.0085 -0.9677
vn 0.1439 -0.0080 -0.9896
vn 0.0230 -0.0365 -0.9991
vn -0.0841 -0.0287 -0.9960
vn -0.1798 0.0728 -0.9810
vn -0.2324 0.2136 -0.9489
vn -0.2312 0.3169 -0.9198
vn -0.2030 0.4319 -0.8788
vn -0.0909 0.5605 -0.8231
vn 0.3458 -0.1288 -0.9294
vn 0.1720 -0.2001 -0.9646
vn -0.0082 -0.1582 -0.9874
vn -0.1031 -0.1203 -0.9874
vn -0.1150 0.0566 -0.9917
vn -0.1082 0.1993 -0.9740
vn -0.1045 0.3403 -0.9345
vn -0.0951 0.4596 -0.8830
vn -0.0679 -0.0760 -0.9948
vn -0.0532 0.0386 -0.9978
vn 0.3541 -0.3965 -0.8470
vn 0.0473 0.5653 -0.8235
vn 0.2673 -0.3202 -0.9089
vn 0.1289 -0.3359 -0.9330
vn 0.0662 -0.2424 -0.9679
vn 0.0634 -0.1274 -0.9898
vn 0.0658 0.0568 -0.9962
vn 0.0510 0.1978 -0.9789
vn 0.0481 0.3429 -0.9382
vn 0.0453 0.4635 -0.8850
vn 0.0415 -0.0661 -0.9970
vn 0.0263 0.0279 -0.9993
vn 0.2939 -0.5103 -0.8082
vn 0.2724 -0.4754 -0.8365
vn 0.1967 0.5537 -0.8092
vn 0.2206 -0.4289 -0.8760
vn 0.1935 -0.3782 -0.9053
vn 0.2004 -0.2620 -0.9440
vn 0.2012 -0.1143 -0.9729
vn 0.2043 0.0418 -0.9780
vn 0.2081 0.1989 -0.9577
vn 0.1964 0.3242 -0.9254
vn 0.1674 0.4555 -0.8743
vn 0.4140 -0.6099 -0.6757
vn 0.3457 -0.5391 -0.7680
vn 0.3703 -0.4614 -0.8062
vn 0.4266 -0.3424 -0.8371
vn 0.4151 0.4001 -0.8171
vn 0.3566 0.5069 -0.7848
vn 0.2902 -0.3698 -0.8826
vn 0.3206 -0.2429 -0.9156
vn 0.3401 -0.1095 -0.9340
vn 0.3466 0.0441 -0.9370
vn 0.3344 0.1896 -0.9232
vn 0.3222 0.3081 -0.8951
vn 0.2963 0.4362 -0.8496
vn 0.5642 -0.6322 -0.5310
vn 0.5132 -0.5843 -0.6286
vn 0.5637 -0.4750 -0.6757
vn 0.5424 0.5353 -0.6476
vn 0.4475 -0.5185 -0.7286
vn 0.4900 -0.4076 -0.7705
vn 0.5427 -0.2651 -0.7970
vn 0.5626 -0.1082 -0.8196
vn 0.5674 0.0477 -0.8221
vn 0.5528 0.1943 -0.8103
vn 0.5123 0.3461 -0.7860
vn 0.4776 0.4667 -0.7444
vn 0.4534 -0.2019 -0.8682
vn 0.4589 -0.0955 -0.8833
vn 0.4641 0.0452 -0.8846
vn 0.4566 0.1654 -0.8742
vn 0.4424 0.2843 -0.8506
vn 0.6983 -0.6169 -0.3631
vn 0.7232 0.5661 -0.3956
vn 0.6616 -0.5790 -0.4765
vn 0.7060 -0.4696 -0.5302
vn 0.7215 0.4280 -0.5442
vn 0.6878 0.5225 -0.5038
vn 0.6183 -0.5314 -0.5790
vn 0.6655 -0.4103 -0.6235
vn 0.7033 -0.2535 -0.6642
vn 0.7210 -0.1112 -0.6840
vn 0.7213 0.0477 -0.6909
vn 0.7062 0.1933 -0.6812
vn 0.6766 0.3508 -0.6474
vn 0.6331 0.4861 -0.6024
vn 0.6025 -0.3559 -0.7143
vn 0.6223 -0.2381 -0.7457
vn 0.6413 -0.1042 -0.7602
vn 0.6445 0.0452 -0.7632
vn 0.6299 0.1888 -0.7534
vn 0.6131 0.3063 -0.7282
vn 0.5795 0.4253 -0.6952
vn -0.2109 0.9320 -0.2948
vn -0.2522 0.9406 -0.2271
vn -0.1967 0.8495 -0.4895
vn -0.2708 0.6793 -0.6820
vn -0.2157 0.7647 -0.6071
vn -0.3077 0.6021 -0.7368
vn -0.2271 0.8962 -0.3811
vn -0.2052 0.9341 -0.2923
vn -0.2081 0.8419 -0.4978
vn -0.1899 0.8917 -0.4110
vn -0.2086 0.7301 -0.6507
vn -0.1943 0.7975 -0.5712
vn -0.1938 0.6306 -0.7515
vn -0.0962 0.9484 -0.3023
vn -0.1019 0.8484 -0.5195
vn -0.0814 0.9053 -0.4170
vn -0.0905 0.7241 -0.6837
vn -0.0984 0.7989 -0.5934
vn -0.0774 0.6392 -0.7651
vn 0.0489 0.9516 -0.3034
vn 0.0462 0.8527 -0.5203
vn 0.0366 0.9085 -0.4163
vn 0.0470 0.7222 -0.6901
vn 0.0434 0.7993 -0.5993
vn 0.0446 0.6417 -0.7656
vn 0.2830 0.8764 -0.3898
vn 0.1881 0.9390 -0.2880
vn 0.2067 0.8377 -0.5054
vn 0.1476 0.8992 -0.4119
vn 0.2040 0.7075 -0.6766
vn 0.1932 0.7868 -0.5862
vn 0.1961 0.6301 -0.7513
vn 0.3937 0.8522 -0.3445
vn 0.3036 0.9153 -0.2647
vn 0.3447 0.8227 -0.4520
vn 0.3300 0.6795 -0.6553
vn 0.2949 0.7628 -0.5754
vn 0.3056 0.6094 -0.7316
vn 0.5722 0.7243 -0.3846
vn 0.4795 0.8209 -0.3102
vn 0.5424 0.6744 -0.5010
vn 0.4554 0.7848 -0.4204
vn 0.4909 0.6295 -0.6023
vn 0.4306 0.7204 -0.5437
vn 0.4349 0.5717 -0.6957
vn 0.6700 0.6681 -0.3237
vn 0.6017 0.7579 -0.2520
vn 0.6355 0.6179 -0.4629
vn 0.5926 0.5806 -0.5583
vn 0.7974 -0.5302 -0.2881
vn 0.8365 -0.4455 -0.3191
vn 0.8670 -0.3197 -0.3821
vn 0.8749 0.2842 -0.3922
vn 0.8514 0.3923 -0.3481
vn 0.8191 0.4774 -0.3181
vn 0.7540 -0.5128 -0.4105
vn 0.8017 -0.3913 -0.4519
vn 0.8291 -0.2585 -0.4957
vn 0.8494 -0.1092 -0.5163
vn 0.8519 0.0369 -0.5224
vn 0.8343 0.2037 -0.5123
vn 0.8154 0.3530 -0.4588
vn 0.7865 0.4490 -0.4241
vn 0.7487 -0.3517 -0.5619
vn 0.7822 -0.2335 -0.5776
vn 0.7989 -0.1085 -0.5916
vn 0.7975 0.0410 -0.6020
vn 0.7870 0.1788 -0.5905
vn 0.7600 0.2976 -0.5778
vn 0.8965 -0.3634 -0.2536
vn 0.9314 -0.2292 -0.2828
vn 0.9465 -0.1044 -0.3055
vn 0.9525 0.0444 -0.3013
vn 0.9434 0.1831 -0.2766
vn 0.9200 0.2960 -0.2568
vn 0.8900 -0.1947 -0.4124
vn 0.9031 -0.0860 -0.4206
vn 0.9076 0.0242 -0.4191
vn 0.8996 0.1404 -0.4136
vn 0.7550 0.6008 -0.2626
s 1
f 7//7 1//1 2//2
f 9//9 6//6 7//7
f 9//9 3//3 8//8
f 9//9 2//2 4//4
f 13//13 10//10 11//11
f 13//13 6//6 12//12
f 13//13 5//5 7//7
f 15//15 6//6 8//8
f 23//23 16//16 17//17
f 24//24 17//17 18//18
f 25//25 18//18 19//19
f 26//26 19//19 20//20
f 28//28 21//21 22//22
f 28//28 23//23 29//29
f 29//29 24//24 30//30
f 30//30 25//25 31//31
f 31//31 26//26 32//32
f 41//41 33//33 34//34
f 42//42 34//34 35//35
f 42//42 16//16 41//41
f 43//43 35//35 36//36
f 18//18 42//42 43//43
f 44//44 36//36 37//37
f 19//19 43//43 44//44
f 45//45 37//37 38//38
f 20//20 44//44 45//45
f 48//48 39//39 40//40
f 49//49 40//40 41//41
f 49//49 21//21 48//48
f 49//49 16//16 22//22
f 51//51 46//46 47//47
f 51//51 48//48 52//52
f 52//52 21//21 27//27
f 60//60 33//33 59//59
f 61//61 53//53 54//54
f 61//61 34//34 60//60
f 61//61 55//55 62//62
f 62//62 35//35 61//61
f 62//62 56//56 63//63
f 63//63 36//36 62//62
f 63//63 57//57 64//64
f 64//64 37//37 63//63
f 67//67 58//58 59//59
f 67//67 39//39 66//66
f 67//67 33//33 40//40
f 68//68 1//1 65//65
f 69//69 65//65 66//66
f 69//69 46//46 68//68
f 69//69 39//39 47//47
f 70//70 2//2 68//68
f 70//70 46//46 50//50
f 74//74 53//53 73//73
f 75//75 54//54 74//74
f 76//76 55//55 75//75
f 57//57 76//76 77//77
f 80//80 58//58 79//79
f 81//81 72//72 73//73
f 81//81 59//59 80//80
f 81//81 53//53 60//60
f 82//82 1//1 5//5
f 83//83 78//78 79//79
f 83//83 65//65 82//82
f 83//83 58//58 66//66
f 86//86 72//72 85//85
f 74//74 86//86 87//87
f 75//75 87//87 88//88
f 76//76 88//88 89//89
f 90//90 76//76 89//89
f 90//90 71//71 77//77
f 92//92 78//78 91//91
f 80//80 92//92 93//93
f 93//93 72//72 80//80
f 94//94 5//5 11//11
f 94//94 78//78 82//82
f 26//26 95//95 100//100
f 100//100 96//96 101//101
f 101//101 97//97 102//102
f 102//102 98//98 103//103
f 103//103 99//99 104//104
f 106//106 26//26 100//100
f 107//107 100//100 101//101
f 108//108 101//101 102//102
f 109//109 102//102 103//103
f 110//110 103//103 104//104
f 110//110 105//105 111//111
f 45//45 112//112 118//118
f 118//118 20//20 45//45
f 118//118 113//113 119//119
f 119//119 95//95 118//118
f 120//120 113//113 114//114
f 120//120 96//96 119//119
f 120//120 115//115 121//121
f 121//121 97//97 120//120
f 121//121 116//116 122//122
f 99//99 121//121 122//122
f 122//122 117//117 123//123
f 125//125 99//99 122//122
f 125//125 123//123 126//126
f 105//105 125//125 126//126
f 126//126 124//124 127//127
f 129//129 105//105 126//126
f 130//130 126//126 127//127
f 130//130 128//128 131//131
f 140//140 132//132 133//133
f 141//141 133//133 134//134
f 142//142 134//134 135//135
f 142//142 136//136 143//143
f 145//145 57//57 137//137
f 145//145 38//38 64//64
f 146//146 137//137 138//138
f 113//113 145//145 146//146
f 147//147 138//138 139//139
f 114//114 146//146 147//147
f 147//147 140//140 148//148
f 115//115 147//147 148//148
f 148//148 141//141 149//149
f 149//149 115//115 148//148
f 149//149 142//142 150//150
f 117//117 149//149 150//150
f 151//151 142//142 143//143
f 151//151 144//144 152//152
f 153//153 117//117 150//150
f 153//153 151//151 154//154
f 124//124 153//153 154//154
f 154//154 152//152 155//155
f 156//156 124//124 154//154
f 156//156 155//155 157//157
f 128//128 156//156 157//157
f 158//158 128//128 157//157
f 167//167 159//159 160//160
f 168//168 160//160 161//161
f 168//168 132//132 167//167
f 169//169 161//161 162//162
f 134//134 168//168 169//169
f 169//169 163//163 170//170
f 170//170 134//134 169//169
f 170//170 164//164 171//171
f 136//136 170//170 171//171
f 173//173 71//71 165//165
f 173//173 57//57 77//77
f 174//174 165//165 166//166
f 174//174 137//137 173//173
f 175//175 166//166 167//167
f 175//175 138//138 174//174
f 175//175 132//132 139//139
f 176//176 136//136 171//171
f 176//176 172//172 177//177
f 144//144 176//176 177//177
f 178//178 144//144 177//177
f 179//179 152//152 178//178
f 187//187 159//159 186//186
f 188//188 180//180 181//181
f 188//188 160//160 187//187
f 188//188 182//182 189//189
f 189//189 161//161 188//188
f 190//190 182//182 183//183
f 163//163 189//189 190//190
f 190//190 184//184 191//191
f 164//164 190//190 191//191
f 193//193 71//71 84//84
f 194//194 185//185 186//186
f 194//194 165//165 193//193
f 194//194 159//159 166//166
f 195//195 164//164 191//191
f 195//195 192//192 196//196
f 172//172 195//195 196//196
f 157//157 197//197 198//198
f 158//158 198//198 199//199
f 177//177 201//201 202//202
f 178//178 202//202 203//203
f 179//179 203//203 205//205
f 197//197 179//179 205//205
f 205//205 204//204 206//206
f 207//207 197//197 205//205
f 207//207 206//206 208//208
f 209//209 198//198 207//207
f 209//209 208//208 210//210
f 200//200 209//209 210//210
f 201//201 196//196 211//211
f 212//212 201//201 211//211
f 214//214 202//202 212//212
f 214//214 213//213 215//215
f 204//204 214//214 215//215
f 216//216 204//204 215//215
f 217//217 206//206 216//216
f 218//218 208//208 217//217
f 220//220 3//3 4//4
f 223//223 3//3 219//219
f 224//224 219//219 220//220
f 225//225 224//224 226//226
f 221//221 224//224 220//220
f 222//222 226//226 221//221
f 229//229 14//14 15//15
f 229//229 8//8 223//223
f 225//225 229//229 223//223
f 231//231 225//225 226//226
f 232//232 231//231 233//233
f 227//227 231//231 226//226
f 235//235 27//27 28//28
f 235//235 29//29 236//236
f 236//236 30//30 237//237
f 237//237 31//31 238//238
f 238//238 32//32 239//239
f 240//240 235//235 241//241
f 242//242 235//235 236//236
f 243//243 236//236 237//237
f 244//244 237//237 238//238
f 245//245 238//238 239//239
f 246//246 242//242 247//247
f 247//247 243//243 248//248
f 248//248 244//244 249//249
f 249//249 245//245 250//250
f 252//252 50//50 51//51
f 253//253 51//51 52//52
f 234//234 52//52 27//27
f 254//254 252//252 255//255
f 256//256 252//252 253//253
f 240//240 253//253 234//234
f 257//257 240//240 241//241
f 258//258 256//256 259//259
f 259//259 257//257 260//260
f 246//246 257//257 241//241
f 261//261 246//246 247//247
f 248//248 261//261 247//247
f 249//249 262//262 248//248
f 250//250 263//263 249//249
f 265//265 260//260 266//266
f 266//266 261//261 267//267
f 267//267 262//262 268//268
f 268//268 263//263 269//269
f 269//269 264//264 270//270
f 271//271 4//4 70//70
f 251//251 70//70 50//50
f 221//221 271//271 272//272
f 254//254 271//271 251//251
f 273//273 254//254 255//255
f 222//222 272//272 274//274
f 274//274 273//273 275//275
f 258//258 273//273 255//255
f 276//276 258//258 259//259
f 277//277 276//276 278//278
f 265//265 276//276 259//259
f 279//279 265//265 266//266
f 280//280 266//266 267//267
f 281//281 267//267 268//268
f 282//282 268//268 269//269
f 283//283 269//269 270//270
f 284//284 280//280 285//285
f 286//286 280//280 281//281
f 287//287 281//281 282//282
f 288//288 282//282 283//283
f 289//289 222//222 274//274
f 290//290 274//274 275//275
f 291//291 290//290 292//292
f 277//277 290//290 275//275
f 293//293 277//277 278//278
f 294//294 278//278 279//279
f 295//295 294//294 296//296
f 284//284 294//294 279//279
f 297//297 284//284 285//285
f 298//298 285//285 286//286
f 299//299 286//286 287//287
f 300//300 287//287 288//288
f 301//301 227//227 289//289
f 291//291 301//301 289//289
f 303//303 291//291 292//292
f 293//293 303//303 292//292
f 295//295 304//304 293//293
f 306//306 295//295 296//296
f 297//297 306//306 296//296
f 298//298 307//307 297//297
f 299//299 308//308 298//298
f 300//300 309//309 299//299
f 239//239 106//106 312//312
f 313//313 106//106 107//107
f 314//314 107//107 108//108
f 315//315 108//108 109//109
f 316//316 109//109 110//110
f 316//316 111//111 317//317
f 245//245 312//312 318//318
f 318//318 313//313 319//319
f 319//319 314//314 320//320
f 320//320 315//315 321//321
f 321//321 316//316 322//322
f 323//323 316//316 317//317
f 324//324 245//245 318//318
f 325//325 318//318 319//319
f 326//326 319//319 320//320
f 327//327 320//320 321//321
f 328//328 321//321 322//322
f 317//317 129//129 329//329
f 329//329 130//130 330//330
f 330//330 131//131 331//331
f 323//323 332//332 322//322
f 323//323 329//329 333//333
f 333//333 330//330 334//334
f 335//335 330//330 331//331
f 336//336 250//250 324//324
f 337//337 324//324 325//325
f 338//338 325//325 326//326
f 339//339 326//326 327//327
f 328//328 339//339 327//327
f 328//328 332//332 340//340
f 341//341 332//332 333//333
f 342//342 333//333 334//334
f 270//270 336//336 343//343
f 344//344 336//336 337//337
f 345//345 337//337 338//338
f 346//346 338//338 339//339
f 347//347 339//339 340//340
f 348//348 340//340 341//341
f 331//331 158//158 349//349
f 335//335 350//350 334//334
f 335//335 349//349 351//351
f 342//342 352//352 341//341
f 342//342 350//350 353//353
f 354//354 350//350 351//351
f 343//343 283//283 270//270
f 344//344 355//355 343//343
f 345//345 356//356 344//344
f 346//346 357//357 345//345
f 347//347 358//358 346//346
f 348//348 359//359 347//347
f 348//348 352//352 360//360
f 361//361 352//352 353//353
f 288//288 355//355 362//362
f 362//362 356//356 363//363
f 363//363 357//357 364//364
f 364//364 358//358 365//365
f 366//366 358//358 359//359
f 354//354 367//367 353//353
f 360//360 369//369 359//359
f 361//361 370//370 360//360
f 361//361 367//367 371//371
f 372//372 367//367 368//368
f 362//362 300//300 288//288
f 363//363 373//373 362//362
f 364//364 374//374 363//363
f 365//365 375//375 364//364
f 366//366 376//376 365//365
f 366//366 369//369 377//377
f 378//378 369//369 370//370
f 381//381 370//370 371//371
f 372//372 381//381 371//371
f 372//372 379//379 382//382
f 383//383 300//300 373//373
f 384//384 373//373 374//374
f 385//385 374//374 375//375
f 386//386 375//375 376//376
f 387//387 376//376 377//377
f 378//378 387//387 377//377
f 378//378 380//380 388//388
f 389//389 310//310 383//383
f 349//349 199//199 390//390
f 390//390 200//200 391//391
f 392//392 349//349 390//390
f 393//393 351//351 392//392
f 391//391 394//394 390//390
f 395//395 200//200 210//210
f 392//392 394//394 396//396
f 397//397 394//394 395//395
f 393//393 368//368 354//354
f 393//393 396//396 398//398
f 399//399 210//210 218//218
f 397//397 400//400 396//396
f 397//397 399//399 401//401
f 398//398 379//379 368//368
f 398//398 400//400 402//402
f 403//403 400//400 401//401
f 405//405 10//10 404//404
f 406//406 10//10 12//12
f 407//407 404//404 406//406
f 409//409 14//14 408//408
f 409//409 12//12 15//15
f 407//407 411//411 412//412
f 407//407 410//410 405//405
f 409//409 411//411 406//406
f 414//414 411//411 413//413
f 412//412 415//415 410//410
f 414//414 417//417 418//418
f 414//414 416//416 412//412
f 423//423 85//85 422//422
f 87//87 423//423 424//424
f 88//88 424//424 425//425
f 426//426 88//88 425//425
f 427//427 420//420 421//421
f 427//427 89//89 426//426
f 427//427 84//84 90//90
f 429//429 91//91 428//428
f 430//430 92//92 429//429
f 93//93 422//422 85//85
f 431//431 11//11 405//405
f 94//94 428//428 91//91
f 434//434 420//420 433//433
f 434//434 419//419 421//421
f 423//423 435//435 436//436
f 437//437 423//423 436//436
f 438//438 424//424 437//437
f 439//439 425//425 438//438
f 439//439 420//420 426//426
f 429//429 440//440 441//441
f 442//442 429//429 441//441
f 430//430 435//435 422//422
f 443//443 435//435 442//442
f 431//431 410//410 444//444
f 431//431 440//440 428//428
f 445//445 440//440 444//444
f 434//434 447//447 448//448
f 434//434 446//446 432//432
f 437//437 449//449 450//450
f 438//438 450//450 451//451
f 452//452 438//438 451//451
f 452//452 433//433 439//439
f 442//442 453//453 454//454
f 443//443 454//454 455//455
f 443//443 449//449 436//436
f 456//456 449//449 455//455
f 457//457 450//450 456//456
f 444//444 415//415 458//458
f 445//445 458//458 459//459
f 445//445 453//453 441//441
f 460//460 453//453 459//459
f 461//461 415//415 416//416
f 462//462 458//458 461//461
f 463//463 416//416 418//418
f 448//448 465//465 466//466
f 448//448 464//464 446//446
f 452//452 467//467 468//468
f 452//452 465//465 447//447
f 455//455 469//469 470//470
f 456//456 470//470 471//471
f 457//457 471//471 472//472
f 457//457 467//467 451//451
f 473//473 467//467 472//472
f 460//460 474//474 475//475
f 460//460 469//469 454//454
f 476//476 469//469 475//475
f 477//477 470//470 476//476
f 478//478 471//471 477//477
f 462//462 479//479 480//480
f 462//462 474//474 459//459
f 481//481 474//474 480//480
f 482//482 475//475 481//481
f 463//463 479//479 461//461
f 484//484 479//479 483//483
f 484//484 481//481 480//480
f 488//488 465//465 487//487
f 466//466 486//486 464//464
f 468//468 487//487 465//465
f 473//473 490//490 491//491
f 473//473 489//489 468//468
f 477//477 492//492 493//493
f 478//478 493//493 494//494
f 478//478 490//490 472//472
f 495//495 490//490 494//494
f 482//482 496//496 497//497
f 482//482 492//492 476//476
f 498//498 492//492 497//497
f 499//499 493//493 498//498
f 485//485 496//496 481//481
f 501//501 496//496 500//500
f 501//501 498//498 497//497
f 502//502 499//499 498//498
f 488//488 505//505 506//506
f 488//488 504//504 486//486
f 489//489 505//505 487//487
f 508//508 505//505 507//507
f 509//509 489//489 491//491
f 495//495 510//510 511//511
f 495//495 509//509 491//491
f 499//499 510//510 494//494
f 513//513 510//510 512//512
f 514//514 499//499 503//503
f 515//515 512//512 514//514
f 508//508 517//517 518//518
f 508//508 516//516 506//506
f 509//509 517//517 507//507
f 520//520 517//517 519//519
f 511//511 519//519 509//509
f 522//522 519//519 521//521
f 513//513 521//521 511//511
f 515//515 523//523 513//513
f 520//520 526//526 518//518
f 522//522 528//528 529//529
f 522//522 527//527 520//520
f 523//523 528//528 521//521
f 531//531 528//528 530//530
f 532//532 523//523 524//524
f 532//532 531//531 530//530
f 525//525 532//532 524//524
f 529//529 534//534 527//527
f 531//531 535//535 529//529
f 537//537 531//531 533//533
f 543//543 538//538 542//542
f 540//540 543//543 544//544
f 546//546 541//541 545//545
f 543//543 546//546 547//547
f 544//544 547//547 548//548
f 546//546 549//549 550//550
f 547//547 550//550 551//551
f 552//552 547//547 551//551
f 555//555 180//180 554//554
f 556//556 181//181 555//555
f 557//557 182//182 556//556
f 184//184 557//557 558//558
f 561//561 185//185 560//560
f 562//562 553//553 554//554
f 562//562 186//186 561//561
f 562//562 180//180 187//187
f 563//563 184//184 558//558
f 563//563 559//559 564//564
f 192//192 563//563 564//564
f 565//565 419//419 560//560
f 565//565 84//84 421//421
f 565//565 185//185 193//193
f 566//566 192//192 564//564
f 569//569 553//553 568//568
f 555//555 569//569 570//570
f 571//571 538//538 539//539
f 571//571 555//555 570//570
f 571//571 540//540 572//572
f 557//557 571//571 572//572
f 573//573 557//557 572//572
f 559//559 573//573 574//574
f 575//575 419//419 432//432
f 576//576 567//567 568//568
f 576//576 560//560 575//575
f 576//576 553//553 561//561
f 577//577 559//559 574//574
f 579//579 567//567 578//578
f 569//569 579//579 580//580
f 581//581 541//541 542//542
f 581//581 569//569 580//580
f 581//581 538//538 570//570
f 582//582 540//540 544//544
f 573//573 582//582 583//583
f 574//574 583//583 584//584
f 585//585 432//432 446//446
f 585//585 567//567 575//575
f 577//577 584//584 586//586
f 588//588 578//578 587//587
f 589//589 579//579 588//588
f 589//589 541//541 580//580
f 582//582 548//548 590//590
f 583//583 590//590 591//591
f 584//584 591//591 592//592
f 593//593 446//446 464//464
f 585//585 587//587 578//578
f 586//586 592//592 594//594
f 588//588 595//595 596//596
f 589//589 596//596 597//597
f 589//589 549//549 545//545
f 598//598 549//549 597//597
f 598//598 551//551 550//550
f 599//599 552//552 551//551
f 590//590 552//552 600//600
f 601//601 590//590 600//600
f 602//602 591//591 601//601
f 593//593 486//486 603//603
f 603//603 587//587 593//593
f 604//604 592//592 602//602
f 596//596 605//605 606//606
f 607//607 596//596 606//606
f 598//598 607//607 608//608
f 599//599 608//608 609//609
f 610//610 599//599 609//609
f 601//601 610//610 611//611
f 612//612 601//601 611//611
f 603//603 504//504 613//613
f 603//603 605//605 595//595
f 614//614 605//605 613//613
f 615//615 612//612 611//611
f 604//604 612//612 616//616
f 617//617 504//504 506//506
f 607//607 618//618 619//619
f 608//608 619//619 620//620
f 621//621 608//608 620//620
f 622//622 609//609 621//621
f 623//623 610//610 622//622
f 614//614 624//624 625//625
f 614//614 618//618 606//606
f 626//626 618//618 625//625
f 626//626 620//620 619//619
f 627//627 621//621 620//620
f 629//629 621//621 628//628
f 629//629 623//623 622//622
f 615//615 623//623 630//630
f 631//631 615//615 630//630
f 617//617 516//516 632//632
f 617//617 624//624 613//613
f 633//633 624//624 632//632
f 635//635 516//516 518//518
f 626//626 636//636 637//637
f 627//627 637//637 638//638
f 639//639 627//627 638//638
f 629//629 639//639 640//640
f 641//641 629//629 640//640
f 642//642 630//630 641//641
f 633//633 643//643 644//644
f 633//633 636//636 625//625
f 645//645 636//636 644//644
f 646//646 637//637 645//645
f 647//647 641//641 640//640
f 648//648 642//642 641//641
f 634//634 642//642 649//649
f 635//635 526//526 650//650
f 635//635 643//643 632//632
f 651//651 643//643 650//650
f 653//653 526//526 527//527
f 566//566 654//654 655//655
f 211//211 566//566 655//655
f 657//657 211//211 655//655
f 657//657 656//656 658//658
f 213//213 657//657 658//658
f 659//659 213//213 658//658
f 661//661 215//215 659//659
f 661//661 660//660 662//662
f 217//217 661//661 663//663
f 664//664 661//661 662//662
f 218//218 663//663 665//665
f 666//666 663//663 664//664
f 654//654 577//577 667//667
f 668//668 654//654 667//667
f 656//656 668//668 669//669
f 670//670 656//656 669//669
f 672//672 658//658 670//670
f 672//672 671//671 673//673
f 660//660 672//672 673//673
f 674//674 660//660 673//673
f 675//675 662//662 674//674
f 676//676 664//664 675//675
f 667//667 586//586 677//677
f 679//679 667//667 677//677
f 679//679 678//678 680//680
f 669//669 679//679 680//680
f 681//681 669//669 680//680
f 671//671 681//681 682//682
f 683//683 671//671 682//682
f 674//674 683//683 684//684
f 675//675 684//684 685//685
f 686//686 675//675 685//685
f 687//687 586//586 594//594
f 678//678 687//687 688//688
f 689//689 678//678 688//688
f 681//681 689//689 690//690
f 691//691 681//681 690//690
f 692//692 682//682 691//691
f 684//684 692//692 693//693
f 685//685 693//693 694//694
f 695//695 685//685 694//694
f 687//687 604//604 696//696
f 697//697 687//687 696//696
f 698//698 697//697 696//696
f 689//689 697//697 699//699
f 690//690 699//699 700//700
f 691//691 700//700 701//701
f 692//692 701//701 702//702
f 703//703 692//692 702//702
f 704//704 693//693 703//703
f 695//695 704//704 705//705
f 706//706 604//604 616//616
f 698//698 706//706 707//707
f 708//708 698//698 707//707
f 700//700 708//708 709//709
f 710//710 700//700 709//709
f 711//711 710//710 709//709
f 702//702 710//710 712//712
f 703//703 712//712 713//713
f 714//714 703//703 713//713
f 705//705 714//714 716//716
f 717//717 616//616 631//631
f 634//634 717//717 631//631
f 707//707 717//717 718//718
f 719//719 707//707 718//718
f 720//720 719//719 718//718
f 709//709 719//719 721//721
f 711//711 721//721 722//722
f 723//723 711//711 722//722
f 724//724 723//723 722//722
f 713//713 723//723 725//725
f 727//727 724//724 726//726
f 714//714 725//725 727//727
f 729//729 726//726 728//728
f 729//729 715//715 716//716
f 729//729 714//714 727//727
f 730//730 634//634 649//649
f 652//652 730//730 649//649
f 720//720 730//730 731//731
f 732//732 720//720 731//731
f 733//733 732//732 731//731
f 722//722 732//732 734//734
f 736//736 733//733 735//735
f 724//724 734//734 736//736
f 738//738 735//735 737//737
f 726//726 736//736 738//738
f 739//739 738//738 737//737
f 740//740 726//726 738//738
f 639//639 741//741 742//742
f 743//743 639//639 742//742
f 645//645 744//744 745//745
f 646//646 745//745 746//746
f 646//646 741//741 638//638
f 747//747 741//741 746//746
f 747//747 743//743 742//742
f 647//647 743//743 748//748
f 749//749 647//647 748//748
f 750//750 648//648 749//749
f 651//651 751//751 752//752
f 651//651 744//744 644//644
f 753//753 744//744 752//752
f 754//754 745//745 753//753
f 754//754 747//747 746//746
f 755//755 748//748 747//747
f 756//756 749//749 748//748
f 757//757 750//750 749//749
f 652//652 750//750 758//758
f 653//653 534//534 759//759
f 653//653 751//751 650//650
f 760//760 751//751 759//759
f 761//761 752//752 760//760
f 762//762 758//758 757//757
f 764//764 534//534 535//535
f 765//765 759//759 764//764
f 766//766 763//763 762//762
f 536//536 764//764 535//535
f 769//769 764//764 768//768
f 771//771 536//536 537//537
f 771//771 769//769 768//768
f 754//754 775//775 776//776
f 777//777 754//754 776//776
f 756//756 777//777 778//778
f 779//779 756//756 778//778
f 761//761 780//780 781//781
f 761//761 775//775 753//753
f 782//782 775//775 781//781
f 783//783 776//776 782//782
f 783//783 778//778 777//777
f 784//784 779//779 778//778
f 762//762 779//779 785//785
f 765//765 780//780 760//760
f 787//787 780//780 786//786
f 787//787 782//782 781//781
f 788//788 783//783 782//782
f 790//790 783//783 789//789
f 790//790 785//785 784//784
f 766//766 785//785 791//791
f 792//792 766//766 791//791
f 793//793 765//765 769//769
f 794//794 786//786 793//793
f 794//794 788//788 787//787
f 795//795 789//789 788//788
f 797//797 789//789 796//796
f 798//798 790//790 797//797
f 798//798 792//792 791//791
f 770//770 792//792 799//799
f 772//772 793//793 769//769
f 800//800 794//794 793//793
f 802//802 794//794 801//801
f 803//803 795//795 802//802
f 803//803 797//797 796//796
f 804//804 798//798 797//797
f 806//806 798//798 805//805
f 806//806 773//773 774//774
f 806//806 770//770 799//799
f 807//807 652//652 758//758
f 763//763 807//807 758//758
f 733//733 807//807 808//808
f 809//809 763//763 767//767
f 809//809 733//733 808//808
f 770//770 809//809 767//767
f 810//810 735//735 809//809
f 811//811 770//770 774//774
f 739//739 810//810 811//811
f 812//812 14//14 228//228
f 813//813 408//408 812//812
f 813//813 228//228 229//229
f 230//230 813//813 229//229
f 232//232 814//814 230//230
f 816//816 815//815 814//814
f 817//817 232//232 233//233
f 813//813 413//413 409//409
f 820//820 813//813 814//814
f 820//820 819//819 818//818
f 815//815 820//820 814//814
f 822//822 815//815 817//817
f 818//818 417//417 413//413
f 824//824 417//417 823//823
f 819//819 823//823 818//818
f 825//825 819//819 821//821
f 826//826 821//821 822//822
f 827//827 233//233 301//301
f 828//828 301//301 302//302
f 829//829 302//302 303//303
f 830//830 303//303 304//304
f 831//831 304//304 305//305
f 832//832 305//305 306//306
f 307//307 832//832 306//306
f 308//308 833//833 307//307
f 309//309 834//834 308//308
f 310//310 835//835 309//309
f 311//311 836//836 310//310
f 827//827 822//822 817//817
f 840//840 827//827 828//828
f 840//840 839//839 838//838
f 829//829 840//840 828//828
f 842//842 829//829 830//830
f 844//844 830//830 831//831
f 844//844 843//843 842//842
f 832//832 844//844 831//831
f 846//846 832//832 833//833
f 847//847 833//833 834//834
f 848//848 834//834 835//835
f 849//849 835//835 836//836
f 850//850 418//418 824//824
f 825//825 850//850 824//824
f 826//826 851//851 825//825
f 838//838 826//826 822//822
f 853//853 852//852 851//851
f 839//839 853//853 838//838
f 856//856 839//839 841//841
f 856//856 855//855 854//854
f 842//842 856//856 841//841
f 843//843 857//857 842//842
f 863//863 843//843 845//845
f 863//863 859//859 858//858
f 846//846 863//863 845//845
f 865//865 859//859 864//864
f 847//847 864//864 846//846
f 866//866 860//860 865//865
f 848//848 865//865 847//847
f 866//866 862//862 861//861
f 849//849 866//866 848//848
f 868//868 463//463 850//850
f 869//869 483//483 868//868
f 870//870 484//484 869//869
f 871//871 850//850 851//851
f 871//871 869//869 868//868
f 852//852 871//871 851//851
f 873//873 869//869 872//872
f 875//875 852//852 854//854
f 875//875 873//873 872//872
f 855//855 875//875 854//854
f 876//876 874//874 873//873
f 881//881 855//855 857//857
f 881//881 877//877 876//876
f 858//858 881//881 857//857
f 882//882 878//878 877//877
f 859//859 882//882 858//858
f 883//883 879//879 878//878
f 860//860 883//883 859//859
f 884//884 880//880 879//879
f 861//861 884//884 860//860
f 862//862 885//885 861//861
f 887//887 862//862 867//867
f 888//888 485//485 870//870
f 889//889 500//500 888//888
f 890//890 501//501 889//889
f 890//890 503//503 502//502
f 892//892 870//870 873//873
f 892//892 889//889 888//888
f 874//874 892//892 873//873
f 894//894 889//889 893//893
f 894//894 891//891 890//890
f 897//897 874//874 877//877
f 897//897 894//894 893//893
f 878//878 897//897 877//877
f 899//899 894//894 898//898
f 899//899 878//878 879//879
f 899//899 896//896 895//895
f 880//880 899//899 879//879
f 902//902 880//880 885//885
f 902//902 901//901 900//900
f 886//886 902//902 885//885
f 891//891 514//514 503//503
f 905//905 514//514 904//904
f 906//906 891//891 895//895
f 906//906 905//905 904//904
f 896//896 906//906 895//895
f 909//909 896//896 900//900
f 909//909 908//908 907//907
f 901//901 909//909 900//900
f 911//911 901//901 903//903
f 912//912 515//515 905//905
f 912//912 525//525 524//524
f 914//914 905//905 907//907
f 914//914 913//913 912//912
f 908//908 914//914 907//907
f 916//916 908//908 910//910
f 917//917 525//525 913//913
f 918//918 913//913 915//915
f 919//919 533//533 917//917
f 381//381 921//921 380//380
f 382//382 922//922 381//381
f 382//382 920//920 923//923
f 925//925 383//383 384//384
f 926//926 384//384 385//385
f 927//927 385//385 386//386
f 928//928 386//386 387//387
f 388//388 928//928 387//387
f 388//388 921//921 929//929
f 930//930 921//921 922//922
f 931//931 922//922 923//923
f 932//932 836//836 837//837
f 932//932 311//311 389//389
f 389//389 924//924 932//932
f 934//934 836//836 924//924
f 925//925 934//934 924//924
f 926//926 935//935 925//925
f 937//937 926//926 927//927
f 938//938 927//927 928//928
f 939//939 928//928 929//929
f 930//930 939//939 929//929
f 931//931 940//940 930//930
f 931//931 933//933 941//941
f 943//943 849//849 934//934
f 944//944 934//934 935//935
f 945//945 935//935 936//936
f 937//937 945//945 936//936
f 938//938 946//946 937//937
f 948//948 938//938 939//939
f 949//949 939//939 940//940
f 941//941 949//949 940//940
f 950//950 933//933 942//942
f 951//951 947//947 952//952
f 887//887 953//953 886//886
f 943//943 887//887 867//867
f 944//944 955//955 943//943
f 957//957 944//944 945//945
f 946//946 957//957 945//945
f 960//960 947//947 948//948
f 961//961 948//948 949//949
f 950//950 961//961 949//949
f 962//962 942//942 954//954
f 951//951 958//958 946//946
f 963//963 959//959 958//958
f 964//964 951//951 952//952
f 952//952 959//959 964//964
f 953//953 903//903 886//886
f 968//968 953//953 955//955
f 968//968 966//966 965//965
f 956//956 968//968 955//955
f 970//970 956//956 957//957
f 971//971 957//957 958//958
f 972//972 958//958 959//959
f 960//960 972//972 959//959
f 961//961 973//973 960//960
f 975//975 961//961 962//962
f 962//962 967//967 975//975
f 911//911 976//976 910//910
f 965//965 911//911 903//903
f 966//966 977//977 965//965
f 982//982 966//966 969//969
f 982//982 979//979 978//978
f 970//970 982//982 969//969
f 984//984 970//970 971//971
f 985//985 971//971 972//972
f 973//973 985//985 972//972
f 974//974 986//986 973//973
f 988//988 980//980 987//987
f 988//988 974//974 975//975
f 988//988 967//967 981//981
f 916//916 989//989 915//915
f 976//976 916//916 910//910
f 993//993 976//976 977//977
f 993//993 991//991 990//990
f 978//978 993//993 977//977
f 979//979 994//994 978//978
f 1000//1000 980//980 981//981
f 1001//1001 979//979 983//983
f 1001//1001 996//996 995//995
f 984//984 1001//1001 983//983
f 1003//1003 996//996 1002//1002
f 985//985 1002//1002 984//984
f 1003//1003 998//998 997//997
f 1004//1004 985//985 986//986
f 1005//1005 998//998 1004//1004
f 1005//1005 986//986 987//987
f 1005//1005 980//980 999//999
f 918//918 1006//1006 917//917
f 989//989 918//918 915//915
f 1012//1012 989//989 990//990
f 1012//1012 1009//1009 1008//1008
f 991//991 1012//1012 990//990
f 1019//1019 1010//1010 1018//1018
f 1020//1020 991//991 994//994
f 1020//1020 1014//1014 1013//1013
f 995//995 1020//1020 994//994
f 1022//1022 1014//1014 1021//1021
f 996//996 1021//1021 995//995
f 1023//1023 1015//1015 1022//1022
f 997//997 1022//1022 996//996
f 1023//1023 1017//1017 1016//1016
f 1024//1024 997//997 998//998
f 1025//1025 1017//1017 1024//1024
f 1025//1025 998//998 999//999
f 1026//1026 1018//1018 1025//1025
f 1026//1026 999//999 1000//1000
f 1026//1026 992//992 1019//1019
f 399//399 665//665 1027//1027
f 1028//1028 665//665 666//666
f 1029//1029 399//399 1027//1027
f 402//402 920//920 379//379
f 403//403 1030//1030 402//402
f 403//403 1029//1029 1031//1031
f 1032//1032 920//920 1030//1030
f 1028//1028 1033//1033 1027//1027
f 1028//1028 676//676 1034//1034
f 1029//1029 1033//1033 1035//1035
f 1036//1036 1033//1033 1034//1034
f 1031//1031 1037//1037 1030//1030
f 1038//1038 1029//1029 1035//1035
f 1032//1032 933//933 923//923
f 1032//1032 1037//1037 1039//1039
f 1040//1040 676//676 686//686
f 1036//1036 1041//1041 1035//1035
f 1036//1036 1040//1040 1042//1042
f 1044//1044 1037//1037 1038//1038
f 1038//1038 1041//1041 1044//1044
f 1039//1039 942//942 933//933
f 1039//1039 1043//1043 1045//1045
f 1046//1046 686//686 695//695
f 1048//1048 1041//1041 1042//1042
f 1042//1042 1046//1046 1048//1048
f 1050//1050 1043//1043 1044//1044
f 1044//1044 1047//1047 1050//1050
f 1045//1045 954//954 942//942
f 1051//1051 1043//1043 1049//1049
f 1046//1046 705//705 1053//1053
f 1055//1055 1052//1052 1054//1054
f 1055//1055 1047//1047 1048//1048
f 1055//1055 1046//1046 1053//1053
f 1050//1050 1056//1056 1049//1049
f 1057//1057 1047//1047 1054//1054
f 1058//1058 954//954 1051//1051
f 1051//1051 1056//1056 1058//1058
f 1060//1060 715//715 1059//1059
f 1060//1060 1052//1052 1053//1053
f 1060//1060 705//705 716//716
f 1061//1061 1052//1052 1059//1059
f 1057//1057 1062//1062 1056//1056
f 1063//1063 1054//1054 1061//1061
f 1064//1064 967//967 1058//1058
f 1058//1058 1062//1062 1064//1064
f 1066//1066 715//715 728//728
f 1068//1068 1065//1065 1067//1067
f 1068//1068 1059//1059 1066//1066
f 1070//1070 1067//1067 1069//1069
f 1070//1070 1062//1062 1063//1063
f 1070//1070 1061//1061 1068//1068
f 1071//1071 992//992 1000//1000
f 1071//1071 981//981 1064//1064
f 1071//1071 1062//1062 1069//1069
f 1073//1073 739//739 1072//1072
f 1073//1073 1065//1065 1066//1066
f 1073//1073 728//728 740//740
f 1074//1074 1007//1007 1011//1011
f 1074//1074 1065//1065 1072//1072
f 1075//1075 1011//1011 1019//1019
f 1075//1075 992//992 1069//1069
f 1075//1075 1067//1067 1074//1074
f 919//919 771//771 537//537
f 1006//1006 919//919 917//917
f 1076//1076 772//772 771//771
f 1081//1081 773//773 1080//1080
f 1082//1082 1006//1006 1008//1008
f 1082//1082 1077//1077 1076//1076
f 1009//1009 1082//1082 1008//1008
f 1083//1083 1078//1078 1077//1077
f 1088//1088 1079//1079 1087//1087
f 1089//1089 1080//1080 1088//1088
f 1089//1089 1010//1010 1011//1011
f 1089//1089 1007//1007 1081//1081
f 1090//1090 1009//1009 1013//1013
f 1090//1090 1084//1084 1083//1083
f 1014//1014 1090//1090 1013//1013
f 1091//1091 1085//1085 1084//1084
f 1092//1092 1014//1014 1015//1015
f 1092//1092 1086//1086 1085//1085
f 1093//1093 1015//1015 1016//1016
f 1094//1094 1086//1086 1093//1093
f 1017//1017 1093//1093 1016//1016
f 1095//1095 1087//1087 1094//1094
f 1095//1095 1017//1017 1018//1018
f 1095//1095 1010//1010 1088//1088
f 1096//1096 772//772 1077//1077
f 1096//1096 801//801 800//800
f 1078//1078 1096//1096 1077//1077
f 1098//1098 801//801 1097//1097
f 1099//1099 802//802 1098//1098
f 1099//1099 804//804 803//803
f 1101//1101 804//804 1100//1100
f 1101//1101 1079//1079 1080//1080
f 1101//1101 773//773 805//805
f 1102//1102 1078//1078 1084//1084
f 1102//1102 1098//1098 1097//1097
f 1085//1085 1102//1102 1084//1084
f 1103//1103 1099//1099 1098//1098
f 1104//1104 1085//1085 1086//1086
f 1105//1105 1099//1099 1104//1104
f 1105//1105 1086//1086 1087//1087
f 1105//1105 1079//1079 1100//1100
f 1106//1106 774//774 1081//1081
f 1106//1106 1007//1007 1072//1072
f 1106//1106 739//739 811//811
f 7//7 5//5 1//1
f 9//9 8//8 6//6
f 9//9 4//4 3//3
f 9//9 7//7 2//2
f 13//13 12//12 10//10
f 13//13 7//7 6//6
f 13//13 11//11 5//5
f 15//15 12//12 6//6
f 23//23 22//22 16//16
f 24//24 23//23 17//17
f 25//25 24//24 18//18
f 26//26 25//25 19//19
f 28//28 27//27 21//21
f 28//28 22//22 23//23
f 29//29 23//23 24//24
f 30//30 24//24 25//25
f 31//31 25//25 26//26
f 41//41 40//40 33//33
f 42//42 41//41 34//34
f 42//42 17//17 16//16
f 43//43 42//42 35//35
f 18//18 17//17 42//42
f 44//44 43//43 36//36
f 19//19 18//18 43//43
f 45//45 44//44 37//37
f 20//20 19//19 44//44
f 48//48 47//47 39//39
f 49//49 48//48 40//40
f 49//49 22//22 21//21
f 49//49 41//41 16//16
f 51//51 50//50 46//46
f 51//51 47//47 48//48
f 52//52 48//48 21//21
f 60//60 34//34 33//33
f 61//61 60//60 53//53
f 61//61 35//35 34//34
f 61//61 54//54 55//55
f 62//62 36//36 35//35
f 62//62 55//55 56//56
f 63//63 37//37 36//36
f 63//63 56//56 57//57
f 64//64 38//38 37//37
f 67//67 66//66 58//58
f 67//67 40//40 39//39
f 67//67 59//59 33//33
f 68//68 2//2 1//1
f 69//69 68//68 65//65
f 69//69 47//47 46//46
f 69//69 66//66 39//39
f 70//70 4//4 2//2
f 70//70 68//68 46//46
f 74//74 54//54 53//53
f 75//75 55//55 54//54
f 76//76 56//56 55//55
f 57//57 56//56 76//76
f 80//80 59//59 58//58
f 81//81 80//80 72//72
f 81//81 60//60 59//59
f 81//81 73//73 53//53
f 82//82 65//65 1//1
f 83//83 82//82 78//78
f 83//83 66//66 65//65
f 83//83 79//79 58//58
f 86//86 73//73 72//72
f 74//74 73//73 86//86
f 75//75 74//74 87//87
f 76//76 75//75 88//88
f 90//90 77//77 76//76
f 90//90 84//84 71//71
f 92//92 79//79 78//78
f 80//80 79//79 92//92
f 93//93 85//85 72//72
f 94//94 82//82 5//5
f 94//94 91//91 78//78
f 26//26 20//20 95//95
f 100//100 95//95 96//96
f 101//101 96//96 97//97
f 102//102 97//97 98//98
f 103//103 98//98 99//99
f 106//106 32//32 26//26
f 107//107 106//106 100//100
f 108//108 107//107 101//101
f 109//109 108//108 102//102
f 110//110 109//109 103//103
f 110//110 104//104 105//105
f 45//45 38//38 112//112
f 118//118 95//95 20//20
f 118//118 112//112 113//113
f 119//119 96//96 95//95
f 120//120 119//119 113//113
f 120//120 97//97 96//96
f 120//120 114//114 115//115
f 121//121 98//98 97//97
f 121//121 115//115 116//116
f 99//99 98//98 121//121
f 122//122 116//116 117//117
f 125//125 104//104 99//99
f 125//125 122//122 123//123
f 105//105 104//104 125//125
f 126//126 123//123 124//124
f 129//129 111//111 105//105
f 130//130 129//129 126//126
f 130//130 127//127 128//128
f 140//140 139//139 132//132
f 141//141 140//140 133//133
f 142//142 141//141 134//134
f 142//142 135//135 136//136
f 145//145 64//64 57//57
f 145//145 112//112 38//38
f 146//146 145//145 137//137
f 113//113 112//112 145//145
f 147//147 146//146 138//138
f 114//114 113//113 146//146
f 147//147 139//139 140//140
f 115//115 114//114 147//147
f 148//148 140//140 141//141
f 149//149 116//116 115//115
f 149//149 141//141 142//142
f 117//117 116//116 149//149
f 151//151 150//150 142//142
f 151//151 143//143 144//144
f 153//153 123//123 117//117
f 153//153 150//150 151//151
f 124//124 123//123 153//153
f 154//154 151//151 152//152
f 156//156 127//127 124//124
f 156//156 154//154 155//155
f 128//128 127//127 156//156
f 158//158 131//131 128//128
f 167//167 166//166 159//159
f 168//168 167//167 160//160
f 168//168 133//133 132//132
f 169//169 168//168 161//161
f 134//134 133//133 168//168
f 169//169 162//162 163//163
f 170//170 135//135 134//134
f 170//170 163//163 164//164
f 136//136 135//135 170//170
f 173//173 77//77 71//71
f 173//173 137//137 57//57
f 174//174 173//173 165//165
f 174//174 138//138 137//137
f 175//175 174//174 166//166
f 175//175 139//139 138//138
f 175//175 167//167 132//132
f 176//176 143//143 136//136
f 176//176 171//171 172//172
f 144//144 143//143 176//176
f 178//178 152//152 144//144
f 179//179 155//155 152//152
f 187//187 160//160 159//159
f 188//188 187//187 180//180
f 188//188 161//161 160//160
f 188//188 181//181 182//182
f 189//189 162//162 161//161
f 190//190 189//189 182//182
f 163//163 162//162 189//189
f 190//190 183//183 184//184
f 164//164 163//163 190//190
f 193//193 165//165 71//71
f 194//194 193//193 185//185
f 194//194 166//166 165//165
f 194//194 186//186 159//159
f 195//195 171//171 164//164
f 195//195 191//191 192//192
f 172//172 171//171 195//195
f 157//157 155//155 197//197
f 158//158 157//157 198//198
f 177//177 172//172 201//201
f 178//178 177//177 202//202
f 179//179 178//178 203//203
f 197//197 155//155 179//179
f 205//205 203//203 204//204
f 207//207 198//198 197//197
f 207//207 205//205 206//206
f 209//209 199//199 198//198
f 209//209 207//207 208//208
f 200//200 199//199 209//209
f 201//201 172//172 196//196
f 212//212 202//202 201//201
f 214//214 203//203 202//202
f 214//214 212//212 213//213
f 204//204 203//203 214//214
f 216//216 206//206 204//204
f 217//217 208//208 206//206
f 218//218 210//210 208//208
f 220//220 219//219 3//3
f 223//223 8//8 3//3
f 224//224 223//223 219//219
f 225//225 223//223 224//224
f 221//221 226//226 224//224
f 222//222 227//227 226//226
f 229//229 228//228 14//14
f 229//229 15//15 8//8
f 225//225 230//230 229//229
f 231//231 230//230 225//225
f 232//232 230//230 231//231
f 227//227 233//233 231//231
f 235//235 234//234 27//27
f 235//235 28//28 29//29
f 236//236 29//29 30//30
f 237//237 30//30 31//31
f 238//238 31//31 32//32
f 240//240 234//234 235//235
f 242//242 241//241 235//235
f 243//243 242//242 236//236
f 244//244 243//243 237//237
f 245//245 244//244 238//238
f 246//246 241//241 242//242
f 247//247 242//242 243//243
f 248//248 243//243 244//244
f 249//249 244//244 245//245
f 252//252 251//251 50//50
f 253//253 252//252 51//51
f 234//234 253//253 52//52
f 254//254 251//251 252//252
f 256//256 255//255 252//252
f 240//240 256//256 253//253
f 257//257 256//256 240//240
f 258//258 255//255 256//256
f 259//259 256//256 257//257
f 246//246 260//260 257//257
f 261//261 260//260 246//246
f 248//248 262//262 261//261
f 249//249 263//263 262//262
f 250//250 264//264 263//263
f 265//265 259//259 260//260
f 266//266 260//260 261//261
f 267//267 261//261 262//262
f 268//268 262//262 263//263
f 269//269 263//263 264//264
f 271//271 220//220 4//4
f 251//251 271//271 70//70
f 221//221 220//220 271//271
f 254//254 272//272 271//271
f 273//273 272//272 254//254
f 222//222 221//221 272//272
f 274//274 272//272 273//273
f 258//258 275//275 273//273
f 276//276 275//275 258//258
f 277//277 275//275 276//276
f 265//265 278//278 276//276
f 279//279 278//278 265//265
f 280//280 279//279 266//266
f 281//281 280//280 267//267
f 282//282 281//281 268//268
f 283//283 282//282 269//269
f 284//284 279//279 280//280
f 286//286 285//285 280//280
f 287//287 286//286 281//281
f 288//288 287//287 282//282
f 289//289 227//227 222//222
f 290//290 289//289 274//274
f 291//291 289//289 290//290
f 277//277 292//292 290//290
f 293//293 292//292 277//277
f 294//294 293//293 278//278
f 295//295 293//293 294//294
f 284//284 296//296 294//294
f 297//297 296//296 284//284
f 298//298 297//297 285//285
f 299//299 298//298 286//286
f 300//300 299//299 287//287
f 301//301 233//233 227//227
f 291//291 302//302 301//301
f 303//303 302//302 291//291
f 293//293 304//304 303//303
f 295//295 305//305 304//304
f 306//306 305//305 295//295
f 297//297 307//307 306//306
f 298//298 308//308 307//307
f 299//299 309//309 308//308
f 300//300 310//310 309//309
f 239//239 32//32 106//106
f 313//313 312//312 106//106
f 314//314 313//313 107//107
f 315//315 314//314 108//108
f 316//316 315//315 109//109
f 316//316 110//110 111//111
f 245//245 239//239 312//312
f 318//318 312//312 313//313
f 319//319 313//313 314//314
f 320//320 314//314 315//315
f 321//321 315//315 316//316
f 323//323 322//322 316//316
f 324//324 250//250 245//245
f 325//325 324//324 318//318
f 326//326 325//325 319//319
f 327//327 326//326 320//320
f 328//328 327//327 321//321
f 317//317 111//111 129//129
f 329//329 129//129 130//130
f 330//330 130//130 131//131
f 323//323 333//333 332//332
f 323//323 317//317 329//329
f 333//333 329//329 330//330
f 335//335 334//334 330//330
f 336//336 264//264 250//250
f 337//337 336//336 324//324
f 338//338 337//337 325//325
f 339//339 338//338 326//326
f 328//328 340//340 339//339
f 328//328 322//322 332//332
f 341//341 340//340 332//332
f 342//342 341//341 333//333
f 270//270 264//264 336//336
f 344//344 343//343 336//336
f 345//345 344//344 337//337
f 346//346 345//345 338//338
f 347//347 346//346 339//339
f 348//348 347//347 340//340
f 331//331 131//131 158//158
f 335//335 351//351 350//350
f 335//335 331//331 349//349
f 342//342 353//353 352//352
f 342//342 334//334 350//350
f 354//354 353//353 350//350
f 343//343 355//355 283//283
f 344//344 356//356 355//355
f 345//345 357//357 356//356
f 346//346 358//358 357//357
f 347//347 359//359 358//358
f 348//348 360//360 359//359
f 348//348 341//341 352//352
f 361//361 360//360 352//352
f 288//288 283//283 355//355
f 362//362 355//355 356//356
f 363//363 356//356 357//357
f 364//364 357//357 358//358
f 366//366 365//365 358//358
f 354//354 368//368 367//367
f 360//360 370//370 369//369
f 361//361 371//371 370//370
f 361//361 353//353 367//367
f 372//372 371//371 367//367
f 362//362 373//373 300//300
f 363//363 374//374 373//373
f 364//364 375//375 374//374
f 365//365 376//376 375//375
f 366//366 377//377 376//376
f 366//366 359//359 369//369
f 378//378 377//377 369//369
f 381//381 380//380 370//370
f 372//372 382//382 381//381
f 372//372 368//368 379//379
f 383//383 310//310 300//300
f 384//384 383//383 373//373
f 385//385 384//384 374//374
f 386//386 385//385 375//375
f 387//387 386//386 376//376
f 378//378 388//388 387//387
f 378//378 370//370 380//380
f 389//389 311//311 310//310
f 349//349 158//158 199//199
f 390//390 199//199 200//200
f 392//392 351//351 349//349
f 393//393 354//354 351//351
f 391//391 395//395 394//394
f 395//395 391//391 200//200
f 392//392 390//390 394//394
f 397//397 396//396 394//394
f 393//393 398//398 368//368
f 393//393 392//392 396//396
f 399//399 395//395 210//210
f 397//397 401//401 400//400
f 397//397 395//395 399//399
f 398//398 402//402 379//379
f 398//398 396//396 400//400
f 403//403 402//402 400//400
f 405//405 11//11 10//10
f 406//406 404//404 10//10
f 407//407 405//405 404//404
f 409//409 15//15 14//14
f 409//409 406//406 12//12
f 407//407 406//406 411//411
f 407//407 412//412 410//410
f 409//409 413//413 411//411
f 414//414 412//412 411//411
f 412//412 416//416 415//415
f 414//414 413//413 417//417
f 414//414 418//418 416//416
f 423//423 86//86 85//85
f 87//87 86//86 423//423
f 88//88 87//87 424//424
f 426//426 89//89 88//88
f 427//427 426//426 420//420
f 427//427 90//90 89//89
f 427//427 421//421 84//84
f 429//429 92//92 91//91
f 430//430 93//93 92//92
f 93//93 430//430 422//422
f 431//431 94//94 11//11
f 94//94 431//431 428//428
f 434//434 421//421 420//420
f 434//434 432//432 419//419
f 423//423 422//422 435//435
f 437//437 424//424 423//423
f 438//438 425//425 424//424
f 439//439 426//426 425//425
f 439//439 433//433 420//420
f 429//429 428//428 440//440
f 442//442 430//430 429//429
f 430//430 442//442 435//435
f 443//443 436//436 435//435
f 431//431 405//405 410//410
f 431//431 444//444 440//440
f 445//445 441//441 440//440
f 434//434 433//433 447//447
f 434//434 448//448 446//446
f 437//437 436//436 449//449
f 438//438 437//437 450//450
f 452//452 439//439 438//438
f 452//452 447//447 433//433
f 442//442 441//441 453//453
f 443//443 442//442 454//454
f 443//443 455//455 449//449
f 456//456 450//450 449//449
f 457//457 451//451 450//450
f 444//444 410//410 415//415
f 445//445 444//444 458//458
f 445//445 459//459 453//453
f 460//460 454//454 453//453
f 461//461 458//458 415//415
f 462//462 459//459 458//458
f 463//463 461//461 416//416
f 448//448 447//447 465//465
f 448//448 466//466 464//464
f 452//452 451//451 467//467
f 452//452 468//468 465//465
f 455//455 454//454 469//469
f 456//456 455//455 470//470
f 457//457 456//456 471//471
f 457//457 472//472 467//467
f 473//473 468//468 467//467
f 460//460 459//459 474//474
f 460//460 475//475 469//469
f 476//476 470//470 469//469
f 477//477 471//471 470//470
f 478//478 472//472 471//471
f 462//462 461//461 479//479
f 462//462 480//480 474//474
f 481//481 475//475 474//474
f 482//482 476//476 475//475
f 463//463 483//483 479//479
f 484//484 480//480 479//479
f 484//484 485//485 481//481
f 488//488 466//466 465//465
f 466//466 488//488 486//486
f 468//468 489//489 487//487
f 473//473 472//472 490//490
f 473//473 491//491 489//489
f 477//477 476//476 492//492
f 478//478 477//477 493//493
f 478//478 494//494 490//490
f 495//495 491//491 490//490
f 482//482 481//481 496//496
f 482//482 497//497 492//492
f 498//498 493//493 492//492
f 499//499 494//494 493//493
f 485//485 500//500 496//496
f 501//501 497//497 496//496
f 501//501 502//502 498//498
f 502//502 503//503 499//499
f 488//488 487//487 505//505
f 488//488 506//506 504//504
f 489//489 507//507 505//505
f 508//508 506//506 505//505
f 509//509 507//507 489//489
f 495//495 494//494 510//510
f 495//495 511//511 509//509
f 499//499 512//512 510//510
f 513//513 511//511 510//510
f 514//514 512//512 499//499
f 515//515 513//513 512//512
f 508//508 507//507 517//517
f 508//508 518//518 516//516
f 509//509 519//519 517//517
f 520//520 518//518 517//517
f 511//511 521//521 519//519
f 522//522 520//520 519//519
f 513//513 523//523 521//521
f 515//515 524//524 523//523
f 520//520 527//527 526//526
f 522//522 521//521 528//528
f 522//522 529//529 527//527
f 523//523 530//530 528//528
f 531//531 529//529 528//528
f 532//532 530//530 523//523
f 532//532 533//533 531//531
f 525//525 533//533 532//532
f 529//529 535//535 534//534
f 531//531 536//536 535//535
f 537//537 536//536 531//531
f 543//543 539//539 538//538
f 540//540 539//539 543//543
f 546//546 542//542 541//541
f 543//543 542//542 546//546
f 544//544 543//543 547//547
f 546//546 545//545 549//549
f 547//547 546//546 550//550
f 552//552 548//548 547//547
f 555//555 181//181 180//180
f 556//556 182//182 181//181
f 557//557 183//183 182//182
f 184//184 183//183 557//557
f 561//561 186//186 185//185
f 562//562 561//561 553//553
f 562//562 187//187 186//186
f 562//562 554//554 180//180
f 563//563 191//191 184//184
f 563//563 558//558 559//559
f 192//192 191//191 563//563
f 565//565 421//421 419//419
f 565//565 193//193 84//84
f 565//565 560//560 185//185
f 566//566 196//196 192//192
f 569//569 554//554 553//553
f 555//555 554//554 569//569
f 571//571 570//570 538//538
f 571//571 556//556 555//555
f 571//571 539//539 540//540
f 557//557 556//556 571//571
f 573//573 558//558 557//557
f 559//559 558//558 573//573
f 575//575 560//560 419//419
f 576//576 575//575 567//567
f 576//576 561//561 560//560
f 576//576 568//568 553//553
f 577//577 564//564 559//559
f 579//579 568//568 567//567
f 569//569 568//568 579//579
f 581//581 580//580 541//541
f 581//581 570//570 569//569
f 581//581 542//542 538//538
f 582//582 572//572 540//540
f 573//573 572//572 582//582
f 574//574 573//573 583//583
f 585//585 575//575 432//432
f 585//585 578//578 567//567
f 577//577 574//574 584//584
f 588//588 579//579 578//578
f 589//589 580//580 579//579
f 589//589 545//545 541//541
f 582//582 544//544 548//548
f 583//583 582//582 590//590
f 584//584 583//583 591//591
f 593//593 585//585 446//446
f 585//585 593//593 587//587
f 586//586 584//584 592//592
f 588//588 587//587 595//595
f 589//589 588//588 596//596
f 589//589 597//597 549//549
f 598//598 550//550 549//549
f 598//598 599//599 551//551
f 599//599 600//600 552//552
f 590//590 548//548 552//552
f 601//601 591//591 590//590
f 602//602 592//592 591//591
f 593//593 464//464 486//486
f 603//603 595//595 587//587
f 604//604 594//594 592//592
f 596//596 595//595 605//605
f 607//607 597//597 596//596
f 598//598 597//597 607//607
f 599//599 598//598 608//608
f 610//610 600//600 599//599
f 601//601 600//600 610//610
f 612//612 602//602 601//601
f 603//603 486//486 504//504
f 603//603 613//613 605//605
f 614//614 606//606 605//605
f 615//615 616//616 612//612
f 604//604 602//602 612//612
f 617//617 613//613 504//504
f 607//607 606//606 618//618
f 608//608 607//607 619//619
f 621//621 609//609 608//608
f 622//622 610//610 609//609
f 623//623 611//611 610//610
f 614//614 613//613 624//624
f 614//614 625//625 618//618
f 626//626 619//619 618//618
f 626//626 627//627 620//620
f 627//627 628//628 621//621
f 629//629 622//622 621//621
f 629//629 630//630 623//623
f 615//615 611//611 623//623
f 631//631 616//616 615//615
f 617//617 506//506 516//516
f 617//617 632//632 624//624
f 633//633 625//625 624//624
f 635//635 632//632 516//516
f 626//626 625//625 636//636
f 627//627 626//626 637//637
f 639//639 628//628 627//627
f 629//629 628//628 639//639
f 641//641 630//630 629//629
f 642//642 631//631 630//630
f 633//633 632//632 643//643
f 633//633 644//644 636//636
f 645//645 637//637 636//636
f 646//646 638//638 637//637
f 647//647 648//648 641//641
f 648//648 649//649 642//642
f 634//634 631//631 642//642
f 635//635 518//518 526//526
f 635//635 650//650 643//643
f 651//651 644//644 643//643
f 653//653 650//650 526//526
f 566//566 564//564 654//654
f 211//211 196//196 566//566
f 657//657 212//212 211//211
f 657//657 655//655 656//656
f 213//213 212//212 657//657
f 659//659 215//215 213//213
f 661//661 216//216 215//215
f 661//661 659//659 660//660
f 217//217 216//216 661//661
f 664//664 663//663 661//661
f 218//218 217//217 663//663
f 666//666 665//665 663//663
f 654//654 564//564 577//577
f 668//668 655//655 654//654
f 656//656 655//655 668//668
f 670//670 658//658 656//656
f 672//672 659//659 658//658
f 672//672 670//670 671//671
f 660//660 659//659 672//672
f 674//674 662//662 660//660
f 675//675 664//664 662//662
f 676//676 666//666 664//664
f 667//667 577//577 586//586
f 679//679 668//668 667//667
f 679//679 677//677 678//678
f 669//669 668//668 679//679
f 681//681 670//670 669//669
f 671//671 670//670 681//681
f 683//683 673//673 671//671
f 674//674 673//673 683//683
f 675//675 674//674 684//684
f 686//686 676//676 675//675
f 687//687 677//677 586//586
f 678//678 677//677 687//687
f 689//689 680//680 678//678
f 681//681 680//680 689//689
f 691//691 682//682 681//681
f 692//692 683//683 682//682
f 684//684 683//683 692//692
f 685//685 684//684 693//693
f 695//695 686//686 685//685
f 687//687 594//594 604//604
f 697//697 688//688 687//687
f 698//698 699//699 697//697
f 689//689 688//688 697//697
f 690//690 689//689 699//699
f 691//691 690//690 700//700
f 692//692 691//691 701//701
f 703//703 693//693 692//692
f 704//704 694//694 693//693
f 695//695 694//694 704//704
f 706//706 696//696 604//604
f 698//698 696//696 706//706
f 708//708 699//699 698//698
f 700//700 699//699 708//708
f 710//710 701//701 700//700
f 711//711 712//712 710//710
f 702//702 701//701 710//710
f 703//703 702//702 712//712
f 714//714 704//704 703//703
f 705//705 704//704 714//714
f 717//717 706//706 616//616
f 634//634 718//718 717//717
f 707//707 706//706 717//717
f 719//719 708//708 707//707
f 720//720 721//721 719//719
f 709//709 708//708 719//719
f 711//711 709//709 721//721
f 723//723 712//712 711//711
f 724//724 725//725 723//723
f 713//713 712//712 723//723
f 727//727 725//725 724//724
f 714//714 713//713 725//725
f 729//729 727//727 726//726
f 729//729 728//728 715//715
f 729//729 716//716 714//714
f 730//730 718//718 634//634
f 652//652 731//731 730//730
f 720//720 718//718 730//730
f 732//732 721//721 720//720
f 733//733 734//734 732//732
f 722//722 721//721 732//732
f 736//736 734//734 733//733
f 724//724 722//722 734//734
f 738//738 736//736 735//735
f 726//726 724//724 736//736
f 739//739 740//740 738//738
f 740//740 728//728 726//726
f 639//639 638//638 741//741
f 743//743 640//640 639//639
f 645//645 644//644 744//744
f 646//646 645//645 745//745
f 646//646 746//746 741//741
f 747//747 742//742 741//741
f 747//747 748//748 743//743
f 647//647 640//640 743//743
f 749//749 648//648 647//647
f 750//750 649//649 648//648
f 651//651 650//650 751//751
f 651//651 752//752 744//744
f 753//753 745//745 744//744
f 754//754 746//746 745//745
f 754//754 755//755 747//747
f 755//755 756//756 748//748
f 756//756 757//757 749//749
f 757//757 758//758 750//750
f 652//652 649//649 750//750
f 653//653 527//527 534//534
f 653//653 759//759 751//751
f 760//760 752//752 751//751
f 761//761 753//753 752//752
f 762//762 763//763 758//758
f 764//764 759//759 534//534
f 765//765 760//760 759//759
f 766//766 767//767 763//763
f 536//536 768//768 764//764
f 769//769 765//765 764//764
f 771//771 768//768 536//536
f 771//771 772//772 769//769
f 754//754 753//753 775//775
f 777//777 755//755 754//754
f 756//756 755//755 777//777
f 779//779 757//757 756//756
f 761//761 760//760 780//780
f 761//761 781//781 775//775
f 782//782 776//776 775//775
f 783//783 777//777 776//776
f 783//783 784//784 778//778
f 784//784 785//785 779//779
f 762//762 757//757 779//779
f 765//765 786//786 780//780
f 787//787 781//781 780//780
f 787//787 788//788 782//782
f 788//788 789//789 783//783
f 790//790 784//784 783//783
f 790//790 791//791 785//785
f 766//766 762//762 785//785
f 792//792 767//767 766//766
f 793//793 786//786 765//765
f 794//794 787//787 786//786
f 794//794 795//795 788//788
f 795//795 796//796 789//789
f 797//797 790//790 789//789
f 798//798 791//791 790//790
f 798//798 799//799 792//792
f 770//770 767//767 792//792
f 772//772 800//800 793//793
f 800//800 801//801 794//794
f 802//802 795//795 794//794
f 803//803 796//796 795//795
f 803//803 804//804 797//797
f 804//804 805//805 798//798
f 806//806 799//799 798//798
f 806//806 805//805 773//773
f 806//806 774//774 770//770
f 807//807 731//731 652//652
f 763//763 808//808 807//807
f 733//733 731//731 807//807
f 809//809 808//808 763//763
f 809//809 735//735 733//733
f 770//770 810//810 809//809
f 810//810 737//737 735//735
f 811//811 810//810 770//770
f 739//739 737//737 810//810
f 812//812 408//408 14//14
f 813//813 409//409 408//408
f 813//813 812//812 228//228
f 230//230 814//814 813//813
f 232//232 816//816 814//814
f 816//816 817//817 815//815
f 817//817 816//816 232//232
f 813//813 818//818 413//413
f 820//820 818//818 813//813
f 820//820 821//821 819//819
f 815//815 821//821 820//820
f 822//822 821//821 815//815
f 818//818 823//823 417//417
f 824//824 418//418 417//417
f 819//819 824//824 823//823
f 825//825 824//824 819//819
f 826//826 825//825 821//821
f 827//827 817//817 233//233
f 828//828 827//827 301//301
f 829//829 828//828 302//302
f 830//830 829//829 303//303
f 831//831 830//830 304//304
f 832//832 831//831 305//305
f 307//307 833//833 832//832
f 308//308 834//834 833//833
f 309//309 835//835 834//834
f 310//310 836//836 835//835
f 311//311 837//837 836//836
f 827//827 838//838 822//822
f 840//840 838//838 827//827
f 840//840 841//841 839//839
f 829//829 841//841 840//840
f 842//842 841//841 829//829
f 844//844 842//842 830//830
f 844//844 845//845 843//843
f 832//832 845//845 844//844
f 846//846 845//845 832//832
f 847//847 846//846 833//833
f 848//848 847//847 834//834
f 849//849 848//848 835//835
f 850//850 463//463 418//418
f 825//825 851//851 850//850
f 826//826 853//853 851//851
f 838//838 853//853 826//826
f 853//853 854//854 852//852
f 839//839 854//854 853//853
f 856//856 854//854 839//839
f 856//856 857//857 855//855
f 842//842 857//857 856//856
f 843//843 858//858 857//857
f 863//863 858//858 843//843
f 863//863 864//864 859//859
f 846//846 864//864 863//863
f 865//865 860//860 859//859
f 847//847 865//865 864//864
f 866//866 861//861 860//860
f 848//848 866//866 865//865
f 866//866 867//867 862//862
f 849//849 867//867 866//866
f 868//868 483//483 463//463
f 869//869 484//484 483//483
f 870//870 485//485 484//484
f 871//871 868//868 850//850
f 871//871 872//872 869//869
f 852//852 872//872 871//871
f 873//873 870//870 869//869
f 875//875 872//872 852//852
f 875//875 876//876 873//873
f 855//855 876//876 875//875
f 876//876 877//877 874//874
f 881//881 876//876 855//855
f 881//881 882//882 877//877
f 858//858 882//882 881//881
f 882//882 883//883 878//878
f 859//859 883//883 882//882
f 883//883 884//884 879//879
f 860//860 884//884 883//883
f 884//884 885//885 880//880
f 861//861 885//885 884//884
f 862//862 886//886 885//885
f 887//887 886//886 862//862
f 888//888 500//500 485//485
f 889//889 501//501 500//500
f 890//890 502//502 501//501
f 890//890 891//891 503//503
f 892//892 888//888 870//870
f 892//892 893//893 889//889
f 874//874 893//893 892//892
f 894//894 890//890 889//889
f 894//894 895//895 891//891
f 897//897 893//893 874//874
f 897//897 898//898 894//894
f 878//878 898//898 897//897
f 899//899 895//895 894//894
f 899//899 898//898 878//878
f 899//899 900//900 896//896
f 880//880 900//900 899//899
f 902//902 900//900 880//880
f 902//902 903//903 901//901
f 886//886 903//903 902//902
f 891//891 904//904 514//514
f 905//905 515//515 514//514
f 906//906 904//904 891//891
f 906//906 907//907 905//905
f 896//896 907//907 906//906
f 909//909 907//907 896//896
f 909//909 910//910 908//908
f 901//901 910//910 909//909
f 911//911 910//910 901//901
f 912//912 524//524 515//515
f 912//912 913//913 525//525
f 914//914 912//912 905//905
f 914//914 915//915 913//913
f 908//908 915//915 914//914
f 916//916 915//915 908//908
f 917//917 533//533 525//525
f 918//918 917//917 913//913
f 919//919 537//537 533//533
f 381//381 922//922 921//921
f 382//382 923//923 922//922
f 382//382 379//379 920//920
f 925//925 924//924 383//383
f 926//926 925//925 384//384
f 927//927 926//926 385//385
f 928//928 927//927 386//386
f 388//388 929//929 928//928
f 388//388 380//380 921//921
f 930//930 929//929 921//921
f 931//931 930//930 922//922
f 932//932 924//924 836//836
f 932//932 837//837 311//311
f 389//389 383//383 924//924
f 934//934 849//849 836//836
f 925//925 935//935 934//934
f 926//926 936//936 935//935
f 937//937 936//936 926//926
f 938//938 937//937 927//927
f 939//939 938//938 928//928
f 930//930 940//940 939//939
f 931//931 941//941 940//940
f 931//931 923//923 933//933
f 943//943 867//867 849//849
f 944//944 943//943 934//934
f 945//945 944//944 935//935
f 937//937 946//946 945//945
f 938//938 947//947 946//946
f 948//948 947//947 938//938
f 949//949 948//948 939//939
f 941//941 950//950 949//949
f 950//950 941//941 933//933
f 951//951 946//946 947//947
f 887//887 955//955 953//953
f 943//943 955//955 887//887
f 944//944 956//956 955//955
f 957//957 956//956 944//944
f 946//946 958//958 957//957
f 960//960 959//959 947//947
f 961//961 960//960 948//948
f 950//950 962//962 961//961
f 962//962 950//950 942//942
f 951//951 963//963 958//958
f 963//963 964//964 959//959
f 964//964 963//963 951//951
f 952//952 947//947 959//959
f 953//953 965//965 903//903
f 968//968 965//965 953//953
f 968//968 969//969 966//966
f 956//956 969//969 968//968
f 970//970 969//969 956//956
f 971//971 970//970 957//957
f 972//972 971//971 958//958
f 960//960 973//973 972//972
f 961//961 974//974 973//973
f 975//975 974//974 961//961
f 962//962 954//954 967//967
f 911//911 977//977 976//976
f 965//965 977//977 911//911
f 966//966 978//978 977//977
f 982//982 978//978 966//966
f 982//982 983//983 979//979
f 970//970 983//983 982//982
f 984//984 983//983 970//970
f 985//985 984//984 971//971
f 973//973 986//986 985//985
f 974//974 987//987 986//986
f 988//988 981//981 980//980
f 988//988 987//987 974//974
f 988//988 975//975 967//967
f 916//916 990//990 989//989
f 976//976 990//990 916//916
f 993//993 990//990 976//976
f 993//993 994//994 991//991
f 978//978 994//994 993//993
f 979//979 995//995 994//994
f 1000//1000 999//999 980//980
f 1001//1001 995//995 979//979
f 1001//1001 1002//1002 996//996
f 984//984 1002//1002 1001//1001
f 1003//1003 997//997 996//996
f 985//985 1003//1003 1002//1002
f 1003//1003 1004//1004 998//998
f 1004//1004 1003//1003 985//985
f 1005//1005 999//999 998//998
f 1005//1005 1004//1004 986//986
f 1005//1005 987//987 980//980
f 918//918 1008//1008 1006//1006
f 989//989 1008//1008 918//918
f 1012//1012 1008//1008 989//989
f 1012//1012 1013//1013 1009//1009
f 991//991 1013//1013 1012//1012
f 1019//1019 1011//1011 1010//1010
f 1020//1020 1013//1013 991//991
f 1020//1020 1021//1021 1014//1014
f 995//995 1021//1021 1020//1020
f 1022//1022 1015//1015 1014//1014
f 996//996 1022//1022 1021//1021
f 1023//1023 1016//1016 1015//1015
f 997//997 1023//1023 1022//1022
f 1023//1023 1024//1024 1017//1017
f 1024//1024 1023//1023 997//997
f 1025//1025 1018//1018 1017//1017
f 1025//1025 1024//1024 998//998
f 1026//1026 1019//1019 1018//1018
f 1026//1026 1025//1025 999//999
f 1026//1026 1000//1000 992//992
f 399//399 218//218 665//665
f 1028//1028 1027//1027 665//665
f 1029//1029 401//401 399//399
f 402//402 1030//1030 920//920
f 403//403 1031//1031 1030//1030
f 403//403 401//401 1029//1029
f 1032//1032 923//923 920//920
f 1028//1028 1034//1034 1033//1033
f 1028//1028 666//666 676//676
f 1029//1029 1027//1027 1033//1033
f 1036//1036 1035//1035 1033//1033
f 1031//1031 1038//1038 1037//1037
f 1038//1038 1031//1031 1029//1029
f 1032//1032 1039//1039 933//933
f 1032//1032 1030//1030 1037//1037
f 1040//1040 1034//1034 676//676
f 1036//1036 1042//1042 1041//1041
f 1036//1036 1034//1034 1040//1040
f 1044//1044 1043//1043 1037//1037
f 1038//1038 1035//1035 1041//1041
f 1039//1039 1045//1045 942//942
f 1039//1039 1037//1037 1043//1043
f 1046//1046 1040//1040 686//686
f 1048//1048 1047//1047 1041//1041
f 1042//1042 1040//1040 1046//1046
f 1050//1050 1049//1049 1043//1043
f 1044//1044 1041//1041 1047//1047
f 1045//1045 1051//1051 954//954
f 1051//1051 1045//1045 1043//1043
f 1046//1046 695//695 705//705
f 1055//1055 1053//1053 1052//1052
f 1055//1055 1054//1054 1047//1047
f 1055//1055 1048//1048 1046//1046
f 1050//1050 1057//1057 1056//1056
f 1057//1057 1050//1050 1047//1047
f 1058//1058 967//967 954//954
f 1051//1051 1049//1049 1056//1056
f 1060//1060 716//716 715//715
f 1060//1060 1059//1059 1052//1052
f 1060//1060 1053//1053 705//705
f 1061//1061 1054//1054 1052//1052
f 1057//1057 1063//1063 1062//1062
f 1063//1063 1057//1057 1054//1054
f 1064//1064 981//981 967//967
f 1058//1058 1056//1056 1062//1062
f 1066//1066 1059//1059 715//715
f 1068//1068 1066//1066 1065//1065
f 1068//1068 1061//1061 1059//1059
f 1070//1070 1068//1068 1067//1067
f 1070//1070 1069//1069 1062//1062
f 1070//1070 1063//1063 1061//1061
f 1071//1071 1069//1069 992//992
f 1071//1071 1000//1000 981//981
f 1071//1071 1064//1064 1062//1062
f 1073//1073 740//740 739//739
f 1073//1073 1072//1072 1065//1065
f 1073//1073 1066//1066 728//728
f 1074//1074 1072//1072 1007//1007
f 1074//1074 1067//1067 1065//1065
f 1075//1075 1074//1074 1011//1011
f 1075//1075 1019//1019 992//992
f 1075//1075 1069//1069 1067//1067
f 919//919 1076//1076 771//771
f 1006//1006 1076//1076 919//919
f 1076//1076 1077//1077 772//772
f 1081//1081 774//774 773//773
f 1082//1082 1076//1076 1006//1006
f 1082//1082 1083//1083 1077//1077
f 1009//1009 1083//1083 1082//1082
f 1083//1083 1084//1084 1078//1078
f 1088//1088 1080//1080 1079//1079
f 1089//1089 1081//1081 1080//1080
f 1089//1089 1088//1088 1010//1010
f 1089//1089 1011//1011 1007//1007
f 1090//1090 1083//1083 1009//1009
f 1090//1090 1091//1091 1084//1084
f 1014//1014 1091//1091 1090//1090
f 1091//1091 1092//1092 1085//1085
f 1092//1092 1091//1091 1014//1014
f 1092//1092 1093//1093 1086//1086
f 1093//1093 1092//1092 1015//1015
f 1094//1094 1087//1087 1086//1086
f 1017//1017 1094//1094 1093//1093
f 1095//1095 1088//1088 1087//1087
f 1095//1095 1094//1094 1017//1017
f 1095//1095 1018//1018 1010//1010
f 1096//1096 800//800 772//772
f 1096//1096 1097//1097 801//801
f 1078//1078 1097//1097 1096//1096
f 1098//1098 802//802 801//801
f 1099//1099 803//803 802//802
f 1099//1099 1100//1100 804//804
f 1101//1101 805//805 804//804
f 1101//1101 1100//1100 1079//1079
f 1101//1101 1080//1080 773//773
f 1102//1102 1097//1097 1078//1078
f 1102//1102 1103//1103 1098//1098
f 1085//1085 1103//1103 1102//1102
f 1103//1103 1104//1104 1099//1099
f 1104//1104 1103//1103 1085//1085
f 1105//1105 1100//1100 1099//1099
f 1105//1105 1104//1104 1086//1086
f 1105//1105 1087//1087 1079//1079
f 1106//1106 811//811 774//774
f 1106//1106 1081//1081 1007//1007
f 1106//1106 1072//1072 739//739
