# Blender 4.2.0
# www.blender.org
o 84056_X5Y2
v -0.092844 -0.363380 0.092844
v -0.100880 -0.372609 0.067593
v -0.092174 -0.407438 0.008351
v -0.107049 -0.386479 0.023036
v -0.067593 -0.372609 0.100881
v -0.057877 -0.413688 0.057878
v -0.070776 -0.396171 0.070776
v -0.070776 -0.418575 0.023036
v -0.087919 -0.403802 0.038393
v -0.008352 -0.407438 0.092174
v -0.023036 -0.386479 0.107049
v -0.023036 -0.418575 0.070776
v -0.038393 -0.403802 0.087919
v -0.000001 -0.450618 0.000001
v -0.018025 -0.442482 0.018025
v -0.280454 -0.006089 0.096853
v -0.289007 -0.012355 0.067593
v -0.288297 -0.014856 0.022531
v -0.247840 -0.014331 0.103562
v -0.234617 -0.055571 0.057773
v -0.248918 -0.035720 0.070713
v -0.239933 -0.062593 0.022531
v -0.262464 -0.037387 0.022531
v -0.188570 -0.011638 0.139436
v -0.181600 -0.184801 0.092431
v -0.184428 -0.157716 0.097254
v -0.188559 -0.112655 0.104162
v -0.195103 -0.067593 0.108743
v -0.205903 -0.027349 0.117392
v -0.182862 -0.233093 0.052183
v -0.186698 -0.201004 0.067359
v -0.196617 -0.157716 0.067593
v -0.204541 -0.112655 0.067593
v -0.217262 -0.069392 0.070713
v -0.223236 -0.043060 0.087814
v -0.185643 -0.241593 0.022531
v -0.197175 -0.202778 0.022531
v -0.207261 -0.157716 0.022531
v -0.214705 -0.112655 0.022531
v -0.221754 -0.085124 0.022531
v -0.136408 -0.228271 0.136408
v -0.140896 -0.202778 0.140896
v -0.147262 -0.157716 0.147262
v -0.151951 -0.112655 0.151952
v -0.154938 -0.067593 0.154938
v -0.161426 -0.025008 0.154739
v -0.141442 -0.283883 0.098816
v -0.146791 -0.245111 0.113364
v -0.164897 -0.201004 0.109533
v -0.169793 -0.157716 0.119784
v -0.174482 -0.112655 0.126693
v -0.177469 -0.067593 0.131274
v -0.178920 -0.041679 0.133471
v -0.141094 -0.325354 0.058583
v -0.149970 -0.296503 0.071199
v -0.171568 -0.248004 0.067359
v -0.177091 -0.214842 0.082224
v -0.145815 -0.333575 0.022531
v -0.166155 -0.292902 0.022531
v -0.178056 -0.264123 0.022531
v -0.092432 -0.184801 0.181600
v -0.097254 -0.157716 0.184428
v -0.104162 -0.112655 0.188477
v -0.108562 -0.067593 0.191057
v -0.110774 -0.022531 0.192354
v -0.098816 -0.283883 0.141442
v -0.113364 -0.245111 0.146791
v -0.109533 -0.201004 0.164897
v -0.119785 -0.157716 0.169793
v -0.126693 -0.112655 0.174482
v -0.131093 -0.067593 0.177469
v -0.133304 -0.022531 0.178970
v -0.102797 -0.337964 0.102797
v -0.116579 -0.298903 0.116579
v -0.128858 -0.258312 0.128858
v -0.125260 -0.339410 0.071199
v -0.134342 -0.313924 0.088624
v -0.132274 -0.356106 0.022531
v -0.052183 -0.233094 0.182862
v -0.067359 -0.201004 0.186698
v -0.067593 -0.157716 0.196617
v -0.067593 -0.112655 0.204459
v -0.067593 -0.067593 0.209459
v -0.067593 -0.022531 0.211971
v -0.058583 -0.325355 0.141094
v -0.071199 -0.296503 0.149970
v -0.067359 -0.248004 0.171568
v -0.082225 -0.214842 0.177091
v -0.071199 -0.339411 0.125260
v -0.088624 -0.313924 0.134342
v -0.022531 -0.241593 0.185643
v -0.022531 -0.202778 0.197175
v -0.022531 -0.157716 0.207261
v -0.022531 -0.112655 0.214705
v -0.022531 -0.067593 0.219451
v -0.022531 -0.022531 0.221837
v -0.022531 -0.333575 0.145815
v -0.022531 -0.292902 0.166155
v -0.022531 -0.264124 0.178056
v -0.022531 -0.356106 0.132274
v -0.315529 0.312344 0.135353
v -0.315930 0.337964 0.136276
v -0.315533 0.044468 0.090249
v -0.315988 0.067593 0.090943
v -0.316745 0.112655 0.092435
v -0.317450 0.157716 0.094768
v -0.318155 0.202778 0.099323
v -0.318860 0.247840 0.106077
v -0.318797 0.295555 0.115998
v -0.318511 0.337964 0.112655
v -0.317805 0.033945 0.067593
v -0.320935 0.067593 0.067593
v -0.322398 0.112655 0.067593
v -0.323808 0.157716 0.067593
v -0.325218 0.202778 0.067593
v -0.326628 0.247840 0.067593
v -0.328039 0.292902 0.067593
v -0.321028 0.341843 0.067890
v -0.320432 0.029988 0.022531
v -0.327903 0.067593 0.022531
v -0.331078 0.112655 0.022531
v -0.332489 0.157716 0.022531
v -0.333899 0.202778 0.022531
v -0.335309 0.247840 0.022531
v -0.336499 0.292902 0.022531
v -0.326208 0.335657 0.022531
v -0.271449 0.311494 0.181080
v -0.271449 0.320612 0.181080
v -0.274390 0.120499 0.138300
v -0.279483 0.157716 0.142246
v -0.285650 0.202778 0.147024
v -0.290414 0.247840 0.151802
v -0.293172 0.296898 0.156625
v -0.289042 0.336565 0.162197
v -0.294446 0.026681 0.101295
v -0.292902 0.067593 0.110979
v -0.290807 0.108349 0.118968
v -0.302014 0.157716 0.117299
v -0.308181 0.202778 0.121854
v -0.312945 0.247840 0.128608
v -0.314895 0.282303 0.133247
v -0.311537 0.011414 0.067593
v -0.314885 0.359449 0.053067
v -0.310828 0.007457 0.022531
v -0.313841 0.358188 0.022531
v -0.229075 0.166488 0.183165
v -0.234041 0.202778 0.187013
v -0.240207 0.247840 0.191791
v -0.250526 0.295045 0.191220
v -0.248183 0.336565 0.186606
v -0.236127 0.034588 0.143568
v -0.244620 0.067593 0.150148
v -0.252291 0.108349 0.152847
v -0.245593 0.153967 0.167711
v -0.256572 0.202778 0.169555
v -0.262738 0.247840 0.174333
v -0.267338 0.281453 0.177897
v -0.263432 0.350653 0.178752
v -0.249825 0.020753 0.125958
v -0.267151 0.067593 0.132690
v -0.270279 0.090457 0.135115
v -0.183759 0.212477 0.228030
v -0.186840 0.247840 0.229365
v -0.185526 0.276513 0.227995
v -0.182705 0.043533 0.181767
v -0.190014 0.067593 0.187527
v -0.199177 0.112655 0.194915
v -0.207077 0.153967 0.197555
v -0.200379 0.199585 0.212419
v -0.209371 0.247840 0.214322
v -0.201439 0.292081 0.215428
v -0.202778 0.337964 0.199351
v -0.200658 0.024040 0.156523
v -0.212545 0.067593 0.172679
v -0.221708 0.112655 0.177457
v -0.224964 0.136446 0.179980
v -0.218611 0.004547 0.131353
v -0.141385 0.083484 0.230113
v -0.147568 0.112655 0.234904
v -0.153735 0.157716 0.239682
v -0.161863 0.199585 0.240982
v -0.157716 0.247840 0.242776
v -0.157716 0.284678 0.231566
v -0.157716 0.033088 0.188171
v -0.156930 0.068115 0.209523
v -0.170099 0.112655 0.217446
v -0.176266 0.157716 0.222224
v -0.179648 0.182435 0.224845
v -0.157716 0.307209 0.221713
v -0.157716 0.337964 0.208263
v -0.157716 0.010557 0.171888
v -0.096070 0.125258 0.274978
v -0.102126 0.157716 0.278882
v -0.098332 0.202778 0.275558
v -0.091011 0.225710 0.270546
v -0.112655 0.074142 0.238059
v -0.111716 0.111204 0.258328
v -0.124657 0.157716 0.262213
v -0.120863 0.202778 0.265390
v -0.108681 0.243575 0.259239
v -0.114393 0.296156 0.235114
v -0.100532 0.320139 0.227367
v -0.116829 0.018375 0.199619
v -0.112655 0.051611 0.220633
v -0.130573 0.313347 0.224397
v -0.114393 0.336281 0.217567
v -0.134633 0.000585 0.179872
v -0.046643 0.133711 0.316464
v -0.046643 0.137686 0.316464
v -0.050431 0.088660 0.271942
v -0.063558 0.114464 0.288481
v -0.064035 0.154711 0.301034
v -0.067593 0.202778 0.285204
v -0.067593 0.231006 0.272862
v -0.059280 0.034637 0.229249
v -0.069876 0.067037 0.248398
v -0.080472 0.095217 0.267547
v -0.067593 0.253537 0.263009
v -0.067593 0.292902 0.245793
v -0.067593 0.327587 0.230625
v -0.071617 0.020782 0.220294
v -0.089321 0.045413 0.225049
v -0.067593 0.350118 0.220771
v -0.042650 0.133711 0.316464
v -0.042650 0.137686 0.316464
v -0.039140 0.088660 0.271942
v -0.025875 0.113419 0.290367
v -0.025590 0.154711 0.302947
v -0.022531 0.202778 0.286965
v -0.022531 0.240466 0.275061
v -0.022531 0.025978 0.231722
v -0.023484 0.071221 0.256118
v -0.009099 0.093127 0.268108
v -0.022531 0.262997 0.267457
v -0.022531 0.292902 0.254697
v -0.022365 0.340357 0.233985
v -0.022531 0.003447 0.224141
v -0.037275 0.356973 0.223769
v -0.315999 0.361468 0.136472
v -0.316196 0.361688 0.112655
v -0.315884 0.361113 0.083108
v -0.292902 0.370818 0.146294
v -0.290704 0.387149 0.113636
v -0.274218 0.409257 0.099270
v -0.301080 0.378890 0.067890
v -0.275372 0.411058 0.067593
v -0.294770 0.383025 0.022531
v -0.273831 0.410016 0.022531
v -0.233391 0.364149 0.181846
v -0.248549 0.383738 0.159620
v -0.233665 0.408351 0.140488
v -0.263707 0.403327 0.129311
v -0.248348 0.415112 0.113636
v -0.244378 0.433640 0.064505
v -0.227049 0.451662 0.047425
v -0.253016 0.432547 0.022531
v -0.230485 0.455764 0.022531
v -0.202778 0.371071 0.184873
v -0.202778 0.393602 0.170608
v -0.202778 0.413517 0.148077
v -0.202778 0.431429 0.112655
v -0.202778 0.446000 0.079668
v -0.202778 0.455952 0.057137
v -0.202778 0.469842 0.022531
v -0.156155 0.384788 0.188095
v -0.140093 0.407088 0.181218
v -0.170134 0.400983 0.177113
v -0.156155 0.418872 0.160342
v -0.161206 0.444651 0.114203
v -0.148511 0.455075 0.100214
v -0.178553 0.450051 0.088840
v -0.161206 0.463588 0.071329
v -0.158065 0.486560 0.021701
v -0.143276 0.498386 0.006127
v -0.112655 0.383025 0.197468
v -0.112655 0.412534 0.183931
v -0.113255 0.436869 0.157077
v -0.098634 0.453465 0.141630
v -0.128675 0.448441 0.130256
v -0.113255 0.460689 0.114203
v -0.110113 0.483661 0.064575
v -0.093399 0.496775 0.047542
v -0.123440 0.491751 0.036168
v -0.110113 0.502599 0.021701
v -0.067593 0.383025 0.206380
v -0.063856 0.428244 0.186965
v -0.046343 0.450994 0.180590
v -0.076385 0.443370 0.171671
v -0.063856 0.457274 0.157077
v -0.067593 0.476646 0.112655
v -0.067593 0.491139 0.079843
v -0.067593 0.501091 0.057312
v -0.067593 0.515336 0.022531
v -0.007234 0.363766 0.226740
v -0.022365 0.380482 0.216437
v -0.022531 0.428087 0.195585
v -0.022531 0.454059 0.182989
v -0.022531 0.469633 0.157716
v -0.026113 0.489805 0.114273
v -0.013480 0.500044 0.100331
v -0.043521 0.495165 0.088957
v -0.026113 0.505601 0.071399
v -0.022531 0.517988 0.022531
v -0.092174 -0.407438 -0.008351
v -0.107049 -0.386479 -0.023035
v -0.100880 -0.372608 -0.067593
v -0.092844 -0.363380 -0.092844
v -0.070776 -0.418575 -0.023035
v -0.087918 -0.403802 -0.038392
v -0.057877 -0.413688 -0.057877
v -0.070776 -0.396170 -0.070776
v -0.067593 -0.372608 -0.100880
v -0.000001 -0.450618 -0.000001
v -0.018025 -0.442482 -0.018025
v -0.023035 -0.418575 -0.070776
v -0.038392 -0.403802 -0.087918
v -0.008351 -0.407438 -0.092174
v -0.023035 -0.386479 -0.107049
v -0.279820 -0.010891 -0.022531
v -0.273833 -0.005098 -0.054225
v -0.239690 -0.062908 -0.022531
v -0.262221 -0.033422 -0.022531
v -0.234075 -0.055794 -0.067593
v -0.258031 -0.021084 -0.068584
v -0.228013 -0.048442 -0.097752
v -0.238895 -0.024681 -0.112725
v -0.231752 -0.010020 -0.157716
v -0.226767 -0.002267 -0.184105
v -0.185643 -0.241592 -0.022531
v -0.197175 -0.202778 -0.022531
v -0.207260 -0.157716 -0.022531
v -0.214704 -0.112655 -0.022531
v -0.221754 -0.085439 -0.022531
v -0.182861 -0.233093 -0.052183
v -0.186698 -0.201004 -0.067359
v -0.196616 -0.157716 -0.067593
v -0.204507 -0.112655 -0.067593
v -0.216771 -0.078324 -0.067593
v -0.181599 -0.184800 -0.092431
v -0.184428 -0.157716 -0.097253
v -0.188525 -0.112655 -0.104162
v -0.205038 -0.068236 -0.114718
v -0.223014 -0.041134 -0.127793
v -0.192194 -0.056656 -0.157716
v -0.214725 -0.032551 -0.157716
v -0.183508 -0.047830 -0.202778
v -0.207363 -0.019385 -0.200587
v -0.181392 -0.046223 -0.228340
v -0.189086 -0.021015 -0.245153
v -0.183030 -0.004984 -0.272492
v -0.145815 -0.333575 -0.022531
v -0.166154 -0.292902 -0.022531
v -0.178056 -0.264123 -0.022531
v -0.141094 -0.325354 -0.058583
v -0.149969 -0.296502 -0.071199
v -0.171567 -0.248004 -0.067359
v -0.177090 -0.214841 -0.082224
v -0.141442 -0.283882 -0.098816
v -0.146791 -0.245111 -0.113364
v -0.164896 -0.201004 -0.109533
v -0.169792 -0.157716 -0.119784
v -0.174482 -0.112655 -0.126693
v -0.177870 -0.088031 -0.131684
v -0.136408 -0.228270 -0.136408
v -0.140895 -0.202778 -0.140895
v -0.147261 -0.157716 -0.147261
v -0.149983 -0.110694 -0.159037
v -0.168931 -0.079186 -0.157716
v -0.137494 -0.094366 -0.184165
v -0.154596 -0.071058 -0.200622
v -0.158425 -0.055080 -0.245153
v -0.173918 -0.035025 -0.258382
v -0.143877 -0.051003 -0.275902
v -0.158425 -0.021015 -0.281515
v -0.132274 -0.356106 -0.022531
v -0.125260 -0.339410 -0.071199
v -0.134342 -0.313924 -0.088624
v -0.102797 -0.337964 -0.102797
v -0.116579 -0.298903 -0.116579
v -0.128857 -0.258312 -0.128857
v -0.098816 -0.283882 -0.141442
v -0.113364 -0.245111 -0.146791
v -0.109533 -0.201003 -0.164896
v -0.119784 -0.157716 -0.169792
v -0.127363 -0.124407 -0.174937
v -0.092431 -0.184800 -0.181599
v -0.097253 -0.157716 -0.184427
v -0.112467 -0.110694 -0.193316
v -0.112655 -0.085114 -0.215949
v -0.112655 -0.068112 -0.247840
v -0.112655 -0.050590 -0.275647
v -0.112655 -0.022531 -0.290685
v -0.071199 -0.339410 -0.125260
v -0.088624 -0.313923 -0.134342
v -0.058583 -0.325354 -0.141094
v -0.071199 -0.296502 -0.149969
v -0.067359 -0.248004 -0.171567
v -0.082224 -0.214841 -0.177090
v -0.052183 -0.233093 -0.182861
v -0.067359 -0.201003 -0.186697
v -0.067593 -0.157716 -0.196616
v -0.067593 -0.112655 -0.210061
v -0.067593 -0.087306 -0.222325
v -0.069536 -0.061690 -0.250441
v -0.055811 -0.039630 -0.267196
v -0.085852 -0.046491 -0.271875
v -0.069536 -0.023778 -0.280446
v -0.022531 -0.356106 -0.132273
v -0.022531 -0.333575 -0.145815
v -0.022531 -0.292902 -0.166154
v -0.022531 -0.264123 -0.178056
v -0.022531 -0.241592 -0.185643
v -0.022531 -0.202778 -0.197175
v -0.022531 -0.157716 -0.207260
v -0.022531 -0.112655 -0.215137
v -0.022531 -0.085932 -0.222187
v -0.022531 -0.063401 -0.239345
v -0.022531 -0.032982 -0.261876
v -0.022531 -0.010451 -0.277381
v -0.361081 0.179155 -0.131653
v -0.362057 0.202778 -0.126706
v -0.363093 0.247840 -0.121696
v -0.362462 0.273882 -0.124972
v -0.361081 0.179155 -0.137045
v -0.364126 0.202912 -0.154326
v -0.367900 0.247840 -0.157716
v -0.363800 0.275520 -0.157716
v -0.364463 0.218022 -0.189389
v -0.365301 0.247840 -0.191380
v -0.362935 0.273725 -0.185949
v -0.319036 0.039192 -0.009990
v -0.325993 0.064860 -0.024019
v -0.338447 0.112655 -0.022531
v -0.341169 0.157716 -0.022531
v -0.342580 0.202778 -0.022531
v -0.343990 0.247840 -0.022531
v -0.343215 0.292902 -0.022531
v -0.328583 0.333926 -0.022531
v -0.322672 0.078646 -0.067593
v -0.338786 0.112655 -0.067593
v -0.349108 0.157716 -0.067593
v -0.351260 0.202778 -0.067593
v -0.352671 0.247840 -0.067593
v -0.347211 0.292902 -0.067593
v -0.328239 0.331940 -0.067593
v -0.317515 0.086885 -0.095635
v -0.327338 0.111501 -0.111455
v -0.352006 0.161567 -0.115041
v -0.358048 0.202778 -0.104176
v -0.358753 0.247840 -0.099165
v -0.350927 0.290502 -0.111033
v -0.326698 0.329954 -0.112655
v -0.320274 0.127656 -0.157716
v -0.343359 0.161567 -0.154326
v -0.355522 0.187981 -0.167086
v -0.347689 0.298051 -0.157716
v -0.325158 0.327968 -0.157716
v -0.315823 0.134579 -0.181280
v -0.323723 0.158897 -0.198892
v -0.347615 0.202912 -0.203757
v -0.351722 0.247840 -0.213910
v -0.337525 0.290887 -0.202240
v -0.321402 0.323128 -0.188489
v -0.318812 0.174705 -0.228224
v -0.325594 0.202778 -0.231964
v -0.329191 0.247840 -0.234088
v -0.323607 0.278008 -0.231056
v -0.303827 0.023515 -0.024019
v -0.313532 0.048018 -0.040031
v -0.312300 0.356457 -0.022531
v -0.284787 0.020090 -0.068584
v -0.308325 0.056116 -0.067593
v -0.310760 0.354471 -0.067593
v -0.277282 0.034313 -0.112655
v -0.300781 0.070156 -0.111455
v -0.311840 0.095711 -0.125676
v -0.309219 0.352485 -0.112655
v -0.272141 0.042309 -0.139870
v -0.281741 0.066731 -0.156021
v -0.305787 0.105125 -0.157716
v -0.307152 0.350499 -0.157716
v -0.274744 0.083322 -0.202778
v -0.297617 0.116797 -0.198892
v -0.309950 0.144663 -0.211321
v -0.307530 0.308049 -0.218531
v -0.293268 0.337626 -0.203745
v -0.270449 0.090002 -0.225426
v -0.277583 0.112655 -0.231900
v -0.294118 0.158897 -0.239290
v -0.292902 0.202778 -0.251819
v -0.289511 0.245101 -0.259212
v -0.289879 0.290080 -0.245709
v -0.277488 0.322082 -0.230321
v -0.272229 0.258296 -0.271547
v -0.272229 0.272111 -0.271547
v -0.268158 0.003442 -0.084266
v -0.262795 0.011782 -0.112655
v -0.255157 0.025385 -0.156021
v -0.266466 0.051135 -0.169911
v -0.236117 0.021960 -0.200587
v -0.260257 0.060791 -0.202778
v -0.261411 0.352123 -0.219000
v -0.230750 0.036600 -0.234101
v -0.246598 0.072026 -0.239307
v -0.245844 0.109902 -0.257259
v -0.258012 0.157716 -0.263130
v -0.265804 0.202778 -0.267695
v -0.269924 0.228255 -0.270109
v -0.256156 0.302152 -0.260362
v -0.243763 0.334154 -0.244969
v -0.229493 0.123087 -0.272822
v -0.235481 0.157716 -0.276330
v -0.243273 0.202778 -0.280896
v -0.252078 0.245101 -0.282860
v -0.243817 0.289440 -0.278077
v -0.226115 0.316185 -0.270938
v -0.221092 0.006559 -0.214146
v -0.211712 0.021960 -0.248609
v -0.219897 0.067593 -0.265249
v -0.224298 0.093046 -0.269771
v -0.202778 0.349617 -0.262173
v -0.188945 0.022531 -0.275835
v -0.197366 0.067593 -0.280400
v -0.206678 0.109902 -0.283518
v -0.202778 0.157716 -0.295491
v -0.200646 0.200420 -0.305393
v -0.212609 0.247840 -0.307630
v -0.203763 0.294056 -0.302082
v -0.202778 0.327086 -0.279154
v -0.184204 0.213869 -0.317751
v -0.190078 0.247840 -0.321192
v -0.189398 0.279804 -0.320794
v -0.179996 0.360260 -0.270194
v -0.157716 0.022531 -0.294500
v -0.155246 0.066212 -0.304798
v -0.166702 0.112655 -0.307497
v -0.174494 0.157716 -0.312062
v -0.179009 0.183828 -0.314707
v -0.174741 0.309846 -0.311556
v -0.162348 0.342291 -0.296163
v -0.138578 0.080313 -0.317421
v -0.144171 0.112655 -0.320697
v -0.151963 0.157716 -0.325262
v -0.161480 0.200420 -0.328339
v -0.157716 0.247840 -0.340152
v -0.158919 0.294056 -0.331166
v -0.144700 0.324322 -0.322132
v -0.111800 0.026107 -0.308805
v -0.126251 0.050271 -0.314377
v -0.128622 0.354363 -0.310811
v -0.096209 0.043512 -0.316110
v -0.111800 0.066212 -0.321380
v -0.112655 0.112655 -0.336412
v -0.110048 0.156968 -0.349545
v -0.121299 0.202778 -0.352358
v -0.129091 0.247840 -0.356924
v -0.125223 0.292902 -0.353609
v -0.110974 0.336394 -0.336780
v -0.070042 0.026107 -0.305205
v -0.056655 0.050304 -0.313140
v -0.086696 0.043512 -0.316110
v -0.070042 0.066232 -0.322753
v -0.067593 0.112655 -0.342488
v -0.067593 0.147044 -0.356377
v -0.067593 0.347539 -0.349275
v -0.022531 0.022531 -0.294245
v -0.022531 0.058020 -0.309766
v -0.022531 0.080551 -0.319619
v -0.022531 0.112655 -0.333659
v -0.019776 0.158939 -0.353355
v -0.002919 0.181567 -0.359917
v -0.022531 0.349691 -0.348357
v -0.291689 0.383025 -0.022531
v -0.272290 0.408030 -0.022531
v -0.285117 0.387330 -0.069808
v -0.271137 0.406544 -0.056265
v -0.286688 0.381528 -0.112655
v -0.284621 0.379039 -0.157716
v -0.279006 0.371860 -0.188959
v -0.254811 0.430561 -0.022531
v -0.232280 0.458977 -0.022531
v -0.270110 0.405220 -0.086306
v -0.256534 0.424173 -0.069808
v -0.230739 0.457618 -0.067593
v -0.269209 0.404059 -0.112655
v -0.250568 0.428087 -0.112655
v -0.229199 0.455632 -0.112655
v -0.266474 0.401570 -0.157716
v -0.241464 0.429924 -0.156930
v -0.227389 0.453299 -0.141385
v -0.248917 0.384029 -0.203607
v -0.236422 0.416128 -0.188215
v -0.231369 0.366156 -0.229576
v -0.201777 0.482952 -0.021173
v -0.186089 0.499997 -0.035289
v -0.212016 0.480149 -0.067593
v -0.189485 0.505128 -0.067593
v -0.211719 0.478163 -0.112655
v -0.189188 0.507156 -0.112655
v -0.220547 0.446169 -0.171427
v -0.203121 0.471771 -0.157820
v -0.185694 0.502701 -0.144214
v -0.215292 0.396198 -0.218256
v -0.202899 0.428200 -0.202863
v -0.190505 0.460202 -0.187470
v -0.201274 0.381916 -0.238889
v -0.185251 0.410231 -0.228832
v -0.173317 0.493362 -0.005248
v -0.158065 0.505498 -0.021173
v -0.154718 0.526868 -0.070802
v -0.137698 0.541697 -0.087961
v -0.166058 0.529687 -0.112655
v -0.143527 0.546619 -0.112655
v -0.174428 0.490243 -0.174255
v -0.159111 0.518475 -0.159653
v -0.143795 0.547623 -0.145052
v -0.169173 0.440272 -0.217511
v -0.156780 0.472274 -0.202119
v -0.144387 0.504207 -0.186726
v -0.162072 0.386798 -0.262813
v -0.155578 0.426386 -0.237550
v -0.139132 0.454305 -0.228088
v -0.149955 0.374293 -0.280770
v -0.112655 0.521286 -0.022531
v -0.112655 0.535990 -0.057643
v -0.112655 0.542742 -0.080174
v -0.112655 0.549382 -0.112655
v -0.112655 0.529917 -0.167857
v -0.112655 0.547381 -0.145326
v -0.112655 0.482464 -0.213605
v -0.112655 0.507386 -0.191074
v -0.133877 0.404334 -0.269450
v -0.116376 0.429566 -0.259348
v -0.112655 0.459933 -0.234752
v -0.116229 0.386365 -0.295419
v -0.103836 0.415531 -0.280026
v -0.098581 0.368396 -0.321388
v -0.067593 0.529339 -0.022531
v -0.068983 0.536305 -0.065437
v -0.084930 0.542454 -0.079020
v -0.059213 0.536076 -0.112655
v -0.081744 0.543504 -0.112655
v -0.068511 0.527079 -0.155403
v -0.084144 0.542713 -0.138840
v -0.067593 0.483315 -0.211417
v -0.067593 0.503369 -0.188886
v -0.067593 0.440423 -0.259261
v -0.067593 0.460784 -0.236730
v -0.067593 0.395044 -0.305597
v -0.067593 0.417892 -0.283066
v -0.067593 0.372513 -0.326744
v -0.022531 0.522428 -0.022531
v -0.022531 0.523206 -0.067593
v -0.022531 0.523983 -0.112655
v -0.002849 0.494938 -0.179124
v -0.019734 0.509058 -0.161548
v -0.019734 0.480648 -0.200409
v -0.032890 0.498850 -0.183809
v -0.022531 0.434862 -0.252668
v -0.022531 0.454916 -0.230137
v -0.022531 0.392276 -0.300513
v -0.022531 0.412331 -0.277982
v -0.022531 0.369746 -0.325826
v -0.093289 0.171490 -0.362347
v -0.098768 0.202778 -0.365557
v -0.106560 0.247840 -0.370124
v -0.102692 0.292902 -0.368142
v -0.093326 0.318425 -0.362749
v -0.067593 0.169575 -0.363679
v -0.067593 0.202778 -0.374074
v -0.063727 0.251646 -0.391600
v -0.063727 0.289735 -0.391226
v -0.067593 0.325008 -0.370422
v -0.046129 0.269203 -0.406059
v -0.046129 0.272604 -0.406059
v -0.032960 0.174775 -0.362888
v -0.019776 0.199064 -0.370903
v -0.026173 0.251646 -0.393164
v -0.026173 0.289735 -0.394255
v -0.022531 0.327161 -0.373074
v -0.043622 0.269203 -0.406059
v -0.043622 0.272604 -0.406059
v 0.008352 -0.407438 0.092174
v 0.023036 -0.386479 0.107049
v 0.023036 -0.418575 0.070776
v 0.038393 -0.403802 0.087919
v 0.000001 -0.450618 0.000001
v 0.018025 -0.442482 0.018025
v 0.067593 -0.372609 0.100881
v 0.057877 -0.413688 0.057877
v 0.070776 -0.396171 0.070776
v 0.070776 -0.418575 0.023036
v 0.087919 -0.403802 0.038393
v 0.092844 -0.363381 0.092844
v 0.100880 -0.372609 0.067593
v 0.092174 -0.407438 0.008351
v 0.107049 -0.386479 0.023036
v 0.022531 -0.241593 0.185643
v 0.022531 -0.202778 0.197175
v 0.022531 -0.157716 0.207261
v 0.022531 -0.112655 0.214705
v 0.022531 -0.067593 0.219451
v 0.022531 -0.022531 0.221837
v 0.022531 -0.333575 0.145815
v 0.022531 -0.292902 0.166155
v 0.022531 -0.264124 0.178056
v 0.022531 -0.356106 0.132274
v 0.052183 -0.233094 0.182862
v 0.067359 -0.201004 0.186698
v 0.067593 -0.157716 0.196617
v 0.067593 -0.112655 0.204459
v 0.067593 -0.067593 0.209459
v 0.067593 -0.022531 0.211971
v 0.058583 -0.325355 0.141094
v 0.071199 -0.296503 0.149970
v 0.067359 -0.248004 0.171568
v 0.082225 -0.214842 0.177091
v 0.071199 -0.339411 0.125260
v 0.088624 -0.313924 0.134342
v 0.092432 -0.184801 0.181600
v 0.097254 -0.157716 0.184428
v 0.104162 -0.112655 0.188477
v 0.108562 -0.067593 0.191057
v 0.110774 -0.022531 0.192354
v 0.098816 -0.283883 0.141442
v 0.113364 -0.245111 0.146791
v 0.109533 -0.201004 0.164897
v 0.119785 -0.157716 0.169793
v 0.126693 -0.112655 0.174482
v 0.131093 -0.067593 0.177469
v 0.133304 -0.022531 0.178970
v 0.102797 -0.337964 0.102797
v 0.116579 -0.298903 0.116579
v 0.128858 -0.258312 0.128858
v 0.125260 -0.339410 0.071199
v 0.134342 -0.313924 0.088624
v 0.132274 -0.356106 0.022531
v 0.136408 -0.228271 0.136408
v 0.140896 -0.202778 0.140896
v 0.147262 -0.157716 0.147262
v 0.151952 -0.112655 0.151952
v 0.154938 -0.067593 0.154938
v 0.156439 -0.022531 0.156439
v 0.141442 -0.283883 0.098816
v 0.146791 -0.245111 0.113364
v 0.164897 -0.201004 0.109533
v 0.169793 -0.157716 0.119784
v 0.174482 -0.112655 0.126693
v 0.177469 -0.067593 0.131093
v 0.178970 -0.022531 0.133304
v 0.141094 -0.325354 0.058583
v 0.149970 -0.296503 0.071199
v 0.171568 -0.248004 0.067359
v 0.177091 -0.214842 0.082224
v 0.145815 -0.333575 0.022531
v 0.166155 -0.292902 0.022531
v 0.178056 -0.264124 0.022531
v 0.181600 -0.184801 0.092432
v 0.184428 -0.157716 0.097254
v 0.188477 -0.112655 0.104162
v 0.191057 -0.067593 0.108562
v 0.192354 -0.022531 0.110774
v 0.182862 -0.233093 0.052183
v 0.186698 -0.201004 0.067359
v 0.196617 -0.157716 0.067593
v 0.204459 -0.112655 0.067593
v 0.209458 -0.067593 0.067593
v 0.211971 -0.022531 0.067593
v 0.185643 -0.241593 0.022531
v 0.197175 -0.202778 0.022531
v 0.207261 -0.157716 0.022531
v 0.214705 -0.112655 0.022531
v 0.219451 -0.067593 0.022531
v 0.221837 -0.022531 0.022531
v 0.012863 0.123168 0.278751
v 0.017529 0.157716 0.281274
v 0.011868 0.202778 0.277319
v 0.005314 0.238325 0.273478
v 0.009750 0.030042 0.229919
v 0.023875 0.066632 0.238230
v 0.025743 0.109950 0.261589
v 0.040060 0.157716 0.267249
v 0.034399 0.202778 0.264123
v 0.021213 0.251143 0.261443
v 0.022531 0.292902 0.249380
v 0.022531 0.337964 0.234970
v 0.023875 0.018025 0.222978
v 0.039791 0.050971 0.222981
v 0.051260 0.081013 0.229476
v 0.066806 0.114509 0.237649
v 0.067593 0.157716 0.249574
v 0.067593 0.202778 0.244676
v 0.069529 0.244914 0.235004
v 0.057271 0.292902 0.232462
v 0.049479 0.337964 0.227897
v 0.067593 0.022531 0.212467
v 0.066806 0.066632 0.215842
v 0.081302 0.100724 0.218556
v 0.085840 0.257984 0.222799
v 0.079802 0.292902 0.219262
v 0.072010 0.337964 0.214696
v 0.094278 0.130765 0.228207
v 0.097819 0.157716 0.230165
v 0.095386 0.202778 0.228392
v 0.091034 0.227943 0.225843
v 0.110985 0.022531 0.192850
v 0.109424 0.067593 0.192690
v 0.113415 0.111857 0.203213
v 0.120350 0.157716 0.215843
v 0.117917 0.202778 0.215192
v 0.108695 0.244914 0.212057
v 0.112655 0.292902 0.200014
v 0.114727 0.335432 0.190182
v 0.133516 0.022531 0.178970
v 0.131955 0.067593 0.177944
v 0.132552 0.092949 0.178504
v 0.131129 0.348765 0.177548
v 0.145862 0.122990 0.187869
v 0.159616 0.159743 0.191297
v 0.160127 0.201224 0.190776
v 0.148581 0.247840 0.188095
v 0.140789 0.292902 0.183530
v 0.136324 0.318724 0.180914
v 0.156439 0.022531 0.156439
v 0.161426 0.066265 0.152821
v 0.159616 0.109843 0.169718
v 0.175904 0.146073 0.177041
v 0.176754 0.215209 0.178201
v 0.171112 0.247840 0.174895
v 0.163320 0.292902 0.169849
v 0.156526 0.336873 0.159490
v 0.178970 0.022531 0.133304
v 0.178920 0.050360 0.133230
v 0.176729 0.355023 0.125873
v 0.181949 0.176114 0.181244
v 0.181949 0.185168 0.181244
v 0.183506 0.080401 0.137607
v 0.200227 0.116146 0.144469
v 0.199293 0.159743 0.165371
v 0.199293 0.201224 0.167829
v 0.202778 0.247840 0.156059
v 0.201956 0.289121 0.145343
v 0.186387 0.324981 0.141432
v 0.192623 0.022531 0.110773
v 0.200908 0.068319 0.113423
v 0.213547 0.103452 0.123658
v 0.216244 0.301334 0.112655
v 0.192314 0.339187 0.111573
v 0.212240 0.022531 0.067593
v 0.218314 0.056762 0.067593
v 0.222103 0.310446 0.081638
v 0.211354 0.335761 0.067007
v 0.221837 0.022531 0.022531
v 0.223006 0.049529 0.022531
v 0.218782 0.350343 0.022531
v 0.227067 0.133493 0.136423
v 0.235866 0.157716 0.141527
v 0.239782 0.202778 0.143729
v 0.231126 0.247840 0.138880
v 0.226086 0.271579 0.135938
v 0.228077 0.086278 0.093617
v 0.242593 0.119244 0.106995
v 0.258397 0.157716 0.122323
v 0.262313 0.202778 0.124149
v 0.251858 0.244350 0.109735
v 0.230731 0.278803 0.112655
v 0.231809 0.079293 0.067593
v 0.254340 0.111430 0.067593
v 0.261774 0.256237 0.067593
v 0.237938 0.294416 0.067007
v 0.227778 0.319273 0.051597
v 0.235038 0.072060 0.022531
v 0.257569 0.109406 0.022531
v 0.267477 0.264852 0.033495
v 0.256978 0.289402 0.020097
v 0.233269 0.327812 0.022531
v 0.270487 0.135035 0.090333
v 0.276033 0.157716 0.099792
v 0.276763 0.202778 0.101618
v 0.271460 0.227003 0.092767
v 0.271296 0.133961 0.067593
v 0.280275 0.157716 0.067593
v 0.283219 0.202778 0.067593
v 0.274240 0.233706 0.067593
v 0.272546 0.131937 0.022531
v 0.277185 0.157716 0.022531
v 0.278944 0.202778 0.022531
v 0.273942 0.249035 0.020097
v 0.271077 0.272048 0.003454
v 0.022531 0.363698 0.226535
v 0.022531 0.386229 0.219317
v 0.022531 0.428087 0.203985
v 0.022531 0.460922 0.187445
v 0.024974 0.484622 0.154512
v 0.041623 0.496261 0.137356
v 0.011582 0.493554 0.130372
v 0.024974 0.499151 0.114273
v 0.022531 0.504947 0.067593
v 0.022531 0.506795 0.022531
v 0.045409 0.361494 0.225512
v 0.063295 0.379119 0.211456
v 0.067593 0.428087 0.196876
v 0.067593 0.458236 0.185213
v 0.064145 0.479982 0.154512
v 0.046825 0.496261 0.137356
v 0.070827 0.487880 0.112655
v 0.048296 0.496746 0.112655
v 0.072006 0.489700 0.067593
v 0.049475 0.497135 0.067593
v 0.073185 0.490095 0.022531
v 0.050654 0.497523 0.022531
v 0.102674 0.383025 0.187600
v 0.094741 0.428087 0.183035
v 0.090511 0.451250 0.180584
v 0.125205 0.383025 0.169695
v 0.116167 0.425302 0.155400
v 0.095819 0.457648 0.157716
v 0.127721 0.439009 0.112655
v 0.105190 0.465349 0.112655
v 0.133047 0.447292 0.084463
v 0.115878 0.466141 0.068703
v 0.112655 0.475273 0.022531
v 0.145195 0.383025 0.147164
v 0.137030 0.408425 0.138835
v 0.165730 0.380532 0.111573
v 0.142208 0.416478 0.112655
v 0.173252 0.394676 0.067593
v 0.149735 0.430598 0.068703
v 0.138722 0.454421 0.054422
v 0.178421 0.402716 0.040228
v 0.168377 0.427172 0.024137
v 0.144248 0.458327 0.022531
v 0.182404 0.363849 0.095832
v 0.187738 0.372145 0.067593
v 0.195359 0.385827 0.024137
v 0.184096 0.411542 0.010187
v 0.000001 -0.450618 -0.000001
v 0.018025 -0.442482 -0.018025
v 0.023035 -0.418575 -0.070776
v 0.038392 -0.403802 -0.087918
v 0.008351 -0.407438 -0.092174
v 0.023035 -0.386479 -0.107049
v 0.070776 -0.418575 -0.023035
v 0.087918 -0.403802 -0.038392
v 0.057877 -0.413688 -0.057877
v 0.070776 -0.396170 -0.070776
v 0.067593 -0.372608 -0.100880
v 0.092174 -0.407438 -0.008351
v 0.107049 -0.386479 -0.023035
v 0.100880 -0.372609 -0.067593
v 0.092844 -0.363380 -0.092844
v 0.022531 -0.356106 -0.132274
v 0.022531 -0.333575 -0.145815
v 0.022531 -0.292902 -0.166154
v 0.022531 -0.264123 -0.178056
v 0.022531 -0.241592 -0.185643
v 0.022531 -0.202778 -0.197175
v 0.022531 -0.157716 -0.207260
v 0.022531 -0.112655 -0.214704
v 0.022531 -0.078715 -0.221754
v 0.022531 -0.056184 -0.231102
v 0.022531 -0.025973 -0.253633
v 0.022531 -0.003442 -0.272925
v 0.071199 -0.339410 -0.125260
v 0.088624 -0.313923 -0.134342
v 0.058583 -0.325354 -0.141094
v 0.071199 -0.296502 -0.149969
v 0.067359 -0.248004 -0.171567
v 0.082224 -0.214841 -0.177090
v 0.052183 -0.233093 -0.182861
v 0.067359 -0.201004 -0.186697
v 0.067593 -0.157716 -0.196616
v 0.067593 -0.112655 -0.204459
v 0.064160 -0.064822 -0.214505
v 0.076892 -0.038847 -0.218750
v 0.046851 -0.047955 -0.226163
v 0.061412 -0.019545 -0.246028
v 0.045932 -0.000244 -0.270589
v 0.132274 -0.356106 -0.022531
v 0.125260 -0.339410 -0.071199
v 0.134342 -0.313924 -0.088624
v 0.102797 -0.337964 -0.102797
v 0.116579 -0.298903 -0.116579
v 0.128857 -0.258312 -0.128857
v 0.098816 -0.283882 -0.141442
v 0.113364 -0.245111 -0.146791
v 0.109533 -0.201004 -0.164896
v 0.119784 -0.157716 -0.169792
v 0.126693 -0.112655 -0.174482
v 0.131093 -0.067593 -0.177469
v 0.133230 -0.043588 -0.178920
v 0.092431 -0.184800 -0.181599
v 0.097253 -0.157716 -0.184427
v 0.104162 -0.112655 -0.188476
v 0.108562 -0.067593 -0.191656
v 0.118284 -0.026197 -0.206270
v 0.103339 -0.008806 -0.235852
v 0.145815 -0.333575 -0.022531
v 0.166154 -0.292902 -0.022531
v 0.178056 -0.264123 -0.022531
v 0.141094 -0.325354 -0.058583
v 0.149969 -0.296502 -0.071199
v 0.171567 -0.248004 -0.067359
v 0.177090 -0.214841 -0.082224
v 0.141442 -0.283882 -0.098816
v 0.146791 -0.245111 -0.113364
v 0.164896 -0.201004 -0.109533
v 0.169792 -0.157716 -0.119784
v 0.174482 -0.112655 -0.126693
v 0.177469 -0.067593 -0.131093
v 0.178920 -0.040663 -0.133230
v 0.136408 -0.228270 -0.136408
v 0.140895 -0.202778 -0.140895
v 0.147261 -0.157716 -0.147261
v 0.151951 -0.112655 -0.151951
v 0.154938 -0.067593 -0.154938
v 0.164277 -0.027105 -0.163581
v 0.149635 -0.013546 -0.193790
v 0.185643 -0.241592 -0.022531
v 0.197175 -0.202778 -0.022531
v 0.207261 -0.157716 -0.022531
v 0.214704 -0.112655 -0.022531
v 0.219451 -0.067593 -0.022531
v 0.221837 -0.022531 -0.022531
v 0.182861 -0.233093 -0.052183
v 0.186698 -0.201004 -0.067359
v 0.196616 -0.157716 -0.067593
v 0.204459 -0.112655 -0.067593
v 0.209458 -0.067593 -0.067593
v 0.211970 -0.022531 -0.067593
v 0.181600 -0.184800 -0.092431
v 0.184428 -0.157716 -0.097253
v 0.188476 -0.112655 -0.104162
v 0.191057 -0.067593 -0.108562
v 0.191531 -0.024398 -0.115987
v 0.182911 -0.010622 -0.148242
v 0.022531 0.022531 -0.285333
v 0.021986 0.070308 -0.306335
v 0.036643 0.093931 -0.313768
v 0.006601 0.087138 -0.316738
v 0.021986 0.110433 -0.323883
v 0.022531 0.157716 -0.344453
v 0.022531 0.190294 -0.357401
v 0.042242 0.260069 -0.358310
v 0.037389 0.292902 -0.354828
v 0.022590 0.336975 -0.342289
v 0.075973 0.007231 -0.265893
v 0.063608 0.022363 -0.276863
v 0.067593 0.067593 -0.296128
v 0.067593 0.100929 -0.310707
v 0.087558 0.306058 -0.313445
v 0.077516 0.337964 -0.309880
v 0.067593 0.123460 -0.320560
v 0.067593 0.157716 -0.334633
v 0.063861 0.205517 -0.347345
v 0.063861 0.246165 -0.344507
v 0.070559 0.291783 -0.329643
v 0.054985 0.337964 -0.322923
v 0.133380 0.001246 -0.223831
v 0.116077 0.013276 -0.249660
v 0.132732 0.352047 -0.268579
v 0.112655 0.038191 -0.273867
v 0.112655 0.067593 -0.287216
v 0.114014 0.114508 -0.307382
v 0.127311 0.157716 -0.311498
v 0.124222 0.202778 -0.306937
v 0.118055 0.247840 -0.302160
v 0.109075 0.291783 -0.299799
v 0.115689 0.337401 -0.284790
v 0.099899 0.130765 -0.317366
v 0.104780 0.157716 -0.322350
v 0.101691 0.202778 -0.324187
v 0.095525 0.247840 -0.319618
v 0.091669 0.276017 -0.316630
v 0.179676 0.000525 -0.178284
v 0.161880 0.005299 -0.206398
v 0.155775 0.031198 -0.250401
v 0.169502 0.049921 -0.267130
v 0.179358 0.176999 -0.269682
v 0.175831 0.202778 -0.266949
v 0.169664 0.247840 -0.262171
v 0.163498 0.292902 -0.257393
v 0.154289 0.337401 -0.255091
v 0.139460 0.043690 -0.271216
v 0.155775 0.066002 -0.277992
v 0.157716 0.112655 -0.291520
v 0.161689 0.160274 -0.286746
v 0.153300 0.202778 -0.284407
v 0.147133 0.247840 -0.279629
v 0.140967 0.292902 -0.274851
v 0.136984 0.322006 -0.271765
v 0.222269 0.022531 -0.022531
v 0.223437 0.048113 -0.022531
v 0.223795 0.358140 -0.004007
v 0.216597 0.022531 -0.067593
v 0.222671 0.049236 -0.067593
v 0.207539 0.022531 -0.112655
v 0.221711 0.050265 -0.112655
v 0.196848 0.018340 -0.161044
v 0.221531 0.050370 -0.157716
v 0.200149 0.028220 -0.202778
v 0.222680 0.049696 -0.202778
v 0.224674 0.222988 -0.224138
v 0.221273 0.247840 -0.219778
v 0.215107 0.292902 -0.213933
v 0.208940 0.337964 -0.210552
v 0.193768 0.037101 -0.237089
v 0.205507 0.064018 -0.249215
v 0.210412 0.112655 -0.255360
v 0.200205 0.160274 -0.255971
v 0.206903 0.205892 -0.242212
v 0.198742 0.247840 -0.239640
v 0.192576 0.292902 -0.234862
v 0.186409 0.337964 -0.230084
v 0.187204 0.079962 -0.274813
v 0.187881 0.112655 -0.275575
v 0.183469 0.146958 -0.272867
v 0.236771 0.070644 -0.022531
v 0.261049 0.115451 -0.024259
v 0.268852 0.157716 -0.036732
v 0.268147 0.202778 -0.033517
v 0.267442 0.247840 -0.029857
v 0.263214 0.289402 -0.020223
v 0.239987 0.341057 -0.020429
v 0.237160 0.071767 -0.067593
v 0.256355 0.112655 -0.067593
v 0.262993 0.157716 -0.067593
v 0.261583 0.202778 -0.067593
v 0.260172 0.247840 -0.067593
v 0.258608 0.292902 -0.067593
v 0.251089 0.337964 -0.067593
v 0.236966 0.072796 -0.112655
v 0.251821 0.112655 -0.112655
v 0.254312 0.157716 -0.112655
v 0.252902 0.202778 -0.112655
v 0.251492 0.247840 -0.112655
v 0.250081 0.292902 -0.112655
v 0.248361 0.337964 -0.112655
v 0.235796 0.072901 -0.157716
v 0.246310 0.112655 -0.157716
v 0.245631 0.157716 -0.157716
v 0.244221 0.202778 -0.157716
v 0.242811 0.247840 -0.157716
v 0.241401 0.292902 -0.157716
v 0.239990 0.337964 -0.157716
v 0.232187 0.072227 -0.202778
v 0.238361 0.112655 -0.202778
v 0.236912 0.157716 -0.202778
v 0.232426 0.205892 -0.206581
v 0.231890 0.247840 -0.197247
v 0.231185 0.292902 -0.191402
v 0.230479 0.337964 -0.188022
v 0.228448 0.078114 -0.231299
v 0.229665 0.112655 -0.232829
v 0.228921 0.157716 -0.230356
v 0.227457 0.192947 -0.228002
v 0.272155 0.132336 -0.010390
v 0.272943 0.157716 -0.014201
v 0.272487 0.202778 -0.010986
v 0.271782 0.247840 -0.007326
v 0.271077 0.272048 -0.003664
v 0.022531 0.507572 -0.022531
v 0.022531 0.508349 -0.067593
v 0.022531 0.509127 -0.112655
v 0.022531 0.491633 -0.172339
v 0.022531 0.502598 -0.149808
v 0.033532 0.447615 -0.221935
v 0.020119 0.465951 -0.205260
v 0.039872 0.404205 -0.268852
v 0.021681 0.427866 -0.247591
v 0.003491 0.451527 -0.226330
v 0.023923 0.389427 -0.290121
v 0.009831 0.408117 -0.273247
v 0.022531 0.363878 -0.319234
v 0.074363 0.490484 -0.022531
v 0.051832 0.497912 -0.022531
v 0.075542 0.490873 -0.067593
v 0.053011 0.498301 -0.067593
v 0.076721 0.491261 -0.112655
v 0.054190 0.498689 -0.112655
v 0.066973 0.486058 -0.156570
v 0.051540 0.497816 -0.140785
v 0.067593 0.443180 -0.216952
v 0.067593 0.463234 -0.194421
v 0.067593 0.400595 -0.264797
v 0.067593 0.420649 -0.242266
v 0.063552 0.374730 -0.294159
v 0.045837 0.360794 -0.315769
v 0.112655 0.477860 -0.022531
v 0.112655 0.478637 -0.067593
v 0.112655 0.479414 -0.112655
v 0.112655 0.471956 -0.157716
v 0.112655 0.437312 -0.210359
v 0.112655 0.457364 -0.187829
v 0.115689 0.384373 -0.259562
v 0.112655 0.414781 -0.235673
v 0.102691 0.370251 -0.279976
v 0.175206 0.443685 -0.022531
v 0.152675 0.460525 -0.022531
v 0.179999 0.450409 -0.045852
v 0.162073 0.460079 -0.063561
v 0.157716 0.464558 -0.112655
v 0.174990 0.449249 -0.175517
v 0.159068 0.457873 -0.159384
v 0.175923 0.398036 -0.223649
v 0.160435 0.429499 -0.203377
v 0.144948 0.453158 -0.183104
v 0.159628 0.383019 -0.237028
v 0.145881 0.409750 -0.230021
v 0.214399 0.382402 -0.020429
v 0.190276 0.421154 -0.022531
v 0.219812 0.397007 -0.059611
v 0.201556 0.428121 -0.067752
v 0.183300 0.452659 -0.075893
v 0.209749 0.435103 -0.112655
v 0.187218 0.453874 -0.112655
v 0.202017 0.439603 -0.159384
v 0.186489 0.452918 -0.145476
v 0.199504 0.383019 -0.209947
v 0.202778 0.418775 -0.191608
v 0.182300 0.367995 -0.226900
v 0.229470 0.366966 -0.034048
v 0.233064 0.382402 -0.071816
v 0.225487 0.405833 -0.089652
v 0.240255 0.383025 -0.112655
v 0.229237 0.412572 -0.112655
v 0.237259 0.383025 -0.157716
v 0.230270 0.415345 -0.157716
v 0.228885 0.383025 -0.184820
v 0.226866 0.409531 -0.182034
v 0.022531 0.212825 -0.365696
v 0.025345 0.246165 -0.370328
v 0.014858 0.292902 -0.371928
v 0.007610 0.321295 -0.366285
v 0.046353 0.222364 -0.361438
v 0.046353 0.230028 -0.361438
vn -0.5729 -0.5861 0.5729
vn -0.6792 -0.6238 0.3867
vn -0.6565 -0.7519 0.0597
vn -0.7698 -0.6197 0.1526
vn -0.3867 -0.6238 0.6792
vn -0.4057 -0.8191 0.4057
vn -0.5074 -0.6964 0.5074
vn -0.4520 -0.8796 0.1480
vn -0.6198 -0.7240 0.3028
vn -0.0597 -0.7519 0.6565
vn -0.1526 -0.6197 0.7698
vn -0.1480 -0.8796 0.4520
vn -0.3028 -0.7240 0.6198
vn -0.1582 -0.9744 0.1600
vn -0.2380 -0.9417 0.2380
vn -0.5283 -0.5998 0.6009
vn -0.6303 -0.7496 0.2021
vn -0.6788 -0.7299 -0.0799
vn -0.3793 -0.6405 0.6678
vn -0.7013 -0.6318 0.3302
vn -0.5390 -0.7590 0.3652
vn -0.7569 -0.6425 0.1198
vn -0.7000 -0.7130 0.0404
vn -0.5236 -0.4209 0.7407
vn -0.8646 -0.2253 0.4491
vn -0.8721 -0.1646 0.4607
vn -0.8711 -0.1642 0.4628
vn -0.7825 -0.2491 0.5707
vn -0.5490 -0.4509 0.7038
vn -0.9158 -0.3047 0.2618
vn -0.9272 -0.2354 0.2915
vn -0.9374 -0.1835 0.2959
vn -0.9271 -0.2051 0.3138
vn -0.8126 -0.4315 0.3918
vn -0.6219 -0.5726 0.5341
vn -0.9493 -0.3021 0.0872
vn -0.9639 -0.2437 0.1076
vn -0.9753 -0.1905 0.1121
vn -0.9726 -0.2053 0.1090
vn -0.8905 -0.4399 0.1164
vn -0.6781 -0.2833 0.6781
vn -0.6884 -0.2282 0.6884
vn -0.6956 -0.1796 0.6956
vn -0.7012 -0.1260 0.7017
vn -0.6985 -0.0905 0.7098
vn -0.6314 -0.2227 0.7428
vn -0.7745 -0.3497 0.5271
vn -0.7878 -0.3079 0.5335
vn -0.7954 -0.2579 0.5485
vn -0.7937 -0.1869 0.5789
vn -0.7876 -0.1491 0.5978
vn -0.7549 -0.1028 0.6478
vn -0.6715 -0.2248 0.7061
vn -0.8244 -0.4821 0.2966
vn -0.8635 -0.3715 0.3412
vn -0.8652 -0.3464 0.3625
vn -0.8583 -0.2925 0.4216
vn -0.8703 -0.4800 0.1101
vn -0.9049 -0.4062 0.1272
vn -0.9257 -0.3580 0.1218
vn -0.4491 -0.2253 0.8646
vn -0.4608 -0.1638 0.8723
vn -0.4648 -0.1260 0.8764
vn -0.4646 -0.0739 0.8824
vn -0.4756 -0.1174 0.8718
vn -0.5271 -0.3497 0.7745
vn -0.5335 -0.3079 0.7878
vn -0.5485 -0.2579 0.7954
vn -0.5787 -0.1866 0.7939
vn -0.5894 -0.1353 0.7965
vn -0.6009 -0.0796 0.7954
vn -0.5529 -0.1029 0.8269
vn -0.6132 -0.4980 0.6132
vn -0.6461 -0.4065 0.6461
vn -0.6634 -0.3462 0.6634
vn -0.7292 -0.5586 0.3952
vn -0.7439 -0.4479 0.4960
vn -0.8028 -0.5797 0.1398
vn -0.2618 -0.3047 0.9158
vn -0.2915 -0.2354 0.9272
vn -0.2959 -0.1827 0.9376
vn -0.3084 -0.1306 0.9423
vn -0.3129 -0.0769 0.9467
vn -0.3007 -0.1202 0.9461
vn -0.2966 -0.4821 0.8244
vn -0.3412 -0.3715 0.8635
vn -0.3625 -0.3464 0.8652
vn -0.4216 -0.2925 0.8583
vn -0.3952 -0.5586 0.7292
vn -0.4960 -0.4479 0.7439
vn -0.0872 -0.3021 0.9493
vn -0.1076 -0.2437 0.9639
vn -0.1124 -0.1902 0.9753
vn -0.1097 -0.1335 0.9850
vn -0.1080 -0.0786 0.9910
vn -0.1074 -0.0703 0.9917
vn -0.1101 -0.4800 0.8703
vn -0.1272 -0.4062 0.9049
vn -0.1218 -0.3580 0.9257
vn -0.1398 -0.5797 0.8028
vn -0.8891 -0.0255 0.4570
vn -0.8847 0.0405 0.4645
vn -0.8357 -0.1953 0.5134
vn -0.8607 -0.0332 0.5080
vn -0.8826 -0.0614 0.4662
vn -0.9157 -0.0434 0.3995
vn -0.9436 -0.0715 0.3233
vn -0.9703 -0.0683 0.2319
vn -0.9827 -0.0143 0.1847
vn -0.9921 0.0791 0.0976
vn -0.9691 -0.1999 0.1443
vn -0.9837 -0.0535 0.1718
vn -0.9792 -0.0345 0.1997
vn -0.9777 -0.0300 0.2079
vn -0.9784 -0.0317 0.2041
vn -0.9802 -0.0328 0.1953
vn -0.9855 0.0510 0.1617
vn -0.9737 0.2227 0.0481
vn -0.9549 -0.2949 -0.0361
vn -0.9862 -0.1498 0.0710
vn -0.9833 -0.0500 0.1750
vn -0.9820 -0.0343 0.1855
vn -0.9815 -0.0307 0.1891
vn -0.9816 -0.0289 0.1885
vn -0.9801 0.1221 0.1566
vn -0.9380 0.3443 0.0395
vn -0.6026 -0.0587 0.7959
vn -0.5423 0.0916 0.8352
vn -0.6588 -0.1614 0.7347
vn -0.6702 -0.1684 0.7228
vn -0.6714 -0.1647 0.7226
vn -0.6720 -0.1390 0.7274
vn -0.7004 -0.0802 0.7092
vn -0.6757 0.1377 0.7242
vn -0.6165 -0.3226 0.7183
vn -0.6490 -0.1146 0.7521
vn -0.7055 -0.1289 0.6969
vn -0.7773 -0.1262 0.6163
vn -0.8388 -0.1513 0.5231
vn -0.8658 -0.1335 0.4822
vn -0.8759 -0.0762 0.4765
vn -0.8365 -0.4892 0.2470
vn -0.8689 0.4942 -0.0273
vn -0.8196 -0.5640 -0.1011
vn -0.8363 0.5459 -0.0504
vn -0.6041 -0.1653 0.7796
vn -0.6017 -0.1618 0.7821
vn -0.5710 -0.1178 0.8125
vn -0.4471 -0.0016 0.8945
vn -0.2794 0.1947 0.9402
vn -0.5008 -0.4127 0.7608
vn -0.5812 -0.2375 0.7784
vn -0.6116 -0.1630 0.7742
vn -0.6129 -0.1432 0.7771
vn -0.4211 0.3594 0.8328
vn -0.4588 -0.4257 0.7799
vn -0.5981 -0.2180 0.7712
vn -0.6367 -0.1555 0.7553
vn -0.5552 -0.1033 0.8253
vn -0.4899 -0.0057 0.8718
vn -0.3888 0.2281 0.8926
vn -0.4772 -0.4467 0.7568
vn -0.5311 -0.3025 0.7914
vn -0.5952 -0.1983 0.7787
vn -0.6063 -0.1568 0.7796
vn -0.5841 -0.0264 0.8113
vn -0.4085 0.2180 0.8864
vn -0.2446 0.3287 0.9122
vn -0.4519 -0.4882 0.7466
vn -0.5374 -0.2945 0.7902
vn -0.5983 -0.1785 0.7811
vn -0.4296 -0.5154 0.7415
vn -0.4956 -0.4070 0.7673
vn -0.5765 -0.2149 0.7883
vn -0.6029 -0.1559 0.7824
vn -0.5462 -0.0652 0.8351
vn -0.3512 0.1580 0.9229
vn -0.1915 0.3400 0.9207
vn -0.4056 -0.4941 0.7690
vn -0.4785 -0.4142 0.7742
vn -0.5960 -0.2202 0.7722
vn -0.5958 -0.1595 0.7871
vn -0.2023 0.3850 0.9005
vn -0.1783 0.3943 0.9015
vn -0.4834 -0.4299 0.7626
vn -0.5129 -0.3006 0.8041
vn -0.5185 -0.0422 0.8540
vn -0.3512 0.2017 0.9143
vn -0.2576 0.3351 0.9063
vn -0.3539 -0.5287 0.7715
vn -0.5015 -0.3298 0.7998
vn -0.5804 -0.1229 0.8050
vn -0.4412 0.1115 0.8905
vn -0.2502 0.3286 0.9107
vn -0.1879 0.3821 0.9048
vn -0.4186 -0.3695 0.8296
vn -0.3390 -0.5268 0.7795
vn -0.4633 -0.2444 0.8518
vn -0.3303 -0.3858 0.8614
vn -0.2836 0.2657 0.9214
vn -0.0965 -0.6231 0.7761
vn -0.3385 -0.5122 0.7893
vn -0.3928 0.1456 0.9080
vn -0.1814 0.3058 0.9347
vn -0.1369 0.3848 0.9128
vn -0.2058 -0.4446 0.8718
vn -0.2067 -0.5963 0.7756
vn -0.3516 -0.5284 0.7728
vn -0.1656 0.3888 0.9063
vn -0.1774 0.3936 0.9020
vn -0.1783 0.3942 0.9015
vn -0.2827 -0.3138 0.9064
vn -0.3043 -0.5039 0.8084
vn 0.3082 -0.3798 0.8722
vn 0.2551 0.2556 0.9325
vn 0.0551 -0.6194 0.7831
vn 0.2463 -0.5434 0.8025
vn 0.3164 0.1625 0.9346
vn 0.1112 0.2684 0.9569
vn -0.0271 0.3179 0.9477
vn -0.0255 -0.3913 0.9199
vn 0.0930 -0.5540 0.8273
vn 0.2881 -0.5593 0.7773
vn -0.0091 0.3610 0.9325
vn -0.0478 0.3840 0.9221
vn -0.1059 0.3811 0.9185
vn -0.0618 -0.1993 0.9780
vn -0.7692 0.4481 0.4555
vn -0.8910 0.4504 0.0565
vn -0.8935 0.4490 0.0078
vn -0.5773 0.5611 0.5932
vn -0.6963 0.6879 0.2049
vn -0.6002 0.7725 0.2072
vn -0.7793 0.6265 -0.0095
vn -0.7031 0.7103 0.0320
vn -0.7893 0.6119 -0.0512
vn -0.7673 0.6401 -0.0389
vn -0.2685 0.4649 0.8437
vn -0.3464 0.6407 0.6853
vn -0.3036 0.7924 0.5291
vn -0.4379 0.7783 0.4500
vn -0.3285 0.8828 0.3357
vn -0.5009 0.8336 0.2328
vn -0.4861 0.8236 0.2920
vn -0.7097 0.7024 0.0540
vn -0.5881 0.7958 0.1446
vn -0.1993 0.4504 0.8703
vn -0.2797 0.6284 0.7259
vn -0.2649 0.7965 0.5436
vn -0.3032 0.8685 0.3922
vn -0.3331 0.8589 0.3891
vn -0.2962 0.8801 0.3711
vn -0.4027 0.8720 0.2784
vn -0.1856 0.4088 0.8935
vn -0.2159 0.5881 0.7794
vn -0.2375 0.6087 0.7570
vn -0.2602 0.7838 0.5639
vn -0.2912 0.8570 0.4252
vn -0.2926 0.8747 0.3864
vn -0.2951 0.8753 0.3830
vn -0.3023 0.8710 0.3873
vn -0.1768 0.4016 0.8986
vn -0.2223 0.5544 0.8020
vn -0.3165 0.7577 0.5707
vn -0.3094 0.8348 0.4554
vn -0.3080 0.8379 0.4506
vn -0.2872 0.8792 0.3801
vn -0.2840 0.8781 0.3849
vn -0.1800 0.3975 0.8998
vn -0.2323 0.4590 0.8576
vn -0.2490 0.6665 0.7027
vn -0.3257 0.7006 0.6349
vn -0.2938 0.8472 0.4427
vn -0.2869 0.8724 0.3956
vn -0.2344 0.9059 0.3526
vn -0.1283 0.9366 0.3260
vn -0.0827 0.3684 0.9260
vn -0.1520 0.4035 0.9023
vn -0.1642 0.4033 0.9002
vn -0.1679 0.6609 0.7315
vn -0.2354 0.8521 0.4674
vn -0.2798 0.8701 0.4059
vn -0.1539 0.9461 0.2849
vn -0.2690 0.8942 0.3578
vn -0.1129 0.9602 0.2553
vn 0.0616 0.9866 0.1510
vn -0.6565 -0.7519 -0.0597
vn -0.7698 -0.6197 -0.1526
vn -0.6792 -0.6238 -0.3867
vn -0.5729 -0.5861 -0.5729
vn -0.4520 -0.8796 -0.1480
vn -0.6198 -0.7240 -0.3028
vn -0.4057 -0.8191 -0.4057
vn -0.5074 -0.6964 -0.5074
vn -0.3867 -0.6238 -0.6792
vn -0.1594 -0.9741 -0.1601
vn -0.2380 -0.9417 -0.2380
vn -0.1480 -0.8796 -0.4520
vn -0.3028 -0.7240 -0.6198
vn -0.0597 -0.7519 -0.6565
vn -0.1526 -0.6197 -0.7698
vn -0.7597 -0.6119 -0.2201
vn -0.7917 -0.5476 -0.2708
vn -0.7800 -0.6174 -0.1021
vn -0.7886 -0.5986 -0.1406
vn -0.7787 -0.5769 -0.2466
vn -0.7940 -0.5453 -0.2686
vn -0.7670 -0.5725 -0.2898
vn -0.7981 -0.5274 -0.2916
vn -0.7832 -0.5377 -0.3122
vn -0.7822 -0.5427 -0.3060
vn -0.9493 -0.3021 -0.0872
vn -0.9639 -0.2437 -0.1077
vn -0.9753 -0.1904 -0.1122
vn -0.9724 -0.2065 -0.1090
vn -0.8891 -0.4477 -0.0950
vn -0.9158 -0.3047 -0.2618
vn -0.9272 -0.2354 -0.2915
vn -0.9375 -0.1832 -0.2959
vn -0.9259 -0.2347 -0.2959
vn -0.8416 -0.4778 -0.2517
vn -0.8646 -0.2253 -0.4491
vn -0.8722 -0.1643 -0.4608
vn -0.8492 -0.2514 -0.4644
vn -0.7467 -0.5502 -0.3738
vn -0.7491 -0.5804 -0.3194
vn -0.6802 -0.6561 -0.3269
vn -0.7261 -0.6016 -0.3329
vn -0.6883 -0.6973 -0.2002
vn -0.7685 -0.5708 -0.2893
vn -0.6905 -0.6720 -0.2676
vn -0.7928 -0.4715 -0.3861
vn -0.6527 -0.3538 -0.6700
vn -0.8703 -0.4800 -0.1101
vn -0.9049 -0.4061 -0.1272
vn -0.9257 -0.3580 -0.1218
vn -0.8244 -0.4821 -0.2966
vn -0.8635 -0.3715 -0.3412
vn -0.8652 -0.3464 -0.3625
vn -0.8583 -0.2925 -0.4216
vn -0.7745 -0.3497 -0.5271
vn -0.7878 -0.3079 -0.5335
vn -0.7954 -0.2579 -0.5485
vn -0.7938 -0.1868 -0.5788
vn -0.8026 -0.2001 -0.5619
vn -0.7380 -0.4411 -0.5106
vn -0.6781 -0.2833 -0.6781
vn -0.6884 -0.2282 -0.6884
vn -0.7006 -0.2033 -0.6840
vn -0.7245 -0.3153 -0.6130
vn -0.6843 -0.6022 -0.4112
vn -0.5984 -0.5603 -0.5727
vn -0.5251 -0.7833 -0.3326
vn -0.4647 -0.8190 -0.3365
vn -0.6708 -0.5533 -0.4938
vn -0.3060 -0.6723 -0.6740
vn -0.4119 -0.3487 -0.8418
vn -0.8028 -0.5797 -0.1398
vn -0.7292 -0.5586 -0.3952
vn -0.7439 -0.4479 -0.4960
vn -0.6132 -0.4980 -0.6132
vn -0.6461 -0.4065 -0.6461
vn -0.6634 -0.3462 -0.6634
vn -0.5271 -0.3497 -0.7745
vn -0.5335 -0.3079 -0.7878
vn -0.5485 -0.2579 -0.7954
vn -0.5745 -0.2284 -0.7860
vn -0.6093 -0.3194 -0.7258
vn -0.4491 -0.2253 -0.8646
vn -0.4560 -0.2269 -0.8606
vn -0.4749 -0.4560 -0.7527
vn -0.3151 -0.7598 -0.5687
vn -0.0797 -0.8587 -0.5063
vn 0.1078 -0.6785 -0.7267
vn 0.0023 -0.3917 -0.9201
vn -0.3952 -0.5586 -0.7292
vn -0.4960 -0.4479 -0.7439
vn -0.2966 -0.4821 -0.8244
vn -0.3412 -0.3715 -0.8635
vn -0.3625 -0.3464 -0.8652
vn -0.4216 -0.2925 -0.8583
vn -0.2618 -0.3047 -0.9158
vn -0.2915 -0.2354 -0.9272
vn -0.2931 -0.2382 -0.9259
vn -0.2091 -0.3703 -0.9051
vn -0.0310 -0.5937 -0.8041
vn 0.1338 -0.7201 -0.6808
vn 0.2189 -0.5817 -0.7834
vn 0.1935 -0.6337 -0.7490
vn 0.2023 -0.4670 -0.8608
vn -0.1398 -0.5797 -0.8028
vn -0.1101 -0.4800 -0.8703
vn -0.1272 -0.4061 -0.9049
vn -0.1218 -0.3580 -0.9257
vn -0.0872 -0.3021 -0.9493
vn -0.1076 -0.2437 -0.9639
vn -0.0968 -0.2076 -0.9734
vn -0.0299 -0.2310 -0.9725
vn 0.0388 -0.4267 -0.9035
vn 0.1587 -0.6011 -0.7832
vn 0.2362 -0.5648 -0.7907
vn 0.1918 -0.5038 -0.8423
vn -0.9654 -0.2450 0.0899
vn -0.9895 -0.0628 0.1303
vn -0.9868 0.0033 0.1617
vn -0.9360 0.3067 0.1726
vn -0.9263 -0.3591 -0.1145
vn -0.9790 -0.1940 -0.0623
vn -0.9994 0.0288 0.0202
vn -0.9250 0.3799 0.0021
vn -0.9093 -0.2358 -0.3428
vn -0.9462 0.0524 -0.3194
vn -0.8599 0.4067 -0.3085
vn -0.8995 -0.3907 -0.1958
vn -0.9386 -0.3184 -0.1329
vn -0.9877 -0.1503 0.0434
vn -0.9848 -0.0661 0.1605
vn -0.9818 -0.0327 0.1871
vn -0.9852 0.0006 0.1714
vn -0.9763 0.1911 0.1016
vn -0.8902 0.4554 0.0117
vn -0.8716 -0.4361 -0.2237
vn -0.9457 -0.3097 -0.0985
vn -0.9788 -0.1845 0.0889
vn -0.9817 -0.0395 0.1863
vn -0.9810 0.0438 0.1890
vn -0.9514 0.2964 0.0840
vn -0.8564 0.5156 -0.0265
vn -0.8247 -0.4911 -0.2806
vn -0.8596 -0.4525 -0.2374
vn -0.9212 -0.3885 -0.0214
vn -0.9819 -0.0794 0.1719
vn -0.9794 0.0591 0.1932
vn -0.8975 0.4296 0.0999
vn -0.8221 0.5685 -0.0315
vn -0.8130 -0.5067 -0.2870
vn -0.8045 -0.5355 -0.2571
vn -0.8456 -0.4486 -0.2893
vn -0.8021 0.5898 -0.0930
vn -0.7841 0.6086 -0.1219
vn -0.8026 -0.5069 -0.3143
vn -0.8020 -0.4826 -0.3519
vn -0.7865 -0.3579 -0.5033
vn -0.7657 0.0826 -0.6378
vn -0.7043 0.5295 -0.4729
vn -0.6954 0.6107 -0.3789
vn -0.6764 -0.3729 -0.6351
vn -0.6426 -0.1870 -0.7430
vn -0.6017 0.0514 -0.7970
vn -0.6009 0.3772 -0.7048
vn -0.7954 -0.5286 -0.2964
vn -0.8329 -0.4791 -0.2770
vn -0.8061 0.5903 -0.0405
vn -0.8011 -0.5169 -0.3019
vn -0.8027 -0.5142 -0.3022
vn -0.7909 0.6098 -0.0505
vn -0.8016 -0.5154 -0.3029
vn -0.8018 -0.5152 -0.3027
vn -0.7881 0.6126 -0.0595
vn -0.8015 -0.5153 -0.3034
vn -0.7635 0.6188 -0.1851
vn -0.8072 -0.4970 -0.3184
vn -0.7880 -0.5068 -0.3494
vn -0.7629 -0.4725 -0.4413
vn -0.5597 0.5544 -0.6159
vn -0.6067 0.5742 -0.5498
vn -0.7671 -0.4313 -0.4750
vn -0.6972 -0.3902 -0.6014
vn -0.5889 -0.3237 -0.7406
vn -0.5212 -0.1597 -0.8384
vn -0.5682 0.0162 -0.8227
vn -0.5290 0.4319 -0.7305
vn -0.5098 0.5348 -0.6739
vn -0.5355 -0.0267 -0.8441
vn -0.5393 0.2499 -0.8042
vn -0.7995 -0.5193 -0.3018
vn -0.8002 -0.5180 -0.3023
vn -0.7996 -0.5084 -0.3196
vn -0.7867 -0.5116 -0.3455
vn -0.5167 0.5257 -0.6758
vn -0.7565 -0.4474 -0.4770
vn -0.7063 -0.3963 -0.5865
vn -0.6127 -0.2704 -0.7426
vn -0.5307 -0.2166 -0.8194
vn -0.4984 -0.1668 -0.8507
vn -0.5167 -0.1203 -0.8477
vn -0.4879 0.5211 -0.7003
vn -0.4901 0.5246 -0.6961
vn -0.5306 -0.1899 -0.8261
vn -0.4980 -0.1722 -0.8499
vn -0.4995 -0.1631 -0.8508
vn -0.4953 -0.0103 -0.8687
vn -0.4810 0.3822 -0.7890
vn -0.4883 0.5172 -0.7029
vn -0.7827 -0.5171 -0.3463
vn -0.7514 -0.4028 -0.5226
vn -0.6411 -0.2792 -0.7149
vn -0.5825 -0.2213 -0.7821
vn -0.6120 -0.2331 -0.7557
vn -0.5176 -0.1842 -0.8356
vn -0.4980 -0.1723 -0.8499
vn -0.4987 -0.1698 -0.8500
vn -0.5400 -0.0028 -0.8417
vn -0.5401 0.3884 -0.7466
vn -0.4912 0.5174 -0.7007
vn -0.4998 -0.1710 -0.8491
vn -0.5093 -0.0760 -0.8572
vn -0.5334 0.2449 -0.8096
vn -0.3893 -0.2459 -0.8877
vn -0.4676 -0.1921 -0.8628
vn -0.4889 0.4873 -0.7235
vn -0.4909 0.5229 -0.6969
vn -0.4054 -0.2210 -0.8870
vn -0.4693 -0.1690 -0.8667
vn -0.4914 -0.1784 -0.8525
vn -0.4979 -0.0306 -0.8667
vn -0.4826 0.3331 -0.8100
vn -0.4888 0.4886 -0.7228
vn -0.1013 -0.3557 -0.9291
vn -0.2622 -0.2708 -0.9262
vn -0.0360 -0.3061 -0.9513
vn -0.1408 -0.2757 -0.9509
vn -0.2833 -0.2738 -0.9191
vn -0.3982 -0.2532 -0.8816
vn -0.4976 -0.1730 -0.8500
vn -0.5052 -0.0333 -0.8623
vn -0.5270 0.2721 -0.8051
vn -0.4575 0.5178 -0.7229
vn 0.1523 -0.4148 -0.8971
vn 0.1783 -0.3943 -0.9015
vn 0.0646 -0.3667 -0.9281
vn 0.0816 -0.3637 -0.9279
vn 0.0298 -0.3832 -0.9232
vn -0.0114 -0.3603 -0.9328
vn -0.1836 0.6572 -0.7310
vn 0.1723 -0.4204 -0.8908
vn 0.1780 -0.3941 -0.9017
vn 0.1747 -0.3917 -0.9034
vn 0.1699 -0.3970 -0.9019
vn 0.1979 -0.3738 -0.9061
vn 0.1302 0.7197 -0.6820
vn -0.7890 0.6121 -0.0539
vn -0.7875 0.6130 -0.0638
vn -0.7708 0.6136 -0.1714
vn -0.6523 0.5913 -0.4742
vn -0.7820 0.6224 -0.0337
vn -0.6993 0.7132 0.0486
vn -0.7800 0.6240 -0.0476
vn -0.7883 0.6116 -0.0677
vn -0.7852 0.6138 -0.0818
vn -0.7878 0.6112 -0.0765
vn -0.7345 0.6310 -0.2498
vn -0.7371 0.6209 -0.2668
vn -0.7453 0.6342 -0.2057
vn -0.5467 0.5592 -0.6233
vn -0.6121 0.5674 -0.5509
vn -0.4906 0.5251 -0.6954
vn -0.5813 0.7872 0.2061
vn -0.5307 0.8053 0.2644
vn -0.7348 0.6780 0.0201
vn -0.6559 0.7449 0.1223
vn -0.7732 0.6255 -0.1045
vn -0.7424 0.6658 -0.0745
vn -0.6382 0.6173 -0.4601
vn -0.6857 0.6217 -0.3785
vn -0.6983 0.6419 -0.3168
vn -0.4912 0.5247 -0.6953
vn -0.5054 0.5388 -0.6741
vn -0.5518 0.5619 -0.6163
vn -0.3643 0.8607 0.3556
vn -0.3146 0.8764 0.3646
vn -0.4196 0.8606 0.2887
vn -0.3100 0.9091 0.2782
vn -0.6455 0.7638 0.0028
vn -0.3547 0.9253 0.1341
vn -0.5831 0.5747 -0.5743
vn -0.5432 0.6649 -0.5127
vn -0.3759 0.8532 -0.3616
vn -0.4413 0.5519 -0.7076
vn -0.3526 0.6400 -0.6827
vn -0.4755 0.5287 -0.7031
vn -0.3986 0.5853 -0.7061
vn -0.2454 0.8970 0.3677
vn -0.1522 0.9314 0.3306
vn -0.0589 0.9673 0.2467
vn 0.0257 0.9983 0.0522
vn 0.0039 0.7551 -0.6555
vn 0.1041 0.9301 -0.3522
vn -0.1443 0.6638 -0.7338
vn -0.0457 0.7010 -0.7117
vn -0.4680 0.5492 -0.6924
vn -0.3185 0.6322 -0.7063
vn -0.1918 0.6630 -0.7236
vn -0.4095 0.5649 -0.7164
vn -0.2776 0.6487 -0.7086
vn -0.3497 0.6017 -0.7181
vn 0.0358 0.9714 0.2349
vn 0.1946 0.9699 0.1466
vn 0.1506 0.9705 0.1885
vn 0.3299 0.9401 -0.0854
vn 0.2538 0.9673 0.0009
vn 0.2837 0.8475 -0.4485
vn 0.3038 0.9054 -0.2966
vn 0.1178 0.7342 -0.6687
vn 0.1607 0.7637 -0.6253
vn 0.0371 0.7291 -0.6834
vn 0.0827 0.7366 -0.6712
vn -0.0540 0.6887 -0.7231
vn 0.0237 0.7183 -0.6954
vn -0.0894 0.6819 -0.7260
vn 0.2068 0.9749 0.0829
vn 0.2831 0.9584 0.0370
vn 0.3013 0.9466 -0.1149
vn 0.2239 0.8034 -0.5517
vn 0.2434 0.8848 -0.3973
vn 0.1924 0.7342 -0.6511
vn 0.2012 0.7817 -0.5903
vn 0.1893 0.7330 -0.6534
vn 0.1910 0.7332 -0.6526
vn 0.1629 0.7327 -0.6608
vn 0.1812 0.7326 -0.6561
vn 0.1344 0.7346 -0.6651
vn -0.2921 -0.2852 -0.9129
vn -0.3827 -0.1594 -0.9100
vn -0.4636 -0.0599 -0.8840
vn -0.4905 0.2215 -0.8428
vn -0.4223 0.4663 -0.7773
vn -0.0023 -0.3038 -0.9527
vn -0.1237 -0.2791 -0.9523
vn -0.3316 -0.2287 -0.9153
vn -0.3571 0.3189 -0.8779
vn -0.2382 0.5639 -0.7908
vn -0.2715 -0.2473 -0.9301
vn -0.2787 0.2458 -0.9284
vn 0.1191 -0.3650 -0.9234
vn 0.1553 -0.3467 -0.9250
vn 0.2741 -0.2588 -0.9262
vn 0.2802 0.3120 -0.9078
vn 0.1403 0.5916 -0.7939
vn 0.2320 -0.2455 -0.9412
vn 0.2253 0.2297 -0.9468
vn 0.0597 -0.7519 0.6565
vn 0.1526 -0.6197 0.7698
vn 0.1480 -0.8796 0.4520
vn 0.3028 -0.7240 0.6198
vn 0.1582 -0.9743 0.1600
vn 0.2380 -0.9417 0.2380
vn 0.3867 -0.6238 0.6792
vn 0.4057 -0.8191 0.4057
vn 0.5074 -0.6964 0.5074
vn 0.4520 -0.8796 0.1480
vn 0.6198 -0.7240 0.3028
vn 0.5729 -0.5861 0.5729
vn 0.6792 -0.6238 0.3867
vn 0.6565 -0.7519 0.0597
vn 0.7698 -0.6197 0.1526
vn 0.0872 -0.3021 0.9493
vn 0.1076 -0.2437 0.9639
vn 0.1124 -0.1902 0.9753
vn 0.1097 -0.1335 0.9850
vn 0.1080 -0.0786 0.9910
vn 0.1121 -0.0472 0.9926
vn 0.1101 -0.4800 0.8703
vn 0.1272 -0.4062 0.9049
vn 0.1218 -0.3580 0.9257
vn 0.1398 -0.5797 0.8028
vn 0.2618 -0.3047 0.9158
vn 0.2915 -0.2354 0.9272
vn 0.2959 -0.1827 0.9376
vn 0.3084 -0.1306 0.9423
vn 0.3129 -0.0769 0.9467
vn 0.3172 -0.0338 0.9478
vn 0.2966 -0.4821 0.8244
vn 0.3412 -0.3715 0.8635
vn 0.3625 -0.3464 0.8652
vn 0.4216 -0.2925 0.8583
vn 0.3952 -0.5586 0.7292
vn 0.4960 -0.4479 0.7439
vn 0.4491 -0.2253 0.8646
vn 0.4608 -0.1638 0.8723
vn 0.4648 -0.1260 0.8764
vn 0.4646 -0.0739 0.8824
vn 0.4636 -0.0307 0.8855
vn 0.5271 -0.3497 0.7745
vn 0.5335 -0.3079 0.7878
vn 0.5485 -0.2579 0.7954
vn 0.5787 -0.1866 0.7939
vn 0.5894 -0.1353 0.7965
vn 0.6009 -0.0796 0.7954
vn 0.6085 -0.0294 0.7930
vn 0.6132 -0.4980 0.6132
vn 0.6461 -0.4065 0.6461
vn 0.6634 -0.3462 0.6634
vn 0.7292 -0.5586 0.3952
vn 0.7439 -0.4479 0.4960
vn 0.8028 -0.5797 0.1398
vn 0.6781 -0.2833 0.6781
vn 0.6884 -0.2282 0.6884
vn 0.6956 -0.1796 0.6956
vn 0.7015 -0.1256 0.7015
vn 0.7052 -0.0734 0.7052
vn 0.7072 -0.0240 0.7066
vn 0.7745 -0.3497 0.5271
vn 0.7878 -0.3079 0.5335
vn 0.7954 -0.2579 0.5485
vn 0.7939 -0.1866 0.5787
vn 0.7965 -0.1353 0.5894
vn 0.7954 -0.0796 0.6009
vn 0.7938 -0.0264 0.6076
vn 0.8244 -0.4821 0.2966
vn 0.8635 -0.3715 0.3412
vn 0.8652 -0.3464 0.3625
vn 0.8583 -0.2925 0.4216
vn 0.8703 -0.4800 0.1101
vn 0.9049 -0.4062 0.1272
vn 0.9257 -0.3580 0.1218
vn 0.8646 -0.2253 0.4491
vn 0.8723 -0.1638 0.4608
vn 0.8764 -0.1260 0.4648
vn 0.8824 -0.0739 0.4646
vn 0.8853 -0.0266 0.4644
vn 0.9158 -0.3047 0.2618
vn 0.9272 -0.2354 0.2915
vn 0.9376 -0.1827 0.2959
vn 0.9423 -0.1306 0.3084
vn 0.9467 -0.0769 0.3129
vn 0.9488 -0.0284 0.3147
vn 0.9493 -0.3021 0.0872
vn 0.9639 -0.2437 0.1076
vn 0.9753 -0.1902 0.1124
vn 0.9850 -0.1335 0.1097
vn 0.9910 -0.0786 0.1080
vn 0.9939 -0.0270 0.1066
vn 0.4806 -0.3388 0.8089
vn 0.4716 0.0220 0.8815
vn 0.3879 0.1491 0.9096
vn 0.2930 0.2981 0.9085
vn 0.2302 -0.3336 0.9142
vn 0.3939 -0.3983 0.8284
vn 0.4869 -0.3980 0.7776
vn 0.5409 -0.0530 0.8394
vn 0.5002 0.1540 0.8521
vn 0.3895 0.2544 0.8852
vn 0.2718 0.2706 0.9236
vn 0.1174 0.2988 0.9471
vn 0.2000 -0.1260 0.9717
vn 0.3646 -0.2336 0.9014
vn 0.4747 -0.3715 0.7979
vn 0.5064 -0.3548 0.7859
vn 0.5293 -0.0632 0.8461
vn 0.5083 0.1319 0.8510
vn 0.4952 0.1731 0.8514
vn 0.4729 0.1784 0.8629
vn 0.3979 0.1850 0.8986
vn 0.3434 -0.0355 0.9385
vn 0.4369 -0.1982 0.8774
vn 0.5053 -0.3623 0.7832
vn 0.4980 0.1722 0.8499
vn 0.4979 0.1723 0.8499
vn 0.5388 -0.2937 0.7896
vn 0.5321 -0.0339 0.8460
vn 0.5020 0.1169 0.8569
vn 0.4708 0.0084 0.8822
vn 0.5284 -0.0988 0.8432
vn 0.5475 -0.3259 0.7707
vn 0.5435 -0.1127 0.8318
vn 0.5042 0.1106 0.8565
vn 0.5008 0.1745 0.8478
vn 0.6166 0.0187 0.7870
vn 0.6025 -0.0068 0.7981
vn 0.5733 -0.2609 0.7767
vn 0.5935 0.2356 0.7696
vn 0.5216 -0.3671 0.7701
vn 0.5083 -0.1478 0.8484
vn 0.4898 0.1083 0.8651
vn 0.4990 0.1739 0.8490
vn 0.5046 0.1729 0.8459
vn 0.5400 0.1987 0.8179
vn 0.7044 0.0019 0.7098
vn 0.6493 -0.1342 0.7486
vn 0.5360 -0.3757 0.7560
vn 0.5391 -0.3032 0.7858
vn 0.4991 0.1732 0.8490
vn 0.5049 0.1832 0.8435
vn 0.5366 0.2219 0.8142
vn 0.6258 0.3209 0.7109
vn 0.7913 0.0007 0.6114
vn 0.7379 -0.1100 0.6659
vn 0.7552 0.4833 0.4428
vn 0.5316 -0.0776 0.8435
vn 0.5085 0.0526 0.8594
vn 0.6428 -0.3102 0.7004
vn 0.5463 -0.4159 0.7270
vn 0.5592 -0.2074 0.8027
vn 0.5326 0.0827 0.8423
vn 0.5008 0.2015 0.8418
vn 0.6106 0.3530 0.7089
vn 0.6793 0.4200 0.6017
vn 0.8719 -0.0679 0.4849
vn 0.7561 -0.3334 0.5631
vn 0.6229 -0.4723 0.6236
vn 0.7767 0.5094 0.3705
vn 0.7978 0.5009 0.3357
vn 0.9502 -0.0756 0.3025
vn 0.8950 -0.3578 0.2664
vn 0.8016 0.5154 0.3029
vn 0.9938 -0.0229 0.1087
vn 0.9565 -0.2734 0.1022
vn 0.5671 -0.4421 0.6950
vn 0.5777 -0.2237 0.7850
vn 0.6089 0.0868 0.7885
vn 0.6883 0.2547 0.6793
vn 0.7467 0.3511 0.5649
vn 0.7416 -0.5230 0.4200
vn 0.6675 -0.5453 0.5071
vn 0.7049 -0.2655 0.6577
vn 0.7457 0.1466 0.6500
vn 0.7821 0.4175 0.4626
vn 0.8158 0.4712 0.3353
vn 0.8282 -0.5264 0.1926
vn 0.7860 -0.5948 0.1686
vn 0.8225 0.4950 0.2800
vn 0.8092 0.5105 0.2908
vn 0.8078 0.5090 0.2972
vn 0.8634 -0.4945 0.1001
vn 0.8440 -0.5336 0.0541
vn 0.8882 0.4109 0.2054
vn 0.8352 0.5084 0.2097
vn 0.8276 0.4894 0.2750
vn 0.8023 -0.5117 0.3075
vn 0.8937 -0.2045 0.3993
vn 0.9112 0.1376 0.3884
vn 0.8580 0.3920 0.3319
vn 0.8830 -0.4683 0.0311
vn 0.9800 -0.1981 0.0185
vn 0.9929 0.1125 0.0396
vn 0.9308 0.3401 0.1337
vn 0.9247 -0.3801 0.0197
vn 0.9926 -0.1014 -0.0671
vn 0.9934 0.0365 -0.1089
vn 0.9854 0.1682 0.0261
vn 0.9446 0.3188 0.0781
vn 0.0396 0.3079 0.9506
vn 0.0539 0.3646 0.9296
vn -0.0007 0.3842 0.9233
vn -0.0439 0.6523 0.7567
vn -0.0922 0.8382 0.5376
vn -0.0325 0.9460 0.3225
vn -0.1860 0.9131 0.3628
vn -0.0034 0.9871 0.1603
vn 0.1601 0.9822 0.0978
vn 0.2741 0.9614 0.0244
vn 0.2930 0.2731 0.9163
vn 0.3896 0.2554 0.8848
vn 0.2810 0.2828 0.9171
vn 0.2310 0.6276 0.7435
vn 0.3539 0.8231 0.4441
vn 0.2073 0.9277 0.3104
vn 0.4754 0.8722 0.1155
vn 0.2520 0.9666 0.0473
vn 0.3878 0.9198 0.0593
vn 0.3033 0.9525 0.0252
vn 0.3324 0.9430 0.0169
vn 0.3131 0.9496 0.0164
vn 0.5572 0.2284 0.7983
vn 0.6524 0.2336 0.7210
vn 0.6276 0.5142 0.5846
vn 0.6546 0.3260 0.6821
vn 0.7578 0.4111 0.5066
vn 0.6632 0.6507 0.3698
vn 0.7674 0.5565 0.3184
vn 0.6192 0.7566 0.2099
vn 0.7305 0.6250 0.2751
vn 0.5328 0.8291 0.1695
vn 0.4270 0.9006 0.0808
vn 0.7343 0.4051 0.5447
vn 0.7972 0.4358 0.4178
vn 0.7838 0.5171 0.3438
vn 0.8038 0.5004 0.3216
vn 0.7986 0.5248 0.2947
vn 0.6647 0.7095 0.2340
vn 0.8003 0.5183 0.3015
vn 0.7817 0.5505 0.2931
vn 0.6013 0.7770 0.1865
vn 0.7975 0.5215 0.3034
vn 0.1594 -0.9741 -0.1602
vn 0.2380 -0.9417 -0.2380
vn 0.1480 -0.8796 -0.4520
vn 0.3028 -0.7240 -0.6198
vn 0.0597 -0.7519 -0.6565
vn 0.1526 -0.6197 -0.7698
vn 0.4520 -0.8796 -0.1480
vn 0.6198 -0.7240 -0.3028
vn 0.4057 -0.8191 -0.4057
vn 0.5074 -0.6964 -0.5074
vn 0.3867 -0.6238 -0.6792
vn 0.6565 -0.7519 -0.0597
vn 0.7698 -0.6197 -0.1526
vn 0.6792 -0.6238 -0.3867
vn 0.5729 -0.5861 -0.5729
vn 0.1398 -0.5797 -0.8028
vn 0.1101 -0.4800 -0.8703
vn 0.1272 -0.4062 -0.9049
vn 0.1218 -0.3580 -0.9257
vn 0.0872 -0.3021 -0.9493
vn 0.1076 -0.2437 -0.9639
vn 0.1124 -0.1902 -0.9753
vn 0.1186 -0.1879 -0.9750
vn 0.1879 -0.3037 -0.9341
vn 0.2782 -0.4698 -0.8378
vn 0.2321 -0.6171 -0.7519
vn 0.1643 -0.5399 -0.8255
vn 0.3952 -0.5586 -0.7292
vn 0.4960 -0.4479 -0.7439
vn 0.2966 -0.4821 -0.8244
vn 0.3412 -0.3715 -0.8635
vn 0.3625 -0.3464 -0.8652
vn 0.4216 -0.2925 -0.8583
vn 0.2618 -0.3047 -0.9158
vn 0.2915 -0.2354 -0.9272
vn 0.2959 -0.1827 -0.9376
vn 0.3187 -0.1577 -0.9346
vn 0.3391 -0.2613 -0.9037
vn 0.3735 -0.5182 -0.7694
vn 0.3103 -0.4856 -0.8173
vn 0.2986 -0.6636 -0.6859
vn 0.2140 -0.5481 -0.8086
vn 0.8028 -0.5797 -0.1398
vn 0.7292 -0.5586 -0.3952
vn 0.7439 -0.4479 -0.4960
vn 0.6132 -0.4980 -0.6132
vn 0.6461 -0.4065 -0.6461
vn 0.6634 -0.3462 -0.6634
vn 0.5271 -0.3497 -0.7745
vn 0.5335 -0.3079 -0.7878
vn 0.5485 -0.2579 -0.7954
vn 0.5787 -0.1866 -0.7939
vn 0.5906 -0.1372 -0.7952
vn 0.6072 -0.1033 -0.7878
vn 0.6086 -0.3635 -0.7053
vn 0.4491 -0.2253 -0.8646
vn 0.4608 -0.1638 -0.8723
vn 0.4635 -0.1305 -0.8764
vn 0.4987 -0.2184 -0.8388
vn 0.4847 -0.5655 -0.6673
vn 0.3960 -0.6605 -0.6379
vn 0.8703 -0.4800 -0.1101
vn 0.9049 -0.4062 -0.1272
vn 0.9257 -0.3580 -0.1218
vn 0.8244 -0.4821 -0.2966
vn 0.8635 -0.3715 -0.3412
vn 0.8652 -0.3464 -0.3625
vn 0.8583 -0.2925 -0.4216
vn 0.7745 -0.3497 -0.5271
vn 0.7878 -0.3079 -0.5335
vn 0.7954 -0.2579 -0.5485
vn 0.7939 -0.1866 -0.5787
vn 0.7965 -0.1353 -0.5894
vn 0.7940 -0.0975 -0.6000
vn 0.8276 -0.2107 -0.5202
vn 0.6781 -0.2833 -0.6781
vn 0.6884 -0.2282 -0.6884
vn 0.6956 -0.1796 -0.6956
vn 0.7015 -0.1256 -0.7015
vn 0.7002 -0.1548 -0.6969
vn 0.6895 -0.4676 -0.5532
vn 0.5279 -0.6352 -0.5637
vn 0.9493 -0.3021 -0.0872
vn 0.9639 -0.2437 -0.1077
vn 0.9753 -0.1902 -0.1124
vn 0.9850 -0.1335 -0.1097
vn 0.9910 -0.0786 -0.1080
vn 0.9946 -0.0412 -0.0948
vn 0.9158 -0.3047 -0.2618
vn 0.9272 -0.2354 -0.2915
vn 0.9376 -0.1827 -0.2959
vn 0.9423 -0.1306 -0.3084
vn 0.9467 -0.0769 -0.3129
vn 0.9548 -0.1043 -0.2782
vn 0.8646 -0.2253 -0.4491
vn 0.8723 -0.1638 -0.4608
vn 0.8764 -0.1260 -0.4648
vn 0.8839 -0.0880 -0.4594
vn 0.8942 -0.2066 -0.3971
vn 0.8364 -0.4320 -0.3374
vn 0.1755 -0.4065 -0.8966
vn 0.1898 -0.3796 -0.9055
vn 0.2463 -0.3316 -0.9107
vn 0.5665 0.1483 -0.8106
vn 0.5857 0.2595 -0.7679
vn 0.4121 0.5523 -0.7247
vn 0.2882 -0.5748 -0.7658
vn 0.1994 -0.4171 -0.8867
vn 0.1796 -0.3967 -0.9002
vn 0.1786 -0.3942 -0.9015
vn 0.5644 0.2174 -0.7964
vn 0.4808 0.3449 -0.8062
vn 0.1801 -0.3869 -0.9044
vn 0.2817 -0.2645 -0.9223
vn 0.4869 -0.1171 -0.8656
vn 0.6178 0.1193 -0.7772
vn 0.5845 0.2214 -0.7807
vn 0.4553 0.3942 -0.7983
vn 0.4327 -0.6953 -0.5739
vn 0.3556 -0.6706 -0.6511
vn 0.5534 0.2963 -0.7785
vn 0.2220 -0.5163 -0.8271
vn 0.1951 -0.3837 -0.9026
vn 0.2768 -0.3193 -0.9063
vn 0.4811 -0.0072 -0.8767
vn 0.5925 0.1245 -0.7959
vn 0.6037 0.1647 -0.7800
vn 0.6040 0.1664 -0.7794
vn 0.5590 0.2406 -0.7935
vn 0.2825 -0.3030 -0.9101
vn 0.3936 -0.0995 -0.9139
vn 0.5428 0.0500 -0.8384
vn 0.5956 0.1504 -0.7891
vn 0.6041 0.1653 -0.7796
vn 0.6776 -0.6455 -0.3524
vn 0.4670 -0.7404 -0.4834
vn 0.3113 -0.7509 -0.5824
vn 0.3439 -0.5702 -0.7460
vn 0.6104 0.1601 -0.7757
vn 0.6013 0.1874 -0.7767
vn 0.2229 -0.5643 -0.7949
vn 0.2113 -0.3501 -0.9126
vn 0.3945 -0.1306 -0.9096
vn 0.5813 0.1089 -0.8064
vn 0.6001 0.1576 -0.7843
vn 0.6025 0.1671 -0.7805
vn 0.9979 -0.0276 -0.0578
vn 0.9545 -0.2973 -0.0216
vn 0.8081 0.5083 0.2978
vn 0.9789 -0.1599 -0.1272
vn 0.9229 -0.3844 -0.0232
vn 0.8994 -0.3915 -0.1945
vn 0.8729 -0.4861 -0.0421
vn 0.8089 -0.5712 -0.1393
vn 0.8293 -0.5575 -0.0390
vn 0.6501 -0.7274 -0.2196
vn 0.8064 -0.5711 -0.1535
vn 0.8072 0.1560 -0.5693
vn 0.7853 0.1972 -0.5868
vn 0.7516 0.1486 -0.6427
vn 0.6857 0.1287 -0.7164
vn 0.5414 -0.6842 -0.4886
vn 0.6728 -0.4094 -0.6162
vn 0.7084 0.0061 -0.7058
vn 0.6445 0.1342 -0.7527
vn 0.6161 0.1564 -0.7720
vn 0.6247 0.1749 -0.7610
vn 0.6361 0.1634 -0.7541
vn 0.6252 0.1664 -0.7626
vn 0.5155 -0.2564 -0.8176
vn 0.5730 0.0530 -0.8178
vn 0.5983 0.1249 -0.7915
vn 0.8708 -0.4917 0.0016
vn 0.9087 -0.4067 -0.0943
vn 0.9795 -0.0684 -0.1896
vn 0.9817 0.0287 -0.1883
vn 0.9811 0.0606 -0.1837
vn 0.9490 0.3151 0.0119
vn 0.8633 0.4452 0.2376
vn 0.8786 -0.4770 -0.0218
vn 0.9498 -0.2963 -0.1001
vn 0.9806 -0.0564 -0.1875
vn 0.9815 0.0304 -0.1888
vn 0.9814 0.0324 -0.1891
vn 0.9829 0.1107 -0.1469
vn 0.9540 0.2986 0.0259
vn 0.8941 -0.4467 -0.0313
vn 0.9729 -0.2053 -0.1066
vn 0.9838 -0.0232 -0.1780
vn 0.9815 0.0307 -0.1891
vn 0.9815 0.0311 -0.1887
vn 0.9839 0.0501 -0.1718
vn 0.9864 0.1343 -0.0946
vn 0.9196 -0.3887 -0.0567
vn 0.9821 -0.1322 -0.1339
vn 0.9837 0.0163 -0.1790
vn 0.9771 0.0403 -0.2088
vn 0.9725 0.0332 -0.2303
vn 0.9702 0.0322 -0.2400
vn 0.9723 0.0590 -0.2264
vn 0.9503 -0.2913 -0.1095
vn 0.9776 -0.0599 -0.2019
vn 0.9704 0.0442 -0.2374
vn 0.9602 0.0828 -0.2667
vn 0.9341 0.0968 -0.3438
vn 0.8915 0.0719 -0.4474
vn 0.8607 0.0576 -0.5058
vn 0.8462 -0.2770 -0.4552
vn 0.8783 -0.0056 -0.4782
vn 0.8523 0.0700 -0.5184
vn 0.8316 0.1114 -0.5441
vn 0.9401 -0.3078 -0.1465
vn 0.9886 -0.0152 -0.1497
vn 0.9834 0.0174 -0.1807
vn 0.9879 0.0558 -0.1448
vn 0.9733 0.2103 -0.0916
vn 0.3039 0.9524 0.0259
vn 0.3005 0.9517 -0.0626
vn 0.2442 0.8283 -0.5043
vn 0.2522 0.9143 -0.3169
vn 0.1965 0.7436 -0.6392
vn 0.1931 0.7304 -0.6551
vn 0.1956 0.7321 -0.6525
vn 0.2403 0.6676 -0.7047
vn 0.3177 0.9479 0.0215
vn 0.3234 0.9441 -0.0646
vn 0.3130 0.9495 -0.0213
vn 0.3003 0.8811 -0.3652
vn 0.3175 0.9193 -0.2326
vn 0.2109 0.7848 -0.5828
vn 0.2320 0.7071 -0.6680
vn 0.3091 0.6378 -0.7055
vn 0.2912 0.5441 -0.7868
vn 0.3633 0.9306 0.0440
vn 0.3319 0.9429 0.0275
vn 0.3123 0.9474 -0.0697
vn 0.2575 0.9202 -0.2948
vn 0.2004 0.7293 -0.6542
vn 0.1863 0.8169 -0.5459
vn 0.3747 0.5559 -0.7420
vn 0.2228 0.6853 -0.6934
vn 0.4294 0.5162 -0.7411
vn 0.7089 0.6398 0.2969
vn 0.4663 0.8753 0.1283
vn 0.6390 0.7406 0.2078
vn 0.3665 0.9275 0.0736
vn 0.3183 0.9475 -0.0314
vn 0.3496 0.8230 -0.4478
vn 0.2550 0.9413 -0.2213
vn 0.4727 0.4072 -0.7815
vn 0.2952 0.6819 -0.6692
vn 0.2271 0.8253 -0.5170
vn 0.4664 0.3290 -0.8211
vn 0.3136 0.5956 -0.7395
vn 0.7983 0.5227 0.2991
vn 0.8030 0.5176 0.2954
vn 0.7798 0.5753 0.2469
vn 0.5641 0.8167 0.1215
vn 0.7059 0.7009 0.1023
vn 0.5014 0.8649 0.0228
vn 0.5905 0.7669 -0.2514
vn 0.4497 0.8840 -0.1280
vn 0.6225 0.2263 -0.7492
vn 0.5186 0.5698 -0.6375
vn 0.5846 0.1918 -0.7884
vn 0.8384 0.4757 0.2659
vn 0.8886 0.4104 0.2049
vn 0.8285 0.5000 0.2521
vn 0.9651 0.2576 0.0478
vn 0.8555 0.4962 0.1479
vn 0.9790 0.1358 -0.1523
vn 0.8411 0.5233 -0.1367
vn 0.8187 0.1375 -0.5575
vn 0.7014 0.4520 -0.5511
vn 0.2336 -0.2411 -0.9420
vn 0.3998 -0.0329 -0.9160
vn 0.4896 0.2059 -0.8473
vn 0.4063 0.4670 -0.7854
vn 0.4021 -0.1202 -0.9077
vn 0.4889 0.0301 -0.8718
s 1
f 7//7 1//1 2//2
f 9//9 6//6 7//7
f 9//9 3//3 8//8
f 9//9 2//2 4//4
f 13//13 10//10 11//11
f 13//13 6//6 12//12
f 13//13 5//5 7//7
f 15//15 6//6 8//8
f 21//21 16//16 17//17
f 23//23 20//20 21//21
f 23//23 17//17 18//18
f 32//32 25//25 26//26
f 33//33 26//26 27//27
f 33//33 28//28 34//34
f 35//35 28//28 29//29
f 35//35 20//20 34//34
f 35//35 19//19 21//21
f 37//37 30//30 31//31
f 37//37 32//32 38//38
f 38//38 33//33 39//39
f 40//40 33//33 34//34
f 40//40 20//20 22//22
f 49//49 41//41 42//42
f 50//50 42//42 43//43
f 50//50 25//25 49//49
f 51//51 43//43 44//44
f 27//27 50//50 51//51
f 52//52 44//44 45//45
f 28//28 51//51 52//52
f 53//53 45//45 46//46
f 53//53 28//28 52//52
f 53//53 24//24 29//29
f 56//56 47//47 48//48
f 57//57 48//48 49//49
f 57//57 30//30 56//56
f 57//57 25//25 31//31
f 59//59 54//54 55//55
f 59//59 56//56 60//60
f 60//60 30//30 36//36
f 68//68 41//41 67//67
f 69//69 61//61 62//62
f 69//69 42//42 68//68
f 69//69 63//63 70//70
f 70//70 43//43 69//69
f 70//70 64//64 71//71
f 71//71 44//44 70//70
f 71//71 65//65 72//72
f 72//72 45//45 71//71
f 75//75 66//66 67//67
f 75//75 47//47 74//74
f 75//75 41//41 48//48
f 76//76 1//1 73//73
f 77//77 73//73 74//74
f 77//77 54//54 76//76
f 77//77 47//47 55//55
f 78//78 2//2 76//76
f 78//78 54//54 58//58
f 81//81 61//61 80//80
f 82//82 62//62 81//81
f 83//83 63//63 82//82
f 84//84 64//64 83//83
f 87//87 66//66 86//86
f 88//88 79//79 80//80
f 88//88 67//67 87//87
f 88//88 61//61 68//68
f 89//89 1//1 5//5
f 90//90 85//85 86//86
f 90//90 73//73 89//89
f 90//90 66//66 74//74
f 92//92 79//79 91//91
f 81//81 92//92 93//93
f 82//82 93//93 94//94
f 83//83 94//94 95//95
f 84//84 95//95 96//96
f 98//98 85//85 97//97
f 87//87 98//98 99//99
f 99//99 79//79 87//87
f 100//100 5//5 11//11
f 100//100 85//85 89//89
f 110//110 101//101 102//102
f 112//112 103//103 104//104
f 113//113 104//104 105//105
f 114//114 105//105 106//106
f 115//115 106//106 107//107
f 116//116 107//107 108//108
f 117//117 108//108 109//109
f 117//117 110//110 118//118
f 120//120 111//111 112//112
f 120//120 113//113 121//121
f 121//121 114//114 122//122
f 122//122 115//115 123//123
f 123//123 116//116 124//124
f 124//124 117//117 125//125
f 126//126 117//117 118//118
f 134//134 127//127 128//128
f 134//134 101//101 133//133
f 136//136 103//103 135//135
f 105//105 136//136 137//137
f 138//138 129//129 130//130
f 138//138 105//105 137//137
f 138//138 131//131 139//139
f 107//107 138//138 139//139
f 140//140 131//131 132//132
f 108//108 139//139 140//140
f 141//141 132//132 133//133
f 141//141 108//108 140//140
f 141//141 101//101 109//109
f 142//142 16//16 135//135
f 142//142 103//103 111//111
f 144//144 17//17 142//142
f 119//119 142//142 111//111
f 126//126 143//143 145//145
f 128//128 149//149 150//150
f 154//146 129//129 153//146
f 155//146 146//146 147//147
f 155//146 130//130 154//146
f 155//146 148//148 156//153
f 156//153 131//131 155//146
f 157//154 148//148 149//149
f 157//154 132//132 156//153
f 157//154 127//127 133//133
f 158//155 128//128 150//150
f 159//156 16//16 19//19
f 160//157 151//151 152//152
f 160//157 135//135 159//156
f 161//158 152//152 153//146
f 161//158 136//136 160//157
f 161//158 129//129 137//137
f 169//165 146//146 168//146
f 170//166 162//159 163//160
f 170//166 147//147 169//165
f 170//166 164//161 171//167
f 171//167 148//148 170//166
f 172//168 149//149 171//167
f 174//170 165//162 166//163
f 174//170 151//151 173//169
f 174//170 167//164 175//171
f 175//171 152//152 174//170
f 176//146 167//164 168//146
f 176//146 153//146 175//171
f 176//146 146//146 154//146
f 177//172 24//24 173//169
f 177//172 19//19 29//29
f 177//172 151//151 159//156
f 182//177 162//159 181//176
f 164//161 182//177 183//178
f 185//180 165//162 184//179
f 186//181 178//173 179//174
f 186//181 166//163 185//180
f 186//181 180//175 187//146
f 187//146 167//164 186//181
f 188//182 180//175 181//176
f 188//182 168//146 187//146
f 188//182 162//159 169//165
f 189//183 164//161 183//178
f 172//168 189//183 190//184
f 191//185 24//24 46//46
f 191//185 165//162 173//169
f 197//191 178//173 196//190
f 198//192 192//186 193//187
f 198//192 179//174 197//191
f 199//193 193//187 194//188
f 181//176 198//192 199//193
f 199//193 195//189 200//194
f 182//177 199//193 200//194
f 201//195 182//177 200//194
f 204//197 184//179 203//196
f 204//197 178//173 185//180
f 205//184 183//178 201//195
f 205//184 202//184 206//184
f 190//184 205//184 206//184
f 207//198 65//65 203//196
f 191//185 72//72 207//198
f 207//198 184//179 191//185
f 212//203 208//199 209//200
f 212//203 192//186 211//202
f 213//204 193//187 212//203
f 195//189 213//204 214//205
f 217//208 210//201 211//202
f 217//208 196//190 216//207
f 217//208 192//186 197//191
f 218//209 195//189 214//205
f 219//210 200//194 218//209
f 202//184 219//210 220//211
f 221//212 65//65 84//84
f 222//213 215//206 216//207
f 222//213 203//196 221//212
f 222//213 196//190 204//197
f 223//184 202//184 220//211
f 209//200 224//214 225//215
f 211//202 226//216 227//217
f 227//217 208//199 211//202
f 228//218 224//214 227//217
f 228//218 209//200 225//215
f 229//219 212//203 228//218
f 214//205 229//219 230//220
f 232//222 215//206 231//221
f 232//222 210//201 216//207
f 233//223 226//216 232//222
f 218//209 230//220 234//224
f 219//210 234//224 235//225
f 220//211 235//225 236//226
f 237//227 84//84 96//96
f 237//227 215//206 221//212
f 238//184 220//211 236//226
f 240//229 102//102 239//228
f 241//230 110//110 240//229
f 242//231 102//102 134//134
f 240//229 242//231 243//232
f 241//230 143//143 118//118
f 241//230 243//232 245//234
f 245//234 244//233 246//235
f 247//236 143//143 245//234
f 247//236 246//235 248//237
f 158//155 249//238 250//239
f 242//231 158//155 250//239
f 252//241 242//231 250//239
f 252//241 251//240 253//242
f 244//233 252//241 253//242
f 254//243 244//233 253//242
f 256//245 246//235 254//243
f 256//245 255//244 257//246
f 249//238 172//168 258//247
f 259//248 249//238 258//247
f 251//240 259//248 260//249
f 261//250 251//240 260//249
f 254//243 261//250 262//251
f 255//244 262//251 263//252
f 264//253 255//244 263//252
f 258//247 190//184 265//254
f 267//256 258//247 265//254
f 267//256 266//255 268//257
f 260//249 267//256 268//257
f 269//258 260//249 268//257
f 271//259 261//250 269//258
f 271//259 270//259 272//260
f 263//252 271//259 272//260
f 264//253 272//260 273//261
f 275//262 190//184 206//184
f 266//255 275//262 276//263
f 277//264 266//255 276//263
f 279//266 268//257 277//264
f 279//266 278//265 280//259
f 270//259 279//266 280//259
f 281//259 270//259 280//259
f 283//259 272//260 281//259
f 283//259 282//267 284//268
f 274//259 283//259 284//268
f 275//262 223//184 285//269
f 276//263 285//269 286//270
f 288//272 276//263 286//270
f 288//272 287//271 289//273
f 278//265 288//272 289//273
f 290//274 278//265 289//273
f 281//259 290//274 291//259
f 282//267 291//259 292//275
f 293//276 282//267 292//275
f 238//184 294//277 295//278
f 285//269 238//184 295//278
f 296//279 285//269 295//278
f 287//271 296//279 297//280
f 298//281 287//271 297//280
f 290//274 298//281 299//282
f 301//284 290//274 299//282
f 301//284 300//283 302//285
f 292//275 301//284 302//285
f 303//286 292//275 302//285
f 304//287 4//4 305//288
f 304//287 8//8 3//3
f 309//292 304//287 305//288
f 310//293 309//292 311//294
f 306//289 309//292 305//288
f 307//290 311//294 306//289
f 313//296 15//15 314//297
f 308//291 15//15 8//8
f 310//293 314//297 308//291
f 316//299 310//293 311//294
f 317//300 316//299 318//301
f 312//295 316//299 311//294
f 321//304 23//23 322//305
f 319//302 23//23 18//18
f 323//306 322//305 324//307
f 320//303 322//305 319//302
f 325//308 324//307 326//309
f 329//312 37//37 330//313
f 331//314 37//37 38//38
f 332//315 38//38 39//39
f 333//316 39//39 40//40
f 321//304 40//40 22//22
f 334//317 330//313 335//318
f 336//319 330//313 331//314
f 337//320 331//314 332//315
f 337//320 333//316 338//321
f 338//321 321//304 323//306
f 339//322 336//319 340//323
f 340//323 337//320 341//324
f 341//324 338//321 342//325
f 325//308 338//321 323//306
f 343//326 325//308 326//309
f 344//327 343//326 345//328
f 327//310 343//326 326//309
f 346//329 345//328 347//330
f 328//311 345//328 327//310
f 348//331 347//330 349//332
f 351//334 59//59 352//335
f 352//335 60//60 353//336
f 353//336 36//36 329//312
f 354//337 352//335 355//338
f 356//339 352//335 353//336
f 334//317 353//336 329//312
f 357//340 334//317 335//318
f 358//341 356//339 359//342
f 359//342 357//340 360//343
f 339//322 357//340 335//318
f 361//344 339//322 340//323
f 341//324 361//344 340//323
f 363//346 341//324 342//325
f 364//347 360//343 365//348
f 365//348 361//344 366//349
f 366//349 362//345 367//350
f 367//350 363//346 368//351
f 344//327 363//346 342//325
f 369//352 368//351 370//353
f 346//329 368//351 344//327
f 348//331 370//353 346//329
f 372//355 348//331 349//332
f 373//356 372//355 374//357
f 350//333 372//355 349//332
f 305//288 78//78 375//358
f 375//358 58//58 351//334
f 306//289 375//358 376//359
f 354//337 375//358 351//334
f 377//360 354//337 355//338
f 307//290 376//359 378//361
f 378//361 377//360 379//362
f 358//341 377//360 355//338
f 380//363 358//341 359//342
f 381//364 380//363 382//365
f 364//347 380//363 359//342
f 383//366 364//347 365//348
f 384//367 365//348 366//349
f 385//368 366//349 367//350
f 386//369 384//367 387//370
f 387//370 385//368 388//371
f 369//352 385//368 367//350
f 389//372 369//352 370//353
f 371//354 389//372 370//353
f 373//356 390//373 371//354
f 392//375 373//356 374//357
f 393//376 307//290 378//361
f 394//377 378//361 379//362
f 395//378 394//377 396//379
f 381//364 394//377 379//362
f 397//380 381//364 382//365
f 398//381 382//365 383//366
f 399//382 398//381 400//383
f 386//369 398//381 383//366
f 401//384 386//369 387//370
f 402//385 387//370 388//371
f 389//372 402//385 388//371
f 390//373 403//386 389//372
f 406//389 390//373 391//374
f 406//389 405//388 404//387
f 392//375 406//389 391//374
f 408//391 312//295 393//376
f 395//378 408//391 393//376
f 410//393 395//378 396//379
f 397//380 410//393 396//379
f 399//382 411//394 397//380
f 413//396 399//382 400//383
f 401//384 413//396 400//383
f 402//385 414//397 401//384
f 403//386 415//398 402//385
f 417//400 403//386 404//387
f 405//388 417//400 404//387
f 419//402 405//388 407//390
f 424//407 421//404 425//408
f 426//409 421//404 422//405
f 426//409 423//406 427//410
f 428//411 426//409 429//412
f 430//413 426//409 427//410
f 431//414 120//120 432//415
f 433//416 120//120 121//121
f 433//416 122//122 434//417
f 434//417 123//123 435//418
f 435//418 124//124 436//419
f 436//419 125//125 437//420
f 438//421 125//125 126//126
f 439//422 433//416 440//423
f 440//423 434//417 441//424
f 441//424 435//418 442//425
f 442//425 436//419 443//426
f 444//427 436//419 437//420
f 445//428 437//420 438//421
f 446//429 440//423 447//430
f 447//430 441//424 448//431
f 449//432 441//424 442//425
f 449//432 420//403 448//431
f 450//433 442//425 443//426
f 422//405 449//432 450//433
f 450//433 444//427 451//434
f 423//406 450//433 451//434
f 452//435 444//427 445//428
f 453//436 448//431 454//437
f 424//407 448//431 420//403
f 455//438 424//407 425//408
f 456//439 423//406 451//434
f 456//439 452//435 457//440
f 458//441 454//437 459//442
f 459//442 455//438 460//443
f 428//411 455//438 425//408
f 461//444 428//411 429//412
f 430//413 461//444 429//412
f 430//413 456//439 462//445
f 463//446 456//439 457//440
f 464//447 460//443 465//448
f 465//448 461//444 466//449
f 467//450 461//444 462//445
f 319//302 144//144 468//451
f 431//414 144//144 119//119
f 469//452 431//414 432//415
f 470//453 126//126 145//145
f 320//303 468//451 471//454
f 471//454 469//452 472//455
f 439//422 469//452 432//415
f 473//456 438//421 470//453
f 474//457 472//455 475//457
f 446//429 472//455 439//422
f 476//458 446//429 447//430
f 477//459 445//428 473//456
f 478//457 475//457 479//457
f 479//457 476//458 480//460
f 453//436 476//458 447//430
f 481//461 452//435 477//459
f 482//462 480//460 483//463
f 458//441 480//460 453//436
f 484//464 458//441 459//442
f 463//446 485//465 462//445
f 463//446 481//461 486//466
f 488//468 482//462 483//463
f 488//468 484//464 489//469
f 464//447 484//464 459//442
f 490//470 464//447 465//448
f 466//449 490//470 465//448
f 467//450 491//471 466//449
f 467//450 485//465 492//472
f 493//473 485//465 486//466
f 495//475 491//471 492//472
f 496//476 320//303 471//454
f 326//309 496//476 497//477
f 474//457 496//476 471//454
f 327//310 497//477 498//457
f 478//457 497//477 474//457
f 499//457 478//457 479//457
f 328//311 498//457 500//478
f 500//478 499//457 501//479
f 482//462 499//457 479//457
f 503//481 501//479 504//482
f 487//467 501//479 482//462
f 505//483 487//467 488//468
f 506//484 488//468 489//469
f 490//470 506//484 489//469
f 508//486 490//470 491//471
f 493//473 509//487 492//472
f 493//473 502//480 510//488
f 511//489 506//484 512//490
f 513//491 506//484 507//485
f 513//491 508//486 514//492
f 494//474 508//486 491//471
f 495//475 514//492 494//474
f 495//475 509//487 515//493
f 516//494 509//487 510//488
f 517//495 328//311 500//478
f 349//332 517//495 518//496
f 503//481 517//495 500//478
f 519//497 503//481 504//482
f 520//498 504//482 505//483
f 350//333 518//496 522//499
f 522//499 519//497 523//500
f 523//500 520//498 524//501
f 511//489 520//498 505//483
f 525//490 511//489 512//490
f 526//502 512//490 513//491
f 527//503 513//491 514//492
f 515//493 527//503 514//492
f 516//494 528//504 515//493
f 516//494 521//488 529//505
f 530//506 527//503 531//507
f 532//508 527//503 528//504
f 534//509 350//333 522//499
f 523//500 534//509 522//499
f 536//490 523//500 524//501
f 525//490 536//490 524//501
f 538//490 525//490 526//502
f 529//505 539//511 528//504
f 529//505 533//488 540//512
f 541//513 536//490 542//514
f 543//515 536//490 537//490
f 543//515 538//490 544//490
f 530//506 538//490 526//502
f 545//516 530//506 531//507
f 532//508 545//516 531//507
f 532//508 539//511 546//517
f 547//518 539//511 540//512
f 534//509 392//375 374//357
f 549//520 534//509 535//510
f 551//521 549//520 552//522
f 541//513 549//520 535//510
f 553//523 541//513 542//514
f 543//515 553//523 542//514
f 555//525 543//515 544//490
f 545//516 555//525 544//490
f 557//527 545//516 546//517
f 547//518 557//527 546//517
f 547//518 550//488 558//528
f 559//529 392//375 548//519
f 561//531 548//519 551//521
f 561//531 560//530 559//529
f 552//522 561//531 551//521
f 553//523 562//532 552//522
f 564//534 553//523 554//524
f 559//529 419//402 407//390
f 560//530 566//536 559//529
f 568//537 560//530 562//532
f 563//533 568//537 562//532
f 564//534 569//538 563//533
f 470//453 247//236 573//542
f 573//542 248//237 574//542
f 473//456 573//542 575//542
f 576//542 573//542 574//542
f 577//543 473//456 575//542
f 578//544 477//459 577//543
f 579//545 481//461 578//544
f 580//546 248//237 256//245
f 581//547 256//245 257//246
f 576//542 582//542 575//542
f 576//542 580//546 583//542
f 584//548 580//546 581//547
f 577//543 582//542 585//549
f 586//550 582//542 583//542
f 586//550 584//548 587//551
f 588//552 577//543 585//549
f 588//552 586//550 589//553
f 590//554 586//550 587//551
f 579//545 502//480 486//466
f 579//545 588//552 591//555
f 592//556 588//552 589//553
f 593//557 502//480 591//555
f 581//547 264//253 594//558
f 596//560 581//547 594//558
f 596//560 595//559 597//561
f 598//562 584//548 596//560
f 598//562 597//561 599//563
f 590//554 600//564 589//553
f 590//554 598//562 601//565
f 602//566 598//562 599//563
f 592//556 603//567 591//555
f 592//556 600//564 604//568
f 605//569 600//564 601//565
f 593//557 521//488 510//488
f 593//557 603//567 606//488
f 607//488 603//567 604//568
f 608//570 264//253 273//261
f 608//570 274//259 609//571
f 595//559 608//570 609//571
f 610//572 595//559 609//571
f 612//574 597//561 610//572
f 612//574 611//573 613//575
f 602//566 614//576 601//565
f 602//566 612//574 615//577
f 616//578 612//574 613//575
f 605//569 617//488 604//568
f 605//569 614//576 618//579
f 619//580 614//576 615//577
f 606//488 533//488 521//488
f 607//488 620//488 606//488
f 607//488 617//488 621//581
f 622//582 617//488 618//579
f 623//488 533//488 620//488
f 624//583 274//259 284//268
f 610//572 624//583 625//584
f 611//573 625//584 626//585
f 627//586 611//573 626//585
f 616//578 628//587 615//577
f 629//588 613//575 627//586
f 619//580 630//589 618//579
f 619//580 628//587 631//590
f 621//581 632//591 620//488
f 622//582 633//592 621//581
f 622//582 630//589 634//593
f 623//488 550//488 540//512
f 623//488 632//591 635//594
f 636//595 632//591 633//592
f 637//596 550//488 635//594
f 624//583 293//276 638//597
f 625//584 638//597 639//598
f 640//599 625//584 639//598
f 641//600 640//599 639//598
f 627//586 640//599 642//601
f 644//603 641//600 643//602
f 644//603 628//587 629//588
f 644//603 627//586 642//601
f 631//590 645//604 630//589
f 646//605 628//587 643//602
f 634//593 647//606 633//592
f 648//607 630//589 645//604
f 636//595 649//608 635//594
f 636//595 647//606 650//609
f 637//596 565//535 558//528
f 637//596 649//608 651//610
f 652//611 293//276 303//286
f 653//612 638//597 652//611
f 641//600 653//612 654//613
f 643//602 654//613 656//615
f 658//617 655//614 657//616
f 658//617 645//604 646//605
f 658//617 643//602 656//615
f 648//607 659//618 647//606
f 660//619 645//604 657//616
f 650//609 661//620 649//608
f 662//621 647//606 659//618
f 651//610 572//541 565//535
f 663//622 649//608 661//620
f 664//623 555//525 665//624
f 666//625 555//525 556//526
f 666//625 557//527 667//626
f 668//627 557//527 558//528
f 664//623 564//534 554//524
f 670//629 664//623 665//624
f 666//625 670//629 665//624
f 667//626 671//630 666//625
f 673//632 667//626 668//627
f 668//627 565//535 673//632
f 674//633 672//631 675//634
f 676//635 564//534 669//628
f 676//635 571//540 570//539
f 670//629 676//635 669//628
f 678//637 670//629 671//630
f 680//639 672//631 673//632
f 680//639 565//535 572//541
f 674//633 678//637 671//630
f 681//640 679//638 678//637
f 682//641 674//633 675//634
f 675//634 679//638 682//641
f 11//11 683//642 684//643
f 12//12 683//642 10//10
f 686//645 683//642 685//644
f 15//15 687//646 688//647
f 15//15 685//644 12//12
f 686//645 690//649 691//650
f 686//645 689//648 684//643
f 688//647 690//649 685//644
f 693//652 690//649 692//651
f 691//650 694//653 689//648
f 693//652 696//655 697//656
f 693//652 695//654 691//650
f 92//92 698//657 699//658
f 93//93 699//658 700//659
f 701//660 93//93 700//659
f 95//95 701//660 702//661
f 96//96 702//661 703//662
f 98//98 704//663 705//664
f 706//665 98//98 705//664
f 99//99 698//657 91//91
f 100//100 684//643 707//666
f 707//666 97//97 100//100
f 699//658 708//667 709//668
f 710//669 699//658 709//668
f 711//670 700//659 710//669
f 712//671 701//660 711//670
f 713//672 702//661 712//671
f 705//664 714//673 715//674
f 716//675 705//664 715//674
f 706//665 708//667 698//657
f 717//676 708//667 716//675
f 707//666 689//648 718//677
f 707//666 714//673 704//663
f 719//678 714//673 718//677
f 710//669 720//679 721//680
f 711//670 721//680 722//681
f 712//671 722//681 723//682
f 713//672 723//682 724//683
f 716//675 725//684 726//685
f 717//676 726//685 727//686
f 717//676 720//679 709//668
f 728//687 720//679 727//686
f 728//687 722//681 721//680
f 729//688 723//682 722//681
f 730//689 724//683 723//682
f 718//677 694//653 732//691
f 719//678 732//691 733//692
f 719//678 725//684 715//674
f 734//693 725//684 733//692
f 735//694 694//653 695//654
f 736//695 732//691 735//694
f 737//696 695//654 697//656
f 727//686 738//697 739//698
f 728//687 739//698 740//699
f 729//688 740//699 741//700
f 730//689 741//700 742//701
f 731//690 742//701 743//702
f 734//693 744//703 745//704
f 734//693 738//697 726//685
f 746//705 738//697 745//704
f 747//706 739//698 746//705
f 748//707 740//699 747//706
f 749//708 741//700 748//707
f 750//709 742//701 749//708
f 736//695 751//710 752//711
f 736//695 744//703 733//692
f 753//712 744//703 752//711
f 754//713 745//704 753//712
f 737//696 751//710 735//694
f 756//715 751//710 755//714
f 756//715 753//712 752//711
f 747//706 758//717 759//718
f 760//719 747//706 759//718
f 761//720 748//707 760//719
f 762//721 749//708 761//720
f 754//713 763//722 764//723
f 754//713 758//717 746//705
f 765//724 758//717 764//723
f 766//725 759//718 765//724
f 767//726 760//719 766//725
f 768//727 761//720 767//726
f 757//716 763//722 753//712
f 770//729 763//722 769//728
f 770//729 765//724 764//723
f 771//730 766//725 765//724
f 772//731 767//726 766//725
f 773//732 768//727 767//726
f 228//218 775//734 776//735
f 229//219 776//735 777//736
f 778//737 229//219 777//736
f 232//222 779//738 780//739
f 233//223 780//739 781//740
f 233//223 775//734 227//217
f 782//741 775//734 781//740
f 783//742 776//735 782//741
f 783//742 778//737 777//736
f 234//224 778//737 784//743
f 785//744 234//224 784//743
f 786//745 235//225 785//744
f 237//227 703//662 787//746
f 237//227 779//738 231//221
f 788//747 779//738 787//746
f 781//740 789//748 790//749
f 782//741 790//749 791//750
f 792//751 782//741 791//750
f 793//752 783//742 792//751
f 794//753 784//743 793//752
f 795//754 785//744 794//753
f 787//746 713//672 796//755
f 788//747 796//755 797//756
f 788//747 789//748 780//739
f 798//757 789//748 797//756
f 799//758 794//753 793//752
f 801//759 794//753 800//758
f 791//750 802//760 803//761
f 792//751 803//761 804//762
f 805//758 792//751 804//762
f 806//763 713//672 724//683
f 807//764 796//755 806//763
f 798//757 807//764 808//765
f 798//757 802//760 790//749
f 809//766 802//760 808//765
f 810//767 803//761 809//766
f 810//767 805//758 804//762
f 799//758 805//758 811//758
f 812//758 799//758 811//758
f 813//768 800//758 812//758
f 731//690 806//763 724//683
f 815//770 806//763 814//769
f 816//771 807//764 815//770
f 809//766 818//773 819//774
f 820//775 809//766 819//774
f 821//776 810//767 820//775
f 812//758 821//776 822//777
f 823//778 812//758 822//777
f 814//769 743//702 824//779
f 815//770 824//779 825//780
f 816//771 825//780 826//781
f 816//771 818//773 808//765
f 827//782 818//773 826//781
f 828//783 821//776 820//775
f 830//785 821//776 829//784
f 830//785 823//778 822//777
f 817//772 823//778 831//786
f 750//709 824//779 743//702
f 833//788 824//779 832//787
f 820//775 835//790 836//791
f 826//781 837//792 838//793
f 827//782 838//793 839//794
f 827//782 835//790 819//774
f 840//795 835//790 839//794
f 828//783 836//791 840//795
f 841//796 828//783 840//795
f 842//797 829//784 841//796
f 843//798 830//785 842//797
f 832//787 762//721 844//799
f 833//788 844//799 845//800
f 833//788 837//792 825//780
f 846//801 837//792 845//800
f 847//802 843//798 842//797
f 834//789 843//798 848//803
f 768//727 844//799 762//721
f 850//805 844//799 849//804
f 851//806 848//803 847//802
f 774//733 849//804 768//727
f 854//808 849//804 853//807
f 839//794 856//809 857//810
f 840//795 857//810 858//811
f 841//796 858//811 859//812
f 860//813 841//796 859//812
f 846//801 861//814 862//815
f 846//801 856//809 838//793
f 863//816 856//809 862//815
f 863//816 858//811 857//810
f 865//818 858//811 864//817
f 866//819 859//812 865//818
f 847//802 860//813 866//819
f 850//805 861//814 845//800
f 868//821 861//814 867//820
f 869//822 866//819 865//818
f 851//806 866//819 870//823
f 871//824 851//806 870//823
f 872//825 850//805 854//808
f 873//826 867//820 872//825
f 874//827 870//823 869//822
f 875//828 871//824 870//823
f 855//806 871//824 876//829
f 863//816 877//830 878//831
f 879//832 863//816 878//831
f 880//833 864//817 879//832
f 868//821 877//830 862//815
f 882//835 877//830 881//834
f 883//836 878//831 882//835
f 883//836 880//833 879//832
f 869//822 880//833 884//837
f 885//838 868//821 873//826
f 886//839 881//834 885//838
f 887//840 882//835 886//839
f 887//840 884//837 883//836
f 874//827 884//837 888//841
f 889//842 874//827 888//841
f 294//277 786//745 890//843
f 891//844 294//277 890//843
f 296//279 891//844 892//845
f 297//280 892//845 893//846
f 298//281 893//846 894//847
f 896//849 298//281 894//847
f 896//849 895//848 897//850
f 300//283 896//849 897//850
f 898//851 300//283 897//850
f 303//286 898//851 899//852
f 900//853 786//745 795//754
f 801//759 900//853 795//754
f 891//844 900//853 901//854
f 892//845 901//854 902//855
f 893//846 902//855 903//856
f 904//857 893//846 903//856
f 905//858 894//847 904//857
f 906//859 905//858 904//857
f 907//860 895//848 905//858
f 909//862 906//859 908//861
f 898//851 907//860 909//862
f 911//864 908//861 910//863
f 899//852 909//862 911//864
f 912//865 801//759 813//768
f 902//855 912//865 913//866
f 914//867 902//855 913//866
f 817//772 912//865 813//768
f 916//869 912//865 915//868
f 917//870 913//866 916//869
f 917//870 903//856 914//867
f 918//871 917//870 916//869
f 906//859 917//870 919//872
f 920//873 919//872 918//871
f 908//861 919//872 921//874
f 922//875 908//861 921//874
f 923//876 817//772 831//786
f 924//877 915//868 923//876
f 834//789 923//876 831//786
f 926//879 923//876 925//878
f 918//871 924//877 926//879
f 927//806 926//879 925//878
f 920//873 926//879 928//880
f 929//881 920//873 928//880
f 930//882 928//880 927//806
f 931//883 929//881 928//880
f 922//875 929//881 932//884
f 933//806 834//789 848//803
f 852//806 933//806 848//803
f 927//806 933//806 934//806
f 855//806 934//806 852//806
f 930//882 934//806 935//806
f 936//885 930//882 935//806
f 937//886 14//14 313//296
f 937//886 688//647 687//646
f 938//887 313//296 314//297
f 315//298 938//887 314//297
f 317//300 939//888 315//298
f 941//890 940//889 939//888
f 942//891 317//300 318//301
f 943//892 688//647 938//887
f 945//894 938//887 939//888
f 945//894 944//893 943//892
f 940//889 945//894 939//888
f 947//896 940//889 942//891
f 948//897 692//651 943//892
f 948//897 697//656 696//655
f 944//893 948//897 943//892
f 950//899 944//893 946//895
f 951//900 946//895 947//896
f 952//901 318//301 408//391
f 953//902 408//391 409//392
f 954//903 409//392 410//393
f 955//904 410//393 411//394
f 956//905 411//394 412//395
f 957//906 412//395 413//396
f 414//397 957//906 413//396
f 959//908 414//397 415//398
f 416//399 959//908 415//398
f 417//400 960//909 416//399
f 418//401 961//910 417//400
f 419//402 962//911 418//401
f 952//901 947//896 942//891
f 966//915 952//901 953//902
f 966//915 965//914 964//913
f 954//903 966//915 953//902
f 968//917 954//903 955//904
f 970//919 955//904 956//905
f 970//919 969//918 968//917
f 957//906 970//919 956//905
f 972//921 957//906 958//907
f 973//922 958//907 959//908
f 960//909 973//922 959//908
f 976//925 960//909 961//910
f 976//925 975//924 974//923
f 962//911 976//925 961//910
f 978//927 962//911 963//912
f 949//898 737//696 697//656
f 950//899 979//928 949//898
f 951//900 980//929 950//899
f 964//913 951//900 947//896
f 982//931 981//930 980//929
f 965//914 982//931 964//913
f 985//934 965//914 967//916
f 985//934 984//933 983//932
f 968//917 985//934 967//916
f 969//918 986//935 968//917
f 992//941 969//918 971//920
f 992//941 988//937 987//936
f 972//921 992//941 971//920
f 994//943 988//937 993//942
f 973//922 993//942 972//921
f 995//944 989//938 994//943
f 995//944 973//922 974//923
f 995//944 991//940 990//939
f 975//924 995//944 974//923
f 997//946 975//924 977//926
f 979//928 755//714 737//696
f 998//947 756//715 755//714
f 999//948 757//716 756//715
f 1001//950 979//928 980//929
f 1001//950 999//948 998//947
f 981//930 1001//950 980//929
f 1003//952 999//948 1002//951
f 1005//954 981//930 983//932
f 1005//954 1003//952 1002//951
f 984//933 1005//954 983//932
f 1006//955 1004//953 1003//952
f 1012//961 984//933 986//935
f 1012//961 1007//956 1006//955
f 987//936 1012//961 986//935
f 1013//962 1008//957 1007//956
f 988//937 1013//962 987//936
f 1014//963 1009//958 1008//957
f 989//938 1014//963 988//937
f 1015//964 1010//959 1009//958
f 990//939 1015//964 989//938
f 1016//965 1011//960 1010//959
f 991//940 1016//965 990//939
f 1018//967 991//940 996//945
f 1000//949 769//728 757//716
f 1019//968 770//729 769//728
f 1021//970 770//729 1020//969
f 1022//971 771//730 1021//970
f 1023//972 772//731 1022//971
f 1024//973 773//732 1023//972
f 1025//974 1000//949 1003//952
f 1025//974 1020//969 1019//968
f 1004//953 1025//974 1003//952
f 1027//976 1020//969 1026//975
f 1028//977 1021//970 1027//976
f 1029//978 1022//971 1028//977
f 1030//979 1023//972 1029//978
f 1031//980 1004//953 1007//956
f 1031//980 1027//976 1026//975
f 1008//957 1031//980 1007//956
f 1032//981 1028//977 1027//976
f 1033//982 1008//957 1009//958
f 1033//982 1029//978 1028//977
f 1034//983 1009//958 1010//959
f 1034//983 1030//979 1029//978
f 1011//960 1034//983 1010//959
f 1036//985 1011//960 1017//966
f 566//536 963//912 419//402
f 567//530 1037//986 566//536
f 1040//530 567//530 568//537
f 1040//530 1039//530 1038//530
f 569//538 1040//530 568//537
f 1042//987 569//538 570//539
f 571//540 1042//987 570//539
f 978//927 1047//992 977//926
f 1037//986 978//927 963//912
f 1049//994 1037//986 1038//530
f 1039//530 1049//994 1038//530
f 1053//998 1039//530 1041//530
f 1042//987 1053//998 1041//530
f 1043//988 1054//999 1042//987
f 1057//1002 1044//989 1045//990
f 1058//1003 1051//996 1057//1002
f 1058//1003 1045//990 1046//991
f 997//946 1059//1004 996//945
f 1047//992 997//946 977//926
f 1062//1007 1047//992 1048//993
f 1049//994 1062//1007 1048//993
f 1050//995 1063//1008 1049//994
f 1069//1014 1051//996 1052//997
f 1070//1015 1050//995 1053//998
f 1070//1015 1065//1010 1064//1009
f 1054//999 1070//1015 1053//998
f 1071//1016 1066//1011 1065//1010
f 1072//1017 1054//999 1055//1000
f 1072//1017 1067//1012 1066//1011
f 1073//1018 1055//1000 1056//1001
f 1074//1019 1067//1012 1073//1018
f 1074//1019 1056//1001 1057//1002
f 1074//1019 1051//996 1068//1013
f 1018//967 1075//1020 1017//966
f 1059//1004 1018//967 996//945
f 1077//1022 1059//1004 1060//1005
f 1084//1026 1060//1005 1062//1007
f 1084//1026 1078//1023 1077//1022
f 1063//1008 1084//1026 1062//1007
f 1086//1028 1063//1008 1064//1009
f 1065//1010 1086//1028 1064//1009
f 1088//1030 1079//1024 1087//1029
f 1088//1030 1065//1010 1066//1011
f 1088//1030 1081//1019 1080//1019
f 1089//1019 1066//1011 1067//1012
f 1089//1019 1082//1019 1081//1019
f 1090//1019 1067//1012 1068//1013
f 1091//1031 1082//1019 1090//1019
f 1091//1031 1068//1013 1069//1014
f 1091//1031 1061//1006 1083//1025
f 1024//973 853//807 774//733
f 1093//1033 853//807 1092//1032
f 1095//1035 1024//973 1030//979
f 1095//1035 1093//1033 1092//1032
f 1097//1037 1030//979 1035//984
f 1098//1038 1095//1035 1097//1037
f 1036//985 1097//1037 1035//984
f 1075//1020 1036//985 1017//966
f 1100//1040 1097//1037 1099//1039
f 1101//1041 1075//1020 1076//1021
f 1101//1041 1100//1040 1099//1039
f 1107//1047 1076//1021 1077//1022
f 1107//1047 1102//1042 1101//1041
f 1078//1023 1107//1047 1077//1022
f 1111//1051 1079//1024 1080//1019
f 1112//1052 1103//1043 1111//1051
f 1112//1052 1080//1019 1081//1019
f 1112//1052 1105//1045 1104//1044
f 1113//1053 1081//1019 1082//1019
f 1113//1053 1106//1046 1105//1045
f 1114//1054 1082//1019 1083//1025
f 1115//1055 1078//1023 1085//1027
f 1115//1055 1109//1049 1108//1048
f 1086//1028 1115//1055 1085//1027
f 1117//1057 1109//1049 1116//1056
f 1117//1057 1086//1028 1087//1029
f 1117//1057 1079//1024 1110//1050
f 1118//1058 854//808 1093//1033
f 1118//1058 873//826 872//825
f 1123//1063 876//829 875//828
f 1094//1034 876//829 1124//1064
f 1096//1036 1118//1058 1093//1033
f 1126//1066 1118//1058 1125//1065
f 1126//1066 1120//1060 1119//1059
f 1128//1068 1120//1060 1127//1067
f 1129//1069 1121//1061 1128//1068
f 1130//1070 1122//1062 1129//1069
f 1131//1071 1123//1063 1130//1070
f 1098//1038 1125//1065 1096//1036
f 1133//1073 1125//1065 1132//1072
f 1134//1074 1126//1066 1133//1073
f 1134//1074 1128//1068 1127//1067
f 1135//1075 1129//1069 1128//1068
f 1136//1076 1130//1070 1129//1069
f 1137//1077 1131//1071 1130//1070
f 1139//1079 1098//1038 1100//1040
f 1140//1080 1132//1072 1139//1079
f 1141//1081 1133//1073 1140//1080
f 1141//1081 1135//1075 1134//1074
f 1142//1082 1136//1076 1135//1075
f 1143//1083 1137//1077 1136//1076
f 1144//1084 1138//1078 1137//1077
f 1146//1086 1100//1040 1102//1042
f 1147//1087 1139//1079 1146//1086
f 1147//1087 1141//1081 1140//1080
f 1148//1088 1142//1082 1141//1081
f 1150//1090 1142//1082 1149//1089
f 1150//1090 1103//1043 1104//1044
f 1151//1091 1143//1083 1150//1090
f 1105//1045 1150//1090 1104//1044
f 1152//1092 1144//1084 1151//1091
f 1106//1046 1151//1091 1105//1045
f 1153//1093 1102//1042 1108//1048
f 1153//1093 1147//1087 1146//1086
f 1109//1049 1153//1093 1108//1048
f 1155//1095 1147//1087 1154//1094
f 1155//1095 1109//1049 1110//1050
f 1156//1096 1148//1088 1155//1095
f 1156//1096 1110//1050 1111//1051
f 1156//1096 1103//1043 1149//1089
f 1157//1097 873//826 1119//1059
f 1157//1097 886//839 885//838
f 1120//1060 1157//1097 1119//1059
f 1159//1099 886//839 1158//1098
f 1121//1061 1158//1098 1120//1060
f 1160//1100 887//840 1159//1099
f 1122//1062 1159//1099 1121//1061
f 1160//1100 889//842 888//841
f 1161//1101 1122//1062 1123//1063
f 1123//1063 889//842 1161//1101
f 1162//1102 303//286 899//852
f 1163//864 652//611 1162//1102
f 1164//1103 653//612 1163//864
f 1166//1105 655//614 656//615
f 1166//1105 654//613 1164//1103
f 1168//1106 655//614 1165//1104
f 1171//619 1167//619 1170//619
f 1171//619 659//618 660//619
f 1171//619 657//616 1168//1106
f 1173//619 1169//1107 1172//1108
f 1173//619 661//620 662//621
f 1173//619 659//618 1170//619
f 1174//1109 572//541 663//622
f 1174//1109 661//620 1172//1108
f 1176//864 910//863 1175//1110
f 1162//1102 911//864 1176//864
f 1178//864 1175//1110 1177//864
f 1163//864 1176//864 1178//864
f 1180//1112 1177//864 1179//1111
f 1164//1103 1178//864 1180//1112
f 1182//1114 1179//1111 1181//1113
f 1182//1114 1165//1104 1166//1105
f 1182//1114 1164//1103 1180//1112
f 1184//1115 1167//619 1168//1106
f 1184//1115 1165//1104 1181//1113
f 1186//619 1169//1107 1170//619
f 1186//619 1167//619 1183//619
f 1187//1117 1169//1107 1185//1116
f 1188//1118 1052//997 1058//1003
f 1174//1109 1058//1003 1046//991
f 1188//1118 1172//1108 1187//1117
f 1175//1110 922//875 1189//1119
f 1177//864 1189//1119 1190//1120
f 1179//1111 1190//1120 1191//1121
f 1192//1122 1179//1111 1191//1121
f 1184//1115 1193//1123 1183//619
f 1184//1115 1192//1122 1194//1124
f 1196//1126 1185//1116 1186//619
f 1196//1126 1183//619 1193//1123
f 1197//1127 1061//1006 1069//1014
f 1197//1127 1052//997 1187//1117
f 1197//1127 1185//1116 1195//1125
f 1198//1128 932//884 931//883
f 1189//1119 932//884 1199//1129
f 1200//1130 1199//1129 1198//1128
f 1190//1120 1199//1129 1201//1131
f 1202//1132 1190//1120 1201//1131
f 1192//1122 1202//1132 1204//1134
f 1207//1137 1203//1133 1206//1136
f 1207//1137 1193//1123 1194//1124
f 1207//1137 1192//1122 1204//1134
f 1208//1138 1061//1006 1195//1125
f 1209//1139 1205//1135 1208//1138
f 1209//1139 1195//1125 1196//1126
f 1209//1139 1193//1123 1206//1136
f 1094//1034 935//806 855//806
f 1210//806 936//885 935//806
f 1198//1128 936//885 1211//1140
f 1212//1141 1211//1140 1210//806
f 1200//1130 1211//1140 1213//1142
f 1214//1143 1200//1130 1213//1142
f 1215//1144 1214//1143 1213//1142
f 1202//1132 1214//1143 1216//1145
f 1218//1147 1215//1144 1217//1146
f 1218//1147 1203//1133 1204//1134
f 1218//1147 1202//1132 1216//1145
f 1220//1149 1205//1135 1206//1136
f 1220//1149 1203//1133 1217//1146
f 1221//1150 1106//1046 1114//1054
f 1221//1150 1083//1025 1208//1138
f 1221//1150 1205//1135 1219//1148
f 1222//1151 1094//1034 1124//1064
f 1131//1071 1222//1151 1124//1064
f 1212//1141 1222//1151 1223//1152
f 1224//1153 1212//1141 1223//1152
f 1138//1078 1223//1152 1131//1071
f 1225//1154 1224//1153 1223//1152
f 1215//1144 1224//1153 1226//1155
f 1145//1085 1225//1154 1138//1078
f 1227//1156 1226//1155 1225//1154
f 1228//1157 1215//1144 1226//1155
f 1229//1158 1145//1085 1152//1092
f 1229//1158 1106//1046 1219//1148
f 1230//1159 1227//1156 1229//1158
f 1220//1149 1229//1158 1219//1148
f 1220//1149 1228//1157 1230//1159
f 1231//1160 571//540 677//636
f 1232//1161 677//636 678//637
f 1233//1162 1044//989 1232//1161
f 1233//1162 678//637 679//638
f 1234//1163 1045//990 1233//1162
f 680//639 1233//1162 679//638
f 1234//1163 572//541 1046//991
f 1235//1164 1043//988 1231//1160
f 1236//1165 1055//1000 1235//1164
f 1236//1165 1231//1160 1232//1161
f 1236//1165 1044//989 1056//1001
f 7//7 5//5 1//1
f 9//9 8//8 6//6
f 9//9 4//4 3//3
f 9//9 7//7 2//2
f 13//13 12//12 10//10
f 13//13 7//7 6//6
f 13//13 11//11 5//5
f 15//15 12//12 6//6
f 21//21 19//19 16//16
f 23//23 22//22 20//20
f 23//23 21//21 17//17
f 32//32 31//31 25//25
f 33//33 32//32 26//26
f 33//33 27//27 28//28
f 35//35 34//34 28//28
f 35//35 21//21 20//20
f 35//35 29//29 19//19
f 37//37 36//36 30//30
f 37//37 31//31 32//32
f 38//38 32//32 33//33
f 40//40 39//39 33//33
f 40//40 34//34 20//20
f 49//49 48//48 41//41
f 50//50 49//49 42//42
f 50//50 26//26 25//25
f 51//51 50//50 43//43
f 27//27 26//26 50//50
f 52//52 51//51 44//44
f 28//28 27//27 51//51
f 53//53 52//52 45//45
f 53//53 29//29 28//28
f 53//53 46//46 24//24
f 56//56 55//55 47//47
f 57//57 56//56 48//48
f 57//57 31//31 30//30
f 57//57 49//49 25//25
f 59//59 58//58 54//54
f 59//59 55//55 56//56
f 60//60 56//56 30//30
f 68//68 42//42 41//41
f 69//69 68//68 61//61
f 69//69 43//43 42//42
f 69//69 62//62 63//63
f 70//70 44//44 43//43
f 70//70 63//63 64//64
f 71//71 45//45 44//44
f 71//71 64//64 65//65
f 72//72 46//46 45//45
f 75//75 74//74 66//66
f 75//75 48//48 47//47
f 75//75 67//67 41//41
f 76//76 2//2 1//1
f 77//77 76//76 73//73
f 77//77 55//55 54//54
f 77//77 74//74 47//47
f 78//78 4//4 2//2
f 78//78 76//76 54//54
f 81//81 62//62 61//61
f 82//82 63//63 62//62
f 83//83 64//64 63//63
f 84//84 65//65 64//64
f 87//87 67//67 66//66
f 88//88 87//87 79//79
f 88//88 68//68 67//67
f 88//88 80//80 61//61
f 89//89 73//73 1//1
f 90//90 89//89 85//85
f 90//90 74//74 73//73
f 90//90 86//86 66//66
f 92//92 80//80 79//79
f 81//81 80//80 92//92
f 82//82 81//81 93//93
f 83//83 82//82 94//94
f 84//84 83//83 95//95
f 98//98 86//86 85//85
f 87//87 86//86 98//98
f 99//99 91//91 79//79
f 100//100 89//89 5//5
f 100//100 97//97 85//85
f 110//110 109//109 101//101
f 112//112 111//111 103//103
f 113//113 112//112 104//104
f 114//114 113//113 105//105
f 115//115 114//114 106//106
f 116//116 115//115 107//107
f 117//117 116//116 108//108
f 117//117 109//109 110//110
f 120//120 119//119 111//111
f 120//120 112//112 113//113
f 121//121 113//113 114//114
f 122//122 114//114 115//115
f 123//123 115//115 116//116
f 124//124 116//116 117//117
f 126//126 125//125 117//117
f 134//134 133//133 127//127
f 134//134 102//102 101//101
f 136//136 104//104 103//103
f 105//105 104//104 136//136
f 138//138 137//137 129//129
f 138//138 106//106 105//105
f 138//138 130//130 131//131
f 107//107 106//106 138//138
f 140//140 139//139 131//131
f 108//108 107//107 139//139
f 141//141 140//140 132//132
f 141//141 109//109 108//108
f 141//141 133//133 101//101
f 142//142 17//17 16//16
f 142//142 135//135 103//103
f 144//144 18//18 17//17
f 119//119 144//144 142//142
f 126//126 118//118 143//143
f 128//128 127//127 149//149
f 154//146 130//130 129//129
f 155//146 154//146 146//146
f 155//146 131//131 130//130
f 155//146 147//147 148//148
f 156//153 132//132 131//131
f 157//154 156//153 148//148
f 157//154 133//133 132//132
f 157//154 149//149 127//127
f 158//155 134//134 128//128
f 159//156 135//135 16//16
f 160//157 159//156 151//151
f 160//157 136//136 135//135
f 161//158 160//157 152//152
f 161//158 137//137 136//136
f 161//158 153//146 129//129
f 169//165 147//147 146//146
f 170//166 169//165 162//159
f 170//166 148//148 147//147
f 170//166 163//160 164//161
f 171//167 149//149 148//148
f 172//168 150//150 149//149
f 174//170 173//169 165//162
f 174//170 152//152 151//151
f 174//170 166//163 167//164
f 175//171 153//146 152//152
f 176//146 175//171 167//164
f 176//146 154//146 153//146
f 176//146 168//146 146//146
f 177//172 29//29 24//24
f 177//172 159//156 19//19
f 177//172 173//169 151//151
f 182//177 163//160 162//159
f 164//161 163//160 182//177
f 185//180 166//163 165//162
f 186//181 185//180 178//173
f 186//181 167//164 166//163
f 186//181 179//174 180//175
f 187//146 168//146 167//164
f 188//182 187//146 180//175
f 188//182 169//165 168//146
f 188//182 181//176 162//159
f 189//183 171//167 164//161
f 172//168 171//167 189//183
f 191//185 173//169 24//24
f 191//185 184//179 165//162
f 197//191 179//174 178//173
f 198//192 197//191 192//186
f 198//192 180//175 179//174
f 199//193 198//192 193//187
f 181//176 180//175 198//192
f 199//193 194//188 195//189
f 182//177 181//176 199//193
f 201//195 183//178 182//177
f 204//197 185//180 184//179
f 204//197 196//190 178//173
f 205//184 189//183 183//178
f 205//184 201//195 202//184
f 190//184 189//183 205//184
f 207//198 72//72 65//65
f 191//185 46//46 72//72
f 207//198 203//196 184//179
f 212//203 211//202 208//199
f 212//203 193//187 192//186
f 213//204 194//188 193//187
f 195//189 194//188 213//204
f 217//208 216//207 210//201
f 217//208 197//191 196//190
f 217//208 211//202 192//186
f 218//209 200//194 195//189
f 219//210 201//195 200//194
f 202//184 201//195 219//210
f 221//212 203//196 65//65
f 222//213 221//212 215//206
f 222//213 204//197 203//196
f 222//213 216//207 196//190
f 223//184 206//184 202//184
f 209//200 208//199 224//214
f 211//202 210//201 226//216
f 227//217 224//214 208//199
f 228//218 225//215 224//214
f 228//218 212//203 209//200
f 229//219 213//204 212//203
f 214//205 213//204 229//219
f 232//222 216//207 215//206
f 232//222 226//216 210//201
f 233//223 227//217 226//216
f 218//209 214//205 230//220
f 219//210 218//209 234//224
f 220//211 219//210 235//225
f 237//227 221//212 84//84
f 237//227 231//221 215//206
f 238//184 223//184 220//211
f 240//229 110//110 102//102
f 241//230 118//118 110//110
f 242//231 239//228 102//102
f 240//229 239//228 242//231
f 241//230 245//234 143//143
f 241//230 240//229 243//232
f 245//234 243//232 244//233
f 247//236 145//145 143//143
f 247//236 245//234 246//235
f 158//155 150//150 249//238
f 242//231 134//134 158//155
f 252//241 243//232 242//231
f 252//241 250//239 251//240
f 244//233 243//232 252//241
f 254//243 246//235 244//233
f 256//245 248//237 246//235
f 256//245 254//243 255//244
f 249//238 150//150 172//168
f 259//248 250//239 249//238
f 251//240 250//239 259//248
f 261//250 253//242 251//240
f 254//243 253//242 261//250
f 255//244 254//243 262//251
f 264//253 257//246 255//244
f 258//247 172//168 190//184
f 267//256 259//248 258//247
f 267//256 265//254 266//255
f 260//249 259//248 267//256
f 269//258 261//250 260//249
f 271//259 262//251 261//250
f 271//259 269//258 270//259
f 263//252 262//251 271//259
f 264//253 263//252 272//260
f 275//262 265//254 190//184
f 266//255 265//254 275//262
f 277//264 268//257 266//255
f 279//266 269//258 268//257
f 279//266 277//264 278//265
f 270//259 269//258 279//266
f 281//259 272//260 270//259
f 283//259 273//261 272//260
f 283//259 281//259 282//267
f 274//259 273//261 283//259
f 275//262 206//184 223//184
f 276//263 275//262 285//269
f 288//272 277//264 276//263
f 288//272 286//270 287//271
f 278//265 277//264 288//272
f 290//274 280//259 278//265
f 281//259 280//259 290//274
f 282//267 281//259 291//259
f 293//276 284//268 282//267
f 238//184 236//226 294//277
f 285//269 223//184 238//184
f 296//279 286//270 285//269
f 287//271 286//270 296//279
f 298//281 289//273 287//271
f 290//274 289//273 298//281
f 301//284 291//259 290//274
f 301//284 299//282 300//283
f 292//275 291//259 301//284
f 303//286 293//276 292//275
f 304//287 3//3 4//4
f 304//287 308//291 8//8
f 309//292 308//291 304//287
f 310//293 308//291 309//292
f 306//289 311//294 309//292
f 307//290 312//295 311//294
f 313//296 14//14 15//15
f 308//291 314//297 15//15
f 310//293 315//298 314//297
f 316//299 315//298 310//293
f 317//300 315//298 316//299
f 312//295 318//301 316//299
f 321//304 22//22 23//23
f 319//302 322//305 23//23
f 323//306 321//304 322//305
f 320//303 324//307 322//305
f 325//308 323//306 324//307
f 329//312 36//36 37//37
f 331//314 330//313 37//37
f 332//315 331//314 38//38
f 333//316 332//315 39//39
f 321//304 333//316 40//40
f 334//317 329//312 330//313
f 336//319 335//318 330//313
f 337//320 336//319 331//314
f 337//320 332//315 333//316
f 338//321 333//316 321//304
f 339//322 335//318 336//319
f 340//323 336//319 337//320
f 341//324 337//320 338//321
f 325//308 342//325 338//321
f 343//326 342//325 325//308
f 344//327 342//325 343//326
f 327//310 345//328 343//326
f 346//329 344//327 345//328
f 328//311 347//330 345//328
f 348//331 346//329 347//330
f 351//334 58//58 59//59
f 352//335 59//59 60//60
f 353//336 60//60 36//36
f 354//337 351//334 352//335
f 356//339 355//338 352//335
f 334//317 356//339 353//336
f 357//340 356//339 334//317
f 358//341 355//338 356//339
f 359//342 356//339 357//340
f 339//322 360//343 357//340
f 361//344 360//343 339//322
f 341//324 362//345 361//344
f 363//346 362//345 341//324
f 364//347 359//342 360//343
f 365//348 360//343 361//344
f 366//349 361//344 362//345
f 367//350 362//345 363//346
f 344//327 368//351 363//346
f 369//352 367//350 368//351
f 346//329 370//353 368//351
f 348//331 371//354 370//353
f 372//355 371//354 348//331
f 373//356 371//354 372//355
f 350//333 374//357 372//355
f 305//288 4//4 78//78
f 375//358 78//78 58//58
f 306//289 305//288 375//358
f 354//337 376//359 375//358
f 377//360 376//359 354//337
f 307//290 306//289 376//359
f 378//361 376//359 377//360
f 358//341 379//362 377//360
f 380//363 379//362 358//341
f 381//364 379//362 380//363
f 364//347 382//365 380//363
f 383//366 382//365 364//347
f 384//367 383//366 365//348
f 385//368 384//367 366//349
f 386//369 383//366 384//367
f 387//370 384//367 385//368
f 369//352 388//371 385//368
f 389//372 388//371 369//352
f 371//354 390//373 389//372
f 373//356 391//374 390//373
f 392//375 391//374 373//356
f 393//376 312//295 307//290
f 394//377 393//376 378//361
f 395//378 393//376 394//377
f 381//364 396//379 394//377
f 397//380 396//379 381//364
f 398//381 397//380 382//365
f 399//382 397//380 398//381
f 386//369 400//383 398//381
f 401//384 400//383 386//369
f 402//385 401//384 387//370
f 389//372 403//386 402//385
f 390//373 404//387 403//386
f 406//389 404//387 390//373
f 406//389 407//390 405//388
f 392//375 407//390 406//389
f 408//391 318//301 312//295
f 395//378 409//392 408//391
f 410//393 409//392 395//378
f 397//380 411//394 410//393
f 399//382 412//395 411//394
f 413//396 412//395 399//382
f 401//384 414//397 413//396
f 402//385 415//398 414//397
f 403//386 416//399 415//398
f 417//400 416//399 403//386
f 405//388 418//401 417//400
f 419//402 418//401 405//388
f 424//407 420//403 421//404
f 426//409 425//408 421//404
f 426//409 422//405 423//406
f 428//411 425//408 426//409
f 430//413 429//412 426//409
f 431//414 119//119 120//120
f 433//416 432//415 120//120
f 433//416 121//121 122//122
f 434//417 122//122 123//123
f 435//418 123//123 124//124
f 436//419 124//124 125//125
f 438//421 437//420 125//125
f 439//422 432//415 433//416
f 440//423 433//416 434//417
f 441//424 434//417 435//418
f 442//425 435//418 436//419
f 444//427 443//426 436//419
f 445//428 444//427 437//420
f 446//429 439//422 440//423
f 447//430 440//423 441//424
f 449//432 448//431 441//424
f 449//432 421//404 420//403
f 450//433 449//432 442//425
f 422//405 421//404 449//432
f 450//433 443//426 444//427
f 423//406 422//405 450//433
f 452//435 451//434 444//427
f 453//436 447//430 448//431
f 424//407 454//437 448//431
f 455//438 454//437 424//407
f 456//439 427//410 423//406
f 456//439 451//434 452//435
f 458//441 453//436 454//437
f 459//442 454//437 455//438
f 428//411 460//443 455//438
f 461//444 460//443 428//411
f 430//413 462//445 461//444
f 430//413 427//410 456//439
f 463//446 462//445 456//439
f 464//447 459//442 460//443
f 465//448 460//443 461//444
f 467//450 466//449 461//444
f 319//302 18//18 144//144
f 431//414 468//451 144//144
f 469//452 468//451 431//414
f 470//453 438//421 126//126
f 320//303 319//302 468//451
f 471//454 468//451 469//452
f 439//422 472//455 469//452
f 473//456 445//428 438//421
f 474//457 471//454 472//455
f 446//429 475//457 472//455
f 476//458 475//457 446//429
f 477//459 452//435 445//428
f 478//457 474//457 475//457
f 479//457 475//457 476//458
f 453//436 480//460 476//458
f 481//461 457//440 452//435
f 482//462 479//457 480//460
f 458//441 483//463 480//460
f 484//464 483//463 458//441
f 463//446 486//466 485//465
f 463//446 457//440 481//461
f 488//468 487//467 482//462
f 488//468 483//463 484//464
f 464//447 489//469 484//464
f 490//470 489//469 464//447
f 466//449 491//471 490//470
f 467//450 492//472 491//471
f 467//450 462//445 485//465
f 493//473 492//472 485//465
f 495//475 494//474 491//471
f 496//476 324//307 320//303
f 326//309 324//307 496//476
f 474//457 497//477 496//476
f 327//310 326//309 497//477
f 478//457 498//457 497//477
f 499//457 498//457 478//457
f 328//311 327//310 498//457
f 500//478 498//457 499//457
f 482//462 501//479 499//457
f 503//481 500//478 501//479
f 487//467 504//482 501//479
f 505//483 504//482 487//467
f 506//484 505//483 488//468
f 490//470 507//485 506//484
f 508//486 507//485 490//470
f 493//473 510//488 509//487
f 493//473 486//466 502//480
f 511//489 505//483 506//484
f 513//491 512//490 506//484
f 513//491 507//485 508//486
f 494//474 514//492 508//486
f 495//475 515//493 514//492
f 495//475 492//472 509//487
f 516//494 515//493 509//487
f 517//495 347//330 328//311
f 349//332 347//330 517//495
f 503//481 518//496 517//495
f 519//497 518//496 503//481
f 520//498 519//497 504//482
f 350//333 349//332 518//496
f 522//499 518//496 519//497
f 523//500 519//497 520//498
f 511//489 524//501 520//498
f 525//490 524//501 511//489
f 526//502 525//490 512//490
f 527//503 526//502 513//491
f 515//493 528//504 527//503
f 516//494 529//505 528//504
f 516//494 510//488 521//488
f 530//506 526//502 527//503
f 532//508 531//507 527//503
f 534//509 374//357 350//333
f 523//500 535//510 534//509
f 536//490 535//510 523//500
f 525//490 537//490 536//490
f 538//490 537//490 525//490
f 529//505 540//512 539//511
f 529//505 521//488 533//488
f 541//513 535//510 536//490
f 543//515 542//514 536//490
f 543//515 537//490 538//490
f 530//506 544//490 538//490
f 545//516 544//490 530//506
f 532//508 546//517 545//516
f 532//508 528//504 539//511
f 547//518 546//517 539//511
f 534//509 548//519 392//375
f 549//520 548//519 534//509
f 551//521 548//519 549//520
f 541//513 552//522 549//520
f 553//523 552//522 541//513
f 543//515 554//524 553//523
f 555//525 554//524 543//515
f 545//516 556//526 555//525
f 557//527 556//526 545//516
f 547//518 558//528 557//527
f 547//518 540//512 550//488
f 559//529 407//390 392//375
f 561//531 559//529 548//519
f 561//531 562//532 560//530
f 552//522 562//532 561//531
f 553//523 563//533 562//532
f 564//534 563//533 553//523
f 559//529 566//536 419//402
f 560//530 567//530 566//536
f 568//537 567//530 560//530
f 563//533 569//538 568//537
f 564//534 570//539 569//538
f 470//453 145//145 247//236
f 573//542 247//236 248//237
f 473//456 470//453 573//542
f 576//542 575//542 573//542
f 577//543 477//459 473//456
f 578//544 481//461 477//459
f 579//545 486//466 481//461
f 580//546 574//542 248//237
f 581//547 580//546 256//245
f 576//542 583//542 582//542
f 576//542 574//542 580//546
f 584//548 583//542 580//546
f 577//543 575//542 582//542
f 586//550 585//549 582//542
f 586//550 583//542 584//548
f 588//552 578//544 577//543
f 588//552 585//549 586//550
f 590//554 589//553 586//550
f 579//545 591//555 502//480
f 579//545 578//544 588//552
f 592//556 591//555 588//552
f 593//557 510//488 502//480
f 581//547 257//246 264//253
f 596//560 584//548 581//547
f 596//560 594//558 595//559
f 598//562 587//551 584//548
f 598//562 596//560 597//561
f 590//554 601//565 600//564
f 590//554 587//551 598//562
f 602//566 601//565 598//562
f 592//556 604//568 603//567
f 592//556 589//553 600//564
f 605//569 604//568 600//564
f 593//557 606//488 521//488
f 593//557 591//555 603//567
f 607//488 606//488 603//567
f 608//570 594//558 264//253
f 608//570 273//261 274//259
f 595//559 594//558 608//570
f 610//572 597//561 595//559
f 612//574 599//563 597//561
f 612//574 610//572 611//573
f 602//566 615//577 614//576
f 602//566 599//563 612//574
f 616//578 615//577 612//574
f 605//569 618//579 617//488
f 605//569 601//565 614//576
f 619//580 618//579 614//576
f 606//488 620//488 533//488
f 607//488 621//581 620//488
f 607//488 604//568 617//488
f 622//582 621//581 617//488
f 623//488 540//512 533//488
f 624//583 609//571 274//259
f 610//572 609//571 624//583
f 611//573 610//572 625//584
f 627//586 613//575 611//573
f 616//578 629//588 628//587
f 629//588 616//578 613//575
f 619//580 631//590 630//589
f 619//580 615//577 628//587
f 621//581 633//592 632//591
f 622//582 634//593 633//592
f 622//582 618//579 630//589
f 623//488 635//594 550//488
f 623//488 620//488 632//591
f 636//595 635//594 632//591
f 637//596 558//528 550//488
f 624//583 284//268 293//276
f 625//584 624//583 638//597
f 640//599 626//585 625//584
f 641//600 642//601 640//599
f 627//586 626//585 640//599
f 644//603 642//601 641//600
f 644//603 643//602 628//587
f 644//603 629//588 627//586
f 631//590 646//605 645//604
f 646//605 631//590 628//587
f 634//593 648//607 647//606
f 648//607 634//593 630//589
f 636//595 650//609 649//608
f 636//595 633//592 647//606
f 637//596 651//610 565//535
f 637//596 635//594 649//608
f 652//611 638//597 293//276
f 653//612 639//598 638//597
f 641//600 639//598 653//612
f 643//602 641//600 654//613
f 658//617 656//615 655//614
f 658//617 657//616 645//604
f 658//617 646//605 643//602
f 648//607 660//619 659//618
f 660//619 648//607 645//604
f 650//609 662//621 661//620
f 662//621 650//609 647//606
f 651//610 663//622 572//541
f 663//622 651//610 649//608
f 664//623 554//524 555//525
f 666//625 665//624 555//525
f 666//625 556//526 557//527
f 668//627 667//626 557//527
f 664//623 669//628 564//534
f 670//629 669//628 664//623
f 666//625 671//630 670//629
f 667//626 672//631 671//630
f 673//632 672//631 667//626
f 668//627 558//528 565//535
f 674//633 671//630 672//631
f 676//635 570//539 564//534
f 676//635 677//636 571//540
f 670//629 677//636 676//635
f 678//637 677//636 670//629
f 680//639 679//638 672//631
f 680//639 673//632 565//535
f 674//633 681//640 678//637
f 681//640 682//641 679//638
f 682//641 681//640 674//633
f 675//634 672//631 679//638
f 11//11 10//10 683//642
f 12//12 685//644 683//642
f 686//645 684//643 683//642
f 15//15 14//14 687//646
f 15//15 688//647 685//644
f 686//645 685//644 690//649
f 686//645 691//650 689//648
f 688//647 692//651 690//649
f 693//652 691//650 690//649
f 691//650 695//654 694//653
f 693//652 692//651 696//655
f 693//652 697//656 695//654
f 92//92 91//91 698//657
f 93//93 92//92 699//658
f 701//660 94//94 93//93
f 95//95 94//94 701//660
f 96//96 95//95 702//661
f 98//98 97//97 704//663
f 706//665 99//99 98//98
f 99//99 706//665 698//657
f 100//100 11//11 684//643
f 707//666 704//663 97//97
f 699//658 698//657 708//667
f 710//669 700//659 699//658
f 711//670 701//660 700//659
f 712//671 702//661 701//660
f 713//672 703//662 702//661
f 705//664 704//663 714//673
f 716//675 706//665 705//664
f 706//665 716//675 708//667
f 717//676 709//668 708//667
f 707//666 684//643 689//648
f 707//666 718//677 714//673
f 719//678 715//674 714//673
f 710//669 709//668 720//679
f 711//670 710//669 721//680
f 712//671 711//670 722//681
f 713//672 712//671 723//682
f 716//675 715//674 725//684
f 717//676 716//675 726//685
f 717//676 727//686 720//679
f 728//687 721//680 720//679
f 728//687 729//688 722//681
f 729//688 730//689 723//682
f 730//689 731//690 724//683
f 718//677 689//648 694//653
f 719//678 718//677 732//691
f 719//678 733//692 725//684
f 734//693 726//685 725//684
f 735//694 732//691 694//653
f 736//695 733//692 732//691
f 737//696 735//694 695//654
f 727//686 726//685 738//697
f 728//687 727//686 739//698
f 729//688 728//687 740//699
f 730//689 729//688 741//700
f 731//690 730//689 742//701
f 734//693 733//692 744//703
f 734//693 745//704 738//697
f 746//705 739//698 738//697
f 747//706 740//699 739//698
f 748//707 741//700 740//699
f 749//708 742//701 741//700
f 750//709 743//702 742//701
f 736//695 735//694 751//710
f 736//695 752//711 744//703
f 753//712 745//704 744//703
f 754//713 746//705 745//704
f 737//696 755//714 751//710
f 756//715 752//711 751//710
f 756//715 757//716 753//712
f 747//706 746//705 758//717
f 760//719 748//707 747//706
f 761//720 749//708 748//707
f 762//721 750//709 749//708
f 754//713 753//712 763//722
f 754//713 764//723 758//717
f 765//724 759//718 758//717
f 766//725 760//719 759//718
f 767//726 761//720 760//719
f 768//727 762//721 761//720
f 757//716 769//728 763//722
f 770//729 764//723 763//722
f 770//729 771//730 765//724
f 771//730 772//731 766//725
f 772//731 773//732 767//726
f 773//732 774//733 768//727
f 228//218 227//217 775//734
f 229//219 228//218 776//735
f 778//737 230//220 229//219
f 232//222 231//221 779//738
f 233//223 232//222 780//739
f 233//223 781//740 775//734
f 782//741 776//735 775//734
f 783//742 777//736 776//735
f 783//742 784//743 778//737
f 234//224 230//220 778//737
f 785//744 235//225 234//224
f 786//745 236//226 235//225
f 237//227 96//96 703//662
f 237//227 787//746 779//738
f 788//747 780//739 779//738
f 781//740 780//739 789//748
f 782//741 781//740 790//749
f 792//751 783//742 782//741
f 793//752 784//743 783//742
f 794//753 785//744 784//743
f 795//754 786//745 785//744
f 787//746 703//662 713//672
f 788//747 787//746 796//755
f 788//747 797//756 789//748
f 798//757 790//749 789//748
f 799//758 800//758 794//753
f 801//759 795//754 794//753
f 791//750 790//749 802//760
f 792//751 791//750 803//761
f 805//758 793//752 792//751
f 806//763 796//755 713//672
f 807//764 797//756 796//755
f 798//757 797//756 807//764
f 798//757 808//765 802//760
f 809//766 803//761 802//760
f 810//767 804//762 803//761
f 810//767 811//758 805//758
f 799//758 793//752 805//758
f 812//758 800//758 799//758
f 813//768 801//759 800//758
f 731//690 814//769 806//763
f 815//770 807//764 806//763
f 816//771 808//765 807//764
f 809//766 808//765 818//773
f 820//775 810//767 809//766
f 821//776 811//758 810//767
f 812//758 811//758 821//776
f 823//778 813//768 812//758
f 814//769 731//690 743//702
f 815//770 814//769 824//779
f 816//771 815//770 825//780
f 816//771 826//781 818//773
f 827//782 819//774 818//773
f 828//783 829//784 821//776
f 830//785 822//777 821//776
f 830//785 831//786 823//778
f 817//772 813//768 823//778
f 750//709 832//787 824//779
f 833//788 825//780 824//779
f 820//775 819//774 835//790
f 826//781 825//780 837//792
f 827//782 826//781 838//793
f 827//782 839//794 835//790
f 840//795 836//791 835//790
f 828//783 820//775 836//791
f 841//796 829//784 828//783
f 842//797 830//785 829//784
f 843//798 831//786 830//785
f 832//787 750//709 762//721
f 833//788 832//787 844//799
f 833//788 845//800 837//792
f 846//801 838//793 837//792
f 847//802 848//803 843//798
f 834//789 831//786 843//798
f 768//727 849//804 844//799
f 850//805 845//800 844//799
f 851//806 852//806 848//803
f 774//733 853//807 849//804
f 854//808 850//805 849//804
f 839//794 838//793 856//809
f 840//795 839//794 857//810
f 841//796 840//795 858//811
f 860//813 842//797 841//796
f 846//801 845//800 861//814
f 846//801 862//815 856//809
f 863//816 857//810 856//809
f 863//816 864//817 858//811
f 865//818 859//812 858//811
f 866//819 860//813 859//812
f 847//802 842//797 860//813
f 850//805 867//820 861//814
f 868//821 862//815 861//814
f 869//822 870//823 866//819
f 851//806 847//802 866//819
f 871//824 852//806 851//806
f 872//825 867//820 850//805
f 873//826 868//821 867//820
f 874//827 875//828 870//823
f 875//828 876//829 871//824
f 855//806 852//806 871//824
f 863//816 862//815 877//830
f 879//832 864//817 863//816
f 880//833 865//818 864//817
f 868//821 881//834 877//830
f 882//835 878//831 877//830
f 883//836 879//832 878//831
f 883//836 884//837 880//833
f 869//822 865//818 880//833
f 885//838 881//834 868//821
f 886//839 882//835 881//834
f 887//840 883//836 882//835
f 887//840 888//841 884//837
f 874//827 869//822 884//837
f 889//842 875//828 874//827
f 294//277 236//226 786//745
f 891//844 295//278 294//277
f 296//279 295//278 891//844
f 297//280 296//279 892//845
f 298//281 297//280 893//846
f 896//849 299//282 298//281
f 896//849 894//847 895//848
f 300//283 299//282 896//849
f 898//851 302//285 300//283
f 303//286 302//285 898//851
f 900//853 890//843 786//745
f 801//759 901//854 900//853
f 891//844 890//843 900//853
f 892//845 891//844 901//854
f 893//846 892//845 902//855
f 904//857 894//847 893//846
f 905//858 895//848 894//847
f 906//859 907//860 905//858
f 907//860 897//850 895//848
f 909//862 907//860 906//859
f 898//851 897//850 907//860
f 911//864 909//862 908//861
f 899//852 898//851 909//862
f 912//865 901//854 801//759
f 902//855 901//854 912//865
f 914//867 903//856 902//855
f 817//772 915//868 912//865
f 916//869 913//866 912//865
f 917//870 914//867 913//866
f 917//870 904//857 903//856
f 918//871 919//872 917//870
f 906//859 904//857 917//870
f 920//873 921//874 919//872
f 908//861 906//859 919//872
f 922//875 910//863 908//861
f 923//876 915//868 817//772
f 924//877 916//869 915//868
f 834//789 925//878 923//876
f 926//879 924//877 923//876
f 918//871 916//869 924//877
f 927//806 928//880 926//879
f 920//873 918//871 926//879
f 929//881 921//874 920//873
f 930//882 931//883 928//880
f 931//883 932//884 929//881
f 922//875 921//874 929//881
f 933//806 925//878 834//789
f 852//806 934//806 933//806
f 927//806 925//878 933//806
f 855//806 935//806 934//806
f 930//882 927//806 934//806
f 936//885 931//883 930//882
f 937//886 687//646 14//14
f 937//886 938//887 688//647
f 938//887 937//886 313//296
f 315//298 939//888 938//887
f 317//300 941//890 939//888
f 941//890 942//891 940//889
f 942//891 941//890 317//300
f 943//892 692//651 688//647
f 945//894 943//892 938//887
f 945//894 946//895 944//893
f 940//889 946//895 945//894
f 947//896 946//895 940//889
f 948//897 696//655 692//651
f 948//897 949//898 697//656
f 944//893 949//898 948//897
f 950//899 949//898 944//893
f 951//900 950//899 946//895
f 952//901 942//891 318//301
f 953//902 952//901 408//391
f 954//903 953//902 409//392
f 955//904 954//903 410//393
f 956//905 955//904 411//394
f 957//906 956//905 412//395
f 414//397 958//907 957//906
f 959//908 958//907 414//397
f 416//399 960//909 959//908
f 417//400 961//910 960//909
f 418//401 962//911 961//910
f 419//402 963//912 962//911
f 952//901 964//913 947//896
f 966//915 964//913 952//901
f 966//915 967//916 965//914
f 954//903 967//916 966//915
f 968//917 967//916 954//903
f 970//919 968//917 955//904
f 970//919 971//920 969//918
f 957//906 971//920 970//919
f 972//921 971//920 957//906
f 973//922 972//921 958//907
f 960//909 974//923 973//922
f 976//925 974//923 960//909
f 976//925 977//926 975//924
f 962//911 977//926 976//925
f 978//927 977//926 962//911
f 949//898 979//928 737//696
f 950//899 980//929 979//928
f 951//900 982//931 980//929
f 964//913 982//931 951//900
f 982//931 983//932 981//930
f 965//914 983//932 982//931
f 985//934 983//932 965//914
f 985//934 986//935 984//933
f 968//917 986//935 985//934
f 969//918 987//936 986//935
f 992//941 987//936 969//918
f 992//941 993//942 988//937
f 972//921 993//942 992//941
f 994//943 989//938 988//937
f 973//922 994//943 993//942
f 995//944 990//939 989//938
f 995//944 994//943 973//922
f 995//944 996//945 991//940
f 975//924 996//945 995//944
f 997//946 996//945 975//924
f 979//928 998//947 755//714
f 998//947 999//948 756//715
f 999//948 1000//949 757//716
f 1001//950 998//947 979//928
f 1001//950 1002//951 999//948
f 981//930 1002//951 1001//950
f 1003//952 1000//949 999//948
f 1005//954 1002//951 981//930
f 1005//954 1006//955 1003//952
f 984//933 1006//955 1005//954
f 1006//955 1007//956 1004//953
f 1012//961 1006//955 984//933
f 1012//961 1013//962 1007//956
f 987//936 1013//962 1012//961
f 1013//962 1014//963 1008//957
f 988//937 1014//963 1013//962
f 1014//963 1015//964 1009//958
f 989//938 1015//964 1014//963
f 1015//964 1016//965 1010//959
f 990//939 1016//965 1015//964
f 1016//965 1017//966 1011//960
f 991//940 1017//966 1016//965
f 1018//967 1017//966 991//940
f 1000//949 1019//968 769//728
f 1019//968 1020//969 770//729
f 1021//970 771//730 770//729
f 1022//971 772//731 771//730
f 1023//972 773//732 772//731
f 1024//973 774//733 773//732
f 1025//974 1019//968 1000//949
f 1025//974 1026//975 1020//969
f 1004//953 1026//975 1025//974
f 1027//976 1021//970 1020//969
f 1028//977 1022//971 1021//970
f 1029//978 1023//972 1022//971
f 1030//979 1024//973 1023//972
f 1031//980 1026//975 1004//953
f 1031//980 1032//981 1027//976
f 1008//957 1032//981 1031//980
f 1032//981 1033//982 1028//977
f 1033//982 1032//981 1008//957
f 1033//982 1034//983 1029//978
f 1034//983 1033//982 1009//958
f 1034//983 1035//984 1030//979
f 1011//960 1035//984 1034//983
f 1036//985 1035//984 1011//960
f 566//536 1037//986 963//912
f 567//530 1038//530 1037//986
f 1040//530 1038//530 567//530
f 1040//530 1041//530 1039//530
f 569//538 1041//530 1040//530
f 1042//987 1041//530 569//538
f 571//540 1043//988 1042//987
f 978//927 1048//993 1047//992
f 1037//986 1048//993 978//927
f 1049//994 1048//993 1037//986
f 1039//530 1050//995 1049//994
f 1053//998 1050//995 1039//530
f 1042//987 1054//999 1053//998
f 1043//988 1055//1000 1054//999
f 1057//1002 1056//1001 1044//989
f 1058//1003 1052//997 1051//996
f 1058//1003 1057//1002 1045//990
f 997//946 1060//1005 1059//1004
f 1047//992 1060//1005 997//946
f 1062//1007 1060//1005 1047//992
f 1049//994 1063//1008 1062//1007
f 1050//995 1064//1009 1063//1008
f 1069//1014 1068//1013 1051//996
f 1070//1015 1064//1009 1050//995
f 1070//1015 1071//1016 1065//1010
f 1054//999 1071//1016 1070//1015
f 1071//1016 1072//1017 1066//1011
f 1072//1017 1071//1016 1054//999
f 1072//1017 1073//1018 1067//1012
f 1073//1018 1072//1017 1055//1000
f 1074//1019 1068//1013 1067//1012
f 1074//1019 1073//1018 1056//1001
f 1074//1019 1057//1002 1051//996
f 1018//967 1076//1021 1075//1020
f 1059//1004 1076//1021 1018//967
f 1077//1022 1076//1021 1059//1004
f 1084//1026 1077//1022 1060//1005
f 1084//1026 1085//1027 1078//1023
f 1063//1008 1085//1027 1084//1026
f 1086//1028 1085//1027 1063//1008
f 1065//1010 1087//1029 1086//1028
f 1088//1030 1080//1019 1079//1024
f 1088//1030 1087//1029 1065//1010
f 1088//1030 1089//1019 1081//1019
f 1089//1019 1088//1030 1066//1011
f 1089//1019 1090//1019 1082//1019
f 1090//1019 1089//1019 1067//1012
f 1091//1031 1083//1025 1082//1019
f 1091//1031 1090//1019 1068//1013
f 1091//1031 1069//1014 1061//1006
f 1024//973 1092//1032 853//807
f 1093//1033 854//808 853//807
f 1095//1035 1092//1032 1024//973
f 1095//1035 1096//1036 1093//1033
f 1097//1037 1095//1035 1030//979
f 1098//1038 1096//1036 1095//1035
f 1036//985 1099//1039 1097//1037
f 1075//1020 1099//1039 1036//985
f 1100//1040 1098//1038 1097//1037
f 1101//1041 1099//1039 1075//1020
f 1101//1041 1102//1042 1100//1040
f 1107//1047 1101//1041 1076//1021
f 1107//1047 1108//1048 1102//1042
f 1078//1023 1108//1048 1107//1047
f 1111//1051 1110//1050 1079//1024
f 1112//1052 1104//1044 1103//1043
f 1112//1052 1111//1051 1080//1019
f 1112//1052 1113//1053 1105//1045
f 1113//1053 1112//1052 1081//1019
f 1113//1053 1114//1054 1106//1046
f 1114//1054 1113//1053 1082//1019
f 1115//1055 1108//1048 1078//1023
f 1115//1055 1116//1056 1109//1049
f 1086//1028 1116//1056 1115//1055
f 1117//1057 1110//1050 1109//1049
f 1117//1057 1116//1056 1086//1028
f 1117//1057 1087//1029 1079//1024
f 1118//1058 872//825 854//808
f 1118//1058 1119//1059 873//826
f 1123//1063 1124//1064 876//829
f 1094//1034 855//806 876//829
f 1096//1036 1125//1065 1118//1058
f 1126//1066 1119//1059 1118//1058
f 1126//1066 1127//1067 1120//1060
f 1128//1068 1121//1061 1120//1060
f 1129//1069 1122//1062 1121//1061
f 1130//1070 1123//1063 1122//1062
f 1131//1071 1124//1064 1123//1063
f 1098//1038 1132//1072 1125//1065
f 1133//1073 1126//1066 1125//1065
f 1134//1074 1127//1067 1126//1066
f 1134//1074 1135//1075 1128//1068
f 1135//1075 1136//1076 1129//1069
f 1136//1076 1137//1077 1130//1070
f 1137//1077 1138//1078 1131//1071
f 1139//1079 1132//1072 1098//1038
f 1140//1080 1133//1073 1132//1072
f 1141//1081 1134//1074 1133//1073
f 1141//1081 1142//1082 1135//1075
f 1142//1082 1143//1083 1136//1076
f 1143//1083 1144//1084 1137//1077
f 1144//1084 1145//1085 1138//1078
f 1146//1086 1139//1079 1100//1040
f 1147//1087 1140//1080 1139//1079
f 1147//1087 1148//1088 1141//1081
f 1148//1088 1149//1089 1142//1082
f 1150//1090 1143//1083 1142//1082
f 1150//1090 1149//1089 1103//1043
f 1151//1091 1144//1084 1143//1083
f 1105//1045 1151//1091 1150//1090
f 1152//1092 1145//1085 1144//1084
f 1106//1046 1152//1092 1151//1091
f 1153//1093 1146//1086 1102//1042
f 1153//1093 1154//1094 1147//1087
f 1109//1049 1154//1094 1153//1093
f 1155//1095 1148//1088 1147//1087
f 1155//1095 1154//1094 1109//1049
f 1156//1096 1149//1089 1148//1088
f 1156//1096 1155//1095 1110//1050
f 1156//1096 1111//1051 1103//1043
f 1157//1097 885//838 873//826
f 1157//1097 1158//1098 886//839
f 1120//1060 1158//1098 1157//1097
f 1159//1099 887//840 886//839
f 1121//1061 1159//1099 1158//1098
f 1160//1100 888//841 887//840
f 1122//1062 1160//1100 1159//1099
f 1160//1100 1161//1101 889//842
f 1161//1101 1160//1100 1122//1062
f 1123//1063 875//828 889//842
f 1162//1102 652//611 303//286
f 1163//864 653//612 652//611
f 1164//1103 654//613 653//612
f 1166//1105 1165//1104 655//614
f 1166//1105 656//615 654//613
f 1168//1106 657//616 655//614
f 1171//619 1168//1106 1167//619
f 1171//619 1170//619 659//618
f 1171//619 660//619 657//616
f 1173//619 1170//619 1169//1107
f 1173//619 1172//1108 661//620
f 1173//619 662//621 659//618
f 1174//1109 1046//991 572//541
f 1174//1109 663//622 661//620
f 1176//864 911//864 910//863
f 1162//1102 899//852 911//864
f 1178//864 1176//864 1175//1110
f 1163//864 1162//1102 1176//864
f 1180//1112 1178//864 1177//864
f 1164//1103 1163//864 1178//864
f 1182//1114 1180//1112 1179//1111
f 1182//1114 1181//1113 1165//1104
f 1182//1114 1166//1105 1164//1103
f 1184//1115 1183//619 1167//619
f 1184//1115 1168//1106 1165//1104
f 1186//619 1185//1116 1169//1107
f 1186//619 1170//619 1167//619
f 1187//1117 1172//1108 1169//1107
f 1188//1118 1187//1117 1052//997
f 1174//1109 1188//1118 1058//1003
f 1188//1118 1174//1109 1172//1108
f 1175//1110 910//863 922//875
f 1177//864 1175//1110 1189//1119
f 1179//1111 1177//864 1190//1120
f 1192//1122 1181//1113 1179//1111
f 1184//1115 1194//1124 1193//1123
f 1184//1115 1181//1113 1192//1122
f 1196//1126 1195//1125 1185//1116
f 1196//1126 1186//619 1183//619
f 1197//1127 1195//1125 1061//1006
f 1197//1127 1069//1014 1052//997
f 1197//1127 1187//1117 1185//1116
f 1198//1128 1199//1129 932//884
f 1189//1119 922//875 932//884
f 1200//1130 1201//1131 1199//1129
f 1190//1120 1189//1119 1199//1129
f 1202//1132 1191//1121 1190//1120
f 1192//1122 1191//1121 1202//1132
f 1207//1137 1204//1134 1203//1133
f 1207//1137 1206//1136 1193//1123
f 1207//1137 1194//1124 1192//1122
f 1208//1138 1083//1025 1061//1006
f 1209//1139 1206//1136 1205//1135
f 1209//1139 1208//1138 1195//1125
f 1209//1139 1196//1126 1193//1123
f 1094//1034 1210//806 935//806
f 1210//806 1211//1140 936//885
f 1198//1128 931//883 936//885
f 1212//1141 1213//1142 1211//1140
f 1200//1130 1198//1128 1211//1140
f 1214//1143 1201//1131 1200//1130
f 1215//1144 1216//1145 1214//1143
f 1202//1132 1201//1131 1214//1143
f 1218//1147 1216//1145 1215//1144
f 1218//1147 1217//1146 1203//1133
f 1218//1147 1204//1134 1202//1132
f 1220//1149 1219//1148 1205//1135
f 1220//1149 1206//1136 1203//1133
f 1221//1150 1219//1148 1106//1046
f 1221//1150 1114//1054 1083//1025
f 1221//1150 1208//1138 1205//1135
f 1222//1151 1210//806 1094//1034
f 1131//1071 1223//1152 1222//1151
f 1212//1141 1210//806 1222//1151
f 1224//1153 1213//1142 1212//1141
f 1138//1078 1225//1154 1223//1152
f 1225//1154 1226//1155 1224//1153
f 1215//1144 1213//1142 1224//1153
f 1145//1085 1227//1156 1225//1154
f 1227//1156 1228//1157 1226//1155
f 1228//1157 1217//1146 1215//1144
f 1229//1158 1227//1156 1145//1085
f 1229//1158 1152//1092 1106//1046
f 1230//1159 1228//1157 1227//1156
f 1220//1149 1230//1159 1229//1158
f 1220//1149 1217//1146 1228//1157
f 1231//1160 1043//988 571//540
f 1232//1161 1231//1160 677//636
f 1233//1162 1045//990 1044//989
f 1233//1162 1232//1161 678//637
f 1234//1163 1046//991 1045//990
f 680//639 1234//1163 1233//1162
f 1234//1163 680//639 572//541
f 1235//1164 1055//1000 1043//988
f 1236//1165 1056//1001 1055//1000
f 1236//1165 1235//1164 1231//1160
f 1236//1165 1232//1161 1044//989
