# Blender 4.2.0
# www.blender.org
o 92621_X5Y1
v -0.095590 -0.096602 0.380997
v -0.097143 -0.071398 0.381774
v -0.097346 -0.023799 0.381888
v -0.050203 -0.194107 0.382079
v -0.058422 -0.166596 0.386075
v -0.073734 -0.115080 0.389208
v -0.071398 -0.071398 0.394368
v -0.071398 -0.023799 0.394589
v -0.000208 -0.238113 0.380850
v -0.019165 -0.211662 0.385211
v -0.023799 -0.166596 0.398430
v -0.023799 -0.118997 0.408672
v -0.023799 -0.071398 0.413116
v -0.023799 -0.023799 0.413154
v -0.190672 -0.381050 0.095823
v -0.194500 -0.384509 0.071398
v -0.200520 -0.390813 0.023799
v -0.150568 -0.386614 0.154446
v -0.166499 -0.392489 0.114612
v -0.145708 -0.430564 0.055468
v -0.163583 -0.410853 0.071360
v -0.149717 -0.433050 0.023799
v -0.173517 -0.414612 0.023799
v -0.107685 -0.388577 0.201755
v -0.097176 -0.429725 0.145182
v -0.118297 -0.403462 0.165680
v -0.105802 -0.434648 0.118997
v -0.129601 -0.419018 0.118997
v -0.121534 -0.440922 0.071360
v -0.139091 -0.425938 0.087201
v -0.118997 -0.452465 0.023799
v -0.058001 -0.386671 0.245006
v -0.048752 -0.428972 0.191342
v -0.069243 -0.403490 0.212415
v -0.067331 -0.434791 0.163267
v -0.080485 -0.420309 0.176914
v -0.071398 -0.452307 0.118997
v -0.054753 -0.479121 0.059680
v -0.070931 -0.467534 0.073887
v -0.062305 -0.482448 0.023799
v -0.086105 -0.471605 0.023799
v -0.023799 -0.394256 0.253688
v -0.023799 -0.433929 0.199202
v -0.023799 -0.418056 0.223002
v -0.023799 -0.451177 0.166596
v -0.013121 -0.480712 0.107263
v -0.026912 -0.470105 0.121477
v -0.026912 -0.485464 0.073887
v -0.044853 -0.474918 0.091413
v -0.023799 -0.496178 0.023799
v -0.334070 -0.146399 0.050775
v -0.336776 -0.118997 0.060377
v -0.339022 -0.071398 0.069208
v -0.338600 -0.023799 0.068685
v -0.335828 -0.153653 0.023799
v -0.342628 -0.118997 0.023799
v -0.347184 -0.071398 0.023799
v -0.346976 -0.023799 0.023799
v -0.287228 -0.105512 0.193369
v -0.288745 -0.071398 0.196134
v -0.288648 -0.023799 0.195829
v -0.288309 -0.196758 0.148159
v -0.292980 -0.166596 0.157400
v -0.296827 -0.120426 0.170301
v -0.304080 -0.071398 0.166596
v -0.303746 -0.023799 0.166596
v -0.288111 -0.243539 0.101435
v -0.294034 -0.213252 0.117980
v -0.308847 -0.166596 0.118997
v -0.319112 -0.118997 0.118997
v -0.324104 -0.071398 0.118997
v -0.323767 -0.023799 0.118997
v -0.292054 -0.251595 0.071398
v -0.308216 -0.214195 0.071398
v -0.324955 -0.163997 0.068544
v -0.330095 -0.118997 0.084177
v -0.332569 -0.071398 0.093008
v -0.332469 -0.023799 0.092484
v -0.286298 -0.286695 0.004619
v -0.295236 -0.264588 0.021811
v -0.317611 -0.214195 0.023799
v -0.329884 -0.177452 0.023799
v -0.243056 -0.156908 0.244402
v -0.247628 -0.118997 0.249821
v -0.250669 -0.071398 0.253539
v -0.250514 -0.023799 0.253448
v -0.241804 -0.244634 0.196000
v -0.248721 -0.214195 0.205901
v -0.256312 -0.170303 0.218477
v -0.273727 -0.120426 0.211219
v -0.274469 -0.071398 0.219934
v -0.274314 -0.023799 0.219628
v -0.241481 -0.290721 0.149277
v -0.249337 -0.261018 0.165724
v -0.272580 -0.213252 0.165053
v -0.280895 -0.166596 0.181199
v -0.284703 -0.137245 0.188638
v -0.248385 -0.299665 0.118997
v -0.272312 -0.260360 0.117980
v -0.281335 -0.228490 0.133168
v -0.242003 -0.338325 0.059012
v -0.255111 -0.312814 0.073486
v -0.280183 -0.275394 0.071398
v -0.245623 -0.342653 0.023799
v -0.271627 -0.305294 0.021811
v -0.283878 -0.282317 0.036352
v -0.192016 -0.194009 0.287138
v -0.197606 -0.166596 0.292478
v -0.204146 -0.118997 0.298868
v -0.207220 -0.071398 0.302004
v -0.206958 -0.023799 0.301926
v -0.198580 -0.250948 0.247575
v -0.205420 -0.211603 0.262782
v -0.224345 -0.170303 0.260878
v -0.227946 -0.118997 0.273620
v -0.231019 -0.071398 0.277339
v -0.230757 -0.023799 0.277248
v -0.200432 -0.297932 0.203803
v -0.215372 -0.263657 0.215768
v -0.231761 -0.214195 0.229700
v -0.237365 -0.188641 0.237197
v -0.197729 -0.341607 0.154161
v -0.214947 -0.310193 0.167586
v -0.232165 -0.276367 0.181010
v -0.203441 -0.357280 0.114612
v -0.230295 -0.323465 0.118997
v -0.221199 -0.355311 0.073486
v -0.236261 -0.330960 0.090745
v -0.224319 -0.366452 0.023799
v -0.148790 -0.156138 0.337787
v -0.153818 -0.118997 0.341781
v -0.157309 -0.071398 0.344431
v -0.157222 -0.023799 0.344203
v -0.152014 -0.249467 0.293492
v -0.167366 -0.211603 0.300197
v -0.165432 -0.169841 0.319078
v -0.177617 -0.118997 0.322667
v -0.181109 -0.071398 0.325803
v -0.181022 -0.023799 0.325726
v -0.156567 -0.300493 0.250834
v -0.170156 -0.266073 0.265071
v -0.183746 -0.225741 0.279308
v -0.155479 -0.346468 0.205243
v -0.171889 -0.315079 0.220389
v -0.188299 -0.282680 0.235536
v -0.168890 -0.359904 0.170170
v -0.187211 -0.329665 0.185894
v -0.182301 -0.373339 0.127556
v -0.099468 -0.242307 0.335657
v -0.109248 -0.214195 0.341577
v -0.122916 -0.169841 0.349421
v -0.114472 -0.115080 0.367346
v -0.120943 -0.071398 0.368230
v -0.121145 -0.023799 0.368002
v -0.107534 -0.298051 0.294694
v -0.119367 -0.261753 0.309960
v -0.133048 -0.214195 0.326490
v -0.141394 -0.187871 0.332223
v -0.109963 -0.345296 0.250596
v -0.124615 -0.315138 0.266581
v -0.139267 -0.281199 0.282566
v -0.124690 -0.361749 0.219365
v -0.141696 -0.332225 0.236975
v -0.139418 -0.378201 0.186178
v -0.050785 -0.288012 0.334885
v -0.068550 -0.259622 0.342253
v -0.068201 -0.211662 0.365506
v -0.082222 -0.166596 0.373831
v -0.091158 -0.128335 0.378663
v -0.058229 -0.339747 0.291123
v -0.070373 -0.308898 0.308775
v -0.082518 -0.274040 0.326427
v -0.073981 -0.358388 0.263667
v -0.089961 -0.329784 0.282328
v -0.089733 -0.377029 0.233487
v -0.023799 -0.296477 0.340390
v -0.019165 -0.257105 0.364557
v -0.031941 -0.225839 0.375869
v -0.023799 -0.348651 0.299483
v -0.023799 -0.320277 0.323283
v -0.023799 -0.372450 0.277488
v -0.095859 0.002079 0.381149
v -0.072936 0.020287 0.388724
v -0.056289 0.071398 0.384628
v -0.048690 0.096300 0.381251
v -0.023799 0.023799 0.407794
v -0.023799 0.071398 0.396981
v -0.023799 0.107442 0.385738
v -0.335967 0.023799 0.058623
v -0.333554 0.049063 0.049134
v -0.341959 0.023799 0.023799
v -0.335368 0.056353 0.023799
v -0.287099 0.009093 0.192961
v -0.296374 0.024495 0.170110
v -0.292410 0.071398 0.156542
v -0.287858 0.100965 0.147334
v -0.318554 0.023799 0.118997
v -0.307706 0.071398 0.118997
v -0.292885 0.117698 0.117243
v -0.287423 0.146275 0.100208
v -0.330006 0.023799 0.082422
v -0.324147 0.067517 0.067559
v -0.306719 0.118997 0.071398
v -0.291578 0.154332 0.071398
v -0.329280 0.080152 0.023799
v -0.316401 0.118997 0.023799
v -0.296513 0.163410 0.023799
v -0.247559 0.023799 0.249830
v -0.243170 0.062808 0.244536
v -0.273533 0.024495 0.210975
v -0.255737 0.075764 0.218731
v -0.247580 0.118997 0.205785
v -0.241125 0.147975 0.195422
v -0.284472 0.040825 0.188319
v -0.280090 0.071398 0.180341
v -0.271824 0.117698 0.164559
v -0.248684 0.164943 0.164730
v -0.240810 0.194786 0.147619
v -0.281596 0.132698 0.131941
v -0.271075 0.163923 0.117243
v -0.246644 0.203666 0.118997
v -0.278566 0.178132 0.071398
v -0.253449 0.217417 0.072985
v -0.241388 0.242047 0.058177
v -0.283803 0.187210 0.023799
v -0.266443 0.214195 0.023799
v -0.244434 0.245656 0.023799
v -0.203368 0.023799 0.298608
v -0.196399 0.071398 0.291679
v -0.191096 0.096746 0.286317
v -0.227167 0.023799 0.273630
v -0.223598 0.075764 0.260959
v -0.205006 0.115166 0.262314
v -0.198447 0.154511 0.246795
v -0.237728 0.094541 0.237621
v -0.231933 0.118997 0.229585
v -0.214626 0.167109 0.214803
v -0.199072 0.202126 0.202451
v -0.230805 0.179707 0.179352
v -0.214079 0.214323 0.166445
v -0.197353 0.244968 0.153537
v -0.229869 0.227465 0.118997
v -0.206069 0.254223 0.118997
v -0.236068 0.235431 0.089910
v -0.215550 0.263219 0.075120
v -0.195032 0.290403 0.060329
v -0.223154 0.269455 0.023799
v -0.199354 0.295208 0.023799
v -0.153002 0.023799 0.340749
v -0.147818 0.058334 0.336713
v -0.176802 0.023799 0.322407
v -0.164849 0.073079 0.318011
v -0.166955 0.115166 0.298767
v -0.151328 0.153734 0.292644
v -0.183060 0.128478 0.278528
v -0.169242 0.169989 0.264342
v -0.155424 0.204033 0.250157
v -0.187157 0.186243 0.234183
v -0.171115 0.218946 0.219087
v -0.155073 0.249375 0.203991
v -0.186805 0.233859 0.185270
v -0.167938 0.263038 0.168512
v -0.149070 0.290986 0.151754
v -0.182305 0.278022 0.118997
v -0.158505 0.300875 0.118997
v -0.189201 0.284392 0.092062
v -0.169339 0.311356 0.076999
v -0.149478 0.343672 0.061936
v -0.178730 0.319007 0.023799
v -0.154930 0.352356 0.023799
v -0.114634 0.020287 0.366318
v -0.122317 0.073079 0.348852
v -0.106954 0.118997 0.341104
v -0.097407 0.145254 0.334564
v -0.140396 0.090066 0.331509
v -0.130754 0.118997 0.325318
v -0.117982 0.165360 0.309175
v -0.106824 0.201620 0.293974
v -0.138557 0.185466 0.281890
v -0.123560 0.218693 0.265628
v -0.108564 0.248628 0.249365
v -0.140296 0.235766 0.235723
v -0.122910 0.264868 0.218023
v -0.105524 0.292831 0.200324
v -0.137257 0.281107 0.183486
v -0.117661 0.307775 0.164728
v -0.098066 0.335742 0.145970
v -0.132404 0.324674 0.118997
v -0.107647 0.353761 0.115961
v -0.141938 0.332308 0.093668
v -0.132332 0.358520 0.075241
v -0.139721 0.376155 0.023799
v -0.089827 0.033811 0.378327
v -0.080089 0.071398 0.373926
v -0.067293 0.114898 0.364378
v -0.068026 0.163310 0.340592
v -0.049912 0.192088 0.334458
v -0.081645 0.176986 0.325706
v -0.068998 0.212720 0.307910
v -0.056352 0.243385 0.290114
v -0.088084 0.233352 0.281098
v -0.071735 0.261873 0.262196
v -0.055385 0.289765 0.243295
v -0.087118 0.280361 0.232056
v -0.071310 0.301454 0.215392
v -0.071398 0.326090 0.179990
v -0.071398 0.344382 0.156191
v -0.071398 0.368181 0.130772
v -0.023799 0.131242 0.375960
v -0.023799 0.166596 0.358115
v -0.023799 0.199930 0.339146
v -0.023799 0.223729 0.322105
v -0.023799 0.251409 0.298305
v -0.023799 0.275208 0.274969
v -0.023799 0.297336 0.251170
v -0.027361 0.323042 0.215059
v -0.013868 0.338405 0.199769
v -0.045601 0.332350 0.189215
v -0.025753 0.357849 0.167022
v -0.037637 0.377294 0.139756
v -0.098071 0.383839 0.098071
v -0.106560 0.393587 0.071398
v -0.113076 0.408238 0.024332
v -0.097363 0.430377 0.008821
v -0.071398 0.393587 0.106972
v -0.074761 0.418475 0.074761
v -0.061136 0.436979 0.061136
v -0.092868 0.426536 0.040553
v -0.074761 0.442142 0.024332
v -0.005905 0.382667 0.144829
v -0.023229 0.404602 0.118560
v -0.008821 0.430378 0.097363
v -0.040554 0.426537 0.092868
v -0.024332 0.442142 0.074761
v -0.019040 0.467394 0.019040
v -0.000001 0.475989 0.000001
v -0.203396 -0.393695 -0.023799
v -0.203306 -0.392629 -0.071398
v -0.198990 -0.388703 -0.118997
v -0.193674 -0.384097 -0.152956
v -0.152612 -0.435424 -0.023799
v -0.176412 -0.417494 -0.023799
v -0.151746 -0.435272 -0.071398
v -0.175545 -0.416428 -0.071398
v -0.147554 -0.431876 -0.118997
v -0.171354 -0.412503 -0.118997
v -0.143980 -0.429203 -0.145066
v -0.166079 -0.403494 -0.164877
v -0.156185 -0.391188 -0.214195
v -0.146999 -0.384286 -0.243265
v -0.118997 -0.456851 -0.023799
v -0.118997 -0.455916 -0.071398
v -0.118997 -0.449206 -0.118997
v -0.119276 -0.438208 -0.163198
v -0.135328 -0.422891 -0.176799
v -0.103596 -0.433975 -0.201442
v -0.119276 -0.416128 -0.216063
v -0.117501 -0.393141 -0.260196
v -0.100637 -0.384580 -0.290545
v -0.066270 -0.484136 -0.023799
v -0.090070 -0.473615 -0.023799
v -0.064909 -0.483795 -0.071398
v -0.088709 -0.472834 -0.071398
v -0.058062 -0.480870 -0.118997
v -0.081861 -0.469519 -0.118997
v -0.050911 -0.477472 -0.147531
v -0.068625 -0.464186 -0.164677
v -0.073335 -0.442820 -0.216063
v -0.090493 -0.425823 -0.233175
v -0.058760 -0.434478 -0.248167
v -0.073335 -0.417572 -0.263138
v -0.071398 -0.392993 -0.301194
v -0.023799 -0.500453 -0.023799
v -0.023799 -0.499299 -0.071398
v -0.023799 -0.493186 -0.118997
v -0.023140 -0.482732 -0.164677
v -0.038567 -0.472499 -0.179264
v -0.006834 -0.478609 -0.196478
v -0.023140 -0.465449 -0.213084
v -0.022998 -0.440429 -0.263138
v -0.038330 -0.425005 -0.279900
v -0.006598 -0.430799 -0.289280
v -0.027084 -0.406671 -0.311228
v -0.015837 -0.388338 -0.341215
v -0.338092 -0.160750 -0.023799
v -0.346572 -0.118997 -0.023799
v -0.350918 -0.071398 -0.023799
v -0.350964 -0.023799 -0.023799
v -0.337846 -0.159390 -0.071398
v -0.345730 -0.118997 -0.071398
v -0.350063 -0.071398 -0.071398
v -0.350130 -0.023799 -0.071398
v -0.335501 -0.151856 -0.109206
v -0.338628 -0.122682 -0.122642
v -0.344618 -0.071398 -0.118997
v -0.344492 -0.023799 -0.118997
v -0.335572 -0.109273 -0.150642
v -0.337311 -0.071398 -0.156431
v -0.336950 -0.023799 -0.155652
v -0.286998 -0.288035 -0.023799
v -0.300952 -0.261794 -0.023799
v -0.321754 -0.214195 -0.023799
v -0.331598 -0.184549 -0.023799
v -0.286711 -0.287589 -0.071398
v -0.300161 -0.261794 -0.071398
v -0.320883 -0.214195 -0.071398
v -0.331233 -0.183189 -0.071398
v -0.285916 -0.286100 -0.096937
v -0.293887 -0.263276 -0.115281
v -0.314780 -0.214195 -0.118997
v -0.329217 -0.167272 -0.122642
v -0.332884 -0.141005 -0.140939
v -0.289838 -0.246838 -0.166596
v -0.303432 -0.214195 -0.166596
v -0.318920 -0.166596 -0.166596
v -0.328431 -0.122682 -0.166543
v -0.330050 -0.071398 -0.180230
v -0.330038 -0.023799 -0.179451
v -0.286348 -0.239382 -0.192116
v -0.291284 -0.214195 -0.203430
v -0.298937 -0.171177 -0.218831
v -0.312749 -0.118997 -0.214195
v -0.317826 -0.071398 -0.214195
v -0.317380 -0.023799 -0.214195
v -0.290248 -0.158365 -0.246660
v -0.294670 -0.118997 -0.254433
v -0.297169 -0.071398 -0.259228
v -0.296735 -0.023799 -0.259488
v -0.248084 -0.345076 -0.023799
v -0.271884 -0.311835 -0.023799
v -0.247239 -0.344606 -0.071398
v -0.271038 -0.311389 -0.071398
v -0.243605 -0.340514 -0.118997
v -0.269355 -0.304937 -0.115281
v -0.282782 -0.280131 -0.128670
v -0.240439 -0.336098 -0.149579
v -0.251745 -0.311303 -0.165906
v -0.277149 -0.270638 -0.166596
v -0.244014 -0.294543 -0.214195
v -0.267350 -0.257867 -0.210467
v -0.280497 -0.214195 -0.227230
v -0.285498 -0.190098 -0.237787
v -0.238603 -0.286409 -0.238966
v -0.245326 -0.261794 -0.250175
v -0.257400 -0.218511 -0.266195
v -0.277916 -0.171177 -0.262233
v -0.281262 -0.118997 -0.278233
v -0.284116 -0.071398 -0.283027
v -0.284353 -0.023799 -0.283288
v -0.245399 -0.205522 -0.295434
v -0.249651 -0.162574 -0.310537
v -0.260621 -0.118997 -0.309393
v -0.266415 -0.071398 -0.309393
v -0.266170 -0.023799 -0.309393
v -0.238390 -0.144026 -0.333699
v -0.241152 -0.118997 -0.336869
v -0.244092 -0.071398 -0.340296
v -0.243611 -0.023799 -0.339994
v -0.227196 -0.368875 -0.023799
v -0.227105 -0.368406 -0.071398
v -0.222790 -0.364313 -0.118997
v -0.214047 -0.357460 -0.167134
v -0.234419 -0.328443 -0.181312
v -0.202492 -0.346864 -0.214195
v -0.226292 -0.318342 -0.214195
v -0.194233 -0.337524 -0.243913
v -0.211082 -0.305609 -0.257306
v -0.230149 -0.261794 -0.273974
v -0.237598 -0.237255 -0.284996
v -0.196198 -0.293077 -0.292620
v -0.205313 -0.260111 -0.308849
v -0.227325 -0.218511 -0.310537
v -0.232883 -0.175759 -0.327166
v -0.193986 -0.243122 -0.336921
v -0.201155 -0.214195 -0.344509
v -0.212599 -0.161622 -0.354992
v -0.219058 -0.118997 -0.360668
v -0.222368 -0.071398 -0.364095
v -0.222568 -0.023799 -0.363794
v -0.188178 -0.378822 -0.184689
v -0.179984 -0.370664 -0.214195
v -0.165005 -0.355194 -0.259455
v -0.183012 -0.324810 -0.275646
v -0.151279 -0.341131 -0.295054
v -0.166596 -0.309620 -0.309703
v -0.181914 -0.274855 -0.324352
v -0.150181 -0.294431 -0.340033
v -0.163522 -0.257926 -0.354343
v -0.176480 -0.214195 -0.368308
v -0.185374 -0.179218 -0.376284
v -0.132370 -0.372863 -0.274998
v -0.118232 -0.356434 -0.308666
v -0.135827 -0.326163 -0.326787
v -0.104094 -0.340005 -0.339865
v -0.117394 -0.307678 -0.355815
v -0.130694 -0.272729 -0.371766
v -0.071398 -0.373989 -0.324993
v -0.067325 -0.347227 -0.356235
v -0.080475 -0.320925 -0.371598
v -0.047570 -0.380775 -0.333175
v -0.028542 -0.366439 -0.357045
v -0.192315 -0.147486 -0.382486
v -0.195259 -0.118997 -0.385262
v -0.198568 -0.071398 -0.388468
v -0.198768 -0.023799 -0.388443
v -0.145131 -0.240996 -0.382604
v -0.152681 -0.214195 -0.388714
v -0.168343 -0.164650 -0.395436
v -0.162608 -0.117411 -0.411785
v -0.169553 -0.071398 -0.412267
v -0.169486 -0.023799 -0.412243
v -0.144082 -0.100487 -0.429302
v -0.145754 -0.071398 -0.430476
v -0.145687 -0.023799 -0.430431
v -0.098961 -0.289192 -0.383321
v -0.116496 -0.258835 -0.390922
v -0.117191 -0.214000 -0.413694
v -0.132425 -0.166596 -0.421626
v -0.139912 -0.132219 -0.426487
v -0.100120 -0.198003 -0.431280
v -0.108626 -0.166596 -0.436520
v -0.122026 -0.117411 -0.439815
v -0.118997 -0.071398 -0.446846
v -0.118997 -0.023799 -0.446830
v -0.048742 -0.333921 -0.381428
v -0.067325 -0.306792 -0.389299
v -0.072338 -0.261839 -0.415482
v -0.088830 -0.229736 -0.425066
v -0.057098 -0.246004 -0.433051
v -0.072338 -0.214000 -0.439119
v -0.071398 -0.166596 -0.455660
v -0.068895 -0.121075 -0.467422
v -0.078544 -0.071398 -0.468560
v -0.078499 -0.023799 -0.468588
v -0.051359 -0.106594 -0.477672
v -0.054745 -0.071398 -0.478936
v -0.054700 -0.023799 -0.478851
v -0.023799 -0.339064 -0.386033
v -0.021416 -0.306136 -0.410632
v -0.035693 -0.277736 -0.423537
v -0.003961 -0.288098 -0.429889
v -0.021416 -0.261839 -0.437960
v -0.019513 -0.209883 -0.462298
v -0.034715 -0.166596 -0.471329
v -0.045497 -0.138327 -0.475312
v -0.000789 -0.191142 -0.476266
v -0.010915 -0.166596 -0.479333
v -0.027298 -0.121075 -0.483694
v -0.023799 -0.071398 -0.490131
v -0.023799 -0.023799 -0.489850
v -0.345903 0.023799 -0.023799
v -0.337376 0.064293 -0.023799
v -0.344952 0.023799 -0.071398
v -0.337002 0.062670 -0.071398
v -0.338365 0.025771 -0.121145
v -0.335233 0.055644 -0.106710
v -0.335091 0.011220 -0.149603
v -0.331330 0.088092 -0.023799
v -0.320598 0.118997 -0.023799
v -0.296574 0.171186 -0.020522
v -0.286471 0.191908 -0.034204
v -0.330886 0.086470 -0.071398
v -0.319673 0.118997 -0.071398
v -0.296189 0.170692 -0.072285
v -0.286471 0.191908 -0.057010
v -0.332394 0.042952 -0.138443
v -0.328443 0.071466 -0.121145
v -0.313481 0.118997 -0.118997
v -0.295020 0.161172 -0.118997
v -0.328154 0.025771 -0.165920
v -0.317882 0.071398 -0.166596
v -0.298787 0.123555 -0.171078
v -0.290394 0.152537 -0.158199
v -0.311918 0.023799 -0.214195
v -0.298351 0.075159 -0.218311
v -0.291963 0.110728 -0.205189
v -0.293818 0.023799 -0.254342
v -0.289691 0.061800 -0.246191
v -0.285427 0.190112 -0.002471
v -0.273482 0.210342 -0.020522
v -0.246780 0.248542 -0.023799
v -0.284971 0.189289 -0.088742
v -0.272682 0.210342 -0.072285
v -0.246121 0.248013 -0.071398
v -0.282691 0.184971 -0.118997
v -0.263606 0.214195 -0.118997
v -0.242709 0.243820 -0.118997
v -0.285447 0.142461 -0.189932
v -0.278158 0.167680 -0.171078
v -0.250870 0.215372 -0.164903
v -0.239966 0.240303 -0.147908
v -0.285093 0.093533 -0.236922
v -0.280929 0.123555 -0.218311
v -0.261565 0.166596 -0.214195
v -0.243221 0.197920 -0.214195
v -0.281602 0.023799 -0.278142
v -0.277474 0.075159 -0.261952
v -0.256618 0.123076 -0.265992
v -0.244624 0.166596 -0.249309
v -0.238094 0.190533 -0.238151
v -0.260224 0.023799 -0.309393
v -0.249248 0.066739 -0.310249
v -0.244928 0.109929 -0.294953
v -0.240416 0.023799 -0.336239
v -0.238049 0.047767 -0.333263
v -0.225858 0.272341 -0.023799
v -0.202058 0.297470 -0.023799
v -0.225219 0.271813 -0.071398
v -0.201419 0.296245 -0.071398
v -0.221004 0.267619 -0.118997
v -0.197204 0.292218 -0.118997
v -0.233373 0.232024 -0.179641
v -0.213195 0.261345 -0.164968
v -0.193017 0.288051 -0.150296
v -0.225279 0.221720 -0.214195
v -0.201480 0.250246 -0.214195
v -0.237405 0.141661 -0.284656
v -0.229385 0.166596 -0.273108
v -0.210517 0.209537 -0.256527
v -0.193930 0.241670 -0.243172
v -0.232447 0.079500 -0.326686
v -0.226312 0.123076 -0.310249
v -0.204067 0.164263 -0.308544
v -0.195372 0.196809 -0.292113
v -0.218726 0.023799 -0.360039
v -0.212026 0.065381 -0.354951
v -0.200034 0.118997 -0.343927
v -0.192927 0.146842 -0.335791
v -0.179929 0.321270 -0.023799
v -0.156129 0.352710 -0.023799
v -0.176762 0.320044 -0.071398
v -0.152963 0.344829 -0.071398
v -0.165001 0.318911 -0.122089
v -0.148071 0.337754 -0.108283
v -0.187122 0.282387 -0.182029
v -0.169392 0.302145 -0.166336
v -0.177768 0.274046 -0.214195
v -0.153968 0.294675 -0.214195
v -0.182008 0.228541 -0.274904
v -0.163554 0.259199 -0.257992
v -0.145099 0.287538 -0.241081
v -0.182059 0.178574 -0.323845
v -0.166167 0.213348 -0.308628
v -0.150275 0.244995 -0.293411
v -0.186005 0.082996 -0.376639
v -0.176088 0.118997 -0.367727
v -0.163018 0.161506 -0.353736
v -0.150327 0.198155 -0.339948
v -0.139721 0.376510 -0.023799
v -0.130445 0.368628 -0.071398
v -0.141503 0.332290 -0.140016
v -0.119844 0.356238 -0.119822
v -0.134852 0.328239 -0.166596
v -0.111053 0.343316 -0.166596
v -0.118178 0.319905 -0.215422
v -0.101765 0.336894 -0.200374
v -0.131040 0.276727 -0.272813
v -0.116703 0.296410 -0.258886
v -0.133456 0.229888 -0.325144
v -0.116382 0.260099 -0.307312
v -0.099308 0.288331 -0.289480
v -0.131013 0.176169 -0.371681
v -0.116368 0.211958 -0.354950
v -0.101724 0.243470 -0.338219
v -0.083145 0.374721 -0.131361
v -0.068927 0.367419 -0.164778
v -0.090219 0.330672 -0.232107
v -0.073171 0.345286 -0.215422
v -0.073171 0.321265 -0.262355
v -0.058486 0.337832 -0.246863
v -0.071398 0.277268 -0.323578
v -0.071398 0.296374 -0.299778
v -0.071398 0.227834 -0.371850
v -0.071398 0.253469 -0.348051
v -0.036241 0.376739 -0.179433
v -0.021744 0.368533 -0.211710
v -0.037096 0.328962 -0.278595
v -0.022257 0.343533 -0.262355
v -0.046040 0.284883 -0.332352
v -0.025701 0.310296 -0.310416
v -0.005363 0.335071 -0.288480
v -0.045348 0.236682 -0.379709
v -0.029828 0.264815 -0.359770
v -0.014307 0.291631 -0.339831
v -0.113076 0.408238 -0.024332
v -0.097363 0.430377 -0.008821
v -0.106645 0.393587 -0.071398
v -0.098185 0.383839 -0.099628
v -0.092868 0.426536 -0.040553
v -0.074761 0.442142 -0.024332
v -0.074761 0.418475 -0.074761
v -0.061136 0.436979 -0.061136
v -0.068927 0.392131 -0.116896
v -0.051413 0.382630 -0.147700
v -0.019040 0.467394 -0.019040
v -0.000001 0.475989 -0.000001
v -0.037125 0.426537 -0.092868
v -0.022275 0.441478 -0.074761
v -0.022275 0.412859 -0.114890
v -0.005392 0.429272 -0.096286
v -0.021744 0.386292 -0.164778
v -0.004508 0.382258 -0.194187
v -0.194927 0.023799 -0.384754
v -0.191605 0.051263 -0.381842
v -0.162554 0.021837 -0.411186
v -0.168721 0.068837 -0.394838
v -0.152289 0.118997 -0.388056
v -0.143977 0.144437 -0.381757
v -0.143993 0.004663 -0.429242
v -0.139365 0.036396 -0.426165
v -0.132244 0.071398 -0.421362
v -0.117374 0.118478 -0.412509
v -0.116687 0.162820 -0.389892
v -0.099280 0.194027 -0.383549
v -0.121698 0.021837 -0.439461
v -0.108445 0.071398 -0.436409
v -0.100426 0.102265 -0.431701
v -0.086838 0.133998 -0.423968
v -0.071143 0.166246 -0.415016
v -0.071398 0.204035 -0.391189
v -0.068859 0.024836 -0.466890
v -0.071398 0.071398 -0.455116
v -0.071143 0.118478 -0.438625
v -0.055106 0.150147 -0.432029
v -0.051299 0.009660 -0.477558
v -0.034280 0.181880 -0.423630
v -0.023948 0.214177 -0.405130
v -0.013616 0.244748 -0.386631
v -0.044454 0.041393 -0.474958
v -0.033343 0.071398 -0.470896
v -0.019042 0.114239 -0.461543
v -0.020568 0.166246 -0.436929
v -0.002548 0.191672 -0.429206
v -0.026672 0.024836 -0.483444
v -0.009544 0.071398 -0.479094
v -0.000004 0.095201 -0.475990
v 0.043327 -0.101768 0.429442
v 0.039289 -0.071398 0.430519
v 0.040495 -0.023799 0.430193
v 0.023799 -0.244758 0.384107
v 0.023799 -0.214195 0.396322
v 0.023799 -0.166596 0.411627
v 0.025996 -0.118179 0.422467
v 0.015490 -0.071398 0.424321
v 0.016696 -0.023799 0.424252
v 0.071398 -0.111704 0.430995
v 0.071398 -0.071398 0.434564
v 0.071398 -0.023799 0.433947
v 0.071398 -0.253526 0.388319
v 0.071398 -0.214195 0.404739
v 0.071398 -0.166596 0.419841
v 0.071398 -0.135504 0.427220
v 0.128907 -0.144774 0.428869
v 0.115423 -0.123500 0.431876
v 0.118997 -0.071398 0.437590
v 0.118997 -0.023799 0.437133
v 0.118997 -0.256251 0.390028
v 0.118997 -0.214195 0.408061
v 0.115423 -0.163023 0.423736
v 0.097174 -0.142369 0.428322
v 0.147149 -0.144774 0.428869
v 0.164447 -0.118489 0.431031
v 0.166596 -0.071398 0.435568
v 0.166596 -0.023799 0.435349
v 0.166596 -0.254559 0.389100
v 0.166596 -0.214195 0.406244
v 0.164447 -0.163023 0.422297
v 0.178881 -0.134017 0.427110
v 0.196570 -0.102284 0.429403
v 0.203747 -0.071398 0.430412
v 0.202926 -0.023799 0.430360
v 0.214195 -0.247402 0.385295
v 0.214195 -0.214195 0.398948
v 0.214195 -0.166596 0.414189
v 0.213140 -0.118489 0.424147
v 0.227546 -0.071398 0.426664
v 0.226726 -0.023799 0.426395
v 0.242594 -0.240984 0.382358
v 0.259794 -0.212866 0.387675
v 0.261794 -0.166596 0.401973
v 0.261794 -0.118997 0.411984
v 0.261794 -0.071398 0.416951
v 0.261794 -0.023799 0.416800
v 0.291242 -0.196114 0.382934
v 0.301460 -0.166596 0.387345
v 0.313937 -0.123182 0.391709
v 0.309393 -0.071398 0.399446
v 0.309393 -0.023799 0.399180
v 0.337632 -0.110106 0.383337
v 0.341453 -0.071398 0.385360
v 0.340996 -0.023799 0.384975
v 0.037100 -0.384289 0.288883
v 0.046660 -0.428600 0.238311
v 0.026014 -0.404443 0.260976
v 0.027996 -0.438922 0.215913
v 0.014927 -0.424597 0.232924
v 0.037670 -0.478477 0.148299
v 0.022602 -0.466383 0.165138
v 0.022602 -0.484825 0.121477
v 0.005938 -0.474369 0.138996
v 0.023799 -0.500530 0.071398
v 0.023799 -0.509327 0.023799
v 0.071398 -0.387542 0.292322
v 0.071398 -0.430849 0.241101
v 0.071398 -0.411341 0.264901
v 0.071398 -0.448007 0.214195
v 0.071398 -0.481036 0.153420
v 0.071398 -0.469347 0.177219
v 0.071398 -0.494219 0.118997
v 0.071398 -0.508489 0.071398
v 0.071398 -0.517322 0.023799
v 0.118997 -0.389326 0.294582
v 0.118997 -0.432739 0.243579
v 0.118997 -0.413126 0.267378
v 0.118997 -0.451673 0.214195
v 0.118997 -0.482489 0.156640
v 0.118997 -0.471123 0.180439
v 0.118997 -0.497651 0.118997
v 0.118997 -0.511199 0.071398
v 0.133852 -0.523731 0.000921
v 0.118390 -0.520520 0.019592
v 0.166596 -0.388306 0.293285
v 0.166596 -0.431158 0.241744
v 0.166596 -0.412105 0.265544
v 0.166596 -0.449249 0.214195
v 0.166596 -0.481391 0.154850
v 0.166596 -0.470280 0.178649
v 0.166596 -0.495392 0.118997
v 0.166596 -0.509529 0.071398
v 0.143854 -0.523731 0.000921
v 0.162470 -0.518971 0.019592
v 0.204234 -0.384933 0.289546
v 0.195539 -0.429350 0.239374
v 0.215753 -0.405551 0.262161
v 0.212521 -0.440082 0.216973
v 0.227271 -0.426168 0.234691
v 0.214195 -0.478155 0.147661
v 0.214195 -0.466085 0.171461
v 0.214195 -0.488270 0.118997
v 0.214195 -0.502252 0.071398
v 0.214195 -0.511243 0.023799
v 0.261794 -0.396191 0.255829
v 0.261794 -0.435852 0.202844
v 0.261794 -0.419990 0.226643
v 0.238290 -0.476099 0.143008
v 0.257211 -0.459285 0.161963
v 0.257211 -0.479611 0.115636
v 0.270022 -0.469932 0.129262
v 0.261794 -0.490192 0.071398
v 0.261794 -0.499351 0.023799
v 0.299175 -0.387679 0.246554
v 0.291027 -0.431025 0.194430
v 0.310967 -0.405111 0.215394
v 0.307893 -0.437637 0.165291
v 0.322759 -0.422542 0.180287
v 0.287683 -0.476941 0.097530
v 0.305887 -0.460366 0.115636
v 0.294372 -0.479713 0.071398
v 0.318171 -0.468720 0.071398
v 0.304532 -0.483885 0.023799
v 0.328331 -0.473955 0.023799
v 0.347920 -0.390810 0.204625
v 0.338563 -0.431357 0.148554
v 0.359107 -0.406252 0.168841
v 0.348609 -0.437203 0.118997
v 0.372408 -0.423052 0.118997
v 0.361343 -0.444141 0.075305
v 0.380110 -0.427969 0.093776
v 0.356991 -0.457915 0.023799
v 0.043115 -0.334511 0.334229
v 0.025869 -0.311888 0.345816
v 0.023799 -0.268557 0.371994
v 0.024241 -0.356746 0.309599
v 0.011382 -0.329419 0.330316
v 0.005368 -0.378981 0.283641
v 0.071398 -0.337744 0.336911
v 0.071398 -0.309393 0.356337
v 0.071398 -0.277325 0.376417
v 0.071398 -0.361543 0.316122
v 0.118997 -0.340166 0.338663
v 0.118997 -0.309393 0.359507
v 0.118997 -0.280051 0.377835
v 0.118997 -0.363966 0.318381
v 0.166596 -0.338508 0.337310
v 0.166596 -0.309393 0.357349
v 0.166596 -0.278359 0.377030
v 0.166596 -0.362308 0.317085
v 0.199284 -0.335732 0.335311
v 0.214768 -0.312681 0.347286
v 0.214195 -0.271201 0.373020
v 0.217625 -0.357960 0.310511
v 0.231016 -0.330740 0.331475
v 0.235967 -0.380189 0.284947
v 0.261794 -0.299490 0.342431
v 0.259794 -0.258828 0.366714
v 0.274327 -0.227846 0.376744
v 0.261794 -0.351361 0.301887
v 0.261794 -0.323290 0.325686
v 0.261794 -0.375160 0.279629
v 0.293179 -0.290708 0.336868
v 0.309184 -0.261935 0.345006
v 0.308022 -0.212866 0.368860
v 0.325260 -0.166596 0.377541
v 0.332833 -0.141838 0.380624
v 0.299426 -0.342152 0.293169
v 0.312169 -0.311254 0.311031
v 0.324912 -0.277895 0.328893
v 0.315167 -0.360814 0.265435
v 0.331159 -0.331801 0.284317
v 0.330908 -0.379476 0.236357
v 0.340356 -0.246163 0.337387
v 0.356530 -0.211780 0.343733
v 0.356991 -0.166596 0.359770
v 0.354895 -0.123182 0.370947
v 0.365252 -0.071398 0.371547
v 0.364796 -0.023799 0.371421
v 0.356991 -0.297243 0.294880
v 0.356530 -0.261935 0.318150
v 0.372088 -0.226037 0.327472
v 0.356991 -0.345802 0.250567
v 0.356991 -0.321042 0.274366
v 0.361068 -0.371351 0.217973
v 0.379652 -0.379977 0.189127
v 0.391495 -0.389962 0.157394
v 0.406253 -0.397756 0.118732
v 0.386547 -0.432601 0.062043
v 0.403284 -0.415977 0.075305
v 0.392089 -0.436150 0.023799
v 0.415888 -0.418697 0.023799
v 0.432530 -0.384450 0.102689
v 0.437646 -0.389390 0.071398
v 0.443567 -0.394897 0.023799
v 0.383140 -0.194304 0.334866
v 0.389111 -0.166596 0.339220
v 0.396781 -0.118997 0.344811
v 0.401052 -0.071398 0.347747
v 0.400898 -0.023799 0.347621
v 0.381819 -0.286651 0.286409
v 0.390709 -0.261794 0.293814
v 0.403930 -0.213261 0.309162
v 0.412911 -0.166596 0.320962
v 0.420581 -0.118997 0.326934
v 0.424852 -0.071398 0.330368
v 0.424697 -0.023799 0.330221
v 0.383081 -0.335454 0.240167
v 0.398316 -0.302822 0.255715
v 0.414508 -0.261794 0.272323
v 0.424719 -0.232218 0.282230
v 0.401205 -0.344305 0.210296
v 0.414814 -0.318993 0.223563
v 0.406253 -0.368667 0.170595
v 0.423228 -0.376057 0.134422
v 0.433848 -0.200485 0.290852
v 0.440828 -0.166596 0.297162
v 0.447503 -0.118997 0.303134
v 0.450394 -0.071398 0.306569
v 0.449964 -0.023799 0.306421
v 0.429748 -0.287261 0.239530
v 0.438435 -0.261794 0.248523
v 0.453003 -0.215095 0.262056
v 0.464627 -0.166596 0.272582
v 0.471302 -0.118997 0.280287
v 0.474194 -0.071398 0.283558
v 0.473764 -0.023799 0.283220
v 0.429557 -0.334399 0.191831
v 0.437863 -0.305633 0.210296
v 0.463424 -0.264106 0.215807
v 0.472158 -0.229704 0.232748
v 0.437186 -0.342447 0.166596
v 0.462425 -0.310275 0.168977
v 0.473386 -0.281513 0.186431
v 0.451607 -0.355968 0.117224
v 0.470684 -0.326730 0.131758
v 0.461445 -0.364934 0.071398
v 0.467366 -0.371589 0.023799
v 0.479204 -0.197972 0.241883
v 0.484557 -0.166596 0.248783
v 0.490583 -0.118997 0.256488
v 0.493866 -0.071398 0.259759
v 0.493810 -0.023799 0.259421
v 0.482671 -0.249781 0.201016
v 0.490149 -0.213981 0.215807
v 0.510104 -0.167045 0.211998
v 0.514382 -0.118997 0.224019
v 0.517665 -0.071398 0.228822
v 0.517609 -0.023799 0.228433
v 0.482911 -0.294997 0.154698
v 0.493593 -0.264106 0.168977
v 0.516701 -0.218764 0.168887
v 0.521423 -0.183211 0.186281
v 0.478103 -0.335880 0.100026
v 0.489169 -0.310275 0.117134
v 0.516381 -0.263342 0.123542
v 0.523457 -0.237676 0.142438
v 0.482562 -0.341134 0.071398
v 0.508045 -0.306475 0.070726
v 0.520651 -0.280241 0.086144
v 0.487719 -0.347789 0.023799
v 0.511519 -0.315966 0.023799
v 0.526077 -0.151478 0.194667
v 0.529273 -0.118997 0.200219
v 0.531794 -0.071398 0.205022
v 0.531693 -0.023799 0.204634
v 0.529645 -0.205943 0.154548
v 0.534969 -0.167045 0.168887
v 0.546917 -0.118997 0.166596
v 0.552099 -0.071398 0.166596
v 0.551770 -0.023799 0.166596
v 0.528895 -0.248508 0.110705
v 0.537264 -0.218764 0.123542
v 0.556237 -0.166596 0.118997
v 0.566116 -0.122829 0.118656
v 0.567691 -0.071398 0.132066
v 0.567464 -0.023799 0.131735
v 0.525589 -0.288664 0.054411
v 0.534058 -0.263342 0.070726
v 0.558754 -0.209457 0.066666
v 0.567677 -0.166596 0.082658
v 0.570944 -0.141250 0.094298
v 0.527701 -0.292166 0.023799
v 0.544036 -0.261794 0.023799
v 0.563722 -0.217615 0.023799
v 0.573398 -0.109518 0.102562
v 0.575177 -0.071398 0.108267
v 0.575249 -0.023799 0.107936
v 0.571199 -0.190433 0.047645
v 0.574216 -0.166596 0.058858
v 0.578883 -0.122829 0.075618
v 0.585779 -0.071398 0.071398
v 0.585449 -0.023799 0.071398
v 0.572424 -0.193815 0.023799
v 0.579592 -0.166596 0.023799
v 0.589365 -0.118997 0.023799
v 0.594443 -0.071398 0.023799
v 0.593841 -0.023799 0.023799
v 0.044935 0.003961 0.429007
v 0.026961 0.021416 0.422105
v 0.023799 0.071398 0.410555
v 0.019660 0.123372 0.392226
v 0.032767 0.150033 0.384483
v 0.071398 0.014342 0.430378
v 0.071398 0.038142 0.426906
v 0.071398 0.071398 0.418934
v 0.071398 0.118997 0.403165
v 0.071398 0.156327 0.387338
v 0.118997 0.022192 0.431930
v 0.118997 0.045991 0.428114
v 0.118997 0.071398 0.421819
v 0.118997 0.118997 0.406674
v 0.118997 0.159131 0.389169
v 0.166596 0.016916 0.431113
v 0.166596 0.040716 0.427496
v 0.166596 0.071398 0.419878
v 0.166596 0.118997 0.404432
v 0.166596 0.157549 0.388250
v 0.195476 0.008127 0.429334
v 0.212483 0.023916 0.423748
v 0.214195 0.071398 0.413373
v 0.214195 0.118997 0.397149
v 0.214195 0.150171 0.384083
v 0.261794 0.023799 0.411170
v 0.261794 0.071398 0.400627
v 0.258241 0.117080 0.386535
v 0.240007 0.143935 0.381368
v 0.309393 0.023799 0.394011
v 0.306955 0.066648 0.385630
v 0.289464 0.099935 0.382474
v 0.336072 0.023799 0.382320
v 0.333201 0.047614 0.380796
v 0.001035 0.142155 0.380521
v 0.019660 0.166178 0.372227
v 0.023799 0.210521 0.346489
v 0.023799 0.234321 0.330584
v 0.024738 0.264531 0.303870
v 0.041230 0.287754 0.287800
v 0.009497 0.282222 0.281993
v 0.024738 0.302641 0.264394
v 0.023799 0.329082 0.231957
v 0.023799 0.344134 0.208158
v 0.023799 0.367934 0.170914
v 0.071398 0.180126 0.375310
v 0.066795 0.218923 0.349254
v 0.079593 0.240919 0.335537
v 0.047860 0.237942 0.333153
v 0.066795 0.258789 0.318151
v 0.071398 0.290493 0.290620
v 0.071392 0.317413 0.257947
v 0.087253 0.334294 0.239517
v 0.055521 0.332093 0.236437
v 0.071392 0.346489 0.218021
v 0.071398 0.372786 0.174224
v 0.118997 0.182930 0.376729
v 0.118997 0.214195 0.356986
v 0.118997 0.243017 0.337248
v 0.118997 0.266817 0.315961
v 0.118997 0.292026 0.292162
v 0.118997 0.315825 0.265051
v 0.118997 0.335565 0.241251
v 0.118997 0.352580 0.214195
v 0.118997 0.374006 0.176859
v 0.166596 0.181349 0.375911
v 0.166596 0.214195 0.354786
v 0.166596 0.241330 0.335866
v 0.166596 0.265129 0.314867
v 0.166596 0.290812 0.291068
v 0.169861 0.318068 0.258726
v 0.156171 0.335254 0.240815
v 0.187904 0.332759 0.237425
v 0.169861 0.347188 0.218613
v 0.166596 0.372940 0.174462
v 0.214195 0.173971 0.372325
v 0.210878 0.216653 0.345760
v 0.192800 0.238669 0.333694
v 0.224532 0.234157 0.330091
v 0.212809 0.261332 0.309361
v 0.201085 0.288347 0.288631
v 0.232817 0.283995 0.284047
v 0.215849 0.303694 0.265626
v 0.214195 0.329953 0.233129
v 0.214195 0.345593 0.209330
v 0.213369 0.370478 0.163785
v 0.228685 0.378802 0.137991
v 0.271740 0.131668 0.376509
v 0.258241 0.162519 0.365362
v 0.261794 0.201941 0.340916
v 0.261794 0.225741 0.324177
v 0.261794 0.254193 0.300377
v 0.261794 0.277993 0.277717
v 0.261794 0.298898 0.253917
v 0.261794 0.322697 0.222468
v 0.261794 0.338427 0.198668
v 0.261794 0.355685 0.166596
v 0.264189 0.374644 0.120874
v 0.281653 0.379268 0.090341
v 0.321197 0.079347 0.375287
v 0.306955 0.117080 0.367963
v 0.307316 0.166148 0.343984
v 0.290066 0.193761 0.335322
v 0.321799 0.181715 0.327261
v 0.310131 0.214796 0.309901
v 0.298463 0.245325 0.292540
v 0.330196 0.235831 0.283766
v 0.313556 0.264128 0.264335
v 0.296916 0.291353 0.244905
v 0.328648 0.282932 0.234758
v 0.307835 0.308679 0.213117
v 0.287022 0.333899 0.191477
v 0.318755 0.326005 0.176902
v 0.305490 0.339854 0.163260
v 0.309393 0.357892 0.118997
v 0.309086 0.372803 0.073244
v 0.324204 0.376520 0.023799
v 0.359871 0.023799 0.368422
v 0.352237 0.066648 0.362790
v 0.356418 0.115592 0.342546
v 0.340169 0.149982 0.337465
v 0.371901 0.129188 0.327129
v 0.359782 0.169503 0.311329
v 0.347663 0.204099 0.295529
v 0.379396 0.189023 0.284531
v 0.360914 0.217657 0.275099
v 0.356991 0.248754 0.249472
v 0.360492 0.274197 0.217013
v 0.346960 0.294273 0.203025
v 0.378693 0.283985 0.187870
v 0.357012 0.309471 0.166520
v 0.335331 0.334456 0.145169
v 0.368659 0.325476 0.118997
v 0.344859 0.340285 0.118997
v 0.378342 0.331427 0.089233
v 0.360282 0.346715 0.072580
v 0.356991 0.358771 0.023799
v 0.023799 0.383710 0.147115
v 0.024333 0.410612 0.115537
v 0.008822 0.430378 0.097363
v 0.040554 0.426601 0.092869
v 0.024333 0.442142 0.074761
v 0.019040 0.467395 0.019040
v 0.000001 0.475989 0.000001
v 0.071398 0.384293 0.150425
v 0.071398 0.401756 0.118997
v 0.071398 0.422053 0.082458
v 0.071398 0.435252 0.058659
v 0.071398 0.447265 0.023799
v 0.118997 0.385654 0.153060
v 0.118997 0.398971 0.118997
v 0.115448 0.417971 0.067364
v 0.097216 0.428950 0.048808
v 0.128840 0.424784 0.023799
v 0.105041 0.431566 0.023799
v 0.166596 0.384714 0.150662
v 0.166596 0.396488 0.118997
v 0.166596 0.410231 0.071398
v 0.166596 0.419484 0.023799
v 0.196953 0.382192 0.146045
v 0.213369 0.388684 0.120874
v 0.214195 0.403625 0.071398
v 0.214195 0.412285 0.023799
v 0.249920 0.385397 0.106259
v 0.264189 0.390096 0.073244
v 0.261794 0.400214 0.023799
v 0.293016 0.384079 0.058608
v 0.300405 0.387220 0.023799
v 0.396647 0.023799 0.344623
v 0.388358 0.071398 0.338618
v 0.382108 0.097455 0.334148
v 0.420447 0.023799 0.326902
v 0.412157 0.071398 0.320157
v 0.403492 0.116759 0.308376
v 0.393142 0.157290 0.295396
v 0.424875 0.136062 0.282139
v 0.410693 0.173750 0.267469
v 0.393625 0.214195 0.250046
v 0.382182 0.239136 0.239259
v 0.428245 0.190209 0.237841
v 0.419070 0.218398 0.218863
v 0.393050 0.249544 0.214195
v 0.427477 0.237067 0.189163
v 0.409018 0.266232 0.172650
v 0.390559 0.292936 0.156137
v 0.422292 0.280211 0.131372
v 0.405691 0.299557 0.116902
v 0.402277 0.318312 0.072580
v 0.384869 0.335789 0.057501
v 0.413079 0.321234 0.023799
v 0.389280 0.339243 0.023799
v 0.446911 0.023799 0.303103
v 0.439728 0.071398 0.296357
v 0.432598 0.104330 0.289624
v 0.470710 0.023799 0.279578
v 0.463528 0.071398 0.271823
v 0.451777 0.118627 0.261752
v 0.439223 0.158476 0.250407
v 0.470956 0.132923 0.231164
v 0.456077 0.171889 0.218636
v 0.441198 0.205335 0.206108
v 0.472931 0.185301 0.185051
v 0.455331 0.217518 0.171241
v 0.437732 0.248478 0.157430
v 0.469464 0.229702 0.130209
v 0.449901 0.260000 0.114924
v 0.430338 0.287421 0.099640
v 0.458952 0.268132 0.071398
v 0.435153 0.292116 0.071398
v 0.465535 0.274648 0.023799
v 0.441736 0.297434 0.023799
v 0.490136 0.023799 0.255779
v 0.483855 0.071398 0.248023
v 0.478790 0.101191 0.241365
v 0.513936 0.023799 0.223436
v 0.509315 0.071492 0.211843
v 0.489217 0.117833 0.214856
v 0.481913 0.153569 0.199431
v 0.521044 0.087421 0.185452
v 0.515582 0.122498 0.168390
v 0.491898 0.168299 0.168149
v 0.481571 0.197969 0.153319
v 0.522731 0.140698 0.140594
v 0.514516 0.167265 0.122435
v 0.487433 0.213979 0.116205
v 0.477592 0.239790 0.098477
v 0.519609 0.183577 0.083128
v 0.506427 0.210491 0.068916
v 0.481321 0.244333 0.071398
v 0.509991 0.219016 0.023799
v 0.486191 0.250849 0.023799
v 0.529228 0.023799 0.199637
v 0.526153 0.055688 0.194409
v 0.546204 0.023799 0.166596
v 0.534160 0.071492 0.168390
v 0.528810 0.108966 0.153719
v 0.565641 0.028018 0.118391
v 0.555322 0.071398 0.118997
v 0.536569 0.122498 0.122435
v 0.528467 0.151844 0.108861
v 0.571043 0.046697 0.094561
v 0.568037 0.074413 0.075776
v 0.553860 0.118997 0.071398
v 0.532569 0.167265 0.068916
v 0.524819 0.192156 0.051396
v 0.570412 0.092290 0.042992
v 0.563719 0.117062 0.025795
v 0.541748 0.166596 0.023799
v 0.526703 0.195217 0.023799
v 0.573494 0.014964 0.102120
v 0.578195 0.028018 0.075776
v 0.574507 0.060557 0.062828
v 0.588510 0.023799 0.023799
v 0.577814 0.074413 0.025795
v 0.573011 0.099905 0.011259
v 0.023799 -0.513077 -0.023799
v 0.023799 -0.512062 -0.071398
v 0.023799 -0.506090 -0.118997
v 0.023799 -0.495535 -0.166596
v 0.023799 -0.482395 -0.205414
v 0.023799 -0.472142 -0.229214
v 0.023799 -0.455579 -0.261794
v 0.023799 -0.435626 -0.295592
v 0.023799 -0.418421 -0.319392
v 0.023799 -0.394622 -0.349222
v 0.092349 -0.523974 -0.035266
v 0.074449 -0.521099 -0.021160
v 0.092349 -0.523974 -0.053125
v 0.074449 -0.520572 -0.069954
v 0.071398 -0.513974 -0.118997
v 0.071398 -0.502953 -0.166596
v 0.070126 -0.485148 -0.217801
v 0.053412 -0.475159 -0.236071
v 0.085144 -0.477474 -0.240629
v 0.070126 -0.465840 -0.258615
v 0.071398 -0.440125 -0.302745
v 0.071398 -0.423195 -0.326545
v 0.071398 -0.399396 -0.354320
v 0.118390 -0.524011 -0.021160
v 0.102120 -0.523476 -0.003533
v 0.118997 -0.524010 -0.053370
v 0.118997 -0.522211 -0.077169
v 0.118997 -0.517111 -0.118997
v 0.118997 -0.506224 -0.166596
v 0.118997 -0.489885 -0.214195
v 0.118997 -0.478349 -0.242456
v 0.118997 -0.465214 -0.266255
v 0.118997 -0.441414 -0.305337
v 0.118997 -0.425352 -0.329136
v 0.118997 -0.401553 -0.355623
v 0.145939 -0.523828 -0.023799
v 0.169739 -0.521535 -0.023799
v 0.145930 -0.523764 -0.049767
v 0.163716 -0.521175 -0.067939
v 0.166596 -0.515128 -0.118997
v 0.166596 -0.504129 -0.166596
v 0.166596 -0.487722 -0.214195
v 0.166596 -0.477395 -0.240810
v 0.166596 -0.464370 -0.264610
v 0.166596 -0.440571 -0.302963
v 0.166596 -0.423661 -0.326762
v 0.166596 -0.399862 -0.354743
v 0.214195 -0.515019 -0.023799
v 0.214195 -0.514151 -0.071398
v 0.214195 -0.507847 -0.118997
v 0.214195 -0.496966 -0.166596
v 0.209948 -0.482003 -0.214008
v 0.222982 -0.471993 -0.229750
v 0.191250 -0.476202 -0.238435
v 0.209948 -0.461199 -0.257298
v 0.214195 -0.436699 -0.297437
v 0.214195 -0.419059 -0.321237
v 0.214195 -0.395259 -0.349542
v 0.261794 -0.503137 -0.023799
v 0.261794 -0.501959 -0.071398
v 0.261794 -0.495990 -0.118997
v 0.262668 -0.484187 -0.166674
v 0.279117 -0.473524 -0.182592
v 0.247384 -0.479552 -0.198017
v 0.262668 -0.467040 -0.214008
v 0.262897 -0.442237 -0.264200
v 0.279498 -0.425706 -0.281670
v 0.247766 -0.432185 -0.291326
v 0.262897 -0.413465 -0.308072
v 0.261794 -0.387947 -0.340911
v 0.314014 -0.484107 -0.021000
v 0.332962 -0.475886 -0.003268
v 0.312140 -0.483759 -0.068419
v 0.329838 -0.474339 -0.082299
v 0.299861 -0.482350 -0.118997
v 0.323660 -0.471978 -0.118997
v 0.292105 -0.478535 -0.150860
v 0.308539 -0.466643 -0.166674
v 0.313361 -0.444751 -0.218023
v 0.331873 -0.427676 -0.236441
v 0.300140 -0.435803 -0.249938
v 0.313361 -0.420069 -0.264200
v 0.306758 -0.393083 -0.308974
v 0.289135 -0.382698 -0.335331
v 0.333890 -0.476368 -0.035000
v 0.352650 -0.464915 -0.021000
v 0.333890 -0.476368 -0.050566
v 0.352650 -0.463708 -0.068419
v 0.356991 -0.453970 -0.118997
v 0.358685 -0.440794 -0.165607
v 0.375681 -0.425265 -0.180813
v 0.343948 -0.434843 -0.204709
v 0.358685 -0.419456 -0.218023
v 0.357329 -0.396009 -0.261810
v 0.341689 -0.386187 -0.292829
v 0.023799 -0.372287 -0.373022
v 0.071398 -0.378073 -0.378119
v 0.118997 -0.379395 -0.379422
v 0.166596 -0.378344 -0.378543
v 0.214195 -0.373534 -0.373342
v 0.261794 -0.363923 -0.364710
v 0.320868 -0.373012 -0.324562
v 0.303707 -0.353401 -0.353924
v 0.318279 -0.323285 -0.372517
v 0.373421 -0.375133 -0.277687
v 0.358389 -0.358206 -0.310570
v 0.375090 -0.328014 -0.328311
v 0.343357 -0.341279 -0.340784
v 0.357661 -0.309783 -0.357494
v 0.371965 -0.275778 -0.374204
v 0.023799 -0.348488 -0.393289
v 0.023799 -0.317572 -0.417088
v 0.023799 -0.293772 -0.433913
v 0.023799 -0.261794 -0.451180
v 0.023799 -0.221944 -0.469456
v 0.023799 -0.198144 -0.479081
v 0.023799 -0.166596 -0.488245
v 0.023799 -0.118997 -0.497863
v 0.023799 -0.071398 -0.502708
v 0.023799 -0.023799 -0.502555
v 0.071398 -0.354273 -0.398281
v 0.071398 -0.324373 -0.422080
v 0.071398 -0.300574 -0.438140
v 0.075577 -0.257228 -0.463168
v 0.062497 -0.231713 -0.473353
v 0.094230 -0.238317 -0.476153
v 0.075577 -0.215186 -0.481493
v 0.071398 -0.166596 -0.495800
v 0.071398 -0.118997 -0.505776
v 0.071398 -0.071398 -0.510538
v 0.071398 -0.023799 -0.510266
v 0.118997 -0.355595 -0.400400
v 0.118997 -0.327046 -0.424199
v 0.118997 -0.303247 -0.439404
v 0.116276 -0.257228 -0.465384
v 0.130329 -0.236597 -0.475360
v 0.098596 -0.238317 -0.476153
v 0.116276 -0.218117 -0.482879
v 0.118997 -0.166596 -0.498662
v 0.118997 -0.118997 -0.508196
v 0.118997 -0.071398 -0.513219
v 0.118997 -0.023799 -0.513123
v 0.166596 -0.354545 -0.398708
v 0.166596 -0.325058 -0.422508
v 0.166596 -0.301259 -0.438583
v 0.166596 -0.261794 -0.460429
v 0.166596 -0.232863 -0.474036
v 0.166596 -0.209064 -0.483334
v 0.166596 -0.166596 -0.496765
v 0.166596 -0.118997 -0.506341
v 0.166596 -0.071398 -0.510897
v 0.166596 -0.023799 -0.510885
v 0.214195 -0.349735 -0.394595
v 0.214195 -0.318231 -0.418394
v 0.214195 -0.294431 -0.434218
v 0.214195 -0.261794 -0.452674
v 0.214195 -0.223989 -0.470644
v 0.214195 -0.200190 -0.479429
v 0.214195 -0.166596 -0.489264
v 0.214195 -0.118997 -0.499393
v 0.214195 -0.071398 -0.503934
v 0.214195 -0.023799 -0.503643
v 0.261794 -0.340124 -0.386900
v 0.260794 -0.306349 -0.412450
v 0.275994 -0.280125 -0.425410
v 0.244262 -0.288454 -0.430122
v 0.260794 -0.263273 -0.438746
v 0.258828 -0.211018 -0.463613
v 0.275415 -0.166596 -0.472496
v 0.284898 -0.141730 -0.475754
v 0.240985 -0.193033 -0.476937
v 0.251615 -0.166596 -0.480262
v 0.266136 -0.123117 -0.485020
v 0.261794 -0.071398 -0.492113
v 0.261794 -0.023799 -0.491572
v 0.286546 -0.333791 -0.381283
v 0.305205 -0.308208 -0.391441
v 0.311055 -0.263273 -0.418122
v 0.328030 -0.232889 -0.425752
v 0.296298 -0.248392 -0.433202
v 0.311055 -0.215892 -0.441029
v 0.309393 -0.166596 -0.458749
v 0.308572 -0.123117 -0.468724
v 0.320136 -0.071398 -0.469646
v 0.319389 -0.023799 -0.469433
v 0.292159 -0.109997 -0.479072
v 0.296337 -0.071398 -0.480871
v 0.295589 -0.023799 -0.480391
v 0.340232 -0.291553 -0.385162
v 0.356456 -0.260665 -0.393377
v 0.356850 -0.215892 -0.415877
v 0.374056 -0.166596 -0.423701
v 0.379979 -0.139982 -0.427866
v 0.340890 -0.201156 -0.433199
v 0.350256 -0.166596 -0.438442
v 0.361264 -0.122068 -0.441703
v 0.356991 -0.071398 -0.450356
v 0.356991 -0.023799 -0.450249
v 0.395070 -0.438424 -0.023799
v 0.418870 -0.420909 -0.023799
v 0.394176 -0.438076 -0.071398
v 0.417975 -0.420284 -0.071398
v 0.388991 -0.434182 -0.118997
v 0.412790 -0.416590 -0.118997
v 0.383609 -0.430442 -0.149081
v 0.401521 -0.411261 -0.165607
v 0.403354 -0.391612 -0.209921
v 0.386664 -0.385606 -0.245954
v 0.446391 -0.397110 -0.023799
v 0.445433 -0.396484 -0.071398
v 0.441146 -0.392790 -0.118997
v 0.433430 -0.385524 -0.166596
v 0.428860 -0.381270 -0.191205
v 0.418396 -0.371527 -0.222938
v 0.405346 -0.357464 -0.262925
v 0.424028 -0.328503 -0.279896
v 0.392296 -0.343401 -0.296579
v 0.407265 -0.312392 -0.311780
v 0.422235 -0.277703 -0.326981
v 0.390503 -0.296281 -0.342471
v 0.403837 -0.260874 -0.356693
v 0.418185 -0.214195 -0.371763
v 0.426001 -0.185655 -0.378630
v 0.470190 -0.374454 -0.023799
v 0.469233 -0.373272 -0.071398
v 0.464945 -0.368792 -0.118997
v 0.460793 -0.355681 -0.170840
v 0.475676 -0.332767 -0.189536
v 0.441991 -0.356193 -0.209921
v 0.468837 -0.323864 -0.214195
v 0.435034 -0.339794 -0.248163
v 0.451630 -0.308975 -0.260994
v 0.468226 -0.273862 -0.273824
v 0.436493 -0.296770 -0.295249
v 0.451172 -0.259916 -0.308087
v 0.466263 -0.214195 -0.321449
v 0.473159 -0.183154 -0.329801
v 0.434119 -0.245970 -0.339182
v 0.442464 -0.214195 -0.347963
v 0.453081 -0.168538 -0.357678
v 0.460829 -0.118997 -0.364316
v 0.463997 -0.071398 -0.367828
v 0.463822 -0.023799 -0.367813
v 0.490181 -0.350654 -0.023799
v 0.513980 -0.319201 -0.023799
v 0.489673 -0.349473 -0.071398
v 0.513473 -0.318156 -0.071398
v 0.486011 -0.344993 -0.118997
v 0.512541 -0.307213 -0.123614
v 0.523546 -0.285524 -0.142559
v 0.481037 -0.338941 -0.157803
v 0.494467 -0.313898 -0.170840
v 0.519100 -0.277690 -0.166596
v 0.485447 -0.300065 -0.214195
v 0.510000 -0.260273 -0.213868
v 0.520063 -0.229416 -0.229516
v 0.478676 -0.289447 -0.242091
v 0.486482 -0.259515 -0.259492
v 0.509296 -0.213808 -0.259918
v 0.517039 -0.166596 -0.274942
v 0.521744 -0.131662 -0.282451
v 0.478448 -0.242129 -0.289193
v 0.484567 -0.214195 -0.297650
v 0.491657 -0.167011 -0.312118
v 0.508625 -0.117076 -0.305395
v 0.509076 -0.071398 -0.312590
v 0.508821 -0.023799 -0.312682
v 0.479101 -0.151422 -0.336726
v 0.482467 -0.118997 -0.340517
v 0.485277 -0.071398 -0.344029
v 0.485021 -0.023799 -0.344014
v 0.529644 -0.295401 -0.023799
v 0.547972 -0.261794 -0.023799
v 0.565715 -0.223187 -0.023799
v 0.528937 -0.294357 -0.071398
v 0.546627 -0.261794 -0.071398
v 0.565076 -0.221584 -0.071398
v 0.526128 -0.289894 -0.110826
v 0.536596 -0.266512 -0.123614
v 0.562792 -0.210867 -0.118026
v 0.569788 -0.185056 -0.133245
v 0.531947 -0.253891 -0.166596
v 0.549565 -0.214195 -0.166596
v 0.564621 -0.168152 -0.166569
v 0.568485 -0.127569 -0.182417
v 0.526380 -0.243392 -0.197783
v 0.532364 -0.213808 -0.213868
v 0.547746 -0.166596 -0.214195
v 0.560865 -0.114620 -0.209631
v 0.562805 -0.071398 -0.215614
v 0.562494 -0.023799 -0.215768
v 0.526400 -0.197683 -0.242802
v 0.531105 -0.166596 -0.251143
v 0.534396 -0.117076 -0.264668
v 0.540966 -0.071398 -0.261794
v 0.540742 -0.023799 -0.261794
v 0.524371 -0.099929 -0.286863
v 0.525548 -0.071398 -0.288791
v 0.525634 -0.023799 -0.288883
v 0.574441 -0.199387 -0.023799
v 0.583487 -0.166596 -0.023799
v 0.593297 -0.118997 -0.023799
v 0.598102 -0.071398 -0.023799
v 0.597349 -0.023799 -0.023799
v 0.573887 -0.197785 -0.071398
v 0.582334 -0.166596 -0.071398
v 0.592332 -0.118997 -0.071398
v 0.597032 -0.071398 -0.071398
v 0.596273 -0.023799 -0.071398
v 0.572085 -0.192782 -0.101512
v 0.576097 -0.168152 -0.118026
v 0.586426 -0.118997 -0.118997
v 0.591025 -0.071398 -0.118997
v 0.590581 -0.023799 -0.118997
v 0.573740 -0.153324 -0.150685
v 0.576044 -0.114620 -0.166569
v 0.579927 -0.071398 -0.166596
v 0.579753 -0.023799 -0.166596
v 0.571299 -0.095836 -0.190721
v 0.571673 -0.071398 -0.191814
v 0.571738 -0.023799 -0.191969
v 0.385439 -0.244046 -0.384169
v 0.394385 -0.214195 -0.390928
v 0.407917 -0.168511 -0.398609
v 0.401735 -0.122068 -0.415272
v 0.410898 -0.071398 -0.415037
v 0.411087 -0.023799 -0.414748
v 0.383965 -0.108249 -0.430720
v 0.387098 -0.071398 -0.432899
v 0.387288 -0.023799 -0.433005
v 0.433004 -0.153922 -0.385007
v 0.437030 -0.118997 -0.388586
v 0.440197 -0.071398 -0.391238
v 0.440023 -0.023799 -0.390949
v 0.023799 0.375990 -0.226629
v 0.023799 0.357919 -0.261794
v 0.023799 0.321785 -0.318080
v 0.023799 0.338921 -0.294280
v 0.023799 0.275401 -0.370624
v 0.023799 0.297986 -0.346825
v 0.057692 0.379540 -0.234915
v 0.072694 0.369109 -0.257835
v 0.071398 0.326661 -0.324367
v 0.071398 0.343327 -0.300567
v 0.071398 0.281189 -0.376525
v 0.071398 0.302862 -0.352725
v 0.118997 0.368926 -0.262890
v 0.118997 0.328205 -0.326696
v 0.118997 0.345126 -0.302897
v 0.118997 0.283425 -0.378635
v 0.118997 0.304405 -0.354836
v 0.176011 0.380168 -0.236297
v 0.162725 0.369728 -0.257110
v 0.166596 0.327144 -0.324879
v 0.166596 0.343630 -0.301080
v 0.166596 0.281392 -0.376833
v 0.166596 0.303345 -0.353034
v 0.214195 0.376726 -0.228583
v 0.214195 0.359248 -0.261794
v 0.214195 0.322534 -0.318915
v 0.214195 0.339513 -0.295115
v 0.214195 0.276529 -0.371599
v 0.214195 0.298735 -0.347799
v 0.276670 0.377941 -0.181036
v 0.261200 0.370027 -0.212444
v 0.277234 0.329941 -0.280231
v 0.261538 0.344779 -0.263336
v 0.261538 0.316371 -0.306942
v 0.245501 0.335861 -0.289442
v 0.284682 0.237459 -0.380339
v 0.266007 0.261766 -0.366275
v 0.261794 0.290804 -0.339185
v 0.328274 0.378629 -0.023799
v 0.327757 0.378490 -0.071398
v 0.321135 0.375109 -0.118997
v 0.307044 0.369287 -0.165740
v 0.330425 0.331847 -0.235146
v 0.312492 0.347560 -0.217246
v 0.312492 0.323256 -0.263336
v 0.298692 0.338765 -0.248498
v 0.318418 0.276848 -0.322911
v 0.305288 0.295834 -0.307984
v 0.309393 0.229489 -0.373626
v 0.305288 0.261307 -0.346871
v 0.286685 0.286144 -0.333811
v 0.356991 0.363300 -0.023799
v 0.356991 0.362027 -0.071398
v 0.356991 0.355821 -0.118997
v 0.373992 0.328580 -0.179846
v 0.357672 0.343671 -0.165026
v 0.357672 0.322295 -0.217246
v 0.342260 0.338549 -0.203413
v 0.371618 0.279082 -0.276175
v 0.356248 0.298845 -0.260903
v 0.373611 0.231611 -0.327065
v 0.356748 0.262099 -0.309122
v 0.339885 0.289495 -0.291179
v 0.370429 0.179077 -0.372994
v 0.356154 0.213534 -0.356475
v 0.341879 0.245116 -0.339957
v 0.019040 0.467747 -0.019040
v 0.000001 0.475989 -0.000001
v 0.023799 0.445571 -0.071398
v 0.023799 0.416121 -0.120612
v 0.023799 0.429431 -0.096812
v 0.023799 0.396978 -0.166596
v 0.023799 0.385447 -0.202829
v 0.071398 0.447700 -0.023799
v 0.082264 0.426471 -0.082488
v 0.068398 0.434531 -0.068532
v 0.068398 0.420622 -0.114876
v 0.050532 0.428896 -0.096262
v 0.071398 0.404666 -0.166596
v 0.072694 0.387859 -0.217107
v 0.089425 0.381444 -0.239329
v 0.132694 0.426891 -0.023799
v 0.108894 0.431560 -0.023799
v 0.118531 0.425726 -0.068532
v 0.102355 0.428942 -0.050755
v 0.118997 0.418250 -0.118997
v 0.118997 0.407748 -0.166596
v 0.118997 0.391729 -0.214195
v 0.118997 0.381327 -0.239091
v 0.166596 0.423133 -0.023799
v 0.166596 0.422024 -0.071398
v 0.166596 0.416265 -0.118997
v 0.166596 0.405581 -0.166596
v 0.162725 0.388215 -0.217936
v 0.144278 0.380853 -0.238122
v 0.214195 0.416348 -0.023799
v 0.214195 0.415170 -0.071398
v 0.214195 0.409483 -0.118997
v 0.214195 0.398335 -0.166596
v 0.214195 0.385942 -0.204784
v 0.261794 0.404439 -0.023799
v 0.261794 0.403235 -0.071398
v 0.261794 0.397193 -0.118997
v 0.261200 0.387100 -0.165740
v 0.244937 0.382828 -0.195411
v 0.304474 0.388923 -0.023799
v 0.303958 0.388180 -0.071398
v 0.297336 0.385371 -0.118997
v 0.289612 0.382604 -0.149304
v 0.023799 0.221089 -0.416606
v 0.023799 0.251601 -0.392807
v 0.023799 0.125335 -0.469181
v 0.023799 0.166596 -0.449688
v 0.023799 0.197290 -0.432696
v 0.023799 0.023799 -0.497349
v 0.023799 0.071398 -0.487215
v 0.023799 0.101535 -0.478412
v 0.071398 0.227823 -0.421066
v 0.071398 0.257389 -0.397266
v 0.071398 0.136669 -0.473535
v 0.071398 0.166596 -0.458635
v 0.071398 0.204023 -0.437288
v 0.071398 0.023799 -0.505193
v 0.071398 0.071398 -0.495166
v 0.071398 0.112869 -0.482424
v 0.118997 0.230250 -0.422904
v 0.118997 0.259625 -0.399104
v 0.118997 0.140237 -0.474969
v 0.118997 0.166596 -0.461434
v 0.118997 0.206450 -0.438654
v 0.118997 0.023799 -0.508041
v 0.118997 0.071398 -0.497957
v 0.118997 0.116438 -0.483832
v 0.166596 0.228507 -0.421669
v 0.166596 0.257592 -0.397869
v 0.166596 0.136721 -0.473608
v 0.166596 0.166596 -0.458991
v 0.166596 0.204708 -0.437572
v 0.166596 0.023799 -0.505993
v 0.166596 0.071398 -0.495726
v 0.166596 0.112922 -0.482630
v 0.214195 0.222147 -0.417156
v 0.214195 0.252730 -0.393357
v 0.214195 0.126969 -0.469800
v 0.214195 0.166596 -0.451425
v 0.214195 0.198348 -0.433814
v 0.214195 0.023799 -0.498802
v 0.214195 0.071398 -0.488391
v 0.214195 0.103170 -0.478856
v 0.274958 0.183727 -0.424451
v 0.263954 0.215263 -0.405928
v 0.252950 0.245882 -0.387406
v 0.285586 0.047585 -0.475986
v 0.273876 0.071398 -0.472446
v 0.257184 0.114358 -0.462943
v 0.260173 0.167355 -0.438257
v 0.243226 0.193067 -0.430124
v 0.266549 0.028551 -0.484556
v 0.250077 0.071398 -0.479566
v 0.238245 0.095399 -0.476063
v 0.327421 0.135565 -0.425324
v 0.310690 0.167355 -0.416796
v 0.309393 0.205690 -0.392398
v 0.307974 0.028551 -0.468726
v 0.309393 0.071398 -0.457700
v 0.310690 0.119418 -0.440127
v 0.295689 0.151995 -0.433385
v 0.291162 0.015852 -0.478432
v 0.371262 0.080213 -0.422653
v 0.356034 0.119418 -0.415383
v 0.355534 0.164565 -0.392395
v 0.338696 0.195457 -0.384340
v 0.356991 0.023799 -0.445184
v 0.356034 0.067168 -0.435806
v 0.339529 0.103832 -0.431811
v 0.416286 0.323717 -0.023799
v 0.392487 0.341662 -0.023799
v 0.415493 0.323581 -0.071398
v 0.391693 0.340528 -0.071398
v 0.411291 0.319195 -0.118997
v 0.387491 0.337703 -0.118997
v 0.428086 0.285340 -0.189601
v 0.405814 0.309252 -0.168858
v 0.383541 0.335248 -0.148114
v 0.419864 0.277625 -0.214195
v 0.396064 0.296781 -0.214195
v 0.422070 0.231290 -0.277149
v 0.403831 0.261286 -0.260796
v 0.385592 0.289256 -0.244442
v 0.421934 0.182360 -0.326612
v 0.406136 0.215584 -0.310972
v 0.390337 0.247349 -0.295332
v 0.424904 0.087787 -0.377857
v 0.416616 0.118997 -0.370737
v 0.403189 0.164852 -0.355790
v 0.390202 0.199879 -0.341261
v 0.468179 0.277173 -0.023799
v 0.444380 0.299917 -0.023799
v 0.467107 0.276166 -0.071398
v 0.443308 0.299781 -0.071398
v 0.462755 0.272107 -0.118997
v 0.438956 0.295395 -0.118997
v 0.473686 0.235030 -0.184552
v 0.453434 0.263972 -0.171210
v 0.433181 0.289925 -0.157869
v 0.466299 0.226893 -0.214195
v 0.442500 0.253826 -0.214195
v 0.467478 0.176926 -0.274117
v 0.450559 0.212857 -0.259767
v 0.433639 0.243490 -0.245417
v 0.472713 0.086104 -0.329063
v 0.465546 0.118997 -0.319712
v 0.450543 0.163777 -0.307114
v 0.435745 0.199558 -0.294879
v 0.460087 0.023799 -0.363957
v 0.452480 0.071079 -0.357062
v 0.441747 0.118997 -0.346937
v 0.433609 0.150628 -0.338587
v 0.512642 0.222422 -0.023799
v 0.488843 0.253374 -0.023799
v 0.512148 0.221087 -0.071398
v 0.488349 0.252367 -0.071398
v 0.522990 0.189280 -0.139032
v 0.511016 0.211168 -0.121499
v 0.484522 0.248307 -0.118997
v 0.518527 0.181059 -0.166596
v 0.493343 0.217176 -0.167850
v 0.479928 0.242604 -0.152819
v 0.518663 0.131668 -0.227209
v 0.509115 0.164555 -0.212484
v 0.485391 0.203094 -0.214195
v 0.521847 0.037460 -0.282416
v 0.517196 0.071398 -0.274268
v 0.507953 0.117080 -0.259400
v 0.485155 0.163274 -0.259668
v 0.478809 0.194424 -0.242385
v 0.508072 0.022476 -0.305469
v 0.491372 0.070702 -0.311675
v 0.483938 0.118997 -0.295913
v 0.477503 0.145193 -0.287616
v 0.481700 0.023799 -0.340158
v 0.478418 0.054372 -0.336267
v 0.564651 0.125775 -0.023799
v 0.545869 0.166596 -0.023799
v 0.528605 0.198622 -0.023799
v 0.564202 0.124318 -0.071398
v 0.544613 0.166596 -0.071398
v 0.527798 0.197288 -0.071398
v 0.568961 0.086374 -0.132212
v 0.561389 0.115896 -0.117406
v 0.535273 0.170687 -0.121499
v 0.525433 0.193283 -0.107300
v 0.568456 0.032823 -0.180621
v 0.564382 0.070864 -0.165491
v 0.547926 0.118997 -0.166596
v 0.530585 0.157259 -0.166596
v 0.560128 0.019694 -0.209754
v 0.546868 0.071398 -0.214195
v 0.531857 0.117080 -0.212484
v 0.525893 0.147329 -0.195476
v 0.533746 0.022476 -0.264648
v 0.529905 0.071398 -0.250469
v 0.525584 0.099935 -0.241937
v 0.524486 0.005728 -0.286986
v 0.592469 0.023799 -0.023799
v 0.582612 0.071398 -0.023799
v 0.573640 0.101975 -0.023799
v 0.591273 0.023799 -0.071398
v 0.581211 0.071398 -0.071398
v 0.573066 0.100518 -0.071398
v 0.585394 0.023799 -0.118997
v 0.575723 0.070864 -0.117406
v 0.572244 0.097963 -0.100479
v 0.575393 0.019694 -0.165491
v 0.572888 0.054642 -0.148889
v 0.571386 0.001090 -0.190927
v 0.407471 0.023799 -0.411379
v 0.403055 0.068134 -0.403351
v 0.392816 0.118997 -0.390631
v 0.384444 0.147344 -0.383782
v 0.383672 0.023799 -0.430461
v 0.381205 0.048481 -0.428680
v 0.436287 0.023799 -0.387580
v 0.432246 0.056054 -0.384050
vn -0.4677 -0.0922 0.8791
vn -0.4674 -0.0301 0.8836
vn -0.4716 0.0251 0.8815
vn -0.3678 -0.3062 0.8780
vn -0.3897 -0.2179 0.8948
vn -0.3983 -0.1284 0.9082
vn -0.3993 -0.0419 0.9159
vn -0.3958 0.0454 0.9172
vn -0.2614 -0.3968 0.8799
vn -0.2657 -0.3209 0.9091
vn -0.2859 -0.2408 0.9275
vn -0.3122 -0.1421 0.9393
vn -0.3196 -0.0448 0.9465
vn -0.3144 0.0540 0.9478
vn -0.6628 -0.6966 0.2747
vn -0.6770 -0.7091 0.1971
vn -0.6826 -0.7186 0.1327
vn -0.5814 -0.7191 0.3807
vn -0.5916 -0.7395 0.3212
vn -0.5677 -0.8012 0.1891
vn -0.6262 -0.7455 0.2284
vn -0.5712 -0.8140 0.1056
vn -0.6348 -0.7619 0.1288
vn -0.4702 -0.7257 0.5023
vn -0.4622 -0.7990 0.3847
vn -0.5042 -0.7545 0.4201
vn -0.4777 -0.8260 0.2991
vn -0.5458 -0.7642 0.3437
vn -0.4801 -0.8474 0.2268
vn -0.5525 -0.7869 0.2746
vn -0.5103 -0.8511 0.1232
vn -0.3750 -0.7097 0.5964
vn -0.3665 -0.7982 0.4780
vn -0.4068 -0.7535 0.5165
vn -0.3799 -0.8299 0.4085
vn -0.4369 -0.7692 0.4664
vn -0.3995 -0.8554 0.3297
vn -0.3747 -0.9053 0.1999
vn -0.4418 -0.8633 0.2439
vn -0.3770 -0.9188 0.1169
vn -0.4552 -0.8806 0.1319
vn -0.2906 -0.7321 0.6161
vn -0.2853 -0.8228 0.4915
vn -0.3101 -0.7731 0.5533
vn -0.3108 -0.8545 0.4163
vn -0.2789 -0.9109 0.3040
vn -0.3369 -0.8681 0.3647
vn -0.2912 -0.9320 0.2160
vn -0.3616 -0.8882 0.2835
vn -0.2965 -0.9462 0.1299
vn -0.9570 -0.2160 0.1936
vn -0.9672 -0.1315 0.2174
vn -0.9743 -0.0402 0.2215
vn -0.9747 0.0539 0.2168
vn -0.9707 -0.2180 0.1012
vn -0.9838 -0.1381 0.1142
vn -0.9909 -0.0423 0.1274
vn -0.9899 0.0527 0.1317
vn -0.8655 -0.1100 0.4887
vn -0.8720 -0.0365 0.4881
vn -0.8718 0.0444 0.4878
vn -0.8630 -0.3112 0.3979
vn -0.8851 -0.2291 0.4052
vn -0.8980 -0.1428 0.4161
vn -0.9058 -0.0442 0.4215
vn -0.9057 0.0529 0.4207
vn -0.8644 -0.4060 0.2965
vn -0.8885 -0.3275 0.3213
vn -0.9144 -0.2422 0.3245
vn -0.9278 -0.1484 0.3423
vn -0.9363 -0.0456 0.3482
vn -0.9356 0.0541 0.3490
vn -0.8880 -0.4142 0.1998
vn -0.9139 -0.3372 0.2262
vn -0.9334 -0.2602 0.2472
vn -0.9474 -0.1502 0.2826
vn -0.9571 -0.0473 0.2860
vn -0.9579 0.0562 0.2815
vn -0.8612 -0.5002 0.0901
vn -0.8962 -0.4250 0.1275
vn -0.9248 -0.3574 0.1307
vn -0.9503 -0.2840 0.1278
vn -0.7755 -0.2238 0.5903
vn -0.7898 -0.1403 0.5971
vn -0.7931 -0.0471 0.6073
vn -0.7921 0.0517 0.6082
vn -0.7701 -0.4011 0.4960
vn -0.7961 -0.3244 0.5109
vn -0.8111 -0.2539 0.5269
vn -0.8259 -0.1528 0.5428
vn -0.8354 -0.0464 0.5477
vn -0.8360 0.0527 0.5462
vn -0.7627 -0.5152 0.3910
vn -0.8057 -0.4234 0.4141
vn -0.8251 -0.3517 0.4422
vn -0.8401 -0.2610 0.4756
vn -0.8545 -0.1898 0.4835
vn -0.7870 -0.5323 0.3120
vn -0.8224 -0.4538 0.3431
vn -0.8393 -0.3863 0.3825
vn -0.7643 -0.6093 0.2113
vn -0.8067 -0.5412 0.2373
vn -0.8430 -0.4868 0.2288
vn -0.7792 -0.6160 0.1158
vn -0.8227 -0.5530 0.1319
vn -0.8547 -0.4923 0.1649
vn -0.6682 -0.3037 0.6791
vn -0.6818 -0.2342 0.6931
vn -0.6910 -0.1423 0.7087
vn -0.6964 -0.0434 0.7164
vn -0.6971 0.0532 0.7150
vn -0.6872 -0.4119 0.5985
vn -0.7140 -0.3345 0.6151
vn -0.7284 -0.2574 0.6350
vn -0.7409 -0.1480 0.6551
vn -0.7456 -0.0461 0.6647
vn -0.7443 0.0552 0.6656
vn -0.6815 -0.5340 0.5004
vn -0.7171 -0.4457 0.5359
vn -0.7408 -0.3540 0.5708
vn -0.7594 -0.2987 0.5780
vn -0.6853 -0.6077 0.4013
vn -0.7062 -0.5608 0.4323
vn -0.7372 -0.4864 0.4691
vn -0.7104 -0.6255 0.3226
vn -0.7325 -0.5903 0.3391
vn -0.7155 -0.6563 0.2394
vn -0.7493 -0.5965 0.2876
vn -0.7235 -0.6780 0.1299
vn -0.5610 -0.2078 0.8013
vn -0.5738 -0.1334 0.8080
vn -0.5835 -0.0431 0.8110
vn -0.5818 0.0567 0.8114
vn -0.5757 -0.4229 0.6998
vn -0.6012 -0.3387 0.7238
vn -0.6277 -0.2546 0.7356
vn -0.6418 -0.1422 0.7536
vn -0.6443 -0.0457 0.7634
vn -0.6435 0.0548 0.7634
vn -0.5865 -0.5305 0.6121
vn -0.6103 -0.4639 0.6421
vn -0.6468 -0.3764 0.6633
vn -0.6034 -0.6079 0.5161
vn -0.6235 -0.5660 0.5393
vn -0.6493 -0.5009 0.5723
vn -0.6324 -0.6402 0.4360
vn -0.6545 -0.5852 0.4787
vn -0.6430 -0.6759 0.3601
vn -0.4729 -0.4054 0.7823
vn -0.4824 -0.3215 0.8148
vn -0.4931 -0.2464 0.8344
vn -0.5187 -0.1423 0.8430
vn -0.5246 -0.0422 0.8503
vn -0.5321 0.0501 0.8452
vn -0.4919 -0.5138 0.7029
vn -0.5162 -0.4482 0.7298
vn -0.5427 -0.3612 0.7583
vn -0.5531 -0.3013 0.7767
vn -0.4976 -0.6201 0.6065
vn -0.5364 -0.5547 0.6361
vn -0.5577 -0.4938 0.6672
vn -0.5246 -0.6461 0.5543
vn -0.5644 -0.5875 0.5799
vn -0.5553 -0.6862 0.4699
vn -0.3687 -0.5036 0.7813
vn -0.3919 -0.4339 0.8113
vn -0.4309 -0.3510 0.8314
vn -0.4657 -0.2517 0.8484
vn -0.4650 -0.1742 0.8680
vn -0.3649 -0.6147 0.6993
vn -0.4011 -0.5463 0.7353
vn -0.4427 -0.4832 0.7553
vn -0.4101 -0.6484 0.6414
vn -0.4505 -0.5890 0.6709
vn -0.4578 -0.6836 0.5685
vn -0.2969 -0.5152 0.8040
vn -0.3065 -0.4542 0.8365
vn -0.3283 -0.3887 0.8609
vn -0.3063 -0.6306 0.7131
vn -0.3262 -0.5794 0.7470
vn -0.3192 -0.6700 0.6702
vn -0.4697 0.1113 0.8758
vn -0.3866 0.1535 0.9094
vn -0.3752 0.2192 0.9006
vn -0.3677 0.3089 0.8772
vn -0.3127 0.1569 0.9368
vn -0.2998 0.2419 0.9228
vn -0.2885 0.3226 0.9015
vn -0.9686 0.1361 0.2079
vn -0.9568 0.2181 0.1924
vn -0.9821 0.1457 0.1198
vn -0.9688 0.2236 0.1070
vn -0.8669 0.1127 0.4857
vn -0.8981 0.1471 0.4145
vn -0.8834 0.2345 0.4058
vn -0.8655 0.3083 0.3948
vn -0.9270 0.1560 0.3411
vn -0.9141 0.2501 0.3191
vn -0.8948 0.3258 0.3053
vn -0.8635 0.4145 0.2874
vn -0.9498 0.1584 0.2700
vn -0.9335 0.2643 0.2426
vn -0.9128 0.3379 0.2293
vn -0.8777 0.4300 0.2117
vn -0.9497 0.2829 0.1343
vn -0.9240 0.3581 0.1339
vn -0.8908 0.4353 0.1306
vn -0.7872 0.1346 0.6019
vn -0.7733 0.2185 0.5952
vn -0.8302 0.1516 0.5365
vn -0.8237 0.2585 0.5047
vn -0.8046 0.3341 0.4909
vn -0.7665 0.4182 0.4874
vn -0.8573 0.1934 0.4772
vn -0.8403 0.2697 0.4703
vn -0.8223 0.3517 0.4473
vn -0.7942 0.4381 0.4211
vn -0.7651 0.5088 0.3947
vn -0.8449 0.3899 0.3664
vn -0.8215 0.4666 0.3278
vn -0.7994 0.5175 0.3051
vn -0.8389 0.4938 0.2289
vn -0.8197 0.5233 0.2329
vn -0.7668 0.6112 0.1960
vn -0.8525 0.5013 0.1484
vn -0.8249 0.5500 0.1304
vn -0.7794 0.6177 0.1047
vn -0.6883 0.1540 0.7089
vn -0.6705 0.2459 0.6999
vn -0.6568 0.3071 0.6887
vn -0.7317 0.1504 0.6648
vn -0.7059 0.2581 0.6596
vn -0.6928 0.3393 0.6364
vn -0.6780 0.4259 0.5991
vn -0.7572 0.3081 0.5760
vn -0.7375 0.3767 0.5605
vn -0.7140 0.4650 0.5235
vn -0.6864 0.5237 0.5045
vn -0.7299 0.4919 0.4746
vn -0.7117 0.5472 0.4405
vn -0.6723 0.6254 0.3961
vn -0.7357 0.5841 0.3429
vn -0.6887 0.6484 0.3244
vn -0.7526 0.5953 0.2814
vn -0.7060 0.6654 0.2423
vn -0.7152 0.6648 0.2157
vn -0.7313 0.6704 0.1256
vn -0.7386 0.6625 0.1251
vn -0.5727 0.1458 0.8067
vn -0.5710 0.2196 0.7910
vn -0.6334 0.1572 0.7577
vn -0.6190 0.2606 0.7409
vn -0.6007 0.3342 0.7263
vn -0.5749 0.4164 0.7044
vn -0.6426 0.3704 0.6707
vn -0.6142 0.4669 0.6362
vn -0.5877 0.5372 0.6050
vn -0.6487 0.5080 0.5667
vn -0.6192 0.5637 0.5466
vn -0.5847 0.6278 0.5139
vn -0.6490 0.5899 0.4805
vn -0.6149 0.6614 0.4295
vn -0.6019 0.6838 0.4126
vn -0.6514 0.6721 0.3522
vn -0.6439 0.6692 0.3709
vn -0.6841 0.6664 0.2964
vn -0.7087 0.6424 0.2916
vn -0.7617 0.5737 0.3012
vn -0.7704 0.6229 0.1361
vn -0.8183 0.5593 0.1326
vn -0.5271 0.1572 0.8351
vn -0.5037 0.2546 0.8255
vn -0.4835 0.3445 0.8047
vn -0.4694 0.4059 0.7842
vn -0.5570 0.3027 0.7734
vn -0.5404 0.3653 0.7580
vn -0.5067 0.4391 0.7420
vn -0.4852 0.5206 0.7026
vn -0.5547 0.4979 0.6666
vn -0.5299 0.5685 0.6292
vn -0.4906 0.6307 0.6013
vn -0.5565 0.5978 0.5770
vn -0.5221 0.6540 0.5474
vn -0.4774 0.7123 0.5146
vn -0.5604 0.6770 0.4771
vn -0.5194 0.7144 0.4689
vn -0.5087 0.6709 0.5395
vn -0.6140 0.6522 0.4446
vn -0.6003 0.5861 0.5442
vn -0.6810 0.6088 0.4070
vn -0.7278 0.5661 0.3871
vn -0.7953 0.5888 0.1439
vn -0.4554 0.1936 0.8690
vn -0.4451 0.2552 0.8584
vn -0.4162 0.3622 0.8340
vn -0.4002 0.4181 0.8155
vn -0.3703 0.4995 0.7832
vn -0.4494 0.4693 0.7602
vn -0.4038 0.5542 0.7279
vn -0.3654 0.6266 0.6884
vn -0.4455 0.6011 0.6635
vn -0.4040 0.6592 0.6343
vn -0.3703 0.7118 0.5969
vn -0.4489 0.6848 0.5740
vn -0.3971 0.7485 0.5311
vn -0.4106 0.7372 0.5365
vn -0.4027 0.7005 0.5892
vn -0.4147 0.6433 0.6436
vn -0.3434 0.3915 0.8537
vn -0.3148 0.4492 0.8361
vn -0.2748 0.5223 0.8073
vn -0.3034 0.5880 0.7498
vn -0.3003 0.6438 0.7038
vn -0.3149 0.6795 0.6627
vn -0.2964 0.7325 0.6128
vn -0.3194 0.7746 0.5459
vn -0.2745 0.7948 0.5412
vn -0.3560 0.7595 0.5445
vn -0.2801 0.7499 0.5993
vn -0.2993 0.6877 0.6615
vn -0.5771 0.6078 0.5454
vn -0.6790 0.6240 0.3867
vn -0.7694 0.6201 0.1532
vn -0.6565 0.7519 0.0597
vn -0.4041 0.6528 0.6408
vn -0.5079 0.6973 0.5058
vn -0.4057 0.8191 0.4057
vn -0.6198 0.7240 0.3028
vn -0.4520 0.8796 0.1480
vn -0.1498 0.7465 0.6483
vn -0.1879 0.6800 0.7087
vn -0.0697 0.7782 0.6242
vn -0.3067 0.7338 0.6062
vn -0.1480 0.8796 0.4520
vn -0.2380 0.9417 0.2380
vn -0.1694 0.9724 0.1605
vn -0.6900 -0.7231 0.0313
vn -0.6825 -0.7277 -0.0685
vn -0.6757 -0.7193 -0.1613
vn -0.6690 -0.7096 -0.2211
vn -0.5726 -0.8193 0.0305
vn -0.6319 -0.7746 0.0281
vn -0.5770 -0.8142 -0.0645
vn -0.6341 -0.7701 -0.0701
vn -0.5715 -0.8095 -0.1345
vn -0.6361 -0.7550 -0.1592
vn -0.5620 -0.7951 -0.2279
vn -0.6093 -0.7475 -0.2645
vn -0.5763 -0.7412 -0.3442
vn -0.5604 -0.7084 -0.4290
vn -0.5185 -0.8545 0.0314
vn -0.5103 -0.8571 -0.0703
vn -0.4905 -0.8569 -0.1587
vn -0.4797 -0.8375 -0.2618
vn -0.5486 -0.7740 -0.3162
vn -0.4724 -0.8124 -0.3418
vn -0.5166 -0.7662 -0.3821
vn -0.4801 -0.7474 -0.4592
vn -0.4584 -0.7143 -0.5288
vn -0.3841 -0.9230 0.0231
vn -0.4533 -0.8910 0.0258
vn -0.3876 -0.9194 -0.0669
vn -0.4509 -0.8895 -0.0744
vn -0.3827 -0.9100 -0.1592
vn -0.4469 -0.8779 -0.1720
vn -0.3703 -0.8989 -0.2343
vn -0.4181 -0.8660 -0.2742
vn -0.3959 -0.8432 -0.3638
vn -0.4534 -0.7851 -0.4219
vn -0.3772 -0.8161 -0.4378
vn -0.4230 -0.7664 -0.4835
vn -0.3937 -0.7396 -0.5460
vn -0.3056 -0.9517 0.0281
vn -0.3039 -0.9501 -0.0702
vn -0.2946 -0.9412 -0.1656
vn -0.3003 -0.9206 -0.2495
vn -0.3604 -0.8804 -0.3083
vn -0.2770 -0.8993 -0.3383
vn -0.3212 -0.8626 -0.3908
vn -0.2938 -0.8410 -0.4544
vn -0.3448 -0.7859 -0.5133
vn -0.2697 -0.8038 -0.5303
vn -0.3147 -0.7590 -0.5700
vn -0.2890 -0.7199 -0.6310
vn -0.9723 -0.2315 0.0318
vn -0.9891 -0.1439 0.0317
vn -0.9985 -0.0460 0.0301
vn -0.9981 0.0530 0.0323
vn -0.9708 -0.2321 -0.0599
vn -0.9881 -0.1389 -0.0667
vn -0.9968 -0.0459 -0.0657
vn -0.9963 0.0535 -0.0673
vn -0.9667 -0.2212 -0.1288
vn -0.9805 -0.1341 -0.1434
vn -0.9874 -0.0445 -0.1519
vn -0.9862 0.0541 -0.1567
vn -0.9634 -0.1177 -0.2408
vn -0.9693 -0.0365 -0.2432
vn -0.9692 0.0511 -0.2407
vn -0.8635 -0.5041 0.0151
vn -0.9020 -0.4308 0.0298
vn -0.9334 -0.3575 0.0320
vn -0.9563 -0.2908 0.0311
vn -0.8613 -0.5069 -0.0331
vn -0.9037 -0.4242 -0.0576
vn -0.9317 -0.3570 -0.0676
vn -0.9539 -0.2922 -0.0683
vn -0.8566 -0.5022 -0.1184
vn -0.8965 -0.4130 -0.1605
vn -0.9222 -0.3484 -0.1675
vn -0.9429 -0.2840 -0.1742
vn -0.9543 -0.2041 -0.2182
vn -0.8802 -0.4157 -0.2290
vn -0.9103 -0.3293 -0.2508
vn -0.9242 -0.2583 -0.2814
vn -0.9367 -0.1611 -0.3109
vn -0.9472 -0.0484 -0.3169
vn -0.9481 0.0595 -0.3122
vn -0.8542 -0.4051 -0.3259
vn -0.8850 -0.3138 -0.3440
vn -0.9033 -0.2436 -0.3531
vn -0.9197 -0.1504 -0.3627
vn -0.9254 -0.0439 -0.3764
vn -0.9244 0.0560 -0.3773
vn -0.8733 -0.2160 -0.4366
vn -0.8830 -0.1401 -0.4480
vn -0.8920 -0.0440 -0.4499
vn -0.8968 0.0512 -0.4395
vn -0.7834 -0.6209 0.0289
vn -0.8270 -0.5617 0.0260
vn -0.7859 -0.6147 -0.0680
vn -0.8200 -0.5693 -0.0593
vn -0.7774 -0.6128 -0.1415
vn -0.8115 -0.5609 -0.1639
vn -0.8480 -0.4879 -0.2072
vn -0.7641 -0.6030 -0.2290
vn -0.8066 -0.5260 -0.2696
vn -0.8293 -0.4869 -0.2742
vn -0.7883 -0.5114 -0.3422
vn -0.8088 -0.4523 -0.3757
vn -0.8311 -0.3702 -0.4150
vn -0.8548 -0.3015 -0.4224
vn -0.7775 -0.4804 -0.4058
vn -0.7935 -0.4206 -0.4398
vn -0.8106 -0.3570 -0.4641
vn -0.8300 -0.2558 -0.4957
vn -0.8437 -0.1501 -0.5155
vn -0.8537 -0.0530 -0.5180
vn -0.8547 0.0507 -0.5167
vn -0.7798 -0.3214 -0.5372
vn -0.8019 -0.2369 -0.5485
vn -0.8179 -0.1414 -0.5578
vn -0.8192 -0.0502 -0.5713
vn -0.8129 0.0548 -0.5798
vn -0.7582 -0.2049 -0.6190
vn -0.7696 -0.1280 -0.6256
vn -0.7752 -0.0451 -0.6301
vn -0.7754 0.0581 -0.6288
vn -0.7356 -0.6766 0.0340
vn -0.7361 -0.6735 -0.0679
vn -0.7228 -0.6716 -0.1628
vn -0.7091 -0.6523 -0.2678
vn -0.7466 -0.5860 -0.3149
vn -0.6969 -0.6192 -0.3618
vn -0.7254 -0.5762 -0.3767
vn -0.6717 -0.6033 -0.4299
vn -0.7018 -0.5408 -0.4637
vn -0.7297 -0.4618 -0.5043
vn -0.7556 -0.4025 -0.5168
vn -0.6757 -0.5101 -0.5322
vn -0.7030 -0.4475 -0.5528
vn -0.7282 -0.3598 -0.5833
vn -0.7397 -0.2830 -0.6105
vn -0.6653 -0.4110 -0.6233
vn -0.6932 -0.3223 -0.6447
vn -0.7091 -0.2491 -0.6596
vn -0.7214 -0.1380 -0.6786
vn -0.7269 -0.0493 -0.6850
vn -0.7323 0.0582 -0.6785
vn -0.6556 -0.6934 -0.2989
vn -0.6401 -0.6658 -0.3835
vn -0.6129 -0.6384 -0.4656
vn -0.6459 -0.5773 -0.4995
vn -0.5824 -0.6151 -0.5314
vn -0.6188 -0.5393 -0.5711
vn -0.6338 -0.4898 -0.5987
vn -0.5787 -0.5049 -0.6405
vn -0.5975 -0.4511 -0.6629
vn -0.6312 -0.3464 -0.6940
vn -0.6465 -0.2929 -0.7045
vn -0.5338 -0.6780 -0.5054
vn -0.4983 -0.6603 -0.5619
vn -0.5526 -0.5723 -0.6059
vn -0.4712 -0.6167 -0.6307
vn -0.5108 -0.5265 -0.6797
vn -0.5332 -0.4876 -0.6913
vn -0.4177 -0.6881 -0.5933
vn -0.4000 -0.6490 -0.6471
vn -0.4513 -0.5550 -0.6988
vn -0.3597 -0.7049 -0.6113
vn -0.3107 -0.6721 -0.6721
vn -0.6600 -0.2109 -0.7210
vn -0.6696 -0.1198 -0.7330
vn -0.6747 -0.0488 -0.7365
vn -0.6750 0.0548 -0.7358
vn -0.5614 -0.4076 -0.7203
vn -0.5809 -0.3174 -0.7495
vn -0.5890 -0.2539 -0.7672
vn -0.6158 -0.1435 -0.7748
vn -0.6231 -0.0454 -0.7809
vn -0.6225 0.0512 -0.7809
vn -0.5629 -0.1062 -0.8197
vn -0.5655 -0.0321 -0.8241
vn -0.5659 0.0346 -0.8237
vn -0.4691 -0.4986 -0.7289
vn -0.4877 -0.4474 -0.7496
vn -0.5237 -0.3423 -0.7801
vn -0.5454 -0.2624 -0.7961
vn -0.5528 -0.1866 -0.8122
vn -0.4725 -0.2998 -0.8288
vn -0.4785 -0.2350 -0.8461
vn -0.4822 -0.1440 -0.8642
vn -0.4930 -0.0462 -0.8688
vn -0.4929 0.0511 -0.8686
vn -0.3550 -0.5955 -0.7207
vn -0.4040 -0.5052 -0.7626
vn -0.4198 -0.4759 -0.7729
vn -0.4552 -0.3842 -0.8032
vn -0.3667 -0.4180 -0.8312
vn -0.3884 -0.3188 -0.8646
vn -0.4132 -0.2552 -0.8742
vn -0.4432 -0.1510 -0.8836
vn -0.4402 -0.0484 -0.8966
vn -0.4394 0.0537 -0.8967
vn -0.3683 -0.1061 -0.9236
vn -0.3699 -0.0333 -0.9285
vn -0.3664 0.0375 -0.9297
vn -0.2611 -0.6214 -0.7387
vn -0.3019 -0.5440 -0.7829
vn -0.3459 -0.4941 -0.7976
vn -0.2678 -0.5059 -0.8200
vn -0.2884 -0.4314 -0.8548
vn -0.3130 -0.3572 -0.8800
vn -0.3466 -0.2770 -0.8962
vn -0.3544 -0.1949 -0.9146
vn -0.2639 -0.3073 -0.9143
vn -0.2744 -0.2167 -0.9369
vn -0.2775 -0.1401 -0.9505
vn -0.2940 -0.0436 -0.9548
vn -0.2925 0.0513 -0.9549
vn -0.9875 0.1546 0.0312
vn -0.9732 0.2276 0.0317
vn -0.9864 0.1504 -0.0665
vn -0.9725 0.2262 -0.0552
vn -0.9779 0.1430 -0.1523
vn -0.9654 0.2237 -0.1341
vn -0.9642 0.1245 -0.2341
vn -0.9571 0.2877 0.0335
vn -0.9283 0.3706 0.0311
vn -0.9001 0.4340 0.0377
vn -0.8607 0.5087 0.0187
vn -0.9546 0.2895 -0.0699
vn -0.9277 0.3672 -0.0677
vn -0.9009 0.4293 -0.0641
vn -0.8596 0.5099 -0.0318
vn -0.9555 0.2030 -0.2141
vn -0.9428 0.2810 -0.1792
vn -0.9215 0.3492 -0.1701
vn -0.8914 0.4250 -0.1573
vn -0.9409 0.1658 -0.2953
vn -0.9250 0.2614 -0.2756
vn -0.9046 0.3364 -0.2616
vn -0.8757 0.4221 -0.2346
vn -0.9183 0.1562 -0.3637
vn -0.9022 0.2467 -0.3537
vn -0.8843 0.3213 -0.3389
vn -0.8909 0.1453 -0.4304
vn -0.8773 0.2193 -0.4268
vn -0.8590 0.5054 0.0816
vn -0.8217 0.5685 0.0398
vn -0.7848 0.6190 0.0302
vn -0.8569 0.5037 -0.1093
vn -0.8178 0.5716 -0.0671
vn -0.7821 0.6197 -0.0658
vn -0.8496 0.4963 -0.1783
vn -0.8190 0.5514 -0.1584
vn -0.7729 0.6212 -0.1294
vn -0.8552 0.4030 -0.3258
vn -0.8301 0.4831 -0.2783
vn -0.8069 0.5242 -0.2721
vn -0.7598 0.6088 -0.2281
vn -0.8560 0.3079 -0.4153
vn -0.8370 0.3770 -0.3967
vn -0.8198 0.4437 -0.3620
vn -0.7871 0.5237 -0.3260
vn -0.8480 0.1564 -0.5064
vn -0.8335 0.2626 -0.4862
vn -0.8161 0.3573 -0.4542
vn -0.7949 0.4171 -0.4407
vn -0.7559 0.5045 -0.4171
vn -0.8093 0.1441 -0.5694
vn -0.7971 0.2427 -0.5529
vn -0.7781 0.3204 -0.5403
vn -0.7665 0.1273 -0.6295
vn -0.7566 0.2035 -0.6215
vn -0.7383 0.6739 0.0297
vn -0.7313 0.6818 0.0196
vn -0.7325 0.6772 -0.0703
vn -0.7080 0.7019 -0.0787
vn -0.7183 0.6781 -0.1558
vn -0.6797 0.7158 -0.1602
vn -0.7412 0.5903 -0.3195
vn -0.7050 0.6567 -0.2677
vn -0.6663 0.7124 -0.2203
vn -0.7278 0.5803 -0.3654
vn -0.6933 0.6303 -0.3494
vn -0.7526 0.4059 -0.5186
vn -0.7226 0.4722 -0.5048
vn -0.6995 0.5423 -0.4654
vn -0.6642 0.6122 -0.4290
vn -0.7368 0.2866 -0.6124
vn -0.7200 0.3622 -0.5919
vn -0.7017 0.4442 -0.5571
vn -0.6739 0.5151 -0.5297
vn -0.7229 0.1447 -0.6757
vn -0.7141 0.2452 -0.6557
vn -0.6943 0.3380 -0.6354
vn -0.6678 0.4099 -0.6214
vn -0.7568 0.6534 -0.0184
vn -0.7993 0.5955 -0.0809
vn -0.6933 0.7111 -0.1173
vn -0.7215 0.6695 -0.1767
vn -0.6316 0.7480 -0.2041
vn -0.6451 0.7246 -0.2425
vn -0.6490 0.6984 -0.3016
vn -0.5941 0.7591 -0.2661
vn -0.6284 0.6778 -0.3817
vn -0.5773 0.7366 -0.3523
vn -0.6366 0.5832 -0.5046
vn -0.5975 0.6548 -0.4629
vn -0.5624 0.7069 -0.4290
vn -0.6430 0.4813 -0.5957
vn -0.6082 0.5579 -0.5647
vn -0.5705 0.6223 -0.5359
vn -0.6509 0.2844 -0.7039
vn -0.6287 0.3683 -0.6849
vn -0.6032 0.4392 -0.6657
vn -0.5726 0.5233 -0.6311
vn -0.7879 0.6028 -0.1256
vn -0.6895 0.6725 -0.2690
vn -0.5828 0.7683 -0.2646
vn -0.5670 0.7552 -0.3289
vn -0.5467 0.7881 -0.2829
vn -0.5000 0.8113 -0.3030
vn -0.5297 0.7678 -0.3604
vn -0.4780 0.8190 -0.3175
vn -0.5376 0.6803 -0.4983
vn -0.4996 0.7345 -0.4592
vn -0.5360 0.5944 -0.5995
vn -0.5000 0.6529 -0.5690
vn -0.4678 0.7070 -0.5304
vn -0.5445 0.4729 -0.6928
vn -0.4991 0.5637 -0.6582
vn -0.4685 0.6201 -0.6293
vn -0.4659 0.7846 -0.4091
vn -0.4177 0.8409 -0.3440
vn -0.4497 0.7970 -0.4032
vn -0.3888 0.8517 -0.3514
vn -0.4165 0.7651 -0.4910
vn -0.3606 0.8278 -0.4297
vn -0.4276 0.6774 -0.5985
vn -0.3956 0.7367 -0.5484
vn -0.4230 0.5955 -0.6830
vn -0.4032 0.6393 -0.6548
vn -0.3411 0.8773 -0.3377
vn -0.3158 0.8626 -0.3952
vn -0.3450 0.7885 -0.5091
vn -0.2951 0.8471 -0.4419
vn -0.3559 0.7005 -0.6185
vn -0.3125 0.7553 -0.5761
vn -0.2672 0.8072 -0.5264
vn -0.3560 0.6060 -0.7114
vn -0.3162 0.6653 -0.6763
vn -0.2746 0.7182 -0.6394
vn -0.7682 0.6219 -0.1523
vn -0.6565 0.7519 -0.0597
vn -0.6594 0.6541 -0.3706
vn -0.5604 0.7099 -0.4266
vn -0.6196 0.7243 -0.3025
vn -0.4520 0.8796 -0.1480
vn -0.4998 0.7133 -0.4913
vn -0.3951 0.8183 -0.4176
vn -0.4230 0.7586 -0.4956
vn -0.3731 0.8368 -0.4008
vn -0.2448 0.9405 -0.2357
vn -0.1880 0.9695 -0.1573
vn -0.2699 0.7821 -0.5617
vn -0.1478 0.8688 -0.4726
vn -0.2107 0.8118 -0.5446
vn -0.0818 0.8305 -0.5510
vn -0.2672 0.8972 -0.3516
vn -0.2586 0.9055 -0.3364
vn -0.6693 0.1352 -0.7306
vn -0.6637 0.1976 -0.7215
vn -0.6174 0.1505 -0.7721
vn -0.5893 0.2435 -0.7703
vn -0.5722 0.3410 -0.7459
vn -0.5600 0.4081 -0.7210
vn -0.5627 0.1159 -0.8185
vn -0.5536 0.1869 -0.8115
vn -0.5506 0.2597 -0.7933
vn -0.5206 0.3641 -0.7723
vn -0.4954 0.4245 -0.7578
vn -0.4663 0.5131 -0.7206
vn -0.4812 0.1490 -0.8639
vn -0.4796 0.2236 -0.8485
vn -0.4692 0.3224 -0.8221
vn -0.4456 0.4029 -0.7995
vn -0.4169 0.4549 -0.7869
vn -0.3832 0.5377 -0.7510
vn -0.4392 0.1582 -0.8843
vn -0.4031 0.2541 -0.8792
vn -0.3794 0.3460 -0.8581
vn -0.3667 0.4114 -0.8344
vn -0.3672 0.1167 -0.9228
vn -0.3345 0.4915 -0.8041
vn -0.3063 0.5564 -0.7724
vn -0.2793 0.6240 -0.7298
vn -0.3519 0.1972 -0.9150
vn -0.3456 0.2736 -0.8976
vn -0.3155 0.3633 -0.8766
vn -0.2863 0.4280 -0.8572
vn -0.2607 0.5083 -0.8208
vn -0.2794 0.1464 -0.9489
vn -0.2746 0.2190 -0.9363
vn -0.2598 0.3086 -0.9150
vn -0.1837 -0.1212 0.9755
vn -0.1910 -0.0254 0.9813
vn -0.1844 0.0420 0.9820
vn -0.1954 -0.4072 0.8922
vn -0.2059 -0.3284 0.9218
vn -0.2142 -0.2532 0.9434
vn -0.2354 -0.1656 0.9577
vn -0.2644 -0.0414 0.9635
vn -0.2569 0.0549 0.9649
vn -0.0809 -0.1232 0.9891
vn -0.0896 -0.0337 0.9954
vn -0.0897 0.0489 0.9948
vn -0.1080 -0.4166 0.9027
vn -0.1127 -0.3407 0.9334
vn -0.1186 -0.2690 0.9558
vn -0.1260 -0.1955 0.9726
vn -0.0101 -0.2059 0.9785
vn -0.0167 -0.1241 0.9921
vn -0.0093 -0.0458 0.9989
vn -0.0124 0.0577 0.9983
vn -0.0114 -0.4248 0.9052
vn -0.0133 -0.3441 0.9388
vn -0.0228 -0.2805 0.9596
vn -0.0616 -0.2017 0.9775
vn 0.0498 -0.2081 0.9768
vn 0.0772 -0.1196 0.9898
vn 0.0851 -0.0422 0.9955
vn 0.0816 0.0487 0.9955
vn 0.0850 -0.4220 0.9026
vn 0.0871 -0.3423 0.9355
vn 0.0941 -0.2712 0.9579
vn 0.1361 -0.1826 0.9737
vn 0.1488 -0.1101 0.9827
vn 0.1478 -0.0306 0.9885
vn 0.1512 0.0356 0.9879
vn 0.1617 -0.4161 0.8948
vn 0.1828 -0.3309 0.9258
vn 0.1935 -0.2510 0.9485
vn 0.2031 -0.1585 0.9662
vn 0.2176 -0.0472 0.9749
vn 0.2187 0.0572 0.9741
vn 0.2504 -0.4058 0.8790
vn 0.2763 -0.3202 0.9062
vn 0.2845 -0.2410 0.9279
vn 0.2957 -0.1505 0.9434
vn 0.3085 -0.0479 0.9500
vn 0.3055 0.0588 0.9504
vn 0.3502 -0.3063 0.8852
vn 0.3517 -0.2282 0.9079
vn 0.3640 -0.1461 0.9199
vn 0.3731 -0.0462 0.9267
vn 0.3761 0.0529 0.9251
vn 0.4521 -0.1167 0.8843
vn 0.4529 -0.0405 0.8906
vn 0.4531 0.0541 0.8898
vn -0.1843 -0.7048 0.6850
vn -0.1665 -0.7961 0.5818
vn -0.2089 -0.7508 0.6267
vn -0.1994 -0.8392 0.5060
vn -0.2345 -0.7861 0.5719
vn -0.1773 -0.9026 0.3923
vn -0.2200 -0.8621 0.4565
vn -0.2000 -0.9294 0.3102
vn -0.2625 -0.8880 0.3775
vn -0.2089 -0.9510 0.2280
vn -0.2127 -0.9686 0.1285
vn -0.0999 -0.7134 0.6936
vn -0.1005 -0.8054 0.5841
vn -0.1090 -0.7602 0.6404
vn -0.1090 -0.8509 0.5139
vn -0.0943 -0.9115 0.4004
vn -0.1103 -0.8759 0.4697
vn -0.1106 -0.9420 0.3167
vn -0.1097 -0.9666 0.2315
vn -0.1188 -0.9833 0.1377
vn -0.0128 -0.7191 0.6947
vn -0.0091 -0.8078 0.5893
vn -0.0111 -0.7630 0.6463
vn -0.0125 -0.8533 0.5213
vn -0.0114 -0.9150 0.4033
vn -0.0157 -0.8845 0.4662
vn -0.0106 -0.9460 0.3239
vn -0.0098 -0.9741 0.2260
vn -0.0048 -0.9960 0.0896
vn -0.0147 -0.9850 0.1721
vn 0.0857 -0.7159 0.6930
vn 0.0738 -0.8068 0.5862
vn 0.0873 -0.7637 0.6396
vn 0.0890 -0.8490 0.5208
vn 0.0835 -0.9142 0.3966
vn 0.0922 -0.8804 0.4651
vn 0.0899 -0.9432 0.3197
vn 0.0912 -0.9693 0.2283
vn 0.0614 -0.9931 0.0997
vn 0.1014 -0.9844 0.1435
vn 0.1659 -0.7070 0.6875
vn 0.1378 -0.8001 0.5838
vn 0.1897 -0.7458 0.6386
vn 0.1733 -0.8477 0.5013
vn 0.2148 -0.7908 0.5731
vn 0.1413 -0.9084 0.3934
vn 0.1774 -0.8635 0.4721
vn 0.1677 -0.9405 0.2956
vn 0.1894 -0.9552 0.2273
vn 0.1908 -0.9731 0.1294
vn 0.2856 -0.7299 0.6210
vn 0.2571 -0.8292 0.4963
vn 0.2996 -0.7661 0.5686
vn 0.2373 -0.8922 0.3843
vn 0.2921 -0.8493 0.4399
vn 0.2574 -0.9196 0.2968
vn 0.3352 -0.8634 0.3771
vn 0.2620 -0.9426 0.2069
vn 0.2862 -0.9500 0.1246
vn 0.3535 -0.7129 0.6057
vn 0.3514 -0.8008 0.4851
vn 0.3968 -0.7451 0.5360
vn 0.3744 -0.8368 0.3995
vn 0.4361 -0.7715 0.4633
vn 0.3524 -0.8925 0.2815
vn 0.4116 -0.8470 0.3363
vn 0.3624 -0.9148 0.1785
vn 0.4417 -0.8697 0.2202
vn 0.3574 -0.9252 0.1275
vn 0.4318 -0.8871 0.1632
vn 0.4731 -0.7250 0.5005
vn 0.4546 -0.8036 0.3842
vn 0.5024 -0.7478 0.4341
vn 0.4610 -0.8347 0.3012
vn 0.5250 -0.7795 0.3418
vn 0.4763 -0.8494 0.2274
vn 0.5365 -0.7990 0.2718
vn 0.5056 -0.8517 0.1378
vn -0.1677 -0.6058 0.7777
vn -0.2028 -0.5283 0.8245
vn -0.2119 -0.4780 0.8524
vn -0.2137 -0.6498 0.7294
vn -0.2442 -0.5936 0.7668
vn -0.2554 -0.6909 0.6763
vn -0.1018 -0.6096 0.7861
vn -0.1092 -0.5410 0.8339
vn -0.1126 -0.4880 0.8655
vn -0.1110 -0.6608 0.7423
vn -0.0098 -0.6078 0.7940
vn -0.0095 -0.5458 0.8379
vn -0.0109 -0.4940 0.8694
vn -0.0128 -0.6648 0.7469
vn 0.0717 -0.6067 0.7917
vn 0.0860 -0.5433 0.8351
vn 0.0903 -0.4930 0.8653
vn 0.0886 -0.6619 0.7443
vn 0.1481 -0.6059 0.7816
vn 0.1844 -0.5246 0.8312
vn 0.1856 -0.4870 0.8535
vn 0.1955 -0.6594 0.7259
vn 0.2315 -0.5940 0.7704
vn 0.2363 -0.6966 0.6775
vn 0.2680 -0.5177 0.8125
vn 0.2952 -0.4589 0.8380
vn 0.3354 -0.3842 0.8602
vn 0.2878 -0.6386 0.7137
vn 0.3062 -0.5839 0.7519
vn 0.3031 -0.6833 0.6643
vn 0.3472 -0.5104 0.7867
vn 0.3778 -0.4184 0.8260
vn 0.4019 -0.3552 0.8440
vn 0.4205 -0.2682 0.8668
vn 0.4388 -0.1916 0.8779
vn 0.3592 -0.6215 0.6963
vn 0.3930 -0.5629 0.7271
vn 0.4302 -0.4802 0.7644
vn 0.3977 -0.6546 0.6429
vn 0.4380 -0.5987 0.6706
vn 0.4414 -0.6884 0.5755
vn 0.4527 -0.4001 0.7968
vn 0.4680 -0.3401 0.8156
vn 0.4988 -0.2444 0.8315
vn 0.5230 -0.1508 0.8389
vn 0.5279 -0.0495 0.8479
vn 0.5222 0.0570 0.8509
vn 0.4636 -0.5339 0.7071
vn 0.4992 -0.4402 0.7464
vn 0.5270 -0.3844 0.7580
vn 0.4838 -0.6293 0.6082
vn 0.5011 -0.5838 0.6388
vn 0.5139 -0.6666 0.5399
vn 0.5411 -0.6904 0.4802
vn 0.5628 -0.7204 0.4054
vn 0.5768 -0.7453 0.3343
vn 0.5508 -0.8116 0.1946
vn 0.6018 -0.7654 0.2281
vn 0.5563 -0.8229 0.1153
vn 0.6180 -0.7762 0.1250
vn 0.6480 -0.7026 0.2940
vn 0.6603 -0.7240 0.1997
vn 0.6715 -0.7311 0.1209
vn 0.5480 -0.3056 0.7786
vn 0.5615 -0.2157 0.7989
vn 0.5674 -0.1458 0.8104
vn 0.5724 -0.0501 0.8185
vn 0.5709 0.0545 0.8192
vn 0.5454 -0.5015 0.6716
vn 0.5713 -0.4108 0.7105
vn 0.5874 -0.3511 0.7292
vn 0.6116 -0.2369 0.7549
vn 0.6226 -0.1501 0.7680
vn 0.6347 -0.0502 0.7711
vn 0.6367 0.0545 0.7692
vn 0.5415 -0.6059 0.5828
vn 0.5762 -0.5431 0.6108
vn 0.6165 -0.4490 0.6468
vn 0.6302 -0.3929 0.6696
vn 0.5676 -0.6365 0.5223
vn 0.6015 -0.5714 0.5583
vn 0.5994 -0.6684 0.4403
vn 0.6271 -0.6782 0.3832
vn 0.6497 -0.3189 0.6901
vn 0.6648 -0.2310 0.7105
vn 0.6730 -0.1414 0.7260
vn 0.6881 -0.0422 0.7244
vn 0.6906 0.0508 0.7215
vn 0.6408 -0.5017 0.5811
vn 0.6683 -0.4289 0.6077
vn 0.6905 -0.3508 0.6326
vn 0.7211 -0.2454 0.6479
vn 0.7298 -0.1465 0.6678
vn 0.7332 -0.0401 0.6789
vn 0.7319 0.0529 0.6793
vn 0.6388 -0.6026 0.4784
vn 0.6740 -0.5290 0.5157
vn 0.7086 -0.4626 0.5328
vn 0.7305 -0.3829 0.5655
vn 0.6672 -0.6285 0.3998
vn 0.7055 -0.5581 0.4367
vn 0.7297 -0.4912 0.4756
vn 0.6924 -0.6392 0.3347
vn 0.7213 -0.5871 0.3674
vn 0.7173 -0.6622 0.2169
vn 0.7256 -0.6760 0.1287
vn 0.7530 -0.3012 0.5850
vn 0.7710 -0.2302 0.5937
vn 0.7804 -0.1502 0.6070
vn 0.7810 -0.0435 0.6230
vn 0.7788 0.0550 0.6249
vn 0.7672 -0.4140 0.4899
vn 0.7934 -0.3357 0.5078
vn 0.8025 -0.2504 0.5416
vn 0.8179 -0.1520 0.5549
vn 0.8276 -0.0509 0.5589
vn 0.8276 0.0613 0.5579
vn 0.7589 -0.5164 0.3967
vn 0.7856 -0.4420 0.4329
vn 0.8075 -0.3587 0.4683
vn 0.8294 -0.2899 0.4775
vn 0.7449 -0.6027 0.2860
vn 0.7835 -0.5325 0.3204
vn 0.8128 -0.4776 0.3335
vn 0.8354 -0.3982 0.3788
vn 0.7620 -0.6156 0.2012
vn 0.7924 -0.5646 0.2309
vn 0.8256 -0.4891 0.2813
vn 0.7730 -0.6218 0.1263
vn 0.8057 -0.5801 0.1194
vn 0.8460 -0.2106 0.4899
vn 0.8592 -0.1323 0.4942
vn 0.8701 -0.0473 0.4906
vn 0.8696 0.0550 0.4907
vn 0.8651 -0.3031 0.3998
vn 0.8818 -0.2359 0.4083
vn 0.8958 -0.1483 0.4191
vn 0.8976 -0.0454 0.4384
vn 0.8979 0.0544 0.4369
vn 0.8670 -0.4110 0.2818
vn 0.8933 -0.3290 0.3062
vn 0.9075 -0.2527 0.3356
vn 0.9241 -0.1606 0.3469
vn 0.9326 -0.0498 0.3575
vn 0.9304 0.0578 0.3621
vn 0.8394 -0.5095 0.1891
vn 0.8807 -0.4154 0.2275
vn 0.9020 -0.3568 0.2429
vn 0.9238 -0.2650 0.2765
vn 0.9396 -0.1968 0.2802
vn 0.8506 -0.5172 0.0944
vn 0.8941 -0.4317 0.1197
vn 0.9165 -0.3809 0.1221
vn 0.9501 -0.1180 0.2887
vn 0.9563 -0.0425 0.2893
vn 0.9556 0.0446 0.2913
vn 0.9370 -0.2975 0.1833
vn 0.9557 -0.2096 0.2065
vn 0.9647 -0.1445 0.2203
vn 0.9735 -0.0485 0.2236
vn 0.9744 0.0568 0.2176
vn 0.9503 -0.2997 0.0847
vn 0.9698 -0.2193 0.1064
vn 0.9803 -0.1495 0.1289
vn 0.9907 -0.0452 0.1280
vn 0.9903 0.0596 0.1252
vn -0.1749 0.1191 0.9774
vn -0.2312 0.1658 0.9587
vn -0.2155 0.2593 0.9415
vn -0.2077 0.3299 0.9209
vn -0.1793 0.4227 0.8883
vn -0.0787 0.1227 0.9893
vn -0.1102 0.1933 0.9749
vn -0.1148 0.2709 0.9557
vn -0.1132 0.3464 0.9312
vn -0.0984 0.4208 0.9018
vn -0.0107 0.1356 0.9907
vn -0.0105 0.2022 0.9793
vn -0.0095 0.2717 0.9623
vn -0.0120 0.3509 0.9363
vn -0.0131 0.4311 0.9022
vn 0.0670 0.1291 0.9894
vn 0.0853 0.1970 0.9767
vn 0.0854 0.2730 0.9582
vn 0.0910 0.3480 0.9331
vn 0.0873 0.4234 0.9017
vn 0.1491 0.1218 0.9813
vn 0.2032 0.1685 0.9645
vn 0.1944 0.2619 0.9453
vn 0.1841 0.3424 0.9213
vn 0.1676 0.4097 0.8967
vn 0.2932 0.1583 0.9429
vn 0.2831 0.2519 0.9254
vn 0.2655 0.3265 0.9071
vn 0.2443 0.4062 0.8805
vn 0.3569 0.1392 0.9237
vn 0.3489 0.2481 0.9037
vn 0.3435 0.3113 0.8861
vn 0.4521 0.1047 0.8858
vn 0.4404 0.2090 0.8731
vn -0.2674 0.4062 0.8738
vn -0.2222 0.4911 0.8423
vn -0.2084 0.5297 0.8222
vn -0.2183 0.5963 0.7725
vn -0.2177 0.6527 0.7257
vn -0.1798 0.7093 0.6816
vn -0.2593 0.6943 0.6714
vn -0.2119 0.7518 0.6244
vn -0.2085 0.7924 0.5733
vn -0.1921 0.8305 0.5229
vn -0.1392 0.8240 0.5492
vn -0.1121 0.4983 0.8597
vn -0.1155 0.5515 0.8261
vn -0.0863 0.6140 0.7846
vn -0.1507 0.6069 0.7804
vn -0.1132 0.6591 0.7435
vn -0.0934 0.7168 0.6910
vn -0.1104 0.7695 0.6290
vn -0.0812 0.8067 0.5853
vn -0.1411 0.8015 0.5811
vn -0.1083 0.8443 0.5248
vn -0.0914 0.8755 0.4745
vn -0.0119 0.4996 0.8662
vn -0.0149 0.5512 0.8343
vn -0.0127 0.6176 0.7864
vn -0.0118 0.6736 0.7390
vn -0.0057 0.7198 0.6942
vn -0.0134 0.7608 0.6489
vn -0.0253 0.8093 0.5869
vn -0.0119 0.8583 0.5130
vn -0.0026 0.8829 0.4696
vn 0.0871 0.4991 0.8622
vn 0.0881 0.5522 0.8291
vn 0.0857 0.6158 0.7833
vn 0.0855 0.6660 0.7411
vn 0.0693 0.7193 0.6912
vn 0.0972 0.7579 0.6450
vn 0.0675 0.8072 0.5865
vn 0.1468 0.8018 0.5793
vn 0.0976 0.8572 0.5057
vn 0.0929 0.8790 0.4677
vn 0.1912 0.4858 0.8529
vn 0.1831 0.5471 0.8168
vn 0.1466 0.6124 0.7768
vn 0.2161 0.6006 0.7698
vn 0.1854 0.6466 0.7400
vn 0.1517 0.7103 0.6874
vn 0.2345 0.6992 0.6754
vn 0.1942 0.7645 0.6147
vn 0.2100 0.7934 0.5713
vn 0.1943 0.8425 0.5025
vn 0.1960 0.8742 0.4442
vn 0.2340 0.8949 0.3799
vn 0.3208 0.3901 0.8631
vn 0.2924 0.4654 0.8354
vn 0.2768 0.5230 0.8061
vn 0.2914 0.5806 0.7602
vn 0.2777 0.6373 0.7189
vn 0.3079 0.6870 0.6582
vn 0.2815 0.7461 0.6034
vn 0.2848 0.7821 0.5542
vn 0.2624 0.8280 0.4955
vn 0.2866 0.8618 0.4185
vn 0.3169 0.8785 0.3576
vn 0.3434 0.8946 0.2861
vn 0.4196 0.3072 0.8541
vn 0.3961 0.3582 0.8455
vn 0.3637 0.4515 0.8148
vn 0.3452 0.5143 0.7851
vn 0.4198 0.5054 0.7539
vn 0.3879 0.5454 0.7430
vn 0.3488 0.6239 0.6993
vn 0.4397 0.5940 0.6737
vn 0.3908 0.6690 0.6323
vn 0.3497 0.7248 0.5936
vn 0.4292 0.6997 0.5712
vn 0.3822 0.7638 0.5201
vn 0.3470 0.8064 0.4789
vn 0.4220 0.7846 0.4543
vn 0.3730 0.8352 0.4040
vn 0.3829 0.8629 0.3299
vn 0.4172 0.8751 0.2454
vn 0.4398 0.8885 0.1308
vn 0.5252 0.1438 0.8387
vn 0.5006 0.2616 0.8252
vn 0.4715 0.3271 0.8190
vn 0.4498 0.4220 0.7872
vn 0.5311 0.3795 0.7575
vn 0.4955 0.4755 0.7269
vn 0.4711 0.5198 0.7126
vn 0.5389 0.5098 0.6706
vn 0.5164 0.5550 0.6521
vn 0.4810 0.6324 0.6072
vn 0.5033 0.6706 0.5449
vn 0.4533 0.7414 0.4948
vn 0.5377 0.6987 0.4719
vn 0.4805 0.7711 0.4178
vn 0.4449 0.8068 0.3887
vn 0.5200 0.7804 0.3472
vn 0.4590 0.8302 0.3165
vn 0.5352 0.7994 0.2729
vn 0.4700 0.8536 0.2248
vn 0.4899 0.8624 0.1274
vn -0.0393 0.8105 0.5844
vn 0.0529 0.7424 0.6679
vn 0.0585 0.7920 0.6077
vn 0.2137 0.8125 0.5424
vn 0.1503 0.8822 0.4462
vn 0.2179 0.9431 0.2512
vn 0.1609 0.9736 0.1622
vn -0.0453 0.8878 0.4579
vn 0.0750 0.8502 0.5211
vn 0.2410 0.8675 0.4352
vn 0.3077 0.8695 0.3864
vn 0.3598 0.9183 0.1652
vn -0.0041 0.9152 0.4031
vn 0.0612 0.9267 0.3708
vn 0.1857 0.9391 0.2890
vn 0.3131 0.9046 0.2892
vn 0.1993 0.9723 0.1225
vn 0.3400 0.9338 0.1112
vn 0.0888 0.9133 0.3976
vn 0.0936 0.9456 0.3116
vn 0.1225 0.9626 0.2417
vn 0.1391 0.9816 0.1305
vn 0.1575 0.9077 0.3890
vn 0.1780 0.9308 0.3192
vn 0.1862 0.9564 0.2250
vn 0.1940 0.9722 0.1314
vn 0.2673 0.9136 0.3063
vn 0.2809 0.9337 0.2221
vn 0.2777 0.9521 0.1282
vn 0.3593 0.9104 0.2053
vn 0.3667 0.9232 0.1154
vn 0.5663 0.1538 0.8097
vn 0.5590 0.2356 0.7950
vn 0.5456 0.3059 0.7802
vn 0.6236 0.1591 0.7654
vn 0.6123 0.2521 0.7493
vn 0.5893 0.3405 0.7327
vn 0.5588 0.4420 0.7017
vn 0.6343 0.3911 0.6668
vn 0.6000 0.4885 0.6335
vn 0.5811 0.5373 0.6113
vn 0.5528 0.5987 0.5797
vn 0.6366 0.5126 0.5762
vn 0.6187 0.5689 0.5419
vn 0.5842 0.6273 0.5150
vn 0.6399 0.5990 0.4813
vn 0.6108 0.6542 0.4460
vn 0.5564 0.7330 0.3913
vn 0.6264 0.6899 0.3628
vn 0.5722 0.7562 0.3175
vn 0.6027 0.7657 0.2244
vn 0.5519 0.8123 0.1884
vn 0.6173 0.7763 0.1275
vn 0.5576 0.8217 0.1179
vn 0.6794 0.1516 0.7180
vn 0.6649 0.2479 0.7046
vn 0.6544 0.3074 0.6908
vn 0.7311 0.1566 0.6641
vn 0.7152 0.2526 0.6516
vn 0.6968 0.3496 0.6263
vn 0.6702 0.4419 0.5963
vn 0.7268 0.3962 0.5611
vn 0.6973 0.4681 0.5429
vn 0.6668 0.5417 0.5118
vn 0.7287 0.4980 0.4701
vn 0.6944 0.5711 0.4378
vn 0.6679 0.6212 0.4099
vn 0.7177 0.5839 0.3796
vn 0.6846 0.6513 0.3272
vn 0.6435 0.7134 0.2776
vn 0.7020 0.6797 0.2129
vn 0.6568 0.7261 0.2034
vn 0.7176 0.6836 0.1337
vn 0.6629 0.7376 0.1281
vn 0.7775 0.1584 0.6085
vn 0.7664 0.2334 0.5985
vn 0.7484 0.3158 0.5833
vn 0.8135 0.1563 0.5602
vn 0.7963 0.2603 0.5460
vn 0.7855 0.3512 0.5096
vn 0.7610 0.4163 0.4976
vn 0.8285 0.3041 0.4702
vn 0.8080 0.3689 0.4594
vn 0.7890 0.4471 0.4214
vn 0.7579 0.5240 0.3887
vn 0.8324 0.4059 0.3774
vn 0.8057 0.4883 0.3352
vn 0.7849 0.5247 0.3296
vn 0.7416 0.6054 0.2890
vn 0.8233 0.4931 0.2813
vn 0.7956 0.5605 0.2300
vn 0.7561 0.6269 0.1880
vn 0.8021 0.5849 0.1200
vn 0.7689 0.6269 0.1258
vn 0.8580 0.1315 0.4965
vn 0.8451 0.2186 0.4878
vn 0.8969 0.1537 0.4148
vn 0.8834 0.2471 0.3982
vn 0.8635 0.3124 0.3959
vn 0.9170 0.1653 0.3631
vn 0.9018 0.2662 0.3404
vn 0.8892 0.3356 0.3111
vn 0.8586 0.4263 0.2848
vn 0.9381 0.2077 0.2771
vn 0.9265 0.2842 0.2465
vn 0.9024 0.3623 0.2333
vn 0.8784 0.4224 0.2238
vn 0.8398 0.5089 0.1890
vn 0.9355 0.3016 0.1840
vn 0.9088 0.3928 0.1403
vn 0.8953 0.4290 0.1202
vn 0.8489 0.5200 0.0945
vn 0.9494 0.1196 0.2906
vn 0.9685 0.1457 0.2021
vn 0.9582 0.2164 0.1870
vn 0.9798 0.1540 0.1274
vn 0.9665 0.2234 0.1260
vn 0.9418 0.3222 0.0958
vn -0.2089 -0.9775 0.0278
vn -0.2105 -0.9749 -0.0719
vn -0.2080 -0.9636 -0.1683
vn -0.1984 -0.9454 -0.2584
vn -0.1853 -0.9182 -0.3502
vn -0.2221 -0.8811 -0.4174
vn -0.2112 -0.8566 -0.4709
vn -0.1993 -0.8198 -0.5368
vn -0.2114 -0.7791 -0.5902
vn -0.1983 -0.7384 -0.6446
vn -0.0812 -0.9966 0.0124
vn -0.1474 -0.9884 0.0371
vn -0.0802 -0.9956 -0.0481
vn -0.1240 -0.9887 -0.0845
vn -0.1130 -0.9783 -0.1736
vn -0.1077 -0.9562 -0.2723
vn -0.1089 -0.9305 -0.3496
vn -0.1552 -0.8938 -0.4207
vn -0.0805 -0.8995 -0.4294
vn -0.1160 -0.8642 -0.4895
vn -0.1082 -0.8326 -0.5431
vn -0.1124 -0.7862 -0.6077
vn -0.1013 -0.7440 -0.6605
vn -0.0020 -1.0000 0.0094
vn -0.0601 -0.9946 0.0844
vn 0.0065 -0.9992 -0.0394
vn -0.0036 -0.9940 -0.1091
vn -0.0119 -0.9850 -0.1719
vn -0.0118 -0.9616 -0.2743
vn -0.0105 -0.9377 -0.3474
vn -0.0072 -0.9018 -0.4320
vn -0.0116 -0.8641 -0.5031
vn -0.0052 -0.8391 -0.5439
vn -0.0057 -0.7911 -0.6117
vn -0.0066 -0.7379 -0.6749
vn 0.0522 -0.9986 0.0033
vn 0.1304 -0.9912 0.0236
vn 0.0572 -0.9976 -0.0393
vn 0.0973 -0.9923 -0.0769
vn 0.0941 -0.9808 -0.1711
vn 0.0932 -0.9573 -0.2738
vn 0.0806 -0.9385 -0.3358
vn 0.0604 -0.9040 -0.4233
vn 0.0815 -0.8586 -0.5062
vn 0.0877 -0.8291 -0.5521
vn 0.0992 -0.7869 -0.6091
vn 0.0930 -0.7454 -0.6600
vn 0.1935 -0.9807 0.0298
vn 0.1929 -0.9785 -0.0735
vn 0.1940 -0.9656 -0.1732
vn 0.1862 -0.9470 -0.2616
vn 0.1782 -0.9225 -0.3424
vn 0.2444 -0.8750 -0.4179
vn 0.1505 -0.8941 -0.4218
vn 0.2011 -0.8535 -0.4808
vn 0.1728 -0.8196 -0.5462
vn 0.1878 -0.7709 -0.6086
vn 0.1921 -0.7345 -0.6508
vn 0.2921 -0.9560 0.0266
vn 0.2932 -0.9533 -0.0719
vn 0.2833 -0.9443 -0.1673
vn 0.2838 -0.9247 -0.2537
vn 0.3445 -0.8839 -0.3163
vn 0.2666 -0.9029 -0.3371
vn 0.3138 -0.8642 -0.3933
vn 0.2897 -0.8439 -0.4515
vn 0.3455 -0.7848 -0.5145
vn 0.2622 -0.8043 -0.5333
vn 0.2948 -0.7594 -0.5800
vn 0.2523 -0.7197 -0.6468
vn 0.3488 -0.9368 0.0282
vn 0.4408 -0.8941 0.0793
vn 0.3629 -0.9287 -0.0759
vn 0.4368 -0.8913 -0.1217
vn 0.3644 -0.9178 -0.1577
vn 0.4322 -0.8841 -0.1774
vn 0.3558 -0.9041 -0.2368
vn 0.4093 -0.8680 -0.2811
vn 0.3858 -0.8500 -0.3588
vn 0.4450 -0.7910 -0.4200
vn 0.3610 -0.8204 -0.4434
vn 0.4076 -0.7661 -0.4970
vn 0.3827 -0.7476 -0.5428
vn 0.3448 -0.6982 -0.6274
vn 0.4439 -0.8961 0.0084
vn 0.5284 -0.8485 0.0302
vn 0.4438 -0.8951 -0.0433
vn 0.5093 -0.8568 -0.0800
vn 0.4913 -0.8538 -0.1721
vn 0.4757 -0.8394 -0.2629
vn 0.5343 -0.7867 -0.3094
vn 0.4612 -0.8217 -0.3348
vn 0.5144 -0.7687 -0.3803
vn 0.4809 -0.7495 -0.4549
vn 0.4516 -0.7171 -0.5308
vn -0.2066 -0.6773 -0.7061
vn -0.0991 -0.6940 -0.7131
vn -0.0056 -0.6971 -0.7169
vn 0.0878 -0.6929 -0.7157
vn 0.2012 -0.6877 -0.6976
vn 0.2838 -0.6616 -0.6941
vn 0.4304 -0.6690 -0.6060
vn 0.3836 -0.6259 -0.6790
vn 0.4148 -0.5866 -0.6956
vn 0.5290 -0.6832 -0.5035
vn 0.4968 -0.6426 -0.5832
vn 0.5313 -0.5827 -0.6149
vn 0.4614 -0.6099 -0.6443
vn 0.4931 -0.5597 -0.6661
vn 0.5286 -0.4866 -0.6956
vn -0.1981 -0.6184 -0.7605
vn -0.2030 -0.5797 -0.7891
vn -0.1870 -0.5181 -0.8346
vn -0.2060 -0.4385 -0.8748
vn -0.2174 -0.3905 -0.8946
vn -0.1782 -0.3208 -0.9302
vn -0.1911 -0.2278 -0.9548
vn -0.2075 -0.1466 -0.9672
vn -0.2085 -0.0474 -0.9769
vn -0.2085 0.0547 -0.9765
vn -0.1049 -0.6347 -0.7656
vn -0.1134 -0.5849 -0.8032
vn -0.1058 -0.5241 -0.8451
vn -0.1173 -0.4767 -0.8712
vn -0.1669 -0.3867 -0.9070
vn -0.0691 -0.4037 -0.9123
vn -0.1104 -0.3054 -0.9458
vn -0.1056 -0.2441 -0.9640
vn -0.1070 -0.1505 -0.9828
vn -0.1089 -0.0478 -0.9929
vn -0.1100 0.0552 -0.9924
vn -0.0053 -0.6508 -0.7592
vn -0.0070 -0.5877 -0.8091
vn -0.0059 -0.5192 -0.8547
vn 0.0088 -0.4858 -0.8740
vn 0.0533 -0.4012 -0.9145
vn 0.0126 -0.4076 -0.9131
vn 0.0077 -0.3100 -0.9507
vn -0.0067 -0.2460 -0.9692
vn -0.0053 -0.1488 -0.9889
vn -0.0038 -0.0514 -0.9987
vn -0.0058 0.0543 -0.9985
vn 0.0882 -0.6395 -0.7637
vn 0.0966 -0.5875 -0.8034
vn 0.0932 -0.5203 -0.8489
vn 0.0981 -0.4581 -0.8835
vn 0.1066 -0.3938 -0.9130
vn 0.0931 -0.3271 -0.9404
vn 0.0911 -0.2476 -0.9646
vn 0.0908 -0.1455 -0.9852
vn 0.0952 -0.0483 -0.9943
vn 0.0973 0.0522 -0.9939
vn 0.1936 -0.6274 -0.7543
vn 0.1956 -0.5700 -0.7980
vn 0.1820 -0.5138 -0.8384
vn 0.1917 -0.4476 -0.8734
vn 0.1897 -0.3898 -0.9012
vn 0.1559 -0.3133 -0.9368
vn 0.1820 -0.2330 -0.9553
vn 0.1951 -0.1465 -0.9698
vn 0.1933 -0.0443 -0.9801
vn 0.1970 0.0533 -0.9789
vn 0.2838 -0.6149 -0.7358
vn 0.2841 -0.5630 -0.7761
vn 0.3212 -0.4895 -0.8107
vn 0.2394 -0.5073 -0.8278
vn 0.2695 -0.4238 -0.8647
vn 0.3080 -0.3626 -0.8796
vn 0.3352 -0.2689 -0.9029
vn 0.3451 -0.2049 -0.9159
vn 0.2537 -0.3043 -0.9182
vn 0.2660 -0.2151 -0.9397
vn 0.2692 -0.1522 -0.9510
vn 0.2742 -0.0428 -0.9607
vn 0.2775 0.0536 -0.9592
vn 0.3495 -0.6000 -0.7196
vn 0.3753 -0.5455 -0.7493
vn 0.4094 -0.4606 -0.7876
vn 0.4372 -0.3977 -0.8066
vn 0.3549 -0.4055 -0.8424
vn 0.3700 -0.3409 -0.8642
vn 0.3974 -0.2505 -0.8828
vn 0.4390 -0.1604 -0.8840
vn 0.4466 -0.0495 -0.8934
vn 0.4369 0.0559 -0.8978
vn 0.3672 -0.1284 -0.9213
vn 0.3696 -0.0349 -0.9285
vn 0.3670 0.0504 -0.9289
vn 0.4473 -0.5170 -0.7298
vn 0.4749 -0.4310 -0.7673
vn 0.5163 -0.3542 -0.7797
vn 0.5381 -0.2697 -0.7986
vn 0.5399 -0.1909 -0.8198
vn 0.4645 -0.3165 -0.8271
vn 0.4702 -0.2261 -0.8531
vn 0.4715 -0.1425 -0.8703
vn 0.4800 -0.0520 -0.8758
vn 0.4756 0.0480 -0.8784
vn 0.5616 -0.8270 0.0274
vn 0.6238 -0.7811 0.0262
vn 0.5601 -0.8253 -0.0718
vn 0.6241 -0.7780 -0.0723
vn 0.5535 -0.8167 -0.1635
vn 0.6107 -0.7724 -0.1745
vn 0.5491 -0.8030 -0.2319
vn 0.5901 -0.7621 -0.2664
vn 0.5665 -0.7381 -0.3664
vn 0.5550 -0.7154 -0.4245
vn 0.6738 -0.7385 0.0257
vn 0.6763 -0.7331 -0.0720
vn 0.6687 -0.7241 -0.1688
vn 0.6550 -0.7182 -0.2348
vn 0.6351 -0.7011 -0.3243
vn 0.6154 -0.6727 -0.4109
vn 0.5947 -0.6585 -0.4611
vn 0.6324 -0.5831 -0.5099
vn 0.5574 -0.6178 -0.5546
vn 0.5934 -0.5431 -0.5940
vn 0.6261 -0.4897 -0.6067
vn 0.5682 -0.5226 -0.6356
vn 0.5988 -0.4515 -0.6616
vn 0.6208 -0.3593 -0.6968
vn 0.6325 -0.3053 -0.7118
vn 0.7284 -0.6847 0.0262
vn 0.7268 -0.6824 -0.0779
vn 0.7171 -0.6761 -0.1689
vn 0.6963 -0.6680 -0.2625
vn 0.7397 -0.5900 -0.3236
vn 0.6712 -0.6386 -0.3765
vn 0.7149 -0.5680 -0.4078
vn 0.6608 -0.6168 -0.4277
vn 0.7043 -0.5365 -0.4649
vn 0.7165 -0.4855 -0.5009
vn 0.6663 -0.5040 -0.5496
vn 0.6885 -0.4488 -0.5697
vn 0.7195 -0.3501 -0.5998
vn 0.7378 -0.2943 -0.6075
vn 0.6555 -0.4173 -0.6294
vn 0.6817 -0.3362 -0.6499
vn 0.7034 -0.2598 -0.6616
vn 0.7199 -0.1351 -0.6808
vn 0.7230 -0.0477 -0.6892
vn 0.7215 0.0581 -0.6900
vn 0.7803 -0.6249 0.0267
vn 0.8165 -0.5766 0.0290
vn 0.7749 -0.6279 -0.0724
vn 0.8156 -0.5739 -0.0739
vn 0.7682 -0.6205 -0.1578
vn 0.8070 -0.5664 -0.1672
vn 0.8401 -0.4951 -0.2215
vn 0.7563 -0.6140 -0.2257
vn 0.8013 -0.5297 -0.2780
vn 0.8180 -0.4806 -0.3159
vn 0.7828 -0.5054 -0.3630
vn 0.8018 -0.4703 -0.3686
vn 0.8273 -0.3916 -0.4028
vn 0.7501 -0.5018 -0.4308
vn 0.7728 -0.4443 -0.4533
vn 0.7977 -0.3437 -0.4955
vn 0.8158 -0.2531 -0.5200
vn 0.8324 -0.1824 -0.5232
vn 0.7431 -0.4075 -0.5308
vn 0.7753 -0.3160 -0.5469
vn 0.7949 -0.2505 -0.5527
vn 0.8040 -0.1434 -0.5771
vn 0.8074 -0.0449 -0.5884
vn 0.8031 0.0500 -0.5937
vn 0.7545 -0.2128 -0.6208
vn 0.7668 -0.1240 -0.6298
vn 0.7705 -0.0449 -0.6358
vn 0.7701 0.0554 -0.6356
vn 0.8564 -0.5157 0.0249
vn 0.8941 -0.4473 0.0236
vn 0.9242 -0.3809 0.0274
vn 0.8568 -0.5107 -0.0712
vn 0.8929 -0.4435 -0.0774
vn 0.9200 -0.3841 -0.0775
vn 0.8520 -0.5071 -0.1299
vn 0.8891 -0.4268 -0.1656
vn 0.9095 -0.3791 -0.1704
vn 0.9346 -0.2910 -0.2044
vn 0.8694 -0.4176 -0.2641
vn 0.8952 -0.3495 -0.2764
vn 0.9136 -0.2599 -0.3128
vn 0.9261 -0.1892 -0.3265
vn 0.8493 -0.4156 -0.3255
vn 0.8837 -0.3237 -0.3381
vn 0.9001 -0.2370 -0.3656
vn 0.9078 -0.1526 -0.3907
vn 0.9169 -0.0400 -0.3971
vn 0.9138 0.0467 -0.4035
vn 0.8490 -0.2991 -0.4355
vn 0.8683 -0.2182 -0.4455
vn 0.8805 -0.1415 -0.4523
vn 0.8878 -0.0441 -0.4581
vn 0.8902 0.0498 -0.4529
vn 0.8411 -0.1049 -0.5307
vn 0.8458 -0.0356 -0.5323
vn 0.8459 0.0332 -0.5323
vn 0.9513 -0.3070 0.0270
vn 0.9722 -0.2327 0.0279
vn 0.9880 -0.1515 0.0297
vn 0.9987 -0.0423 0.0270
vn 0.9980 0.0585 0.0258
vn 0.9498 -0.3059 -0.0649
vn 0.9706 -0.2305 -0.0698
vn 0.9860 -0.1507 -0.0716
vn 0.9964 -0.0413 -0.0735
vn 0.9957 0.0589 -0.0717
vn 0.9459 -0.2992 -0.1250
vn 0.9654 -0.2201 -0.1397
vn 0.9757 -0.1437 -0.1654
vn 0.9839 -0.0415 -0.1741
vn 0.9837 0.0565 -0.1708
vn 0.9460 -0.2095 -0.2472
vn 0.9555 -0.1340 -0.2629
vn 0.9646 -0.0340 -0.2615
vn 0.9665 0.0428 -0.2532
vn 0.9384 -0.0972 -0.3315
vn 0.9440 -0.0148 -0.3296
vn 0.9435 0.0137 -0.3311
vn 0.5533 -0.4015 -0.7298
vn 0.5621 -0.3250 -0.7605
vn 0.5697 -0.2611 -0.7793
vn 0.5971 -0.1467 -0.7886
vn 0.6141 -0.0487 -0.7878
vn 0.6209 0.0532 -0.7821
vn 0.5457 -0.1161 -0.8299
vn 0.5511 -0.0490 -0.8330
vn 0.5529 0.0457 -0.8320
vn 0.6498 -0.2196 -0.7277
vn 0.6611 -0.1210 -0.7405
vn 0.6675 -0.0426 -0.7434
vn 0.6665 0.0569 -0.7433
vn -0.2255 0.8856 -0.4061
vn -0.2071 0.8572 -0.4715
vn -0.2026 0.7745 -0.5993
vn -0.1810 0.8242 -0.5365
vn -0.2072 0.6880 -0.6955
vn -0.1989 0.7328 -0.6507
vn -0.1479 0.9006 -0.4086
vn -0.1070 0.8579 -0.5025
vn -0.1075 0.7886 -0.6055
vn -0.1053 0.8342 -0.5413
vn -0.1153 0.6953 -0.7094
vn -0.1078 0.7468 -0.6562
vn 0.0033 0.8686 -0.4956
vn -0.0069 0.7899 -0.6132
vn -0.0061 0.8386 -0.5448
vn -0.0038 0.7029 -0.7113
vn -0.0052 0.7544 -0.6564
vn 0.1079 0.9015 -0.4191
vn 0.0807 0.8663 -0.4930
vn 0.0959 0.7901 -0.6055
vn 0.0951 0.8378 -0.5376
vn 0.0988 0.6967 -0.7106
vn 0.0935 0.7459 -0.6595
vn 0.2043 0.8897 -0.4083
vn 0.1885 0.8585 -0.4769
vn 0.1908 0.7768 -0.6001
vn 0.1662 0.8261 -0.5384
vn 0.1948 0.6903 -0.6968
vn 0.1922 0.7369 -0.6481
vn 0.3335 0.8885 -0.3153
vn 0.3008 0.8660 -0.3996
vn 0.3361 0.7913 -0.5108
vn 0.2836 0.8508 -0.4424
vn 0.2919 0.7573 -0.5842
vn 0.2516 0.8101 -0.5296
vn 0.3494 0.6041 -0.7162
vn 0.3022 0.6636 -0.6843
vn 0.2610 0.7205 -0.6425
vn 0.4354 0.8995 0.0355
vn 0.4329 0.8989 -0.0673
vn 0.4306 0.8864 -0.1700
vn 0.4203 0.8634 -0.2791
vn 0.4401 0.7952 -0.4172
vn 0.3761 0.8549 -0.3574
vn 0.4030 0.7674 -0.4986
vn 0.3471 0.8297 -0.4373
vn 0.4247 0.6799 -0.5978
vn 0.3834 0.7432 -0.5483
vn 0.4039 0.5924 -0.6971
vn 0.3858 0.6363 -0.6681
vn 0.3415 0.7036 -0.6232
vn 0.4971 0.8671 0.0321
vn 0.5066 0.8595 -0.0682
vn 0.4819 0.8620 -0.1573
vn 0.5249 0.7845 -0.3302
vn 0.4554 0.8477 -0.2722
vn 0.5192 0.7665 -0.3779
vn 0.4609 0.8246 -0.3280
vn 0.5245 0.6859 -0.5044
vn 0.4785 0.7479 -0.4602
vn 0.5314 0.5878 -0.6100
vn 0.4926 0.6498 -0.5788
vn 0.4470 0.7181 -0.5334
vn 0.5252 0.4934 -0.6934
vn 0.4907 0.5598 -0.6677
vn 0.4605 0.6134 -0.6417
vn 0.2156 0.9483 -0.2328
vn 0.1673 0.9737 -0.1547
vn 0.0965 0.8998 -0.4254
vn -0.0879 0.8944 -0.4386
vn 0.0069 0.8589 -0.5121
vn -0.1854 0.9241 -0.3341
vn -0.1801 0.9268 -0.3295
vn 0.3494 0.9264 -0.1401
vn 0.1507 0.9633 -0.2222
vn 0.2564 0.9196 -0.2976
vn 0.0245 0.9567 -0.2901
vn 0.1083 0.9131 -0.3931
vn -0.0822 0.9484 -0.3062
vn -0.0997 0.9408 -0.3238
vn -0.0580 0.9047 -0.4220
vn 0.1386 0.9903 -0.0012
vn 0.2924 0.9544 -0.0603
vn 0.0799 0.9911 -0.1069
vn 0.2145 0.9629 -0.1640
vn 0.0319 0.9803 -0.1947
vn -0.0097 0.9635 -0.2675
vn -0.0003 0.9394 -0.3428
vn 0.0201 0.9053 -0.4244
vn 0.1256 0.9917 0.0264
vn 0.1065 0.9911 -0.0796
vn 0.0907 0.9816 -0.1682
vn 0.0923 0.9585 -0.2698
vn 0.0760 0.9363 -0.3430
vn 0.0413 0.9045 -0.4244
vn 0.1930 0.9808 0.0287
vn 0.1921 0.9788 -0.0706
vn 0.1929 0.9664 -0.1697
vn 0.1841 0.9486 -0.2575
vn 0.1665 0.9289 -0.3308
vn 0.2899 0.9567 0.0271
vn 0.2884 0.9551 -0.0685
vn 0.2728 0.9486 -0.1606
vn 0.2575 0.9357 -0.2413
vn 0.2468 0.9097 -0.3341
vn 0.3688 0.9291 0.0259
vn 0.3583 0.9315 -0.0636
vn 0.3562 0.9235 -0.1422
vn 0.3536 0.9075 -0.2270
vn -0.2040 0.5763 -0.7914
vn -0.1947 0.6379 -0.7451
vn -0.2079 0.3903 -0.8969
vn -0.2050 0.4457 -0.8714
vn -0.1866 0.5140 -0.8373
vn -0.2073 0.1526 -0.9663
vn -0.1883 0.2331 -0.9540
vn -0.1689 0.3185 -0.9327
vn -0.1062 0.5903 -0.8001
vn -0.1080 0.6412 -0.7598
vn -0.1138 0.3950 -0.9116
vn -0.1090 0.4685 -0.8767
vn -0.1041 0.5261 -0.8440
vn -0.1093 0.1556 -0.9818
vn -0.1066 0.2475 -0.9630
vn -0.1060 0.3229 -0.9405
vn -0.0084 0.5919 -0.8060
vn -0.0055 0.6424 -0.7664
vn -0.0017 0.4026 -0.9154
vn -0.0032 0.4762 -0.8793
vn -0.0064 0.5254 -0.8508
vn -0.0078 0.1561 -0.9877
vn -0.0054 0.2530 -0.9675
vn -0.0017 0.3257 -0.9455
vn 0.0948 0.5904 -0.8015
vn 0.0935 0.6458 -0.7577
vn 0.1008 0.3938 -0.9136
vn 0.0928 0.4643 -0.8808
vn 0.0896 0.5232 -0.8475
vn 0.0956 0.1552 -0.9833
vn 0.0946 0.2537 -0.9627
vn 0.0945 0.3270 -0.9403
vn 0.1919 0.5830 -0.7895
vn 0.1840 0.6361 -0.7494
vn 0.1997 0.3835 -0.9017
vn 0.1903 0.4403 -0.8775
vn 0.1689 0.5231 -0.8354
vn 0.1958 0.1530 -0.9686
vn 0.1863 0.2427 -0.9520
vn 0.1769 0.3192 -0.9310
vn 0.3321 0.5003 -0.7996
vn 0.3026 0.5680 -0.7654
vn 0.2758 0.6233 -0.7317
vn 0.3456 0.2122 -0.9141
vn 0.3214 0.3023 -0.8974
vn 0.2970 0.3566 -0.8858
vn 0.2736 0.4219 -0.8644
vn 0.2502 0.5164 -0.8190
vn 0.2623 0.1466 -0.9538
vn 0.2513 0.2403 -0.9376
vn 0.2491 0.3090 -0.9178
vn 0.4456 0.3866 -0.8075
vn 0.4160 0.4679 -0.7798
vn 0.3788 0.5434 -0.7492
vn 0.4365 0.1556 -0.8861
vn 0.4049 0.2711 -0.8732
vn 0.3834 0.3297 -0.8627
vn 0.3618 0.4093 -0.8376
vn 0.3631 0.1106 -0.9252
vn 0.5168 0.3174 -0.7951
vn 0.4973 0.3623 -0.7884
vn 0.4783 0.4406 -0.7597
vn 0.4528 0.5222 -0.7227
vn 0.4525 0.1372 -0.8811
vn 0.4394 0.2575 -0.8606
vn 0.4485 0.3191 -0.8348
vn 0.6239 0.7808 0.0333
vn 0.5606 0.8276 0.0294
vn 0.6163 0.7842 -0.0723
vn 0.5543 0.8294 -0.0699
vn 0.6272 0.7628 -0.1571
vn 0.5596 0.8198 -0.1214
vn 0.6447 0.6963 -0.3153
vn 0.5950 0.7560 -0.2728
vn 0.5439 0.8061 -0.2333
vn 0.6172 0.6681 -0.4156
vn 0.5553 0.7464 -0.3666
vn 0.6285 0.5933 -0.5030
vn 0.6043 0.6458 -0.4666
vn 0.5531 0.7147 -0.4280
vn 0.6231 0.5002 -0.6013
vn 0.5918 0.5658 -0.5741
vn 0.5676 0.6164 -0.5458
vn 0.6385 0.3030 -0.7075
vn 0.6214 0.3517 -0.7001
vn 0.5836 0.4529 -0.6740
vn 0.5542 0.5330 -0.6394
vn 0.7236 0.6898 0.0228
vn 0.6703 0.7416 0.0273
vn 0.7232 0.6867 -0.0741
vn 0.6750 0.7343 -0.0717
vn 0.7106 0.6827 -0.1699
vn 0.6668 0.7269 -0.1640
vn 0.7332 0.6032 -0.3140
vn 0.7126 0.6470 -0.2715
vn 0.6657 0.7150 -0.2137
vn 0.7067 0.6022 -0.3714
vn 0.6892 0.6202 -0.3745
vn 0.7120 0.4742 -0.5179
vn 0.6768 0.5668 -0.4697
vn 0.6568 0.6155 -0.4355
vn 0.7337 0.2974 -0.6109
vn 0.7244 0.3538 -0.5916
vn 0.7006 0.4439 -0.5586
vn 0.6588 0.5287 -0.5352
vn 0.7146 0.1482 -0.6837
vn 0.6964 0.2619 -0.6682
vn 0.6805 0.3289 -0.6547
vn 0.6573 0.4110 -0.6318
vn 0.8126 0.5820 0.0299
vn 0.7731 0.6337 0.0261
vn 0.8136 0.5767 -0.0745
vn 0.7685 0.6360 -0.0704
vn 0.8402 0.5006 -0.2084
vn 0.8021 0.5733 -0.1672
vn 0.7621 0.6264 -0.1634
vn 0.8232 0.4843 -0.2963
vn 0.7820 0.5598 -0.2741
vn 0.7499 0.6147 -0.2446
vn 0.8226 0.3924 -0.4115
vn 0.8130 0.4459 -0.3744
vn 0.7729 0.5394 -0.3340
vn 0.8363 0.1896 -0.5145
vn 0.8206 0.2690 -0.5042
vn 0.8021 0.3600 -0.4764
vn 0.7817 0.4157 -0.4649
vn 0.7415 0.5132 -0.4322
vn 0.7930 0.1484 -0.5909
vn 0.7841 0.2588 -0.5641
vn 0.7699 0.3366 -0.5422
vn 0.7477 0.4016 -0.5288
vn 0.7630 0.1338 -0.6324
vn 0.7482 0.2176 -0.6268
vn 0.9198 0.3915 0.0251
vn 0.8949 0.4456 0.0251
vn 0.8551 0.5179 0.0242
vn 0.9171 0.3929 -0.0668
vn 0.8916 0.4467 -0.0742
vn 0.8549 0.5140 -0.0703
vn 0.9324 0.2842 -0.2234
vn 0.9025 0.3886 -0.1858
vn 0.8890 0.4280 -0.1628
vn 0.8504 0.5110 -0.1251
vn 0.9296 0.2012 -0.3089
vn 0.9215 0.2597 -0.2888
vn 0.8949 0.3539 -0.2719
vn 0.8743 0.4133 -0.2546
vn 0.9036 0.1629 -0.3962
vn 0.8961 0.2478 -0.3681
vn 0.8697 0.3413 -0.3565
vn 0.8488 0.4094 -0.3344
vn 0.8873 0.1488 -0.4365
vn 0.8717 0.2306 -0.4323
vn 0.8449 0.3187 -0.4296
vn 0.8419 0.1087 -0.5286
vn 0.9877 0.1537 0.0277
vn 0.9716 0.2355 0.0216
vn 0.9480 0.3182 0.0078
vn 0.9852 0.1552 -0.0730
vn 0.9712 0.2293 -0.0650
vn 0.9496 0.3110 -0.0389
vn 0.9740 0.1528 -0.1671
vn 0.9632 0.2143 -0.1619
vn 0.9411 0.3109 -0.1328
vn 0.9583 0.1499 -0.2432
vn 0.9497 0.2088 -0.2333
vn 0.9374 0.1099 -0.3304
vn 0.6277 0.1355 -0.7666
vn 0.6024 0.2676 -0.7520
vn 0.5708 0.3351 -0.7496
vn 0.5502 0.4100 -0.7274
vn 0.5538 0.1005 -0.8266
vn 0.5394 0.2120 -0.8149
vn 0.6652 0.1335 -0.7346
vn 0.6576 0.2256 -0.7188
s 1
f 7//7 1//1 6//6
f 8//8 2//2 7//7
f 11//11 4//4 10//10
f 12//12 5//5 11//11
f 7//7 12//12 13//13
f 8//8 13//13 14//14
f 21//21 15//15 16//16
f 23//23 20//20 21//21
f 23//23 16//16 17//17
f 28//28 25//25 26//26
f 28//28 18//18 19//19
f 30//30 27//27 28//28
f 30//30 20//20 29//29
f 30//30 19//19 21//21
f 31//31 20//20 22//22
f 36//36 33//33 34//34
f 36//36 25//25 35//35
f 36//36 24//24 26//26
f 37//37 25//25 27//27
f 39//39 27//27 29//29
f 41//41 38//38 39//39
f 41//41 29//29 31//31
f 44//44 33//33 43//43
f 44//44 32//32 34//34
f 45//45 33//33 35//35
f 37//37 45//45 35//35
f 49//49 46//46 47//47
f 49//49 38//38 48//48
f 49//49 37//37 39//39
f 50//50 38//38 40//40
f 56//56 51//51 52//52
f 57//57 52//52 53//53
f 57//57 54//54 58//58
f 65//65 59//59 60//60
f 65//65 61//61 66//66
f 69//69 62//62 63//63
f 70//70 63//63 64//64
f 70//70 65//65 71//71
f 72//72 65//65 66//66
f 74//74 67//67 68//68
f 74//74 69//69 75//75
f 76//76 69//69 70//70
f 76//76 51//51 75//75
f 77//77 70//70 71//71
f 53//53 76//76 77//77
f 77//77 72//72 78//78
f 78//78 53//53 77//77
f 81//81 73//73 74//74
f 82//82 74//74 75//75
f 82//82 51//51 55//55
f 90//90 83//83 84//84
f 91//91 84//84 85//85
f 91//91 59//59 90//90
f 91//91 86//86 92//92
f 92//92 60//60 91//91
f 95//95 87//87 88//88
f 96//96 88//88 89//89
f 96//96 62//62 95//95
f 97//97 89//89 90//90
f 97//97 63//63 96//96
f 97//97 59//59 64//64
f 99//99 93//93 94//94
f 100//100 94//94 95//95
f 100//100 67//67 99//99
f 100//100 62//62 68//68
f 103//103 98//98 99//99
f 103//103 67//67 73//73
f 105//105 101//101 102//102
f 106//106 102//102 103//103
f 106//106 79//79 105//105
f 106//106 73//73 80//80
f 114//114 107//107 108//108
f 115//115 108//108 109//109
f 115//115 83//83 114//114
f 116//116 109//109 110//110
f 85//85 115//115 116//116
f 117//117 110//110 111//111
f 86//86 116//116 117//117
f 120//120 112//112 113//113
f 120//120 87//87 119//119
f 121//121 113//113 114//114
f 121//121 88//88 120//120
f 121//121 83//83 89//89
f 124//124 118//118 119//119
f 124//124 93//93 123//123
f 124//124 87//87 94//94
f 126//126 122//122 123//123
f 126//126 93//93 98//98
f 127//127 15//15 125//125
f 128//128 125//125 126//126
f 128//128 101//101 127//127
f 128//128 98//98 102//102
f 129//129 16//16 127//127
f 129//129 101//101 104//104
f 136//136 107//107 135//135
f 137//137 130//130 131//131
f 137//137 108//108 136//136
f 137//137 132//132 138//138
f 138//138 109//109 137//137
f 138//138 133//133 139//139
f 111//111 138//138 139//139
f 142//142 134//134 135//135
f 142//142 112//112 141//141
f 142//142 107//107 113//113
f 145//145 140//140 141//141
f 145//145 118//118 144//144
f 145//145 112//112 119//119
f 147//147 143//143 144//144
f 147//147 122//122 146//146
f 147//147 118//118 123//123
f 148//148 18//18 146//146
f 148//148 15//15 19//19
f 148//148 122//122 125//125
f 131//131 151//151 152//152
f 153//153 1//1 2//2
f 153//153 131//131 152//152
f 153//153 3//3 154//154
f 154//154 132//132 153//153
f 157//157 149//149 150//150
f 157//157 134//134 156//156
f 158//158 150//150 151//151
f 158//158 135//135 157//157
f 158//158 130//130 136//136
f 161//161 155//155 156//156
f 161//161 140//140 160//160
f 161//161 134//134 141//141
f 163//163 159//159 160//160
f 163//163 143//143 162//162
f 163//163 140//140 144//144
f 164//164 24//24 162//162
f 164//164 18//18 26//26
f 164//164 143//143 146//146
f 167//167 149//149 166//166
f 168//168 4//4 5//5
f 168//168 150//150 167//167
f 169//169 5//5 6//6
f 169//169 151//151 168//168
f 169//169 1//1 152//152
f 172//172 165//165 166//166
f 172//172 155//155 171//171
f 172//172 149//149 156//156
f 174//174 170//170 171//171
f 174//174 159//159 173//173
f 174//174 155//155 160//160
f 175//175 32//32 173//173
f 175//175 24//24 34//34
f 175//175 159//159 162//162
f 177//177 165//165 176//176
f 178//178 9//9 10//10
f 178//178 166//166 177//177
f 178//178 4//4 167//167
f 180//180 170//170 179//179
f 180//180 165//165 171//171
f 181//181 32//32 42//42
f 181//181 170//170 173//173
f 182//182 8//8 183//183
f 186//186 8//8 14//14
f 184//184 186//186 187//187
f 185//185 187//187 188//188
f 58//58 189//189 191//191
f 191//191 190//190 192//192
f 66//66 193//193 194//194
f 197//197 66//66 194//194
f 197//197 195//195 198//198
f 198//198 196//196 199//199
f 78//78 197//197 201//201
f 201//201 54//54 78//78
f 201//201 198//198 202//202
f 190//190 201//201 202//202
f 203//203 198//198 199//199
f 203//203 200//200 204//204
f 205//205 190//190 202//202
f 205//205 203//203 206//206
f 206//206 204//204 207//207
f 92//92 208//208 210//210
f 193//193 92//92 210//210
f 210//210 209//209 211//211
f 214//214 193//193 210//210
f 214//214 211//211 215//215
f 195//195 214//214 215//215
f 215//215 212//212 216//216
f 196//196 215//215 216//216
f 216//216 213//213 217//217
f 219//219 196//196 216//216
f 219//219 217//217 220//220
f 200//200 219//219 220//220
f 220//220 218//218 221//221
f 222//222 200//200 220//220
f 222//222 221//221 223//223
f 207//207 222//222 225//225
f 226//226 222//222 223//223
f 226//226 224//224 227//227
f 117//117 228//228 231//231
f 231//231 86//86 117//117
f 231//231 229//229 232//232
f 209//209 231//231 232//232
f 232//232 230//230 233//233
f 235//235 209//209 232//232
f 235//235 233//233 236//236
f 212//212 235//235 236//236
f 236//236 234//234 237//237
f 213//213 236//236 237//237
f 239//239 213//213 237//237
f 239//239 238//238 240//240
f 218//218 239//239 240//240
f 242//242 218//218 240//240
f 242//242 241//241 243//243
f 244//244 221//221 242//242
f 244//244 243//243 245//245
f 224//224 244//244 245//245
f 247//247 224//224 245//245
f 247//247 246//246 248//248
f 251//251 133//133 249//249
f 228//228 139//139 251//251
f 251//251 250//250 252//252
f 229//229 251//251 252//252
f 230//230 252//252 253//253
f 255//255 230//230 253//253
f 255//255 254//254 256//256
f 234//234 255//255 256//256
f 258//258 234//234 256//256
f 258//258 257//257 259//259
f 238//238 258//258 259//259
f 261//261 238//238 259//259
f 261//261 260//260 262//262
f 241//241 261//261 262//262
f 264//264 241//241 262//262
f 264//264 263//263 265//265
f 266//266 243//243 264//264
f 266//266 265//265 267//267
f 246//246 266//266 267//267
f 269//269 246//246 267//267
f 269//269 268//268 270//270
f 154//154 182//182 271//271
f 249//249 154//154 271//271
f 250//250 271//271 272//272
f 275//275 250//250 272//272
f 275//275 273//273 276//276
f 253//253 275//275 276//276
f 276//276 274//274 277//277
f 254//254 276//276 277//277
f 279//279 254//254 277//277
f 279//279 278//278 280//280
f 257//257 279//279 280//280
f 282//282 257//257 280//280
f 282//282 281//281 283//283
f 260//260 282//282 283//283
f 285//285 260//260 283//283
f 285//285 284//284 286//286
f 263//263 285//285 286//286
f 288//288 263//263 286//286
f 288//288 287//287 289//289
f 290//290 265//265 288//288
f 290//290 289//289 291//291
f 268//268 290//290 291//291
f 292//292 268//268 291//291
f 293//293 182//182 183//183
f 293//293 184//184 294//294
f 272//272 293//293 294//294
f 294//294 185//185 295//295
f 273//273 294//294 295//295
f 274//274 295//295 296//296
f 298//298 274//274 296//296
f 298//298 297//297 299//299
f 278//278 298//298 299//299
f 301//301 278//278 299//299
f 301//301 300//300 302//302
f 281//281 301//301 302//302
f 304//304 281//281 302//302
f 304//304 303//303 305//305
f 284//284 304//304 305//305
f 306//306 284//284 305//305
f 287//287 306//306 307//307
f 308//308 287//287 307//307
f 309//309 185//185 188//188
f 296//296 309//309 310//310
f 297//297 310//310 311//311
f 312//312 297//297 311//311
f 300//300 312//312 313//313
f 314//314 300//300 313//313
f 303//303 314//314 315//315
f 316//316 303//303 315//315
f 318//318 305//305 316//316
f 318//318 317//317 319//319
f 307//307 318//318 319//319
f 320//320 307//307 319//319
f 291//291 321//321 322//322
f 292//292 322//322 323//323
f 321//321 308//308 325//325
f 326//326 321//321 325//325
f 328//328 322//322 326//326
f 328//328 327//327 329//329
f 324//324 328//328 329//329
f 320//320 330//330 331//331
f 325//325 320//320 331//331
f 333//333 325//325 331//331
f 333//333 332//332 334//334
f 327//327 333//333 334//334
f 335//335 327//327 334//334
f 341//341 23//23 342//342
f 342//342 17//17 337//337
f 344//344 341//341 342//342
f 344//344 337//337 338//338
f 346//346 343//343 344//344
f 339//339 344//344 338//338
f 347//347 346//346 348//348
f 340//340 346//346 339//339
f 341//341 31//31 22//22
f 343//343 351//351 341//341
f 353//353 343//343 345//345
f 347//347 353//353 345//345
f 355//355 347//347 348//348
f 356//356 355//355 357//357
f 349//349 355//355 348//348
f 350//350 357//357 349//349
f 360//360 41//41 361//361
f 361//361 31//31 351//351
f 363//363 360//360 361//361
f 352//352 361//361 351//351
f 365//365 362//362 363//363
f 353//353 363//363 352//352
f 366//366 365//365 367//367
f 354//354 365//365 353//353
f 356//356 367//367 354//354
f 369//369 356//356 357//357
f 370//370 369//369 371//371
f 358//358 369//369 357//357
f 359//359 371//371 358//358
f 373//373 40//40 360//360
f 362//362 373//373 360//360
f 364//364 374//374 362//362
f 366//366 375//375 364//364
f 377//377 366//366 367//367
f 378//378 377//377 379//379
f 368//368 377//377 367//367
f 370//370 379//379 368//368
f 381//381 370//370 371//371
f 382//382 381//381 383//383
f 372//372 381//381 371//371
f 386//386 55//55 56//56
f 386//386 57//57 387//387
f 388//388 57//57 58//58
f 389//389 386//386 390//390
f 391//391 386//386 387//387
f 392//392 387//387 388//388
f 393//393 390//390 394//394
f 395//395 390//390 391//391
f 395//395 392//392 396//396
f 397//397 395//395 398//398
f 399//399 395//395 396//396
f 401//401 79//79 80//80
f 401//401 81//81 402//402
f 403//403 81//81 82//82
f 385//385 82//82 55//55
f 405//405 400//400 401//401
f 406//406 401//401 402//402
f 406//406 403//403 407//407
f 407//407 385//385 389//389
f 408//408 405//405 409//409
f 410//410 405//405 406//406
f 410//410 407//407 411//411
f 393//393 407//407 389//389
f 412//412 393//393 394//394
f 413//413 410//410 414//414
f 415//415 410//410 411//411
f 415//415 412//412 416//416
f 397//397 412//412 394//394
f 417//417 397//397 398//398
f 418//418 398//398 399//399
f 419//419 414//414 420//420
f 420//420 415//415 421//421
f 422//422 415//415 416//416
f 422//422 417//417 423//423
f 424//424 417//417 418//418
f 425//425 422//422 426//426
f 426//426 423//423 427//427
f 427//427 424//424 428//428
f 430//430 104//104 105//105
f 430//430 79//79 400//400
f 432//432 429//429 430//430
f 432//432 400//400 404//404
f 433//433 432//432 434//434
f 408//408 432//432 404//404
f 435//435 408//408 409//409
f 436//436 434//434 437//437
f 437//437 435//435 438//438
f 413//413 435//435 409//409
f 439//439 438//438 440//440
f 419//419 438//438 413//413
f 441//441 419//419 420//420
f 442//442 420//420 421//421
f 444//444 439//439 440//440
f 444//444 441//441 445//445
f 445//445 442//442 446//446
f 425//425 442//442 421//421
f 447//447 425//425 426//426
f 427//427 447//447 426//426
f 428//428 448//448 427//427
f 450//450 446//446 451//451
f 451//451 447//447 452//452
f 453//453 447//447 448//448
f 453//453 449//449 454//454
f 455//455 452//452 456//456
f 457//457 452//452 453//453
f 457//457 454//454 458//458
f 337//337 129//129 459//459
f 429//429 129//129 104//104
f 338//338 459//459 460//460
f 460//460 429//429 431//431
f 461//461 338//338 460//460
f 461//461 431//431 433//433
f 340//340 461//461 462//462
f 436//436 461//461 433//433
f 463//463 436//436 437//437
f 464//464 463//463 465//465
f 439//439 463//463 437//437
f 466//466 465//465 467//467
f 443//443 465//465 439//439
f 468//468 443//443 444//444
f 469//469 444//444 445//445
f 470//470 468//468 471//471
f 471//471 469//469 472//472
f 450//450 469//469 445//445
f 473//473 450//450 451//451
f 474//474 472//472 475//475
f 475//475 473//473 476//476
f 455//455 473//473 451//451
f 477//477 455//455 456//456
f 457//457 477//477 456//456
f 479//479 457//457 458//458
f 480//480 340//340 462//462
f 349//349 480//480 481//481
f 464//464 480//480 462//462
f 350//350 481//481 482//482
f 466//466 481//481 464//464
f 483//483 466//466 467//467
f 484//484 483//483 485//485
f 470//470 483//483 467//467
f 486//486 470//470 471//471
f 487//487 486//486 488//488
f 474//474 486//486 471//471
f 489//489 474//474 475//475
f 490//490 475//475 476//476
f 491//491 350//350 482//482
f 359//359 491//491 492//492
f 484//484 491//491 482//482
f 493//493 484//484 485//485
f 494//494 493//493 495//495
f 487//487 493//493 485//485
f 496//496 487//487 488//488
f 497//497 359//359 492//492
f 494//494 497//497 492//492
f 499//499 494//494 495//495
f 500//500 372//372 497//497
f 384//384 500//500 501//501
f 498//498 500//500 497//497
f 502//502 477//477 503//503
f 503//503 478//478 504//504
f 505//505 478//478 479//479
f 506//506 489//489 507//507
f 507//507 490//490 508//508
f 502//502 490//490 476//476
f 509//509 502//502 503//503
f 510//510 503//503 504//504
f 511//511 504//504 505//505
f 512//512 510//510 513//513
f 513//513 511//511 514//514
f 515//515 496//496 516//516
f 506//506 496//496 488//488
f 517//517 506//506 507//507
f 518//518 507//507 508//508
f 519//519 508//508 509//509
f 520//520 518//518 521//521
f 521//521 519//519 522//522
f 512//512 519//519 509//509
f 523//523 512//512 513//513
f 514//514 523//523 513//513
f 525//525 499//499 526//526
f 515//515 499//499 495//495
f 527//527 515//515 516//516
f 528//528 516//516 517//517
f 529//529 528//528 530//530
f 520//520 528//528 517//517
f 531//531 520//520 521//521
f 532//532 521//521 522//522
f 533//533 522//522 523//523
f 524//524 533//533 523//523
f 535//535 533//533 536//536
f 536//536 534//534 537//537
f 525//525 501//501 498//498
f 539//539 525//525 526//526
f 540//540 526//526 527//527
f 541//541 540//540 542//542
f 529//529 540//540 527//527
f 543//543 529//529 530//530
f 531//531 543//543 530//530
f 545//545 531//531 532//532
f 546//546 544//544 547//547
f 547//547 545//545 548//548
f 535//535 545//545 532//532
f 549//549 535//535 536//536
f 550//550 536//536 537//537
f 551//551 58//58 191//191
f 551//551 192//192 552//552
f 392//392 551//551 553//553
f 554//554 551//551 552//552
f 396//396 553//553 555//555
f 556//556 553//553 554//554
f 557//557 396//396 555//555
f 552//552 205//205 558//558
f 558//558 206//206 559//559
f 559//559 207//207 560//560
f 562//562 552//552 558//558
f 563//563 558//558 559//559
f 564//564 559//559 560//560
f 565//565 560//560 561//561
f 556//556 566//566 555//555
f 556//556 562//562 567//567
f 568//568 562//562 563//563
f 569//569 563//563 564//564
f 557//557 418//418 399//399
f 557//557 566//566 570//570
f 571//571 566//566 567//567
f 571//571 568//568 572//572
f 573//573 568//568 569//569
f 574//574 418//418 570//570
f 574//574 571//571 575//575
f 576//576 571//571 572//572
f 577//577 424//424 574//574
f 578//578 574//574 575//575
f 579//579 207//207 225//225
f 579//579 226//226 580//580
f 561//561 579//579 580//580
f 581//581 226//226 227//227
f 565//565 582//582 564//564
f 565//565 580//580 583//583
f 583//583 581//581 584//584
f 569//569 582//582 585//585
f 586//586 582//582 583//583
f 586//586 584//584 587//587
f 573//573 588//588 572//572
f 573//573 585//585 589//589
f 590//590 585//585 586//586
f 591//591 586//586 587//587
f 576//576 592//592 575//575
f 576//576 588//588 593//593
f 594//594 588//588 589//589
f 595//595 589//589 590//590
f 596//596 428//428 577//577
f 578//578 596//596 577//577
f 578//578 592//592 597//597
f 598//598 592//592 593//593
f 599//599 593//593 594//594
f 600//600 594//594 595//595
f 454//454 596//596 601//601
f 602//602 596//596 597//597
f 603//603 597//597 598//598
f 458//458 601//601 604//604
f 605//605 601//601 602//602
f 581//581 247//247 606//606
f 606//606 248//248 607//607
f 584//584 606//606 608//608
f 609//609 606//606 607//607
f 610//610 584//584 608//608
f 611//611 608//608 609//609
f 591//591 612//612 590//590
f 591//591 610//610 613//613
f 614//614 610//610 611//611
f 595//595 612//612 615//615
f 616//616 612//612 613//613
f 599//599 617//617 598//598
f 600//600 618//618 599//599
f 600//600 615//615 619//619
f 620//620 615//615 616//616
f 603//603 621//621 602//602
f 603//603 617//617 622//622
f 623//623 617//617 618//618
f 624//624 618//618 619//619
f 625//625 458//458 604//604
f 605//605 625//625 604//604
f 605//605 621//621 626//626
f 627//627 621//621 622//622
f 628//628 622//622 623//623
f 607//607 269//269 629//629
f 629//629 270//270 630//630
f 609//609 629//629 631//631
f 632//632 629//629 630//630
f 611//611 631//631 633//633
f 634//634 631//631 632//632
f 614//614 635//635 613//613
f 614//614 633//633 636//636
f 616//616 635//635 637//637
f 638//638 635//635 636//636
f 620//620 639//639 619//619
f 620//620 637//637 640//640
f 641//641 637//637 638//638
f 624//624 642//642 623//623
f 624//624 639//639 643//643
f 644//644 639//639 640//640
f 627//627 645//645 626//626
f 628//628 646//646 627//627
f 628//628 642//642 647//647
f 648//648 642//642 643//643
f 649//649 270//270 292//292
f 650//650 630//630 649//649
f 634//634 651//651 633//633
f 634//634 650//650 652//652
f 636//636 651//651 653//653
f 654//654 651//651 652//652
f 638//638 653//653 655//655
f 656//656 653//653 654//654
f 641//641 657//657 640//640
f 641//641 655//655 658//658
f 644//644 659//659 643//643
f 644//644 657//657 660//660
f 661//661 657//657 658//658
f 648//648 662//662 647//647
f 648//648 659//659 663//663
f 664//664 659//659 660//660
f 654//654 665//665 666//666
f 656//656 667//667 655//655
f 656//656 666//666 668//668
f 658//658 667//667 669//669
f 670//670 667//667 668//668
f 661//661 671//671 660//660
f 661//661 669//669 672//672
f 664//664 673//673 663//663
f 664//664 671//671 674//674
f 668//668 675//675 676//676
f 670//670 677//677 669//669
f 670//670 676//676 678//678
f 672//672 679//679 671//671
f 672//672 677//677 680//680
f 681//681 677//677 678//678
f 674//674 682//682 673//673
f 674//674 679//679 683//683
f 684//684 679//679 680//680
f 649//649 323//323 685//685
f 685//685 324//324 686//686
f 687//687 649//649 685//685
f 688//688 650//650 687//687
f 686//686 689//689 685//685
f 686//686 329//329 690//690
f 687//687 689//689 691//691
f 692//692 689//689 690//690
f 688//688 665//665 652//652
f 688//688 691//691 693//693
f 694//694 665//665 693//693
f 690//690 335//335 695//695
f 695//695 336//336 696//696
f 692//692 697//697 691//691
f 692//692 695//695 698//698
f 693//693 697//697 699//699
f 700//700 697//697 698//698
f 694//694 675//675 666//666
f 694//694 699//699 701//701
f 702//702 675//675 701//701
f 703//703 479//479 625//625
f 704//704 625//625 626//626
f 703//703 511//511 505//505
f 704//704 705//705 703//703
f 704//704 645//645 706//706
f 707//707 645//645 646//646
f 708//708 646//646 647//647
f 709//709 511//511 705//705
f 706//706 710//710 705//705
f 707//707 711//711 706//706
f 708//708 712//712 707//707
f 708//708 662//662 713//713
f 714//714 662//662 663//663
f 709//709 524//524 514//514
f 709//709 710//710 715//715
f 716//716 710//710 711//711
f 717//717 711//711 712//712
f 713//713 718//718 712//712
f 714//714 719//719 713//713
f 714//714 673//673 720//720
f 715//715 534//534 524//524
f 716//716 721//721 715//715
f 717//717 722//722 716//716
f 717//717 718//718 723//723
f 724//724 718//718 719//719
f 725//725 534//534 721//721
f 720//720 726//726 719//719
f 720//720 682//682 727//727
f 728//728 682//682 683//683
f 722//722 729//729 721//721
f 731//731 722//722 723//723
f 724//724 731//731 723//723
f 724//724 726//726 732//732
f 733//733 726//726 727//727
f 725//725 550//550 537//537
f 725//725 729//729 734//734
f 735//735 729//729 730//730
f 736//736 730//730 731//731
f 741//741 9//9 740//740
f 11//11 741//741 742//742
f 12//12 742//742 743//743
f 744//744 737//737 738//738
f 744//744 12//12 743//743
f 745//745 738//738 739//739
f 14//14 744//744 745//745
f 747//747 737//737 746//746
f 739//739 747//747 748//748
f 750//750 740//740 749//749
f 742//742 750//750 751//751
f 752//752 742//742 751//751
f 752//752 737//737 743//743
f 755//755 746//746 754//754
f 756//756 747//747 755//755
f 758//758 749//749 757//757
f 751//751 758//758 759//759
f 760//760 753//753 754//754
f 760//760 751//751 759//759
f 760//760 746//746 752//752
f 754//754 761//761 762//762
f 755//755 762//762 763//763
f 756//756 763//763 764//764
f 758//758 765//765 766//766
f 767//767 758//758 766//766
f 759//759 761//761 753//753
f 768//768 761//761 767//767
f 763//763 769//769 770//770
f 771//771 763//763 770//770
f 766//766 772//772 773//773
f 774//774 766//766 773//773
f 768//768 774//774 775//775
f 768//768 769//769 762//762
f 776//776 769//769 775//775
f 777//777 770//770 776//776
f 773//773 778//778 779//779
f 780//780 773//773 779//779
f 781//781 774//774 780//780
f 776//776 781//781 782//782
f 783//783 776//776 782//782
f 780//780 784//784 785//785
f 781//781 785//785 786//786
f 787//787 781//781 786//786
f 783//783 787//787 788//788
f 787//787 789//789 790//790
f 791//791 787//787 790//790
f 796//796 793//793 794//794
f 796//796 43//43 795//795
f 796//796 42//42 44//44
f 798//798 43//43 45//45
f 800//800 797//797 798//798
f 800//800 46//46 799//799
f 800//800 45//45 47//47
f 801//801 46//46 48//48
f 50//50 801//801 48//48
f 805//805 793//793 804//804
f 805//805 792//792 794//794
f 806//806 793//793 795//795
f 808//808 797//797 807//807
f 808//808 795//795 798//798
f 809//809 797//797 799//799
f 801//801 809//809 799//799
f 802//802 810//810 801//801
f 805//805 813//813 814//814
f 814//814 803//803 805//805
f 806//806 813//813 804//804
f 808//808 816//816 817//817
f 817//817 806//806 808//808
f 818//818 807//807 809//809
f 810//810 818//818 809//809
f 811//811 819//819 810//810
f 824//824 813//813 823//823
f 814//814 822//822 812//812
f 825//825 813//813 815//815
f 827//827 816//816 826//826
f 827//827 815//815 817//817
f 818//818 826//826 816//816
f 829//829 818//818 819//819
f 821//821 830//830 831//831
f 831//831 819//819 821//821
f 824//824 833//833 834//834
f 824//824 832//832 822//822
f 825//825 833//833 823//823
f 836//836 833//833 835//835
f 838//838 826//826 837//837
f 838//838 825//825 827//827
f 828//828 837//837 826//826
f 840//840 828//828 829//829
f 841//841 829//829 831//831
f 836//836 843//843 844//844
f 836//836 842//842 834//834
f 838//838 845//845 846//846
f 838//838 843//843 835//835
f 839//839 845//845 837//837
f 848//848 845//845 847//847
f 840//840 847//847 839//839
f 850//850 840//840 841//841
f 844//844 852//852 853//853
f 844//844 851//851 842//842
f 846//846 852//852 843//843
f 855//855 852//852 854//854
f 848//848 856//856 857//857
f 848//848 854//854 846//846
f 849//849 856//856 847//847
f 859//859 856//856 858//858
f 850//850 858//858 849//849
f 860//860 859//859 858//858
f 855//855 863//863 864//864
f 855//855 862//862 853//853
f 857//857 863//863 854//854
f 866//866 863//863 865//865
f 859//859 865//865 857//857
f 868//868 865//865 867//867
f 869//869 859//859 861//861
f 872//872 176//176 871//871
f 872//872 9//9 177//177
f 874//874 870//870 871//871
f 874//874 179//179 873//873
f 874//874 176//176 180//180
f 875//875 792//792 873//873
f 875//875 42//42 794//794
f 875//875 179//179 181//181
f 877//877 870//870 876//876
f 872//872 877//877 878//878
f 872//872 749//749 740//740
f 879//879 792//792 803//803
f 879//879 870//870 873//873
f 877//877 880//880 881//881
f 878//878 881//881 882//882
f 878//878 757//757 749//749
f 883//883 803//803 812//812
f 879//879 880//880 876//876
f 885//885 880//880 884//884
f 886//886 881//881 885//885
f 886//886 757//757 882//882
f 883//883 822//822 887//887
f 887//887 880//880 883//883
f 885//885 888//888 889//889
f 890//890 885//885 889//889
f 890//890 765//765 886//886
f 887//887 832//832 891//891
f 887//887 888//888 884//884
f 892//892 888//888 891//891
f 893//893 832//832 834//834
f 890//890 894//894 895//895
f 890//890 778//778 772//772
f 896//896 778//778 895//895
f 892//892 897//897 898//898
f 892//892 894//894 889//889
f 893//893 842//842 899//899
f 893//893 897//897 891//891
f 895//895 900//900 901//901
f 896//896 901//901 902//902
f 896//896 784//784 779//779
f 903//903 784//784 902//902
f 904//904 785//785 903//903
f 898//898 905//905 906//906
f 898//898 900//900 894//894
f 907//907 900//900 906//906
f 899//899 851//851 908//908
f 899//899 905//905 897//897
f 909//909 905//905 908//908
f 910//910 851//851 853//853
f 902//902 911//911 912//912
f 903//903 912//912 913//913
f 904//904 913//913 914//914
f 904//904 789//789 786//786
f 915//915 789//789 914//914
f 916//916 790//790 915//915
f 907//907 917//917 918//918
f 907//907 911//911 901//901
f 919//919 911//911 918//918
f 909//909 920//920 921//921
f 909//909 917//917 906//906
f 910//910 862//862 922//922
f 910//910 920//920 908//908
f 923//923 862//862 864//864
f 866//866 924//924 864//864
f 868//868 926//926 927//927
f 868//868 925//925 866//866
f 869//869 926//926 867//867
f 929//929 926//926 928//928
f 927//927 930//930 925//925
f 929//929 931//931 927//927
f 913//913 933//933 934//934
f 914//914 934//934 935//935
f 915//915 935//935 936//936
f 937//937 915//915 936//936
f 918//918 938//938 939//939
f 919//919 939//939 940//940
f 919//919 933//933 912//912
f 941//941 933//933 940//940
f 941//941 935//935 934//934
f 942//942 936//936 935//935
f 944//944 936//936 943//943
f 921//921 945//945 946//946
f 921//921 938//938 917//917
f 947//947 938//938 946//946
f 948//948 939//939 947//947
f 922//922 945//945 920//920
f 950//950 945//945 949//949
f 923//923 924//924 951//951
f 923//923 949//949 922//922
f 952//952 924//924 925//925
f 941//941 953//953 954//954
f 942//942 954//954 955//955
f 943//943 955//955 956//956
f 957//957 943//943 956//956
f 947//947 958//958 959//959
f 948//948 959//959 960//960
f 948//948 953//953 940//940
f 961//961 953//953 960//960
f 962//962 954//954 961//961
f 963//963 955//955 962//962
f 964//964 956//956 963//963
f 950//950 965//965 966//966
f 950//950 958//958 946//946
f 967//967 958//958 966//966
f 968//968 959//959 967//967
f 951//951 965//965 949//949
f 970//970 965//965 969//969
f 971//971 966//966 970//970
f 952//952 930//930 972//972
f 952//952 969//969 951//951
f 973//973 969//969 972//972
f 974//974 930//930 931//931
f 975//975 931//931 932//932
f 961//961 976//976 977//977
f 978//978 961//961 977//977
f 979//979 962//962 978//978
f 964//964 979//979 980//980
f 968//968 981//981 982//982
f 968//968 976//976 960//960
f 983//983 976//976 982//982
f 984//984 977//977 983//983
f 985//985 978//978 984//984
f 985//985 980//980 979//979
f 971//971 987//987 988//988
f 971//971 981//981 967//967
f 989//989 981//981 988//988
f 990//990 982//982 989//989
f 973//973 991//991 992//992
f 973//973 987//987 970//970
f 993//993 987//987 992//992
f 994//994 988//988 993//993
f 974//974 991//991 972//972
f 996//996 991//991 995//995
f 997//997 992//992 996//996
f 998//998 974//974 975//975
f 999//999 995//995 998//998
f 984//984 1000//1000 1001//1001
f 1002//1002 984//984 1001//1001
f 986//986 1002//1002 1003//1003
f 990//990 1004//1004 1005//1005
f 990//990 1000//1000 983//983
f 1006//1006 1000//1000 1005//1005
f 1007//1007 1001//1001 1006//1006
f 1007//1007 1003//1003 1002//1002
f 994//994 1009//1009 1010//1010
f 994//994 1004//1004 989//989
f 1011//1011 1004//1004 1010//1010
f 1011//1011 1006//1006 1005//1005
f 1013//1013 1006//1006 1012//1012
f 1013//1013 1008//1008 1007//1007
f 997//997 1015//1015 1016//1016
f 997//997 1009//1009 993//993
f 1017//1017 1009//1009 1016//1016
f 1017//1017 1011//1011 1010//1010
f 1019//1019 1011//1011 1018//1018
f 999//999 1015//1015 996//996
f 1021//1021 1015//1015 1020//1020
f 1021//1021 1017//1017 1016//1016
f 1013//1013 1023//1023 1024//1024
f 1014//1014 1024//1024 1025//1025
f 1018//1018 1026//1026 1027//1027
f 1019//1019 1027//1027 1028//1028
f 1019//1019 1023//1023 1012//1012
f 1029//1029 1023//1023 1028//1028
f 1029//1029 1025//1025 1024//1024
f 1022//1022 1026//1026 1017//1017
f 1032//1032 1026//1026 1031//1031
f 1033//1033 1027//1027 1032//1032
f 1033//1033 1029//1029 1028//1028
f 1035//1035 1029//1029 1034//1034
f 745//745 1036//1036 1037//1037
f 186//186 745//745 1037//1037
f 1038//1038 186//186 1037//1037
f 188//188 1038//1038 1039//1039
f 1036//1036 748//748 1041//1041
f 1042//1042 1036//1036 1041//1041
f 1038//1038 1042//1042 1043//1043
f 1044//1044 1038//1038 1043//1043
f 1040//1040 1044//1044 1045//1045
f 1041//1041 756//756 1046//1046
f 1042//1042 1046//1046 1047//1047
f 1043//1043 1047//1047 1048//1048
f 1049//1049 1043//1043 1048//1048
f 1045//1045 1049//1049 1050//1050
f 1051//1051 756//756 764//764
f 1052//1052 1046//1046 1051//1051
f 1053//1053 1047//1047 1052//1052
f 1049//1049 1053//1053 1054//1054
f 1055//1055 1049//1049 1054//1054
f 1056//1056 764//764 771//771
f 777//777 1056//1056 771//771
f 1052//1052 1056//1056 1057//1057
f 1058//1058 1052//1052 1057//1057
f 1054//1054 1058//1058 1059//1059
f 1060//1060 1054//1054 1059//1059
f 1061//1061 777//777 783//783
f 1058//1058 1061//1061 1062//1062
f 1059//1059 1062//1062 1063//1063
f 1064//1064 1059//1059 1063//1063
f 1061//1061 788//788 1065//1065
f 1066//1066 1061//1061 1065//1065
f 1067//1067 1062//1062 1066//1066
f 1068//1068 788//788 791//791
f 1069//1069 1065//1065 1068//1068
f 1070//1070 188//188 1039//1039
f 1070//1070 1040//1040 1071//1071
f 310//310 1070//1070 1071//1071
f 311//311 1071//1071 1072//1072
f 312//312 1072//1072 1073//1073
f 313//313 1073//1073 1074//1074
f 1076//1076 313//313 1074//1074
f 1076//1076 1075//1075 1077//1077
f 315//315 1076//1076 1077//1077
f 1078//1078 315//315 1077//1077
f 317//317 1078//1078 1079//1079
f 1080//1080 317//317 1079//1079
f 1081//1081 1040//1040 1045//1045
f 1072//1072 1081//1081 1082//1082
f 1084//1084 1072//1072 1082//1082
f 1084//1084 1083//1083 1085//1085
f 1074//1074 1084//1084 1085//1085
f 1075//1075 1085//1085 1086//1086
f 1087//1087 1075//1075 1086//1086
f 1089//1089 1077//1077 1087//1087
f 1089//1089 1088//1088 1090//1090
f 1079//1079 1089//1089 1090//1090
f 1091//1091 1079//1079 1090//1090
f 1081//1081 1050//1050 1092//1092
f 1093//1093 1081//1081 1092//1092
f 1083//1083 1093//1093 1094//1094
f 1095//1095 1083//1083 1094//1094
f 1086//1086 1095//1095 1096//1096
f 1097//1097 1086//1086 1096//1096
f 1088//1088 1097//1097 1098//1098
f 1099//1099 1088//1088 1098//1098
f 1091//1091 1099//1099 1100//1100
f 1101//1101 1050//1050 1055//1055
f 1093//1093 1101//1101 1102//1102
f 1094//1094 1102//1102 1103//1103
f 1104//1104 1094//1094 1103//1103
f 1105//1105 1095//1095 1104//1104
f 1097//1097 1105//1105 1106//1106
f 1107//1107 1097//1097 1106//1106
f 1108//1108 1107//1107 1106//1106
f 1099//1099 1107//1107 1109//1109
f 1110//1110 1099//1099 1109//1109
f 1111//1111 1055//1055 1060//1060
f 1112//1112 1101//1101 1111//1111
f 1113//1113 1102//1102 1112//1112
f 1114//1114 1113//1113 1112//1112
f 1104//1104 1113//1113 1115//1115
f 1116//1116 1104//1104 1115//1115
f 1117//1117 1116//1116 1115//1115
f 1106//1106 1116//1116 1118//1118
f 1108//1108 1118//1118 1119//1119
f 1120//1120 1108//1108 1119//1119
f 1110//1110 1120//1120 1121//1121
f 1123//1123 1064//1064 1063//1063
f 1111//1111 1064//1064 1124//1124
f 1125//1125 1111//1111 1124//1124
f 1114//1114 1125//1125 1126//1126
f 1127//1127 1114//1114 1126//1126
f 1117//1117 1127//1127 1128//1128
f 1129//1129 1117//1117 1128//1128
f 1119//1119 1129//1129 1130//1130
f 1120//1120 1130//1130 1131//1131
f 1132//1132 1120//1120 1131//1131
f 1122//1122 1132//1132 1133//1133
f 1135//1135 1067//1067 1066//1066
f 1123//1123 1067//1067 1136//1136
f 1137//1137 1123//1123 1136//1136
f 1138//1138 1124//1124 1137//1137
f 1139//1139 1138//1138 1137//1137
f 1126//1126 1138//1138 1140//1140
f 1141//1141 1126//1126 1140//1140
f 1142//1142 1141//1141 1140//1140
f 1128//1128 1141//1141 1143//1143
f 1144//1144 1128//1128 1143//1143
f 1145//1145 1144//1144 1143//1143
f 1130//1130 1144//1144 1146//1146
f 1147//1147 1130//1130 1146//1146
f 1148//1148 1147//1147 1146//1146
f 1132//1132 1147//1147 1149//1149
f 1150//1150 1132//1132 1149//1149
f 1134//1134 1150//1150 1151//1151
f 1153//1153 791//791 916//916
f 1153//1153 1069//1069 1068//1068
f 1135//1135 1069//1069 1154//1154
f 1155//1155 1135//1135 1154//1154
f 1156//1156 1136//1136 1155//1155
f 1157//1157 1156//1156 1155//1155
f 1139//1139 1156//1156 1158//1158
f 1159//1159 1139//1139 1158//1158
f 1160//1160 1159//1159 1158//1158
f 1142//1142 1159//1159 1161//1161
f 1162//1162 1142//1142 1161//1161
f 1145//1145 1162//1162 1163//1163
f 1164//1164 1145//1145 1163//1163
f 1165//1165 1164//1164 1163//1163
f 1148//1148 1164//1164 1166//1166
f 1167//1167 1148//1148 1166//1166
f 1168//1168 1167//1167 1166//1166
f 1150//1150 1167//1167 1169//1169
f 1170//1170 1169//1169 1168//1168
f 1151//1151 1169//1169 1171//1171
f 1152//1152 1171//1171 1172//1172
f 330//330 1080//1080 1173//1173
f 1174//1174 330//330 1173//1173
f 332//332 1174//1174 1175//1175
f 1176//1176 1175//1175 1174//1174
f 1177//1177 332//332 1175//1175
f 1178//1178 334//334 1177//1177
f 336//336 1178//1178 1179//1179
f 1180//1180 1080//1080 1091//1091
f 1181//1181 1173//1173 1180//1180
f 1176//1176 1181//1181 1182//1182
f 1183//1183 1176//1176 1182//1182
f 1184//1184 1177//1177 1183//1183
f 1185//1185 1091//1091 1100//1100
f 1186//1186 1180//1180 1185//1185
f 1182//1182 1186//1186 1187//1187
f 1188//1188 1182//1182 1187//1187
f 1189//1189 1188//1188 1187//1187
f 1184//1184 1188//1188 1190//1190
f 1185//1185 1110//1110 1191//1191
f 1186//1186 1191//1191 1192//1192
f 1193//1193 1186//1186 1192//1192
f 1189//1189 1193//1193 1194//1194
f 1195//1195 1110//1110 1121//1121
f 1122//1122 1195//1195 1121//1121
f 1192//1192 1195//1195 1196//1196
f 1197//1197 1192//1192 1196//1196
f 1198//1198 1193//1193 1197//1197
f 1199//1199 1122//1122 1133//1133
f 1134//1134 1199//1199 1133//1133
f 1197//1197 1199//1199 1200//1200
f 1201//1201 1197//1197 1200//1200
f 1202//1202 1134//1134 1151//1151
f 1152//1152 1202//1202 1151//1151
f 1201//1201 1202//1202 1203//1203
f 1204//1204 916//916 937//937
f 1205//1205 1153//1153 1204//1204
f 1206//1206 1154//1154 1205//1205
f 1207//1207 937//937 944//944
f 1208//1208 1204//1204 1207//1207
f 1208//1208 1206//1206 1205//1205
f 1157//1157 1206//1206 1209//1209
f 1210//1210 1157//1157 1209//1209
f 1211//1211 1210//1210 1209//1209
f 1160//1160 1210//1210 1212//1212
f 1213//1213 1160//1160 1212//1212
f 1214//1214 1161//1161 1213//1213
f 1215//1215 1213//1213 1212//1212
f 1216//1216 1214//1214 1213//1213
f 1163//1163 1214//1214 1217//1217
f 1218//1218 1217//1217 1216//1216
f 1165//1165 1217//1217 1219//1219
f 1220//1220 1165//1165 1219//1219
f 1221//1221 1220//1220 1219//1219
f 1168//1168 1220//1220 1222//1222
f 1170//1170 1222//1222 1223//1223
f 1224//1224 1170//1170 1223//1223
f 1225//1225 1224//1224 1223//1223
f 1172//1172 1224//1224 1226//1226
f 1227//1227 944//944 957//957
f 1228//1228 1207//1207 1227//1227
f 1229//1229 1208//1208 1228//1228
f 964//964 1227//1227 957//957
f 1230//1230 1228//1228 1227//1227
f 1231//1231 1229//1229 1228//1228
f 1211//1211 1229//1229 1232//1232
f 1233//1233 1211//1211 1232//1232
f 1234//1234 1233//1233 1232//1232
f 1215//1215 1233//1233 1235//1235
f 1236//1236 1215//1215 1235//1235
f 1237//1237 1236//1236 1235//1235
f 1218//1218 1236//1236 1238//1238
f 1239//1239 1218//1218 1238//1238
f 1240//1240 1239//1239 1238//1238
f 1221//1221 1239//1239 1241//1241
f 1242//1242 1221//1221 1241//1241
f 1243//1243 1242//1242 1241//1241
f 1223//1223 1242//1242 1244//1244
f 1246//1246 1243//1243 1245//1245
f 1225//1225 1244//1244 1246//1246
f 1230//1230 980//980 1247//1247
f 1231//1231 1247//1247 1248//1248
f 1249//1249 1231//1231 1248//1248
f 986//986 1247//1247 980//980
f 1250//1250 1248//1248 1247//1247
f 1251//1251 1249//1249 1248//1248
f 1234//1234 1249//1249 1252//1252
f 1253//1253 1234//1234 1252//1252
f 1254//1254 1252//1252 1251//1251
f 1255//1255 1253//1253 1252//1252
f 1237//1237 1253//1253 1256//1256
f 1257//1257 1237//1237 1256//1256
f 1258//1258 1256//1256 1255//1255
f 1259//1259 1257//1257 1256//1256
f 1240//1240 1257//1257 1260//1260
f 1261//1261 1240//1240 1260//1260
f 1262//1262 1260//1260 1259//1259
f 1263//1263 1261//1261 1260//1260
f 1243//1243 1261//1261 1264//1264
f 1265//1265 1264//1264 1263//1263
f 1266//1266 1243//1243 1264//1264
f 1250//1250 1003//1003 1267//1267
f 1268//1268 1250//1250 1267//1267
f 1008//1008 1267//1267 1003//1003
f 1269//1269 1268//1268 1267//1267
f 1254//1254 1268//1268 1270//1270
f 1271//1271 1254//1254 1270//1270
f 1014//1014 1269//1269 1008//1008
f 1273//1273 1269//1269 1272//1272
f 1273//1273 1271//1271 1270//1270
f 1258//1258 1271//1271 1274//1274
f 1275//1275 1258//1258 1274//1274
f 1276//1276 1273//1273 1272//1272
f 1278//1278 1273//1273 1277//1277
f 1278//1278 1275//1275 1274//1274
f 1262//1262 1275//1275 1279//1279
f 1280//1280 1262//1262 1279//1279
f 1281//1281 1278//1278 1277//1277
f 1283//1283 1278//1278 1282//1282
f 1283//1283 1280//1280 1279//1279
f 1265//1265 1280//1280 1284//1284
f 1285//1285 1014//1014 1025//1025
f 1030//1030 1285//1285 1025//1025
f 1276//1276 1285//1285 1286//1286
f 1287//1287 1276//1276 1286//1286
f 1288//1288 1030//1030 1035//1035
f 1288//1288 1287//1287 1286//1286
f 1281//1281 1287//1287 1289//1289
f 1290//1290 1281//1281 1289//1289
f 373//373 802//802 50//50
f 1292//1292 373//373 374//374
f 1293//1293 374//374 375//375
f 1294//1294 375//375 376//376
f 378//378 1294//1294 376//376
f 1296//1296 378//378 379//379
f 380//380 1296//1296 379//379
f 382//382 1297//1297 380//380
f 1299//1299 382//382 383//383
f 384//384 1299//1299 383//383
f 1291//1291 811//811 802//802
f 1303//1303 1302//1302 1304//1304
f 1304//1304 1291//1291 1292//1292
f 1305//1305 1292//1292 1293//1293
f 1306//1306 1293//1293 1294//1294
f 1295//1295 1306//1306 1294//1294
f 1308//1308 1295//1295 1296//1296
f 1309//1309 1308//1308 1310//1310
f 1297//1297 1308//1308 1296//1296
f 1311//1311 1297//1297 1298//1298
f 1299//1299 1311//1311 1298//1298
f 1300//1300 1312//1312 1299//1299
f 1315//1315 820//820 821//821
f 1315//1315 1301//1301 1314//1314
f 1315//1315 811//811 1302//1302
f 1316//1316 1301//1301 1303//1303
f 1317//1317 1303//1303 1304//1304
f 1305//1305 1317//1317 1304//1304
f 1319//1319 1305//1305 1306//1306
f 1320//1320 1306//1306 1307//1307
f 1309//1309 1320//1320 1307//1307
f 1322//1322 1309//1309 1310//1310
f 1311//1311 1322//1322 1310//1310
f 1312//1312 1323//1323 1311//1311
f 1313//1313 1324//1324 1312//1312
f 1326//1326 820//820 1314//1314
f 1327//1327 830//830 1326//1326
f 1328//1328 1314//1314 1316//1316
f 1328//1328 1327//1327 1326//1326
f 1317//1317 1328//1328 1316//1316
f 1330//1330 1317//1317 1318//1318
f 1319//1319 1330//1330 1318//1318
f 1320//1320 1331//1331 1319//1319
f 1333//1333 1320//1320 1321//1321
f 1334//1334 1321//1321 1322//1322
f 1335//1335 1322//1322 1323//1323
f 1336//1336 1323//1323 1324//1324
f 1337//1337 1324//1324 1325//1325
f 1327//1327 841//841 831//831
f 1339//1339 1327//1327 1329//1329
f 1330//1330 1339//1339 1329//1329
f 1331//1331 1340//1340 1330//1330
f 1332//1332 1341//1341 1331//1331
f 1344//1344 1332//1332 1333//1333
f 1344//1344 1343//1343 1342//1342
f 1334//1334 1344//1344 1333//1333
f 1346//1346 1334//1334 1335//1335
f 1347//1347 1335//1335 1336//1336
f 1348//1348 1336//1336 1337//1337
f 1349//1349 841//841 1338//1338
f 1339//1339 1349//1349 1338//1338
f 1340//1340 1350//1350 1339//1339
f 1341//1341 1351//1351 1340//1340
f 1354//1354 1341//1341 1342//1342
f 1354//1354 1353//1353 1352//1352
f 1343//1343 1354//1354 1342//1342
f 1356//1356 1343//1343 1345//1345
f 1358//1358 1345//1345 1346//1346
f 1358//1358 1357//1357 1356//1356
f 1347//1347 1358//1358 1346//1346
f 1360//1360 1347//1347 1348//1348
f 1349//1349 860//860 850//850
f 1362//1362 860//860 1361//1361
f 1363//1363 1349//1349 1350//1350
f 1365//1365 1350//1350 1351//1351
f 1365//1365 1364//1364 1363//1363
f 1367//1367 1351//1351 1352//1352
f 1367//1367 1366//1366 1365//1365
f 1353//1353 1367//1367 1352//1352
f 1369//1369 1353//1353 1355//1355
f 1371//1371 1355//1355 1356//1356
f 1371//1371 1370//1370 1369//1369
f 1357//1357 1371//1371 1356//1356
f 1373//1373 1357//1357 1359//1359
f 1374//1374 1359//1359 1360//1360
f 1362//1362 1375//1375 1376//1376
f 1362//1362 869//869 861//861
f 1377//1377 1361//1361 1363//1363
f 1377//1377 1376//1376 1375//1375
f 1364//1364 1377//1377 1363//1363
f 1379//1379 1364//1364 1366//1366
f 1380//1380 1366//1366 1368//1368
f 1382//1382 1368//1368 1369//1369
f 1382//1382 1381//1381 1380//1380
f 1370//1370 1382//1382 1369//1369
f 1384//1384 1370//1370 1372//1372
f 1385//1385 1372//1372 1373//1373
f 1386//1386 384//384 501//501
f 1386//1386 1313//1313 1300//1300
f 1388//1388 1313//1313 1387//1387
f 1388//1388 1337//1337 1325//1325
f 1390//1390 1337//1337 1389//1389
f 1391//1391 1348//1348 1390//1390
f 1374//1374 1392//1392 1373//1373
f 1391//1391 1374//1374 1360//1360
f 1385//1385 1395//1395 1384//1384
f 1392//1392 1385//1385 1373//1373
f 1398//1398 1392//1392 1393//1393
f 1398//1398 1397//1397 1396//1396
f 1394//1394 1398//1398 1393//1393
f 538//538 1386//1386 501//501
f 1402//1402 538//538 539//539
f 541//541 1402//1402 539//539
f 1404//1404 541//541 542//542
f 1405//1405 542//542 543//543
f 546//546 1405//1405 543//543
f 1407//1407 546//546 547//547
f 1408//1408 547//547 548//548
f 549//549 1408//1408 548//548
f 1410//1410 549//549 550//550
f 1411//1411 1386//1386 1401//1401
f 1412//1412 1401//1401 1402//1402
f 1413//1413 1402//1402 1403//1403
f 1404//1404 1413//1413 1403//1403
f 1415//1415 1404//1404 1405//1405
f 1416//1416 1415//1415 1417//1417
f 1406//1406 1415//1415 1405//1405
f 1418//1418 1406//1406 1407//1407
f 1408//1408 1418//1418 1407//1407
f 1409//1409 1419//1419 1408//1408
f 1421//1421 1409//1409 1410//1410
f 1411//1411 1388//1388 1387//1387
f 1423//1423 1411//1411 1412//1412
f 1424//1424 1412//1412 1413//1413
f 1414//1414 1424//1424 1413//1413
f 1416//1416 1425//1425 1414//1414
f 1427//1427 1426//1426 1425//1425
f 1428//1428 1416//1416 1417//1417
f 1429//1429 1417//1417 1418//1418
f 1419//1419 1429//1429 1418//1418
f 1420//1420 1430//1430 1419//1419
f 1432//1432 1420//1420 1421//1421
f 1433//1433 1388//1388 1422//1422
f 1423//1423 1433//1433 1422//1422
f 1424//1424 1434//1434 1423//1423
f 1436//1436 1424//1424 1425//1425
f 1426//1426 1436//1436 1425//1425
f 1438//1438 1426//1426 1428//1428
f 1429//1429 1438//1438 1428//1428
f 1440//1440 1429//1429 1430//1430
f 1441//1441 1430//1430 1431//1431
f 1432//1432 1441//1441 1431//1431
f 1433//1433 1390//1390 1389//1389
f 1434//1434 1443//1443 1433//1433
f 1435//1435 1444//1444 1434//1434
f 1436//1436 1445//1445 1435//1435
f 1437//1437 1446//1446 1436//1436
f 1438//1438 1447//1447 1437//1437
f 1439//1439 1448//1448 1438//1438
f 1450//1450 1439//1439 1440//1440
f 1451//1451 1440//1440 1441//1441
f 1442//1442 1451//1451 1441//1441
f 1443//1443 1391//1391 1390//1390
f 1444//1444 1453//1453 1443//1443
f 1456//1456 1444//1444 1445//1445
f 1456//1456 1455//1455 1454//1454
f 1446//1446 1456//1456 1445//1445
f 1458//1458 1446//1446 1447//1447
f 1461//1461 1447//1447 1448//1448
f 1461//1461 1459//1459 1458//1458
f 1449//1449 1461//1461 1448//1448
f 1462//1462 1460//1460 1459//1459
f 1450//1450 1462//1462 1449//1449
f 1464//1464 1450//1450 1451//1451
f 1452//1452 1464//1464 1451//1451
f 1466//1466 1391//1391 1453//1453
f 1466//1466 1394//1394 1393//1393
f 1454//1454 1466//1466 1453//1453
f 1455//1455 1467//1467 1454//1454
f 1470//1470 1455//1455 1457//1457
f 1470//1470 1469//1469 1468//1468
f 1458//1458 1470//1470 1457//1457
f 1472//1472 1458//1458 1459//1459
f 1460//1460 1472//1472 1459//1459
f 1476//1476 1460//1460 1463//1463
f 1476//1476 1474//1474 1473//1473
f 1464//1464 1476//1476 1463//1463
f 1477//1477 1475//1475 1474//1474
f 1478//1478 1464//1464 1465//1465
f 1479//1479 1394//1394 1467//1467
f 1479//1479 1400//1400 1399//1399
f 1468//1468 1479//1479 1467//1467
f 1469//1469 1480//1480 1468//1468
f 1484//1484 1469//1469 1471//1471
f 1484//1484 1482//1482 1481//1481
f 1472//1472 1484//1484 1471//1471
f 1485//1485 1483//1483 1482//1482
f 1473//1473 1485//1485 1472//1472
f 1474//1474 1486//1486 1473//1473
f 1488//1488 1474//1474 1475//1475
f 1489//1489 869//869 1376//1376
f 1489//1489 929//929 928//928
f 1378//1378 1489//1489 1376//1376
f 1492//1492 1489//1489 1491//1491
f 1379//1379 1491//1491 1378//1378
f 1494//1494 1491//1491 1493//1493
f 1495//1495 1379//1379 1380//1380
f 1495//1495 1494//1494 1493//1493
f 1381//1381 1495//1495 1380//1380
f 1497//1497 1381//1381 1383//1383
f 1498//1498 1383//1383 1384//1384
f 1490//1490 932//932 929//929
f 1500//1500 1490//1490 1492//1492
f 1501//1501 1492//1492 1494//1494
f 1502//1502 1494//1494 1496//1496
f 1503//1503 1496//1496 1497//1497
f 1498//1498 1504//1504 1497//1497
f 1395//1395 1498//1498 1384//1384
f 1507//1507 1395//1395 1396//1396
f 1507//1507 1506//1506 1505//1505
f 1397//1397 1507//1507 1396//1396
f 1510//1510 1397//1397 1399//1399
f 1510//1510 1509//1509 1508//1508
f 1400//1400 1510//1510 1399//1399
f 1499//1499 975//975 932//932
f 1515//1515 1499//1499 1500//1500
f 1516//1516 1500//1500 1501//1501
f 1502//1502 1516//1516 1501//1501
f 1503//1503 1517//1517 1502//1502
f 1504//1504 1503//1503 1497//1497
f 1519//1519 1518//1518 1517//1517
f 1521//1521 1504//1504 1505//1505
f 1521//1521 1520//1520 1519//1519
f 1506//1506 1521//1521 1505//1505
f 1524//1524 1506//1506 1508//1508
f 1524//1524 1523//1523 1522//1522
f 1509//1509 1524//1524 1508//1508
f 1528//1528 1509//1509 1511//1511
f 1528//1528 1526//1526 1525//1525
f 1512//1512 1528//1528 1511//1511
f 1529//1529 1527//1527 1526//1526
f 1513//1513 1529//1529 1512//1512
f 1534//1534 975//975 1514//1514
f 1535//1535 998//998 1534//1534
f 1515//1515 1534//1534 1514//1514
f 1536//1536 1535//1535 1534//1534
f 1516//1516 1536//1536 1515//1515
f 1538//1538 1537//1537 1536//1536
f 1541//1541 1516//1516 1517//1517
f 1541//1541 1539//1539 1538//1538
f 1518//1518 1541//1541 1517//1517
f 1542//1542 1540//1540 1539//1539
f 1544//1544 1518//1518 1520//1520
f 1544//1544 1543//1543 1542//1542
f 1547//1547 1520//1520 1522//1522
f 1547//1547 1545//1545 1544//1544
f 1523//1523 1547//1547 1522//1522
f 1548//1548 1546//1546 1545//1545
f 1552//1552 1523//1523 1525//1525
f 1552//1552 1549//1549 1548//1548
f 1526//1526 1552//1552 1525//1525
f 1553//1553 1550//1550 1549//1549
f 1527//1527 1553//1553 1526//1526
f 1554//1554 1551//1551 1550//1550
f 1558//1558 1527//1527 1530//1530
f 1558//1558 1555//1555 1554//1554
f 1531//1531 1558//1558 1530//1530
f 1559//1559 1556//1556 1555//1555
f 1560//1560 1531//1531 1532//1532
f 1560//1560 1557//1557 1556//1556
f 1561//1561 1532//1532 1533//1533
f 1562//1562 999//999 1535//1535
f 1563//1563 1020//1020 1562//1562
f 1564//1564 1021//1021 1563//1563
f 1537//1537 1562//1562 1535//1535
f 1566//1566 1562//1562 1565//1565
f 1566//1566 1564//1564 1563//1563
f 1568//1568 1537//1537 1539//1539
f 1568//1568 1566//1566 1565//1565
f 1540//1540 1568//1568 1539//1539
f 1570//1570 1566//1566 1569//1569
f 1572//1572 1540//1540 1543//1543
f 1573//1573 1569//1569 1572//1572
f 1573//1573 1571//1571 1570//1570
f 1576//1576 1543//1543 1545//1545
f 1576//1576 1573//1573 1572//1572
f 1546//1546 1576//1576 1545//1545
f 1578//1578 1573//1573 1577//1577
f 1578//1578 1575//1575 1574//1574
f 1582//1582 1546//1546 1549//1549
f 1582//1582 1578//1578 1577//1577
f 1550//1550 1582//1582 1549//1549
f 1584//1584 1578//1578 1583//1583
f 1551//1551 1583//1583 1550//1550
f 1585//1585 1579//1579 1584//1584
f 1585//1585 1581//1581 1580//1580
f 1587//1587 1551//1551 1555//1555
f 1587//1587 1585//1585 1584//1584
f 1556//1556 1587//1587 1555//1555
f 1588//1588 1586//1586 1585//1585
f 1589//1589 1556//1556 1557//1557
f 1590//1590 1022//1022 1564//1564
f 1591//1591 1031//1031 1590//1590
f 1591//1591 1033//1033 1032//1032
f 1592//1592 1034//1034 1033//1033
f 1594//1594 1034//1034 1593//1593
f 1567//1567 1590//1590 1564//1564
f 1595//1595 1591//1591 1590//1590
f 1597//1597 1591//1591 1596//1596
f 1598//1598 1592//1592 1597//1597
f 1598//1598 1594//1594 1593//1593
f 1600//1600 1567//1567 1570//1570
f 1600//1600 1596//1596 1595//1595
f 1571//1571 1600//1600 1570//1570
f 1602//1602 1596//1596 1601//1601
f 1603//1603 1597//1597 1602//1602
f 1603//1603 1599//1599 1598//1598
f 1605//1605 1571//1571 1574//1574
f 1605//1605 1602//1602 1601//1601
f 1575//1575 1605//1605 1574//1574
f 1606//1606 1603//1603 1602//1602
f 1607//1607 1604//1604 1603//1603
f 1609//1609 1575//1575 1579//1579
f 1609//1609 1607//1607 1606//1606
f 1580//1580 1609//1609 1579//1579
f 1610//1610 1608//1608 1607//1607
f 1611//1611 1580//1580 1581//1581
f 1612//1612 1400//1400 1480//1480
f 1612//1612 1512//1512 1511//1511
f 1481//1481 1612//1612 1480//1480
f 1613//1613 1513//1513 1512//1512
f 1482//1482 1613//1613 1481//1481
f 1483//1483 1614//1614 1482//1482
f 1618//1618 1483//1483 1486//1486
f 1618//1618 1616//1616 1615//1615
f 1487//1487 1618//1618 1486//1486
f 1620//1620 1616//1616 1619//1619
f 1488//1488 1619//1619 1487//1487
f 1621//1621 1513//1513 1614//1614
f 1621//1621 1531//1531 1530//1530
f 1615//1615 1621//1621 1614//1614
f 1623//1623 1531//1531 1622//1622
f 1616//1616 1622//1622 1615//1615
f 1623//1623 1533//1533 1532//1532
f 1617//1617 1623//1623 1616//1616
f 678//678 1625//1625 1626//1626
f 681//681 1627//1627 680//680
f 681//681 1626//1626 1628//1628
f 684//684 1629//1629 683//683
f 684//684 1627//1627 1630//1630
f 1626//1626 1631//1631 1632//1632
f 1634//1634 1627//1627 1628//1628
f 1634//1634 1626//1626 1632//1632
f 1636//1636 1629//1629 1630//1630
f 1630//1630 1633//1633 1636//1636
f 1639//1639 1633//1633 1634//1634
f 1634//1634 1637//1637 1639//1639
f 1641//1641 1635//1635 1636//1636
f 1636//1636 1638//1638 1641//1641
f 1639//1639 1644//1644 1638//1638
f 1645//1645 1637//1637 1643//1643
f 1641//1641 1646//1646 1640//1640
f 1647//1647 1638//1638 1644//1644
f 1649//1649 1642//1642 1648//1648
f 1645//1645 1650//1650 1644//1644
f 1645//1645 1649//1649 1651//1651
f 1647//1647 1652//1652 1646//1646
f 1653//1653 1644//1644 1650//1650
f 1657//1657 1648//1648 1655//1655
f 1659//1659 1656//1656 1658//1658
f 1659//1659 1650//1650 1651//1651
f 1659//1659 1649//1649 1657//1657
f 1662//1662 1652//1652 1653//1653
f 1662//1662 1650//1650 1658//1658
f 1668//1668 1654//1654 1666//1666
f 1670//1670 1667//1667 1669//1669
f 1670//1670 1656//1656 1657//1657
f 1670//1670 1655//1655 1668//1668
f 1672//1672 1656//1656 1669//1669
f 1674//1674 1660//1660 1661//1661
f 1675//1675 1671//1671 1674//1674
f 1675//1675 1661//1661 1662//1662
f 1675//1675 1658//1658 1672//1672
f 1663//1663 1172//1172 1676//1676
f 1664//1664 1676//1676 1677//1677
f 1678//1678 1664//1664 1677//1677
f 1680//1680 1665//1665 1678//1678
f 1682//1682 1679//1679 1681//1681
f 1682//1682 1667//1667 1668//1668
f 1682//1682 1666//1666 1680//1680
f 1684//1684 1667//1667 1681//1681
f 1687//1687 1683//1683 1686//1686
f 1687//1687 1671//1671 1672//1672
f 1687//1687 1669//1669 1684//1684
f 1690//1690 1685//1685 1689//1689
f 1690//1690 1673//1673 1674//1674
f 1690//1690 1671//1671 1686//1686
f 1691//1691 1179//1179 1178//1178
f 696//696 1691//1691 695//695
f 696//696 1179//1179 1692//1692
f 1693//1693 695//695 1691//1691
f 700//700 1694//1694 699//699
f 700//700 1693//1693 1695//1695
f 701//701 1694//1694 1696//1696
f 702//702 1625//1625 676//676
f 702//702 1696//1696 1697//1697
f 1698//1698 1178//1178 1184//1184
f 1693//1693 1698//1698 1700//1700
f 1702//1702 1699//1699 1701//1701
f 1702//1702 1694//1694 1695//1695
f 1702//1702 1693//1693 1700//1700
f 1703//1703 1694//1694 1701//1701
f 1697//1697 1631//1631 1625//1625
f 1697//1697 1703//1703 1704//1704
f 1705//1705 1631//1631 1704//1704
f 1707//1707 1189//1189 1706//1706
f 1698//1698 1190//1190 1707//1707
f 1709//1709 1706//1706 1708//1708
f 1709//1709 1699//1699 1700//1700
f 1709//1709 1698//1698 1707//1707
f 1710//1710 1699//1699 1708//1708
f 1703//1703 1710//1710 1711//1711
f 1712//1712 1703//1703 1711//1711
f 1705//1705 1637//1637 1632//1632
f 1705//1705 1712//1712 1713//1713
f 1706//1706 1194//1194 1714//1714
f 1715//1715 1706//1706 1714//1714
f 1710//1710 1715//1715 1716//1716
f 1711//1711 1716//1716 1717//1717
f 1712//1712 1717//1717 1718//1718
f 1719//1719 1642//1642 1643//1643
f 1719//1719 1637//1637 1713//1713
f 1719//1719 1712//1712 1718//1718
f 1720//1720 1194//1194 1198//1198
f 1715//1715 1720//1720 1721//1721
f 1716//1716 1721//1721 1722//1722
f 1717//1717 1722//1722 1723//1723
f 1724//1724 1642//1642 1718//1718
f 1724//1724 1717//1717 1723//1723
f 1725//1725 1198//1198 1201//1201
f 1721//1721 1725//1725 1726//1726
f 1722//1722 1726//1726 1727//1727
f 1723//1723 1727//1727 1728//1728
f 1729//1729 1654//1654 1655//1655
f 1729//1729 1648//1648 1724//1724
f 1729//1729 1723//1723 1728//1728
f 1730//1730 1152//1152 1663//1663
f 1725//1725 1203//1203 1730//1730
f 1664//1664 1730//1730 1663//1663
f 1726//1726 1730//1730 1731//1731
f 1665//1665 1731//1731 1664//1664
f 1732//1732 1726//1726 1731//1731
f 1733//1733 1665//1665 1666//1666
f 1733//1733 1654//1654 1728//1728
f 1733//1733 1727//1727 1732//1732
f 728//728 1734//1734 727//727
f 728//728 1629//1629 1735//1735
f 732//732 1736//1736 731//731
f 733//733 1737//1737 732//732
f 733//733 1734//1734 1738//1738
f 1739//1739 550//550 734//734
f 735//735 1739//1739 734//734
f 736//736 1740//1740 735//735
f 736//736 1736//1736 1741//1741
f 1735//1735 1742//1742 1734//1734
f 1743//1743 1629//1629 1635//1635
f 1737//1737 1744//1744 1736//1736
f 1746//1746 1737//1737 1738//1738
f 1746//1746 1734//1734 1742//1742
f 1747//1747 1410//1410 1739//1739
f 1748//1748 1739//1739 1740//1740
f 1741//1741 1748//1748 1740//1740
f 1749//1749 1736//1736 1744//1744
f 1743//1743 1750//1750 1742//1742
f 1751//1751 1635//1635 1640//1640
f 1745//1745 1752//1752 1744//1744
f 1746//1746 1753//1753 1745//1745
f 1754//1754 1742//1742 1750//1750
f 1755//1755 1421//1421 1747//1747
f 1756//1756 1747//1747 1748//1748
f 1749//1749 1756//1756 1748//1748
f 1757//1757 1744//1744 1752//1752
f 1759//1759 1750//1750 1751//1751
f 1751//1751 1646//1646 1759//1759
f 1761//1761 1752//1752 1753//1753
f 1754//1754 1761//1761 1753//1753
f 1754//1754 1758//1758 1762//1762
f 1755//1755 1442//1442 1432//1432
f 1756//1756 1763//1763 1755//1755
f 1765//1765 1756//1756 1757//1757
f 1757//1757 1760//1760 1765//1765
f 1767//1767 1758//1758 1759//1759
f 1759//1759 1652//1652 1767//1767
f 1769//1769 1760//1760 1761//1761
f 1770//1770 1761//1761 1762//1762
f 1762//1762 1766//1766 1770//1770
f 1763//1763 1452//1452 1442//1442
f 1764//1764 1771//1771 1763//1763
f 1773//1773 1764//1764 1765//1765
f 1765//1765 1768//1768 1773//1773
f 1776//1776 1660//1660 1775//1775
f 1776//1776 1766//1766 1767//1767
f 1776//1776 1652//1652 1661//1661
f 1769//1769 1779//1779 1768//1768
f 1781//1781 1774//1774 1780//1780
f 1781//1781 1769//1769 1770//1770
f 1781//1781 1766//1766 1775//1775
f 1771//1771 1465//1465 1452//1452
f 1783//1783 1777//1777 1782//1782
f 1783//1783 1771//1771 1772//1772
f 1784//1784 1778//1778 1783//1783
f 1784//1784 1772//1772 1773//1773
f 1784//1784 1768//1768 1779//1779
f 1787//1787 1774//1774 1775//1775
f 1787//1787 1660//1660 1673//1673
f 1789//1789 1777//1777 1778//1778
f 1779//1779 1789//1789 1778//1778
f 1791//1791 1785//1785 1790//1790
f 1791//1791 1779//1779 1780//1780
f 1791//1791 1774//1774 1786//1786
f 1792//1792 1475//1475 1478//1478
f 1792//1792 1465//1465 1782//1782
f 1792//1792 1777//1777 1788//1788
f 1795//1795 1785//1785 1786//1786
f 1796//1796 1688//1688 1795//1795
f 1796//1796 1786//1786 1787//1787
f 1796//1796 1673//1673 1689//1689
f 1797//1797 1475//1475 1788//1788
f 1789//1789 1797//1797 1788//1788
f 1799//1799 1793//1793 1798//1798
f 1799//1799 1789//1789 1790//1790
f 1799//1799 1785//1785 1794//1794
f 1801//1801 1225//1225 1800//1800
f 1801//1801 1172//1172 1226//1226
f 1802//1802 1801//1801 1800//1800
f 1677//1677 1801//1801 1803//1803
f 1804//1804 1803//1803 1802//1802
f 1678//1678 1803//1803 1805//1805
f 1808//1808 1804//1804 1807//1807
f 1808//1808 1679//1679 1680//1680
f 1808//1808 1678//1678 1805//1805
f 1810//1810 1806//1806 1809//1809
f 1810//1810 1679//1679 1807//1807
f 1813//1813 1809//1809 1812//1812
f 1813//1813 1683//1683 1684//1684
f 1813//1813 1681//1681 1810//1810
f 1816//1816 1811//1811 1815//1815
f 1816//1816 1685//1685 1686//1686
f 1816//1816 1683//1683 1812//1812
f 1820//1820 1814//1814 1819//1819
f 1820//1820 1688//1688 1689//1689
f 1820//1820 1685//1685 1815//1815
f 1822//1822 1245//1245 1821//1821
f 1800//1800 1246//1246 1822//1822
f 1823//1823 1822//1822 1821//1821
f 1824//1824 1800//1800 1822//1822
f 1825//1825 1824//1824 1823//1823
f 1826//1826 1802//1802 1824//1824
f 1829//1829 1825//1825 1828//1828
f 1829//1829 1806//1806 1807//1807
f 1829//1829 1804//1804 1826//1826
f 1831//1831 1827//1827 1830//1830
f 1831//1831 1806//1806 1828//1828
f 1834//1834 1830//1830 1833//1833
f 1834//1834 1811//1811 1812//1812
f 1834//1834 1809//1809 1831//1831
f 1838//1838 1832//1832 1837//1837
f 1838//1838 1814//1814 1815//1815
f 1838//1838 1811//1811 1833//1833
f 1841//1841 1835//1835 1840//1840
f 1841//1841 1817//1817 1818//1818
f 1842//1842 1836//1836 1841//1841
f 1842//1842 1818//1818 1819//1819
f 1842//1842 1814//1814 1837//1837
f 1843//1843 1266//1266 1265//1265
f 1844//1844 1245//1245 1266//1266
f 1846//1846 1843//1843 1845//1845
f 1823//1823 1844//1844 1846//1846
f 1849//1849 1845//1845 1848//1848
f 1825//1825 1846//1846 1849//1849
f 1851//1851 1847//1847 1850//1850
f 1852//1852 1848//1848 1851//1851
f 1852//1852 1827//1827 1828//1828
f 1852//1852 1825//1825 1849//1849
f 1855//1855 1850//1850 1854//1854
f 1855//1855 1827//1827 1851//1851
f 1859//1859 1853//1853 1858//1858
f 1860//1860 1854//1854 1859//1859
f 1860//1860 1832//1832 1833//1833
f 1860//1860 1830//1830 1855//1855
f 1862//1862 1856//1856 1861//1861
f 1863//1863 1857//1857 1862//1862
f 1863//1863 1835//1835 1836//1836
f 1864//1864 1858//1858 1863//1863
f 1864//1864 1836//1836 1837//1837
f 1864//1864 1832//1832 1859//1859
f 1865//1865 1557//1557 1561//1561
f 1839//1839 1561//1561 1533//1533
f 1866//1866 1861//1861 1865//1865
f 1866//1866 1839//1839 1840//1840
f 1866//1866 1835//1835 1862//1862
f 1867//1867 1283//1283 1282//1282
f 1868//1868 1284//1284 1283//1283
f 1869//1869 1265//1265 1284//1284
f 1871//1871 1867//1867 1870//1870
f 1872//1872 1868//1868 1871//1871
f 1845//1845 1869//1869 1872//1872
f 1874//1874 1871//1871 1870//1870
f 1876//1876 1871//1871 1875//1875
f 1876//1876 1847//1847 1848//1848
f 1876//1876 1845//1845 1872//1872
f 1879//1879 1873//1873 1878//1878
f 1879//1879 1875//1875 1874//1874
f 1880//1880 1847//1847 1875//1875
f 1882//1882 1877//1877 1881//1881
f 1882//1882 1879//1879 1878//1878
f 1884//1884 1879//1879 1883//1883
f 1884//1884 1853//1853 1854//1854
f 1884//1884 1850//1850 1880//1880
f 1586//1586 1881//1881 1581//1581
f 1885//1885 1882//1882 1881//1881
f 1886//1886 1856//1856 1857//1857
f 1887//1887 1882//1882 1886//1886
f 1887//1887 1857//1857 1858//1858
f 1887//1887 1853//1853 1883//1883
f 1888//1888 1586//1586 1589//1589
f 1888//1888 1557//1557 1861//1861
f 1888//1888 1856//1856 1885//1885
f 1889//1889 1035//1035 1594//1594
f 1890//1890 1288//1288 1889//1889
f 1890//1890 1290//1290 1289//1289
f 1867//1867 1290//1290 1891//1891
f 1599//1599 1889//1889 1594//1594
f 1892//1892 1890//1890 1889//1889
f 1894//1894 1890//1890 1893//1893
f 1870//1870 1891//1891 1894//1894
f 1604//1604 1892//1892 1599//1599
f 1895//1895 1893//1893 1892//1892
f 1897//1897 1893//1893 1896//1896
f 1897//1897 1873//1873 1874//1874
f 1897//1897 1870//1870 1894//1894
f 1898//1898 1604//1604 1608//1608
f 1899//1899 1895//1895 1898//1898
f 1899//1899 1877//1877 1878//1878
f 1899//1899 1873//1873 1896//1896
f 1900//1900 1608//1608 1611//1611
f 1900//1900 1581//1581 1881//1881
f 1900//1900 1877//1877 1898//1898
f 1903//1903 1817//1817 1902//1902
f 1903//1903 1793//1793 1794//1794
f 1904//1904 1818//1818 1903//1903
f 1904//1904 1794//1794 1795//1795
f 1904//1904 1688//1688 1819//1819
f 1620//1620 1901//1901 1617//1617
f 1797//1797 1620//1620 1488//1488
f 1906//1906 1901//1901 1905//1905
f 1906//1906 1797//1797 1798//1798
f 1906//1906 1793//1793 1902//1902
f 1624//1624 1839//1839 1533//1533
f 1907//1907 1617//1617 1901//1901
f 1908//1908 1839//1839 1907//1907
f 1908//1908 1901//1901 1902//1902
f 1908//1908 1817//1817 1840//1840
f 7//7 2//2 1//1
f 8//8 3//3 2//2
f 11//11 5//5 4//4
f 12//12 6//6 5//5
f 7//7 6//6 12//12
f 8//8 7//7 13//13
f 21//21 19//19 15//15
f 23//23 22//22 20//20
f 23//23 21//21 16//16
f 28//28 27//27 25//25
f 28//28 26//26 18//18
f 30//30 29//29 27//27
f 30//30 21//21 20//20
f 30//30 28//28 19//19
f 31//31 29//29 20//20
f 36//36 35//35 33//33
f 36//36 26//26 25//25
f 36//36 34//34 24//24
f 37//37 35//35 25//25
f 39//39 37//37 27//27
f 41//41 40//40 38//38
f 41//41 39//39 29//29
f 44//44 34//34 33//33
f 44//44 42//42 32//32
f 45//45 43//43 33//33
f 37//37 47//47 45//45
f 49//49 48//48 46//46
f 49//49 39//39 38//38
f 49//49 47//47 37//37
f 50//50 48//48 38//38
f 56//56 55//55 51//51
f 57//57 56//56 52//52
f 57//57 53//53 54//54
f 65//65 64//64 59//59
f 65//65 60//60 61//61
f 69//69 68//68 62//62
f 70//70 69//69 63//63
f 70//70 64//64 65//65
f 72//72 71//71 65//65
f 74//74 73//73 67//67
f 74//74 68//68 69//69
f 76//76 75//75 69//69
f 76//76 52//52 51//51
f 77//77 76//76 70//70
f 53//53 52//52 76//76
f 77//77 71//71 72//72
f 78//78 54//54 53//53
f 81//81 80//80 73//73
f 82//82 81//81 74//74
f 82//82 75//75 51//51
f 90//90 89//89 83//83
f 91//91 90//90 84//84
f 91//91 60//60 59//59
f 91//91 85//85 86//86
f 92//92 61//61 60//60
f 95//95 94//94 87//87
f 96//96 95//95 88//88
f 96//96 63//63 62//62
f 97//97 96//96 89//89
f 97//97 64//64 63//63
f 97//97 90//90 59//59
f 99//99 98//98 93//93
f 100//100 99//99 94//94
f 100//100 68//68 67//67
f 100//100 95//95 62//62
f 103//103 102//102 98//98
f 103//103 99//99 67//67
f 105//105 104//104 101//101
f 106//106 105//105 102//102
f 106//106 80//80 79//79
f 106//106 103//103 73//73
f 114//114 113//113 107//107
f 115//115 114//114 108//108
f 115//115 84//84 83//83
f 116//116 115//115 109//109
f 85//85 84//84 115//115
f 117//117 116//116 110//110
f 86//86 85//85 116//116
f 120//120 119//119 112//112
f 120//120 88//88 87//87
f 121//121 120//120 113//113
f 121//121 89//89 88//88
f 121//121 114//114 83//83
f 124//124 123//123 118//118
f 124//124 94//94 93//93
f 124//124 119//119 87//87
f 126//126 125//125 122//122
f 126//126 123//123 93//93
f 127//127 16//16 15//15
f 128//128 127//127 125//125
f 128//128 102//102 101//101
f 128//128 126//126 98//98
f 129//129 17//17 16//16
f 129//129 127//127 101//101
f 136//136 108//108 107//107
f 137//137 136//136 130//130
f 137//137 109//109 108//108
f 137//137 131//131 132//132
f 138//138 110//110 109//109
f 138//138 132//132 133//133
f 111//111 110//110 138//138
f 142//142 141//141 134//134
f 142//142 113//113 112//112
f 142//142 135//135 107//107
f 145//145 144//144 140//140
f 145//145 119//119 118//118
f 145//145 141//141 112//112
f 147//147 146//146 143//143
f 147//147 123//123 122//122
f 147//147 144//144 118//118
f 148//148 19//19 18//18
f 148//148 125//125 15//15
f 148//148 146//146 122//122
f 131//131 130//130 151//151
f 153//153 152//152 1//1
f 153//153 132//132 131//131
f 153//153 2//2 3//3
f 154//154 133//133 132//132
f 157//157 156//156 149//149
f 157//157 135//135 134//134
f 158//158 157//157 150//150
f 158//158 136//136 135//135
f 158//158 151//151 130//130
f 161//161 160//160 155//155
f 161//161 141//141 140//140
f 161//161 156//156 134//134
f 163//163 162//162 159//159
f 163//163 144//144 143//143
f 163//163 160//160 140//140
f 164//164 26//26 24//24
f 164//164 146//146 18//18
f 164//164 162//162 143//143
f 167//167 150//150 149//149
f 168//168 167//167 4//4
f 168//168 151//151 150//150
f 169//169 168//168 5//5
f 169//169 152//152 151//151
f 169//169 6//6 1//1
f 172//172 171//171 165//165
f 172//172 156//156 155//155
f 172//172 166//166 149//149
f 174//174 173//173 170//170
f 174//174 160//160 159//159
f 174//174 171//171 155//155
f 175//175 34//34 32//32
f 175//175 162//162 24//24
f 175//175 173//173 159//159
f 177//177 166//166 165//165
f 178//178 177//177 9//9
f 178//178 167//167 166//166
f 178//178 10//10 4//4
f 180//180 171//171 170//170
f 180//180 176//176 165//165
f 181//181 173//173 32//32
f 181//181 179//179 170//170
f 182//182 3//3 8//8
f 186//186 183//183 8//8
f 184//184 183//183 186//186
f 185//185 184//184 187//187
f 58//58 54//54 189//189
f 191//191 189//189 190//190
f 66//66 61//61 193//193
f 197//197 72//72 66//66
f 197//197 194//194 195//195
f 198//198 195//195 196//196
f 78//78 72//72 197//197
f 201//201 189//189 54//54
f 201//201 197//197 198//198
f 190//190 189//189 201//201
f 203//203 202//202 198//198
f 203//203 199//199 200//200
f 205//205 192//192 190//190
f 205//205 202//202 203//203
f 206//206 203//203 204//204
f 92//92 86//86 208//208
f 193//193 61//61 92//92
f 210//210 208//208 209//209
f 214//214 194//194 193//193
f 214//214 210//210 211//211
f 195//195 194//194 214//214
f 215//215 211//211 212//212
f 196//196 195//195 215//215
f 216//216 212//212 213//213
f 219//219 199//199 196//196
f 219//219 216//216 217//217
f 200//200 199//199 219//219
f 220//220 217//217 218//218
f 222//222 204//204 200//200
f 222//222 220//220 221//221
f 207//207 204//204 222//222
f 226//226 225//225 222//222
f 226//226 223//223 224//224
f 117//117 111//111 228//228
f 231//231 208//208 86//86
f 231//231 228//228 229//229
f 209//209 208//208 231//231
f 232//232 229//229 230//230
f 235//235 211//211 209//209
f 235//235 232//232 233//233
f 212//212 211//211 235//235
f 236//236 233//233 234//234
f 213//213 212//212 236//236
f 239//239 217//217 213//213
f 239//239 237//237 238//238
f 218//218 217//217 239//239
f 242//242 221//221 218//218
f 242//242 240//240 241//241
f 244//244 223//223 221//221
f 244//244 242//242 243//243
f 224//224 223//223 244//244
f 247//247 227//227 224//224
f 247//247 245//245 246//246
f 251//251 139//139 133//133
f 228//228 111//111 139//139
f 251//251 249//249 250//250
f 229//229 228//228 251//251
f 230//230 229//229 252//252
f 255//255 233//233 230//230
f 255//255 253//253 254//254
f 234//234 233//233 255//255
f 258//258 237//237 234//234
f 258//258 256//256 257//257
f 238//238 237//237 258//258
f 261//261 240//240 238//238
f 261//261 259//259 260//260
f 241//241 240//240 261//261
f 264//264 243//243 241//241
f 264//264 262//262 263//263
f 266//266 245//245 243//243
f 266//266 264//264 265//265
f 246//246 245//245 266//266
f 269//269 248//248 246//246
f 269//269 267//267 268//268
f 154//154 3//3 182//182
f 249//249 133//133 154//154
f 250//250 249//249 271//271
f 275//275 252//252 250//250
f 275//275 272//272 273//273
f 253//253 252//252 275//275
f 276//276 273//273 274//274
f 254//254 253//253 276//276
f 279//279 256//256 254//254
f 279//279 277//277 278//278
f 257//257 256//256 279//279
f 282//282 259//259 257//257
f 282//282 280//280 281//281
f 260//260 259//259 282//282
f 285//285 262//262 260//260
f 285//285 283//283 284//284
f 263//263 262//262 285//285
f 288//288 265//265 263//263
f 288//288 286//286 287//287
f 290//290 267//267 265//265
f 290//290 288//288 289//289
f 268//268 267//267 290//290
f 292//292 270//270 268//268
f 293//293 271//271 182//182
f 293//293 183//183 184//184
f 272//272 271//271 293//293
f 294//294 184//184 185//185
f 273//273 272//272 294//294
f 274//274 273//273 295//295
f 298//298 277//277 274//274
f 298//298 296//296 297//297
f 278//278 277//277 298//298
f 301//301 280//280 278//278
f 301//301 299//299 300//300
f 281//281 280//280 301//301
f 304//304 283//283 281//281
f 304//304 302//302 303//303
f 284//284 283//283 304//304
f 306//306 286//286 284//284
f 287//287 286//286 306//306
f 308//308 289//289 287//287
f 309//309 295//295 185//185
f 296//296 295//295 309//309
f 297//297 296//296 310//310
f 312//312 299//299 297//297
f 300//300 299//299 312//312
f 314//314 302//302 300//300
f 303//303 302//302 314//314
f 316//316 305//305 303//303
f 318//318 306//306 305//305
f 318//318 316//316 317//317
f 307//307 306//306 318//318
f 320//320 308//308 307//307
f 291//291 289//289 321//321
f 292//292 291//291 322//322
f 321//321 289//289 308//308
f 326//326 322//322 321//321
f 328//328 323//323 322//322
f 328//328 326//326 327//327
f 324//324 323//323 328//328
f 320//320 319//319 330//330
f 325//325 308//308 320//320
f 333//333 326//326 325//325
f 333//333 331//331 332//332
f 327//327 326//326 333//333
f 335//335 329//329 327//327
f 341//341 22//22 23//23
f 342//342 23//23 17//17
f 344//344 343//343 341//341
f 344//344 342//342 337//337
f 346//346 345//345 343//343
f 339//339 346//346 344//344
f 347//347 345//345 346//346
f 340//340 348//348 346//346
f 341//341 351//351 31//31
f 343//343 352//352 351//351
f 353//353 352//352 343//343
f 347//347 354//354 353//353
f 355//355 354//354 347//347
f 356//356 354//354 355//355
f 349//349 357//357 355//355
f 350//350 358//358 357//357
f 360//360 40//40 41//41
f 361//361 41//41 31//31
f 363//363 362//362 360//360
f 352//352 363//363 361//361
f 365//365 364//364 362//362
f 353//353 365//365 363//363
f 366//366 364//364 365//365
f 354//354 367//367 365//365
f 356//356 368//368 367//367
f 369//369 368//368 356//356
f 370//370 368//368 369//369
f 358//358 371//371 369//369
f 359//359 372//372 371//371
f 373//373 50//50 40//40
f 362//362 374//374 373//373
f 364//364 375//375 374//374
f 366//366 376//376 375//375
f 377//377 376//376 366//366
f 378//378 376//376 377//377
f 368//368 379//379 377//377
f 370//370 380//380 379//379
f 381//381 380//380 370//370
f 382//382 380//380 381//381
f 372//372 383//383 381//381
f 386//386 385//385 55//55
f 386//386 56//56 57//57
f 388//388 387//387 57//57
f 389//389 385//385 386//386
f 391//391 390//390 386//386
f 392//392 391//391 387//387
f 393//393 389//389 390//390
f 395//395 394//394 390//390
f 395//395 391//391 392//392
f 397//397 394//394 395//395
f 399//399 398//398 395//395
f 401//401 400//400 79//79
f 401//401 80//80 81//81
f 403//403 402//402 81//81
f 385//385 403//403 82//82
f 405//405 404//404 400//400
f 406//406 405//405 401//401
f 406//406 402//402 403//403
f 407//407 403//403 385//385
f 408//408 404//404 405//405
f 410//410 409//409 405//405
f 410//410 406//406 407//407
f 393//393 411//411 407//407
f 412//412 411//411 393//393
f 413//413 409//409 410//410
f 415//415 414//414 410//410
f 415//415 411//411 412//412
f 397//397 416//416 412//412
f 417//417 416//416 397//397
f 418//418 417//417 398//398
f 419//419 413//413 414//414
f 420//420 414//414 415//415
f 422//422 421//421 415//415
f 422//422 416//416 417//417
f 424//424 423//423 417//417
f 425//425 421//421 422//422
f 426//426 422//422 423//423
f 427//427 423//423 424//424
f 430//430 429//429 104//104
f 430//430 105//105 79//79
f 432//432 431//431 429//429
f 432//432 430//430 400//400
f 433//433 431//431 432//432
f 408//408 434//434 432//432
f 435//435 434//434 408//408
f 436//436 433//433 434//434
f 437//437 434//434 435//435
f 413//413 438//438 435//435
f 439//439 437//437 438//438
f 419//419 440//440 438//438
f 441//441 440//440 419//419
f 442//442 441//441 420//420
f 444//444 443//443 439//439
f 444//444 440//440 441//441
f 445//445 441//441 442//442
f 425//425 446//446 442//442
f 447//447 446//446 425//425
f 427//427 448//448 447//447
f 428//428 449//449 448//448
f 450//450 445//445 446//446
f 451//451 446//446 447//447
f 453//453 452//452 447//447
f 453//453 448//448 449//449
f 455//455 451//451 452//452
f 457//457 456//456 452//452
f 457//457 453//453 454//454
f 337//337 17//17 129//129
f 429//429 459//459 129//129
f 338//338 337//337 459//459
f 460//460 459//459 429//429
f 461//461 339//339 338//338
f 461//461 460//460 431//431
f 340//340 339//339 461//461
f 436//436 462//462 461//461
f 463//463 462//462 436//436
f 464//464 462//462 463//463
f 439//439 465//465 463//463
f 466//466 464//464 465//465
f 443//443 467//467 465//465
f 468//468 467//467 443//443
f 469//469 468//468 444//444
f 470//470 467//467 468//468
f 471//471 468//468 469//469
f 450//450 472//472 469//469
f 473//473 472//472 450//450
f 474//474 471//471 472//472
f 475//475 472//472 473//473
f 455//455 476//476 473//473
f 477//477 476//476 455//455
f 457//457 478//478 477//477
f 479//479 478//478 457//457
f 480//480 348//348 340//340
f 349//349 348//348 480//480
f 464//464 481//481 480//480
f 350//350 349//349 481//481
f 466//466 482//482 481//481
f 483//483 482//482 466//466
f 484//484 482//482 483//483
f 470//470 485//485 483//483
f 486//486 485//485 470//470
f 487//487 485//485 486//486
f 474//474 488//488 486//486
f 489//489 488//488 474//474
f 490//490 489//489 475//475
f 491//491 358//358 350//350
f 359//359 358//358 491//491
f 484//484 492//492 491//491
f 493//493 492//492 484//484
f 494//494 492//492 493//493
f 487//487 495//495 493//493
f 496//496 495//495 487//487
f 497//497 372//372 359//359
f 494//494 498//498 497//497
f 499//499 498//498 494//494
f 500//500 383//383 372//372
f 384//384 383//383 500//500
f 498//498 501//501 500//500
f 502//502 476//476 477//477
f 503//503 477//477 478//478
f 505//505 504//504 478//478
f 506//506 488//488 489//489
f 507//507 489//489 490//490
f 502//502 508//508 490//490
f 509//509 508//508 502//502
f 510//510 509//509 503//503
f 511//511 510//510 504//504
f 512//512 509//509 510//510
f 513//513 510//510 511//511
f 515//515 495//495 496//496
f 506//506 516//516 496//496
f 517//517 516//516 506//506
f 518//518 517//517 507//507
f 519//519 518//518 508//508
f 520//520 517//517 518//518
f 521//521 518//518 519//519
f 512//512 522//522 519//519
f 523//523 522//522 512//512
f 514//514 524//524 523//523
f 525//525 498//498 499//499
f 515//515 526//526 499//499
f 527//527 526//526 515//515
f 528//528 527//527 516//516
f 529//529 527//527 528//528
f 520//520 530//530 528//528
f 531//531 530//530 520//520
f 532//532 531//531 521//521
f 533//533 532//532 522//522
f 524//524 534//534 533//533
f 535//535 532//532 533//533
f 536//536 533//533 534//534
f 525//525 538//538 501//501
f 539//539 538//538 525//525
f 540//540 539//539 526//526
f 541//541 539//539 540//540
f 529//529 542//542 540//540
f 543//543 542//542 529//529
f 531//531 544//544 543//543
f 545//545 544//544 531//531
f 546//546 543//543 544//544
f 547//547 544//544 545//545
f 535//535 548//548 545//545
f 549//549 548//548 535//535
f 550//550 549//549 536//536
f 551//551 388//388 58//58
f 551//551 191//191 192//192
f 392//392 388//388 551//551
f 554//554 553//553 551//551
f 396//396 392//392 553//553
f 556//556 555//555 553//553
f 557//557 399//399 396//396
f 552//552 192//192 205//205
f 558//558 205//205 206//206
f 559//559 206//206 207//207
f 562//562 554//554 552//552
f 563//563 562//562 558//558
f 564//564 563//563 559//559
f 565//565 564//564 560//560
f 556//556 567//567 566//566
f 556//556 554//554 562//562
f 568//568 567//567 562//562
f 569//569 568//568 563//563
f 557//557 570//570 418//418
f 557//557 555//555 566//566
f 571//571 570//570 566//566
f 571//571 567//567 568//568
f 573//573 572//572 568//568
f 574//574 424//424 418//418
f 574//574 570//570 571//571
f 576//576 575//575 571//571
f 577//577 428//428 424//424
f 578//578 577//577 574//574
f 579//579 560//560 207//207
f 579//579 225//225 226//226
f 561//561 560//560 579//579
f 581//581 580//580 226//226
f 565//565 583//583 582//582
f 565//565 561//561 580//580
f 583//583 580//580 581//581
f 569//569 564//564 582//582
f 586//586 585//585 582//582
f 586//586 583//583 584//584
f 573//573 589//589 588//588
f 573//573 569//569 585//585
f 590//590 589//589 585//585
f 591//591 590//590 586//586
f 576//576 593//593 592//592
f 576//576 572//572 588//588
f 594//594 593//593 588//588
f 595//595 594//594 589//589
f 596//596 449//449 428//428
f 578//578 597//597 596//596
f 578//578 575//575 592//592
f 598//598 597//597 592//592
f 599//599 598//598 593//593
f 600//600 599//599 594//594
f 454//454 449//449 596//596
f 602//602 601//601 596//596
f 603//603 602//602 597//597
f 458//458 454//454 601//601
f 605//605 604//604 601//601
f 581//581 227//227 247//247
f 606//606 247//247 248//248
f 584//584 581//581 606//606
f 609//609 608//608 606//606
f 610//610 587//587 584//584
f 611//611 610//610 608//608
f 591//591 613//613 612//612
f 591//591 587//587 610//610
f 614//614 613//613 610//610
f 595//595 590//590 612//612
f 616//616 615//615 612//612
f 599//599 618//618 617//617
f 600//600 619//619 618//618
f 600//600 595//595 615//615
f 620//620 619//619 615//615
f 603//603 622//622 621//621
f 603//603 598//598 617//617
f 623//623 622//622 617//617
f 624//624 623//623 618//618
f 625//625 479//479 458//458
f 605//605 626//626 625//625
f 605//605 602//602 621//621
f 627//627 626//626 621//621
f 628//628 627//627 622//622
f 607//607 248//248 269//269
f 629//629 269//269 270//270
f 609//609 607//607 629//629
f 632//632 631//631 629//629
f 611//611 609//609 631//631
f 634//634 633//633 631//631
f 614//614 636//636 635//635
f 614//614 611//611 633//633
f 616//616 613//613 635//635
f 638//638 637//637 635//635
f 620//620 640//640 639//639
f 620//620 616//616 637//637
f 641//641 640//640 637//637
f 624//624 643//643 642//642
f 624//624 619//619 639//639
f 644//644 643//643 639//639
f 627//627 646//646 645//645
f 628//628 647//647 646//646
f 628//628 623//623 642//642
f 648//648 647//647 642//642
f 649//649 630//630 270//270
f 650//650 632//632 630//630
f 634//634 652//652 651//651
f 634//634 632//632 650//650
f 636//636 633//633 651//651
f 654//654 653//653 651//651
f 638//638 636//636 653//653
f 656//656 655//655 653//653
f 641//641 658//658 657//657
f 641//641 638//638 655//655
f 644//644 660//660 659//659
f 644//644 640//640 657//657
f 661//661 660//660 657//657
f 648//648 663//663 662//662
f 648//648 643//643 659//659
f 664//664 663//663 659//659
f 654//654 652//652 665//665
f 656//656 668//668 667//667
f 656//656 654//654 666//666
f 658//658 655//655 667//667
f 670//670 669//669 667//667
f 661//661 672//672 671//671
f 661//661 658//658 669//669
f 664//664 674//674 673//673
f 664//664 660//660 671//671
f 668//668 666//666 675//675
f 670//670 678//678 677//677
f 670//670 668//668 676//676
f 672//672 680//680 679//679
f 672//672 669//669 677//677
f 681//681 680//680 677//677
f 674//674 683//683 682//682
f 674//674 671//671 679//679
f 684//684 683//683 679//679
f 649//649 292//292 323//323
f 685//685 323//323 324//324
f 687//687 650//650 649//649
f 688//688 652//652 650//650
f 686//686 690//690 689//689
f 686//686 324//324 329//329
f 687//687 685//685 689//689
f 692//692 691//691 689//689
f 688//688 693//693 665//665
f 688//688 687//687 691//691
f 694//694 666//666 665//665
f 690//690 329//329 335//335
f 695//695 335//335 336//336
f 692//692 698//698 697//697
f 692//692 690//690 695//695
f 693//693 691//691 697//697
f 700//700 699//699 697//697
f 694//694 701//701 675//675
f 694//694 693//693 699//699
f 702//702 676//676 675//675
f 703//703 505//505 479//479
f 704//704 703//703 625//625
f 703//703 705//705 511//511
f 704//704 706//706 705//705
f 704//704 626//626 645//645
f 707//707 706//706 645//645
f 708//708 707//707 646//646
f 709//709 514//514 511//511
f 706//706 711//711 710//710
f 707//707 712//712 711//711
f 708//708 713//713 712//712
f 708//708 647//647 662//662
f 714//714 713//713 662//662
f 709//709 715//715 524//524
f 709//709 705//705 710//710
f 716//716 715//715 710//710
f 717//717 716//716 711//711
f 713//713 719//719 718//718
f 714//714 720//720 719//719
f 714//714 663//663 673//673
f 715//715 721//721 534//534
f 716//716 722//722 721//721
f 717//717 723//723 722//722
f 717//717 712//712 718//718
f 724//724 723//723 718//718
f 725//725 537//537 534//534
f 720//720 727//727 726//726
f 720//720 673//673 682//682
f 728//728 727//727 682//682
f 722//722 730//730 729//729
f 731//731 730//730 722//722
f 724//724 732//732 731//731
f 724//724 719//719 726//726
f 733//733 732//732 726//726
f 725//725 734//734 550//550
f 725//725 721//721 729//729
f 735//735 734//734 729//729
f 736//736 735//735 730//730
f 741//741 10//10 9//9
f 11//11 10//10 741//741
f 12//12 11//11 742//742
f 744//744 743//743 737//737
f 744//744 13//13 12//12
f 745//745 744//744 738//738
f 14//14 13//13 744//744
f 747//747 738//738 737//737
f 739//739 738//738 747//747
f 750//750 741//741 740//740
f 742//742 741//741 750//750
f 752//752 743//743 742//742
f 752//752 746//746 737//737
f 755//755 747//747 746//746
f 756//756 748//748 747//747
f 758//758 750//750 749//749
f 751//751 750//750 758//758
f 760//760 759//759 753//753
f 760//760 752//752 751//751
f 760//760 754//754 746//746
f 754//754 753//753 761//761
f 755//755 754//754 762//762
f 756//756 755//755 763//763
f 758//758 757//757 765//765
f 767//767 759//759 758//758
f 759//759 767//767 761//761
f 768//768 762//762 761//761
f 763//763 762//762 769//769
f 771//771 764//764 763//763
f 766//766 765//765 772//772
f 774//774 767//767 766//766
f 768//768 767//767 774//774
f 768//768 775//775 769//769
f 776//776 770//770 769//769
f 777//777 771//771 770//770
f 773//773 772//772 778//778
f 780//780 774//774 773//773
f 781//781 775//775 774//774
f 776//776 775//775 781//781
f 783//783 777//777 776//776
f 780//780 779//779 784//784
f 781//781 780//780 785//785
f 787//787 782//782 781//781
f 783//783 782//782 787//787
f 787//787 786//786 789//789
f 791//791 788//788 787//787
f 796//796 795//795 793//793
f 796//796 44//44 43//43
f 796//796 794//794 42//42
f 798//798 795//795 43//43
f 800//800 799//799 797//797
f 800//800 47//47 46//46
f 800//800 798//798 45//45
f 801//801 799//799 46//46
f 50//50 802//802 801//801
f 805//805 794//794 793//793
f 805//805 803//803 792//792
f 806//806 804//804 793//793
f 808//808 798//798 797//797
f 808//808 806//806 795//795
f 809//809 807//807 797//797
f 801//801 810//810 809//809
f 802//802 811//811 810//810
f 805//805 804//804 813//813
f 814//814 812//812 803//803
f 806//806 815//815 813//813
f 808//808 807//807 816//816
f 817//817 815//815 806//806
f 818//818 816//816 807//807
f 810//810 819//819 818//818
f 811//811 821//821 819//819
f 824//824 814//814 813//813
f 814//814 824//824 822//822
f 825//825 823//823 813//813
f 827//827 817//817 816//816
f 827//827 825//825 815//815
f 818//818 828//828 826//826
f 829//829 828//828 818//818
f 821//821 820//820 830//830
f 831//831 829//829 819//819
f 824//824 823//823 833//833
f 824//824 834//834 832//832
f 825//825 835//835 833//833
f 836//836 834//834 833//833
f 838//838 827//827 826//826
f 838//838 835//835 825//825
f 828//828 839//839 837//837
f 840//840 839//839 828//828
f 841//841 840//840 829//829
f 836//836 835//835 843//843
f 836//836 844//844 842//842
f 838//838 837//837 845//845
f 838//838 846//846 843//843
f 839//839 847//847 845//845
f 848//848 846//846 845//845
f 840//840 849//849 847//847
f 850//850 849//849 840//840
f 844//844 843//843 852//852
f 844//844 853//853 851//851
f 846//846 854//854 852//852
f 855//855 853//853 852//852
f 848//848 847//847 856//856
f 848//848 857//857 854//854
f 849//849 858//858 856//856
f 859//859 857//857 856//856
f 850//850 860//860 858//858
f 860//860 861//861 859//859
f 855//855 854//854 863//863
f 855//855 864//864 862//862
f 857//857 865//865 863//863
f 866//866 864//864 863//863
f 859//859 867//867 865//865
f 868//868 866//866 865//865
f 869//869 867//867 859//859
f 872//872 177//177 176//176
f 872//872 740//740 9//9
f 874//874 873//873 870//870
f 874//874 180//180 179//179
f 874//874 871//871 176//176
f 875//875 794//794 792//792
f 875//875 181//181 42//42
f 875//875 873//873 179//179
f 877//877 871//871 870//870
f 872//872 871//871 877//877
f 872//872 878//878 749//749
f 879//879 873//873 792//792
f 879//879 876//876 870//870
f 877//877 876//876 880//880
f 878//878 877//877 881//881
f 878//878 882//882 757//757
f 883//883 879//879 803//803
f 879//879 883//883 880//880
f 885//885 881//881 880//880
f 886//886 882//882 881//881
f 886//886 765//765 757//757
f 883//883 812//812 822//822
f 887//887 884//884 880//880
f 885//885 884//884 888//888
f 890//890 886//886 885//885
f 890//890 772//772 765//765
f 887//887 822//822 832//832
f 887//887 891//891 888//888
f 892//892 889//889 888//888
f 893//893 891//891 832//832
f 890//890 889//889 894//894
f 890//890 895//895 778//778
f 896//896 779//779 778//778
f 892//892 891//891 897//897
f 892//892 898//898 894//894
f 893//893 834//834 842//842
f 893//893 899//899 897//897
f 895//895 894//894 900//900
f 896//896 895//895 901//901
f 896//896 902//902 784//784
f 903//903 785//785 784//784
f 904//904 786//786 785//785
f 898//898 897//897 905//905
f 898//898 906//906 900//900
f 907//907 901//901 900//900
f 899//899 842//842 851//851
f 899//899 908//908 905//905
f 909//909 906//906 905//905
f 910//910 908//908 851//851
f 902//902 901//901 911//911
f 903//903 902//902 912//912
f 904//904 903//903 913//913
f 904//904 914//914 789//789
f 915//915 790//790 789//789
f 916//916 791//791 790//790
f 907//907 906//906 917//917
f 907//907 918//918 911//911
f 919//919 912//912 911//911
f 909//909 908//908 920//920
f 909//909 921//921 917//917
f 910//910 853//853 862//862
f 910//910 922//922 920//920
f 923//923 922//922 862//862
f 866//866 925//925 924//924
f 868//868 867//867 926//926
f 868//868 927//927 925//925
f 869//869 928//928 926//926
f 929//929 927//927 926//926
f 927//927 931//931 930//930
f 929//929 932//932 931//931
f 913//913 912//912 933//933
f 914//914 913//913 934//934
f 915//915 914//914 935//935
f 937//937 916//916 915//915
f 918//918 917//917 938//938
f 919//919 918//918 939//939
f 919//919 940//940 933//933
f 941//941 934//934 933//933
f 941//941 942//942 935//935
f 942//942 943//943 936//936
f 944//944 937//937 936//936
f 921//921 920//920 945//945
f 921//921 946//946 938//938
f 947//947 939//939 938//938
f 948//948 940//940 939//939
f 922//922 949//949 945//945
f 950//950 946//946 945//945
f 923//923 864//864 924//924
f 923//923 951//951 949//949
f 952//952 951//951 924//924
f 941//941 940//940 953//953
f 942//942 941//941 954//954
f 943//943 942//942 955//955
f 957//957 944//944 943//943
f 947//947 946//946 958//958
f 948//948 947//947 959//959
f 948//948 960//960 953//953
f 961//961 954//954 953//953
f 962//962 955//955 954//954
f 963//963 956//956 955//955
f 964//964 957//957 956//956
f 950//950 949//949 965//965
f 950//950 966//966 958//958
f 967//967 959//959 958//958
f 968//968 960//960 959//959
f 951//951 969//969 965//965
f 970//970 966//966 965//965
f 971//971 967//967 966//966
f 952//952 925//925 930//930
f 952//952 972//972 969//969
f 973//973 970//970 969//969
f 974//974 972//972 930//930
f 975//975 974//974 931//931
f 961//961 960//960 976//976
f 978//978 962//962 961//961
f 979//979 963//963 962//962
f 964//964 963//963 979//979
f 968//968 967//967 981//981
f 968//968 982//982 976//976
f 983//983 977//977 976//976
f 984//984 978//978 977//977
f 985//985 979//979 978//978
f 985//985 986//986 980//980
f 971//971 970//970 987//987
f 971//971 988//988 981//981
f 989//989 982//982 981//981
f 990//990 983//983 982//982
f 973//973 972//972 991//991
f 973//973 992//992 987//987
f 993//993 988//988 987//987
f 994//994 989//989 988//988
f 974//974 995//995 991//991
f 996//996 992//992 991//991
f 997//997 993//993 992//992
f 998//998 995//995 974//974
f 999//999 996//996 995//995
f 984//984 983//983 1000//1000
f 1002//1002 985//985 984//984
f 986//986 985//985 1002//1002
f 990//990 989//989 1004//1004
f 990//990 1005//1005 1000//1000
f 1006//1006 1001//1001 1000//1000
f 1007//1007 1002//1002 1001//1001
f 1007//1007 1008//1008 1003//1003
f 994//994 993//993 1009//1009
f 994//994 1010//1010 1004//1004
f 1011//1011 1005//1005 1004//1004
f 1011//1011 1012//1012 1006//1006
f 1013//1013 1007//1007 1006//1006
f 1013//1013 1014//1014 1008//1008
f 997//997 996//996 1015//1015
f 997//997 1016//1016 1009//1009
f 1017//1017 1010//1010 1009//1009
f 1017//1017 1018//1018 1011//1011
f 1019//1019 1012//1012 1011//1011
f 999//999 1020//1020 1015//1015
f 1021//1021 1016//1016 1015//1015
f 1021//1021 1022//1022 1017//1017
f 1013//1013 1012//1012 1023//1023
f 1014//1014 1013//1013 1024//1024
f 1018//1018 1017//1017 1026//1026
f 1019//1019 1018//1018 1027//1027
f 1019//1019 1028//1028 1023//1023
f 1029//1029 1024//1024 1023//1023
f 1029//1029 1030//1030 1025//1025
f 1022//1022 1031//1031 1026//1026
f 1032//1032 1027//1027 1026//1026
f 1033//1033 1028//1028 1027//1027
f 1033//1033 1034//1034 1029//1029
f 1035//1035 1030//1030 1029//1029
f 745//745 739//739 1036//1036
f 186//186 14//14 745//745
f 1038//1038 187//187 186//186
f 188//188 187//187 1038//1038
f 1036//1036 739//739 748//748
f 1042//1042 1037//1037 1036//1036
f 1038//1038 1037//1037 1042//1042
f 1044//1044 1039//1039 1038//1038
f 1040//1040 1039//1039 1044//1044
f 1041//1041 748//748 756//756
f 1042//1042 1041//1041 1046//1046
f 1043//1043 1042//1042 1047//1047
f 1049//1049 1044//1044 1043//1043
f 1045//1045 1044//1044 1049//1049
f 1051//1051 1046//1046 756//756
f 1052//1052 1047//1047 1046//1046
f 1053//1053 1048//1048 1047//1047
f 1049//1049 1048//1048 1053//1053
f 1055//1055 1050//1050 1049//1049
f 1056//1056 1051//1051 764//764
f 777//777 1057//1057 1056//1056
f 1052//1052 1051//1051 1056//1056
f 1058//1058 1053//1053 1052//1052
f 1054//1054 1053//1053 1058//1058
f 1060//1060 1055//1055 1054//1054
f 1061//1061 1057//1057 777//777
f 1058//1058 1057//1057 1061//1061
f 1059//1059 1058//1058 1062//1062
f 1064//1064 1060//1060 1059//1059
f 1061//1061 783//783 788//788
f 1066//1066 1062//1062 1061//1061
f 1067//1067 1063//1063 1062//1062
f 1068//1068 1065//1065 788//788
f 1069//1069 1066//1066 1065//1065
f 1070//1070 309//309 188//188
f 1070//1070 1039//1039 1040//1040
f 310//310 309//309 1070//1070
f 311//311 310//310 1071//1071
f 312//312 311//311 1072//1072
f 313//313 312//312 1073//1073
f 1076//1076 314//314 313//313
f 1076//1076 1074//1074 1075//1075
f 315//315 314//314 1076//1076
f 1078//1078 316//316 315//315
f 317//317 316//316 1078//1078
f 1080//1080 319//319 317//317
f 1081//1081 1071//1071 1040//1040
f 1072//1072 1071//1071 1081//1081
f 1084//1084 1073//1073 1072//1072
f 1084//1084 1082//1082 1083//1083
f 1074//1074 1073//1073 1084//1084
f 1075//1075 1074//1074 1085//1085
f 1087//1087 1077//1077 1075//1075
f 1089//1089 1078//1078 1077//1077
f 1089//1089 1087//1087 1088//1088
f 1079//1079 1078//1078 1089//1089
f 1091//1091 1080//1080 1079//1079
f 1081//1081 1045//1045 1050//1050
f 1093//1093 1082//1082 1081//1081
f 1083//1083 1082//1082 1093//1093
f 1095//1095 1085//1085 1083//1083
f 1086//1086 1085//1085 1095//1095
f 1097//1097 1087//1087 1086//1086
f 1088//1088 1087//1087 1097//1097
f 1099//1099 1090//1090 1088//1088
f 1091//1091 1090//1090 1099//1099
f 1101//1101 1092//1092 1050//1050
f 1093//1093 1092//1092 1101//1101
f 1094//1094 1093//1093 1102//1102
f 1104//1104 1095//1095 1094//1094
f 1105//1105 1096//1096 1095//1095
f 1097//1097 1096//1096 1105//1105
f 1107//1107 1098//1098 1097//1097
f 1108//1108 1109//1109 1107//1107
f 1099//1099 1098//1098 1107//1107
f 1110//1110 1100//1100 1099//1099
f 1111//1111 1101//1101 1055//1055
f 1112//1112 1102//1102 1101//1101
f 1113//1113 1103//1103 1102//1102
f 1114//1114 1115//1115 1113//1113
f 1104//1104 1103//1103 1113//1113
f 1116//1116 1105//1105 1104//1104
f 1117//1117 1118//1118 1116//1116
f 1106//1106 1105//1105 1116//1116
f 1108//1108 1106//1106 1118//1118
f 1120//1120 1109//1109 1108//1108
f 1110//1110 1109//1109 1120//1120
f 1123//1123 1124//1124 1064//1064
f 1111//1111 1060//1060 1064//1064
f 1125//1125 1112//1112 1111//1111
f 1114//1114 1112//1112 1125//1125
f 1127//1127 1115//1115 1114//1114
f 1117//1117 1115//1115 1127//1127
f 1129//1129 1118//1118 1117//1117
f 1119//1119 1118//1118 1129//1129
f 1120//1120 1119//1119 1130//1130
f 1132//1132 1121//1121 1120//1120
f 1122//1122 1121//1121 1132//1132
f 1135//1135 1136//1136 1067//1067
f 1123//1123 1063//1063 1067//1067
f 1137//1137 1124//1124 1123//1123
f 1138//1138 1125//1125 1124//1124
f 1139//1139 1140//1140 1138//1138
f 1126//1126 1125//1125 1138//1138
f 1141//1141 1127//1127 1126//1126
f 1142//1142 1143//1143 1141//1141
f 1128//1128 1127//1127 1141//1141
f 1144//1144 1129//1129 1128//1128
f 1145//1145 1146//1146 1144//1144
f 1130//1130 1129//1129 1144//1144
f 1147//1147 1131//1131 1130//1130
f 1148//1148 1149//1149 1147//1147
f 1132//1132 1131//1131 1147//1147
f 1150//1150 1133//1133 1132//1132
f 1134//1134 1133//1133 1150//1150
f 1153//1153 1068//1068 791//791
f 1153//1153 1154//1154 1069//1069
f 1135//1135 1066//1066 1069//1069
f 1155//1155 1136//1136 1135//1135
f 1156//1156 1137//1137 1136//1136
f 1157//1157 1158//1158 1156//1156
f 1139//1139 1137//1137 1156//1156
f 1159//1159 1140//1140 1139//1139
f 1160//1160 1161//1161 1159//1159
f 1142//1142 1140//1140 1159//1159
f 1162//1162 1143//1143 1142//1142
f 1145//1145 1143//1143 1162//1162
f 1164//1164 1146//1146 1145//1145
f 1165//1165 1166//1166 1164//1164
f 1148//1148 1146//1146 1164//1164
f 1167//1167 1149//1149 1148//1148
f 1168//1168 1169//1169 1167//1167
f 1150//1150 1149//1149 1167//1167
f 1170//1170 1171//1171 1169//1169
f 1151//1151 1150//1150 1169//1169
f 1152//1152 1151//1151 1171//1171
f 330//330 319//319 1080//1080
f 1174//1174 331//331 330//330
f 332//332 331//331 1174//1174
f 1176//1176 1177//1177 1175//1175
f 1177//1177 334//334 332//332
f 1178//1178 335//335 334//334
f 336//336 335//335 1178//1178
f 1180//1180 1173//1173 1080//1080
f 1181//1181 1174//1174 1173//1173
f 1176//1176 1174//1174 1181//1181
f 1183//1183 1177//1177 1176//1176
f 1184//1184 1178//1178 1177//1177
f 1185//1185 1180//1180 1091//1091
f 1186//1186 1181//1181 1180//1180
f 1182//1182 1181//1181 1186//1186
f 1188//1188 1183//1183 1182//1182
f 1189//1189 1190//1190 1188//1188
f 1184//1184 1183//1183 1188//1188
f 1185//1185 1100//1100 1110//1110
f 1186//1186 1185//1185 1191//1191
f 1193//1193 1187//1187 1186//1186
f 1189//1189 1187//1187 1193//1193
f 1195//1195 1191//1191 1110//1110
f 1122//1122 1196//1196 1195//1195
f 1192//1192 1191//1191 1195//1195
f 1197//1197 1193//1193 1192//1192
f 1198//1198 1194//1194 1193//1193
f 1199//1199 1196//1196 1122//1122
f 1134//1134 1200//1200 1199//1199
f 1197//1197 1196//1196 1199//1199
f 1201//1201 1198//1198 1197//1197
f 1202//1202 1200//1200 1134//1134
f 1152//1152 1203//1203 1202//1202
f 1201//1201 1200//1200 1202//1202
f 1204//1204 1153//1153 916//916
f 1205//1205 1154//1154 1153//1153
f 1206//1206 1155//1155 1154//1154
f 1207//1207 1204//1204 937//937
f 1208//1208 1205//1205 1204//1204
f 1208//1208 1209//1209 1206//1206
f 1157//1157 1155//1155 1206//1206
f 1210//1210 1158//1158 1157//1157
f 1211//1211 1212//1212 1210//1210
f 1160//1160 1158//1158 1210//1210
f 1213//1213 1161//1161 1160//1160
f 1214//1214 1162//1162 1161//1161
f 1215//1215 1216//1216 1213//1213
f 1216//1216 1217//1217 1214//1214
f 1163//1163 1162//1162 1214//1214
f 1218//1218 1219//1219 1217//1217
f 1165//1165 1163//1163 1217//1217
f 1220//1220 1166//1166 1165//1165
f 1221//1221 1222//1222 1220//1220
f 1168//1168 1166//1166 1220//1220
f 1170//1170 1168//1168 1222//1222
f 1224//1224 1171//1171 1170//1170
f 1225//1225 1226//1226 1224//1224
f 1172//1172 1171//1171 1224//1224
f 1227//1227 1207//1207 944//944
f 1228//1228 1208//1208 1207//1207
f 1229//1229 1209//1209 1208//1208
f 964//964 1230//1230 1227//1227
f 1230//1230 1231//1231 1228//1228
f 1231//1231 1232//1232 1229//1229
f 1211//1211 1209//1209 1229//1229
f 1233//1233 1212//1212 1211//1211
f 1234//1234 1235//1235 1233//1233
f 1215//1215 1212//1212 1233//1233
f 1236//1236 1216//1216 1215//1215
f 1237//1237 1238//1238 1236//1236
f 1218//1218 1216//1216 1236//1236
f 1239//1239 1219//1219 1218//1218
f 1240//1240 1241//1241 1239//1239
f 1221//1221 1219//1219 1239//1239
f 1242//1242 1222//1222 1221//1221
f 1243//1243 1244//1244 1242//1242
f 1223//1223 1222//1222 1242//1242
f 1246//1246 1244//1244 1243//1243
f 1225//1225 1223//1223 1244//1244
f 1230//1230 964//964 980//980
f 1231//1231 1230//1230 1247//1247
f 1249//1249 1232//1232 1231//1231
f 986//986 1250//1250 1247//1247
f 1250//1250 1251//1251 1248//1248
f 1251//1251 1252//1252 1249//1249
f 1234//1234 1232//1232 1249//1249
f 1253//1253 1235//1235 1234//1234
f 1254//1254 1255//1255 1252//1252
f 1255//1255 1256//1256 1253//1253
f 1237//1237 1235//1235 1253//1253
f 1257//1257 1238//1238 1237//1237
f 1258//1258 1259//1259 1256//1256
f 1259//1259 1260//1260 1257//1257
f 1240//1240 1238//1238 1257//1257
f 1261//1261 1241//1241 1240//1240
f 1262//1262 1263//1263 1260//1260
f 1263//1263 1264//1264 1261//1261
f 1243//1243 1241//1241 1261//1261
f 1265//1265 1266//1266 1264//1264
f 1266//1266 1245//1245 1243//1243
f 1250//1250 986//986 1003//1003
f 1268//1268 1251//1251 1250//1250
f 1008//1008 1269//1269 1267//1267
f 1269//1269 1270//1270 1268//1268
f 1254//1254 1251//1251 1268//1268
f 1271//1271 1255//1255 1254//1254
f 1014//1014 1272//1272 1269//1269
f 1273//1273 1270//1270 1269//1269
f 1273//1273 1274//1274 1271//1271
f 1258//1258 1255//1255 1271//1271
f 1275//1275 1259//1259 1258//1258
f 1276//1276 1277//1277 1273//1273
f 1278//1278 1274//1274 1273//1273
f 1278//1278 1279//1279 1275//1275
f 1262//1262 1259//1259 1275//1275
f 1280//1280 1263//1263 1262//1262
f 1281//1281 1282//1282 1278//1278
f 1283//1283 1279//1279 1278//1278
f 1283//1283 1284//1284 1280//1280
f 1265//1265 1263//1263 1280//1280
f 1285//1285 1272//1272 1014//1014
f 1030//1030 1286//1286 1285//1285
f 1276//1276 1272//1272 1285//1285
f 1287//1287 1277//1277 1276//1276
f 1288//1288 1286//1286 1030//1030
f 1288//1288 1289//1289 1287//1287
f 1281//1281 1277//1277 1287//1287
f 1290//1290 1282//1282 1281//1281
f 373//373 1291//1291 802//802
f 1292//1292 1291//1291 373//373
f 1293//1293 1292//1292 374//374
f 1294//1294 1293//1293 375//375
f 378//378 1295//1295 1294//1294
f 1296//1296 1295//1295 378//378
f 380//380 1297//1297 1296//1296
f 382//382 1298//1298 1297//1297
f 1299//1299 1298//1298 382//382
f 384//384 1300//1300 1299//1299
f 1291//1291 1302//1302 811//811
f 1303//1303 1301//1301 1302//1302
f 1304//1304 1302//1302 1291//1291
f 1305//1305 1304//1304 1292//1292
f 1306//1306 1305//1305 1293//1293
f 1295//1295 1307//1307 1306//1306
f 1308//1308 1307//1307 1295//1295
f 1309//1309 1307//1307 1308//1308
f 1297//1297 1310//1310 1308//1308
f 1311//1311 1310//1310 1297//1297
f 1299//1299 1312//1312 1311//1311
f 1300//1300 1313//1313 1312//1312
f 1315//1315 1314//1314 820//820
f 1315//1315 1302//1302 1301//1301
f 1315//1315 821//821 811//811
f 1316//1316 1314//1314 1301//1301
f 1317//1317 1316//1316 1303//1303
f 1305//1305 1318//1318 1317//1317
f 1319//1319 1318//1318 1305//1305
f 1320//1320 1319//1319 1306//1306
f 1309//1309 1321//1321 1320//1320
f 1322//1322 1321//1321 1309//1309
f 1311//1311 1323//1323 1322//1322
f 1312//1312 1324//1324 1323//1323
f 1313//1313 1325//1325 1324//1324
f 1326//1326 830//830 820//820
f 1327//1327 831//831 830//830
f 1328//1328 1326//1326 1314//1314
f 1328//1328 1329//1329 1327//1327
f 1317//1317 1329//1329 1328//1328
f 1330//1330 1329//1329 1317//1317
f 1319//1319 1331//1331 1330//1330
f 1320//1320 1332//1332 1331//1331
f 1333//1333 1332//1332 1320//1320
f 1334//1334 1333//1333 1321//1321
f 1335//1335 1334//1334 1322//1322
f 1336//1336 1335//1335 1323//1323
f 1337//1337 1336//1336 1324//1324
f 1327//1327 1338//1338 841//841
f 1339//1339 1338//1338 1327//1327
f 1330//1330 1340//1340 1339//1339
f 1331//1331 1341//1341 1340//1340
f 1332//1332 1342//1342 1341//1341
f 1344//1344 1342//1342 1332//1332
f 1344//1344 1345//1345 1343//1343
f 1334//1334 1345//1345 1344//1344
f 1346//1346 1345//1345 1334//1334
f 1347//1347 1346//1346 1335//1335
f 1348//1348 1347//1347 1336//1336
f 1349//1349 850//850 841//841
f 1339//1339 1350//1350 1349//1349
f 1340//1340 1351//1351 1350//1350
f 1341//1341 1352//1352 1351//1351
f 1354//1354 1352//1352 1341//1341
f 1354//1354 1355//1355 1353//1353
f 1343//1343 1355//1355 1354//1354
f 1356//1356 1355//1355 1343//1343
f 1358//1358 1356//1356 1345//1345
f 1358//1358 1359//1359 1357//1357
f 1347//1347 1359//1359 1358//1358
f 1360//1360 1359//1359 1347//1347
f 1349//1349 1361//1361 860//860
f 1362//1362 861//861 860//860
f 1363//1363 1361//1361 1349//1349
f 1365//1365 1363//1363 1350//1350
f 1365//1365 1366//1366 1364//1364
f 1367//1367 1365//1365 1351//1351
f 1367//1367 1368//1368 1366//1366
f 1353//1353 1368//1368 1367//1367
f 1369//1369 1368//1368 1353//1353
f 1371//1371 1369//1369 1355//1355
f 1371//1371 1372//1372 1370//1370
f 1357//1357 1372//1372 1371//1371
f 1373//1373 1372//1372 1357//1357
f 1374//1374 1373//1373 1359//1359
f 1362//1362 1361//1361 1375//1375
f 1362//1362 1376//1376 869//869
f 1377//1377 1375//1375 1361//1361
f 1377//1377 1378//1378 1376//1376
f 1364//1364 1378//1378 1377//1377
f 1379//1379 1378//1378 1364//1364
f 1380//1380 1379//1379 1366//1366
f 1382//1382 1380//1380 1368//1368
f 1382//1382 1383//1383 1381//1381
f 1370//1370 1383//1383 1382//1382
f 1384//1384 1383//1383 1370//1370
f 1385//1385 1384//1384 1372//1372
f 1386//1386 1300//1300 384//384
f 1386//1386 1387//1387 1313//1313
f 1388//1388 1325//1325 1313//1313
f 1388//1388 1389//1389 1337//1337
f 1390//1390 1348//1348 1337//1337
f 1391//1391 1360//1360 1348//1348
f 1374//1374 1393//1393 1392//1392
f 1391//1391 1393//1393 1374//1374
f 1385//1385 1396//1396 1395//1395
f 1392//1392 1396//1396 1385//1385
f 1398//1398 1396//1396 1392//1392
f 1398//1398 1399//1399 1397//1397
f 1394//1394 1399//1399 1398//1398
f 538//538 1401//1401 1386//1386
f 1402//1402 1401//1401 538//538
f 541//541 1403//1403 1402//1402
f 1404//1404 1403//1403 541//541
f 1405//1405 1404//1404 542//542
f 546//546 1406//1406 1405//1405
f 1407//1407 1406//1406 546//546
f 1408//1408 1407//1407 547//547
f 549//549 1409//1409 1408//1408
f 1410//1410 1409//1409 549//549
f 1411//1411 1387//1387 1386//1386
f 1412//1412 1411//1411 1401//1401
f 1413//1413 1412//1412 1402//1402
f 1404//1404 1414//1414 1413//1413
f 1415//1415 1414//1414 1404//1404
f 1416//1416 1414//1414 1415//1415
f 1406//1406 1417//1417 1415//1415
f 1418//1418 1417//1417 1406//1406
f 1408//1408 1419//1419 1418//1418
f 1409//1409 1420//1420 1419//1419
f 1421//1421 1420//1420 1409//1409
f 1411//1411 1422//1422 1388//1388
f 1423//1423 1422//1422 1411//1411
f 1424//1424 1423//1423 1412//1412
f 1414//1414 1425//1425 1424//1424
f 1416//1416 1427//1427 1425//1425
f 1427//1427 1428//1428 1426//1426
f 1428//1428 1427//1427 1416//1416
f 1429//1429 1428//1428 1417//1417
f 1419//1419 1430//1430 1429//1429
f 1420//1420 1431//1431 1430//1430
f 1432//1432 1431//1431 1420//1420
f 1433//1433 1389//1389 1388//1388
f 1423//1423 1434//1434 1433//1433
f 1424//1424 1435//1435 1434//1434
f 1436//1436 1435//1435 1424//1424
f 1426//1426 1437//1437 1436//1436
f 1438//1438 1437//1437 1426//1426
f 1429//1429 1439//1439 1438//1438
f 1440//1440 1439//1439 1429//1429
f 1441//1441 1440//1440 1430//1430
f 1432//1432 1442//1442 1441//1441
f 1433//1433 1443//1443 1390//1390
f 1434//1434 1444//1444 1443//1443
f 1435//1435 1445//1445 1444//1444
f 1436//1436 1446//1446 1445//1445
f 1437//1437 1447//1447 1446//1446
f 1438//1438 1448//1448 1447//1447
f 1439//1439 1449//1449 1448//1448
f 1450//1450 1449//1449 1439//1439
f 1451//1451 1450//1450 1440//1440
f 1442//1442 1452//1452 1451//1451
f 1443//1443 1453//1453 1391//1391
f 1444//1444 1454//1454 1453//1453
f 1456//1456 1454//1454 1444//1444
f 1456//1456 1457//1457 1455//1455
f 1446//1446 1457//1457 1456//1456
f 1458//1458 1457//1457 1446//1446
f 1461//1461 1458//1458 1447//1447
f 1461//1461 1462//1462 1459//1459
f 1449//1449 1462//1462 1461//1461
f 1462//1462 1463//1463 1460//1460
f 1450//1450 1463//1463 1462//1462
f 1464//1464 1463//1463 1450//1450
f 1452//1452 1465//1465 1464//1464
f 1466//1466 1393//1393 1391//1391
f 1466//1466 1467//1467 1394//1394
f 1454//1454 1467//1467 1466//1466
f 1455//1455 1468//1468 1467//1467
f 1470//1470 1468//1468 1455//1455
f 1470//1470 1471//1471 1469//1469
f 1458//1458 1471//1471 1470//1470
f 1472//1472 1471//1471 1458//1458
f 1460//1460 1473//1473 1472//1472
f 1476//1476 1473//1473 1460//1460
f 1476//1476 1477//1477 1474//1474
f 1464//1464 1477//1477 1476//1476
f 1477//1477 1478//1478 1475//1475
f 1478//1478 1477//1477 1464//1464
f 1479//1479 1399//1399 1394//1394
f 1479//1479 1480//1480 1400//1400
f 1468//1468 1480//1480 1479//1479
f 1469//1469 1481//1481 1480//1480
f 1484//1484 1481//1481 1469//1469
f 1484//1484 1485//1485 1482//1482
f 1472//1472 1485//1485 1484//1484
f 1485//1485 1486//1486 1483//1483
f 1473//1473 1486//1486 1485//1485
f 1474//1474 1487//1487 1486//1486
f 1488//1488 1487//1487 1474//1474
f 1489//1489 928//928 869//869
f 1489//1489 1490//1490 929//929
f 1378//1378 1491//1491 1489//1489
f 1492//1492 1490//1490 1489//1489
f 1379//1379 1493//1493 1491//1491
f 1494//1494 1492//1492 1491//1491
f 1495//1495 1493//1493 1379//1379
f 1495//1495 1496//1496 1494//1494
f 1381//1381 1496//1496 1495//1495
f 1497//1497 1496//1496 1381//1381
f 1498//1498 1497//1497 1383//1383
f 1490//1490 1499//1499 932//932
f 1500//1500 1499//1499 1490//1490
f 1501//1501 1500//1500 1492//1492
f 1502//1502 1501//1501 1494//1494
f 1503//1503 1502//1502 1496//1496
f 1498//1498 1505//1505 1504//1504
f 1395//1395 1505//1505 1498//1498
f 1507//1507 1505//1505 1395//1395
f 1507//1507 1508//1508 1506//1506
f 1397//1397 1508//1508 1507//1507
f 1510//1510 1508//1508 1397//1397
f 1510//1510 1511//1511 1509//1509
f 1400//1400 1511//1511 1510//1510
f 1499//1499 1514//1514 975//975
f 1515//1515 1514//1514 1499//1499
f 1516//1516 1515//1515 1500//1500
f 1502//1502 1517//1517 1516//1516
f 1503//1503 1519//1519 1517//1517
f 1504//1504 1519//1519 1503//1503
f 1519//1519 1520//1520 1518//1518
f 1521//1521 1519//1519 1504//1504
f 1521//1521 1522//1522 1520//1520
f 1506//1506 1522//1522 1521//1521
f 1524//1524 1522//1522 1506//1506
f 1524//1524 1525//1525 1523//1523
f 1509//1509 1525//1525 1524//1524
f 1528//1528 1525//1525 1509//1509
f 1528//1528 1529//1529 1526//1526
f 1512//1512 1529//1529 1528//1528
f 1529//1529 1530//1530 1527//1527
f 1513//1513 1530//1530 1529//1529
f 1534//1534 998//998 975//975
f 1535//1535 999//999 998//998
f 1515//1515 1536//1536 1534//1534
f 1536//1536 1537//1537 1535//1535
f 1516//1516 1538//1538 1536//1536
f 1538//1538 1539//1539 1537//1537
f 1541//1541 1538//1538 1516//1516
f 1541//1541 1542//1542 1539//1539
f 1518//1518 1542//1542 1541//1541
f 1542//1542 1543//1543 1540//1540
f 1544//1544 1542//1542 1518//1518
f 1544//1544 1545//1545 1543//1543
f 1547//1547 1544//1544 1520//1520
f 1547//1547 1548//1548 1545//1545
f 1523//1523 1548//1548 1547//1547
f 1548//1548 1549//1549 1546//1546
f 1552//1552 1548//1548 1523//1523
f 1552//1552 1553//1553 1549//1549
f 1526//1526 1553//1553 1552//1552
f 1553//1553 1554//1554 1550//1550
f 1527//1527 1554//1554 1553//1553
f 1554//1554 1555//1555 1551//1551
f 1558//1558 1554//1554 1527//1527
f 1558//1558 1559//1559 1555//1555
f 1531//1531 1559//1559 1558//1558
f 1559//1559 1560//1560 1556//1556
f 1560//1560 1559//1559 1531//1531
f 1560//1560 1561//1561 1557//1557
f 1561//1561 1560//1560 1532//1532
f 1562//1562 1020//1020 999//999
f 1563//1563 1021//1021 1020//1020
f 1564//1564 1022//1022 1021//1021
f 1537//1537 1565//1565 1562//1562
f 1566//1566 1563//1563 1562//1562
f 1566//1566 1567//1567 1564//1564
f 1568//1568 1565//1565 1537//1537
f 1568//1568 1569//1569 1566//1566
f 1540//1540 1569//1569 1568//1568
f 1570//1570 1567//1567 1566//1566
f 1572//1572 1569//1569 1540//1540
f 1573//1573 1570//1570 1569//1569
f 1573//1573 1574//1574 1571//1571
f 1576//1576 1572//1572 1543//1543
f 1576//1576 1577//1577 1573//1573
f 1546//1546 1577//1577 1576//1576
f 1578//1578 1574//1574 1573//1573
f 1578//1578 1579//1579 1575//1575
f 1582//1582 1577//1577 1546//1546
f 1582//1582 1583//1583 1578//1578
f 1550//1550 1583//1583 1582//1582
f 1584//1584 1579//1579 1578//1578
f 1551//1551 1584//1584 1583//1583
f 1585//1585 1580//1580 1579//1579
f 1585//1585 1586//1586 1581//1581
f 1587//1587 1584//1584 1551//1551
f 1587//1587 1588//1588 1585//1585
f 1556//1556 1588//1588 1587//1587
f 1588//1588 1589//1589 1586//1586
f 1589//1589 1588//1588 1556//1556
f 1590//1590 1031//1031 1022//1022
f 1591//1591 1032//1032 1031//1031
f 1591//1591 1592//1592 1033//1033
f 1592//1592 1593//1593 1034//1034
f 1594//1594 1035//1035 1034//1034
f 1567//1567 1595//1595 1590//1590
f 1595//1595 1596//1596 1591//1591
f 1597//1597 1592//1592 1591//1591
f 1598//1598 1593//1593 1592//1592
f 1598//1598 1599//1599 1594//1594
f 1600//1600 1595//1595 1567//1567
f 1600//1600 1601//1601 1596//1596
f 1571//1571 1601//1601 1600//1600
f 1602//1602 1597//1597 1596//1596
f 1603//1603 1598//1598 1597//1597
f 1603//1603 1604//1604 1599//1599
f 1605//1605 1601//1601 1571//1571
f 1605//1605 1606//1606 1602//1602
f 1575//1575 1606//1606 1605//1605
f 1606//1606 1607//1607 1603//1603
f 1607//1607 1608//1608 1604//1604
f 1609//1609 1606//1606 1575//1575
f 1609//1609 1610//1610 1607//1607
f 1580//1580 1610//1610 1609//1609
f 1610//1610 1611//1611 1608//1608
f 1611//1611 1610//1610 1580//1580
f 1612//1612 1511//1511 1400//1400
f 1612//1612 1613//1613 1512//1512
f 1481//1481 1613//1613 1612//1612
f 1613//1613 1614//1614 1513//1513
f 1482//1482 1614//1614 1613//1613
f 1483//1483 1615//1615 1614//1614
f 1618//1618 1615//1615 1483//1483
f 1618//1618 1619//1619 1616//1616
f 1487//1487 1619//1619 1618//1618
f 1620//1620 1617//1617 1616//1616
f 1488//1488 1620//1620 1619//1619
f 1621//1621 1530//1530 1513//1513
f 1621//1621 1622//1622 1531//1531
f 1615//1615 1622//1622 1621//1621
f 1623//1623 1532//1532 1531//1531
f 1616//1616 1623//1623 1622//1622
f 1623//1623 1624//1624 1533//1533
f 1617//1617 1624//1624 1623//1623
f 678//678 676//676 1625//1625
f 681//681 1628//1628 1627//1627
f 681//681 678//678 1626//1626
f 684//684 1630//1630 1629//1629
f 684//684 680//680 1627//1627
f 1626//1626 1625//1625 1631//1631
f 1634//1634 1633//1633 1627//1627
f 1634//1634 1628//1628 1626//1626
f 1636//1636 1635//1635 1629//1629
f 1630//1630 1627//1627 1633//1633
f 1639//1639 1638//1638 1633//1633
f 1634//1634 1632//1632 1637//1637
f 1641//1641 1640//1640 1635//1635
f 1636//1636 1633//1633 1638//1638
f 1639//1639 1645//1645 1644//1644
f 1645//1645 1639//1639 1637//1637
f 1641//1641 1647//1647 1646//1646
f 1647//1647 1641//1641 1638//1638
f 1649//1649 1643//1643 1642//1642
f 1645//1645 1651//1651 1650//1650
f 1645//1645 1643//1643 1649//1649
f 1647//1647 1653//1653 1652//1652
f 1653//1653 1647//1647 1644//1644
f 1657//1657 1649//1649 1648//1648
f 1659//1659 1657//1657 1656//1656
f 1659//1659 1658//1658 1650//1650
f 1659//1659 1651//1651 1649//1649
f 1662//1662 1661//1661 1652//1652
f 1662//1662 1653//1653 1650//1650
f 1668//1668 1655//1655 1654//1654
f 1670//1670 1668//1668 1667//1667
f 1670//1670 1669//1669 1656//1656
f 1670//1670 1657//1657 1655//1655
f 1672//1672 1658//1658 1656//1656
f 1674//1674 1673//1673 1660//1660
f 1675//1675 1672//1672 1671//1671
f 1675//1675 1674//1674 1661//1661
f 1675//1675 1662//1662 1658//1658
f 1663//1663 1152//1152 1172//1172
f 1664//1664 1663//1663 1676//1676
f 1678//1678 1665//1665 1664//1664
f 1680//1680 1666//1666 1665//1665
f 1682//1682 1680//1680 1679//1679
f 1682//1682 1681//1681 1667//1667
f 1682//1682 1668//1668 1666//1666
f 1684//1684 1669//1669 1667//1667
f 1687//1687 1684//1684 1683//1683
f 1687//1687 1686//1686 1671//1671
f 1687//1687 1672//1672 1669//1669
f 1690//1690 1686//1686 1685//1685
f 1690//1690 1689//1689 1673//1673
f 1690//1690 1674//1674 1671//1671
f 1691//1691 1692//1692 1179//1179
f 696//696 1692//1692 1691//1691
f 696//696 336//336 1179//1179
f 1693//1693 698//698 695//695
f 700//700 1695//1695 1694//1694
f 700//700 698//698 1693//1693
f 701//701 699//699 1694//1694
f 702//702 1697//1697 1625//1625
f 702//702 701//701 1696//1696
f 1698//1698 1691//1691 1178//1178
f 1693//1693 1691//1691 1698//1698
f 1702//1702 1700//1700 1699//1699
f 1702//1702 1701//1701 1694//1694
f 1702//1702 1695//1695 1693//1693
f 1703//1703 1696//1696 1694//1694
f 1697//1697 1704//1704 1631//1631
f 1697//1697 1696//1696 1703//1703
f 1705//1705 1632//1632 1631//1631
f 1707//1707 1190//1190 1189//1189
f 1698//1698 1184//1184 1190//1190
f 1709//1709 1707//1707 1706//1706
f 1709//1709 1708//1708 1699//1699
f 1709//1709 1700//1700 1698//1698
f 1710//1710 1701//1701 1699//1699
f 1703//1703 1701//1701 1710//1710
f 1712//1712 1704//1704 1703//1703
f 1705//1705 1713//1713 1637//1637
f 1705//1705 1704//1704 1712//1712
f 1706//1706 1189//1189 1194//1194
f 1715//1715 1708//1708 1706//1706
f 1710//1710 1708//1708 1715//1715
f 1711//1711 1710//1710 1716//1716
f 1712//1712 1711//1711 1717//1717
f 1719//1719 1718//1718 1642//1642
f 1719//1719 1643//1643 1637//1637
f 1719//1719 1713//1713 1712//1712
f 1720//1720 1714//1714 1194//1194
f 1715//1715 1714//1714 1720//1720
f 1716//1716 1715//1715 1721//1721
f 1717//1717 1716//1716 1722//1722
f 1724//1724 1648//1648 1642//1642
f 1724//1724 1718//1718 1717//1717
f 1725//1725 1720//1720 1198//1198
f 1721//1721 1720//1720 1725//1725
f 1722//1722 1721//1721 1726//1726
f 1723//1723 1722//1722 1727//1727
f 1729//1729 1728//1728 1654//1654
f 1729//1729 1655//1655 1648//1648
f 1729//1729 1724//1724 1723//1723
f 1730//1730 1203//1203 1152//1152
f 1725//1725 1201//1201 1203//1203
f 1664//1664 1731//1731 1730//1730
f 1726//1726 1725//1725 1730//1730
f 1665//1665 1732//1732 1731//1731
f 1732//1732 1727//1727 1726//1726
f 1733//1733 1732//1732 1665//1665
f 1733//1733 1666//1666 1654//1654
f 1733//1733 1728//1728 1727//1727
f 728//728 1735//1735 1734//1734
f 728//728 683//683 1629//1629
f 732//732 1737//1737 1736//1736
f 733//733 1738//1738 1737//1737
f 733//733 727//727 1734//1734
f 1739//1739 1410//1410 550//550
f 735//735 1740//1740 1739//1739
f 736//736 1741//1741 1740//1740
f 736//736 731//731 1736//1736
f 1735//1735 1743//1743 1742//1742
f 1743//1743 1735//1735 1629//1629
f 1737//1737 1745//1745 1744//1744
f 1746//1746 1745//1745 1737//1737
f 1746//1746 1738//1738 1734//1734
f 1747//1747 1421//1421 1410//1410
f 1748//1748 1747//1747 1739//1739
f 1741//1741 1749//1749 1748//1748
f 1749//1749 1741//1741 1736//1736
f 1743//1743 1751//1751 1750//1750
f 1751//1751 1743//1743 1635//1635
f 1745//1745 1753//1753 1752//1752
f 1746//1746 1754//1754 1753//1753
f 1754//1754 1746//1746 1742//1742
f 1755//1755 1432//1432 1421//1421
f 1756//1756 1755//1755 1747//1747
f 1749//1749 1757//1757 1756//1756
f 1757//1757 1749//1749 1744//1744
f 1759//1759 1758//1758 1750//1750
f 1751//1751 1640//1640 1646//1646
f 1761//1761 1760//1760 1752//1752
f 1754//1754 1762//1762 1761//1761
f 1754//1754 1750//1750 1758//1758
f 1755//1755 1763//1763 1442//1442
f 1756//1756 1764//1764 1763//1763
f 1765//1765 1764//1764 1756//1756
f 1757//1757 1752//1752 1760//1760
f 1767//1767 1766//1766 1758//1758
f 1759//1759 1646//1646 1652//1652
f 1769//1769 1768//1768 1760//1760
f 1770//1770 1769//1769 1761//1761
f 1762//1762 1758//1758 1766//1766
f 1763//1763 1771//1771 1452//1452
f 1764//1764 1772//1772 1771//1771
f 1773//1773 1772//1772 1764//1764
f 1765//1765 1760//1760 1768//1768
f 1776//1776 1661//1661 1660//1660
f 1776//1776 1775//1775 1766//1766
f 1776//1776 1767//1767 1652//1652
f 1769//1769 1780//1780 1779//1779
f 1781//1781 1775//1775 1774//1774
f 1781//1781 1780//1780 1769//1769
f 1781//1781 1770//1770 1766//1766
f 1771//1771 1782//1782 1465//1465
f 1783//1783 1778//1778 1777//1777
f 1783//1783 1782//1782 1771//1771
f 1784//1784 1779//1779 1778//1778
f 1784//1784 1783//1783 1772//1772
f 1784//1784 1773//1773 1768//1768
f 1787//1787 1786//1786 1774//1774
f 1787//1787 1775//1775 1660//1660
f 1789//1789 1788//1788 1777//1777
f 1779//1779 1790//1790 1789//1789
f 1791//1791 1786//1786 1785//1785
f 1791//1791 1790//1790 1779//1779
f 1791//1791 1780//1780 1774//1774
f 1792//1792 1788//1788 1475//1475
f 1792//1792 1478//1478 1465//1465
f 1792//1792 1782//1782 1777//1777
f 1795//1795 1794//1794 1785//1785
f 1796//1796 1689//1689 1688//1688
f 1796//1796 1795//1795 1786//1786
f 1796//1796 1787//1787 1673//1673
f 1797//1797 1488//1488 1475//1475
f 1789//1789 1798//1798 1797//1797
f 1799//1799 1794//1794 1793//1793
f 1799//1799 1798//1798 1789//1789
f 1799//1799 1790//1790 1785//1785
f 1801//1801 1226//1226 1225//1225
f 1801//1801 1676//1676 1172//1172
f 1802//1802 1803//1803 1801//1801
f 1677//1677 1676//1676 1801//1801
f 1804//1804 1805//1805 1803//1803
f 1678//1678 1677//1677 1803//1803
f 1808//1808 1805//1805 1804//1804
f 1808//1808 1807//1807 1679//1679
f 1808//1808 1680//1680 1678//1678
f 1810//1810 1807//1807 1806//1806
f 1810//1810 1681//1681 1679//1679
f 1813//1813 1810//1810 1809//1809
f 1813//1813 1812//1812 1683//1683
f 1813//1813 1684//1684 1681//1681
f 1816//1816 1812//1812 1811//1811
f 1816//1816 1815//1815 1685//1685
f 1816//1816 1686//1686 1683//1683
f 1820//1820 1815//1815 1814//1814
f 1820//1820 1819//1819 1688//1688
f 1820//1820 1689//1689 1685//1685
f 1822//1822 1246//1246 1245//1245
f 1800//1800 1225//1225 1246//1246
f 1823//1823 1824//1824 1822//1822
f 1824//1824 1802//1802 1800//1800
f 1825//1825 1826//1826 1824//1824
f 1826//1826 1804//1804 1802//1802
f 1829//1829 1826//1826 1825//1825
f 1829//1829 1828//1828 1806//1806
f 1829//1829 1807//1807 1804//1804
f 1831//1831 1828//1828 1827//1827
f 1831//1831 1809//1809 1806//1806
f 1834//1834 1831//1831 1830//1830
f 1834//1834 1833//1833 1811//1811
f 1834//1834 1812//1812 1809//1809
f 1838//1838 1833//1833 1832//1832
f 1838//1838 1837//1837 1814//1814
f 1838//1838 1815//1815 1811//1811
f 1841//1841 1836//1836 1835//1835
f 1841//1841 1840//1840 1817//1817
f 1842//1842 1837//1837 1836//1836
f 1842//1842 1841//1841 1818//1818
f 1842//1842 1819//1819 1814//1814
f 1843//1843 1844//1844 1266//1266
f 1844//1844 1821//1821 1245//1245
f 1846//1846 1844//1844 1843//1843
f 1823//1823 1821//1821 1844//1844
f 1849//1849 1846//1846 1845//1845
f 1825//1825 1823//1823 1846//1846
f 1851//1851 1848//1848 1847//1847
f 1852//1852 1849//1849 1848//1848
f 1852//1852 1851//1851 1827//1827
f 1852//1852 1828//1828 1825//1825
f 1855//1855 1851//1851 1850//1850
f 1855//1855 1830//1830 1827//1827
f 1859//1859 1854//1854 1853//1853
f 1860//1860 1855//1855 1854//1854
f 1860//1860 1859//1859 1832//1832
f 1860//1860 1833//1833 1830//1830
f 1862//1862 1857//1857 1856//1856
f 1863//1863 1858//1858 1857//1857
f 1863//1863 1862//1862 1835//1835
f 1864//1864 1859//1859 1858//1858
f 1864//1864 1863//1863 1836//1836
f 1864//1864 1837//1837 1832//1832
f 1865//1865 1861//1861 1557//1557
f 1839//1839 1865//1865 1561//1561
f 1866//1866 1862//1862 1861//1861
f 1866//1866 1865//1865 1839//1839
f 1866//1866 1840//1840 1835//1835
f 1867//1867 1868//1868 1283//1283
f 1868//1868 1869//1869 1284//1284
f 1869//1869 1843//1843 1265//1265
f 1871//1871 1868//1868 1867//1867
f 1872//1872 1869//1869 1868//1868
f 1845//1845 1843//1843 1869//1869
f 1874//1874 1875//1875 1871//1871
f 1876//1876 1872//1872 1871//1871
f 1876//1876 1875//1875 1847//1847
f 1876//1876 1848//1848 1845//1845
f 1879//1879 1874//1874 1873//1873
f 1879//1879 1880//1880 1875//1875
f 1880//1880 1850//1850 1847//1847
f 1882//1882 1878//1878 1877//1877
f 1882//1882 1883//1883 1879//1879
f 1884//1884 1880//1880 1879//1879
f 1884//1884 1883//1883 1853//1853
f 1884//1884 1854//1854 1850//1850
f 1586//1586 1885//1885 1881//1881
f 1885//1885 1886//1886 1882//1882
f 1886//1886 1885//1885 1856//1856
f 1887//1887 1883//1883 1882//1882
f 1887//1887 1886//1886 1857//1857
f 1887//1887 1858//1858 1853//1853
f 1888//1888 1885//1885 1586//1586
f 1888//1888 1589//1589 1557//1557
f 1888//1888 1861//1861 1856//1856
f 1889//1889 1288//1288 1035//1035
f 1890//1890 1289//1289 1288//1288
f 1890//1890 1891//1891 1290//1290
f 1867//1867 1282//1282 1290//1290
f 1599//1599 1892//1892 1889//1889
f 1892//1892 1893//1893 1890//1890
f 1894//1894 1891//1891 1890//1890
f 1870//1870 1867//1867 1891//1891
f 1604//1604 1895//1895 1892//1892
f 1895//1895 1896//1896 1893//1893
f 1897//1897 1894//1894 1893//1893
f 1897//1897 1896//1896 1873//1873
f 1897//1897 1874//1874 1870//1870
f 1898//1898 1895//1895 1604//1604
f 1899//1899 1896//1896 1895//1895
f 1899//1899 1898//1898 1877//1877
f 1899//1899 1878//1878 1873//1873
f 1900//1900 1898//1898 1608//1608
f 1900//1900 1611//1611 1581//1581
f 1900//1900 1881//1881 1877//1877
f 1903//1903 1818//1818 1817//1817
f 1903//1903 1902//1902 1793//1793
f 1904//1904 1819//1819 1818//1818
f 1904//1904 1903//1903 1794//1794
f 1904//1904 1795//1795 1688//1688
f 1620//1620 1905//1905 1901//1901
f 1797//1797 1905//1905 1620//1620
f 1906//1906 1902//1902 1901//1901
f 1906//1906 1905//1905 1797//1797
f 1906//1906 1798//1798 1793//1793
f 1624//1624 1907//1907 1839//1839
f 1907//1907 1624//1624 1617//1617
f 1908//1908 1840//1840 1839//1839
f 1908//1908 1907//1907 1901//1901
f 1908//1908 1902//1902 1817//1817
