# Blender 4.2.0
# www.blender.org
o 93081_X2Y2
v -0.427462 -0.112154 0.108360
v -0.430578 -0.079900 0.113599
v -0.430783 -0.026633 0.117326
v -0.431979 -0.221157 0.061311
v -0.437886 -0.186434 0.069659
v -0.437855 -0.131213 0.082861
v -0.440608 -0.079900 0.079900
v -0.435727 -0.026633 0.079900
v -0.427639 -0.267262 0.002203
v -0.439643 -0.239228 0.022629
v -0.458090 -0.186434 0.026633
v -0.454907 -0.133167 0.026633
v -0.446195 -0.079900 0.026633
v -0.436022 -0.026633 0.026633
v -0.164119 -0.219330 0.430348
v -0.166134 -0.186434 0.431080
v -0.163926 -0.147947 0.428515
v -0.133167 -0.225082 0.433996
v -0.133167 -0.186434 0.441870
v -0.136305 -0.131382 0.435185
v -0.119466 -0.079900 0.430337
v -0.109669 -0.048194 0.427153
v -0.079900 -0.221107 0.431210
v -0.079900 -0.186434 0.440347
v -0.079900 -0.133167 0.444433
v -0.079900 -0.079900 0.441150
v -0.080524 -0.028917 0.432752
v -0.051731 -0.214030 0.426634
v -0.042734 -0.186434 0.429557
v -0.024455 -0.133400 0.434268
v -0.026633 -0.079900 0.442413
v -0.026633 -0.026633 0.444229
v -0.163778 -0.428578 0.005769
v -0.115580 -0.431726 0.065718
v -0.133268 -0.438961 0.024768
v -0.054268 -0.426720 0.160678
v -0.064444 -0.433018 0.133167
v -0.082915 -0.444583 0.082044
v -0.063953 -0.485901 0.015104
v -0.080985 -0.468740 0.030369
v -0.050382 -0.426720 0.160678
v -0.030229 -0.437468 0.135860
v -0.014258 -0.484257 0.059950
v -0.029862 -0.468362 0.078583
v -0.029862 -0.496868 0.030369
v -0.049770 -0.478211 0.050615
v -0.374532 -0.007050 0.215358
v -0.374858 -0.168232 0.162540
v -0.378997 -0.133167 0.168236
v -0.385284 -0.079900 0.176890
v -0.388829 -0.025537 0.189674
v -0.383567 -0.226007 0.121260
v -0.389416 -0.186166 0.136676
v -0.408013 -0.131213 0.128936
v -0.411918 -0.079900 0.140233
v -0.418205 -0.026633 0.143959
v -0.379324 -0.270324 0.062153
v -0.399201 -0.241337 0.079487
v -0.418694 -0.186434 0.096293
v -0.423270 -0.147665 0.102591
v -0.398048 -0.276301 0.022629
v -0.414835 -0.256668 0.037715
v -0.321929 -0.063128 0.269538
v -0.326237 -0.026633 0.275467
v -0.322255 -0.217127 0.216720
v -0.326726 -0.186434 0.222873
v -0.333013 -0.133167 0.231527
v -0.336757 -0.080490 0.243489
v -0.355353 -0.025537 0.235748
v -0.333258 -0.228638 0.186434
v -0.355940 -0.186166 0.182751
v -0.359646 -0.133167 0.194870
v -0.365934 -0.079900 0.203523
v -0.370341 -0.042561 0.209589
v -0.330912 -0.273325 0.122102
v -0.350790 -0.245643 0.139437
v -0.370667 -0.203743 0.156771
v -0.347695 -0.281901 0.079905
v -0.366424 -0.261518 0.097664
v -0.327683 -0.324536 0.011538
v -0.345757 -0.306030 0.028230
v -0.269326 -0.119206 0.323719
v -0.273965 -0.079900 0.330104
v -0.280252 -0.026633 0.337959
v -0.273843 -0.222970 0.276670
v -0.280742 -0.186434 0.286164
v -0.284685 -0.135444 0.297303
v -0.303281 -0.080490 0.289563
v -0.306886 -0.026633 0.302100
v -0.269600 -0.268353 0.217563
v -0.289477 -0.237804 0.234897
v -0.307375 -0.186434 0.249507
v -0.313662 -0.133167 0.258160
v -0.317738 -0.098639 0.263769
v -0.280909 -0.275342 0.186434
v -0.307542 -0.255271 0.186434
v -0.266672 -0.319810 0.106999
v -0.292342 -0.292581 0.132306
v -0.318012 -0.265280 0.157613
v -0.276516 -0.325894 0.079900
v -0.303150 -0.309434 0.079900
v -0.295584 -0.337102 0.028230
v -0.315084 -0.316809 0.047049
v -0.216723 -0.175285 0.377899
v -0.221694 -0.133167 0.383163
v -0.226916 -0.079900 0.384817
v -0.229503 -0.026633 0.381047
v -0.225432 -0.227399 0.336619
v -0.232613 -0.190398 0.351118
v -0.251209 -0.135444 0.343378
v -0.253550 -0.079900 0.356737
v -0.256136 -0.026633 0.364592
v -0.221188 -0.271353 0.277512
v -0.241066 -0.242940 0.294846
v -0.261391 -0.186434 0.312797
v -0.265134 -0.154718 0.317950
v -0.239247 -0.278352 0.237071
v -0.256700 -0.258482 0.253074
v -0.218260 -0.322811 0.166948
v -0.237490 -0.302642 0.185396
v -0.237490 -0.328361 0.128119
v -0.253772 -0.311837 0.142510
v -0.215332 -0.374268 0.056384
v -0.235733 -0.352652 0.076444
v -0.226024 -0.380721 0.026633
v -0.252657 -0.364410 0.026633
v -0.159876 -0.266381 0.372972
v -0.172769 -0.238132 0.394237
v -0.196506 -0.190398 0.397193
v -0.183583 -0.131382 0.412353
v -0.186434 -0.079900 0.406998
v -0.186434 -0.026633 0.397881
v -0.169589 -0.272384 0.346235
v -0.199270 -0.242973 0.351118
v -0.212531 -0.210796 0.372130
v -0.188893 -0.284491 0.294347
v -0.208288 -0.262910 0.313023
v -0.169849 -0.325891 0.229512
v -0.187136 -0.308781 0.244241
v -0.187136 -0.333811 0.185396
v -0.205360 -0.314838 0.202459
v -0.166920 -0.377268 0.116333
v -0.185379 -0.358053 0.133720
v -0.185379 -0.383772 0.076444
v -0.202432 -0.366295 0.091895
v -0.183494 -0.407881 0.024768
v -0.133167 -0.271514 0.380027
v -0.133167 -0.251715 0.406660
v -0.156153 -0.112436 0.424950
v -0.146099 -0.079900 0.421683
v -0.129721 -0.028917 0.416767
v -0.108536 -0.320786 0.321412
v -0.129042 -0.296596 0.341994
v -0.120673 -0.327529 0.292968
v -0.147307 -0.311899 0.292968
v -0.137950 -0.339326 0.244241
v -0.158895 -0.319068 0.265023
v -0.118509 -0.380269 0.176282
v -0.135025 -0.363511 0.190996
v -0.135025 -0.389173 0.133720
v -0.154020 -0.369295 0.151844
v -0.133268 -0.413463 0.082044
v -0.151092 -0.420752 0.041280
v -0.079900 -0.273479 0.382702
v -0.079900 -0.247740 0.409335
v -0.098695 -0.012683 0.423588
v -0.100118 -0.320786 0.321412
v -0.081378 -0.302698 0.341994
v -0.081378 -0.332371 0.296488
v -0.064607 -0.317413 0.316590
v -0.069443 -0.378725 0.221129
v -0.084279 -0.363286 0.239211
v -0.079611 -0.397253 0.186236
v -0.104954 -0.372312 0.211793
v -0.091078 -0.416582 0.133167
v -0.102680 -0.423753 0.101230
v -0.041968 -0.269002 0.376539
v -0.029094 -0.239347 0.398702
v -0.016100 -0.186434 0.420904
v -0.005247 -0.151311 0.424430
v -0.025181 -0.284101 0.350303
v -0.006457 -0.264664 0.370770
v -0.026633 -0.332526 0.284124
v -0.026633 -0.313176 0.310757
v -0.026633 -0.378573 0.220916
v -0.026633 -0.359160 0.247549
v -0.030229 -0.407478 0.181634
v -0.014870 -0.422945 0.155410
v -0.427735 0.008379 0.113328
v -0.428535 0.012568 0.079900
v -0.428535 0.012568 0.026633
v -0.063184 0.016047 0.429357
v -0.031327 0.030935 0.436538
v -0.016820 0.079900 0.431600
v -0.005726 0.115800 0.427996
v -0.374206 0.154133 0.268176
v -0.377476 0.186434 0.271934
v -0.377674 0.221430 0.271959
v -0.378508 0.026633 0.220830
v -0.384768 0.079900 0.229483
v -0.385187 0.135093 0.242671
v -0.388707 0.186434 0.239701
v -0.380816 0.226491 0.239701
v -0.401342 0.026633 0.186434
v -0.406109 0.079900 0.186434
v -0.403581 0.133167 0.186434
v -0.395329 0.186434 0.186434
v -0.381555 0.227371 0.186434
v -0.422021 0.026334 0.131917
v -0.415613 0.079900 0.133167
v -0.405502 0.133167 0.133167
v -0.395329 0.186434 0.133167
v -0.381555 0.227371 0.133167
v -0.423449 0.039201 0.079900
v -0.415676 0.079900 0.079900
v -0.405502 0.133167 0.079900
v -0.395329 0.186434 0.079900
v -0.381555 0.227371 0.079900
v -0.423449 0.039201 0.026633
v -0.415676 0.079900 0.026633
v -0.405502 0.133167 0.026633
v -0.395329 0.186434 0.026633
v -0.381555 0.227371 0.026633
v -0.321603 0.098054 0.321411
v -0.321603 0.118570 0.321411
v -0.332524 0.026633 0.284120
v -0.336170 0.080139 0.296486
v -0.345809 0.136351 0.293467
v -0.346235 0.186434 0.294655
v -0.346235 0.231956 0.280589
v -0.359157 0.026633 0.247463
v -0.365444 0.079900 0.256117
v -0.370015 0.118621 0.262407
v -0.346714 0.255206 0.243902
v -0.329279 0.273727 0.228947
v -0.360751 0.254004 0.186434
v -0.334118 0.277424 0.186434
v -0.360751 0.254004 0.133167
v -0.334118 0.277424 0.133167
v -0.360751 0.254004 0.079900
v -0.334118 0.277424 0.079900
v -0.360751 0.254004 0.026633
v -0.334118 0.277424 0.026633
v -0.286404 0.026633 0.339612
v -0.296872 0.080139 0.333057
v -0.296800 0.135062 0.328779
v -0.281003 0.186434 0.324367
v -0.270627 0.215662 0.320996
v -0.313038 0.026633 0.310754
v -0.317231 0.062543 0.316587
v -0.317111 0.154082 0.318759
v -0.307636 0.186434 0.315688
v -0.293264 0.240531 0.293064
v -0.280391 0.269653 0.270902
v -0.315902 0.265400 0.264458
v -0.296075 0.282492 0.243902
v -0.290156 0.306244 0.188305
v -0.270525 0.322803 0.171797
v -0.299254 0.304057 0.133167
v -0.272621 0.324404 0.133167
v -0.299254 0.304057 0.079900
v -0.272621 0.324404 0.079900
v -0.299254 0.304057 0.026633
v -0.272621 0.324404 0.026633
v -0.221781 0.026633 0.375699
v -0.213390 0.053789 0.372973
v -0.248415 0.026633 0.366246
v -0.234568 0.074887 0.361855
v -0.239701 0.133167 0.348484
v -0.239701 0.186434 0.337787
v -0.239701 0.223133 0.326020
v -0.239701 0.249766 0.304145
v -0.239701 0.274456 0.277512
v -0.241121 0.303869 0.236566
v -0.224313 0.322256 0.216721
v -0.259824 0.318064 0.207308
v -0.241121 0.332448 0.188305
v -0.239701 0.348644 0.133167
v -0.239701 0.349552 0.079900
v -0.239701 0.349552 0.026633
v -0.186434 0.026633 0.387184
v -0.185370 0.074887 0.377840
v -0.166906 0.118030 0.375177
v -0.202417 0.089300 0.369407
v -0.185370 0.134738 0.365822
v -0.186434 0.186434 0.355095
v -0.186434 0.233531 0.334674
v -0.186434 0.260164 0.312799
v -0.186434 0.280743 0.286166
v -0.186434 0.307376 0.249509
v -0.186434 0.326727 0.222875
v -0.186168 0.355942 0.182752
v -0.168235 0.374859 0.162541
v -0.205105 0.370475 0.133167
v -0.178471 0.383792 0.133167
v -0.211124 0.371383 0.079900
v -0.184490 0.391730 0.079900
v -0.211124 0.371383 0.026633
v -0.184490 0.391730 0.026633
v -0.133167 0.026633 0.404492
v -0.133167 0.079900 0.393796
v -0.136173 0.134738 0.381807
v -0.119135 0.186434 0.376962
v -0.109448 0.214861 0.373815
v -0.155932 0.153541 0.371611
v -0.145768 0.186434 0.368309
v -0.132085 0.239949 0.345883
v -0.119212 0.269327 0.323720
v -0.154723 0.265037 0.317951
v -0.135447 0.284687 0.297304
v -0.133167 0.313664 0.258162
v -0.133167 0.333014 0.231529
v -0.133167 0.359648 0.194872
v -0.133167 0.378998 0.168238
v -0.130013 0.406624 0.128937
v -0.144113 0.418363 0.079900
v -0.149627 0.418363 0.026633
v -0.080524 0.030935 0.420733
v -0.079900 0.079900 0.411103
v -0.079900 0.133167 0.400407
v -0.079900 0.186434 0.389711
v -0.079900 0.222137 0.378615
v -0.079900 0.248770 0.356741
v -0.079900 0.273967 0.330107
v -0.080494 0.303283 0.289565
v -0.063134 0.321930 0.269540
v -0.098645 0.317739 0.263771
v -0.080494 0.336759 0.243490
v -0.079900 0.365935 0.203525
v -0.079900 0.385286 0.176892
v -0.079900 0.411919 0.140235
v -0.052211 0.051558 0.425792
v -0.043453 0.079900 0.422946
v -0.024743 0.133400 0.418282
v -0.026633 0.186434 0.407018
v -0.026633 0.232856 0.387269
v -0.026633 0.259489 0.365394
v -0.026633 0.280255 0.338761
v -0.026633 0.306888 0.302104
v -0.026633 0.326239 0.275470
v -0.025540 0.355356 0.235750
v -0.007056 0.374534 0.215360
v -0.042567 0.370342 0.209591
v -0.025540 0.388832 0.189675
v -0.026633 0.418207 0.148888
v -0.110155 0.427462 0.108361
v -0.117480 0.433418 0.079900
v -0.122994 0.438709 0.026633
v -0.079900 0.431270 0.113601
v -0.075278 0.456579 0.075122
v -0.054441 0.480064 0.054180
v -0.084896 0.465343 0.026633
v -0.058263 0.483042 0.026633
v -0.026633 0.437557 0.122255
v -0.026633 0.464191 0.085598
v -0.026633 0.483540 0.058964
v -0.026633 0.500000 0.026633
v -0.427639 -0.267262 -0.002203
v -0.439643 -0.239228 -0.022629
v -0.458089 -0.186434 -0.026633
v -0.454907 -0.133167 -0.026633
v -0.446195 -0.079900 -0.026633
v -0.436022 -0.026633 -0.026633
v -0.431979 -0.221157 -0.061310
v -0.437886 -0.186434 -0.069659
v -0.437854 -0.131212 -0.082861
v -0.440608 -0.079900 -0.079900
v -0.435727 -0.026633 -0.079900
v -0.427461 -0.112153 -0.108359
v -0.430578 -0.079900 -0.113599
v -0.430783 -0.026633 -0.117325
v -0.163778 -0.428578 -0.005769
v -0.133268 -0.438961 -0.024768
v -0.115580 -0.431726 -0.065718
v -0.063953 -0.485901 -0.015103
v -0.080985 -0.468740 -0.030369
v -0.082915 -0.444583 -0.082044
v -0.064444 -0.433018 -0.133167
v -0.054268 -0.426720 -0.160697
v -0.029862 -0.496867 -0.030369
v -0.049769 -0.478211 -0.050614
v -0.014258 -0.484257 -0.059949
v -0.029862 -0.468362 -0.078583
v -0.030136 -0.437467 -0.135982
v -0.050227 -0.426720 -0.160697
v -0.398048 -0.276301 -0.022629
v -0.414835 -0.256668 -0.037715
v -0.379324 -0.270324 -0.062153
v -0.399201 -0.241337 -0.079487
v -0.418694 -0.186434 -0.096292
v -0.423270 -0.147664 -0.102590
v -0.383567 -0.226006 -0.121260
v -0.389416 -0.186166 -0.136676
v -0.408012 -0.131212 -0.128936
v -0.411917 -0.079900 -0.140232
v -0.418204 -0.026633 -0.143959
v -0.374858 -0.168231 -0.162540
v -0.378997 -0.133167 -0.168236
v -0.385284 -0.079900 -0.176889
v -0.388829 -0.025536 -0.189673
v -0.374532 -0.007049 -0.215358
v -0.327683 -0.324536 -0.011538
v -0.345757 -0.306030 -0.028229
v -0.347695 -0.281901 -0.079905
v -0.366423 -0.261518 -0.097664
v -0.330912 -0.273325 -0.122102
v -0.350789 -0.245643 -0.139436
v -0.370667 -0.203742 -0.156771
v -0.333257 -0.228637 -0.186434
v -0.355940 -0.186166 -0.182751
v -0.359646 -0.133167 -0.194869
v -0.365933 -0.079900 -0.203523
v -0.370341 -0.042560 -0.209589
v -0.322255 -0.217126 -0.216720
v -0.326725 -0.186434 -0.222873
v -0.333013 -0.133167 -0.231526
v -0.336757 -0.080490 -0.243488
v -0.355353 -0.025536 -0.235748
v -0.321929 -0.063127 -0.269538
v -0.326236 -0.026633 -0.275466
v -0.295584 -0.337102 -0.028229
v -0.315084 -0.316809 -0.047049
v -0.276516 -0.325894 -0.079900
v -0.303149 -0.309433 -0.079900
v -0.266672 -0.319810 -0.106998
v -0.292342 -0.292581 -0.132306
v -0.318012 -0.265280 -0.157613
v -0.280908 -0.275341 -0.186434
v -0.307542 -0.255271 -0.186434
v -0.269600 -0.268353 -0.217562
v -0.289477 -0.237804 -0.234897
v -0.307375 -0.186434 -0.249506
v -0.313662 -0.133167 -0.258160
v -0.317737 -0.098638 -0.263769
v -0.273843 -0.222970 -0.276669
v -0.280741 -0.186434 -0.286163
v -0.284684 -0.135443 -0.297303
v -0.303281 -0.080490 -0.289563
v -0.306885 -0.026633 -0.302100
v -0.269326 -0.119205 -0.323718
v -0.273965 -0.079900 -0.330103
v -0.280252 -0.026633 -0.337958
v -0.226024 -0.380721 -0.026633
v -0.252657 -0.364410 -0.026633
v -0.215332 -0.374267 -0.056384
v -0.235733 -0.352651 -0.076444
v -0.237490 -0.328361 -0.128119
v -0.253771 -0.311837 -0.142509
v -0.218260 -0.322810 -0.166947
v -0.237490 -0.302642 -0.185395
v -0.239247 -0.278352 -0.237071
v -0.256699 -0.258481 -0.253073
v -0.221188 -0.271353 -0.277511
v -0.241065 -0.242940 -0.294846
v -0.261391 -0.186434 -0.312797
v -0.265134 -0.154717 -0.317949
v -0.225431 -0.227399 -0.336618
v -0.232612 -0.190397 -0.351118
v -0.251208 -0.135443 -0.343378
v -0.253549 -0.079900 -0.356737
v -0.256135 -0.026633 -0.364592
v -0.216722 -0.175284 -0.377899
v -0.221693 -0.133167 -0.383162
v -0.226916 -0.079900 -0.384816
v -0.229502 -0.026633 -0.381047
v -0.183494 -0.407881 -0.024768
v -0.185379 -0.383772 -0.076444
v -0.202431 -0.366295 -0.091895
v -0.166920 -0.377268 -0.116333
v -0.185379 -0.358052 -0.133720
v -0.187136 -0.333762 -0.185395
v -0.205360 -0.314837 -0.202459
v -0.169848 -0.325811 -0.226897
v -0.187136 -0.308043 -0.242672
v -0.188893 -0.283753 -0.294347
v -0.208288 -0.262910 -0.313023
v -0.169589 -0.272384 -0.346235
v -0.199270 -0.242973 -0.351118
v -0.212531 -0.210795 -0.372130
v -0.159876 -0.266381 -0.372972
v -0.172769 -0.238131 -0.394237
v -0.196505 -0.190397 -0.397193
v -0.183582 -0.131383 -0.412352
v -0.186434 -0.079900 -0.406997
v -0.186434 -0.026633 -0.397880
v -0.151091 -0.420752 -0.041280
v -0.133268 -0.413463 -0.082044
v -0.135025 -0.389173 -0.133720
v -0.154020 -0.369295 -0.151844
v -0.118508 -0.380269 -0.176282
v -0.135025 -0.363454 -0.190996
v -0.136782 -0.339163 -0.242672
v -0.156948 -0.317838 -0.262408
v -0.119213 -0.327398 -0.292968
v -0.145846 -0.310977 -0.292968
v -0.108536 -0.320786 -0.321412
v -0.129042 -0.296596 -0.341994
v -0.133167 -0.271513 -0.380026
v -0.133167 -0.251715 -0.406659
v -0.156152 -0.112437 -0.424949
v -0.146098 -0.079900 -0.421682
v -0.129721 -0.028918 -0.416766
v -0.102680 -0.423753 -0.101229
v -0.091077 -0.416582 -0.133167
v -0.079611 -0.397296 -0.186245
v -0.104953 -0.372296 -0.211793
v -0.069442 -0.378812 -0.221129
v -0.084279 -0.363172 -0.239211
v -0.081378 -0.332266 -0.296487
v -0.064608 -0.317413 -0.316590
v -0.100119 -0.320786 -0.321412
v -0.081378 -0.302697 -0.341994
v -0.079900 -0.273479 -0.382701
v -0.079900 -0.247739 -0.409335
v -0.098694 -0.012685 -0.423588
v -0.014716 -0.423193 -0.155615
v -0.030136 -0.407847 -0.181645
v -0.026633 -0.378848 -0.221117
v -0.026633 -0.359159 -0.247750
v -0.026633 -0.332526 -0.284123
v -0.026633 -0.313175 -0.310757
v -0.025181 -0.284101 -0.350302
v -0.006458 -0.264664 -0.370770
v -0.041969 -0.269001 -0.376539
v -0.029095 -0.239346 -0.398702
v -0.016102 -0.186434 -0.420903
v -0.005248 -0.151309 -0.424430
v -0.164119 -0.219330 -0.430347
v -0.166133 -0.186434 -0.431079
v -0.163925 -0.147949 -0.428515
v -0.133167 -0.225081 -0.433995
v -0.133167 -0.186434 -0.441869
v -0.136305 -0.131383 -0.435184
v -0.119464 -0.079900 -0.430336
v -0.109668 -0.048196 -0.427153
v -0.079900 -0.221106 -0.431210
v -0.079900 -0.186434 -0.440346
v -0.079900 -0.133167 -0.444432
v -0.079900 -0.079900 -0.441149
v -0.080523 -0.028918 -0.432752
v -0.051732 -0.214029 -0.426633
v -0.042735 -0.186434 -0.429557
v -0.024455 -0.133399 -0.434267
v -0.026633 -0.079900 -0.442412
v -0.026633 -0.026633 -0.444228
v -0.428535 0.012568 -0.026633
v -0.428535 0.012568 -0.079900
v -0.427735 0.008379 -0.113328
v -0.423449 0.039201 -0.026633
v -0.415676 0.079900 -0.026633
v -0.405502 0.133167 -0.026633
v -0.395329 0.186434 -0.026633
v -0.381555 0.227371 -0.026633
v -0.423449 0.039201 -0.079900
v -0.415676 0.079900 -0.079900
v -0.405502 0.133167 -0.079900
v -0.395329 0.186434 -0.079900
v -0.381555 0.227371 -0.079900
v -0.422021 0.026334 -0.131917
v -0.415613 0.079900 -0.133167
v -0.405502 0.133167 -0.133167
v -0.395329 0.186434 -0.133167
v -0.381555 0.227371 -0.133167
v -0.401342 0.026633 -0.186434
v -0.406109 0.079900 -0.186434
v -0.403580 0.133167 -0.186434
v -0.395329 0.186434 -0.186434
v -0.381555 0.227371 -0.186434
v -0.378507 0.026633 -0.220829
v -0.384768 0.079900 -0.229483
v -0.385187 0.135094 -0.242671
v -0.388706 0.186434 -0.239701
v -0.380816 0.226491 -0.239701
v -0.374206 0.154134 -0.268176
v -0.377476 0.186434 -0.271934
v -0.377674 0.221430 -0.271959
v -0.360751 0.254004 -0.026633
v -0.334118 0.277424 -0.026633
v -0.360751 0.254004 -0.079900
v -0.334118 0.277424 -0.079900
v -0.360751 0.254004 -0.133167
v -0.334118 0.277424 -0.133167
v -0.360751 0.254004 -0.186434
v -0.334118 0.277424 -0.186434
v -0.359157 0.026633 -0.247463
v -0.365444 0.079900 -0.256116
v -0.370014 0.118622 -0.262407
v -0.346714 0.255206 -0.243902
v -0.329279 0.273727 -0.228947
v -0.332523 0.026633 -0.284120
v -0.336169 0.080140 -0.296486
v -0.345808 0.136351 -0.293467
v -0.346235 0.186434 -0.294654
v -0.346235 0.231955 -0.280588
v -0.321603 0.098055 -0.321411
v -0.321603 0.118568 -0.321411
v -0.299254 0.304057 -0.026633
v -0.272621 0.324404 -0.026633
v -0.299254 0.304057 -0.079900
v -0.272621 0.324404 -0.079900
v -0.299254 0.304057 -0.133167
v -0.272621 0.324404 -0.133167
v -0.290156 0.306244 -0.188305
v -0.270525 0.322803 -0.171797
v -0.315901 0.265400 -0.264458
v -0.296074 0.282492 -0.243902
v -0.313037 0.026633 -0.310753
v -0.317231 0.062544 -0.316587
v -0.317110 0.154080 -0.318758
v -0.307635 0.186434 -0.315688
v -0.293263 0.240531 -0.293064
v -0.280390 0.269652 -0.270901
v -0.286404 0.026633 -0.339612
v -0.296872 0.080140 -0.333057
v -0.296800 0.135061 -0.328778
v -0.281002 0.186434 -0.324367
v -0.270626 0.215661 -0.320996
v -0.239701 0.349552 -0.026633
v -0.239701 0.349552 -0.079900
v -0.239701 0.348644 -0.133167
v -0.259823 0.318064 -0.207308
v -0.241121 0.332448 -0.188305
v -0.241121 0.303869 -0.236566
v -0.224312 0.322256 -0.216721
v -0.239701 0.249766 -0.304145
v -0.239701 0.274455 -0.277512
v -0.248413 0.026633 -0.366245
v -0.234567 0.074886 -0.361854
v -0.239701 0.133167 -0.348483
v -0.239701 0.186434 -0.337786
v -0.239701 0.223132 -0.326020
v -0.221780 0.026633 -0.375699
v -0.213389 0.053787 -0.372972
v -0.211124 0.371383 -0.026633
v -0.184490 0.391730 -0.026633
v -0.211124 0.371383 -0.079900
v -0.184490 0.391730 -0.079900
v -0.205104 0.370475 -0.133167
v -0.178470 0.383792 -0.133167
v -0.186167 0.355941 -0.182751
v -0.168234 0.374859 -0.162541
v -0.186434 0.307376 -0.249508
v -0.186434 0.326727 -0.222875
v -0.186434 0.260164 -0.312799
v -0.186434 0.280743 -0.286165
v -0.202416 0.089298 -0.369407
v -0.185370 0.134737 -0.365821
v -0.186434 0.186434 -0.355094
v -0.186434 0.233530 -0.334674
v -0.186434 0.026633 -0.387183
v -0.185370 0.074886 -0.377840
v -0.166904 0.118028 -0.375176
v -0.149627 0.418363 -0.026633
v -0.144113 0.418363 -0.079900
v -0.130013 0.406623 -0.128936
v -0.133167 0.359647 -0.194871
v -0.133167 0.378998 -0.168238
v -0.133167 0.313663 -0.258162
v -0.133167 0.333014 -0.231528
v -0.154722 0.265036 -0.317951
v -0.135447 0.284687 -0.297304
v -0.155931 0.153540 -0.371611
v -0.145767 0.186434 -0.368308
v -0.132084 0.239948 -0.345883
v -0.119211 0.269327 -0.323720
v -0.133167 0.026633 -0.404491
v -0.133167 0.079900 -0.393795
v -0.136172 0.134737 -0.381807
v -0.119133 0.186434 -0.376962
v -0.109447 0.214860 -0.373815
v -0.079900 0.411919 -0.140234
v -0.079900 0.365935 -0.203525
v -0.079900 0.385285 -0.176892
v -0.098644 0.317739 -0.263771
v -0.080493 0.336759 -0.243489
v -0.080493 0.303283 -0.289564
v -0.063133 0.321930 -0.269540
v -0.079900 0.248770 -0.356740
v -0.079900 0.273967 -0.330107
v -0.080523 0.030934 -0.420733
v -0.079900 0.079900 -0.411102
v -0.079900 0.133167 -0.400406
v -0.079900 0.186434 -0.389710
v -0.079900 0.222136 -0.378615
v -0.026633 0.418206 -0.148888
v -0.042566 0.370342 -0.209590
v -0.025539 0.388831 -0.189674
v -0.025539 0.355355 -0.235749
v -0.007055 0.374533 -0.215360
v -0.026633 0.306888 -0.302103
v -0.026633 0.326238 -0.275470
v -0.026633 0.259489 -0.365394
v -0.026633 0.280254 -0.338760
v -0.052210 0.051557 -0.425791
v -0.043451 0.079900 -0.422946
v -0.024742 0.133399 -0.418282
v -0.026633 0.186434 -0.407017
v -0.026633 0.232855 -0.387269
v -0.122994 0.438709 -0.026633
v -0.117479 0.433417 -0.079900
v -0.110154 0.427462 -0.108360
v -0.084896 0.465343 -0.026633
v -0.058262 0.483042 -0.026633
v -0.075278 0.456579 -0.075122
v -0.054441 0.480064 -0.054180
v -0.079900 0.431269 -0.113601
v -0.026633 0.500000 -0.026633
v -0.026633 0.464190 -0.085597
v -0.026633 0.483540 -0.058964
v -0.026633 0.437557 -0.122255
v -0.063183 0.016045 -0.429357
v -0.031326 0.030934 -0.436537
v -0.016818 0.079900 -0.431599
v -0.005725 0.115798 -0.427995
v 0.005726 -0.115800 0.427995
v 0.016820 -0.079900 0.431600
v 0.031327 -0.030935 0.436538
v 0.063184 -0.016047 0.429357
v 0.026633 -0.437557 0.122299
v 0.026633 -0.483540 0.058964
v 0.026633 -0.464190 0.085598
v 0.026633 -0.500000 0.026633
v 0.079900 -0.431239 0.113681
v 0.054441 -0.480064 0.054180
v 0.075278 -0.456555 0.075122
v 0.058318 -0.483042 0.026633
v 0.084951 -0.465407 0.026633
v 0.111809 -0.427421 0.108409
v 0.122246 -0.433387 0.079900
v 0.129488 -0.438773 0.026633
v 0.026633 -0.232856 0.387269
v 0.026633 -0.186434 0.407018
v 0.024743 -0.133400 0.418282
v 0.043453 -0.079900 0.422946
v 0.052211 -0.051558 0.425792
v 0.026633 -0.280255 0.338761
v 0.026633 -0.259489 0.365394
v 0.026633 -0.326239 0.275470
v 0.026633 -0.306888 0.302103
v 0.007530 -0.374618 0.215470
v 0.025825 -0.355427 0.235816
v 0.025825 -0.388989 0.189812
v 0.043041 -0.370461 0.209820
v 0.026633 -0.418340 0.148932
v 0.079900 -0.222137 0.378615
v 0.079900 -0.186434 0.389822
v 0.079900 -0.133167 0.400872
v 0.079900 -0.079900 0.411456
v 0.080524 -0.030935 0.420733
v 0.079900 -0.273967 0.330107
v 0.079900 -0.248770 0.356740
v 0.063133 -0.321930 0.269540
v 0.080493 -0.303283 0.289565
v 0.080493 -0.337242 0.243489
v 0.098645 -0.317739 0.263771
v 0.079900 -0.386951 0.178975
v 0.079900 -0.366538 0.205609
v 0.079900 -0.413585 0.140315
v 0.109448 -0.214861 0.373815
v 0.129589 -0.183839 0.377291
v 0.133167 -0.133167 0.389253
v 0.133167 -0.079900 0.397688
v 0.133167 -0.026633 0.404608
v 0.119211 -0.269327 0.323720
v 0.132085 -0.239949 0.345883
v 0.144959 -0.199865 0.368046
v 0.135447 -0.284687 0.297304
v 0.154722 -0.265037 0.317951
v 0.133167 -0.334420 0.231841
v 0.133167 -0.313664 0.258474
v 0.133167 -0.384876 0.173796
v 0.133167 -0.361053 0.200430
v 0.131006 -0.412820 0.128966
v 0.148879 -0.423430 0.079900
v 0.156121 -0.424387 0.026633
v 0.165855 -0.164353 0.374631
v 0.184740 -0.131887 0.379511
v 0.186434 -0.079900 0.384576
v 0.186434 -0.026633 0.387427
v 0.186434 -0.233531 0.334674
v 0.184740 -0.183839 0.361428
v 0.201367 -0.148789 0.369215
v 0.186434 -0.280743 0.286166
v 0.186434 -0.260164 0.312799
v 0.186434 -0.329025 0.224301
v 0.186434 -0.307376 0.250935
v 0.186434 -0.382546 0.168948
v 0.186434 -0.355658 0.195581
v 0.186434 -0.405961 0.133167
v 0.186434 -0.421459 0.079900
v 0.186434 -0.417111 0.026633
v 0.216283 -0.113278 0.375303
v 0.216098 -0.079900 0.374900
v 0.222158 -0.026633 0.375826
v 0.239701 -0.223133 0.326020
v 0.239701 -0.186434 0.340334
v 0.236303 -0.131887 0.357571
v 0.242731 -0.079900 0.361818
v 0.248791 -0.026633 0.366246
v 0.239701 -0.274458 0.277512
v 0.239701 -0.249766 0.304145
v 0.228081 -0.324130 0.218207
v 0.243382 -0.304315 0.237458
v 0.226426 -0.377987 0.164393
v 0.245009 -0.347221 0.187985
v 0.263592 -0.318804 0.211577
v 0.242390 -0.395982 0.137344
v 0.261938 -0.370311 0.157885
v 0.239701 -0.417467 0.079900
v 0.239701 -0.400840 0.026633
v 0.270627 -0.215662 0.320996
v 0.281003 -0.186434 0.324384
v 0.296800 -0.135062 0.328889
v 0.296872 -0.080139 0.333154
v 0.286404 -0.026633 0.339612
v 0.280390 -0.269657 0.270901
v 0.293264 -0.240531 0.293064
v 0.307636 -0.186434 0.315688
v 0.317111 -0.154082 0.318759
v 0.317231 -0.062543 0.316587
v 0.313038 -0.026633 0.310754
v 0.296075 -0.282939 0.243902
v 0.315901 -0.265400 0.264458
v 0.275842 -0.334800 0.176066
v 0.293346 -0.307707 0.190867
v 0.277103 -0.390118 0.122373
v 0.294228 -0.346331 0.133631
v 0.311353 -0.310937 0.144888
v 0.280957 -0.392805 0.079900
v 0.307590 -0.349152 0.079900
v 0.275004 -0.381483 0.026633
v 0.304283 -0.341592 0.028959
v 0.318022 -0.317368 0.012754
v 0.321603 -0.118570 0.321411
v 0.321603 -0.098054 0.321411
v 0.346235 -0.231956 0.280589
v 0.346235 -0.186434 0.294655
v 0.345809 -0.136351 0.293467
v 0.336170 -0.080139 0.296486
v 0.332524 -0.026633 0.284120
v 0.329279 -0.273727 0.228947
v 0.346714 -0.255206 0.243902
v 0.370015 -0.118621 0.262407
v 0.365444 -0.079900 0.256117
v 0.359157 -0.026633 0.247463
v 0.334197 -0.278697 0.186434
v 0.360831 -0.254004 0.186434
v 0.320966 -0.322352 0.109377
v 0.334251 -0.293096 0.129546
v 0.363524 -0.255607 0.133167
v 0.321090 -0.322519 0.079900
v 0.340824 -0.292968 0.079900
v 0.365969 -0.256563 0.079900
v 0.320222 -0.320741 0.048265
v 0.335116 -0.296954 0.028959
v 0.365162 -0.255336 0.026633
v 0.377674 -0.221430 0.271959
v 0.377476 -0.186434 0.271934
v 0.374206 -0.154132 0.268176
v 0.380816 -0.226491 0.239701
v 0.388707 -0.186434 0.239701
v 0.385187 -0.135093 0.242671
v 0.384768 -0.079900 0.229483
v 0.378508 -0.026633 0.220830
v 0.381555 -0.227371 0.186434
v 0.395329 -0.186434 0.186434
v 0.403593 -0.133167 0.186434
v 0.406121 -0.079900 0.186434
v 0.401342 -0.026633 0.186434
v 0.381587 -0.228974 0.133167
v 0.398041 -0.186434 0.133167
v 0.414892 -0.131700 0.131444
v 0.420855 -0.079900 0.148047
v 0.422336 -0.026633 0.150977
v 0.381587 -0.229930 0.079900
v 0.400559 -0.186434 0.079900
v 0.418473 -0.143337 0.079900
v 0.381555 -0.228703 0.026633
v 0.399044 -0.186434 0.026633
v 0.416991 -0.139795 0.026633
v 0.429224 -0.112967 0.112540
v 0.435141 -0.079900 0.121413
v 0.435438 -0.026633 0.124344
v 0.431225 -0.116704 0.079900
v 0.445457 -0.079900 0.079900
v 0.444710 -0.026633 0.079900
v 0.429520 -0.113162 0.026633
v 0.437245 -0.079900 0.026633
v 0.436869 -0.026633 0.026633
v 0.026633 0.026633 0.444229
v 0.026633 0.079900 0.442413
v 0.024455 0.133400 0.434268
v 0.042733 0.186434 0.429557
v 0.051731 0.214030 0.426634
v 0.080524 0.028917 0.432752
v 0.079900 0.079900 0.441150
v 0.079900 0.133167 0.444433
v 0.079900 0.186434 0.440347
v 0.079900 0.221107 0.431210
v 0.109669 0.048194 0.427153
v 0.119466 0.079900 0.430337
v 0.136305 0.131382 0.435185
v 0.133167 0.186434 0.441870
v 0.133167 0.225082 0.433996
v 0.163926 0.147947 0.428515
v 0.166134 0.186434 0.431080
v 0.164119 0.219330 0.430348
v 0.005247 0.151311 0.424430
v 0.016100 0.186434 0.420904
v 0.029094 0.239347 0.398702
v 0.041967 0.269002 0.376539
v 0.006456 0.264664 0.370770
v 0.025180 0.284101 0.350303
v 0.026633 0.313176 0.310757
v 0.026633 0.332526 0.284124
v 0.026633 0.359160 0.247467
v 0.026633 0.378510 0.220833
v 0.030229 0.407428 0.181634
v 0.014870 0.422945 0.155410
v 0.098695 0.012683 0.423588
v 0.079900 0.247740 0.409336
v 0.079900 0.273479 0.382702
v 0.081378 0.302698 0.341995
v 0.100118 0.320786 0.321412
v 0.064607 0.317413 0.316590
v 0.081378 0.332266 0.296488
v 0.084279 0.363172 0.239211
v 0.069443 0.378725 0.221129
v 0.104954 0.372296 0.211794
v 0.079611 0.397253 0.186236
v 0.091078 0.416583 0.133167
v 0.102680 0.423753 0.101230
v 0.129721 0.028917 0.416767
v 0.146099 0.079900 0.421683
v 0.156153 0.112436 0.424950
v 0.133167 0.251715 0.406660
v 0.133167 0.271514 0.380027
v 0.129042 0.296596 0.341995
v 0.108536 0.320786 0.321412
v 0.145847 0.310977 0.292968
v 0.119213 0.327398 0.292968
v 0.156948 0.317838 0.262408
v 0.136782 0.339164 0.242672
v 0.135025 0.363454 0.190996
v 0.118509 0.380269 0.176282
v 0.154020 0.369295 0.151844
v 0.135025 0.389173 0.133720
v 0.133269 0.413463 0.082045
v 0.151092 0.420753 0.041280
v 0.186434 0.026633 0.397881
v 0.186434 0.079900 0.406998
v 0.183583 0.131382 0.412353
v 0.196506 0.190398 0.397193
v 0.172769 0.238132 0.394237
v 0.159876 0.266381 0.372972
v 0.212531 0.210796 0.372130
v 0.199270 0.242973 0.351118
v 0.169590 0.272384 0.346235
v 0.208288 0.262910 0.313023
v 0.188893 0.283753 0.294348
v 0.187136 0.308043 0.242672
v 0.169849 0.325811 0.226897
v 0.205360 0.314838 0.202459
v 0.187136 0.333763 0.185396
v 0.185379 0.358053 0.133720
v 0.166920 0.377268 0.116333
v 0.202432 0.366295 0.091895
v 0.185379 0.383772 0.076444
v 0.183494 0.407881 0.024768
v 0.229503 0.026633 0.381047
v 0.226916 0.079900 0.384816
v 0.221694 0.133167 0.383163
v 0.216723 0.175285 0.377899
v 0.256136 0.026633 0.364592
v 0.253550 0.079900 0.356737
v 0.251209 0.135444 0.343378
v 0.232613 0.190398 0.351118
v 0.225432 0.227399 0.336619
v 0.265134 0.154718 0.317950
v 0.261391 0.186434 0.312797
v 0.241066 0.242940 0.294846
v 0.221189 0.271353 0.277512
v 0.256700 0.258482 0.253074
v 0.239247 0.278352 0.237071
v 0.237490 0.302642 0.185396
v 0.218260 0.322811 0.166948
v 0.253772 0.311837 0.142510
v 0.237490 0.328362 0.128119
v 0.235733 0.352652 0.076444
v 0.215332 0.374268 0.056384
v 0.252658 0.364410 0.026633
v 0.226024 0.380721 0.026633
v 0.280252 0.026633 0.337959
v 0.273965 0.079900 0.330104
v 0.269326 0.119207 0.323719
v 0.306886 0.026633 0.302100
v 0.303281 0.080490 0.289563
v 0.284685 0.135444 0.297304
v 0.280742 0.186434 0.286164
v 0.273843 0.222970 0.276670
v 0.317738 0.098640 0.263769
v 0.313662 0.133167 0.258160
v 0.307375 0.186434 0.249507
v 0.289478 0.237804 0.234897
v 0.269600 0.268353 0.217563
v 0.307542 0.255271 0.186434
v 0.280909 0.275342 0.186434
v 0.318012 0.265280 0.157613
v 0.292342 0.292581 0.132306
v 0.266672 0.319810 0.106999
v 0.303150 0.309434 0.079900
v 0.276516 0.325894 0.079900
v 0.315084 0.316809 0.047049
v 0.295584 0.337103 0.028230
v 0.326237 0.026633 0.275467
v 0.321929 0.063128 0.269538
v 0.355353 0.025537 0.235748
v 0.336757 0.080490 0.243489
v 0.333013 0.133167 0.231527
v 0.326726 0.186434 0.222874
v 0.322255 0.217127 0.216720
v 0.370341 0.042561 0.209589
v 0.365934 0.079900 0.203523
v 0.359646 0.133167 0.194870
v 0.355940 0.186166 0.182751
v 0.333258 0.228638 0.186434
v 0.370667 0.203743 0.156771
v 0.350790 0.245643 0.139437
v 0.330913 0.273325 0.122102
v 0.366424 0.261518 0.097664
v 0.347695 0.281901 0.079905
v 0.345757 0.306030 0.028230
v 0.327684 0.324536 0.011538
v 0.374532 0.007050 0.215358
v 0.388829 0.025537 0.189674
v 0.385284 0.079900 0.176890
v 0.378997 0.133167 0.168236
v 0.374858 0.168232 0.162540
v 0.418205 0.026633 0.146298
v 0.411918 0.079900 0.140233
v 0.408013 0.131213 0.128936
v 0.389416 0.186166 0.136676
v 0.383567 0.226007 0.121260
v 0.423270 0.147665 0.102591
v 0.418694 0.186434 0.096293
v 0.399201 0.241337 0.079488
v 0.379324 0.270324 0.062153
v 0.414836 0.256668 0.037715
v 0.398049 0.276302 0.022629
v 0.050381 0.426720 0.160679
v 0.030229 0.437468 0.135860
v 0.029862 0.468362 0.078583
v 0.014259 0.484257 0.059950
v 0.049770 0.478211 0.050615
v 0.029862 0.496868 0.030369
v 0.054268 0.426720 0.160679
v 0.064444 0.433018 0.133167
v 0.082915 0.444584 0.082045
v 0.080985 0.468741 0.030369
v 0.063953 0.485901 0.015104
v 0.115581 0.431726 0.065719
v 0.133269 0.438961 0.024768
v 0.163778 0.428578 0.005769
v 0.432198 0.026633 0.119665
v 0.430578 0.079900 0.113599
v 0.427462 0.112154 0.108360
v 0.437676 0.026633 0.079900
v 0.440615 0.079900 0.079900
v 0.437855 0.131213 0.082861
v 0.437886 0.186434 0.069659
v 0.431979 0.221157 0.061311
v 0.436638 0.026633 0.026633
v 0.446202 0.079900 0.026633
v 0.454907 0.133167 0.026633
v 0.458090 0.186434 0.026633
v 0.439643 0.239228 0.022629
v 0.427639 0.267262 0.002204
v 0.026633 -0.500000 -0.026633
v 0.026633 -0.483539 -0.058964
v 0.026633 -0.464190 -0.085597
v 0.026633 -0.437557 -0.122425
v 0.058317 -0.483042 -0.026633
v 0.084951 -0.466821 -0.026633
v 0.054441 -0.480063 -0.054180
v 0.075278 -0.457710 -0.075122
v 0.079900 -0.431269 -0.113618
v 0.127381 -0.440188 -0.026633
v 0.118899 -0.434832 -0.079900
v 0.110154 -0.427462 -0.108360
v 0.026633 -0.418410 -0.149059
v 0.026078 -0.389212 -0.189723
v 0.043463 -0.370404 -0.209671
v 0.007951 -0.374897 -0.215739
v 0.026078 -0.355393 -0.235977
v 0.026633 -0.326238 -0.275469
v 0.026633 -0.306888 -0.302103
v 0.026633 -0.280254 -0.338760
v 0.026633 -0.259489 -0.365394
v 0.026633 -0.232855 -0.387269
v 0.026633 -0.186434 -0.407017
v 0.024742 -0.133399 -0.418282
v 0.043451 -0.079900 -0.422946
v 0.052210 -0.051556 -0.425791
v 0.079900 -0.411936 -0.140252
v 0.079900 -0.385303 -0.176952
v 0.079900 -0.365982 -0.203586
v 0.080493 -0.336796 -0.243489
v 0.098643 -0.317738 -0.263771
v 0.063132 -0.321930 -0.269540
v 0.080493 -0.303283 -0.289564
v 0.079900 -0.273967 -0.330106
v 0.079900 -0.248770 -0.356740
v 0.079900 -0.222136 -0.378615
v 0.079900 -0.186434 -0.389710
v 0.079900 -0.133167 -0.400406
v 0.079900 -0.079900 -0.411102
v 0.080523 -0.030934 -0.420733
v 0.154015 -0.421347 -0.026633
v 0.145532 -0.418523 -0.079900
v 0.130013 -0.406623 -0.128936
v 0.133167 -0.378998 -0.168237
v 0.133167 -0.359647 -0.194871
v 0.133167 -0.333014 -0.231528
v 0.133167 -0.313663 -0.258162
v 0.135446 -0.284686 -0.297304
v 0.154721 -0.265036 -0.317951
v 0.119210 -0.269327 -0.323720
v 0.132084 -0.239948 -0.345883
v 0.145767 -0.186434 -0.368308
v 0.155931 -0.153540 -0.371611
v 0.109447 -0.214860 -0.373814
v 0.119133 -0.186434 -0.376962
v 0.136172 -0.134737 -0.381807
v 0.133167 -0.079900 -0.393795
v 0.133167 -0.026633 -0.404491
v 0.186434 -0.403061 -0.026633
v 0.191038 -0.389313 -0.082207
v 0.211863 -0.371992 -0.101501
v 0.178539 -0.383792 -0.133167
v 0.205172 -0.370561 -0.133167
v 0.168233 -0.374859 -0.162541
v 0.186167 -0.355941 -0.182751
v 0.186434 -0.326726 -0.222874
v 0.186434 -0.307376 -0.249508
v 0.186434 -0.280742 -0.286165
v 0.186434 -0.260163 -0.312799
v 0.186434 -0.233530 -0.334674
v 0.186434 -0.186434 -0.355094
v 0.185370 -0.134737 -0.365821
v 0.202416 -0.089298 -0.369407
v 0.166904 -0.118028 -0.375176
v 0.185370 -0.074886 -0.377840
v 0.186434 -0.026633 -0.387183
v 0.237347 -0.380838 -0.024307
v 0.253533 -0.367376 -0.040512
v 0.218022 -0.374916 -0.065990
v 0.237347 -0.361239 -0.082207
v 0.239701 -0.349994 -0.133167
v 0.241120 -0.332535 -0.188431
v 0.259822 -0.318064 -0.207518
v 0.224311 -0.322255 -0.216721
v 0.241120 -0.303869 -0.236566
v 0.239701 -0.274455 -0.277511
v 0.239701 -0.249766 -0.304145
v 0.239701 -0.223132 -0.326020
v 0.239701 -0.186434 -0.337786
v 0.239701 -0.133167 -0.348483
v 0.234567 -0.074886 -0.361854
v 0.248413 -0.026633 -0.366245
v 0.213389 -0.053787 -0.372972
v 0.221779 -0.026633 -0.375699
v 0.269167 -0.375021 -0.005001
v 0.285865 -0.348266 -0.024307
v 0.315257 -0.314301 -0.026633
v 0.282263 -0.332355 -0.079900
v 0.308897 -0.310591 -0.079900
v 0.275383 -0.325668 -0.133167
v 0.302016 -0.306444 -0.133167
v 0.270702 -0.322949 -0.172007
v 0.290262 -0.306244 -0.188431
v 0.296074 -0.282492 -0.243902
v 0.315900 -0.265400 -0.264458
v 0.280389 -0.269652 -0.270901
v 0.293263 -0.240531 -0.293064
v 0.307635 -0.186434 -0.315688
v 0.317110 -0.154080 -0.318758
v 0.317231 -0.062544 -0.316587
v 0.313037 -0.026633 -0.310753
v 0.270626 -0.215661 -0.320996
v 0.281001 -0.186434 -0.324367
v 0.296800 -0.135061 -0.328778
v 0.296872 -0.080140 -0.333057
v 0.286404 -0.026633 -0.339612
v 0.337303 -0.287667 -0.026633
v 0.363937 -0.254380 -0.026633
v 0.336289 -0.283957 -0.079900
v 0.362922 -0.254004 -0.079900
v 0.334989 -0.279811 -0.133167
v 0.361623 -0.254004 -0.133167
v 0.334117 -0.277424 -0.186434
v 0.360751 -0.254004 -0.186434
v 0.329279 -0.273727 -0.228947
v 0.346714 -0.255206 -0.243902
v 0.370014 -0.118622 -0.262407
v 0.365444 -0.079900 -0.256116
v 0.359157 -0.026633 -0.247463
v 0.346235 -0.231955 -0.280588
v 0.346235 -0.186434 -0.294654
v 0.345808 -0.136351 -0.293467
v 0.336170 -0.080140 -0.296486
v 0.332523 -0.026633 -0.284120
v 0.321603 -0.118568 -0.321411
v 0.321603 -0.098055 -0.321411
v 0.381555 -0.227747 -0.026633
v 0.396700 -0.186434 -0.026633
v 0.414497 -0.128867 -0.022953
v 0.421766 -0.079900 -0.030127
v 0.424388 -0.044010 -0.037425
v 0.381555 -0.227371 -0.079900
v 0.395502 -0.186434 -0.079900
v 0.406503 -0.133167 -0.079900
v 0.416536 -0.079900 -0.079900
v 0.423482 -0.039292 -0.079900
v 0.381555 -0.227371 -0.133167
v 0.395329 -0.186434 -0.133167
v 0.405502 -0.133167 -0.133167
v 0.415613 -0.079900 -0.133167
v 0.422021 -0.026334 -0.131917
v 0.381555 -0.227371 -0.186434
v 0.395329 -0.186434 -0.186434
v 0.403580 -0.133167 -0.186434
v 0.406109 -0.079900 -0.186434
v 0.401342 -0.026633 -0.186434
v 0.380816 -0.226491 -0.239701
v 0.388706 -0.186434 -0.239701
v 0.385187 -0.135094 -0.242671
v 0.384768 -0.079900 -0.229483
v 0.378507 -0.026633 -0.220829
v 0.377674 -0.221430 -0.271959
v 0.377476 -0.186434 -0.271934
v 0.374206 -0.154133 -0.268176
v 0.005725 -0.115798 -0.427995
v 0.016818 -0.079900 -0.431599
v 0.031326 -0.030934 -0.436537
v 0.063183 -0.016045 -0.429357
v 0.426950 -0.108245 -0.002744
v 0.426928 -0.079900 -0.003493
v 0.428265 -0.026406 -0.022455
v 0.428535 -0.012658 -0.079900
v 0.427735 -0.008379 -0.113328
v 0.014871 0.422945 -0.155410
v 0.030229 0.407428 -0.181634
v 0.026633 0.359159 -0.247466
v 0.026633 0.378510 -0.220833
v 0.026633 0.313175 -0.310757
v 0.026633 0.332526 -0.284123
v 0.006457 0.264664 -0.370770
v 0.025181 0.284101 -0.350302
v 0.005248 0.151309 -0.424430
v 0.016102 0.186434 -0.420903
v 0.029095 0.239347 -0.398702
v 0.041968 0.269002 -0.376539
v 0.102680 0.423753 -0.101229
v 0.091077 0.416582 -0.133167
v 0.104954 0.372296 -0.211793
v 0.079611 0.397253 -0.186236
v 0.084279 0.363172 -0.239211
v 0.069442 0.378725 -0.221129
v 0.064608 0.317413 -0.316590
v 0.081378 0.332266 -0.296487
v 0.081378 0.302697 -0.341994
v 0.100119 0.320786 -0.321412
v 0.098694 0.012685 -0.423588
v 0.079900 0.247740 -0.409335
v 0.079900 0.273479 -0.382702
v 0.151092 0.420752 -0.041280
v 0.133268 0.413463 -0.082044
v 0.154020 0.369295 -0.151844
v 0.135025 0.389173 -0.133720
v 0.135025 0.363454 -0.190996
v 0.118508 0.380269 -0.176282
v 0.156948 0.317838 -0.262408
v 0.136782 0.339164 -0.242672
v 0.145846 0.310977 -0.292968
v 0.119213 0.327398 -0.292968
v 0.129042 0.296596 -0.341994
v 0.108536 0.320786 -0.321412
v 0.129721 0.028918 -0.416766
v 0.146098 0.079900 -0.421682
v 0.156152 0.112437 -0.424949
v 0.133167 0.251715 -0.406660
v 0.133167 0.271513 -0.380026
v 0.183494 0.407881 -0.024768
v 0.202431 0.366295 -0.091895
v 0.185379 0.383772 -0.076444
v 0.185379 0.358053 -0.133720
v 0.166920 0.377268 -0.116333
v 0.205360 0.314837 -0.202459
v 0.187136 0.333762 -0.185396
v 0.187136 0.308043 -0.242672
v 0.169848 0.325811 -0.226897
v 0.208288 0.262910 -0.313023
v 0.188893 0.283753 -0.294347
v 0.212531 0.210795 -0.372130
v 0.199270 0.242973 -0.351118
v 0.169589 0.272384 -0.346235
v 0.186434 0.026633 -0.397880
v 0.186434 0.079900 -0.406997
v 0.183582 0.131383 -0.412352
v 0.196505 0.190397 -0.397193
v 0.172769 0.238132 -0.394237
v 0.159876 0.266381 -0.372972
v 0.252657 0.364410 -0.026633
v 0.226024 0.380721 -0.026633
v 0.235733 0.352651 -0.076444
v 0.215332 0.374268 -0.056384
v 0.253771 0.311837 -0.142510
v 0.237490 0.328361 -0.128119
v 0.237490 0.302642 -0.185396
v 0.218260 0.322810 -0.166948
v 0.256700 0.258481 -0.253074
v 0.239247 0.278352 -0.237071
v 0.265134 0.154717 -0.317949
v 0.261391 0.186434 -0.312797
v 0.241066 0.242940 -0.294846
v 0.221188 0.271353 -0.277512
v 0.256135 0.026633 -0.364592
v 0.253549 0.079900 -0.356737
v 0.251208 0.135444 -0.343378
v 0.232612 0.190397 -0.351118
v 0.225431 0.227399 -0.336618
v 0.229502 0.026633 -0.381047
v 0.226916 0.079900 -0.384816
v 0.221694 0.133167 -0.383162
v 0.216722 0.175284 -0.377899
v 0.315084 0.316809 -0.047049
v 0.295584 0.337103 -0.028230
v 0.303150 0.309433 -0.079900
v 0.276516 0.325894 -0.079900
v 0.318012 0.265280 -0.157613
v 0.292342 0.292581 -0.132306
v 0.266672 0.319810 -0.106998
v 0.307542 0.255271 -0.186434
v 0.280908 0.275342 -0.186434
v 0.317737 0.098638 -0.263769
v 0.313662 0.133167 -0.258160
v 0.307375 0.186434 -0.249506
v 0.289477 0.237804 -0.234897
v 0.269600 0.268353 -0.217562
v 0.306885 0.026633 -0.302100
v 0.303281 0.080490 -0.289563
v 0.284684 0.135444 -0.297303
v 0.280741 0.186434 -0.286163
v 0.273843 0.222970 -0.276669
v 0.280252 0.026633 -0.337958
v 0.273965 0.079900 -0.330103
v 0.269326 0.119205 -0.323718
v 0.345757 0.306030 -0.028230
v 0.327684 0.324536 -0.011538
v 0.366424 0.261518 -0.097664
v 0.347695 0.281901 -0.079905
v 0.370667 0.203742 -0.156771
v 0.350790 0.245643 -0.139436
v 0.330912 0.273325 -0.122102
v 0.370341 0.042560 -0.209589
v 0.365933 0.079900 -0.203523
v 0.359646 0.133167 -0.194869
v 0.355940 0.186166 -0.182751
v 0.333257 0.228637 -0.186434
v 0.355353 0.025536 -0.235748
v 0.336757 0.080490 -0.243488
v 0.333013 0.133167 -0.231526
v 0.326725 0.186434 -0.222873
v 0.322255 0.217126 -0.216720
v 0.326236 0.026633 -0.275466
v 0.321929 0.063127 -0.269538
v 0.414835 0.256668 -0.037715
v 0.398048 0.276302 -0.022629
v 0.423270 0.147664 -0.102591
v 0.418694 0.186434 -0.096292
v 0.399201 0.241337 -0.079487
v 0.379324 0.270324 -0.062153
v 0.418205 0.026633 -0.143959
v 0.411917 0.079900 -0.140232
v 0.408012 0.131212 -0.128936
v 0.389416 0.186166 -0.136676
v 0.383567 0.226006 -0.121260
v 0.388829 0.025536 -0.189673
v 0.385284 0.079900 -0.176889
v 0.378997 0.133167 -0.168236
v 0.374858 0.168231 -0.162540
v 0.374532 0.007049 -0.215358
v 0.049769 0.478211 -0.050615
v 0.029862 0.496868 -0.030369
v 0.029862 0.468362 -0.078583
v 0.014258 0.484257 -0.059949
v 0.030229 0.437467 -0.135860
v 0.050382 0.426720 -0.160678
v 0.080985 0.468740 -0.030369
v 0.063953 0.485901 -0.015103
v 0.082915 0.444583 -0.082044
v 0.064444 0.433018 -0.133167
v 0.054268 0.426720 -0.160678
v 0.133268 0.438961 -0.024768
v 0.115580 0.431726 -0.065718
v 0.163778 0.428578 -0.005769
v 0.026633 0.026633 -0.444228
v 0.026633 0.079900 -0.442412
v 0.024455 0.133399 -0.434267
v 0.042735 0.186434 -0.429557
v 0.051732 0.214029 -0.426633
v 0.080523 0.028918 -0.432751
v 0.079900 0.079900 -0.441149
v 0.079900 0.133167 -0.444432
v 0.079900 0.186434 -0.440346
v 0.079900 0.221106 -0.431210
v 0.109667 0.048196 -0.427153
v 0.119464 0.079900 -0.430336
v 0.136305 0.131383 -0.435184
v 0.133167 0.186434 -0.441869
v 0.133167 0.225081 -0.433995
v 0.163925 0.147949 -0.428515
v 0.166133 0.186434 -0.431079
v 0.164119 0.219330 -0.430347
v 0.436103 0.026633 -0.026633
v 0.446195 0.079900 -0.026633
v 0.454906 0.133167 -0.026633
v 0.458089 0.186434 -0.026633
v 0.439643 0.239228 -0.022629
v 0.427639 0.267262 -0.002204
v 0.435726 0.026633 -0.079900
v 0.440608 0.079900 -0.079900
v 0.437854 0.131212 -0.082861
v 0.437886 0.186434 -0.069659
v 0.431979 0.221157 -0.061310
v 0.430783 0.026633 -0.117325
v 0.430578 0.079900 -0.113599
v 0.427461 0.112153 -0.108359
vn -0.8626 -0.1428 0.4852
vn -0.9039 -0.0758 0.4210
vn -0.9524 0.0270 0.3037
vn -0.7594 -0.4276 0.4903
vn -0.8647 -0.1688 0.4731
vn -0.9269 -0.0643 0.3698
vn -0.9808 0.0241 0.1938
vn -0.9913 0.1098 0.0720
vn -0.6624 -0.7376 0.1306
vn -0.8548 -0.4632 0.2342
vn -0.9701 -0.1289 0.2057
vn -0.9827 0.0904 0.1615
vn -0.9857 0.1500 0.0769
vn -0.9844 0.1756 0.0149
vn -0.5085 -0.4055 0.7596
vn -0.5368 -0.0000 0.8437
vn -0.4448 0.1207 0.8875
vn -0.0660 -0.4804 0.8746
vn -0.1369 -0.0587 0.9888
vn -0.2409 0.1401 0.9604
vn -0.2668 0.1602 0.9503
vn -0.2918 0.1780 0.9398
vn 0.1586 -0.4493 0.8792
vn 0.1454 -0.1569 0.9769
vn 0.0076 -0.0086 0.9999
vn -0.1455 0.1124 0.9830
vn -0.2370 0.1456 0.9605
vn 0.3152 -0.4030 0.8592
vn 0.2752 -0.1683 0.9465
vn 0.2437 -0.1591 0.9567
vn 0.1143 -0.0414 0.9926
vn -0.0659 0.0035 0.9978
vn -0.5333 -0.8383 0.1135
vn -0.4908 -0.7956 0.3551
vn -0.4727 -0.8569 0.2054
vn -0.1927 -0.8616 0.4695
vn -0.3530 -0.8610 0.3663
vn -0.4466 -0.8159 0.3671
vn -0.5131 -0.8493 0.1245
vn -0.5321 -0.8170 0.2221
vn 0.0242 -0.8652 0.5008
vn 0.0203 -0.8846 0.4660
vn -0.0954 -0.8490 0.5198
vn -0.1678 -0.8414 0.5138
vn -0.2123 -0.9464 0.2433
vn -0.3769 -0.8198 0.4311
vn -0.8014 -0.1814 0.5700
vn -0.7946 -0.1876 0.5774
vn -0.8001 -0.1794 0.5724
vn -0.8121 -0.1755 0.5565
vn -0.7143 -0.4843 0.5053
vn -0.7942 -0.2417 0.5576
vn -0.8120 -0.1441 0.5656
vn -0.8864 -0.0786 0.4562
vn -0.5413 -0.7459 0.3880
vn -0.6582 -0.5752 0.4857
vn -0.7744 -0.2757 0.5695
vn -0.8177 -0.1721 0.5493
vn -0.4875 -0.8435 0.2253
vn -0.6067 -0.6725 0.4239
vn -0.7584 -0.3998 0.5148
vn -0.7985 -0.2266 0.5577
vn -0.7069 -0.5062 0.4940
vn -0.7718 -0.2516 0.5840
vn -0.5308 -0.7551 0.3848
vn -0.6334 -0.6156 0.4689
vn -0.7562 -0.3484 0.5539
vn -0.4956 -0.7905 0.3597
vn -0.5762 -0.7008 0.4207
vn -0.5439 -0.8308 0.1180
vn -0.5389 -0.8136 0.2184
vn -0.7924 -0.1848 0.5814
vn -0.7868 -0.1853 0.5887
vn -0.7617 -0.1471 0.6311
vn -0.7091 -0.4590 0.5353
vn -0.7853 -0.2402 0.5706
vn -0.7924 -0.1860 0.5810
vn -0.5525 -0.7333 0.3962
vn -0.6683 -0.5632 0.4860
vn -0.7756 -0.2654 0.5727
vn -0.5161 -0.7720 0.3710
vn -0.6018 -0.6634 0.4446
vn -0.4911 -0.7947 0.3568
vn -0.4913 -0.7944 0.3570
vn -0.5689 -0.7147 0.4069
vn -0.4912 -0.7951 0.3559
vn -0.4890 -0.8472 0.2077
vn -0.4922 -0.7959 0.3526
vn -0.7694 -0.1793 0.6131
vn -0.6932 -0.1048 0.7131
vn -0.5973 -0.0112 0.8019
vn -0.4593 0.0436 0.8872
vn -0.7161 -0.5013 0.4858
vn -0.7960 -0.2560 0.5484
vn -0.7913 -0.1801 0.5843
vn -0.7446 -0.1307 0.6546
vn -0.6197 -0.0688 0.7818
vn -0.5448 -0.7427 0.3893
vn -0.6535 -0.5805 0.4857
vn -0.7733 -0.2817 0.5680
vn -0.5072 -0.7805 0.3654
vn -0.5870 -0.6879 0.4268
vn -0.4914 -0.7945 0.3567
vn -0.4914 -0.7958 0.3538
vn -0.4915 -0.7948 0.3560
vn -0.5186 -0.8359 0.1798
vn -0.5193 -0.8359 0.1777
vn -0.4319 -0.7831 0.4475
vn -0.5997 -0.6017 0.5276
vn -0.7259 -0.1919 0.6605
vn -0.5840 0.0531 0.8100
vn -0.4412 0.1042 0.8914
vn -0.3451 0.1543 0.9258
vn -0.5049 -0.7604 0.4086
vn -0.6247 -0.6235 0.4701
vn -0.7281 -0.3814 0.5695
vn -0.5088 -0.7776 0.3694
vn -0.5771 -0.6998 0.4210
vn -0.5005 -0.8012 0.3281
vn -0.5151 -0.7866 0.3405
vn -0.4947 -0.7956 0.3496
vn -0.4990 -0.7938 0.3476
vn -0.4912 -0.7947 0.3566
vn -0.4913 -0.7950 0.3558
vn -0.5517 -0.8066 0.2121
vn -0.2005 -0.8184 0.5386
vn -0.1803 -0.7480 0.6388
vn -0.3750 0.1622 0.9127
vn -0.3150 0.1855 0.9308
vn -0.3035 0.1876 0.9342
vn -0.1853 -0.8591 0.4771
vn -0.3001 -0.7993 0.5207
vn -0.3364 -0.8599 0.3839
vn -0.4762 -0.7844 0.3975
vn -0.4340 -0.8287 0.3535
vn -0.4915 -0.7953 0.3548
vn -0.4753 -0.8013 0.3633
vn -0.4870 -0.8000 0.3505
vn -0.4911 -0.7949 0.3564
vn -0.4918 -0.7958 0.3533
vn 0.0745 -0.7761 0.6262
vn 0.1434 -0.6709 0.7276
vn 0.0186 -0.8636 0.5039
vn 0.0652 -0.7935 0.6050
vn 0.0031 -0.8754 0.4834
vn 0.1558 -0.8175 0.5544
vn -0.1307 -0.8200 0.5573
vn -0.1819 -0.8465 0.5004
vn -0.3187 -0.8185 0.4780
vn -0.3829 -0.8180 0.4293
vn -0.4879 -0.7924 0.3661
vn -0.4910 -0.7947 0.3569
vn 0.2033 -0.7324 0.6499
vn 0.2692 -0.5651 0.7799
vn 0.3150 -0.2808 0.9066
vn 0.3035 -0.1876 0.9342
vn 0.1846 -0.7951 0.5777
vn 0.2072 -0.7129 0.6700
vn 0.1639 -0.8012 0.5754
vn 0.1826 -0.7954 0.5780
vn 0.0974 -0.8050 0.5852
vn 0.1068 -0.8127 0.5728
vn 0.0776 -0.7961 0.6002
vn 0.1627 -0.8178 0.5520
vn -0.9763 0.1315 0.1716
vn -0.9826 0.1841 0.0233
vn -0.9824 0.1869 0.0008
vn -0.2798 0.1656 0.9456
vn -0.2147 0.1447 0.9659
vn -0.2538 0.1546 0.9548
vn -0.2871 0.1734 0.9421
vn -0.7996 -0.1155 0.5893
vn -0.7987 -0.0762 0.5969
vn -0.7317 0.3998 0.5520
vn -0.8178 -0.1698 0.5498
vn -0.8630 -0.1341 0.4870
vn -0.9071 -0.0954 0.4100
vn -0.9718 0.0770 0.2228
vn -0.8653 0.4890 0.1099
vn -0.8852 -0.0776 0.4586
vn -0.9517 -0.0152 0.3066
vn -0.9844 0.0624 0.1643
vn -0.9700 0.2357 0.0599
vn -0.8863 0.4625 0.0246
vn -0.9670 0.0900 0.2382
vn -0.9837 0.1327 0.1215
vn -0.9849 0.1697 0.0354
vn -0.9683 0.2496 0.0044
vn -0.8805 0.4740 -0.0000
vn -0.9833 0.1807 0.0211
vn -0.9822 0.1876 0.0006
vn -0.9823 0.1875 0.0001
vn -0.9672 0.2538 -0.0000
vn -0.9822 0.1876 -0.0000
vn -0.6552 -0.0388 0.7545
vn -0.5696 0.0212 0.8217
vn -0.7938 -0.1873 0.5786
vn -0.7930 -0.1534 0.5895
vn -0.7191 -0.0510 0.6930
vn -0.5429 0.1049 0.8332
vn -0.3906 0.5488 0.7391
vn -0.7947 -0.1875 0.5773
vn -0.7948 -0.1876 0.5771
vn -0.7958 -0.1597 0.5841
vn -0.5822 0.7573 0.2959
vn -0.5279 0.8111 0.2519
vn -0.7148 0.6974 0.0518
vn -0.6121 0.7871 0.0761
vn -0.7274 0.6863 -0.0000
vn -0.6341 0.7733 -0.0000
vn -0.6338 -0.0222 0.7732
vn -0.4602 0.0113 0.8877
vn -0.3275 0.1172 0.9376
vn -0.3048 0.1970 0.9318
vn -0.3202 0.4194 0.8494
vn -0.7675 -0.1765 0.6163
vn -0.7110 -0.1521 0.6866
vn -0.4808 0.1335 0.8666
vn -0.3780 0.2726 0.8847
vn -0.2885 0.5686 0.7704
vn -0.2201 0.7463 0.6281
vn -0.3526 0.7544 0.5537
vn -0.3176 0.8447 0.4308
vn -0.5264 0.8307 0.1813
vn -0.5240 0.8356 0.1651
vn -0.5997 0.7999 0.0229
vn -0.5997 0.7995 0.0328
vn -0.6071 0.7947 -0.0000
vn -0.6056 0.7958 0.0020
vn -0.3240 0.1737 0.9300
vn -0.3087 0.1856 0.9329
vn -0.4706 0.1505 0.8694
vn -0.3691 0.1680 0.9141
vn -0.3235 0.1700 0.9308
vn -0.2919 0.2320 0.9279
vn -0.2536 0.4753 0.8425
vn -0.2364 0.6643 0.7091
vn -0.1908 0.7584 0.6233
vn -0.2132 0.8005 0.5601
vn -0.2253 0.8151 0.5337
vn -0.3575 0.8465 0.3945
vn -0.3486 0.8750 0.3359
vn -0.5287 0.8371 0.1407
vn -0.6071 0.7946 0.0068
vn -0.2879 0.2787 0.9162
vn -0.2371 0.5162 0.8230
vn -0.2316 0.6987 0.6769
vn -0.2013 0.7808 0.5915
vn -0.1876 0.7947 0.5774
vn -0.2905 0.8245 0.4855
vn -0.2611 0.8568 0.4446
vn -0.4906 0.8314 0.2608
vn -0.3987 0.8575 0.3251
vn -0.5991 0.8001 0.0296
vn -0.5713 0.8166 0.0825
vn -0.3030 0.1968 0.9324
vn -0.3206 0.4144 0.8518
vn -0.3146 0.2826 0.9062
vn -0.2704 0.5678 0.7775
vn -0.2050 0.7323 0.6494
vn -0.2068 0.7143 0.6685
vn -0.1880 0.7942 0.5778
vn -0.2124 0.8095 0.5473
vn -0.3232 0.8229 0.4674
vn -0.5094 0.8407 0.1838
vn -0.6001 0.7996 0.0219
vn -0.2921 0.2277 0.9289
vn -0.2558 0.4713 0.8441
vn -0.2379 0.6606 0.7120
vn -0.1910 0.7552 0.6271
vn -0.1948 0.7947 0.5749
vn -0.3019 0.1864 0.9349
vn -0.2882 0.2755 0.9171
vn -0.2386 0.5136 0.8242
vn -0.2344 0.6968 0.6779
vn -0.2024 0.7791 0.5933
vn -0.1866 0.7958 0.5761
vn -0.1854 0.7954 0.5770
vn -0.1846 0.7951 0.5777
vn -0.2967 0.8696 0.3946
vn -0.4449 0.8575 0.2583
vn -0.5801 0.8126 0.0565
vn -0.2290 0.8195 0.5253
vn -0.3820 0.8227 0.4211
vn -0.3929 0.8343 0.3867
vn -0.5561 0.8250 0.1010
vn -0.5127 0.8547 0.0810
vn -0.1447 0.8153 0.5606
vn -0.1082 0.8027 0.5865
vn -0.1102 0.8467 0.5206
vn -0.1920 0.9640 0.1840
vn -0.6624 -0.7376 -0.1306
vn -0.8548 -0.4632 -0.2342
vn -0.9701 -0.1289 -0.2057
vn -0.9827 0.0904 -0.1615
vn -0.9857 0.1500 -0.0769
vn -0.9844 0.1756 -0.0149
vn -0.7594 -0.4276 -0.4903
vn -0.8647 -0.1688 -0.4732
vn -0.9269 -0.0643 -0.3698
vn -0.9808 0.0241 -0.1938
vn -0.9913 0.1098 -0.0720
vn -0.8626 -0.1428 -0.4852
vn -0.9039 -0.0758 -0.4210
vn -0.9524 0.0270 -0.3037
vn -0.5333 -0.8383 -0.1135
vn -0.4727 -0.8569 -0.2054
vn -0.4908 -0.7956 -0.3551
vn -0.5131 -0.8493 -0.1245
vn -0.5321 -0.8170 -0.2221
vn -0.4466 -0.8159 -0.3671
vn -0.3532 -0.8609 -0.3662
vn -0.1938 -0.8626 -0.4673
vn -0.2123 -0.9464 -0.2433
vn -0.3769 -0.8198 -0.4311
vn -0.0954 -0.8490 -0.5198
vn -0.1679 -0.8415 -0.5135
vn 0.0179 -0.8861 -0.4632
vn 0.0213 -0.8675 -0.4970
vn -0.4875 -0.8435 -0.2253
vn -0.6067 -0.6725 -0.4239
vn -0.5413 -0.7459 -0.3880
vn -0.6582 -0.5752 -0.4858
vn -0.7744 -0.2757 -0.5695
vn -0.8177 -0.1721 -0.5493
vn -0.7143 -0.4843 -0.5053
vn -0.7942 -0.2417 -0.5576
vn -0.7946 -0.1876 -0.5774
vn -0.8120 -0.1441 -0.5656
vn -0.8864 -0.0786 -0.4562
vn -0.8001 -0.1794 -0.5724
vn -0.8121 -0.1755 -0.5565
vn -0.8014 -0.1814 -0.5700
vn -0.5439 -0.8308 -0.1180
vn -0.5389 -0.8136 -0.2184
vn -0.4956 -0.7905 -0.3597
vn -0.5762 -0.7008 -0.4207
vn -0.5308 -0.7551 -0.3848
vn -0.6334 -0.6156 -0.4689
vn -0.7562 -0.3484 -0.5539
vn -0.7069 -0.5062 -0.4940
vn -0.7718 -0.2516 -0.5840
vn -0.7584 -0.3998 -0.5148
vn -0.7985 -0.2266 -0.5577
vn -0.4890 -0.8472 -0.2077
vn -0.4922 -0.7959 -0.3526
vn -0.4912 -0.7951 -0.3559
vn -0.4911 -0.7947 -0.3568
vn -0.4913 -0.7944 -0.3570
vn -0.5689 -0.7147 -0.4069
vn -0.5161 -0.7720 -0.3710
vn -0.6019 -0.6634 -0.4446
vn -0.5525 -0.7333 -0.3962
vn -0.6683 -0.5632 -0.4860
vn -0.7756 -0.2654 -0.5727
vn -0.7091 -0.4590 -0.5353
vn -0.7853 -0.2402 -0.5706
vn -0.7924 -0.1860 -0.5810
vn -0.7924 -0.1848 -0.5814
vn -0.7868 -0.1853 -0.5887
vn -0.7617 -0.1471 -0.6311
vn -0.5186 -0.8359 -0.1798
vn -0.5193 -0.8359 -0.1777
vn -0.4914 -0.7958 -0.3538
vn -0.4915 -0.7948 -0.3560
vn -0.5020 -0.7831 -0.3670
vn -0.5870 -0.6879 -0.4268
vn -0.5372 -0.7493 -0.3873
vn -0.6535 -0.5805 -0.4857
vn -0.7733 -0.2817 -0.5680
vn -0.7161 -0.5013 -0.4858
vn -0.7960 -0.2560 -0.5484
vn -0.7913 -0.1801 -0.5843
vn -0.7446 -0.1307 -0.6546
vn -0.6197 -0.0688 -0.7818
vn -0.7694 -0.1793 -0.6132
vn -0.6932 -0.1048 -0.7131
vn -0.5973 -0.0112 -0.8019
vn -0.4593 0.0436 -0.8872
vn -0.5517 -0.8066 -0.2121
vn -0.4913 -0.7950 -0.3558
vn -0.4934 -0.7923 -0.3590
vn -0.5733 -0.7046 -0.4182
vn -0.5038 -0.7643 -0.4025
vn -0.6247 -0.6235 -0.4701
vn -0.7281 -0.3814 -0.5695
vn -0.4319 -0.7831 -0.4475
vn -0.5997 -0.6017 -0.5276
vn -0.7259 -0.1918 -0.6605
vn -0.5840 0.0531 -0.8100
vn -0.4412 0.1042 -0.8914
vn -0.3451 0.1543 -0.9258
vn -0.4918 -0.7958 -0.3533
vn -0.4759 -0.8008 -0.3636
vn -0.4885 -0.7955 -0.3586
vn -0.4489 -0.8139 -0.3688
vn -0.4909 -0.7947 -0.3569
vn -0.3531 -0.8582 -0.3726
vn -0.4865 -0.7930 -0.3667
vn -0.1962 -0.8601 -0.4709
vn -0.3058 -0.8026 -0.5121
vn -0.2005 -0.8184 -0.5386
vn -0.1803 -0.7480 -0.6388
vn -0.3750 0.1622 -0.9127
vn -0.3150 0.1855 -0.9308
vn -0.3035 0.1876 -0.9342
vn -0.4910 -0.7947 -0.3569
vn -0.4880 -0.7924 -0.3659
vn -0.3211 -0.8181 -0.4770
vn -0.3889 -0.8118 -0.4355
vn -0.1350 -0.8181 -0.5590
vn -0.1907 -0.8431 -0.5028
vn -0.0003 -0.8763 -0.4817
vn 0.1553 -0.8182 -0.5536
vn 0.0182 -0.8652 -0.5011
vn 0.0652 -0.7935 -0.6050
vn 0.0745 -0.7761 -0.6262
vn 0.1434 -0.6709 -0.7276
vn 0.1610 -0.8201 -0.5492
vn 0.0746 -0.7973 -0.5990
vn 0.0926 -0.8035 -0.5881
vn 0.1047 -0.8104 -0.5764
vn 0.1635 -0.8006 -0.5764
vn 0.1826 -0.7954 -0.5780
vn 0.1846 -0.7951 -0.5777
vn 0.2072 -0.7129 -0.6700
vn 0.2033 -0.7323 -0.6499
vn 0.2692 -0.5651 -0.7799
vn 0.3150 -0.2808 -0.9066
vn 0.3035 -0.1876 -0.9342
vn -0.5085 -0.4055 -0.7596
vn -0.5368 -0.0000 -0.8437
vn -0.4448 0.1207 -0.8875
vn -0.0660 -0.4804 -0.8746
vn -0.1369 -0.0586 -0.9889
vn -0.2409 0.1401 -0.9604
vn -0.2668 0.1602 -0.9503
vn -0.2918 0.1780 -0.9398
vn 0.1586 -0.4493 -0.8792
vn 0.1454 -0.1569 -0.9769
vn 0.0076 -0.0086 -0.9999
vn -0.1455 0.1124 -0.9830
vn -0.2370 0.1456 -0.9605
vn 0.3152 -0.4030 -0.8592
vn 0.2752 -0.1683 -0.9465
vn 0.2437 -0.1591 -0.9567
vn 0.1143 -0.0414 -0.9926
vn -0.0659 0.0035 -0.9978
vn -0.9824 0.1869 -0.0008
vn -0.9826 0.1841 -0.0233
vn -0.9763 0.1315 -0.1716
vn -0.9833 0.1807 -0.0211
vn -0.9822 0.1876 -0.0006
vn -0.9823 0.1875 -0.0001
vn -0.9670 0.0900 -0.2382
vn -0.9837 0.1327 -0.1215
vn -0.9849 0.1697 -0.0354
vn -0.9683 0.2496 -0.0044
vn -0.8852 -0.0776 -0.4586
vn -0.9517 -0.0152 -0.3066
vn -0.9844 0.0624 -0.1643
vn -0.9700 0.2357 -0.0599
vn -0.8863 0.4625 -0.0246
vn -0.8178 -0.1698 -0.5498
vn -0.8630 -0.1341 -0.4870
vn -0.9071 -0.0954 -0.4100
vn -0.9718 0.0770 -0.2228
vn -0.8653 0.4890 -0.1099
vn -0.7996 -0.1155 -0.5893
vn -0.7987 -0.0762 -0.5969
vn -0.7317 0.3998 -0.5520
vn -0.7148 0.6974 -0.0518
vn -0.6121 0.7871 -0.0761
vn -0.7947 -0.1875 -0.5773
vn -0.7948 -0.1876 -0.5771
vn -0.7958 -0.1597 -0.5841
vn -0.5822 0.7573 -0.2959
vn -0.5279 0.8111 -0.2519
vn -0.7938 -0.1873 -0.5786
vn -0.7930 -0.1534 -0.5895
vn -0.7191 -0.0510 -0.6930
vn -0.5429 0.1049 -0.8332
vn -0.3905 0.5488 -0.7391
vn -0.6552 -0.0388 -0.7545
vn -0.5696 0.0212 -0.8217
vn -0.6056 0.7958 -0.0020
vn -0.5997 0.7999 -0.0229
vn -0.5997 0.7995 -0.0328
vn -0.5264 0.8307 -0.1813
vn -0.5240 0.8356 -0.1651
vn -0.3526 0.7544 -0.5537
vn -0.3176 0.8447 -0.4308
vn -0.7675 -0.1765 -0.6163
vn -0.7110 -0.1521 -0.6866
vn -0.4808 0.1335 -0.8666
vn -0.3780 0.2726 -0.8847
vn -0.2885 0.5686 -0.7704
vn -0.2201 0.7463 -0.6281
vn -0.6338 -0.0222 -0.7732
vn -0.4602 0.0113 -0.8877
vn -0.3275 0.1172 -0.9376
vn -0.3048 0.1970 -0.9318
vn -0.3202 0.4194 -0.8494
vn -0.6071 0.7946 -0.0068
vn -0.5287 0.8371 -0.1407
vn -0.3575 0.8465 -0.3945
vn -0.3486 0.8750 -0.3359
vn -0.2132 0.8005 -0.5601
vn -0.2253 0.8151 -0.5337
vn -0.2364 0.6643 -0.7091
vn -0.1908 0.7584 -0.6233
vn -0.4706 0.1505 -0.8694
vn -0.3691 0.1680 -0.9141
vn -0.3235 0.1700 -0.9308
vn -0.2919 0.2320 -0.9279
vn -0.2536 0.4753 -0.8425
vn -0.3240 0.1737 -0.9300
vn -0.3087 0.1856 -0.9329
vn -0.5991 0.8001 -0.0297
vn -0.5713 0.8166 -0.0825
vn -0.4906 0.8314 -0.2608
vn -0.3987 0.8575 -0.3251
vn -0.2905 0.8245 -0.4855
vn -0.2611 0.8568 -0.4446
vn -0.1876 0.7947 -0.5774
vn -0.2316 0.6987 -0.6769
vn -0.2013 0.7808 -0.5915
vn -0.2879 0.2787 -0.9162
vn -0.2371 0.5162 -0.8230
vn -0.6001 0.7996 -0.0219
vn -0.5094 0.8407 -0.1838
vn -0.3232 0.8229 -0.4674
vn -0.2124 0.8095 -0.5473
vn -0.2068 0.7143 -0.6685
vn -0.1880 0.7942 -0.5778
vn -0.3146 0.2826 -0.9062
vn -0.2704 0.5678 -0.7775
vn -0.2050 0.7323 -0.6494
vn -0.3030 0.1968 -0.9324
vn -0.3206 0.4143 -0.8518
vn -0.1948 0.7947 -0.5749
vn -0.2379 0.6606 -0.7120
vn -0.1910 0.7552 -0.6271
vn -0.2921 0.2277 -0.9289
vn -0.2558 0.4713 -0.8441
vn -0.1846 0.7951 -0.5777
vn -0.1854 0.7954 -0.5770
vn -0.1866 0.7958 -0.5761
vn -0.2344 0.6968 -0.6779
vn -0.2024 0.7791 -0.5933
vn -0.3019 0.1864 -0.9349
vn -0.2882 0.2754 -0.9171
vn -0.2386 0.5136 -0.8242
vn -0.5801 0.8126 -0.0565
vn -0.4449 0.8575 -0.2583
vn -0.2967 0.8696 -0.3946
vn -0.5560 0.8250 -0.1010
vn -0.5127 0.8547 -0.0811
vn -0.3820 0.8227 -0.4211
vn -0.3929 0.8343 -0.3867
vn -0.2290 0.8195 -0.5253
vn -0.1920 0.9640 -0.1840
vn -0.1082 0.8027 -0.5865
vn -0.1102 0.8467 -0.5206
vn -0.1447 0.8153 -0.5606
vn -0.2798 0.1656 -0.9456
vn -0.2147 0.1447 -0.9659
vn -0.2538 0.1546 -0.9548
vn -0.2871 0.1734 -0.9421
vn 0.2871 -0.1734 0.9421
vn 0.2538 -0.1546 0.9548
vn 0.2147 -0.1447 0.9659
vn 0.2798 -0.1656 0.9456
vn 0.1400 -0.8186 0.5570
vn 0.1102 -0.8467 0.5206
vn 0.1084 -0.8029 0.5862
vn 0.1917 -0.9640 0.1841
vn 0.2200 -0.8305 0.5118
vn 0.3924 -0.8343 0.3873
vn 0.3662 -0.8287 0.4233
vn 0.5087 -0.8567 0.0852
vn 0.5288 -0.8412 0.1127
vn 0.2146 -0.9052 0.3669
vn 0.3574 -0.8955 0.2653
vn 0.4929 -0.8685 0.0520
vn 0.2385 -0.5136 0.8242
vn 0.2867 -0.2766 0.9172
vn 0.3004 -0.1873 0.9352
vn 0.2996 -0.1866 0.9356
vn 0.2996 -0.1846 0.9360
vn 0.2024 -0.7791 0.5933
vn 0.2344 -0.6968 0.6779
vn 0.1874 -0.7939 0.5784
vn 0.1876 -0.7947 0.5774
vn 0.1839 -0.7954 0.5775
vn 0.1849 -0.7928 0.5807
vn 0.1675 -0.7965 0.5810
vn 0.1682 -0.7897 0.5899
vn 0.1687 -0.8007 0.5748
vn 0.2556 -0.4722 0.8436
vn 0.2709 -0.2402 0.9322
vn 0.2631 -0.1914 0.9456
vn 0.2713 -0.1855 0.9444
vn 0.2947 -0.1779 0.9389
vn 0.1910 -0.7552 0.6271
vn 0.2379 -0.6606 0.7120
vn 0.1864 -0.7924 0.5809
vn 0.1767 -0.7857 0.5928
vn 0.1837 -0.7883 0.5872
vn 0.1295 -0.7967 0.5904
vn 0.1511 -0.7809 0.6061
vn 0.1506 -0.8243 0.5457
vn 0.2760 -0.4430 0.8530
vn 0.2358 -0.2601 0.9363
vn 0.1992 -0.1980 0.9597
vn 0.2474 -0.1347 0.9595
vn 0.3025 -0.1550 0.9405
vn 0.2050 -0.7323 0.6494
vn 0.2532 -0.5988 0.7598
vn 0.2811 -0.4046 0.8702
vn 0.1877 -0.7935 0.5789
vn 0.2068 -0.7143 0.6685
vn 0.1683 -0.7676 0.6184
vn 0.1819 -0.7835 0.5942
vn 0.0996 -0.7885 0.6069
vn 0.1347 -0.7487 0.6491
vn 0.1445 -0.8912 0.4301
vn 0.2114 -0.9597 0.1850
vn 0.3342 -0.9422 -0.0258
vn 0.2404 -0.2915 0.9259
vn 0.2321 -0.2100 0.9498
vn 0.2602 -0.0616 0.9636
vn 0.2969 -0.1267 0.9465
vn 0.2529 -0.5395 0.8031
vn 0.3032 -0.3838 0.8722
vn 0.3335 -0.3039 0.8924
vn 0.2000 -0.7764 0.5977
vn 0.2316 -0.6987 0.6769
vn 0.1692 -0.7471 0.6428
vn 0.1792 -0.7746 0.6065
vn 0.1244 -0.7691 0.6269
vn 0.1514 -0.7121 0.6855
vn 0.0992 -0.9012 0.4220
vn 0.0786 -0.9899 0.1182
vn 0.2583 -0.9528 -0.1594
vn 0.3934 -0.1488 0.9072
vn 0.3741 -0.0224 0.9271
vn 0.3369 -0.1148 0.9345
vn 0.2431 -0.4912 0.8364
vn 0.3259 -0.3072 0.8941
vn 0.4529 -0.2113 0.8662
vn 0.4732 -0.0841 0.8769
vn 0.4734 -0.1047 0.8746
vn 0.1904 -0.7507 0.6326
vn 0.2364 -0.6643 0.7091
vn 0.2019 -0.7394 0.6423
vn 0.2104 -0.7702 0.6021
vn 0.1936 -0.7338 0.6512
vn 0.3169 -0.6821 0.6590
vn 0.3840 -0.7475 0.5420
vn 0.2340 -0.8391 0.4912
vn 0.4944 -0.6192 0.6101
vn 0.3017 -0.9532 0.0207
vn 0.3827 -0.8790 -0.2845
vn 0.3302 -0.4303 0.8401
vn 0.3280 -0.2028 0.9227
vn 0.3687 -0.1284 0.9207
vn 0.4918 -0.0000 0.8707
vn 0.6438 0.0352 0.7644
vn 0.2225 -0.7396 0.6353
vn 0.2885 -0.5686 0.7704
vn 0.3782 -0.2727 0.8846
vn 0.4819 -0.1341 0.8659
vn 0.7115 0.1525 0.6859
vn 0.7675 0.1765 0.6163
vn 0.3307 -0.8259 0.4566
vn 0.3546 -0.7519 0.5558
vn 0.6236 -0.6071 0.4925
vn 0.5843 -0.7380 0.3375
vn 0.6326 -0.6915 0.3487
vn 0.7827 -0.4916 0.3818
vn 0.7086 -0.6231 0.3312
vn 0.6976 -0.7138 -0.0618
vn 0.8560 -0.5169 0.0084
vn 0.6549 -0.7180 -0.2358
vn 0.8081 -0.5667 -0.1605
vn 0.7921 -0.5993 -0.1158
vn 0.5712 -0.0213 0.8205
vn 0.6565 0.0389 0.7533
vn 0.3906 -0.5488 0.7391
vn 0.5429 -0.1049 0.8332
vn 0.7191 0.0510 0.6930
vn 0.7930 0.1534 0.5895
vn 0.7938 0.1873 0.5786
vn 0.5408 -0.7978 0.2666
vn 0.5821 -0.7572 0.2962
vn 0.7958 0.1597 0.5841
vn 0.7948 0.1876 0.5771
vn 0.7947 0.1875 0.5773
vn 0.6540 -0.7382 0.1653
vn 0.7249 -0.6845 0.0776
vn 0.8172 -0.5432 0.1928
vn 0.7687 -0.6128 0.1832
vn 0.8027 -0.5922 0.0707
vn 0.8635 -0.5039 -0.0228
vn 0.8269 -0.5622 0.0133
vn 0.8432 -0.5374 0.0116
vn 0.8376 -0.5396 -0.0857
vn 0.8077 -0.5859 -0.0662
vn 0.8303 -0.5564 -0.0332
vn 0.7317 -0.3998 0.5520
vn 0.7987 0.0762 0.5969
vn 0.7996 0.1155 0.5893
vn 0.8654 -0.4889 0.1101
vn 0.9718 -0.0771 0.2229
vn 0.9070 0.0954 0.4101
vn 0.8630 0.1341 0.4871
vn 0.8178 0.1698 0.5498
vn 0.8846 -0.4648 0.0374
vn 0.9681 -0.2357 0.0846
vn 0.9645 -0.0945 0.2464
vn 0.9033 0.0124 0.4288
vn 0.8362 0.1139 0.5364
vn 0.8827 -0.4695 0.0184
vn 0.9455 -0.3190 0.0658
vn 0.9322 -0.2899 0.2169
vn 0.9178 -0.1084 0.3819
vn 0.8864 0.0494 0.4602
vn 0.8896 -0.4567 0.0079
vn 0.9208 -0.3898 0.0108
vn 0.9177 -0.3959 0.0317
vn 0.8883 -0.4590 -0.0152
vn 0.9288 -0.3692 -0.0321
vn 0.9219 -0.3791 -0.0803
vn 0.9032 -0.3445 0.2559
vn 0.9244 -0.1358 0.3565
vn 0.9420 0.0304 0.3343
vn 0.9173 -0.3974 0.0235
vn 0.9885 -0.1453 0.0427
vn 0.9979 0.0594 0.0260
vn 0.9331 -0.3419 -0.1111
vn 0.9737 -0.0828 -0.2121
vn 0.9876 0.0061 -0.1568
vn 0.0659 -0.0035 0.9978
vn -0.1143 0.0414 0.9926
vn -0.2437 0.1591 0.9567
vn -0.2752 0.1683 0.9465
vn -0.3152 0.4030 0.8592
vn 0.2370 -0.1456 0.9605
vn 0.1455 -0.1124 0.9830
vn -0.0076 0.0086 0.9999
vn -0.1454 0.1569 0.9769
vn -0.1586 0.4493 0.8792
vn 0.2918 -0.1780 0.9398
vn 0.2668 -0.1602 0.9503
vn 0.2409 -0.1401 0.9604
vn 0.1369 0.0587 0.9888
vn 0.0660 0.4804 0.8746
vn 0.4448 -0.1207 0.8875
vn 0.5368 -0.0000 0.8437
vn 0.5085 0.4055 0.7596
vn -0.3150 0.2808 0.9066
vn -0.2692 0.5651 0.7799
vn -0.2033 0.7324 0.6499
vn -0.2072 0.7129 0.6700
vn -0.1826 0.7954 0.5780
vn -0.1633 0.8018 0.5749
vn -0.1073 0.8134 0.5718
vn -0.1003 0.8050 0.5848
vn -0.0794 0.7952 0.6011
vn -0.1642 0.8168 0.5530
vn 0.3030 -0.1871 0.9344
vn -0.1434 0.6709 0.7276
vn -0.0745 0.7761 0.6262
vn -0.0652 0.7935 0.6050
vn -0.0182 0.8652 0.5011
vn -0.1553 0.8182 0.5536
vn -0.0000 0.8765 0.4814
vn 0.1892 0.8437 0.5024
vn 0.1305 0.8193 0.5584
vn 0.3882 0.8122 0.4355
vn 0.3185 0.8185 0.4781
vn 0.4879 0.7924 0.3661
vn 0.4910 0.7947 0.3569
vn 0.3034 -0.1868 0.9344
vn 0.3150 -0.1855 0.9308
vn 0.3750 -0.1622 0.9127
vn 0.1803 0.7480 0.6388
vn 0.2005 0.8184 0.5386
vn 0.3058 0.8026 0.5121
vn 0.1962 0.8601 0.4709
vn 0.4865 0.7930 0.3667
vn 0.3531 0.8582 0.3726
vn 0.4909 0.7947 0.3569
vn 0.4489 0.8139 0.3688
vn 0.4885 0.7955 0.3586
vn 0.4756 0.8009 0.3637
vn 0.4911 0.7947 0.3568
vn 0.4918 0.7958 0.3533
vn 0.3449 -0.1524 0.9262
vn 0.4412 -0.1042 0.8914
vn 0.5840 -0.0531 0.8100
vn 0.7259 0.1918 0.6605
vn 0.5997 0.6017 0.5276
vn 0.4319 0.7831 0.4475
vn 0.7281 0.3814 0.5695
vn 0.6247 0.6235 0.4701
vn 0.5038 0.7643 0.4025
vn 0.5733 0.7046 0.4182
vn 0.4934 0.7923 0.3590
vn 0.4913 0.7950 0.3558
vn 0.5517 0.8066 0.2121
vn 0.4595 -0.0416 0.8872
vn 0.5973 0.0112 0.8019
vn 0.6932 0.1048 0.7131
vn 0.7694 0.1793 0.6131
vn 0.6200 0.0701 0.7814
vn 0.7446 0.1307 0.6546
vn 0.7913 0.1801 0.5843
vn 0.7960 0.2560 0.5484
vn 0.7161 0.5013 0.4858
vn 0.7946 0.1876 0.5774
vn 0.7733 0.2817 0.5680
vn 0.6535 0.5805 0.4857
vn 0.5372 0.7493 0.3873
vn 0.5870 0.6879 0.4268
vn 0.5020 0.7831 0.3670
vn 0.4915 0.7948 0.3560
vn 0.4914 0.7958 0.3538
vn 0.5193 0.8359 0.1777
vn 0.5186 0.8359 0.1798
vn 0.7617 0.1471 0.6311
vn 0.7868 0.1853 0.5887
vn 0.7924 0.1848 0.5814
vn 0.7924 0.1860 0.5810
vn 0.7853 0.2402 0.5706
vn 0.7091 0.4590 0.5353
vn 0.7756 0.2654 0.5727
vn 0.6683 0.5632 0.4860
vn 0.5525 0.7333 0.3962
vn 0.6019 0.6634 0.4446
vn 0.5161 0.7720 0.3710
vn 0.5689 0.7147 0.4069
vn 0.4913 0.7944 0.3570
vn 0.4912 0.7951 0.3559
vn 0.4922 0.7959 0.3526
vn 0.4890 0.8472 0.2077
vn 0.7985 0.2266 0.5577
vn 0.7584 0.3998 0.5147
vn 0.7718 0.2516 0.5840
vn 0.7069 0.5062 0.4940
vn 0.7562 0.3484 0.5539
vn 0.6334 0.6156 0.4689
vn 0.5308 0.7551 0.3848
vn 0.5762 0.7008 0.4207
vn 0.4956 0.7905 0.3597
vn 0.5389 0.8136 0.2184
vn 0.5439 0.8308 0.1180
vn 0.8014 0.1814 0.5700
vn 0.8060 0.1753 0.5653
vn 0.7975 0.1832 0.5748
vn 0.8512 0.1420 0.5053
vn 0.8084 0.1595 0.5666
vn 0.7942 0.2417 0.5576
vn 0.7143 0.4843 0.5053
vn 0.8177 0.1721 0.5493
vn 0.7744 0.2757 0.5695
vn 0.6582 0.5752 0.4858
vn 0.5413 0.7459 0.3880
vn 0.6067 0.6725 0.4239
vn 0.4875 0.8435 0.2253
vn -0.0242 0.8649 0.5014
vn -0.0205 0.8846 0.4660
vn 0.1677 0.8413 0.5138
vn 0.0954 0.8490 0.5198
vn 0.3769 0.8198 0.4311
vn 0.2123 0.9464 0.2433
vn 0.1926 0.8615 0.4698
vn 0.3529 0.8610 0.3663
vn 0.4466 0.8159 0.3671
vn 0.5321 0.8170 0.2221
vn 0.5131 0.8493 0.1245
vn 0.4908 0.7956 0.3551
vn 0.4727 0.8569 0.2054
vn 0.5333 0.8383 0.1135
vn 0.9410 0.0981 0.3237
vn 0.9031 0.0962 0.4185
vn 0.8626 0.1428 0.4853
vn 0.9976 0.0384 0.0571
vn 0.9816 -0.0094 0.1910
vn 0.9269 0.0644 0.3698
vn 0.8647 0.1688 0.4731
vn 0.7594 0.4276 0.4903
vn 0.9956 -0.0924 -0.0178
vn 0.9865 -0.1445 0.0769
vn 0.9827 -0.0903 0.1615
vn 0.9701 0.1289 0.2057
vn 0.8548 0.4632 0.2342
vn 0.6624 0.7376 0.1306
vn 0.1917 -0.9640 -0.1841
vn 0.1102 -0.8467 -0.5206
vn 0.1042 -0.8034 -0.5863
vn 0.1459 -0.8170 -0.5578
vn 0.4951 -0.8651 -0.0810
vn 0.5250 -0.8454 -0.0985
vn 0.3781 -0.8419 -0.3850
vn 0.3620 -0.8265 -0.4312
vn 0.2242 -0.8143 -0.5354
vn 0.5464 -0.8341 -0.0750
vn 0.4482 -0.8440 -0.2945
vn 0.2963 -0.8577 -0.4201
vn 0.1879 -0.7969 -0.5742
vn 0.1905 -0.7962 -0.5742
vn 0.1948 -0.7925 -0.5779
vn 0.1887 -0.7934 -0.5787
vn 0.1905 -0.7904 -0.5822
vn 0.1875 -0.7932 -0.5794
vn 0.1876 -0.7947 -0.5774
vn 0.2024 -0.7791 -0.5933
vn 0.2344 -0.6968 -0.6779
vn 0.2386 -0.5136 -0.8242
vn 0.2882 -0.2754 -0.9171
vn 0.3019 -0.1864 -0.9349
vn 0.1967 -0.7949 -0.5740
vn 0.1909 -0.7946 -0.5764
vn 0.1907 -0.7942 -0.5770
vn 0.1894 -0.7935 -0.5783
vn 0.1877 -0.7944 -0.5776
vn 0.1883 -0.7936 -0.5785
vn 0.1910 -0.7552 -0.6271
vn 0.2379 -0.6606 -0.7120
vn 0.2558 -0.4713 -0.8441
vn 0.2921 -0.2277 -0.9289
vn 0.5025 -0.8571 -0.1139
vn 0.4978 -0.8359 -0.2313
vn 0.3205 -0.8213 -0.4720
vn 0.2127 -0.8095 -0.5473
vn 0.1882 -0.7946 -0.5772
vn 0.1879 -0.7945 -0.5775
vn 0.1880 -0.7942 -0.5778
vn 0.2068 -0.7143 -0.6685
vn 0.2050 -0.7323 -0.6494
vn 0.2704 -0.5678 -0.7775
vn 0.3146 -0.2826 -0.9062
vn 0.3206 -0.4143 -0.8518
vn 0.3030 -0.1968 -0.9324
vn 0.4463 -0.8657 -0.2266
vn 0.5251 -0.8310 -0.1835
vn 0.4963 -0.8518 -0.1678
vn 0.4032 -0.8537 -0.3297
vn 0.4609 -0.8443 -0.2733
vn 0.2604 -0.8568 -0.4451
vn 0.2868 -0.8245 -0.4878
vn 0.2013 -0.7808 -0.5915
vn 0.2316 -0.6987 -0.6769
vn 0.2371 -0.5162 -0.8230
vn 0.2879 -0.2787 -0.9162
vn 0.3854 -0.8599 -0.3348
vn 0.4838 -0.8130 -0.3240
vn 0.4618 -0.8581 -0.2244
vn 0.4887 -0.8452 -0.2165
vn 0.4898 -0.8442 -0.2179
vn 0.3464 -0.8722 -0.3453
vn 0.3562 -0.8454 -0.3980
vn 0.2239 -0.8147 -0.5349
vn 0.2125 -0.8001 -0.5610
vn 0.1908 -0.7584 -0.6233
vn 0.2364 -0.6643 -0.7091
vn 0.2536 -0.4753 -0.8425
vn 0.2919 -0.2320 -0.9279
vn 0.3235 -0.1700 -0.9308
vn 0.3691 -0.1680 -0.9141
vn 0.4706 -0.1505 -0.8694
vn 0.3087 -0.1856 -0.9329
vn 0.3240 -0.1737 -0.9300
vn 0.5832 -0.7502 -0.3115
vn 0.7010 -0.6706 -0.2426
vn 0.7444 -0.6539 -0.1354
vn 0.6004 -0.7755 -0.1953
vn 0.6610 -0.7415 -0.1152
vn 0.5679 -0.8093 -0.1500
vn 0.5974 -0.7919 -0.1269
vn 0.5093 -0.8376 -0.1976
vn 0.5203 -0.8286 -0.2066
vn 0.3177 -0.8444 -0.4313
vn 0.3526 -0.7544 -0.5537
vn 0.2201 -0.7463 -0.6281
vn 0.2885 -0.5686 -0.7704
vn 0.3780 -0.2726 -0.8847
vn 0.4808 -0.1335 -0.8666
vn 0.7110 0.1521 -0.6866
vn 0.7675 0.1765 -0.6163
vn 0.3202 -0.4194 -0.8494
vn 0.3048 -0.1970 -0.9318
vn 0.3275 -0.1172 -0.9376
vn 0.4602 -0.0113 -0.8877
vn 0.6338 0.0222 -0.7732
vn 0.7728 -0.6302 -0.0749
vn 0.8065 -0.5906 -0.0269
vn 0.7253 -0.6858 -0.0602
vn 0.7798 -0.6257 -0.0211
vn 0.6742 -0.7361 -0.0600
vn 0.7462 -0.6655 -0.0181
vn 0.6178 -0.7804 -0.0962
vn 0.7143 -0.6974 -0.0577
vn 0.5281 -0.8108 -0.2522
vn 0.5822 -0.7573 -0.2959
vn 0.7958 0.1597 -0.5841
vn 0.7948 0.1876 -0.5771
vn 0.7947 0.1875 -0.5773
vn 0.3905 -0.5488 -0.7391
vn 0.5429 -0.1049 -0.8332
vn 0.7191 0.0510 -0.6930
vn 0.7930 0.1534 -0.5895
vn 0.7938 0.1873 -0.5786
vn 0.5696 -0.0212 -0.8217
vn 0.6552 0.0388 -0.7545
vn 0.8905 -0.4546 -0.0159
vn 0.9480 -0.3139 -0.0517
vn 0.9512 -0.2656 -0.1573
vn 0.9781 -0.1192 -0.1706
vn 0.9864 -0.1328 -0.0963
vn 0.8921 -0.4517 -0.0020
vn 0.9646 -0.2636 -0.0116
vn 0.9775 -0.2039 -0.0545
vn 0.9844 -0.1685 -0.0515
vn 0.9840 -0.1728 -0.0440
vn 0.8867 -0.4624 -0.0032
vn 0.9682 -0.2500 -0.0055
vn 0.9843 -0.1715 -0.0427
vn 0.9832 -0.1302 -0.1275
vn 0.9670 -0.0899 -0.2385
vn 0.8871 -0.4608 -0.0267
vn 0.9700 -0.2357 -0.0599
vn 0.9844 -0.0624 -0.1643
vn 0.9517 0.0152 -0.3066
vn 0.8852 0.0776 -0.4586
vn 0.8653 -0.4890 -0.1099
vn 0.9718 -0.0770 -0.2228
vn 0.9071 0.0954 -0.4100
vn 0.8630 0.1341 -0.4870
vn 0.8178 0.1698 -0.5498
vn 0.7317 -0.3998 -0.5520
vn 0.7987 0.0762 -0.5969
vn 0.7996 0.1155 -0.5893
vn 0.2871 -0.1734 -0.9421
vn 0.2538 -0.1546 -0.9548
vn 0.2147 -0.1447 -0.9659
vn 0.2798 -0.1656 -0.9456
vn 0.9459 -0.2295 -0.2293
vn 0.9699 -0.0336 -0.2414
vn 0.9890 -0.1113 -0.0977
vn 0.9832 -0.1784 -0.0375
vn 0.9763 -0.1311 -0.1719
vn -0.1642 0.8168 -0.5530
vn -0.0794 0.7952 -0.6011
vn -0.1073 0.8134 -0.5718
vn -0.1003 0.8050 -0.5848
vn -0.1826 0.7954 -0.5780
vn -0.1633 0.8018 -0.5749
vn -0.2072 0.7129 -0.6700
vn -0.3150 0.2808 -0.9066
vn -0.2692 0.5651 -0.7799
vn -0.2033 0.7323 -0.6499
vn 0.4910 0.7947 -0.3569
vn 0.4879 0.7924 -0.3661
vn 0.3882 0.8122 -0.4355
vn 0.3185 0.8185 -0.4781
vn 0.1892 0.8437 -0.5024
vn 0.1305 0.8193 -0.5584
vn -0.1553 0.8182 -0.5536
vn -0.0000 0.8765 -0.4814
vn -0.0652 0.7935 -0.6050
vn -0.0182 0.8652 -0.5011
vn -0.1434 0.6709 -0.7276
vn -0.0745 0.7761 -0.6262
vn 0.4918 0.7958 -0.3533
vn 0.4911 0.7947 -0.3568
vn 0.4885 0.7955 -0.3586
vn 0.4756 0.8009 -0.3637
vn 0.4909 0.7947 -0.3569
vn 0.4489 0.8139 -0.3688
vn 0.4865 0.7930 -0.3667
vn 0.3531 0.8582 -0.3726
vn 0.3058 0.8026 -0.5121
vn 0.1962 0.8601 -0.4709
vn 0.3150 -0.1855 -0.9308
vn 0.3750 -0.1622 -0.9127
vn 0.1803 0.7480 -0.6388
vn 0.2005 0.8184 -0.5386
vn 0.5517 0.8066 -0.2121
vn 0.4913 0.7950 -0.3558
vn 0.5733 0.7046 -0.4182
vn 0.4934 0.7923 -0.3590
vn 0.7281 0.3814 -0.5695
vn 0.6247 0.6235 -0.4701
vn 0.5038 0.7643 -0.4025
vn 0.3451 -0.1543 -0.9258
vn 0.4412 -0.1042 -0.8914
vn 0.5840 -0.0531 -0.8100
vn 0.7259 0.1918 -0.6605
vn 0.5997 0.6017 -0.5276
vn 0.4319 0.7831 -0.4475
vn 0.5193 0.8359 -0.1777
vn 0.5186 0.8359 -0.1798
vn 0.4915 0.7948 -0.3560
vn 0.4914 0.7958 -0.3538
vn 0.5870 0.6879 -0.4268
vn 0.5020 0.7831 -0.3670
vn 0.7946 0.1876 -0.5774
vn 0.7733 0.2817 -0.5680
vn 0.6535 0.5805 -0.4857
vn 0.5372 0.7493 -0.3873
vn 0.6197 0.0688 -0.7818
vn 0.7446 0.1307 -0.6546
vn 0.7913 0.1801 -0.5843
vn 0.7960 0.2560 -0.5484
vn 0.7161 0.5013 -0.4858
vn 0.4593 -0.0436 -0.8872
vn 0.5973 0.0112 -0.8019
vn 0.6932 0.1048 -0.7131
vn 0.7694 0.1793 -0.6132
vn 0.4922 0.7959 -0.3526
vn 0.4890 0.8472 -0.2077
vn 0.4912 0.7951 -0.3559
vn 0.5689 0.7147 -0.4069
vn 0.4913 0.7944 -0.3570
vn 0.6019 0.6634 -0.4446
vn 0.5161 0.7720 -0.3710
vn 0.7756 0.2654 -0.5727
vn 0.6683 0.5632 -0.4860
vn 0.5525 0.7333 -0.3962
vn 0.7924 0.1860 -0.5810
vn 0.7853 0.2402 -0.5706
vn 0.7091 0.4590 -0.5353
vn 0.7616 0.1471 -0.6311
vn 0.7868 0.1853 -0.5887
vn 0.7924 0.1848 -0.5814
vn 0.5389 0.8136 -0.2184
vn 0.5439 0.8308 -0.1180
vn 0.5762 0.7008 -0.4207
vn 0.4956 0.7905 -0.3597
vn 0.7562 0.3484 -0.5539
vn 0.6334 0.6156 -0.4689
vn 0.5308 0.7551 -0.3848
vn 0.7718 0.2516 -0.5840
vn 0.7069 0.5062 -0.4940
vn 0.7985 0.2266 -0.5577
vn 0.7584 0.3998 -0.5148
vn 0.6067 0.6725 -0.4239
vn 0.4875 0.8435 -0.2253
vn 0.8177 0.1721 -0.5493
vn 0.7744 0.2757 -0.5695
vn 0.6582 0.5752 -0.4858
vn 0.5413 0.7459 -0.3880
vn 0.8864 0.0786 -0.4562
vn 0.8120 0.1441 -0.5656
vn 0.7942 0.2417 -0.5576
vn 0.7143 0.4843 -0.5053
vn 0.8121 0.1755 -0.5565
vn 0.8001 0.1794 -0.5724
vn 0.8014 0.1814 -0.5700
vn 0.3769 0.8198 -0.4311
vn 0.2123 0.9464 -0.2433
vn 0.1677 0.8413 -0.5138
vn 0.0954 0.8490 -0.5198
vn -0.0205 0.8846 -0.4660
vn -0.0242 0.8649 -0.5014
vn 0.5321 0.8170 -0.2221
vn 0.5131 0.8493 -0.1245
vn 0.4466 0.8159 -0.3671
vn 0.3529 0.8610 -0.3663
vn 0.1926 0.8615 -0.4698
vn 0.4727 0.8569 -0.2054
vn 0.4908 0.7956 -0.3551
vn 0.5333 0.8383 -0.1135
vn 0.0659 -0.0035 -0.9978
vn -0.1143 0.0414 -0.9926
vn -0.2437 0.1591 -0.9567
vn -0.2752 0.1683 -0.9465
vn -0.3152 0.4030 -0.8592
vn 0.2370 -0.1456 -0.9605
vn 0.1455 -0.1124 -0.9830
vn -0.0076 0.0086 -0.9999
vn -0.1454 0.1569 -0.9769
vn -0.1586 0.4493 -0.8792
vn 0.2918 -0.1780 -0.9398
vn 0.2668 -0.1602 -0.9503
vn 0.2409 -0.1401 -0.9604
vn 0.1369 0.0586 -0.9889
vn 0.0660 0.4804 -0.8746
vn 0.4448 -0.1207 -0.8875
vn 0.5368 -0.0000 -0.8437
vn 0.5085 0.4055 -0.7596
vn 0.9871 -0.1583 -0.0242
vn 0.9859 -0.1480 -0.0782
vn 0.9827 -0.0904 -0.1615
vn 0.9701 0.1289 -0.2057
vn 0.8548 0.4632 -0.2342
vn 0.6624 0.7376 -0.1306
vn 0.9913 -0.1089 -0.0736
vn 0.9807 -0.0239 -0.1939
vn 0.9269 0.0643 -0.3698
vn 0.8647 0.1688 -0.4732
vn 0.7594 0.4276 -0.4903
vn 0.9524 -0.0270 -0.3037
vn 0.9039 0.0758 -0.4210
vn 0.8626 0.1428 -0.4852
s 1
f 7//7 1//1 2//2
f 8//8 2//2 3//3
f 11//11 4//4 5//5
f 12//12 5//5 6//6
f 13//13 6//6 7//7
f 14//14 7//7 8//8
f 19//19 15//15 18//18
f 17//17 19//19 20//20
f 19//19 23//23 24//24
f 25//25 19//19 24//24
f 21//21 25//25 26//26
f 22//22 26//26 27//27
f 24//24 28//28 29//29
f 25//25 29//29 30//30
f 31//31 25//25 30//30
f 27//27 31//31 32//32
f 40//40 34//34 35//35
f 37//37 41//41 36//36
f 44//44 37//37 38//38
f 46//46 43//43 44//44
f 46//46 39//39 45//45
f 46//46 38//38 40//40
f 54//48 48//48 49//48
f 55//53 49//48 50//49
f 55//53 1//1 54//48
f 56//54 50//49 51//50
f 3//3 55//53 56//54
f 59//57 52//51 53//52
f 59//57 4//4 58//56
f 60//58 53//52 54//48
f 60//58 5//5 59//57
f 60//58 1//1 6//6
f 62//60 57//55 58//56
f 62//60 9//9 61//59
f 62//60 4//4 10//10
f 69//48 63//48 64//48
f 70//63 66//62 71//64
f 72//48 66//62 67//48
f 72//48 48//48 71//64
f 73//48 67//48 68//48
f 50//49 72//48 73//48
f 74//48 68//48 69//48
f 74//48 50//49 73//48
f 74//48 47//47 51//50
f 77//67 70//63 71//64
f 77//67 52//51 76//66
f 77//67 48//48 53//52
f 79//69 75//65 76//66
f 79//69 57//55 78//68
f 79//69 52//51 58//56
f 81//71 57//55 61//59
f 88//48 82//72 83//73
f 89//77 83//73 84//74
f 89//77 63//48 88//48
f 92//80 85//75 86//76
f 92//80 65//61 91//79
f 93//48 86//76 87//48
f 67//48 92//80 93//48
f 94//48 87//48 88//48
f 94//48 67//48 93//48
f 94//48 63//48 68//48
f 96//82 90//78 91//79
f 96//82 65//61 70//63
f 99//85 95//81 96//82
f 99//85 75//65 98//84
f 99//85 70//63 76//66
f 101//83 97//83 98//84
f 101//83 75//65 78//68
f 103//88 100//86 101//83
f 103//88 80//70 102//87
f 103//88 78//68 81//71
f 110//95 104//89 105//90
f 111//96 105//90 106//91
f 111//96 82//72 110//95
f 111//96 107//92 112//97
f 84//74 111//96 112//97
f 115//100 108//93 109//94
f 115//100 85//75 114//99
f 116//48 109//94 110//95
f 116//48 86//76 115//100
f 116//48 82//72 87//48
f 118//102 113//98 114//99
f 118//102 90//78 117//101
f 118//102 85//75 91//79
f 120//83 90//78 95//81
f 122//83 119//103 120//83
f 122//83 97//83 121//83
f 122//83 95//81 98//84
f 124//105 97//83 100//86
f 126//107 123//104 124//105
f 126//107 100//86 102//87
f 129//110 15//15 16//16
f 130//111 16//16 17//17
f 105//90 129//110 130//111
f 131//112 105//90 130//111
f 132//113 106//91 131//112
f 134//115 127//108 128//109
f 135//116 128//109 129//110
f 135//116 108//93 134//115
f 135//116 104//89 109//94
f 137//118 133//114 134//115
f 137//118 113//98 136//117
f 137//118 108//93 114//99
f 139//120 113//98 117//101
f 141//122 138//119 139//120
f 141//122 119//103 140//121
f 141//122 117//101 120//83
f 143//123 119//103 121//83
f 145//83 142//83 143//123
f 145//83 123//104 144//124
f 145//83 121//83 124//105
f 146//125 123//104 125//106
f 148//127 127//108 147//126
f 148//127 15//15 128//109
f 149//128 17//17 20//20
f 149//128 21//21 150//129
f 131//112 149//128 150//129
f 150//129 22//22 151//130
f 132//113 150//129 151//130
f 133//114 147//126 127//108
f 155//134 152//131 153//132
f 155//134 133//114 136//117
f 157//136 154//133 155//134
f 157//136 138//119 156//135
f 157//136 136//117 139//120
f 159//138 138//119 140//121
f 161//139 158//137 159//138
f 161//139 142//83 160//83
f 161//139 140//121 143//123
f 162//83 142//83 144//124
f 163//140 34//34 162//83
f 163//140 33//33 35//35
f 163//140 144//124 146//125
f 148//127 164//141 165//142
f 165//142 18//18 148//127
f 166//130 22//22 27//27
f 168//144 152//131 167//143
f 153//132 164//141 147//126
f 154//133 167//143 152//131
f 170//146 167//143 169//145
f 172//148 154//133 156//135
f 174//150 171//147 172//148
f 174//150 158//137 173//149
f 174//150 156//135 159//138
f 175//151 36//36 173//149
f 175//151 158//137 160//83
f 176//152 37//37 175//151
f 176//152 34//34 38//38
f 176//152 160//83 162//83
f 165//142 177//153 178//154
f 165//142 28//28 23//23
f 179//155 28//28 178//154
f 180//156 29//29 179//155
f 168//144 177//153 164//141
f 182//158 177//153 181//157
f 170//146 183//159 184//160
f 170//146 181//157 168//144
f 186//162 171//147 185//161
f 186//162 169//145 172//148
f 187//163 36//36 41//41
f 187//163 171//147 173//149
f 188//164 41//41 42//42
f 8//8 189//165 190//166
f 191//167 8//8 190//166
f 192//168 32//32 193//169
f 202//178 196//172 197//173
f 202//178 198//174 203//179
f 204//180 47//47 199//175
f 205//181 199//175 200//176
f 206//182 200//176 201//177
f 206//182 202//178 207//183
f 208//184 202//178 203//179
f 56//54 204//180 209//185
f 189//165 56//54 209//185
f 210//186 204//180 205//181
f 211//187 205//181 206//182
f 212//188 206//182 207//183
f 212//188 208//184 213//189
f 214//190 189//165 209//185
f 214//190 210//186 215//191
f 216//192 210//186 211//187
f 216//192 212//188 217//193
f 217//193 213//189 218//189
f 219//194 190//166 214//190
f 220//194 214//190 215//191
f 220//194 216//192 221//194
f 221//194 217//193 222//193
f 222//193 218//189 223//189
f 227//198 225//196 228//199
f 229//200 196//172 228//199
f 198//174 229//200 230//201
f 231//202 64//48 226//197
f 231//202 47//47 69//48
f 232//203 226//197 227//198
f 200//176 231//202 232//203
f 233//204 227//198 228//199
f 233//204 200//176 232//203
f 233//204 196//172 201//177
f 234//205 198//174 230//201
f 236//207 203//179 234//205
f 236//207 235//206 237//208
f 213//189 236//207 238//209
f 238//209 237//208 239//210
f 218//189 238//209 240//209
f 240//209 239//210 241//210
f 223//189 240//209 242//209
f 242//209 241//210 243//210
f 246//213 224//195 245//212
f 249//216 84//74 244//211
f 226//197 89//77 249//216
f 250//217 244//211 245//212
f 250//217 226//197 249//216
f 250//217 224//195 227//198
f 251//218 225//196 246//213
f 251//218 247//214 252//219
f 229//200 251//218 252//219
f 252//219 248//215 253//220
f 230//201 252//219 253//220
f 255//222 230//201 253//220
f 255//222 254//221 256//223
f 235//206 255//222 256//223
f 257//224 235//206 256//223
f 259//226 237//208 257//224
f 259//226 258//225 260//227
f 241//210 259//226 261//228
f 261//228 260//227 262//229
f 243//210 261//228 263//228
f 263//228 262//229 264//228
f 267//232 107//92 265//230
f 244//211 112//97 267//232
f 267//232 266//231 268//233
f 268//233 244//211 267//232
f 269//234 245//212 268//233
f 247//214 269//234 270//235
f 248//215 270//235 271//236
f 272//237 248//215 271//236
f 254//221 272//237 273//238
f 274//239 254//221 273//238
f 276//241 256//223 274//239
f 276//241 275//240 277//242
f 258//225 276//241 277//242
f 278//243 258//225 277//242
f 262//229 278//243 279//244
f 264//228 279//244 280//228
f 265//230 132//113 281//130
f 266//231 281//130 282//130
f 284//130 266//231 282//130
f 284//130 283//130 285//130
f 269//234 284//130 285//130
f 286//245 269//234 285//130
f 271//236 286//245 287//246
f 272//237 287//246 288//247
f 289//248 272//237 288//247
f 290//249 273//238 289//248
f 275//240 290//249 291//249
f 292//250 275//240 291//249
f 278//243 292//250 294//252
f 294//252 293//251 295//253
f 296//254 278//243 294//252
f 297//255 294//252 295//253
f 280//228 296//254 298//228
f 298//228 297//255 299//228
f 300//130 132//113 151//130
f 301//130 281//130 300//130
f 283//130 301//130 302//130
f 305//130 283//130 302//130
f 305//130 303//256 306//258
f 286//245 305//130 306//258
f 306//258 304//257 307//259
f 287//246 306//258 307//259
f 309//261 287//246 307//259
f 309//261 308//260 310//262
f 289//248 309//261 310//262
f 311//249 289//248 310//262
f 312//249 290//249 311//249
f 313//249 291//249 312//249
f 293//251 313//249 314//263
f 295//253 314//263 315//264
f 316//265 295//253 315//264
f 317//266 297//255 316//265
f 166//130 192//168 318//130
f 300//130 166//130 318//130
f 319//130 300//130 318//130
f 320//130 301//130 319//130
f 303//256 320//130 321//267
f 304//257 321//267 322//268
f 323//269 304//257 322//268
f 308//260 323//269 324//270
f 325//249 308//260 324//270
f 327//249 310//262 325//249
f 327//249 326//249 328//249
f 312//249 327//249 328//249
f 329//249 312//249 328//249
f 330//249 313//249 329//249
f 331//271 314//263 330//249
f 332//272 192//168 193//169
f 332//272 194//170 333//130
f 319//130 332//272 333//130
f 333//130 195//171 334//130
f 320//130 333//130 334//130
f 335//273 320//130 334//130
f 322//268 335//273 336//274
f 323//269 336//274 337//275
f 338//276 323//269 337//275
f 339//249 324//270 338//276
f 326//249 339//249 340//249
f 341//249 326//249 340//249
f 343//249 328//249 341//249
f 343//249 342//277 344//278
f 330//249 343//249 344//278
f 345//279 330//249 344//278
f 316//265 346//280 347//281
f 348//282 316//265 347//281
f 346//280 331//271 349//283
f 347//281 349//283 350//284
f 352//286 347//281 350//284
f 352//286 351//285 353//287
f 354//288 331//271 345//279
f 355//289 349//283 354//288
f 351//285 355//289 356//290
f 357//291 351//285 356//290
f 358//292 10//10 359//293
f 359//293 11//11 360//294
f 360//294 12//12 361//295
f 361//295 13//13 362//296
f 362//296 14//14 363//297
f 364//298 360//294 365//299
f 365//299 361//295 366//300
f 366//300 362//296 367//301
f 367//301 363//297 368//302
f 369//303 367//301 370//304
f 370//304 368//302 371//305
f 372//306 35//35 33//33
f 375//309 40//40 376//310
f 376//310 35//35 373//307
f 374//308 376//310 373//307
f 375//309 45//45 39//39
f 381//315 375//309 376//310
f 382//316 381//315 383//317
f 377//311 381//315 376//310
f 378//312 383//317 377//311
f 385//319 378//312 379//313
f 358//292 61//59 9//9
f 387//321 358//292 359//293
f 388//322 387//321 389//323
f 364//298 387//321 359//293
f 390//324 364//298 365//299
f 391//325 365//299 366//300
f 392//326 390//324 393//327
f 393//327 391//325 394//328
f 369//303 391//325 366//300
f 395//329 369//303 370//304
f 371//305 395//329 370//304
f 397//328 394//328 398//328
f 398//328 395//329 399//331
f 399//331 396//330 400//332
f 402//334 81//71 403//335
f 403//335 61//59 386//320
f 388//322 403//335 386//320
f 405//337 388//322 389//323
f 406//338 405//337 407//339
f 392//326 405//337 389//323
f 408//340 392//326 393//327
f 409//341 408//340 410//342
f 397//328 408//340 393//327
f 411//328 397//328 398//328
f 399//331 411//328 398//328
f 413//328 399//331 400//332
f 415//344 409//341 410//342
f 415//344 411//328 416//328
f 416//328 412//328 417//328
f 417//328 413//328 418//328
f 401//333 413//328 400//332
f 419//328 418//328 420//328
f 402//334 102//87 80//70
f 422//346 402//334 403//335
f 423//347 422//346 424//348
f 404//336 422//346 403//335
f 425//348 424//348 426//349
f 406//338 424//348 404//336
f 427//350 406//338 407//339
f 428//351 427//350 429//352
f 409//341 427//350 407//339
f 430//353 429//352 431//354
f 414//343 429//352 409//341
f 432//355 414//343 415//344
f 416//328 432//355 415//344
f 434//328 416//328 417//328
f 435//356 432//355 436//357
f 436//357 433//328 437//328
f 437//328 434//328 438//328
f 419//328 434//328 417//328
f 439//358 419//328 420//328
f 440//359 438//328 441//360
f 441//360 439//358 442//361
f 444//363 125//106 126//107
f 421//345 126//107 102//87
f 445//364 444//363 446//365
f 423//347 444//363 421//345
f 425//348 446//365 423//347
f 448//348 425//348 426//349
f 449//348 448//348 450//348
f 428//351 448//348 426//349
f 430//353 450//348 428//351
f 452//367 430//353 431//354
f 453//368 452//367 454//369
f 435//356 452//367 431//354
f 455//370 435//356 436//357
f 456//328 436//357 437//328
f 457//371 455//370 458//372
f 458//372 456//328 459//373
f 440//359 456//328 437//328
f 460//374 440//359 441//360
f 442//361 460//374 441//360
f 462//376 459//373 463//377
f 463//377 460//374 464//378
f 465//379 460//374 461//375
f 372//306 146//125 466//380
f 466//380 125//106 443//362
f 445//364 466//380 443//362
f 468//348 445//364 446//365
f 469//348 468//348 470//348
f 447//348 468//348 446//365
f 449//348 470//348 447//348
f 472//348 449//348 450//348
f 473//348 472//348 474//348
f 451//366 472//348 450//348
f 453//368 474//348 451//366
f 476//383 453//368 454//369
f 477//384 476//383 478//385
f 457//371 476//383 454//369
f 479//386 457//371 458//372
f 480//387 478//385 481//388
f 481//388 479//386 482//389
f 462//376 479//386 458//372
f 463//377 482//389 462//376
f 484//391 463//377 464//378
f 485//392 464//378 465//379
f 486//393 372//306 466//380
f 374//308 486//393 487//348
f 467//381 486//393 466//380
f 469//348 487//348 467//381
f 489//348 469//348 470//348
f 490//394 489//348 491//395
f 471//348 489//348 470//348
f 473//348 491//395 471//348
f 493//397 473//348 474//348
f 494//398 493//397 495//399
f 475//382 493//397 474//348
f 496//400 495//399 497//401
f 477//384 495//399 475//382
f 498//402 477//384 480//387
f 499//403 480//387 481//388
f 484//391 500//404 483//390
f 485//392 501//405 484//391
f 503//407 374//308 487//348
f 378//312 503//407 504//408
f 488//348 503//407 487//348
f 379//313 504//408 505//409
f 490//394 504//408 488//348
f 506//410 490//394 491//395
f 507//411 506//410 508//412
f 492//396 506//410 491//395
f 494//398 508//412 492//396
f 511//415 494//398 496//400
f 511//415 510//414 509//413
f 512//416 496//400 497//401
f 513//417 497//401 498//402
f 499//403 513//417 498//402
f 385//319 516//419 384//318
f 517//420 379//313 505//409
f 507//411 517//420 505//409
f 519//422 507//411 508//412
f 509//413 519//422 508//412
f 510//414 520//423 509//413
f 522//425 510//414 512//416
f 524//427 512//416 513//417
f 524//427 523//426 522//425
f 514//418 524//427 513//417
f 528//431 482//389 529//432
f 529//432 483//390 530//433
f 528//431 499//403 481//388
f 532//435 528//431 529//432
f 530//433 532//435 529//432
f 530//433 500//404 533//436
f 534//437 500//404 501//405
f 535//438 501//405 502//406
f 531//434 514//418 499//403
f 532//435 536//439 531//434
f 538//441 532//435 533//436
f 534//437 538//441 533//436
f 535//438 539//442 534//437
f 535//438 515//406 540//443
f 541//444 514//418 536//439
f 541//444 526//429 525//428
f 537//440 541//444 536//439
f 542//445 527//430 526//429
f 538//441 542//445 537//440
f 544//447 538//441 539//442
f 540//443 544//447 539//442
f 363//297 191//167 546//449
f 368//302 546//449 547//450
f 548//451 368//302 547//450
f 546//449 219//194 549//194
f 549//194 220//194 550//194
f 550//194 221//194 551//194
f 551//194 222//193 552//193
f 552//193 223//189 553//189
f 547//450 549//194 554//452
f 554//452 550//194 555//453
f 555//453 551//194 556//454
f 556//454 552//193 557//193
f 557//193 553//189 558//189
f 548//451 396//330 371//305
f 548//451 554//452 559//455
f 560//456 554//452 555//453
f 560//456 556//454 561//457
f 561//457 557//193 562//458
f 562//458 558//189 563//189
f 564//459 396//330 559//455
f 564//459 560//456 565//460
f 565//460 561//457 566//461
f 566//461 562//458 567//462
f 567//462 563//189 568//463
f 401//333 564//459 569//464
f 569//464 565//460 570//465
f 570//465 566//461 571//466
f 572//467 566//461 567//462
f 572//467 568//463 573//468
f 574//469 572//467 575//470
f 576//471 572//467 573//468
f 553//189 242//209 577//209
f 577//209 243//210 578//210
f 558//189 577//209 579//209
f 579//209 578//210 580//210
f 563//189 579//209 581//209
f 581//209 580//210 582//210
f 568//463 581//209 583//472
f 583//472 582//210 584//473
f 585//474 401//333 569//464
f 570//465 585//474 569//464
f 587//476 570//465 571//466
f 573//468 583//472 588//477
f 589//478 583//472 584//473
f 420//328 585//474 590//479
f 590//479 586//475 591//480
f 591//480 587//476 592//481
f 574//469 587//476 571//466
f 593//482 574//469 575//470
f 576//471 593//482 575//470
f 576//471 588//477 594//483
f 596//485 591//480 592//481
f 578//210 263//228 597//228
f 597//228 264//228 598//228
f 580//210 597//228 599//228
f 599//228 598//228 600//486
f 582//210 599//228 601//487
f 601//487 600//486 602//488
f 584//473 601//487 603//489
f 604//490 601//487 602//488
f 589//478 605//491 588//477
f 589//478 603//489 606//492
f 590//479 439//358 420//328
f 608//494 590//479 591//480
f 593//482 609//495 592//481
f 594//483 610//496 593//482
f 594//483 605//491 611//497
f 612//498 605//491 606//492
f 442//361 607//493 613//499
f 613//499 608//494 614//500
f 595//484 608//494 591//480
f 615//501 595//484 596//485
f 596//485 609//495 615//501
f 616//502 609//495 610//496
f 617//503 610//496 611//497
f 598//228 280//228 618//228
f 600//486 618//228 619//504
f 620//505 600//486 619//504
f 604//490 621//506 603//489
f 604//490 620//505 622//507
f 606//492 621//506 623//508
f 624//509 621//506 622//507
f 612//498 625//510 611//497
f 612//498 623//508 626//511
f 613//499 461//375 442//361
f 628//513 613//499 614//500
f 629//514 614//500 615//501
f 616//502 629//514 615//501
f 617//503 630//515 616//502
f 617//503 625//510 631//516
f 465//379 627//512 632//517
f 633//518 627//512 628//513
f 618//228 298//228 634//228
f 634//228 299//228 635//228
f 619//504 634//228 636//519
f 636//519 635//228 637//520
f 620//505 636//519 638//521
f 638//521 637//520 639//522
f 640//523 620//505 638//521
f 641//524 638//521 639//522
f 624//509 642//525 623//508
f 624//509 640//523 643//525
f 645//527 625//510 626//511
f 626//511 642//525 645//527
f 629//514 646//406 628//513
f 648//528 629//514 630//515
f 631//516 648//528 630//515
f 649//529 625//510 644//526
f 632//517 485//392 465//379
f 633//518 650//406 632//517
f 633//518 646//406 651//406
f 652//406 646//406 647//406
f 635//228 317//266 653//530
f 637//520 653//530 654//531
f 639//522 654//531 655//532
f 641//524 656//525 640//523
f 657//533 639//522 655//532
f 659//525 642//525 643//525
f 643//525 656//525 659//525
f 645//527 660//534 644//526
f 645//527 658//525 661//535
f 648//528 662//406 647//406
f 649//529 663//536 648//528
f 649//529 660//534 664//537
f 665//538 660//534 661//535
f 666//406 485//392 650//406
f 667//406 650//406 651//406
f 652//406 667//406 651//406
f 652//406 662//406 668//406
f 669//539 662//406 663//536
f 670//540 663//536 664//537
f 673//525 656//525 657//533
f 657//533 671//541 673//525
f 659//525 674//525 658//525
f 659//525 672//525 675//525
f 661//535 674//525 676//525
f 677//525 674//525 675//525
f 665//538 678//542 664//537
f 665//538 676//525 679//543
f 666//406 515//406 502//406
f 681//406 666//406 667//406
f 682//406 667//406 668//406
f 669//539 682//406 668//406
f 670//540 683//544 669//539
f 670//540 678//542 684//545
f 673//525 686//525 672//525
f 673//525 685//546 687//547
f 675//525 686//525 688//525
f 689//548 686//525 687//547
f 677//525 690//525 676//525
f 677//525 688//525 691//525
f 693//550 678//542 679//543
f 679//543 690//525 693//550
f 681//406 694//551 680//406
f 682//406 695//406 681//406
f 697//552 682//406 683//544
f 684//545 697//552 683//544
f 698//553 678//542 692//549
f 653//530 348//282 699//554
f 654//531 699//554 700//555
f 701//556 654//531 700//555
f 699//554 352//286 702//557
f 702//557 353//287 703//558
f 700//555 702//557 704//559
f 705//560 702//557 703//558
f 701//556 671//541 655//532
f 706//561 700//555 704//559
f 703//558 357//291 707//562
f 705//560 708//563 704//559
f 705//560 707//562 709//564
f 710//565 671//541 706//561
f 706//561 708//563 710//565
f 711//566 515//406 680//406
f 711//566 545//448 540//443
f 711//566 694//551 712//567
f 713//568 694//551 695//406
f 714//569 695//406 696//406
f 31//31 715//570 716//571
f 32//32 716//571 717//572
f 721//576 43//43 720//575
f 44//44 719//574 42//42
f 722//577 43//43 45//45
f 721//576 724//579 725//580
f 721//576 723//578 719//574
f 722//577 724//579 720//575
f 727//582 724//579 726//581
f 729//584 723//578 725//580
f 727//582 729//584 725//580
f 179//155 731//586 732//587
f 180//156 732//587 733//588
f 180//156 715//570 30//30
f 734//589 715//570 733//588
f 735//590 716//571 734//589
f 182//158 736//591 737//592
f 182//158 731//586 178//154
f 739//594 183//159 738//593
f 184//160 736//591 181//157
f 186//162 740//595 741//596
f 186//162 738//593 183//159
f 187//163 740//595 185//161
f 743//598 740//595 742//597
f 188//164 719//574 744//599
f 188//164 742//597 187//163
f 732//587 745//600 746//601
f 747//602 732//587 746//601
f 734//589 747//602 748//603
f 735//590 748//603 749//604
f 735//590 718//573 717//572
f 751//606 736//591 750//605
f 751//606 731//586 737//592
f 739//594 752//607 753//594
f 739//594 750//605 736//591
f 741//596 752//607 738//593
f 755//609 752//607 754//608
f 743//598 756//610 757//611
f 743//598 754//608 741//596
f 758//612 719//574 723//578
f 744//599 756//610 742//597
f 746//601 759//613 760//614
f 747//602 760//614 761//615
f 762//616 747//602 761//615
f 749//604 762//616 763//617
f 751//606 764//618 765//619
f 751//606 759//613 745//600
f 766//620 759//613 765//619
f 753//594 764//618 750//605
f 768//622 764//618 767//621
f 755//609 769//623 770//624
f 755//609 767//621 753//594
f 772//626 756//610 771//625
f 757//611 769//623 754//608
f 758//612 728//583 773//627
f 758//612 771//625 756//610
f 774//628 728//583 729//584
f 730//585 774//628 729//584
f 761//615 776//630 777//631
f 762//616 777//631 778//632
f 779//633 762//616 778//632
f 766//620 780//634 781//635
f 766//620 776//630 760//614
f 782//636 776//630 781//635
f 768//622 783//637 784//638
f 768//622 780//634 765//619
f 786//640 769//623 785//639
f 770//624 783//637 767//621
f 788//642 771//625 787//641
f 772//626 785//639 769//623
f 789//643 771//625 773//627
f 774//628 789//643 773//627
f 775//629 790//644 774//628
f 778//632 792//646 793//647
f 779//633 793//647 794//648
f 796//650 780//634 795//649
f 782//636 796//650 797//651
f 782//636 792//646 777//631
f 798//652 792//646 797//651
f 798//652 794//648 793//647
f 801//655 783//637 800//654
f 801//655 780//634 784//638
f 786//640 802//656 803//657
f 786//640 800//654 783//637
f 788//642 804//658 805//659
f 788//642 802//656 785//639
f 806//660 802//656 805//659
f 789//643 804//658 787//641
f 808//662 804//658 807//661
f 809//663 789//643 790//644
f 791//645 809//663 790//644
f 796//650 811//665 812//666
f 813//667 796//650 812//666
f 814//668 797//651 813//667
f 815//669 798//652 814//668
f 801//655 816//670 817//671
f 801//655 811//665 795//649
f 818//672 811//665 817//671
f 819//673 812//666 818//672
f 820//674 815//669 814//668
f 803//657 816//670 800//654
f 823//677 816//670 822//676
f 806//660 824//678 825//679
f 806//660 822//676 803//657
f 808//662 826//680 827//681
f 808//662 824//678 805//659
f 828//682 824//678 827//681
f 809//663 826//680 807//661
f 830//684 826//680 829//683
f 810//664 829//683 809//663
f 831//685 830//684 829//683
f 835//689 813//667 834//688
f 818//672 836//690 837//691
f 819//673 837//691 838//692
f 819//673 834//688 813//667
f 839//693 834//688 838//692
f 820//674 835//689 839//693
f 840//694 820//674 839//693
f 823//677 841//695 842//696
f 823//677 836//690 817//671
f 843//697 839//693 838//692
f 844//698 840//694 839//693
f 825//679 841//695 822//676
f 847//701 841//695 846//700
f 828//682 848//702 849//703
f 828//682 846//700 825//679
f 850//704 846//700 849//703
f 830//684 848//702 827//681
f 852//706 848//702 851//705
f 852//706 850//704 849//703
f 854//708 830//684 832//686
f 854//708 852//706 851//705
f 833//687 854//708 832//686
f 856//710 852//706 855//709
f 837//691 857//711 858//712
f 859//713 837//691 858//712
f 842//696 857//711 836//690
f 861//715 857//711 860//714
f 861//715 859//713 858//712
f 843//697 859//713 862//716
f 863//717 843//697 862//716
f 845//699 863//717 864//718
f 847//701 860//714 842//696
f 865//719 861//715 860//714
f 867//721 861//715 866//720
f 867//721 863//717 862//716
f 868//722 864//718 863//717
f 870//724 847//701 850//704
f 871//725 865//719 870//724
f 871//725 867//721 866//720
f 873//727 867//721 872//726
f 874//728 868//722 873//727
f 875//729 850//704 853//707
f 875//729 871//725 870//724
f 877//731 871//725 876//730
f 856//710 875//729 853//707
f 878//732 876//730 875//729
f 879//733 877//731 876//730
f 873//727 881//735 882//736
f 883//737 873//727 882//736
f 877//731 881//735 872//726
f 885//739 881//735 884//738
f 886//740 882//736 885//739
f 880//734 884//738 877//731
f 887//741 885//739 884//738
f 888//742 886//740 885//739
f 890//744 32//32 717//572
f 194//170 890//744 891//745
f 195//171 891//745 892//746
f 890//744 718//573 895//749
f 891//745 895//749 896//750
f 897//751 891//745 896//750
f 893//747 897//751 898//752
f 894//748 898//752 899//753
f 896//750 900//754 901//755
f 897//751 901//755 902//756
f 903//757 897//751 902//756
f 899//753 903//757 904//758
f 903//757 905//759 906//760
f 907//761 903//757 906//760
f 908//130 195//171 892//746
f 908//130 893//747 909//762
f 335//273 908//130 909//762
f 909//762 894//748 910//763
f 336//274 909//762 910//763
f 912//765 336//274 910//763
f 912//765 911//764 913//279
f 338//276 912//765 913//279
f 914//766 338//276 913//279
f 915//767 339//249 914//766
f 916//768 340//249 915//767
f 342//277 916//768 917//769
f 918//770 342//277 917//769
f 919//771 344//278 918//770
f 920//772 718//573 749//604
f 921//773 894//748 899//753
f 911//764 921//773 922//774
f 923//775 911//764 922//774
f 925//777 913//279 923//775
f 925//777 924//776 926//778
f 915//767 925//777 926//778
f 916//768 926//778 927//779
f 928//780 916//768 927//779
f 929//781 928//780 927//779
f 918//770 928//780 930//782
f 920//772 763//617 933//785
f 920//772 900//754 895//749
f 934//786 900//754 933//785
f 935//787 901//755 934//786
f 921//773 904//758 936//788
f 922//774 936//788 937//789
f 938//790 922//774 937//789
f 939//791 923//775 938//790
f 940//792 939//791 938//790
f 941//793 924//776 939//791
f 942//794 941//793 940//792
f 927//779 941//793 943//795
f 929//781 943//795 944//796
f 945//797 929//781 944//796
f 946//798 945//797 944//796
f 931//783 945//797 947//798
f 932//784 947//798 948//798
f 950//800 763//617 779//633
f 934//786 950//800 951//801
f 935//787 951//801 952//802
f 935//787 905//759 902//756
f 952//802 906//760 905//759
f 953//803 907//761 906//760
f 936//788 907//761 954//804
f 955//805 936//788 954//804
f 956//806 954//804 953//803
f 957//807 955//805 954//804
f 958//808 937//789 955//805
f 959//809 958//808 957//807
f 940//792 958//808 960//810
f 942//794 960//810 961//798
f 962//798 942//794 961//798
f 963//798 962//798 961//798
f 944//796 962//798 964//798
f 946//798 964//798 965//798
f 966//798 946//798 965//798
f 967//798 966//798 965//798
f 948//798 966//798 968//811
f 949//799 968//811 969//812
f 950//800 794//648 970//813
f 971//814 950//800 970//813
f 972//815 951//801 971//814
f 953//803 972//815 973//816
f 799//653 970//813 794//648
f 975//818 970//813 974//817
f 975//818 972//815 971//814
f 976//819 973//816 972//815
f 956//806 973//816 977//820
f 978//821 956//806 977//820
f 979//822 977//820 976//819
f 980//823 978//821 977//820
f 959//809 978//821 981//824
f 982//825 959//809 981//824
f 983//826 982//825 981//824
f 961//798 982//825 984//827
f 963//798 984//827 985//798
f 986//798 963//798 985//798
f 987//798 986//798 985//798
f 965//798 986//798 988//798
f 967//798 988//798 989//828
f 990//829 967//798 989//828
f 991//830 990//829 989//828
f 969//812 990//829 992//831
f 974//817 815//669 993//832
f 975//818 993//832 994//833
f 995//834 975//818 994//833
f 821//675 993//832 815//669
f 996//835 994//833 993//832
f 997//822 995//834 994//833
f 979//822 995//834 998//822
f 999//836 979//822 998//822
f 1000//837 980//823 999//836
f 1001//822 998//822 997//822
f 1002//822 999//836 998//822
f 1003//838 1000//837 999//836
f 983//826 1000//837 1004//839
f 1005//840 983//826 1004//839
f 1006//841 1005//840 1004//839
f 985//798 1005//840 1007//842
f 1008//843 1007//842 1006//841
f 987//798 1007//842 1009//844
f 1010//798 987//798 1009//844
f 1011//798 1010//798 1009//844
f 989//828 1010//798 1012//845
f 1013//846 1012//845 1011//798
f 991//830 1012//845 1014//847
f 996//835 840//694 1015//822
f 1016//822 996//835 1015//822
f 845//699 1015//822 840//694
f 1017//822 1016//822 1015//822
f 1001//822 1016//822 1018//822
f 1019//822 1001//822 1018//822
f 1003//838 1019//822 1020//848
f 1021//849 1003//838 1020//848
f 1022//822 1018//822 1017//822
f 1023//822 1019//822 1018//822
f 1024//822 1020//848 1019//822
f 1026//851 1020//848 1025//850
f 1006//841 1021//849 1026//851
f 1027//852 1026//851 1025//850
f 1008//843 1026//851 1028//853
f 1029//854 1008//843 1028//853
f 1030//855 1029//854 1028//853
f 1011//798 1029//854 1031//856
f 1013//846 1031//856 1032//857
f 1033//858 1013//846 1032//857
f 1034//859 845//699 864//718
f 869//723 1034//859 864//718
f 1022//822 1034//859 1035//860
f 1036//861 1022//822 1035//860
f 1024//822 1036//861 1037//822
f 1038//822 1024//822 1037//822
f 1039//862 869//723 874//728
f 1039//862 1036//861 1035//860
f 1040//863 1037//822 1036//861
f 1041//822 1038//822 1037//822
f 1027//852 1038//822 1042//864
f 1043//865 1027//852 1042//864
f 1044//866 1042//864 1041//822
f 1045//867 1043//865 1042//864
f 1030//855 1043//865 1046//868
f 1047//869 1030//855 1046//868
f 1048//870 1047//869 1046//868
f 1032//857 1047//869 1049//871
f 919//771 1050//872 1051//873
f 354//288 919//771 1051//873
f 1052//874 354//288 1051//873
f 1053//875 355//289 1052//874
f 1054//876 1053//875 1052//874
f 357//291 1053//875 1055//877
f 1056//878 918//770 930//782
f 931//783 1056//878 930//782
f 1057//879 1050//872 1056//878
f 932//784 1057//879 931//783
f 1052//874 1057//879 1058//880
f 1054//876 1058//880 1059//881
f 1060//882 1054//876 1059//881
f 1061//883 932//784 948//798
f 949//799 1061//883 948//798
f 1059//881 1061//883 1062//884
f 1063//885 949//799 969//812
f 1039//862 883//737 1064//886
f 1040//863 1064//886 1065//887
f 1066//888 1040//863 1065//887
f 886//740 1064//886 883//737
f 1067//889 1065//887 1064//886
f 1068//890 1066//888 1065//887
f 1044//866 1066//888 1069//891
f 1070//892 1044//866 1069//891
f 1071//893 1045//867 1070//892
f 889//743 1067//889 886//740
f 1072//894 1068//890 1067//889
f 1073//895 1069//891 1068//890
f 1074//896 1070//892 1069//891
f 1075//897 1071//893 1070//892
f 1048//870 1071//893 1076//898
f 1077//899 1048//870 1076//898
f 380//314 722//577 45//45
f 382//316 1078//900 380//314
f 1080//902 382//316 383//317
f 1081//903 383//317 384//318
f 1082//904 722//577 1078//900
f 1083//905 726//581 1082//904
f 1084//906 1078//900 1079//901
f 1084//906 1083//905 1082//904
f 1080//902 1084//906 1079//901
f 1086//908 1080//902 1081//903
f 1087//909 727//582 1083//905
f 1088//910 1083//905 1085//907
f 1086//908 1088//910 1085//907
f 516//419 1081//903 384//318
f 1091//913 516//419 517//420
f 1093//915 517//420 518//421
f 1093//915 1092//914 1091//913
f 519//422 1093//915 518//421
f 1095//917 519//422 520//423
f 1096//918 520//423 521//424
f 1097//919 521//424 522//425
f 523//426 1097//919 522//425
f 1099//921 523//426 525//428
f 526//429 1099//921 525//428
f 527//430 1100//922 526//429
f 1104//924 1081//903 1090//912
f 1105//925 1090//912 1091//913
f 1092//914 1105//925 1091//913
f 1107//927 1092//914 1094//916
f 1109//929 1094//916 1095//917
f 1109//929 1108//928 1107//927
f 1096//918 1109//929 1095//917
f 1111//930 1096//918 1097//919
f 1112//931 1097//919 1098//920
f 1099//921 1112//931 1098//920
f 1100//922 1113//932 1099//921
f 1115//430 1100//922 1101//430
f 1102//430 1115//430 1101//430
f 1103//923 1116//430 1102//430
f 1118//934 730//585 1087//909
f 1119//935 1087//909 1088//910
f 1089//911 1119//935 1088//910
f 1104//924 1089//911 1086//908
f 1121//937 1104//924 1105//925
f 1122//938 1105//925 1106//926
f 1123//939 1106//926 1107//927
f 1108//928 1123//939 1107//927
f 1125//940 1108//928 1110//918
f 1127//942 1110//918 1111//930
f 1127//942 1126//941 1125//940
f 1112//931 1127//942 1111//930
f 1131//945 1112//931 1113//932
f 1131//945 1129//944 1128//943
f 1114//933 1131//945 1113//932
f 1132//946 1130//430 1129//944
f 1115//430 1132//946 1114//933
f 1134//430 1115//430 1116//430
f 1135//430 1116//430 1117//430
f 1118//934 791//645 775//629
f 1119//935 1136//947 1118//934
f 1139//950 1119//935 1120//936
f 1139//950 1138//949 1137//948
f 1121//937 1139//950 1120//936
f 1141//952 1140//951 1139//950
f 1122//938 1141//952 1121//937
f 1143//918 1122//938 1123//939
f 1144//918 1123//939 1124//918
f 1145//954 1124//918 1125//940
f 1126//941 1145//954 1125//940
f 1147//956 1126//941 1128//943
f 1129//944 1147//956 1128//943
f 1130//430 1148//957 1129//944
f 1151//430 1130//430 1133//430
f 1151//430 1150//430 1149//430
f 1134//430 1151//430 1133//430
f 1153//430 1134//430 1135//430
f 1136//947 810//664 791//645
f 1156//960 1136//947 1137//948
f 1156//960 1155//959 1154//958
f 1138//949 1156//960 1137//948
f 1158//962 1138//949 1140//951
f 1142//953 1158//962 1140//951
f 1161//965 1142//953 1143//918
f 1161//965 1160//964 1159//963
f 1144//918 1161//965 1143//918
f 1163//967 1144//918 1145//954
f 1164//968 1145//954 1146//955
f 1147//956 1164//968 1146//955
f 1148//957 1165//969 1147//956
f 1167//971 1148//957 1149//430
f 1150//430 1167//971 1149//430
f 1170//974 1150//430 1152//430
f 1170//974 1169//973 1168//972
f 1153//430 1170//974 1152//430
f 1172//976 810//664 1154//958
f 1172//976 832//686 831//685
f 1155//959 1172//976 1154//958
f 1173//977 833//687 832//686
f 1175//979 1155//959 1157//961
f 1175//979 1174//978 1173//977
f 1158//962 1175//979 1157//961
f 1178//982 1175//979 1177//981
f 1179//983 1158//962 1159//963
f 1179//983 1178//982 1177//981
f 1160//964 1179//983 1159//963
f 1181//985 1160//964 1162//966
f 1183//987 1162//966 1163//967
f 1183//987 1182//986 1181//985
f 1164//968 1183//987 1163//967
f 1189//993 1164//968 1165//969
f 1189//993 1185//989 1184//988
f 1166//970 1189//993 1165//969
f 1190//994 1186//990 1185//989
f 1167//971 1190//994 1166//970
f 1192//996 1167//971 1168//972
f 1193//997 1187//991 1192//996
f 1193//997 1168//972 1169//973
f 1194//998 833//687 1174//978
f 1194//998 856//710 855//709
f 1176//980 1194//998 1174//978
f 1196//1000 1195//999 1194//998
f 1198//1002 1176//980 1178//982
f 1198//1002 1197//1001 1196//1000
f 1200//1004 1178//982 1180//984
f 1200//1004 1199//1003 1198//1002
f 1202//1006 1180//984 1181//985
f 1202//1006 1201//1005 1200//1004
f 1182//986 1202//1006 1181//985
f 1207//1011 1182//986 1184//988
f 1185//989 1207//1011 1184//988
f 1186//990 1208//1012 1185//989
f 1210//1014 1204//1008 1209//1013
f 1211//1015 1205//1009 1210//1014
f 1211//1015 1187//991 1188//992
f 1212//1016 1186//990 1191//995
f 1212//1016 1210//1014 1209//1013
f 1213//1017 1191//995 1192//996
f 1213//1017 1187//991 1210//1014
f 1195//999 878//732 856//710
f 1214//1018 879//733 878//732
f 1215//1019 880//734 879//733
f 1197//1001 1214//1018 1195//999
f 1220//1024 1214//1018 1219//1023
f 1221//1025 1215//1019 1220//1024
f 1221//1025 1217//1021 1216//1020
f 1222//1026 1218//1022 1217//1021
f 1224//1028 1197//1001 1199//1003
f 1225//1029 1219//1023 1224//1028
f 1226//1030 1220//1024 1225//1029
f 1227//1031 1221//1025 1226//1030
f 1227//1031 1223//1027 1222//1026
f 1229//1033 1199//1003 1201//1005
f 1230//1034 1224//1028 1229//1033
f 1231//1035 1225//1029 1230//1034
f 1232//1036 1226//1030 1231//1035
f 1233//1037 1227//1031 1232//1036
f 1234//1038 1201//1005 1203//1007
f 1235//1039 1229//1033 1234//1038
f 1235//1039 1231//1035 1230//1034
f 1237//1041 1231//1035 1236//1040
f 1237//1041 1204//1008 1205//1009
f 1238//1042 1232//1036 1237//1041
f 1206//1010 1237//1041 1205//1009
f 1239//1043 1203//1007 1207//1011
f 1239//1043 1235//1039 1234//1038
f 1208//1012 1239//1043 1207//1011
f 1241//1045 1235//1039 1240//1044
f 1241//1045 1208//1012 1209//1013
f 1241//1045 1204//1008 1236//1040
f 1242//1046 527//430 543//446
f 1242//1046 1102//430 1101//430
f 544//447 1242//1046 543//446
f 1243//1047 1103//923 1102//430
f 545//448 1243//1047 544//447
f 1245//1049 1103//923 1244//1048
f 1246//1050 880//734 1216//1020
f 1246//1050 888//742 887//741
f 1217//1021 1246//1050 1216//1020
f 1247//1051 889//743 888//742
f 1218//1022 1247//1051 1217//1021
f 1249//1053 1218//1022 1223//1027
f 1250//1054 1223//1027 1228//1032
f 687//547 1251//1055 1252//1056
f 689//548 1253//1057 688//525
f 689//548 1252//1056 1254//1058
f 1256//1060 690//525 691//525
f 691//525 1253//1057 1256//1060
f 693//550 1257//1061 692//549
f 693//550 1255//1059 1258//546
f 697//552 1259//406 696//406
f 698//553 1260//1062 697//552
f 698//553 1257//1061 1261//1063
f 1262//1064 1257//1061 1258//546
f 1268//1070 1265//1067 1267//1069
f 1268//1070 1253//1057 1254//1058
f 1268//1070 1252//1056 1266//1068
f 1256//1060 1269//1071 1255//1059
f 1270//1072 1253//1057 1267//1069
f 1258//546 1269//1071 1271//1073
f 1272//1074 1269//1071 1270//1072
f 1262//1064 1274//1075 1261//1063
f 1262//1064 1271//1073 1275//1076
f 1279//1078 1263//1065 1277//1078
f 1281//1080 1278//1078 1280//1079
f 1281//1080 1265//1067 1266//1068
f 1281//1080 1264//1066 1279//1078
f 1283//1082 1265//1067 1280//1079
f 1285//1084 1282//1081 1284//1083
f 1285//1084 1267//1069 1283//1082
f 1287//1086 1284//1083 1286//1085
f 1287//1086 1271//1073 1272//1074
f 1272//1074 1285//1084 1287//1086
f 1273//430 1135//430 1117//430
f 1275//1076 1291//1089 1274//1075
f 1275//1076 1286//1085 1292//1090
f 1295//1092 1276//1077 1293//1091
f 1297//1078 1294//1078 1296//1078
f 1297//1078 1278//1078 1279//1078
f 1297//1078 1277//1078 1295//1092
f 1299//1078 1278//1078 1296//1078
f 1301//1078 1298//1078 1300//1078
f 1301//1078 1282//1081 1283//1082
f 1301//1078 1280//1079 1299//1078
f 1303//1094 1282//1081 1300//1078
f 1306//1097 1302//1093 1305//1096
f 1306//1097 1284//1083 1303//1094
f 1307//1098 1135//430 1288//430
f 1289//1087 1307//1098 1288//430
f 1290//1088 1308//1099 1289//1087
f 1311//1102 1304//1095 1310//1101
f 1312//1103 1305//1096 1311//1102
f 1312//1103 1291//1089 1292//1090
f 1292//1090 1306//1097 1312//1103
f 1313//1104 992//831 991//830
f 1293//1091 992//831 1314//1105
f 1316//1107 1313//1104 1315//1106
f 1316//1107 1294//1078 1295//1092
f 1316//1107 1293//1091 1314//1105
f 1318//1078 1294//1078 1315//1106
f 1320//1078 1317//1078 1319//1078
f 1320//1078 1298//1078 1299//1078
f 1320//1078 1296//1078 1318//1078
f 1322//1109 1298//1078 1319//1078
f 1326//1113 1321//1108 1325//1112
f 1326//1113 1302//1093 1303//1094
f 1326//1113 1300//1078 1322//1109
f 1330//1117 1323//1110 1329//1116
f 1331//1118 1324//1111 1330//1117
f 1331//1118 1304//1095 1305//1096
f 1331//1118 1302//1093 1325//1112
f 1332//1119 1169//973 1171//975
f 1307//1098 1171//975 1153//430
f 1332//1119 1328//1115 1327//1114
f 1333//1120 1307//1098 1308//1099
f 1334//1121 1328//1115 1333//1120
f 1334//1121 1308//1099 1309//1100
f 1335//1122 1329//1116 1334//1121
f 1310//1101 1334//1121 1309//1100
f 1335//1122 1304//1095 1330//1117
f 1337//1124 991//830 1014//847
f 1339//1125 1336//1123 1338//1078
f 1339//1125 1313//1104 1337//1124
f 1342//1078 1338//1078 1341//1127
f 1342//1078 1317//1078 1318//1078
f 1342//1078 1315//1106 1339//1125
f 1344//1129 1340//1126 1343//1128
f 1344//1129 1317//1078 1341//1127
f 1349//1132 1343//1128 1348//1131
f 1349//1132 1321//1108 1322//1109
f 1349//1132 1319//1078 1344//1129
f 1352//1110 1345//1110 1351//1110
f 1353//1134 1346//1110 1352//1110
f 1353//1134 1323//1110 1324//1111
f 1354//1135 1347//1130 1353//1134
f 1354//1135 1324//1111 1325//1112
f 1354//1135 1321//1108 1348//1131
f 1355//1136 1188//992 1193//997
f 1327//1114 1193//997 1169//973
f 1356//1137 1350//1133 1355//1136
f 1328//1115 1355//1136 1327//1114
f 1357//1138 1351//1110 1356//1137
f 1357//1138 1328//1115 1329//1116
f 1357//1138 1323//1110 1352//1110
f 1359//1140 1032//857 1358//1139
f 1359//1140 1336//1123 1337//1124
f 1359//1140 1014//847 1033//858
f 1361//1142 1336//1123 1358//1139
f 1364//1145 1360//1141 1363//1144
f 1364//1145 1340//1126 1341//1127
f 1364//1145 1338//1078 1361//1142
f 1369//1147 1362//1143 1368//1146
f 1369//1147 1340//1126 1363//1144
f 1371//1110 1365//1110 1370//1110
f 1372//1110 1366//1110 1371//1110
f 1372//1110 1345//1110 1346//1110
f 1373//1148 1367//1110 1372//1110
f 1347//1130 1372//1110 1346//1110
f 1373//1148 1369//1147 1368//1146
f 1374//1149 1347//1130 1348//1131
f 1374//1149 1343//1128 1369//1147
f 1375//1110 1206//1010 1211//1015
f 1350//1133 1211//1015 1188//992
f 1376//1110 1370//1110 1375//1110
f 1376//1110 1350//1133 1351//1110
f 1376//1110 1345//1110 1371//1110
f 1358//1139 1049//871 1378//1151
f 1382//1155 1377//1150 1381//1154
f 1382//1155 1360//1141 1361//1142
f 1382//1155 1358//1139 1378//1151
f 1386//1158 1379//1152 1385//1110
f 1387//1159 1380//1153 1386//1158
f 1387//1159 1362//1143 1363//1144
f 1387//1159 1360//1141 1381//1154
f 1233//1037 1383//1156 1228//1032
f 1389//1161 1383//1156 1388//1160
f 1389//1161 1365//1110 1366//1110
f 1390//1110 1384//1157 1389//1161
f 1367//1110 1389//1161 1366//1110
f 1391//1110 1385//1110 1390//1110
f 1391//1110 1367//1110 1368//1146
f 1391//1110 1362//1143 1386//1158
f 1392//1162 1233//1037 1238//1042
f 1392//1162 1206//1010 1370//1110
f 1392//1162 1365//1110 1388//1160
f 1394//1164 357//291 1055//877
f 1396//1166 1393//1163 1395//1165
f 1396//1166 708//563 709//564
f 1396//1166 707//562 1394//1164
f 710//565 1251//1055 685//546
f 710//565 1395//1165 1397//1167
f 1398//1168 1251//1055 1397//1167
f 1400//1170 1059//881 1399//1169
f 1400//1170 1393//1163 1394//1164
f 1400//1170 1055//877 1060//882
f 1401//1171 1393//1163 1399//1169
f 1402//1172 1263//1065 1264//1066
f 1402//1172 1395//1165 1401//1171
f 1403//1173 1264//1066 1266//1068
f 1403//1173 1252//1056 1398//1168
f 1398//1168 1402//1172 1403//1173
f 1399//1169 1062//884 1404//1174
f 1405//1175 1276//1077 1277//1078
f 1405//1175 1263//1065 1401//1171
f 1405//1175 1399//1169 1404//1174
f 1406//1176 969//812 1293//1091
f 1406//1176 1276//1077 1404//1174
f 1406//1176 1062//884 1063//885
f 1407//1177 545//448 712//567
f 713//568 1407//1177 712//567
f 714//569 1408//1178 713//568
f 714//569 1259//406 1409//1179
f 1410//1180 1259//406 1260//1062
f 1411//1181 1260//1062 1261//1063
f 1245//1049 1273//430 1117//430
f 1407//1177 1245//1049 1244//1048
f 1408//1178 1412//1182 1407//1177
f 1414//1184 1408//1178 1409//1179
f 1410//1180 1414//1184 1409//1179
f 1411//1181 1415//1185 1410//1180
f 1411//1181 1274//1075 1416//1186
f 1417//1187 1273//430 1412//1182
f 1417//1187 1289//1087 1288//430
f 1413//1183 1417//1187 1412//1182
f 1418//1188 1290//1088 1289//1087
f 1414//1184 1418//1188 1413//1183
f 1420//1190 1414//1184 1415//1185
f 1416//1186 1420//1190 1415//1185
f 1421//1191 1274//1075 1291//1089
f 1422//1192 1290//1088 1419//1189
f 1423//1193 1309//1100 1422//1192
f 1420//1190 1422//1192 1419//1189
f 1424//1194 1310//1101 1423//1193
f 1424//1194 1420//1190 1421//1191
f 1424//1194 1291//1089 1311//1102
f 1248//1052 1072//894 889//743
f 1426//1196 1072//894 1425//1195
f 1427//1197 1073//895 1426//1196
f 1428//1198 1074//896 1427//1197
f 1429//1199 1075//897 1428//1198
f 1430//1200 1076//898 1429//1199
f 1430//1200 1377//1150 1378//1151
f 1430//1200 1049//871 1077//899
f 1249//1053 1425//1195 1248//1052
f 1432//1202 1425//1195 1431//1201
f 1433//1203 1426//1196 1432//1202
f 1434//1204 1427//1197 1433//1203
f 1434//1204 1379//1152 1380//1153
f 1435//1205 1428//1198 1434//1204
f 1435//1205 1380//1153 1381//1154
f 1435//1205 1377//1150 1429//1199
f 1250//1054 1431//1201 1249//1053
f 1383//1156 1250//1054 1228//1032
f 1437//1207 1431//1201 1436//1206
f 1384//1157 1436//1206 1383//1156
f 1438//1208 1432//1202 1437//1207
f 1438//1208 1384//1157 1385//1110
f 1438//1208 1379//1152 1433//1203
f 7//7 6//6 1//1
f 8//8 7//7 2//2
f 11//11 10//10 4//4
f 12//12 11//11 5//5
f 13//13 12//12 6//6
f 14//14 13//13 7//7
f 19//19 16//16 15//15
f 17//17 16//16 19//19
f 19//19 18//18 23//23
f 25//25 20//20 19//19
f 21//21 20//20 25//25
f 22//22 21//21 26//26
f 24//24 23//23 28//28
f 25//25 24//24 29//29
f 31//31 26//26 25//25
f 27//27 26//26 31//31
f 40//40 38//38 34//34
f 37//37 42//42 41//41
f 44//44 42//42 37//37
f 46//46 45//45 43//43
f 46//46 40//40 39//39
f 46//46 44//44 38//38
f 54//48 53//52 48//48
f 55//53 54//48 49//48
f 55//53 2//2 1//1
f 56//54 55//53 50//49
f 3//3 2//2 55//53
f 59//57 58//56 52//51
f 59//57 5//5 4//4
f 60//58 59//57 53//52
f 60//58 6//6 5//5
f 60//58 54//48 1//1
f 62//60 61//59 57//55
f 62//60 10//10 9//9
f 62//60 58//56 4//4
f 69//48 68//48 63//48
f 70//63 65//61 66//62
f 72//48 71//64 66//62
f 72//48 49//48 48//48
f 73//48 72//48 67//48
f 50//49 49//48 72//48
f 74//48 73//48 68//48
f 74//48 51//50 50//49
f 74//48 69//48 47//47
f 77//67 76//66 70//63
f 77//67 53//52 52//51
f 77//67 71//64 48//48
f 79//69 78//68 75//65
f 79//69 58//56 57//55
f 79//69 76//66 52//51
f 81//71 78//68 57//55
f 88//48 87//48 82//72
f 89//77 88//48 83//73
f 89//77 64//48 63//48
f 92//80 91//79 85//75
f 92//80 66//62 65//61
f 93//48 92//80 86//76
f 67//48 66//62 92//80
f 94//48 93//48 87//48
f 94//48 68//48 67//48
f 94//48 88//48 63//48
f 96//82 95//81 90//78
f 96//82 91//79 65//61
f 99//85 98//84 95//81
f 99//85 76//66 75//65
f 99//85 96//82 70//63
f 101//83 100//86 97//83
f 101//83 98//84 75//65
f 103//88 102//87 100//86
f 103//88 81//71 80//70
f 103//88 101//83 78//68
f 110//95 109//94 104//89
f 111//96 110//95 105//90
f 111//96 83//73 82//72
f 111//96 106//91 107//92
f 84//74 83//73 111//96
f 115//100 114//99 108//93
f 115//100 86//76 85//75
f 116//48 115//100 109//94
f 116//48 87//48 86//76
f 116//48 110//95 82//72
f 118//102 117//101 113//98
f 118//102 91//79 90//78
f 118//102 114//99 85//75
f 120//83 117//101 90//78
f 122//83 121//83 119//103
f 122//83 98//84 97//83
f 122//83 120//83 95//81
f 124//105 121//83 97//83
f 126//107 125//106 123//104
f 126//107 124//105 100//86
f 129//110 128//109 15//15
f 130//111 129//110 16//16
f 105//90 104//89 129//110
f 131//112 106//91 105//90
f 132//113 107//92 106//91
f 134//115 133//114 127//108
f 135//116 134//115 128//109
f 135//116 109//94 108//93
f 135//116 129//110 104//89
f 137//118 136//117 133//114
f 137//118 114//99 113//98
f 137//118 134//115 108//93
f 139//120 136//117 113//98
f 141//122 140//121 138//119
f 141//122 120//83 119//103
f 141//122 139//120 117//101
f 143//123 140//121 119//103
f 145//83 144//124 142//83
f 145//83 124//105 123//104
f 145//83 143//123 121//83
f 146//125 144//124 123//104
f 148//127 128//109 127//108
f 148//127 18//18 15//15
f 149//128 130//111 17//17
f 149//128 20//20 21//21
f 131//112 130//111 149//128
f 150//129 21//21 22//22
f 132//113 131//112 150//129
f 133//114 153//132 147//126
f 155//134 154//133 152//131
f 155//134 153//132 133//114
f 157//136 156//135 154//133
f 157//136 139//120 138//119
f 157//136 155//134 136//117
f 159//138 156//135 138//119
f 161//139 160//83 158//137
f 161//139 143//123 142//83
f 161//139 159//138 140//121
f 162//83 160//83 142//83
f 163//140 35//35 34//34
f 163//140 146//125 33//33
f 163//140 162//83 144//124
f 148//127 147//126 164//141
f 165//142 23//23 18//18
f 166//130 151//130 22//22
f 168//144 153//132 152//131
f 153//132 168//144 164//141
f 154//133 169//145 167//143
f 170//146 168//144 167//143
f 172//148 169//145 154//133
f 174//150 173//149 171//147
f 174//150 159//138 158//137
f 174//150 172//148 156//135
f 175//151 37//37 36//36
f 175//151 173//149 158//137
f 176//152 38//38 37//37
f 176//152 162//83 34//34
f 176//152 175//151 160//83
f 165//142 164//141 177//153
f 165//142 178//154 28//28
f 179//155 29//29 28//28
f 180//156 30//30 29//29
f 168//144 181//157 177//153
f 182//158 178//154 177//153
f 170//146 169//145 183//159
f 170//146 184//160 181//157
f 186//162 172//148 171//147
f 186//162 183//159 169//145
f 187//163 173//149 36//36
f 187//163 185//161 171//147
f 188//164 187//163 41//41
f 8//8 3//3 189//165
f 191//167 14//14 8//8
f 192//168 27//27 32//32
f 202//178 201//177 196//172
f 202//178 197//173 198//174
f 204//180 51//50 47//47
f 205//181 204//180 199//175
f 206//182 205//181 200//176
f 206//182 201//177 202//178
f 208//184 207//183 202//178
f 56//54 51//50 204//180
f 189//165 3//3 56//54
f 210//186 209//185 204//180
f 211//187 210//186 205//181
f 212//188 211//187 206//182
f 212//188 207//183 208//184
f 214//190 190//166 189//165
f 214//190 209//185 210//186
f 216//192 215//191 210//186
f 216//192 211//187 212//188
f 217//193 212//188 213//189
f 219//194 191//167 190//166
f 220//194 219//194 214//190
f 220//194 215//191 216//192
f 221//194 216//192 217//193
f 222//193 217//193 218//189
f 227//198 224//195 225//196
f 229//200 197//173 196//172
f 198//174 197//173 229//200
f 231//202 69//48 64//48
f 231//202 199//175 47//47
f 232//203 231//202 226//197
f 200//176 199//175 231//202
f 233//204 232//203 227//198
f 233//204 201//177 200//176
f 233//204 228//199 196//172
f 234//205 203//179 198//174
f 236//207 208//184 203//179
f 236//207 234//205 235//206
f 213//189 208//184 236//207
f 238//209 236//207 237//208
f 218//189 213//189 238//209
f 240//209 238//209 239//210
f 223//189 218//189 240//209
f 242//209 240//209 241//210
f 246//213 225//196 224//195
f 249//216 89//77 84//74
f 226//197 64//48 89//77
f 250//217 249//216 244//211
f 250//217 227//198 226//197
f 250//217 245//212 224//195
f 251//218 228//199 225//196
f 251//218 246//213 247//214
f 229//200 228//199 251//218
f 252//219 247//214 248//215
f 230//201 229//200 252//219
f 255//222 234//205 230//201
f 255//222 253//220 254//221
f 235//206 234//205 255//222
f 257//224 237//208 235//206
f 259//226 239//210 237//208
f 259//226 257//224 258//225
f 241//210 239//210 259//226
f 261//228 259//226 260//227
f 243//210 241//210 261//228
f 263//228 261//228 262//229
f 267//232 112//97 107//92
f 244//211 84//74 112//97
f 267//232 265//230 266//231
f 268//233 245//212 244//211
f 269//234 246//213 245//212
f 247//214 246//213 269//234
f 248//215 247//214 270//235
f 272//237 253//220 248//215
f 254//221 253//220 272//237
f 274//239 256//223 254//221
f 276//241 257//224 256//223
f 276//241 274//239 275//240
f 258//225 257//224 276//241
f 278//243 260//227 258//225
f 262//229 260//227 278//243
f 264//228 262//229 279//244
f 265//230 107//92 132//113
f 266//231 265//230 281//130
f 284//130 268//233 266//231
f 284//130 282//130 283//130
f 269//234 268//233 284//130
f 286//245 270//235 269//234
f 271//236 270//235 286//245
f 272//237 271//236 287//246
f 289//248 273//238 272//237
f 290//249 274//239 273//238
f 275//240 274//239 290//249
f 292//250 277//242 275//240
f 278//243 277//242 292//250
f 294//252 292//250 293//251
f 296//254 279//244 278//243
f 297//255 296//254 294//252
f 280//228 279//244 296//254
f 298//228 296//254 297//255
f 300//130 281//130 132//113
f 301//130 282//130 281//130
f 283//130 282//130 301//130
f 305//130 285//130 283//130
f 305//130 302//130 303//256
f 286//245 285//130 305//130
f 306//258 303//256 304//257
f 287//246 286//245 306//258
f 309//261 288//247 287//246
f 309//261 307//259 308//260
f 289//248 288//247 309//261
f 311//249 290//249 289//248
f 312//249 291//249 290//249
f 313//249 292//250 291//249
f 293//251 292//250 313//249
f 295//253 293//251 314//263
f 316//265 297//255 295//253
f 317//266 299//228 297//255
f 166//130 27//27 192//168
f 300//130 151//130 166//130
f 319//130 301//130 300//130
f 320//130 302//130 301//130
f 303//256 302//130 320//130
f 304//257 303//256 321//267
f 323//269 307//259 304//257
f 308//260 307//259 323//269
f 325//249 310//262 308//260
f 327//249 311//249 310//262
f 327//249 325//249 326//249
f 312//249 311//249 327//249
f 329//249 313//249 312//249
f 330//249 314//263 313//249
f 331//271 315//264 314//263
f 332//272 318//130 192//168
f 332//272 193//169 194//170
f 319//130 318//130 332//272
f 333//130 194//170 195//171
f 320//130 319//130 333//130
f 335//273 321//267 320//130
f 322//268 321//267 335//273
f 323//269 322//268 336//274
f 338//276 324//270 323//269
f 339//249 325//249 324//270
f 326//249 325//249 339//249
f 341//249 328//249 326//249
f 343//249 329//249 328//249
f 343//249 341//249 342//277
f 330//249 329//249 343//249
f 345//279 331//271 330//249
f 316//265 315//264 346//280
f 348//282 317//266 316//265
f 346//280 315//264 331//271
f 347//281 346//280 349//283
f 352//286 348//282 347//281
f 352//286 350//284 351//285
f 354//288 349//283 331//271
f 355//289 350//284 349//283
f 351//285 350//284 355//289
f 357//291 353//287 351//285
f 358//292 9//9 10//10
f 359//293 10//10 11//11
f 360//294 11//11 12//12
f 361//295 12//12 13//13
f 362//296 13//13 14//14
f 364//298 359//293 360//294
f 365//299 360//294 361//295
f 366//300 361//295 362//296
f 367//301 362//296 363//297
f 369//303 366//300 367//301
f 370//304 367//301 368//302
f 372//306 373//307 35//35
f 375//309 39//39 40//40
f 376//310 40//40 35//35
f 374//308 377//311 376//310
f 375//309 380//314 45//45
f 381//315 380//314 375//309
f 382//316 380//314 381//315
f 377//311 383//317 381//315
f 378//312 384//318 383//317
f 385//319 384//318 378//312
f 358//292 386//320 61//59
f 387//321 386//320 358//292
f 388//322 386//320 387//321
f 364//298 389//323 387//321
f 390//324 389//323 364//298
f 391//325 390//324 365//299
f 392//326 389//323 390//324
f 393//327 390//324 391//325
f 369//303 394//328 391//325
f 395//329 394//328 369//303
f 371//305 396//330 395//329
f 397//328 393//327 394//328
f 398//328 394//328 395//329
f 399//331 395//329 396//330
f 402//334 80//70 81//71
f 403//335 81//71 61//59
f 388//322 404//336 403//335
f 405//337 404//336 388//322
f 406//338 404//336 405//337
f 392//326 407//339 405//337
f 408//340 407//339 392//326
f 409//341 407//339 408//340
f 397//328 410//342 408//340
f 411//328 410//342 397//328
f 399//331 412//328 411//328
f 413//328 412//328 399//331
f 415//344 414//343 409//341
f 415//344 410//342 411//328
f 416//328 411//328 412//328
f 417//328 412//328 413//328
f 401//333 418//328 413//328
f 419//328 417//328 418//328
f 402//334 421//345 102//87
f 422//346 421//345 402//334
f 423//347 421//345 422//346
f 404//336 424//348 422//346
f 425//348 423//347 424//348
f 406//338 426//349 424//348
f 427//350 426//349 406//338
f 428//351 426//349 427//350
f 409//341 429//352 427//350
f 430//353 428//351 429//352
f 414//343 431//354 429//352
f 432//355 431//354 414//343
f 416//328 433//328 432//355
f 434//328 433//328 416//328
f 435//356 431//354 432//355
f 436//357 432//355 433//328
f 437//328 433//328 434//328
f 419//328 438//328 434//328
f 439//358 438//328 419//328
f 440//359 437//328 438//328
f 441//360 438//328 439//358
f 444//363 443//362 125//106
f 421//345 444//363 126//107
f 445//364 443//362 444//363
f 423//347 446//365 444//363
f 425//348 447//348 446//365
f 448//348 447//348 425//348
f 449//348 447//348 448//348
f 428//351 450//348 448//348
f 430//353 451//366 450//348
f 452//367 451//366 430//353
f 453//368 451//366 452//367
f 435//356 454//369 452//367
f 455//370 454//369 435//356
f 456//328 455//370 436//357
f 457//371 454//369 455//370
f 458//372 455//370 456//328
f 440//359 459//373 456//328
f 460//374 459//373 440//359
f 442//361 461//375 460//374
f 462//376 458//372 459//373
f 463//377 459//373 460//374
f 465//379 464//378 460//374
f 372//306 33//33 146//125
f 466//380 146//125 125//106
f 445//364 467//381 466//380
f 468//348 467//381 445//364
f 469//348 467//381 468//348
f 447//348 470//348 468//348
f 449//348 471//348 470//348
f 472//348 471//348 449//348
f 473//348 471//348 472//348
f 451//366 474//348 472//348
f 453//368 475//382 474//348
f 476//383 475//382 453//368
f 477//384 475//382 476//383
f 457//371 478//385 476//383
f 479//386 478//385 457//371
f 480//387 477//384 478//385
f 481//388 478//385 479//386
f 462//376 482//389 479//386
f 463//377 483//390 482//389
f 484//391 483//390 463//377
f 485//392 484//391 464//378
f 486//393 373//307 372//306
f 374//308 373//307 486//393
f 467//381 487//348 486//393
f 469//348 488//348 487//348
f 489//348 488//348 469//348
f 490//394 488//348 489//348
f 471//348 491//395 489//348
f 473//348 492//396 491//395
f 493//397 492//396 473//348
f 494//398 492//396 493//397
f 475//382 495//399 493//397
f 496//400 494//398 495//399
f 477//384 497//401 495//399
f 498//402 497//401 477//384
f 499//403 498//402 480//387
f 484//391 501//405 500//404
f 485//392 502//406 501//405
f 503//407 377//311 374//308
f 378//312 377//311 503//407
f 488//348 504//408 503//407
f 379//313 378//312 504//408
f 490//394 505//409 504//408
f 506//410 505//409 490//394
f 507//411 505//409 506//410
f 492//396 508//412 506//410
f 494//398 509//413 508//412
f 511//415 509//413 494//398
f 511//415 512//416 510//414
f 512//416 511//415 496//400
f 513//417 512//416 497//401
f 499//403 514//418 513//417
f 385//319 517//420 516//419
f 517//420 385//319 379//313
f 507//411 518//421 517//420
f 519//422 518//421 507//411
f 509//413 520//423 519//422
f 510//414 521//424 520//423
f 522//425 521//424 510//414
f 524//427 522//425 512//416
f 524//427 525//428 523//426
f 514//418 525//428 524//427
f 528//431 481//388 482//389
f 529//432 482//389 483//390
f 528//431 531//434 499//403
f 532//435 531//434 528//431
f 530//433 533//436 532//435
f 530//433 483//390 500//404
f 534//437 533//436 500//404
f 535//438 534//437 501//405
f 531//434 536//439 514//418
f 532//435 537//440 536//439
f 538//441 537//440 532//435
f 534//437 539//442 538//441
f 535//438 540//443 539//442
f 535//438 502//406 515//406
f 541//444 525//428 514//418
f 541//444 542//445 526//429
f 537//440 542//445 541//444
f 542//445 543//446 527//430
f 538//441 543//446 542//445
f 544//447 543//446 538//441
f 540//443 545//448 544//447
f 363//297 14//14 191//167
f 368//302 363//297 546//449
f 548//451 371//305 368//302
f 546//449 191//167 219//194
f 549//194 219//194 220//194
f 550//194 220//194 221//194
f 551//194 221//194 222//193
f 552//193 222//193 223//189
f 547//450 546//449 549//194
f 554//452 549//194 550//194
f 555//453 550//194 551//194
f 556//454 551//194 552//193
f 557//193 552//193 553//189
f 548//451 559//455 396//330
f 548//451 547//450 554//452
f 560//456 559//455 554//452
f 560//456 555//453 556//454
f 561//457 556//454 557//193
f 562//458 557//193 558//189
f 564//459 400//332 396//330
f 564//459 559//455 560//456
f 565//460 560//456 561//457
f 566//461 561//457 562//458
f 567//462 562//458 563//189
f 401//333 400//332 564//459
f 569//464 564//459 565//460
f 570//465 565//460 566//461
f 572//467 571//466 566//461
f 572//467 567//462 568//463
f 574//469 571//466 572//467
f 576//471 575//470 572//467
f 553//189 223//189 242//209
f 577//209 242//209 243//210
f 558//189 553//189 577//209
f 579//209 577//209 578//210
f 563//189 558//189 579//209
f 581//209 579//209 580//210
f 568//463 563//189 581//209
f 583//472 581//209 582//210
f 585//474 418//328 401//333
f 570//465 586//475 585//474
f 587//476 586//475 570//465
f 573//468 568//463 583//472
f 589//478 588//477 583//472
f 420//328 418//328 585//474
f 590//479 585//474 586//475
f 591//480 586//475 587//476
f 574//469 592//481 587//476
f 593//482 592//481 574//469
f 576//471 594//483 593//482
f 576//471 573//468 588//477
f 596//485 595//484 591//480
f 578//210 243//210 263//228
f 597//228 263//228 264//228
f 580//210 578//210 597//228
f 599//228 597//228 598//228
f 582//210 580//210 599//228
f 601//487 599//228 600//486
f 584//473 582//210 601//487
f 604//490 603//489 601//487
f 589//478 606//492 605//491
f 589//478 584//473 603//489
f 590//479 607//493 439//358
f 608//494 607//493 590//479
f 593//482 610//496 609//495
f 594//483 611//497 610//496
f 594//483 588//477 605//491
f 612//498 611//497 605//491
f 442//361 439//358 607//493
f 613//499 607//493 608//494
f 595//484 614//500 608//494
f 615//501 614//500 595//484
f 596//485 592//481 609//495
f 616//502 615//501 609//495
f 617//503 616//502 610//496
f 598//228 264//228 280//228
f 600//486 598//228 618//228
f 620//505 602//488 600//486
f 604//490 622//507 621//506
f 604//490 602//488 620//505
f 606//492 603//489 621//506
f 624//509 623//508 621//506
f 612//498 626//511 625//510
f 612//498 606//492 623//508
f 613//499 627//512 461//375
f 628//513 627//512 613//499
f 629//514 628//513 614//500
f 616//502 630//515 629//514
f 617//503 631//516 630//515
f 617//503 611//497 625//510
f 465//379 461//375 627//512
f 633//518 632//517 627//512
f 618//228 280//228 298//228
f 634//228 298//228 299//228
f 619//504 618//228 634//228
f 636//519 634//228 635//228
f 620//505 619//504 636//519
f 638//521 636//519 637//520
f 640//523 622//507 620//505
f 641//524 640//523 638//521
f 624//509 643//525 642//525
f 624//509 622//507 640//523
f 645//527 644//526 625//510
f 626//511 623//508 642//525
f 629//514 647//406 646//406
f 648//528 647//406 629//514
f 631//516 649//529 648//528
f 649//529 631//516 625//510
f 632//517 650//406 485//392
f 633//518 651//406 650//406
f 633//518 628//513 646//406
f 652//406 651//406 646//406
f 635//228 299//228 317//266
f 637//520 635//228 653//530
f 639//522 637//520 654//531
f 641//524 657//533 656//525
f 657//533 641//524 639//522
f 659//525 658//525 642//525
f 643//525 640//523 656//525
f 645//527 661//535 660//534
f 645//527 642//525 658//525
f 648//528 663//536 662//406
f 649//529 664//537 663//536
f 649//529 644//526 660//534
f 665//538 664//537 660//534
f 666//406 502//406 485//392
f 667//406 666//406 650//406
f 652//406 668//406 667//406
f 652//406 647//406 662//406
f 669//539 668//406 662//406
f 670//540 669//539 663//536
f 673//525 672//525 656//525
f 657//533 655//532 671//541
f 659//525 675//525 674//525
f 659//525 656//525 672//525
f 661//535 658//525 674//525
f 677//525 676//525 674//525
f 665//538 679//543 678//542
f 665//538 661//535 676//525
f 666//406 680//406 515//406
f 681//406 680//406 666//406
f 682//406 681//406 667//406
f 669//539 683//544 682//406
f 670//540 684//545 683//544
f 670//540 664//537 678//542
f 673//525 687//547 686//525
f 673//525 671//541 685//546
f 675//525 672//525 686//525
f 689//548 688//525 686//525
f 677//525 691//525 690//525
f 677//525 675//525 688//525
f 693//550 692//549 678//542
f 679//543 676//525 690//525
f 681//406 695//406 694//551
f 682//406 696//406 695//406
f 697//552 696//406 682//406
f 684//545 698//553 697//552
f 698//553 684//545 678//542
f 653//530 317//266 348//282
f 654//531 653//530 699//554
f 701//556 655//532 654//531
f 699//554 348//282 352//286
f 702//557 352//286 353//287
f 700//555 699//554 702//557
f 705//560 704//559 702//557
f 701//556 706//561 671//541
f 706//561 701//556 700//555
f 703//558 353//287 357//291
f 705//560 709//564 708//563
f 705//560 703//558 707//562
f 710//565 685//546 671//541
f 706//561 704//559 708//563
f 711//566 540//443 515//406
f 711//566 712//567 545//448
f 711//566 680//406 694//551
f 713//568 712//567 694//551
f 714//569 713//568 695//406
f 31//31 30//30 715//570
f 32//32 31//31 716//571
f 721//576 44//44 43//43
f 44//44 721//576 719//574
f 722//577 720//575 43//43
f 721//576 720//575 724//579
f 721//576 725//580 723//578
f 722//577 726//581 724//579
f 727//582 725//580 724//579
f 729//584 728//583 723//578
f 727//582 730//585 729//584
f 179//155 178//154 731//586
f 180//156 179//155 732//587
f 180//156 733//588 715//570
f 734//589 716//571 715//570
f 735//590 717//572 716//571
f 182//158 181//157 736//591
f 182//158 737//592 731//586
f 739//594 184//160 183//159
f 184//160 739//594 736//591
f 186//162 185//161 740//595
f 186//162 741//596 738//593
f 187//163 742//597 740//595
f 743//598 741//596 740//595
f 188//164 42//42 719//574
f 188//164 744//599 742//597
f 732//587 731//586 745//600
f 747//602 733//588 732//587
f 734//589 733//588 747//602
f 735//590 734//589 748//603
f 735//590 749//604 718//573
f 751//606 737//592 736//591
f 751//606 745//600 731//586
f 739//594 738//593 752//607
f 739//594 753//594 750//605
f 741//596 754//608 752//607
f 755//609 753//594 752//607
f 743//598 742//597 756//610
f 743//598 757//611 754//608
f 758//612 744//599 719//574
f 744//599 758//612 756//610
f 746//601 745//600 759//613
f 747//602 746//601 760//614
f 762//616 748//603 747//602
f 749//604 748//603 762//616
f 751//606 750//605 764//618
f 751//606 765//619 759//613
f 766//620 760//614 759//613
f 753//594 767//621 764//618
f 768//622 765//619 764//618
f 755//609 754//608 769//623
f 755//609 770//624 767//621
f 772//626 757//611 756//610
f 757//611 772//626 769//623
f 758//612 723//578 728//583
f 758//612 773//627 771//625
f 774//628 773//627 728//583
f 730//585 775//629 774//628
f 761//615 760//614 776//630
f 762//616 761//615 777//631
f 779//633 763//617 762//616
f 766//620 765//619 780//634
f 766//620 781//635 776//630
f 782//636 777//631 776//630
f 768//622 767//621 783//637
f 768//622 784//638 780//634
f 786//640 770//624 769//623
f 770//624 786//640 783//637
f 788//642 772//626 771//625
f 772//626 788//642 785//639
f 789//643 787//641 771//625
f 774//628 790//644 789//643
f 775//629 791//645 790//644
f 778//632 777//631 792//646
f 779//633 778//632 793//647
f 796//650 781//635 780//634
f 782//636 781//635 796//650
f 782//636 797//651 792//646
f 798//652 793//647 792//646
f 798//652 799//653 794//648
f 801//655 784//638 783//637
f 801//655 795//649 780//634
f 786//640 785//639 802//656
f 786//640 803//657 800//654
f 788//642 787//641 804//658
f 788//642 805//659 802//656
f 806//660 803//657 802//656
f 789//643 807//661 804//658
f 808//662 805//659 804//658
f 809//663 807//661 789//643
f 791//645 810//664 809//663
f 796//650 795//649 811//665
f 813//667 797//651 796//650
f 814//668 798//652 797//651
f 815//669 799//653 798//652
f 801//655 800//654 816//670
f 801//655 817//671 811//665
f 818//672 812//666 811//665
f 819//673 813//667 812//666
f 820//674 821//675 815//669
f 803//657 822//676 816//670
f 823//677 817//671 816//670
f 806//660 805//659 824//678
f 806//660 825//679 822//676
f 808//662 807//661 826//680
f 808//662 827//681 824//678
f 828//682 825//679 824//678
f 809//663 829//683 826//680
f 830//684 827//681 826//680
f 810//664 831//685 829//683
f 831//685 832//686 830//684
f 835//689 814//668 813//667
f 818//672 817//671 836//690
f 819//673 818//672 837//691
f 819//673 838//692 834//688
f 839//693 835//689 834//688
f 820//674 814//668 835//689
f 840//694 821//675 820//674
f 823//677 822//676 841//695
f 823//677 842//696 836//690
f 843//697 844//698 839//693
f 844//698 845//699 840//694
f 825//679 846//700 841//695
f 847//701 842//696 841//695
f 828//682 827//681 848//702
f 828//682 849//703 846//700
f 850//704 847//701 846//700
f 830//684 851//705 848//702
f 852//706 849//703 848//702
f 852//706 853//707 850//704
f 854//708 851//705 830//684
f 854//708 855//709 852//706
f 833//687 855//709 854//708
f 856//710 853//707 852//706
f 837//691 836//690 857//711
f 859//713 838//692 837//691
f 842//696 860//714 857//711
f 861//715 858//712 857//711
f 861//715 862//716 859//713
f 843//697 838//692 859//713
f 863//717 844//698 843//697
f 845//699 844//698 863//717
f 847//701 865//719 860//714
f 865//719 866//720 861//715
f 867//721 862//716 861//715
f 867//721 868//722 863//717
f 868//722 869//723 864//718
f 870//724 865//719 847//701
f 871//725 866//720 865//719
f 871//725 872//726 867//721
f 873//727 868//722 867//721
f 874//728 869//723 868//722
f 875//729 870//724 850//704
f 875//729 876//730 871//725
f 877//731 872//726 871//725
f 856//710 878//732 875//729
f 878//732 879//733 876//730
f 879//733 880//734 877//731
f 873//727 872//726 881//735
f 883//737 874//728 873//727
f 877//731 884//738 881//735
f 885//739 882//736 881//735
f 886//740 883//737 882//736
f 880//734 887//741 884//738
f 887//741 888//742 885//739
f 888//742 889//743 886//740
f 890//744 193//169 32//32
f 194//170 193//169 890//744
f 195//171 194//170 891//745
f 890//744 717//572 718//573
f 891//745 890//744 895//749
f 897//751 892//746 891//745
f 893//747 892//746 897//751
f 894//748 893//747 898//752
f 896//750 895//749 900//754
f 897//751 896//750 901//755
f 903//757 898//752 897//751
f 899//753 898//752 903//757
f 903//757 902//756 905//759
f 907//761 904//758 903//757
f 908//130 334//130 195//171
f 908//130 892//746 893//747
f 335//273 334//130 908//130
f 909//762 893//747 894//748
f 336//274 335//273 909//762
f 912//765 337//275 336//274
f 912//765 910//763 911//764
f 338//276 337//275 912//765
f 914//766 339//249 338//276
f 915//767 340//249 339//249
f 916//768 341//249 340//249
f 342//277 341//249 916//768
f 918//770 344//278 342//277
f 919//771 345//279 344//278
f 920//772 895//749 718//573
f 921//773 910//763 894//748
f 911//764 910//763 921//773
f 923//775 913//279 911//764
f 925//777 914//766 913//279
f 925//777 923//775 924//776
f 915//767 914//766 925//777
f 916//768 915//767 926//778
f 928//780 917//769 916//768
f 929//781 930//782 928//780
f 918//770 917//769 928//780
f 920//772 749//604 763//617
f 920//772 933//785 900//754
f 934//786 901//755 900//754
f 935//787 902//756 901//755
f 921//773 899//753 904//758
f 922//774 921//773 936//788
f 938//790 923//775 922//774
f 939//791 924//776 923//775
f 940//792 941//793 939//791
f 941//793 926//778 924//776
f 942//794 943//795 941//793
f 927//779 926//778 941//793
f 929//781 927//779 943//795
f 945//797 930//782 929//781
f 946//798 947//798 945//797
f 931//783 930//782 945//797
f 932//784 931//783 947//798
f 950//800 933//785 763//617
f 934//786 933//785 950//800
f 935//787 934//786 951//801
f 935//787 952//802 905//759
f 952//802 953//803 906//760
f 953//803 954//804 907//761
f 936//788 904//758 907//761
f 955//805 937//789 936//788
f 956//806 957//807 954//804
f 957//807 958//808 955//805
f 958//808 938//790 937//789
f 959//809 960//810 958//808
f 940//792 938//790 958//808
f 942//794 940//792 960//810
f 962//798 943//795 942//794
f 963//798 964//798 962//798
f 944//796 943//795 962//798
f 946//798 944//796 964//798
f 966//798 947//798 946//798
f 967//798 968//811 966//798
f 948//798 947//798 966//798
f 949//799 948//798 968//811
f 950//800 779//633 794//648
f 971//814 951//801 950//800
f 972//815 952//802 951//801
f 953//803 952//802 972//815
f 799//653 974//817 970//813
f 975//818 971//814 970//813
f 975//818 976//819 972//815
f 976//819 977//820 973//816
f 956//806 953//803 973//816
f 978//821 957//807 956//806
f 979//822 980//823 977//820
f 980//823 981//824 978//821
f 959//809 957//807 978//821
f 982//825 960//810 959//809
f 983//826 984//827 982//825
f 961//798 960//810 982//825
f 963//798 961//798 984//827
f 986//798 964//798 963//798
f 987//798 988//798 986//798
f 965//798 964//798 986//798
f 967//798 965//798 988//798
f 990//829 968//811 967//798
f 991//830 992//831 990//829
f 969//812 968//811 990//829
f 974//817 799//653 815//669
f 975//818 974//817 993//832
f 995//834 976//819 975//818
f 821//675 996//835 993//832
f 996//835 997//822 994//833
f 997//822 998//822 995//834
f 979//822 976//819 995//834
f 999//836 980//823 979//822
f 1000//837 981//824 980//823
f 1001//822 1002//822 998//822
f 1002//822 1003//838 999//836
f 1003//838 1004//839 1000//837
f 983//826 981//824 1000//837
f 1005//840 984//827 983//826
f 1006//841 1007//842 1005//840
f 985//798 984//827 1005//840
f 1008//843 1009//844 1007//842
f 987//798 985//798 1007//842
f 1010//798 988//798 987//798
f 1011//798 1012//845 1010//798
f 989//828 988//798 1010//798
f 1013//846 1014//847 1012//845
f 991//830 989//828 1012//845
f 996//835 821//675 840//694
f 1016//822 997//822 996//835
f 845//699 1017//822 1015//822
f 1017//822 1018//822 1016//822
f 1001//822 997//822 1016//822
f 1019//822 1002//822 1001//822
f 1003//838 1002//822 1019//822
f 1021//849 1004//839 1003//838
f 1022//822 1023//822 1018//822
f 1023//822 1024//822 1019//822
f 1024//822 1025//850 1020//848
f 1026//851 1021//849 1020//848
f 1006//841 1004//839 1021//849
f 1027//852 1028//853 1026//851
f 1008//843 1006//841 1026//851
f 1029//854 1009//844 1008//843
f 1030//855 1031//856 1029//854
f 1011//798 1009//844 1029//854
f 1013//846 1011//798 1031//856
f 1033//858 1014//847 1013//846
f 1034//859 1017//822 845//699
f 869//723 1035//860 1034//859
f 1022//822 1017//822 1034//859
f 1036//861 1023//822 1022//822
f 1024//822 1023//822 1036//861
f 1038//822 1025//850 1024//822
f 1039//862 1035//860 869//723
f 1039//862 1040//863 1036//861
f 1040//863 1041//822 1037//822
f 1041//822 1042//864 1038//822
f 1027//852 1025//850 1038//822
f 1043//865 1028//853 1027//852
f 1044//866 1045//867 1042//864
f 1045//867 1046//868 1043//865
f 1030//855 1028//853 1043//865
f 1047//869 1031//856 1030//855
f 1048//870 1049//871 1047//869
f 1032//857 1031//856 1047//869
f 919//771 918//770 1050//872
f 354//288 345//279 919//771
f 1052//874 355//289 354//288
f 1053//875 356//290 355//289
f 1054//876 1055//877 1053//875
f 357//291 356//290 1053//875
f 1056//878 1050//872 918//770
f 931//783 1057//879 1056//878
f 1057//879 1051//873 1050//872
f 932//784 1058//880 1057//879
f 1052//874 1051//873 1057//879
f 1054//876 1052//874 1058//880
f 1060//882 1055//877 1054//876
f 1061//883 1058//880 932//784
f 949//799 1062//884 1061//883
f 1059//881 1058//880 1061//883
f 1063//885 1062//884 949//799
f 1039//862 874//728 883//737
f 1040//863 1039//862 1064//886
f 1066//888 1041//822 1040//863
f 886//740 1067//889 1064//886
f 1067//889 1068//890 1065//887
f 1068//890 1069//891 1066//888
f 1044//866 1041//822 1066//888
f 1070//892 1045//867 1044//866
f 1071//893 1046//868 1045//867
f 889//743 1072//894 1067//889
f 1072//894 1073//895 1068//890
f 1073//895 1074//896 1069//891
f 1074//896 1075//897 1070//892
f 1075//897 1076//898 1071//893
f 1048//870 1046//868 1071//893
f 1077//899 1049//871 1048//870
f 380//314 1078//900 722//577
f 382//316 1079//901 1078//900
f 1080//902 1079//901 382//316
f 1081//903 1080//902 383//317
f 1082//904 726//581 722//577
f 1083//905 727//582 726//581
f 1084//906 1082//904 1078//900
f 1084//906 1085//907 1083//905
f 1080//902 1085//907 1084//906
f 1086//908 1085//907 1080//902
f 1087//909 730//585 727//582
f 1088//910 1087//909 1083//905
f 1086//908 1089//911 1088//910
f 516//419 1090//912 1081//903
f 1091//913 1090//912 516//419
f 1093//915 1091//913 517//420
f 1093//915 1094//916 1092//914
f 519//422 1094//916 1093//915
f 1095//917 1094//916 519//422
f 1096//918 1095//917 520//423
f 1097//919 1096//918 521//424
f 523//426 1098//920 1097//919
f 1099//921 1098//920 523//426
f 526//429 1100//922 1099//921
f 527//430 1101//430 1100//922
f 1104//924 1086//908 1081//903
f 1105//925 1104//924 1090//912
f 1092//914 1106//926 1105//925
f 1107//927 1106//926 1092//914
f 1109//929 1107//927 1094//916
f 1109//929 1110//918 1108//928
f 1096//918 1110//918 1109//929
f 1111//930 1110//918 1096//918
f 1112//931 1111//930 1097//919
f 1099//921 1113//932 1112//931
f 1100//922 1114//933 1113//932
f 1115//430 1114//933 1100//922
f 1102//430 1116//430 1115//430
f 1103//923 1117//430 1116//430
f 1118//934 775//629 730//585
f 1119//935 1118//934 1087//909
f 1089//911 1120//936 1119//935
f 1104//924 1120//936 1089//911
f 1121//937 1120//936 1104//924
f 1122//938 1121//937 1105//925
f 1123//939 1122//938 1106//926
f 1108//928 1124//918 1123//939
f 1125//940 1124//918 1108//928
f 1127//942 1125//940 1110//918
f 1127//942 1128//943 1126//941
f 1112//931 1128//943 1127//942
f 1131//945 1128//943 1112//931
f 1131//945 1132//946 1129//944
f 1114//933 1132//946 1131//945
f 1132//946 1133//430 1130//430
f 1115//430 1133//430 1132//946
f 1134//430 1133//430 1115//430
f 1135//430 1134//430 1116//430
f 1118//934 1136//947 791//645
f 1119//935 1137//948 1136//947
f 1139//950 1137//948 1119//935
f 1139//950 1140//951 1138//949
f 1121//937 1141//952 1139//950
f 1141//952 1142//953 1140//951
f 1122//938 1142//953 1141//952
f 1143//918 1142//953 1122//938
f 1144//918 1143//918 1123//939
f 1145//954 1144//918 1124//918
f 1126//941 1146//955 1145//954
f 1147//956 1146//955 1126//941
f 1129//944 1148//957 1147//956
f 1130//430 1149//430 1148//957
f 1151//430 1149//430 1130//430
f 1151//430 1152//430 1150//430
f 1134//430 1152//430 1151//430
f 1153//430 1152//430 1134//430
f 1136//947 1154//958 810//664
f 1156//960 1154//958 1136//947
f 1156//960 1157//961 1155//959
f 1138//949 1157//961 1156//960
f 1158//962 1157//961 1138//949
f 1142//953 1159//963 1158//962
f 1161//965 1159//963 1142//953
f 1161//965 1162//966 1160//964
f 1144//918 1162//966 1161//965
f 1163//967 1162//966 1144//918
f 1164//968 1163//967 1145//954
f 1147//956 1165//969 1164//968
f 1148//957 1166//970 1165//969
f 1167//971 1166//970 1148//957
f 1150//430 1168//972 1167//971
f 1170//974 1168//972 1150//430
f 1170//974 1171//975 1169//973
f 1153//430 1171//975 1170//974
f 1172//976 831//685 810//664
f 1172//976 1173//977 832//686
f 1155//959 1173//977 1172//976
f 1173//977 1174//978 833//687
f 1175//979 1173//977 1155//959
f 1175//979 1176//980 1174//978
f 1158//962 1177//981 1175//979
f 1178//982 1176//980 1175//979
f 1179//983 1177//981 1158//962
f 1179//983 1180//984 1178//982
f 1160//964 1180//984 1179//983
f 1181//985 1180//984 1160//964
f 1183//987 1181//985 1162//966
f 1183//987 1184//988 1182//986
f 1164//968 1184//988 1183//987
f 1189//993 1184//988 1164//968
f 1189//993 1190//994 1185//989
f 1166//970 1190//994 1189//993
f 1190//994 1191//995 1186//990
f 1167//971 1191//995 1190//994
f 1192//996 1191//995 1167//971
f 1193//997 1188//992 1187//991
f 1193//997 1192//996 1168//972
f 1194//998 855//709 833//687
f 1194//998 1195//999 856//710
f 1176//980 1196//1000 1194//998
f 1196//1000 1197//1001 1195//999
f 1198//1002 1196//1000 1176//980
f 1198//1002 1199//1003 1197//1001
f 1200//1004 1198//1002 1178//982
f 1200//1004 1201//1005 1199//1003
f 1202//1006 1200//1004 1180//984
f 1202//1006 1203//1007 1201//1005
f 1182//986 1203//1007 1202//1006
f 1207//1011 1203//1007 1182//986
f 1185//989 1208//1012 1207//1011
f 1186//990 1209//1013 1208//1012
f 1210//1014 1205//1009 1204//1008
f 1211//1015 1206//1010 1205//1009
f 1211//1015 1210//1014 1187//991
f 1212//1016 1209//1013 1186//990
f 1212//1016 1213//1017 1210//1014
f 1213//1017 1212//1016 1191//995
f 1213//1017 1192//996 1187//991
f 1195//999 1214//1018 878//732
f 1214//1018 1215//1019 879//733
f 1215//1019 1216//1020 880//734
f 1197//1001 1219//1023 1214//1018
f 1220//1024 1215//1019 1214//1018
f 1221//1025 1216//1020 1215//1019
f 1221//1025 1222//1026 1217//1021
f 1222//1026 1223//1027 1218//1022
f 1224//1028 1219//1023 1197//1001
f 1225//1029 1220//1024 1219//1023
f 1226//1030 1221//1025 1220//1024
f 1227//1031 1222//1026 1221//1025
f 1227//1031 1228//1032 1223//1027
f 1229//1033 1224//1028 1199//1003
f 1230//1034 1225//1029 1224//1028
f 1231//1035 1226//1030 1225//1029
f 1232//1036 1227//1031 1226//1030
f 1233//1037 1228//1032 1227//1031
f 1234//1038 1229//1033 1201//1005
f 1235//1039 1230//1034 1229//1033
f 1235//1039 1236//1040 1231//1035
f 1237//1041 1232//1036 1231//1035
f 1237//1041 1236//1040 1204//1008
f 1238//1042 1233//1037 1232//1036
f 1206//1010 1238//1042 1237//1041
f 1239//1043 1234//1038 1203//1007
f 1239//1043 1240//1044 1235//1039
f 1208//1012 1240//1044 1239//1043
f 1241//1045 1236//1040 1235//1039
f 1241//1045 1240//1044 1208//1012
f 1241//1045 1209//1013 1204//1008
f 1242//1046 1101//430 527//430
f 1242//1046 1243//1047 1102//430
f 544//447 1243//1047 1242//1046
f 1243//1047 1244//1048 1103//923
f 545//448 1244//1048 1243//1047
f 1245//1049 1117//430 1103//923
f 1246//1050 887//741 880//734
f 1246//1050 1247//1051 888//742
f 1217//1021 1247//1051 1246//1050
f 1247//1051 1248//1052 889//743
f 1218//1022 1248//1052 1247//1051
f 1249//1053 1248//1052 1218//1022
f 1250//1054 1249//1053 1223//1027
f 687//547 685//546 1251//1055
f 689//548 1254//1058 1253//1057
f 689//548 687//547 1252//1056
f 1256//1060 1255//1059 690//525
f 691//525 688//525 1253//1057
f 693//550 1258//546 1257//1061
f 693//550 690//525 1255//1059
f 697//552 1260//1062 1259//406
f 698//553 1261//1063 1260//1062
f 698//553 692//549 1257//1061
f 1262//1064 1261//1063 1257//1061
f 1268//1070 1266//1068 1265//1067
f 1268//1070 1267//1069 1253//1057
f 1268//1070 1254//1058 1252//1056
f 1256//1060 1270//1072 1269//1071
f 1270//1072 1256//1060 1253//1057
f 1258//546 1255//1059 1269//1071
f 1272//1074 1271//1073 1269//1071
f 1262//1064 1275//1076 1274//1075
f 1262//1064 1258//546 1271//1073
f 1279//1078 1264//1066 1263//1065
f 1281//1080 1279//1078 1278//1078
f 1281//1080 1280//1079 1265//1067
f 1281//1080 1266//1068 1264//1066
f 1283//1082 1267//1069 1265//1067
f 1285//1084 1283//1082 1282//1081
f 1285//1084 1270//1072 1267//1069
f 1287//1086 1285//1084 1284//1083
f 1287//1086 1286//1085 1271//1073
f 1272//1074 1270//1072 1285//1084
f 1273//430 1288//430 1135//430
f 1275//1076 1292//1090 1291//1089
f 1275//1076 1271//1073 1286//1085
f 1295//1092 1277//1078 1276//1077
f 1297//1078 1295//1092 1294//1078
f 1297//1078 1296//1078 1278//1078
f 1297//1078 1279//1078 1277//1078
f 1299//1078 1280//1079 1278//1078
f 1301//1078 1299//1078 1298//1078
f 1301//1078 1300//1078 1282//1081
f 1301//1078 1283//1082 1280//1079
f 1303//1094 1284//1083 1282//1081
f 1306//1097 1303//1094 1302//1093
f 1306//1097 1286//1085 1284//1083
f 1307//1098 1153//430 1135//430
f 1289//1087 1308//1099 1307//1098
f 1290//1088 1309//1100 1308//1099
f 1311//1102 1305//1096 1304//1095
f 1312//1103 1306//1097 1305//1096
f 1312//1103 1311//1102 1291//1089
f 1292//1090 1286//1085 1306//1097
f 1313//1104 1314//1105 992//831
f 1293//1091 969//812 992//831
f 1316//1107 1314//1105 1313//1104
f 1316//1107 1315//1106 1294//1078
f 1316//1107 1295//1092 1293//1091
f 1318//1078 1296//1078 1294//1078
f 1320//1078 1318//1078 1317//1078
f 1320//1078 1319//1078 1298//1078
f 1320//1078 1299//1078 1296//1078
f 1322//1109 1300//1078 1298//1078
f 1326//1113 1322//1109 1321//1108
f 1326//1113 1325//1112 1302//1093
f 1326//1113 1303//1094 1300//1078
f 1330//1117 1324//1111 1323//1110
f 1331//1118 1325//1112 1324//1111
f 1331//1118 1330//1117 1304//1095
f 1331//1118 1305//1096 1302//1093
f 1332//1119 1327//1114 1169//973
f 1307//1098 1332//1119 1171//975
f 1332//1119 1333//1120 1328//1115
f 1333//1120 1332//1119 1307//1098
f 1334//1121 1329//1116 1328//1115
f 1334//1121 1333//1120 1308//1099
f 1335//1122 1330//1117 1329//1116
f 1310//1101 1335//1122 1334//1121
f 1335//1122 1310//1101 1304//1095
f 1337//1124 1313//1104 991//830
f 1339//1125 1337//1124 1336//1123
f 1339//1125 1315//1106 1313//1104
f 1342//1078 1339//1125 1338//1078
f 1342//1078 1341//1127 1317//1078
f 1342//1078 1318//1078 1315//1106
f 1344//1129 1341//1127 1340//1126
f 1344//1129 1319//1078 1317//1078
f 1349//1132 1344//1129 1343//1128
f 1349//1132 1348//1131 1321//1108
f 1349//1132 1322//1109 1319//1078
f 1352//1110 1346//1110 1345//1110
f 1353//1134 1347//1130 1346//1110
f 1353//1134 1352//1110 1323//1110
f 1354//1135 1348//1131 1347//1130
f 1354//1135 1353//1134 1324//1111
f 1354//1135 1325//1112 1321//1108
f 1355//1136 1350//1133 1188//992
f 1327//1114 1355//1136 1193//997
f 1356//1137 1351//1110 1350//1133
f 1328//1115 1356//1137 1355//1136
f 1357//1138 1352//1110 1351//1110
f 1357//1138 1356//1137 1328//1115
f 1357//1138 1329//1116 1323//1110
f 1359//1140 1033//858 1032//857
f 1359//1140 1358//1139 1336//1123
f 1359//1140 1337//1124 1014//847
f 1361//1142 1338//1078 1336//1123
f 1364//1145 1361//1142 1360//1141
f 1364//1145 1363//1144 1340//1126
f 1364//1145 1341//1127 1338//1078
f 1369//1147 1363//1144 1362//1143
f 1369//1147 1343//1128 1340//1126
f 1371//1110 1366//1110 1365//1110
f 1372//1110 1367//1110 1366//1110
f 1372//1110 1371//1110 1345//1110
f 1373//1148 1368//1146 1367//1110
f 1347//1130 1373//1148 1372//1110
f 1373//1148 1374//1149 1369//1147
f 1374//1149 1373//1148 1347//1130
f 1374//1149 1348//1131 1343//1128
f 1375//1110 1370//1110 1206//1010
f 1350//1133 1375//1110 1211//1015
f 1376//1110 1371//1110 1370//1110
f 1376//1110 1375//1110 1350//1133
f 1376//1110 1351//1110 1345//1110
f 1358//1139 1032//857 1049//871
f 1382//1155 1378//1151 1377//1150
f 1382//1155 1381//1154 1360//1141
f 1382//1155 1361//1142 1358//1139
f 1386//1158 1380//1153 1379//1152
f 1387//1159 1381//1154 1380//1153
f 1387//1159 1386//1158 1362//1143
f 1387//1159 1363//1144 1360//1141
f 1233//1037 1388//1160 1383//1156
f 1389//1161 1384//1157 1383//1156
f 1389//1161 1388//1160 1365//1110
f 1390//1110 1385//1110 1384//1157
f 1367//1110 1390//1110 1389//1161
f 1391//1110 1386//1158 1385//1110
f 1391//1110 1390//1110 1367//1110
f 1391//1110 1368//1146 1362//1143
f 1392//1162 1388//1160 1233//1037
f 1392//1162 1238//1042 1206//1010
f 1392//1162 1370//1110 1365//1110
f 1394//1164 707//562 357//291
f 1396//1166 1394//1164 1393//1163
f 1396//1166 1395//1165 708//563
f 1396//1166 709//564 707//562
f 710//565 1397//1167 1251//1055
f 710//565 708//563 1395//1165
f 1398//1168 1252//1056 1251//1055
f 1400//1170 1060//882 1059//881
f 1400//1170 1399//1169 1393//1163
f 1400//1170 1394//1164 1055//877
f 1401//1171 1395//1165 1393//1163
f 1402//1172 1401//1171 1263//1065
f 1402//1172 1397//1167 1395//1165
f 1403//1173 1402//1172 1264//1066
f 1403//1173 1266//1068 1252//1056
f 1398//1168 1397//1167 1402//1172
f 1399//1169 1059//881 1062//884
f 1405//1175 1404//1174 1276//1077
f 1405//1175 1277//1078 1263//1065
f 1405//1175 1401//1171 1399//1169
f 1406//1176 1063//885 969//812
f 1406//1176 1293//1091 1276//1077
f 1406//1176 1404//1174 1062//884
f 1407//1177 1244//1048 545//448
f 713//568 1408//1178 1407//1177
f 714//569 1409//1179 1408//1178
f 714//569 696//406 1259//406
f 1410//1180 1409//1179 1259//406
f 1411//1181 1410//1180 1260//1062
f 1245//1049 1412//1182 1273//430
f 1407//1177 1412//1182 1245//1049
f 1408//1178 1413//1183 1412//1182
f 1414//1184 1413//1183 1408//1178
f 1410//1180 1415//1185 1414//1184
f 1411//1181 1416//1186 1415//1185
f 1411//1181 1261//1063 1274//1075
f 1417//1187 1288//430 1273//430
f 1417//1187 1418//1188 1289//1087
f 1413//1183 1418//1188 1417//1187
f 1418//1188 1419//1189 1290//1088
f 1414//1184 1419//1189 1418//1188
f 1420//1190 1419//1189 1414//1184
f 1416//1186 1421//1191 1420//1190
f 1421//1191 1416//1186 1274//1075
f 1422//1192 1309//1100 1290//1088
f 1423//1193 1310//1101 1309//1100
f 1420//1190 1423//1193 1422//1192
f 1424//1194 1311//1102 1310//1101
f 1424//1194 1423//1193 1420//1190
f 1424//1194 1421//1191 1291//1089
f 1248//1052 1425//1195 1072//894
f 1426//1196 1073//895 1072//894
f 1427//1197 1074//896 1073//895
f 1428//1198 1075//897 1074//896
f 1429//1199 1076//898 1075//897
f 1430//1200 1077//899 1076//898
f 1430//1200 1429//1199 1377//1150
f 1430//1200 1378//1151 1049//871
f 1249//1053 1431//1201 1425//1195
f 1432//1202 1426//1196 1425//1195
f 1433//1203 1427//1197 1426//1196
f 1434//1204 1428//1198 1427//1197
f 1434//1204 1433//1203 1379//1152
f 1435//1205 1429//1199 1428//1198
f 1435//1205 1434//1204 1380//1153
f 1435//1205 1381//1154 1377//1150
f 1250//1054 1436//1206 1431//1201
f 1383//1156 1436//1206 1250//1054
f 1437//1207 1432//1202 1431//1201
f 1384//1157 1437//1207 1436//1206
f 1438//1208 1433//1203 1432//1202
f 1438//1208 1437//1207 1384//1157
f 1438//1208 1385//1110 1379//1152
