# Blender 4.2.0
# www.blender.org
o 96265_X2Y2
v -0.280971 -0.002956 0.249210
v -0.251146 -0.067946 0.249800
v -0.255836 -0.046612 0.252012
v -0.265289 -0.014203 0.254276
v -0.405307 -0.002812 0.034230
v -0.404772 -0.032762 0.001893
v -0.408689 -0.014117 0.013565
v -0.375813 -0.006137 0.100108
v -0.375278 -0.036086 0.067771
v -0.380459 -0.016112 0.077952
v -0.374743 -0.066035 0.035434
v -0.379496 -0.046511 0.046120
v -0.395201 -0.014117 0.045398
v -0.374208 -0.095985 0.003097
v -0.378533 -0.076911 0.014288
v -0.394239 -0.044517 0.013565
v -0.400383 -0.023529 0.022609
v -0.341929 -0.000228 0.186703
v -0.345275 -0.007266 0.170911
v -0.345784 -0.039410 0.133650
v -0.352229 -0.018106 0.142339
v -0.345249 -0.069360 0.101313
v -0.351266 -0.048506 0.110507
v -0.366971 -0.016112 0.109784
v -0.344714 -0.099309 0.068976
v -0.350303 -0.078905 0.078675
v -0.366008 -0.046511 0.077952
v -0.370889 -0.026853 0.088488
v -0.344179 -0.127061 0.036639
v -0.349340 -0.109305 0.046843
v -0.365045 -0.076911 0.046120
v -0.370354 -0.056802 0.056151
v -0.347600 -0.129156 0.015537
v -0.363243 -0.107310 0.014288
v -0.369819 -0.086752 0.023814
v -0.311900 -0.033501 0.219031
v -0.316170 -0.015537 0.223116
v -0.311365 -0.063451 0.187908
v -0.315135 -0.044961 0.199754
v -0.330841 -0.012566 0.199031
v -0.310830 -0.093400 0.155571
v -0.314173 -0.075360 0.167922
v -0.326572 -0.046612 0.170911
v -0.337889 -0.022804 0.170911
v -0.314164 -0.100413 0.139836
v -0.324967 -0.077687 0.139836
v -0.337778 -0.048506 0.142339
v -0.341395 -0.030177 0.154366
v -0.314684 -0.132583 0.102518
v -0.321110 -0.111299 0.111230
v -0.336815 -0.078905 0.110507
v -0.340860 -0.060127 0.122029
v -0.319945 -0.138144 0.077687
v -0.335852 -0.109305 0.078675
v -0.340325 -0.090076 0.089692
v -0.328173 -0.137951 0.046843
v -0.339790 -0.120025 0.057355
v -0.326284 -0.143575 0.015537
v -0.281336 -0.096724 0.219729
v -0.285861 -0.077687 0.224066
v -0.296054 -0.044961 0.227632
v -0.292881 -0.014203 0.239721
v -0.280801 -0.126674 0.189113
v -0.284980 -0.107754 0.200477
v -0.300685 -0.075360 0.199754
v -0.306976 -0.054218 0.208624
v -0.280266 -0.156607 0.156776
v -0.284017 -0.138154 0.168645
v -0.299722 -0.105760 0.167922
v -0.306441 -0.084167 0.176287
v -0.283855 -0.160536 0.139836
v -0.295424 -0.139836 0.139836
v -0.306778 -0.115950 0.139836
v -0.290110 -0.164079 0.108761
v -0.306396 -0.141699 0.111230
v -0.310295 -0.123350 0.123234
v -0.293946 -0.164009 0.077687
v -0.309483 -0.153682 0.077687
v -0.294272 -0.163406 0.046612
v -0.309809 -0.154829 0.046612
v -0.293178 -0.162804 0.015537
v -0.308715 -0.154255 0.015537
v -0.250772 -0.159948 0.220448
v -0.255552 -0.139836 0.225039
v -0.265286 -0.107754 0.228752
v -0.262556 -0.078057 0.240834
v -0.271374 -0.046612 0.244565
v -0.276417 -0.023672 0.247062
v -0.250237 -0.188182 0.190317
v -0.254824 -0.170548 0.201199
v -0.270529 -0.138154 0.200477
v -0.276412 -0.117441 0.209829
v -0.252403 -0.189324 0.170911
v -0.268010 -0.168543 0.168645
v -0.275877 -0.147390 0.177492
v -0.253491 -0.189299 0.139836
v -0.269028 -0.176074 0.139836
v -0.252685 -0.188697 0.108761
v -0.268222 -0.179617 0.108761
v -0.251590 -0.188095 0.077687
v -0.267128 -0.179546 0.077687
v -0.250496 -0.187493 0.046612
v -0.266033 -0.178944 0.046612
v -0.249402 -0.186891 0.015537
v -0.264939 -0.178342 0.015537
v -0.217582 -0.000136 0.279700
v -0.221321 -0.132936 0.250389
v -0.226636 -0.108761 0.252896
v -0.234964 -0.078057 0.255336
v -0.233060 -0.046612 0.262758
v -0.229988 -0.012512 0.271280
v -0.187757 -0.065126 0.280289
v -0.191827 -0.046612 0.282210
v -0.202396 -0.012512 0.284297
v -0.195874 -0.161483 0.252353
v -0.204534 -0.141911 0.255933
v -0.201985 -0.108761 0.264526
v -0.199663 -0.076365 0.272341
v -0.207365 -0.046612 0.274880
v -0.213028 -0.020853 0.277551
v -0.162486 -0.099393 0.283011
v -0.172071 -0.076365 0.285348
v -0.170911 -0.046612 0.292078
v -0.170911 -0.015537 0.298524
v -0.170911 -0.161514 0.252405
v -0.170911 -0.139836 0.263344
v -0.172071 -0.109355 0.275074
v -0.183202 -0.085843 0.278141
v -0.128922 -0.036418 0.312928
v -0.134650 -0.015537 0.315630
v -0.139836 -0.099703 0.283354
v -0.139836 -0.077687 0.293598
v -0.139503 -0.046711 0.304889
v -0.150188 -0.015537 0.308300
v -0.150038 -0.157450 0.249918
v -0.139742 -0.141779 0.257353
v -0.139836 -0.115240 0.274089
v -0.108761 -0.037228 0.313747
v -0.108761 -0.015537 0.323298
v -0.117957 -0.095693 0.281242
v -0.108064 -0.079856 0.288862
v -0.108761 -0.052766 0.305519
v -0.108761 -0.135749 0.254983
v -0.108064 -0.107135 0.271762
v -0.097240 -0.091660 0.278692
v -0.085875 -0.033936 0.312566
v -0.076385 -0.017942 0.320385
v -0.077687 -0.072649 0.286136
v -0.076385 -0.045221 0.303041
v -0.065159 -0.029903 0.310001
v -0.077687 -0.133721 0.253701
v -0.077687 -0.108761 0.266402
v -0.077687 -0.088186 0.276836
v -0.046612 -0.010755 0.317585
v -0.046612 -0.066617 0.282290
v -0.046612 -0.046612 0.294787
v -0.046612 -0.026292 0.307706
v -0.046612 -0.129005 0.251559
v -0.046612 -0.108761 0.260467
v -0.046612 -0.082154 0.273042
v -0.015537 -0.004706 0.313738
v -0.029202 -0.062901 0.280135
v -0.017521 -0.047737 0.286871
v -0.015537 -0.020243 0.303860
v -0.030179 -0.124860 0.248890
v -0.018108 -0.108148 0.252680
v -0.017521 -0.075030 0.269889
v -0.008486 -0.058845 0.277571
v -0.127269 -0.250016 0.008864
v -0.108761 -0.251039 0.010998
v -0.069279 -0.252023 0.039371
v -0.078857 -0.256425 0.015910
v -0.031702 -0.248939 0.093736
v -0.038163 -0.252612 0.077687
v -0.048799 -0.259458 0.048482
v -0.037308 -0.283463 0.008811
v -0.047245 -0.273551 0.017716
v -0.029392 -0.248939 0.093736
v -0.017635 -0.255208 0.079257
v -0.008317 -0.282504 0.034973
v -0.017420 -0.273231 0.045843
v -0.017420 -0.289861 0.017716
v -0.029034 -0.278977 0.029527
v -0.225131 -0.194805 0.225212
v -0.234518 -0.170548 0.229892
v -0.232231 -0.141911 0.241967
v -0.242173 -0.108761 0.245442
v -0.246592 -0.088662 0.247651
v -0.234518 -0.197424 0.201199
v -0.245848 -0.180664 0.211034
v -0.233060 -0.201326 0.170911
v -0.233060 -0.200699 0.139836
v -0.233060 -0.199495 0.108761
v -0.233060 -0.198290 0.077687
v -0.233060 -0.197086 0.046612
v -0.233060 -0.195882 0.015537
v -0.201985 -0.198102 0.229033
v -0.204534 -0.171469 0.245161
v -0.216591 -0.153653 0.248240
v -0.201985 -0.211904 0.201985
v -0.191910 -0.220119 0.165145
v -0.202155 -0.214600 0.173666
v -0.194280 -0.221525 0.139836
v -0.209817 -0.213385 0.139836
v -0.193371 -0.221332 0.108761
v -0.208909 -0.212783 0.108761
v -0.192277 -0.220730 0.077687
v -0.207814 -0.212181 0.077687
v -0.191183 -0.220128 0.046612
v -0.206720 -0.211579 0.046612
v -0.190088 -0.219526 0.015537
v -0.205626 -0.210977 0.015537
v -0.170911 -0.195580 0.227085
v -0.170911 -0.177051 0.242623
v -0.170911 -0.209528 0.201985
v -0.170911 -0.220084 0.164990
v -0.170911 -0.215933 0.180527
v -0.170911 -0.224839 0.139836
v -0.170911 -0.228818 0.108761
v -0.170911 -0.231243 0.077687
v -0.170911 -0.231282 0.046612
v -0.170911 -0.230077 0.015537
v -0.139836 -0.192144 0.223239
v -0.139742 -0.169049 0.239995
v -0.129322 -0.153432 0.247354
v -0.139836 -0.203385 0.201985
v -0.150671 -0.218342 0.158424
v -0.140122 -0.213495 0.169634
v -0.140122 -0.221252 0.140742
v -0.129954 -0.216537 0.151704
v -0.139836 -0.229788 0.108761
v -0.139836 -0.236987 0.077687
v -0.139836 -0.241799 0.046612
v -0.138511 -0.244477 0.017748
v -0.114081 -0.189047 0.220052
v -0.105738 -0.173985 0.229508
v -0.108761 -0.151286 0.246145
v -0.105738 -0.194836 0.205054
v -0.093365 -0.186393 0.217457
v -0.108761 -0.207706 0.170911
v -0.108761 -0.218932 0.129545
v -0.108761 -0.214708 0.145083
v -0.108761 -0.224507 0.108761
v -0.108761 -0.232846 0.077687
v -0.108761 -0.241591 0.046612
v -0.108761 -0.247381 0.026535
v -0.077687 -0.168487 0.228713
v -0.077687 -0.149258 0.244250
v -0.077687 -0.192278 0.198593
v -0.077687 -0.184024 0.214130
v -0.077687 -0.202973 0.170911
v -0.077687 -0.218115 0.125769
v -0.077687 -0.212681 0.141306
v -0.077687 -0.224148 0.108761
v -0.077687 -0.234943 0.077687
v -0.078857 -0.244436 0.048482
v -0.089995 -0.247195 0.026516
v -0.046612 -0.163799 0.225309
v -0.046612 -0.144542 0.240847
v -0.046612 -0.189575 0.192493
v -0.046612 -0.179337 0.208030
v -0.046612 -0.199630 0.170911
v -0.046612 -0.220615 0.129141
v -0.046612 -0.212040 0.144679
v -0.043881 -0.235539 0.105961
v -0.053701 -0.244108 0.077687
v -0.060615 -0.247783 0.060088
v -0.015537 -0.159031 0.220960
v -0.018108 -0.137065 0.237072
v -0.009463 -0.118098 0.245523
v -0.024304 -0.187632 0.188607
v -0.014582 -0.176494 0.200173
v -0.014582 -0.193906 0.173199
v -0.003588 -0.185697 0.185083
v -0.015537 -0.220814 0.128925
v -0.015537 -0.210419 0.144462
v -0.017635 -0.237684 0.105961
v -0.008676 -0.246736 0.090662
v -0.375002 0.212732 0.249591
v -0.379471 0.233060 0.251699
v -0.345177 0.147741 0.250180
v -0.350271 0.170911 0.252583
v -0.358997 0.202218 0.254961
v -0.357358 0.233060 0.262132
v -0.311613 0.215551 0.280081
v -0.315462 0.233060 0.281897
v -0.310797 0.062035 0.248621
v -0.314238 0.077687 0.250244
v -0.321070 0.108761 0.253467
v -0.328672 0.138364 0.256022
v -0.326284 0.170911 0.263900
v -0.323696 0.203910 0.271965
v -0.331000 0.233060 0.274567
v -0.281788 0.150561 0.280670
v -0.286262 0.170911 0.282781
v -0.296104 0.203910 0.284983
v -0.295209 0.233060 0.291452
v -0.285037 0.015537 0.251128
v -0.295614 0.049651 0.253215
v -0.295209 0.077687 0.259222
v -0.295209 0.108761 0.265668
v -0.293371 0.140056 0.273026
v -0.301799 0.170911 0.275451
v -0.307059 0.194835 0.277932
v -0.252779 0.239087 0.312719
v -0.251962 0.085571 0.281259
v -0.257061 0.108761 0.283665
v -0.265779 0.140056 0.286043
v -0.264135 0.170911 0.293220
v -0.264135 0.201985 0.299666
v -0.263536 0.230461 0.305855
v -0.264135 0.015537 0.260990
v -0.264135 0.046612 0.267436
v -0.263046 0.076202 0.274087
v -0.272598 0.108761 0.276335
v -0.277233 0.129845 0.278521
v -0.382483 0.264135 0.252659
v -0.379017 0.283230 0.250871
v -0.357358 0.264135 0.263272
v -0.357358 0.289525 0.254893
v -0.316168 0.257701 0.282229
v -0.326429 0.266489 0.275498
v -0.328587 0.297849 0.260261
v -0.319765 0.315989 0.251947
v -0.297687 0.266489 0.287748
v -0.288981 0.285083 0.283130
v -0.309698 0.278417 0.279282
v -0.297687 0.295349 0.273336
v -0.293036 0.326322 0.255273
v -0.281229 0.342726 0.249176
v -0.252779 0.252913 0.312719
v -0.263536 0.263616 0.303026
v -0.262136 0.295349 0.286542
v -0.250445 0.311821 0.280358
v -0.271162 0.305800 0.276511
v -0.262136 0.323821 0.268348
v -0.264135 0.347695 0.252350
v -0.466437 0.185467 0.094360
v -0.466437 0.188358 0.094360
v -0.466881 0.153583 0.064157
v -0.466659 0.174200 0.075892
v -0.466437 0.188358 0.087627
v -0.466427 0.123634 0.031820
v -0.467278 0.141869 0.043952
v -0.467337 0.164942 0.046612
v -0.467846 0.116699 0.015537
v -0.468700 0.139836 0.015537
v -0.466974 0.160519 0.015537
v -0.439014 0.240149 0.221250
v -0.438546 0.210158 0.194710
v -0.444576 0.231099 0.203835
v -0.438011 0.180209 0.162373
v -0.443659 0.200674 0.172003
v -0.456207 0.233060 0.170911
v -0.437476 0.150259 0.130036
v -0.442696 0.170274 0.140171
v -0.455860 0.201985 0.139836
v -0.460296 0.233060 0.139836
v -0.436941 0.120310 0.097699
v -0.441733 0.139875 0.108339
v -0.457439 0.173429 0.106336
v -0.462988 0.200024 0.106336
v -0.460216 0.233060 0.108761
v -0.436406 0.090360 0.065362
v -0.440771 0.109475 0.076507
v -0.456476 0.141869 0.075784
v -0.462582 0.164751 0.084874
v -0.465850 0.183650 0.066911
v -0.463924 0.200024 0.077436
v -0.458456 0.233060 0.077687
v -0.435872 0.060411 0.033025
v -0.439808 0.079076 0.044675
v -0.455513 0.111470 0.043952
v -0.462047 0.132867 0.052537
v -0.465275 0.180479 0.046612
v -0.461853 0.201985 0.046612
v -0.456697 0.233060 0.046612
v -0.435337 0.030461 0.000688
v -0.438845 0.048676 0.012843
v -0.451494 0.077687 0.015537
v -0.462500 0.101161 0.015537
v -0.464395 0.176056 0.015537
v -0.460093 0.201985 0.015537
v -0.454937 0.233060 0.015537
v -0.408517 0.176884 0.221838
v -0.414253 0.201985 0.225608
v -0.421899 0.231099 0.228807
v -0.407982 0.146935 0.195915
v -0.414466 0.168280 0.204558
v -0.429987 0.200674 0.203835
v -0.433851 0.219433 0.215426
v -0.407447 0.116985 0.163578
v -0.413503 0.137880 0.172726
v -0.429208 0.170274 0.172003
v -0.433622 0.189442 0.183089
v -0.406912 0.087036 0.131241
v -0.412540 0.107481 0.140894
v -0.428246 0.139875 0.140171
v -0.433087 0.159492 0.150752
v -0.406377 0.057087 0.098904
v -0.411578 0.077081 0.109062
v -0.427283 0.109475 0.108339
v -0.432552 0.129543 0.118415
v -0.405842 0.027137 0.066567
v -0.410615 0.046682 0.077230
v -0.426320 0.079076 0.076507
v -0.432017 0.099593 0.086078
v -0.409652 0.016282 0.045398
v -0.425357 0.048676 0.044675
v -0.431482 0.069644 0.053741
v -0.424394 0.018277 0.012843
v -0.430948 0.039694 0.021404
v -0.373028 0.092945 0.217691
v -0.376788 0.108761 0.221286
v -0.384081 0.139836 0.226450
v -0.391240 0.168280 0.229866
v -0.386590 0.202218 0.241943
v -0.395009 0.233060 0.244369
v -0.376387 0.085880 0.201985
v -0.387263 0.108761 0.201985
v -0.399941 0.137880 0.204558
v -0.403470 0.156168 0.216631
v -0.376883 0.053762 0.164782
v -0.383347 0.075087 0.173449
v -0.399052 0.107481 0.172726
v -0.403058 0.126218 0.184294
v -0.376348 0.023813 0.132445
v -0.382385 0.044687 0.141616
v -0.398090 0.077081 0.140894
v -0.402523 0.096269 0.151957
v -0.381422 0.014288 0.109784
v -0.397127 0.046682 0.109062
v -0.401988 0.066320 0.119620
v -0.396164 0.016282 0.077230
v -0.401453 0.036370 0.087283
v -0.400918 0.006421 0.054946
v -0.342464 0.029722 0.218352
v -0.346479 0.046612 0.222190
v -0.357591 0.080627 0.225446
v -0.357358 0.108761 0.234363
v -0.356264 0.138364 0.242970
v -0.365808 0.170911 0.245253
v -0.370448 0.192015 0.247442
v -0.345291 0.017833 0.199031
v -0.357720 0.046612 0.201985
v -0.369001 0.070343 0.201985
v -0.356115 0.015537 0.170911
v -0.368897 0.044687 0.173449
v -0.372494 0.062995 0.185499
v -0.367934 0.014288 0.141616
v -0.371959 0.033046 0.153162
v -0.371424 0.003096 0.120825
v -0.326823 0.017833 0.226530
v -0.323207 0.049651 0.238626
v -0.329775 0.077687 0.242838
v -0.336607 0.108761 0.246137
v -0.340622 0.127025 0.248032
v -0.337540 0.009005 0.207420
v -0.300574 0.015537 0.243697
v -0.306242 0.041318 0.246472
v -0.442822 0.264135 0.223961
v -0.441445 0.286538 0.222380
v -0.454592 0.264135 0.201985
v -0.443496 0.296221 0.199595
v -0.435451 0.311108 0.187643
v -0.458142 0.264135 0.170911
v -0.448344 0.295209 0.170911
v -0.437866 0.313637 0.170911
v -0.456820 0.264135 0.139836
v -0.450450 0.295209 0.139836
v -0.440852 0.318133 0.139836
v -0.455060 0.264135 0.108761
v -0.449904 0.295209 0.108761
v -0.441185 0.322467 0.108761
v -0.453300 0.264135 0.077687
v -0.448144 0.295209 0.077687
v -0.440150 0.328739 0.079368
v -0.436540 0.343946 0.070130
v -0.451540 0.264135 0.046612
v -0.446384 0.295209 0.046612
v -0.441228 0.326284 0.046612
v -0.436847 0.345024 0.046612
v -0.449781 0.264135 0.015537
v -0.444624 0.295209 0.015537
v -0.439468 0.326284 0.015537
v -0.435968 0.344876 0.015537
v -0.419508 0.264135 0.237010
v -0.419279 0.296221 0.227007
v -0.408767 0.314129 0.219688
v -0.429484 0.307255 0.208359
v -0.419279 0.318738 0.199595
v -0.417984 0.331234 0.172463
v -0.406610 0.344169 0.163139
v -0.426108 0.333670 0.139836
v -0.410571 0.347692 0.139836
v -0.431389 0.338004 0.108761
v -0.415852 0.352390 0.108761
v -0.434368 0.340735 0.090846
v -0.419948 0.357547 0.078788
v -0.405527 0.374281 0.066730
v -0.424484 0.360562 0.046612
v -0.408947 0.377322 0.046612
v -0.429537 0.360413 0.015537
v -0.414000 0.382019 0.015537
v -0.398020 0.264135 0.246109
v -0.388999 0.294237 0.240130
v -0.388433 0.320341 0.223657
v -0.391012 0.336597 0.204636
v -0.382373 0.350251 0.196045
v -0.403089 0.341037 0.183856
v -0.388669 0.357568 0.171604
v -0.374248 0.374099 0.159353
v -0.393103 0.363229 0.139836
v -0.377565 0.377049 0.139836
v -0.398384 0.367927 0.108761
v -0.382847 0.381747 0.108761
v -0.402007 0.371149 0.087446
v -0.387586 0.387680 0.075195
v -0.373166 0.404210 0.062943
v -0.391478 0.392859 0.046612
v -0.375941 0.406679 0.046612
v -0.396760 0.397557 0.015537
v -0.381222 0.411377 0.015537
v -0.357358 0.305063 0.244965
v -0.359488 0.328823 0.228992
v -0.350549 0.346895 0.220764
v -0.371265 0.340873 0.216762
v -0.360638 0.358931 0.205031
v -0.350011 0.380180 0.193301
v -0.370728 0.370967 0.180069
v -0.356307 0.387498 0.167817
v -0.341887 0.404029 0.155566
v -0.360097 0.392587 0.139836
v -0.344560 0.406406 0.139836
v -0.365378 0.397284 0.108761
v -0.349841 0.411104 0.108761
v -0.369645 0.401079 0.083659
v -0.358515 0.413579 0.075055
v -0.355753 0.424239 0.047923
v -0.344325 0.437272 0.038440
v -0.363754 0.426914 0.015537
v -0.348217 0.440734 0.015537
v -0.340481 0.309968 0.248100
v -0.328587 0.326322 0.242067
v -0.323936 0.357295 0.224003
v -0.312013 0.373632 0.217993
v -0.332730 0.367611 0.214017
v -0.324855 0.387264 0.202338
v -0.316980 0.409399 0.190658
v -0.337697 0.400897 0.176282
v -0.326917 0.412825 0.167919
v -0.324556 0.423912 0.140787
v -0.313046 0.437090 0.131062
v -0.332373 0.426641 0.108761
v -0.316836 0.440461 0.108761
v -0.337654 0.431339 0.077687
v -0.322117 0.445159 0.077687
v -0.340804 0.434140 0.059156
v -0.326383 0.450671 0.046904
v -0.311963 0.467202 0.034653
v -0.330749 0.456271 0.015537
v -0.315212 0.470091 0.015537
v -0.301946 0.336705 0.245328
v -0.293036 0.354794 0.237079
v -0.295209 0.378516 0.221114
v -0.295209 0.394053 0.211186
v -0.293801 0.419657 0.194671
v -0.282504 0.437226 0.187886
v -0.304185 0.430533 0.170911
v -0.288648 0.442776 0.170911
v -0.309525 0.433958 0.151779
v -0.295104 0.450489 0.139527
v -0.280684 0.467020 0.127275
v -0.299368 0.455999 0.108761
v -0.283830 0.469818 0.108761
v -0.304649 0.460696 0.077687
v -0.289112 0.474516 0.077687
v -0.308442 0.464070 0.055369
v -0.296934 0.477244 0.045651
v -0.294172 0.487904 0.018519
v -0.264135 0.363232 0.242422
v -0.263525 0.389380 0.225940
v -0.252761 0.406391 0.219069
v -0.273477 0.400370 0.215222
v -0.263525 0.417852 0.207747
v -0.264135 0.442885 0.191491
v -0.265737 0.458623 0.172937
v -0.256446 0.473101 0.163929
v -0.277163 0.463888 0.147992
v -0.265737 0.476917 0.138514
v -0.262974 0.487577 0.111383
v -0.271643 0.490053 0.077687
v -0.276925 0.494751 0.046612
v -0.279601 0.497131 0.030866
v -0.283122 0.500263 0.010149
v -0.251843 0.500081 0.102772
v -0.256106 0.503873 0.077687
v -0.261387 0.508571 0.046612
v -0.265180 0.513662 0.018614
v -0.250760 0.530193 0.006362
v -0.218399 0.153381 0.311160
v -0.222253 0.170911 0.312978
v -0.229084 0.201985 0.316201
v -0.235944 0.230461 0.318840
v -0.221028 0.015537 0.281326
v -0.227860 0.046612 0.284549
v -0.235454 0.076202 0.287104
v -0.233060 0.108761 0.294988
v -0.230478 0.141748 0.303048
v -0.237790 0.170911 0.305648
v -0.244622 0.201985 0.308871
v -0.248224 0.218371 0.310571
v -0.236566 0.015537 0.273996
v -0.243397 0.046612 0.277219
v -0.247408 0.064854 0.279111
v -0.188407 0.243236 0.342649
v -0.188573 0.088390 0.311749
v -0.193052 0.108761 0.313862
v -0.202886 0.141748 0.316065
v -0.201985 0.170911 0.322540
v -0.201985 0.201985 0.328986
v -0.200053 0.232950 0.335845
v -0.201985 0.015537 0.290310
v -0.201985 0.046612 0.296756
v -0.200153 0.077894 0.304109
v -0.208589 0.108761 0.306532
v -0.213844 0.132664 0.309011
v -0.159564 0.176917 0.343798
v -0.165076 0.201985 0.346398
v -0.173050 0.232950 0.347637
v -0.158748 0.023400 0.312339
v -0.163851 0.046612 0.314746
v -0.172561 0.077894 0.317126
v -0.170911 0.108761 0.324308
v -0.170911 0.139836 0.330754
v -0.170318 0.168299 0.336938
v -0.180613 0.201985 0.339068
v -0.184835 0.222519 0.341060
v -0.169828 0.014040 0.305170
v -0.179388 0.046612 0.307416
v -0.184019 0.067674 0.309601
v -0.125184 0.091210 0.342239
v -0.129043 0.108761 0.344059
v -0.135875 0.139836 0.347282
v -0.142725 0.168299 0.349955
v -0.139836 0.201985 0.358306
v -0.139836 0.233060 0.361678
v -0.142235 0.014040 0.318187
v -0.139836 0.046612 0.326076
v -0.137260 0.079586 0.334131
v -0.144580 0.108761 0.336729
v -0.151412 0.139836 0.339952
v -0.155010 0.156200 0.341650
v -0.154193 0.002683 0.310190
v -0.096175 0.179736 0.374288
v -0.101067 0.201985 0.376596
v -0.103066 0.233060 0.377116
v -0.095359 0.027379 0.342828
v -0.099842 0.046612 0.344943
v -0.109667 0.079586 0.347148
v -0.108761 0.108761 0.353628
v -0.108761 0.139836 0.360074
v -0.107425 0.169991 0.366959
v -0.116604 0.201985 0.369266
v -0.118604 0.233060 0.370566
v -0.106935 0.016427 0.334704
v -0.115379 0.046612 0.337613
v -0.120630 0.070493 0.340090
v -0.066350 0.114746 0.374877
v -0.071866 0.139836 0.377480
v -0.079832 0.169991 0.379977
v -0.077687 0.201985 0.387626
v -0.077687 0.233060 0.387888
v -0.077687 0.025863 0.344128
v -0.077687 0.046612 0.352526
v -0.077687 0.077687 0.361841
v -0.077099 0.106137 0.368020
v -0.087403 0.139836 0.370150
v -0.091621 0.159020 0.372139
v -0.077687 0.010326 0.336968
v -0.032786 0.182556 0.404778
v -0.037058 0.201985 0.406793
v -0.037341 0.226326 0.406926
v -0.040687 0.089579 0.375213
v -0.049272 0.106137 0.379596
v -0.046612 0.139836 0.389394
v -0.044531 0.171683 0.396981
v -0.052595 0.201985 0.399463
v -0.047264 0.235235 0.399811
v -0.053794 0.027822 0.343889
v -0.044706 0.043972 0.351541
v -0.049272 0.078607 0.368845
v -0.061404 0.094029 0.372729
v -0.044706 0.016693 0.334564
v -0.033078 0.031855 0.341325
v -0.006630 0.151336 0.406458
v -0.016408 0.171683 0.409364
v -0.015537 0.201985 0.416946
v -0.017713 0.235235 0.412412
v -0.021713 0.089579 0.375213
v -0.013028 0.105887 0.382211
v -0.016408 0.140521 0.398660
v -0.027346 0.161839 0.402629
v -0.029522 0.247043 0.403394
v -0.015537 0.050806 0.349033
v -0.013028 0.078607 0.366087
v -0.000996 0.093612 0.372649
v -0.015537 0.015537 0.326609
v -0.015537 0.035269 0.339154
v -0.231236 0.263616 0.316491
v -0.219661 0.280915 0.311541
v -0.240378 0.273629 0.307694
v -0.231236 0.292848 0.299617
v -0.233060 0.316874 0.283587
v -0.233060 0.332411 0.273659
v -0.232625 0.358407 0.257209
v -0.221977 0.375485 0.250252
v -0.188407 0.250010 0.342649
v -0.200053 0.261874 0.330522
v -0.201985 0.286053 0.314824
v -0.201985 0.301590 0.304896
v -0.201725 0.327434 0.288478
v -0.191193 0.344579 0.281434
v -0.211909 0.338558 0.277587
v -0.201725 0.355906 0.270285
v -0.201985 0.381296 0.253965
v -0.170911 0.255231 0.345997
v -0.170911 0.270769 0.336132
v -0.170825 0.296460 0.319748
v -0.160409 0.313674 0.312617
v -0.181126 0.307653 0.308770
v -0.170825 0.324933 0.301554
v -0.170911 0.350474 0.285201
v -0.170911 0.366012 0.275273
v -0.172214 0.390492 0.259146
v -0.162725 0.408244 0.251328
v -0.139924 0.265487 0.351010
v -0.129625 0.282768 0.343800
v -0.150342 0.276747 0.339952
v -0.139924 0.293959 0.332823
v -0.139836 0.319653 0.316438
v -0.139836 0.335191 0.306510
v -0.141314 0.359519 0.290415
v -0.131941 0.377338 0.282510
v -0.152657 0.371317 0.278663
v -0.141314 0.387991 0.272222
v -0.139836 0.414896 0.255579
v -0.098841 0.251863 0.374982
v -0.109024 0.262986 0.364092
v -0.108761 0.288832 0.347674
v -0.108761 0.304370 0.337746
v -0.110414 0.328545 0.321684
v -0.101157 0.346432 0.313693
v -0.121873 0.340411 0.309846
v -0.110414 0.357018 0.303491
v -0.105762 0.387991 0.285427
v -0.093405 0.404076 0.279739
v -0.114121 0.398055 0.275892
v -0.108797 0.419529 0.264148
v -0.103472 0.441002 0.252404
v -0.077687 0.258011 0.378911
v -0.077687 0.273548 0.368983
v -0.079513 0.297572 0.352953
v -0.070373 0.315527 0.344876
v -0.091089 0.309506 0.341028
v -0.079513 0.326045 0.334760
v -0.074862 0.357018 0.316696
v -0.062621 0.373170 0.310922
v -0.083338 0.367149 0.307074
v -0.074862 0.385490 0.298502
v -0.077687 0.408644 0.282658
v -0.077687 0.424181 0.272730
v -0.076252 0.451049 0.256095
v -0.064937 0.467740 0.249633
v -0.048613 0.266599 0.384223
v -0.039589 0.284621 0.376058
v -0.060306 0.278600 0.372211
v -0.048613 0.295071 0.366029
v -0.043962 0.326045 0.347965
v -0.031837 0.342264 0.342104
v -0.052554 0.336243 0.338257
v -0.043962 0.354517 0.329772
v -0.046612 0.377823 0.313895
v -0.046612 0.393360 0.303967
v -0.045351 0.420076 0.287364
v -0.034153 0.436834 0.280815
v -0.054869 0.430813 0.276968
v -0.045351 0.448548 0.269170
v -0.046612 0.472525 0.253036
v -0.008805 0.253716 0.407241
v -0.017713 0.264098 0.397298
v -0.013062 0.295071 0.379234
v -0.001053 0.311359 0.373287
v -0.021770 0.305338 0.369440
v -0.013062 0.323544 0.361041
v -0.015537 0.346613 0.345132
v -0.015537 0.362151 0.334392
v -0.015537 0.383430 0.318855
v -0.015537 0.398968 0.307083
v -0.015121 0.421918 0.289857
v -0.025202 0.436834 0.280815
v -0.004486 0.433883 0.278652
v -0.015121 0.448548 0.269710
v -0.015537 0.471523 0.252446
v -0.242693 0.369464 0.246404
v -0.232625 0.386879 0.239016
v -0.233060 0.412117 0.222728
v -0.233060 0.427654 0.212800
v -0.234014 0.452438 0.196608
v -0.224293 0.470055 0.188963
v -0.245009 0.464034 0.184646
v -0.234547 0.481936 0.172926
v -0.245543 0.494478 0.139836
v -0.248322 0.496949 0.123488
v -0.201985 0.396833 0.244036
v -0.203114 0.421465 0.227877
v -0.193509 0.439149 0.220145
v -0.214225 0.433128 0.216298
v -0.203114 0.449938 0.209684
v -0.201985 0.476539 0.193105
v -0.201985 0.492076 0.182861
v -0.183441 0.402223 0.247480
v -0.172214 0.418964 0.240953
v -0.170911 0.445717 0.224342
v -0.170911 0.461255 0.214414
v -0.173603 0.484523 0.198545
v -0.185757 0.496793 0.186191
v -0.139836 0.430434 0.245651
v -0.142703 0.453550 0.229814
v -0.134256 0.471908 0.221221
v -0.154973 0.465887 0.217374
v -0.142703 0.482023 0.211621
v -0.124189 0.434981 0.248556
v -0.111803 0.451049 0.242890
v -0.107152 0.482023 0.224826
v -0.116437 0.492625 0.214602
v -0.085653 0.461719 0.245785
v -0.076252 0.479522 0.237901
v -0.046612 0.488063 0.242286
v -0.015537 0.487061 0.239844
v -0.224084 0.503031 0.161206
v -0.230006 0.508298 0.139836
v -0.233901 0.513480 0.111237
v -0.219481 0.530011 0.098985
v -0.238638 0.519411 0.077687
v -0.223101 0.533230 0.077687
v -0.243919 0.524108 0.046612
v -0.228382 0.537928 0.046612
v -0.247239 0.527061 0.027079
v -0.232818 0.543592 0.014827
v -0.218398 0.560122 0.002575
v -0.201733 0.513126 0.167023
v -0.191207 0.532455 0.158856
v -0.212151 0.523835 0.139836
v -0.196614 0.537276 0.139836
v -0.215960 0.526879 0.119701
v -0.201539 0.543410 0.107450
v -0.187119 0.559941 0.095198
v -0.205632 0.548768 0.077687
v -0.190095 0.562588 0.077687
v -0.210914 0.553465 0.046612
v -0.195376 0.567285 0.046612
v -0.214877 0.556991 0.023292
v -0.203505 0.569922 0.013975
v -0.165040 0.502814 0.190039
v -0.173603 0.512996 0.180352
v -0.168559 0.543210 0.162288
v -0.156633 0.560369 0.156085
v -0.177487 0.552813 0.139836
v -0.161950 0.565121 0.139836
v -0.183598 0.556809 0.115914
v -0.172308 0.569595 0.106838
v -0.169546 0.580255 0.079706
v -0.158278 0.593002 0.070695
v -0.177908 0.582823 0.046612
v -0.162371 0.596453 0.046612
v -0.182968 0.587520 0.015537
v -0.167431 0.597385 0.015537
v -0.138052 0.512996 0.193557
v -0.126504 0.529551 0.187267
v -0.147221 0.523530 0.183420
v -0.138052 0.541468 0.175363
v -0.139836 0.565463 0.159326
v -0.140461 0.580676 0.141134
v -0.130520 0.595952 0.131641
v -0.151808 0.587247 0.108761
v -0.136271 0.601067 0.108761
v -0.154757 0.589870 0.091411
v -0.140165 0.606401 0.078809
v -0.125573 0.622327 0.066207
v -0.137493 0.612723 0.047855
v -0.125573 0.622327 0.059042
v -0.139836 0.607917 0.015537
v -0.095721 0.498646 0.218450
v -0.107152 0.510495 0.206632
v -0.108761 0.534708 0.190562
v -0.108761 0.550246 0.180634
v -0.108541 0.576054 0.164225
v -0.098036 0.593216 0.157161
v -0.118752 0.587194 0.152357
v -0.108455 0.604942 0.140666
v -0.098158 0.625881 0.128976
v -0.118731 0.616605 0.108761
v -0.103194 0.628849 0.108761
v -0.122300 0.619800 0.086923
v -0.110670 0.626828 0.077014
v -0.108761 0.619926 0.036910
v -0.108761 0.624098 0.052448
v -0.108761 0.614188 0.015537
v -0.077687 0.503887 0.221799
v -0.077687 0.519424 0.211871
v -0.077641 0.545081 0.195494
v -0.067252 0.562310 0.188343
v -0.087969 0.556289 0.184496
v -0.077641 0.573553 0.177300
v -0.077687 0.598401 0.160940
v -0.077687 0.613939 0.149533
v -0.077687 0.630419 0.133996
v -0.077687 0.639901 0.108761
v -0.077687 0.636287 0.077687
v -0.092407 0.621351 0.031605
v -0.080304 0.626739 0.043823
v -0.080304 0.618982 0.014931
v -0.071690 0.623155 0.024884
v -0.046612 0.509232 0.226749
v -0.046612 0.524769 0.214968
v -0.044232 0.546713 0.197971
v -0.053004 0.562310 0.188343
v -0.032288 0.559009 0.186154
v -0.044232 0.573553 0.177808
v -0.046612 0.597137 0.160331
v -0.046612 0.612674 0.147709
v -0.046612 0.628510 0.132171
v -0.046612 0.635878 0.108761
v -0.046612 0.634445 0.077687
v -0.046612 0.630689 0.046612
v -0.055725 0.620374 0.004168
v -0.045865 0.624794 0.014931
v -0.015537 0.504925 0.224307
v -0.015537 0.520463 0.210672
v -0.015537 0.538169 0.195135
v -0.015537 0.553706 0.181501
v -0.017636 0.574546 0.164430
v -0.029394 0.591530 0.156348
v -0.008677 0.584682 0.150339
v -0.018152 0.604139 0.138441
v -0.027628 0.623336 0.126543
v -0.009407 0.615611 0.108761
v -0.024944 0.624826 0.108761
v -0.007900 0.617146 0.077687
v -0.023438 0.625695 0.077687
v -0.006806 0.617748 0.046612
v -0.022343 0.626110 0.046612
v -0.008705 0.618350 0.015537
v -0.024242 0.624373 0.015537
v -0.468685 -0.005397 -0.118244
v -0.468150 -0.035346 -0.150581
v -0.472439 -0.015668 -0.140068
v -0.472354 -0.041181 -0.170911
v -0.480819 -0.015537 -0.170911
v -0.474497 -0.043342 -0.201985
v -0.481380 -0.015537 -0.201985
v -0.471008 -0.038227 -0.222673
v -0.472656 -0.015537 -0.224833
v -0.439191 -0.008721 -0.052365
v -0.438656 -0.038671 -0.084702
v -0.444820 -0.017663 -0.075681
v -0.438121 -0.066190 -0.117039
v -0.443857 -0.048062 -0.107513
v -0.459562 -0.015668 -0.108236
v -0.442451 -0.069174 -0.139836
v -0.458200 -0.046068 -0.140068
v -0.463761 -0.026113 -0.129865
v -0.446856 -0.069835 -0.170911
v -0.462393 -0.056718 -0.170911
v -0.446482 -0.068407 -0.201985
v -0.462019 -0.058879 -0.201985
v -0.441346 -0.065569 -0.221178
v -0.450160 -0.046369 -0.232284
v -0.456489 -0.015537 -0.240370
v -0.404238 -0.062711 -0.030444
v -0.407726 -0.044517 -0.018267
v -0.420346 -0.015537 -0.015537
v -0.407663 -0.069917 -0.046612
v -0.418741 -0.046612 -0.046612
v -0.431332 -0.017663 -0.043849
v -0.406005 -0.094693 -0.084413
v -0.413412 -0.080456 -0.075508
v -0.430369 -0.048062 -0.075681
v -0.434267 -0.029438 -0.063986
v -0.406951 -0.095126 -0.108761
v -0.424212 -0.077004 -0.107513
v -0.433732 -0.059387 -0.096323
v -0.406333 -0.094524 -0.139836
v -0.421870 -0.084711 -0.139836
v -0.405238 -0.093922 -0.170911
v -0.420776 -0.085373 -0.170911
v -0.404451 -0.093488 -0.193272
v -0.416689 -0.085690 -0.202972
v -0.419508 -0.072345 -0.227513
v -0.419508 -0.055828 -0.243050
v -0.378156 -0.100709 -0.015537
v -0.393276 -0.074916 -0.018267
v -0.399849 -0.053478 -0.009728
v -0.384685 -0.104316 -0.046612
v -0.400222 -0.085454 -0.046612
v -0.391336 -0.102947 -0.075508
v -0.403629 -0.092661 -0.063697
v -0.388433 -0.105577 -0.108761
v -0.388433 -0.104372 -0.139836
v -0.388433 -0.103168 -0.170911
v -0.391381 -0.100188 -0.202972
v -0.403704 -0.093041 -0.213988
v -0.382987 -0.098603 -0.224107
v -0.392881 -0.080624 -0.236005
v -0.402775 -0.061359 -0.247904
v -0.350346 -0.129567 -0.015537
v -0.365883 -0.116247 -0.015537
v -0.350302 -0.128965 -0.046612
v -0.365840 -0.119853 -0.046612
v -0.349208 -0.128363 -0.077687
v -0.364745 -0.119814 -0.077687
v -0.348114 -0.127761 -0.108761
v -0.363651 -0.119212 -0.108761
v -0.347019 -0.127159 -0.139836
v -0.362557 -0.118610 -0.139836
v -0.345925 -0.126557 -0.170911
v -0.361463 -0.118008 -0.170911
v -0.344831 -0.125955 -0.201985
v -0.360368 -0.117268 -0.201985
v -0.343463 -0.125202 -0.219009
v -0.354927 -0.107545 -0.231916
v -0.366391 -0.088923 -0.244823
v -0.326284 -0.143385 -0.015537
v -0.326284 -0.142180 -0.046612
v -0.326284 -0.140976 -0.077687
v -0.326284 -0.139772 -0.108761
v -0.326284 -0.138568 -0.139836
v -0.326284 -0.137364 -0.170911
v -0.326284 -0.136159 -0.201985
v -0.326284 -0.129928 -0.225695
v -0.326284 -0.117718 -0.241232
v -0.292083 -0.162202 -0.015537
v -0.307621 -0.153653 -0.015537
v -0.290989 -0.161600 -0.046612
v -0.306526 -0.153051 -0.046612
v -0.289895 -0.160998 -0.077687
v -0.305432 -0.152449 -0.077687
v -0.288800 -0.160396 -0.108761
v -0.304338 -0.151847 -0.108761
v -0.287706 -0.159794 -0.139836
v -0.303243 -0.151245 -0.139836
v -0.286612 -0.159192 -0.170911
v -0.302149 -0.150643 -0.170911
v -0.285518 -0.158590 -0.201985
v -0.301055 -0.150041 -0.201985
v -0.283204 -0.157317 -0.221523
v -0.296247 -0.140901 -0.234587
v -0.309290 -0.123336 -0.247650
v -0.248769 -0.186542 -0.002436
v -0.261130 -0.179297 -0.013891
v -0.264135 -0.176376 -0.046612
v -0.264135 -0.175172 -0.077687
v -0.264135 -0.173968 -0.108761
v -0.264135 -0.172763 -0.139836
v -0.264135 -0.171559 -0.170911
v -0.264135 -0.170355 -0.201985
v -0.263183 -0.162550 -0.232353
v -0.272906 -0.150900 -0.242240
v -0.438257 -0.033794 -0.250984
v -0.440951 -0.015537 -0.253925
v -0.419508 -0.040290 -0.256684
v -0.419270 -0.016876 -0.270327
v -0.408753 -0.007411 -0.284510
v -0.382059 -0.068207 -0.253913
v -0.391323 -0.048523 -0.265811
v -0.400588 -0.028127 -0.277710
v -0.379872 -0.035686 -0.283719
v -0.388454 -0.015646 -0.294473
v -0.376319 -0.003166 -0.313525
v -0.345674 -0.095771 -0.250833
v -0.354939 -0.076087 -0.262731
v -0.364204 -0.056403 -0.274629
v -0.343487 -0.063251 -0.280639
v -0.355251 -0.046272 -0.288714
v -0.357358 -0.025422 -0.305787
v -0.357358 -0.009885 -0.319421
v -0.326284 -0.102181 -0.256457
v -0.326284 -0.084475 -0.271995
v -0.326284 -0.068938 -0.285629
v -0.329079 -0.047407 -0.302901
v -0.341301 -0.030730 -0.310444
v -0.320584 -0.037578 -0.316454
v -0.329849 -0.017894 -0.328352
v -0.318397 -0.005058 -0.346260
v -0.288574 -0.130184 -0.253762
v -0.297839 -0.110500 -0.265660
v -0.307103 -0.090815 -0.277558
v -0.286387 -0.097663 -0.283568
v -0.295652 -0.077979 -0.295466
v -0.304916 -0.058295 -0.307364
v -0.284200 -0.065143 -0.313373
v -0.293465 -0.045459 -0.325272
v -0.302730 -0.025774 -0.337170
v -0.282013 -0.032622 -0.343179
v -0.291278 -0.012938 -0.355078
v -0.279826 -0.000102 -0.372985
v -0.252190 -0.157748 -0.250681
v -0.261454 -0.138064 -0.262580
v -0.270719 -0.118380 -0.274478
v -0.250003 -0.125228 -0.280487
v -0.261870 -0.108317 -0.288441
v -0.264135 -0.087313 -0.305560
v -0.264135 -0.071776 -0.319194
v -0.264135 -0.054070 -0.334731
v -0.264135 -0.038532 -0.348365
v -0.264135 -0.020826 -0.363903
v -0.264135 -0.005289 -0.377537
v -0.128944 -0.250991 -0.015537
v -0.128586 -0.250956 -0.046612
v -0.127492 -0.250354 -0.077687
v -0.126398 -0.249752 -0.108761
v -0.125304 -0.249150 -0.139836
v -0.124604 -0.248765 -0.159707
v -0.108761 -0.255078 -0.015537
v -0.108761 -0.258404 -0.046612
v -0.108761 -0.260096 -0.077687
v -0.108761 -0.259456 -0.108761
v -0.108761 -0.258252 -0.139836
v -0.111614 -0.255498 -0.170403
v -0.107578 -0.256495 -0.201985
v -0.106217 -0.255517 -0.233060
v -0.077687 -0.262107 -0.015537
v -0.077687 -0.263178 -0.046612
v -0.077687 -0.267358 -0.077687
v -0.077687 -0.271330 -0.108761
v -0.064345 -0.280839 -0.147111
v -0.075897 -0.274354 -0.137986
v -0.064896 -0.281153 -0.170911
v -0.080433 -0.272634 -0.170911
v -0.063802 -0.280581 -0.201985
v -0.079339 -0.272032 -0.201985
v -0.062707 -0.279979 -0.233060
v -0.078245 -0.271054 -0.233060
v -0.037308 -0.283463 -0.008811
v -0.047245 -0.274363 -0.017716
v -0.046612 -0.267863 -0.046612
v -0.046612 -0.266748 -0.077687
v -0.046612 -0.272077 -0.108761
v -0.046612 -0.281069 -0.147235
v -0.046612 -0.277896 -0.131698
v -0.046612 -0.284281 -0.170911
v -0.046612 -0.287588 -0.201985
v -0.046612 -0.288656 -0.233060
v -0.017420 -0.289861 -0.017716
v -0.029034 -0.278977 -0.029527
v -0.008317 -0.282504 -0.035479
v -0.017420 -0.274442 -0.046147
v -0.015537 -0.265278 -0.077687
v -0.015537 -0.266812 -0.108761
v -0.027085 -0.280367 -0.152785
v -0.016251 -0.275421 -0.141390
v -0.016251 -0.283177 -0.170282
v -0.006369 -0.278563 -0.159505
v -0.015537 -0.291272 -0.201985
v -0.015537 -0.296213 -0.233060
v -0.235833 -0.193216 -0.013891
v -0.248039 -0.186141 -0.023152
v -0.231676 -0.194235 -0.046612
v -0.247213 -0.185686 -0.046612
v -0.230581 -0.193633 -0.077687
v -0.246119 -0.185084 -0.077687
v -0.229487 -0.193031 -0.108761
v -0.245025 -0.184482 -0.108761
v -0.228393 -0.192429 -0.139836
v -0.243930 -0.183880 -0.139836
v -0.227299 -0.191827 -0.170911
v -0.242836 -0.183278 -0.170911
v -0.226204 -0.191225 -0.201985
v -0.241742 -0.182676 -0.201985
v -0.222946 -0.189432 -0.225726
v -0.233206 -0.179348 -0.234874
v -0.188994 -0.218923 -0.015537
v -0.204531 -0.210375 -0.015537
v -0.187900 -0.218321 -0.046612
v -0.203437 -0.209773 -0.046612
v -0.187051 -0.217854 -0.070713
v -0.199240 -0.210799 -0.079717
v -0.201985 -0.208163 -0.108761
v -0.201985 -0.206959 -0.139836
v -0.201985 -0.205755 -0.170911
v -0.201985 -0.204550 -0.201985
v -0.204062 -0.196876 -0.234874
v -0.215806 -0.185313 -0.246442
v -0.170911 -0.228873 -0.015537
v -0.170911 -0.227669 -0.046612
v -0.173942 -0.224718 -0.079717
v -0.186322 -0.217453 -0.091429
v -0.170174 -0.225666 -0.108761
v -0.185711 -0.217117 -0.108761
v -0.169080 -0.225064 -0.139836
v -0.184617 -0.216515 -0.139836
v -0.167985 -0.224462 -0.170911
v -0.183523 -0.215913 -0.170911
v -0.166891 -0.223860 -0.201985
v -0.182428 -0.215311 -0.201985
v -0.163357 -0.221961 -0.233060
v -0.178895 -0.212782 -0.233060
v -0.144481 -0.243010 -0.015537
v -0.144124 -0.242408 -0.046612
v -0.143029 -0.241805 -0.077687
v -0.141935 -0.241203 -0.108761
v -0.140841 -0.240601 -0.139836
v -0.136912 -0.241579 -0.170403
v -0.139836 -0.238746 -0.201985
v -0.139836 -0.235900 -0.233060
v -0.123874 -0.248364 -0.180423
v -0.123115 -0.247946 -0.201985
v -0.121754 -0.246999 -0.233060
v -0.101344 -0.252759 -0.253459
v -0.062157 -0.279676 -0.248603
v -0.072953 -0.261329 -0.261389
v -0.063033 -0.249182 -0.280185
v -0.046612 -0.283952 -0.254339
v -0.046612 -0.270147 -0.269876
v -0.046612 -0.254610 -0.284941
v -0.015537 -0.288474 -0.259543
v -0.015537 -0.274250 -0.275080
v -0.015537 -0.258713 -0.287458
v -0.233060 -0.164072 -0.256230
v -0.233060 -0.146366 -0.271768
v -0.233060 -0.130828 -0.285402
v -0.235699 -0.109453 -0.302629
v -0.247816 -0.092707 -0.310293
v -0.227099 -0.099555 -0.316302
v -0.236364 -0.079871 -0.328201
v -0.245629 -0.060187 -0.340099
v -0.224913 -0.067035 -0.346108
v -0.234177 -0.047351 -0.358007
v -0.243442 -0.027666 -0.369905
v -0.222726 -0.034515 -0.375914
v -0.231990 -0.014830 -0.387813
v -0.220539 -0.001994 -0.405720
v -0.195089 -0.192161 -0.253610
v -0.204354 -0.172477 -0.265509
v -0.213619 -0.152792 -0.277407
v -0.192902 -0.159640 -0.283416
v -0.202167 -0.139956 -0.295315
v -0.211432 -0.120272 -0.307213
v -0.190715 -0.127120 -0.313222
v -0.199980 -0.107436 -0.325121
v -0.209245 -0.087751 -0.337019
v -0.188528 -0.094599 -0.343028
v -0.200126 -0.077511 -0.351296
v -0.201985 -0.056908 -0.368296
v -0.201985 -0.041370 -0.381931
v -0.201985 -0.023664 -0.397468
v -0.201985 -0.008127 -0.411102
v -0.158705 -0.219416 -0.250530
v -0.167970 -0.200041 -0.262428
v -0.177234 -0.180357 -0.274327
v -0.156518 -0.187205 -0.280336
v -0.168490 -0.170363 -0.288169
v -0.170911 -0.149204 -0.305333
v -0.170911 -0.133666 -0.318967
v -0.170911 -0.115960 -0.334504
v -0.170911 -0.100423 -0.348139
v -0.173954 -0.078646 -0.365483
v -0.186341 -0.062079 -0.372834
v -0.165625 -0.068927 -0.378843
v -0.174890 -0.049243 -0.390742
v -0.184155 -0.029558 -0.402640
v -0.163438 -0.036407 -0.408649
v -0.172703 -0.016722 -0.420548
v -0.161251 -0.003886 -0.438455
v -0.139836 -0.225590 -0.256003
v -0.139836 -0.208256 -0.271541
v -0.139836 -0.192719 -0.285175
v -0.142318 -0.171499 -0.302356
v -0.154331 -0.154684 -0.310142
v -0.133615 -0.161532 -0.316151
v -0.142879 -0.141848 -0.328050
v -0.152144 -0.122164 -0.339948
v -0.131428 -0.129012 -0.345957
v -0.140693 -0.109328 -0.357855
v -0.149957 -0.089643 -0.369754
v -0.129241 -0.096491 -0.375763
v -0.138506 -0.076807 -0.387661
v -0.147770 -0.057123 -0.399560
v -0.127054 -0.063971 -0.405569
v -0.136319 -0.044287 -0.417467
v -0.145584 -0.024602 -0.429366
v -0.124867 -0.031450 -0.435375
v -0.137070 -0.014761 -0.442941
v -0.110739 -0.234359 -0.265357
v -0.120134 -0.214769 -0.277256
v -0.099417 -0.221617 -0.283265
v -0.108682 -0.201933 -0.295163
v -0.117947 -0.182249 -0.307062
v -0.097231 -0.189097 -0.313071
v -0.106495 -0.169413 -0.324969
v -0.115760 -0.149728 -0.336868
v -0.095044 -0.156576 -0.342877
v -0.106746 -0.139556 -0.351023
v -0.108761 -0.118798 -0.368069
v -0.108761 -0.103261 -0.381704
v -0.108761 -0.085555 -0.397241
v -0.108761 -0.070018 -0.410875
v -0.108761 -0.052312 -0.426412
v -0.108761 -0.036774 -0.440047
v -0.110898 -0.015897 -0.457128
v -0.101964 -0.005778 -0.471109
v -0.083750 -0.242334 -0.274175
v -0.075110 -0.232409 -0.287897
v -0.077687 -0.211095 -0.305106
v -0.077687 -0.195557 -0.318740
v -0.077687 -0.177851 -0.334277
v -0.077687 -0.162314 -0.347912
v -0.080574 -0.140692 -0.365211
v -0.092857 -0.124056 -0.372683
v -0.072140 -0.130904 -0.378649
v -0.081219 -0.110960 -0.390569
v -0.090298 -0.091535 -0.402489
v -0.069582 -0.097864 -0.407195
v -0.079039 -0.079781 -0.416376
v -0.077687 -0.059194 -0.432596
v -0.077687 -0.043657 -0.444377
v -0.077687 -0.022646 -0.459915
v -0.077687 -0.007109 -0.471635
v -0.048849 -0.233349 -0.302079
v -0.060699 -0.216661 -0.309991
v -0.039982 -0.223184 -0.314723
v -0.046510 -0.201740 -0.327260
v -0.053038 -0.184141 -0.339797
v -0.032322 -0.186819 -0.342059
v -0.044253 -0.172634 -0.350316
v -0.046612 -0.148448 -0.367799
v -0.046612 -0.132911 -0.379548
v -0.044510 -0.108438 -0.396489
v -0.032751 -0.092249 -0.403348
v -0.053468 -0.097864 -0.407195
v -0.044510 -0.080209 -0.415409
v -0.046612 -0.056425 -0.431387
v -0.046612 -0.040888 -0.441316
v -0.045900 -0.014650 -0.457817
v -0.055783 -0.003701 -0.468484
v -0.015537 -0.237458 -0.302995
v -0.015537 -0.221920 -0.313826
v -0.018261 -0.199101 -0.329689
v -0.009719 -0.180798 -0.338211
v -0.030436 -0.186819 -0.342059
v -0.018261 -0.170628 -0.347883
v -0.013610 -0.139655 -0.365946
v -0.001967 -0.123155 -0.372165
v -0.022684 -0.129176 -0.376013
v -0.013610 -0.111183 -0.384140
v -0.015537 -0.087246 -0.400151
v -0.015537 -0.071709 -0.410079
v -0.015000 -0.045623 -0.426548
v -0.004283 -0.028585 -0.433454
v -0.024999 -0.034606 -0.437302
v -0.015000 -0.017151 -0.444741
v -0.469247 0.084638 -0.021302
v -0.470037 0.106188 -0.012781
v -0.468327 0.141820 -0.015353
v -0.466396 0.157036 -0.004872
v -0.469522 0.054502 -0.053570
v -0.471561 0.075643 -0.044572
v -0.472042 0.108761 -0.046612
v -0.467792 0.134376 -0.046612
v -0.469213 0.024553 -0.085907
v -0.472221 0.045131 -0.076404
v -0.474796 0.077687 -0.077687
v -0.470282 0.108761 -0.077687
v -0.466912 0.129073 -0.077687
v -0.472398 0.014732 -0.108236
v -0.477112 0.046612 -0.108761
v -0.473679 0.077687 -0.108761
v -0.468253 0.110597 -0.108142
v -0.466355 0.125714 -0.097371
v -0.479263 0.015537 -0.139836
v -0.477075 0.046612 -0.139836
v -0.471919 0.077687 -0.139836
v -0.467730 0.102930 -0.139836
v -0.480472 0.015537 -0.170911
v -0.475315 0.046612 -0.170911
v -0.470159 0.077687 -0.170911
v -0.466850 0.097628 -0.170911
v -0.477922 0.015537 -0.201985
v -0.473469 0.046612 -0.201985
v -0.468179 0.079374 -0.200931
v -0.466314 0.094392 -0.189871
v -0.471186 0.015537 -0.224002
v -0.469311 0.046612 -0.222209
v -0.467446 0.070141 -0.219729
v -0.438774 0.023230 -0.015537
v -0.449889 0.046612 -0.015537
v -0.462450 0.075643 -0.012781
v -0.465901 0.094114 -0.000586
v -0.465809 0.153501 -0.025589
v -0.463850 0.168801 -0.015353
v -0.458333 0.201985 -0.015537
v -0.453177 0.233060 -0.015537
v -0.445783 0.012737 -0.043849
v -0.461488 0.045131 -0.044572
v -0.465366 0.063922 -0.032854
v -0.465214 0.149913 -0.046612
v -0.461730 0.170911 -0.046612
v -0.456574 0.201985 -0.046612
v -0.451417 0.233060 -0.046612
v -0.460525 0.014732 -0.076404
v -0.464831 0.033786 -0.065191
v -0.464334 0.144611 -0.077687
v -0.459970 0.170911 -0.077687
v -0.454814 0.201985 -0.077687
v -0.449658 0.233060 -0.077687
v -0.464296 0.003836 -0.097528
v -0.465768 0.122179 -0.118088
v -0.463776 0.137578 -0.108142
v -0.458210 0.170911 -0.108761
v -0.453054 0.201985 -0.108761
v -0.447898 0.233060 -0.108761
v -0.465152 0.118468 -0.139836
v -0.461607 0.139836 -0.139836
v -0.456450 0.170911 -0.139836
v -0.451294 0.201985 -0.139836
v -0.446138 0.233060 -0.139836
v -0.464272 0.113165 -0.170911
v -0.459847 0.139836 -0.170911
v -0.454691 0.170911 -0.170911
v -0.449534 0.201985 -0.170911
v -0.444378 0.233060 -0.170911
v -0.465711 0.090857 -0.210587
v -0.463693 0.106355 -0.200931
v -0.458087 0.139836 -0.201985
v -0.452931 0.170911 -0.201985
v -0.447775 0.201985 -0.201985
v -0.442618 0.233060 -0.201985
v -0.457166 0.015537 -0.239539
v -0.456344 0.046612 -0.237746
v -0.457397 0.079374 -0.231276
v -0.452811 0.108761 -0.233060
v -0.449423 0.139836 -0.233060
v -0.445985 0.170911 -0.233060
v -0.442503 0.201985 -0.233060
v -0.439093 0.233060 -0.233060
v -0.431388 0.007693 -0.015537
v -0.434802 0.000512 -0.031649
v -0.448021 0.264135 -0.015537
v -0.442865 0.295209 -0.015537
v -0.437335 0.328433 -0.015838
v -0.435367 0.343748 -0.005681
v -0.446261 0.264135 -0.046612
v -0.441105 0.295209 -0.046612
v -0.436786 0.321238 -0.046612
v -0.444501 0.264135 -0.077687
v -0.439345 0.295209 -0.077687
v -0.435906 0.315935 -0.077687
v -0.442742 0.264135 -0.108761
v -0.437261 0.297210 -0.108628
v -0.435326 0.312438 -0.098180
v -0.440982 0.264135 -0.139836
v -0.436724 0.289792 -0.139836
v -0.439222 0.264135 -0.170911
v -0.435844 0.284490 -0.170911
v -0.437187 0.265987 -0.201417
v -0.435285 0.281116 -0.190679
v -0.436235 0.256182 -0.233060
v -0.434780 0.340225 -0.026397
v -0.432410 0.355407 -0.015838
v -0.414209 0.389915 -0.017808
v -0.404445 0.404392 -0.029680
v -0.434208 0.336775 -0.046612
v -0.430733 0.357358 -0.046612
v -0.419238 0.388433 -0.046612
v -0.407176 0.406952 -0.046612
v -0.433328 0.331473 -0.077687
v -0.429033 0.357358 -0.077687
v -0.421974 0.388433 -0.077687
v -0.410732 0.411649 -0.077687
v -0.434739 0.308903 -0.118897
v -0.432784 0.324191 -0.108628
v -0.427273 0.357358 -0.108761
v -0.421917 0.388433 -0.108761
v -0.411555 0.416166 -0.108761
v -0.434146 0.305330 -0.139836
v -0.430669 0.326284 -0.139836
v -0.425513 0.357358 -0.139836
v -0.420357 0.388433 -0.139836
v -0.410724 0.422145 -0.137803
v -0.406021 0.437635 -0.146806
v -0.433266 0.300027 -0.170911
v -0.428910 0.326284 -0.170911
v -0.423753 0.357358 -0.170911
v -0.418597 0.388433 -0.170911
v -0.413036 0.419508 -0.170911
v -0.407011 0.439853 -0.170911
v -0.434698 0.277581 -0.211396
v -0.432710 0.292968 -0.201417
v -0.427150 0.326284 -0.201985
v -0.421994 0.357358 -0.201985
v -0.416837 0.388433 -0.201985
v -0.411681 0.419508 -0.201985
v -0.406537 0.442261 -0.201985
v -0.433902 0.271719 -0.233060
v -0.430192 0.295209 -0.233060
v -0.425219 0.326284 -0.233060
v -0.420234 0.357358 -0.233060
v -0.415078 0.388433 -0.233060
v -0.409921 0.419508 -0.233060
v -0.405657 0.443153 -0.233060
v -0.400924 0.401261 -0.008963
v -0.389713 0.413907 -0.017808
v -0.386950 0.424567 -0.044940
v -0.375604 0.437454 -0.054183
v -0.395136 0.427187 -0.077687
v -0.379598 0.441007 -0.077687
v -0.400417 0.431703 -0.108761
v -0.384880 0.445704 -0.108761
v -0.403362 0.434262 -0.126089
v -0.388941 0.451034 -0.138341
v -0.374521 0.467565 -0.150592
v -0.393511 0.455390 -0.170911
v -0.377974 0.470637 -0.170911
v -0.398793 0.457799 -0.201985
v -0.383255 0.475334 -0.201985
v -0.401928 0.458690 -0.233060
v -0.383714 0.483175 -0.236095
v -0.369036 0.431612 -0.015537
v -0.353498 0.445432 -0.015537
v -0.372083 0.434322 -0.033467
v -0.357662 0.450853 -0.045718
v -0.343242 0.467383 -0.057970
v -0.362130 0.456544 -0.077687
v -0.346593 0.470364 -0.077687
v -0.367411 0.461242 -0.108761
v -0.351874 0.475061 -0.108761
v -0.371000 0.464433 -0.129876
v -0.356579 0.480964 -0.142128
v -0.360506 0.486174 -0.170911
v -0.365648 0.490872 -0.201985
v -0.369731 0.494545 -0.227761
v -0.336030 0.460969 -0.015537
v -0.320493 0.474789 -0.015537
v -0.339721 0.464252 -0.037253
v -0.325300 0.480782 -0.049505
v -0.329125 0.485901 -0.077687
v -0.334406 0.490599 -0.108761
v -0.338638 0.494363 -0.133663
v -0.303025 0.490326 -0.015537
v -0.307359 0.494181 -0.041040
v -0.372932 0.497218 -0.248477
v -0.342159 0.497495 -0.154379
v -0.344969 0.499994 -0.170911
v -0.350111 0.503225 -0.201985
v -0.358567 0.501071 -0.236095
v -0.310880 0.497313 -0.061757
v -0.313587 0.499721 -0.077687
v -0.318869 0.504419 -0.108761
v -0.327481 0.506912 -0.142347
v -0.326284 0.514025 -0.170911
v -0.326284 0.514931 -0.201985
v -0.326284 0.509556 -0.233060
v -0.287487 0.504146 -0.015537
v -0.296284 0.506585 -0.049484
v -0.293522 0.517245 -0.076616
v -0.282039 0.530374 -0.086260
v -0.301400 0.519956 -0.108761
v -0.285863 0.533580 -0.108761
v -0.306159 0.524654 -0.139836
v -0.290622 0.534567 -0.139836
v -0.304500 0.526763 -0.170911
v -0.288963 0.531315 -0.170911
v -0.294307 0.523919 -0.200309
v -0.283347 0.528909 -0.188832
v -0.295209 0.514969 -0.233060
v -0.270019 0.519683 -0.015537
v -0.254482 0.533503 -0.015537
v -0.275300 0.524381 -0.046612
v -0.259763 0.538201 -0.046612
v -0.278518 0.527243 -0.065544
v -0.263887 0.543773 -0.078321
v -0.249256 0.559773 -0.091098
v -0.261422 0.549752 -0.106613
v -0.249256 0.559773 -0.094822
v -0.264135 0.544491 -0.139836
v -0.264135 0.537067 -0.170911
v -0.264135 0.526411 -0.210602
v -0.264135 0.530583 -0.195065
v -0.264135 0.520382 -0.233060
v -0.441629 0.015537 -0.255258
v -0.440807 0.046612 -0.254426
v -0.439985 0.077687 -0.253595
v -0.439164 0.108761 -0.252764
v -0.438342 0.139836 -0.251932
v -0.437482 0.170911 -0.251101
v -0.436579 0.201985 -0.250270
v -0.435746 0.233060 -0.249439
v -0.426271 0.015537 -0.270795
v -0.425449 0.046612 -0.269964
v -0.424627 0.077687 -0.269132
v -0.423806 0.108761 -0.268301
v -0.422984 0.139836 -0.267470
v -0.422162 0.170911 -0.266639
v -0.421340 0.201985 -0.265807
v -0.420519 0.233060 -0.264976
v -0.410733 0.015537 -0.286514
v -0.409912 0.046612 -0.285682
v -0.409090 0.077687 -0.284851
v -0.408268 0.108761 -0.284020
v -0.407447 0.139836 -0.283189
v -0.406625 0.170911 -0.282357
v -0.405803 0.201985 -0.281526
v -0.404981 0.233060 -0.280695
v -0.394266 0.015537 -0.302051
v -0.394554 0.046612 -0.301220
v -0.393732 0.077687 -0.300388
v -0.392910 0.108761 -0.299557
v -0.392089 0.139836 -0.298726
v -0.391267 0.170911 -0.297895
v -0.390445 0.201985 -0.297063
v -0.389623 0.233060 -0.296232
v -0.378729 0.015537 -0.316134
v -0.379016 0.046612 -0.316938
v -0.378195 0.077687 -0.316107
v -0.377373 0.108761 -0.315276
v -0.376551 0.139836 -0.314445
v -0.375730 0.170911 -0.313613
v -0.374908 0.201985 -0.312782
v -0.374086 0.233060 -0.311951
v -0.356935 0.014008 -0.332759
v -0.363658 0.046612 -0.332476
v -0.362837 0.077687 -0.331644
v -0.362015 0.108761 -0.330813
v -0.361193 0.139836 -0.329982
v -0.360372 0.170911 -0.329151
v -0.359550 0.201985 -0.328319
v -0.358728 0.233060 -0.327488
v -0.346295 0.023347 -0.346347
v -0.348121 0.046612 -0.348194
v -0.347299 0.077687 -0.347363
v -0.346478 0.108761 -0.346532
v -0.345656 0.139836 -0.345701
v -0.344834 0.170911 -0.344869
v -0.344012 0.201985 -0.344038
v -0.343191 0.233060 -0.343207
v -0.339114 0.002630 -0.340250
v -0.326731 0.015046 -0.356662
v -0.332019 0.046612 -0.363732
v -0.331941 0.077687 -0.362901
v -0.331120 0.108761 -0.362069
v -0.330298 0.139836 -0.361238
v -0.329476 0.170911 -0.360407
v -0.328654 0.201985 -0.359575
v -0.327833 0.233060 -0.358744
v -0.314348 0.027462 -0.376055
v -0.316482 0.046612 -0.378335
v -0.316404 0.077687 -0.378619
v -0.315582 0.108761 -0.377788
v -0.314760 0.139836 -0.376957
v -0.313939 0.170911 -0.376125
v -0.313117 0.201985 -0.375294
v -0.312295 0.233060 -0.374463
v -0.300543 0.006746 -0.366976
v -0.292194 0.016477 -0.380353
v -0.294601 0.044843 -0.395184
v -0.301046 0.077687 -0.394157
v -0.300224 0.108761 -0.393325
v -0.299402 0.139836 -0.392494
v -0.298581 0.170911 -0.391663
v -0.297759 0.201985 -0.390831
v -0.296937 0.233060 -0.390000
v -0.283837 0.054022 -0.408184
v -0.285509 0.077687 -0.409875
v -0.284687 0.108761 -0.409044
v -0.283865 0.139836 -0.408213
v -0.283043 0.170911 -0.407381
v -0.282222 0.201985 -0.406550
v -0.281400 0.233060 -0.405719
v -0.266022 0.015342 -0.394546
v -0.277639 0.033305 -0.402791
v -0.256923 0.025570 -0.408801
v -0.264995 0.045698 -0.418851
v -0.269753 0.077687 -0.425413
v -0.269329 0.108761 -0.424581
v -0.268507 0.139836 -0.423750
v -0.267685 0.170911 -0.422919
v -0.266864 0.201985 -0.422087
v -0.266042 0.233060 -0.421256
v -0.252351 0.058091 -0.438543
v -0.254215 0.077687 -0.440504
v -0.253792 0.108761 -0.440300
v -0.252970 0.139836 -0.439469
v -0.252148 0.170911 -0.438637
v -0.251326 0.201985 -0.437806
v -0.250505 0.233060 -0.436975
v -0.435260 0.250443 -0.248881
v -0.419119 0.263661 -0.264202
v -0.416465 0.295209 -0.263495
v -0.414069 0.326284 -0.262594
v -0.411662 0.357358 -0.261317
v -0.409084 0.388433 -0.259235
v -0.406506 0.419508 -0.255487
v -0.404801 0.440053 -0.251551
v -0.404371 0.256163 -0.280077
v -0.403823 0.276879 -0.279522
v -0.403338 0.295209 -0.279032
v -0.402516 0.326284 -0.278132
v -0.401695 0.357358 -0.276854
v -0.400873 0.388433 -0.274772
v -0.400051 0.419508 -0.271025
v -0.399259 0.450480 -0.262799
v -0.382368 0.482297 -0.261080
v -0.388619 0.267651 -0.295397
v -0.387801 0.295209 -0.294751
v -0.386979 0.326284 -0.293920
v -0.386157 0.357358 -0.293088
v -0.385336 0.388433 -0.292257
v -0.384514 0.419508 -0.291426
v -0.383318 0.450582 -0.288961
v -0.379321 0.472365 -0.284498
v -0.373415 0.258423 -0.311272
v -0.357358 0.493104 -0.269307
v -0.372868 0.279139 -0.310718
v -0.372443 0.295209 -0.310288
v -0.371621 0.326284 -0.309457
v -0.370799 0.357358 -0.308626
v -0.369978 0.388433 -0.307794
v -0.368148 0.419508 -0.306963
v -0.357999 0.450889 -0.303967
v -0.357358 0.477567 -0.288834
v -0.360887 0.266923 -0.323492
v -0.353943 0.293138 -0.329114
v -0.356084 0.326284 -0.325176
v -0.355262 0.357358 -0.324344
v -0.354440 0.388433 -0.323513
v -0.352611 0.419508 -0.319635
v -0.348068 0.440735 -0.314364
v -0.342369 0.264135 -0.342375
v -0.341913 0.281400 -0.341914
v -0.336350 0.495854 -0.276122
v -0.326284 0.462142 -0.308218
v -0.326109 0.483960 -0.290844
v -0.341365 0.302116 -0.341359
v -0.340726 0.326284 -0.340713
v -0.339904 0.357358 -0.339882
v -0.337328 0.388433 -0.339050
v -0.326728 0.418674 -0.333996
v -0.326284 0.446605 -0.318096
v -0.327011 0.264135 -0.357913
v -0.326161 0.292888 -0.357234
v -0.325188 0.326284 -0.356432
v -0.324367 0.357358 -0.355475
v -0.321791 0.388433 -0.350184
v -0.316666 0.407760 -0.344230
v -0.311474 0.264135 -0.373632
v -0.310957 0.283660 -0.373109
v -0.309115 0.465484 -0.310343
v -0.297338 0.480588 -0.301381
v -0.295209 0.428217 -0.337480
v -0.297338 0.453309 -0.320999
v -0.288398 0.469517 -0.312907
v -0.310410 0.304376 -0.372555
v -0.309802 0.326284 -0.371969
v -0.305871 0.357358 -0.371012
v -0.294970 0.386459 -0.363926
v -0.295209 0.412679 -0.347358
v -0.296116 0.264135 -0.389169
v -0.295206 0.295148 -0.388430
v -0.294265 0.326284 -0.386339
v -0.290334 0.357358 -0.379636
v -0.284452 0.374785 -0.374097
v -0.280578 0.264135 -0.404888
v -0.280002 0.285920 -0.404305
v -0.264135 0.489778 -0.304090
v -0.273158 0.432509 -0.340209
v -0.263334 0.448373 -0.332554
v -0.264135 0.474241 -0.315910
v -0.264135 0.394291 -0.366742
v -0.263334 0.421094 -0.349899
v -0.252442 0.436542 -0.342773
v -0.279386 0.306637 -0.403751
v -0.267070 0.329384 -0.402291
v -0.264135 0.357358 -0.390223
v -0.264135 0.378753 -0.376620
v -0.265220 0.264135 -0.420425
v -0.264216 0.293635 -0.417785
v -0.258669 0.321093 -0.410549
v -0.249683 0.264135 -0.436135
v -0.249047 0.280634 -0.435490
v -0.372932 0.497218 -0.248686
v -0.357358 0.498583 -0.253770
v -0.326109 0.500981 -0.265112
v -0.315634 0.498046 -0.280947
v -0.295209 0.506626 -0.264135
v -0.295209 0.499825 -0.283805
v -0.264135 0.512039 -0.264135
v -0.264135 0.502531 -0.288553
v -0.237014 0.549041 -0.015537
v -0.221476 0.562860 -0.015537
v -0.242192 0.553738 -0.046612
v -0.226655 0.566037 -0.046612
v -0.246019 0.557172 -0.070382
v -0.234621 0.563950 -0.079519
v -0.233060 0.557169 -0.116199
v -0.233060 0.561341 -0.100661
v -0.233060 0.550823 -0.139836
v -0.233060 0.542480 -0.170911
v -0.246666 0.527933 -0.216269
v -0.235008 0.533166 -0.204341
v -0.235008 0.525409 -0.233233
v -0.225949 0.529737 -0.222990
v -0.201985 0.577554 -0.015537
v -0.201985 0.578351 -0.046612
v -0.201985 0.572921 -0.077687
v -0.214379 0.558796 -0.122259
v -0.203206 0.563860 -0.110645
v -0.203206 0.556103 -0.139537
v -0.193662 0.560600 -0.128979
v -0.201985 0.547893 -0.170911
v -0.201985 0.539550 -0.201985
v -0.209984 0.526956 -0.243706
v -0.200569 0.531408 -0.233233
v -0.182651 0.589575 -0.015537
v -0.167113 0.594072 -0.015537
v -0.171404 0.586798 -0.045841
v -0.161375 0.591464 -0.034969
v -0.170911 0.578334 -0.077687
v -0.170911 0.569991 -0.108761
v -0.177697 0.557819 -0.149696
v -0.168768 0.562102 -0.139537
v -0.168768 0.554345 -0.168429
v -0.156981 0.559624 -0.156416
v -0.170911 0.544963 -0.201985
v -0.170911 0.536620 -0.233060
v -0.139836 0.600433 -0.015537
v -0.145410 0.588683 -0.055685
v -0.136966 0.592797 -0.045841
v -0.136966 0.585040 -0.074733
v -0.124694 0.590487 -0.062406
v -0.139836 0.575404 -0.108761
v -0.139836 0.567061 -0.139836
v -0.139836 0.556946 -0.177515
v -0.139836 0.561117 -0.161978
v -0.139836 0.550376 -0.201985
v -0.139836 0.542033 -0.233060
v -0.108761 0.605845 -0.015537
v -0.108761 0.597503 -0.046612
v -0.108761 0.587703 -0.083112
v -0.108761 0.591875 -0.067574
v -0.108761 0.580817 -0.108761
v -0.108761 0.572474 -0.139836
v -0.120299 0.558647 -0.183853
v -0.109469 0.563592 -0.172461
v -0.109469 0.555835 -0.201353
v -0.099583 0.560451 -0.190573
v -0.108761 0.547446 -0.233060
v -0.077687 0.611258 -0.015537
v -0.077687 0.602915 -0.046612
v -0.088012 0.589511 -0.089843
v -0.077667 0.594287 -0.078765
v -0.077667 0.586530 -0.107657
v -0.067296 0.591315 -0.096563
v -0.077687 0.577887 -0.139836
v -0.077687 0.569544 -0.170911
v -0.083617 0.557670 -0.211290
v -0.075030 0.561834 -0.201353
v -0.075030 0.554077 -0.230245
v -0.062901 0.559475 -0.218010
v -0.045865 0.617224 -0.013961
v -0.035009 0.622178 -0.002552
v -0.046612 0.608328 -0.046612
v -0.046612 0.599985 -0.077687
v -0.046612 0.588945 -0.118810
v -0.046612 0.593116 -0.103273
v -0.046612 0.583300 -0.139836
v -0.046612 0.574957 -0.170911
v -0.046612 0.566614 -0.201985
v -0.046612 0.556722 -0.238832
v -0.046612 0.560893 -0.223294
v -0.016890 0.618203 -0.013961
v -0.028150 0.622178 -0.002552
v -0.015537 0.612840 -0.046612
v -0.015537 0.605398 -0.077687
v -0.030614 0.590338 -0.124000
v -0.018368 0.595776 -0.111689
v -0.018368 0.588019 -0.140581
v -0.009898 0.592142 -0.130720
v -0.015537 0.580370 -0.170911
v -0.015537 0.572027 -0.201985
v -0.026219 0.558498 -0.245447
v -0.015732 0.563324 -0.234277
v -0.241255 0.004854 -0.399711
v -0.229803 0.017690 -0.417619
v -0.239068 0.037374 -0.429517
v -0.218352 0.030526 -0.435526
v -0.230450 0.047284 -0.443175
v -0.232266 0.075606 -0.457584
v -0.238433 0.108761 -0.455837
v -0.237612 0.139836 -0.455006
v -0.236790 0.170911 -0.454175
v -0.235968 0.201985 -0.453343
v -0.235147 0.233060 -0.452512
v -0.221379 0.084578 -0.470021
v -0.222896 0.108761 -0.471556
v -0.222074 0.139836 -0.470725
v -0.221253 0.170911 -0.469894
v -0.220431 0.201985 -0.469062
v -0.219609 0.233060 -0.468134
v -0.201985 0.009579 -0.426639
v -0.201985 0.025116 -0.440274
v -0.204278 0.046149 -0.457400
v -0.216165 0.063861 -0.465332
v -0.195448 0.056199 -0.471341
v -0.203249 0.076290 -0.481039
v -0.207471 0.108761 -0.487093
v -0.206716 0.139836 -0.486262
v -0.205895 0.170911 -0.485431
v -0.204123 0.201985 -0.484600
v -0.199189 0.230319 -0.482658
v -0.181968 0.002962 -0.432446
v -0.170516 0.015798 -0.450354
v -0.179781 0.035482 -0.462252
v -0.159064 0.028634 -0.468261
v -0.168329 0.048319 -0.480159
v -0.177594 0.068003 -0.492058
v -0.170911 0.237001 -0.489822
v -0.139836 0.006741 -0.460204
v -0.139836 0.022278 -0.473839
v -0.139836 0.039984 -0.489376
v -0.139836 0.243050 -0.493668
v -0.122680 0.001070 -0.465181
v -0.110887 0.014281 -0.483048
v -0.119809 0.033590 -0.494987
v -0.119980 0.246916 -0.496125
v -0.076800 0.016495 -0.488352
v -0.065851 0.033226 -0.495820
v -0.035067 0.002321 -0.464637
v -0.045900 0.013822 -0.476010
v -0.046612 0.038818 -0.492247
v -0.015537 0.007997 -0.461010
v -0.015537 0.023534 -0.470938
v -0.016389 0.048408 -0.487149
v -0.006598 0.065985 -0.494744
v -0.004131 0.239202 -0.495245
v -0.241077 0.494267 -0.307993
v -0.233060 0.455852 -0.335293
v -0.231655 0.483008 -0.318375
v -0.233060 0.400340 -0.370588
v -0.233060 0.419508 -0.358401
v -0.233060 0.440315 -0.345172
v -0.248566 0.341809 -0.403963
v -0.236149 0.356663 -0.397592
v -0.233060 0.384803 -0.380466
v -0.233060 0.302265 -0.431298
v -0.236149 0.329384 -0.414936
v -0.227850 0.345842 -0.406527
v -0.230623 0.262031 -0.451569
v -0.233060 0.286728 -0.439406
v -0.218640 0.250271 -0.467121
v -0.201985 0.461901 -0.339139
v -0.201985 0.481657 -0.326579
v -0.216485 0.403567 -0.372639
v -0.204470 0.418578 -0.366069
v -0.201985 0.446364 -0.349018
v -0.201985 0.366414 -0.399849
v -0.204470 0.391298 -0.383413
v -0.195769 0.407599 -0.375203
v -0.212610 0.308834 -0.433829
v -0.202145 0.324448 -0.426492
v -0.201985 0.350877 -0.409728
v -0.201985 0.270298 -0.460560
v -0.202145 0.297169 -0.443836
v -0.191893 0.312867 -0.436393
v -0.201985 0.254761 -0.469992
v -0.184404 0.465324 -0.341315
v -0.172792 0.480492 -0.334546
v -0.170911 0.427976 -0.368401
v -0.172792 0.453212 -0.351890
v -0.163687 0.469357 -0.343879
v -0.180528 0.370591 -0.402505
v -0.170466 0.386363 -0.394969
v -0.170911 0.412438 -0.378280
v -0.170911 0.332489 -0.429111
v -0.170466 0.359083 -0.412313
v -0.159812 0.374624 -0.405069
v -0.176653 0.275858 -0.463695
v -0.168141 0.292233 -0.455391
v -0.170911 0.316951 -0.438990
v -0.168141 0.264954 -0.472735
v -0.155937 0.279891 -0.466259
v -0.139836 0.489537 -0.336953
v -0.148447 0.432349 -0.371181
v -0.138788 0.448277 -0.363445
v -0.139836 0.474000 -0.346831
v -0.139836 0.394050 -0.397663
v -0.138788 0.420997 -0.380789
v -0.127731 0.436381 -0.373745
v -0.139836 0.338538 -0.432957
v -0.139836 0.357358 -0.420991
v -0.139836 0.378513 -0.407542
v -0.139836 0.298563 -0.458373
v -0.139836 0.323000 -0.442836
v -0.139836 0.264135 -0.480263
v -0.139836 0.283025 -0.468252
v -0.116366 0.494106 -0.339857
v -0.108761 0.455611 -0.366215
v -0.107109 0.482911 -0.349266
v -0.108761 0.400099 -0.401509
v -0.108761 0.419508 -0.389169
v -0.108761 0.440074 -0.376093
v -0.123855 0.341649 -0.434935
v -0.111603 0.356567 -0.428483
v -0.108761 0.384562 -0.411388
v -0.108761 0.304612 -0.462219
v -0.111603 0.329288 -0.445827
v -0.103139 0.345681 -0.437499
v -0.109278 0.262438 -0.488906
v -0.108761 0.289075 -0.472098
v -0.077687 0.461660 -0.370061
v -0.077687 0.481657 -0.357347
v -0.091774 0.403406 -0.403612
v -0.079924 0.418481 -0.396960
v -0.077687 0.446123 -0.379939
v -0.077687 0.366173 -0.430771
v -0.079924 0.391202 -0.414304
v -0.071058 0.407439 -0.406176
v -0.087899 0.308673 -0.464802
v -0.077599 0.324352 -0.457383
v -0.077687 0.350636 -0.440650
v -0.077687 0.270686 -0.491481
v -0.077599 0.297073 -0.474727
v -0.067182 0.312706 -0.467366
v -0.059693 0.465163 -0.372288
v -0.048245 0.480395 -0.365437
v -0.046612 0.427735 -0.399323
v -0.048245 0.453116 -0.382781
v -0.038976 0.469196 -0.374852
v -0.055817 0.370431 -0.433478
v -0.045920 0.386266 -0.425859
v -0.046612 0.412197 -0.409201
v -0.046612 0.332248 -0.460033
v -0.045920 0.358987 -0.443203
v -0.035101 0.374463 -0.436042
v -0.051942 0.275698 -0.494668
v -0.043595 0.292137 -0.486282
v -0.046612 0.316710 -0.469911
v -0.015537 0.489296 -0.367874
v -0.023736 0.432188 -0.402154
v -0.014242 0.448180 -0.394336
v -0.015537 0.473759 -0.377753
v -0.015537 0.393809 -0.428584
v -0.014242 0.420901 -0.411680
v -0.003020 0.436221 -0.404718
v -0.015537 0.338192 -0.463879
v -0.015537 0.357358 -0.451760
v -0.015537 0.378272 -0.438463
v -0.010802 0.264135 -0.492659
v -0.018593 0.292137 -0.487059
v -0.015537 0.322654 -0.472061
v -0.233060 0.517452 -0.264135
v -0.231655 0.504135 -0.296665
v -0.220360 0.498038 -0.311449
v -0.200569 0.523651 -0.262125
v -0.189267 0.528760 -0.250427
v -0.201985 0.511361 -0.295209
v -0.201985 0.500611 -0.313723
v -0.170911 0.526188 -0.271919
v -0.170911 0.530359 -0.256381
v -0.170911 0.518155 -0.295209
v -0.170911 0.504699 -0.317569
v -0.152586 0.527784 -0.277863
v -0.141271 0.532897 -0.266157
v -0.141271 0.524499 -0.295049
v -0.131869 0.529588 -0.284584
v -0.139836 0.508384 -0.321415
v -0.108761 0.539103 -0.264135
v -0.115904 0.526537 -0.305300
v -0.106832 0.531139 -0.295049
v -0.105777 0.512338 -0.325622
v -0.095188 0.528611 -0.311387
v -0.095649 0.498139 -0.342422
v -0.077687 0.544516 -0.264135
v -0.077687 0.536173 -0.295209
v -0.077687 0.517173 -0.330025
v -0.077687 0.530135 -0.314487
v -0.077687 0.501635 -0.344645
v -0.046612 0.549929 -0.264135
v -0.046612 0.541586 -0.295209
v -0.046612 0.523222 -0.336083
v -0.046612 0.532842 -0.320545
v -0.046612 0.507685 -0.348491
v -0.015732 0.555567 -0.263169
v -0.005503 0.560302 -0.252167
v -0.015537 0.546999 -0.295209
v -0.027611 0.526921 -0.340180
v -0.016567 0.535130 -0.328407
v -0.016567 0.515030 -0.351258
v -0.006895 0.529999 -0.343528
v -0.190334 0.088719 -0.500972
v -0.191933 0.108761 -0.502629
v -0.191179 0.139836 -0.501981
v -0.190357 0.170911 -0.501150
v -0.188586 0.201985 -0.499256
v -0.186966 0.218134 -0.497583
v -0.156877 0.061155 -0.498067
v -0.168706 0.078091 -0.505962
v -0.169932 0.106261 -0.519949
v -0.175821 0.139836 -0.517518
v -0.169603 0.172520 -0.518511
v -0.170911 0.201985 -0.508624
v -0.170911 0.221464 -0.499700
v -0.158921 0.114952 -0.531858
v -0.160284 0.139836 -0.533237
v -0.158373 0.163234 -0.531304
v -0.139836 0.055522 -0.503010
v -0.142534 0.076956 -0.520254
v -0.154691 0.094236 -0.527873
v -0.152061 0.183951 -0.527449
v -0.140956 0.200524 -0.520429
v -0.139836 0.227513 -0.503546
v -0.133974 0.086827 -0.533882
v -0.141328 0.106970 -0.543228
v -0.138929 0.140511 -0.549671
v -0.140956 0.172520 -0.536134
v -0.131345 0.189191 -0.530013
v -0.127966 0.119704 -0.562650
v -0.127966 0.130603 -0.562650
v -0.099093 0.027491 -0.499667
v -0.109175 0.045014 -0.508262
v -0.108761 0.066607 -0.524712
v -0.108761 0.209125 -0.522930
v -0.109278 0.235159 -0.506250
v -0.108761 0.082145 -0.536493
v -0.108761 0.104421 -0.552030
v -0.108761 0.146695 -0.556653
v -0.108761 0.170911 -0.545655
v -0.108761 0.193587 -0.532808
v -0.108761 0.119958 -0.562264
v -0.108761 0.131158 -0.562264
v -0.086567 0.027491 -0.499667
v -0.076800 0.044795 -0.507279
v -0.077687 0.069639 -0.523483
v -0.077687 0.213443 -0.526270
v -0.077687 0.233060 -0.514898
v -0.077687 0.085176 -0.533412
v -0.080045 0.111153 -0.548449
v -0.080045 0.138433 -0.551962
v -0.077687 0.170911 -0.542356
v -0.077687 0.197906 -0.532823
v -0.091975 0.123106 -0.559930
v -0.091975 0.127139 -0.559930
v -0.046612 0.054355 -0.502175
v -0.047289 0.079381 -0.518418
v -0.037382 0.099890 -0.525926
v -0.033140 0.150675 -0.527295
v -0.037589 0.170911 -0.525196
v -0.047477 0.203979 -0.522999
v -0.046612 0.233060 -0.513734
v -0.058099 0.090869 -0.529774
v -0.047289 0.109653 -0.533513
v -0.044744 0.140125 -0.534957
v -0.053126 0.170911 -0.532526
v -0.058411 0.194949 -0.530033
v -0.027315 0.059964 -0.498591
v -0.016389 0.076880 -0.505342
v -0.017151 0.109653 -0.520922
v -0.017151 0.140125 -0.521940
v -0.015537 0.170911 -0.514793
v -0.015537 0.201985 -0.508347
v -0.014909 0.230530 -0.502129
v -0.028586 0.120606 -0.529443
v -0.028586 0.129959 -0.529443
v -0.099263 0.250949 -0.498689
v -0.077687 0.255149 -0.501360
v -0.043595 0.264858 -0.501413
v -0.031225 0.279731 -0.497229
v -0.026339 0.264135 -0.499424
v -0.030988 0.279731 -0.497229
v 0.002879 -0.001121 0.311459
v 0.015537 -0.038632 0.284477
v 0.014157 -0.013102 0.301050
v 0.007633 -0.097381 0.250790
v 0.017010 -0.080001 0.258284
v 0.015537 -0.054169 0.274598
v 0.038836 -0.034096 0.281593
v 0.048161 -0.018038 0.289494
v 0.046612 -0.072619 0.255215
v 0.048161 -0.045317 0.272150
v 0.059552 -0.030063 0.279029
v 0.077687 -0.010996 0.286663
v 0.077687 -0.066508 0.251369
v 0.077687 -0.046612 0.264019
v 0.077687 -0.026533 0.276784
v 0.108761 -0.004947 0.282817
v 0.095509 -0.063039 0.249163
v 0.107025 -0.047834 0.255980
v 0.108761 -0.020484 0.272938
v 0.127590 -0.001281 0.280487
v 0.139836 -0.038873 0.253555
v 0.138703 -0.013199 0.270159
v 0.163547 -0.034257 0.250620
v 0.172707 -0.018134 0.258603
v 0.196475 -0.009508 0.254642
v 0.015537 -0.255260 0.071320
v 0.015537 -0.282086 0.034398
v 0.015537 -0.270798 0.049935
v 0.015537 -0.291688 0.015537
v 0.046612 -0.251592 0.066272
v 0.031759 -0.280058 0.031607
v 0.043915 -0.266357 0.043824
v 0.033988 -0.281795 0.015537
v 0.049526 -0.271470 0.015537
v 0.064261 -0.249371 0.063215
v 0.068534 -0.252845 0.046612
v 0.071751 -0.255932 0.015537
v 0.002420 -0.156197 0.218312
v 0.013882 -0.140887 0.224768
v 0.017010 -0.108148 0.242467
v 0.028350 -0.091903 0.247809
v 0.013882 -0.166006 0.203553
v 0.023137 -0.151947 0.214957
v 0.015537 -0.191519 0.165693
v 0.015537 -0.183583 0.181231
v 0.004115 -0.218494 0.125663
v 0.014899 -0.208266 0.137547
v 0.014899 -0.226835 0.110652
v 0.024831 -0.216049 0.122270
v 0.015537 -0.243972 0.086857
v 0.046612 -0.130335 0.220980
v 0.046612 -0.108761 0.233366
v 0.046612 -0.088156 0.245445
v 0.046612 -0.164382 0.195725
v 0.046612 -0.145872 0.211262
v 0.041323 -0.188702 0.160140
v 0.049654 -0.181209 0.170663
v 0.049654 -0.196994 0.142918
v 0.062039 -0.186422 0.155331
v 0.046612 -0.224766 0.103194
v 0.046612 -0.213478 0.118731
v 0.046612 -0.240304 0.081809
v 0.064615 -0.125416 0.218129
v 0.076058 -0.109908 0.224656
v 0.077687 -0.082046 0.241522
v 0.077687 -0.160310 0.191135
v 0.076058 -0.137399 0.207664
v 0.085331 -0.121031 0.215558
v 0.077687 -0.174005 0.170911
v 0.077687 -0.194272 0.136733
v 0.077687 -0.184605 0.152271
v 0.077687 -0.221098 0.098146
v 0.077687 -0.209810 0.113683
v 0.075846 -0.237214 0.075218
v 0.084071 -0.244063 0.046612
v 0.087289 -0.244063 0.015537
v 0.108761 -0.100687 0.222107
v 0.107025 -0.075113 0.238636
v 0.116225 -0.059006 0.246599
v 0.099384 -0.157234 0.188122
v 0.109350 -0.141963 0.195870
v 0.108761 -0.116225 0.212507
v 0.109350 -0.164637 0.173114
v 0.120101 -0.153739 0.184942
v 0.108761 -0.190604 0.130756
v 0.108761 -0.181095 0.146294
v 0.098143 -0.218684 0.094822
v 0.108605 -0.207648 0.106613
v 0.104115 -0.223895 0.077687
v 0.119652 -0.216126 0.077687
v 0.108035 -0.228526 0.046612
v 0.123572 -0.216985 0.046612
v 0.111741 -0.226774 0.017697
v 0.124086 -0.217383 0.029495
v 0.131465 -0.096085 0.219297
v 0.141029 -0.080049 0.227080
v 0.139836 -0.054410 0.243677
v 0.139836 -0.134360 0.192915
v 0.141029 -0.107371 0.209792
v 0.152182 -0.091981 0.216733
v 0.139836 -0.162299 0.166113
v 0.139836 -0.149897 0.181650
v 0.130858 -0.187996 0.126645
v 0.140664 -0.179050 0.138136
v 0.140664 -0.194416 0.110413
v 0.151574 -0.185600 0.121872
v 0.139836 -0.204761 0.077687
v 0.139836 -0.206912 0.046612
v 0.126126 -0.218271 0.008779
v 0.137825 -0.211862 0.017697
v 0.170911 -0.072798 0.224293
v 0.172707 -0.045414 0.241259
v 0.184263 -0.030224 0.248056
v 0.170911 -0.128307 0.189000
v 0.170911 -0.108761 0.201429
v 0.170911 -0.088336 0.214415
v 0.170911 -0.159327 0.161337
v 0.170911 -0.143845 0.176875
v 0.170911 -0.170511 0.139836
v 0.160007 -0.189106 0.101155
v 0.170583 -0.181136 0.110413
v 0.165767 -0.190620 0.077687
v 0.181304 -0.183917 0.077687
v 0.173338 -0.192292 0.048989
v 0.185315 -0.186121 0.060932
v 0.170911 -0.200780 0.015537
v 0.201985 -0.066749 0.220447
v 0.201985 -0.046612 0.233250
v 0.204894 -0.018134 0.246269
v 0.188128 -0.124952 0.186863
v 0.199886 -0.109844 0.193564
v 0.201985 -0.082286 0.210569
v 0.196142 -0.157062 0.157859
v 0.202493 -0.140080 0.171081
v 0.208845 -0.120924 0.184302
v 0.204694 -0.161226 0.142685
v 0.216859 -0.155208 0.154942
v 0.201985 -0.170991 0.108761
v 0.201985 -0.178635 0.077687
v 0.201985 -0.188776 0.039746
v 0.201985 -0.184605 0.055283
v 0.203585 -0.191451 0.016908
v 0.215010 -0.184258 0.007464
v 0.220220 -0.063199 0.218190
v 0.226565 -0.046612 0.223463
v 0.232047 -0.015537 0.230555
v 0.233060 -0.100675 0.191185
v 0.231571 -0.075209 0.207637
v 0.242103 -0.046612 0.215283
v 0.247585 -0.015537 0.216574
v 0.233060 -0.137525 0.165769
v 0.233060 -0.116212 0.181307
v 0.233060 -0.158018 0.134149
v 0.233060 -0.153062 0.149687
v 0.233060 -0.164834 0.108761
v 0.233060 -0.172141 0.077687
v 0.218487 -0.187098 0.033495
v 0.230531 -0.177016 0.044957
v 0.218487 -0.187098 0.028181
v 0.232954 -0.170859 0.015819
v 0.247422 -0.154328 0.003458
v 0.253856 -0.096175 0.188324
v 0.259135 -0.077687 0.194066
v 0.262195 -0.046612 0.199746
v 0.263017 -0.015537 0.201036
v 0.264135 -0.133117 0.161923
v 0.264182 -0.107424 0.177975
v 0.274673 -0.077687 0.183655
v 0.277733 -0.046612 0.184486
v 0.278554 -0.015537 0.185317
v 0.253540 -0.156234 0.127506
v 0.263993 -0.149432 0.138653
v 0.258880 -0.158750 0.108761
v 0.274417 -0.154018 0.108761
v 0.259573 -0.161886 0.077687
v 0.275110 -0.151729 0.077687
v 0.254756 -0.160719 0.046612
v 0.270294 -0.147032 0.046612
v 0.250943 -0.157460 0.024174
v 0.262434 -0.144315 0.014505
v 0.285505 -0.128615 0.158458
v 0.290140 -0.108761 0.163851
v 0.292269 -0.077687 0.168118
v 0.293091 -0.046612 0.168949
v 0.293913 -0.015537 0.169780
v 0.295601 -0.133794 0.139174
v 0.305677 -0.108761 0.147959
v 0.307806 -0.077687 0.151084
v 0.308628 -0.046612 0.152910
v 0.309450 -0.015537 0.154049
v 0.295209 -0.140263 0.108761
v 0.296394 -0.133982 0.080236
v 0.307542 -0.120833 0.071577
v 0.287762 -0.131494 0.046612
v 0.303299 -0.117213 0.046612
v 0.282480 -0.126797 0.015537
v 0.298018 -0.112977 0.015537
v 0.312049 -0.126393 0.128375
v 0.313989 -0.108761 0.132422
v 0.316568 -0.077687 0.135547
v 0.319146 -0.046612 0.137373
v 0.321506 -0.015537 0.138511
v 0.311910 -0.126081 0.108761
v 0.316882 -0.108761 0.108761
v 0.323269 -0.077687 0.108761
v 0.328425 -0.046612 0.108761
v 0.333363 -0.015537 0.108761
v 0.310995 -0.124580 0.092293
v 0.315577 -0.109789 0.080236
v 0.325028 -0.077687 0.077687
v 0.330185 -0.046612 0.077687
v 0.335341 -0.015537 0.077687
v 0.316746 -0.101675 0.046612
v 0.326056 -0.077687 0.046612
v 0.331944 -0.046612 0.046612
v 0.337101 -0.015537 0.046612
v 0.314639 -0.097439 0.015537
v 0.324829 -0.077687 0.015537
v 0.333704 -0.046612 0.015537
v 0.339353 -0.013029 0.014186
v 0.341987 -0.000999 0.002926
v 0.026049 0.213342 0.437350
v 0.026049 0.221786 0.437350
v 0.015537 0.152343 0.405838
v 0.015537 0.170911 0.415050
v 0.015629 0.202584 0.428475
v 0.015629 0.232511 0.426682
v 0.015537 0.112368 0.380481
v 0.015537 0.136805 0.396019
v 0.015537 0.056856 0.345187
v 0.015537 0.077687 0.358431
v 0.015537 0.096830 0.370603
v 0.014157 0.014177 0.318394
v 0.015537 0.041318 0.335308
v 0.023595 0.002912 0.308895
v 0.034486 0.213342 0.437350
v 0.034486 0.221786 0.437350
v 0.031085 0.155369 0.403973
v 0.043511 0.170594 0.409952
v 0.045552 0.202584 0.424930
v 0.045552 0.232511 0.422603
v 0.046612 0.118417 0.376635
v 0.043511 0.142941 0.392995
v 0.051801 0.160025 0.401409
v 0.034960 0.060637 0.342783
v 0.045836 0.076091 0.349917
v 0.046612 0.102880 0.366757
v 0.046612 0.022930 0.315925
v 0.045836 0.048812 0.332573
v 0.055677 0.064669 0.340219
v 0.046612 0.007392 0.306046
v 0.065802 0.180741 0.407349
v 0.068039 0.201985 0.409692
v 0.065381 0.233060 0.407207
v 0.067042 0.122394 0.374107
v 0.077515 0.138873 0.380104
v 0.076771 0.170594 0.393952
v 0.083576 0.201985 0.394210
v 0.080918 0.233060 0.394736
v 0.077687 0.084491 0.347373
v 0.077515 0.110726 0.364096
v 0.087758 0.127873 0.371543
v 0.070917 0.027661 0.312917
v 0.079840 0.043876 0.321018
v 0.077687 0.068954 0.337495
v 0.079840 0.016597 0.303673
v 0.091633 0.031694 0.310353
v 0.096209 0.148589 0.375902
v 0.098113 0.170911 0.377831
v 0.098934 0.201985 0.378673
v 0.099606 0.233060 0.379199
v 0.102998 0.089419 0.344241
v 0.111518 0.106074 0.350083
v 0.107445 0.138873 0.362801
v 0.113650 0.170911 0.362123
v 0.114472 0.201985 0.362954
v 0.115144 0.233060 0.363785
v 0.108761 0.050565 0.318111
v 0.111518 0.078511 0.335197
v 0.123715 0.093924 0.341677
v 0.108761 0.015537 0.295841
v 0.108761 0.035028 0.308233
v 0.126616 0.114640 0.344166
v 0.128186 0.139836 0.345754
v 0.129008 0.170911 0.346585
v 0.129830 0.201985 0.347417
v 0.130651 0.233060 0.348248
v 0.139836 0.056731 0.314180
v 0.139836 0.077687 0.323092
v 0.138119 0.106074 0.331641
v 0.143724 0.139836 0.330035
v 0.144545 0.170911 0.330867
v 0.145367 0.201985 0.331698
v 0.146189 0.233060 0.332529
v 0.138703 0.014081 0.287503
v 0.139836 0.041193 0.304387
v 0.148307 0.002751 0.277923
v 0.156476 0.060631 0.311696
v 0.157438 0.077687 0.312711
v 0.158260 0.108761 0.313667
v 0.159082 0.139836 0.314498
v 0.159903 0.170911 0.315329
v 0.160725 0.201985 0.316161
v 0.161547 0.233060 0.316992
v 0.170911 0.024749 0.283614
v 0.168465 0.048808 0.295853
v 0.172976 0.077687 0.297117
v 0.173797 0.108761 0.297948
v 0.174619 0.139836 0.298779
v 0.175441 0.170911 0.299611
v 0.176262 0.201985 0.300442
v 0.177084 0.233060 0.301273
v 0.170911 0.009211 0.275125
v 0.186883 0.030247 0.280092
v 0.187512 0.046612 0.280733
v 0.188334 0.077687 0.281579
v 0.189155 0.108761 0.282411
v 0.189977 0.139836 0.283242
v 0.190799 0.170911 0.284073
v 0.191620 0.201985 0.284905
v 0.192442 0.233060 0.285736
v 0.202037 0.017316 0.262138
v 0.203049 0.046612 0.265029
v 0.203871 0.077687 0.265861
v 0.204693 0.108761 0.266692
v 0.205514 0.139836 0.267523
v 0.206336 0.170911 0.268355
v 0.207158 0.201985 0.269186
v 0.207979 0.233060 0.270017
v 0.217838 0.025102 0.248917
v 0.218407 0.046612 0.249492
v 0.219229 0.077687 0.250323
v 0.220051 0.108761 0.251155
v 0.220872 0.139836 0.251986
v 0.221694 0.170911 0.252817
v 0.222516 0.201985 0.253649
v 0.223337 0.233060 0.254480
v 0.015537 0.257629 0.410941
v 0.015537 0.273166 0.399199
v 0.013719 0.297123 0.381743
v 0.002148 0.311359 0.373287
v 0.022865 0.308758 0.371151
v 0.016146 0.326318 0.358551
v 0.009426 0.347768 0.345952
v 0.030143 0.341278 0.341345
v 0.018086 0.357819 0.333654
v 0.015537 0.379386 0.316432
v 0.015537 0.394923 0.302807
v 0.015537 0.412629 0.287270
v 0.015537 0.428167 0.273636
v 0.012688 0.449752 0.256348
v 0.000430 0.466404 0.248847
v 0.046612 0.253846 0.408537
v 0.046612 0.269384 0.394942
v 0.046612 0.287090 0.379405
v 0.046612 0.302627 0.365771
v 0.046612 0.320333 0.350234
v 0.046612 0.335871 0.336599
v 0.044324 0.356899 0.319474
v 0.032440 0.373799 0.311539
v 0.053157 0.366950 0.305529
v 0.043892 0.386635 0.293631
v 0.034627 0.406319 0.281733
v 0.055343 0.399471 0.275723
v 0.046079 0.419155 0.263825
v 0.036814 0.438839 0.251927
v 0.062257 0.248673 0.404037
v 0.073712 0.261509 0.386059
v 0.064450 0.281193 0.374231
v 0.085167 0.274345 0.368222
v 0.075902 0.294029 0.356323
v 0.066637 0.313714 0.344425
v 0.087354 0.306866 0.338416
v 0.078089 0.326550 0.326517
v 0.068824 0.346234 0.314619
v 0.089541 0.339386 0.308610
v 0.080276 0.359070 0.296711
v 0.071011 0.378755 0.284813
v 0.091728 0.371907 0.278804
v 0.079896 0.388841 0.270807
v 0.077687 0.409791 0.253705
v 0.097653 0.253629 0.377171
v 0.110696 0.266312 0.357302
v 0.103021 0.286149 0.347505
v 0.123738 0.278995 0.341496
v 0.111532 0.295988 0.333934
v 0.108761 0.317495 0.316669
v 0.108761 0.333032 0.303034
v 0.108761 0.350739 0.287497
v 0.108761 0.366276 0.273863
v 0.106068 0.387706 0.256620
v 0.093914 0.404427 0.248998
v 0.128808 0.258278 0.346383
v 0.139434 0.266836 0.334252
v 0.137704 0.294853 0.319724
v 0.125925 0.311822 0.311690
v 0.146641 0.304974 0.305681
v 0.137376 0.324658 0.293782
v 0.128112 0.344342 0.281884
v 0.148828 0.337494 0.275875
v 0.139563 0.357178 0.263976
v 0.130299 0.376862 0.252078
v 0.161916 0.264135 0.317066
v 0.159708 0.284257 0.314732
v 0.177454 0.264135 0.302105
v 0.172460 0.296849 0.295113
v 0.164496 0.316778 0.284964
v 0.185212 0.309441 0.278955
v 0.173277 0.326795 0.271080
v 0.170911 0.347901 0.253932
v 0.193264 0.264135 0.286567
v 0.191266 0.288724 0.284546
v 0.208801 0.264135 0.270848
v 0.201768 0.297533 0.271842
v 0.199449 0.325660 0.256892
v 0.187399 0.342450 0.249149
v 0.224159 0.264135 0.255311
v 0.224215 0.295209 0.254885
v 0.221747 0.314886 0.252228
v 0.217192 0.004386 0.248363
v 0.233042 0.015874 0.233042
v 0.233944 0.046612 0.233773
v 0.234766 0.077687 0.234605
v 0.235588 0.108761 0.235436
v 0.236410 0.139836 0.236267
v 0.237231 0.170911 0.237099
v 0.238053 0.201985 0.237930
v 0.238875 0.233060 0.238761
v 0.248246 0.006646 0.217167
v 0.021146 0.459556 0.242837
v 0.011881 0.479240 0.230939
v 0.023333 0.492076 0.213031
v 0.057530 0.431991 0.245918
v 0.048266 0.451676 0.234019
v 0.039001 0.471360 0.222121
v 0.059717 0.464512 0.216112
v 0.050452 0.484196 0.204213
v 0.061904 0.497032 0.186306
v 0.077687 0.425329 0.240071
v 0.077687 0.443035 0.224533
v 0.077687 0.458572 0.210899
v 0.077687 0.476278 0.195362
v 0.077687 0.491815 0.181728
v 0.114631 0.397579 0.242989
v 0.105366 0.417263 0.231090
v 0.096101 0.436947 0.219192
v 0.116818 0.430099 0.213183
v 0.107553 0.449784 0.201284
v 0.098288 0.469468 0.189386
v 0.119005 0.462620 0.183377
v 0.109740 0.482304 0.171478
v 0.121192 0.495140 0.153571
v 0.151015 0.370014 0.246069
v 0.141750 0.389699 0.234170
v 0.132486 0.409383 0.222272
v 0.153202 0.402535 0.216263
v 0.141641 0.419648 0.207953
v 0.139836 0.440197 0.190968
v 0.139836 0.455734 0.177334
v 0.139836 0.473440 0.161797
v 0.139836 0.488977 0.148163
v 0.170911 0.363438 0.240298
v 0.170911 0.381144 0.224760
v 0.170911 0.396681 0.211126
v 0.167812 0.418513 0.193766
v 0.155389 0.435055 0.186457
v 0.176105 0.428207 0.180448
v 0.166841 0.447892 0.168549
v 0.157576 0.467576 0.156651
v 0.178292 0.460728 0.150642
v 0.169027 0.480412 0.138743
v 0.180479 0.493248 0.120187
v 0.208116 0.335602 0.243140
v 0.198851 0.355286 0.231241
v 0.189586 0.374970 0.219343
v 0.210303 0.368122 0.213334
v 0.201038 0.387807 0.201436
v 0.191773 0.407491 0.189537
v 0.212489 0.400643 0.183528
v 0.203225 0.420327 0.171630
v 0.193960 0.440011 0.159731
v 0.214676 0.433163 0.153722
v 0.205412 0.452848 0.141824
v 0.196147 0.472532 0.129925
v 0.216863 0.465684 0.123916
v 0.205417 0.484004 0.111693
v 0.213816 0.495037 0.077687
v 0.214910 0.495757 0.046612
v 0.216004 0.496359 0.015537
v 0.239696 0.264135 0.239592
v 0.239752 0.295209 0.240424
v 0.234217 0.327456 0.232924
v 0.225970 0.347406 0.222423
v 0.246687 0.340026 0.216414
v 0.235021 0.357602 0.208226
v 0.233060 0.378306 0.191195
v 0.233060 0.393843 0.177561
v 0.233060 0.411549 0.162024
v 0.233060 0.427087 0.148389
v 0.233060 0.444793 0.132852
v 0.233060 0.460330 0.119205
v 0.233060 0.474924 0.103667
v 0.233060 0.484448 0.077687
v 0.233060 0.485771 0.046612
v 0.233060 0.486975 0.015537
v 0.002617 0.498924 0.219041
v 0.014068 0.511761 0.201133
v 0.004804 0.531445 0.189235
v 0.025520 0.524597 0.183225
v 0.016255 0.544281 0.171327
v 0.006990 0.563965 0.159429
v 0.027707 0.557117 0.153419
v 0.018442 0.576801 0.141521
v 0.009177 0.596033 0.129623
v 0.029894 0.589638 0.121639
v 0.017936 0.599079 0.110273
v 0.015537 0.604250 0.077687
v 0.015537 0.605455 0.046612
v 0.015537 0.606659 0.015537
v 0.041188 0.503880 0.192315
v 0.049572 0.513636 0.178890
v 0.046612 0.535331 0.161570
v 0.046612 0.550868 0.147936
v 0.046612 0.568551 0.132398
v 0.045206 0.582871 0.110273
v 0.033911 0.591979 0.100923
v 0.051413 0.584511 0.077687
v 0.035876 0.593060 0.077687
v 0.052507 0.585113 0.046612
v 0.036970 0.593662 0.046612
v 0.053602 0.585715 0.015537
v 0.038064 0.594264 0.015537
v 0.075744 0.512501 0.164703
v 0.064091 0.529553 0.156500
v 0.084807 0.522705 0.150490
v 0.075543 0.542389 0.138592
v 0.066278 0.562043 0.126694
v 0.086994 0.555225 0.115542
v 0.077056 0.565007 0.106615
v 0.077687 0.570055 0.077687
v 0.077687 0.571259 0.046612
v 0.077687 0.572463 0.015537
v 0.100475 0.501988 0.159580
v 0.111927 0.514825 0.141672
v 0.102662 0.534509 0.129774
v 0.123379 0.527661 0.123522
v 0.108774 0.544337 0.109174
v 0.094169 0.559864 0.094826
v 0.110726 0.551876 0.077687
v 0.095189 0.560425 0.077687
v 0.111821 0.552478 0.046612
v 0.096283 0.561027 0.046612
v 0.112915 0.553080 0.015537
v 0.097378 0.561629 0.015537
v 0.139836 0.506683 0.132625
v 0.142376 0.523118 0.111403
v 0.133711 0.533448 0.102805
v 0.154502 0.527790 0.077687
v 0.138965 0.536339 0.077687
v 0.155157 0.528150 0.059085
v 0.142814 0.535376 0.047881
v 0.139836 0.538268 0.015537
v 0.159763 0.500096 0.126845
v 0.170437 0.507322 0.109402
v 0.170911 0.518762 0.077687
v 0.168111 0.521457 0.047881
v 0.155887 0.528552 0.038369
v 0.172228 0.520445 0.015537
v 0.156691 0.528994 0.015537
v 0.193970 0.501333 0.099470
v 0.198278 0.503704 0.077687
v 0.199373 0.504306 0.046612
v 0.200467 0.504908 0.015537
v 0.248794 0.027362 0.217721
v 0.249303 0.046612 0.218236
v 0.250124 0.077687 0.219067
v 0.250946 0.108761 0.219899
v 0.251768 0.139836 0.220730
v 0.252589 0.170911 0.221561
v 0.253411 0.201985 0.222393
v 0.254233 0.233060 0.223224
v 0.263997 0.018134 0.201846
v 0.264840 0.046612 0.202517
v 0.265662 0.077687 0.203349
v 0.266483 0.108761 0.204180
v 0.267305 0.139836 0.205011
v 0.268127 0.170911 0.205843
v 0.268948 0.201985 0.206674
v 0.269770 0.233060 0.207505
v 0.279201 0.008906 0.185971
v 0.279749 0.029623 0.186526
v 0.280198 0.046612 0.186980
v 0.281020 0.077687 0.187811
v 0.281841 0.108761 0.188643
v 0.282663 0.139836 0.189474
v 0.283485 0.170911 0.190305
v 0.284306 0.201985 0.191136
v 0.285128 0.233060 0.191968
v 0.291768 0.017774 0.173732
v 0.298712 0.043990 0.168110
v 0.296557 0.077687 0.172093
v 0.297379 0.108761 0.172924
v 0.298200 0.139836 0.173755
v 0.299022 0.170911 0.174586
v 0.299844 0.201985 0.175418
v 0.300665 0.233060 0.176249
v 0.310272 0.015537 0.154893
v 0.310704 0.031883 0.155330
v 0.311252 0.052600 0.155884
v 0.311915 0.077687 0.156555
v 0.312737 0.108761 0.157387
v 0.313558 0.139836 0.158218
v 0.314380 0.170911 0.159049
v 0.315202 0.201985 0.159880
v 0.316023 0.233060 0.160712
v 0.323972 0.015537 0.139355
v 0.326230 0.045070 0.140009
v 0.327452 0.077687 0.140837
v 0.328274 0.108761 0.141668
v 0.329096 0.139836 0.142499
v 0.329917 0.170911 0.143330
v 0.330739 0.201985 0.144162
v 0.331561 0.233060 0.144993
v 0.339015 0.018194 0.106975
v 0.341209 0.037540 0.116142
v 0.339870 0.011759 0.077687
v 0.340750 0.006456 0.046612
v 0.341400 0.002536 0.023643
v 0.342128 0.058256 0.124689
v 0.342681 0.077687 0.125299
v 0.343542 0.108761 0.126131
v 0.344434 0.139836 0.126962
v 0.345275 0.170911 0.127793
v 0.346097 0.201985 0.128624
v 0.346919 0.233060 0.129456
v 0.341946 0.030323 0.095425
v 0.343186 0.047384 0.106975
v 0.346735 0.077687 0.108761
v 0.350174 0.108761 0.108761
v 0.353644 0.139836 0.108761
v 0.357064 0.170911 0.108761
v 0.362903 0.204807 0.105746
v 0.362456 0.233060 0.110986
v 0.342448 0.027296 0.077687
v 0.345653 0.046612 0.077687
v 0.350809 0.077687 0.077687
v 0.355966 0.108761 0.077687
v 0.361122 0.139836 0.077687
v 0.366278 0.170911 0.077687
v 0.370876 0.198621 0.077687
v 0.343328 0.021993 0.046612
v 0.347413 0.046612 0.046612
v 0.352569 0.077687 0.046612
v 0.357725 0.108761 0.046612
v 0.362882 0.139836 0.046612
v 0.368038 0.170911 0.046612
v 0.371756 0.193318 0.046612
v 0.343830 0.013952 0.014186
v 0.349173 0.046612 0.015537
v 0.354329 0.077687 0.015537
v 0.359485 0.108761 0.015537
v 0.364641 0.139836 0.015537
v 0.370345 0.173584 0.013700
v 0.372429 0.189260 0.022834
v 0.372975 0.217047 0.093378
v 0.374303 0.233060 0.095449
v 0.373454 0.214158 0.077687
v 0.376590 0.233060 0.077687
v 0.374334 0.208855 0.046612
v 0.378350 0.233060 0.046612
v 0.373016 0.185725 0.002117
v 0.374822 0.200565 0.013700
v 0.380110 0.233060 0.015537
v 0.255054 0.264135 0.224055
v 0.255876 0.295209 0.224886
v 0.253724 0.319310 0.222709
v 0.270592 0.264135 0.208336
v 0.271413 0.295209 0.209168
v 0.264103 0.328314 0.209411
v 0.261193 0.356467 0.194038
v 0.248874 0.373078 0.186608
v 0.269590 0.366230 0.180599
v 0.260325 0.385915 0.168701
v 0.251060 0.405599 0.156802
v 0.271777 0.398751 0.150793
v 0.262512 0.418435 0.138895
v 0.253247 0.438119 0.126996
v 0.273964 0.431271 0.120987
v 0.264096 0.450466 0.109080
v 0.254229 0.469218 0.097173
v 0.273129 0.461990 0.077687
v 0.257592 0.471069 0.077687
v 0.274223 0.463122 0.046612
v 0.258686 0.471671 0.046612
v 0.275318 0.463724 0.015537
v 0.259780 0.472273 0.015537
v 0.285950 0.264135 0.192799
v 0.286771 0.295209 0.193630
v 0.286499 0.326284 0.192677
v 0.283768 0.345514 0.189688
v 0.301487 0.264135 0.177080
v 0.302309 0.295209 0.177912
v 0.302036 0.326284 0.178743
v 0.295964 0.358112 0.170735
v 0.287445 0.378035 0.159883
v 0.308161 0.370710 0.153873
v 0.298896 0.390871 0.141975
v 0.289631 0.410555 0.130077
v 0.310348 0.403707 0.124067
v 0.298077 0.420351 0.116581
v 0.295209 0.441029 0.099287
v 0.295209 0.448993 0.077687
v 0.295209 0.451575 0.046612
v 0.295209 0.452779 0.015537
v 0.316845 0.264135 0.161543
v 0.317667 0.295209 0.162374
v 0.318488 0.326284 0.163206
v 0.316182 0.349993 0.160872
v 0.332382 0.264135 0.145824
v 0.333204 0.295209 0.146656
v 0.334026 0.326284 0.147487
v 0.326438 0.359154 0.146979
v 0.326284 0.382902 0.133079
v 0.326284 0.398439 0.119445
v 0.324217 0.419159 0.102393
v 0.312480 0.435972 0.094261
v 0.330937 0.428295 0.077687
v 0.315400 0.437585 0.077687
v 0.333537 0.430487 0.046612
v 0.317999 0.439036 0.046612
v 0.334631 0.430788 0.015537
v 0.319094 0.439638 0.015537
v 0.347740 0.264135 0.130287
v 0.348562 0.295209 0.131118
v 0.349384 0.326284 0.131950
v 0.348765 0.357358 0.130469
v 0.345764 0.376142 0.127148
v 0.363278 0.264135 0.113982
v 0.364099 0.295209 0.115400
v 0.364921 0.326284 0.116231
v 0.364302 0.357358 0.117062
v 0.357699 0.388803 0.108547
v 0.348919 0.408568 0.097342
v 0.369635 0.401464 0.087922
v 0.358510 0.411852 0.077613
v 0.357358 0.416607 0.046612
v 0.369240 0.396279 0.008628
v 0.358272 0.413469 0.017607
v 0.376589 0.264135 0.098444
v 0.378308 0.295209 0.099862
v 0.379799 0.326284 0.100694
v 0.381041 0.357358 0.101525
v 0.378640 0.380747 0.099035
v 0.381455 0.264135 0.077687
v 0.385751 0.295209 0.077687
v 0.389821 0.326284 0.077687
v 0.393585 0.357358 0.077687
v 0.383205 0.390037 0.077613
v 0.375150 0.405390 0.067206
v 0.383506 0.264135 0.046612
v 0.388663 0.295209 0.046612
v 0.393819 0.326284 0.046612
v 0.395778 0.357358 0.046612
v 0.386267 0.388433 0.046612
v 0.375136 0.405628 0.046612
v 0.385266 0.264135 0.015537
v 0.390422 0.295209 0.015537
v 0.393687 0.326284 0.015537
v 0.388828 0.357358 0.015537
v 0.377490 0.386926 0.017607
v 0.373629 0.404762 0.029345
v 0.015537 -0.291688 -0.015537
v 0.015537 -0.282086 -0.034810
v 0.015537 -0.272044 -0.050347
v 0.015537 -0.260833 -0.077687
v 0.015537 -0.261273 -0.108761
v 0.015537 -0.269466 -0.139836
v 0.009597 -0.281343 -0.180222
v 0.018188 -0.277179 -0.170282
v 0.018188 -0.283399 -0.202927
v 0.030313 -0.279539 -0.193196
v 0.016595 -0.286015 -0.230136
v 0.027658 -0.276633 -0.238546
v 0.033988 -0.281795 -0.015537
v 0.049526 -0.271470 -0.015537
v 0.031759 -0.280058 -0.031650
v 0.043915 -0.267686 -0.043850
v 0.046612 -0.254882 -0.077687
v 0.046612 -0.255869 -0.108761
v 0.046612 -0.264053 -0.139836
v 0.046612 -0.269357 -0.170911
v 0.031179 -0.279759 -0.213913
v 0.043567 -0.270527 -0.202927
v 0.031179 -0.279759 -0.217829
v 0.045599 -0.263234 -0.230081
v 0.071758 -0.255932 -0.015537
v 0.070646 -0.253648 -0.046612
v 0.067063 -0.250196 -0.077687
v 0.075559 -0.251119 -0.109371
v 0.079623 -0.254330 -0.139501
v 0.072138 -0.256104 -0.170911
v 0.066877 -0.252802 -0.201985
v 0.063541 -0.249835 -0.221616
v 0.094781 -0.249652 -0.120136
v 0.094781 -0.249652 -0.128919
v 0.060020 -0.246703 -0.242333
v 0.087296 -0.244261 -0.015537
v 0.086183 -0.245013 -0.046612
v 0.082600 -0.245886 -0.077687
v 0.084499 -0.247003 -0.099420
v 0.091271 -0.246885 -0.149636
v 0.087675 -0.243680 -0.170911
v 0.082415 -0.238983 -0.201985
v 0.077961 -0.233304 -0.233868
v 0.092382 -0.216773 -0.246120
v 0.108761 -0.230337 -0.015537
v 0.108761 -0.233563 -0.046612
v 0.108761 -0.237535 -0.077687
v 0.106588 -0.240070 -0.109371
v 0.109221 -0.233486 -0.141208
v 0.123661 -0.216955 -0.153497
v 0.105164 -0.228143 -0.170911
v 0.120701 -0.214323 -0.170911
v 0.099883 -0.223445 -0.201985
v 0.115420 -0.209625 -0.201985
v 0.095903 -0.219905 -0.225403
v 0.107261 -0.206997 -0.234681
v 0.131298 -0.219136 -0.015537
v 0.146835 -0.214630 -0.015537
v 0.137168 -0.221609 -0.046612
v 0.152705 -0.216830 -0.046612
v 0.136343 -0.224709 -0.077687
v 0.151880 -0.214596 -0.077687
v 0.131264 -0.223597 -0.108761
v 0.146801 -0.209898 -0.108761
v 0.127182 -0.220087 -0.132781
v 0.138458 -0.207325 -0.141818
v 0.141221 -0.196665 -0.168950
v 0.152502 -0.183894 -0.178000
v 0.132888 -0.194088 -0.201985
v 0.148426 -0.180268 -0.201985
v 0.127607 -0.189390 -0.233060
v 0.143144 -0.175571 -0.233060
v 0.170911 -0.205937 -0.015537
v 0.170911 -0.204781 -0.046612
v 0.172418 -0.196992 -0.076086
v 0.183781 -0.184076 -0.085378
v 0.164269 -0.194361 -0.108761
v 0.179807 -0.180623 -0.108761
v 0.159001 -0.189663 -0.139836
v 0.174538 -0.176767 -0.139836
v 0.156040 -0.187026 -0.157284
v 0.170452 -0.171056 -0.170276
v 0.184864 -0.153964 -0.183268
v 0.165894 -0.164731 -0.201985
v 0.181431 -0.150911 -0.201985
v 0.160612 -0.160033 -0.233060
v 0.176150 -0.146213 -0.233060
v 0.195614 -0.193293 -0.015537
v 0.211151 -0.180814 -0.015537
v 0.190369 -0.189936 -0.046612
v 0.205907 -0.176116 -0.046612
v 0.187302 -0.187207 -0.064661
v 0.201748 -0.170677 -0.076966
v 0.216194 -0.154192 -0.089271
v 0.197596 -0.165086 -0.108761
v 0.213134 -0.151528 -0.108761
v 0.194289 -0.161230 -0.139836
v 0.209827 -0.148749 -0.139836
v 0.191068 -0.158218 -0.162551
v 0.204147 -0.141868 -0.174208
v 0.217226 -0.124034 -0.185865
v 0.198899 -0.135374 -0.201985
v 0.214436 -0.121554 -0.201985
v 0.193618 -0.130676 -0.233060
v 0.209155 -0.116856 -0.233060
v 0.228656 -0.165276 -0.015537
v 0.244194 -0.151456 -0.015537
v 0.223375 -0.160579 -0.046612
v 0.238912 -0.146759 -0.046612
v 0.219664 -0.157278 -0.068555
v 0.234084 -0.140770 -0.080753
v 0.248505 -0.124216 -0.092952
v 0.230462 -0.135990 -0.108761
v 0.245999 -0.121898 -0.108761
v 0.226245 -0.133212 -0.139836
v 0.241782 -0.117486 -0.139836
v 0.222166 -0.129771 -0.165148
v 0.232738 -0.114891 -0.173668
v 0.234649 -0.104002 -0.200626
v 0.246067 -0.090973 -0.210078
v 0.226623 -0.101319 -0.233060
v 0.242161 -0.087499 -0.233060
v 0.006942 -0.285704 -0.255542
v 0.016595 -0.269071 -0.265194
v 0.015537 -0.253163 -0.282589
v 0.037282 -0.254111 -0.264135
v 0.031123 -0.248630 -0.279693
v 0.012639 -0.230074 -0.298420
v 0.021065 -0.211704 -0.307028
v 0.000348 -0.217725 -0.310876
v 0.012639 -0.201602 -0.316613
v 0.017290 -0.170628 -0.334677
v 0.028817 -0.154061 -0.340982
v 0.008100 -0.160082 -0.344830
v 0.017290 -0.142156 -0.352871
v 0.015537 -0.118067 -0.368914
v 0.015537 -0.102530 -0.378842
v 0.015901 -0.076597 -0.395279
v 0.026501 -0.059491 -0.402272
v 0.005785 -0.065512 -0.406119
v 0.015901 -0.048124 -0.413472
v 0.015537 -0.022825 -0.429773
v 0.015537 -0.007287 -0.439702
v 0.052820 -0.242343 -0.264135
v 0.043533 -0.232300 -0.285344
v 0.048190 -0.201602 -0.303408
v 0.059601 -0.184966 -0.309800
v 0.038884 -0.190987 -0.313647
v 0.048190 -0.173129 -0.321602
v 0.046612 -0.148889 -0.337678
v 0.046612 -0.133351 -0.347606
v 0.046801 -0.107570 -0.364010
v 0.057285 -0.090396 -0.371089
v 0.036569 -0.096418 -0.374936
v 0.046801 -0.079098 -0.382203
v 0.046612 -0.053646 -0.398537
v 0.046612 -0.038108 -0.408465
v 0.045412 -0.013538 -0.424611
v 0.034253 -0.001848 -0.436226
v 0.072725 -0.226805 -0.264135
v 0.088262 -0.213952 -0.264135
v 0.066734 -0.221435 -0.282465
v 0.077330 -0.202686 -0.290333
v 0.077687 -0.179710 -0.306441
v 0.077687 -0.164172 -0.316369
v 0.077701 -0.138543 -0.332741
v 0.088069 -0.121302 -0.339906
v 0.067353 -0.127323 -0.343754
v 0.077701 -0.110071 -0.350934
v 0.077687 -0.084467 -0.367300
v 0.077687 -0.068929 -0.377228
v 0.076312 -0.044512 -0.393342
v 0.085753 -0.026732 -0.401196
v 0.065037 -0.032753 -0.405043
v 0.076312 -0.016039 -0.411535
v 0.109953 -0.196259 -0.261813
v 0.121106 -0.183712 -0.270623
v 0.100389 -0.192794 -0.285236
v 0.109621 -0.170970 -0.296818
v 0.118853 -0.152208 -0.308400
v 0.098136 -0.158229 -0.312571
v 0.108601 -0.141044 -0.319665
v 0.108761 -0.115288 -0.336063
v 0.108761 -0.099751 -0.345992
v 0.107212 -0.075485 -0.362073
v 0.116537 -0.057638 -0.370013
v 0.095821 -0.063659 -0.373860
v 0.107212 -0.047013 -0.380266
v 0.111863 -0.016039 -0.398330
v 0.103573 -0.006016 -0.407814
v 0.124744 -0.186844 -0.249907
v 0.139164 -0.170313 -0.262158
v 0.153585 -0.153782 -0.274410
v 0.132868 -0.162996 -0.287684
v 0.141870 -0.147007 -0.296909
v 0.139836 -0.130572 -0.314755
v 0.138112 -0.106458 -0.330804
v 0.147321 -0.088543 -0.338830
v 0.126605 -0.094565 -0.342678
v 0.138112 -0.077986 -0.348997
v 0.142763 -0.047013 -0.367061
v 0.155073 -0.030900 -0.372784
v 0.134357 -0.036921 -0.376632
v 0.142763 -0.018540 -0.385255
v 0.157106 -0.156914 -0.253694
v 0.171526 -0.140383 -0.265945
v 0.185947 -0.123853 -0.278197
v 0.164168 -0.131753 -0.295209
v 0.179705 -0.120147 -0.295209
v 0.157242 -0.125470 -0.311495
v 0.168925 -0.108815 -0.317728
v 0.173664 -0.077986 -0.335792
v 0.185857 -0.061806 -0.341602
v 0.165141 -0.067827 -0.345449
v 0.173664 -0.049513 -0.353986
v 0.170911 -0.026297 -0.369843
v 0.170911 -0.010760 -0.379771
v 0.189467 -0.126984 -0.257480
v 0.200689 -0.114319 -0.266357
v 0.202699 -0.102752 -0.293489
v 0.213533 -0.090536 -0.302700
v 0.192817 -0.098493 -0.314266
v 0.202699 -0.079181 -0.322717
v 0.201985 -0.057118 -0.338606
v 0.201985 -0.041581 -0.348535
v 0.203174 -0.014927 -0.365124
v 0.193609 -0.004163 -0.375556
v 0.221342 -0.096621 -0.264135
v 0.236879 -0.082801 -0.264135
v 0.218308 -0.093923 -0.281984
v 0.232642 -0.077265 -0.294236
v 0.246976 -0.060862 -0.306487
v 0.226260 -0.069820 -0.317038
v 0.235685 -0.047965 -0.328724
v 0.245109 -0.029047 -0.340411
v 0.224393 -0.035068 -0.344373
v 0.234075 -0.017428 -0.352049
v 0.265197 -0.133655 -0.012627
v 0.276263 -0.121266 -0.021046
v 0.256380 -0.131221 -0.046612
v 0.271918 -0.117402 -0.046612
v 0.252026 -0.127348 -0.072235
v 0.263084 -0.114974 -0.080631
v 0.265846 -0.104371 -0.107763
v 0.277346 -0.091155 -0.117455
v 0.258005 -0.101949 -0.139836
v 0.273542 -0.087772 -0.139836
v 0.252723 -0.097200 -0.170911
v 0.268261 -0.083074 -0.170911
v 0.249587 -0.094131 -0.189361
v 0.264008 -0.077574 -0.201613
v 0.278428 -0.061043 -0.213865
v 0.259629 -0.071962 -0.233060
v 0.275166 -0.058142 -0.233060
v 0.279784 -0.124398 -0.000329
v 0.294204 -0.107867 -0.012581
v 0.308625 -0.091337 -0.024833
v 0.289386 -0.101864 -0.046612
v 0.304923 -0.088044 -0.046612
v 0.284105 -0.097167 -0.077687
v 0.299642 -0.083347 -0.077687
v 0.280867 -0.094287 -0.096739
v 0.295287 -0.077756 -0.108990
v 0.309708 -0.061225 -0.121242
v 0.291010 -0.072234 -0.139836
v 0.306547 -0.058414 -0.139836
v 0.285729 -0.067537 -0.170911
v 0.301266 -0.053717 -0.170911
v 0.281949 -0.064175 -0.193148
v 0.293468 -0.050982 -0.202898
v 0.296230 -0.040322 -0.230030
v 0.307269 -0.027982 -0.238368
v 0.312132 -0.094468 -0.004116
v 0.320181 -0.079662 -0.014900
v 0.335148 -0.046612 -0.015537
v 0.339932 -0.019687 -0.015537
v 0.320687 -0.072507 -0.046612
v 0.335215 -0.046612 -0.046612
v 0.340811 -0.024989 -0.046612
v 0.317110 -0.067809 -0.077687
v 0.334254 -0.043743 -0.078604
v 0.341441 -0.028785 -0.068857
v 0.313228 -0.064357 -0.100526
v 0.324666 -0.049536 -0.110035
v 0.327428 -0.040649 -0.137167
v 0.338549 -0.026827 -0.145745
v 0.318734 -0.038179 -0.170911
v 0.334272 -0.023357 -0.170911
v 0.313453 -0.033482 -0.201985
v 0.328990 -0.019662 -0.201985
v 0.310790 -0.031114 -0.217652
v 0.325211 -0.014583 -0.229903
v 0.342510 -0.004149 -0.015537
v 0.343390 -0.009452 -0.046612
v 0.342028 -0.031472 -0.089573
v 0.343904 -0.017271 -0.078604
v 0.342107 -0.031538 -0.108761
v 0.345435 -0.015537 -0.108761
v 0.341995 -0.031295 -0.125029
v 0.345292 -0.016096 -0.137167
v 0.346660 -0.007820 -0.170911
v 0.345266 -0.004125 -0.201985
v 0.343061 -0.001184 -0.221439
v 0.254348 -0.067264 -0.264135
v 0.269885 -0.053444 -0.264135
v 0.250670 -0.063993 -0.285771
v 0.265091 -0.047463 -0.298022
v 0.279511 -0.030932 -0.310274
v 0.258795 -0.040145 -0.319695
v 0.267146 -0.024943 -0.328545
v 0.264135 -0.007980 -0.346920
v 0.287353 -0.037907 -0.264135
v 0.302890 -0.024087 -0.264135
v 0.283032 -0.034064 -0.289558
v 0.294118 -0.021641 -0.298033
v 0.294478 -0.008116 -0.324891
v 0.283632 -0.002310 -0.343297
v 0.320358 -0.008550 -0.264135
v 0.315077 -0.003852 -0.295209
v 0.311873 -0.001002 -0.313604
v 0.216875 0.496838 -0.009192
v 0.215774 0.493516 -0.244381
v 0.230002 0.489955 -0.017945
v 0.233730 0.489014 -0.046612
v 0.234825 0.489616 -0.077687
v 0.235919 0.490219 -0.108761
v 0.237013 0.490652 -0.139836
v 0.238072 0.488491 -0.170911
v 0.245803 0.460242 -0.210929
v 0.238243 0.480366 -0.201136
v 0.246338 0.430293 -0.243266
v 0.241255 0.450163 -0.232968
v 0.225508 0.482557 -0.233637
v 0.015537 0.607863 -0.015537
v 0.015537 0.607582 -0.046612
v 0.015537 0.604914 -0.077687
v 0.015537 0.600706 -0.108761
v 0.006068 0.589361 -0.151437
v 0.016070 0.594012 -0.140581
v 0.016070 0.586261 -0.169473
v 0.026784 0.591166 -0.158157
v 0.015537 0.577440 -0.201985
v 0.015537 0.569097 -0.233060
v 0.054696 0.586317 -0.015537
v 0.039159 0.594866 -0.015537
v 0.055790 0.586919 -0.046612
v 0.040253 0.595468 -0.046612
v 0.056885 0.587522 -0.077687
v 0.041347 0.596070 -0.077687
v 0.057792 0.588124 -0.108761
v 0.042255 0.596034 -0.108761
v 0.056011 0.588726 -0.139836
v 0.040473 0.593618 -0.139836
v 0.046407 0.588326 -0.169473
v 0.035912 0.591166 -0.158157
v 0.046612 0.582630 -0.201985
v 0.046612 0.574510 -0.233060
v 0.077687 0.573668 -0.015537
v 0.077687 0.574872 -0.046612
v 0.077687 0.576076 -0.077687
v 0.077687 0.577280 -0.108761
v 0.077687 0.578484 -0.139836
v 0.077687 0.579689 -0.170911
v 0.077687 0.578729 -0.201985
v 0.077687 0.575376 -0.233060
v 0.114009 0.553682 -0.015537
v 0.098472 0.562231 -0.015537
v 0.115104 0.554284 -0.046612
v 0.099566 0.562833 -0.046612
v 0.116198 0.554887 -0.077687
v 0.100661 0.563435 -0.077687
v 0.117292 0.555489 -0.108761
v 0.101755 0.564038 -0.108761
v 0.118386 0.556091 -0.139836
v 0.102849 0.564640 -0.139836
v 0.119481 0.556693 -0.170911
v 0.103943 0.565242 -0.170911
v 0.120575 0.557295 -0.201985
v 0.105038 0.565844 -0.201985
v 0.121669 0.557897 -0.233060
v 0.106132 0.566440 -0.233060
v 0.139836 0.539472 -0.015537
v 0.139836 0.540676 -0.046612
v 0.139836 0.541881 -0.077687
v 0.139836 0.543085 -0.108761
v 0.139836 0.544289 -0.139836
v 0.139836 0.545493 -0.170911
v 0.139836 0.546697 -0.201985
v 0.139836 0.547902 -0.233060
v 0.173323 0.521047 -0.015537
v 0.157785 0.529596 -0.015537
v 0.174417 0.521649 -0.046612
v 0.158880 0.530198 -0.046612
v 0.175511 0.522251 -0.077687
v 0.159974 0.530800 -0.077687
v 0.176605 0.522854 -0.108761
v 0.161068 0.531402 -0.108761
v 0.177700 0.523456 -0.139836
v 0.162162 0.532005 -0.139836
v 0.178794 0.524058 -0.170911
v 0.163257 0.532607 -0.170911
v 0.179888 0.524660 -0.201985
v 0.164351 0.533209 -0.201985
v 0.180983 0.525227 -0.233060
v 0.165445 0.533811 -0.233060
v 0.204704 0.503874 -0.017945
v 0.201985 0.506481 -0.046612
v 0.201985 0.507685 -0.077687
v 0.201985 0.508889 -0.108761
v 0.201985 0.510093 -0.139836
v 0.201985 0.511298 -0.170911
v 0.201985 0.512502 -0.201985
v 0.204043 0.508663 -0.233637
v 0.217605 0.497240 -0.029909
v 0.218193 0.497563 -0.046612
v 0.219287 0.498165 -0.077687
v 0.220381 0.498767 -0.108761
v 0.221476 0.499370 -0.139836
v 0.222535 0.499972 -0.170911
v 0.222212 0.500574 -0.201985
v 0.220093 0.499648 -0.223664
v 0.014511 0.017435 -0.455880
v 0.024186 0.035079 -0.463561
v 0.003469 0.029058 -0.467408
v 0.014511 0.045907 -0.474073
v 0.015537 0.072418 -0.490633
v 0.030249 0.153495 -0.496805
v 0.026420 0.170911 -0.494998
v 0.019588 0.201985 -0.491775
v 0.012684 0.230530 -0.489111
v 0.054970 0.004174 -0.432378
v 0.045412 0.014934 -0.442804
v 0.046612 0.041597 -0.459396
v 0.059258 0.242021 -0.464756
v 0.046612 0.057135 -0.469324
v 0.044022 0.080493 -0.485212
v 0.050056 0.108761 -0.492204
v 0.045742 0.141816 -0.491918
v 0.046612 0.170911 -0.485473
v 0.046612 0.201985 -0.479027
v 0.047985 0.232222 -0.472107
v 0.077687 0.010776 -0.428159
v 0.077687 0.026313 -0.438087
v 0.074922 0.049520 -0.453943
v 0.083438 0.067838 -0.462485
v 0.089083 0.177031 -0.464166
v 0.083597 0.201985 -0.461578
v 0.075577 0.232222 -0.459090
v 0.062721 0.061817 -0.466332
v 0.074922 0.077992 -0.472111
v 0.077687 0.108761 -0.480631
v 0.077687 0.139836 -0.477259
v 0.078310 0.168368 -0.471046
v 0.068060 0.201985 -0.468908
v 0.063812 0.221305 -0.466904
v 0.124289 0.000005 -0.403967
v 0.108897 0.015458 -0.419558
v 0.114222 0.036932 -0.431302
v 0.122647 0.244841 -0.434266
v 0.093505 0.030911 -0.435150
v 0.105823 0.047019 -0.440867
v 0.110474 0.077992 -0.458931
v 0.118513 0.108761 -0.463565
v 0.112798 0.139836 -0.460694
v 0.105902 0.168368 -0.458029
v 0.108761 0.201985 -0.449707
v 0.110878 0.233914 -0.442085
v 0.101257 0.088554 -0.469062
v 0.102975 0.108761 -0.470084
v 0.097261 0.139836 -0.468024
v 0.093638 0.156315 -0.466315
v 0.139836 0.004524 -0.401080
v 0.139836 0.020061 -0.411008
v 0.141374 0.047019 -0.427662
v 0.152758 0.063678 -0.434074
v 0.152472 0.179851 -0.433677
v 0.147606 0.201985 -0.431381
v 0.138470 0.233914 -0.429068
v 0.132041 0.057649 -0.437921
v 0.141374 0.075496 -0.445507
v 0.139836 0.108761 -0.454024
v 0.139836 0.139836 -0.447939
v 0.141203 0.170060 -0.441024
v 0.132069 0.201985 -0.438711
v 0.127201 0.224125 -0.436415
v 0.172274 0.016046 -0.396393
v 0.183541 0.032764 -0.402891
v 0.186036 0.247661 -0.403776
v 0.162825 0.026743 -0.406738
v 0.172274 0.044518 -0.414587
v 0.170911 0.070739 -0.430702
v 0.182298 0.114860 -0.433087
v 0.176807 0.139836 -0.430497
v 0.168795 0.170060 -0.428007
v 0.170911 0.201985 -0.420387
v 0.173771 0.235605 -0.412063
v 0.170911 0.086276 -0.438988
v 0.171528 0.106206 -0.439957
v 0.161270 0.139836 -0.437827
v 0.157027 0.159134 -0.435825
v 0.214325 0.001858 -0.371708
v 0.203174 0.013545 -0.383318
v 0.201985 0.038125 -0.399466
v 0.215861 0.182670 -0.403187
v 0.211615 0.201985 -0.401184
v 0.201363 0.235605 -0.399046
v 0.201985 0.053662 -0.409394
v 0.199120 0.080533 -0.424136
v 0.199120 0.106206 -0.426946
v 0.201985 0.139836 -0.418619
v 0.204096 0.171751 -0.411002
v 0.196078 0.201985 -0.408513
v 0.190591 0.226944 -0.405925
v 0.186852 0.092790 -0.435236
v 0.186852 0.094144 -0.435236
v 0.233060 0.007304 -0.368229
v 0.233060 0.022841 -0.378157
v 0.232685 0.048131 -0.394456
v 0.242794 0.069560 -0.401815
v 0.245687 0.117680 -0.402597
v 0.240816 0.139836 -0.400299
v 0.231688 0.171751 -0.397985
v 0.233060 0.201985 -0.391067
v 0.233060 0.233060 -0.384621
v 0.222077 0.059502 -0.405662
v 0.232685 0.079026 -0.408848
v 0.234421 0.107897 -0.409942
v 0.225279 0.139836 -0.407630
v 0.220416 0.161954 -0.405335
v 0.008345 0.493945 -0.370830
v 0.015537 0.455370 -0.397136
v 0.017437 0.482815 -0.380157
v 0.015537 0.399820 -0.432431
v 0.015537 0.419508 -0.419937
v 0.015537 0.439833 -0.407015
v 0.029432 0.307012 -0.465345
v 0.017659 0.329107 -0.463774
v 0.015537 0.357358 -0.454864
v 0.015537 0.384282 -0.441678
v 0.015537 0.264135 -0.480795
v 0.017659 0.296076 -0.473168
v 0.008716 0.320631 -0.470232
v 0.046612 0.461420 -0.400982
v 0.046612 0.481657 -0.388115
v 0.046612 0.397064 -0.433387
v 0.046612 0.419508 -0.424665
v 0.046612 0.445882 -0.410786
v 0.054396 0.264135 -0.462462
v 0.045252 0.296076 -0.460150
v 0.046612 0.326284 -0.453243
v 0.046612 0.357358 -0.446795
v 0.046612 0.381526 -0.439307
v 0.038859 0.264135 -0.469792
v 0.033987 0.286295 -0.467494
v 0.077687 0.463203 -0.403007
v 0.077687 0.481657 -0.393986
v 0.092822 0.309831 -0.434855
v 0.089204 0.326284 -0.433149
v 0.082373 0.357358 -0.429926
v 0.075087 0.386481 -0.427322
v 0.077687 0.419508 -0.418731
v 0.077687 0.447666 -0.409482
v 0.077687 0.264135 -0.451475
v 0.080553 0.297768 -0.443146
v 0.073667 0.326284 -0.440479
v 0.066835 0.357358 -0.437256
v 0.062996 0.374822 -0.435445
v 0.121831 0.398358 -0.402806
v 0.117181 0.419508 -0.400613
v 0.107655 0.452027 -0.398361
v 0.108761 0.481657 -0.390186
v 0.118405 0.264135 -0.432265
v 0.108145 0.297768 -0.430129
v 0.108761 0.326284 -0.423923
v 0.108761 0.357358 -0.417477
v 0.110388 0.388173 -0.410317
v 0.101643 0.419508 -0.407943
v 0.096560 0.442632 -0.405544
v 0.102868 0.264135 -0.439595
v 0.097376 0.289115 -0.437004
v 0.150840 0.486884 -0.369997
v 0.151656 0.333367 -0.402217
v 0.146382 0.357358 -0.399729
v 0.137980 0.388173 -0.397300
v 0.139836 0.419508 -0.389925
v 0.139836 0.450582 -0.383479
v 0.140223 0.478578 -0.377488
v 0.139836 0.264135 -0.422155
v 0.139836 0.295209 -0.415709
v 0.140713 0.324319 -0.409256
v 0.130844 0.357358 -0.407059
v 0.126385 0.377641 -0.404955
v 0.186279 0.496840 -0.310349
v 0.182903 0.489738 -0.326284
v 0.185220 0.401177 -0.372312
v 0.181190 0.419508 -0.369722
v 0.174358 0.450582 -0.362908
v 0.168642 0.476887 -0.356253
v 0.182414 0.264135 -0.402067
v 0.175582 0.295209 -0.398845
v 0.168306 0.324319 -0.396239
v 0.170911 0.357358 -0.388157
v 0.173281 0.389865 -0.380295
v 0.165652 0.419508 -0.377745
v 0.158821 0.450582 -0.374522
v 0.155394 0.466168 -0.372906
v 0.166877 0.264135 -0.409398
v 0.160045 0.295209 -0.406175
v 0.156211 0.312651 -0.404366
v 0.216309 0.463566 -0.276807
v 0.212062 0.482557 -0.265523
v 0.216844 0.433617 -0.309144
v 0.213025 0.452158 -0.297355
v 0.197320 0.484552 -0.298078
v 0.217378 0.403667 -0.341481
v 0.213988 0.421758 -0.329187
v 0.201516 0.450582 -0.326284
v 0.190289 0.474201 -0.326284
v 0.215045 0.336187 -0.371727
v 0.210391 0.357358 -0.368737
v 0.203576 0.392064 -0.360058
v 0.198076 0.419508 -0.354185
v 0.190690 0.450582 -0.347371
v 0.186814 0.466890 -0.342509
v 0.201985 0.264135 -0.392835
v 0.201985 0.295209 -0.386389
v 0.203606 0.326011 -0.379234
v 0.194853 0.357358 -0.376861
v 0.189774 0.380461 -0.374465
v 0.246873 0.400343 -0.275603
v 0.242218 0.419764 -0.264800
v 0.226513 0.452158 -0.265523
v 0.220698 0.472799 -0.256091
v 0.247408 0.370394 -0.307939
v 0.243181 0.389364 -0.296632
v 0.227476 0.421758 -0.297355
v 0.221233 0.442850 -0.288428
v 0.247941 0.340444 -0.340276
v 0.244143 0.358965 -0.328465
v 0.228439 0.391359 -0.329187
v 0.221767 0.412900 -0.320765
v 0.244871 0.271197 -0.371138
v 0.239591 0.295209 -0.367763
v 0.233771 0.327957 -0.359411
v 0.228384 0.357358 -0.353200
v 0.222302 0.382951 -0.347804
v 0.233931 0.262157 -0.378174
v 0.224054 0.295209 -0.375977
v 0.219600 0.315470 -0.373876
v 0.015537 0.557963 -0.274530
v 0.015537 0.562135 -0.258993
v 0.015537 0.552411 -0.295209
v 0.015537 0.542651 -0.326284
v 0.017437 0.510094 -0.362813
v 0.015537 0.532666 -0.346304
v 0.029062 0.497978 -0.373394
v 0.031179 0.559326 -0.279604
v 0.043567 0.564813 -0.267201
v 0.043567 0.557056 -0.296093
v 0.051895 0.561130 -0.286325
v 0.046612 0.548806 -0.326284
v 0.046612 0.516932 -0.365688
v 0.046612 0.536114 -0.350150
v 0.046612 0.501395 -0.375566
v 0.077687 0.570497 -0.264135
v 0.067860 0.558349 -0.307041
v 0.078006 0.563055 -0.296093
v 0.078006 0.555118 -0.324985
v 0.088577 0.560153 -0.313762
v 0.077687 0.522981 -0.369534
v 0.077687 0.539271 -0.353996
v 0.077687 0.507444 -0.379412
v 0.122598 0.558499 -0.264135
v 0.107061 0.565732 -0.264135
v 0.123419 0.558981 -0.289022
v 0.111341 0.562007 -0.297712
v 0.108761 0.557702 -0.329919
v 0.108761 0.559980 -0.314381
v 0.099419 0.526760 -0.371936
v 0.109371 0.540098 -0.359890
v 0.109371 0.514934 -0.378277
v 0.120135 0.529456 -0.373490
v 0.139836 0.549106 -0.264135
v 0.136771 0.552093 -0.297712
v 0.124370 0.559382 -0.309739
v 0.136771 0.550490 -0.324275
v 0.124370 0.559382 -0.312578
v 0.145156 0.512732 -0.364215
v 0.137490 0.535953 -0.355260
v 0.129619 0.512732 -0.375403
v 0.125568 0.529456 -0.373490
v 0.182077 0.524888 -0.264135
v 0.166540 0.534413 -0.264135
v 0.181643 0.514245 -0.298078
v 0.165030 0.535015 -0.295209
v 0.171824 0.512732 -0.326284
v 0.159831 0.532868 -0.326284
v 0.160381 0.512732 -0.348677
v 0.156250 0.529702 -0.343503
v 0.196070 0.509351 -0.264135
v 0.190668 0.504896 -0.289632
v 0.015537 0.087956 -0.500561
v 0.015537 0.108761 -0.506864
v 0.018149 0.141816 -0.504936
v 0.010883 0.170911 -0.502329
v 0.004051 0.201985 -0.499105
v 0.000423 0.218485 -0.497394
v 0.031938 0.092722 -0.497515
v 0.034518 0.108761 -0.498754
v 0.034803 0.132779 -0.498953
v 0.339631 0.001948 -0.242155
v 0.338031 0.240623 -0.239652
v 0.345776 0.015537 -0.015537
v 0.350933 0.046612 -0.015537
v 0.356089 0.077687 -0.015537
v 0.361245 0.108761 -0.015537
v 0.366401 0.139836 -0.015537
v 0.370938 0.167175 -0.015537
v 0.347536 0.015537 -0.046612
v 0.352692 0.046612 -0.046612
v 0.357848 0.077687 -0.046612
v 0.363005 0.108761 -0.046612
v 0.368161 0.139836 -0.046612
v 0.371817 0.161872 -0.046612
v 0.349296 0.015537 -0.077687
v 0.354452 0.046612 -0.077687
v 0.359608 0.077687 -0.077687
v 0.364764 0.108761 -0.077687
v 0.370419 0.142361 -0.079089
v 0.372470 0.157938 -0.069665
v 0.351056 0.015537 -0.108761
v 0.356212 0.046612 -0.108761
v 0.361368 0.077687 -0.108761
v 0.366524 0.108761 -0.108761
v 0.370999 0.135730 -0.108761
v 0.352815 0.015537 -0.139836
v 0.357972 0.046612 -0.139836
v 0.363128 0.077687 -0.139836
v 0.368284 0.108761 -0.139836
v 0.371879 0.130427 -0.139836
v 0.371914 0.246532 -0.153057
v 0.354326 0.015537 -0.170911
v 0.359731 0.046612 -0.170911
v 0.364888 0.077687 -0.170911
v 0.370493 0.111138 -0.171878
v 0.372511 0.126616 -0.162165
v 0.372449 0.216537 -0.185393
v 0.368816 0.234928 -0.173385
v 0.353812 0.015537 -0.201985
v 0.361491 0.046612 -0.201985
v 0.366647 0.077687 -0.201985
v 0.371061 0.104284 -0.201985
v 0.368934 0.209154 -0.201985
v 0.357586 0.233060 -0.201985
v 0.350026 0.013599 -0.232302
v 0.363151 0.046612 -0.233060
v 0.368407 0.077687 -0.233060
v 0.371941 0.098981 -0.233060
v 0.368595 0.177400 -0.238447
v 0.361879 0.198989 -0.230077
v 0.346174 0.231383 -0.230800
v 0.373516 0.182713 -0.015537
v 0.376714 0.201985 -0.015537
v 0.381870 0.233060 -0.015537
v 0.374395 0.177410 -0.046612
v 0.378473 0.201985 -0.046612
v 0.383630 0.233060 -0.046612
v 0.373057 0.154403 -0.090382
v 0.374896 0.169342 -0.079089
v 0.380233 0.201985 -0.077687
v 0.385389 0.233060 -0.077687
v 0.373577 0.151267 -0.108761
v 0.376837 0.170911 -0.108761
v 0.381993 0.201985 -0.108761
v 0.385277 0.233060 -0.108761
v 0.374457 0.145964 -0.139836
v 0.378596 0.170911 -0.139836
v 0.382991 0.201985 -0.139836
v 0.379705 0.234928 -0.141553
v 0.373098 0.123081 -0.182881
v 0.374970 0.138119 -0.171878
v 0.380356 0.170911 -0.170911
v 0.379165 0.204501 -0.173385
v 0.376653 0.225816 -0.164677
v 0.373639 0.119821 -0.201985
v 0.376960 0.139836 -0.201985
v 0.379012 0.170911 -0.201985
v 0.375691 0.193617 -0.201985
v 0.374519 0.114519 -0.233060
v 0.376859 0.139836 -0.233060
v 0.374821 0.168589 -0.230077
v 0.372984 0.186633 -0.217731
v 0.276412 0.464326 -0.015537
v 0.260875 0.472875 -0.015537
v 0.277506 0.464928 -0.046612
v 0.261969 0.473477 -0.046612
v 0.278600 0.465512 -0.077687
v 0.263063 0.474079 -0.077687
v 0.279322 0.465903 -0.102868
v 0.267032 0.472978 -0.111440
v 0.275298 0.456918 -0.145050
v 0.264617 0.473324 -0.136749
v 0.275833 0.426968 -0.177387
v 0.269486 0.448169 -0.168581
v 0.254281 0.472954 -0.170911
v 0.276367 0.397019 -0.209724
v 0.270449 0.417769 -0.200413
v 0.254743 0.450163 -0.201136
v 0.250192 0.469147 -0.190212
v 0.276902 0.367070 -0.242061
v 0.271411 0.387370 -0.232246
v 0.255706 0.419764 -0.232968
v 0.250727 0.439526 -0.222549
v 0.295209 0.453984 -0.015537
v 0.295209 0.454777 -0.046612
v 0.309716 0.432877 -0.090792
v 0.297698 0.449099 -0.079335
v 0.310251 0.402928 -0.123129
v 0.306579 0.421315 -0.111167
v 0.288241 0.453560 -0.111440
v 0.279687 0.466134 -0.123584
v 0.306711 0.395482 -0.139836
v 0.295290 0.419508 -0.139836
v 0.282974 0.448169 -0.136749
v 0.279687 0.466134 -0.124333
v 0.306397 0.363745 -0.176182
v 0.299642 0.385375 -0.167859
v 0.283937 0.417769 -0.168581
v 0.280222 0.436201 -0.156670
v 0.306932 0.333796 -0.208519
v 0.300604 0.354976 -0.199691
v 0.284899 0.387370 -0.200413
v 0.280756 0.406252 -0.189007
v 0.307466 0.303846 -0.240856
v 0.301567 0.324576 -0.231523
v 0.285862 0.356970 -0.232246
v 0.281291 0.376303 -0.221344
v 0.335329 0.428788 -0.015537
v 0.319792 0.440240 -0.015537
v 0.339745 0.399604 -0.057250
v 0.333839 0.419313 -0.046780
v 0.317863 0.440431 -0.046612
v 0.340280 0.369654 -0.089587
v 0.335772 0.388920 -0.078612
v 0.320067 0.421315 -0.079335
v 0.314105 0.438562 -0.070075
v 0.340815 0.339705 -0.121924
v 0.336735 0.358521 -0.110444
v 0.321030 0.390915 -0.111167
v 0.314640 0.412161 -0.102412
v 0.341350 0.309755 -0.154261
v 0.337698 0.328121 -0.142276
v 0.324834 0.357358 -0.139836
v 0.314097 0.379944 -0.139836
v 0.337823 0.302335 -0.170911
v 0.326438 0.326284 -0.170911
v 0.314092 0.354976 -0.167859
v 0.310786 0.372978 -0.155466
v 0.337496 0.270573 -0.207315
v 0.330760 0.292182 -0.198968
v 0.315055 0.324576 -0.199691
v 0.311321 0.343029 -0.187803
v 0.331723 0.261783 -0.230800
v 0.316018 0.294177 -0.231523
v 0.311855 0.313079 -0.220140
v 0.369775 0.366330 -0.023709
v 0.364002 0.386926 -0.014225
v 0.348583 0.413251 -0.015537
v 0.370310 0.336380 -0.056046
v 0.364965 0.356526 -0.046057
v 0.349260 0.388920 -0.046780
v 0.344134 0.408825 -0.036534
v 0.370844 0.306431 -0.088383
v 0.365928 0.326127 -0.077889
v 0.350223 0.358521 -0.078612
v 0.344669 0.378887 -0.068871
v 0.371379 0.276482 -0.120720
v 0.366891 0.295727 -0.109721
v 0.351186 0.328121 -0.110444
v 0.345204 0.348938 -0.101208
v 0.367854 0.265328 -0.141553
v 0.352148 0.297722 -0.142276
v 0.345739 0.318988 -0.133545
v 0.355981 0.264135 -0.170911
v 0.345208 0.286798 -0.170911
v 0.345211 0.261783 -0.198968
v 0.341885 0.279806 -0.186598
v 0.342420 0.249856 -0.218935
v 0.387026 0.264135 -0.015537
v 0.391499 0.295209 -0.015537
v 0.389140 0.326284 -0.015537
v 0.378453 0.356526 -0.014225
v 0.374164 0.375563 -0.002992
v 0.388719 0.264135 -0.046612
v 0.388819 0.295209 -0.046612
v 0.379382 0.326127 -0.046057
v 0.374699 0.345613 -0.035329
v 0.387356 0.264135 -0.077687
v 0.379838 0.295727 -0.077889
v 0.375233 0.315664 -0.067666
v 0.379854 0.265328 -0.109721
v 0.375768 0.285715 -0.100003
v 0.376303 0.255765 -0.132340
v 0.263585 0.017158 -0.363187
v 0.273578 0.034617 -0.370632
v 0.279251 0.185490 -0.372697
v 0.275624 0.201985 -0.370986
v 0.268792 0.233060 -0.366803
v 0.252861 0.028596 -0.374480
v 0.263585 0.045630 -0.381381
v 0.262014 0.079026 -0.396609
v 0.262014 0.107897 -0.396924
v 0.264135 0.139836 -0.389299
v 0.266989 0.173443 -0.380980
v 0.260087 0.201985 -0.378316
v 0.253255 0.233060 -0.375093
v 0.250241 0.090276 -0.404746
v 0.250241 0.096963 -0.404746
v 0.308536 0.243948 -0.305530
v 0.304349 0.003724 -0.334320
v 0.309031 0.213998 -0.337867
v 0.304432 0.233378 -0.327019
v 0.294478 0.014664 -0.350112
v 0.295209 0.040904 -0.366615
v 0.309076 0.120499 -0.372108
v 0.304825 0.139836 -0.370102
v 0.294582 0.173443 -0.367145
v 0.297287 0.202978 -0.355069
v 0.288973 0.233060 -0.351266
v 0.295209 0.056442 -0.376543
v 0.295209 0.077687 -0.382249
v 0.297314 0.109589 -0.379920
v 0.289288 0.139836 -0.377432
v 0.283805 0.164773 -0.374846
v 0.335896 0.005270 -0.264135
v 0.338566 0.210674 -0.271989
v 0.332686 0.231383 -0.262632
v 0.330614 0.009968 -0.295209
v 0.339100 0.180724 -0.304326
v 0.333649 0.200984 -0.294464
v 0.317944 0.233378 -0.295187
v 0.325948 0.016326 -0.326084
v 0.340023 0.032243 -0.338565
v 0.339559 0.150775 -0.336663
v 0.334565 0.170584 -0.326296
v 0.318906 0.202978 -0.327019
v 0.313460 0.223231 -0.317151
v 0.319306 0.024440 -0.346068
v 0.326068 0.046799 -0.357812
v 0.329472 0.077687 -0.367746
v 0.324907 0.109589 -0.366044
v 0.328034 0.140184 -0.353968
v 0.319255 0.170911 -0.350319
v 0.313995 0.193282 -0.345730
v 0.312113 0.061355 -0.373403
v 0.313935 0.077687 -0.374297
v 0.313630 0.099783 -0.374256
v 0.350869 0.020808 -0.264135
v 0.363753 0.046612 -0.264135
v 0.370567 0.079915 -0.264667
v 0.372552 0.095295 -0.254664
v 0.369130 0.147451 -0.270784
v 0.362842 0.168589 -0.261909
v 0.347137 0.200984 -0.262632
v 0.342955 0.219907 -0.251272
v 0.347847 0.025505 -0.295209
v 0.361597 0.046612 -0.295209
v 0.371108 0.072838 -0.295209
v 0.369665 0.116330 -0.303121
v 0.363804 0.138190 -0.293741
v 0.348099 0.170584 -0.294464
v 0.343489 0.189957 -0.283609
v 0.344235 0.028928 -0.317848
v 0.354843 0.044206 -0.327437
v 0.370346 0.077794 -0.324819
v 0.364692 0.107087 -0.324819
v 0.349062 0.140184 -0.326296
v 0.344024 0.160008 -0.315946
v 0.351660 0.052959 -0.348840
v 0.354852 0.077687 -0.352209
v 0.349527 0.108761 -0.349385
v 0.344559 0.130059 -0.345074
v 0.373139 0.091759 -0.275380
v 0.374500 0.106896 -0.264667
v 0.374722 0.138190 -0.261909
v 0.373509 0.156684 -0.250067
v 0.373700 0.088376 -0.295209
v 0.374172 0.107087 -0.293741
v 0.373951 0.126734 -0.282404
v 0.373724 0.088224 -0.313484
v 0.373724 0.095613 -0.313484
v 0.277437 0.337120 -0.274398
v 0.272374 0.356970 -0.264078
v 0.256669 0.389364 -0.264800
v 0.251262 0.409576 -0.254886
v 0.277972 0.307171 -0.306735
v 0.273337 0.326571 -0.295910
v 0.257632 0.358965 -0.296632
v 0.251797 0.379627 -0.287223
v 0.278492 0.277221 -0.339072
v 0.274291 0.296171 -0.327742
v 0.258595 0.328565 -0.328465
v 0.252332 0.349677 -0.319560
v 0.263959 0.263851 -0.358771
v 0.258683 0.295209 -0.352226
v 0.252867 0.319728 -0.347094
v 0.249425 0.250480 -0.373286
v 0.308001 0.273897 -0.273193
v 0.302530 0.294177 -0.263355
v 0.286825 0.326571 -0.264078
v 0.281826 0.346353 -0.253681
v 0.303493 0.263777 -0.295187
v 0.287788 0.296171 -0.295910
v 0.282361 0.316404 -0.286018
v 0.288750 0.265772 -0.327742
v 0.282896 0.286454 -0.318355
v 0.283431 0.256505 -0.346403
v 0.316981 0.263777 -0.263355
v 0.312390 0.283130 -0.252477
v 0.312925 0.253181 -0.284814
vn -0.4417 -0.1977 0.8751
vn -0.4435 -0.1976 0.8742
vn -0.4215 -0.1853 0.8877
vn -0.4194 -0.1844 0.8889
vn -0.8435 -0.4010 0.3574
vn -0.8219 -0.4728 0.3178
vn -0.7332 -0.6306 0.2546
vn -0.8420 -0.4159 0.3435
vn -0.6706 -0.7286 0.1395
vn -0.8204 -0.4953 0.2858
vn -0.8406 -0.4096 0.3545
vn -0.7281 -0.3568 0.5854
vn -0.6862 -0.3104 0.6579
vn -0.8423 -0.3975 0.3640
vn -0.8319 -0.3961 0.3887
vn -0.8334 -0.4535 0.3159
vn -0.8004 -0.5516 0.2347
vn -0.8358 -0.4202 0.3533
vn -0.6811 -0.7100 0.1788
vn -0.8018 -0.4976 0.3310
vn -0.5629 -0.8258 0.0341
vn -0.7295 -0.3568 0.5836
vn -0.6903 -0.3109 0.6534
vn -0.6250 -0.2965 0.7221
vn -0.5219 -0.2456 0.8169
vn -0.8418 -0.3960 0.3669
vn -0.8302 -0.3965 0.3919
vn -0.7986 -0.3939 0.4551
vn -0.8068 -0.5037 0.3089
vn -0.8435 -0.4011 0.3574
vn -0.7753 -0.5762 0.2587
vn -0.8348 -0.4434 0.3263
vn -0.6764 -0.7184 0.1625
vn -0.8025 -0.5062 0.3159
vn -0.8426 -0.4039 0.3563
vn -0.5282 -0.8487 0.0262
vn -0.7171 -0.6872 0.1165
vn -0.4911 -0.8709 -0.0171
vn -0.5844 -0.8103 0.0440
vn -0.4818 -0.8756 -0.0339
vn -0.4971 -0.8672 -0.0294
vn -0.7309 -0.3567 0.5818
vn -0.6944 -0.3115 0.6487
vn -0.6279 -0.2980 0.7189
vn -0.5308 -0.2496 0.8099
vn -0.4999 -0.2173 0.8384
vn -0.4732 -0.2070 0.8563
vn -0.7211 -0.6529 0.2318
vn -0.8425 -0.4071 0.3527
vn -0.8286 -0.3969 0.3948
vn -0.7954 -0.3919 0.4623
vn -0.6580 -0.7479 0.0880
vn -0.8147 -0.5215 0.2535
vn -0.8381 -0.4166 0.3523
vn -0.5588 -0.8292 0.0110
vn -0.6911 -0.7094 0.1384
vn -0.4913 -0.8705 -0.0294
vn -0.5556 -0.8314 0.0096
vn -0.5000 -0.8659 -0.0161
vn -0.4376 -0.2014 0.8763
vn -0.4216 -0.1854 0.8876
vn -0.4192 -0.1844 0.8890
vn -0.1483 -0.4184 0.8961
vn -0.2939 -0.2351 0.9265
vn -0.3622 -0.2275 0.9039
vn -0.2018 -0.3920 0.8975
vn -0.3383 -0.2051 0.9184
vn -0.3821 -0.2111 0.8997
vn 0.0970 -0.4913 0.8656
vn -0.0388 -0.3977 0.9167
vn -0.2377 -0.3733 0.8967
vn -0.3918 -0.2241 0.8923
vn -0.2359 -0.3607 0.9024
vn -0.3495 -0.1914 0.9172
vn 0.0747 -0.4680 0.8806
vn -0.0834 -0.3702 0.9252
vn -0.2779 -0.3296 0.9023
vn -0.4121 -0.2008 0.8887
vn 0.1875 -0.5072 0.8412
vn 0.1593 -0.5252 0.8359
vn 0.0934 -0.5015 0.8601
vn 0.0274 -0.4369 0.8991
vn -0.1301 -0.3493 0.9279
vn 0.1706 -0.4964 0.8512
vn 0.1561 -0.5134 0.8439
vn 0.0661 -0.4858 0.8716
vn 0.1227 -0.5035 0.8552
vn 0.1666 -0.5041 0.8474
vn 0.1771 -0.5013 0.8470
vn 0.1455 -0.4933 0.8576
vn 0.1363 -0.5017 0.8542
vn 0.1949 -0.5134 0.8357
vn 0.1975 -0.5255 0.8276
vn 0.2045 -0.5252 0.8260
vn 0.1068 -0.4892 0.8656
vn 0.1385 -0.4549 0.8797
vn 0.1778 -0.4724 0.8632
vn 0.1976 -0.5206 0.8306
vn 0.2072 -0.5093 0.8353
vn 0.2054 -0.5228 0.8274
vn 0.2020 -0.4841 0.8514
vn 0.2123 -0.4072 0.8883
vn 0.2074 -0.4652 0.8606
vn 0.2085 -0.5134 0.8324
vn 0.2046 -0.5250 0.8261
vn 0.2619 -0.4599 0.8485
vn 0.2475 -0.4185 0.8738
vn 0.2132 -0.4872 0.8469
vn 0.2046 -0.5185 0.8302
vn -0.2463 -0.9553 0.1633
vn -0.1167 -0.9688 0.2187
vn -0.4225 -0.8419 0.3358
vn -0.3661 -0.8887 0.2758
vn -0.1717 -0.8668 0.4682
vn -0.3297 -0.8700 0.3665
vn -0.4206 -0.8303 0.3655
vn -0.5053 -0.8533 0.1285
vn -0.5013 -0.8319 0.2380
vn 0.0243 -0.8645 0.5021
vn 0.0221 -0.8843 0.4663
vn -0.0954 -0.8490 0.5198
vn -0.1625 -0.8426 0.5134
vn -0.2123 -0.9464 0.2433
vn -0.3723 -0.8236 0.4278
vn -0.4576 -0.6595 0.5964
vn -0.5723 -0.3551 0.7392
vn -0.5381 -0.2546 0.8035
vn -0.5084 -0.2188 0.8328
vn -0.4791 -0.2105 0.8522
vn -0.5384 -0.8115 0.2270
vn -0.7436 -0.4953 0.4492
vn -0.4745 -0.8789 0.0485
vn -0.4875 -0.8729 -0.0202
vn -0.4823 -0.8754 -0.0333
vn -0.0729 -0.7405 0.6681
vn -0.2280 -0.4651 0.8554
vn -0.4177 -0.3018 0.8570
vn -0.1648 -0.9482 0.2715
vn -0.2116 -0.9542 0.2116
vn -0.2992 -0.9450 0.1323
vn -0.3131 -0.9492 0.0313
vn -0.4584 -0.8887 0.0086
vn -0.3834 -0.9236 -0.0035
vn -0.4800 -0.8767 -0.0309
vn -0.4492 -0.8933 -0.0177
vn -0.4776 -0.8781 -0.0286
vn 0.1337 -0.7645 0.6305
vn 0.1057 -0.5704 0.8146
vn 0.1292 -0.9162 0.3794
vn 0.0797 -0.9712 0.2245
vn 0.0817 -0.9613 0.2633
vn -0.0328 -0.9894 0.1417
vn -0.1887 -0.9783 0.0849
vn -0.2999 -0.9526 0.0519
vn -0.3976 -0.9174 0.0133
vn -0.4522 -0.8916 -0.0250
vn 0.1735 -0.7492 0.6392
vn 0.1942 -0.5466 0.8146
vn 0.1672 -0.5338 0.8289
vn 0.1746 -0.9081 0.3807
vn 0.1494 -0.9600 0.2367
vn 0.1673 -0.9477 0.2718
vn 0.1394 -0.9579 0.2511
vn 0.1643 -0.9523 0.2570
vn 0.0598 -0.9756 0.2112
vn -0.0597 -0.9808 0.1857
vn -0.1792 -0.9747 0.1335
vn -0.3086 -0.9470 0.0891
vn 0.1742 -0.7529 0.6346
vn 0.1504 -0.5821 0.7991
vn 0.1024 -0.5404 0.8351
vn 0.1783 -0.9036 0.3896
vn 0.1900 -0.7657 0.6144
vn 0.1615 -0.9422 0.2934
vn 0.1174 -0.9573 0.2643
vn 0.1363 -0.9542 0.2662
vn 0.0944 -0.9598 0.2643
vn 0.0402 -0.9607 0.2747
vn -0.0214 -0.9692 0.2454
vn -0.0365 -0.9704 0.2388
vn 0.1633 -0.6332 0.7566
vn 0.1276 -0.5693 0.8122
vn 0.1782 -0.8953 0.4084
vn 0.2275 -0.7791 0.5842
vn 0.1069 -0.9308 0.3495
vn -0.0331 -0.9453 0.3246
vn 0.0164 -0.9439 0.3298
vn -0.1182 -0.9294 0.3498
vn -0.2073 -0.9254 0.3173
vn -0.2570 -0.9223 0.2886
vn -0.2015 -0.9238 0.3255
vn 0.1997 -0.6681 0.7168
vn 0.2014 -0.5745 0.7933
vn 0.1540 -0.8672 0.4736
vn 0.2070 -0.7771 0.5944
vn 0.1039 -0.8946 0.4346
vn -0.0678 -0.8749 0.4796
vn 0.0193 -0.8946 0.4465
vn -0.2050 -0.8333 0.5134
vn -0.3885 -0.8529 0.3487
vn -0.4044 -0.8507 0.3357
vn 0.2164 -0.6601 0.7193
vn 0.2561 -0.5254 0.8114
vn 0.2671 -0.4522 0.8510
vn 0.1672 -0.8427 0.5118
vn 0.2048 -0.7609 0.6157
vn 0.1546 -0.8713 0.4657
vn 0.1873 -0.8254 0.5325
vn 0.0966 -0.8251 0.5566
vn 0.1249 -0.8490 0.5134
vn 0.0812 -0.7909 0.6066
vn 0.1642 -0.8168 0.5530
vn -0.4191 -0.1215 0.8998
vn -0.4200 -0.1847 0.8885
vn -0.4241 -0.1091 0.8990
vn -0.4243 -0.1047 0.8994
vn -0.4395 -0.1977 0.8762
vn -0.4211 -0.1847 0.8880
vn -0.4196 -0.1848 0.8887
vn -0.4239 -0.0938 0.9008
vn -0.4094 -0.0646 0.9101
vn -0.4213 -0.1852 0.8878
vn -0.4385 -0.0616 0.8966
vn -0.4489 -0.0887 0.8892
vn -0.3917 0.0404 0.9192
vn -0.3738 0.3395 0.8632
vn -0.3778 0.1176 0.9184
vn -0.2990 0.4242 0.8548
vn -0.4170 0.1047 0.9029
vn -0.4057 0.2132 0.8888
vn -0.3101 0.4738 0.8242
vn -0.2987 0.5139 0.8042
vn -0.3524 0.2252 0.9083
vn -0.3065 0.4527 0.8373
vn -0.3557 0.3763 0.8555
vn -0.3020 0.5093 0.8059
vn -0.4257 0.1744 0.8879
vn -0.4049 0.2889 0.8675
vn -0.3027 0.4912 0.8168
vn -0.9616 -0.1340 0.2396
vn -0.9892 0.0926 0.1134
vn -0.9566 -0.2052 0.2067
vn -0.9943 -0.0600 0.0876
vn -0.9936 0.1123 -0.0136
vn -0.9417 -0.2463 0.2294
vn -0.9833 -0.1306 0.1266
vn -0.9981 0.0599 -0.0134
vn -0.9778 -0.1535 0.1428
vn -0.9996 0.0189 0.0210
vn -0.9931 0.1142 -0.0273
vn -0.7033 -0.2558 0.6633
vn -0.8549 -0.3857 0.3471
vn -0.8751 -0.3223 0.3609
vn -0.8528 -0.3904 0.3467
vn -0.8666 -0.3685 0.3365
vn -0.9621 -0.1832 0.2022
vn -0.8483 -0.3956 0.3520
vn -0.8567 -0.3812 0.3475
vn -0.9420 -0.2343 0.2403
vn -0.9979 -0.0151 0.0637
vn -0.8484 -0.3913 0.3566
vn -0.8825 -0.3188 0.3457
vn -0.9857 0.0075 0.1682
vn -0.9961 0.0879 -0.0065
vn -0.8467 -0.3897 0.3623
vn -0.9014 -0.3022 0.3100
vn -0.9923 0.1170 -0.0398
vn -0.9849 0.1711 -0.0250
vn -0.9871 0.1532 -0.0459
vn -0.8439 -0.4006 0.3570
vn -0.8438 -0.4016 0.3559
vn -0.8766 -0.3594 0.3201
vn -0.9882 0.1449 -0.0504
vn -0.9856 0.1598 -0.0554
vn -0.9850 0.1634 -0.0558
vn -0.8451 -0.3982 0.3567
vn -0.8701 -0.3645 0.3316
vn -0.9857 0.1610 -0.0500
vn -0.9851 0.1628 -0.0551
vn -0.6731 -0.3026 0.6748
vn -0.6129 -0.2740 0.7412
vn -0.5118 -0.2301 0.8277
vn -0.8423 -0.4015 0.3597
vn -0.8349 -0.3803 0.3979
vn -0.8073 -0.3979 0.4358
vn -0.7347 -0.3713 0.5678
vn -0.8430 -0.4004 0.3593
vn -0.7271 -0.3668 0.5802
vn -0.7054 -0.2925 0.6456
vn -0.6203 -0.2949 0.7268
vn -0.5136 -0.2450 0.8223
vn -0.4585 -0.2110 0.8633
vn -0.4442 -0.1530 0.8828
vn -0.8430 -0.4007 0.3588
vn -0.8339 -0.3690 0.4104
vn -0.7946 -0.4131 0.4450
vn -0.7305 -0.3691 0.5746
vn -0.8433 -0.4007 0.3582
vn -0.7262 -0.3570 0.5875
vn -0.6831 -0.3072 0.6625
vn -0.6271 -0.3079 0.7155
vn -0.5064 -0.2480 0.8259
vn -0.4642 -0.2075 0.8611
vn -0.4589 -0.1959 0.8666
vn -0.4369 -0.1989 0.8773
vn -0.8428 -0.3992 0.3610
vn -0.8328 -0.3859 0.3970
vn -0.8150 -0.3977 0.4215
vn -0.6228 -0.2956 0.7244
vn -0.5127 -0.2418 0.8238
vn -0.4832 -0.2141 0.8489
vn -0.4587 -0.2004 0.8657
vn -0.4364 -0.1969 0.8780
vn -0.8018 -0.3960 0.4475
vn -0.4917 -0.2159 0.8436
vn -0.4680 -0.2037 0.8599
vn -0.7141 -0.0474 0.6984
vn -0.6794 0.3777 0.6291
vn -0.9568 0.0385 0.2883
vn -0.8363 0.4971 0.2314
vn -0.7158 0.6551 0.2418
vn -0.9931 0.1071 0.0480
vn -0.9076 0.4072 0.1021
vn -0.7821 0.5981 0.1749
vn -0.9898 0.1413 -0.0206
vn -0.9496 0.3130 0.0177
vn -0.8403 0.5313 0.1076
vn -0.9844 0.1682 -0.0510
vn -0.9695 0.2436 -0.0260
vn -0.9080 0.4100 0.0864
vn -0.9795 0.1979 -0.0375
vn -0.9597 0.2771 0.0475
vn -0.8606 0.4986 0.1038
vn -0.9783 0.2053 -0.0279
vn -0.9099 0.4141 0.0237
vn -0.9832 0.1756 -0.0488
vn -0.9574 0.2865 -0.0354
vn -0.4298 0.0438 0.9018
vn -0.3942 0.4656 0.7924
vn -0.4295 0.6336 0.6435
vn -0.5819 0.6838 0.4402
vn -0.5607 0.7376 0.3763
vn -0.6493 0.7210 0.2420
vn -0.6494 0.7281 0.2195
vn -0.6922 0.6958 0.1918
vn -0.6509 0.7265 0.2204
vn -0.7511 0.6234 0.2173
vn -0.6553 0.7234 0.2174
vn -0.8054 0.5691 0.1657
vn -0.6682 0.7187 0.1922
vn -0.6662 0.7158 0.2096
vn -0.7435 0.6521 0.1482
vn -0.6832 0.6964 0.2196
vn -0.8632 0.5040 0.0290
vn -0.7493 0.6435 0.1565
vn -0.4015 0.0854 0.9119
vn -0.3552 0.4324 0.8288
vn -0.3440 0.5784 0.7397
vn -0.5068 0.6776 0.5329
vn -0.5445 0.6842 0.4852
vn -0.6071 0.7188 0.3387
vn -0.6367 0.7209 0.2737
vn -0.6483 0.7288 0.2204
vn -0.6504 0.7272 0.2193
vn -0.6503 0.7272 0.2197
vn -0.2999 0.5151 0.8030
vn -0.3272 0.5533 0.7660
vn -0.3984 0.6037 0.6905
vn -0.4582 0.6307 0.6263
vn -0.5118 0.6609 0.5489
vn -0.6125 0.7012 0.3650
vn -0.6333 0.7246 0.2717
vn -0.6411 0.7319 0.2309
vn -0.3000 0.5153 0.8028
vn -0.3130 0.5313 0.7872
vn -0.3521 0.5582 0.7513
vn -0.4103 0.5839 0.7005
vn -0.4991 0.6340 0.5908
vn -0.5956 0.7057 0.3837
vn -0.6117 0.7332 0.2971
vn -0.6477 0.7274 0.2267
vn -0.3219 0.5244 0.7883
vn -0.4044 0.5871 0.7013
vn -0.4523 0.6314 0.6299
vn -0.5744 0.7204 0.3888
vn -0.5734 0.7248 0.3819
vn -0.6255 0.7341 0.2642
vn -0.6419 0.7245 0.2509
vn -0.3017 0.5172 0.8009
vn -0.3050 0.5145 0.8014
vn -0.3456 0.5861 0.7328
vn -0.5200 0.6883 0.5058
vn -0.5502 0.7007 0.4543
vn -0.6213 0.7206 0.3077
vn -0.6327 0.7273 0.2660
vn -0.4193 -0.1840 0.8890
vn -0.3954 -0.0657 0.9162
vn -0.4189 -0.1841 0.8892
vn -0.3796 -0.0246 0.9248
vn -0.4186 -0.1795 0.8903
vn -0.4517 -0.0429 0.8911
vn -0.4124 -0.1600 0.8968
vn -0.3667 -0.0395 0.9295
vn -0.4198 -0.1786 0.8899
vn -0.4059 -0.1534 0.9010
vn -0.4224 -0.1412 0.8954
vn -0.3757 0.0856 0.9228
vn -0.3994 -0.1960 0.8956
vn -0.4171 -0.1869 0.8895
vn -0.4199 -0.1087 0.9010
vn -0.3917 0.0703 0.9174
vn -0.2627 -0.3187 0.9107
vn -0.3824 -0.1985 0.9024
vn -0.4163 -0.1254 0.9005
vn -0.3980 0.1122 0.9105
vn -0.3114 -0.2935 0.9038
vn -0.4194 -0.1926 0.8871
vn -0.3968 -0.1948 0.8970
vn -0.4247 -0.0964 0.9002
vn -0.3773 0.1439 0.9148
vn -0.0297 -0.3976 0.9171
vn -0.1559 -0.3342 0.9295
vn -0.3333 -0.2440 0.9107
vn -0.4170 -0.1859 0.8897
vn 0.0237 -0.4621 0.8865
vn -0.4067 -0.1943 0.8927
vn -0.4246 -0.0975 0.9001
vn -0.4194 0.1355 0.8976
vn -0.0620 -0.3791 0.9233
vn -0.2006 -0.2693 0.9419
vn -0.3275 -0.2560 0.9095
vn -0.4137 -0.1878 0.8908
vn -0.4255 -0.0826 0.9012
vn -0.4022 0.2423 0.8829
vn 0.1153 -0.4819 0.8686
vn 0.1093 -0.4630 0.8796
vn -0.0708 -0.4329 0.8986
vn -0.2959 -0.2802 0.9132
vn 0.1884 -0.5302 0.8266
vn 0.2017 -0.5211 0.8293
vn -0.1316 -0.4114 0.9019
vn -0.2833 -0.2302 0.9310
vn -0.3521 -0.0985 0.9308
vn -0.3433 0.2555 0.9038
vn 0.0686 -0.4825 0.8732
vn 0.0362 -0.4356 0.8994
vn -0.1724 -0.4230 0.8896
vn -0.3513 -0.2470 0.9031
vn -0.3498 0.3985 0.8478
vn 0.1801 -0.5099 0.8412
vn 0.1484 -0.5402 0.8284
vn 0.1950 -0.5118 0.8367
vn -0.3442 0.3162 0.8841
vn -0.3137 0.4904 0.8131
vn -0.3336 0.4509 0.8279
vn -0.3046 0.5048 0.8077
vn -0.3957 0.2176 0.8922
vn -0.3871 0.3700 0.8445
vn -0.2996 0.5095 0.8066
vn -0.3028 0.3351 0.8922
vn -0.3020 0.5111 0.8047
vn -0.3026 0.4237 0.8537
vn -0.2987 0.5138 0.8042
vn -0.2989 0.5133 0.8045
vn -0.3681 0.3561 0.8589
vn -0.3474 0.4381 0.8291
vn -0.2991 0.4341 0.8498
vn -0.2898 0.5238 0.8010
vn -0.3086 0.4787 0.8219
vn -0.2908 0.5234 0.8009
vn -0.2878 0.5190 0.8048
vn -0.2699 0.5245 0.8075
vn -0.2486 0.5265 0.8130
vn -0.2285 0.5137 0.8270
vn -0.1197 0.5657 0.8159
vn -0.1765 0.5676 0.8041
vn -0.1305 0.5568 0.8203
vn -0.2637 0.4975 0.8264
vn -0.2628 0.5231 0.8107
vn -0.2340 0.5103 0.8276
vn -0.1165 0.5706 0.8129
vn -0.1804 0.5611 0.8079
vn -0.1761 0.5531 0.8143
vn -0.0999 0.5908 0.8006
vn -0.0300 0.5968 0.8018
vn 0.0196 0.5992 0.8004
vn 0.0906 0.5660 0.8194
vn 0.0547 0.6052 0.7942
vn 0.2606 0.6027 0.7542
vn 0.1607 0.6285 0.7611
vn 0.1955 0.5946 0.7799
vn -0.2988 0.5139 0.8041
vn -0.3027 0.5177 0.8002
vn -0.3305 0.5595 0.7601
vn -0.4006 0.6095 0.6842
vn -0.4702 0.6474 0.5998
vn -0.6320 0.7108 0.3088
vn -0.3009 0.5179 0.8008
vn -0.3505 0.5548 0.7545
vn -0.3166 0.5309 0.7860
vn -0.2874 0.5190 0.8050
vn -0.0901 0.5834 0.8072
vn 0.2370 0.6294 0.7401
vn -0.5427 0.6525 0.5289
vn -0.6343 0.7187 0.2847
vn -0.6354 0.7434 0.2091
vn -0.4549 0.5968 0.6610
vn -0.5136 0.6375 0.5743
vn -0.6182 0.7152 0.3259
vn -0.6179 0.7268 0.2999
vn -0.6436 0.7311 0.2265
vn -0.6472 0.7281 0.2259
vn -0.6479 0.7294 0.2196
vn -0.6440 0.7396 0.1958
vn -0.3258 0.5238 0.7871
vn -0.4121 0.5962 0.6890
vn -0.4224 0.6959 0.5808
vn -0.5779 0.7306 0.3636
vn -0.5573 0.7410 0.3747
vn -0.6291 0.7353 0.2522
vn -0.6386 0.7276 0.2506
vn -0.6277 0.7524 0.1996
vn -0.6392 0.7419 0.2025
vn -0.5770 0.8057 0.1336
vn -0.5812 0.7998 0.1502
vn -0.4310 0.9019 0.0269
vn -0.3018 0.5167 0.8012
vn -0.3044 0.5141 0.8019
vn -0.3753 0.6066 0.7009
vn -0.5450 0.6839 0.4850
vn -0.5662 0.6984 0.4378
vn -0.6372 0.7198 0.2755
vn -0.6392 0.7214 0.2665
vn -0.6466 0.7306 0.2192
vn -0.6481 0.7423 0.1704
vn -0.4711 0.8805 0.0522
vn -0.5062 0.8604 -0.0588
vn -0.3743 0.9204 -0.1132
vn -0.3116 0.9373 -0.1563
vn -0.2989 0.5140 0.8041
vn -0.3070 0.5224 0.7955
vn -0.3268 0.5728 0.7517
vn -0.4049 0.6174 0.6745
vn -0.4682 0.6539 0.5944
vn -0.4688 0.7459 0.4732
vn -0.6187 0.7307 0.2887
vn -0.4737 0.8692 0.1421
vn -0.5683 0.8053 0.1687
vn -0.3292 0.9442 -0.0052
vn -0.2106 0.9458 -0.2473
vn -0.1947 0.9589 -0.2063
vn -0.1786 0.9503 -0.2551
vn -0.2679 0.5249 0.8079
vn -0.2456 0.5280 0.8130
vn -0.2239 0.5166 0.8265
vn -0.1200 0.5661 0.8156
vn -0.1765 0.5655 0.8056
vn -0.1195 0.5714 0.8119
vn -0.1367 0.6367 0.7589
vn -0.1066 0.8287 0.5494
vn -0.1227 0.9869 0.1051
vn -0.1179 0.9844 -0.1307
vn -0.1659 0.9524 -0.2557
vn -0.1352 0.9583 -0.2519
vn -0.1453 0.9605 -0.2372
vn -0.0247 0.5980 0.8011
vn 0.0229 0.6025 0.7978
vn 0.1027 0.5691 0.8158
vn 0.0615 0.6051 0.7938
vn 0.2819 0.6015 0.7475
vn 0.1698 0.6296 0.7581
vn 0.1903 0.6019 0.7756
vn 0.2285 0.6451 0.7292
vn 0.2202 0.8289 0.5142
vn 0.2608 0.9594 0.1071
vn 0.2190 0.9733 -0.0682
vn 0.0626 0.9883 -0.1390
vn -0.1632 0.9538 -0.2521
vn -0.0786 0.9765 -0.2008
vn 0.2665 0.6269 0.7321
vn 0.2906 0.6264 0.7233
vn 0.3315 0.6035 0.7252
vn 0.3927 0.6064 0.6914
vn 0.3787 0.6075 0.6982
vn 0.3788 0.5973 0.7069
vn 0.4001 0.6085 0.6853
vn 0.4450 0.6579 0.6076
vn 0.4887 0.7645 0.4205
vn 0.5126 0.8325 0.2101
vn 0.4707 0.8784 0.0832
vn 0.4808 0.8754 0.0493
vn 0.4040 0.9146 0.0187
vn 0.4725 0.8812 0.0178
vn 0.3282 0.9446 -0.0112
vn 0.3806 0.9231 -0.0545
vn 0.2170 0.9667 -0.1354
vn -0.8932 -0.3314 0.3039
vn -0.8634 -0.4045 0.3014
vn -0.9095 -0.2992 0.2886
vn -0.8894 -0.4181 0.1847
vn -0.9772 -0.1809 0.1114
vn -0.8916 -0.4434 -0.0914
vn -0.9850 -0.0703 -0.1574
vn -0.7495 -0.3981 -0.5290
vn -0.8395 -0.0290 -0.5427
vn -0.7523 -0.6021 0.2675
vn -0.8406 -0.4169 0.3457
vn -0.6841 -0.7076 0.1772
vn -0.8235 -0.4734 0.3126
vn -0.8483 -0.3980 0.3493
vn -0.5713 -0.8196 0.0419
vn -0.7563 -0.6365 0.1511
vn -0.5097 -0.8469 -0.1518
vn -0.6592 -0.7283 -0.1871
vn -0.4993 -0.7183 -0.4845
vn -0.5382 -0.5292 -0.6559
vn -0.6659 -0.1282 -0.7349
vn -0.8433 -0.4014 0.3572
vn -0.8453 -0.4068 0.3464
vn -0.6711 -0.7333 0.1090
vn -0.8348 -0.4848 0.2608
vn -0.8392 -0.4111 0.3559
vn -0.5965 -0.8021 0.0284
vn -0.7363 -0.6530 0.1776
vn -0.8166 -0.4754 0.3273
vn -0.5039 -0.8634 -0.0247
vn -0.5956 -0.8019 0.0462
vn -0.5128 -0.8583 -0.0174
vn -0.4911 -0.8702 -0.0408
vn -0.5290 -0.8328 -0.1628
vn -0.4266 -0.7071 -0.5640
vn -0.4067 -0.6115 -0.6787
vn -0.7873 -0.5464 0.2857
vn -0.8377 -0.4164 0.3533
vn -0.6740 -0.7217 0.1576
vn -0.8049 -0.4831 0.3446
vn -0.5394 -0.8390 0.0712
vn -0.7487 -0.6182 0.2393
vn -0.4946 -0.8690 -0.0117
vn -0.4827 -0.8752 -0.0328
vn -0.4813 -0.8758 -0.0352
vn -0.4522 -0.8846 -0.1140
vn -0.4962 -0.8099 -0.3128
vn -0.4249 -0.7769 -0.4646
vn -0.4183 -0.6431 -0.6414
vn -0.4014 -0.6141 -0.6795
vn -0.5639 -0.8250 0.0373
vn -0.7184 -0.6749 0.1684
vn -0.4920 -0.8703 -0.0232
vn -0.5857 -0.8104 0.0160
vn -0.5149 -0.8572 -0.0086
vn -0.4823 -0.8753 -0.0346
vn -0.4818 -0.8756 -0.0359
vn -0.4843 -0.8731 -0.0557
vn -0.4964 -0.8549 -0.1507
vn -0.4937 -0.8035 -0.3326
vn -0.4474 -0.7229 -0.5266
vn -0.4030 -0.6374 -0.6567
vn -0.5005 -0.8656 -0.0155
vn -0.4837 -0.8747 -0.0317
vn -0.4641 -0.8782 -0.1153
vn -0.4169 -0.8074 -0.4174
vn -0.4342 -0.6727 -0.5991
vn -0.4808 -0.8738 -0.0737
vn -0.4911 -0.8603 -0.1369
vn -0.4916 -0.8197 -0.2941
vn -0.4684 -0.7542 -0.4602
vn -0.4197 -0.6657 -0.6171
vn -0.4662 -0.8762 -0.1221
vn -0.4472 -0.8146 -0.3693
vn -0.4513 -0.7084 -0.5426
vn -0.5450 -0.4116 -0.7304
vn -0.6379 -0.1439 -0.7566
vn -0.4241 -0.5468 -0.7220
vn -0.5915 -0.3057 -0.7461
vn -0.6237 -0.2823 -0.7289
vn -0.4029 -0.6087 -0.6835
vn -0.4022 -0.6001 -0.6914
vn -0.4739 -0.5158 -0.7137
vn -0.4117 -0.5869 -0.6972
vn -0.5121 -0.4638 -0.7229
vn -0.5573 -0.3963 -0.7296
vn -0.4075 -0.6324 -0.6589
vn -0.3997 -0.6046 -0.6890
vn -0.4109 -0.5987 -0.6875
vn -0.4297 -0.5399 -0.7238
vn -0.4060 -0.6169 -0.6742
vn -0.4026 -0.5993 -0.6919
vn -0.4152 -0.5828 -0.6986
vn -0.4148 -0.6478 -0.6390
vn -0.4002 -0.6050 -0.6883
vn -0.3997 -0.6045 -0.6890
vn -0.4336 -0.6827 -0.5882
vn -0.4094 -0.6144 -0.6745
vn -0.3355 -0.9417 0.0250
vn -0.4047 -0.9145 -0.0022
vn -0.4614 -0.8869 -0.0205
vn -0.4799 -0.8768 -0.0314
vn -0.2111 -0.9728 0.0952
vn -0.2721 -0.9607 0.0555
vn -0.3390 -0.9405 0.0234
vn -0.4047 -0.9144 -0.0100
vn -0.4566 -0.8895 -0.0170
vn -0.4815 -0.8755 -0.0411
vn -0.4780 -0.8674 -0.1382
vn -0.3038 -0.9489 0.0852
vn -0.1909 -0.9807 0.0427
vn -0.1431 -0.9856 0.0899
vn -0.2196 -0.9692 0.1116
vn -0.2492 -0.9541 0.1659
vn -0.3508 -0.9310 0.1008
vn -0.3315 -0.9434 -0.0046
vn -0.4750 -0.8799 -0.0142
vn -0.4148 -0.9098 -0.0118
vn -0.4820 -0.8753 -0.0396
vn -0.4781 -0.8780 -0.0232
vn -0.5058 -0.8488 -0.1542
vn -0.4916 -0.8623 -0.1215
vn -0.4155 -0.9011 -0.1243
vn -0.1812 -0.9753 -0.1263
vn 0.0112 -0.9998 0.0138
vn 0.0705 -0.9757 0.2076
vn 0.0363 -0.9848 0.1699
vn 0.0313 -0.9725 0.2307
vn -0.0656 -0.9941 0.0862
vn -0.2399 -0.9678 0.0763
vn -0.3233 -0.9448 -0.0531
vn -0.2139 -0.9470 -0.2396
vn -0.3259 -0.8721 -0.3650
vn -0.0950 -0.8668 -0.4895
vn -0.1049 -0.9282 -0.3571
vn 0.0846 -0.9875 -0.1333
vn 0.1531 -0.9745 0.1642
vn 0.1144 -0.9697 0.2157
vn 0.1634 -0.9535 0.2533
vn 0.0921 -0.9706 0.2223
vn 0.1659 -0.9524 0.2557
vn 0.0424 -0.9845 0.1704
vn 0.0230 -0.9989 -0.0419
vn -0.4804 -0.8731 -0.0827
vn -0.4905 -0.8636 -0.1166
vn -0.4977 -0.8363 -0.2300
vn -0.5119 -0.7797 -0.3605
vn -0.4817 -0.8716 -0.0910
vn -0.4655 -0.8334 -0.2981
vn -0.4665 -0.7309 -0.4982
vn -0.4779 -0.8778 -0.0325
vn -0.4830 -0.8725 -0.0741
vn -0.4805 -0.8734 -0.0796
vn -0.4976 -0.8491 -0.1773
vn -0.5038 -0.8178 -0.2781
vn -0.4526 -0.8917 0.0017
vn -0.4786 -0.8776 -0.0270
vn -0.4885 -0.8708 -0.0551
vn -0.4951 -0.8425 -0.2122
vn -0.4817 -0.8754 -0.0408
vn -0.5005 -0.8372 -0.2204
vn -0.4807 -0.7482 -0.4574
vn -0.4991 -0.8003 -0.3323
vn -0.4430 -0.7075 -0.5506
vn -0.4037 -0.6253 -0.6679
vn -0.2991 -0.8436 -0.4459
vn -0.3046 -0.6822 -0.6647
vn -0.2646 -0.6414 -0.7202
vn -0.0048 -0.8664 -0.4994
vn 0.0270 -0.6810 -0.7318
vn 0.0315 -0.6146 -0.7882
vn -0.4224 -0.6551 -0.6265
vn -0.4207 -0.7089 -0.5660
vn -0.4046 -0.6094 -0.6818
vn -0.4884 -0.7279 -0.4812
vn -0.4350 -0.6434 -0.6300
vn -0.4096 -0.7292 -0.5482
vn -0.3997 -0.6080 -0.6860
vn -0.4393 -0.6570 -0.6127
vn -0.4005 -0.6069 -0.6865
vn -0.4004 -0.6055 -0.6878
vn -0.3968 -0.6048 -0.6905
vn -0.3963 -0.6056 -0.6901
vn -0.3651 -0.6027 -0.7095
vn -0.3355 -0.6168 -0.7121
vn -0.3117 -0.6174 -0.7223
vn -0.3193 -0.6374 -0.7013
vn -0.2183 -0.6236 -0.7507
vn -0.3975 -0.6275 -0.6695
vn -0.3980 -0.6047 -0.6899
vn -0.3983 -0.6049 -0.6895
vn -0.3686 -0.6057 -0.7052
vn -0.3597 -0.6154 -0.7013
vn -0.3215 -0.6074 -0.7265
vn -0.3242 -0.6351 -0.7011
vn -0.3978 -0.6027 -0.6917
vn -0.2281 -0.6208 -0.7501
vn -0.2794 -0.6229 -0.7307
vn -0.3629 -0.5920 -0.7196
vn -0.1295 -0.6090 -0.7826
vn -0.1794 -0.5637 -0.8062
vn -0.1039 -0.6116 -0.7843
vn -0.0700 -0.5979 -0.7985
vn 0.0048 -0.6103 -0.7921
vn 0.0763 -0.5896 -0.8041
vn -0.2731 -0.6392 -0.7189
vn -0.3664 -0.5881 -0.7210
vn -0.1468 -0.6114 -0.7776
vn -0.1933 -0.5978 -0.7780
vn -0.2424 -0.6043 -0.7590
vn -0.0488 -0.6098 -0.7910
vn -0.0771 -0.5616 -0.8238
vn -0.0051 -0.6049 -0.7963
vn 0.0637 -0.5872 -0.8069
vn 0.1383 -0.5930 -0.7932
vn 0.2912 -0.5238 -0.8005
vn 0.1013 -0.5696 -0.8157
vn 0.1803 -0.5163 -0.8372
vn 0.1879 -0.5468 -0.8159
vn 0.2229 -0.5309 -0.8176
vn 0.2567 -0.5306 -0.8078
vn 0.2483 -0.5471 -0.7994
vn 0.0985 -0.5935 -0.7988
vn 0.1789 -0.5552 -0.8123
vn 0.1803 -0.5614 -0.8077
vn 0.2987 -0.5139 -0.8042
vn 0.1156 -0.5697 -0.8137
vn 0.2337 -0.5095 -0.8281
vn 0.2580 -0.5282 -0.8090
vn 0.2494 -0.5462 -0.7997
vn 0.2918 -0.5151 -0.8059
vn -0.9566 -0.2046 0.2077
vn -0.9951 -0.0351 0.0924
vn -0.9950 0.0973 -0.0222
vn -0.9887 0.1443 -0.0418
vn -0.9335 -0.2600 0.2470
vn -0.9806 -0.1235 0.1525
vn -0.9952 0.0935 0.0289
vn -0.9886 0.1463 -0.0341
vn -0.9136 -0.2992 0.2755
vn -0.9618 -0.1894 0.1974
vn -0.9986 0.0335 0.0400
vn -0.9863 0.1560 -0.0533
vn -0.9375 -0.2467 0.2454
vn -0.9964 -0.0187 0.0827
vn -0.9892 0.1409 -0.0414
vn -0.9884 -0.0759 0.1317
vn -0.9923 0.1220 -0.0235
vn -0.9959 0.0881 -0.0205
vn -0.9852 0.1606 -0.0600
vn -0.9850 0.1631 -0.0561
vn -0.9769 0.1096 -0.1833
vn -0.9824 0.1423 -0.1212
vn -0.9849 0.1551 -0.0764
vn -0.9849 0.1636 -0.0561
vn -0.8693 0.0633 -0.4902
vn -0.8901 0.1088 -0.4427
vn -0.9091 0.1627 -0.3835
vn -0.8440 -0.4002 0.3571
vn -0.8589 -0.3817 0.3415
vn -0.9164 -0.2892 0.2766
vn -0.8465 -0.3967 0.3549
vn -0.8881 -0.3382 0.3112
vn -0.8436 -0.4009 0.3573
vn -0.8703 -0.3669 0.3285
vn -0.8593 -0.3822 0.3400
vn -0.9850 0.1634 -0.0559
vn -0.9513 0.1972 -0.2370
vn -0.9700 0.1861 -0.1564
vn -0.9736 0.1535 -0.1687
vn -0.9775 0.1554 -0.1429
vn -0.9808 0.1561 -0.1173
vn -0.9846 0.1522 -0.0862
vn -0.7237 0.0354 -0.6892
vn -0.7535 0.0767 -0.6530
vn -0.8179 0.1297 -0.5606
vn -0.8798 0.1146 -0.4614
vn -0.9154 0.0984 -0.3903
vn -0.9403 0.1012 -0.3251
vn -0.9631 0.1023 -0.2491
vn -0.9836 0.0905 -0.1560
vn -0.9850 0.1635 -0.0558
vn -0.9741 0.2242 -0.0288
vn -0.9849 0.1604 -0.0643
vn -0.9850 0.1412 -0.0992
vn -0.9836 0.1724 -0.0533
vn -0.9373 0.3485 -0.0033
vn -0.8148 0.5642 0.1329
vn -0.7153 0.6706 0.1965
vn -0.9848 0.1645 -0.0556
vn -0.9642 0.2650 -0.0096
vn -0.8841 0.4530 0.1145
vn -0.7590 0.6232 0.1884
vn -0.9797 0.1926 -0.0548
vn -0.9360 0.3508 0.0291
vn -0.8164 0.5633 0.1272
vn -0.9837 0.1732 -0.0490
vn -0.9628 0.2698 -0.0150
vn -0.8846 0.4558 0.0986
vn -0.9849 0.1642 -0.0550
vn -0.9759 0.2160 -0.0296
vn -0.9395 0.3351 0.0713
vn -0.8352 0.5330 0.1353
vn -0.9839 0.1697 -0.0557
vn -0.9699 0.2434 -0.0100
vn -0.8799 0.4732 0.0433
vn -0.9850 0.1586 -0.0679
vn -0.9845 0.1645 -0.0601
vn -0.9849 0.1627 -0.0592
vn -0.9850 0.1628 -0.0565
vn -0.9848 0.1650 -0.0542
vn -0.9793 0.1982 -0.0421
vn -0.9346 0.3551 0.0220
vn -0.9563 0.1774 -0.2326
vn -0.9580 0.1546 -0.2414
vn -0.9654 0.1469 -0.2155
vn -0.9744 0.1423 -0.1741
vn -0.9792 0.1546 -0.1317
vn -0.9821 0.1658 -0.0891
vn -0.9739 0.2252 -0.0283
vn -0.6721 0.7100 0.2100
vn -0.6491 0.7282 0.2200
vn -0.6786 0.7071 0.1988
vn -0.7274 0.6504 0.2189
vn -0.6505 0.7271 0.2195
vn -0.7772 0.6030 0.1800
vn -0.6573 0.7246 0.2069
vn -0.6564 0.7233 0.2144
vn -0.7253 0.6696 0.1597
vn -0.6656 0.7130 0.2205
vn -0.8322 0.5413 0.1204
vn -0.7017 0.6892 0.1804
vn -0.9026 0.4305 -0.0059
vn -0.7651 0.6397 0.0732
vn -0.6456 0.7332 0.2135
vn -0.6279 0.7488 0.2121
vn -0.5800 0.7985 0.1611
vn -0.5306 0.8474 0.0168
vn -0.6344 0.7443 0.2089
vn -0.6058 0.7757 0.1768
vn -0.4949 0.8625 0.1053
vn -0.3087 0.9511 -0.0120
vn -0.6474 0.7301 0.2186
vn -0.6410 0.7422 0.1956
vn -0.5721 0.8163 0.0796
vn -0.3832 0.9193 -0.0895
vn -0.2191 0.9598 -0.1753
vn -0.6280 0.7518 0.2011
vn -0.6397 0.7422 0.1998
vn -0.5800 0.8042 0.1296
vn -0.5776 0.8041 0.1409
vn -0.4316 0.9018 0.0199
vn -0.3864 0.9193 -0.0752
vn -0.2523 0.9543 -0.1601
vn -0.2188 0.9494 -0.2252
vn -0.2057 0.9528 -0.2231
vn -0.1778 0.9534 -0.2438
vn -0.6481 0.7291 0.2200
vn -0.6467 0.7312 0.2171
vn -0.6460 0.7313 0.2188
vn -0.6465 0.7433 0.1718
vn -0.4601 0.8864 0.0516
vn -0.5091 0.8587 -0.0580
vn -0.3741 0.9202 -0.1155
vn -0.3102 0.9375 -0.1576
vn -0.2026 0.9545 -0.2189
vn -0.7064 0.0035 -0.7078
vn -0.7189 0.0408 -0.6939
vn -0.7470 0.0535 -0.6626
vn -0.7733 0.0454 -0.6324
vn -0.7970 0.0468 -0.6021
vn -0.8241 0.0491 -0.5642
vn -0.8546 0.0495 -0.5169
vn -0.8823 0.0380 -0.4692
vn -0.7025 -0.0379 -0.7107
vn -0.7107 0.0376 -0.7025
vn -0.7112 0.0380 -0.7019
vn -0.7121 0.0376 -0.7011
vn -0.7126 0.0415 -0.7004
vn -0.7005 -0.0460 -0.7121
vn -0.6723 -0.1126 -0.7317
vn -0.7084 0.0289 -0.7052
vn -0.6483 -0.1195 -0.7520
vn -0.7075 0.0121 -0.7066
vn -0.5985 -0.2786 -0.7511
vn -0.7018 -0.0280 -0.7118
vn -0.6319 -0.2556 -0.7317
vn -0.7039 -0.0393 -0.7092
vn -0.4848 -0.4961 -0.7203
vn -0.5296 -0.4431 -0.7234
vn -0.6841 -0.0956 -0.7231
vn -0.7092 0.0317 -0.7043
vn -0.5634 -0.3798 -0.7337
vn -0.6580 -0.0960 -0.7469
vn -0.7086 0.0203 -0.7053
vn -0.4191 -0.5923 -0.6881
vn -0.4257 -0.5515 -0.7174
vn -0.6034 -0.2644 -0.7523
vn -0.7012 -0.0182 -0.7127
vn -0.6396 -0.2278 -0.7342
vn -0.7072 -0.0326 -0.7063
vn -0.4047 -0.5978 -0.6920
vn -0.5029 -0.4776 -0.7204
vn -0.4174 -0.5782 -0.7011
vn -0.5440 -0.4223 -0.7251
vn -0.6949 -0.0790 -0.7147
vn -0.7099 0.0344 -0.7035
vn -0.5745 -0.3634 -0.7334
vn -0.6667 -0.0738 -0.7416
vn -0.7095 0.0281 -0.7041
vn -0.7107 0.0377 -0.7025
vn -0.8859 0.1638 -0.4341
vn -0.7785 0.1089 -0.6181
vn -0.8404 0.0900 -0.5344
vn -0.8782 0.0791 -0.4717
vn -0.9070 0.0868 -0.4122
vn -0.9306 0.1094 -0.3492
vn -0.9517 0.1316 -0.2775
vn -0.9590 0.1915 -0.2091
vn -0.7148 0.0399 -0.6982
vn -0.7257 0.0457 -0.6865
vn -0.7412 0.0442 -0.6698
vn -0.7595 0.0413 -0.6491
vn -0.7826 0.0569 -0.6199
vn -0.8192 0.0740 -0.5687
vn -0.8630 0.1141 -0.4921
vn -0.8922 0.2936 -0.3432
vn -0.7181 0.6339 -0.2872
vn -0.7113 0.0378 -0.7019
vn -0.7153 0.0391 -0.6977
vn -0.7265 0.0416 -0.6860
vn -0.7389 0.0712 -0.6701
vn -0.6970 0.2080 -0.6863
vn -0.5908 0.5279 -0.6102
vn -0.3146 0.8315 -0.4578
vn -0.7010 0.0560 -0.7109
vn -0.6301 0.1384 -0.7640
vn -0.4084 0.3795 -0.8301
vn -0.2652 0.6304 -0.7296
vn -0.6927 0.0895 -0.7156
vn -0.5713 0.2349 -0.7864
vn -0.4174 0.4032 -0.8144
vn -0.2125 0.8422 -0.4955
vn -0.2304 0.5524 -0.8011
vn -0.1982 0.6479 -0.7355
vn -0.7104 0.0380 -0.7028
vn -0.6943 0.0665 -0.7166
vn -0.5917 0.1738 -0.7872
vn -0.3624 0.4067 -0.8386
vn -0.2448 0.5065 -0.8267
vn -0.7104 0.0391 -0.7027
vn -0.6780 0.1189 -0.7254
vn -0.5053 0.3065 -0.8066
vn -0.3323 0.4043 -0.8521
vn -0.2081 0.5700 -0.7949
vn -0.2136 0.6363 -0.7413
vn -0.2180 0.5194 -0.8263
vn -0.2045 0.5252 -0.8260
vn -0.2128 0.5669 -0.7958
vn -0.7048 0.0438 -0.7081
vn -0.6868 0.0626 -0.7242
vn -0.5435 0.2368 -0.8053
vn -0.3216 0.4558 -0.8299
vn -0.2394 0.5042 -0.8298
vn -0.7103 0.0491 -0.7022
vn -0.6134 0.1629 -0.7728
vn -0.4270 0.3405 -0.8377
vn -0.3075 0.4532 -0.8367
vn -0.6941 0.0478 -0.7183
vn -0.2287 0.6701 -0.7062
vn -0.2127 0.5547 -0.8044
vn -0.2055 0.5249 -0.8260
vn -0.6111 0.1802 -0.7708
vn -0.4320 0.3598 -0.8270
vn -0.2743 0.4656 -0.8414
vn -0.2048 0.5252 -0.8260
vn -0.7083 0.0529 -0.7039
vn -0.5867 0.2201 -0.7793
vn -0.4130 0.3774 -0.8288
vn -0.6410 0.1041 -0.7604
vn -0.4935 0.2082 -0.8445
vn -0.5080 0.8468 -0.1579
vn -0.1870 0.9502 -0.2494
vn -0.1670 0.9481 -0.2707
vn -0.1820 0.8291 -0.5286
vn -0.1597 0.9451 -0.2851
vn -0.1682 0.8324 -0.5280
vn -0.1597 0.9391 -0.3043
vn -0.1678 0.8557 -0.4896
vn -0.6455 0.7333 0.2136
vn -0.6065 0.7753 0.1766
vn -0.6272 0.7490 0.2138
vn -0.4970 0.8613 0.1052
vn -0.5655 0.8074 0.1684
vn -0.3194 0.9476 -0.0076
vn -0.2110 0.9450 -0.2497
vn -0.1850 0.9599 -0.2105
vn -0.1795 0.9501 -0.2551
vn -0.1695 0.9527 -0.2521
vn -0.5820 0.8092 0.0805
vn -0.3869 0.9174 -0.0933
vn -0.2240 0.9587 -0.1750
vn -0.3988 0.9147 -0.0649
vn -0.2517 0.9556 -0.1533
vn -0.2197 0.9488 -0.2270
vn -0.2062 0.9530 -0.2219
vn -0.1774 0.9533 -0.2445
vn -0.2040 0.9543 -0.2186
vn -0.1693 0.9527 -0.2524
vn -0.1263 0.9574 -0.2596
vn -0.0451 0.9630 -0.2656
vn -0.1560 0.9548 -0.2529
vn 0.1658 0.9738 -0.1559
vn 0.0934 0.9726 -0.2127
vn 0.0450 0.9807 -0.1901
vn -0.0694 0.9741 -0.2154
vn -0.1459 0.9563 -0.2533
vn -0.1537 0.9576 -0.2436
vn -0.4239 -0.5883 -0.6886
vn -0.3999 -0.6043 -0.6891
vn -0.4312 -0.5447 -0.7193
vn -0.6111 -0.2369 -0.7552
vn -0.7007 -0.0088 -0.7134
vn -0.7105 0.0379 -0.7027
vn -0.7032 0.0646 -0.7081
vn -0.6470 -0.1990 -0.7361
vn -0.7103 -0.0259 -0.7034
vn -0.6893 0.0594 -0.7220
vn -0.6047 0.1080 -0.7891
vn -0.4046 -0.5983 -0.6916
vn -0.5136 -0.4580 -0.7256
vn -0.4186 -0.5741 -0.7037
vn -0.5571 -0.4007 -0.7274
vn -0.7042 -0.0621 -0.7072
vn -0.7102 0.0364 -0.7031
vn -0.7083 0.0451 -0.7044
vn -0.6879 0.1146 -0.7167
vn -0.5048 0.3146 -0.8039
vn -0.4286 -0.5835 -0.6898
vn -0.2386 0.5202 -0.8201
vn -0.3953 -0.6047 -0.6914
vn -0.3939 -0.6062 -0.6909
vn -0.3966 -0.6016 -0.6934
vn -0.2761 -0.6209 -0.7336
vn -0.3578 -0.5924 -0.7218
vn 0.1399 -0.5935 -0.7926
vn 0.2924 -0.5232 -0.8005
vn 0.2924 -0.5149 -0.8059
vn 0.4104 0.1936 -0.8911
vn -0.2233 0.6918 -0.6867
vn -0.2112 0.5371 -0.8167
vn -0.2743 0.4737 -0.8369
vn -0.3288 0.4439 -0.8336
vn -0.2603 0.4888 -0.8326
vn -0.5482 0.2982 -0.7814
vn -0.3598 0.3935 -0.8460
vn -0.4564 0.2606 -0.8508
vn -0.1956 0.5395 -0.8190
vn -0.2343 0.4980 -0.8349
vn -0.2745 0.5019 -0.8202
vn -0.2378 0.5097 -0.8268
vn -0.2917 0.4346 -0.8521
vn -0.2044 0.5464 -0.8122
vn -0.2111 0.5194 -0.8280
vn -0.2120 0.5228 -0.8257
vn -0.2032 0.5701 -0.7961
vn -0.2016 0.5936 -0.7791
vn -0.1953 0.5203 -0.8313
vn -0.1848 0.4883 -0.8529
vn -0.1311 0.5529 -0.8228
vn -0.1672 0.5185 -0.8386
vn -0.2011 0.5234 -0.8280
vn -0.0767 0.4760 -0.8761
vn -0.1443 0.5301 -0.8356
vn -0.1804 0.5157 -0.8375
vn 0.3975 0.2377 -0.8863
vn 0.1894 0.4202 -0.8874
vn 0.0024 0.4332 -0.9013
vn -0.1649 0.9359 -0.3112
vn -0.1887 0.8671 -0.4611
vn -0.2061 0.7095 -0.6739
vn -0.1689 0.9416 -0.2913
vn -0.1840 0.8882 -0.4211
vn -0.1806 0.7196 -0.6705
vn -0.1787 0.9401 -0.2904
vn -0.1877 0.8896 -0.4164
vn -0.1849 0.7275 -0.6608
vn -0.1774 0.9426 -0.2828
vn -0.2036 0.8956 -0.3955
vn -0.1741 0.9467 -0.2711
vn -0.1907 0.7330 -0.6529
vn -0.2076 0.8708 -0.4456
vn -0.1689 0.9497 -0.2636
vn -0.2086 0.7066 -0.6762
vn -0.1984 0.8571 -0.4753
vn -0.2139 0.6018 -0.7695
vn -0.1615 0.9486 -0.2720
vn -0.2193 0.7102 -0.6690
vn -0.1673 0.8646 -0.4739
vn -0.2122 0.5995 -0.7717
vn -0.1616 0.9443 -0.2867
vn -0.2714 0.7206 -0.6380
vn -0.1937 0.8852 -0.4230
vn -0.2259 0.5654 -0.7933
vn -0.1681 0.9432 -0.2867
vn -0.2238 0.7354 -0.6397
vn -0.1831 0.9050 -0.3839
vn -0.2053 0.5403 -0.8160
vn -0.1938 0.7448 -0.6385
vn -0.5850 -0.3466 -0.7332
vn -0.6750 -0.0524 -0.7360
vn -0.7108 0.0347 -0.7026
vn -0.6675 0.0873 -0.7395
vn -0.5792 0.1116 -0.8075
vn -0.4567 0.3471 -0.8191
vn -0.4002 -0.6038 -0.6894
vn -0.4377 -0.5376 -0.7207
vn -0.6195 -0.2093 -0.7566
vn -0.6920 0.0251 -0.7215
vn -0.6304 0.1952 -0.7513
vn -0.3981 0.3214 -0.8592
vn -0.2039 0.4676 -0.8601
vn -0.6368 -0.1524 -0.7558
vn -0.6623 0.0181 -0.7490
vn -0.5754 0.2230 -0.7869
vn -0.3630 -0.6013 -0.7118
vn -0.3609 -0.6187 -0.6979
vn -0.5225 -0.4385 -0.7313
vn -0.3868 0.3944 -0.8335
vn -0.2452 0.5213 -0.8174
vn -0.2159 0.5143 -0.8300
vn -0.3067 -0.5759 -0.7578
vn -0.4980 -0.3694 -0.7846
vn -0.5250 0.2111 -0.8245
vn -0.3031 0.3764 -0.8755
vn -0.2167 0.4894 -0.8447
vn -0.3831 -0.3029 -0.8726
vn -0.3831 0.2248 -0.8959
vn -0.1231 -0.6023 -0.7887
vn -0.1846 -0.5645 -0.8045
vn -0.1029 -0.6082 -0.7871
vn -0.1712 0.5140 -0.8405
vn -0.1995 0.5247 -0.8276
vn -0.0349 -0.5829 -0.8118
vn 0.0165 -0.5751 -0.8179
vn -0.0091 0.3974 -0.9176
vn -0.0748 0.4415 -0.8941
vn -0.1115 0.4922 -0.8633
vn 0.1038 -0.2959 -0.9495
vn 0.0968 0.1839 -0.9782
vn 0.0992 -0.5654 -0.8188
vn 0.1912 -0.5174 -0.8341
vn 0.2010 -0.5350 -0.8206
vn -0.0028 0.4269 -0.9043
vn -0.0772 0.5154 -0.8535
vn 0.2278 -0.5086 -0.8303
vn 0.3584 -0.3400 -0.8695
vn 0.3912 0.1331 -0.9107
vn 0.2223 0.2992 -0.9279
vn 0.0489 0.3763 -0.9252
vn 0.3587 -0.2269 -0.9055
vn 0.3345 0.1276 -0.9337
vn 0.3121 -0.4936 -0.8118
vn 0.3537 -0.3801 -0.8547
vn 0.4194 0.1844 -0.8889
vn 0.3420 0.2656 -0.9014
vn 0.1872 0.3313 -0.9248
vn 0.3253 -0.4523 -0.8304
vn 0.3586 -0.2432 -0.9013
vn 0.3955 0.0881 -0.9142
vn 0.3924 0.1789 -0.9023
vn 0.3014 0.2900 -0.9083
vn 0.3050 -0.4731 -0.8265
vn 0.4040 -0.2275 -0.8860
vn 0.4433 0.1058 -0.8901
vn 0.4097 0.1953 -0.8911
vn 0.3860 0.1927 -0.9022
vn 0.4167 -0.1171 -0.9015
vn 0.4365 0.0577 -0.8978
vn -0.2019 0.5223 -0.8285
vn -0.1518 0.4958 -0.8550
vn -0.0356 0.3641 -0.9307
vn -0.0436 0.4332 -0.9002
vn 0.2893 0.2324 -0.9286
vn 0.1436 0.3806 -0.9135
vn 0.2446 -0.4578 0.8547
vn 0.2194 -0.5045 0.8351
vn 0.2054 -0.5209 0.8286
vn 0.2087 -0.5214 0.8274
vn 0.2045 -0.5248 0.8263
vn 0.2049 -0.5245 0.8264
vn 0.2046 -0.5251 0.8261
vn 0.2046 -0.5249 0.8262
vn 0.2506 -0.4969 0.8308
vn 0.3944 -0.3944 0.8300
vn 0.1447 -0.8153 0.5606
vn 0.1102 -0.8467 0.5206
vn 0.1082 -0.8027 0.5865
vn 0.1920 -0.9640 0.1840
vn 0.2290 -0.8195 0.5253
vn 0.3929 -0.8343 0.3867
vn 0.3820 -0.8227 0.4211
vn 0.5127 -0.8547 0.0810
vn 0.5561 -0.8250 0.1010
vn 0.2967 -0.8696 0.3946
vn 0.4449 -0.8575 0.2583
vn 0.5794 -0.8130 0.0574
vn 0.2279 -0.6399 0.7339
vn 0.2543 -0.5043 0.8252
vn 0.2568 -0.4616 0.8491
vn 0.2320 -0.4902 0.8402
vn 0.2068 -0.7354 0.6453
vn 0.2463 -0.6012 0.7602
vn 0.1889 -0.8618 0.4707
vn 0.1996 -0.8242 0.5300
vn 0.1852 -0.8089 0.5581
vn 0.1843 -0.8324 0.5227
vn 0.1856 -0.7955 0.5768
vn 0.1864 -0.8085 0.5582
vn 0.1846 -0.7951 0.5777
vn 0.2607 -0.4954 0.8286
vn 0.2344 -0.4906 0.8393
vn 0.2088 -0.5077 0.8359
vn 0.2105 -0.7240 0.6569
vn 0.2538 -0.5589 0.7894
vn 0.2007 -0.8550 0.4783
vn 0.2083 -0.8377 0.5048
vn 0.1963 -0.8317 0.5194
vn 0.2030 -0.8467 0.4918
vn 0.1876 -0.7947 0.5774
vn 0.1877 -0.8078 0.5588
vn 0.1948 -0.7947 0.5749
vn 0.2365 -0.5043 0.8305
vn 0.2160 -0.5122 0.8313
vn 0.2084 -0.5181 0.8295
vn 0.2049 -0.7035 0.6805
vn 0.2279 -0.5314 0.8159
vn 0.2134 -0.5161 0.8296
vn 0.2020 -0.8320 0.5168
vn 0.1957 -0.8245 0.5309
vn 0.1939 -0.8430 0.5017
vn 0.2124 -0.8095 0.5473
vn 0.1888 -0.8033 0.5649
vn 0.3232 -0.8229 0.4674
vn 0.5068 -0.8421 0.1846
vn 0.5835 -0.8115 0.0324
vn 0.2085 -0.5164 0.8306
vn 0.2051 -0.5236 0.8269
vn 0.2102 -0.6960 0.6866
vn 0.2143 -0.5397 0.8141
vn 0.2126 -0.5206 0.8269
vn 0.2015 -0.8224 0.5320
vn 0.2214 -0.6845 0.6946
vn 0.1958 -0.8208 0.5366
vn 0.1928 -0.8394 0.5082
vn 0.2611 -0.8568 0.4446
vn 0.2821 -0.8284 0.4839
vn 0.3978 -0.8572 0.3272
vn 0.4675 -0.8436 0.2643
vn 0.5586 -0.8237 0.0973
vn 0.5564 -0.8288 0.0594
vn 0.5638 -0.8248 0.0429
vn 0.5259 -0.8479 0.0672
vn 0.2076 -0.5209 0.8280
vn 0.2049 -0.5246 0.8263
vn 0.2187 -0.5487 0.8069
vn 0.2090 -0.5229 0.8264
vn 0.2055 -0.5241 0.8265
vn 0.2017 -0.8051 0.5578
vn 0.2430 -0.6700 0.7014
vn 0.2142 -0.8372 0.5032
vn 0.1992 -0.8441 0.4979
vn 0.3194 -0.8745 0.3649
vn 0.2996 -0.8678 0.3965
vn 0.4524 -0.8738 0.1782
vn 0.4490 -0.8873 0.1057
vn 0.4468 -0.8885 0.1043
vn 0.3756 -0.9167 0.1363
vn 0.2607 -0.4839 0.8354
vn 0.2097 -0.5637 0.7989
vn 0.2054 -0.5250 0.8260
vn 0.1589 -0.7972 0.5824
vn 0.2043 -0.6480 0.7337
vn 0.2336 -0.8875 0.3971
vn 0.4150 -0.8761 0.2453
vn 0.3675 -0.8899 0.2703
vn 0.4140 -0.8975 0.1520
vn 0.3295 -0.9232 0.1978
vn 0.3041 -0.9311 0.2014
vn 0.2538 -0.9421 0.2192
vn 0.3206 -0.9363 0.1437
vn 0.2692 -0.4724 0.8393
vn 0.4147 -0.3801 0.8268
vn 0.2088 -0.5640 0.7989
vn 0.2044 -0.5253 0.8260
vn 0.2052 -0.5251 0.8259
vn 0.1800 -0.8021 0.5694
vn 0.1955 -0.6212 0.7589
vn 0.2036 -0.5601 0.8030
vn 0.1926 -0.9355 0.2962
vn 0.2043 -0.8181 0.5376
vn 0.2354 -0.9409 0.2434
vn 0.2118 -0.9487 0.2346
vn 0.1994 -0.9580 0.2061
vn 0.2175 -0.9441 0.2476
vn 0.3308 -0.9437 -0.0019
vn 0.5721 -0.8003 -0.1798
vn 0.2970 -0.4599 0.8369
vn 0.4115 -0.3619 0.8365
vn 0.6052 -0.1845 0.7744
vn 0.2331 -0.5048 0.8311
vn 0.3083 -0.4593 0.8331
vn 0.5153 -0.2621 0.8159
vn 0.6772 -0.0778 0.7316
vn 0.2010 -0.6350 0.7459
vn 0.2122 -0.5443 0.8116
vn 0.1838 -0.9437 0.2751
vn 0.2438 -0.8399 0.4849
vn 0.2158 -0.9524 0.2152
vn 0.3200 -0.9355 0.1497
vn 0.3810 -0.9173 0.1159
vn 0.5171 -0.8541 0.0560
vn 0.4715 -0.8799 -0.0580
vn 0.6519 -0.7375 -0.1764
vn 0.6478 -0.7294 -0.2200
vn 0.3152 -0.4102 0.8558
vn 0.4644 -0.3340 0.8202
vn 0.6515 -0.1192 0.7492
vn 0.7099 -0.0431 0.7030
vn 0.2658 -0.6441 0.7173
vn 0.3582 -0.4391 0.8240
vn 0.5855 -0.2064 0.7840
vn 0.6999 -0.0547 0.7121
vn 0.7096 -0.0392 0.7035
vn 0.2424 -0.9336 0.2640
vn 0.3236 -0.8604 0.3937
vn 0.2597 -0.9537 0.1517
vn 0.4394 -0.8908 0.1156
vn 0.4384 -0.8983 -0.0282
vn 0.5866 -0.7968 -0.1452
vn 0.5835 -0.8008 -0.1349
vn 0.6406 -0.7410 -0.2014
vn 0.6308 -0.7493 -0.2014
vn 0.6483 -0.7288 -0.2204
vn 0.4454 -0.5545 0.7030
vn 0.5776 -0.2873 0.7641
vn 0.6998 -0.1015 0.7071
vn 0.7135 -0.0386 0.6996
vn 0.7108 -0.0376 0.7024
vn 0.5605 -0.7241 0.4020
vn 0.7724 -0.2472 0.5851
vn 0.7999 -0.0970 0.5923
vn 0.7769 -0.0471 0.6279
vn 0.7555 -0.0461 0.6536
vn 0.5900 -0.8073 0.0101
vn 0.6459 -0.7391 -0.1913
vn 0.7531 -0.6270 -0.1990
vn 0.6530 -0.7256 -0.2170
vn 0.7009 -0.6801 -0.2148
vn 0.6652 -0.7182 -0.2041
vn 0.8069 -0.5268 0.2674
vn 0.9350 -0.1577 0.3177
vn 0.9240 -0.1037 0.3680
vn 0.8986 -0.0851 0.4305
vn 0.8656 -0.0843 0.4936
vn 0.8372 -0.5442 -0.0550
vn 0.9736 -0.2273 0.0196
vn 0.9762 -0.1703 0.1343
vn 0.9703 -0.1489 0.1905
vn 0.9632 -0.1454 0.2260
vn 0.8127 -0.5673 -0.1332
vn 0.9283 -0.3642 -0.0753
vn 0.9722 -0.2318 0.0330
vn 0.9848 -0.1655 0.0537
vn 0.9848 -0.1634 0.0592
vn 0.8617 -0.4938 -0.1164
vn 0.9594 -0.2817 -0.0114
vn 0.9815 -0.1863 0.0440
vn 0.9850 -0.1634 0.0558
vn 0.7971 -0.5855 -0.1478
vn 0.9225 -0.3827 -0.0507
vn 0.9740 -0.2205 0.0515
vn -0.2698 -0.2619 0.9266
vn -0.2872 0.3078 0.9071
vn 0.1215 -0.4875 0.8646
vn -0.0035 -0.3830 0.9238
vn -0.2372 -0.2859 0.9284
vn -0.2270 0.4013 0.8874
vn 0.1906 -0.5234 0.8305
vn 0.1324 -0.5184 0.8448
vn 0.3390 -0.2950 0.8933
vn 0.3534 0.3380 0.8723
vn 0.1949 -0.4947 0.8469
vn 0.2245 -0.4526 0.8630
vn 0.4276 -0.2587 0.8662
vn 0.4478 0.3937 0.8028
vn 0.2219 -0.5181 0.8261
vn 0.2971 -0.4775 0.8269
vn 0.5151 -0.3208 0.7948
vn 0.6336 -0.0360 0.7728
vn 0.5813 0.2224 0.7827
vn 0.2251 -0.5016 0.8353
vn 0.3170 -0.4127 0.8539
vn 0.5372 -0.2768 0.7967
vn 0.6885 -0.0455 0.7238
vn 0.6171 0.1828 0.7654
vn 0.2306 -0.5122 0.8273
vn 0.3590 -0.4116 0.8377
vn 0.5613 -0.2515 0.7885
vn 0.6667 -0.0942 0.7393
vn 0.7101 -0.0336 0.7033
vn 0.6781 0.0647 0.7321
vn 0.2225 -0.4920 0.8417
vn 0.3673 -0.3398 0.8658
vn 0.5985 -0.2010 0.7755
vn 0.7012 -0.0650 0.7100
vn 0.7104 -0.0364 0.7029
vn 0.7016 0.0701 0.7091
vn 0.2060 -0.5248 0.8259
vn 0.2411 -0.5186 0.8203
vn 0.4364 -0.3529 0.8277
vn 0.2048 -0.5249 0.8261
vn 0.2054 -0.5251 0.8259
vn 0.6060 -0.1539 0.7804
vn 0.6806 -0.0736 0.7290
vn 0.7107 -0.0376 0.7025
vn 0.7094 0.0335 0.7040
vn 0.2415 -0.4708 0.8485
vn 0.4636 -0.2697 0.8440
vn 0.6738 -0.1385 0.7259
vn 0.7051 -0.0533 0.7071
vn 0.6996 0.0134 0.7144
vn 0.2292 -0.5157 0.8255
vn 0.2598 -0.5173 0.8154
vn 0.2268 -0.5052 0.8327
vn 0.4955 -0.3230 0.8063
vn 0.6125 -0.0604 0.7881
vn 0.6816 -0.0653 0.7288
vn 0.7093 -0.0265 0.7044
vn 0.3399 -0.4077 0.8475
vn 0.5508 -0.3002 0.7788
vn 0.7119 -0.0834 0.6973
vn 0.7104 -0.0380 0.7028
vn 0.7098 -0.0340 0.7036
vn 0.3135 -0.4616 0.8299
vn 0.4816 -0.2206 0.8482
vn 0.6280 -0.0945 0.7725
vn 0.7005 -0.0522 0.7117
vn 0.5779 -0.2316 0.7826
vn 0.7082 -0.0548 0.7039
vn 0.6919 -0.0495 0.7203
vn -0.0344 0.5754 0.8172
vn 0.0111 0.5936 0.8047
vn 0.0755 0.5627 0.8232
vn 0.0471 0.6122 0.7893
vn 0.2403 0.6052 0.7589
vn 0.1906 0.5999 0.7770
vn 0.1464 0.6096 0.7791
vn 0.3652 0.5888 0.7211
vn 0.2720 0.6374 0.7209
vn 0.2620 0.6231 0.7369
vn 0.2878 0.6268 0.7240
vn 0.3268 0.6066 0.7248
vn 0.3770 0.6099 0.6970
vn 0.3718 0.6057 0.7035
vn 0.3718 0.5921 0.7149
vn 0.2903 0.5560 0.7788
vn 0.2854 0.6270 0.7249
vn 0.3217 0.6098 0.7244
vn 0.3613 0.6150 0.7009
vn 0.3686 0.6060 0.7049
vn 0.3986 0.6049 0.6894
vn 0.3980 0.6048 0.6898
vn 0.3988 0.6036 0.6904
vn 0.3997 0.6046 0.6890
vn 0.4723 0.4053 0.7828
vn 0.4545 0.5228 0.7212
vn 0.4000 0.6040 0.6893
vn 0.4281 0.5833 0.6903
vn 0.5834 0.3531 0.7314
vn 0.5503 0.4050 0.7302
vn 0.4139 0.5772 0.7039
vn 0.5097 0.4649 0.7239
vn 0.4016 0.6022 0.6900
vn 0.6434 0.2080 0.7367
vn 0.6102 0.2442 0.7536
vn 0.4331 0.5464 0.7169
vn 0.3998 0.6044 0.6891
vn 0.4233 0.5880 0.6893
vn 0.6631 0.0867 0.7435
vn 0.5711 0.3704 0.7325
vn 0.6921 0.0859 0.7167
vn 0.5380 0.4263 0.7272
vn 0.4136 0.5808 0.7012
vn 0.4999 0.4831 0.7189
vn 0.4025 0.6008 0.6906
vn 0.7065 0.0403 0.7066
vn 0.6364 0.2369 0.7341
vn 0.7001 0.0228 0.7137
vn 0.6022 0.2717 0.7507
vn 0.4273 0.5528 0.7154
vn 0.7083 -0.0189 0.7057
vn 0.6537 0.1085 0.7489
vn 0.5597 0.3867 0.7329
vn 0.6042 -0.1904 0.7738
vn 0.7101 -0.0526 0.7021
vn 0.7029 -0.0461 0.7098
vn 0.3987 0.6049 0.6893
vn 0.4025 0.6074 0.6849
vn 0.4242 0.6683 0.6110
vn 0.4185 0.5920 0.6888
vn 0.4096 0.6245 0.6650
vn 0.4014 0.6370 0.6581
vn 0.4548 0.7109 0.5364
vn 0.4902 0.8539 0.1749
vn 0.4818 0.8756 0.0356
vn 0.4818 0.8756 0.0339
vn 0.7091 -0.0315 0.7044
vn 0.6815 0.1021 0.7246
vn 0.5242 0.4469 0.7249
vn 0.4121 0.5850 0.6985
vn 0.4896 0.5019 0.7130
vn 0.4027 0.6005 0.6908
vn 0.3998 0.6047 0.6889
vn 0.4015 0.6341 0.6608
vn 0.3901 0.7774 0.4934
vn 0.4606 0.8729 0.1608
vn 0.4814 0.8758 0.0352
vn 0.3991 0.6041 0.6897
vn 0.4062 0.6155 0.6754
vn 0.4243 0.7351 0.5288
vn 0.4836 0.7662 0.4232
vn 0.4676 0.8584 0.2110
vn 0.4832 0.8734 0.0604
vn 0.4635 0.8857 0.0281
vn 0.3997 0.6048 0.6888
vn 0.4281 0.6717 0.6046
vn 0.5255 0.8063 0.2714
vn 0.4985 0.8558 0.1383
vn 0.4894 0.8682 0.0814
vn 0.4813 0.8747 0.0576
vn 0.4185 0.6238 0.6601
vn 0.4564 0.7038 0.5445
vn 0.4800 0.7504 0.4543
vn 0.4675 0.8389 0.2787
vn 0.4695 0.8787 0.0865
vn 0.4008 0.6056 0.6875
vn 0.4193 0.6749 0.6072
vn 0.4426 0.6962 0.5652
vn 0.4834 0.7919 0.3732
vn 0.4957 0.8437 0.2062
vn 0.4948 0.8623 0.1078
vn 0.4816 0.8752 0.0456
vn 0.4172 0.6352 0.6500
vn 0.4954 0.7458 0.4453
vn 0.4935 0.8079 0.3221
vn 0.4891 0.8584 0.1547
vn 0.4788 0.8702 0.1162
vn 0.4143 0.6585 0.6283
vn 0.4276 0.7829 0.4520
vn 0.4640 0.8710 0.1615
vn 0.4876 0.7853 0.3816
vn 0.4817 0.8693 0.1111
vn 0.4822 0.8754 0.0345
vn 0.7341 -0.0440 0.6777
vn 0.7215 -0.0440 0.6910
vn 0.7131 -0.0389 0.7000
vn 0.8247 -0.1008 0.5566
vn 0.7551 -0.0846 0.6501
vn 0.7125 -0.0400 0.7006
vn 0.7117 -0.0376 0.7014
vn 0.7110 -0.0379 0.7021
vn 0.9597 -0.1826 0.2137
vn 0.9364 -0.1751 0.3041
vn 0.9847 -0.1641 0.0590
vn 0.8860 -0.1184 0.4483
vn 0.8730 -0.0387 0.4862
vn 0.8456 -0.0494 0.5315
vn 0.8159 -0.0484 0.5762
vn 0.7897 -0.0463 0.6118
vn 0.7618 -0.0534 0.6457
vn 0.7339 -0.0443 0.6778
vn 0.9855 -0.1528 0.0737
vn 0.9869 -0.1230 0.1042
vn 0.9789 -0.0910 0.1832
vn 0.9567 -0.1021 0.2727
vn 0.9330 -0.1003 0.3456
vn 0.9035 -0.1071 0.4150
vn 0.8631 -0.1475 0.4830
vn 0.7823 -0.0908 0.6162
vn 0.9849 -0.1593 0.0673
vn 0.9840 -0.1513 0.0941
vn 0.9798 -0.1559 0.1253
vn 0.9763 -0.1552 0.1509
vn 0.9723 -0.1613 0.1694
vn 0.9705 -0.1857 0.1540
vn 0.9249 -0.1935 0.3272
vn 0.9129 -0.1268 0.3879
vn 0.9849 -0.1634 0.0580
vn 0.9851 -0.1506 0.0832
vn 0.9851 -0.1623 0.0569
vn 0.7035 0.0469 0.7091
vn 0.6290 0.2647 0.7309
vn 0.7006 0.0325 0.7128
vn 0.5945 0.2988 0.7465
vn 0.4223 0.5590 0.7136
vn 0.4137 0.5955 0.6887
vn 0.4030 0.6096 0.6827
vn 0.4006 0.6136 0.6804
vn 0.4477 0.6690 0.5934
vn 0.4914 0.7624 0.4210
vn 0.5075 0.8392 0.1955
vn 0.4899 0.8660 0.1004
vn 0.4817 0.8754 0.0414
vn 0.4836 0.8745 0.0365
vn 0.7072 -0.0110 0.7069
vn 0.6435 0.1314 0.7541
vn 0.5477 0.4027 0.7334
vn 0.7084 -0.0290 0.7052
vn 0.6700 0.1186 0.7329
vn 0.5093 0.4667 0.7230
vn 0.4097 0.5897 0.6960
vn 0.4725 0.5196 0.7119
vn 0.4014 0.6016 0.6906
vn 0.4000 0.6049 0.6886
vn 0.3988 0.6102 0.6845
vn 0.4009 0.7522 0.5229
vn 0.4789 0.8598 0.1773
vn 0.4853 0.8729 0.0509
vn 0.4825 0.8753 0.0331
vn 0.7004 0.0536 0.7117
vn 0.6211 0.2914 0.7275
vn 0.7011 0.0422 0.7118
vn 0.5890 0.3146 0.7444
vn 0.4246 0.5500 0.7192
vn 0.4069 0.6015 0.6875
vn 0.4548 0.6649 0.5925
vn 0.4791 0.7587 0.4413
vn 0.5159 0.8259 0.2276
vn 0.4977 0.8583 0.1248
vn 0.4928 0.8677 0.0654
vn 0.4838 0.8730 0.0612
vn 0.5611 0.8272 -0.0298
vn 0.4873 0.8728 0.0295
vn 0.7158 -0.0396 0.6972
vn 0.7061 -0.0029 0.7082
vn 0.6326 0.1549 0.7588
vn 0.5399 0.4188 0.7302
vn 0.7426 -0.0630 0.6667
vn 0.7253 -0.0420 0.6872
vn 0.7138 -0.0302 0.6997
vn 0.6582 0.1351 0.7406
vn 0.5065 0.5013 0.7016
vn 0.4545 0.7034 0.5465
vn 0.5875 0.6754 0.4456
vn 0.4757 0.8442 0.2471
vn 0.5177 0.8553 0.0191
vn 0.8017 0.4898 -0.3426
vn 0.6400 0.7458 -0.1851
vn 0.8899 -0.0829 0.4486
vn 0.8640 -0.0665 0.4991
vn 0.8358 -0.0611 0.5456
vn 0.8007 0.0459 0.5972
vn 0.7246 0.3601 0.5875
vn 0.9812 -0.1255 0.1468
vn 0.9695 -0.1236 0.2117
vn 0.9563 -0.1158 0.2686
vn 0.9624 0.0796 0.2597
vn 0.8664 0.4427 0.2310
vn 0.6751 0.7244 0.1396
vn 0.9851 -0.1600 0.0638
vn 0.9842 -0.1589 0.0783
vn 0.9917 -0.1127 0.0615
vn 0.9889 0.1412 -0.0455
vn 0.9116 0.4019 -0.0859
vn 0.6998 0.7130 -0.0441
vn 0.9930 -0.1166 0.0178
vn 0.9948 -0.0025 -0.1015
vn 0.9271 0.2730 -0.2568
vn 0.8661 0.3819 -0.3227
vn 0.7358 0.6401 -0.2213
vn 0.1930 -0.9645 -0.1805
vn 0.1153 -0.8623 -0.4932
vn 0.1405 -0.8837 -0.4465
vn 0.1663 -0.9702 -0.1763
vn 0.1675 -0.9762 0.1378
vn 0.1665 -0.9530 0.2530
vn 0.1907 -0.9570 0.2185
vn 0.2055 -0.9507 0.2323
vn 0.2486 -0.9636 0.0980
vn 0.3694 -0.9242 0.0972
vn 0.3979 -0.9146 -0.0713
vn 0.5993 -0.7431 -0.2978
vn 0.5127 -0.8548 -0.0808
vn 0.5654 -0.8183 -0.1037
vn 0.3895 -0.8481 -0.3593
vn 0.3953 -0.8655 -0.3078
vn 0.2334 -0.9649 -0.1200
vn 0.1743 -0.9739 0.1457
vn 0.2447 -0.9527 0.1803
vn 0.4151 -0.9060 0.0826
vn 0.4417 -0.8971 0.0083
vn 0.6111 -0.7887 -0.0678
vn 0.5303 -0.8440 -0.0802
vn 0.6436 -0.7272 -0.2388
vn 0.5628 -0.8254 -0.0446
vn 0.4303 -0.8950 -0.1177
vn 0.2381 -0.9706 -0.0350
vn 0.2081 -0.9664 0.1508
vn 0.3333 -0.9428 -0.0045
vn 0.5054 -0.8558 -0.1109
vn 0.6098 -0.7720 -0.1792
vn 0.6385 -0.7403 -0.2103
vn 0.4057 -0.9063 0.1187
vn 0.5165 -0.8521 -0.0847
vn 0.6159 -0.7350 -0.2837
vn 0.5632 -0.8262 0.0146
vn 0.4623 -0.8867 -0.0041
vn 0.3041 -0.9526 0.0071
vn 0.3000 -0.9439 0.1381
vn 0.5743 -0.7987 -0.1796
vn 0.6290 -0.7460 -0.2190
vn 0.6456 -0.7328 -0.2149
vn 0.6450 -0.7266 -0.2366
vn 0.6354 -0.7336 -0.2412
vn 0.5074 -0.8587 0.0717
vn 0.4394 -0.8935 0.0931
vn 0.4007 -0.9152 0.0442
vn 0.5276 -0.8492 0.0236
vn 0.6526 -0.7372 -0.1754
vn 0.6481 -0.7290 -0.2202
vn 0.6480 -0.7291 -0.2201
vn 0.6482 -0.7289 -0.2203
vn 0.6482 -0.7286 -0.2215
vn 0.3520 -0.9289 0.1154
vn 0.3135 -0.9398 0.1360
vn 0.3587 -0.9301 0.0795
vn 0.4077 -0.9131 0.0005
vn 0.4936 -0.8691 -0.0309
vn 0.5722 -0.8089 -0.1352
vn 0.5864 -0.7965 -0.1473
vn 0.6402 -0.7407 -0.2037
vn 0.6304 -0.7500 -0.2002
vn 0.6481 -0.7289 -0.2205
vn 0.6412 -0.7340 -0.2237
vn 0.4345 -0.8983 0.0649
vn 0.5928 -0.8004 -0.0896
vn 0.6443 -0.7389 -0.1975
vn 0.6467 -0.7308 -0.2184
vn 0.6455 -0.7325 -0.2160
vn 0.6421 -0.7391 -0.2033
vn 0.6357 -0.7400 -0.2197
vn 0.6139 -0.7609 -0.2102
vn 0.6370 -0.7385 -0.2210
vn 0.6150 -0.7500 -0.2434
vn 0.6216 -0.7322 -0.2784
vn 0.6457 -0.7292 -0.2267
vn 0.6470 -0.7274 -0.2286
vn 0.5035 -0.8567 -0.1120
vn 0.6297 -0.7455 -0.2182
vn 0.6087 -0.7727 -0.1802
vn 0.6457 -0.7328 -0.2146
vn 0.6360 -0.7426 -0.2097
vn 0.6480 -0.7301 -0.2170
vn 0.6492 -0.7307 -0.2110
vn 0.6454 -0.7417 -0.1825
vn 0.6546 -0.7361 -0.1722
vn 0.6161 -0.7667 -0.1805
vn 0.6504 -0.7372 -0.1831
vn 0.6119 -0.7471 -0.2599
vn 0.6342 -0.7168 -0.2898
vn 0.6508 -0.7061 -0.2791
vn 0.6459 -0.7242 -0.2417
vn 0.6479 -0.7286 -0.2223
vn 0.6478 -0.7295 -0.2196
vn 0.6483 -0.7290 -0.2197
vn 0.6484 -0.7288 -0.2200
vn 0.6486 -0.7290 -0.2187
vn 0.6502 -0.7286 -0.2155
vn 0.6519 -0.7273 -0.2148
vn 0.6611 -0.7265 -0.1876
vn 0.6580 -0.7246 -0.2048
vn 0.6862 -0.7052 -0.1781
vn 0.6847 -0.7000 -0.2029
vn 0.6683 -0.6922 -0.2723
vn 0.6678 -0.6979 -0.2589
vn 0.6476 -0.7266 -0.2293
vn 0.6483 -0.7286 -0.2208
vn 0.3889 -0.8070 -0.4444
vn 0.4642 -0.6698 -0.5795
vn 0.3202 -0.6198 -0.7165
vn 0.5373 -0.7228 -0.4346
vn 0.3967 -0.6824 -0.6140
vn 0.2879 -0.5195 -0.8045
vn 0.2995 -0.5146 -0.8034
vn 0.2899 -0.5245 -0.8005
vn 0.5471 -0.7263 -0.4162
vn 0.3913 -0.5920 -0.7046
vn 0.3140 -0.5180 -0.7957
vn 0.3062 -0.5229 -0.7955
vn 0.5976 -0.7258 -0.3406
vn 0.5979 -0.7184 -0.3555
vn 0.4847 -0.6320 -0.6047
vn 0.4239 -0.5905 -0.6867
vn 0.3317 -0.5364 -0.7761
vn 0.6235 -0.7303 -0.2790
vn 0.6122 -0.7017 -0.3644
vn 0.5117 -0.6466 -0.5658
vn 0.4390 -0.6073 -0.6621
vn 0.3775 -0.5844 -0.7183
vn 0.3222 -0.5436 -0.7750
vn 0.3014 -0.5169 -0.8012
vn 0.6470 -0.7294 -0.2223
vn 0.6371 -0.7222 -0.2692
vn 0.6140 -0.7084 -0.3480
vn 0.5336 -0.6713 -0.5144
vn 0.4914 -0.6595 -0.5688
vn 0.3318 -0.5767 -0.7465
vn 0.2998 -0.5138 -0.8038
vn 0.2993 -0.5144 -0.8036
vn 0.6373 -0.7212 -0.2715
vn 0.6104 -0.7333 -0.2995
vn 0.5475 -0.7095 -0.4437
vn 0.5388 -0.7162 -0.4436
vn 0.4232 -0.6209 -0.6598
vn 0.3815 -0.5832 -0.7172
vn 0.3132 -0.5176 -0.7962
vn 0.3061 -0.5234 -0.7952
vn 0.6473 -0.7259 -0.2326
vn 0.5893 -0.7357 -0.3337
vn 0.5708 -0.7034 -0.4236
vn 0.4573 -0.6343 -0.6233
vn 0.4003 -0.5644 -0.7219
vn 0.3290 -0.5363 -0.7773
vn 0.6481 -0.7286 -0.2216
vn 0.6346 -0.7333 -0.2442
vn 0.6241 -0.7245 -0.2926
vn 0.5933 -0.6916 -0.4118
vn 0.4902 -0.6343 -0.5978
vn 0.4223 -0.5980 -0.6812
vn 0.3757 -0.5809 -0.7221
vn 0.3189 -0.5439 -0.7762
vn 0.2996 -0.5148 -0.8032
vn 0.6486 -0.7286 -0.2202
vn 0.6483 -0.7289 -0.2199
vn 0.6511 -0.7274 -0.2165
vn 0.6507 -0.7270 -0.2192
vn 0.6638 -0.7161 -0.2156
vn 0.6529 -0.7247 -0.2205
vn 0.6601 -0.7157 -0.2280
vn 0.6512 -0.7258 -0.2218
vn 0.6529 -0.7223 -0.2278
vn 0.6484 -0.7287 -0.2205
vn 0.6484 -0.7288 -0.2203
vn 0.7004 -0.6844 -0.2025
vn 0.6638 -0.7163 -0.2154
vn 0.6487 -0.7285 -0.2200
vn 0.6623 -0.7189 -0.2111
vn 0.7531 -0.6309 -0.1866
vn 0.8501 -0.5114 -0.1261
vn 0.9554 -0.2954 0.0027
vn 0.9844 -0.1675 0.0548
vn 0.8039 -0.5774 -0.1427
vn 0.9150 -0.4025 -0.0290
vn 0.9789 -0.1976 0.0512
vn 0.7421 -0.6420 -0.1926
vn 0.8352 -0.5451 -0.0730
vn 0.9600 -0.2778 0.0352
vn 0.6992 -0.6859 -0.2017
vn 0.7135 -0.6886 -0.1296
vn 0.6603 -0.7196 -0.2149
vn 0.7810 -0.5917 -0.1997
vn 0.6599 -0.7195 -0.2165
vn 0.7219 -0.6601 -0.2075
vn 0.6721 -0.7138 -0.1968
vn 0.6489 -0.7284 -0.2200
vn 0.9152 -0.4030 0.0046
vn 0.9852 -0.1642 0.0484
vn 0.8831 -0.4691 -0.0037
vn 0.9826 -0.1853 0.0156
vn 0.8501 -0.5143 -0.1129
vn 0.9511 -0.3029 -0.0608
vn 0.8849 -0.4553 -0.0978
vn 0.8200 -0.5579 -0.1277
vn 0.7757 -0.6053 -0.1786
vn 0.6462 -0.7299 -0.2230
vn 0.6320 -0.7190 -0.2892
vn 0.5958 -0.7036 -0.3874
vn 0.5172 -0.6572 -0.5482
vn 0.4699 -0.6467 -0.6008
vn 0.3305 -0.5706 -0.7517
vn 0.6456 -0.7184 -0.2590
vn 0.5280 -0.7264 -0.4398
vn 0.3913 -0.6231 -0.6772
vn 0.6480 -0.7283 -0.2229
vn 0.6059 -0.7352 -0.3038
vn 0.7825 0.5337 -0.3208
vn 0.4896 0.8716 0.0256
vn 0.5381 0.8428 -0.0133
vn 0.6723 0.7355 -0.0838
vn 0.8360 0.4238 -0.3485
vn 0.8013 0.5491 -0.2374
vn 0.8435 0.4010 -0.3574
vn 0.8433 0.4014 -0.3573
vn 0.8431 0.4250 -0.3296
vn 0.3914 0.9200 -0.0214
vn 0.2925 0.9544 -0.0589
vn 0.1855 0.9783 -0.0925
vn 0.0416 0.9869 -0.1556
vn -0.1658 0.9525 -0.2556
vn -0.0847 0.9726 -0.2164
vn -0.1388 0.9563 -0.2572
vn -0.0637 0.9680 -0.2426
vn -0.1635 0.9530 -0.2550
vn 0.4770 0.8784 0.0281
vn 0.4481 0.8938 0.0179
vn 0.4792 0.8772 0.0298
vn 0.3879 0.9217 0.0018
vn 0.4609 0.8873 0.0177
vn 0.3095 0.9506 -0.0226
vn 0.3480 0.9357 -0.0582
vn 0.1843 0.9714 -0.1499
vn 0.1256 0.9792 -0.1592
vn 0.0756 0.9831 -0.1666
vn 0.0104 0.9784 -0.2063
vn -0.0910 0.9701 -0.2251
vn 0.4804 0.8764 0.0335
vn 0.4598 0.8876 0.0280
vn 0.3742 0.9267 -0.0347
vn 0.2667 0.9606 -0.0780
vn 0.1537 0.9817 -0.1122
vn 0.4750 0.8796 0.0259
vn 0.4393 0.8982 0.0158
vn 0.4767 0.8787 0.0266
vn 0.3760 0.9266 -0.0077
vn 0.4819 0.8756 0.0336
vn 0.5425 0.8400 -0.0089
vn 0.4824 0.8753 0.0338
vn 0.4847 0.8741 0.0305
vn 0.5089 0.8608 -0.0042
vn 0.6059 0.7816 -0.1486
vn 0.4849 0.8740 0.0330
vn 0.5315 0.8470 0.0104
vn 0.6376 0.7675 -0.0667
vn 0.7051 0.6769 -0.2114
vn 0.3495 -0.4306 -0.8321
vn 0.4167 -0.1079 -0.9026
vn 0.4335 0.1385 -0.8905
vn 0.2986 -0.5132 -0.8046
vn 0.2988 -0.5136 -0.8043
vn 0.3005 -0.4191 -0.8568
vn 0.3653 -0.0681 -0.9284
vn 0.4171 0.1360 -0.8986
vn 0.3661 -0.4110 -0.8349
vn 0.4189 -0.0198 -0.9078
vn 0.4175 0.1675 -0.8931
vn 0.3826 -0.3012 -0.8735
vn 0.3891 0.0310 -0.9207
vn 0.4165 0.1542 -0.8960
vn 0.2987 -0.5138 -0.8042
vn 0.3190 -0.4866 -0.8133
vn 0.3004 -0.5101 -0.8059
vn 0.3270 -0.3775 -0.8663
vn 0.3927 -0.0061 -0.9197
vn 0.4182 0.1775 -0.8909
vn 0.3015 -0.5050 -0.8088
vn 0.3336 -0.4524 -0.8271
vn 0.4192 0.1843 -0.8890
vn 0.3405 -0.2810 -0.8973
vn 0.3917 0.0862 -0.9160
vn 0.4182 0.1826 -0.8898
vn 0.3010 -0.4810 -0.8234
vn 0.4024 -0.2907 -0.8681
vn 0.4548 0.0791 -0.8871
vn 0.4149 -0.1635 -0.8951
vn 0.4132 0.0437 -0.9096
vn 0.3161 -0.4875 -0.8139
vn 0.3616 -0.3482 -0.8649
vn 0.3303 -0.4352 -0.8376
vn 0.3625 -0.2129 -0.9073
vn 0.4023 0.0904 -0.9110
vn -0.2041 0.5250 -0.8263
vn -0.1168 0.5024 -0.8567
vn -0.1660 0.5288 -0.8324
vn -0.1922 0.5178 -0.8336
vn 0.3937 0.2169 -0.8933
vn 0.2583 0.3122 -0.9142
vn 0.0871 0.4072 -0.9092
vn -0.0401 0.4532 -0.8905
vn 0.4005 0.2003 -0.8941
vn 0.3478 0.2258 -0.9100
vn 0.2001 0.3142 -0.9280
vn -0.1406 0.5098 -0.8487
vn -0.1810 0.5277 -0.8299
vn 0.1576 0.3470 -0.9245
vn 0.0328 0.4381 -0.8983
vn -0.0733 0.4809 -0.8737
vn 0.3938 0.1953 -0.8982
vn 0.3142 0.2592 -0.9133
vn 0.2199 0.3201 -0.9215
vn 0.0678 0.3884 -0.9190
vn -0.0196 0.4795 -0.8773
vn 0.3708 0.2173 -0.9029
vn 0.2759 0.2753 -0.9209
vn 0.1314 0.3622 -0.9228
vn 0.4193 0.1844 -0.8889
vn 0.3707 0.2455 -0.8957
vn 0.3588 0.2386 -0.9024
vn 0.2350 0.2987 -0.9250
vn 0.4177 0.1858 -0.8894
vn 0.4114 0.1827 -0.8929
vn 0.3426 0.2685 -0.9003
vn 0.5804 0.2538 -0.7738
vn 0.4142 0.1901 -0.8901
vn 0.4159 0.1927 -0.8888
vn 0.8385 0.4214 -0.3456
vn 0.8188 0.3973 -0.4143
vn 0.5322 0.2218 -0.8171
vn 0.5521 0.2646 -0.7907
vn 0.6207 0.2843 -0.7307
vn 0.6992 0.3274 -0.6355
vn 0.4427 0.2097 -0.8718
vn 0.5049 0.1981 -0.8402
vn 0.5355 0.2300 -0.8126
vn 0.8299 0.4325 -0.3525
vn 0.8418 0.4080 -0.3535
vn 0.7650 0.3819 -0.5186
vn 0.8159 0.4018 -0.4157
vn 0.8367 0.3919 -0.3826
vn 0.8429 0.4007 -0.3591
vn 0.5225 0.2181 -0.8242
vn 0.5527 0.2526 -0.7942
vn 0.6217 0.2907 -0.7273
vn 0.6970 0.3155 -0.6440
vn 0.7420 0.3383 -0.5788
vn 0.7580 0.3958 -0.5185
vn 0.4334 0.1909 -0.8808
vn 0.4914 0.2186 -0.8431
vn 0.8436 0.4015 -0.3566
vn 0.7668 0.3804 -0.5170
vn 0.8175 0.4006 -0.4137
vn 0.8373 0.3851 -0.3882
vn 0.5136 0.2148 -0.8307
vn 0.5427 0.2510 -0.8015
vn 0.6102 0.2861 -0.7388
vn 0.6920 0.3083 -0.6528
vn 0.7281 0.3373 -0.5967
vn 0.4353 0.1913 -0.8797
vn 0.4849 0.2160 -0.8475
vn -0.1653 0.9470 -0.2755
vn -0.1725 0.9129 -0.3699
vn -0.2016 0.5420 -0.8159
vn -0.1720 0.7536 -0.6345
vn -0.1537 0.9548 -0.2543
vn -0.1700 0.9485 -0.2672
vn -0.1586 0.9556 -0.2485
vn -0.1719 0.9115 -0.3736
vn -0.2019 0.5663 -0.7991
vn -0.1696 0.7674 -0.6183
vn -0.1974 0.5205 -0.8307
vn 0.0390 0.9812 -0.1890
vn -0.1706 0.9493 -0.2641
vn -0.0690 0.9753 -0.2098
vn -0.1573 0.9153 -0.3708
vn -0.0770 0.9724 -0.2204
vn -0.1917 0.5983 -0.7780
vn -0.1541 0.7883 -0.5957
vn -0.1243 0.4778 -0.8696
vn 0.4502 0.8924 0.0314
vn 0.2668 0.9627 -0.0458
vn 0.3874 0.9219 0.0082
vn 0.1206 0.9893 -0.0819
vn 0.0632 0.9293 -0.3638
vn 0.0319 0.9907 -0.1324
vn -0.1360 0.5825 -0.8014
vn -0.0000 0.8213 -0.5705
vn 0.0208 0.3434 -0.9390
vn -0.0122 0.5313 -0.8471
vn 0.4850 0.8741 0.0275
vn 0.5183 0.8551 -0.0115
vn 0.3082 0.9513 -0.0128
vn 0.4733 0.8482 -0.2377
vn 0.2949 0.9478 -0.1210
vn 0.6236 0.3416 -0.7032
vn 0.4542 0.7177 -0.5279
vn 0.3850 0.2415 -0.8908
vn 0.2775 0.5217 -0.8067
vn 0.6658 0.7426 -0.0730
vn 0.4997 0.8662 0.0089
vn 0.7836 0.5583 -0.2726
vn 0.6345 0.7622 -0.1286
vn 0.8263 0.4535 -0.3339
vn 0.7153 0.6679 -0.2053
vn 0.7549 0.3360 -0.5632
vn 0.6834 0.5718 -0.4538
vn 0.7468 0.6303 -0.2123
vn 0.8112 0.5062 -0.2927
vn 0.2985 -0.4152 -0.8594
vn 0.3765 -0.1225 -0.9183
vn 0.4111 0.1172 -0.9040
vn 0.3692 -0.3293 -0.8691
vn 0.3896 -0.0727 -0.9181
vn 0.4202 0.0817 -0.9037
vn 0.7163 -0.6691 -0.1981
vn 0.9848 -0.1652 0.0539
vn 0.9829 -0.1774 0.0491
vn 0.9778 -0.2054 0.0411
vn 0.9849 -0.1644 0.0548
vn 0.8680 0.3701 -0.3310
vn 0.9683 -0.2495 0.0067
vn 0.9832 -0.1762 0.0468
vn 0.8845 0.3436 -0.3156
vn 0.8459 0.3981 -0.3550
vn 0.9410 -0.3366 -0.0352
vn 0.9780 -0.2017 0.0538
vn 0.9849 -0.1638 0.0554
vn 0.8512 0.3906 -0.3506
vn 0.8436 0.4007 -0.3574
vn 0.8766 -0.4681 -0.1116
vn 0.9649 -0.2626 0.0081
vn 0.9842 -0.1696 0.0508
vn 0.8621 0.3786 -0.3369
vn 0.8435 0.4010 -0.3573
vn 0.8435 0.4009 -0.3574
vn 0.9851 -0.1627 0.0555
vn 0.9927 -0.1185 0.0211
vn 0.9895 -0.1387 0.0394
vn 0.9952 0.0296 -0.0928
vn 0.9866 -0.1547 0.0528
vn 0.9985 -0.0222 -0.0493
vn 0.9567 0.2028 -0.2089
vn 0.9977 -0.0656 -0.0152
vn 0.9758 0.1399 -0.1681
vn 0.9279 0.2719 -0.2551
vn 0.9869 -0.1551 0.0451
vn 0.9939 -0.1100 -0.0034
vn 0.9930 0.0509 -0.1064
vn 0.9440 0.2383 -0.2281
vn 0.9933 -0.1127 0.0258
vn 0.9993 -0.0081 -0.0376
vn 0.9620 0.1925 -0.1936
vn 0.9089 0.3030 -0.2866
vn 0.4881 0.8722 0.0320
vn 0.5555 0.8314 0.0115
vn 0.4829 0.8751 0.0317
vn 0.6306 0.7761 -0.0076
vn 0.4804 0.8771 0.0021
vn 0.7986 0.4906 -0.3485
vn 0.5975 0.7837 -0.1698
vn 0.8344 0.4237 -0.3525
vn 0.7319 0.6389 -0.2369
vn 0.8430 0.4029 -0.3563
vn 0.7970 0.5245 -0.2995
vn 0.4918 0.8704 0.0233
vn 0.5379 0.8428 -0.0218
vn 0.7959 0.5190 -0.3119
vn 0.6679 0.7335 -0.1258
vn 0.8361 0.4191 -0.3540
vn 0.8255 0.5333 -0.1849
vn 0.6704 0.7420 0.0056
vn 0.8514 0.4059 -0.3321
vn 0.7240 0.6651 -0.1828
vn 0.7042 0.7023 -0.1044
vn 0.5339 0.8455 -0.0107
vn 0.8401 0.4112 -0.3538
vn 0.8112 0.5168 -0.2737
vn 0.6485 0.7517 -0.1201
vn 0.8398 0.4256 -0.3371
vn 0.7148 0.6576 -0.2380
vn 0.8357 0.4209 -0.3528
vn 0.7653 0.5980 -0.2380
vn 0.8438 0.4006 -0.3570
vn 0.8172 0.4873 -0.3077
vn 0.8488 0.3948 -0.3517
vn 0.8576 0.3842 -0.3418
vn 0.9898 -0.1382 0.0351
vn 0.9991 -0.0334 -0.0256
vn 0.9610 0.1916 -0.1993
vn 0.8679 0.3666 -0.3351
vn 0.8545 0.3885 -0.3449
vn 0.9974 -0.0701 0.0176
vn 0.9774 0.1332 -0.1641
vn 0.8823 0.3451 -0.3202
vn 0.8609 0.3807 -0.3375
vn 0.9863 0.0866 -0.1402
vn 0.9047 0.3071 -0.2952
vn 0.8714 0.3646 -0.3283
vn 0.9320 0.2576 -0.2548
vn 0.8888 0.3382 -0.3093
vn 0.9083 0.3079 -0.2831
vn 0.2988 -0.5139 -0.8042
vn 0.4724 0.2106 -0.8559
vn 0.4987 0.2131 -0.8402
vn 0.5307 0.2421 -0.8123
vn 0.3055 -0.4653 -0.8308
vn 0.4055 -0.2005 -0.8918
vn 0.4408 0.1130 -0.8905
vn 0.4226 0.1900 -0.8862
vn 0.4408 0.1879 -0.8777
vn 0.4133 -0.0929 -0.9058
vn 0.4345 0.0559 -0.8989
vn 0.8434 0.4009 -0.3576
vn 0.4948 -0.6998 -0.5152
vn 0.7750 0.3836 -0.5022
vn 0.8205 0.3986 -0.4098
vn 0.3492 -0.5507 -0.7581
vn 0.3096 -0.5155 -0.7990
vn 0.4657 0.2072 -0.8604
vn 0.4934 0.2097 -0.8441
vn 0.5157 0.2424 -0.8218
vn 0.6004 0.2855 -0.7470
vn 0.6803 0.3026 -0.6675
vn 0.2975 -0.4028 -0.8656
vn 0.3758 -0.0971 -0.9216
vn 0.4113 0.1259 -0.9028
vn 0.4343 0.1925 -0.8799
vn 0.6757 -0.7032 -0.2211
vn 0.6543 -0.7234 -0.2202
vn 0.8434 0.4008 -0.3579
vn 0.5878 -0.7321 -0.3444
vn 0.5797 -0.6606 -0.4771
vn 0.7784 0.3860 -0.4950
vn 0.8220 0.3974 -0.4078
vn 0.8391 0.3899 -0.3793
vn 0.8431 0.4011 -0.3581
vn 0.4294 -0.6152 -0.6612
vn 0.3989 -0.4621 -0.7920
vn 0.4845 -0.0673 -0.8722
vn 0.5234 0.1966 -0.8291
vn 0.5962 0.2843 -0.7508
vn 0.6735 0.3010 -0.6751
vn 0.7153 0.3421 -0.6094
vn 0.3854 -0.3191 -0.8658
vn 0.3893 -0.0432 -0.9201
vn 0.4314 0.1005 -0.8966
vn 0.8223 -0.5523 -0.1367
vn 0.9373 -0.3483 -0.0135
vn 0.9821 -0.1797 0.0567
vn 0.9874 -0.1507 0.0490
vn 0.8742 0.3625 -0.3231
vn 0.8436 0.4009 -0.3573
vn 0.7585 -0.6272 -0.1766
vn 0.8830 -0.4578 -0.1036
vn 0.9682 -0.2497 -0.0150
vn 0.8945 0.3201 -0.3122
vn 0.8459 0.3934 -0.3601
vn 0.7046 -0.6764 -0.2144
vn 0.8179 -0.5260 -0.2332
vn 0.9368 -0.1353 -0.3227
vn 0.8550 0.2838 -0.4342
vn 0.8425 0.3858 -0.3759
vn 0.8428 0.4012 -0.3587
vn 0.6706 -0.4026 -0.6231
vn 0.7194 -0.0040 -0.6946
vn 0.7024 0.2315 -0.6731
vn 0.7175 0.3405 -0.6077
vn 0.9920 -0.1207 0.0358
vn 0.9980 -0.0624 0.0084
vn 0.9811 0.1330 -0.1403
vn 0.9357 0.2600 -0.2386
vn 0.9950 -0.0974 0.0215
vn 0.9918 0.0814 -0.0983
vn 0.9555 0.2109 -0.2065
vn 0.9887 -0.0849 -0.1236
vn 0.9552 0.1397 -0.2608
vn 0.8435 0.4009 -0.3575
vn 0.7684 0.3795 -0.5153
vn 0.8190 0.3996 -0.4118
vn 0.8380 0.3866 -0.3852
vn 0.5987 0.2820 -0.7497
vn 0.6869 0.3034 -0.6604
vn 0.7216 0.3413 -0.6024
vn 0.4787 0.2135 -0.8516
vn 0.8386 0.3881 -0.3822
vn 0.8434 0.4010 -0.3577
vn 0.7150 0.3458 -0.6077
s 1
f 13//5 9//5 10//5
f 16//5 11//5 12//5
f 17//5 12//5 13//5
f 17//5 6//5 16//5
f 17//5 5//5 7//5
f 24//5 20//5 21//5
f 27//5 22//5 23//5
f 28//5 23//5 24//5
f 28//5 9//5 27//5
f 28//5 8//5 10//5
f 31//5 25//5 26//5
f 32//5 26//5 27//5
f 32//5 11//5 31//5
f 32//5 9//5 12//5
f 34//10 29//7 30//8
f 35//11 30//8 31//5
f 35//11 14//6 34//10
f 35//11 11//5 15//5
f 40//15 36//12 37//13
f 43//5 38//5 39//14
f 44//5 39//14 40//15
f 44//5 18//5 19//5
f 46//5 41//5 42//5
f 47//5 42//5 43//5
f 48//5 43//5 44//5
f 48//5 20//5 47//5
f 48//5 19//5 21//5
f 51//5 45//5 46//5
f 52//5 46//5 47//5
f 52//5 22//5 51//5
f 52//5 20//5 23//5
f 54//18 49//16 50//5
f 55//5 50//5 51//5
f 55//5 25//5 54//18
f 55//5 22//5 26//5
f 57//20 53//17 54//18
f 57//20 29//7 56//19
f 57//20 25//5 30//8
f 58//21 29//7 33//9
f 62//25 36//12 61//24
f 65//27 59//22 60//23
f 66//28 60//23 61//24
f 66//28 38//5 65//27
f 66//28 36//12 39//14
f 69//5 63//5 64//26
f 70//5 64//26 65//27
f 70//5 41//5 69//5
f 70//5 38//5 42//5
f 72//32 67//29 68//30
f 73//5 68//30 69//5
f 73//5 41//5 45//5
f 74//33 72//32 75//34
f 76//35 72//32 73//5
f 76//35 49//16 75//34
f 76//35 45//5 50//5
f 78//37 74//33 75//34
f 78//37 49//16 53//17
f 79//38 78//37 80//39
f 80//39 53//17 56//19
f 82//41 79//38 80//39
f 58//21 80//39 56//19
f 86//45 59//22 85//44
f 87//46 2//2 3//3
f 87//46 60//23 86//45
f 88//47 3//3 4//4
f 88//47 61//24 87//46
f 88//47 1//1 62//25
f 91//50 83//42 84//43
f 92//51 84//43 85//44
f 92//51 63//5 91//50
f 92//51 59//22 64//26
f 94//53 89//48 90//49
f 95//54 90//49 91//50
f 95//54 67//29 94//53
f 95//54 63//5 68//30
f 97//56 93//52 94//53
f 97//56 67//29 71//31
f 99//58 96//55 97//56
f 74//33 97//56 71//31
f 101//59 98//57 99//58
f 101//59 74//33 77//36
f 103//40 100//40 101//59
f 79//38 101//59 77//36
f 105//40 102//40 103//40
f 81//40 103//40 79//38
f 110//4 2//2 109//4
f 4//4 110//4 111//4
f 117//65 107//60 116//64
f 109//4 117//65 118//4
f 119//4 112//62 113//4
f 110//4 118//4 119//4
f 120//4 113//4 114//4
f 120//4 110//4 119//4
f 120//4 106//4 111//4
f 123//68 112//62 122//67
f 124//4 113//4 123//68
f 126//70 115//63 125//69
f 117//65 126//70 127//71
f 128//72 121//66 122//67
f 128//72 117//65 127//71
f 128//72 112//62 118//4
f 132//76 121//66 131//75
f 123//68 132//76 133//77
f 134//78 129//73 130//74
f 134//78 123//68 133//77
f 126//70 135//79 136//80
f 137//81 126//70 136//80
f 137//81 121//66 127//71
f 139//83 129//73 138//82
f 132//76 140//84 141//85
f 142//86 132//76 141//85
f 142//86 129//73 133//77
f 137//81 143//87 144//88
f 137//81 140//84 131//75
f 145//89 140//84 144//88
f 139//83 146//90 147//91
f 142//86 148//92 149//93
f 142//86 146//90 138//82
f 150//94 146//90 149//93
f 152//96 143//87 151//95
f 145//89 152//96 153//97
f 145//89 148//92 141//85
f 156//100 148//92 155//99
f 150//94 156//100 157//94
f 150//94 154//98 147//91
f 152//96 158//101 159//102
f 153//97 159//102 160//103
f 160//103 148//92 153//97
f 156//100 162//104 163//105
f 157//94 163//105 164//94
f 164//94 154//98 157//94
f 159//102 165//106 166//107
f 160//103 166//107 167//108
f 160//103 162//104 155//99
f 168//109 162//104 167//108
f 177//118 171//112 172//113
f 174//115 178//119 173//114
f 181//122 174//115 175//116
f 183//124 180//121 181//122
f 183//124 176//117 182//123
f 183//124 175//116 177//118
f 186//127 83//42 185//126
f 187//128 107//60 108//61
f 187//128 84//43 186//127
f 188//129 108//61 109//4
f 188//129 85//44 187//128
f 188//129 2//2 86//45
f 190//131 184//125 185//126
f 190//131 89//48 189//130
f 190//131 83//42 90//49
f 191//132 89//48 93//52
f 192//133 93//52 96//55
f 193//134 96//55 98//57
f 100//40 193//134 98//57
f 102//40 194//40 100//40
f 104//40 195//40 102//40
f 198//136 184//125 197//135
f 199//137 115//63 116//64
f 199//137 185//126 198//136
f 199//137 107//60 186//127
f 200//138 184//125 189//130
f 191//132 200//138 189//130
f 204//142 201//139 202//140
f 204//142 191//132 192//133
f 206//144 203//141 204//142
f 206//144 192//133 193//134
f 208//40 205//143 206//144
f 194//40 206//144 193//134
f 210//40 207//145 208//40
f 195//40 208//40 194//40
f 212//40 209//146 210//40
f 196//40 210//40 195//40
f 214//148 197//135 213//147
f 214//148 115//63 198//136
f 215//149 197//135 200//138
f 217//151 201//139 216//150
f 217//151 200//138 202//140
f 218//152 201//139 203//141
f 205//143 218//152 203//141
f 207//145 219//153 205//143
f 209//146 220//154 207//145
f 211//40 221//155 209//146
f 214//148 223//157 224//158
f 214//148 135//79 125//69
f 225//159 135//79 224//158
f 226//160 213//147 215//149
f 217//151 227//161 228//162
f 217//151 226//160 215//149
f 218//152 227//161 216//150
f 230//164 227//161 229//163
f 231//165 218//152 219//153
f 220//154 231//165 219//153
f 221//155 232//166 220//154
f 234//168 221//155 222//156
f 224//158 235//169 236//170
f 225//159 236//170 237//171
f 225//159 143//87 136//80
f 226//160 235//169 223//157
f 239//173 235//169 238//172
f 240//174 226//160 228//162
f 230//164 241//175 242//176
f 230//164 240//174 228//162
f 231//165 241//175 229//163
f 244//178 231//165 232//166
f 245//179 232//166 233//167
f 246//180 169//110 170//111
f 246//180 233//167 234//168
f 237//171 247//181 248//182
f 248//182 143//87 237//171
f 239//173 249//183 250//184
f 239//173 247//181 236//170
f 240//174 249//183 238//172
f 253//187 241//175 252//186
f 242//176 251//185 240//174
f 243//177 252//186 241//175
f 244//178 254//188 243//177
f 256//190 244//178 245//179
f 257//191 171//112 256//190
f 257//191 170//111 172//113
f 257//191 245//179 246//180
f 248//182 258//192 259//193
f 259//193 151//95 248//182
f 261//195 249//183 260//194
f 250//184 258//192 247//181
f 251//185 260//194 249//183
f 253//187 263//197 264//198
f 264//198 251//185 253//187
f 254//188 263//197 252//186
f 266//200 173//114 265//199
f 266//200 254//188 255//189
f 267//201 174//115 266//200
f 267//201 171//112 175//116
f 267//201 255//189 256//190
f 259//193 268//202 269//203
f 259//193 165//106 158//101
f 270//204 165//106 269//203
f 261//195 271//205 272//206
f 261//195 268//202 258//192
f 262//196 271//205 260//194
f 274//208 271//205 273//207
f 264//198 275//209 276//210
f 276//210 262//196 264//198
f 277//211 173//114 178//119
f 265//199 275//209 263//197
f 278//212 178//119 179//120
f 284//215 279//4 283//4
f 291//4 281//214 290//4
f 283//4 291//4 292//4
f 293//220 285//4 286//216
f 284//215 292//4 293//220
f 297//221 285//4 296//4
f 300//4 287//217 299//4
f 301//4 288//218 300//4
f 290//4 301//4 302//4
f 303//4 294//4 295//4
f 291//4 302//4 303//4
f 304//4 295//4 296//4
f 304//4 291//4 303//4
f 304//4 285//4 292//4
f 309//4 294//4 308//4
f 310//4 295//4 309//4
f 297//221 310//4 311//224
f 312//4 1//1 4//4
f 313//4 298//222 312//4
f 300//4 313//4 314//4
f 315//4 306//4 307//4
f 315//4 300//4 314//4
f 316//4 307//4 308//4
f 316//4 301//4 315//4
f 316//4 294//4 302//4
f 319//227 280//213 284//215
f 318//226 319//227 320//228
f 293//220 321//229 322//230
f 319//227 293//220 322//230
f 320//228 322//230 323//231
f 321//229 297//221 325//233
f 327//235 321//229 325//233
f 327//235 326//234 328//236
f 323//231 327//235 328//236
f 324//232 328//236 329//232
f 311//224 331//237 332//238
f 332//238 297//221 311//224
f 326//234 332//238 333//239
f 335//232 326//234 333//239
f 335//232 334//232 336//232
f 329//232 335//232 336//232
f 330//232 336//232 337//232
f 342//244 338//240 339//241
f 345//247 340//242 341//243
f 347//249 343//245 344//246
f 348//250 344//246 345//247
f 354//256 350//252 351//253
f 357//259 352//254 353//255
f 357//259 354//256 358//260
f 361//262 355//257 356//258
f 361//262 357//259 362//263
f 362//263 338//240 361//262
f 363//264 357//259 358//260
f 366//265 359//5 360//261
f 367//266 360//261 361//262
f 367//266 340//242 366//265
f 367//266 338//240 341//243
f 342//244 368//267 341//243
f 369//268 339//241 362//263
f 370//269 362//263 363//264
f 373//271 364//5 365//5
f 374//272 365//5 366//265
f 374//272 343//245 373//271
f 374//272 340//242 344//246
f 345//247 368//267 375//273
f 376//274 368//267 369//268
f 376//274 370//269 377//275
f 380//276 371//5 372//270
f 381//277 372//270 373//271
f 381//277 343//245 346//248
f 382//278 345//247 375//273
f 383//279 375//273 376//274
f 383//279 377//275 384//275
f 390//285 385//280 386//281
f 391//286 386//281 387//282
f 391//286 350//252 390//285
f 391//286 349//251 351//253
f 394//5 388//283 389//284
f 395//287 389//284 390//285
f 395//287 352//254 394//5
f 395//287 350//252 353//255
f 398//5 392//5 393//5
f 399//5 393//5 394//5
f 399//5 355//257 398//5
f 399//5 352//254 356//258
f 402//5 396//5 397//5
f 403//5 397//5 398//5
f 403//5 359//5 402//5
f 403//5 355//257 360//261
f 406//5 400//5 401//5
f 407//5 401//5 402//5
f 407//5 364//5 406//5
f 407//5 359//5 365//5
f 409//5 404//5 405//5
f 410//5 405//5 406//5
f 410//5 371//5 409//5
f 410//5 364//5 372//270
f 411//5 5//5 408//5
f 412//5 408//5 409//5
f 412//5 378//5 411//5
f 412//5 371//5 379//5
f 417//292 385//280 416//291
f 418//293 279//4 280//213
f 418//293 386//281 417//292
f 420//295 413//288 414//289
f 420//295 415//290 421//296
f 422//297 415//290 416//291
f 422//297 388//283 421//296
f 422//297 385//280 389//284
f 425//5 419//294 420//295
f 426//298 420//295 421//296
f 426//298 392//5 425//5
f 426//298 388//283 393//5
f 429//5 423//5 424//5
f 430//5 424//5 425//5
f 430//5 396//5 429//5
f 430//5 392//5 397//5
f 432//5 427//5 428//5
f 433//5 428//5 429//5
f 433//5 400//5 432//5
f 433//5 396//5 401//5
f 434//5 8//5 431//5
f 435//5 431//5 432//5
f 435//5 404//5 434//5
f 435//5 400//5 405//5
f 436//5 10//5 434//5
f 436//5 5//5 13//5
f 436//5 404//5 408//5
f 440//302 413//288 439//301
f 415//290 440//302 441//303
f 442//304 281//214 282//4
f 442//304 415//290 441//303
f 443//305 282//4 283//4
f 443//305 416//291 442//304
f 443//305 279//4 417//292
f 445//307 437//299 438//300
f 446//308 438//300 439//301
f 446//308 413//288 419//294
f 447//5 18//5 444//306
f 448//5 444//306 445//307
f 449//5 445//307 446//308
f 449//5 423//5 448//5
f 449//5 419//294 424//5
f 450//5 19//5 447//5
f 451//5 447//5 448//5
f 451//5 427//5 450//5
f 451//5 423//5 428//5
f 452//5 21//5 450//5
f 452//5 8//5 24//5
f 452//5 427//5 431//5
f 454//310 437//299 453//309
f 455//311 287//217 288//218
f 455//311 438//300 454//310
f 455//311 289//219 456//312
f 456//312 439//301 455//311
f 457//313 289//219 290//4
f 457//313 440//302 456//312
f 457//313 281//214 441//303
f 458//314 37//13 453//309
f 458//314 18//5 40//15
f 458//314 437//299 444//306
f 459//315 1//1 298//222
f 459//315 37//13 62//25
f 460//316 298//222 299//4
f 460//316 453//309 459//315
f 460//316 287//217 454//310
f 463//319 349//251 461//317
f 463//319 462//318 464//320
f 354//256 463//319 466//322
f 467//323 463//319 464//320
f 467//323 465//321 468//324
f 469//325 354//256 466//322
f 470//326 466//322 467//323
f 470//326 468//324 471//327
f 363//264 469//325 472//328
f 472//328 470//326 473//329
f 473//329 471//327 474//330
f 370//269 472//328 475//275
f 475//275 473//329 476//331
f 476//331 474//330 477//332
f 377//275 475//275 479//275
f 479//275 476//331 480//275
f 481//334 476//331 477//332
f 481//334 478//333 482//335
f 384//275 479//275 483//275
f 483//275 480//275 484//275
f 484//275 481//334 485//336
f 485//336 482//335 486//337
f 487//338 349//251 387//282
f 462//318 487//338 488//339
f 490//341 462//318 488//339
f 490//341 489//340 491//342
f 465//321 490//341 491//342
f 492//343 465//321 491//342
f 494//345 468//324 492//343
f 494//345 493//344 495//346
f 474//330 494//345 496//347
f 497//348 494//345 495//346
f 498//349 474//330 496//347
f 498//349 497//348 499//350
f 478//333 498//349 499//350
f 501//352 478//333 499//350
f 501//352 500//351 502//353
f 503//354 482//335 501//352
f 504//355 501//352 502//353
f 418//293 317//225 505//356
f 487//338 418//293 505//356
f 505//356 318//226 506//357
f 488//339 505//356 506//357
f 489//340 506//357 507//358
f 508//359 489//340 507//358
f 510//361 491//342 508//359
f 510//361 509//360 511//362
f 493//344 510//361 511//362
f 513//363 493//344 511//362
f 513//363 512//363 514//363
f 515//363 495//346 513//363
f 516//363 513//363 514//363
f 517//364 497//348 515//363
f 517//364 516//363 518//363
f 500//351 517//364 518//363
f 520//363 500//351 518//363
f 520//363 519//363 521//363
f 522//365 502//353 520//363
f 523//363 520//363 521//363
f 524//232 318//226 320//228
f 507//358 524//232 525//366
f 527//368 507//358 525//366
f 527//368 526//367 528//369
f 509//360 527//368 528//369
f 530//371 509//360 528//369
f 530//371 529//370 531//372
f 512//363 530//371 531//372
f 533//363 512//363 531//372
f 533//363 532//373 534//363
f 535//363 514//363 533//363
f 536//363 533//363 534//363
f 537//363 516//363 535//363
f 537//363 536//363 538//363
f 519//363 537//363 538//363
f 539//363 519//363 538//363
f 541//363 521//363 539//363
f 541//363 540//363 542//363
f 543//232 320//228 323//231
f 543//232 324//232 544//232
f 525//366 543//232 544//232
f 526//367 544//232 545//374
f 547//376 526//367 545//374
f 547//376 546//375 548//377
f 529//370 547//376 548//377
f 550//379 529//370 548//377
f 550//379 549//378 551//380
f 532//373 550//379 551//380
f 552//381 532//373 551//380
f 554//363 534//363 552//381
f 554//363 553//363 555//363
f 556//363 536//363 554//363
f 557//363 554//363 555//363
f 558//363 538//363 556//363
f 558//363 557//363 559//363
f 540//363 558//363 559//363
f 561//363 540//363 559//363
f 561//363 560//363 562//363
f 563//232 324//232 329//232
f 563//232 330//232 564//232
f 545//374 563//232 564//232
f 546//375 564//232 565//232
f 566//382 546//375 565//232
f 549//378 566//382 567//383
f 569//385 549//378 567//383
f 569//385 568//384 570//386
f 571//387 551//380 569//385
f 571//387 570//386 572//388
f 553//363 571//387 572//388
f 574//363 553//363 572//388
f 574//363 573//363 575//363
f 576//363 555//363 574//363
f 577//363 574//363 575//363
f 578//363 557//363 576//363
f 578//363 577//363 579//363
f 560//363 578//363 579//363
f 580//363 560//363 579//363
f 581//232 330//232 337//232
f 565//232 581//232 582//232
f 584//389 565//232 582//232
f 584//389 583//232 585//390
f 567//383 584//389 585//390
f 568//384 585//390 586//391
f 587//392 568//384 586//391
f 589//394 570//386 587//392
f 589//394 588//393 590//395
f 573//363 589//394 590//395
f 591//363 573//363 590//395
f 592//363 575//363 591//363
f 593//363 577//363 592//363
f 594//363 579//363 593//363
f 592//363 596//363 597//363
f 598//363 592//363 597//363
f 594//363 598//363 599//363
f 595//363 594//363 599//363
f 608//4 306//4 607//4
f 308//4 608//4 609//4
f 610//4 601//4 602//4
f 309//4 609//4 610//4
f 610//4 603//396 611//4
f 611//4 309//4 610//4
f 612//398 603//396 604//397
f 612//398 310//4 611//4
f 612//398 305//223 311//224
f 613//4 106//4 605//4
f 312//4 111//4 613//4
f 613//4 606//4 614//4
f 614//4 312//4 613//4
f 615//4 606//4 607//4
f 615//4 313//4 614//4
f 615//4 306//4 314//4
f 620//4 601//4 619//4
f 621//400 602//4 620//4
f 604//397 621//400 622//401
f 623//4 106//4 114//4
f 624//4 605//4 623//4
f 607//4 624//4 625//4
f 626//4 617//4 618//4
f 608//4 625//4 626//4
f 627//4 618//4 619//4
f 627//4 608//4 626//4
f 627//4 601//4 609//4
f 634//4 617//4 633//4
f 635//4 618//4 634//4
f 620//4 635//4 636//4
f 637//404 628//4 629//402
f 637//404 620//4 636//4
f 638//405 629//402 630//403
f 638//405 621//400 637//404
f 638//405 616//399 622//401
f 623//4 124//4 639//4
f 640//4 631//4 632//4
f 640//4 623//4 639//4
f 641//4 632//4 633//4
f 641//4 624//4 640//4
f 641//4 617//4 625//4
f 646//406 628//4 645//4
f 647//407 629//402 646//406
f 649//409 631//4 648//408
f 633//4 649//409 650//4
f 651//4 642//4 643//4
f 634//4 650//4 651//4
f 651//4 644//4 652//4
f 652//4 634//4 651//4
f 653//4 644//4 645//4
f 653//4 635//4 652//4
f 653//4 628//4 636//4
f 654//4 130//74 648//408
f 654//4 124//4 134//78
f 654//4 631//4 639//4
f 661//4 642//4 660//4
f 662//4 643//4 661//4
f 645//4 662//4 663//4
f 664//414 655//4 656//410
f 646//406 663//4 664//414
f 664//414 657//411 665//415
f 647//407 664//414 665//415
f 648//408 139//83 666//416
f 667//417 658//412 659//413
f 649//409 666//416 667//417
f 668//4 659//413 660//4
f 668//4 649//409 667//417
f 668//4 642//4 650//4
f 672//419 655//4 671//4
f 673//420 656//410 672//419
f 675//422 658//412 674//421
f 676//423 659//413 675//422
f 661//4 676//423 677//424
f 678//4 669//418 670//4
f 678//4 661//4 677//424
f 679//4 670//4 671//4
f 679//4 662//4 678//4
f 679//4 655//4 663//4
f 680//425 139//83 147//91
f 680//425 658//412 666//416
f 686//431 669//418 685//430
f 671//4 686//431 687//432
f 688//433 681//426 682//427
f 672//419 687//432 688//433
f 688//433 683//428 689//434
f 673//420 688//433 689//434
f 675//422 690//435 691//436
f 692//437 675//422 691//436
f 693//438 684//429 685//430
f 693//438 676//423 692//437
f 693//438 669//418 677//424
f 680//425 154//98 694//439
f 680//425 690//435 674//421
f 695//440 690//435 694//439
f 698//443 681//426 697//442
f 683//428 698//443 699//444
f 685//430 700//445 701//446
f 686//431 701//446 702//447
f 703//448 696//441 697//442
f 703//448 686//431 702//447
f 703//448 681//426 687//432
f 704//449 683//428 699//444
f 692//437 705//450 706//451
f 692//437 700//445 684//429
f 707//452 700//445 706//451
f 708//94 154//98 161//94
f 695//440 708//94 709//94
f 695//440 705//450 691//436
f 331//237 604//397 710//453
f 712//455 331//237 710//453
f 712//455 711//454 713//456
f 333//239 712//455 713//456
f 334//232 713//456 714//232
f 715//232 334//232 714//232
f 337//232 715//232 716//232
f 622//401 718//457 719//458
f 710//453 622//401 719//458
f 711//454 719//458 720//459
f 721//232 711//454 720//459
f 714//232 721//232 722//232
f 724//232 714//232 722//232
f 724//232 723//232 725//232
f 716//232 724//232 725//232
f 717//232 725//232 726//232
f 727//460 616//399 630//403
f 728//461 718//457 727//460
f 720//459 728//461 729//232
f 731//232 720//459 729//232
f 731//232 730//232 732//232
f 722//232 731//232 732//232
f 723//232 732//232 733//232
f 734//232 723//232 733//232
f 726//232 734//232 735//232
f 727//460 647//407 737//462
f 739//464 727//460 737//462
f 739//464 738//463 740//232
f 729//232 739//464 740//232
f 730//232 740//232 741//232
f 742//232 730//232 741//232
f 733//232 742//232 743//232
f 745//232 733//232 743//232
f 745//232 744//232 746//232
f 735//232 745//232 746//232
f 736//232 746//232 747//232
f 665//415 748//465 749//466
f 749//466 647//407 665//415
f 738//463 749//466 750//232
f 751//232 738//463 750//232
f 741//232 751//232 752//232
f 754//232 741//232 752//232
f 754//232 753//232 755//232
f 743//232 754//232 755//232
f 744//232 755//232 756//232
f 758//232 744//232 756//232
f 758//232 757//232 759//232
f 747//232 758//232 759//232
f 748//465 673//420 761//467
f 762//232 748//465 761//467
f 750//232 762//232 763//232
f 765//232 750//232 763//232
f 765//232 764//232 766//232
f 752//232 765//232 766//232
f 753//232 766//232 767//232
f 769//232 753//232 767//232
f 769//232 768//232 770//232
f 756//232 769//232 770//232
f 757//232 770//232 771//232
f 772//232 757//232 771//232
f 760//232 772//232 773//232
f 761//467 689//434 775//469
f 777//232 761//467 775//469
f 777//232 776//232 778//232
f 763//232 777//232 778//232
f 764//232 778//232 779//232
f 781//232 764//232 779//232
f 781//232 780//470 782//471
f 767//232 781//232 782//471
f 768//232 782//471 783//472
f 784//473 768//232 783//472
f 771//232 784//473 785//474
f 787//232 771//232 785//474
f 787//232 786//475 788//476
f 773//232 787//232 788//476
f 774//468 788//476 789//477
f 704//449 790//478 791//479
f 775//469 704//449 791//479
f 776//232 791//479 792//480
f 794//232 776//232 792//480
f 794//232 793//481 795//482
f 779//232 794//232 795//482
f 780//470 795//482 796//483
f 797//484 780//470 796//483
f 783//472 797//484 798//485
f 784//473 798//485 799//486
f 785//474 799//486 800//487
f 786//475 800//487 801//488
f 802//489 801//488 800//487
f 803//490 786//475 801//488
f 804//491 788//476 803//490
f 805//232 337//232 716//232
f 805//232 717//232 806//232
f 582//232 805//232 806//232
f 583//232 806//232 807//232
f 808//492 583//232 807//232
f 586//391 808//492 809//493
f 811//495 586//391 809//493
f 811//495 810//494 812//496
f 588//393 811//495 812//496
f 813//497 588//393 812//496
f 814//363 590//395 813//497
f 815//232 717//232 726//232
f 807//232 815//232 816//232
f 818//232 807//232 816//232
f 818//232 817//232 819//232
f 809//493 818//232 819//232
f 810//494 819//232 820//498
f 821//499 810//494 820//498
f 822//232 726//232 735//232
f 822//232 736//232 823//232
f 816//232 822//232 823//232
f 817//232 823//232 824//232
f 825//232 817//232 824//232
f 820//498 825//232 826//232
f 827//500 820//498 826//232
f 828//232 736//232 747//232
f 824//232 828//232 829//232
f 831//232 824//232 829//232
f 831//232 830//232 832//232
f 826//232 831//232 832//232
f 833//232 747//232 759//232
f 833//232 760//232 834//232
f 829//232 833//232 834//232
f 830//232 834//232 835//232
f 836//232 830//232 835//232
f 837//232 760//232 773//232
f 837//232 774//468 838//501
f 835//232 837//232 838//501
f 839//502 774//468 789//477
f 839//502 804//491 840//503
f 813//497 841//504 842//505
f 814//363 842//505 843//363
f 596//363 814//363 843//363
f 845//363 596//363 843//363
f 845//363 844//363 846//363
f 847//363 597//363 845//363
f 848//363 845//363 846//363
f 849//363 598//363 847//363
f 849//363 848//363 850//363
f 600//363 849//363 850//363
f 841//504 821//499 852//507
f 854//509 841//504 852//507
f 854//509 853//508 855//510
f 856//511 842//505 854//509
f 856//511 855//510 857//512
f 844//363 856//511 857//512
f 859//363 844//363 857//512
f 859//363 858//363 860//363
f 861//363 846//363 859//363
f 862//513 859//363 860//363
f 863//363 848//363 861//363
f 863//363 862//513 864//514
f 851//506 863//363 864//514
f 827//500 865//232 866//515
f 852//507 827//500 866//515
f 853//508 866//515 867//516
f 869//518 853//508 867//516
f 869//518 868//517 870//519
f 871//520 855//510 869//518
f 871//520 870//519 872//521
f 858//363 871//520 872//521
f 873//363 858//363 872//521
f 875//523 860//363 873//363
f 875//523 874//522 876//524
f 877//525 862//513 875//523
f 878//526 875//523 876//524
f 865//232 832//232 879//232
f 881//527 865//232 879//232
f 881//527 880//232 882//528
f 867//516 881//527 882//528
f 868//517 882//528 883//529
f 870//519 883//529 884//530
f 886//532 870//519 884//530
f 886//532 885//531 887//533
f 888//534 872//521 886//532
f 888//534 887//533 889//535
f 874//522 888//534 889//535
f 891//537 874//522 889//535
f 891//537 890//536 892//538
f 893//539 876//524 891//537
f 836//232 894//232 895//232
f 879//232 836//232 895//232
f 880//232 895//232 896//232
f 897//540 880//232 896//232
f 883//529 897//540 898//541
f 900//543 883//529 898//541
f 900//543 899//542 901//544
f 885//531 900//543 901//544
f 903//546 885//531 901//544
f 903//546 902//545 904//547
f 905//548 887//533 903//546
f 905//548 904//547 906//549
f 890//536 905//548 906//549
f 892//538 907//550 891//537
f 908//551 890//536 906//549
f 893//539 907//550 909//552
f 894//232 838//501 910//553
f 911//554 894//232 910//553
f 896//232 911//554 912//555
f 914//232 896//232 912//555
f 914//232 913//556 915//557
f 898//541 914//232 915//557
f 899//542 915//557 916//558
f 917//559 899//542 916//558
f 902//545 917//559 918//560
f 919//561 902//545 918//560
f 920//562 904//547 919//561
f 908//551 921//563 907//550
f 908//551 920//562 922//564
f 909//552 921//563 923//563
f 924//565 921//563 922//564
f 910//553 839//502 925//566
f 911//554 925//566 926//567
f 912//555 926//567 927//568
f 913//556 927//568 928//569
f 929//570 928//569 927//568
f 930//571 913//556 928//569
f 931//572 915//557 930//571
f 932//573 916//558 931//572
f 918//560 932//573 933//574
f 934//575 918//560 933//574
f 920//562 934//575 935//576
f 936//577 920//562 935//576
f 924//565 937//578 923//563
f 924//565 936//577 938//579
f 939//580 839//502 840//503
f 940//581 925//566 939//580
f 941//582 926//567 940//581
f 929//570 941//582 942//583
f 943//584 929//570 942//583
f 944//585 930//571 943//584
f 945//586 944//585 943//584
f 932//573 944//585 946//587
f 947//588 932//573 946//587
f 948//589 947//588 946//587
f 934//575 947//588 949//590
f 951//592 948//589 950//591
f 935//576 949//590 951//592
f 953//594 950//591 952//593
f 936//577 951//592 953//594
f 954//595 953//594 952//593
f 955//596 936//577 953//594
f 960//601 957//598 958//599
f 962//603 959//600 960//601
f 963//604 962//603 964//605
f 970//5 966//5 967//5
f 972//609 968//606 969//607
f 973//610 969//607 970//5
f 973//610 957//598 972//609
f 973//610 956//597 958//599
f 975//612 971//608 972//609
f 975//612 957//598 959//600
f 977//614 974//611 975//612
f 961//602 975//612 959//600
f 978//615 977//614 979//616
f 963//604 977//614 961//602
f 980//617 963//604 964//605
f 983//5 6//5 7//5
f 985//5 981//618 982//5
f 986//5 982//5 983//5
f 989//622 984//619 985//5
f 990//5 985//5 986//5
f 990//5 966//5 989//622
f 990//5 965//5 967//5
f 992//624 987//620 988//621
f 993//625 988//621 989//622
f 993//625 968//606 992//624
f 993//625 966//5 969//607
f 995//627 991//623 992//624
f 995//627 968//606 971//608
f 997//628 994//626 995//627
f 997//628 971//608 974//611
f 998//629 997//628 999//630
f 976//613 997//628 974//611
f 978//615 999//630 976//613
f 1001//632 978//615 979//616
f 1003//634 14//6 15//5
f 1004//5 15//5 16//5
f 1004//5 981//618 1003//634
f 1004//5 6//5 982//5
f 1006//636 1002//633 1003//634
f 1006//636 981//618 984//619
f 1008//638 1005//635 1006//636
f 1008//638 987//620 1007//637
f 1008//638 984//619 988//621
f 1009//639 987//620 991//623
f 1010//640 991//623 994//626
f 996//40 1010//640 994//626
f 998//629 1011//641 996//40
f 1013//643 998//629 999//630
f 1014//644 1013//643 1015//645
f 1000//631 1013//643 999//630
f 1016//646 1000//631 1001//632
f 1018//648 33//9 34//10
f 1018//648 14//6 1002//633
f 1020//650 1017//647 1018//648
f 1005//635 1018//648 1002//633
f 1022//651 1019//649 1020//650
f 1022//651 1005//635 1007//637
f 1024//40 1021//40 1022//651
f 1009//639 1022//651 1007//637
f 1026//40 1023//40 1024//40
f 1010//640 1024//40 1009//639
f 1028//653 1025//40 1026//40
f 1011//641 1026//40 1010//640
f 1030//655 1027//652 1028//653
f 1030//655 1011//641 1012//642
f 1031//656 1030//655 1032//657
f 1014//644 1030//655 1012//642
f 1033//658 1014//644 1015//645
f 1034//659 33//9 1017//647
f 1035//660 1017//647 1019//649
f 1021//40 1035//660 1019//649
f 1023//40 1036//40 1021//40
f 1025//40 1037//40 1023//40
f 1027//652 1038//40 1025//40
f 1029//654 1039//40 1027//652
f 1031//656 1040//661 1029//654
f 1042//663 1031//656 1032//657
f 1044//40 81//40 82//41
f 1034//659 82//41 58//21
f 1046//40 1043//40 1044//40
f 1035//660 1044//40 1034//659
f 1048//40 1045//40 1046//40
f 1036//40 1046//40 1035//660
f 1050//40 1047//40 1048//40
f 1037//40 1048//40 1036//40
f 1052//40 1049//40 1050//40
f 1038//40 1050//40 1037//40
f 1054//40 1051//40 1052//40
f 1039//40 1052//40 1038//40
f 1056//665 1053//40 1054//40
f 1040//661 1054//40 1039//40
f 1057//666 1056//665 1058//667
f 1041//662 1056//665 1040//661
f 1059//668 1041//662 1042//663
f 1060//40 105//40 1061//40
f 1043//40 105//40 81//40
f 1062//40 1043//40 1045//40
f 1047//40 1062//40 1045//40
f 1049//40 1063//40 1047//40
f 1051//40 1064//40 1049//40
f 1053//40 1065//40 1051//40
f 1055//664 1066//40 1053//40
f 1057//666 1067//669 1055//664
f 1069//671 1057//666 1058//667
f 1070//672 980//617 1071//673
f 1070//672 1001//632 979//616
f 1073//675 1070//672 1071//673
f 1075//677 1016//646 1076//678
f 1072//674 1016//646 1001//632
f 1077//679 1072//674 1073//675
f 1078//680 1077//679 1079//681
f 1074//676 1077//679 1073//675
f 1081//683 1033//658 1082//684
f 1075//677 1033//658 1015//645
f 1083//684 1075//677 1076//678
f 1084//684 1083//684 1085//684
f 1078//680 1083//684 1076//678
f 1086//685 1078//680 1079//681
f 1080//682 1086//685 1079//681
f 1081//683 1042//663 1032//657
f 1089//684 1081//683 1082//684
f 1084//684 1089//684 1082//684
f 1091//684 1084//684 1085//684
f 1092//684 1085//684 1086//685
f 1093//684 1092//684 1094//688
f 1087//686 1092//684 1086//685
f 1096//690 1059//668 1097//691
f 1088//687 1059//668 1042//663
f 1098//684 1088//687 1089//684
f 1099//684 1098//684 1100//684
f 1090//684 1098//684 1089//684
f 1101//684 1090//684 1091//684
f 1102//684 1101//684 1103//684
f 1093//684 1101//684 1091//684
f 1104//684 1093//684 1094//688
f 1105//684 1104//684 1106//684
f 1095//689 1104//684 1094//688
f 1108//693 1069//671 1109//694
f 1096//690 1069//671 1058//667
f 1110//684 1096//690 1097//691
f 1111//684 1110//684 1112//684
f 1099//684 1110//684 1097//691
f 1113//684 1099//684 1100//684
f 1102//684 1113//684 1100//684
f 1115//684 1102//684 1103//684
f 1105//684 1115//684 1103//684
f 1117//684 1105//684 1106//684
f 1107//692 1117//684 1106//684
f 1125//699 169//110 1119//695
f 1120//696 1125//699 1119//695
f 1121//697 1126//700 1120//696
f 1122//698 1127//701 1121//697
f 1123//40 1128//702 1122//698
f 1124//40 1129//703 1123//40
f 1133//706 170//111 1125//699
f 1126//700 1133//706 1125//699
f 1127//701 1134//707 1126//700
f 1128//702 1135//708 1127//701
f 1129//703 1136//709 1128//702
f 1140//713 1137//710 1138//711
f 1140//713 1129//703 1130//40
f 1142//715 1139//712 1140//713
f 1131//704 1140//713 1130//40
f 1144//717 1141//714 1142//715
f 1132//705 1142//715 1131//704
f 1146//719 176//117 177//118
f 1133//706 177//118 172//113
f 1134//707 1146//719 1133//706
f 1135//708 1147//720 1134//707
f 1136//709 1148//721 1135//708
f 1151//724 1137//710 1150//723
f 1151//724 1136//709 1138//711
f 1152//725 1137//710 1139//712
f 1141//714 1152//725 1139//712
f 1143//716 1153//726 1141//714
f 1155//728 176//117 1145//718
f 1156//729 1145//718 1146//719
f 1157//730 1156//729 1158//731
f 1147//720 1156//729 1146//719
f 1148//721 1158//731 1147//720
f 1160//733 1148//721 1149//722
f 1151//724 1161//734 1162//735
f 1151//724 1160//733 1149//722
f 1152//725 1161//734 1150//723
f 1164//737 1161//734 1163//736
f 1153//726 1163//736 1152//725
f 1154//727 1165//738 1153//726
f 1060//40 196//40 104//40
f 1168//40 1060//40 1061//40
f 1169//40 1168//40 1170//40
f 1062//40 1168//40 1061//40
f 1172//40 1169//40 1170//40
f 1063//40 1170//40 1062//40
f 1174//40 1171//40 1172//40
f 1064//40 1172//40 1063//40
f 1176//40 1173//40 1174//40
f 1065//40 1174//40 1064//40
f 1178//40 1175//40 1176//40
f 1066//40 1176//40 1065//40
f 1180//741 1177//40 1178//40
f 1067//669 1178//40 1066//40
f 1181//742 1180//741 1182//743
f 1068//670 1180//741 1067//669
f 1184//40 211//40 212//40
f 1184//40 196//40 1167//40
f 1186//40 1183//40 1184//40
f 1169//40 1184//40 1167//40
f 1187//40 1186//40 1188//40
f 1171//40 1186//40 1169//40
f 1189//40 1171//40 1173//40
f 1175//40 1189//40 1173//40
f 1177//40 1190//40 1175//40
f 1179//740 1191//40 1177//40
f 1181//742 1192//744 1179//740
f 1194//746 1181//742 1182//743
f 1183//40 222//156 211//40
f 1185//40 1195//747 1183//40
f 1187//40 1196//40 1185//40
f 1198//40 1187//40 1188//40
f 1199//40 1198//40 1200//40
f 1189//40 1198//40 1188//40
f 1202//40 1199//40 1200//40
f 1190//40 1200//40 1189//40
f 1204//40 1201//40 1202//40
f 1191//40 1202//40 1190//40
f 1206//749 1203//40 1204//40
f 1192//744 1204//40 1191//40
f 1208//751 1205//748 1206//749
f 1208//751 1192//744 1193//745
f 1209//752 169//110 234//168
f 1209//752 222//156 1195//747
f 1210//753 1119//695 1209//752
f 1210//753 1195//747 1196//40
f 1211//40 1120//696 1210//753
f 1211//40 1196//40 1197//40
f 1212//40 1121//697 1211//40
f 1199//40 1211//40 1197//40
f 1213//40 1122//698 1212//40
f 1201//40 1212//40 1199//40
f 1124//40 1213//40 1214//40
f 1203//40 1213//40 1201//40
f 1215//754 1203//40 1205//748
f 1207//750 1215//754 1205//748
f 1217//40 1124//40 1214//40
f 1131//704 1217//40 1218//756
f 1215//754 1217//40 1214//40
f 1219//757 1131//704 1218//756
f 1219//757 1215//754 1216//755
f 1221//759 1144//717 1222//760
f 1220//758 1144//717 1132//705
f 1221//759 1154//727 1143//716
f 1225//763 1221//759 1222//760
f 1223//761 1225//763 1222//760
f 1224//762 1166//739 1154//727
f 1225//763 1227//765 1224//762
f 1229//767 1225//763 1226//764
f 1108//693 1182//743 1068//670
f 1231//684 1108//693 1109//694
f 1111//684 1231//684 1109//694
f 1233//684 1111//684 1112//684
f 1234//684 1112//684 1113//684
f 1235//684 1234//684 1236//684
f 1114//684 1234//684 1113//684
f 1237//684 1114//684 1115//684
f 1238//684 1237//684 1239//684
f 1116//684 1237//684 1115//684
f 1240//684 1116//684 1117//684
f 1241//684 1240//684 1242//684
f 1118//684 1240//684 1117//684
f 1244//769 1194//746 1245//770
f 1230//768 1194//746 1182//743
f 1246//684 1230//768 1231//684
f 1247//684 1246//684 1248//684
f 1232//684 1246//684 1231//684
f 1249//684 1232//684 1233//684
f 1250//684 1249//684 1251//684
f 1235//684 1249//684 1233//684
f 1252//684 1235//684 1236//684
f 1253//684 1252//684 1254//684
f 1238//684 1252//684 1236//684
f 1255//684 1238//684 1239//684
f 1241//684 1255//684 1239//684
f 1257//684 1241//684 1242//684
f 1243//684 1257//684 1242//684
f 1259//771 1208//751 1260//772
f 1244//769 1208//751 1193//745
f 1261//684 1244//769 1245//770
f 1262//684 1261//684 1263//684
f 1247//684 1261//684 1245//770
f 1264//684 1247//684 1248//684
f 1250//684 1264//684 1248//684
f 1266//684 1250//684 1251//684
f 1253//684 1266//684 1251//684
f 1268//684 1253//684 1254//684
f 1269//684 1254//684 1255//684
f 1270//684 1269//684 1271//684
f 1256//684 1269//684 1255//684
f 1272//684 1256//684 1257//684
f 1273//684 1272//684 1274//684
f 1258//684 1272//684 1257//684
f 1259//771 1216//755 1207//750
f 1277//774 1259//771 1260//772
f 1262//684 1277//774 1260//772
f 1279//684 1262//684 1263//684
f 1280//684 1263//684 1264//684
f 1281//684 1280//684 1282//684
f 1265//684 1280//684 1264//684
f 1283//684 1265//684 1266//684
f 1284//684 1283//684 1285//684
f 1267//684 1283//684 1266//684
f 1286//684 1267//684 1268//684
f 1287//684 1286//684 1288//684
f 1270//684 1286//684 1268//684
f 1289//684 1270//684 1271//684
f 1290//684 1289//684 1291//684
f 1273//684 1289//684 1271//684
f 1292//684 1273//684 1274//684
f 1293//684 1292//684 1294//684
f 1275//684 1292//684 1274//684
f 1220//758 1219//757 1295//775
f 1276//773 1219//757 1216//755
f 1296//776 1276//773 1277//774
f 1297//777 1296//776 1298//684
f 1278//684 1296//776 1277//774
f 1299//684 1278//684 1279//684
f 1300//684 1299//684 1301//684
f 1281//684 1299//684 1279//684
f 1302//684 1281//684 1282//684
f 1303//684 1302//684 1304//684
f 1284//684 1302//684 1282//684
f 1305//684 1284//684 1285//684
f 1287//684 1305//684 1285//684
f 1307//779 1287//684 1288//684
f 1290//684 1307//779 1288//684
f 1309//781 1290//684 1291//684
f 1293//684 1309//781 1291//684
f 1311//783 1293//684 1294//684
f 1313//785 1220//758 1295//775
f 1223//761 1313//785 1314//786
f 1297//777 1313//785 1295//775
f 1315//787 1297//777 1298//684
f 1300//684 1315//787 1298//684
f 1317//789 1300//684 1301//684
f 1303//684 1317//789 1301//684
f 1319//791 1303//684 1304//684
f 1320//792 1304//684 1305//684
f 1321//793 1320//792 1322//794
f 1306//778 1320//792 1305//684
f 1323//795 1306//778 1307//779
f 1324//796 1323//795 1325//797
f 1308//780 1323//795 1307//779
f 1326//798 1308//780 1309//781
f 1327//799 1309//781 1310//782
f 1328//800 1310//782 1311//783
f 1312//784 1328//800 1311//783
f 1330//802 1223//761 1314//786
f 1331//803 1314//786 1315//787
f 1332//804 1331//803 1333//805
f 1316//788 1331//803 1315//787
f 1334//806 1316//788 1317//789
f 1335//807 1334//806 1336//808
f 1318//790 1334//806 1317//789
f 1337//809 1318//790 1319//791
f 1321//793 1337//809 1319//791
f 1339//811 1321//793 1322//794
f 1324//796 1339//811 1322//794
f 1341//813 1340//812 1339//811
f 1342//814 1324//796 1325//797
f 1343//815 1325//797 1326//798
f 1327//799 1343//815 1326//798
f 1328//800 1344//816 1327//799
f 1346//818 1328//800 1329//801
f 1347//819 1226//764 1330//802
f 1332//804 1347//819 1330//802
f 1349//821 1332//804 1333//805
f 1335//807 1349//821 1333//805
f 1351//823 1350//822 1349//821
f 1336//808 1351//823 1335//807
f 1337//809 1352//824 1336//808
f 1355//826 1337//809 1338//810
f 1355//826 1354//822 1353//825
f 1339//811 1355//826 1338//810
f 1340//812 1356//827 1339//811
f 1358//822 1340//812 1342//814
f 1343//815 1358//822 1342//814
f 1361//822 1343//815 1344//816
f 1361//822 1360//822 1359//822
f 1345//817 1361//822 1344//816
f 1365//830 346//248 347//249
f 1366//831 347//249 348//250
f 1369//834 1363//828 1364//829
f 1370//835 1364//829 1365//830
f 1373//838 1367//832 1368//833
f 1373//838 1369//834 1374//839
f 1375//275 1369//834 1370//835
f 1377//841 1371//836 1372//837
f 1377//841 1373//838 1378//842
f 1378//842 1374//839 1379//275
f 1380//275 1374//839 1375//275
f 1381//843 956//597 1376//840
f 1381//843 1377//841 1382//844
f 1382//844 1378//842 1383//275
f 1384//275 1378//842 1379//275
f 960//601 1381//843 1385//845
f 1385//845 1382//844 1386//846
f 1386//846 1383//275 1387//847
f 1388//275 1383//275 1384//275
f 962//603 1385//845 1389//848
f 1389//848 1386//846 1390//849
f 1390//849 1387//847 1391//850
f 1392//851 1387//847 1388//275
f 964//605 1389//848 1393//852
f 1394//853 1389//848 1390//849
f 1395//854 1390//849 1391//850
f 1397//855 378//5 379//5
f 1397//855 380//276 1398//856
f 1399//857 380//276 381//277
f 1399//857 1363//828 1398//856
f 1399//857 346//248 1364//829
f 1366//831 1400//275 1365//830
f 1366//831 382//278 1401//275
f 1402//275 382//278 383//279
f 1402//275 384//275 1403//275
f 1405//858 1396//5 1397//855
f 1406//859 1397//855 1398//856
f 1406//859 1367//832 1405//858
f 1406//859 1363//828 1368//833
f 1370//835 1400//275 1407//275
f 1408//275 1400//275 1401//275
f 1408//275 1402//275 1409//275
f 1409//275 1403//275 1410//275
f 1411//860 965//5 1404//5
f 1412//861 1404//5 1405//858
f 1412//861 1371//836 1411//860
f 1412//861 1367//832 1372//837
f 1413//275 1370//835 1407//275
f 1414//275 1407//275 1408//275
f 1414//275 1409//275 1415//275
f 1415//275 1410//275 1416//275
f 1417//862 967//5 1411//860
f 1417//862 956//597 970//5
f 1417//862 1371//836 1376//840
f 1380//275 1418//275 1379//275
f 1380//275 1413//275 1419//275
f 1420//275 1413//275 1414//275
f 1420//275 1415//275 1421//275
f 1421//275 1416//275 1422//275
f 1384//275 1418//275 1423//275
f 1424//275 1418//275 1419//275
f 1424//275 1420//275 1425//275
f 1425//275 1421//275 1426//275
f 1426//275 1422//275 1427//275
f 1428//863 1384//275 1423//275
f 1429//275 1423//275 1424//275
f 1429//275 1425//275 1430//275
f 1430//275 1426//275 1431//275
f 1431//275 1427//275 1432//275
f 1392//851 1433//864 1391//850
f 1392//851 1428//863 1434//865
f 1435//866 1428//863 1429//275
f 1435//866 1430//275 1436//867
f 1436//867 1431//275 1437//868
f 1437//868 1432//275 1438//869
f 1439//870 964//605 1393//852
f 1440//871 1393//852 1394//853
f 1395//854 1440//871 1394//853
f 1395//854 1433//864 1441//872
f 1442//873 1433//864 1434//865
f 1442//873 1435//866 1443//874
f 1443//874 1436//867 1444//875
f 1444//875 1437//868 1445//876
f 1445//876 1438//869 1446//877
f 1447//5 7//5 411//5
f 1447//5 378//5 1396//5
f 1448//5 983//5 1447//5
f 1448//5 965//5 986//5
f 1448//5 1396//5 1404//5
f 1403//275 483//275 1449//275
f 1449//275 484//275 1450//275
f 1450//275 485//336 1451//878
f 1452//879 485//336 486//337
f 1410//275 1449//275 1453//275
f 1453//275 1450//275 1454//275
f 1455//275 1450//275 1451//878
f 1416//275 1453//275 1456//275
f 1456//275 1454//275 1457//275
f 1458//275 1454//275 1455//275
f 1422//275 1456//275 1459//275
f 1459//275 1457//275 1460//275
f 1461//275 1457//275 1458//275
f 1427//275 1459//275 1462//275
f 1463//275 1459//275 1460//275
f 1432//275 1462//275 1464//275
f 1465//275 1462//275 1463//275
f 1438//869 1464//275 1466//880
f 1467//275 1464//275 1465//275
f 1468//881 1438//869 1466//880
f 1452//879 1469//882 1451//878
f 1452//879 503//354 1470//883
f 1470//883 504//355 1471//884
f 1455//275 1469//882 1473//886
f 1474//887 1469//882 1470//883
f 1474//887 1471//884 1475//888
f 1475//888 1472//885 1476//889
f 1477//275 1455//275 1473//886
f 1478//890 1473//886 1474//887
f 1479//891 1474//887 1475//888
f 1479//891 1476//889 1480//892
f 1461//275 1481//275 1460//275
f 1461//275 1477//275 1482//275
f 1483//893 1477//275 1478//890
f 1483//893 1479//891 1484//894
f 1484//894 1480//892 1485//895
f 1463//275 1481//275 1486//275
f 1487//275 1481//275 1482//275
f 1487//275 1483//893 1488//896
f 1488//896 1484//894 1489//897
f 1489//897 1485//895 1490//898
f 1492//275 1463//275 1486//275
f 1493//275 1486//275 1487//275
f 1493//275 1488//896 1494//275
f 1494//275 1489//897 1495//900
f 1496//901 1489//897 1490//898
f 1496//901 1491//899 1497//902
f 1467//275 1498//903 1466//880
f 1467//275 1492//275 1499//904
f 1500//905 1492//275 1493//275
f 1500//905 1494//275 1501//906
f 1501//906 1495//900 1502//907
f 1502//907 1496//901 1503//908
f 1503//908 1497//902 1504//909
f 1468//881 1498//903 1505//910
f 1506//911 1498//903 1499//904
f 1506//911 1500//905 1507//912
f 1507//912 1501//906 1508//913
f 1508//913 1502//907 1509//914
f 1509//914 1503//908 1510//915
f 1510//915 1504//909 1511//916
f 1512//917 504//355 522//365
f 1512//917 523//363 1513//363
f 1472//885 1512//917 1513//363
f 1514//918 1472//885 1513//363
f 1516//919 1476//889 1514//918
f 1516//919 1515//363 1517//363
f 1485//895 1516//919 1518//920
f 1519//921 1516//919 1517//363
f 1520//922 1485//895 1518//920
f 1520//922 1519//921 1521//923
f 1491//899 1520//922 1521//923
f 1523//925 1491//899 1521//923
f 1523//925 1522//924 1524//926
f 1504//909 1523//925 1525//927
f 1526//928 1523//925 1524//926
f 1511//916 1525//927 1527//929
f 1527//929 1526//928 1528//930
f 1529//363 523//363 541//363
f 1530//363 541//363 542//363
f 1531//363 1513//363 1529//363
f 1531//363 1530//363 1532//363
f 1515//363 1531//363 1532//363
f 1534//363 1515//363 1532//363
f 1534//363 1533//363 1535//363
f 1536//363 1517//363 1534//363
f 1537//363 1534//363 1535//363
f 1538//363 1519//921 1536//363
f 1538//363 1537//363 1539//363
f 1522//924 1538//363 1539//363
f 1540//931 1522//924 1539//363
f 1541//932 1524//926 1540//931
f 1542//933 1526//928 1541//932
f 1543//363 542//363 561//363
f 1544//363 561//363 562//363
f 1545//363 1530//363 1543//363
f 1545//363 1544//363 1546//363
f 1533//363 1545//363 1546//363
f 1547//363 1533//363 1546//363
f 1548//363 1535//363 1547//363
f 1549//363 1537//363 1548//363
f 1550//363 562//363 580//363
f 1551//363 1544//363 1550//363
f 1540//931 1553//935 1554//936
f 1555//937 1540//931 1554//936
f 1542//933 1555//937 1556//938
f 1552//934 1542//933 1556//938
f 1547//363 1557//363 1558//363
f 1559//939 1547//363 1558//363
f 1549//363 1559//939 1560//940
f 1553//935 1549//363 1560//940
f 1561//941 1553//935 1560//940
f 1562//942 1554//936 1561//941
f 1563//943 1555//937 1562//942
f 1550//363 595//363 1564//363
f 1551//363 1564//363 1565//363
f 1557//363 1551//363 1565//363
f 1566//363 1557//363 1565//363
f 1568//945 1558//363 1566//363
f 1568//945 1567//944 1569//946
f 1570//947 1559//939 1568//945
f 1571//948 1568//945 1569//946
f 1561//941 1570//947 1572//949
f 1572//949 1571//948 1573//950
f 1562//942 1572//949 1574//951
f 1575//952 1572//949 1573//950
f 1576//953 1562//942 1574//951
f 1577//363 595//363 599//363
f 1577//363 600//363 1578//954
f 1579//363 1564//363 1577//363
f 1580//955 1577//363 1578//954
f 1581//956 1565//363 1579//363
f 1581//956 1580//955 1582//957
f 1567//944 1581//956 1582//957
f 1584//959 1567//944 1582//957
f 1584//959 1583//958 1585//960
f 1586//961 1569//946 1584//959
f 1587//962 1571//948 1586//961
f 1575//952 1588//563 1574//951
f 1575//952 1587//962 1589//563
f 1576//953 1588//563 1590//563
f 1591//963 980//617 1439//870
f 1592//964 1439//870 1440//871
f 1593//965 1440//871 1441//872
f 1593//965 1442//873 1594//966
f 1594//966 1443//874 1595//967
f 1595//967 1444//875 1596//968
f 1596//968 1445//876 1597//969
f 1597//969 1446//877 1598//970
f 1599//971 1071//673 1591//963
f 1600//972 1591//963 1592//964
f 1601//972 1592//964 1593//965
f 1602//972 1593//965 1594//966
f 1603//972 1594//966 1595//967
f 1604//973 1595//967 1596//968
f 1597//969 1604//973 1596//968
f 1606//975 1597//969 1598//970
f 1074//676 1599//971 1607//976
f 1608//972 1599//971 1600//972
f 1609//972 1600//972 1601//972
f 1610//972 1601//972 1602//972
f 1611//972 1602//972 1603//972
f 1612//972 1603//972 1604//973
f 1613//972 1604//973 1605//974
f 1614//972 1605//974 1606//975
f 1615//977 1074//676 1607//976
f 1616//978 1607//976 1608//972
f 1617//972 1608//972 1609//972
f 1618//972 1609//972 1610//972
f 1619//972 1610//972 1611//972
f 1620//972 1611//972 1612//972
f 1621//972 1612//972 1613//972
f 1622//972 1613//972 1614//972
f 1080//682 1615//977 1623//979
f 1624//980 1615//977 1616//978
f 1625//972 1616//978 1617//972
f 1626//972 1617//972 1618//972
f 1627//972 1618//972 1619//972
f 1628//972 1619//972 1620//972
f 1629//972 1620//972 1621//972
f 1630//972 1621//972 1622//972
f 1631//981 1080//682 1623//979
f 1632//982 1623//979 1624//980
f 1633//972 1624//980 1625//972
f 1634//972 1625//972 1626//972
f 1635//972 1626//972 1627//972
f 1636//972 1627//972 1628//972
f 1637//972 1628//972 1629//972
f 1638//972 1629//972 1630//972
f 1639//983 1632//982 1640//984
f 1641//972 1632//982 1633//972
f 1642//972 1633//972 1634//972
f 1643//972 1634//972 1635//972
f 1644//972 1635//972 1636//972
f 1645//972 1636//972 1637//972
f 1646//972 1637//972 1638//972
f 1647//985 1087//686 1631//981
f 1095//689 1647//985 1648//986
f 1639//983 1647//985 1631//981
f 1649//987 1639//983 1640//984
f 1650//988 1640//984 1641//972
f 1651//972 1641//972 1642//972
f 1652//972 1642//972 1643//972
f 1653//972 1643//972 1644//972
f 1654//972 1644//972 1645//972
f 1655//972 1645//972 1646//972
f 1656//989 1649//987 1657//990
f 1658//991 1649//987 1650//988
f 1659//972 1650//988 1651//972
f 1660//972 1651//972 1652//972
f 1661//972 1652//972 1653//972
f 1662//972 1653//972 1654//972
f 1663//972 1654//972 1655//972
f 1664//992 1095//689 1648//986
f 1107//692 1664//992 1665//993
f 1656//989 1664//992 1648//986
f 1666//994 1656//989 1657//990
f 1667//995 1657//990 1658//991
f 1668//972 1658//991 1659//972
f 1669//972 1659//972 1660//972
f 1670//972 1660//972 1661//972
f 1671//972 1661//972 1662//972
f 1672//972 1662//972 1663//972
f 1673//996 1667//995 1674//997
f 1675//972 1667//995 1668//972
f 1676//972 1668//972 1669//972
f 1677//972 1669//972 1670//972
f 1678//972 1670//972 1671//972
f 1679//972 1671//972 1672//972
f 1680//998 1107//692 1665//993
f 1681//999 1665//993 1666//994
f 1682//1000 1681//999 1683//1001
f 1673//996 1681//999 1666//994
f 1684//1002 1673//996 1674//997
f 1685//1003 1674//997 1675//972
f 1686//972 1675//972 1676//972
f 1687//972 1676//972 1677//972
f 1688//972 1677//972 1678//972
f 1689//972 1678//972 1679//972
f 1690//1004 1684//1002 1691//1005
f 1692//1006 1684//1002 1685//1003
f 1693//972 1685//1003 1686//972
f 1694//972 1686//972 1687//972
f 1695//972 1687//972 1688//972
f 1696//1007 1688//972 1689//972
f 1697//1008 1446//877 1468//881
f 1697//1008 1606//975 1598//970
f 1697//1008 1505//910 1698//1009
f 1699//1010 1505//910 1506//911
f 1699//1010 1507//912 1700//1011
f 1700//1011 1508//913 1701//1012
f 1702//1013 1508//913 1509//914
f 1703//1014 1509//914 1510//915
f 1704//1015 1510//915 1511//916
f 1705//1016 1606//975 1698//1009
f 1699//1010 1706//1017 1698//1009
f 1700//1011 1707//1018 1699//1010
f 1709//1020 1700//1011 1701//1012
f 1710//1021 1701//1012 1702//1013
f 1711//1022 1702//1013 1703//1014
f 1704//1015 1711//1022 1703//1014
f 1704//1015 1527//929 1712//1023
f 1713//1024 1527//929 1528//930
f 1705//1016 1622//972 1614//972
f 1705//1016 1706//1017 1714//972
f 1715//972 1706//1017 1707//1018
f 1716//1025 1707//1018 1708//1019
f 1717//1026 1708//1019 1709//1020
f 1718//1027 1709//1020 1710//1021
f 1719//1028 1710//1021 1711//1022
f 1720//1029 1711//1022 1712//1023
f 1721//1030 1712//1023 1713//1024
f 1722//972 1622//972 1714//972
f 1715//972 1724//972 1714//972
f 1726//972 1715//972 1716//1025
f 1727//972 1716//1025 1717//1026
f 1728//1032 1717//1026 1718//1027
f 1719//1028 1728//1032 1718//1027
f 1720//1029 1729//1033 1719//1028
f 1721//1030 1730//1034 1720//1029
f 1721//1030 1723//1031 1731//1035
f 1722//972 1638//972 1630//972
f 1722//972 1724//972 1732//972
f 1733//972 1724//972 1725//972
f 1734//972 1725//972 1726//972
f 1735//972 1726//972 1727//972
f 1736//1036 1727//972 1728//1032
f 1737//1037 1728//1032 1729//1033
f 1738//1038 1729//1033 1730//1034
f 1739//972 1638//972 1732//972
f 1740//972 1732//972 1733//972
f 1731//1035 1742//1040 1730//1034
f 1731//1035 1741//1039 1743//1041
f 1734//972 1744//972 1733//972
f 1746//1043 1734//972 1735//972
f 1736//1036 1746//1043 1735//972
f 1737//1037 1747//1044 1736//1036
f 1738//1038 1748//1045 1737//1037
f 1738//1038 1742//1040 1749//1046
f 1750//972 1646//972 1739//972
f 1740//972 1750//972 1739//972
f 1740//972 1744//972 1751//972
f 1752//1047 1744//972 1745//1042
f 1753//1048 1745//1042 1746//1043
f 1754//1049 1746//1043 1747//1044
f 1755//1050 1747//1044 1748//1045
f 1756//972 1655//972 1750//972
f 1757//972 1750//972 1751//972
f 1743//1041 1758//1051 1742//1040
f 1749//1046 1760//1053 1748//1045
f 1749//1046 1758//1051 1761//1054
f 1762//1055 1758//1051 1759//1052
f 1752//1047 1763//1056 1751//972
f 1753//1048 1764//1057 1752//1047
f 1754//1049 1765//1058 1753//1048
f 1767//1060 1754//1049 1755//1050
f 1755//1050 1760//1053 1767//1060
f 1768//972 1663//972 1756//972
f 1757//972 1768//972 1756//972
f 1757//972 1763//1056 1769//1061
f 1770//1062 1763//1056 1764//1057
f 1770//1062 1765//1058 1771//1063
f 1772//1064 1765//1058 1766//1059
f 1773//972 1672//972 1768//972
f 1774//1065 1768//972 1769//1061
f 1761//1054 1776//1054 1760//1053
f 1762//1055 1777//1054 1761//1054
f 1762//1055 1775//1066 1778//1067
f 1767//1060 1779//1068 1766//1059
f 1767//1060 1776//1054 1780//1054
f 1781//1054 1776//1054 1777//1054
f 1770//1062 1782//1069 1769//1061
f 1771//1063 1783//1070 1770//1062
f 1772//1064 1784//1071 1771//1063
f 1772//1064 1779//1068 1785//1072
f 1786//1073 1679//972 1773//972
f 1774//1065 1786//1073 1773//972
f 1774//1065 1782//1069 1787//1074
f 1788//1075 1782//1069 1783//1070
f 1789//1076 1689//972 1786//1073
f 1790//1077 1786//1073 1787//1074
f 1713//1024 1552//934 1791//1078
f 1791//1078 1723//1031 1713//1024
f 1792//1079 1552//934 1556//938
f 1792//1079 1741//1039 1723//1031
f 1792//1079 1563//943 1793//1080
f 1794//1081 1741//1039 1793//1080
f 1795//1082 1563//943 1576//953
f 1794//1081 1759//1052 1743//1041
f 1794//1081 1795//1082 1796//1083
f 1797//1084 1576//953 1590//563
f 1796//1083 1775//1066 1759//1052
f 1796//1083 1797//1084 1798//1085
f 1799//1086 600//363 850//363
f 1799//1086 851//506 1800//1087
f 1801//1088 1578//954 1799//1086
f 1802//1089 1799//1086 1800//1087
f 1803//1090 1580//955 1801//1088
f 1803//1090 1802//1089 1804//1091
f 1583//958 1803//1090 1804//1091
f 1585//960 1805//1092 1584//959
f 1806//1093 1583//958 1804//1091
f 1586//961 1805//1092 1807//1094
f 1808//1095 1586//961 1807//1094
f 1589//563 1809//563 1588//563
f 1589//563 1808//1095 1810//563
f 1590//563 1809//563 1811//563
f 1812//563 1809//563 1810//563
f 1813//1096 851//506 864//514
f 1814//1097 1800//1087 1813//1096
f 1815//1098 1802//1089 1814//1097
f 1806//1093 1816//563 1805//1092
f 1806//1093 1815//1098 1817//563
f 1807//1094 1816//563 1818//563
f 1819//563 1816//563 1817//563
f 1820//563 1807//1094 1818//563
f 1821//563 1808//1095 1820//563
f 1812//563 1822//563 1811//563
f 1812//563 1821//563 1823//563
f 1813//1096 877//525 1824//1099
f 1824//1099 878//526 1825//1100
f 1814//1097 1824//1099 1826//1101
f 1827//1102 1824//1099 1825//1100
f 1828//1103 1814//1097 1826//1101
f 1829//563 1815//1098 1828//1103
f 1819//563 1830//563 1818//563
f 1819//563 1829//563 1831//563
f 1820//563 1830//563 1832//563
f 1833//563 1830//563 1831//563
f 1834//563 1820//563 1832//563
f 1835//563 1821//563 1834//563
f 1836//1104 878//526 893//539
f 1827//1102 1837//563 1826//1101
f 1827//1102 1836//1104 1838//563
f 1828//1103 1837//563 1839//563
f 1840//563 1837//563 1838//563
f 1841//563 1828//1103 1839//563
f 1842//563 1829//563 1841//563
f 1833//563 1843//563 1832//563
f 1833//563 1842//563 1844//563
f 1834//563 1843//563 1845//563
f 1846//563 1834//563 1845//563
f 1847//1105 893//539 909//552
f 1838//563 1847//1105 1848//563
f 1840//563 1849//563 1839//563
f 1840//563 1848//563 1850//563
f 1841//563 1849//563 1851//563
f 1852//563 1841//563 1851//563
f 1844//563 1853//563 1843//563
f 1844//563 1852//563 1854//563
f 1845//563 1853//563 1855//563
f 1856//563 1853//563 1854//563
f 1857//563 1845//563 1855//563
f 1847//1105 923//563 1858//563
f 1859//563 1847//1105 1858//563
f 1850//563 1860//563 1849//563
f 1850//563 1859//563 1861//563
f 1851//563 1860//563 1862//563
f 1863//563 1860//563 1861//563
f 1864//563 1851//563 1862//563
f 1865//563 1852//563 1864//563
f 1856//563 1866//563 1855//563
f 1856//563 1865//563 1867//563
f 1857//563 1866//563 1868//563
f 1869//563 1866//563 1867//563
f 1858//563 937//578 1870//1106
f 1871//1107 937//578 938//579
f 1872//1108 1858//563 1870//1106
f 1873//563 1859//563 1872//1108
f 1863//563 1874//563 1862//563
f 1863//563 1873//563 1875//563
f 1864//563 1874//563 1876//563
f 1877//563 1864//563 1876//563
f 1867//563 1877//563 1878//563
f 1869//563 1879//563 1868//563
f 1869//563 1878//563 1880//563
f 1882//1110 954//595 1881//1109
f 1882//1110 1870//1106 1871//1107
f 1871//1107 955//596 1882//1110
f 1883//1111 1870//1106 1881//1109
f 1884//1112 1872//1108 1883//1111
f 1875//563 1885//563 1874//563
f 1875//563 1884//1112 1886//1113
f 1876//563 1885//563 1887//563
f 1888//1114 1885//563 1886//1113
f 1877//563 1887//563 1889//563
f 1890//563 1877//563 1889//563
f 1880//563 1891//563 1879//563
f 1880//563 1890//563 1892//563
f 1893//684 1118//684 1680//998
f 1243//684 1893//684 1894//684
f 1682//1000 1893//684 1680//998
f 1895//1115 1682//1000 1683//1001
f 1896//1116 1895//1115 1897//1117
f 1690//1004 1895//1115 1683//1001
f 1898//1118 1690//1004 1691//1005
f 1899//1119 1691//1005 1692//1006
f 1900//972 1692//1006 1693//972
f 1901//972 1693//972 1694//972
f 1902//1120 1694//972 1695//972
f 1903//1121 1695//972 1696//1007
f 1904//1122 1899//1119 1905//1123
f 1906//972 1899//1119 1900//972
f 1907//972 1900//972 1901//972
f 1908//1124 1901//972 1902//1120
f 1909//1125 1902//1120 1903//1121
f 1910//684 1243//684 1894//684
f 1896//1116 1910//684 1894//684
f 1912//1126 1896//1116 1897//1117
f 1913//1127 1897//1117 1898//1118
f 1914//1128 1913//1127 1915//1129
f 1904//1122 1913//1127 1898//1118
f 1916//1130 1904//1122 1905//1123
f 1917//1131 1905//1123 1906//972
f 1918//1132 1906//972 1907//972
f 1908//1124 1918//1132 1907//972
f 1920//1134 1908//1124 1909//1125
f 1921//684 1258//684 1910//684
f 1275//684 1921//684 1922//684
f 1911//684 1921//684 1910//684
f 1923//684 1911//684 1912//1126
f 1924//684 1923//684 1925//684
f 1914//1128 1923//684 1912//1126
f 1926//1135 1914//1128 1915//1129
f 1928//684 1275//684 1922//684
f 1924//684 1928//684 1922//684
f 1930//1138 1924//684 1925//684
f 1932//1139 1294//684 1928//684
f 1312//784 1932//1139 1933//1140
f 1929//1137 1932//1139 1928//684
f 1934//1141 1929//1137 1930//1138
f 1936//1142 1312//784 1933//1140
f 1346//818 1938//822 1345//817
f 1936//1142 1346//818 1329//801
f 1937//1143 1939//1144 1936//1142
f 1938//822 1362//822 1345//817
f 1942//822 1938//822 1939//1144
f 1940//822 1942//822 1939//1144
f 1778//1067 1947//1054 1777//1054
f 1778//1067 1946//1146 1948//1147
f 1950//1054 1779//1068 1780//1054
f 1781//1054 1950//1054 1780//1054
f 1781//1054 1947//1054 1951//1054
f 1784//1071 1952//1148 1783//1070
f 1785//1072 1953//1054 1784//1071
f 1954//1054 1779//1068 1949//1054
f 1788//1075 1955//1149 1787//1074
f 1788//1075 1952//1148 1956//1150
f 1957//1054 1952//1148 1953//1054
f 1789//1076 1903//1121 1696//1007
f 1959//1152 1789//1076 1790//1077
f 1790//1077 1955//1149 1959//1152
f 1960//1153 1903//1121 1958//1151
f 1962//1154 1947//1054 1948//1147
f 1950//1054 1963//1054 1949//1054
f 1951//1054 1964//1054 1950//1054
f 1965//1054 1947//1054 1961//1054
f 1954//1054 1966//1054 1953//1054
f 1954//1054 1963//1054 1967//1054
f 1968//1054 1963//1054 1964//1054
f 1956//1150 1969//1155 1955//1149
f 1957//1054 1970//1054 1956//1150
f 1957//1054 1966//1054 1971//1054
f 1959//1152 1972//1156 1958//1151
f 1959//1152 1969//1155 1973//1157
f 1974//1054 1969//1155 1970//1054
f 1975//1158 1909//1125 1960//1153
f 1960//1153 1972//1156 1975//1158
f 1962//1154 1976//1054 1961//1054
f 1965//1054 1978//1054 1964//1054
f 1965//1054 1976//1054 1979//1054
f 1980//1054 1976//1054 1977//1159
f 1967//1054 1981//1054 1966//1054
f 1968//1054 1982//1054 1967//1054
f 1968//1054 1978//1054 1983//1054
f 1971//1054 1984//1054 1970//1054
f 1971//1054 1981//1054 1985//1054
f 1986//1054 1981//1054 1982//1054
f 1973//1157 1987//1160 1972//1156
f 1974//1054 1988//1054 1973//1157
f 1974//1054 1984//1054 1989//1054
f 1975//1158 1927//1136 1920//1134
f 1975//1158 1987//1160 1990//1161
f 1991//1054 1987//1160 1988//1054
f 1979//1054 1993//1054 1978//1054
f 1980//1054 1994//1054 1979//1054
f 1980//1054 1992//1162 1995//1054
f 1983//1054 1996//1054 1982//1054
f 1983//1054 1993//1054 1997//1054
f 1998//1054 1993//1054 1994//1054
f 2000//1054 1984//1054 1985//1054
f 1986//1054 2000//1054 1985//1054
f 1986//1054 1996//1054 2001//1054
f 1989//1054 2002//1054 1988//1054
f 2003//1054 1984//1054 1999//1054
f 1990//1161 1931//1054 1927//1136
f 1991//1054 2004//1054 1990//1161
f 1991//1054 2002//1054 2005//1054
f 1995//1054 2007//1054 1994//1054
f 1995//1054 2006//1163 2008//1054
f 2010//1054 1996//1054 1997//1054
f 1998//1054 2010//1054 1997//1054
f 1998//1054 2007//1054 2011//1054
f 2000//1054 2012//1054 1999//1054
f 2001//1054 2013//1054 2000//1054
f 2014//1054 1996//1054 2009//1054
f 2003//1054 2015//1054 2002//1054
f 2003//1054 2012//1054 2016//1054
f 2017//1054 2012//1054 2013//1054
f 2004//1054 1935//1054 1931//1054
f 2019//1054 2004//1054 2005//1054
f 2019//1054 2002//1054 2015//1054
f 2021//1054 2007//1054 2008//1054
f 2010//1054 2022//1054 2009//1054
f 2011//1054 2023//1054 2010//1054
f 2024//1054 2007//1054 2020//1054
f 2014//1054 2025//1054 2013//1054
f 2014//1054 2022//1054 2026//1054
f 2027//1054 2022//1054 2023//1054
f 2016//1054 2028//1054 2015//1054
f 2017//1054 2029//1054 2016//1054
f 2017//1054 2025//1054 2030//1054
f 2019//1054 2031//1054 2018//1054
f 2019//1054 2028//1054 2032//1054
f 2033//1054 2028//1054 2029//1054
f 2021//1054 2034//1054 2020//1054
f 2024//1054 2036//1054 2023//1054
f 2024//1054 2034//1054 2037//1054
f 2038//1054 2034//1054 2035//1054
f 2026//1054 2039//1054 2025//1054
f 2027//1054 2040//1054 2026//1054
f 2027//1054 2036//1054 2041//1054
f 2030//1054 2042//1164 2029//1054
f 2030//1054 2039//1054 2043//1054
f 2044//1054 2039//1054 2040//1054
f 2032//1054 2045//1165 2031//1054
f 2033//1054 2046//1166 2032//1054
f 2033//1054 2042//1164 2047//1167
f 2037//1054 2049//1054 2036//1054
f 2038//1054 2050//1054 2037//1054
f 2038//1054 2048//1054 2051//1054
f 2041//1054 2052//1168 2040//1054
f 2041//1054 2049//1054 2053//1054
f 2054//1054 2049//1054 2050//1054
f 2056//1170 2042//1164 2043//1054
f 2044//1054 2056//1170 2043//1054
f 2044//1054 2052//1168 2057//1171
f 2047//1167 2059//1173 2046//1166
f 2060//1174 2042//1164 2055//1169
f 2061//1175 1590//563 1811//563
f 1798//1085 1946//1146 1775//1066
f 1798//1085 2061//1175 2062//1176
f 2063//1177 1946//1146 2062//1176
f 2061//1175 1822//563 2064//1178
f 2065//563 1822//563 1823//563
f 2066//1179 2061//1175 2064//1178
f 2063//1177 1962//1154 1948//1147
f 2063//1177 2066//1179 2067//1180
f 2065//563 2068//1181 2064//1178
f 2065//563 1835//563 2069//563
f 2066//1179 2068//1181 2070//1182
f 2071//1183 1962//1154 2067//1180
f 2071//1183 2066//1179 2070//1182
f 2069//563 2072//1184 2068//1181
f 2069//563 1846//563 2073//563
f 2070//1182 2072//1184 2074//1185
f 2075//1186 2072//1184 2073//563
f 2071//1183 1992//1162 1977//1159
f 2076//1187 2070//1182 2074//1185
f 2077//563 1846//563 1857//563
f 2075//1186 2078//1188 2074//1185
f 2075//1186 2077//563 2079//1189
f 2076//1187 2006//1163 1992//1162
f 2076//1187 2078//1188 2080//1190
f 2081//1191 2078//1188 2079//1189
f 2082//1192 2006//1163 2080//1190
f 2083//563 1857//563 1868//563
f 2084//1193 2077//563 2083//563
f 2081//1191 2085//1194 2080//1190
f 2081//1191 2084//1193 2086//1195
f 2082//1192 2021//1054 2008//1054
f 2082//1192 2085//1194 2087//1196
f 2083//563 1879//563 2088//563
f 2089//1197 2083//563 2088//563
f 2091//1199 2085//1194 2086//1195
f 2086//1195 2089//1197 2091//1199
f 2092//1200 2021//1054 2087//1196
f 2092//1200 2085//1194 2090//1198
f 2088//563 1891//563 2093//563
f 2094//563 1891//563 1892//563
f 2095//1201 2088//563 2093//563
f 2091//1199 2096//1202 2090//1198
f 2091//1199 2095//1201 2097//1203
f 2092//1200 2048//1054 2035//1054
f 2092//1200 2096//1202 2098//1204
f 2099//1205 2096//1202 2097//1203
f 2100//1206 1916//1130 2101//1207
f 2101//1207 1917//1131 2102//1208
f 2103//1209 1917//1131 1918//1132
f 2103//1209 1919//1133 2104//1210
f 2105//1211 1919//1133 1920//1134
f 2106//1212 1926//1135 2107//1213
f 2100//1206 1926//1135 1915//1129
f 2108//1214 2100//1206 2101//1207
f 2109//1215 2101//1207 2102//1208
f 2103//1209 2109//1215 2102//1208
f 2111//1217 2103//1209 2104//1210
f 2105//1211 2111//1217 2104//1210
f 2105//1211 1927//1136 2112//1218
f 2113//1219 2109//1215 2114//1220
f 2115//1221 2109//1215 2110//1216
f 2106//1212 1930//1138 1925//684
f 2117//1223 2106//1212 2107//1213
f 2118//1224 2107//1213 2108//1214
f 2111//1217 2119//1225 2110//1216
f 2121//1227 2111//1217 2112//1218
f 2121//1227 1927//1136 1931//1054
f 2122//1228 2118//1224 2123//1229
f 2113//1219 2118//1224 2108//1214
f 2124//1230 2113//1219 2114//1220
f 2115//1221 2124//1230 2114//1220
f 2115//1221 2119//1225 2125//1231
f 2126//1232 2119//1225 2120//1226
f 2127//1233 2124//1230 2128//1234
f 2129//1235 1934//1141 2130//1236
f 2116//1222 1934//1141 1930//1138
f 2131//1237 2116//1222 2117//1223
f 2121//1227 2132//1238 2120//1226
f 2121//1227 1935//1054 2133//1239
f 2122//1228 2131//1237 2117//1223
f 2135//1241 2122//1228 2123//1229
f 2137//1243 2124//1230 2125//1231
f 2126//1232 2137//1243 2125//1231
f 2126//1232 2132//1238 2138//1244
f 2127//1233 2135//1241 2123//1229
f 2128//1234 2139//1245 2127//1233
f 2128//1234 2136//1242 2140//1246
f 2129//1235 1936//1142 1933//1140
f 2141//1247 1937//1143 1936//1142
f 2142//1248 2129//1235 2130//1236
f 2131//1237 2142//1248 2130//1236
f 2145//1251 2132//1238 2133//1239
f 2134//1240 2143//1249 2131//1237
f 2135//1241 2146//1252 2134//1240
f 2149//1255 2136//1242 2137//1243
f 2138//1244 2149//1255 2137//1243
f 2150//1256 2132//1238 2144//1250
f 2151//1257 2135//1241 2139//1245
f 2151//1257 2148//1254 2147//1253
f 2152//1258 2139//1245 2140//1246
f 2152//1258 2136//1242 2148//1254
f 2153//822 1937//1143 2142//1248
f 2143//1249 2153//822 2142//1248
f 2159//1263 2144//1250 2145//1251
f 2160//1264 2143//1249 2146//1252
f 2160//1264 2155//1260 2154//1259
f 2147//1253 2160//1264 2146//1252
f 2148//1254 2161//1265 2147//1253
f 2163//1267 2156//1261 2162//1266
f 2149//1255 2162//1266 2148//1254
f 2164//1268 2157//1261 2163//1267
f 2164//1268 2149//1255 2150//1256
f 2164//1268 2144//1250 2158//1262
f 2165//822 1940//822 2153//822
f 2165//822 1944//822 1943//822
f 2154//1259 2165//822 2153//822
f 2155//1260 2166//1269 2154//1259
f 2169//1261 2156//1261 2157//1261
f 2170//1272 2157//1261 2158//1262
f 2159//1263 2170//1272 2158//1262
f 2172//1274 2155//1260 2161//1265
f 2172//1274 2168//1271 2167//1270
f 2162//1266 2172//1274 2161//1265
f 2173//1275 2156//1261 2168//1271
f 2174//1276 1935//1054 2018//1054
f 2174//1276 2145//1251 2133//1239
f 2174//1276 2031//1054 2175//1277
f 2175//1277 2159//1263 2145//1251
f 2175//1277 2045//1165 2176//1278
f 2177//1279 2045//1165 2046//1166
f 2178//1280 1945//1145 2171//1273
f 2178//1280 2159//1263 2176//1278
f 2179//1281 2058//1172 2178//1280
f 2177//1279 2178//1280 2176//1278
f 2177//1279 2059//1173 2179//1281
f 164//94 2181//94 2182//94
f 164//94 2180//94 161//94
f 167//108 2183//1282 2184//1283
f 168//109 2184//1283 2185//1284
f 168//109 2181//94 163//105
f 2182//94 2186//94 2187//94
f 2185//1284 2188//1285 2189//1286
f 2185//1284 2186//94 2181//94
f 2190//94 2186//94 2189//1286
f 2193//1288 2188//1285 2192//1287
f 2190//94 2193//1288 2194//94
f 2190//94 2191//94 2187//94
f 2193//1288 2196//1289 2197//94
f 2198//94 2193//1288 2197//94
f 2198//94 2191//94 2194//94
f 2198//94 2200//94 2201//94
f 2198//94 2199//94 2195//94
f 2201//94 2202//94 2203//1290
f 2207//1294 180//121 2206//1293
f 181//122 2205//1292 179//120
f 2208//1295 180//121 182//123
f 2207//1294 2210//1297 2211//1298
f 2207//1294 2209//1296 2205//1292
f 2208//1295 2210//1297 2206//1293
f 2213//1300 2210//1297 2212//1299
f 2215//1302 2209//1296 2211//1298
f 2213//1300 2215//1302 2211//1298
f 269//203 2217//1304 2218//1305
f 270//204 2218//1305 2219//1306
f 270//204 2183//1282 166//107
f 2220//1307 2183//1282 2219//1306
f 272//206 2217//1304 268//202
f 2222//1309 2217//1304 2221//1308
f 274//208 2223//1310 2224//1311
f 274//208 2221//1308 272//206
f 276//210 2225//1312 2226//1313
f 276//210 2223//1310 273//207
f 277//211 2225//1312 275//209
f 2228//1315 2225//1312 2227//1314
f 278//212 2205//1292 2229//1316
f 278//212 2227//1314 277//211
f 2219//1306 2230//1317 2231//1318
f 2220//1307 2231//1318 2232//1319
f 2220//1307 2188//1285 2184//1283
f 2222//1309 2233//1320 2234//1321
f 2222//1309 2230//1317 2218//1305
f 2224//1311 2235//1322 2236//1323
f 2224//1311 2233//1320 2221//1308
f 2226//1313 2235//1322 2223//1310
f 2238//1325 2235//1322 2237//1324
f 2228//1315 2239//1326 2240//1327
f 2240//1327 2226//1313 2228//1315
f 2241//1328 2205//1292 2209//1296
f 2229//1316 2239//1326 2227//1314
f 2231//1318 2242//1329 2243//1330
f 2244//1331 2231//1318 2243//1330
f 2244//1331 2188//1285 2232//1319
f 2234//1321 2245//1332 2246//1333
f 2234//1321 2242//1329 2230//1317
f 2247//1334 2242//1329 2246//1333
f 2236//1323 2245//1332 2233//1320
f 2238//1325 2249//1336 2250//1337
f 2238//1325 2248//1335 2236//1323
f 2252//1339 2239//1326 2251//1338
f 2240//1327 2249//1336 2237//1324
f 2241//1328 2214//1301 2253//1340
f 2241//1328 2251//1338 2239//1326
f 2254//1341 2214//1301 2215//1302
f 2216//1303 2254//1341 2215//1302
f 2244//1331 2256//1343 2257//1344
f 2244//1331 2196//1289 2192//1287
f 2258//94 2196//1289 2257//1344
f 2246//1333 2259//1345 2260//1346
f 2247//1334 2260//1346 2261//1347
f 2247//1334 2256//1343 2243//1330
f 2248//1335 2259//1345 2245//1332
f 2263//1349 2259//1345 2262//1348
f 2265//1351 2249//1336 2264//1350
f 2265//1351 2248//1335 2250//1337
f 2252//1339 2266//1352 2267//1353
f 2252//1339 2264//1350 2249//1336
f 2268//1354 2251//1338 2253//1340
f 2269//1355 2266//1352 2268//1354
f 2254//1341 2268//1354 2253//1340
f 2270//1356 2269//1355 2268//1354
f 2255//1342 2270//1356 2254//1341
f 2273//1359 2270//1356 2272//1358
f 2257//1344 2274//1360 2275//1361
f 2258//94 2275//1361 2276//94
f 2258//94 2200//94 2197//94
f 2261//1347 2277//1362 2278//1363
f 2261//1347 2274//1360 2256//1343
f 2279//1364 2274//1360 2278//1363
f 2263//1349 2280//1365 2281//1366
f 2263//1349 2277//1362 2260//1346
f 2265//1351 2282//1367 2283//1368
f 2265//1351 2280//1365 2262//1348
f 2267//1353 2282//1367 2264//1350
f 2285//1370 2282//1367 2284//1369
f 2286//1371 2267//1353 2269//1355
f 2271//1357 2286//1371 2269//1355
f 2273//1359 2288//1373 2289//1374
f 2273//1359 2287//1372 2271//1357
f 2276//94 2290//94 2291//94
f 2276//94 2202//94 2200//94
f 2292//1375 2202//94 2291//94
f 2294//1377 2277//1362 2293//1376
f 2279//1364 2294//1377 2295//94
f 2279//1364 2290//94 2275//1361
f 2297//1379 2280//1365 2296//1378
f 2297//1379 2277//1362 2281//1366
f 2298//1380 2280//1365 2283//1368
f 2285//1370 2299//1381 2300//1382
f 2285//1370 2298//1380 2283//1368
f 2286//1371 2299//1381 2284//1369
f 2302//1384 2299//1381 2301//1383
f 2287//1372 2301//1383 2286//1371
f 2304//1386 2301//1383 2303//1385
f 2305//1387 2287//1372 2289//1374
f 2307//1388 2290//94 2306//94
f 2292//1375 2307//1388 2308//1389
f 2292//1375 2204//1291 2203//1290
f 2294//1377 2309//1390 2310//1391
f 2295//94 2310//1391 2311//1392
f 2311//1392 2290//94 2295//94
f 2297//1379 2312//1393 2313//1394
f 2297//1379 2309//1390 2293//1376
f 2314//1395 2309//1390 2313//1394
f 2298//1380 2312//1393 2296//1378
f 2316//1397 2312//1393 2315//1396
f 2317//1398 2298//1380 2300//1382
f 2302//1384 2317//1398 2300//1382
f 2304//1386 2319//1400 2320//1401
f 2304//1386 2318//1399 2302//1384
f 2305//1387 2319//1400 2303//1385
f 2307//1388 2323//1404 2324//1405
f 2308//1389 2324//1405 2325//1406
f 2311//1392 2326//1407 2327//1408
f 2311//1392 2323//1404 2306//94
f 2328//1409 2323//1404 2327//1408
f 2328//1409 2325//1406 2324//1405
f 2314//1395 2330//1411 2331//1412
f 2314//1395 2326//1407 2310//1391
f 2316//1397 2332//1413 2333//1414
f 2316//1397 2330//1411 2313//1394
f 2317//1398 2332//1413 2315//1396
f 2335//1416 2317//1398 2318//1399
f 2320//1401 2336//1417 2337//1418
f 2320//1401 2335//1416 2318//1399
f 2338//1419 2319//1400 2321//1402
f 2338//1419 2337//1418 2336//1417
f 2322//1403 2338//1419 2321//1402
f 2342//1423 2326//1407 2341//1422
f 2328//1409 2342//1423 2343//1424
f 2329//1410 2343//1424 2344//1425
f 2331//1412 2345//1426 2346//1427
f 2331//1412 2341//1422 2326//1407
f 2347//1428 2341//1422 2346//1427
f 2347//1428 2343//1424 2342//1423
f 2349//1430 2343//1424 2348//1429
f 2333//1414 2350//1431 2351//1432
f 2333//1414 2345//1426 2330//1411
f 2334//1415 2350//1431 2332//1413
f 2353//1434 2350//1431 2352//1433
f 2354//1435 2334//1415 2335//1416
f 2354//1435 2353//1434 2352//1433
f 2356//1437 2335//1416 2337//1418
f 2357//1438 2354//1435 2356//1437
f 2358//1439 2337//1418 2339//1420
f 2358//1439 2357//1438 2356//1437
f 2340//1421 2358//1439 2339//1420
f 2361//1442 2345//1426 2360//1441
f 2347//1428 2361//1442 2362//1443
f 2348//1429 2362//1443 2363//1444
f 2364//1445 2348//1429 2363//1444
f 2351//1432 2360//1441 2345//1426
f 2366//1447 2360//1441 2365//1446
f 2367//1448 2361//1442 2366//1447
f 2368//1449 2362//1443 2367//1448
f 2369//1450 2363//1444 2368//1449
f 2353//1434 2365//1446 2351//1432
f 2355//1436 2370//1451 2353//1434
f 2373//1454 2355//1436 2357//1438
f 2373//1454 2372//1453 2371//1452
f 2375//1440 2357//1438 2359//1440
f 2376//1456 2373//1454 2375//1440
f 2366//1447 2377//1457 2378//1458
f 2379//1459 2366//1447 2378//1458
f 2380//1460 2367//1448 2379//1459
f 2369//1450 2380//1460 2381//1461
f 2370//1451 2377//1457 2365//1446
f 2383//1463 2377//1457 2382//1462
f 2384//1464 2378//1458 2383//1463
f 2384//1464 2380//1460 2379//1459
f 2385//1465 2381//1461 2380//1460
f 2387//1467 2370//1451 2371//1452
f 2387//1467 2383//1463 2382//1462
f 2372//1453 2387//1467 2371//1452
f 2388//1468 2384//1464 2383//1463
f 2389//1469 2385//1465 2384//1464
f 2390//1470 2386//1466 2385//1465
f 2392//1472 2372//1453 2374//1455
f 2392//1472 2389//1469 2388//1468
f 2393//1473 2390//1470 2389//1469
f 2394//1474 2391//1471 2390//1470
f 2376//1456 2392//1472 2374//1455
f 2396//1476 2393//1473 2392//1472
f 2397//1477 2394//1474 2393//1473
f 2398//1478 2395//1475 2394//1474
f 2404//1482 696//441 2403//1481
f 698//443 2404//1482 2405//1483
f 2405//1483 2402//1480 2406//1484
f 2406//1484 698//443 2405//1483
f 2408//1486 701//446 2407//1485
f 2408//1486 696//441 702//447
f 706//451 2409//94 2410//94
f 707//452 2410//94 2411//94
f 707//452 2407//1485 701//446
f 708//94 2180//94 2412//94
f 2413//94 708//94 2412//94
f 2413//94 705//450 709//94
f 2414//94 2180//94 2182//94
f 2402//1480 2415//1487 2416//1488
f 2404//1482 2417//1489 2418//1490
f 2419//1491 2404//1482 2418//1490
f 2405//1483 2415//1487 2401//1479
f 2419//1491 2416//1488 2415//1487
f 2406//1484 2416//1488 2420//1492
f 2408//1486 2421//94 2422//1493
f 2408//1486 2417//1489 2403//1481
f 2423//1494 2417//1489 2422//1493
f 2410//94 2424//94 2425//94
f 2426//94 2410//94 2425//94
f 2426//94 2407//1485 2411//94
f 2413//94 2427//94 2428//94
f 2413//94 2424//94 2409//94
f 2429//94 2424//94 2428//94
f 2414//94 2187//94 2430//94
f 2414//94 2427//94 2412//94
f 2419//1491 2431//1495 2432//1496
f 2420//1492 2432//1496 2433//1497
f 2422//1493 2434//1498 2435//1499
f 2423//1494 2435//1499 2436//1500
f 2423//1494 2431//1495 2418//1490
f 2437//1501 2431//1495 2436//1500
f 2438//1502 2432//1496 2437//1501
f 2426//94 2439//94 2440//1503
f 2426//94 2434//1498 2421//94
f 2441//1504 2434//1498 2440//1503
f 2428//94 2442//94 2443//94
f 2429//94 2443//94 2444//94
f 2429//94 2439//94 2425//94
f 2430//94 2191//94 2445//94
f 2430//94 2442//94 2427//94
f 2446//94 2442//94 2445//94
f 2436//1500 2447//1505 2448//1506
f 2437//1501 2448//1506 2449//1507
f 2450//1508 2437//1501 2449//1507
f 2440//1503 2451//1509 2452//1510
f 2441//1504 2452//1510 2453//1511
f 2441//1504 2447//1505 2435//1499
f 2454//1512 2447//1505 2453//1511
f 2455//1513 2448//1506 2454//1512
f 2456//1514 2449//1507 2455//1513
f 2444//94 2457//1515 2458//1516
f 2444//94 2451//1509 2439//94
f 2459//1517 2451//1509 2458//1516
f 2445//94 2195//94 2460//1518
f 2446//94 2460//1518 2461//1519
f 2446//94 2457//1515 2443//94
f 2453//1511 2462//1520 2463//1521
f 2454//1512 2463//1521 2464//1522
f 2465//1522 2454//1512 2464//1522
f 2466//1523 2455//1513 2465//1522
f 2458//1516 2467//1524 2468//1525
f 2459//1517 2468//1525 2469//1526
f 2459//1517 2462//1520 2452//1510
f 2470//1527 2462//1520 2469//1526
f 2471//1522 2463//1521 2470//1527
f 2472//1522 2464//1522 2471//1522
f 2473//1528 2465//1522 2472//1522
f 2460//1518 2199//94 2474//1529
f 2475//1530 2460//1518 2474//1529
f 2475//1530 2457//1515 2461//1519
f 2476//1531 2199//94 2201//94
f 2468//1525 2477//1532 2478//1533
f 2479//1534 2468//1525 2478//1533
f 2470//1527 2479//1534 2480//1522
f 2481//1522 2470//1527 2480//1522
f 2482//1522 2471//1522 2481//1522
f 2483//1535 2472//1522 2482//1522
f 2475//1530 2484//1536 2485//1537
f 2475//1530 2477//1532 2467//1524
f 2486//1538 2477//1532 2485//1537
f 2487//1539 2478//1533 2486//1538
f 2488//1522 2479//1534 2487//1539
f 2489//1522 2480//1522 2488//1522
f 2490//1522 2481//1522 2489//1522
f 2491//1540 2482//1522 2490//1522
f 2476//1531 2203//1290 2492//1541
f 2476//1531 2484//1536 2474//1529
f 2494//1543 2484//1536 2493//1542
f 2495//1544 2485//1537 2494//1543
f 2496//1522 2486//1538 2495//1544
f 2497//1522 2487//1539 2496//1522
f 2498//1522 2488//1522 2497//1522
f 2499//1522 2489//1522 2498//1522
f 2500//1522 2490//1522 2499//1522
f 2492//1541 2204//1291 2501//1545
f 2492//1541 2493//1542 2484//1536
f 2502//1546 2493//1542 2501//1545
f 2503//1522 2494//1543 2502//1546
f 2504//1522 2495//1544 2503//1522
f 2505//1522 2496//1522 2504//1522
f 2506//1522 2497//1522 2505//1522
f 2507//1522 2498//1522 2506//1522
f 2508//1522 2499//1522 2507//1522
f 2502//1546 2509//1547 2510//1522
f 2511//1522 2502//1546 2510//1522
f 2512//1522 2503//1522 2511//1522
f 2513//1522 2504//1522 2512//1522
f 2514//1522 2505//1522 2513//1522
f 2515//1522 2506//1522 2514//1522
f 2516//1522 2507//1522 2515//1522
f 790//478 2406//1484 2517//1548
f 2518//1549 790//478 2517//1548
f 792//480 2518//1549 2519//1550
f 793//481 2519//1550 2520//1551
f 2521//1552 2520//1551 2519//1550
f 795//482 2520//1551 2522//1553
f 2523//1554 795//482 2522//1553
f 2524//1555 2523//1554 2522//1553
f 797//484 2523//1554 2525//1556
f 2526//1557 797//484 2525//1556
f 2527//1558 798//485 2526//1557
f 2528//1559 799//486 2527//1558
f 802//489 2528//1559 2529//1560
f 2530//1561 802//489 2529//1560
f 2531//1562 803//490 2530//1561
f 2517//1548 2420//1492 2532//1563
f 2533//1564 2517//1548 2532//1563
f 2534//1565 2518//1549 2533//1564
f 2521//1552 2534//1565 2535//1566
f 2536//1567 2521//1552 2535//1566
f 2524//1555 2536//1567 2537//1568
f 2538//1569 2524//1555 2537//1568
f 2539//1570 2525//1556 2538//1569
f 2540//1571 2539//1570 2538//1569
f 2527//1558 2539//1570 2541//1571
f 2542//1571 2527//1558 2541//1571
f 2543//1571 2542//1571 2541//1571
f 2529//1560 2542//1571 2544//1571
f 2545//1571 2529//1560 2544//1571
f 2532//1563 2433//1497 2546//1572
f 2438//1502 2546//1572 2433//1497
f 2533//1564 2546//1572 2547//1573
f 2548//1574 2533//1564 2547//1573
f 2549//1575 2548//1574 2547//1573
f 2535//1566 2548//1574 2550//1571
f 2551//1571 2535//1566 2550//1571
f 2552//1571 2551//1571 2550//1571
f 2537//1568 2551//1571 2553//1571
f 2554//1571 2537//1568 2553//1571
f 2555//1571 2554//1571 2553//1571
f 2540//1571 2554//1571 2556//1571
f 2557//1571 2540//1571 2556//1571
f 2558//1571 2557//1571 2556//1571
f 2543//1571 2557//1571 2559//1571
f 2560//1571 2543//1571 2559//1571
f 2561//1576 2438//1502 2450//1508
f 2456//1514 2561//1576 2450//1508
f 2549//1575 2561//1576 2562//1577
f 2563//1578 2549//1575 2562//1577
f 2564//1579 2563//1578 2562//1577
f 2552//1571 2563//1578 2565//1580
f 2566//1571 2552//1571 2565//1580
f 2555//1571 2566//1571 2567//1571
f 2568//1571 2555//1571 2567//1571
f 2558//1571 2568//1571 2569//1571
f 2570//1571 2558//1571 2569//1571
f 2571//1571 2559//1571 2570//1571
f 2572//1581 2456//1514 2466//1523
f 2473//1528 2572//1581 2466//1523
f 2564//1579 2572//1581 2573//1582
f 2574//1583 2564//1579 2573//1582
f 2575//1584 2565//1580 2574//1583
f 2576//1585 2575//1584 2574//1583
f 2567//1571 2575//1584 2577//1571
f 2578//1571 2567//1571 2577//1571
f 2579//1571 2578//1571 2577//1571
f 2569//1571 2578//1571 2580//1571
f 2581//1571 2569//1571 2580//1571
f 2582//1586 2473//1528 2483//1535
f 2583//1587 2573//1582 2582//1586
f 2584//1588 2483//1535 2491//1540
f 2584//1588 2583//1587 2582//1586
f 2576//1585 2583//1587 2585//1589
f 2586//1590 2576//1585 2585//1589
f 2587//1591 2586//1590 2585//1589
f 2579//1571 2586//1590 2588//1592
f 2589//1571 2579//1571 2588//1592
f 2590//1593 2491//1540 2500//1522
f 2591//1594 2584//1588 2590//1593
f 2592//1595 2500//1522 2508//1522
f 2592//1595 2591//1594 2590//1593
f 2587//1591 2591//1594 2593//1596
f 2594//1597 2587//1591 2593//1596
f 2595//1571 2588//1592 2594//1597
f 2596//1598 2508//1522 2516//1522
f 2597//1599 2592//1595 2596//1598
f 2598//1600 2593//1596 2597//1599
f 2599//1601 2204//1291 2308//1389
f 2599//1601 2325//1406 2600//1602
f 2599//1601 2509//1547 2501//1545
f 2601//1522 2509//1547 2600//1602
f 2602//1522 2510//1522 2601//1522
f 2603//1522 2511//1522 2602//1522
f 2604//1522 2512//1522 2603//1522
f 2605//1522 2513//1522 2604//1522
f 2606//1522 2514//1522 2605//1522
f 2607//1522 2515//1522 2606//1522
f 2608//1603 2325//1406 2329//1410
f 2609//1571 2531//1562 2530//1561
f 840//503 2531//1562 2610//1604
f 2612//1571 2545//1571 2544//1571
f 2609//1571 2545//1571 2613//1571
f 2614//1571 2609//1571 2613//1571
f 2615//1571 2614//1571 2613//1571
f 2611//1571 2614//1571 2616//1571
f 2612//1571 2560//1571 2618//1571
f 2619//1571 2612//1571 2618//1571
f 2615//1571 2619//1571 2620//1571
f 2621//1571 2615//1571 2620//1571
f 2617//1571 2621//1571 2622//1571
f 2623//1571 2571//1571 2570//1571
f 2618//1571 2571//1571 2624//1571
f 2625//1571 2618//1571 2624//1571
f 2626//1571 2625//1571 2624//1571
f 2620//1571 2625//1571 2627//1571
f 2628//1571 2620//1571 2627//1571
f 2629//1571 2628//1571 2627//1571
f 2622//1571 2628//1571 2630//1571
f 2632//1571 2581//1571 2580//1571
f 2623//1571 2581//1571 2633//1571
f 2634//1571 2623//1571 2633//1571
f 2635//1571 2634//1571 2633//1571
f 2626//1571 2634//1571 2636//1571
f 2637//1571 2626//1571 2636//1571
f 2629//1571 2637//1571 2638//1571
f 2639//1571 2629//1571 2638//1571
f 2631//1571 2639//1571 2640//1571
f 2632//1571 2589//1571 2641//1571
f 2642//1571 2632//1571 2641//1571
f 2635//1571 2642//1571 2643//1571
f 2644//1571 2635//1571 2643//1571
f 2645//1571 2636//1571 2644//1571
f 2646//1571 2645//1571 2644//1571
f 2638//1571 2645//1571 2647//1571
f 2648//1571 2638//1571 2647//1571
f 2649//1571 2648//1571 2647//1571
f 2640//1571 2648//1571 2650//1605
f 2652//1607 2595//1571 2594//1597
f 2641//1571 2595//1571 2653//1571
f 2654//1571 2641//1571 2653//1571
f 2655//1571 2654//1571 2653//1571
f 2643//1571 2654//1571 2656//1571
f 2657//1571 2643//1571 2656//1571
f 2658//1571 2657//1571 2656//1571
f 2646//1571 2657//1571 2659//1571
f 2660//1571 2646//1571 2659//1571
f 2661//1571 2660//1571 2659//1571
f 2649//1571 2660//1571 2662//1571
f 2663//1608 2649//1571 2662//1571
f 2664//1609 2663//1608 2662//1571
f 2651//1606 2663//1608 2665//1610
f 2669//1614 2516//1522 2607//1522
f 2670//1615 2596//1598 2669//1614
f 2670//1615 2598//1600 2597//1599
f 2652//1607 2598//1600 2671//1616
f 2672//1617 2652//1607 2671//1616
f 2673//1618 2672//1617 2671//1616
f 2655//1571 2672//1617 2674//1619
f 2675//1571 2655//1571 2674//1619
f 2658//1571 2675//1571 2676//1571
f 2677//1571 2658//1571 2676//1571
f 2661//1571 2677//1571 2678//1571
f 2679//1620 2661//1571 2678//1571
f 2664//1609 2679//1620 2680//1621
f 2681//1622 2664//1609 2680//1621
f 2666//1611 2681//1622 2682//1623
f 2683//1624 2666//1611 2682//1623
f 2668//1613 2683//1624 2684//1613
f 2685//1625 840//503 2610//1604
f 2611//1571 2685//1625 2610//1604
f 940//581 2685//1625 2686//1571
f 2687//1571 940//581 2686//1571
f 2688//1571 2687//1571 2686//1571
f 942//583 2687//1571 2689//1571
f 2690//1571 942//583 2689//1571
f 2691//1620 2690//1571 2689//1571
f 945//586 2690//1571 2692//1626
f 2693//1627 945//586 2692//1626
f 2694//1628 2693//1627 2692//1626
f 948//589 2693//1627 2695//1629
f 2696//1630 948//589 2695//1629
f 952//593 2696//1630 2697//1613
f 2698//1631 952//593 2697//1613
f 2699//1571 2611//1571 2616//1571
f 2617//1571 2699//1571 2616//1571
f 2688//1571 2699//1571 2700//1571
f 2701//1571 2688//1571 2700//1571
f 2691//1620 2701//1571 2702//1632
f 2703//1633 2691//1620 2702//1632
f 2694//1628 2703//1633 2704//1634
f 2705//1635 2694//1628 2704//1634
f 2706//1636 2705//1635 2704//1634
f 2696//1630 2705//1635 2707//1637
f 2709//1613 2706//1636 2708//1613
f 2697//1613 2707//1637 2709//1613
f 2711//1613 2708//1613 2710//1613
f 2698//1631 2709//1613 2711//1613
f 2712//1571 2617//1571 2622//1571
f 2713//1571 2700//1571 2712//1571
f 2714//1571 2713//1571 2712//1571
f 2702//1632 2713//1571 2715//1638
f 2716//1639 2702//1632 2715//1638
f 2717//1640 2716//1639 2715//1638
f 2704//1634 2716//1639 2718//1641
f 2706//1636 2718//1641 2719//1642
f 2708//1613 2719//1642 2720//1613
f 2710//1613 2720//1613 2721//1613
f 2722//1571 2622//1571 2630//1571
f 2631//1571 2722//1571 2630//1571
f 2714//1571 2722//1571 2723//1643
f 2724//1644 2714//1571 2723//1643
f 2725//1645 2724//1644 2723//1643
f 2717//1640 2724//1644 2726//1646
f 2727//1647 2717//1640 2726//1646
f 2728//1648 2727//1647 2726//1646
f 2719//1642 2727//1647 2729//1649
f 2731//1613 2728//1648 2730//1613
f 2720//1613 2729//1649 2731//1613
f 2733//1613 2730//1613 2732//1613
f 2721//1613 2731//1613 2733//1613
f 2734//1650 2631//1571 2640//1571
f 2725//1645 2734//1650 2735//1651
f 2736//1652 2725//1645 2735//1651
f 2737//1653 2736//1652 2735//1651
f 2728//1648 2736//1652 2738//1654
f 2739//1613 2738//1654 2737//1653
f 2730//1613 2738//1654 2740//1613
f 2741//1613 2730//1613 2740//1613
f 2742//1655 2640//1571 2650//1605
f 2651//1606 2742//1655 2650//1605
f 2735//1651 2742//1655 2743//1656
f 2737//1653 2743//1656 2744//1657
f 2739//1613 2744//1657 2745//1613
f 2746//1613 2739//1613 2745//1613
f 2747//1613 2746//1613 2745//1613
f 2741//1613 2746//1613 2748//1613
f 2749//1658 2651//1606 2665//1610
f 2666//1611 2749//1658 2665//1610
f 2744//1657 2749//1658 2750//1659
f 2751//1660 2666//1611 2667//1612
f 2751//1660 2744//1657 2750//1659
f 2752//1613 2667//1612 2668//1613
f 2747//1613 2751//1660 2752//1613
f 2601//1522 2753//1522 2754//1522
f 2755//1522 2601//1522 2754//1522
f 2756//1522 2602//1522 2755//1522
f 2757//1522 2603//1522 2756//1522
f 2758//1522 2604//1522 2757//1522
f 2759//1522 2605//1522 2758//1522
f 2760//1522 2606//1522 2759//1522
f 2608//1603 2344//1425 2761//1522
f 2608//1603 2753//1522 2600//1602
f 2762//1522 2753//1522 2761//1522
f 2763//1522 2754//1522 2762//1522
f 2764//1522 2755//1522 2763//1522
f 2765//1522 2756//1522 2764//1522
f 2766//1522 2757//1522 2765//1522
f 2767//1522 2758//1522 2766//1522
f 2768//1522 2759//1522 2767//1522
f 2769//1522 2344//1425 2349//1430
f 2762//1522 2770//1522 2771//1522
f 2772//1522 2762//1522 2771//1522
f 2773//1522 2763//1522 2772//1522
f 2774//1522 2764//1522 2773//1522
f 2775//1522 2765//1522 2774//1522
f 2776//1522 2766//1522 2775//1522
f 2777//1522 2767//1522 2776//1522
f 2769//1522 2364//1445 2778//1522
f 2769//1522 2770//1522 2761//1522
f 2779//1522 2770//1522 2778//1522
f 2780//1522 2771//1522 2779//1522
f 2781//1522 2772//1522 2780//1522
f 2782//1522 2773//1522 2781//1522
f 2783//1522 2774//1522 2782//1522
f 2784//1522 2775//1522 2783//1522
f 2785//1522 2776//1522 2784//1522
f 2786//1661 2364//1445 2369//1450
f 2787//1662 2778//1522 2786//1661
f 2780//1522 2788//1663 2789//1522
f 2790//1522 2780//1522 2789//1522
f 2791//1522 2781//1522 2790//1522
f 2792//1522 2782//1522 2791//1522
f 2793//1522 2783//1522 2792//1522
f 2794//1522 2784//1522 2793//1522
f 2786//1661 2381//1461 2795//1664
f 2787//1662 2795//1664 2796//1665
f 2787//1662 2788//1663 2779//1522
f 2797//1666 2788//1663 2796//1665
f 2798//1667 2789//1522 2797//1666
f 2799//1668 2790//1522 2798//1667
f 2800//1522 2791//1522 2799//1668
f 2801//1522 2792//1522 2800//1522
f 2802//1522 2793//1522 2801//1522
f 2386//1466 2795//1664 2381//1461
f 2804//1670 2795//1664 2803//1669
f 2805//1671 2386//1466 2391//1471
f 2806//1475 2391//1471 2395//1475
f 2807//1475 2395//1475 2399//1475
f 2797//1666 2808//1672 2809//1673
f 2810//1674 2797//1666 2809//1673
f 2799//1668 2810//1674 2811//1675
f 2812//1676 2799//1668 2811//1675
f 2813//1677 2800//1522 2812//1676
f 2814//1678 2801//1522 2813//1677
f 2804//1670 2815//1679 2816//1680
f 2804//1670 2808//1672 2796//1665
f 2817//1681 2808//1672 2816//1680
f 2817//1681 2810//1674 2809//1673
f 2818//1682 2811//1675 2810//1674
f 2819//1683 2812//1676 2811//1675
f 2820//1684 2813//1677 2812//1676
f 2822//1686 2813//1677 2821//1685
f 2805//1671 2815//1679 2803//1669
f 2824//1687 2815//1679 2823//1475
f 2825//1688 2816//1680 2824//1687
f 2825//1688 2818//1682 2817//1681
f 2826//1689 2819//1683 2818//1682
f 2827//1690 2820//1684 2819//1683
f 2829//1692 2820//1684 2828//1691
f 2830//1475 2805//1671 2806//1475
f 2831//1475 2823//1475 2830//1475
f 2831//1475 2825//1688 2824//1687
f 2832//1475 2826//1689 2825//1688
f 2833//1475 2827//1690 2826//1689
f 2834//1475 2828//1691 2827//1690
f 2836//1475 2828//1691 2835//1475
f 2807//1475 2400//1475 2837//1475
f 2807//1475 2830//1475 2806//1475
f 2838//1475 2830//1475 2837//1475
f 2838//1475 2832//1475 2831//1475
f 2839//1475 2833//1475 2832//1475
f 2840//1475 2834//1475 2833//1475
f 2841//1475 2835//1475 2834//1475
f 2843//1475 2835//1475 2842//1475
f 2822//1686 2844//1693 2845//1694
f 2829//1692 2844//1693 2821//1685
f 2847//1696 2844//1693 2846//1695
f 2848//1475 2829//1692 2836//1475
f 2849//1697 2846//1695 2848//1475
f 2843//1475 2850//1475 2851//1475
f 2843//1475 2848//1475 2836//1475
f 2852//1475 2848//1475 2851//1475
f 2853//1522 2607//1522 2760//1522
f 2854//1698 2669//1614 2853//1522
f 2855//1699 2670//1615 2854//1698
f 2856//1522 2760//1522 2768//1522
f 2857//1700 2853//1522 2856//1522
f 2857//1700 2855//1699 2854//1698
f 2673//1618 2855//1699 2858//1701
f 2859//1702 2673//1618 2858//1701
f 2860//1571 2674//1619 2859//1702
f 2861//1703 2860//1571 2859//1702
f 2676//1571 2860//1571 2862//1571
f 2863//1571 2676//1571 2862//1571
f 2864//1571 2863//1571 2862//1571
f 2678//1571 2863//1571 2865//1571
f 2866//1704 2678//1571 2865//1571
f 2867//1705 2866//1704 2865//1571
f 2680//1621 2866//1704 2868//1706
f 2869//1707 2680//1621 2868//1706
f 2870//1708 2869//1707 2868//1706
f 2682//1623 2869//1707 2871//1709
f 2873//1711 2870//1708 2872//1710
f 2683//1624 2871//1709 2873//1711
f 2875//1613 2872//1710 2874//1613
f 2684//1613 2873//1711 2875//1613
f 2876//1522 2768//1522 2777//1522
f 2877//1712 2856//1522 2876//1522
f 2878//1713 2857//1700 2877//1712
f 2879//1714 2858//1701 2878//1713
f 2880//1522 2777//1522 2785//1522
f 2881//1715 2876//1522 2880//1522
f 2882//1716 2877//1712 2881//1715
f 2882//1716 2879//1714 2878//1713
f 2861//1703 2879//1714 2883//1717
f 2884//1718 2861//1703 2883//1717
f 2885//1719 2884//1718 2883//1717
f 2864//1571 2884//1718 2886//1720
f 2887//1571 2864//1571 2886//1720
f 2888//1721 2887//1571 2886//1720
f 2867//1705 2887//1571 2889//1722
f 2890//1723 2867//1705 2889//1722
f 2870//1708 2890//1723 2891//1724
f 2892//1725 2870//1708 2891//1724
f 2874//1613 2892//1725 2893//1726
f 2894//1522 2785//1522 2794//1522
f 2895//1522 2880//1522 2894//1522
f 2896//1727 2881//1715 2895//1522
f 2897//1728 2882//1716 2896//1727
f 2898//1522 2794//1522 2802//1522
f 2899//1522 2894//1522 2898//1522
f 2900//1729 2895//1522 2899//1522
f 2900//1729 2897//1728 2896//1727
f 2885//1719 2897//1728 2901//1730
f 2902//1731 2885//1719 2901//1730
f 2888//1721 2902//1731 2903//1732
f 2904//1733 2888//1721 2903//1732
f 2905//1734 2889//1722 2904//1733
f 2906//1735 2905//1734 2904//1733
f 2891//1724 2905//1734 2907//1736
f 2909//1738 2906//1735 2908//1737
f 2892//1725 2907//1736 2909//1738
f 2911//1740 2908//1737 2910//1739
f 2893//1726 2909//1738 2911//1740
f 2912//1741 2802//1522 2814//1678
f 2913//1522 2898//1522 2912//1741
f 2914//1742 2899//1522 2913//1522
f 2915//1743 2900//1729 2914//1742
f 2916//1744 2901//1730 2915//1743
f 2917//1745 2814//1678 2822//1686
f 2918//1746 2912//1741 2917//1745
f 2919//1747 2913//1522 2918//1746
f 2920//1748 2914//1742 2919//1747
f 2920//1748 2916//1744 2915//1743
f 2903//1732 2916//1744 2921//1749
f 2922//1750 2903//1732 2921//1749
f 2923//1751 2922//1750 2921//1749
f 2906//1735 2922//1750 2924//1752
f 2925//1753 2906//1735 2924//1752
f 2910//1739 2925//1753 2927//1755
f 2928//1756 2822//1686 2845//1694
f 2929//1757 2917//1745 2928//1756
f 2919//1747 2929//1757 2930//1758
f 2931//1759 2919//1747 2930//1758
f 2932//1760 2920//1748 2931//1759
f 2933//1761 2845//1694 2847//1696
f 2933//1761 2929//1757 2928//1756
f 2934//1762 2930//1758 2929//1757
f 2935//1763 2931//1759 2930//1758
f 2936//1764 2932//1760 2931//1759
f 2923//1751 2932//1760 2937//1765
f 2938//1766 2923//1751 2937//1765
f 2849//1697 2933//1761 2847//1696
f 2939//1767 2934//1762 2933//1761
f 2940//1768 2935//1763 2934//1762
f 2941//1769 2936//1764 2935//1763
f 2943//1771 2936//1764 2942//1770
f 2943//1771 2938//1766 2937//1765
f 2925//1753 2938//1766 2944//1772
f 2852//1475 2939//1767 2849//1697
f 2945//1475 2940//1768 2939//1767
f 2946//1773 2941//1769 2940//1768
f 2947//1774 2942//1770 2941//1769
f 2948//1775 2943//1771 2942//1770
f 2950//1777 2943//1771 2949//1776
f 2950//1777 2926//1754 2927//1755
f 2950//1777 2925//1753 2944//1772
f 2951//1778 182//123 1155//728
f 1157//730 2951//1778 1155//728
f 2953//1780 1157//730 1158//731
f 1159//732 2953//1780 1158//731
f 2955//1782 1159//732 1160//733
f 2956//1783 1160//733 1162//735
f 1164//737 2957//1784 2958//1785
f 1164//737 2956//1783 1162//735
f 1165//738 2957//1784 1163//736
f 2960//1787 2957//1784 2959//1786
f 2961//1788 1165//738 1166//739
f 2963//1790 2208//1295 2951//1778
f 2964//1791 2212//1299 2963//1790
f 2965//1792 2951//1778 2952//1779
f 2965//1792 2964//1791 2963//1790
f 2953//1780 2965//1792 2952//1779
f 2954//1781 2966//1793 2953//1780
f 2968//1795 2954//1781 2955//1782
f 2969//1796 2955//1782 2956//1783
f 2958//1785 2969//1796 2956//1783
f 2960//1787 2971//1798 2972//1799
f 2960//1787 2970//1797 2958//1785
f 2973//1800 2959//1786 2961//1788
f 2973//1800 2972//1799 2971//1798
f 2962//1789 2973//1800 2961//1788
f 2964//1791 2216//1303 2213//1300
f 2966//1793 2975//1802 2964//1791
f 2967//1794 2976//1803 2966//1793
f 2968//1795 2977//1804 2967//1794
f 2969//1796 2978//1805 2968//1795
f 2980//1807 2969//1796 2970//1797
f 2981//1808 2970//1797 2972//1799
f 2982//1809 2972//1799 2974//1801
f 2979//1806 2983//1810 2978//1805
f 2986//1813 2216//1303 2975//1802
f 2987//1814 2975//1802 2976//1803
f 2988//1815 2976//1803 2977//1804
f 2989//1816 2977//1804 2978//1805
f 2980//1807 2990//1817 2979//1806
f 2992//1819 2980//1807 2981//1808
f 2982//1809 2992//1819 2981//1808
f 2985//1812 2982//1809 2974//1801
f 2995//1822 2255//1342 2986//1813
f 2996//1823 2986//1813 2987//1814
f 2997//1824 2987//1814 2988//1815
f 2989//1816 2983//1810 2998//1825
f 2989//1816 2997//1824 2988//1815
f 2984//1811 2998//1825 2983//1810
f 2990//1817 2984//1811 2979//1806
f 3001//1828 2990//1817 2991//1818
f 3001//1828 3000//1827 2999//1826
f 3003//1829 2991//1818 2992//1819
f 3004//1440 3001//1828 3003//1829
f 3005//1440 2992//1819 2993//1820
f 3005//1440 3004//1440 3003//1829
f 2994//1821 3005//1440 2993//1820
f 2995//1822 2288//1373 2272//1358
f 3008//1832 2288//1373 3007//1831
f 2996//1823 3007//1831 2995//1822
f 3009//1833 3008//1832 3007//1831
f 3011//1835 2996//1823 2997//1824
f 3012//1836 3009//1833 3011//1835
f 3013//1837 2997//1824 2998//1825
f 3014//1838 3011//1835 3013//1837
f 3015//1839 2998//1825 2999//1826
f 3015//1839 3014//1838 3013//1837
f 3000//1827 3015//1839 2999//1826
f 3017//1840 3000//1827 3002//1440
f 3019//1440 3002//1440 3004//1440
f 3019//1440 3018//1841 3017//1840
f 3021//1440 3004//1440 3006//1830
f 3022//1440 3019//1440 3021//1440
f 3008//1832 2305//1387 2289//1374
f 3010//1834 3023//1842 3008//1832
f 3012//1836 3024//1843 3010//1834
f 3027//1846 3012//1836 3014//1838
f 3027//1846 3026//1845 3025//1844
f 3029//1848 3014//1838 3016//1829
f 3030//1849 3027//1846 3029//1848
f 3031//1850 3016//1829 3017//1840
f 3031//1850 3030//1849 3029//1848
f 3018//1841 3031//1850 3017//1840
f 3034//1853 3018//1841 3020//1440
f 3034//1853 3033//1852 3032//1851
f 3036//1440 3020//1440 3022//1440
f 3037//1440 3034//1853 3036//1440
f 3038//1855 2305//1387 3023//1842
f 3038//1855 2322//1403 2321//1402
f 3040//1857 3023//1842 3024//1843
f 3041//1858 3038//1855 3040//1857
f 3042//1859 3024//1843 3025//1844
f 3042//1859 3041//1858 3040//1857
f 3026//1845 3042//1859 3025//1844
f 3045//1862 3026//1845 3028//1847
f 3045//1862 3044//1861 3043//1860
f 3047//1864 3028//1847 3030//1849
f 3048//1865 3045//1862 3047//1864
f 3049//1866 3030//1849 3032//1851
f 3049//1866 3048//1865 3047//1864
f 3033//1852 3049//1866 3032//1851
f 3052//1869 3033//1852 3035//1854
f 3052//1869 3051//1868 3050//1867
f 3054//1440 3035//1854 3037//1440
f 3055//1440 3052//1869 3054//1440
f 3056//1871 2322//1403 3039//1856
f 3056//1871 2340//1421 2339//1420
f 3058//1872 3039//1856 3041//1858
f 3059//1873 3056//1871 3058//1872
f 3060//1874 3041//1858 3043//1860
f 3060//1874 3059//1873 3058//1872
f 3044//1861 3060//1874 3043//1860
f 3063//1877 3044//1861 3046//1863
f 3063//1877 3062//1876 3061//1875
f 3065//1879 3046//1863 3048//1865
f 3066//1880 3063//1877 3065//1879
f 3067//1881 3048//1865 3050//1867
f 3067//1881 3066//1880 3065//1879
f 3051//1868 3067//1881 3050//1867
f 3069//1883 3051//1868 3053//1870
f 3071//1440 3053//1870 3055//1440
f 3071//1440 3070//1884 3069//1883
f 3073//1885 1166//739 1227//765
f 3073//1885 2962//1789 2961//1788
f 1228//766 3073//1885 1227//765
f 3075//1887 1228//766 1229//767
f 3076//1888 2962//1789 3074//1886
f 3075//1887 3076//1888 3074//1886
f 1347//819 3075//1887 1229//767
f 3080//1892 1347//819 1348//820
f 3080//1892 3079//1891 3078//1890
f 1349//821 3080//1892 1348//820
f 1350//822 3081//822 1349//821
f 3084//822 1350//822 1352//824
f 3084//822 3083//822 3082//822
f 1353//825 3084//822 1352//824
f 1354//822 3085//822 1353//825
f 3087//822 1354//822 1356//827
f 1357//822 3087//822 1356//827
f 3090//822 1357//822 1358//822
f 3090//822 3089//822 3088//822
f 1359//822 3090//822 1358//822
f 1360//822 3091//822 1359//822
f 3093//822 1360//822 1362//822
f 3076//1888 2985//1812 2974//1801
f 3077//1889 3094//1893 3076//1888
f 3078//1890 3077//1889 3075//1887
f 3079//1891 3095//1894 3078//1890
f 3098//822 3079//1891 3081//822
f 3098//822 3097//1896 3096//1895
f 3082//822 3098//822 3081//822
f 3083//822 3099//822 3082//822
f 3101//822 3083//822 3085//822
f 3086//822 3101//822 3085//822
f 3104//822 3086//822 3087//822
f 3104//822 3103//822 3102//822
f 3088//822 3104//822 3087//822
f 3089//822 3105//822 3088//822
f 3107//822 3089//822 3091//822
f 3092//822 3107//822 3091//822
f 3109//822 3092//822 3093//822
f 3110//1897 2985//1812 3094//1893
f 3110//1897 2994//1821 2993//1820
f 3112//1899 3094//1893 3095//1894
f 3112//1899 3111//1898 3110//1897
f 3096//1895 3112//1899 3095//1894
f 3097//1896 3113//1900 3096//1895
f 3115//822 3097//1896 3099//822
f 3100//822 3115//822 3099//822
f 3118//822 3100//822 3101//822
f 3118//822 3117//822 3116//822
f 3102//822 3118//822 3101//822
f 3103//822 3119//822 3102//822
f 3121//822 3103//822 3105//822
f 3106//822 3121//822 3105//822
f 3124//822 3106//822 3107//822
f 3124//822 3123//822 3122//822
f 3108//822 3124//822 3107//822
f 3126//1902 2994//1821 3111//1898
f 3128//1904 3111//1898 3113//1900
f 3128//1904 3127//1903 3126//1902
f 3114//1901 3128//1904 3113//1900
f 3131//1907 3114//1901 3115//822
f 3131//1907 3130//1906 3129//1905
f 3116//822 3131//1907 3115//822
f 3117//822 3132//1908 3116//822
f 3134//822 3117//822 3119//822
f 3120//822 3134//822 3119//822
f 3137//822 3120//822 3121//822
f 3137//822 3136//822 3135//822
f 3122//822 3137//822 3121//822
f 3123//822 3138//822 3122//822
f 3140//822 3123//822 3125//822
f 3141//1909 3006//1830 3126//1902
f 3141//1909 3022//1440 3021//1440
f 3127//1903 3141//1909 3126//1902
f 3144//1912 3127//1903 3129//1905
f 3144//1912 3143//1911 3142//1910
f 3130//1906 3144//1912 3129//1905
f 3146//1914 3130//1906 3132//1908
f 3133//822 3146//1914 3132//1908
f 3149//822 3133//822 3134//822
f 3149//822 3148//1916 3147//1915
f 3135//822 3149//822 3134//822
f 3136//822 3150//822 3135//822
f 3153//822 3136//822 3138//822
f 3153//822 3152//822 3151//822
f 3139//822 3153//822 3138//822
f 3155//1440 3022//1440 3142//1910
f 3155//1440 3037//1440 3036//1440
f 3143//1911 3155//1440 3142//1910
f 3158//1919 3143//1911 3145//1913
f 3158//1919 3157//1918 3156//1917
f 3160//1921 3145//1913 3146//1914
f 3160//1921 3159//1920 3158//1919
f 3147//1915 3160//1921 3146//1914
f 3148//1916 3161//1922 3147//1915
f 3164//822 3148//1916 3150//822
f 3164//822 3163//1924 3162//1923
f 3151//822 3164//822 3150//822
f 3152//822 3165//822 3151//822
f 3167//822 3152//822 3154//822
f 3168//1440 3037//1440 3156//1917
f 3168//1440 3055//1440 3054//1440
f 3157//1918 3168//1440 3156//1917
f 3170//1926 3157//1918 3159//1920
f 3172//1928 3159//1920 3161//1922
f 3172//1928 3171//1927 3170//1926
f 3162//1923 3172//1928 3161//1922
f 3163//1924 3173//1929 3162//1923
f 3175//822 3163//1924 3165//822
f 3166//822 3175//822 3165//822
f 3177//822 3166//822 3167//822
f 3178//1440 3055//1440 3169//1925
f 3179//1931 3071//1440 3178//1440
f 3180//1932 3169//1925 3170//1926
f 3180//1932 3179//1931 3178//1440
f 3171//1927 3180//1932 3170//1926
f 3183//1935 3171//1927 3173//1929
f 3183//1935 3182//1934 3181//1933
f 3174//1930 3183//1935 3173//1929
f 3186//1938 3174//1930 3175//822
f 3186//1938 3185//1937 3184//1936
f 3176//822 3186//1938 3175//822
f 3188//1440 2340//1421 3057//1440
f 3190//1440 3057//1440 3059//1873
f 3190//1440 3189//1440 3188//1440
f 3192//1940 3059//1873 3061//1875
f 3192//1940 3191//1440 3190//1440
f 3062//1876 3192//1940 3061//1875
f 3194//1942 3062//1876 3064//1878
f 3196//1944 3064//1878 3066//1880
f 3196//1944 3195//1943 3194//1942
f 3198//1946 3066//1880 3068//1882
f 3199//1947 3196//1944 3198//1946
f 3200//1948 3068//1882 3069//1883
f 3200//1948 3199//1947 3198//1946
f 3070//1884 3200//1948 3069//1883
f 3203//1440 3070//1884 3072//1440
f 3203//1440 3202//1440 3201//1949
f 3205//1440 2359//1440 3188//1440
f 3205//1440 2376//1456 2375//1440
f 3189//1440 3205//1440 3188//1440
f 3208//1440 3189//1440 3191//1440
f 3208//1440 3207//1951 3206//1950
f 3210//1440 3191//1440 3193//1941
f 3211//1440 3208//1440 3210//1440
f 3212//1953 3193//1941 3194//1942
f 3212//1953 3211//1440 3210//1440
f 3195//1943 3212//1953 3194//1942
f 3215//1440 3195//1943 3197//1945
f 3215//1440 3214//1954 3213//1440
f 3217//1440 3197//1945 3199//1947
f 3218//1440 3215//1440 3217//1440
f 3219//1440 3199//1947 3201//1949
f 3219//1440 3218//1440 3217//1440
f 3202//1440 3219//1440 3201//1949
f 3221//1440 3202//1440 3204//1440
f 3223//1955 2376//1456 3206//1950
f 3223//1955 2397//1477 2396//1476
f 3207//1951 3223//1955 3206//1950
f 3225//1957 2397//1477 3224//1956
f 3226//1958 2398//1478 3225//1957
f 3227//1959 3207//1951 3209//1952
f 3227//1959 3225//1957 3224//1956
f 3229//1961 3225//1957 3228//1960
f 3230//1962 3209//1952 3211//1440
f 3230//1962 3228//1960 3227//1959
f 3232//1964 3228//1960 3231//1963
f 3233//1965 3211//1440 3213//1440
f 3233//1965 3231//1963 3230//1962
f 3214//1954 3233//1965 3213//1440
f 3235//1967 3214//1954 3216//1440
f 3237//1969 3216//1440 3218//1440
f 3237//1969 3236//1968 3235//1967
f 3239//1440 3218//1440 3220//1440
f 3240//1971 3237//1969 3239//1440
f 3241//1440 3220//1440 3221//1440
f 3241//1440 3240//1971 3239//1440
f 3222//1440 3241//1440 3221//1440
f 3226//1958 2400//1475 2399//1475
f 3244//1475 3226//1958 3229//1961
f 3232//1964 3245//1973 3246//1974
f 3232//1964 3244//1475 3229//1961
f 3234//1966 3245//1973 3231//1963
f 3248//1976 3245//1973 3247//1975
f 3249//1977 3234//1966 3235//1967
f 3249//1977 3248//1976 3247//1975
f 3236//1968 3249//1977 3235//1967
f 3251//1979 3236//1968 3238//1970
f 3240//1971 3251//1979 3238//1970
f 3253//1981 3240//1971 3242//1972
f 3254//1440 3072//1440 3179//1931
f 3255//1440 3203//1440 3254//1440
f 3256//1982 3179//1931 3181//1933
f 3256//1982 3255//1440 3254//1440
f 3182//1934 3256//1982 3181//1933
f 3259//1985 3182//1934 3184//1936
f 3259//1985 3258//1984 3257//1983
f 3185//1937 3259//1985 3184//1936
f 3261//1987 3185//1937 3187//1939
f 3262//1440 3204//1440 3255//1440
f 3262//1440 3222//1440 3221//1440
f 3264//1440 3255//1440 3257//1983
f 3264//1440 3263//1440 3262//1440
f 3258//1984 3264//1440 3257//1983
f 3266//1989 3258//1984 3260//1986
f 3267//1990 3260//1986 3261//1987
f 3268//1440 3222//1440 3263//1440
f 3269//1991 3263//1440 3265//1988
f 3270//1992 3265//1988 3266//1989
f 3271//1613 2684//1613 3273//1613
f 3283//2001 3279//1997 3282//2000
f 3284//2002 954//595 2698//1631
f 1883//1111 3284//2002 3285//2003
f 1884//1112 3285//2003 3286//2004
f 3287//2005 1884//1112 3286//2004
f 1888//1114 3288//2006 1887//563
f 1888//1114 3287//2005 3289//2007
f 1889//563 3288//2006 3290//2008
f 3291//2009 3288//2006 3289//2007
f 3292//2010 1889//563 3290//2008
f 3293//563 1890//563 3292//2010
f 3295//2011 2710//1613 3294//1613
f 3284//2002 2711//1613 3295//2011
f 3297//2012 3294//1613 3296//1613
f 3285//2003 3295//2011 3297//2012
f 3299//2014 3296//1613 3298//2013
f 3286//2004 3297//2012 3299//2014
f 3301//2016 3298//2013 3300//2015
f 3287//2005 3299//2014 3301//2016
f 3302//2017 3301//2016 3300//2015
f 3303//2018 3287//2005 3301//2016
f 3305//2020 3302//2017 3304//2019
f 3291//2009 3304//2019 3290//2008
f 3291//2009 3303//2018 3305//2020
f 3306//2021 3290//2008 3304//2019
f 3307//2022 3292//2010 3306//2021
f 3294//1613 2721//1613 3308//1613
f 3296//1613 3308//1613 3309//1613
f 3298//2013 3309//1613 3310//1613
f 3311//2023 3298//2013 3310//1613
f 3312//2024 3300//2015 3311//2023
f 3313//2025 3302//2017 3312//2024
f 3306//2021 3313//2025 3314//2026
f 3307//2022 3314//2026 3315//2027
f 3317//1613 2732//1613 3316//1613
f 3308//1613 2733//1613 3317//1613
f 3319//1613 3316//1613 3318//1613
f 3309//1613 3317//1613 3319//1613
f 3321//1613 3318//1613 3320//1613
f 3310//1613 3319//1613 3321//1613
f 3323//1613 3320//1613 3322//1613
f 3311//2023 3321//1613 3323//1613
f 3325//1613 3322//1613 3324//1613
f 3312//2024 3323//1613 3325//1613
f 3327//2028 3324//1613 3326//1613
f 3313//2025 3325//1613 3327//2028
f 3329//2029 3326//1613 3328//1613
f 3314//2026 3327//2028 3329//2029
f 3331//2031 3328//1613 3330//2030
f 3315//2027 3329//2029 3331//2031
f 3316//1613 2741//1613 3332//1613
f 3318//1613 3332//1613 3333//1613
f 3320//1613 3333//1613 3334//1613
f 3322//1613 3334//1613 3335//1613
f 3324//1613 3335//1613 3336//1613
f 3326//1613 3336//1613 3337//1613
f 3328//1613 3337//1613 3338//1613
f 3330//2030 3338//1613 3339//1613
f 3341//1613 2747//1613 3340//1613
f 3332//1613 2748//1613 3341//1613
f 3343//1613 3340//1613 3342//1613
f 3333//1613 3341//1613 3343//1613
f 3345//1613 3342//1613 3344//1613
f 3334//1613 3343//1613 3345//1613
f 3347//1613 3344//1613 3346//1613
f 3335//1613 3345//1613 3347//1613
f 3349//1613 3346//1613 3348//1613
f 3336//1613 3347//1613 3349//1613
f 3351//1613 3348//1613 3350//1613
f 3337//1613 3349//1613 3351//1613
f 3353//1613 3350//1613 3352//2032
f 3338//1613 3351//1613 3353//1613
f 3355//2034 3352//2032 3354//2033
f 3339//1613 3353//1613 3355//2034
f 3271//1613 2752//1613 2668//1613
f 3340//1613 2752//1613 3356//1613
f 3357//1613 3340//1613 3356//1613
f 3344//1613 3357//1613 3358//1613
f 3346//1613 3358//1613 3359//1613
f 3348//1613 3359//1613 3360//1613
f 3350//1613 3360//1613 3361//2035
f 3352//2032 3361//2035 3362//2036
f 3354//2033 3362//2036 3363//2037
f 3364//1613 3271//1613 3273//1613
f 3274//1613 3364//1613 3273//1613
f 3357//1613 3364//1613 3365//1613
f 3366//1613 3274//1613 3275//1613
f 3358//1613 3365//1613 3366//1613
f 3367//1613 3275//1613 3276//1994
f 3359//1613 3366//1613 3367//1613
f 3368//2038 3276//1994 3277//1995
f 3360//1613 3367//1613 3368//2038
f 3369//2039 3277//1995 3278//1996
f 3361//2035 3368//2038 3369//2039
f 3370//2040 3278//1996 3280//1998
f 3370//2040 3361//2035 3369//2039
f 3371//2041 3280//1998 3283//2001
f 3371//2041 3272//1993 3363//2037
f 3371//2041 3362//2036 3370//2040
f 1941//822 3093//822 1362//822
f 3374//822 1941//822 1942//822
f 3374//822 3373//822 3372//822
f 1943//822 3374//822 1942//822
f 1944//822 3375//822 1943//822
f 3109//822 3381//822 3108//822
f 3372//822 3109//822 3093//822
f 3373//822 3382//822 3372//822
f 3385//822 3373//822 3375//822
f 3376//822 3385//822 3375//822
f 3389//1261 3377//1261 3378//1261
f 3390//1261 3378//1261 3379//1261
f 3380//1261 3390//1261 3379//1261
f 3381//822 3125//822 3108//822
f 3393//822 3381//822 3382//822
f 3383//822 3393//822 3382//822
f 3399//2046 3383//822 3385//822
f 3399//2046 3395//2045 3394//822
f 3386//2042 3399//2046 3385//822
f 3401//2048 3386//2042 3387//2043
f 3402//2049 3387//2043 3388//2044
f 3389//1261 3402//2049 3388//2044
f 3404//1261 3396//1261 3403//1261
f 3404//1261 3389//1261 3390//1261
f 3405//1261 3397//1261 3404//1261
f 3405//1261 3390//1261 3391//1261
f 3405//1261 3384//1261 3398//1261
f 3140//822 3406//822 3139//822
f 3392//822 3140//822 3125//822
f 3410//822 3392//822 3393//822
f 3410//822 3408//822 3407//822
f 3394//822 3410//822 3393//822
f 3395//2045 3411//822 3394//822
f 3416//1261 3396//1261 3397//1261
f 3398//1261 3416//1261 3397//1261
f 3418//2053 3395//2045 3400//2047
f 3418//2053 3413//2051 3412//2050
f 3401//2048 3418//2053 3400//2047
f 3419//2054 3414//2052 3413//2051
f 3420//2055 3401//2048 3402//2049
f 3421//1261 3414//2052 3420//2055
f 3421//1261 3402//2049 3403//1261
f 3421//1261 3396//1261 3415//1261
f 3406//822 3154//822 3139//822
f 3423//822 3406//822 3407//822
f 3408//822 3423//822 3407//822
f 3429//2058 3408//822 3411//822
f 3429//2058 3425//2057 3424//2056
f 3412//2050 3429//2058 3411//822
f 3431//2060 3412//2050 3413//2051
f 3432//2061 3413//2051 3414//2052
f 3415//1261 3432//2061 3414//2052
f 3434//1261 3426//1261 3433//1261
f 3416//1261 3433//1261 3415//1261
f 3435//1261 3427//1261 3434//1261
f 3435//1261 3416//1261 3417//1261
f 3435//1261 3409//1261 3428//1261
f 3422//822 3167//822 3154//822
f 3439//822 3422//822 3423//822
f 3439//822 3437//822 3436//822
f 3424//2056 3439//822 3423//822
f 3425//2057 3440//2062 3424//2056
f 3445//1261 3426//1261 3427//1261
f 3428//1261 3445//1261 3427//1261
f 3447//2065 3425//2057 3430//2059
f 3431//2060 3447//2065 3430//2059
f 3449//2067 3442//2064 3448//2066
f 3449//2067 3431//2060 3432//2061
f 3450//1261 3443//1261 3449//2067
f 3450//1261 3432//2061 3433//1261
f 3450//1261 3426//1261 3444//1261
f 3177//822 3451//822 3176//822
f 3436//822 3177//822 3167//822
f 3437//822 3452//822 3436//822
f 3457//2068 3437//822 3440//2062
f 3441//2063 3457//2068 3440//2062
f 3460//1261 3442//2064 3443//1261
f 3444//1261 3460//1261 3443//1261
f 3462//1261 3454//1261 3461//1261
f 3445//1261 3461//1261 3444//1261
f 3463//1261 3455//1261 3462//1261
f 3463//1261 3445//1261 3446//1261
f 3463//1261 3438//1261 3456//1261
f 3464//2071 3441//2063 3447//2065
f 3464//2071 3459//2070 3458//2069
f 3465//2072 3447//2065 3448//2066
f 3465//2072 3442//2064 3459//2070
f 3451//822 3187//1939 3176//822
f 3467//822 3451//822 3452//822
f 3453//822 3467//822 3452//822
f 3473//1261 3454//1261 3455//1261
f 3474//1261 3455//1261 3456//1261
f 3475//2075 3453//822 3457//2068
f 3475//2075 3469//2074 3468//2073
f 3458//2069 3475//2075 3457//2068
f 3459//2070 3476//2076 3458//2069
f 3478//1261 3470//1261 3477//2077
f 3460//1261 3477//2077 3459//2070
f 3479//1261 3471//1261 3478//1261
f 3479//1261 3460//1261 3461//1261
f 3479//1261 3454//1261 3472//1261
f 2051//1054 3481//2078 2050//1054
f 2051//1054 3480//1054 3482//1054
f 3484//2080 2052//1168 2053//1054
f 2054//1054 3484//2080 2053//1054
f 2054//1054 3481//2078 3485//2081
f 3488//2084 2055//1169 2056//1170
f 2057//1171 3488//2084 2056//1170
f 3489//2085 2052//1168 3483//2079
f 3490//2086 1945//1145 2058//1172
f 2059//1173 3490//2086 2058//1172
f 3492//2088 3486//2082 3491//2087
f 2060//1174 3491//2087 2059//1173
f 3492//2088 2055//1169 3487//2083
f 3494//2090 3481//2078 3482//1054
f 3496//2092 3483//2079 3484//2080
f 3485//2081 3496//2092 3484//2080
f 3497//2093 3481//2078 3493//2089
f 3500//2094 3486//2082 3487//2083
f 3501//2095 3487//2083 3488//2084
f 3489//2085 3501//2095 3488//2084
f 3489//2085 3495//2091 3502//2096
f 3503//1261 3384//1261 3391//1261
f 3490//2086 3391//1261 3380//1261
f 3504//1261 3498//1261 3503//1261
f 3504//1261 3490//2086 3491//2087
f 3504//1261 3486//2082 3499//1261
f 3506//2098 3493//2089 3494//2090
f 3511//2100 3495//2091 3496//2092
f 3497//2093 3511//2100 3496//2092
f 3512//2101 3493//2089 3505//2097
f 3513//1261 3384//1261 3498//1261
f 3499//1261 3513//1261 3498//1261
f 3515//1261 3507//1261 3514//1261
f 3500//2094 3514//1261 3499//1261
f 3515//1261 3509//1261 3508//1261
f 3516//2102 3500//2094 3501//2095
f 3517//2103 3509//1261 3516//2102
f 3517//2103 3501//2095 3502//2096
f 3517//2103 3495//2091 3510//2099
f 3521//2105 3505//2097 3506//2098
f 3524//1261 3507//1261 3508//1261
f 3525//1261 3508//1261 3509//1261
f 3510//2099 3525//1261 3509//1261
f 3527//2107 3518//1261 3526//2106
f 3511//2100 3526//2106 3510//2099
f 3528//2108 3519//1261 3527//2107
f 3528//2108 3511//2100 3512//2101
f 3528//2108 3505//2097 3520//2104
f 3529//1261 3409//1261 3417//1261
f 3513//1261 3417//1261 3398//1261
f 3530//1261 3522//1261 3529//1261
f 3530//1261 3513//1261 3514//1261
f 3530//1261 3507//1261 3523//1261
f 3535//1261 3518//1261 3519//1261
f 3536//2110 3519//1261 3520//2104
f 3521//2105 3536//2110 3520//2104
f 3538//1261 3409//1261 3522//1261
f 3539//1261 3522//1261 3523//1261
f 3524//1261 3539//1261 3523//1261
f 3541//1261 3532//1261 3540//1261
f 3541//1261 3524//1261 3525//1261
f 3542//1261 3533//1261 3541//1261
f 3542//1261 3525//1261 3526//2106
f 3542//1261 3518//1261 3534//1261
f 3552//1261 3532//1261 3533//1261
f 3534//1261 3552//1261 3533//1261
f 3554//2118 3545//2114 3553//1261
f 3535//1261 3553//1261 3534//1261
f 3554//2118 3547//2116 3546//2115
f 3555//2119 3535//1261 3536//2110
f 3556//2120 3547//2116 3555//2119
f 3556//2120 3536//2110 3537//2111
f 3556//2120 3531//2109 3548//2117
f 3557//1261 3438//1261 3446//1261
f 3538//1261 3446//1261 3428//1261
f 3557//1261 3550//1261 3549//1261
f 3558//1261 3538//1261 3539//1261
f 3559//1261 3550//1261 3558//1261
f 3559//1261 3539//1261 3540//1261
f 3559//1261 3532//1261 3551//1261
f 3564//2122 3560//1999 3563//1999
f 3567//2125 3562//1999 3566//2124
f 3568//2126 3563//1999 3567//2125
f 3568//2126 3543//2112 3564//2122
f 3572//2130 3565//2123 3571//2129
f 3572//2130 3545//2114 3546//2115
f 3573//2131 3566//2124 3572//2130
f 3573//2131 3546//2115 3547//2116
f 3574//2132 3567//2125 3573//2131
f 3574//2132 3547//2116 3548//2117
f 3574//2132 3544//2113 3568//2126
f 3575//1261 3438//1261 3549//1261
f 3576//1261 3549//1261 3550//1261
f 3551//1261 3576//1261 3550//1261
f 3578//2133 3569//2127 3577//1261
f 3552//1261 3577//1261 3551//1261
f 3579//2134 3570//2128 3578//2133
f 3579//2134 3552//1261 3553//1261
f 3579//2134 3545//2114 3571//2129
f 3582//1999 3281//1999 3581//1999
f 3583//2135 3282//2000 3582//1999
f 3583//2135 3560//1999 3561//2121
f 3583//2135 3272//1993 3283//2001
f 3586//1999 3580//1999 3585//1999
f 3587//1999 3581//1999 3586//1999
f 3587//1999 3562//1999 3563//1999
f 3587//1999 3560//1999 3582//1999
f 3590//2138 3584//1999 3589//2137
f 3591//1999 3585//1999 3590//2138
f 3591//1999 3565//2123 3566//2124
f 3591//1999 3562//1999 3586//1999
f 3595//2142 3588//2136 3594//2141
f 3595//2142 3569//2127 3570//2128
f 3596//2143 3589//2137 3595//2142
f 3596//2143 3570//2128 3571//2129
f 3596//2143 3565//2123 3590//2138
f 3575//1261 3474//1261 3456//1261
f 3598//2144 3592//2139 3597//1261
f 3598//2144 3575//1261 3576//1261
f 3599//2145 3593//2140 3598//2144
f 3599//2145 3576//1261 3577//1261
f 3599//2145 3569//2127 3594//2141
f 2094//563 3600//563 2093//563
f 2094//563 3293//563 3601//563
f 2095//1201 3600//563 3602//2146
f 3603//2147 2095//1201 3602//2146
f 2098//1204 3480//1054 2048//1054
f 2099//1205 3604//2148 2098//1204
f 2099//1205 3603//2147 3605//2149
f 3606//1054 3480//1054 3604//2148
f 3601//563 3607//563 3600//563
f 3601//563 3307//2022 3608//2150
f 3602//2146 3607//563 3609//2151
f 3610//2152 3607//563 3608//2150
f 3603//2147 3609//2151 3611//2153
f 3605//2149 3612//2154 3604//2148
f 3613//2155 3603//2147 3611//2153
f 3606//1054 3494//2090 3482//1054
f 3606//1054 3612//2154 3614//2156
f 3615//2157 3307//2022 3315//2027
f 3610//2152 3616//2158 3609//2151
f 3610//2152 3615//2157 3617//2159
f 3611//2153 3616//2158 3618//2160
f 3619//2161 3616//2158 3617//2159
f 3613//2155 3620//2162 3612//2154
f 3621//2163 3611//2153 3618//2160
f 3614//2156 3506//2098 3494//2090
f 3622//2164 3612//2154 3620//2162
f 3624//2166 3330//2030 3623//2165
f 3615//2157 3331//2031 3624//2166
f 3625//2167 3624//2166 3623//2165
f 3617//2159 3624//2166 3626//2168
f 3619//2161 3627//2169 3618//2160
f 3619//2161 3626//2168 3628//2170
f 3621//2163 3629//2171 3620//2162
f 3621//2163 3627//2169 3630//2172
f 3622//2164 3521//2105 3506//2098
f 3622//2164 3629//2171 3631//2173
f 3632//2174 3629//2171 3630//2172
f 3633//2175 3330//2030 3339//1613
f 3625//2167 3633//2175 3634//2176
f 3635//2177 3625//2167 3634//2176
f 3637//2179 3634//2176 3636//2178
f 3637//2179 3627//2169 3628//2170
f 3628//2170 3635//2177 3637//2179
f 3639//2181 3627//2169 3636//2178
f 3640//2182 3531//2109 3537//2111
f 3640//2182 3521//2105 3631//2173
f 3641//2183 3638//2180 3640//2182
f 3632//2174 3640//2182 3631//2173
f 3641//2183 3630//2172 3639//2181
f 3643//2185 3354//2033 3642//2184
f 3633//2175 3355//2034 3643//2185
f 3645//2187 3642//2184 3644//2186
f 3645//2187 3633//2175 3643//2185
f 3646//2188 3543//2112 3544//2113
f 3646//2188 3645//2187 3644//2186
f 3647//2189 3634//2176 3645//2187
f 3648//2190 3544//2113 3548//2117
f 3648//2190 3531//2109 3638//2180
f 3649//2191 3646//2188 3648//2190
f 3649//2191 3638//2180 3639//2181
f 3649//2191 3636//2178 3647//2189
f 3650//2192 3272//1993 3561//2121
f 3650//2192 3354//2033 3363//2037
f 3651//2193 3561//2121 3564//2122
f 3651//2193 3543//2112 3644//2186
f 3651//2193 3642//2184 3650//2192
f 3652//2194 1944//822 2166//1269
f 2167//1270 3652//2194 2166//1269
f 2168//1271 3653//2195 2167//1270
f 3655//1261 3377//1261 3654//2196
f 2169//1261 3654//2196 2168//1271
f 3655//1261 3379//1261 3378//1261
f 3656//1261 2169//1261 2170//1272
f 3657//1261 3379//1261 3656//1261
f 3657//1261 2170//1272 2171//1273
f 3657//1261 1945//1145 3380//1261
f 3658//2197 3376//822 3652//2194
f 3658//2197 3387//2043 3386//2042
f 3653//2195 3658//2197 3652//2194
f 3660//2199 3387//2043 3659//2198
f 3660//2199 3653//2195 3654//2196
f 3660//2199 3377//1261 3388//2044
f 3663//1475 2400//1475 3243//1475
f 3663//1475 2838//1475 2837//1475
f 3664//1475 2839//1475 2838//1475
f 3665//1475 2840//1475 2839//1475
f 3666//1475 2841//1475 2840//1475
f 3668//1475 2841//1475 3667//1475
f 3669//1475 3243//1475 3244//1475
f 3669//1475 3664//1475 3663//1475
f 3670//1475 3665//1475 3664//1475
f 3671//1475 3666//1475 3665//1475
f 3672//1475 3667//1475 3666//1475
f 3674//1475 3667//1475 3673//1475
f 3675//2201 3244//1475 3246//1974
f 3675//2201 3670//1475 3669//1475
f 3676//1475 3671//1475 3670//1475
f 3677//1475 3672//1475 3671//1475
f 3678//1475 3673//1475 3672//1475
f 3680//1475 3673//1475 3679//1475
f 3248//1976 3675//2201 3246//1974
f 3681//2202 3676//1475 3675//2201
f 3682//1475 3677//1475 3676//1475
f 3683//1475 3678//1475 3677//1475
f 3685//1475 3678//1475 3684//1475
f 3250//1978 3681//2202 3248//1976
f 3686//2203 3682//1475 3681//2202
f 3687//2204 3683//1475 3682//1475
f 3688//1475 3684//1475 3683//1475
f 3690//1475 3684//1475 3689//1475
f 3251//1979 3686//2203 3250//1978
f 3692//2206 3687//2204 3686//2203
f 3693//2207 3688//1475 3687//2204
f 3694//1475 3689//1475 3688//1475
f 3696//1475 3689//1475 3695//1475
f 3252//1980 3692//2206 3251//1979
f 3699//2210 3693//2207 3692//2206
f 3700//2211 3694//1475 3693//2207
f 3702//1475 3694//1475 3701//2212
f 3704//2214 3697//2208 3703//2213
f 3253//1981 3699//2210 3252//1980
f 3661//2200 3253//1981 3242//1972
f 3706//2216 3699//2210 3705//2215
f 3706//2216 3701//2212 3700//2211
f 3708//1475 3701//2212 3707//2217
f 3711//2220 3703//2213 3710//2219
f 3668//1475 2850//1475 2842//1475
f 3713//1475 2850//1475 3712//1475
f 3713//1475 2852//1475 2851//1475
f 3715//1475 3668//1475 3674//1475
f 3716//1475 3712//1475 3715//1475
f 3716//1475 3714//1475 3713//1475
f 3680//1475 3718//1475 3719//1475
f 3680//1475 3715//1475 3674//1475
f 3720//1475 3715//1475 3719//1475
f 3720//1475 3717//2221 3716//1475
f 3685//1475 3718//1475 3679//1475
f 3723//1475 3718//1475 3722//1475
f 3723//1475 3720//1475 3719//1475
f 3724//2223 3721//2222 3720//1475
f 3726//1475 3685//1475 3690//1475
f 3727//2225 3722//1475 3726//1475
f 3727//2225 3724//2223 3723//1475
f 3728//2226 3725//2224 3724//2223
f 3696//1475 3730//1475 3731//1475
f 3696//1475 3726//1475 3690//1475
f 3732//2228 3726//1475 3731//1475
f 3732//2228 3728//2226 3727//2225
f 3734//2230 3728//2226 3733//2229
f 3734//2230 3697//2208 3698//2209
f 3734//2230 3691//2205 3729//2227
f 3702//1475 3730//1475 3695//1475
f 3736//2232 3730//1475 3735//2231
f 3736//2232 3732//2228 3731//1475
f 3738//2234 3732//2228 3737//2233
f 3738//2234 3697//2208 3733//2229
f 3739//2235 3702//1475 3708//1475
f 3740//2236 3735//2231 3739//2235
f 3741//2237 3736//2232 3740//2236
f 3742//2238 3737//2233 3741//2237
f 3742//2238 3709//2218 3710//2219
f 3742//2238 3703//2213 3738//2234
f 3744//1613 2874//1613 3743//1613
f 3744//1613 2684//1613 2875//1613
f 3746//1613 3743//1613 3745//2239
f 3274//1613 3744//1613 3746//1613
f 3748//2241 3745//2239 3747//2240
f 3275//1613 3746//1613 3748//2241
f 3749//2242 3748//2241 3747//2240
f 3276//1994 3748//2241 3750//2243
f 3752//2245 3276//1994 3750//2243
f 3755//2247 3751//2244 3754//2246
f 3755//2247 3277//1995 3752//2245
f 3758//2248 3753//1999 3757//1999
f 3759//2249 3754//2246 3758//2248
f 3759//2249 3279//1997 3280//1998
f 3759//2249 3278//1996 3755//2247
f 3762//1999 3756//1999 3761//1999
f 3763//1999 3757//1999 3762//1999
f 3763//1999 3281//1999 3282//2000
f 3763//1999 3279//1997 3758//2248
f 3743//1613 2893//1726 3764//2250
f 3745//2239 3764//2250 3765//2251
f 3747//2240 3765//2251 3767//2253
f 3770//2255 3766//2252 3769//2254
f 3749//2242 3767//2253 3770//2255
f 3771//2256 3749//2242 3770//2255
f 3773//1999 3768//1999 3772//1999
f 3774//2257 3769//2254 3773//1999
f 3775//2258 3770//2255 3774//2257
f 3775//2258 3751//2244 3752//2245
f 3775//2258 3750//2243 3771//2256
f 3778//1999 3772//1999 3777//1999
f 3779//1999 3773//1999 3778//1999
f 3779//1999 3753//1999 3754//2246
f 3779//1999 3751//2244 3774//2257
f 3782//1999 3776//1999 3781//1999
f 3783//1999 3777//1999 3782//1999
f 3783//1999 3756//1999 3757//1999
f 3783//1999 3753//1999 3778//1999
f 3786//1999 3780//1999 3785//1999
f 3787//1999 3781//1999 3786//1999
f 3787//1999 3760//1999 3761//1999
f 3787//1999 3756//1999 3782//1999
f 3789//2260 2910//1739 3788//2259
f 3789//2260 2893//1726 2911//1740
f 3792//2263 3788//2259 3791//2262
f 3792//2263 3764//2250 3789//2260
f 3795//2264 3790//2261 3794//1999
f 3796//2265 3791//2262 3795//2264
f 3796//2265 3766//2252 3767//2253
f 3796//2265 3765//2251 3792//2263
f 3799//1999 3793//1999 3798//1999
f 3800//1999 3794//1999 3799//1999
f 3800//1999 3768//1999 3769//2254
f 3800//1999 3766//2252 3795//2264
f 3803//1999 3797//1999 3802//1999
f 3804//1999 3798//1999 3803//1999
f 3804//1999 3768//1999 3799//1999
f 3806//1999 3801//1999 3805//1999
f 3807//1999 3802//1999 3806//1999
f 3808//1999 3803//1999 3807//1999
f 3808//1999 3776//1999 3777//1999
f 3808//1999 3772//1999 3804//1999
f 3811//1999 3805//1999 3810//1999
f 3812//1999 3806//1999 3811//1999
f 3812//1999 3780//1999 3781//1999
f 3812//1999 3776//1999 3807//1999
f 3814//1999 3809//1999 3813//1999
f 3815//1999 3810//1999 3814//1999
f 3815//1999 3784//1999 3785//1999
f 3815//1999 3780//1999 3811//1999
f 3818//2267 2926//1754 3817//2266
f 3818//2267 2910//1739 2927//1755
f 3821//1999 3816//1999 3820//1999
f 3822//2269 3817//2266 3821//1999
f 3822//2269 3790//2261 3791//2262
f 3822//2269 3788//2259 3818//2267
f 3825//1999 3819//2268 3824//1999
f 3826//1999 3820//1999 3825//1999
f 3826//1999 3793//1999 3794//1999
f 3826//1999 3790//2261 3821//1999
f 3829//1999 3823//2270 3828//1999
f 3830//1999 3824//1999 3829//1999
f 3830//1999 3797//1999 3798//1999
f 3830//1999 3793//1999 3825//1999
f 3832//1999 3827//2271 3831//1999
f 3833//1999 3828//1999 3832//1999
f 3833//1999 3801//1999 3802//1999
f 3833//1999 3797//1999 3829//1999
f 3834//1999 3691//2205 3698//2209
f 3835//1999 3831//1999 3834//1999
f 3835//1999 3801//1999 3832//1999
f 3836//1999 3698//2209 3704//2214
f 3837//1999 3834//1999 3836//1999
f 3837//1999 3809//1999 3810//1999
f 3837//1999 3805//1999 3835//1999
f 3838//1999 3704//2214 3711//2220
f 3838//1999 3662//1999 3813//1999
f 3838//1999 3809//1999 3836//1999
f 3714//1475 2945//1475 2852//1475
f 3839//2272 2946//1773 2945//1475
f 3841//2274 2946//1773 3840//2273
f 3841//2274 2948//1775 2947//1774
f 3843//2276 2948//1775 3842//2275
f 3843//2276 3816//1999 3817//2266
f 3843//2276 2926//1754 2949//1776
f 3717//2221 3839//2272 3714//1475
f 3845//2278 3839//2272 3844//2277
f 3845//2278 3841//2274 3840//2273
f 3847//2280 3841//2274 3846//2279
f 3847//2280 3819//2268 3820//1999
f 3847//2280 3816//1999 3842//2275
f 3721//2222 3844//2277 3717//2221
f 3848//2281 3845//2278 3844//2277
f 3850//2283 3845//2278 3849//2282
f 3850//2283 3823//2270 3824//1999
f 3850//2283 3819//2268 3846//2279
f 3725//2224 3848//2281 3721//2222
f 3852//2285 3848//2281 3851//2284
f 3852//2285 3827//2271 3828//1999
f 3852//2285 3823//2270 3849//2282
f 3853//2286 3725//2224 3729//2227
f 3853//2286 3691//2205 3831//1999
f 3853//2286 3827//2271 3851//2284
f 3466//822 3261//1987 3187//1939
f 3859//822 3466//822 3467//822
f 3859//822 3855//822 3854//2287
f 3468//2073 3859//822 3467//822
f 3469//2074 3860//2291 3468//2073
f 3863//1261 3470//1261 3471//1261
f 3472//1261 3863//1261 3471//1261
f 3865//2294 3856//2288 3864//1261
f 3473//1261 3864//1261 3472//1261
f 3865//2294 3858//2290 3857//2289
f 3866//2295 3473//1261 3474//1261
f 3867//2296 3469//2074 3476//2076
f 3867//2296 3862//2293 3861//2292
f 3477//2077 3867//2296 3476//2076
f 3868//2297 3470//1261 3862//2293
f 3267//1990 3870//2299 3266//1989
f 3854//2287 3267//1990 3261//1987
f 3855//822 3873//2302 3854//2287
f 3878//2307 3856//2288 3857//2289
f 3879//2308 3871//2300 3878//2307
f 3879//2308 3857//2289 3858//2290
f 3880//2309 3855//822 3860//2291
f 3861//2292 3880//2309 3860//2291
f 3862//2293 3881//2310 3861//2292
f 3883//1261 3875//2304 3882//2311
f 3863//1261 3882//2311 3862//2293
f 3884//2312 3876//2305 3883//1261
f 3884//2312 3863//1261 3864//1261
f 3884//2312 3856//2288 3877//2306
f 3268//1440 3661//2200 3242//1972
f 3888//2314 3268//1440 3269//1991
f 3891//1999 3886//1999 3890//1999
f 3270//1992 3888//2314 3269//1991
f 3870//2299 3270//1992 3266//1989
f 3896//2320 3889//2315 3895//2319
f 3897//2321 3890//1999 3896//2320
f 3897//2321 3871//2300 3872//2301
f 3897//2321 3869//2298 3891//1999
f 3898//2322 3870//2299 3873//2302
f 3898//2322 3893//2317 3892//2316
f 3874//2303 3898//2322 3873//2302
f 3902//2326 3875//2304 3876//2305
f 3903//2327 3894//2318 3902//2326
f 3903//2327 3876//2305 3877//2306
f 3904//2328 3895//2319 3903//2327
f 3904//2328 3877//2306 3878//2307
f 3904//2328 3871//2300 3896//2320
f 3905//2329 3874//2303 3880//2309
f 3905//2329 3900//2324 3899//2323
f 3881//2310 3905//2329 3880//2309
f 3907//2331 3900//2324 3906//2330
f 3907//2331 3881//2310 3882//2311
f 3907//2331 3875//2304 3901//2325
f 3908//2332 3661//2200 3885//2313
f 3908//2332 3706//2216 3705//2215
f 3909//2333 3707//2217 3706//2216
f 3911//2335 3707//2217 3910//2334
f 3914//1999 3709//2218 3913//2337
f 3915//1999 3710//2219 3914//1999
f 3915//1999 3886//1999 3887//1999
f 3915//1999 3662//1999 3711//2220
f 3888//2314 3908//2332 3885//2313
f 3916//2338 3909//2333 3908//2332
f 3918//2340 3909//2333 3917//2339
f 3921//1999 3912//2336 3920//2342
f 3922//1999 3913//2337 3921//1999
f 3922//1999 3889//2315 3890//1999
f 3922//1999 3886//1999 3914//1999
f 3923//2343 3888//2314 3892//2316
f 3923//2343 3917//2339 3916//2338
f 3893//2317 3923//2343 3892//2316
f 3925//2345 3917//2339 3924//2344
f 3927//2347 3919//2341 3926//2346
f 3928//2348 3920//2342 3927//2347
f 3928//2348 3894//2318 3895//2319
f 3928//2348 3889//2315 3921//1999
f 3929//2349 3893//2317 3899//2323
f 3929//2349 3925//2345 3924//2344
f 3900//2324 3929//2349 3899//2323
f 3930//2350 3926//2346 3925//2345
f 3931//2351 3900//2324 3901//2325
f 3932//2352 3926//2346 3931//2351
f 3932//2352 3901//2325 3902//2326
f 3932//2352 3894//2318 3927//2347
f 3911//2335 3933//2353 3934//2354
f 3911//2335 3739//2235 3708//1475
f 3935//2355 3739//2235 3934//2354
f 3936//2356 3740//2236 3935//2355
f 3936//2356 3912//2336 3913//2337
f 3936//2356 3709//2218 3741//2237
f 3918//2340 3933//2353 3910//2334
f 3938//2358 3933//2353 3937//2357
f 3939//2359 3934//2354 3938//2358
f 3939//2359 3919//2341 3920//2342
f 3939//2359 3912//2336 3935//2355
f 3940//2360 3918//2340 3925//2345
f 3941//2361 3937//2357 3940//2360
f 3941//2361 3925//2345 3926//2346
f 3941//2361 3919//2341 3938//2358
f 3944//1999 3760//1999 3943//1999
f 3945//1999 3761//1999 3944//1999
f 3945//1999 3580//1999 3581//1999
f 3945//1999 3281//1999 3762//1999
f 3948//1999 3942//1999 3947//1999
f 3949//1999 3943//1999 3948//1999
f 3949//1999 3584//1999 3585//1999
f 3949//1999 3580//1999 3944//1999
f 3952//2365 3946//2362 3951//2364
f 3953//1999 3947//1999 3952//2365
f 3953//1999 3588//2136 3589//2137
f 3953//1999 3584//1999 3948//1999
f 3955//2367 3950//2363 3954//2366
f 3955//2367 3592//2139 3593//2140
f 3956//2368 3951//2364 3955//2367
f 3956//2368 3593//2140 3594//2141
f 3956//2368 3588//2136 3952//2365
f 3957//2369 3858//2290 3866//2295
f 3957//2369 3474//1261 3597//1261
f 3957//2369 3592//2139 3954//2366
f 3960//1999 3784//1999 3959//1999
f 3961//1999 3785//1999 3960//1999
f 3961//1999 3942//1999 3943//1999
f 3961//1999 3760//1999 3786//1999
f 3963//1999 3958//1999 3962//1999
f 3964//1999 3959//1999 3963//1999
f 3964//1999 3946//2362 3947//1999
f 3964//1999 3942//1999 3960//1999
f 3965//2370 3869//2298 3872//2301
f 3966//2371 3962//1999 3965//2370
f 3966//2371 3950//2363 3951//2364
f 3966//2371 3946//2362 3963//1999
f 3967//2372 3872//2301 3879//2308
f 3967//2372 3858//2290 3954//2366
f 3967//2372 3950//2363 3965//2370
f 3968//1999 3662//1999 3887//1999
f 3969//1999 3813//1999 3968//1999
f 3969//1999 3958//1999 3959//1999
f 3969//1999 3784//1999 3814//1999
f 3970//1999 3887//1999 3891//1999
f 3970//1999 3869//2298 3962//1999
f 3970//1999 3958//1999 3968//1999
f 13//5 12//5 9//5
f 16//5 15//5 11//5
f 17//5 16//5 12//5
f 17//5 7//5 6//5
f 17//5 13//5 5//5
f 24//5 23//5 20//5
f 27//5 26//5 22//5
f 28//5 27//5 23//5
f 28//5 10//5 9//5
f 28//5 24//5 8//5
f 31//5 30//8 25//5
f 32//5 31//5 26//5
f 32//5 12//5 11//5
f 32//5 27//5 9//5
f 34//10 33//9 29//7
f 35//11 34//10 30//8
f 35//11 15//5 14//6
f 35//11 31//5 11//5
f 40//15 39//14 36//12
f 43//5 42//5 38//5
f 44//5 43//5 39//14
f 44//5 40//15 18//5
f 46//5 45//5 41//5
f 47//5 46//5 42//5
f 48//5 47//5 43//5
f 48//5 21//5 20//5
f 48//5 44//5 19//5
f 51//5 50//5 45//5
f 52//5 51//5 46//5
f 52//5 23//5 22//5
f 52//5 47//5 20//5
f 54//18 53//17 49//16
f 55//5 54//18 50//5
f 55//5 26//5 25//5
f 55//5 51//5 22//5
f 57//20 56//19 53//17
f 57//20 30//8 29//7
f 57//20 54//18 25//5
f 58//21 56//19 29//7
f 62//25 37//13 36//12
f 65//27 64//26 59//22
f 66//28 65//27 60//23
f 66//28 39//14 38//5
f 66//28 61//24 36//12
f 69//5 68//30 63//5
f 70//5 69//5 64//26
f 70//5 42//5 41//5
f 70//5 65//27 38//5
f 72//32 71//31 67//29
f 73//5 72//32 68//30
f 73//5 69//5 41//5
f 74//33 71//31 72//32
f 76//35 75//34 72//32
f 76//35 50//5 49//16
f 76//35 73//5 45//5
f 78//37 77//36 74//33
f 78//37 75//34 49//16
f 79//38 77//36 78//37
f 80//39 78//37 53//17
f 82//41 81//40 79//38
f 58//21 82//41 80//39
f 86//45 60//23 59//22
f 87//46 86//45 2//2
f 87//46 61//24 60//23
f 88//47 87//46 3//3
f 88//47 62//25 61//24
f 88//47 4//4 1//1
f 91//50 90//49 83//42
f 92//51 91//50 84//43
f 92//51 64//26 63//5
f 92//51 85//44 59//22
f 94//53 93//52 89//48
f 95//54 94//53 90//49
f 95//54 68//30 67//29
f 95//54 91//50 63//5
f 97//56 96//55 93//52
f 97//56 94//53 67//29
f 99//58 98//57 96//55
f 74//33 99//58 97//56
f 101//59 100//40 98//57
f 101//59 99//58 74//33
f 103//40 102//40 100//40
f 79//38 103//40 101//59
f 105//40 104//40 102//40
f 81//40 105//40 103//40
f 110//4 3//3 2//2
f 4//4 3//3 110//4
f 117//65 108//61 107//60
f 109//4 108//61 117//65
f 119//4 118//4 112//62
f 110//4 109//4 118//4
f 120//4 119//4 113//4
f 120//4 111//4 110//4
f 120//4 114//4 106//4
f 123//68 113//4 112//62
f 124//4 114//4 113//4
f 126//70 116//64 115//63
f 117//65 116//64 126//70
f 128//72 127//71 121//66
f 128//72 118//4 117//65
f 128//72 122//67 112//62
f 132//76 122//67 121//66
f 123//68 122//67 132//76
f 134//78 133//77 129//73
f 134//78 124//4 123//68
f 126//70 125//69 135//79
f 137//81 127//71 126//70
f 137//81 131//75 121//66
f 139//83 130//74 129//73
f 132//76 131//75 140//84
f 142//86 133//77 132//76
f 142//86 138//82 129//73
f 137//81 136//80 143//87
f 137//81 144//88 140//84
f 145//89 141//85 140//84
f 139//83 138//82 146//90
f 142//86 141//85 148//92
f 142//86 149//93 146//90
f 150//94 147//91 146//90
f 152//96 144//88 143//87
f 145//89 144//88 152//96
f 145//89 153//97 148//92
f 156//100 149//93 148//92
f 150//94 149//93 156//100
f 150//94 157//94 154//98
f 152//96 151//95 158//101
f 153//97 152//96 159//102
f 160//103 155//99 148//92
f 156//100 155//99 162//104
f 157//94 156//100 163//105
f 164//94 161//94 154//98
f 159//102 158//101 165//106
f 160//103 159//102 166//107
f 160//103 167//108 162//104
f 168//109 163//105 162//104
f 177//118 175//116 171//112
f 174//115 179//120 178//119
f 181//122 179//120 174//115
f 183//124 182//123 180//121
f 183//124 177//118 176//117
f 183//124 181//122 175//116
f 186//127 84//43 83//42
f 187//128 186//127 107//60
f 187//128 85//44 84//43
f 188//129 187//128 108//61
f 188//129 86//45 85//44
f 188//129 109//4 2//2
f 190//131 189//130 184//125
f 190//131 90//49 89//48
f 190//131 185//126 83//42
f 191//132 189//130 89//48
f 192//133 191//132 93//52
f 193//134 192//133 96//55
f 100//40 194//40 193//134
f 102//40 195//40 194//40
f 104//40 196//40 195//40
f 198//136 185//126 184//125
f 199//137 198//136 115//63
f 199//137 186//127 185//126
f 199//137 116//64 107//60
f 200//138 197//135 184//125
f 191//132 202//140 200//138
f 204//142 203//141 201//139
f 204//142 202//140 191//132
f 206//144 205//143 203//141
f 206//144 204//142 192//133
f 208//40 207//145 205//143
f 194//40 208//40 206//144
f 210//40 209//146 207//145
f 195//40 210//40 208//40
f 212//40 211//40 209//146
f 196//40 212//40 210//40
f 214//148 198//136 197//135
f 214//148 125//69 115//63
f 215//149 213//147 197//135
f 217//151 202//140 201//139
f 217//151 215//149 200//138
f 218//152 216//150 201//139
f 205//143 219//153 218//152
f 207//145 220//154 219//153
f 209//146 221//155 220//154
f 211//40 222//156 221//155
f 214//148 213//147 223//157
f 214//148 224//158 135//79
f 225//159 136//80 135//79
f 226//160 223//157 213//147
f 217//151 216//150 227//161
f 217//151 228//162 226//160
f 218//152 229//163 227//161
f 230//164 228//162 227//161
f 231//165 229//163 218//152
f 220//154 232//166 231//165
f 221//155 233//167 232//166
f 234//168 233//167 221//155
f 224//158 223//157 235//169
f 225//159 224//158 236//170
f 225//159 237//171 143//87
f 226//160 238//172 235//169
f 239//173 236//170 235//169
f 240//174 238//172 226//160
f 230//164 229//163 241//175
f 230//164 242//176 240//174
f 231//165 243//177 241//175
f 244//178 243//177 231//165
f 245//179 244//178 232//166
f 246//180 234//168 169//110
f 246//180 245//179 233//167
f 237//171 236//170 247//181
f 248//182 151//95 143//87
f 239//173 238//172 249//183
f 239//173 250//184 247//181
f 240//174 251//185 249//183
f 253//187 242//176 241//175
f 242//176 253//187 251//185
f 243//177 254//188 252//186
f 244//178 255//189 254//188
f 256//190 255//189 244//178
f 257//191 172//113 171//112
f 257//191 246//180 170//111
f 257//191 256//190 245//179
f 248//182 247//181 258//192
f 259//193 158//101 151//95
f 261//195 250//184 249//183
f 250//184 261//195 258//192
f 251//185 262//196 260//194
f 253//187 252//186 263//197
f 264//198 262//196 251//185
f 254//188 265//199 263//197
f 266//200 174//115 173//114
f 266//200 265//199 254//188
f 267//201 175//116 174//115
f 267//201 256//190 171//112
f 267//201 266//200 255//189
f 259//193 258//192 268//202
f 259//193 269//203 165//106
f 270//204 166//107 165//106
f 261//195 260//194 271//205
f 261//195 272//206 268//202
f 262//196 273//207 271//205
f 274//208 272//206 271//205
f 264//198 263//197 275//209
f 276//210 273//207 262//196
f 277//211 265//199 173//114
f 265//199 277//211 275//209
f 278//212 277//211 178//119
f 284//215 280//213 279//4
f 291//4 282//4 281//214
f 283//4 282//4 291//4
f 293//220 292//4 285//4
f 284//215 283//4 292//4
f 297//221 286//216 285//4
f 300//4 288//218 287//217
f 301//4 289//219 288//218
f 290//4 289//219 301//4
f 303//4 302//4 294//4
f 291//4 290//4 302//4
f 304//4 303//4 295//4
f 304//4 292//4 291//4
f 304//4 296//4 285//4
f 309//4 295//4 294//4
f 310//4 296//4 295//4
f 297//221 296//4 310//4
f 312//4 298//222 1//1
f 313//4 299//4 298//222
f 300//4 299//4 313//4
f 315//4 314//4 306//4
f 315//4 301//4 300//4
f 316//4 315//4 307//4
f 316//4 302//4 301//4
f 316//4 308//4 294//4
f 319//227 317//225 280//213
f 318//226 317//225 319//227
f 293//220 286//216 321//229
f 319//227 284//215 293//220
f 320//228 319//227 322//230
f 321//229 286//216 297//221
f 327//235 322//230 321//229
f 327//235 325//233 326//234
f 323//231 322//230 327//235
f 324//232 323//231 328//236
f 311//224 305//223 331//237
f 332//238 325//233 297//221
f 326//234 325//233 332//238
f 335//232 328//236 326//234
f 335//232 333//239 334//232
f 329//232 328//236 335//232
f 330//232 329//232 336//232
f 342//244 341//243 338//240
f 345//247 344//246 340//242
f 347//249 346//248 343//245
f 348//250 347//249 344//246
f 354//256 353//255 350//252
f 357//259 356//258 352//254
f 357//259 353//255 354//256
f 361//262 360//261 355//257
f 361//262 356//258 357//259
f 362//263 339//241 338//240
f 363//264 362//263 357//259
f 366//265 365//5 359//5
f 367//266 366//265 360//261
f 367//266 341//243 340//242
f 367//266 361//262 338//240
f 342//244 369//268 368//267
f 369//268 342//244 339//241
f 370//269 369//268 362//263
f 373//271 372//270 364//5
f 374//272 373//271 365//5
f 374//272 344//246 343//245
f 374//272 366//265 340//242
f 345//247 341//243 368//267
f 376//274 375//273 368//267
f 376//274 369//268 370//269
f 380//276 379//5 371//5
f 381//277 380//276 372//270
f 381//277 373//271 343//245
f 382//278 348//250 345//247
f 383//279 382//278 375//273
f 383//279 376//274 377//275
f 390//285 389//284 385//280
f 391//286 390//285 386//281
f 391//286 351//253 350//252
f 391//286 387//282 349//251
f 394//5 393//5 388//283
f 395//287 394//5 389//284
f 395//287 353//255 352//254
f 395//287 390//285 350//252
f 398//5 397//5 392//5
f 399//5 398//5 393//5
f 399//5 356//258 355//257
f 399//5 394//5 352//254
f 402//5 401//5 396//5
f 403//5 402//5 397//5
f 403//5 360//261 359//5
f 403//5 398//5 355//257
f 406//5 405//5 400//5
f 407//5 406//5 401//5
f 407//5 365//5 364//5
f 407//5 402//5 359//5
f 409//5 408//5 404//5
f 410//5 409//5 405//5
f 410//5 372//270 371//5
f 410//5 406//5 364//5
f 411//5 7//5 5//5
f 412//5 411//5 408//5
f 412//5 379//5 378//5
f 412//5 409//5 371//5
f 417//292 386//281 385//280
f 418//293 417//292 279//4
f 418//293 387//282 386//281
f 420//295 419//294 413//288
f 420//295 414//289 415//290
f 422//297 421//296 415//290
f 422//297 389//284 388//283
f 422//297 416//291 385//280
f 425//5 424//5 419//294
f 426//298 425//5 420//295
f 426//298 393//5 392//5
f 426//298 421//296 388//283
f 429//5 428//5 423//5
f 430//5 429//5 424//5
f 430//5 397//5 396//5
f 430//5 425//5 392//5
f 432//5 431//5 427//5
f 433//5 432//5 428//5
f 433//5 401//5 400//5
f 433//5 429//5 396//5
f 434//5 10//5 8//5
f 435//5 434//5 431//5
f 435//5 405//5 404//5
f 435//5 432//5 400//5
f 436//5 13//5 10//5
f 436//5 408//5 5//5
f 436//5 434//5 404//5
f 440//302 414//289 413//288
f 415//290 414//289 440//302
f 442//304 441//303 281//214
f 442//304 416//291 415//290
f 443//305 442//304 282//4
f 443//305 417//292 416//291
f 443//305 283//4 279//4
f 445//307 444//306 437//299
f 446//308 445//307 438//300
f 446//308 439//301 413//288
f 447//5 19//5 18//5
f 448//5 447//5 444//306
f 449//5 448//5 445//307
f 449//5 424//5 423//5
f 449//5 446//308 419//294
f 450//5 21//5 19//5
f 451//5 450//5 447//5
f 451//5 428//5 427//5
f 451//5 448//5 423//5
f 452//5 24//5 21//5
f 452//5 431//5 8//5
f 452//5 450//5 427//5
f 454//310 438//300 437//299
f 455//311 454//310 287//217
f 455//311 439//301 438//300
f 455//311 288//218 289//219
f 456//312 440//302 439//301
f 457//313 456//312 289//219
f 457//313 441//303 440//302
f 457//313 290//4 281//214
f 458//314 40//15 37//13
f 458//314 444//306 18//5
f 458//314 453//309 437//299
f 459//315 62//25 1//1
f 459//315 453//309 37//13
f 460//316 459//315 298//222
f 460//316 454//310 453//309
f 460//316 299//4 287//217
f 463//319 351//253 349//251
f 463//319 461//317 462//318
f 354//256 351//253 463//319
f 467//323 466//322 463//319
f 467//323 464//320 465//321
f 469//325 358//260 354//256
f 470//326 469//325 466//322
f 470//326 467//323 468//324
f 363//264 358//260 469//325
f 472//328 469//325 470//326
f 473//329 470//326 471//327
f 370//269 363//264 472//328
f 475//275 472//328 473//329
f 476//331 473//329 474//330
f 377//275 370//269 475//275
f 479//275 475//275 476//331
f 481//334 480//275 476//331
f 481//334 477//332 478//333
f 384//275 377//275 479//275
f 483//275 479//275 480//275
f 484//275 480//275 481//334
f 485//336 481//334 482//335
f 487//338 461//317 349//251
f 462//318 461//317 487//338
f 490//341 464//320 462//318
f 490//341 488//339 489//340
f 465//321 464//320 490//341
f 492//343 468//324 465//321
f 494//345 471//327 468//324
f 494//345 492//343 493//344
f 474//330 471//327 494//345
f 497//348 496//347 494//345
f 498//349 477//332 474//330
f 498//349 496//347 497//348
f 478//333 477//332 498//349
f 501//352 482//335 478//333
f 501//352 499//350 500//351
f 503//354 486//337 482//335
f 504//355 503//354 501//352
f 418//293 280//213 317//225
f 487//338 387//282 418//293
f 505//356 317//225 318//226
f 488//339 487//338 505//356
f 489//340 488//339 506//357
f 508//359 491//342 489//340
f 510//361 492//343 491//342
f 510//361 508//359 509//360
f 493//344 492//343 510//361
f 513//363 495//346 493//344
f 513//363 511//362 512//363
f 515//363 497//348 495//346
f 516//363 515//363 513//363
f 517//364 499//350 497//348
f 517//364 515//363 516//363
f 500//351 499//350 517//364
f 520//363 502//353 500//351
f 520//363 518//363 519//363
f 522//365 504//355 502//353
f 523//363 522//365 520//363
f 524//232 506//357 318//226
f 507//358 506//357 524//232
f 527//368 508//359 507//358
f 527//368 525//366 526//367
f 509//360 508//359 527//368
f 530//371 511//362 509//360
f 530//371 528//369 529//370
f 512//363 511//362 530//371
f 533//363 514//363 512//363
f 533//363 531//372 532//373
f 535//363 516//363 514//363
f 536//363 535//363 533//363
f 537//363 518//363 516//363
f 537//363 535//363 536//363
f 519//363 518//363 537//363
f 539//363 521//363 519//363
f 541//363 523//363 521//363
f 541//363 539//363 540//363
f 543//232 524//232 320//228
f 543//232 323//231 324//232
f 525//366 524//232 543//232
f 526//367 525//366 544//232
f 547//376 528//369 526//367
f 547//376 545//374 546//375
f 529//370 528//369 547//376
f 550//379 531//372 529//370
f 550//379 548//377 549//378
f 532//373 531//372 550//379
f 552//381 534//363 532//373
f 554//363 536//363 534//363
f 554//363 552//381 553//363
f 556//363 538//363 536//363
f 557//363 556//363 554//363
f 558//363 539//363 538//363
f 558//363 556//363 557//363
f 540//363 539//363 558//363
f 561//363 542//363 540//363
f 561//363 559//363 560//363
f 563//232 544//232 324//232
f 563//232 329//232 330//232
f 545//374 544//232 563//232
f 546//375 545//374 564//232
f 566//382 548//377 546//375
f 549//378 548//377 566//382
f 569//385 551//380 549//378
f 569//385 567//383 568//384
f 571//387 552//381 551//380
f 571//387 569//385 570//386
f 553//363 552//381 571//387
f 574//363 555//363 553//363
f 574//363 572//388 573//363
f 576//363 557//363 555//363
f 577//363 576//363 574//363
f 578//363 559//363 557//363
f 578//363 576//363 577//363
f 560//363 559//363 578//363
f 580//363 562//363 560//363
f 581//232 564//232 330//232
f 565//232 564//232 581//232
f 584//389 566//382 565//232
f 584//389 582//232 583//232
f 567//383 566//382 584//389
f 568//384 567//383 585//390
f 587//392 570//386 568//384
f 589//394 572//388 570//386
f 589//394 587//392 588//393
f 573//363 572//388 589//394
f 591//363 575//363 573//363
f 592//363 577//363 575//363
f 593//363 579//363 577//363
f 594//363 580//363 579//363
f 592//363 591//363 596//363
f 598//363 593//363 592//363
f 594//363 593//363 598//363
f 595//363 580//363 594//363
f 608//4 307//4 306//4
f 308//4 307//4 608//4
f 610//4 609//4 601//4
f 309//4 308//4 609//4
f 610//4 602//4 603//396
f 611//4 310//4 309//4
f 612//398 611//4 603//396
f 612//398 311//224 310//4
f 612//398 604//397 305//223
f 613//4 111//4 106//4
f 312//4 4//4 111//4
f 613//4 605//4 606//4
f 614//4 313//4 312//4
f 615//4 614//4 606//4
f 615//4 314//4 313//4
f 615//4 607//4 306//4
f 620//4 602//4 601//4
f 621//400 603//396 602//4
f 604//397 603//396 621//400
f 623//4 605//4 106//4
f 624//4 606//4 605//4
f 607//4 606//4 624//4
f 626//4 625//4 617//4
f 608//4 607//4 625//4
f 627//4 626//4 618//4
f 627//4 609//4 608//4
f 627//4 619//4 601//4
f 634//4 618//4 617//4
f 635//4 619//4 618//4
f 620//4 619//4 635//4
f 637//404 636//4 628//4
f 637//404 621//400 620//4
f 638//405 637//404 629//402
f 638//405 622//401 621//400
f 638//405 630//403 616//399
f 623//4 114//4 124//4
f 640//4 639//4 631//4
f 640//4 624//4 623//4
f 641//4 640//4 632//4
f 641//4 625//4 624//4
f 641//4 633//4 617//4
f 646//406 629//402 628//4
f 647//407 630//403 629//402
f 649//409 632//4 631//4
f 633//4 632//4 649//409
f 651//4 650//4 642//4
f 634//4 633//4 650//4
f 651//4 643//4 644//4
f 652//4 635//4 634//4
f 653//4 652//4 644//4
f 653//4 636//4 635//4
f 653//4 645//4 628//4
f 654//4 134//78 130//74
f 654//4 639//4 124//4
f 654//4 648//408 631//4
f 661//4 643//4 642//4
f 662//4 644//4 643//4
f 645//4 644//4 662//4
f 664//414 663//4 655//4
f 646//406 645//4 663//4
f 664//414 656//410 657//411
f 647//407 646//406 664//414
f 648//408 130//74 139//83
f 667//417 666//416 658//412
f 649//409 648//408 666//416
f 668//4 667//417 659//413
f 668//4 650//4 649//409
f 668//4 660//4 642//4
f 672//419 656//410 655//4
f 673//420 657//411 656//410
f 675//422 659//413 658//412
f 676//423 660//4 659//413
f 661//4 660//4 676//423
f 678//4 677//424 669//418
f 678//4 662//4 661//4
f 679//4 678//4 670//4
f 679//4 663//4 662//4
f 679//4 671//4 655//4
f 680//425 666//416 139//83
f 680//425 674//421 658//412
f 686//431 670//4 669//418
f 671//4 670//4 686//431
f 688//433 687//432 681//426
f 672//419 671//4 687//432
f 688//433 682//427 683//428
f 673//420 672//419 688//433
f 675//422 674//421 690//435
f 692//437 676//423 675//422
f 693//438 692//437 684//429
f 693//438 677//424 676//423
f 693//438 685//430 669//418
f 680//425 147//91 154//98
f 680//425 694//439 690//435
f 695//440 691//436 690//435
f 698//443 682//427 681//426
f 683//428 682//427 698//443
f 685//430 684//429 700//445
f 686//431 685//430 701//446
f 703//448 702//447 696//441
f 703//448 687//432 686//431
f 703//448 697//442 681//426
f 704//449 689//434 683//428
f 692//437 691//436 705//450
f 692//437 706//451 700//445
f 707//452 701//446 700//445
f 708//94 694//439 154//98
f 695//440 694//439 708//94
f 695//440 709//94 705//450
f 331//237 305//223 604//397
f 712//455 332//238 331//237
f 712//455 710//453 711//454
f 333//239 332//238 712//455
f 334//232 333//239 713//456
f 715//232 336//232 334//232
f 337//232 336//232 715//232
f 622//401 616//399 718//457
f 710//453 604//397 622//401
f 711//454 710//453 719//458
f 721//232 713//456 711//454
f 714//232 713//456 721//232
f 724//232 715//232 714//232
f 724//232 722//232 723//232
f 716//232 715//232 724//232
f 717//232 716//232 725//232
f 727//460 718//457 616//399
f 728//461 719//458 718//457
f 720//459 719//458 728//461
f 731//232 721//232 720//459
f 731//232 729//232 730//232
f 722//232 721//232 731//232
f 723//232 722//232 732//232
f 734//232 725//232 723//232
f 726//232 725//232 734//232
f 727//460 630//403 647//407
f 739//464 728//461 727//460
f 739//464 737//462 738//463
f 729//232 728//461 739//464
f 730//232 729//232 740//232
f 742//232 732//232 730//232
f 733//232 732//232 742//232
f 745//232 734//232 733//232
f 745//232 743//232 744//232
f 735//232 734//232 745//232
f 736//232 735//232 746//232
f 665//415 657//411 748//465
f 749//466 737//462 647//407
f 738//463 737//462 749//466
f 751//232 740//232 738//463
f 741//232 740//232 751//232
f 754//232 742//232 741//232
f 754//232 752//232 753//232
f 743//232 742//232 754//232
f 744//232 743//232 755//232
f 758//232 746//232 744//232
f 758//232 756//232 757//232
f 747//232 746//232 758//232
f 748//465 657//411 673//420
f 762//232 749//466 748//465
f 750//232 749//466 762//232
f 765//232 751//232 750//232
f 765//232 763//232 764//232
f 752//232 751//232 765//232
f 753//232 752//232 766//232
f 769//232 755//232 753//232
f 769//232 767//232 768//232
f 756//232 755//232 769//232
f 757//232 756//232 770//232
f 772//232 759//232 757//232
f 760//232 759//232 772//232
f 761//467 673//420 689//434
f 777//232 762//232 761//467
f 777//232 775//469 776//232
f 763//232 762//232 777//232
f 764//232 763//232 778//232
f 781//232 766//232 764//232
f 781//232 779//232 780//470
f 767//232 766//232 781//232
f 768//232 767//232 782//471
f 784//473 770//232 768//232
f 771//232 770//232 784//473
f 787//232 772//232 771//232
f 787//232 785//474 786//475
f 773//232 772//232 787//232
f 774//468 773//232 788//476
f 704//449 699//444 790//478
f 775//469 689//434 704//449
f 776//232 775//469 791//479
f 794//232 778//232 776//232
f 794//232 792//480 793//481
f 779//232 778//232 794//232
f 780//470 779//232 795//482
f 797//484 782//471 780//470
f 783//472 782//471 797//484
f 784//473 783//472 798//485
f 785//474 784//473 799//486
f 786//475 785//474 800//487
f 802//489 803//490 801//488
f 803//490 788//476 786//475
f 804//491 789//477 788//476
f 805//232 581//232 337//232
f 805//232 716//232 717//232
f 582//232 581//232 805//232
f 583//232 582//232 806//232
f 808//492 585//390 583//232
f 586//391 585//390 808//492
f 811//495 587//392 586//391
f 811//495 809//493 810//494
f 588//393 587//392 811//495
f 813//497 590//395 588//393
f 814//363 591//363 590//395
f 815//232 806//232 717//232
f 807//232 806//232 815//232
f 818//232 808//492 807//232
f 818//232 816//232 817//232
f 809//493 808//492 818//232
f 810//494 809//493 819//232
f 821//499 812//496 810//494
f 822//232 815//232 726//232
f 822//232 735//232 736//232
f 816//232 815//232 822//232
f 817//232 816//232 823//232
f 825//232 819//232 817//232
f 820//498 819//232 825//232
f 827//500 821//499 820//498
f 828//232 823//232 736//232
f 824//232 823//232 828//232
f 831//232 825//232 824//232
f 831//232 829//232 830//232
f 826//232 825//232 831//232
f 833//232 828//232 747//232
f 833//232 759//232 760//232
f 829//232 828//232 833//232
f 830//232 829//232 834//232
f 836//232 832//232 830//232
f 837//232 834//232 760//232
f 837//232 773//232 774//468
f 835//232 834//232 837//232
f 839//502 838//501 774//468
f 839//502 789//477 804//491
f 813//497 812//496 841//504
f 814//363 813//497 842//505
f 596//363 591//363 814//363
f 845//363 597//363 596//363
f 845//363 843//363 844//363
f 847//363 598//363 597//363
f 848//363 847//363 845//363
f 849//363 599//363 598//363
f 849//363 847//363 848//363
f 600//363 599//363 849//363
f 841//504 812//496 821//499
f 854//509 842//505 841//504
f 854//509 852//507 853//508
f 856//511 843//363 842//505
f 856//511 854//509 855//510
f 844//363 843//363 856//511
f 859//363 846//363 844//363
f 859//363 857//512 858//363
f 861//363 848//363 846//363
f 862//513 861//363 859//363
f 863//363 850//363 848//363
f 863//363 861//363 862//513
f 851//506 850//363 863//363
f 827//500 826//232 865//232
f 852//507 821//499 827//500
f 853//508 852//507 866//515
f 869//518 855//510 853//508
f 869//518 867//516 868//517
f 871//520 857//512 855//510
f 871//520 869//518 870//519
f 858//363 857//512 871//520
f 873//363 860//363 858//363
f 875//523 862//513 860//363
f 875//523 873//363 874//522
f 877//525 864//514 862//513
f 878//526 877//525 875//523
f 865//232 826//232 832//232
f 881//527 866//515 865//232
f 881//527 879//232 880//232
f 867//516 866//515 881//527
f 868//517 867//516 882//528
f 870//519 868//517 883//529
f 886//532 872//521 870//519
f 886//532 884//530 885//531
f 888//534 873//363 872//521
f 888//534 886//532 887//533
f 874//522 873//363 888//534
f 891//537 876//524 874//522
f 891//537 889//535 890//536
f 893//539 878//526 876//524
f 836//232 835//232 894//232
f 879//232 832//232 836//232
f 880//232 879//232 895//232
f 897//540 882//528 880//232
f 883//529 882//528 897//540
f 900//543 884//530 883//529
f 900//543 898//541 899//542
f 885//531 884//530 900//543
f 903//546 887//533 885//531
f 903//546 901//544 902//545
f 905//548 889//535 887//533
f 905//548 903//546 904//547
f 890//536 889//535 905//548
f 892//538 908//551 907//550
f 908//551 892//538 890//536
f 893//539 891//537 907//550
f 894//232 835//232 838//501
f 911//554 895//232 894//232
f 896//232 895//232 911//554
f 914//232 897//540 896//232
f 914//232 912//555 913//556
f 898//541 897//540 914//232
f 899//542 898//541 915//557
f 917//559 901//544 899//542
f 902//545 901//544 917//559
f 919//561 904//547 902//545
f 920//562 906//549 904//547
f 908//551 922//564 921//563
f 908//551 906//549 920//562
f 909//552 907//550 921//563
f 924//565 923//563 921//563
f 910//553 838//501 839//502
f 911//554 910//553 925//566
f 912//555 911//554 926//567
f 913//556 912//555 927//568
f 929//570 930//571 928//569
f 930//571 915//557 913//556
f 931//572 916//558 915//557
f 932//573 917//559 916//558
f 918//560 917//559 932//573
f 934//575 919//561 918//560
f 920//562 919//561 934//575
f 936//577 922//564 920//562
f 924//565 938//579 937//578
f 924//565 922//564 936//577
f 939//580 925//566 839//502
f 940//581 926//567 925//566
f 941//582 927//568 926//567
f 929//570 927//568 941//582
f 943//584 930//571 929//570
f 944//585 931//572 930//571
f 945//586 946//587 944//585
f 932//573 931//572 944//585
f 947//588 933//574 932//573
f 948//589 949//590 947//588
f 934//575 933//574 947//588
f 951//592 949//590 948//589
f 935//576 934//575 949//590
f 953//594 951//592 950//591
f 936//577 935//576 951//592
f 954//595 955//596 953//594
f 955//596 938//579 936//577
f 960//601 959//600 957//598
f 962//603 961//602 959//600
f 963//604 961//602 962//603
f 970//5 969//607 966//5
f 972//609 971//608 968//606
f 973//610 972//609 969//607
f 973//610 958//599 957//598
f 973//610 970//5 956//597
f 975//612 974//611 971//608
f 975//612 972//609 957//598
f 977//614 976//613 974//611
f 961//602 977//614 975//612
f 978//615 976//613 977//614
f 963//604 979//616 977//614
f 980//617 979//616 963//604
f 983//5 982//5 6//5
f 985//5 984//619 981//618
f 986//5 985//5 982//5
f 989//622 988//621 984//619
f 990//5 989//622 985//5
f 990//5 967//5 966//5
f 990//5 986//5 965//5
f 992//624 991//623 987//620
f 993//625 992//624 988//621
f 993//625 969//607 968//606
f 993//625 989//622 966//5
f 995//627 994//626 991//623
f 995//627 992//624 968//606
f 997//628 996//40 994//626
f 997//628 995//627 971//608
f 998//629 996//40 997//628
f 976//613 999//630 997//628
f 978//615 1000//631 999//630
f 1001//632 1000//631 978//615
f 1003//634 1002//633 14//6
f 1004//5 1003//634 15//5
f 1004//5 982//5 981//618
f 1004//5 16//5 6//5
f 1006//636 1005//635 1002//633
f 1006//636 1003//634 981//618
f 1008//638 1007//637 1005//635
f 1008//638 988//621 987//620
f 1008//638 1006//636 984//619
f 1009//639 1007//637 987//620
f 1010//640 1009//639 991//623
f 996//40 1011//641 1010//640
f 998//629 1012//642 1011//641
f 1013//643 1012//642 998//629
f 1014//644 1012//642 1013//643
f 1000//631 1015//645 1013//643
f 1016//646 1015//645 1000//631
f 1018//648 1017//647 33//9
f 1018//648 34//10 14//6
f 1020//650 1019//649 1017//647
f 1005//635 1020//650 1018//648
f 1022//651 1021//40 1019//649
f 1022//651 1020//650 1005//635
f 1024//40 1023//40 1021//40
f 1009//639 1024//40 1022//651
f 1026//40 1025//40 1023//40
f 1010//640 1026//40 1024//40
f 1028//653 1027//652 1025//40
f 1011//641 1028//653 1026//40
f 1030//655 1029//654 1027//652
f 1030//655 1028//653 1011//641
f 1031//656 1029//654 1030//655
f 1014//644 1032//657 1030//655
f 1033//658 1032//657 1014//644
f 1034//659 58//21 33//9
f 1035//660 1034//659 1017//647
f 1021//40 1036//40 1035//660
f 1023//40 1037//40 1036//40
f 1025//40 1038//40 1037//40
f 1027//652 1039//40 1038//40
f 1029//654 1040//661 1039//40
f 1031//656 1041//662 1040//661
f 1042//663 1041//662 1031//656
f 1044//40 1043//40 81//40
f 1034//659 1044//40 82//41
f 1046//40 1045//40 1043//40
f 1035//660 1046//40 1044//40
f 1048//40 1047//40 1045//40
f 1036//40 1048//40 1046//40
f 1050//40 1049//40 1047//40
f 1037//40 1050//40 1048//40
f 1052//40 1051//40 1049//40
f 1038//40 1052//40 1050//40
f 1054//40 1053//40 1051//40
f 1039//40 1054//40 1052//40
f 1056//665 1055//664 1053//40
f 1040//661 1056//665 1054//40
f 1057//666 1055//664 1056//665
f 1041//662 1058//667 1056//665
f 1059//668 1058//667 1041//662
f 1060//40 104//40 105//40
f 1043//40 1061//40 105//40
f 1062//40 1061//40 1043//40
f 1047//40 1063//40 1062//40
f 1049//40 1064//40 1063//40
f 1051//40 1065//40 1064//40
f 1053//40 1066//40 1065//40
f 1055//664 1067//669 1066//40
f 1057//666 1068//670 1067//669
f 1069//671 1068//670 1057//666
f 1070//672 979//616 980//617
f 1070//672 1072//674 1001//632
f 1073//675 1072//674 1070//672
f 1075//677 1015//645 1016//646
f 1072//674 1076//678 1016//646
f 1077//679 1076//678 1072//674
f 1078//680 1076//678 1077//679
f 1074//676 1079//681 1077//679
f 1081//683 1032//657 1033//658
f 1075//677 1082//684 1033//658
f 1083//684 1082//684 1075//677
f 1084//684 1082//684 1083//684
f 1078//680 1085//684 1083//684
f 1086//685 1085//684 1078//680
f 1080//682 1087//686 1086//685
f 1081//683 1088//687 1042//663
f 1089//684 1088//687 1081//683
f 1084//684 1090//684 1089//684
f 1091//684 1090//684 1084//684
f 1092//684 1091//684 1085//684
f 1093//684 1091//684 1092//684
f 1087//686 1094//688 1092//684
f 1096//690 1058//667 1059//668
f 1088//687 1097//691 1059//668
f 1098//684 1097//691 1088//687
f 1099//684 1097//691 1098//684
f 1090//684 1100//684 1098//684
f 1101//684 1100//684 1090//684
f 1102//684 1100//684 1101//684
f 1093//684 1103//684 1101//684
f 1104//684 1103//684 1093//684
f 1105//684 1103//684 1104//684
f 1095//689 1106//684 1104//684
f 1108//693 1068//670 1069//671
f 1096//690 1109//694 1069//671
f 1110//684 1109//694 1096//690
f 1111//684 1109//694 1110//684
f 1099//684 1112//684 1110//684
f 1113//684 1112//684 1099//684
f 1102//684 1114//684 1113//684
f 1115//684 1114//684 1102//684
f 1105//684 1116//684 1115//684
f 1117//684 1116//684 1105//684
f 1107//692 1118//684 1117//684
f 1125//699 170//111 169//110
f 1120//696 1126//700 1125//699
f 1121//697 1127//701 1126//700
f 1122//698 1128//702 1127//701
f 1123//40 1129//703 1128//702
f 1124//40 1130//40 1129//703
f 1133//706 172//113 170//111
f 1126//700 1134//707 1133//706
f 1127//701 1135//708 1134//707
f 1128//702 1136//709 1135//708
f 1129//703 1138//711 1136//709
f 1140//713 1139//712 1137//710
f 1140//713 1138//711 1129//703
f 1142//715 1141//714 1139//712
f 1131//704 1142//715 1140//713
f 1144//717 1143//716 1141//714
f 1132//705 1144//717 1142//715
f 1146//719 1145//718 176//117
f 1133//706 1146//719 177//118
f 1134//707 1147//720 1146//719
f 1135//708 1148//721 1147//720
f 1136//709 1149//722 1148//721
f 1151//724 1138//711 1137//710
f 1151//724 1149//722 1136//709
f 1152//725 1150//723 1137//710
f 1141//714 1153//726 1152//725
f 1143//716 1154//727 1153//726
f 1155//728 182//123 176//117
f 1156//729 1155//728 1145//718
f 1157//730 1155//728 1156//729
f 1147//720 1158//731 1156//729
f 1148//721 1159//732 1158//731
f 1160//733 1159//732 1148//721
f 1151//724 1150//723 1161//734
f 1151//724 1162//735 1160//733
f 1152//725 1163//736 1161//734
f 1164//737 1162//735 1161//734
f 1153//726 1165//738 1163//736
f 1154//727 1166//739 1165//738
f 1060//40 1167//40 196//40
f 1168//40 1167//40 1060//40
f 1169//40 1167//40 1168//40
f 1062//40 1170//40 1168//40
f 1172//40 1171//40 1169//40
f 1063//40 1172//40 1170//40
f 1174//40 1173//40 1171//40
f 1064//40 1174//40 1172//40
f 1176//40 1175//40 1173//40
f 1065//40 1176//40 1174//40
f 1178//40 1177//40 1175//40
f 1066//40 1178//40 1176//40
f 1180//741 1179//740 1177//40
f 1067//669 1180//741 1178//40
f 1181//742 1179//740 1180//741
f 1068//670 1182//743 1180//741
f 1184//40 1183//40 211//40
f 1184//40 212//40 196//40
f 1186//40 1185//40 1183//40
f 1169//40 1186//40 1184//40
f 1187//40 1185//40 1186//40
f 1171//40 1188//40 1186//40
f 1189//40 1188//40 1171//40
f 1175//40 1190//40 1189//40
f 1177//40 1191//40 1190//40
f 1179//740 1192//744 1191//40
f 1181//742 1193//745 1192//744
f 1194//746 1193//745 1181//742
f 1183//40 1195//747 222//156
f 1185//40 1196//40 1195//747
f 1187//40 1197//40 1196//40
f 1198//40 1197//40 1187//40
f 1199//40 1197//40 1198//40
f 1189//40 1200//40 1198//40
f 1202//40 1201//40 1199//40
f 1190//40 1202//40 1200//40
f 1204//40 1203//40 1201//40
f 1191//40 1204//40 1202//40
f 1206//749 1205//748 1203//40
f 1192//744 1206//749 1204//40
f 1208//751 1207//750 1205//748
f 1208//751 1206//749 1192//744
f 1209//752 1119//695 169//110
f 1209//752 234//168 222//156
f 1210//753 1120//696 1119//695
f 1210//753 1209//752 1195//747
f 1211//40 1121//697 1120//696
f 1211//40 1210//753 1196//40
f 1212//40 1122//698 1121//697
f 1199//40 1212//40 1211//40
f 1213//40 1123//40 1122//698
f 1201//40 1213//40 1212//40
f 1124//40 1123//40 1213//40
f 1203//40 1214//40 1213//40
f 1215//754 1214//40 1203//40
f 1207//750 1216//755 1215//754
f 1217//40 1130//40 1124//40
f 1131//704 1130//40 1217//40
f 1215//754 1218//756 1217//40
f 1219//757 1132//705 1131//704
f 1219//757 1218//756 1215//754
f 1221//759 1143//716 1144//717
f 1220//758 1222//760 1144//717
f 1221//759 1224//762 1154//727
f 1225//763 1224//762 1221//759
f 1223//761 1226//764 1225//763
f 1224//762 1227//765 1166//739
f 1225//763 1228//766 1227//765
f 1229//767 1228//766 1225//763
f 1108//693 1230//768 1182//743
f 1231//684 1230//768 1108//693
f 1111//684 1232//684 1231//684
f 1233//684 1232//684 1111//684
f 1234//684 1233//684 1112//684
f 1235//684 1233//684 1234//684
f 1114//684 1236//684 1234//684
f 1237//684 1236//684 1114//684
f 1238//684 1236//684 1237//684
f 1116//684 1239//684 1237//684
f 1240//684 1239//684 1116//684
f 1241//684 1239//684 1240//684
f 1118//684 1242//684 1240//684
f 1244//769 1193//745 1194//746
f 1230//768 1245//770 1194//746
f 1246//684 1245//770 1230//768
f 1247//684 1245//770 1246//684
f 1232//684 1248//684 1246//684
f 1249//684 1248//684 1232//684
f 1250//684 1248//684 1249//684
f 1235//684 1251//684 1249//684
f 1252//684 1251//684 1235//684
f 1253//684 1251//684 1252//684
f 1238//684 1254//684 1252//684
f 1255//684 1254//684 1238//684
f 1241//684 1256//684 1255//684
f 1257//684 1256//684 1241//684
f 1243//684 1258//684 1257//684
f 1259//771 1207//750 1208//751
f 1244//769 1260//772 1208//751
f 1261//684 1260//772 1244//769
f 1262//684 1260//772 1261//684
f 1247//684 1263//684 1261//684
f 1264//684 1263//684 1247//684
f 1250//684 1265//684 1264//684
f 1266//684 1265//684 1250//684
f 1253//684 1267//684 1266//684
f 1268//684 1267//684 1253//684
f 1269//684 1268//684 1254//684
f 1270//684 1268//684 1269//684
f 1256//684 1271//684 1269//684
f 1272//684 1271//684 1256//684
f 1273//684 1271//684 1272//684
f 1258//684 1274//684 1272//684
f 1259//771 1276//773 1216//755
f 1277//774 1276//773 1259//771
f 1262//684 1278//684 1277//774
f 1279//684 1278//684 1262//684
f 1280//684 1279//684 1263//684
f 1281//684 1279//684 1280//684
f 1265//684 1282//684 1280//684
f 1283//684 1282//684 1265//684
f 1284//684 1282//684 1283//684
f 1267//684 1285//684 1283//684
f 1286//684 1285//684 1267//684
f 1287//684 1285//684 1286//684
f 1270//684 1288//684 1286//684
f 1289//684 1288//684 1270//684
f 1290//684 1288//684 1289//684
f 1273//684 1291//684 1289//684
f 1292//684 1291//684 1273//684
f 1293//684 1291//684 1292//684
f 1275//684 1294//684 1292//684
f 1220//758 1132//705 1219//757
f 1276//773 1295//775 1219//757
f 1296//776 1295//775 1276//773
f 1297//777 1295//775 1296//776
f 1278//684 1298//684 1296//776
f 1299//684 1298//684 1278//684
f 1300//684 1298//684 1299//684
f 1281//684 1301//684 1299//684
f 1302//684 1301//684 1281//684
f 1303//684 1301//684 1302//684
f 1284//684 1304//684 1302//684
f 1305//684 1304//684 1284//684
f 1287//684 1306//778 1305//684
f 1307//779 1306//778 1287//684
f 1290//684 1308//780 1307//779
f 1309//781 1308//780 1290//684
f 1293//684 1310//782 1309//781
f 1311//783 1310//782 1293//684
f 1313//785 1222//760 1220//758
f 1223//761 1222//760 1313//785
f 1297//777 1314//786 1313//785
f 1315//787 1314//786 1297//777
f 1300//684 1316//788 1315//787
f 1317//789 1316//788 1300//684
f 1303//684 1318//790 1317//789
f 1319//791 1318//790 1303//684
f 1320//792 1319//791 1304//684
f 1321//793 1319//791 1320//792
f 1306//778 1322//794 1320//792
f 1323//795 1322//794 1306//778
f 1324//796 1322//794 1323//795
f 1308//780 1325//797 1323//795
f 1326//798 1325//797 1308//780
f 1327//799 1326//798 1309//781
f 1328//800 1327//799 1310//782
f 1312//784 1329//801 1328//800
f 1330//802 1226//764 1223//761
f 1331//803 1330//802 1314//786
f 1332//804 1330//802 1331//803
f 1316//788 1333//805 1331//803
f 1334//806 1333//805 1316//788
f 1335//807 1333//805 1334//806
f 1318//790 1336//808 1334//806
f 1337//809 1336//808 1318//790
f 1321//793 1338//810 1337//809
f 1339//811 1338//810 1321//793
f 1324//796 1341//813 1339//811
f 1341//813 1342//814 1340//812
f 1342//814 1341//813 1324//796
f 1343//815 1342//814 1325//797
f 1327//799 1344//816 1343//815
f 1328//800 1345//817 1344//816
f 1346//818 1345//817 1328//800
f 1347//819 1229//767 1226//764
f 1332//804 1348//820 1347//819
f 1349//821 1348//820 1332//804
f 1335//807 1351//823 1349//821
f 1351//823 1352//824 1350//822
f 1336//808 1352//824 1351//823
f 1337//809 1353//825 1352//824
f 1355//826 1353//825 1337//809
f 1355//826 1356//827 1354//822
f 1339//811 1356//827 1355//826
f 1340//812 1357//822 1356//827
f 1358//822 1357//822 1340//812
f 1343//815 1359//822 1358//822
f 1361//822 1359//822 1343//815
f 1361//822 1362//822 1360//822
f 1345//817 1362//822 1361//822
f 1365//830 1364//829 346//248
f 1366//831 1365//830 347//249
f 1369//834 1368//833 1363//828
f 1370//835 1369//834 1364//829
f 1373//838 1372//837 1367//832
f 1373//838 1368//833 1369//834
f 1375//275 1374//839 1369//834
f 1377//841 1376//840 1371//836
f 1377//841 1372//837 1373//838
f 1378//842 1373//838 1374//839
f 1380//275 1379//275 1374//839
f 1381//843 958//599 956//597
f 1381//843 1376//840 1377//841
f 1382//844 1377//841 1378//842
f 1384//275 1383//275 1378//842
f 960//601 958//599 1381//843
f 1385//845 1381//843 1382//844
f 1386//846 1382//844 1383//275
f 1388//275 1387//847 1383//275
f 962//603 960//601 1385//845
f 1389//848 1385//845 1386//846
f 1390//849 1386//846 1387//847
f 1392//851 1391//850 1387//847
f 964//605 962//603 1389//848
f 1394//853 1393//852 1389//848
f 1395//854 1394//853 1390//849
f 1397//855 1396//5 378//5
f 1397//855 379//5 380//276
f 1399//857 1398//856 380//276
f 1399//857 1364//829 1363//828
f 1399//857 381//277 346//248
f 1366//831 1401//275 1400//275
f 1366//831 348//250 382//278
f 1402//275 1401//275 382//278
f 1402//275 383//279 384//275
f 1405//858 1404//5 1396//5
f 1406//859 1405//858 1397//855
f 1406//859 1368//833 1367//832
f 1406//859 1398//856 1363//828
f 1370//835 1365//830 1400//275
f 1408//275 1407//275 1400//275
f 1408//275 1401//275 1402//275
f 1409//275 1402//275 1403//275
f 1411//860 967//5 965//5
f 1412//861 1411//860 1404//5
f 1412//861 1372//837 1371//836
f 1412//861 1405//858 1367//832
f 1413//275 1375//275 1370//835
f 1414//275 1413//275 1407//275
f 1414//275 1408//275 1409//275
f 1415//275 1409//275 1410//275
f 1417//862 970//5 967//5
f 1417//862 1376//840 956//597
f 1417//862 1411//860 1371//836
f 1380//275 1419//275 1418//275
f 1380//275 1375//275 1413//275
f 1420//275 1419//275 1413//275
f 1420//275 1414//275 1415//275
f 1421//275 1415//275 1416//275
f 1384//275 1379//275 1418//275
f 1424//275 1423//275 1418//275
f 1424//275 1419//275 1420//275
f 1425//275 1420//275 1421//275
f 1426//275 1421//275 1422//275
f 1428//863 1388//275 1384//275
f 1429//275 1428//863 1423//275
f 1429//275 1424//275 1425//275
f 1430//275 1425//275 1426//275
f 1431//275 1426//275 1427//275
f 1392//851 1434//865 1433//864
f 1392//851 1388//275 1428//863
f 1435//866 1434//865 1428//863
f 1435//866 1429//275 1430//275
f 1436//867 1430//275 1431//275
f 1437//868 1431//275 1432//275
f 1439//870 980//617 964//605
f 1440//871 1439//870 1393//852
f 1395//854 1441//872 1440//871
f 1395//854 1391//850 1433//864
f 1442//873 1441//872 1433//864
f 1442//873 1434//865 1435//866
f 1443//874 1435//866 1436//867
f 1444//875 1436//867 1437//868
f 1445//876 1437//868 1438//869
f 1447//5 983//5 7//5
f 1447//5 411//5 378//5
f 1448//5 986//5 983//5
f 1448//5 1404//5 965//5
f 1448//5 1447//5 1396//5
f 1403//275 384//275 483//275
f 1449//275 483//275 484//275
f 1450//275 484//275 485//336
f 1452//879 1451//878 485//336
f 1410//275 1403//275 1449//275
f 1453//275 1449//275 1450//275
f 1455//275 1454//275 1450//275
f 1416//275 1410//275 1453//275
f 1456//275 1453//275 1454//275
f 1458//275 1457//275 1454//275
f 1422//275 1416//275 1456//275
f 1459//275 1456//275 1457//275
f 1461//275 1460//275 1457//275
f 1427//275 1422//275 1459//275
f 1463//275 1462//275 1459//275
f 1432//275 1427//275 1462//275
f 1465//275 1464//275 1462//275
f 1438//869 1432//275 1464//275
f 1467//275 1466//880 1464//275
f 1468//881 1446//877 1438//869
f 1452//879 1470//883 1469//882
f 1452//879 486//337 503//354
f 1470//883 503//354 504//355
f 1455//275 1451//878 1469//882
f 1474//887 1473//886 1469//882
f 1474//887 1470//883 1471//884
f 1475//888 1471//884 1472//885
f 1477//275 1458//275 1455//275
f 1478//890 1477//275 1473//886
f 1479//891 1478//890 1474//887
f 1479//891 1475//888 1476//889
f 1461//275 1482//275 1481//275
f 1461//275 1458//275 1477//275
f 1483//893 1482//275 1477//275
f 1483//893 1478//890 1479//891
f 1484//894 1479//891 1480//892
f 1463//275 1460//275 1481//275
f 1487//275 1486//275 1481//275
f 1487//275 1482//275 1483//893
f 1488//896 1483//893 1484//894
f 1489//897 1484//894 1485//895
f 1492//275 1465//275 1463//275
f 1493//275 1492//275 1486//275
f 1493//275 1487//275 1488//896
f 1494//275 1488//896 1489//897
f 1496//901 1495//900 1489//897
f 1496//901 1490//898 1491//899
f 1467//275 1499//904 1498//903
f 1467//275 1465//275 1492//275
f 1500//905 1499//904 1492//275
f 1500//905 1493//275 1494//275
f 1501//906 1494//275 1495//900
f 1502//907 1495//900 1496//901
f 1503//908 1496//901 1497//902
f 1468//881 1466//880 1498//903
f 1506//911 1505//910 1498//903
f 1506//911 1499//904 1500//905
f 1507//912 1500//905 1501//906
f 1508//913 1501//906 1502//907
f 1509//914 1502//907 1503//908
f 1510//915 1503//908 1504//909
f 1512//917 1471//884 504//355
f 1512//917 522//365 523//363
f 1472//885 1471//884 1512//917
f 1514//918 1476//889 1472//885
f 1516//919 1480//892 1476//889
f 1516//919 1514//918 1515//363
f 1485//895 1480//892 1516//919
f 1519//921 1518//920 1516//919
f 1520//922 1490//898 1485//895
f 1520//922 1518//920 1519//921
f 1491//899 1490//898 1520//922
f 1523//925 1497//902 1491//899
f 1523//925 1521//923 1522//924
f 1504//909 1497//902 1523//925
f 1526//928 1525//927 1523//925
f 1511//916 1504//909 1525//927
f 1527//929 1525//927 1526//928
f 1529//363 1513//363 523//363
f 1530//363 1529//363 541//363
f 1531//363 1514//918 1513//363
f 1531//363 1529//363 1530//363
f 1515//363 1514//918 1531//363
f 1534//363 1517//363 1515//363
f 1534//363 1532//363 1533//363
f 1536//363 1519//921 1517//363
f 1537//363 1536//363 1534//363
f 1538//363 1521//923 1519//921
f 1538//363 1536//363 1537//363
f 1522//924 1521//923 1538//363
f 1540//931 1524//926 1522//924
f 1541//932 1526//928 1524//926
f 1542//933 1528//930 1526//928
f 1543//363 1530//363 542//363
f 1544//363 1543//363 561//363
f 1545//363 1532//363 1530//363
f 1545//363 1543//363 1544//363
f 1533//363 1532//363 1545//363
f 1547//363 1535//363 1533//363
f 1548//363 1537//363 1535//363
f 1549//363 1539//363 1537//363
f 1550//363 1544//363 562//363
f 1551//363 1546//363 1544//363
f 1540//931 1539//363 1553//935
f 1555//937 1541//932 1540//931
f 1542//933 1541//932 1555//937
f 1552//934 1528//930 1542//933
f 1547//363 1546//363 1557//363
f 1559//939 1548//363 1547//363
f 1549//363 1548//363 1559//939
f 1553//935 1539//363 1549//363
f 1561//941 1554//936 1553//935
f 1562//942 1555//937 1554//936
f 1563//943 1556//938 1555//937
f 1550//363 580//363 595//363
f 1551//363 1550//363 1564//363
f 1557//363 1546//363 1551//363
f 1566//363 1558//363 1557//363
f 1568//945 1559//939 1558//363
f 1568//945 1566//363 1567//944
f 1570//947 1560//940 1559//939
f 1571//948 1570//947 1568//945
f 1561//941 1560//940 1570//947
f 1572//949 1570//947 1571//948
f 1562//942 1561//941 1572//949
f 1575//952 1574//951 1572//949
f 1576//953 1563//943 1562//942
f 1577//363 1564//363 595//363
f 1577//363 599//363 600//363
f 1579//363 1565//363 1564//363
f 1580//955 1579//363 1577//363
f 1581//956 1566//363 1565//363
f 1581//956 1579//363 1580//955
f 1567//944 1566//363 1581//956
f 1584//959 1569//946 1567//944
f 1584//959 1582//957 1583//958
f 1586//961 1571//948 1569//946
f 1587//962 1573//950 1571//948
f 1575//952 1589//563 1588//563
f 1575//952 1573//950 1587//962
f 1576//953 1574//951 1588//563
f 1591//963 1071//673 980//617
f 1592//964 1591//963 1439//870
f 1593//965 1592//964 1440//871
f 1593//965 1441//872 1442//873
f 1594//966 1442//873 1443//874
f 1595//967 1443//874 1444//875
f 1596//968 1444//875 1445//876
f 1597//969 1445//876 1446//877
f 1599//971 1073//675 1071//673
f 1600//972 1599//971 1591//963
f 1601//972 1600//972 1592//964
f 1602//972 1601//972 1593//965
f 1603//972 1602//972 1594//966
f 1604//973 1603//972 1595//967
f 1597//969 1605//974 1604//973
f 1606//975 1605//974 1597//969
f 1074//676 1073//675 1599//971
f 1608//972 1607//976 1599//971
f 1609//972 1608//972 1600//972
f 1610//972 1609//972 1601//972
f 1611//972 1610//972 1602//972
f 1612//972 1611//972 1603//972
f 1613//972 1612//972 1604//973
f 1614//972 1613//972 1605//974
f 1615//977 1079//681 1074//676
f 1616//978 1615//977 1607//976
f 1617//972 1616//978 1608//972
f 1618//972 1617//972 1609//972
f 1619//972 1618//972 1610//972
f 1620//972 1619//972 1611//972
f 1621//972 1620//972 1612//972
f 1622//972 1621//972 1613//972
f 1080//682 1079//681 1615//977
f 1624//980 1623//979 1615//977
f 1625//972 1624//980 1616//978
f 1626//972 1625//972 1617//972
f 1627//972 1626//972 1618//972
f 1628//972 1627//972 1619//972
f 1629//972 1628//972 1620//972
f 1630//972 1629//972 1621//972
f 1631//981 1087//686 1080//682
f 1632//982 1631//981 1623//979
f 1633//972 1632//982 1624//980
f 1634//972 1633//972 1625//972
f 1635//972 1634//972 1626//972
f 1636//972 1635//972 1627//972
f 1637//972 1636//972 1628//972
f 1638//972 1637//972 1629//972
f 1639//983 1631//981 1632//982
f 1641//972 1640//984 1632//982
f 1642//972 1641//972 1633//972
f 1643//972 1642//972 1634//972
f 1644//972 1643//972 1635//972
f 1645//972 1644//972 1636//972
f 1646//972 1645//972 1637//972
f 1647//985 1094//688 1087//686
f 1095//689 1094//688 1647//985
f 1639//983 1648//986 1647//985
f 1649//987 1648//986 1639//983
f 1650//988 1649//987 1640//984
f 1651//972 1650//988 1641//972
f 1652//972 1651//972 1642//972
f 1653//972 1652//972 1643//972
f 1654//972 1653//972 1644//972
f 1655//972 1654//972 1645//972
f 1656//989 1648//986 1649//987
f 1658//991 1657//990 1649//987
f 1659//972 1658//991 1650//988
f 1660//972 1659//972 1651//972
f 1661//972 1660//972 1652//972
f 1662//972 1661//972 1653//972
f 1663//972 1662//972 1654//972
f 1664//992 1106//684 1095//689
f 1107//692 1106//684 1664//992
f 1656//989 1665//993 1664//992
f 1666//994 1665//993 1656//989
f 1667//995 1666//994 1657//990
f 1668//972 1667//995 1658//991
f 1669//972 1668//972 1659//972
f 1670//972 1669//972 1660//972
f 1671//972 1670//972 1661//972
f 1672//972 1671//972 1662//972
f 1673//996 1666//994 1667//995
f 1675//972 1674//997 1667//995
f 1676//972 1675//972 1668//972
f 1677//972 1676//972 1669//972
f 1678//972 1677//972 1670//972
f 1679//972 1678//972 1671//972
f 1680//998 1118//684 1107//692
f 1681//999 1680//998 1665//993
f 1682//1000 1680//998 1681//999
f 1673//996 1683//1001 1681//999
f 1684//1002 1683//1001 1673//996
f 1685//1003 1684//1002 1674//997
f 1686//972 1685//1003 1675//972
f 1687//972 1686//972 1676//972
f 1688//972 1687//972 1677//972
f 1689//972 1688//972 1678//972
f 1690//1004 1683//1001 1684//1002
f 1692//1006 1691//1005 1684//1002
f 1693//972 1692//1006 1685//1003
f 1694//972 1693//972 1686//972
f 1695//972 1694//972 1687//972
f 1696//1007 1695//972 1688//972
f 1697//1008 1598//970 1446//877
f 1697//1008 1698//1009 1606//975
f 1697//1008 1468//881 1505//910
f 1699//1010 1698//1009 1505//910
f 1699//1010 1506//911 1507//912
f 1700//1011 1507//912 1508//913
f 1702//1013 1701//1012 1508//913
f 1703//1014 1702//1013 1509//914
f 1704//1015 1703//1014 1510//915
f 1705//1016 1614//972 1606//975
f 1699//1010 1707//1018 1706//1017
f 1700//1011 1708//1019 1707//1018
f 1709//1020 1708//1019 1700//1011
f 1710//1021 1709//1020 1701//1012
f 1711//1022 1710//1021 1702//1013
f 1704//1015 1712//1023 1711//1022
f 1704//1015 1511//916 1527//929
f 1713//1024 1712//1023 1527//929
f 1705//1016 1714//972 1622//972
f 1705//1016 1698//1009 1706//1017
f 1715//972 1714//972 1706//1017
f 1716//1025 1715//972 1707//1018
f 1717//1026 1716//1025 1708//1019
f 1718//1027 1717//1026 1709//1020
f 1719//1028 1718//1027 1710//1021
f 1720//1029 1719//1028 1711//1022
f 1721//1030 1720//1029 1712//1023
f 1722//972 1630//972 1622//972
f 1715//972 1725//972 1724//972
f 1726//972 1725//972 1715//972
f 1727//972 1726//972 1716//1025
f 1728//1032 1727//972 1717//1026
f 1719//1028 1729//1033 1728//1032
f 1720//1029 1730//1034 1729//1033
f 1721//1030 1731//1035 1730//1034
f 1721//1030 1713//1024 1723//1031
f 1722//972 1732//972 1638//972
f 1722//972 1714//972 1724//972
f 1733//972 1732//972 1724//972
f 1734//972 1733//972 1725//972
f 1735//972 1734//972 1726//972
f 1736//1036 1735//972 1727//972
f 1737//1037 1736//1036 1728//1032
f 1738//1038 1737//1037 1729//1033
f 1739//972 1646//972 1638//972
f 1740//972 1739//972 1732//972
f 1731//1035 1743//1041 1742//1040
f 1731//1035 1723//1031 1741//1039
f 1734//972 1745//1042 1744//972
f 1746//1043 1745//1042 1734//972
f 1736//1036 1747//1044 1746//1043
f 1737//1037 1748//1045 1747//1044
f 1738//1038 1749//1046 1748//1045
f 1738//1038 1730//1034 1742//1040
f 1750//972 1655//972 1646//972
f 1740//972 1751//972 1750//972
f 1740//972 1733//972 1744//972
f 1752//1047 1751//972 1744//972
f 1753//1048 1752//1047 1745//1042
f 1754//1049 1753//1048 1746//1043
f 1755//1050 1754//1049 1747//1044
f 1756//972 1663//972 1655//972
f 1757//972 1756//972 1750//972
f 1743//1041 1759//1052 1758//1051
f 1749//1046 1761//1054 1760//1053
f 1749//1046 1742//1040 1758//1051
f 1762//1055 1761//1054 1758//1051
f 1752//1047 1764//1057 1763//1056
f 1753//1048 1765//1058 1764//1057
f 1754//1049 1766//1059 1765//1058
f 1767//1060 1766//1059 1754//1049
f 1755//1050 1748//1045 1760//1053
f 1768//972 1672//972 1663//972
f 1757//972 1769//1061 1768//972
f 1757//972 1751//972 1763//1056
f 1770//1062 1769//1061 1763//1056
f 1770//1062 1764//1057 1765//1058
f 1772//1064 1771//1063 1765//1058
f 1773//972 1679//972 1672//972
f 1774//1065 1773//972 1768//972
f 1761//1054 1777//1054 1776//1054
f 1762//1055 1778//1067 1777//1054
f 1762//1055 1759//1052 1775//1066
f 1767//1060 1780//1054 1779//1068
f 1767//1060 1760//1053 1776//1054
f 1781//1054 1780//1054 1776//1054
f 1770//1062 1783//1070 1782//1069
f 1771//1063 1784//1071 1783//1070
f 1772//1064 1785//1072 1784//1071
f 1772//1064 1766//1059 1779//1068
f 1786//1073 1689//972 1679//972
f 1774//1065 1787//1074 1786//1073
f 1774//1065 1769//1061 1782//1069
f 1788//1075 1787//1074 1782//1069
f 1789//1076 1696//1007 1689//972
f 1790//1077 1789//1076 1786//1073
f 1713//1024 1528//930 1552//934
f 1791//1078 1792//1079 1723//1031
f 1792//1079 1791//1078 1552//934
f 1792//1079 1793//1080 1741//1039
f 1792//1079 1556//938 1563//943
f 1794//1081 1743//1041 1741//1039
f 1795//1082 1793//1080 1563//943
f 1794//1081 1796//1083 1759//1052
f 1794//1081 1793//1080 1795//1082
f 1797//1084 1795//1082 1576//953
f 1796//1083 1798//1085 1775//1066
f 1796//1083 1795//1082 1797//1084
f 1799//1086 1578//954 600//363
f 1799//1086 850//363 851//506
f 1801//1088 1580//955 1578//954
f 1802//1089 1801//1088 1799//1086
f 1803//1090 1582//957 1580//955
f 1803//1090 1801//1088 1802//1089
f 1583//958 1582//957 1803//1090
f 1585//960 1806//1093 1805//1092
f 1806//1093 1585//960 1583//958
f 1586//961 1584//959 1805//1092
f 1808//1095 1587//962 1586//961
f 1589//563 1810//563 1809//563
f 1589//563 1587//962 1808//1095
f 1590//563 1588//563 1809//563
f 1812//563 1811//563 1809//563
f 1813//1096 1800//1087 851//506
f 1814//1097 1802//1089 1800//1087
f 1815//1098 1804//1091 1802//1089
f 1806//1093 1817//563 1816//563
f 1806//1093 1804//1091 1815//1098
f 1807//1094 1805//1092 1816//563
f 1819//563 1818//563 1816//563
f 1820//563 1808//1095 1807//1094
f 1821//563 1810//563 1808//1095
f 1812//563 1823//563 1822//563
f 1812//563 1810//563 1821//563
f 1813//1096 864//514 877//525
f 1824//1099 877//525 878//526
f 1814//1097 1813//1096 1824//1099
f 1827//1102 1826//1101 1824//1099
f 1828//1103 1815//1098 1814//1097
f 1829//563 1817//563 1815//1098
f 1819//563 1831//563 1830//563
f 1819//563 1817//563 1829//563
f 1820//563 1818//563 1830//563
f 1833//563 1832//563 1830//563
f 1834//563 1821//563 1820//563
f 1835//563 1823//563 1821//563
f 1836//1104 1825//1100 878//526
f 1827//1102 1838//563 1837//563
f 1827//1102 1825//1100 1836//1104
f 1828//1103 1826//1101 1837//563
f 1840//563 1839//563 1837//563
f 1841//563 1829//563 1828//1103
f 1842//563 1831//563 1829//563
f 1833//563 1844//563 1843//563
f 1833//563 1831//563 1842//563
f 1834//563 1832//563 1843//563
f 1846//563 1835//563 1834//563
f 1847//1105 1836//1104 893//539
f 1838//563 1836//1104 1847//1105
f 1840//563 1850//563 1849//563
f 1840//563 1838//563 1848//563
f 1841//563 1839//563 1849//563
f 1852//563 1842//563 1841//563
f 1844//563 1854//563 1853//563
f 1844//563 1842//563 1852//563
f 1845//563 1843//563 1853//563
f 1856//563 1855//563 1853//563
f 1857//563 1846//563 1845//563
f 1847//1105 909//552 923//563
f 1859//563 1848//563 1847//1105
f 1850//563 1861//563 1860//563
f 1850//563 1848//563 1859//563
f 1851//563 1849//563 1860//563
f 1863//563 1862//563 1860//563
f 1864//563 1852//563 1851//563
f 1865//563 1854//563 1852//563
f 1856//563 1867//563 1866//563
f 1856//563 1854//563 1865//563
f 1857//563 1855//563 1866//563
f 1869//563 1868//563 1866//563
f 1858//563 923//563 937//578
f 1871//1107 1870//1106 937//578
f 1872//1108 1859//563 1858//563
f 1873//563 1861//563 1859//563
f 1863//563 1875//563 1874//563
f 1863//563 1861//563 1873//563
f 1864//563 1862//563 1874//563
f 1877//563 1865//563 1864//563
f 1867//563 1865//563 1877//563
f 1869//563 1880//563 1879//563
f 1869//563 1867//563 1878//563
f 1882//1110 955//596 954//595
f 1882//1110 1881//1109 1870//1106
f 1871//1107 938//579 955//596
f 1883//1111 1872//1108 1870//1106
f 1884//1112 1873//563 1872//1108
f 1875//563 1886//1113 1885//563
f 1875//563 1873//563 1884//1112
f 1876//563 1874//563 1885//563
f 1888//1114 1887//563 1885//563
f 1877//563 1876//563 1887//563
f 1890//563 1878//563 1877//563
f 1880//563 1892//563 1891//563
f 1880//563 1878//563 1890//563
f 1893//684 1242//684 1118//684
f 1243//684 1242//684 1893//684
f 1682//1000 1894//684 1893//684
f 1895//1115 1894//684 1682//1000
f 1896//1116 1894//684 1895//1115
f 1690//1004 1897//1117 1895//1115
f 1898//1118 1897//1117 1690//1004
f 1899//1119 1898//1118 1691//1005
f 1900//972 1899//1119 1692//1006
f 1901//972 1900//972 1693//972
f 1902//1120 1901//972 1694//972
f 1903//1121 1902//1120 1695//972
f 1904//1122 1898//1118 1899//1119
f 1906//972 1905//1123 1899//1119
f 1907//972 1906//972 1900//972
f 1908//1124 1907//972 1901//972
f 1909//1125 1908//1124 1902//1120
f 1910//684 1258//684 1243//684
f 1896//1116 1911//684 1910//684
f 1912//1126 1911//684 1896//1116
f 1913//1127 1912//1126 1897//1117
f 1914//1128 1912//1126 1913//1127
f 1904//1122 1915//1129 1913//1127
f 1916//1130 1915//1129 1904//1122
f 1917//1131 1916//1130 1905//1123
f 1918//1132 1917//1131 1906//972
f 1908//1124 1919//1133 1918//1132
f 1920//1134 1919//1133 1908//1124
f 1921//684 1274//684 1258//684
f 1275//684 1274//684 1921//684
f 1911//684 1922//684 1921//684
f 1923//684 1922//684 1911//684
f 1924//684 1922//684 1923//684
f 1914//1128 1925//684 1923//684
f 1926//1135 1925//684 1914//1128
f 1928//684 1294//684 1275//684
f 1924//684 1929//1137 1928//684
f 1930//1138 1929//1137 1924//684
f 1932//1139 1311//783 1294//684
f 1312//784 1311//783 1932//1139
f 1929//1137 1933//1140 1932//1139
f 1934//1141 1933//1140 1929//1137
f 1936//1142 1329//801 1312//784
f 1346//818 1939//1144 1938//822
f 1936//1142 1939//1144 1346//818
f 1937//1143 1940//822 1939//1144
f 1938//822 1941//822 1362//822
f 1942//822 1941//822 1938//822
f 1940//822 1943//822 1942//822
f 1778//1067 1948//1147 1947//1054
f 1778//1067 1775//1066 1946//1146
f 1950//1054 1949//1054 1779//1068
f 1781//1054 1951//1054 1950//1054
f 1781//1054 1777//1054 1947//1054
f 1784//1071 1953//1054 1952//1148
f 1785//1072 1954//1054 1953//1054
f 1954//1054 1785//1072 1779//1068
f 1788//1075 1956//1150 1955//1149
f 1788//1075 1783//1070 1952//1148
f 1957//1054 1956//1150 1952//1148
f 1789//1076 1958//1151 1903//1121
f 1959//1152 1958//1151 1789//1076
f 1790//1077 1787//1074 1955//1149
f 1960//1153 1909//1125 1903//1121
f 1962//1154 1961//1054 1947//1054
f 1950//1054 1964//1054 1963//1054
f 1951//1054 1965//1054 1964//1054
f 1965//1054 1951//1054 1947//1054
f 1954//1054 1967//1054 1966//1054
f 1954//1054 1949//1054 1963//1054
f 1968//1054 1967//1054 1963//1054
f 1956//1150 1970//1054 1969//1155
f 1957//1054 1971//1054 1970//1054
f 1957//1054 1953//1054 1966//1054
f 1959//1152 1973//1157 1972//1156
f 1959//1152 1955//1149 1969//1155
f 1974//1054 1973//1157 1969//1155
f 1975//1158 1920//1134 1909//1125
f 1960//1153 1958//1151 1972//1156
f 1962//1154 1977//1159 1976//1054
f 1965//1054 1979//1054 1978//1054
f 1965//1054 1961//1054 1976//1054
f 1980//1054 1979//1054 1976//1054
f 1967//1054 1982//1054 1981//1054
f 1968//1054 1983//1054 1982//1054
f 1968//1054 1964//1054 1978//1054
f 1971//1054 1985//1054 1984//1054
f 1971//1054 1966//1054 1981//1054
f 1986//1054 1985//1054 1981//1054
f 1973//1157 1988//1054 1987//1160
f 1974//1054 1989//1054 1988//1054
f 1974//1054 1970//1054 1984//1054
f 1975//1158 1990//1161 1927//1136
f 1975//1158 1972//1156 1987//1160
f 1991//1054 1990//1161 1987//1160
f 1979//1054 1994//1054 1993//1054
f 1980//1054 1995//1054 1994//1054
f 1980//1054 1977//1159 1992//1162
f 1983//1054 1997//1054 1996//1054
f 1983//1054 1978//1054 1993//1054
f 1998//1054 1997//1054 1993//1054
f 2000//1054 1999//1054 1984//1054
f 1986//1054 2001//1054 2000//1054
f 1986//1054 1982//1054 1996//1054
f 1989//1054 2003//1054 2002//1054
f 2003//1054 1989//1054 1984//1054
f 1990//1161 2004//1054 1931//1054
f 1991//1054 2005//1054 2004//1054
f 1991//1054 1988//1054 2002//1054
f 1995//1054 2008//1054 2007//1054
f 1995//1054 1992//1162 2006//1163
f 2010//1054 2009//1054 1996//1054
f 1998//1054 2011//1054 2010//1054
f 1998//1054 1994//1054 2007//1054
f 2000//1054 2013//1054 2012//1054
f 2001//1054 2014//1054 2013//1054
f 2014//1054 2001//1054 1996//1054
f 2003//1054 2016//1054 2015//1054
f 2003//1054 1999//1054 2012//1054
f 2017//1054 2016//1054 2012//1054
f 2004//1054 2018//1054 1935//1054
f 2019//1054 2018//1054 2004//1054
f 2019//1054 2005//1054 2002//1054
f 2021//1054 2020//1054 2007//1054
f 2010//1054 2023//1054 2022//1054
f 2011//1054 2024//1054 2023//1054
f 2024//1054 2011//1054 2007//1054
f 2014//1054 2026//1054 2025//1054
f 2014//1054 2009//1054 2022//1054
f 2027//1054 2026//1054 2022//1054
f 2016//1054 2029//1054 2028//1054
f 2017//1054 2030//1054 2029//1054
f 2017//1054 2013//1054 2025//1054
f 2019//1054 2032//1054 2031//1054
f 2019//1054 2015//1054 2028//1054
f 2033//1054 2032//1054 2028//1054
f 2021//1054 2035//1054 2034//1054
f 2024//1054 2037//1054 2036//1054
f 2024//1054 2020//1054 2034//1054
f 2038//1054 2037//1054 2034//1054
f 2026//1054 2040//1054 2039//1054
f 2027//1054 2041//1054 2040//1054
f 2027//1054 2023//1054 2036//1054
f 2030//1054 2043//1054 2042//1164
f 2030//1054 2025//1054 2039//1054
f 2044//1054 2043//1054 2039//1054
f 2032//1054 2046//1166 2045//1165
f 2033//1054 2047//1167 2046//1166
f 2033//1054 2029//1054 2042//1164
f 2037//1054 2050//1054 2049//1054
f 2038//1054 2051//1054 2050//1054
f 2038//1054 2035//1054 2048//1054
f 2041//1054 2053//1054 2052//1168
f 2041//1054 2036//1054 2049//1054
f 2054//1054 2053//1054 2049//1054
f 2056//1170 2055//1169 2042//1164
f 2044//1054 2057//1171 2056//1170
f 2044//1054 2040//1054 2052//1168
f 2047//1167 2060//1174 2059//1173
f 2060//1174 2047//1167 2042//1164
f 2061//1175 1797//1084 1590//563
f 1798//1085 2062//1176 1946//1146
f 1798//1085 1797//1084 2061//1175
f 2063//1177 1948//1147 1946//1146
f 2061//1175 1811//563 1822//563
f 2065//563 2064//1178 1822//563
f 2066//1179 2062//1176 2061//1175
f 2063//1177 2067//1180 1962//1154
f 2063//1177 2062//1176 2066//1179
f 2065//563 2069//563 2068//1181
f 2065//563 1823//563 1835//563
f 2066//1179 2064//1178 2068//1181
f 2071//1183 1977//1159 1962//1154
f 2071//1183 2067//1180 2066//1179
f 2069//563 2073//563 2072//1184
f 2069//563 1835//563 1846//563
f 2070//1182 2068//1181 2072//1184
f 2075//1186 2074//1185 2072//1184
f 2071//1183 2076//1187 1992//1162
f 2076//1187 2071//1183 2070//1182
f 2077//563 2073//563 1846//563
f 2075//1186 2079//1189 2078//1188
f 2075//1186 2073//563 2077//563
f 2076//1187 2080//1190 2006//1163
f 2076//1187 2074//1185 2078//1188
f 2081//1191 2080//1190 2078//1188
f 2082//1192 2008//1054 2006//1163
f 2083//563 2077//563 1857//563
f 2084//1193 2079//1189 2077//563
f 2081//1191 2086//1195 2085//1194
f 2081//1191 2079//1189 2084//1193
f 2082//1192 2087//1196 2021//1054
f 2082//1192 2080//1190 2085//1194
f 2083//563 1868//563 1879//563
f 2089//1197 2084//1193 2083//563
f 2091//1199 2090//1198 2085//1194
f 2086//1195 2084//1193 2089//1197
f 2092//1200 2035//1054 2021//1054
f 2092//1200 2087//1196 2085//1194
f 2088//563 1879//563 1891//563
f 2094//563 2093//563 1891//563
f 2095//1201 2089//1197 2088//563
f 2091//1199 2097//1203 2096//1202
f 2091//1199 2089//1197 2095//1201
f 2092//1200 2098//1204 2048//1054
f 2092//1200 2090//1198 2096//1202
f 2099//1205 2098//1204 2096//1202
f 2100//1206 1915//1129 1916//1130
f 2101//1207 1916//1130 1917//1131
f 2103//1209 2102//1208 1917//1131
f 2103//1209 1918//1132 1919//1133
f 2105//1211 2104//1210 1919//1133
f 2106//1212 1925//684 1926//1135
f 2100//1206 2107//1213 1926//1135
f 2108//1214 2107//1213 2100//1206
f 2109//1215 2108//1214 2101//1207
f 2103//1209 2110//1216 2109//1215
f 2111//1217 2110//1216 2103//1209
f 2105//1211 2112//1218 2111//1217
f 2105//1211 1920//1134 1927//1136
f 2113//1219 2108//1214 2109//1215
f 2115//1221 2114//1220 2109//1215
f 2106//1212 2116//1222 1930//1138
f 2117//1223 2116//1222 2106//1212
f 2118//1224 2117//1223 2107//1213
f 2111//1217 2120//1226 2119//1225
f 2121//1227 2120//1226 2111//1217
f 2121//1227 2112//1218 1927//1136
f 2122//1228 2117//1223 2118//1224
f 2113//1219 2123//1229 2118//1224
f 2124//1230 2123//1229 2113//1219
f 2115//1221 2125//1231 2124//1230
f 2115//1221 2110//1216 2119//1225
f 2126//1232 2125//1231 2119//1225
f 2127//1233 2123//1229 2124//1230
f 2129//1235 1933//1140 1934//1141
f 2116//1222 2130//1236 1934//1141
f 2131//1237 2130//1236 2116//1222
f 2121//1227 2133//1239 2132//1238
f 2121//1227 1931//1054 1935//1054
f 2122//1228 2134//1240 2131//1237
f 2135//1241 2134//1240 2122//1228
f 2137//1243 2136//1242 2124//1230
f 2126//1232 2138//1244 2137//1243
f 2126//1232 2120//1226 2132//1238
f 2127//1233 2139//1245 2135//1241
f 2128//1234 2140//1246 2139//1245
f 2128//1234 2124//1230 2136//1242
f 2129//1235 2141//1247 1936//1142
f 2141//1247 2142//1248 1937//1143
f 2142//1248 2141//1247 2129//1235
f 2131//1237 2143//1249 2142//1248
f 2145//1251 2144//1250 2132//1238
f 2134//1240 2146//1252 2143//1249
f 2135//1241 2147//1253 2146//1252
f 2149//1255 2148//1254 2136//1242
f 2138//1244 2150//1256 2149//1255
f 2150//1256 2138//1244 2132//1238
f 2151//1257 2147//1253 2135//1241
f 2151//1257 2152//1258 2148//1254
f 2152//1258 2151//1257 2139//1245
f 2152//1258 2140//1246 2136//1242
f 2153//822 1940//822 1937//1143
f 2143//1249 2154//1259 2153//822
f 2159//1263 2158//1262 2144//1250
f 2160//1264 2154//1259 2143//1249
f 2160//1264 2161//1265 2155//1260
f 2147//1253 2161//1265 2160//1264
f 2148//1254 2162//1266 2161//1265
f 2163//1267 2157//1261 2156//1261
f 2149//1255 2163//1267 2162//1266
f 2164//1268 2158//1262 2157//1261
f 2164//1268 2163//1267 2149//1255
f 2164//1268 2150//1256 2144//1250
f 2165//822 1943//822 1940//822
f 2165//822 2166//1269 1944//822
f 2154//1259 2166//1269 2165//822
f 2155//1260 2167//1270 2166//1269
f 2169//1261 2168//1271 2156//1261
f 2170//1272 2169//1261 2157//1261
f 2159//1263 2171//1273 2170//1272
f 2172//1274 2167//1270 2155//1260
f 2172//1274 2173//1275 2168//1271
f 2162//1266 2173//1275 2172//1274
f 2173//1275 2162//1266 2156//1261
f 2174//1276 2133//1239 1935//1054
f 2174//1276 2175//1277 2145//1251
f 2174//1276 2018//1054 2031//1054
f 2175//1277 2176//1278 2159//1263
f 2175//1277 2031//1054 2045//1165
f 2177//1279 2176//1278 2045//1165
f 2178//1280 2058//1172 1945//1145
f 2178//1280 2171//1273 2159//1263
f 2179//1281 2059//1173 2058//1172
f 2177//1279 2179//1281 2178//1280
f 2177//1279 2046//1166 2059//1173
f 164//94 163//105 2181//94
f 164//94 2182//94 2180//94
f 167//108 166//107 2183//1282
f 168//109 167//108 2184//1283
f 168//109 2185//1284 2181//94
f 2182//94 2181//94 2186//94
f 2185//1284 2184//1283 2188//1285
f 2185//1284 2189//1286 2186//94
f 2190//94 2187//94 2186//94
f 2193//1288 2189//1286 2188//1285
f 2190//94 2189//1286 2193//1288
f 2190//94 2194//94 2191//94
f 2193//1288 2192//1287 2196//1289
f 2198//94 2194//94 2193//1288
f 2198//94 2195//94 2191//94
f 2198//94 2197//94 2200//94
f 2198//94 2201//94 2199//94
f 2201//94 2200//94 2202//94
f 2207//1294 181//122 180//121
f 181//122 2207//1294 2205//1292
f 2208//1295 2206//1293 180//121
f 2207//1294 2206//1293 2210//1297
f 2207//1294 2211//1298 2209//1296
f 2208//1295 2212//1299 2210//1297
f 2213//1300 2211//1298 2210//1297
f 2215//1302 2214//1301 2209//1296
f 2213//1300 2216//1303 2215//1302
f 269//203 268//202 2217//1304
f 270//204 269//203 2218//1305
f 270//204 2219//1306 2183//1282
f 2220//1307 2184//1283 2183//1282
f 272//206 2221//1308 2217//1304
f 2222//1309 2218//1305 2217//1304
f 274//208 273//207 2223//1310
f 274//208 2224//1311 2221//1308
f 276//210 275//209 2225//1312
f 276//210 2226//1313 2223//1310
f 277//211 2227//1314 2225//1312
f 2228//1315 2226//1313 2225//1312
f 278//212 179//120 2205//1292
f 278//212 2229//1316 2227//1314
f 2219//1306 2218//1305 2230//1317
f 2220//1307 2219//1306 2231//1318
f 2220//1307 2232//1319 2188//1285
f 2222//1309 2221//1308 2233//1320
f 2222//1309 2234//1321 2230//1317
f 2224//1311 2223//1310 2235//1322
f 2224//1311 2236//1323 2233//1320
f 2226//1313 2237//1324 2235//1322
f 2238//1325 2236//1323 2235//1322
f 2228//1315 2227//1314 2239//1326
f 2240//1327 2237//1324 2226//1313
f 2241//1328 2229//1316 2205//1292
f 2229//1316 2241//1328 2239//1326
f 2231//1318 2230//1317 2242//1329
f 2244//1331 2232//1319 2231//1318
f 2244//1331 2192//1287 2188//1285
f 2234//1321 2233//1320 2245//1332
f 2234//1321 2246//1333 2242//1329
f 2247//1334 2243//1330 2242//1329
f 2236//1323 2248//1335 2245//1332
f 2238//1325 2237//1324 2249//1336
f 2238//1325 2250//1337 2248//1335
f 2252//1339 2240//1327 2239//1326
f 2240//1327 2252//1339 2249//1336
f 2241//1328 2209//1296 2214//1301
f 2241//1328 2253//1340 2251//1338
f 2254//1341 2253//1340 2214//1301
f 2216//1303 2255//1342 2254//1341
f 2244//1331 2243//1330 2256//1343
f 2244//1331 2257//1344 2196//1289
f 2258//94 2197//94 2196//1289
f 2246//1333 2245//1332 2259//1345
f 2247//1334 2246//1333 2260//1346
f 2247//1334 2261//1347 2256//1343
f 2248//1335 2262//1348 2259//1345
f 2263//1349 2260//1346 2259//1345
f 2265//1351 2250//1337 2249//1336
f 2265//1351 2262//1348 2248//1335
f 2252//1339 2251//1338 2266//1352
f 2252//1339 2267//1353 2264//1350
f 2268//1354 2266//1352 2251//1338
f 2269//1355 2267//1353 2266//1352
f 2254//1341 2270//1356 2268//1354
f 2270//1356 2271//1357 2269//1355
f 2255//1342 2272//1358 2270//1356
f 2273//1359 2271//1357 2270//1356
f 2257//1344 2256//1343 2274//1360
f 2258//94 2257//1344 2275//1361
f 2258//94 2276//94 2200//94
f 2261//1347 2260//1346 2277//1362
f 2261//1347 2278//1363 2274//1360
f 2279//1364 2275//1361 2274//1360
f 2263//1349 2262//1348 2280//1365
f 2263//1349 2281//1366 2277//1362
f 2265//1351 2264//1350 2282//1367
f 2265//1351 2283//1368 2280//1365
f 2267//1353 2284//1369 2282//1367
f 2285//1370 2283//1368 2282//1367
f 2286//1371 2284//1369 2267//1353
f 2271//1357 2287//1372 2286//1371
f 2273//1359 2272//1358 2288//1373
f 2273//1359 2289//1374 2287//1372
f 2276//94 2275//1361 2290//94
f 2276//94 2291//94 2202//94
f 2292//1375 2203//1290 2202//94
f 2294//1377 2278//1363 2277//1362
f 2279//1364 2278//1363 2294//1377
f 2279//1364 2295//94 2290//94
f 2297//1379 2281//1366 2280//1365
f 2297//1379 2293//1376 2277//1362
f 2298//1380 2296//1378 2280//1365
f 2285//1370 2284//1369 2299//1381
f 2285//1370 2300//1382 2298//1380
f 2286//1371 2301//1383 2299//1381
f 2302//1384 2300//1382 2299//1381
f 2287//1372 2303//1385 2301//1383
f 2304//1386 2302//1384 2301//1383
f 2305//1387 2303//1385 2287//1372
f 2307//1388 2291//94 2290//94
f 2292//1375 2291//94 2307//1388
f 2292//1375 2308//1389 2204//1291
f 2294//1377 2293//1376 2309//1390
f 2295//94 2294//1377 2310//1391
f 2311//1392 2306//94 2290//94
f 2297//1379 2296//1378 2312//1393
f 2297//1379 2313//1394 2309//1390
f 2314//1395 2310//1391 2309//1390
f 2298//1380 2315//1396 2312//1393
f 2316//1397 2313//1394 2312//1393
f 2317//1398 2315//1396 2298//1380
f 2302//1384 2318//1399 2317//1398
f 2304//1386 2303//1385 2319//1400
f 2304//1386 2320//1401 2318//1399
f 2305//1387 2321//1402 2319//1400
f 2307//1388 2306//94 2323//1404
f 2308//1389 2307//1388 2324//1405
f 2311//1392 2310//1391 2326//1407
f 2311//1392 2327//1408 2323//1404
f 2328//1409 2324//1405 2323//1404
f 2328//1409 2329//1410 2325//1406
f 2314//1395 2313//1394 2330//1411
f 2314//1395 2331//1412 2326//1407
f 2316//1397 2315//1396 2332//1413
f 2316//1397 2333//1414 2330//1411
f 2317//1398 2334//1415 2332//1413
f 2335//1416 2334//1415 2317//1398
f 2320//1401 2319//1400 2336//1417
f 2320//1401 2337//1418 2335//1416
f 2338//1419 2336//1417 2319//1400
f 2338//1419 2339//1420 2337//1418
f 2322//1403 2339//1420 2338//1419
f 2342//1423 2327//1408 2326//1407
f 2328//1409 2327//1408 2342//1423
f 2329//1410 2328//1409 2343//1424
f 2331//1412 2330//1411 2345//1426
f 2331//1412 2346//1427 2341//1422
f 2347//1428 2342//1423 2341//1422
f 2347//1428 2348//1429 2343//1424
f 2349//1430 2344//1425 2343//1424
f 2333//1414 2332//1413 2350//1431
f 2333//1414 2351//1432 2345//1426
f 2334//1415 2352//1433 2350//1431
f 2353//1434 2351//1432 2350//1431
f 2354//1435 2352//1433 2334//1415
f 2354//1435 2355//1436 2353//1434
f 2356//1437 2354//1435 2335//1416
f 2357//1438 2355//1436 2354//1435
f 2358//1439 2356//1437 2337//1418
f 2358//1439 2359//1440 2357//1438
f 2340//1421 2359//1440 2358//1439
f 2361//1442 2346//1427 2345//1426
f 2347//1428 2346//1427 2361//1442
f 2348//1429 2347//1428 2362//1443
f 2364//1445 2349//1430 2348//1429
f 2351//1432 2365//1446 2360//1441
f 2366//1447 2361//1442 2360//1441
f 2367//1448 2362//1443 2361//1442
f 2368//1449 2363//1444 2362//1443
f 2369//1450 2364//1445 2363//1444
f 2353//1434 2370//1451 2365//1446
f 2355//1436 2371//1452 2370//1451
f 2373//1454 2371//1452 2355//1436
f 2373//1454 2374//1455 2372//1453
f 2375//1440 2373//1454 2357//1438
f 2376//1456 2374//1455 2373//1454
f 2366//1447 2365//1446 2377//1457
f 2379//1459 2367//1448 2366//1447
f 2380//1460 2368//1449 2367//1448
f 2369//1450 2368//1449 2380//1460
f 2370//1451 2382//1462 2377//1457
f 2383//1463 2378//1458 2377//1457
f 2384//1464 2379//1459 2378//1458
f 2384//1464 2385//1465 2380//1460
f 2385//1465 2386//1466 2381//1461
f 2387//1467 2382//1462 2370//1451
f 2387//1467 2388//1468 2383//1463
f 2372//1453 2388//1468 2387//1467
f 2388//1468 2389//1469 2384//1464
f 2389//1469 2390//1470 2385//1465
f 2390//1470 2391//1471 2386//1466
f 2392//1472 2388//1468 2372//1453
f 2392//1472 2393//1473 2389//1469
f 2393//1473 2394//1474 2390//1470
f 2394//1474 2395//1475 2391//1471
f 2376//1456 2396//1476 2392//1472
f 2396//1476 2397//1477 2393//1473
f 2397//1477 2398//1478 2394//1474
f 2398//1478 2399//1475 2395//1475
f 2404//1482 697//442 696//441
f 698//443 697//442 2404//1482
f 2405//1483 2401//1479 2402//1480
f 2406//1484 699//444 698//443
f 2408//1486 702//447 701//446
f 2408//1486 2403//1481 696//441
f 706//451 705//450 2409//94
f 707//452 706//451 2410//94
f 707//452 2411//94 2407//1485
f 708//94 161//94 2180//94
f 2413//94 709//94 708//94
f 2413//94 2409//94 705//450
f 2414//94 2412//94 2180//94
f 2402//1480 2401//1479 2415//1487
f 2404//1482 2403//1481 2417//1489
f 2419//1491 2405//1483 2404//1482
f 2405//1483 2419//1491 2415//1487
f 2419//1491 2420//1492 2416//1488
f 2406//1484 2402//1480 2416//1488
f 2408//1486 2407//1485 2421//94
f 2408//1486 2422//1493 2417//1489
f 2423//1494 2418//1490 2417//1489
f 2410//94 2409//94 2424//94
f 2426//94 2411//94 2410//94
f 2426//94 2421//94 2407//1485
f 2413//94 2412//94 2427//94
f 2413//94 2428//94 2424//94
f 2429//94 2425//94 2424//94
f 2414//94 2182//94 2187//94
f 2414//94 2430//94 2427//94
f 2419//1491 2418//1490 2431//1495
f 2420//1492 2419//1491 2432//1496
f 2422//1493 2421//94 2434//1498
f 2423//1494 2422//1493 2435//1499
f 2423//1494 2436//1500 2431//1495
f 2437//1501 2432//1496 2431//1495
f 2438//1502 2433//1497 2432//1496
f 2426//94 2425//94 2439//94
f 2426//94 2440//1503 2434//1498
f 2441//1504 2435//1499 2434//1498
f 2428//94 2427//94 2442//94
f 2429//94 2428//94 2443//94
f 2429//94 2444//94 2439//94
f 2430//94 2187//94 2191//94
f 2430//94 2445//94 2442//94
f 2446//94 2443//94 2442//94
f 2436//1500 2435//1499 2447//1505
f 2437//1501 2436//1500 2448//1506
f 2450//1508 2438//1502 2437//1501
f 2440//1503 2439//94 2451//1509
f 2441//1504 2440//1503 2452//1510
f 2441//1504 2453//1511 2447//1505
f 2454//1512 2448//1506 2447//1505
f 2455//1513 2449//1507 2448//1506
f 2456//1514 2450//1508 2449//1507
f 2444//94 2443//94 2457//1515
f 2444//94 2458//1516 2451//1509
f 2459//1517 2452//1510 2451//1509
f 2445//94 2191//94 2195//94
f 2446//94 2445//94 2460//1518
f 2446//94 2461//1519 2457//1515
f 2453//1511 2452//1510 2462//1520
f 2454//1512 2453//1511 2463//1521
f 2465//1522 2455//1513 2454//1512
f 2466//1523 2456//1514 2455//1513
f 2458//1516 2457//1515 2467//1524
f 2459//1517 2458//1516 2468//1525
f 2459//1517 2469//1526 2462//1520
f 2470//1527 2463//1521 2462//1520
f 2471//1522 2464//1522 2463//1521
f 2472//1522 2465//1522 2464//1522
f 2473//1528 2466//1523 2465//1522
f 2460//1518 2195//94 2199//94
f 2475//1530 2461//1519 2460//1518
f 2475//1530 2467//1524 2457//1515
f 2476//1531 2474//1529 2199//94
f 2468//1525 2467//1524 2477//1532
f 2479//1534 2469//1526 2468//1525
f 2470//1527 2469//1526 2479//1534
f 2481//1522 2471//1522 2470//1527
f 2482//1522 2472//1522 2471//1522
f 2483//1535 2473//1528 2472//1522
f 2475//1530 2474//1529 2484//1536
f 2475//1530 2485//1537 2477//1532
f 2486//1538 2478//1533 2477//1532
f 2487//1539 2479//1534 2478//1533
f 2488//1522 2480//1522 2479//1534
f 2489//1522 2481//1522 2480//1522
f 2490//1522 2482//1522 2481//1522
f 2491//1540 2483//1535 2482//1522
f 2476//1531 2201//94 2203//1290
f 2476//1531 2492//1541 2484//1536
f 2494//1543 2485//1537 2484//1536
f 2495//1544 2486//1538 2485//1537
f 2496//1522 2487//1539 2486//1538
f 2497//1522 2488//1522 2487//1539
f 2498//1522 2489//1522 2488//1522
f 2499//1522 2490//1522 2489//1522
f 2500//1522 2491//1540 2490//1522
f 2492//1541 2203//1290 2204//1291
f 2492//1541 2501//1545 2493//1542
f 2502//1546 2494//1543 2493//1542
f 2503//1522 2495//1544 2494//1543
f 2504//1522 2496//1522 2495//1544
f 2505//1522 2497//1522 2496//1522
f 2506//1522 2498//1522 2497//1522
f 2507//1522 2499//1522 2498//1522
f 2508//1522 2500//1522 2499//1522
f 2502//1546 2501//1545 2509//1547
f 2511//1522 2503//1522 2502//1546
f 2512//1522 2504//1522 2503//1522
f 2513//1522 2505//1522 2504//1522
f 2514//1522 2506//1522 2505//1522
f 2515//1522 2507//1522 2506//1522
f 2516//1522 2508//1522 2507//1522
f 790//478 699//444 2406//1484
f 2518//1549 791//479 790//478
f 792//480 791//479 2518//1549
f 793//481 792//480 2519//1550
f 2521//1552 2522//1553 2520//1551
f 795//482 793//481 2520//1551
f 2523//1554 796//483 795//482
f 2524//1555 2525//1556 2523//1554
f 797//484 796//483 2523//1554
f 2526//1557 798//485 797//484
f 2527//1558 799//486 798//485
f 2528//1559 800//487 799//486
f 802//489 800//487 2528//1559
f 2530//1561 803//490 802//489
f 2531//1562 804//491 803//490
f 2517//1548 2406//1484 2420//1492
f 2533//1564 2518//1549 2517//1548
f 2534//1565 2519//1550 2518//1549
f 2521//1552 2519//1550 2534//1565
f 2536//1567 2522//1553 2521//1552
f 2524//1555 2522//1553 2536//1567
f 2538//1569 2525//1556 2524//1555
f 2539//1570 2526//1557 2525//1556
f 2540//1571 2541//1571 2539//1570
f 2527//1558 2526//1557 2539//1570
f 2542//1571 2528//1559 2527//1558
f 2543//1571 2544//1571 2542//1571
f 2529//1560 2528//1559 2542//1571
f 2545//1571 2530//1561 2529//1560
f 2532//1563 2420//1492 2433//1497
f 2438//1502 2547//1573 2546//1572
f 2533//1564 2532//1563 2546//1572
f 2548//1574 2534//1565 2533//1564
f 2549//1575 2550//1571 2548//1574
f 2535//1566 2534//1565 2548//1574
f 2551//1571 2536//1567 2535//1566
f 2552//1571 2553//1571 2551//1571
f 2537//1568 2536//1567 2551//1571
f 2554//1571 2538//1569 2537//1568
f 2555//1571 2556//1571 2554//1571
f 2540//1571 2538//1569 2554//1571
f 2557//1571 2541//1571 2540//1571
f 2558//1571 2559//1571 2557//1571
f 2543//1571 2541//1571 2557//1571
f 2560//1571 2544//1571 2543//1571
f 2561//1576 2547//1573 2438//1502
f 2456//1514 2562//1577 2561//1576
f 2549//1575 2547//1573 2561//1576
f 2563//1578 2550//1571 2549//1575
f 2564//1579 2565//1580 2563//1578
f 2552//1571 2550//1571 2563//1578
f 2566//1571 2553//1571 2552//1571
f 2555//1571 2553//1571 2566//1571
f 2568//1571 2556//1571 2555//1571
f 2558//1571 2556//1571 2568//1571
f 2570//1571 2559//1571 2558//1571
f 2571//1571 2560//1571 2559//1571
f 2572//1581 2562//1577 2456//1514
f 2473//1528 2573//1582 2572//1581
f 2564//1579 2562//1577 2572//1581
f 2574//1583 2565//1580 2564//1579
f 2575//1584 2566//1571 2565//1580
f 2576//1585 2577//1571 2575//1584
f 2567//1571 2566//1571 2575//1584
f 2578//1571 2568//1571 2567//1571
f 2579//1571 2580//1571 2578//1571
f 2569//1571 2568//1571 2578//1571
f 2581//1571 2570//1571 2569//1571
f 2582//1586 2573//1582 2473//1528
f 2583//1587 2574//1583 2573//1582
f 2584//1588 2582//1586 2483//1535
f 2584//1588 2585//1589 2583//1587
f 2576//1585 2574//1583 2583//1587
f 2586//1590 2577//1571 2576//1585
f 2587//1591 2588//1592 2586//1590
f 2579//1571 2577//1571 2586//1590
f 2589//1571 2580//1571 2579//1571
f 2590//1593 2584//1588 2491//1540
f 2591//1594 2585//1589 2584//1588
f 2592//1595 2590//1593 2500//1522
f 2592//1595 2593//1596 2591//1594
f 2587//1591 2585//1589 2591//1594
f 2594//1597 2588//1592 2587//1591
f 2595//1571 2589//1571 2588//1592
f 2596//1598 2592//1595 2508//1522
f 2597//1599 2593//1596 2592//1595
f 2598//1600 2594//1597 2593//1596
f 2599//1601 2501//1545 2204//1291
f 2599//1601 2308//1389 2325//1406
f 2599//1601 2600//1602 2509//1547
f 2601//1522 2510//1522 2509//1547
f 2602//1522 2511//1522 2510//1522
f 2603//1522 2512//1522 2511//1522
f 2604//1522 2513//1522 2512//1522
f 2605//1522 2514//1522 2513//1522
f 2606//1522 2515//1522 2514//1522
f 2607//1522 2516//1522 2515//1522
f 2608//1603 2600//1602 2325//1406
f 2609//1571 2610//1604 2531//1562
f 840//503 804//491 2531//1562
f 2612//1571 2613//1571 2545//1571
f 2609//1571 2530//1561 2545//1571
f 2614//1571 2610//1604 2609//1571
f 2615//1571 2616//1571 2614//1571
f 2611//1571 2610//1604 2614//1571
f 2612//1571 2544//1571 2560//1571
f 2619//1571 2613//1571 2612//1571
f 2615//1571 2613//1571 2619//1571
f 2621//1571 2616//1571 2615//1571
f 2617//1571 2616//1571 2621//1571
f 2623//1571 2624//1571 2571//1571
f 2618//1571 2560//1571 2571//1571
f 2625//1571 2619//1571 2618//1571
f 2626//1571 2627//1571 2625//1571
f 2620//1571 2619//1571 2625//1571
f 2628//1571 2621//1571 2620//1571
f 2629//1571 2630//1571 2628//1571
f 2622//1571 2621//1571 2628//1571
f 2632//1571 2633//1571 2581//1571
f 2623//1571 2570//1571 2581//1571
f 2634//1571 2624//1571 2623//1571
f 2635//1571 2636//1571 2634//1571
f 2626//1571 2624//1571 2634//1571
f 2637//1571 2627//1571 2626//1571
f 2629//1571 2627//1571 2637//1571
f 2639//1571 2630//1571 2629//1571
f 2631//1571 2630//1571 2639//1571
f 2632//1571 2580//1571 2589//1571
f 2642//1571 2633//1571 2632//1571
f 2635//1571 2633//1571 2642//1571
f 2644//1571 2636//1571 2635//1571
f 2645//1571 2637//1571 2636//1571
f 2646//1571 2647//1571 2645//1571
f 2638//1571 2637//1571 2645//1571
f 2648//1571 2639//1571 2638//1571
f 2649//1571 2650//1605 2648//1571
f 2640//1571 2639//1571 2648//1571
f 2652//1607 2653//1571 2595//1571
f 2641//1571 2589//1571 2595//1571
f 2654//1571 2642//1571 2641//1571
f 2655//1571 2656//1571 2654//1571
f 2643//1571 2642//1571 2654//1571
f 2657//1571 2644//1571 2643//1571
f 2658//1571 2659//1571 2657//1571
f 2646//1571 2644//1571 2657//1571
f 2660//1571 2647//1571 2646//1571
f 2661//1571 2662//1571 2660//1571
f 2649//1571 2647//1571 2660//1571
f 2663//1608 2650//1605 2649//1571
f 2664//1609 2665//1610 2663//1608
f 2651//1606 2650//1605 2663//1608
f 2669//1614 2596//1598 2516//1522
f 2670//1615 2597//1599 2596//1598
f 2670//1615 2671//1616 2598//1600
f 2652//1607 2594//1597 2598//1600
f 2672//1617 2653//1571 2652//1607
f 2673//1618 2674//1619 2672//1617
f 2655//1571 2653//1571 2672//1617
f 2675//1571 2656//1571 2655//1571
f 2658//1571 2656//1571 2675//1571
f 2677//1571 2659//1571 2658//1571
f 2661//1571 2659//1571 2677//1571
f 2679//1620 2662//1571 2661//1571
f 2664//1609 2662//1571 2679//1620
f 2681//1622 2665//1610 2664//1609
f 2666//1611 2665//1610 2681//1622
f 2683//1624 2667//1612 2666//1611
f 2668//1613 2667//1612 2683//1624
f 2685//1625 939//580 840//503
f 2611//1571 2686//1571 2685//1625
f 940//581 939//580 2685//1625
f 2687//1571 941//582 940//581
f 2688//1571 2689//1571 2687//1571
f 942//583 941//582 2687//1571
f 2690//1571 943//584 942//583
f 2691//1620 2692//1626 2690//1571
f 945//586 943//584 2690//1571
f 2693//1627 946//587 945//586
f 2694//1628 2695//1629 2693//1627
f 948//589 946//587 2693//1627
f 2696//1630 950//591 948//589
f 952//593 950//591 2696//1630
f 2698//1631 954//595 952//593
f 2699//1571 2686//1571 2611//1571
f 2617//1571 2700//1571 2699//1571
f 2688//1571 2686//1571 2699//1571
f 2701//1571 2689//1571 2688//1571
f 2691//1620 2689//1571 2701//1571
f 2703//1633 2692//1626 2691//1620
f 2694//1628 2692//1626 2703//1633
f 2705//1635 2695//1629 2694//1628
f 2706//1636 2707//1637 2705//1635
f 2696//1630 2695//1629 2705//1635
f 2709//1613 2707//1637 2706//1636
f 2697//1613 2696//1630 2707//1637
f 2711//1613 2709//1613 2708//1613
f 2698//1631 2697//1613 2709//1613
f 2712//1571 2700//1571 2617//1571
f 2713//1571 2701//1571 2700//1571
f 2714//1571 2715//1638 2713//1571
f 2702//1632 2701//1571 2713//1571
f 2716//1639 2703//1633 2702//1632
f 2717//1640 2718//1641 2716//1639
f 2704//1634 2703//1633 2716//1639
f 2706//1636 2704//1634 2718//1641
f 2708//1613 2706//1636 2719//1642
f 2710//1613 2708//1613 2720//1613
f 2722//1571 2712//1571 2622//1571
f 2631//1571 2723//1643 2722//1571
f 2714//1571 2712//1571 2722//1571
f 2724//1644 2715//1638 2714//1571
f 2725//1645 2726//1646 2724//1644
f 2717//1640 2715//1638 2724//1644
f 2727//1647 2718//1641 2717//1640
f 2728//1648 2729//1649 2727//1647
f 2719//1642 2718//1641 2727//1647
f 2731//1613 2729//1649 2728//1648
f 2720//1613 2719//1642 2729//1649
f 2733//1613 2731//1613 2730//1613
f 2721//1613 2720//1613 2731//1613
f 2734//1650 2723//1643 2631//1571
f 2725//1645 2723//1643 2734//1650
f 2736//1652 2726//1646 2725//1645
f 2737//1653 2738//1654 2736//1652
f 2728//1648 2726//1646 2736//1652
f 2739//1613 2740//1613 2738//1654
f 2730//1613 2728//1648 2738//1654
f 2741//1613 2732//1613 2730//1613
f 2742//1655 2734//1650 2640//1571
f 2651//1606 2743//1656 2742//1655
f 2735//1651 2734//1650 2742//1655
f 2737//1653 2735//1651 2743//1656
f 2739//1613 2737//1653 2744//1657
f 2746//1613 2740//1613 2739//1613
f 2747//1613 2748//1613 2746//1613
f 2741//1613 2740//1613 2746//1613
f 2749//1658 2743//1656 2651//1606
f 2666//1611 2750//1659 2749//1658
f 2744//1657 2743//1656 2749//1658
f 2751//1660 2750//1659 2666//1611
f 2751//1660 2745//1613 2744//1657
f 2752//1613 2751//1660 2667//1612
f 2747//1613 2745//1613 2751//1660
f 2601//1522 2600//1602 2753//1522
f 2755//1522 2602//1522 2601//1522
f 2756//1522 2603//1522 2602//1522
f 2757//1522 2604//1522 2603//1522
f 2758//1522 2605//1522 2604//1522
f 2759//1522 2606//1522 2605//1522
f 2760//1522 2607//1522 2606//1522
f 2608//1603 2329//1410 2344//1425
f 2608//1603 2761//1522 2753//1522
f 2762//1522 2754//1522 2753//1522
f 2763//1522 2755//1522 2754//1522
f 2764//1522 2756//1522 2755//1522
f 2765//1522 2757//1522 2756//1522
f 2766//1522 2758//1522 2757//1522
f 2767//1522 2759//1522 2758//1522
f 2768//1522 2760//1522 2759//1522
f 2769//1522 2761//1522 2344//1425
f 2762//1522 2761//1522 2770//1522
f 2772//1522 2763//1522 2762//1522
f 2773//1522 2764//1522 2763//1522
f 2774//1522 2765//1522 2764//1522
f 2775//1522 2766//1522 2765//1522
f 2776//1522 2767//1522 2766//1522
f 2777//1522 2768//1522 2767//1522
f 2769//1522 2349//1430 2364//1445
f 2769//1522 2778//1522 2770//1522
f 2779//1522 2771//1522 2770//1522
f 2780//1522 2772//1522 2771//1522
f 2781//1522 2773//1522 2772//1522
f 2782//1522 2774//1522 2773//1522
f 2783//1522 2775//1522 2774//1522
f 2784//1522 2776//1522 2775//1522
f 2785//1522 2777//1522 2776//1522
f 2786//1661 2778//1522 2364//1445
f 2787//1662 2779//1522 2778//1522
f 2780//1522 2779//1522 2788//1663
f 2790//1522 2781//1522 2780//1522
f 2791//1522 2782//1522 2781//1522
f 2792//1522 2783//1522 2782//1522
f 2793//1522 2784//1522 2783//1522
f 2794//1522 2785//1522 2784//1522
f 2786//1661 2369//1450 2381//1461
f 2787//1662 2786//1661 2795//1664
f 2787//1662 2796//1665 2788//1663
f 2797//1666 2789//1522 2788//1663
f 2798//1667 2790//1522 2789//1522
f 2799//1668 2791//1522 2790//1522
f 2800//1522 2792//1522 2791//1522
f 2801//1522 2793//1522 2792//1522
f 2802//1522 2794//1522 2793//1522
f 2386//1466 2803//1669 2795//1664
f 2804//1670 2796//1665 2795//1664
f 2805//1671 2803//1669 2386//1466
f 2806//1475 2805//1671 2391//1471
f 2807//1475 2806//1475 2395//1475
f 2797//1666 2796//1665 2808//1672
f 2810//1674 2798//1667 2797//1666
f 2799//1668 2798//1667 2810//1674
f 2812//1676 2800//1522 2799//1668
f 2813//1677 2801//1522 2800//1522
f 2814//1678 2802//1522 2801//1522
f 2804//1670 2803//1669 2815//1679
f 2804//1670 2816//1680 2808//1672
f 2817//1681 2809//1673 2808//1672
f 2817//1681 2818//1682 2810//1674
f 2818//1682 2819//1683 2811//1675
f 2819//1683 2820//1684 2812//1676
f 2820//1684 2821//1685 2813//1677
f 2822//1686 2814//1678 2813//1677
f 2805//1671 2823//1475 2815//1679
f 2824//1687 2816//1680 2815//1679
f 2825//1688 2817//1681 2816//1680
f 2825//1688 2826//1689 2818//1682
f 2826//1689 2827//1690 2819//1683
f 2827//1690 2828//1691 2820//1684
f 2829//1692 2821//1685 2820//1684
f 2830//1475 2823//1475 2805//1671
f 2831//1475 2824//1687 2823//1475
f 2831//1475 2832//1475 2825//1688
f 2832//1475 2833//1475 2826//1689
f 2833//1475 2834//1475 2827//1690
f 2834//1475 2835//1475 2828//1691
f 2836//1475 2829//1692 2828//1691
f 2807//1475 2399//1475 2400//1475
f 2807//1475 2837//1475 2830//1475
f 2838//1475 2831//1475 2830//1475
f 2838//1475 2839//1475 2832//1475
f 2839//1475 2840//1475 2833//1475
f 2840//1475 2841//1475 2834//1475
f 2841//1475 2842//1475 2835//1475
f 2843//1475 2836//1475 2835//1475
f 2822//1686 2821//1685 2844//1693
f 2829//1692 2846//1695 2844//1693
f 2847//1696 2845//1694 2844//1693
f 2848//1475 2846//1695 2829//1692
f 2849//1697 2847//1696 2846//1695
f 2843//1475 2842//1475 2850//1475
f 2843//1475 2851//1475 2848//1475
f 2852//1475 2849//1697 2848//1475
f 2853//1522 2669//1614 2607//1522
f 2854//1698 2670//1615 2669//1614
f 2855//1699 2671//1616 2670//1615
f 2856//1522 2853//1522 2760//1522
f 2857//1700 2854//1698 2853//1522
f 2857//1700 2858//1701 2855//1699
f 2673//1618 2671//1616 2855//1699
f 2859//1702 2674//1619 2673//1618
f 2860//1571 2675//1571 2674//1619
f 2861//1703 2862//1571 2860//1571
f 2676//1571 2675//1571 2860//1571
f 2863//1571 2677//1571 2676//1571
f 2864//1571 2865//1571 2863//1571
f 2678//1571 2677//1571 2863//1571
f 2866//1704 2679//1620 2678//1571
f 2867//1705 2868//1706 2866//1704
f 2680//1621 2679//1620 2866//1704
f 2869//1707 2681//1622 2680//1621
f 2870//1708 2871//1709 2869//1707
f 2682//1623 2681//1622 2869//1707
f 2873//1711 2871//1709 2870//1708
f 2683//1624 2682//1623 2871//1709
f 2875//1613 2873//1711 2872//1710
f 2684//1613 2683//1624 2873//1711
f 2876//1522 2856//1522 2768//1522
f 2877//1712 2857//1700 2856//1522
f 2878//1713 2858//1701 2857//1700
f 2879//1714 2859//1702 2858//1701
f 2880//1522 2876//1522 2777//1522
f 2881//1715 2877//1712 2876//1522
f 2882//1716 2878//1713 2877//1712
f 2882//1716 2883//1717 2879//1714
f 2861//1703 2859//1702 2879//1714
f 2884//1718 2862//1571 2861//1703
f 2885//1719 2886//1720 2884//1718
f 2864//1571 2862//1571 2884//1718
f 2887//1571 2865//1571 2864//1571
f 2888//1721 2889//1722 2887//1571
f 2867//1705 2865//1571 2887//1571
f 2890//1723 2868//1706 2867//1705
f 2870//1708 2868//1706 2890//1723
f 2892//1725 2872//1710 2870//1708
f 2874//1613 2872//1710 2892//1725
f 2894//1522 2880//1522 2785//1522
f 2895//1522 2881//1715 2880//1522
f 2896//1727 2882//1716 2881//1715
f 2897//1728 2883//1717 2882//1716
f 2898//1522 2894//1522 2794//1522
f 2899//1522 2895//1522 2894//1522
f 2900//1729 2896//1727 2895//1522
f 2900//1729 2901//1730 2897//1728
f 2885//1719 2883//1717 2897//1728
f 2902//1731 2886//1720 2885//1719
f 2888//1721 2886//1720 2902//1731
f 2904//1733 2889//1722 2888//1721
f 2905//1734 2890//1723 2889//1722
f 2906//1735 2907//1736 2905//1734
f 2891//1724 2890//1723 2905//1734
f 2909//1738 2907//1736 2906//1735
f 2892//1725 2891//1724 2907//1736
f 2911//1740 2909//1738 2908//1737
f 2893//1726 2892//1725 2909//1738
f 2912//1741 2898//1522 2802//1522
f 2913//1522 2899//1522 2898//1522
f 2914//1742 2900//1729 2899//1522
f 2915//1743 2901//1730 2900//1729
f 2916//1744 2902//1731 2901//1730
f 2917//1745 2912//1741 2814//1678
f 2918//1746 2913//1522 2912//1741
f 2919//1747 2914//1742 2913//1522
f 2920//1748 2915//1743 2914//1742
f 2920//1748 2921//1749 2916//1744
f 2903//1732 2902//1731 2916//1744
f 2922//1750 2904//1733 2903//1732
f 2923//1751 2924//1752 2922//1750
f 2906//1735 2904//1733 2922//1750
f 2925//1753 2908//1737 2906//1735
f 2910//1739 2908//1737 2925//1753
f 2928//1756 2917//1745 2822//1686
f 2929//1757 2918//1746 2917//1745
f 2919//1747 2918//1746 2929//1757
f 2931//1759 2920//1748 2919//1747
f 2932//1760 2921//1749 2920//1748
f 2933//1761 2928//1756 2845//1694
f 2933//1761 2934//1762 2929//1757
f 2934//1762 2935//1763 2930//1758
f 2935//1763 2936//1764 2931//1759
f 2936//1764 2937//1765 2932//1760
f 2923//1751 2921//1749 2932//1760
f 2938//1766 2924//1752 2923//1751
f 2849//1697 2939//1767 2933//1761
f 2939//1767 2940//1768 2934//1762
f 2940//1768 2941//1769 2935//1763
f 2941//1769 2942//1770 2936//1764
f 2943//1771 2937//1765 2936//1764
f 2943//1771 2944//1772 2938//1766
f 2925//1753 2924//1752 2938//1766
f 2852//1475 2945//1475 2939//1767
f 2945//1475 2946//1773 2940//1768
f 2946//1773 2947//1774 2941//1769
f 2947//1774 2948//1775 2942//1770
f 2948//1775 2949//1776 2943//1771
f 2950//1777 2944//1772 2943//1771
f 2950//1777 2949//1776 2926//1754
f 2950//1777 2927//1755 2925//1753
f 2951//1778 2208//1295 182//123
f 1157//730 2952//1779 2951//1778
f 2953//1780 2952//1779 1157//730
f 1159//732 2954//1781 2953//1780
f 2955//1782 2954//1781 1159//732
f 2956//1783 2955//1782 1160//733
f 1164//737 1163//736 2957//1784
f 1164//737 2958//1785 2956//1783
f 1165//738 2959//1786 2957//1784
f 2960//1787 2958//1785 2957//1784
f 2961//1788 2959//1786 1165//738
f 2963//1790 2212//1299 2208//1295
f 2964//1791 2213//1300 2212//1299
f 2965//1792 2963//1790 2951//1778
f 2965//1792 2966//1793 2964//1791
f 2953//1780 2966//1793 2965//1792
f 2954//1781 2967//1794 2966//1793
f 2968//1795 2967//1794 2954//1781
f 2969//1796 2968//1795 2955//1782
f 2958//1785 2970//1797 2969//1796
f 2960//1787 2959//1786 2971//1798
f 2960//1787 2972//1799 2970//1797
f 2973//1800 2971//1798 2959//1786
f 2973//1800 2974//1801 2972//1799
f 2962//1789 2974//1801 2973//1800
f 2964//1791 2975//1802 2216//1303
f 2966//1793 2976//1803 2975//1802
f 2967//1794 2977//1804 2976//1803
f 2968//1795 2978//1805 2977//1804
f 2969//1796 2979//1806 2978//1805
f 2980//1807 2979//1806 2969//1796
f 2981//1808 2980//1807 2970//1797
f 2982//1809 2981//1808 2972//1799
f 2979//1806 2984//1811 2983//1810
f 2986//1813 2255//1342 2216//1303
f 2987//1814 2986//1813 2975//1802
f 2988//1815 2987//1814 2976//1803
f 2989//1816 2988//1815 2977//1804
f 2980//1807 2991//1818 2990//1817
f 2992//1819 2991//1818 2980//1807
f 2982//1809 2993//1820 2992//1819
f 2985//1812 2993//1820 2982//1809
f 2995//1822 2272//1358 2255//1342
f 2996//1823 2995//1822 2986//1813
f 2997//1824 2996//1823 2987//1814
f 2989//1816 2978//1805 2983//1810
f 2989//1816 2998//1825 2997//1824
f 2984//1811 2999//1826 2998//1825
f 2990//1817 2999//1826 2984//1811
f 3001//1828 2999//1826 2990//1817
f 3001//1828 3002//1440 3000//1827
f 3003//1829 3001//1828 2991//1818
f 3004//1440 3002//1440 3001//1828
f 3005//1440 3003//1829 2992//1819
f 3005//1440 3006//1830 3004//1440
f 2994//1821 3006//1830 3005//1440
f 2995//1822 3007//1831 2288//1373
f 3008//1832 2289//1374 2288//1373
f 2996//1823 3009//1833 3007//1831
f 3009//1833 3010//1834 3008//1832
f 3011//1835 3009//1833 2996//1823
f 3012//1836 3010//1834 3009//1833
f 3013//1837 3011//1835 2997//1824
f 3014//1838 3012//1836 3011//1835
f 3015//1839 3013//1837 2998//1825
f 3015//1839 3016//1829 3014//1838
f 3000//1827 3016//1829 3015//1839
f 3017//1840 3016//1829 3000//1827
f 3019//1440 3017//1840 3002//1440
f 3019//1440 3020//1440 3018//1841
f 3021//1440 3019//1440 3004//1440
f 3022//1440 3020//1440 3019//1440
f 3008//1832 3023//1842 2305//1387
f 3010//1834 3024//1843 3023//1842
f 3012//1836 3025//1844 3024//1843
f 3027//1846 3025//1844 3012//1836
f 3027//1846 3028//1847 3026//1845
f 3029//1848 3027//1846 3014//1838
f 3030//1849 3028//1847 3027//1846
f 3031//1850 3029//1848 3016//1829
f 3031//1850 3032//1851 3030//1849
f 3018//1841 3032//1851 3031//1850
f 3034//1853 3032//1851 3018//1841
f 3034//1853 3035//1854 3033//1852
f 3036//1440 3034//1853 3020//1440
f 3037//1440 3035//1854 3034//1853
f 3038//1855 2321//1402 2305//1387
f 3038//1855 3039//1856 2322//1403
f 3040//1857 3038//1855 3023//1842
f 3041//1858 3039//1856 3038//1855
f 3042//1859 3040//1857 3024//1843
f 3042//1859 3043//1860 3041//1858
f 3026//1845 3043//1860 3042//1859
f 3045//1862 3043//1860 3026//1845
f 3045//1862 3046//1863 3044//1861
f 3047//1864 3045//1862 3028//1847
f 3048//1865 3046//1863 3045//1862
f 3049//1866 3047//1864 3030//1849
f 3049//1866 3050//1867 3048//1865
f 3033//1852 3050//1867 3049//1866
f 3052//1869 3050//1867 3033//1852
f 3052//1869 3053//1870 3051//1868
f 3054//1440 3052//1869 3035//1854
f 3055//1440 3053//1870 3052//1869
f 3056//1871 2339//1420 2322//1403
f 3056//1871 3057//1440 2340//1421
f 3058//1872 3056//1871 3039//1856
f 3059//1873 3057//1440 3056//1871
f 3060//1874 3058//1872 3041//1858
f 3060//1874 3061//1875 3059//1873
f 3044//1861 3061//1875 3060//1874
f 3063//1877 3061//1875 3044//1861
f 3063//1877 3064//1878 3062//1876
f 3065//1879 3063//1877 3046//1863
f 3066//1880 3064//1878 3063//1877
f 3067//1881 3065//1879 3048//1865
f 3067//1881 3068//1882 3066//1880
f 3051//1868 3068//1882 3067//1881
f 3069//1883 3068//1882 3051//1868
f 3071//1440 3069//1883 3053//1870
f 3071//1440 3072//1440 3070//1884
f 3073//1885 2961//1788 1166//739
f 3073//1885 3074//1886 2962//1789
f 1228//766 3074//1886 3073//1885
f 3075//1887 3074//1886 1228//766
f 3076//1888 2974//1801 2962//1789
f 3075//1887 3077//1889 3076//1888
f 1347//819 3078//1890 3075//1887
f 3080//1892 3078//1890 1347//819
f 3080//1892 3081//822 3079//1891
f 1349//821 3081//822 3080//1892
f 1350//822 3082//822 3081//822
f 3084//822 3082//822 1350//822
f 3084//822 3085//822 3083//822
f 1353//825 3085//822 3084//822
f 1354//822 3086//822 3085//822
f 3087//822 3086//822 1354//822
f 1357//822 3088//822 3087//822
f 3090//822 3088//822 1357//822
f 3090//822 3091//822 3089//822
f 1359//822 3091//822 3090//822
f 1360//822 3092//822 3091//822
f 3093//822 3092//822 1360//822
f 3076//1888 3094//1893 2985//1812
f 3077//1889 3095//1894 3094//1893
f 3078//1890 3095//1894 3077//1889
f 3079//1891 3096//1895 3095//1894
f 3098//822 3096//1895 3079//1891
f 3098//822 3099//822 3097//1896
f 3082//822 3099//822 3098//822
f 3083//822 3100//822 3099//822
f 3101//822 3100//822 3083//822
f 3086//822 3102//822 3101//822
f 3104//822 3102//822 3086//822
f 3104//822 3105//822 3103//822
f 3088//822 3105//822 3104//822
f 3089//822 3106//822 3105//822
f 3107//822 3106//822 3089//822
f 3092//822 3108//822 3107//822
f 3109//822 3108//822 3092//822
f 3110//1897 2993//1820 2985//1812
f 3110//1897 3111//1898 2994//1821
f 3112//1899 3110//1897 3094//1893
f 3112//1899 3113//1900 3111//1898
f 3096//1895 3113//1900 3112//1899
f 3097//1896 3114//1901 3113//1900
f 3115//822 3114//1901 3097//1896
f 3100//822 3116//822 3115//822
f 3118//822 3116//822 3100//822
f 3118//822 3119//822 3117//822
f 3102//822 3119//822 3118//822
f 3103//822 3120//822 3119//822
f 3121//822 3120//822 3103//822
f 3106//822 3122//822 3121//822
f 3124//822 3122//822 3106//822
f 3124//822 3125//822 3123//822
f 3108//822 3125//822 3124//822
f 3126//1902 3006//1830 2994//1821
f 3128//1904 3126//1902 3111//1898
f 3128//1904 3129//1905 3127//1903
f 3114//1901 3129//1905 3128//1904
f 3131//1907 3129//1905 3114//1901
f 3131//1907 3132//1908 3130//1906
f 3116//822 3132//1908 3131//1907
f 3117//822 3133//822 3132//1908
f 3134//822 3133//822 3117//822
f 3120//822 3135//822 3134//822
f 3137//822 3135//822 3120//822
f 3137//822 3138//822 3136//822
f 3122//822 3138//822 3137//822
f 3123//822 3139//822 3138//822
f 3140//822 3139//822 3123//822
f 3141//1909 3021//1440 3006//1830
f 3141//1909 3142//1910 3022//1440
f 3127//1903 3142//1910 3141//1909
f 3144//1912 3142//1910 3127//1903
f 3144//1912 3145//1913 3143//1911
f 3130//1906 3145//1913 3144//1912
f 3146//1914 3145//1913 3130//1906
f 3133//822 3147//1915 3146//1914
f 3149//822 3147//1915 3133//822
f 3149//822 3150//822 3148//1916
f 3135//822 3150//822 3149//822
f 3136//822 3151//822 3150//822
f 3153//822 3151//822 3136//822
f 3153//822 3154//822 3152//822
f 3139//822 3154//822 3153//822
f 3155//1440 3036//1440 3022//1440
f 3155//1440 3156//1917 3037//1440
f 3143//1911 3156//1917 3155//1440
f 3158//1919 3156//1917 3143//1911
f 3158//1919 3159//1920 3157//1918
f 3160//1921 3158//1919 3145//1913
f 3160//1921 3161//1922 3159//1920
f 3147//1915 3161//1922 3160//1921
f 3148//1916 3162//1923 3161//1922
f 3164//822 3162//1923 3148//1916
f 3164//822 3165//822 3163//1924
f 3151//822 3165//822 3164//822
f 3152//822 3166//822 3165//822
f 3167//822 3166//822 3152//822
f 3168//1440 3054//1440 3037//1440
f 3168//1440 3169//1925 3055//1440
f 3157//1918 3169//1925 3168//1440
f 3170//1926 3169//1925 3157//1918
f 3172//1928 3170//1926 3159//1920
f 3172//1928 3173//1929 3171//1927
f 3162//1923 3173//1929 3172//1928
f 3163//1924 3174//1930 3173//1929
f 3175//822 3174//1930 3163//1924
f 3166//822 3176//822 3175//822
f 3177//822 3176//822 3166//822
f 3178//1440 3071//1440 3055//1440
f 3179//1931 3072//1440 3071//1440
f 3180//1932 3178//1440 3169//1925
f 3180//1932 3181//1933 3179//1931
f 3171//1927 3181//1933 3180//1932
f 3183//1935 3181//1933 3171//1927
f 3183//1935 3184//1936 3182//1934
f 3174//1930 3184//1936 3183//1935
f 3186//1938 3184//1936 3174//1930
f 3186//1938 3187//1939 3185//1937
f 3176//822 3187//1939 3186//1938
f 3188//1440 2359//1440 2340//1421
f 3190//1440 3188//1440 3057//1440
f 3190//1440 3191//1440 3189//1440
f 3192//1940 3190//1440 3059//1873
f 3192//1940 3193//1941 3191//1440
f 3062//1876 3193//1941 3192//1940
f 3194//1942 3193//1941 3062//1876
f 3196//1944 3194//1942 3064//1878
f 3196//1944 3197//1945 3195//1943
f 3198//1946 3196//1944 3066//1880
f 3199//1947 3197//1945 3196//1944
f 3200//1948 3198//1946 3068//1882
f 3200//1948 3201//1949 3199//1947
f 3070//1884 3201//1949 3200//1948
f 3203//1440 3201//1949 3070//1884
f 3203//1440 3204//1440 3202//1440
f 3205//1440 2375//1440 2359//1440
f 3205//1440 3206//1950 2376//1456
f 3189//1440 3206//1950 3205//1440
f 3208//1440 3206//1950 3189//1440
f 3208//1440 3209//1952 3207//1951
f 3210//1440 3208//1440 3191//1440
f 3211//1440 3209//1952 3208//1440
f 3212//1953 3210//1440 3193//1941
f 3212//1953 3213//1440 3211//1440
f 3195//1943 3213//1440 3212//1953
f 3215//1440 3213//1440 3195//1943
f 3215//1440 3216//1440 3214//1954
f 3217//1440 3215//1440 3197//1945
f 3218//1440 3216//1440 3215//1440
f 3219//1440 3217//1440 3199//1947
f 3219//1440 3220//1440 3218//1440
f 3202//1440 3220//1440 3219//1440
f 3221//1440 3220//1440 3202//1440
f 3223//1955 2396//1476 2376//1456
f 3223//1955 3224//1956 2397//1477
f 3207//1951 3224//1956 3223//1955
f 3225//1957 2398//1478 2397//1477
f 3226//1958 2399//1475 2398//1478
f 3227//1959 3224//1956 3207//1951
f 3227//1959 3228//1960 3225//1957
f 3229//1961 3226//1958 3225//1957
f 3230//1962 3227//1959 3209//1952
f 3230//1962 3231//1963 3228//1960
f 3232//1964 3229//1961 3228//1960
f 3233//1965 3230//1962 3211//1440
f 3233//1965 3234//1966 3231//1963
f 3214//1954 3234//1966 3233//1965
f 3235//1967 3234//1966 3214//1954
f 3237//1969 3235//1967 3216//1440
f 3237//1969 3238//1970 3236//1968
f 3239//1440 3237//1969 3218//1440
f 3240//1971 3238//1970 3237//1969
f 3241//1440 3239//1440 3220//1440
f 3241//1440 3242//1972 3240//1971
f 3222//1440 3242//1972 3241//1440
f 3226//1958 3243//1475 2400//1475
f 3244//1475 3243//1475 3226//1958
f 3232//1964 3231//1963 3245//1973
f 3232//1964 3246//1974 3244//1475
f 3234//1966 3247//1975 3245//1973
f 3248//1976 3246//1974 3245//1973
f 3249//1977 3247//1975 3234//1966
f 3249//1977 3250//1978 3248//1976
f 3236//1968 3250//1978 3249//1977
f 3251//1979 3250//1978 3236//1968
f 3240//1971 3252//1980 3251//1979
f 3253//1981 3252//1980 3240//1971
f 3254//1440 3203//1440 3072//1440
f 3255//1440 3204//1440 3203//1440
f 3256//1982 3254//1440 3179//1931
f 3256//1982 3257//1983 3255//1440
f 3182//1934 3257//1983 3256//1982
f 3259//1985 3257//1983 3182//1934
f 3259//1985 3260//1986 3258//1984
f 3185//1937 3260//1986 3259//1985
f 3261//1987 3260//1986 3185//1937
f 3262//1440 3221//1440 3204//1440
f 3262//1440 3263//1440 3222//1440
f 3264//1440 3262//1440 3255//1440
f 3264//1440 3265//1988 3263//1440
f 3258//1984 3265//1988 3264//1440
f 3266//1989 3265//1988 3258//1984
f 3267//1990 3266//1989 3260//1986
f 3268//1440 3242//1972 3222//1440
f 3269//1991 3268//1440 3263//1440
f 3270//1992 3269//1991 3265//1988
f 3271//1613 2668//1613 2684//1613
f 3283//2001 3280//1998 3279//1997
f 3284//2002 1881//1109 954//595
f 1883//1111 1881//1109 3284//2002
f 1884//1112 1883//1111 3285//2003
f 3287//2005 1886//1113 1884//1112
f 1888//1114 3289//2007 3288//2006
f 1888//1114 1886//1113 3287//2005
f 1889//563 1887//563 3288//2006
f 3291//2009 3290//2008 3288//2006
f 3292//2010 1890//563 1889//563
f 3293//563 1892//563 1890//563
f 3295//2011 2711//1613 2710//1613
f 3284//2002 2698//1631 2711//1613
f 3297//2012 3295//2011 3294//1613
f 3285//2003 3284//2002 3295//2011
f 3299//2014 3297//2012 3296//1613
f 3286//2004 3285//2003 3297//2012
f 3301//2016 3299//2014 3298//2013
f 3287//2005 3286//2004 3299//2014
f 3302//2017 3303//2018 3301//2016
f 3303//2018 3289//2007 3287//2005
f 3305//2020 3303//2018 3302//2017
f 3291//2009 3305//2020 3304//2019
f 3291//2009 3289//2007 3303//2018
f 3306//2021 3292//2010 3290//2008
f 3307//2022 3293//563 3292//2010
f 3294//1613 2710//1613 2721//1613
f 3296//1613 3294//1613 3308//1613
f 3298//2013 3296//1613 3309//1613
f 3311//2023 3300//2015 3298//2013
f 3312//2024 3302//2017 3300//2015
f 3313//2025 3304//2019 3302//2017
f 3306//2021 3304//2019 3313//2025
f 3307//2022 3306//2021 3314//2026
f 3317//1613 2733//1613 2732//1613
f 3308//1613 2721//1613 2733//1613
f 3319//1613 3317//1613 3316//1613
f 3309//1613 3308//1613 3317//1613
f 3321//1613 3319//1613 3318//1613
f 3310//1613 3309//1613 3319//1613
f 3323//1613 3321//1613 3320//1613
f 3311//2023 3310//1613 3321//1613
f 3325//1613 3323//1613 3322//1613
f 3312//2024 3311//2023 3323//1613
f 3327//2028 3325//1613 3324//1613
f 3313//2025 3312//2024 3325//1613
f 3329//2029 3327//2028 3326//1613
f 3314//2026 3313//2025 3327//2028
f 3331//2031 3329//2029 3328//1613
f 3315//2027 3314//2026 3329//2029
f 3316//1613 2732//1613 2741//1613
f 3318//1613 3316//1613 3332//1613
f 3320//1613 3318//1613 3333//1613
f 3322//1613 3320//1613 3334//1613
f 3324//1613 3322//1613 3335//1613
f 3326//1613 3324//1613 3336//1613
f 3328//1613 3326//1613 3337//1613
f 3330//2030 3328//1613 3338//1613
f 3341//1613 2748//1613 2747//1613
f 3332//1613 2741//1613 2748//1613
f 3343//1613 3341//1613 3340//1613
f 3333//1613 3332//1613 3341//1613
f 3345//1613 3343//1613 3342//1613
f 3334//1613 3333//1613 3343//1613
f 3347//1613 3345//1613 3344//1613
f 3335//1613 3334//1613 3345//1613
f 3349//1613 3347//1613 3346//1613
f 3336//1613 3335//1613 3347//1613
f 3351//1613 3349//1613 3348//1613
f 3337//1613 3336//1613 3349//1613
f 3353//1613 3351//1613 3350//1613
f 3338//1613 3337//1613 3351//1613
f 3355//2034 3353//1613 3352//2032
f 3339//1613 3338//1613 3353//1613
f 3271//1613 3356//1613 2752//1613
f 3340//1613 2747//1613 2752//1613
f 3357//1613 3342//1613 3340//1613
f 3344//1613 3342//1613 3357//1613
f 3346//1613 3344//1613 3358//1613
f 3348//1613 3346//1613 3359//1613
f 3350//1613 3348//1613 3360//1613
f 3352//2032 3350//1613 3361//2035
f 3354//2033 3352//2032 3362//2036
f 3364//1613 3356//1613 3271//1613
f 3274//1613 3365//1613 3364//1613
f 3357//1613 3356//1613 3364//1613
f 3366//1613 3365//1613 3274//1613
f 3358//1613 3357//1613 3365//1613
f 3367//1613 3366//1613 3275//1613
f 3359//1613 3358//1613 3366//1613
f 3368//2038 3367//1613 3276//1994
f 3360//1613 3359//1613 3367//1613
f 3369//2039 3368//2038 3277//1995
f 3361//2035 3360//1613 3368//2038
f 3370//2040 3369//2039 3278//1996
f 3370//2040 3362//2036 3361//2035
f 3371//2041 3370//2040 3280//1998
f 3371//2041 3283//2001 3272//1993
f 3371//2041 3363//2037 3362//2036
f 1941//822 3372//822 3093//822
f 3374//822 3372//822 1941//822
f 3374//822 3375//822 3373//822
f 1943//822 3375//822 3374//822
f 1944//822 3376//822 3375//822
f 3109//822 3382//822 3381//822
f 3372//822 3382//822 3109//822
f 3373//822 3383//822 3382//822
f 3385//822 3383//822 3373//822
f 3376//822 3386//2042 3385//822
f 3389//1261 3388//2044 3377//1261
f 3390//1261 3389//1261 3378//1261
f 3380//1261 3391//1261 3390//1261
f 3381//822 3392//822 3125//822
f 3393//822 3392//822 3381//822
f 3383//822 3394//822 3393//822
f 3399//2046 3394//822 3383//822
f 3399//2046 3400//2047 3395//2045
f 3386//2042 3400//2047 3399//2046
f 3401//2048 3400//2047 3386//2042
f 3402//2049 3401//2048 3387//2043
f 3389//1261 3403//1261 3402//2049
f 3404//1261 3397//1261 3396//1261
f 3404//1261 3403//1261 3389//1261
f 3405//1261 3398//1261 3397//1261
f 3405//1261 3404//1261 3390//1261
f 3405//1261 3391//1261 3384//1261
f 3140//822 3407//822 3406//822
f 3392//822 3407//822 3140//822
f 3410//822 3407//822 3392//822
f 3410//822 3411//822 3408//822
f 3394//822 3411//822 3410//822
f 3395//2045 3412//2050 3411//822
f 3416//1261 3415//1261 3396//1261
f 3398//1261 3417//1261 3416//1261
f 3418//2053 3412//2050 3395//2045
f 3418//2053 3419//2054 3413//2051
f 3401//2048 3419//2054 3418//2053
f 3419//2054 3420//2055 3414//2052
f 3420//2055 3419//2054 3401//2048
f 3421//1261 3415//1261 3414//2052
f 3421//1261 3420//2055 3402//2049
f 3421//1261 3403//1261 3396//1261
f 3406//822 3422//822 3154//822
f 3423//822 3422//822 3406//822
f 3408//822 3424//2056 3423//822
f 3429//2058 3424//2056 3408//822
f 3429//2058 3430//2059 3425//2057
f 3412//2050 3430//2059 3429//2058
f 3431//2060 3430//2059 3412//2050
f 3432//2061 3431//2060 3413//2051
f 3415//1261 3433//1261 3432//2061
f 3434//1261 3427//1261 3426//1261
f 3416//1261 3434//1261 3433//1261
f 3435//1261 3428//1261 3427//1261
f 3435//1261 3434//1261 3416//1261
f 3435//1261 3417//1261 3409//1261
f 3422//822 3436//822 3167//822
f 3439//822 3436//822 3422//822
f 3439//822 3440//2062 3437//822
f 3424//2056 3440//2062 3439//822
f 3425//2057 3441//2063 3440//2062
f 3445//1261 3444//1261 3426//1261
f 3428//1261 3446//1261 3445//1261
f 3447//2065 3441//2063 3425//2057
f 3431//2060 3448//2066 3447//2065
f 3449//2067 3443//1261 3442//2064
f 3449//2067 3448//2066 3431//2060
f 3450//1261 3444//1261 3443//1261
f 3450//1261 3449//2067 3432//2061
f 3450//1261 3433//1261 3426//1261
f 3177//822 3452//822 3451//822
f 3436//822 3452//822 3177//822
f 3437//822 3453//822 3452//822
f 3457//2068 3453//822 3437//822
f 3441//2063 3458//2069 3457//2068
f 3460//1261 3459//2070 3442//2064
f 3444//1261 3461//1261 3460//1261
f 3462//1261 3455//1261 3454//1261
f 3445//1261 3462//1261 3461//1261
f 3463//1261 3456//1261 3455//1261
f 3463//1261 3462//1261 3445//1261
f 3463//1261 3446//1261 3438//1261
f 3464//2071 3458//2069 3441//2063
f 3464//2071 3465//2072 3459//2070
f 3465//2072 3464//2071 3447//2065
f 3465//2072 3448//2066 3442//2064
f 3451//822 3466//822 3187//1939
f 3467//822 3466//822 3451//822
f 3453//822 3468//2073 3467//822
f 3473//1261 3472//1261 3454//1261
f 3474//1261 3473//1261 3455//1261
f 3475//2075 3468//2073 3453//822
f 3475//2075 3476//2076 3469//2074
f 3458//2069 3476//2076 3475//2075
f 3459//2070 3477//2077 3476//2076
f 3478//1261 3471//1261 3470//1261
f 3460//1261 3478//1261 3477//2077
f 3479//1261 3472//1261 3471//1261
f 3479//1261 3478//1261 3460//1261
f 3479//1261 3461//1261 3454//1261
f 2051//1054 3482//1054 3481//2078
f 2051//1054 2048//1054 3480//1054
f 3484//2080 3483//2079 2052//1168
f 2054//1054 3485//2081 3484//2080
f 2054//1054 2050//1054 3481//2078
f 3488//2084 3487//2083 2055//1169
f 2057//1171 3489//2085 3488//2084
f 3489//2085 2057//1171 2052//1168
f 3490//2086 3380//1261 1945//1145
f 2059//1173 3491//2087 3490//2086
f 3492//2088 3487//2083 3486//2082
f 2060//1174 3492//2088 3491//2087
f 3492//2088 2060//1174 2055//1169
f 3494//2090 3493//2089 3481//2078
f 3496//2092 3495//2091 3483//2079
f 3485//2081 3497//2093 3496//2092
f 3497//2093 3485//2081 3481//2078
f 3500//2094 3499//1261 3486//2082
f 3501//2095 3500//2094 3487//2083
f 3489//2085 3502//2096 3501//2095
f 3489//2085 3483//2079 3495//2091
f 3503//1261 3498//1261 3384//1261
f 3490//2086 3503//1261 3391//1261
f 3504//1261 3499//1261 3498//1261
f 3504//1261 3503//1261 3490//2086
f 3504//1261 3491//2087 3486//2082
f 3506//2098 3505//2097 3493//2089
f 3511//2100 3510//2099 3495//2091
f 3497//2093 3512//2101 3511//2100
f 3512//2101 3497//2093 3493//2089
f 3513//1261 3398//1261 3384//1261
f 3499//1261 3514//1261 3513//1261
f 3515//1261 3508//1261 3507//1261
f 3500//2094 3515//1261 3514//1261
f 3515//1261 3516//2102 3509//1261
f 3516//2102 3515//1261 3500//2094
f 3517//2103 3510//2099 3509//1261
f 3517//2103 3516//2102 3501//2095
f 3517//2103 3502//2096 3495//2091
f 3521//2105 3520//2104 3505//2097
f 3524//1261 3523//1261 3507//1261
f 3525//1261 3524//1261 3508//1261
f 3510//2099 3526//2106 3525//1261
f 3527//2107 3519//1261 3518//1261
f 3511//2100 3527//2107 3526//2106
f 3528//2108 3520//2104 3519//1261
f 3528//2108 3527//2107 3511//2100
f 3528//2108 3512//2101 3505//2097
f 3529//1261 3522//1261 3409//1261
f 3513//1261 3529//1261 3417//1261
f 3530//1261 3523//1261 3522//1261
f 3530//1261 3529//1261 3513//1261
f 3530//1261 3514//1261 3507//1261
f 3535//1261 3534//1261 3518//1261
f 3536//2110 3535//1261 3519//1261
f 3521//2105 3537//2111 3536//2110
f 3538//1261 3428//1261 3409//1261
f 3539//1261 3538//1261 3522//1261
f 3524//1261 3540//1261 3539//1261
f 3541//1261 3533//1261 3532//1261
f 3541//1261 3540//1261 3524//1261
f 3542//1261 3534//1261 3533//1261
f 3542//1261 3541//1261 3525//1261
f 3542//1261 3526//2106 3518//1261
f 3552//1261 3551//1261 3532//1261
f 3534//1261 3553//1261 3552//1261
f 3554//2118 3546//2115 3545//2114
f 3535//1261 3554//2118 3553//1261
f 3554//2118 3555//2119 3547//2116
f 3555//2119 3554//2118 3535//1261
f 3556//2120 3548//2117 3547//2116
f 3556//2120 3555//2119 3536//2110
f 3556//2120 3537//2111 3531//2109
f 3557//1261 3549//1261 3438//1261
f 3538//1261 3557//1261 3446//1261
f 3557//1261 3558//1261 3550//1261
f 3558//1261 3557//1261 3538//1261
f 3559//1261 3551//1261 3550//1261
f 3559//1261 3558//1261 3539//1261
f 3559//1261 3540//1261 3532//1261
f 3564//2122 3561//2121 3560//1999
f 3567//2125 3563//1999 3562//1999
f 3568//2126 3564//2122 3563//1999
f 3568//2126 3544//2113 3543//2112
f 3572//2130 3566//2124 3565//2123
f 3572//2130 3571//2129 3545//2114
f 3573//2131 3567//2125 3566//2124
f 3573//2131 3572//2130 3546//2115
f 3574//2132 3568//2126 3567//2125
f 3574//2132 3573//2131 3547//2116
f 3574//2132 3548//2117 3544//2113
f 3575//1261 3456//1261 3438//1261
f 3576//1261 3575//1261 3549//1261
f 3551//1261 3577//1261 3576//1261
f 3578//2133 3570//2128 3569//2127
f 3552//1261 3578//2133 3577//1261
f 3579//2134 3571//2129 3570//2128
f 3579//2134 3578//2133 3552//1261
f 3579//2134 3553//1261 3545//2114
f 3582//1999 3282//2000 3281//1999
f 3583//2135 3283//2001 3282//2000
f 3583//2135 3582//1999 3560//1999
f 3583//2135 3561//2121 3272//1993
f 3586//1999 3581//1999 3580//1999
f 3587//1999 3582//1999 3581//1999
f 3587//1999 3586//1999 3562//1999
f 3587//1999 3563//1999 3560//1999
f 3590//2138 3585//1999 3584//1999
f 3591//1999 3586//1999 3585//1999
f 3591//1999 3590//2138 3565//2123
f 3591//1999 3566//2124 3562//1999
f 3595//2142 3589//2137 3588//2136
f 3595//2142 3594//2141 3569//2127
f 3596//2143 3590//2138 3589//2137
f 3596//2143 3595//2142 3570//2128
f 3596//2143 3571//2129 3565//2123
f 3575//1261 3597//1261 3474//1261
f 3598//2144 3593//2140 3592//2139
f 3598//2144 3597//1261 3575//1261
f 3599//2145 3594//2141 3593//2140
f 3599//2145 3598//2144 3576//1261
f 3599//2145 3577//1261 3569//2127
f 2094//563 3601//563 3600//563
f 2094//563 1892//563 3293//563
f 2095//1201 2093//563 3600//563
f 3603//2147 2097//1203 2095//1201
f 2098//1204 3604//2148 3480//1054
f 2099//1205 3605//2149 3604//2148
f 2099//1205 2097//1203 3603//2147
f 3606//1054 3482//1054 3480//1054
f 3601//563 3608//2150 3607//563
f 3601//563 3293//563 3307//2022
f 3602//2146 3600//563 3607//563
f 3610//2152 3609//2151 3607//563
f 3603//2147 3602//2146 3609//2151
f 3605//2149 3613//2155 3612//2154
f 3613//2155 3605//2149 3603//2147
f 3606//1054 3614//2156 3494//2090
f 3606//1054 3604//2148 3612//2154
f 3615//2157 3608//2150 3307//2022
f 3610//2152 3617//2159 3616//2158
f 3610//2152 3608//2150 3615//2157
f 3611//2153 3609//2151 3616//2158
f 3619//2161 3618//2160 3616//2158
f 3613//2155 3621//2163 3620//2162
f 3621//2163 3613//2155 3611//2153
f 3614//2156 3622//2164 3506//2098
f 3622//2164 3614//2156 3612//2154
f 3624//2166 3331//2031 3330//2030
f 3615//2157 3315//2027 3331//2031
f 3625//2167 3626//2168 3624//2166
f 3617//2159 3615//2157 3624//2166
f 3619//2161 3628//2170 3627//2169
f 3619//2161 3617//2159 3626//2168
f 3621//2163 3630//2172 3629//2171
f 3621//2163 3618//2160 3627//2169
f 3622//2164 3631//2173 3521//2105
f 3622//2164 3620//2162 3629//2171
f 3632//2174 3631//2173 3629//2171
f 3633//2175 3623//2165 3330//2030
f 3625//2167 3623//2165 3633//2175
f 3635//2177 3626//2168 3625//2167
f 3637//2179 3635//2177 3634//2176
f 3637//2179 3636//2178 3627//2169
f 3628//2170 3626//2168 3635//2177
f 3639//2181 3630//2172 3627//2169
f 3640//2182 3638//2180 3531//2109
f 3640//2182 3537//2111 3521//2105
f 3641//2183 3639//2181 3638//2180
f 3632//2174 3641//2183 3640//2182
f 3641//2183 3632//2174 3630//2172
f 3643//2185 3355//2034 3354//2033
f 3633//2175 3339//1613 3355//2034
f 3645//2187 3643//2185 3642//2184
f 3645//2187 3634//2176 3633//2175
f 3646//2188 3644//2186 3543//2112
f 3646//2188 3647//2189 3645//2187
f 3647//2189 3636//2178 3634//2176
f 3648//2190 3646//2188 3544//2113
f 3648//2190 3548//2117 3531//2109
f 3649//2191 3647//2189 3646//2188
f 3649//2191 3648//2190 3638//2180
f 3649//2191 3639//2181 3636//2178
f 3650//2192 3363//2037 3272//1993
f 3650//2192 3642//2184 3354//2033
f 3651//2193 3650//2192 3561//2121
f 3651//2193 3564//2122 3543//2112
f 3651//2193 3644//2186 3642//2184
f 3652//2194 3376//822 1944//822
f 2167//1270 3653//2195 3652//2194
f 2168//1271 3654//2196 3653//2195
f 3655//1261 3378//1261 3377//1261
f 2169//1261 3655//1261 3654//2196
f 3655//1261 3656//1261 3379//1261
f 3656//1261 3655//1261 2169//1261
f 3657//1261 3380//1261 3379//1261
f 3657//1261 3656//1261 2170//1272
f 3657//1261 2171//1273 1945//1145
f 3658//2197 3386//2042 3376//822
f 3658//2197 3659//2198 3387//2043
f 3653//2195 3659//2198 3658//2197
f 3660//2199 3388//2044 3387//2043
f 3660//2199 3659//2198 3653//2195
f 3660//2199 3654//2196 3377//1261
f 3663//1475 2837//1475 2400//1475
f 3663//1475 3664//1475 2838//1475
f 3664//1475 3665//1475 2839//1475
f 3665//1475 3666//1475 2840//1475
f 3666//1475 3667//1475 2841//1475
f 3668//1475 2842//1475 2841//1475
f 3669//1475 3663//1475 3243//1475
f 3669//1475 3670//1475 3664//1475
f 3670//1475 3671//1475 3665//1475
f 3671//1475 3672//1475 3666//1475
f 3672//1475 3673//1475 3667//1475
f 3674//1475 3668//1475 3667//1475
f 3675//2201 3669//1475 3244//1475
f 3675//2201 3676//1475 3670//1475
f 3676//1475 3677//1475 3671//1475
f 3677//1475 3678//1475 3672//1475
f 3678//1475 3679//1475 3673//1475
f 3680//1475 3674//1475 3673//1475
f 3248//1976 3681//2202 3675//2201
f 3681//2202 3682//1475 3676//1475
f 3682//1475 3683//1475 3677//1475
f 3683//1475 3684//1475 3678//1475
f 3685//1475 3679//1475 3678//1475
f 3250//1978 3686//2203 3681//2202
f 3686//2203 3687//2204 3682//1475
f 3687//2204 3688//1475 3683//1475
f 3688//1475 3689//1475 3684//1475
f 3690//1475 3685//1475 3684//1475
f 3251//1979 3692//2206 3686//2203
f 3692//2206 3693//2207 3687//2204
f 3693//2207 3694//1475 3688//1475
f 3694//1475 3695//1475 3689//1475
f 3696//1475 3690//1475 3689//1475
f 3252//1980 3699//2210 3692//2206
f 3699//2210 3700//2211 3693//2207
f 3700//2211 3701//2212 3694//1475
f 3702//1475 3695//1475 3694//1475
f 3704//2214 3698//2209 3697//2208
f 3253//1981 3705//2215 3699//2210
f 3661//2200 3705//2215 3253//1981
f 3706//2216 3700//2211 3699//2210
f 3706//2216 3707//2217 3701//2212
f 3708//1475 3702//1475 3701//2212
f 3711//2220 3704//2214 3703//2213
f 3668//1475 3712//1475 2850//1475
f 3713//1475 2851//1475 2850//1475
f 3713//1475 3714//1475 2852//1475
f 3715//1475 3712//1475 3668//1475
f 3716//1475 3713//1475 3712//1475
f 3716//1475 3717//2221 3714//1475
f 3680//1475 3679//1475 3718//1475
f 3680//1475 3719//1475 3715//1475
f 3720//1475 3716//1475 3715//1475
f 3720//1475 3721//2222 3717//2221
f 3685//1475 3722//1475 3718//1475
f 3723//1475 3719//1475 3718//1475
f 3723//1475 3724//2223 3720//1475
f 3724//2223 3725//2224 3721//2222
f 3726//1475 3722//1475 3685//1475
f 3727//2225 3723//1475 3722//1475
f 3727//2225 3728//2226 3724//2223
f 3728//2226 3729//2227 3725//2224
f 3696//1475 3695//1475 3730//1475
f 3696//1475 3731//1475 3726//1475
f 3732//2228 3727//2225 3726//1475
f 3732//2228 3733//2229 3728//2226
f 3734//2230 3729//2227 3728//2226
f 3734//2230 3733//2229 3697//2208
f 3734//2230 3698//2209 3691//2205
f 3702//1475 3735//2231 3730//1475
f 3736//2232 3731//1475 3730//1475
f 3736//2232 3737//2233 3732//2228
f 3738//2234 3733//2229 3732//2228
f 3738//2234 3703//2213 3697//2208
f 3739//2235 3735//2231 3702//1475
f 3740//2236 3736//2232 3735//2231
f 3741//2237 3737//2233 3736//2232
f 3742//2238 3738//2234 3737//2233
f 3742//2238 3741//2237 3709//2218
f 3742//2238 3710//2219 3703//2213
f 3744//1613 2875//1613 2874//1613
f 3744//1613 3273//1613 2684//1613
f 3746//1613 3744//1613 3743//1613
f 3274//1613 3273//1613 3744//1613
f 3748//2241 3746//1613 3745//2239
f 3275//1613 3274//1613 3746//1613
f 3749//2242 3750//2243 3748//2241
f 3276//1994 3275//1613 3748//2241
f 3752//2245 3277//1995 3276//1994
f 3755//2247 3752//2245 3751//2244
f 3755//2247 3278//1996 3277//1995
f 3758//2248 3754//2246 3753//1999
f 3759//2249 3755//2247 3754//2246
f 3759//2249 3758//2248 3279//1997
f 3759//2249 3280//1998 3278//1996
f 3762//1999 3757//1999 3756//1999
f 3763//1999 3758//2248 3757//1999
f 3763//1999 3762//1999 3281//1999
f 3763//1999 3282//2000 3279//1997
f 3743//1613 2874//1613 2893//1726
f 3745//2239 3743//1613 3764//2250
f 3747//2240 3745//2239 3765//2251
f 3770//2255 3767//2253 3766//2252
f 3749//2242 3747//2240 3767//2253
f 3771//2256 3750//2243 3749//2242
f 3773//1999 3769//2254 3768//1999
f 3774//2257 3770//2255 3769//2254
f 3775//2258 3771//2256 3770//2255
f 3775//2258 3774//2257 3751//2244
f 3775//2258 3752//2245 3750//2243
f 3778//1999 3773//1999 3772//1999
f 3779//1999 3774//2257 3773//1999
f 3779//1999 3778//1999 3753//1999
f 3779//1999 3754//2246 3751//2244
f 3782//1999 3777//1999 3776//1999
f 3783//1999 3778//1999 3777//1999
f 3783//1999 3782//1999 3756//1999
f 3783//1999 3757//1999 3753//1999
f 3786//1999 3781//1999 3780//1999
f 3787//1999 3782//1999 3781//1999
f 3787//1999 3786//1999 3760//1999
f 3787//1999 3761//1999 3756//1999
f 3789//2260 2911//1740 2910//1739
f 3789//2260 3764//2250 2893//1726
f 3792//2263 3789//2260 3788//2259
f 3792//2263 3765//2251 3764//2250
f 3795//2264 3791//2262 3790//2261
f 3796//2265 3792//2263 3791//2262
f 3796//2265 3795//2264 3766//2252
f 3796//2265 3767//2253 3765//2251
f 3799//1999 3794//1999 3793//1999
f 3800//1999 3795//2264 3794//1999
f 3800//1999 3799//1999 3768//1999
f 3800//1999 3769//2254 3766//2252
f 3803//1999 3798//1999 3797//1999
f 3804//1999 3799//1999 3798//1999
f 3804//1999 3772//1999 3768//1999
f 3806//1999 3802//1999 3801//1999
f 3807//1999 3803//1999 3802//1999
f 3808//1999 3804//1999 3803//1999
f 3808//1999 3807//1999 3776//1999
f 3808//1999 3777//1999 3772//1999
f 3811//1999 3806//1999 3805//1999
f 3812//1999 3807//1999 3806//1999
f 3812//1999 3811//1999 3780//1999
f 3812//1999 3781//1999 3776//1999
f 3814//1999 3810//1999 3809//1999
f 3815//1999 3811//1999 3810//1999
f 3815//1999 3814//1999 3784//1999
f 3815//1999 3785//1999 3780//1999
f 3818//2267 2927//1755 2926//1754
f 3818//2267 3788//2259 2910//1739
f 3821//1999 3817//2266 3816//1999
f 3822//2269 3818//2267 3817//2266
f 3822//2269 3821//1999 3790//2261
f 3822//2269 3791//2262 3788//2259
f 3825//1999 3820//1999 3819//2268
f 3826//1999 3821//1999 3820//1999
f 3826//1999 3825//1999 3793//1999
f 3826//1999 3794//1999 3790//2261
f 3829//1999 3824//1999 3823//2270
f 3830//1999 3825//1999 3824//1999
f 3830//1999 3829//1999 3797//1999
f 3830//1999 3798//1999 3793//1999
f 3832//1999 3828//1999 3827//2271
f 3833//1999 3829//1999 3828//1999
f 3833//1999 3832//1999 3801//1999
f 3833//1999 3802//1999 3797//1999
f 3834//1999 3831//1999 3691//2205
f 3835//1999 3832//1999 3831//1999
f 3835//1999 3805//1999 3801//1999
f 3836//1999 3834//1999 3698//2209
f 3837//1999 3835//1999 3834//1999
f 3837//1999 3836//1999 3809//1999
f 3837//1999 3810//1999 3805//1999
f 3838//1999 3836//1999 3704//2214
f 3838//1999 3711//2220 3662//1999
f 3838//1999 3813//1999 3809//1999
f 3714//1475 3839//2272 2945//1475
f 3839//2272 3840//2273 2946//1773
f 3841//2274 2947//1774 2946//1773
f 3841//2274 3842//2275 2948//1775
f 3843//2276 2949//1776 2948//1775
f 3843//2276 3842//2275 3816//1999
f 3843//2276 3817//2266 2926//1754
f 3717//2221 3844//2277 3839//2272
f 3845//2278 3840//2273 3839//2272
f 3845//2278 3846//2279 3841//2274
f 3847//2280 3842//2275 3841//2274
f 3847//2280 3846//2279 3819//2268
f 3847//2280 3820//1999 3816//1999
f 3721//2222 3848//2281 3844//2277
f 3848//2281 3849//2282 3845//2278
f 3850//2283 3846//2279 3845//2278
f 3850//2283 3849//2282 3823//2270
f 3850//2283 3824//1999 3819//2268
f 3725//2224 3851//2284 3848//2281
f 3852//2285 3849//2282 3848//2281
f 3852//2285 3851//2284 3827//2271
f 3852//2285 3828//1999 3823//2270
f 3853//2286 3851//2284 3725//2224
f 3853//2286 3729//2227 3691//2205
f 3853//2286 3831//1999 3827//2271
f 3466//822 3854//2287 3261//1987
f 3859//822 3854//2287 3466//822
f 3859//822 3860//2291 3855//822
f 3468//2073 3860//2291 3859//822
f 3469//2074 3861//2292 3860//2291
f 3863//1261 3862//2293 3470//1261
f 3472//1261 3864//1261 3863//1261
f 3865//2294 3857//2289 3856//2288
f 3473//1261 3865//2294 3864//1261
f 3865//2294 3866//2295 3858//2290
f 3866//2295 3865//2294 3473//1261
f 3867//2296 3861//2292 3469//2074
f 3867//2296 3868//2297 3862//2293
f 3477//2077 3868//2297 3867//2296
f 3868//2297 3477//2077 3470//1261
f 3267//1990 3873//2302 3870//2299
f 3854//2287 3873//2302 3267//1990
f 3855//822 3874//2303 3873//2302
f 3878//2307 3877//2306 3856//2288
f 3879//2308 3872//2301 3871//2300
f 3879//2308 3878//2307 3857//2289
f 3880//2309 3874//2303 3855//822
f 3861//2292 3881//2310 3880//2309
f 3862//2293 3882//2311 3881//2310
f 3883//1261 3876//2305 3875//2304
f 3863//1261 3883//1261 3882//2311
f 3884//2312 3877//2306 3876//2305
f 3884//2312 3883//1261 3863//1261
f 3884//2312 3864//1261 3856//2288
f 3268//1440 3885//2313 3661//2200
f 3888//2314 3885//2313 3268//1440
f 3891//1999 3887//1999 3886//1999
f 3270//1992 3892//2316 3888//2314
f 3870//2299 3892//2316 3270//1992
f 3896//2320 3890//1999 3889//2315
f 3897//2321 3891//1999 3890//1999
f 3897//2321 3896//2320 3871//2300
f 3897//2321 3872//2301 3869//2298
f 3898//2322 3892//2316 3870//2299
f 3898//2322 3899//2323 3893//2317
f 3874//2303 3899//2323 3898//2322
f 3902//2326 3901//2325 3875//2304
f 3903//2327 3895//2319 3894//2318
f 3903//2327 3902//2326 3876//2305
f 3904//2328 3896//2320 3895//2319
f 3904//2328 3903//2327 3877//2306
f 3904//2328 3878//2307 3871//2300
f 3905//2329 3899//2323 3874//2303
f 3905//2329 3906//2330 3900//2324
f 3881//2310 3906//2330 3905//2329
f 3907//2331 3901//2325 3900//2324
f 3907//2331 3906//2330 3881//2310
f 3907//2331 3882//2311 3875//2304
f 3908//2332 3705//2215 3661//2200
f 3908//2332 3909//2333 3706//2216
f 3909//2333 3910//2334 3707//2217
f 3911//2335 3708//1475 3707//2217
f 3914//1999 3710//2219 3709//2218
f 3915//1999 3711//2220 3710//2219
f 3915//1999 3914//1999 3886//1999
f 3915//1999 3887//1999 3662//1999
f 3888//2314 3916//2338 3908//2332
f 3916//2338 3917//2339 3909//2333
f 3918//2340 3910//2334 3909//2333
f 3921//1999 3913//2337 3912//2336
f 3922//1999 3914//1999 3913//2337
f 3922//1999 3921//1999 3889//2315
f 3922//1999 3890//1999 3886//1999
f 3923//2343 3916//2338 3888//2314
f 3923//2343 3924//2344 3917//2339
f 3893//2317 3924//2344 3923//2343
f 3925//2345 3918//2340 3917//2339
f 3927//2347 3920//2342 3919//2341
f 3928//2348 3921//1999 3920//2342
f 3928//2348 3927//2347 3894//2318
f 3928//2348 3895//2319 3889//2315
f 3929//2349 3924//2344 3893//2317
f 3929//2349 3930//2350 3925//2345
f 3900//2324 3930//2350 3929//2349
f 3930//2350 3931//2351 3926//2346
f 3931//2351 3930//2350 3900//2324
f 3932//2352 3927//2347 3926//2346
f 3932//2352 3931//2351 3901//2325
f 3932//2352 3902//2326 3894//2318
f 3911//2335 3910//2334 3933//2353
f 3911//2335 3934//2354 3739//2235
f 3935//2355 3740//2236 3739//2235
f 3936//2356 3741//2237 3740//2236
f 3936//2356 3935//2355 3912//2336
f 3936//2356 3913//2337 3709//2218
f 3918//2340 3937//2357 3933//2353
f 3938//2358 3934//2354 3933//2353
f 3939//2359 3935//2355 3934//2354
f 3939//2359 3938//2358 3919//2341
f 3939//2359 3920//2342 3912//2336
f 3940//2360 3937//2357 3918//2340
f 3941//2361 3938//2358 3937//2357
f 3941//2361 3940//2360 3925//2345
f 3941//2361 3926//2346 3919//2341
f 3944//1999 3761//1999 3760//1999
f 3945//1999 3762//1999 3761//1999
f 3945//1999 3944//1999 3580//1999
f 3945//1999 3581//1999 3281//1999
f 3948//1999 3943//1999 3942//1999
f 3949//1999 3944//1999 3943//1999
f 3949//1999 3948//1999 3584//1999
f 3949//1999 3585//1999 3580//1999
f 3952//2365 3947//1999 3946//2362
f 3953//1999 3948//1999 3947//1999
f 3953//1999 3952//2365 3588//2136
f 3953//1999 3589//2137 3584//1999
f 3955//2367 3951//2364 3950//2363
f 3955//2367 3954//2366 3592//2139
f 3956//2368 3952//2365 3951//2364
f 3956//2368 3955//2367 3593//2140
f 3956//2368 3594//2141 3588//2136
f 3957//2369 3954//2366 3858//2290
f 3957//2369 3866//2295 3474//1261
f 3957//2369 3597//1261 3592//2139
f 3960//1999 3785//1999 3784//1999
f 3961//1999 3786//1999 3785//1999
f 3961//1999 3960//1999 3942//1999
f 3961//1999 3943//1999 3760//1999
f 3963//1999 3959//1999 3958//1999
f 3964//1999 3960//1999 3959//1999
f 3964//1999 3963//1999 3946//2362
f 3964//1999 3947//1999 3942//1999
f 3965//2370 3962//1999 3869//2298
f 3966//2371 3963//1999 3962//1999
f 3966//2371 3965//2370 3950//2363
f 3966//2371 3951//2364 3946//2362
f 3967//2372 3965//2370 3872//2301
f 3967//2372 3879//2308 3858//2290
f 3967//2372 3954//2366 3950//2363
f 3968//1999 3813//1999 3662//1999
f 3969//1999 3814//1999 3813//1999
f 3969//1999 3968//1999 3958//1999
f 3969//1999 3959//1999 3784//1999
f 3970//1999 3968//1999 3887//1999
f 3970//1999 3891//1999 3869//2298
f 3970//1999 3962//1999 3958//1999
