# Blender 4.2.0
# www.blender.org
o 96560_X5Y2
v -0.782808 -0.054100 0.053341
v -0.782808 -0.036007 0.053341
v -0.786778 -0.059400 0.021656
v -0.786778 -0.031031 0.021656
v -0.739739 -0.055513 0.184199
v -0.739739 -0.036011 0.184199
v -0.740323 -0.100028 0.142397
v -0.745661 -0.067958 0.154737
v -0.743995 -0.021607 0.149462
v -0.736319 -0.173307 0.086679
v -0.739577 -0.151591 0.096773
v -0.746534 -0.111991 0.112035
v -0.761664 -0.064968 0.108280
v -0.757678 -0.021656 0.108280
v -0.736319 -0.173307 0.085260
v -0.744060 -0.155739 0.068481
v -0.762505 -0.108280 0.064968
v -0.774624 -0.067109 0.066654
v -0.771721 -0.021604 0.066654
v -0.744679 -0.143491 0.021656
v -0.763799 -0.108280 0.021656
v -0.777077 -0.081055 0.021656
v -0.773770 -0.009375 0.021656
v -0.696281 -0.056988 0.313434
v -0.696281 -0.036518 0.313434
v -0.693137 -0.130427 0.260328
v -0.696459 -0.108280 0.270623
v -0.702537 -0.068842 0.285523
v -0.700441 -0.021911 0.278939
v -0.693464 -0.174831 0.218032
v -0.696247 -0.147555 0.234767
v -0.706920 -0.108280 0.238215
v -0.719248 -0.064968 0.238215
v -0.714186 -0.021656 0.238215
v -0.693792 -0.219235 0.175735
v -0.696837 -0.191522 0.192065
v -0.707903 -0.151591 0.194903
v -0.720900 -0.108280 0.194903
v -0.732028 -0.067958 0.197143
v -0.728265 -0.021607 0.197143
v -0.694120 -0.263640 0.133439
v -0.697427 -0.235490 0.149362
v -0.708887 -0.194903 0.151591
v -0.721883 -0.151591 0.151591
v -0.732751 -0.111991 0.154737
v -0.735663 -0.084388 0.171272
v -0.732647 -0.007137 0.162480
v -0.695242 -0.264832 0.108280
v -0.706836 -0.238215 0.108280
v -0.725466 -0.190608 0.103982
v -0.732587 -0.151591 0.118429
v -0.735991 -0.128903 0.128975
v -0.694863 -0.262716 0.082591
v -0.702924 -0.238140 0.066880
v -0.727666 -0.190608 0.068481
v -0.736099 -0.172942 0.056385
v -0.697679 -0.223653 0.033259
v -0.708844 -0.197378 0.019955
v -0.730946 -0.165147 0.021656
v -0.520554 -0.347125 0.346955
v -0.498086 -0.355854 0.353333
v -0.437373 -0.349800 0.392222
v -0.444223 -0.397309 0.352799
v -0.455235 -0.368509 0.368412
v -0.389917 -0.389874 0.389869
v -0.407197 -0.365803 0.397660
v -0.407197 -0.400005 0.367602
v -0.418792 -0.378675 0.381673
v -0.354192 -0.352475 0.437488
v -0.368151 -0.392584 0.394499
v -0.368438 -0.367408 0.417252
v -0.368151 -0.406389 0.368151
v -0.649954 -0.087547 0.433976
v -0.652223 -0.064968 0.440877
v -0.652794 -0.037024 0.442605
v -0.650282 -0.131951 0.391680
v -0.653169 -0.104502 0.408255
v -0.661962 -0.064968 0.411462
v -0.656813 -0.022214 0.408416
v -0.650610 -0.176355 0.349384
v -0.653759 -0.148470 0.365553
v -0.664980 -0.108280 0.368151
v -0.676377 -0.064968 0.368151
v -0.670241 -0.021656 0.368151
v -0.612508 -0.092163 0.480334
v -0.619941 -0.064968 0.484542
v -0.618324 -0.031939 0.483342
v -0.615185 -0.140798 0.441055
v -0.628284 -0.104292 0.451953
v -0.641597 -0.064968 0.462533
v -0.631888 -0.020044 0.458232
v -0.607993 -0.218307 0.391083
v -0.615360 -0.194903 0.399633
v -0.630395 -0.150812 0.411093
v -0.644059 -0.116421 0.420555
v -0.645452 -0.008149 0.420823
v -0.611403 -0.266941 0.351660
v -0.616987 -0.234932 0.366919
v -0.637508 -0.192437 0.365553
v -0.645605 -0.160826 0.378259
v -0.566039 -0.132255 0.478125
v -0.582170 -0.107272 0.484444
v -0.584710 -0.064968 0.496040
v -0.585495 -0.019164 0.487299
v -0.572890 -0.180890 0.438702
v -0.583902 -0.150964 0.454316
v -0.594914 -0.121038 0.469929
v -0.600455 -0.003065 0.473860
v -0.584710 -0.227594 0.397869
v -0.586280 -0.195158 0.420676
v -0.601764 -0.169672 0.430506
v -0.568010 -0.307033 0.349308
v -0.583352 -0.281438 0.359299
v -0.584710 -0.249250 0.382046
v -0.541398 -0.141828 0.483708
v -0.541398 -0.108280 0.495840
v -0.541398 -0.064968 0.500417
v -0.541398 -0.021656 0.496758
v -0.525434 -0.220982 0.436350
v -0.540482 -0.195158 0.446675
v -0.541398 -0.163484 0.469297
v -0.532284 -0.269616 0.396927
v -0.543297 -0.239690 0.412540
v -0.554309 -0.209764 0.428154
v -0.537554 -0.322818 0.355065
v -0.544592 -0.283043 0.380130
v -0.561159 -0.258399 0.388731
v -0.489709 -0.183565 0.483751
v -0.501722 -0.155383 0.491186
v -0.498086 -0.108280 0.502507
v -0.498086 -0.064968 0.502398
v -0.498086 -0.021656 0.501558
v -0.477978 -0.261074 0.433997
v -0.494684 -0.236537 0.442441
v -0.501722 -0.196762 0.467506
v -0.518584 -0.172347 0.475772
v -0.484829 -0.309708 0.394574
v -0.495841 -0.279782 0.410188
v -0.506853 -0.249856 0.425801
v -0.498794 -0.324423 0.375895
v -0.513703 -0.298491 0.386378
v -0.442253 -0.223657 0.481616
v -0.455924 -0.196762 0.490000
v -0.454774 -0.151591 0.503894
v -0.454774 -0.108280 0.504935
v -0.454774 -0.064968 0.504380
v -0.454774 -0.021656 0.503825
v -0.454774 -0.270088 0.440583
v -0.455924 -0.238142 0.463271
v -0.471128 -0.212439 0.473420
v -0.452996 -0.324423 0.401894
v -0.454774 -0.291744 0.424761
v -0.466247 -0.338583 0.384026
v -0.394797 -0.263749 0.479263
v -0.410126 -0.238142 0.487638
v -0.411462 -0.194903 0.503975
v -0.411462 -0.151591 0.507472
v -0.411462 -0.108280 0.506916
v -0.411462 -0.064968 0.506361
v -0.411462 -0.021656 0.505806
v -0.401648 -0.312383 0.439840
v -0.412660 -0.282457 0.455454
v -0.423672 -0.252531 0.471067
v -0.414236 -0.326028 0.422725
v -0.430522 -0.301166 0.431645
v -0.347341 -0.303841 0.476911
v -0.364327 -0.279522 0.484881
v -0.368151 -0.238215 0.503342
v -0.368151 -0.194903 0.509788
v -0.368151 -0.151591 0.509453
v -0.368151 -0.108280 0.508898
v -0.368151 -0.064968 0.508343
v -0.368151 -0.021656 0.507788
v -0.365204 -0.322549 0.453101
v -0.376216 -0.292623 0.468715
v -0.383066 -0.341258 0.429292
v -0.651921 -0.353972 0.180199
v -0.654309 -0.356600 0.151591
v -0.653609 -0.352491 0.121438
v -0.608447 -0.393085 0.262266
v -0.613447 -0.368151 0.270980
v -0.609722 -0.440269 0.221456
v -0.614242 -0.409098 0.236822
v -0.628230 -0.368151 0.238215
v -0.613349 -0.445294 0.194903
v -0.628378 -0.411462 0.194903
v -0.642926 -0.368306 0.194743
v -0.612321 -0.442201 0.160284
v -0.622662 -0.415169 0.148145
v -0.643926 -0.378256 0.151591
v -0.614599 -0.402260 0.108280
v -0.637277 -0.367417 0.107512
v -0.608487 -0.393015 0.082077
v -0.617596 -0.368294 0.066571
v -0.611296 -0.353952 0.032745
v -0.574860 -0.355668 0.309885
v -0.563129 -0.433176 0.259914
v -0.580424 -0.409098 0.267689
v -0.587462 -0.369323 0.292438
v -0.580424 -0.445021 0.236822
v -0.592004 -0.421959 0.250331
v -0.564924 -0.476876 0.176327
v -0.581501 -0.467761 0.192420
v -0.564924 -0.476876 0.172000
v -0.585239 -0.456954 0.151705
v -0.605553 -0.432078 0.131410
v -0.577831 -0.443811 0.108280
v -0.599487 -0.423916 0.108280
v -0.569132 -0.437662 0.073937
v -0.585441 -0.412558 0.063570
v -0.601751 -0.382826 0.053203
v -0.572736 -0.403130 0.021656
v -0.595703 -0.368294 0.019647
v -0.527404 -0.395760 0.307533
v -0.538416 -0.365834 0.323146
v -0.541398 -0.438199 0.266082
v -0.541664 -0.410703 0.288519
v -0.556279 -0.384542 0.299337
v -0.541398 -0.456947 0.238215
v -0.541398 -0.479122 0.182192
v -0.541398 -0.473522 0.203848
v -0.541398 -0.479122 0.165138
v -0.541398 -0.471618 0.143482
v -0.541398 -0.459050 0.108280
v -0.543937 -0.441831 0.061687
v -0.560067 -0.432101 0.045062
v -0.531193 -0.435522 0.036599
v -0.543937 -0.424793 0.021960
v -0.479348 -0.434348 0.304801
v -0.495506 -0.410703 0.314291
v -0.498086 -0.377510 0.337510
v -0.495506 -0.441831 0.282139
v -0.508223 -0.424634 0.296984
v -0.498086 -0.461302 0.238215
v -0.498086 -0.480909 0.185610
v -0.498086 -0.472990 0.207266
v -0.497579 -0.480816 0.150183
v -0.511678 -0.474737 0.134807
v -0.482803 -0.477768 0.126200
v -0.497579 -0.468997 0.110369
v -0.498086 -0.452631 0.064968
v -0.494510 -0.437980 0.021960
v -0.506564 -0.430352 0.007725
v -0.454774 -0.434627 0.305982
v -0.457106 -0.411633 0.330274
v -0.473098 -0.387217 0.344603
v -0.454774 -0.444154 0.281527
v -0.454774 -0.460190 0.238215
v -0.454774 -0.480336 0.183798
v -0.454774 -0.472319 0.205454
v -0.454774 -0.484616 0.151591
v -0.454774 -0.480710 0.117985
v -0.454774 -0.472955 0.096329
v -0.454774 -0.461724 0.064968
v -0.454774 -0.446213 0.021656
v -0.411462 -0.433957 0.305447
v -0.411462 -0.424160 0.327103
v -0.411462 -0.442813 0.281527
v -0.411462 -0.458848 0.238215
v -0.411462 -0.479666 0.181986
v -0.411462 -0.471648 0.203642
v -0.411462 -0.488257 0.151591
v -0.413502 -0.484641 0.105291
v -0.429300 -0.475628 0.088862
v -0.400425 -0.478659 0.080399
v -0.413502 -0.470601 0.065564
v -0.411462 -0.455305 0.021656
v -0.378984 -0.433453 0.304088
v -0.365988 -0.426771 0.321051
v -0.365988 -0.439867 0.285677
v -0.350110 -0.433006 0.302880
v -0.368151 -0.457506 0.238215
v -0.368151 -0.478995 0.180174
v -0.368151 -0.470977 0.201830
v -0.368151 -0.489433 0.151591
v -0.368151 -0.492485 0.108280
v -0.364075 -0.480977 0.065564
v -0.375796 -0.473489 0.051525
v -0.346921 -0.476520 0.043062
v -0.364075 -0.466750 0.025837
v -0.650938 -0.220760 0.307088
v -0.654349 -0.192437 0.322850
v -0.665963 -0.151591 0.324839
v -0.678960 -0.108280 0.324839
v -0.689124 -0.068842 0.326658
v -0.684502 -0.021911 0.326658
v -0.651266 -0.265164 0.264791
v -0.654939 -0.236404 0.280148
v -0.666947 -0.194903 0.281527
v -0.682464 -0.147555 0.277470
v -0.689470 -0.108280 0.292278
v -0.692809 -0.085862 0.302624
v -0.689076 -0.007643 0.291651
v -0.651593 -0.309568 0.222495
v -0.655529 -0.280371 0.237445
v -0.667930 -0.238215 0.238215
v -0.683054 -0.191522 0.234767
v -0.688804 -0.159301 0.246906
v -0.656119 -0.324339 0.194743
v -0.668914 -0.281527 0.194903
v -0.683644 -0.235490 0.192065
v -0.689132 -0.203706 0.204610
v -0.667668 -0.324839 0.151591
v -0.684234 -0.279457 0.149362
v -0.689460 -0.248110 0.162314
v -0.662842 -0.326655 0.107512
v -0.684840 -0.286487 0.108280
v -0.654786 -0.310910 0.064968
v -0.676839 -0.278903 0.066880
v -0.688135 -0.252528 0.053717
v -0.649715 -0.303240 0.043231
v -0.657158 -0.279779 0.025938
v -0.681895 -0.238140 0.019955
v -0.690944 -0.213465 0.004384
v -0.613399 -0.315519 0.312129
v -0.620427 -0.281438 0.325875
v -0.640155 -0.236404 0.322850
v -0.646278 -0.205230 0.335962
v -0.622018 -0.327909 0.284646
v -0.641746 -0.280371 0.280148
v -0.646606 -0.249634 0.293666
v -0.642336 -0.324339 0.237445
v -0.646933 -0.294038 0.251370
v -0.647261 -0.338443 0.209073
v -0.646906 -0.342303 0.092563
v -0.640469 -0.332566 0.064968
v -0.627137 -0.323502 0.023550
v -0.642979 -0.293051 0.014356
v -0.585872 -0.325713 0.325444
v -0.596884 -0.295816 0.341003
v -0.603735 -0.344393 0.301162
v -0.604560 -0.343763 0.003870
v -0.549428 -0.335908 0.338760
v -0.324839 -0.359861 0.445820
v -0.324839 -0.394924 0.400909
v -0.324839 -0.381517 0.422565
v -0.324839 -0.408058 0.368151
v -0.271011 -0.352036 0.482754
v -0.283880 -0.364024 0.457982
v -0.281527 -0.394253 0.401816
v -0.281527 -0.385906 0.423472
v -0.281527 -0.406717 0.368151
v -0.238215 -0.355181 0.491483
v -0.238215 -0.372595 0.454774
v -0.238215 -0.393582 0.400004
v -0.238215 -0.385564 0.421660
v -0.238215 -0.405375 0.368151
v -0.207827 -0.352535 0.490176
v -0.193995 -0.358537 0.453152
v -0.209291 -0.392100 0.396001
v -0.194873 -0.378900 0.410848
v -0.194873 -0.398542 0.369069
v -0.180416 -0.386474 0.384119
v -0.170756 -0.349140 0.437633
v -0.163535 -0.356807 0.411462
v -0.168419 -0.394434 0.355244
v -0.151167 -0.368602 0.368920
v -0.125947 -0.350729 0.353722
v -0.324839 -0.312583 0.483298
v -0.324839 -0.281527 0.500723
v -0.324839 -0.238215 0.511773
v -0.324839 -0.194903 0.511990
v -0.324839 -0.151591 0.511435
v -0.324839 -0.108280 0.510880
v -0.324839 -0.064968 0.510325
v -0.324839 -0.021656 0.509770
v -0.324839 -0.334239 0.467476
v -0.283880 -0.327633 0.493369
v -0.281527 -0.281527 0.512048
v -0.281527 -0.238215 0.514527
v -0.281527 -0.194903 0.513971
v -0.281527 -0.151591 0.513416
v -0.281527 -0.108280 0.512861
v -0.281527 -0.064968 0.512306
v -0.281527 -0.021656 0.511751
v -0.299886 -0.343933 0.474558
v -0.238215 -0.324839 0.511826
v -0.238215 -0.281527 0.516912
v -0.238215 -0.238215 0.516461
v -0.238215 -0.194903 0.515945
v -0.238215 -0.151591 0.515398
v -0.238215 -0.108280 0.514843
v -0.238215 -0.064968 0.514288
v -0.238215 -0.021656 0.513733
v -0.193995 -0.324323 0.495266
v -0.194903 -0.281527 0.503463
v -0.194903 -0.238215 0.504600
v -0.194903 -0.194903 0.505728
v -0.194903 -0.151591 0.506825
v -0.194903 -0.108280 0.507914
v -0.194903 -0.064968 0.509004
v -0.194903 -0.021656 0.510093
v -0.178952 -0.338416 0.466507
v -0.168620 -0.309542 0.480184
v -0.165464 -0.281527 0.482745
v -0.163780 -0.238215 0.484112
v -0.162095 -0.194903 0.485479
v -0.160410 -0.151591 0.486846
v -0.158726 -0.108280 0.488213
v -0.157041 -0.064968 0.489579
v -0.155356 -0.021656 0.490946
v -0.155251 -0.321676 0.450917
v -0.143808 -0.281527 0.461973
v -0.142124 -0.238215 0.466541
v -0.140439 -0.194903 0.467908
v -0.138754 -0.151591 0.469275
v -0.137070 -0.108280 0.470642
v -0.135385 -0.064968 0.472009
v -0.133700 -0.021656 0.473375
v -0.141879 -0.333813 0.411462
v -0.133914 -0.342270 0.382597
v -0.128284 -0.304936 0.435328
v -0.121867 -0.281527 0.440317
v -0.115433 -0.238215 0.444885
v -0.113748 -0.194903 0.446252
v -0.112064 -0.151591 0.447619
v -0.110379 -0.108280 0.448986
v -0.104451 -0.062835 0.447045
v -0.108280 -0.021656 0.452750
v -0.121483 -0.312157 0.411462
v -0.100385 -0.282788 0.412664
v -0.093777 -0.238215 0.426646
v -0.092092 -0.194903 0.428681
v -0.090408 -0.151591 0.430048
v -0.088723 -0.108280 0.431415
v -0.087462 -0.075851 0.432438
v -0.108695 -0.324398 0.367398
v -0.091442 -0.298066 0.381074
v -0.086339 -0.046976 0.433350
v -0.085354 -0.021656 0.434149
v -0.077845 -0.269192 0.399027
v -0.069850 -0.238215 0.404990
v -0.061147 -0.192671 0.403714
v -0.064968 -0.151591 0.409407
v -0.064968 -0.108280 0.412141
v -0.069128 -0.062835 0.418384
v -0.063698 -0.021656 0.416578
v -0.083475 -0.306526 0.352200
v -0.066223 -0.280194 0.365876
v -0.048194 -0.238215 0.381598
v -0.044163 -0.205621 0.389116
v -0.043040 -0.176746 0.390027
v -0.042061 -0.151591 0.390821
v -0.040377 -0.108280 0.392188
v -0.038692 -0.064968 0.393555
v -0.037007 -0.021656 0.394922
v -0.041003 -0.262322 0.350678
v -0.024602 -0.234819 0.358062
v -0.025824 -0.192671 0.374644
v -0.020405 -0.151591 0.373250
v -0.018721 -0.108280 0.374617
v -0.017036 -0.064968 0.375984
v -0.015351 -0.021656 0.377351
v -0.324839 -0.424094 0.324839
v -0.324839 -0.440632 0.280167
v -0.324839 -0.432615 0.301823
v -0.324839 -0.456164 0.238215
v -0.324839 -0.478324 0.178362
v -0.324839 -0.470306 0.200018
v -0.324839 -0.488235 0.151591
v -0.324839 -0.496504 0.108280
v -0.324839 -0.489000 0.064968
v -0.324839 -0.478837 0.036589
v -0.324839 -0.471082 0.014934
v -0.281527 -0.422752 0.324839
v -0.281527 -0.439962 0.278355
v -0.281527 -0.431944 0.300011
v -0.281527 -0.454823 0.238215
v -0.281527 -0.477653 0.176550
v -0.281527 -0.469635 0.198206
v -0.281527 -0.486894 0.151591
v -0.281527 -0.500225 0.108280
v -0.281527 -0.497938 0.064968
v -0.279999 -0.482581 0.020759
v -0.293417 -0.474380 0.005724
v -0.238215 -0.421410 0.324839
v -0.238215 -0.439291 0.276543
v -0.238215 -0.431273 0.298199
v -0.238215 -0.453481 0.238215
v -0.238215 -0.476982 0.174738
v -0.238215 -0.468964 0.196394
v -0.238215 -0.485552 0.151591
v -0.238215 -0.501462 0.108280
v -0.238215 -0.504392 0.064968
v -0.238215 -0.491674 0.021656
v -0.194903 -0.417721 0.324839
v -0.194903 -0.438620 0.274731
v -0.194903 -0.430177 0.296387
v -0.194903 -0.452139 0.238215
v -0.211898 -0.476574 0.173637
v -0.196438 -0.469739 0.190806
v -0.196438 -0.482836 0.155432
v -0.183023 -0.476127 0.172429
v -0.194903 -0.500245 0.108280
v -0.194903 -0.508392 0.064968
v -0.194903 -0.500765 0.021656
v -0.160029 -0.402254 0.324839
v -0.138373 -0.380847 0.324839
v -0.167521 -0.436562 0.269174
v -0.149549 -0.413587 0.284691
v -0.131577 -0.388063 0.300208
v -0.152487 -0.440901 0.234640
v -0.138647 -0.425397 0.246694
v -0.151591 -0.457763 0.194903
v -0.151591 -0.482178 0.144271
v -0.151591 -0.472273 0.165927
v -0.151591 -0.496877 0.108280
v -0.133775 -0.520493 0.045479
v -0.149564 -0.512842 0.061937
v -0.133775 -0.520493 0.041907
v -0.149564 -0.507219 0.025144
v -0.117977 -0.359191 0.324839
v -0.123610 -0.396523 0.271333
v -0.106358 -0.370191 0.285010
v -0.129240 -0.433857 0.217819
v -0.117147 -0.411161 0.234640
v -0.092816 -0.383232 0.238215
v -0.122917 -0.440570 0.194903
v -0.098420 -0.412115 0.199077
v -0.086768 -0.389653 0.216297
v -0.126903 -0.479051 0.135431
v -0.109651 -0.453318 0.149107
v -0.092398 -0.426987 0.162783
v -0.119411 -0.485304 0.108280
v -0.097755 -0.464611 0.108280
v -0.128568 -0.520493 0.045479
v -0.114329 -0.499282 0.061937
v -0.089798 -0.472917 0.064968
v -0.128568 -0.520493 0.041907
v -0.118440 -0.495667 0.025144
v -0.094936 -0.470961 0.021656
v -0.081138 -0.352319 0.269811
v -0.072420 -0.361576 0.238215
v -0.078801 -0.398112 0.187423
v -0.061549 -0.371781 0.201099
v -0.084431 -0.435446 0.133909
v -0.067179 -0.409115 0.147585
v -0.049926 -0.382783 0.161261
v -0.076585 -0.442955 0.108280
v -0.054929 -0.421311 0.108280
v -0.068700 -0.451262 0.064968
v -0.047044 -0.429673 0.064968
v -0.069575 -0.449306 0.021656
v -0.047919 -0.429534 0.021656
v -0.036241 -0.353909 0.185901
v -0.041827 -0.391243 0.132386
v -0.024597 -0.366538 0.148245
v -0.025096 -0.398185 0.104569
v -0.012952 -0.379167 0.116533
v -0.021656 -0.417065 0.064968
v -0.021656 -0.427130 0.021656
v -0.096321 -0.336198 0.324839
v -0.089105 -0.343860 0.298686
v -0.075926 -0.314542 0.324839
v -0.054270 -0.291548 0.324839
v -0.063886 -0.325987 0.283487
v -0.046633 -0.299656 0.297164
v -0.050764 -0.338582 0.238215
v -0.044296 -0.345449 0.214775
v -0.033874 -0.269892 0.324839
v -0.012218 -0.246898 0.324839
v -0.038666 -0.308115 0.268289
v -0.021414 -0.281784 0.281965
v -0.004162 -0.255452 0.295642
v -0.030368 -0.316926 0.238215
v -0.008712 -0.293932 0.238215
v -0.019033 -0.328842 0.200293
v -0.001824 -0.301246 0.214685
v -0.007367 -0.341110 0.164103
v -0.737546 0.002432 0.133605
v -0.741843 0.010825 0.108280
v -0.748734 0.024525 0.067022
v -0.739836 0.047995 0.053953
v -0.751072 0.023722 0.021191
v -0.739836 0.047995 0.035319
v -0.693975 0.001926 0.262777
v -0.698142 0.010065 0.238215
v -0.705026 0.024222 0.196571
v -0.696382 0.049938 0.183245
v -0.723794 0.018784 0.149462
v -0.700539 0.064612 0.148852
v -0.693889 0.088382 0.132588
v -0.730756 0.032481 0.108280
v -0.714124 0.064968 0.108280
v -0.698013 0.096437 0.108280
v -0.735054 0.040876 0.082828
v -0.724858 0.063447 0.067022
v -0.701276 0.099300 0.064968
v -0.732745 0.039536 0.006444
v -0.715492 0.065867 0.020121
v -0.698240 0.092199 0.033797
v -0.650404 0.001419 0.391948
v -0.654441 0.009306 0.368151
v -0.616577 0.013995 0.444985
v -0.629795 0.022145 0.412249
v -0.612481 0.064968 0.400581
v -0.606747 0.087219 0.390303
v -0.643355 0.030962 0.368151
v -0.625945 0.064968 0.368151
v -0.610612 0.094806 0.368151
v -0.571580 0.004373 0.480060
v -0.588542 0.023621 0.456441
v -0.576629 0.050274 0.439022
v -0.605504 0.042870 0.432550
v -0.588524 0.064814 0.420610
v -0.584710 0.094233 0.396253
v -0.587357 0.116225 0.369996
v -0.574684 0.142076 0.356789
v -0.541398 0.012112 0.484904
v -0.541398 0.033768 0.468338
v -0.541398 0.059308 0.446682
v -0.541398 0.080964 0.428319
v -0.540012 0.109679 0.404573
v -0.524651 0.132453 0.391941
v -0.553526 0.125049 0.385663
v -0.541613 0.151702 0.368244
v -0.529700 0.178354 0.350825
v -0.499304 0.024391 0.488666
v -0.485679 0.048055 0.480447
v -0.514554 0.040651 0.474174
v -0.502641 0.067304 0.456755
v -0.490728 0.093956 0.439336
v -0.519603 0.086552 0.433058
v -0.502334 0.108348 0.422086
v -0.498086 0.139265 0.397717
v -0.498086 0.160921 0.379355
v -0.498086 0.186461 0.357699
v -0.454774 0.021656 0.499357
v -0.454774 0.055980 0.485799
v -0.454774 0.077636 0.468809
v -0.450793 0.108348 0.444498
v -0.433701 0.130235 0.433372
v -0.462576 0.122831 0.427094
v -0.450663 0.149483 0.409675
v -0.438750 0.176136 0.392255
v -0.467625 0.168732 0.385977
v -0.455712 0.195384 0.368558
v -0.443799 0.222037 0.351139
v -0.411462 0.021656 0.504719
v -0.413114 0.067925 0.490023
v -0.399778 0.091737 0.480766
v -0.428653 0.084334 0.474488
v -0.413114 0.107017 0.462011
v -0.411462 0.135937 0.438207
v -0.411462 0.157593 0.419844
v -0.411462 0.183133 0.398188
v -0.411462 0.204789 0.379826
v -0.411462 0.230328 0.358170
v -0.368151 0.021656 0.507233
v -0.368151 0.064968 0.501998
v -0.368151 0.099847 0.486735
v -0.368151 0.121503 0.469280
v -0.364603 0.151882 0.445064
v -0.347800 0.173917 0.433686
v -0.376675 0.166513 0.427408
v -0.364762 0.193165 0.409989
v -0.352849 0.219818 0.392570
v -0.381724 0.212414 0.386292
v -0.369246 0.239066 0.368239
v -0.356769 0.262423 0.350186
v -0.661247 0.023918 0.326048
v -0.652811 0.049432 0.312416
v -0.680016 0.018480 0.278939
v -0.656761 0.064309 0.278329
v -0.650318 0.087875 0.261759
v -0.687055 0.031721 0.238215
v -0.670035 0.064968 0.238215
v -0.654313 0.095678 0.238215
v -0.691483 0.040369 0.212119
v -0.684347 0.064612 0.196571
v -0.661093 0.110441 0.195960
v -0.652725 0.135888 0.182228
v -0.688990 0.078813 0.161462
v -0.679861 0.105003 0.148852
v -0.656606 0.150832 0.148241
v -0.650232 0.174331 0.131571
v -0.686767 0.118093 0.108280
v -0.665871 0.151591 0.108280
v -0.650437 0.174427 0.108280
v -0.685376 0.120956 0.064968
v -0.661186 0.151140 0.068798
v -0.650136 0.173736 0.085789
v -0.690273 0.083740 0.004922
v -0.673020 0.110071 0.018598
v -0.655768 0.136403 0.032275
v -0.647912 0.039863 0.341291
v -0.640569 0.064309 0.326048
v -0.617314 0.110137 0.325437
v -0.609154 0.135381 0.311399
v -0.645419 0.078306 0.290634
v -0.636083 0.104699 0.278329
v -0.612828 0.150528 0.277718
v -0.606661 0.173825 0.260742
v -0.643226 0.117334 0.238215
v -0.625688 0.151591 0.238215
v -0.610483 0.181290 0.238215
v -0.647826 0.126319 0.211102
v -0.640414 0.150832 0.195960
v -0.617160 0.196660 0.195350
v -0.609068 0.221837 0.181211
v -0.645333 0.164762 0.160445
v -0.635855 0.191222 0.148241
v -0.614001 0.227898 0.151591
v -0.634606 0.196083 0.108280
v -0.612950 0.224975 0.108280
v -0.642171 0.165277 0.056914
v -0.624919 0.191609 0.070590
v -0.607666 0.217940 0.084267
v -0.647801 0.127943 0.003400
v -0.630549 0.154275 0.017076
v -0.613296 0.180606 0.030753
v -0.603559 0.125812 0.340274
v -0.588223 0.153166 0.327907
v -0.570616 0.194903 0.312637
v -0.563303 0.216851 0.303431
v -0.601762 0.164256 0.289617
v -0.590833 0.190919 0.277718
v -0.568747 0.227534 0.281527
v -0.599396 0.202946 0.238215
v -0.577713 0.242488 0.242459
v -0.567903 0.269343 0.230851
v -0.604169 0.212268 0.210085
v -0.596481 0.237051 0.195350
v -0.573226 0.282879 0.194740
v -0.565411 0.306732 0.180194
v -0.599602 0.249554 0.151591
v -0.576382 0.283635 0.151937
v -0.565411 0.306732 0.166605
v -0.593896 0.246631 0.108280
v -0.572240 0.269625 0.108280
v -0.599699 0.209481 0.055392
v -0.582447 0.235812 0.069068
v -0.565194 0.262144 0.082745
v -0.605329 0.172147 0.001878
v -0.588077 0.198478 0.015554
v -0.570825 0.224810 0.029230
v -0.558575 0.170950 0.344415
v -0.543042 0.193636 0.331986
v -0.541398 0.222550 0.308263
v -0.545672 0.247281 0.282428
v -0.534083 0.270156 0.268592
v -0.562958 0.259774 0.259725
v -0.547016 0.284187 0.243600
v -0.531074 0.316057 0.227476
v -0.559948 0.298218 0.209068
v -0.541832 0.325832 0.196278
v -0.559564 0.299478 0.137731
v -0.541640 0.324698 0.152117
v -0.551844 0.291281 0.108280
v -0.530188 0.313319 0.108280
v -0.557227 0.253684 0.053870
v -0.539975 0.280016 0.067546
v -0.522723 0.306091 0.081222
v -0.562857 0.216351 0.000356
v -0.551164 0.238834 0.017538
v -0.526683 0.267240 0.021656
v -0.498086 0.208117 0.339336
v -0.494530 0.238502 0.315118
v -0.477722 0.260534 0.303745
v -0.506597 0.253130 0.297467
v -0.494684 0.279782 0.280048
v -0.482771 0.306346 0.262628
v -0.511646 0.299031 0.256350
v -0.497559 0.320436 0.240434
v -0.498086 0.344033 0.209456
v -0.498086 0.341821 0.140571
v -0.498086 0.327364 0.108280
v -0.509238 0.297888 0.052348
v -0.496115 0.309750 0.066058
v -0.496115 0.289354 0.023806
v -0.480363 0.304528 0.039677
v -0.472674 0.214633 0.344861
v -0.456851 0.237170 0.332631
v -0.454774 0.266418 0.308734
v -0.454774 0.288074 0.289184
v -0.454774 0.308943 0.267528
v -0.454774 0.325747 0.238215
v -0.454774 0.341643 0.202657
v -0.454774 0.343228 0.143734
v -0.454774 0.331943 0.108280
v -0.454774 0.315908 0.064968
v -0.454774 0.297519 0.015298
v -0.454774 0.305537 0.036954
v -0.411462 0.251984 0.339807
v -0.411462 0.273893 0.318151
v -0.411462 0.295549 0.290229
v -0.411462 0.307686 0.268573
v -0.411462 0.319944 0.238215
v -0.414591 0.337410 0.191277
v -0.414591 0.342852 0.154407
v -0.411462 0.333285 0.108280
v -0.411462 0.317250 0.064968
v -0.411462 0.298190 0.013486
v -0.411462 0.306207 0.035142
v -0.385644 0.258315 0.345175
v -0.369984 0.272414 0.328378
v -0.368233 0.295943 0.279686
v -0.382725 0.304669 0.264022
v -0.353850 0.301639 0.255559
v -0.368233 0.310244 0.239959
v -0.368151 0.326363 0.194903
v -0.368151 0.338381 0.151591
v -0.368151 0.334627 0.108280
v -0.368151 0.318592 0.064968
v -0.368151 0.298861 0.011674
v -0.368151 0.306878 0.033330
v -0.523716 0.348991 0.183487
v -0.523716 0.348991 0.166504
v -0.498086 0.350502 0.187800
v -0.498086 0.350502 0.162227
v -0.454774 0.348945 0.181001
v -0.454774 0.348945 0.165390
v -0.431115 0.346914 0.174422
v -0.431115 0.346914 0.170722
v -0.324839 0.021656 0.509214
v -0.324839 0.064968 0.507972
v -0.326924 0.111459 0.491451
v -0.313877 0.135420 0.481080
v -0.342751 0.128016 0.474802
v -0.326924 0.150551 0.462577
v -0.324839 0.179805 0.438678
v -0.324839 0.201460 0.420316
v -0.324839 0.225029 0.398660
v -0.321874 0.249035 0.366034
v -0.334335 0.262423 0.350186
v -0.281527 0.021656 0.511196
v -0.281527 0.064968 0.510641
v -0.281527 0.108280 0.504724
v -0.281527 0.143715 0.487757
v -0.281527 0.165371 0.469751
v -0.278253 0.195416 0.445554
v -0.261632 0.217147 0.433875
v -0.290507 0.210195 0.427722
v -0.278253 0.225187 0.412556
v -0.281527 0.245569 0.368151
v -0.238215 0.021656 0.513178
v -0.238215 0.064968 0.512623
v -0.238215 0.108280 0.511314
v -0.240734 0.154993 0.492950
v -0.227976 0.178131 0.481394
v -0.256850 0.171698 0.475116
v -0.242523 0.196123 0.454496
v -0.257071 0.217147 0.433875
v -0.228196 0.214116 0.426297
v -0.240866 0.222003 0.411701
v -0.238215 0.237043 0.368151
v -0.194903 0.021656 0.511182
v -0.194903 0.064968 0.512271
v -0.194903 0.108280 0.512996
v -0.194903 0.151591 0.505041
v -0.194903 0.179755 0.486668
v -0.194903 0.195473 0.454774
v -0.191439 0.211627 0.411701
v -0.203567 0.219286 0.397422
v -0.174693 0.216256 0.388959
v -0.191439 0.225854 0.371973
v -0.153671 0.021656 0.492313
v -0.147755 0.067001 0.490375
v -0.151591 0.108280 0.495728
v -0.152777 0.148361 0.489762
v -0.168005 0.177041 0.485116
v -0.132016 0.021656 0.474742
v -0.130761 0.053919 0.475761
v -0.137903 0.162469 0.454774
v -0.159559 0.182815 0.454774
v -0.131364 0.171479 0.430612
v -0.148117 0.192018 0.414290
v -0.151591 0.211644 0.382016
v -0.151591 0.221586 0.360360
v -0.129637 0.082793 0.476672
v -0.128824 0.108280 0.477476
v -0.128752 0.131770 0.477583
v -0.108280 0.021656 0.455484
v -0.112432 0.067001 0.461715
v -0.106696 0.106789 0.452222
v -0.122766 0.140813 0.454774
v -0.092685 0.120233 0.420126
v -0.108527 0.151217 0.410932
v -0.124369 0.181435 0.401738
v -0.094878 0.160763 0.368151
v -0.117851 0.195484 0.366758
v -0.127663 0.218395 0.351392
v -0.083669 0.021656 0.435516
v -0.082428 0.064968 0.436882
v -0.083561 0.091359 0.436083
v -0.062013 0.021656 0.417945
v -0.059811 0.065232 0.409997
v -0.078250 0.106789 0.407998
v -0.085949 0.130955 0.391252
v -0.047530 0.079846 0.380766
v -0.058317 0.106233 0.367057
v -0.080560 0.139107 0.368151
v -0.036020 0.021656 0.396289
v -0.038354 0.050971 0.394584
v -0.012916 0.023689 0.367773
v -0.031589 0.065232 0.367057
v -0.040794 0.090432 0.351891
v -0.305461 0.259393 0.345159
v -0.321874 0.268851 0.328369
v -0.324839 0.286249 0.281527
v -0.324839 0.298593 0.247056
v -0.324839 0.306349 0.225400
v -0.324839 0.317270 0.194903
v -0.324839 0.332339 0.151591
v -0.324839 0.333802 0.108280
v -0.324839 0.319933 0.064968
v -0.324839 0.299531 0.009862
v -0.324839 0.307549 0.031518
v -0.281527 0.256881 0.338144
v -0.281527 0.264636 0.316489
v -0.281527 0.277156 0.281527
v -0.284156 0.294413 0.234881
v -0.300347 0.303778 0.218222
v -0.271472 0.300747 0.209759
v -0.284156 0.308640 0.195154
v -0.281527 0.323689 0.151591
v -0.281527 0.330368 0.108280
v -0.281527 0.321275 0.064968
v -0.281527 0.300202 0.008050
v -0.281527 0.308220 0.029706
v -0.237798 0.253020 0.323291
v -0.251957 0.261532 0.307822
v -0.223082 0.258502 0.299359
v -0.237798 0.267247 0.283564
v -0.238215 0.283575 0.238215
v -0.234729 0.298264 0.195154
v -0.246843 0.305918 0.180884
v -0.217969 0.302887 0.172421
v -0.234729 0.312491 0.155427
v -0.238215 0.326460 0.108280
v -0.238215 0.322049 0.064968
v -0.238215 0.300873 0.006797
v -0.238215 0.308356 0.028453
v -0.194903 0.243461 0.324839
v -0.194903 0.255544 0.291100
v -0.194903 0.263299 0.269444
v -0.194903 0.274483 0.238215
v -0.194903 0.289994 0.194903
v -0.194903 0.300466 0.165661
v -0.194903 0.308221 0.144005
v -0.194903 0.320480 0.108280
v -0.194903 0.320890 0.064968
v -0.203803 0.301867 0.004300
v -0.191581 0.307653 0.019905
v -0.151591 0.234369 0.324839
v -0.153721 0.251416 0.278486
v -0.169579 0.260641 0.262021
v -0.140704 0.257610 0.253558
v -0.153721 0.265643 0.238759
v -0.151591 0.280901 0.194903
v -0.150328 0.296758 0.150349
v -0.163923 0.305026 0.135084
v -0.135048 0.302159 0.127738
v -0.150328 0.312397 0.111292
v -0.151591 0.325608 0.064968
v -0.151591 0.326047 0.021656
v -0.088758 0.170018 0.341919
v -0.098431 0.194748 0.326425
v -0.121438 0.223191 0.324839
v -0.092003 0.209081 0.292587
v -0.107176 0.229689 0.279500
v -0.105917 0.250549 0.238759
v -0.118780 0.262781 0.224684
v -0.089905 0.258333 0.214380
v -0.105917 0.269600 0.197927
v -0.109796 0.293227 0.148979
v -0.096370 0.306046 0.132800
v -0.125245 0.302159 0.127738
v -0.107037 0.322301 0.108101
v -0.119547 0.339041 0.064968
v -0.128373 0.344602 0.021656
v -0.048801 0.121633 0.324839
v -0.070929 0.153985 0.326425
v -0.082022 0.180207 0.313045
v -0.043603 0.129495 0.302559
v -0.051248 0.153109 0.285484
v -0.075985 0.194748 0.279500
v -0.084831 0.219259 0.263712
v -0.046412 0.168558 0.254593
v -0.055030 0.196113 0.239379
v -0.077291 0.228259 0.238215
v -0.047097 0.211357 0.213157
v -0.059849 0.244542 0.199331
v -0.072602 0.265097 0.185505
v -0.043727 0.259626 0.173076
v -0.060886 0.280331 0.160995
v -0.064968 0.312483 0.136405
v -0.064968 0.334139 0.118037
v -0.002375 0.039481 0.341405
v -0.011687 0.064595 0.326116
v -0.034483 0.099977 0.324839
v -0.005184 0.078783 0.292072
v -0.021025 0.109233 0.282878
v -0.036867 0.139683 0.273684
v -0.007993 0.117846 0.250961
v -0.021333 0.153423 0.238340
v -0.034674 0.182483 0.225719
v -0.005800 0.167162 0.212793
v -0.020804 0.196113 0.206306
v -0.021656 0.237244 0.184911
v -0.021656 0.258900 0.172847
v -0.021656 0.281527 0.161470
v -0.021656 0.320621 0.140214
v -0.021656 0.342277 0.127137
v -0.088829 0.348454 0.088463
v -0.097891 0.357528 0.064968
v -0.103881 0.371470 0.022141
v -0.088594 0.391615 0.008027
v -0.064968 0.357528 0.096381
v -0.068027 0.380297 0.068027
v -0.055630 0.397622 0.055630
v -0.084504 0.388120 0.036902
v -0.068027 0.402320 0.022141
v -0.022141 0.371470 0.102892
v -0.008028 0.391615 0.088594
v -0.036902 0.388120 0.084504
v -0.022141 0.402320 0.068027
v -0.021656 0.423343 0.021656
v -0.785971 -0.053974 -0.006470
v -0.785971 -0.034242 -0.006470
v -0.738908 -0.133879 -0.005587
v -0.748099 -0.108535 -0.020677
v -0.766630 -0.067034 -0.021207
v -0.763658 -0.020545 -0.021207
v -0.741205 -0.094269 -0.047970
v -0.743443 -0.064968 -0.049615
v -0.741310 -0.021656 -0.047580
v -0.699186 -0.182621 -0.021656
v -0.721456 -0.149626 -0.020677
v -0.732172 -0.123143 -0.034462
v -0.693753 -0.174402 -0.044948
v -0.701419 -0.150051 -0.061618
v -0.719717 -0.108535 -0.063431
v -0.717379 -0.064968 -0.071271
v -0.715695 -0.021656 -0.069236
v -0.695968 -0.134588 -0.089470
v -0.697012 -0.108280 -0.090209
v -0.695723 -0.064968 -0.088842
v -0.694039 -0.021656 -0.087475
v -0.566140 -0.394152 -0.006616
v -0.576022 -0.369170 -0.021294
v -0.568949 -0.355412 -0.055948
v -0.542949 -0.403317 -0.021294
v -0.558421 -0.384287 -0.035491
v -0.528526 -0.395680 -0.064968
v -0.552252 -0.369170 -0.068219
v -0.521649 -0.391137 -0.090338
v -0.533161 -0.369022 -0.106177
v -0.524982 -0.353121 -0.151591
v -0.519867 -0.346659 -0.173516
v -0.477689 -0.433383 -0.000738
v -0.494510 -0.423753 -0.017768
v -0.498086 -0.406099 -0.064968
v -0.498086 -0.394075 -0.098543
v -0.498086 -0.384875 -0.120199
v -0.498086 -0.369686 -0.151591
v -0.496972 -0.353640 -0.190733
v -0.481792 -0.349782 -0.225739
v -0.454774 -0.435788 -0.007454
v -0.454774 -0.428032 -0.029110
v -0.454774 -0.415191 -0.064968
v -0.456792 -0.398191 -0.111255
v -0.472575 -0.388997 -0.127676
v -0.443701 -0.392028 -0.136139
v -0.456792 -0.383964 -0.150982
v -0.454774 -0.368659 -0.194903
v -0.454774 -0.353699 -0.231161
v -0.410434 -0.439584 -0.022845
v -0.424185 -0.431243 -0.038076
v -0.395311 -0.434274 -0.046539
v -0.410434 -0.425357 -0.062573
v -0.411462 -0.408772 -0.108280
v -0.407365 -0.394340 -0.150982
v -0.419071 -0.386858 -0.165013
v -0.390197 -0.389888 -0.173446
v -0.407365 -0.377932 -0.190691
v -0.411462 -0.355519 -0.227957
v -0.368151 -0.448886 -0.021656
v -0.368151 -0.437125 -0.054499
v -0.368151 -0.429369 -0.076155
v -0.368151 -0.417865 -0.108280
v -0.368151 -0.400604 -0.151591
v -0.368151 -0.390453 -0.174016
v -0.365708 -0.367248 -0.199028
v -0.378517 -0.352209 -0.221468
v -0.652524 -0.264177 -0.006102
v -0.662214 -0.239017 -0.020986
v -0.684869 -0.204277 -0.021656
v -0.655333 -0.225114 -0.055434
v -0.671175 -0.194664 -0.064628
v -0.687017 -0.163462 -0.073823
v -0.656832 -0.184112 -0.108280
v -0.672816 -0.150051 -0.105656
v -0.667093 -0.111445 -0.115006
v -0.671333 -0.064968 -0.108632
v -0.671333 -0.021656 -0.105898
v -0.650752 -0.174931 -0.130969
v -0.650596 -0.151591 -0.130803
v -0.649828 -0.127993 -0.130058
v -0.612922 -0.313101 -0.021656
v -0.635265 -0.279779 -0.020986
v -0.645788 -0.253988 -0.034976
v -0.607369 -0.304700 -0.045462
v -0.615584 -0.280656 -0.061927
v -0.640321 -0.239017 -0.067910
v -0.648597 -0.214925 -0.084309
v -0.610178 -0.265637 -0.094795
v -0.620640 -0.239893 -0.108851
v -0.643005 -0.205768 -0.108280
v -0.648705 -0.099119 -0.129147
v -0.647377 -0.064968 -0.128069
v -0.645692 -0.021656 -0.126702
v -0.612987 -0.226574 -0.142857
v -0.627663 -0.191582 -0.145958
v -0.628021 -0.151591 -0.149241
v -0.631769 -0.111445 -0.143666
v -0.625721 -0.064968 -0.145640
v -0.624036 -0.021656 -0.144273
v -0.598605 -0.334756 -0.021656
v -0.584791 -0.324962 -0.065143
v -0.600633 -0.294512 -0.074337
v -0.571059 -0.315291 -0.108280
v -0.593691 -0.280656 -0.108851
v -0.603442 -0.255449 -0.123669
v -0.565023 -0.306161 -0.134156
v -0.574010 -0.281532 -0.149792
v -0.598240 -0.239893 -0.155013
v -0.604084 -0.194903 -0.170844
v -0.602400 -0.151591 -0.170030
v -0.600715 -0.108280 -0.168663
v -0.599030 -0.064968 -0.167296
v -0.597346 -0.021656 -0.165929
v -0.567832 -0.267098 -0.182616
v -0.576746 -0.238215 -0.188476
v -0.582429 -0.194903 -0.188967
v -0.580744 -0.151591 -0.187601
v -0.579059 -0.108280 -0.186234
v -0.577375 -0.064968 -0.184867
v -0.575690 -0.021656 -0.183500
v -0.562214 -0.345224 -0.084823
v -0.556742 -0.336947 -0.108280
v -0.547061 -0.322294 -0.149792
v -0.558287 -0.295972 -0.163030
v -0.527380 -0.323171 -0.190733
v -0.551376 -0.281532 -0.196193
v -0.557422 -0.238215 -0.210132
v -0.555738 -0.194903 -0.210623
v -0.554053 -0.151591 -0.209256
v -0.552369 -0.108280 -0.207890
v -0.550684 -0.064968 -0.206523
v -0.548999 -0.021656 -0.205156
v -0.522676 -0.307621 -0.222286
v -0.530376 -0.281527 -0.227697
v -0.535766 -0.238215 -0.229561
v -0.534082 -0.194903 -0.228194
v -0.532397 -0.151591 -0.226827
v -0.530713 -0.108280 -0.225460
v -0.529028 -0.064968 -0.224094
v -0.527343 -0.021656 -0.222727
v -0.510667 -0.336496 -0.202391
v -0.498027 -0.325364 -0.238450
v -0.510720 -0.281527 -0.249353
v -0.509076 -0.238215 -0.251217
v -0.507391 -0.194903 -0.249850
v -0.505707 -0.151591 -0.248483
v -0.504022 -0.108280 -0.247116
v -0.502337 -0.064968 -0.245749
v -0.500653 -0.021656 -0.244383
v -0.485387 -0.314232 -0.266311
v -0.489064 -0.281527 -0.269175
v -0.487420 -0.238215 -0.268337
v -0.485735 -0.194903 -0.267270
v -0.484051 -0.151591 -0.266027
v -0.482366 -0.108280 -0.264687
v -0.480681 -0.064968 -0.263320
v -0.478997 -0.021656 -0.261953
v -0.454774 -0.341079 -0.252816
v -0.454774 -0.319423 -0.269666
v -0.454774 -0.281527 -0.279334
v -0.454774 -0.238215 -0.278864
v -0.454774 -0.194903 -0.278075
v -0.454774 -0.151591 -0.277110
v -0.454774 -0.108280 -0.276047
v -0.454774 -0.064968 -0.274958
v -0.454774 -0.021656 -0.273869
v -0.411462 -0.335192 -0.249613
v -0.411462 -0.313536 -0.266773
v -0.411462 -0.281527 -0.276667
v -0.411462 -0.238215 -0.279935
v -0.411462 -0.194903 -0.280490
v -0.411462 -0.151591 -0.281045
v -0.411462 -0.108280 -0.281600
v -0.411462 -0.064968 -0.282155
v -0.411462 -0.021656 -0.282711
v -0.349643 -0.344880 -0.215190
v -0.366604 -0.325632 -0.238887
v -0.354692 -0.298628 -0.256307
v -0.383566 -0.306383 -0.262455
v -0.368737 -0.283125 -0.268543
v -0.368151 -0.238215 -0.277953
v -0.368151 -0.194903 -0.278509
v -0.368151 -0.151591 -0.279064
v -0.368151 -0.108280 -0.279619
v -0.368151 -0.064968 -0.280174
v -0.368151 -0.021656 -0.280729
v -0.324839 -0.457979 -0.021656
v -0.326357 -0.441188 -0.067650
v -0.341807 -0.432134 -0.083876
v -0.312933 -0.435165 -0.092319
v -0.326357 -0.426163 -0.107366
v -0.328029 -0.401234 -0.152652
v -0.315719 -0.383377 -0.167796
v -0.344594 -0.390586 -0.174074
v -0.328029 -0.368624 -0.185658
v -0.264543 -0.477411 -0.002739
v -0.279999 -0.468354 -0.018968
v -0.281527 -0.450904 -0.064968
v -0.281527 -0.437805 -0.094573
v -0.281527 -0.421345 -0.116229
v -0.281527 -0.399689 -0.138706
v -0.281527 -0.374610 -0.160362
v -0.281527 -0.352954 -0.178724
v -0.238215 -0.480174 -0.010455
v -0.238215 -0.472187 -0.032111
v -0.235781 -0.449570 -0.068474
v -0.219721 -0.431497 -0.085249
v -0.248595 -0.437321 -0.091527
v -0.236682 -0.412248 -0.108946
v -0.224769 -0.385596 -0.126365
v -0.253644 -0.393000 -0.132643
v -0.241731 -0.366347 -0.150062
v -0.258693 -0.347099 -0.173760
v -0.194903 -0.484719 -0.015136
v -0.194903 -0.470502 -0.036792
v -0.194903 -0.448846 -0.058197
v -0.194903 -0.425133 -0.079853
v -0.194903 -0.403477 -0.098216
v -0.194903 -0.377938 -0.119872
v -0.194903 -0.356282 -0.138234
v -0.151591 -0.484100 -0.008761
v -0.151591 -0.461223 -0.030417
v -0.151591 -0.439567 -0.048780
v -0.149591 -0.410378 -0.072660
v -0.133819 -0.387605 -0.084935
v -0.162694 -0.395218 -0.091213
v -0.150781 -0.368461 -0.108462
v -0.167743 -0.349317 -0.132329
v -0.125787 -0.479617 -0.002702
v -0.112799 -0.451944 -0.020271
v -0.099811 -0.427070 -0.037840
v -0.128686 -0.433716 -0.043818
v -0.111861 -0.412164 -0.055640
v -0.108280 -0.381339 -0.079998
v -0.108280 -0.359683 -0.097602
v -0.076598 -0.441297 -0.008966
v -0.063284 -0.423806 -0.022704
v -0.064968 -0.402017 -0.058018
v -0.064968 -0.381725 -0.079674
v -0.064968 -0.360069 -0.098320
v -0.021656 -0.423610 -0.021656
v -0.022140 -0.402366 -0.068027
v -0.036900 -0.388120 -0.084504
v -0.008025 -0.391615 -0.088594
v -0.022140 -0.371470 -0.102891
v -0.324839 -0.338520 -0.209797
v -0.324839 -0.316864 -0.228160
v -0.324839 -0.291061 -0.249816
v -0.324839 -0.269405 -0.265705
v -0.324839 -0.238215 -0.273894
v -0.324839 -0.194903 -0.276527
v -0.324839 -0.151591 -0.277082
v -0.324839 -0.108280 -0.277637
v -0.324839 -0.064968 -0.278192
v -0.324839 -0.021656 -0.278747
v -0.279518 -0.323759 -0.202606
v -0.263742 -0.301198 -0.214876
v -0.292616 -0.308602 -0.221154
v -0.280703 -0.281949 -0.238573
v -0.268790 -0.254296 -0.255992
v -0.297665 -0.262701 -0.262045
v -0.282547 -0.239201 -0.266934
v -0.281527 -0.194903 -0.274545
v -0.281527 -0.151591 -0.275100
v -0.281527 -0.108280 -0.275656
v -0.281527 -0.064968 -0.276211
v -0.281527 -0.021656 -0.276766
v -0.229818 -0.339695 -0.167482
v -0.241839 -0.325090 -0.185093
v -0.238215 -0.294652 -0.209326
v -0.238215 -0.272996 -0.227689
v -0.238215 -0.246706 -0.249345
v -0.238215 -0.225050 -0.264558
v -0.238215 -0.194903 -0.271043
v -0.238215 -0.151591 -0.273119
v -0.238215 -0.108280 -0.273674
v -0.238215 -0.064968 -0.274229
v -0.238215 -0.021656 -0.274784
v -0.194903 -0.330742 -0.159890
v -0.194903 -0.309086 -0.178253
v -0.193328 -0.280225 -0.202041
v -0.177840 -0.257515 -0.214562
v -0.206715 -0.264919 -0.220840
v -0.194802 -0.238267 -0.238259
v -0.182889 -0.209674 -0.255678
v -0.211764 -0.219018 -0.261652
v -0.196357 -0.195103 -0.265335
v -0.194903 -0.151591 -0.271137
v -0.194903 -0.108280 -0.271692
v -0.194903 -0.064968 -0.272247
v -0.194903 -0.021656 -0.272645
v -0.138868 -0.341914 -0.125711
v -0.155830 -0.322665 -0.149748
v -0.143917 -0.296013 -0.167167
v -0.172792 -0.303416 -0.173445
v -0.155649 -0.281556 -0.184527
v -0.151591 -0.250785 -0.208855
v -0.151591 -0.229129 -0.227217
v -0.151591 -0.202134 -0.248873
v -0.135298 -0.005911 -0.256826
v -0.151591 -0.180478 -0.263434
v -0.151591 -0.151591 -0.268215
v -0.151591 -0.108280 -0.269711
v -0.151591 -0.064968 -0.270266
v -0.150478 -0.020871 -0.266457
v -0.108280 -0.334147 -0.119258
v -0.108280 -0.312491 -0.137784
v -0.108280 -0.287315 -0.159440
v -0.108280 -0.265659 -0.178153
v -0.107138 -0.236691 -0.201772
v -0.091939 -0.213833 -0.214248
v -0.120814 -0.221237 -0.220526
v -0.108901 -0.194585 -0.237945
v -0.096988 -0.164615 -0.255364
v -0.088589 -0.045852 -0.259179
v -0.105127 -0.020871 -0.251781
v -0.125863 -0.175336 -0.261289
v -0.110167 -0.150743 -0.263754
v -0.108280 -0.108280 -0.267729
v -0.105127 -0.062161 -0.265062
v -0.117463 -0.034785 -0.263098
v -0.064968 -0.334342 -0.119976
v -0.064968 -0.312686 -0.136261
v -0.068174 -0.277466 -0.159669
v -0.055874 -0.256380 -0.171057
v -0.084749 -0.260321 -0.173626
v -0.068174 -0.240452 -0.185031
v -0.064968 -0.206962 -0.209349
v -0.045309 -0.001157 -0.215880
v -0.064968 -0.185307 -0.226746
v -0.064968 -0.157234 -0.248402
v -0.064968 -0.054340 -0.254248
v -0.061835 -0.018019 -0.232200
v -0.064968 -0.135578 -0.262338
v -0.064968 -0.108280 -0.265072
v -0.064968 -0.075996 -0.262605
v -0.021656 -0.342711 -0.127136
v -0.021656 -0.321055 -0.140638
v -0.021656 -0.281527 -0.160379
v -0.021656 -0.256464 -0.171333
v -0.021656 -0.234808 -0.181976
v -0.020994 -0.193193 -0.204518
v -0.006115 -0.168869 -0.213726
v -0.021656 -0.000872 -0.216049
v -0.034990 -0.177615 -0.220212
v -0.023255 -0.150261 -0.236557
v -0.017298 -0.108280 -0.250528
v -0.024251 -0.067935 -0.244296
v -0.021656 -0.022528 -0.222862
v -0.040395 -0.131654 -0.260963
v -0.038953 -0.108280 -0.261638
v -0.040418 -0.084351 -0.261135
v -0.745378 0.009647 -0.021656
v -0.738362 0.002202 -0.045257
v -0.724991 0.031303 -0.021656
v -0.703335 0.054297 -0.021656
v -0.708952 0.015718 -0.061362
v -0.695903 0.046406 -0.048592
v -0.693127 0.000359 -0.086736
v -0.682939 0.075953 -0.021656
v -0.661283 0.098947 -0.021656
v -0.687936 0.029233 -0.077466
v -0.670683 0.064278 -0.063790
v -0.653431 0.090609 -0.050114
v -0.672632 0.017540 -0.099840
v -0.659061 0.053275 -0.096712
v -0.640887 0.120603 -0.021656
v -0.619232 0.143596 -0.021656
v -0.645464 0.082150 -0.078988
v -0.628212 0.108481 -0.065312
v -0.610959 0.134813 -0.051636
v -0.644008 0.021656 -0.124716
v -0.637236 0.066615 -0.110002
v -0.615726 0.096562 -0.108280
v -0.622352 0.021656 -0.142906
v -0.615630 0.064968 -0.138412
v -0.608622 0.089020 -0.133046
v -0.598836 0.165252 -0.021656
v -0.577180 0.188246 -0.021656
v -0.602992 0.126354 -0.080511
v -0.585740 0.152685 -0.066834
v -0.568487 0.179017 -0.053158
v -0.595330 0.118218 -0.108280
v -0.573674 0.141212 -0.108280
v -0.595661 0.021656 -0.164562
v -0.593976 0.064968 -0.160068
v -0.581847 0.105997 -0.148734
v -0.566150 0.133223 -0.135547
v -0.574005 0.021656 -0.182133
v -0.572320 0.064968 -0.180766
v -0.568670 0.094101 -0.177804
v -0.556784 0.209902 -0.021656
v -0.532437 0.237881 -0.018024
v -0.520385 0.260554 -0.001166
v -0.560520 0.170557 -0.082033
v -0.543268 0.196889 -0.068356
v -0.526016 0.223220 -0.054680
v -0.553278 0.162868 -0.108280
v -0.531622 0.185861 -0.108280
v -0.558183 0.122975 -0.164421
v -0.540931 0.151095 -0.150745
v -0.523678 0.177427 -0.137069
v -0.547314 0.021656 -0.203789
v -0.545630 0.064968 -0.202422
v -0.544792 0.108435 -0.193306
v -0.527703 0.138432 -0.194903
v -0.525659 0.021656 -0.221360
v -0.523974 0.064968 -0.219993
v -0.522223 0.108280 -0.218626
v -0.520791 0.131106 -0.217481
v -0.512395 0.252095 -0.030041
v -0.498009 0.269599 -0.018024
v -0.518048 0.214761 -0.083555
v -0.500784 0.241092 -0.069874
v -0.483520 0.264964 -0.056193
v -0.511226 0.207517 -0.108280
v -0.489570 0.230461 -0.108280
v -0.515711 0.168968 -0.165943
v -0.498459 0.195299 -0.152267
v -0.481207 0.221565 -0.138591
v -0.507720 0.160088 -0.194903
v -0.486065 0.183477 -0.194903
v -0.498968 0.021656 -0.243016
v -0.493771 0.060840 -0.244759
v -0.498086 0.108280 -0.238264
v -0.495218 0.147963 -0.227346
v -0.478869 0.175837 -0.220980
v -0.477312 0.021656 -0.260587
v -0.476456 0.043651 -0.259892
v -0.454774 0.283837 -0.021656
v -0.465465 0.258965 -0.085068
v -0.452526 0.266367 -0.068365
v -0.452526 0.250578 -0.104264
v -0.436590 0.260066 -0.087150
v -0.471111 0.213171 -0.167466
v -0.455914 0.227500 -0.152453
v -0.455914 0.206522 -0.196960
v -0.442237 0.220501 -0.183894
v -0.475333 0.072526 -0.258981
v -0.473943 0.108280 -0.257853
v -0.470619 0.151591 -0.251007
v -0.455789 0.186791 -0.236536
v -0.454774 0.021656 -0.272779
v -0.458447 0.060840 -0.269860
v -0.452287 0.108280 -0.272329
v -0.448963 0.151591 -0.271607
v -0.442028 0.180286 -0.267314
v -0.411462 0.285179 -0.021656
v -0.411462 0.269144 -0.064968
v -0.411462 0.252481 -0.109975
v -0.411462 0.260498 -0.088319
v -0.411462 0.237073 -0.151591
v -0.411462 0.214722 -0.211779
v -0.411462 0.222807 -0.190123
v -0.411462 0.201887 -0.238215
v -0.411462 0.021656 -0.283266
v -0.411462 0.064968 -0.283820
v -0.411462 0.108280 -0.284086
v -0.411462 0.151591 -0.280495
v -0.411462 0.182068 -0.268393
v -0.368151 0.286521 -0.021656
v -0.368151 0.270485 -0.064968
v -0.368151 0.253152 -0.111787
v -0.368151 0.261169 -0.090131
v -0.368151 0.238415 -0.151591
v -0.368151 0.215192 -0.213591
v -0.368151 0.223478 -0.191935
v -0.353996 0.167419 -0.255612
v -0.368320 0.192312 -0.239991
v -0.368151 0.021656 -0.281284
v -0.368151 0.064968 -0.281839
v -0.368151 0.108280 -0.281163
v -0.368320 0.152425 -0.270358
v -0.382871 0.177970 -0.263791
v -0.324839 0.287863 -0.021656
v -0.324839 0.271827 -0.064968
v -0.324839 0.253823 -0.113599
v -0.324839 0.261840 -0.091943
v -0.324839 0.239414 -0.151591
v -0.324839 0.207117 -0.209104
v -0.324839 0.223807 -0.187448
v -0.306541 0.127327 -0.257965
v -0.322522 0.152425 -0.248699
v -0.324839 0.185461 -0.225680
v -0.324839 0.021656 -0.279302
v -0.324839 0.064968 -0.279827
v -0.322522 0.111045 -0.271329
v -0.335415 0.138544 -0.265500
v -0.281527 0.289204 -0.021656
v -0.281527 0.273169 -0.064968
v -0.281527 0.254181 -0.115411
v -0.281527 0.262511 -0.093755
v -0.263965 0.213378 -0.170923
v -0.279652 0.232228 -0.154528
v -0.270815 0.164744 -0.210346
v -0.281828 0.194670 -0.194733
v -0.292840 0.221386 -0.179119
v -0.281527 0.117609 -0.250865
v -0.283762 0.150820 -0.227869
v -0.299690 0.175961 -0.218542
v -0.281527 0.021656 -0.277321
v -0.281527 0.064968 -0.273853
v -0.281527 0.095953 -0.264990
v -0.238215 0.290546 -0.021656
v -0.238215 0.274511 -0.064968
v -0.238215 0.250231 -0.115751
v -0.238215 0.263182 -0.094095
v -0.238215 0.203375 -0.163614
v -0.238215 0.228575 -0.141958
v -0.223360 0.124652 -0.212699
v -0.237964 0.150820 -0.201870
v -0.238215 0.181719 -0.179437
v -0.230210 0.076017 -0.252121
v -0.241222 0.105943 -0.236508
v -0.252234 0.135869 -0.220894
v -0.238215 0.021656 -0.273534
v -0.242074 0.062935 -0.264990
v -0.259085 0.087235 -0.260313
v -0.191581 0.295663 -0.017704
v -0.174929 0.303368 -0.000632
v -0.194903 0.275221 -0.064968
v -0.179863 0.211567 -0.126815
v -0.194541 0.237101 -0.113724
v -0.194903 0.261978 -0.090355
v -0.187630 0.163559 -0.165398
v -0.198184 0.192427 -0.149625
v -0.208738 0.221921 -0.133853
v -0.175904 0.084560 -0.215051
v -0.192166 0.109440 -0.206694
v -0.199202 0.150110 -0.181629
v -0.216505 0.173286 -0.173276
v -0.182754 0.035925 -0.254474
v -0.193766 0.065851 -0.238860
v -0.204778 0.095777 -0.223247
v -0.196276 0.021555 -0.266535
v -0.211629 0.047143 -0.262382
v -0.167324 0.298626 -0.029506
v -0.152369 0.317428 -0.017704
v -0.152369 0.291542 -0.068459
v -0.138450 0.312825 -0.056350
v -0.165892 0.211567 -0.126815
v -0.151509 0.237514 -0.117423
v -0.151591 0.270393 -0.094979
v -0.136228 0.124534 -0.170312
v -0.151035 0.150110 -0.163291
v -0.151509 0.196239 -0.140749
v -0.137017 0.222610 -0.132742
v -0.151591 0.075350 -0.208297
v -0.151035 0.109370 -0.185980
v -0.165102 0.134685 -0.176611
v -0.150478 0.021555 -0.246756
v -0.151591 0.053694 -0.224105
v -0.164173 0.007051 -0.263733
v -0.127137 0.342506 -0.021656
v -0.129125 0.302397 -0.085224
v -0.120395 0.326293 -0.068459
v -0.124190 0.251484 -0.126267
v -0.112220 0.287627 -0.113259
v -0.098805 0.324839 -0.098804
v -0.124193 0.124534 -0.170312
v -0.116060 0.151591 -0.166689
v -0.104956 0.192419 -0.160963
v -0.109163 0.237514 -0.142069
v -0.095315 0.272857 -0.135949
v -0.098515 0.036500 -0.211698
v -0.111083 0.061518 -0.203667
v -0.109165 0.109370 -0.182806
v -0.094404 0.151591 -0.176638
v -0.088303 0.176326 -0.174086
v -0.111083 0.021900 -0.226822
v -0.127390 0.044781 -0.217580
v -0.085182 0.301732 -0.129125
v -0.068434 0.326229 -0.120395
v -0.079030 0.205200 -0.170213
v -0.064743 0.238372 -0.164904
v -0.068434 0.284987 -0.144145
v -0.056307 0.312719 -0.135614
v -0.061835 0.021900 -0.211892
v -0.064968 0.064968 -0.203605
v -0.064968 0.108280 -0.196860
v -0.064968 0.151591 -0.188353
v -0.064743 0.192419 -0.179170
v -0.050156 0.224040 -0.175760
v -0.074183 0.007625 -0.221250
v -0.021656 0.342276 -0.127136
v -0.021656 0.253865 -0.171141
v -0.021656 0.281527 -0.159701
v -0.021656 0.320620 -0.140152
v -0.021656 0.021656 -0.213835
v -0.021656 0.064968 -0.210928
v -0.021656 0.108280 -0.206366
v -0.021656 0.151591 -0.199211
v -0.021656 0.194903 -0.189517
v -0.021656 0.232209 -0.178433
v -0.102892 0.371470 -0.022141
v -0.088594 0.391615 -0.008027
v -0.096962 0.358138 -0.064968
v -0.089238 0.349268 -0.089238
v -0.084504 0.388120 -0.036901
v -0.068027 0.402320 -0.022141
v -0.068027 0.380785 -0.068027
v -0.055629 0.397622 -0.055629
v -0.064968 0.358138 -0.096962
v -0.021656 0.423343 -0.021656
v -0.036900 0.388120 -0.084504
v -0.022140 0.402319 -0.068027
v -0.022140 0.371470 -0.102891
v -0.008025 0.391615 -0.088594
v 0.001450 -0.218118 0.347844
v 0.003809 -0.194903 0.349715
v 0.006285 -0.151591 0.351594
v 0.007970 -0.108280 0.352961
v 0.009655 -0.064968 0.354328
v 0.010392 -0.021656 0.355695
v 0.007626 -0.350293 0.135229
v 0.005035 -0.390640 0.087658
v 0.020768 -0.369206 0.107164
v 0.020346 -0.401735 0.068027
v 0.033910 -0.388120 0.084504
v 0.021656 -0.423343 0.021656
v 0.064968 -0.358138 0.096963
v 0.055629 -0.397622 0.055630
v 0.068027 -0.380785 0.068027
v 0.068027 -0.402320 0.022140
v 0.084504 -0.388120 0.036901
v 0.089238 -0.349268 0.089238
v 0.096962 -0.358138 0.064968
v 0.088594 -0.391615 0.008026
v 0.102892 -0.371470 0.022140
v 0.008165 -0.225243 0.324839
v 0.026034 -0.195470 0.323908
v 0.027941 -0.151591 0.334023
v 0.029626 -0.108280 0.335390
v 0.031311 -0.064968 0.336757
v 0.033982 -0.017841 0.325548
v 0.003806 -0.263912 0.266767
v 0.021058 -0.237580 0.280443
v 0.038310 -0.210285 0.294120
v 0.042781 -0.000860 0.302044
v 0.011684 -0.272277 0.238215
v 0.033340 -0.249283 0.238215
v 0.009227 -0.312235 0.185810
v 0.024937 -0.283694 0.198771
v 0.040647 -0.257042 0.211731
v 0.022864 -0.327007 0.150838
v 0.038102 -0.295017 0.166447
v 0.036501 -0.341779 0.126669
v 0.050260 -0.181411 0.308850
v 0.054604 -0.151591 0.312368
v 0.056317 -0.108280 0.313734
v 0.056810 -0.064968 0.315101
v 0.052077 -0.029735 0.311584
v 0.046277 -0.219708 0.265245
v 0.062706 -0.192895 0.278674
v 0.076260 -0.151591 0.291022
v 0.077973 -0.108280 0.296164
v 0.078466 -0.064968 0.291296
v 0.065234 -0.021094 0.282364
v 0.053736 -0.227627 0.238215
v 0.075392 -0.204633 0.238215
v 0.079976 -0.010080 0.238215
v 0.049420 -0.266142 0.182856
v 0.066270 -0.238580 0.195398
v 0.083119 -0.212838 0.207940
v 0.085993 -0.000988 0.215920
v 0.056381 -0.312904 0.137572
v 0.067338 -0.283937 0.151810
v 0.078294 -0.248992 0.166047
v 0.068478 -0.326340 0.120396
v 0.085256 -0.301733 0.129125
v 0.088749 -0.175504 0.263229
v 0.096817 -0.151591 0.269366
v 0.103235 -0.108280 0.274508
v 0.095621 -0.064968 0.269641
v 0.087936 -0.041327 0.262684
v 0.095788 -0.182977 0.238215
v 0.118158 -0.153137 0.240536
v 0.124891 -0.108280 0.251603
v 0.115975 -0.066435 0.237942
v 0.093644 -0.031736 0.238215
v 0.088761 -0.220118 0.179065
v 0.099712 -0.197002 0.194063
v 0.123037 -0.159762 0.194903
v 0.123546 -0.052976 0.206580
v 0.112106 -0.015736 0.196812
v 0.094979 -0.272858 0.137173
v 0.106307 -0.234199 0.148620
v 0.117070 -0.194903 0.158562
v 0.125081 -0.159910 0.166846
v 0.129541 -0.001610 0.172887
v 0.098805 -0.324839 0.098805
v 0.112052 -0.287295 0.112052
v 0.123853 -0.248280 0.123853
v 0.120396 -0.326229 0.068434
v 0.129125 -0.301732 0.085182
v 0.127137 -0.342276 0.021656
v 0.136486 -0.139730 0.227646
v 0.136943 -0.108280 0.229948
v 0.132729 -0.081850 0.223323
v 0.135117 -0.138107 0.194903
v 0.139414 -0.108280 0.194903
v 0.134945 -0.066435 0.193247
v 0.132556 -0.030485 0.177705
v 0.131111 -0.219406 0.131194
v 0.135424 -0.194903 0.136906
v 0.139576 -0.147920 0.152082
v 0.148760 -0.108280 0.151591
v 0.153154 -0.064968 0.151591
v 0.147851 -0.018291 0.155706
v 0.135949 -0.272858 0.094979
v 0.141090 -0.235592 0.108961
v 0.158493 -0.193198 0.105279
v 0.163373 -0.151591 0.115132
v 0.167946 -0.108280 0.121773
v 0.170642 -0.064968 0.126002
v 0.172020 -0.021656 0.128127
v 0.135614 -0.312719 0.056308
v 0.144145 -0.284988 0.068434
v 0.164905 -0.238373 0.064743
v 0.170213 -0.206498 0.079031
v 0.140152 -0.320620 0.021656
v 0.159701 -0.281527 0.021656
v 0.171141 -0.253865 0.021656
v 0.174547 -0.177623 0.088842
v 0.177265 -0.151591 0.093476
v 0.181157 -0.108280 0.100117
v 0.183637 -0.064968 0.104346
v 0.184884 -0.021656 0.106472
v 0.175760 -0.224041 0.050156
v 0.179447 -0.193198 0.064743
v 0.188981 -0.151591 0.064968
v 0.196519 -0.108280 0.064968
v 0.201324 -0.064968 0.064968
v 0.203738 -0.021656 0.064968
v 0.178433 -0.232210 0.021656
v 0.189517 -0.194903 0.021656
v 0.199211 -0.151591 0.021656
v 0.206366 -0.108280 0.021656
v 0.210928 -0.064968 0.021656
v 0.213222 -0.021656 0.021656
v 0.006857 0.010606 0.353084
v 0.015075 0.023689 0.326116
v 0.004361 0.049909 0.312530
v 0.034943 0.022956 0.285175
v 0.010209 0.064595 0.279192
v 0.001557 0.088972 0.263198
v 0.039972 0.038260 0.256079
v 0.031146 0.064968 0.247467
v 0.018533 0.103866 0.234605
v 0.006635 0.138287 0.222086
v 0.035509 0.118761 0.211584
v 0.021306 0.152271 0.206565
v 0.021656 0.194903 0.191413
v 0.021656 0.232211 0.178519
v 0.021656 0.253867 0.171141
v 0.021656 0.281527 0.159702
v 0.021656 0.320621 0.140152
v 0.021656 0.342277 0.127137
v 0.049517 0.009385 0.273170
v 0.060777 0.022956 0.240271
v 0.051849 0.064968 0.225811
v 0.045597 0.089887 0.218249
v 0.082146 0.021656 0.211814
v 0.073505 0.064968 0.206332
v 0.062008 0.105906 0.202578
v 0.064968 0.151591 0.189253
v 0.064744 0.193198 0.179448
v 0.050157 0.224041 0.175760
v 0.079031 0.206499 0.170213
v 0.064744 0.238373 0.164905
v 0.068434 0.284988 0.144146
v 0.056308 0.312719 0.135615
v 0.085183 0.301733 0.129125
v 0.068434 0.326229 0.120396
v 0.106574 0.021656 0.190158
v 0.104346 0.064968 0.184676
v 0.100117 0.108280 0.181157
v 0.093477 0.151591 0.177266
v 0.088842 0.177624 0.174547
v 0.128230 0.021656 0.172020
v 0.126002 0.064968 0.170577
v 0.121773 0.108280 0.167706
v 0.115133 0.151591 0.163199
v 0.105279 0.193198 0.158493
v 0.108961 0.235592 0.141091
v 0.094979 0.272858 0.135949
v 0.123853 0.248280 0.123853
v 0.112052 0.287295 0.112052
v 0.098805 0.324839 0.098805
v 0.129125 0.301732 0.085182
v 0.120396 0.326229 0.068434
v 0.127137 0.342276 0.021656
v 0.150364 0.021656 0.150364
v 0.148921 0.064968 0.148921
v 0.146050 0.108280 0.146050
v 0.141543 0.151591 0.141543
v 0.135424 0.194903 0.135424
v 0.131111 0.219406 0.131111
v 0.172020 0.021656 0.128127
v 0.170577 0.064968 0.126002
v 0.167706 0.108280 0.121773
v 0.163199 0.151591 0.115132
v 0.158493 0.193198 0.105279
v 0.141090 0.235592 0.108961
v 0.135949 0.272858 0.094979
v 0.170213 0.206498 0.079031
v 0.164905 0.238373 0.064743
v 0.144145 0.284988 0.068434
v 0.135614 0.312719 0.056308
v 0.171141 0.253865 0.021656
v 0.159701 0.281527 0.021656
v 0.140152 0.320620 0.021656
v 0.184884 0.021656 0.106472
v 0.183637 0.064968 0.104346
v 0.181157 0.108280 0.100117
v 0.177265 0.151591 0.093476
v 0.174547 0.177623 0.088842
v 0.203738 0.021656 0.064968
v 0.201324 0.064968 0.064968
v 0.196519 0.108280 0.064968
v 0.188981 0.151591 0.064968
v 0.179447 0.193198 0.064743
v 0.175760 0.224041 0.050156
v 0.213222 0.021656 0.021656
v 0.210928 0.064968 0.021656
v 0.206366 0.108280 0.021656
v 0.199211 0.151591 0.021656
v 0.189517 0.194903 0.021656
v 0.178433 0.232210 0.021656
v 0.022141 0.371470 0.102892
v 0.008027 0.391615 0.088594
v 0.036902 0.388120 0.084504
v 0.022141 0.402320 0.068027
v 0.021656 0.423343 0.021656
v 0.064968 0.358138 0.096963
v 0.068027 0.380785 0.068027
v 0.055629 0.397622 0.055630
v 0.084504 0.388120 0.036901
v 0.068027 0.402320 0.022140
v 0.089238 0.349268 0.089238
v 0.096962 0.358138 0.064968
v 0.102891 0.371470 0.022140
v 0.088594 0.391615 0.008026
v 0.021656 -0.423343 -0.021656
v 0.022140 -0.402319 -0.068027
v 0.036900 -0.388120 -0.084504
v 0.008025 -0.391615 -0.088594
v 0.022140 -0.371470 -0.102891
v 0.068027 -0.402319 -0.022140
v 0.084504 -0.388120 -0.036900
v 0.055629 -0.397622 -0.055629
v 0.068027 -0.380784 -0.068027
v 0.064968 -0.358138 -0.096962
v 0.088594 -0.391615 -0.008026
v 0.102891 -0.371470 -0.022140
v 0.096962 -0.358138 -0.064968
v 0.089238 -0.349268 -0.089238
v 0.021656 -0.342276 -0.127136
v 0.021656 -0.320620 -0.140152
v 0.021656 -0.281527 -0.159701
v 0.021656 -0.253865 -0.171141
v 0.021656 -0.232209 -0.178510
v 0.021656 -0.194903 -0.192103
v 0.021839 -0.153295 -0.207317
v 0.035233 -0.108280 -0.210777
v 0.032271 -0.064968 -0.212589
v 0.019470 -0.017328 -0.214318
v 0.007524 -0.139994 -0.224027
v 0.013577 -0.108280 -0.228872
v 0.010615 -0.064968 -0.223849
v 0.003575 -0.028880 -0.217330
v 0.068434 -0.326229 -0.120395
v 0.085182 -0.301732 -0.129125
v 0.056307 -0.312719 -0.135614
v 0.068434 -0.284987 -0.144145
v 0.064743 -0.238372 -0.164904
v 0.079030 -0.206497 -0.170213
v 0.050155 -0.224040 -0.175760
v 0.064743 -0.193197 -0.179447
v 0.064968 -0.151591 -0.189493
v 0.064968 -0.108280 -0.197031
v 0.064968 -0.064968 -0.201323
v 0.064968 -0.021656 -0.203738
v 0.127136 -0.342276 -0.021656
v 0.120395 -0.326229 -0.068434
v 0.129125 -0.301732 -0.085182
v 0.098804 -0.324839 -0.098804
v 0.112051 -0.287294 -0.112051
v 0.123853 -0.248279 -0.123853
v 0.094978 -0.272857 -0.135949
v 0.108961 -0.235591 -0.141090
v 0.105279 -0.193197 -0.158492
v 0.115131 -0.151591 -0.163198
v 0.121772 -0.108280 -0.167706
v 0.126001 -0.064968 -0.170577
v 0.128126 -0.021656 -0.172019
v 0.088841 -0.177622 -0.174547
v 0.093476 -0.151591 -0.177265
v 0.100116 -0.108280 -0.181157
v 0.104345 -0.064968 -0.183637
v 0.106471 -0.021656 -0.184883
v 0.140152 -0.320620 -0.021656
v 0.159701 -0.281527 -0.021656
v 0.171141 -0.253865 -0.021656
v 0.135614 -0.312719 -0.056307
v 0.144145 -0.284987 -0.068434
v 0.164904 -0.238372 -0.064743
v 0.170213 -0.206497 -0.079030
v 0.135949 -0.272857 -0.094978
v 0.141090 -0.235591 -0.108961
v 0.158492 -0.193197 -0.105279
v 0.163198 -0.151591 -0.115132
v 0.167706 -0.108280 -0.121772
v 0.170577 -0.064968 -0.126001
v 0.172019 -0.021656 -0.128126
v 0.131110 -0.219405 -0.131110
v 0.135423 -0.194903 -0.135423
v 0.141542 -0.151591 -0.141542
v 0.146050 -0.108280 -0.146050
v 0.148921 -0.064968 -0.148921
v 0.150363 -0.021656 -0.150363
v 0.178433 -0.232209 -0.021656
v 0.189517 -0.194903 -0.021656
v 0.199211 -0.151591 -0.021656
v 0.206366 -0.108280 -0.021656
v 0.210928 -0.064968 -0.021656
v 0.213222 -0.021656 -0.021656
v 0.175760 -0.224040 -0.050156
v 0.179447 -0.193197 -0.064743
v 0.188980 -0.151591 -0.064968
v 0.196518 -0.108280 -0.064968
v 0.201323 -0.064968 -0.064968
v 0.203738 -0.021656 -0.064968
v 0.174547 -0.177622 -0.088841
v 0.177265 -0.151591 -0.093476
v 0.181157 -0.108280 -0.100116
v 0.183637 -0.064968 -0.104345
v 0.184884 -0.021656 -0.106471
v 0.021656 0.342276 -0.127136
v 0.021656 0.253865 -0.171141
v 0.021656 0.281527 -0.159701
v 0.021656 0.320620 -0.140152
v 0.021656 0.021656 -0.213221
v 0.021656 0.064968 -0.210928
v 0.021656 0.108280 -0.206365
v 0.021656 0.151591 -0.199211
v 0.021656 0.194903 -0.189517
v 0.021656 0.232209 -0.178433
v 0.085182 0.301732 -0.129125
v 0.068434 0.326229 -0.120395
v 0.079030 0.206497 -0.170213
v 0.064743 0.238372 -0.164904
v 0.068434 0.284987 -0.144145
v 0.056307 0.312719 -0.135614
v 0.064968 0.021656 -0.203738
v 0.064968 0.064968 -0.201323
v 0.064968 0.108280 -0.196518
v 0.064968 0.151591 -0.188980
v 0.064743 0.193197 -0.179447
v 0.050155 0.224040 -0.175760
v 0.127136 0.342276 -0.021656
v 0.129125 0.301732 -0.085182
v 0.120395 0.326229 -0.068434
v 0.123853 0.248279 -0.123853
v 0.112051 0.287294 -0.112051
v 0.098804 0.324839 -0.098804
v 0.128126 0.021656 -0.172019
v 0.126001 0.064968 -0.170577
v 0.121772 0.108280 -0.167706
v 0.115131 0.151591 -0.163198
v 0.105279 0.193197 -0.158492
v 0.108961 0.235591 -0.141090
v 0.094978 0.272857 -0.135949
v 0.106471 0.021656 -0.184883
v 0.104345 0.064968 -0.183637
v 0.100116 0.108280 -0.181157
v 0.093476 0.151591 -0.177265
v 0.088841 0.177622 -0.174547
v 0.171141 0.253865 -0.021656
v 0.159701 0.281527 -0.021656
v 0.140152 0.320620 -0.021656
v 0.170213 0.206497 -0.079030
v 0.164904 0.238372 -0.064743
v 0.144145 0.284987 -0.068434
v 0.135614 0.312719 -0.056307
v 0.172019 0.021656 -0.128126
v 0.170577 0.064968 -0.126001
v 0.167706 0.108280 -0.121772
v 0.163198 0.151591 -0.115132
v 0.158492 0.193197 -0.105279
v 0.141090 0.235591 -0.108961
v 0.135949 0.272857 -0.094978
v 0.150363 0.021656 -0.150363
v 0.148921 0.064968 -0.148921
v 0.146050 0.108280 -0.146050
v 0.141542 0.151591 -0.141542
v 0.135423 0.194903 -0.135423
v 0.131110 0.219405 -0.131110
v 0.213222 0.021656 -0.021656
v 0.210928 0.064968 -0.021656
v 0.206366 0.108280 -0.021656
v 0.199211 0.151591 -0.021656
v 0.189517 0.194903 -0.021656
v 0.178433 0.232209 -0.021656
v 0.203738 0.021656 -0.064968
v 0.201323 0.064968 -0.064968
v 0.196518 0.108280 -0.064968
v 0.188980 0.151591 -0.064968
v 0.179447 0.193197 -0.064743
v 0.175760 0.224040 -0.050156
v 0.184884 0.021656 -0.106471
v 0.183637 0.064968 -0.104345
v 0.181157 0.108280 -0.100116
v 0.177265 0.151591 -0.093476
v 0.174547 0.177622 -0.088841
v 0.021656 0.423343 -0.021656
v 0.036900 0.388120 -0.084504
v 0.022140 0.402319 -0.068027
v 0.022140 0.371470 -0.102891
v 0.008025 0.391615 -0.088594
v 0.084504 0.388120 -0.036900
v 0.068027 0.402319 -0.022140
v 0.068027 0.380784 -0.068027
v 0.055629 0.397622 -0.055629
v 0.064968 0.358138 -0.096962
v 0.102891 0.371470 -0.022140
v 0.088594 0.391615 -0.008026
v 0.096962 0.358138 -0.064968
v 0.089238 0.349268 -0.089238
vn -0.9432 -0.1455 0.2986
vn -0.9219 0.1995 0.3321
vn -0.9725 -0.2289 0.0423
vn -0.9574 0.2841 0.0508
vn -0.9331 -0.0861 0.3491
vn -0.9109 0.1680 0.3769
vn -0.9160 -0.2714 0.2954
vn -0.9512 -0.1306 0.2797
vn -0.9219 0.2729 0.2751
vn -0.9433 -0.3140 0.1073
vn -0.9244 -0.2802 0.2588
vn -0.9164 -0.2730 0.2928
vn -0.9463 -0.0938 0.3095
vn -0.9164 0.2570 0.3069
vn -0.9348 -0.3536 0.0333
vn -0.9339 -0.3553 0.0409
vn -0.9285 -0.3396 0.1504
vn -0.9397 -0.1805 0.2906
vn -0.9032 0.3117 0.2950
vn -0.8575 -0.4647 -0.2210
vn -0.8785 -0.4547 -0.1466
vn -0.9014 -0.4250 -0.0821
vn -0.8380 0.5424 -0.0594
vn -0.9367 -0.0745 0.3422
vn -0.9103 0.1762 0.3747
vn -0.9151 -0.2746 0.2954
vn -0.9174 -0.2670 0.2952
vn -0.9522 -0.1135 0.2835
vn -0.9165 0.2852 0.2805
vn -0.9168 -0.2680 0.2959
vn -0.9463 -0.0759 0.3142
vn -0.9101 0.2747 0.3103
vn -0.9155 -0.2714 0.2971
vn -0.9277 -0.1453 0.3438
vn -0.8876 0.3059 0.3443
vn -0.9197 -0.3519 0.1741
vn -0.9247 -0.2697 0.2687
vn -0.9155 -0.2828 0.2860
vn -0.9151 -0.2743 0.2955
vn -0.9170 -0.2677 0.2957
vn -0.8565 0.4294 0.2865
vn -0.9090 -0.4167 0.0062
vn -0.9357 -0.3459 0.0700
vn -0.9149 -0.3596 0.1833
vn -0.9150 -0.2750 0.2953
vn -0.8540 -0.4792 -0.2026
vn -0.8668 -0.4444 -0.2262
vn -0.8710 -0.4831 -0.0897
vn -0.8740 -0.4679 -0.1315
vn -0.8037 -0.4930 -0.3332
vn -0.7976 -0.5140 -0.3156
vn -0.7992 -0.5216 -0.2986
vn -0.4167 -0.5363 0.7340
vn -0.3341 -0.6764 0.6564
vn -0.4143 -0.5413 0.7317
vn -0.3037 -0.7057 0.6401
vn -0.4109 -0.5375 0.7364
vn -0.2624 -0.7705 0.5809
vn -0.4035 -0.5765 0.7105
vn -0.3772 -0.5961 0.7088
vn -0.1868 -0.7980 0.5729
vn -0.3453 -0.6033 0.7189
vn -0.0725 -0.8920 0.4463
vn -0.8595 -0.3038 0.4110
vn -0.9170 -0.1243 0.3789
vn -0.8687 0.2304 0.4385
vn -0.8736 -0.3264 0.3609
vn -0.9081 -0.2776 0.3134
vn -0.9550 -0.0638 0.2896
vn -0.9095 0.3082 0.2791
vn -0.8969 -0.2998 0.3252
vn -0.9123 -0.2789 0.2998
vn -0.9193 -0.2593 0.2959
vn -0.9492 -0.0555 0.3096
vn -0.9067 0.2887 0.3076
vn -0.5053 -0.3912 0.7692
vn -0.5334 -0.1047 0.8393
vn -0.5290 0.2872 0.7986
vn -0.6212 -0.4749 0.6234
vn -0.6938 -0.4335 0.5751
vn -0.7966 -0.1155 0.5934
vn -0.7121 0.4288 0.5560
vn -0.6025 -0.4813 0.6367
vn -0.6772 -0.4361 0.5926
vn -0.7528 -0.4201 0.5067
vn -0.8103 -0.3857 0.4412
vn -0.8020 0.4807 0.3546
vn -0.6581 -0.4489 0.6045
vn -0.7144 -0.4263 0.5549
vn -0.8223 -0.3708 0.4317
vn -0.8508 -0.3427 0.3983
vn -0.3644 -0.4602 0.8096
vn -0.2925 -0.3588 0.8864
vn -0.1973 -0.0676 0.9780
vn -0.2266 0.3215 0.9194
vn -0.4359 -0.5292 0.7280
vn -0.4683 -0.5057 0.7246
vn -0.4195 0.5367 0.7320
vn -0.4212 -0.5351 0.7323
vn -0.4458 -0.5308 0.7208
vn -0.5386 -0.5037 0.6754
vn -0.4177 -0.5364 0.7334
vn -0.4355 -0.5273 0.7296
vn -0.4577 -0.5283 0.7151
vn -0.3147 -0.3996 0.8610
vn -0.2150 -0.2266 0.9500
vn -0.1157 -0.0261 0.9929
vn -0.1421 0.2233 0.9643
vn -0.4106 -0.5253 0.7453
vn -0.3445 -0.4309 0.8340
vn -0.2777 -0.3115 0.9088
vn -0.1267 -0.1067 0.9862
vn -0.0465 0.0101 0.9989
vn -0.1007 0.1366 0.9855
vn -0.4154 -0.5349 0.7358
vn -0.3884 -0.4896 0.7806
vn -0.3649 -0.4657 0.8062
vn -0.3109 -0.3788 0.8717
vn -0.1675 -0.1554 0.9735
vn -0.0554 -0.0010 0.9985
vn -0.0470 0.0115 0.9988
vn -0.0578 0.0488 0.9971
vn -0.4003 -0.5156 0.7576
vn -0.3861 -0.4924 0.7801
vn -0.3509 -0.4306 0.8315
vn -0.2115 -0.2201 0.9523
vn -0.0704 -0.0273 0.9971
vn -0.0457 0.0128 0.9989
vn -0.0472 0.0174 0.9987
vn -0.4084 -0.5267 0.7455
vn -0.3997 -0.5141 0.7589
vn -0.3805 -0.4759 0.7929
vn -0.2608 -0.2895 0.9210
vn -0.0978 -0.0618 0.9933
vn -0.0457 0.0103 0.9989
vn -0.4159 -0.5353 0.7352
vn -0.4131 -0.5439 0.7304
vn -0.9167 -0.3464 0.1990
vn -0.9114 -0.4112 0.0181
vn -0.8511 -0.4790 -0.2149
vn -0.6806 -0.4465 0.5809
vn -0.7614 -0.3742 0.5294
vn -0.6786 -0.5976 0.4270
vn -0.8051 -0.3901 0.4468
vn -0.8888 -0.3002 0.3463
vn -0.7639 -0.6413 0.0729
vn -0.9200 -0.3682 0.1343
vn -0.9190 -0.3206 0.2293
vn -0.7400 -0.6383 -0.2119
vn -0.8579 -0.4625 -0.2238
vn -0.8824 -0.4635 -0.0813
vn -0.7879 -0.5136 -0.3398
vn -0.7835 -0.5323 -0.3204
vn -0.7674 -0.5261 -0.3664
vn -0.7774 -0.5139 -0.3627
vn -0.4226 -0.5361 0.7307
vn -0.3728 -0.6517 0.6605
vn -0.4348 -0.5395 0.7210
vn -0.4714 -0.5263 0.7077
vn -0.3587 -0.7504 0.5552
vn -0.5139 -0.5542 0.6548
vn -0.2790 -0.9551 0.0996
vn -0.4355 -0.8832 0.1740
vn -0.3504 -0.9191 -0.1801
vn -0.4872 -0.8202 -0.2997
vn -0.6977 -0.6182 -0.3619
vn -0.5071 -0.8035 -0.3118
vn -0.7069 -0.6009 -0.3731
vn -0.5245 -0.7875 -0.3237
vn -0.7354 -0.5733 -0.3613
vn -0.7694 -0.5260 -0.3625
vn -0.6826 -0.6196 -0.3874
vn -0.7745 -0.5188 -0.3618
vn -0.4136 -0.5389 0.7338
vn -0.2945 -0.7387 0.6063
vn -0.4094 -0.5521 0.7263
vn -0.4185 -0.5357 0.7334
vn -0.1770 -0.8553 0.4870
vn -0.0896 -0.9872 0.1316
vn -0.1326 -0.9229 0.3615
vn -0.1201 -0.9804 -0.1563
vn -0.2575 -0.9041 -0.3410
vn -0.2748 -0.9082 -0.3157
vn -0.2356 -0.9188 -0.3167
vn -0.4743 -0.7869 -0.3947
vn -0.2219 -0.9039 -0.3656
vn -0.3774 -0.8119 -0.4454
vn -0.2079 -0.7783 0.5925
vn -0.3807 -0.5556 0.7392
vn -0.4160 -0.5387 0.7327
vn -0.1875 -0.8663 0.4631
vn -0.3788 -0.6305 0.6774
vn -0.0534 -0.9167 0.3960
vn -0.0068 -0.9851 0.1721
vn -0.0061 -0.9338 0.3578
vn -0.0873 -0.9898 -0.1127
vn -0.1734 -0.9397 -0.2949
vn -0.1581 -0.9552 -0.2503
vn -0.1942 -0.9237 -0.3302
vn -0.1939 -0.9236 -0.3308
vn -0.2470 -0.8978 -0.3645
vn -0.0379 -0.8590 0.5106
vn -0.2450 -0.6899 0.6812
vn -0.3955 -0.5733 0.7176
vn -0.0072 -0.9357 0.3527
vn 0.0190 -0.9344 0.3557
vn 0.0073 -0.9740 0.2262
vn 0.0287 -0.9375 0.3468
vn -0.0772 -0.9969 0.0173
vn -0.1552 -0.9637 -0.2171
vn 0.0246 -0.9246 0.3801
vn -0.0791 -0.8709 0.4851
vn 0.0273 -0.9369 0.3485
vn 0.0290 -0.9374 0.3471
vn 0.0109 -0.9553 0.2956
vn -0.0699 -0.9901 0.1218
vn -0.1614 -0.9643 -0.2100
vn -0.1924 -0.9247 -0.3286
vn -0.1793 -0.9325 -0.3135
vn 0.0211 -0.9331 0.3590
vn 0.0154 -0.9272 0.3743
vn 0.0204 -0.9410 0.3379
vn 0.0007 -0.9780 0.2086
vn -0.0967 -0.9898 -0.1043
vn -0.1776 -0.9400 -0.2913
vn -0.9092 -0.2837 0.3049
vn -0.9167 -0.2642 0.2998
vn -0.9307 -0.1243 0.3439
vn -0.8862 0.3132 0.3413
vn -0.9153 -0.2737 0.2954
vn -0.9212 -0.2491 0.2989
vn -0.8545 0.4325 0.2877
vn -0.9215 -0.2721 0.2770
vn -0.9152 -0.2809 0.2889
vn -0.9290 -0.3569 0.0977
vn -0.9198 -0.3306 0.2113
vn -0.8569 -0.4606 -0.2317
vn -0.8781 -0.4689 -0.0952
vn -0.7918 -0.5070 -0.3407
vn -0.7827 -0.5344 -0.3191
vn -0.7838 -0.5077 -0.3576
vn -0.7169 -0.4188 0.5574
vn -0.7870 -0.3842 0.4828
vn -0.8624 -0.3310 0.3830
vn -0.8775 -0.3178 0.3592
vn -0.8450 -0.3382 0.4142
vn -0.8878 -0.3064 0.3435
vn -0.8958 -0.2984 0.3295
vn -0.9026 -0.2834 0.3241
vn -0.9043 -0.2913 0.3121
vn -0.9129 -0.2781 0.2989
vn -0.7874 -0.5038 -0.3553
vn -0.4562 -0.5235 0.7196
vn -0.5250 -0.5091 0.6821
vn -0.6080 -0.4792 0.6330
vn -0.4171 -0.5362 0.7339
vn -0.3005 -0.6905 0.6580
vn -0.0684 -0.8972 0.4362
vn -0.1757 -0.7619 0.6234
vn -0.0140 -0.9295 0.3685
vn -0.2753 -0.7047 0.6539
vn -0.2175 -0.8123 0.5411
vn 0.0169 -0.9357 0.3525
vn -0.0599 -0.8874 0.4571
vn 0.0259 -0.9365 0.3498
vn -0.0732 -0.7498 0.6576
vn 0.0796 -0.9120 0.4024
vn 0.0624 -0.9360 0.3465
vn 0.1229 -0.9174 0.3785
vn 0.0715 -0.9346 0.3485
vn 0.3818 -0.6810 0.6249
vn 0.4594 -0.8115 0.3612
vn 0.2180 -0.8925 0.3948
vn 0.3803 -0.8152 0.4368
vn 0.2502 -0.8949 0.3695
vn 0.4659 -0.7822 0.4136
vn 0.6195 -0.6789 0.3941
vn 0.6135 -0.6888 0.3863
vn 0.5117 -0.7686 0.3840
vn 0.6569 -0.6498 0.3825
vn 0.6755 -0.6362 0.3728
vn -0.3742 -0.4799 0.7935
vn -0.2779 -0.3847 0.8802
vn -0.1300 -0.1163 0.9847
vn -0.0482 0.0039 0.9988
vn -0.0463 0.0122 0.9989
vn -0.4111 -0.5561 0.7223
vn -0.3425 -0.4416 0.8292
vn -0.1987 -0.2100 0.9573
vn -0.0626 -0.0138 0.9979
vn -0.0479 0.0106 0.9988
vn -0.3658 -0.6167 0.6971
vn 0.0083 -0.3403 0.9403
vn 0.0976 -0.0654 0.9931
vn 0.1066 0.0066 0.9943
vn 0.0885 0.0077 0.9960
vn 0.0702 0.0081 0.9975
vn 0.0518 0.0081 0.9986
vn 0.0331 0.0081 0.9994
vn 0.0143 0.0081 0.9999
vn 0.5227 -0.3149 0.7922
vn 0.4393 -0.0866 0.8941
vn 0.4160 -0.0194 0.9092
vn 0.3894 -0.0225 0.9208
vn 0.3597 -0.0222 0.9328
vn 0.3300 -0.0222 0.9437
vn 0.3005 -0.0223 0.9535
vn 0.2714 -0.0223 0.9622
vn 0.6570 -0.5852 0.4753
vn 0.6742 -0.3148 0.6681
vn 0.6268 -0.1031 0.7723
vn 0.5902 -0.0413 0.8062
vn 0.5755 -0.0447 0.8166
vn 0.5641 -0.0447 0.8245
vn 0.5534 -0.0447 0.8317
vn 0.5432 -0.0446 0.8384
vn 0.5335 -0.0446 0.8446
vn 0.6972 -0.5145 0.4992
vn 0.6897 -0.2170 0.6908
vn 0.6349 -0.0681 0.7696
vn 0.6293 -0.0490 0.7756
vn 0.6726 -0.6315 0.3857
vn 0.7432 -0.4487 0.4963
vn 0.7145 -0.3001 0.6321
vn 0.6409 -0.1018 0.7608
vn 0.6306 -0.0509 0.7745
vn 0.7042 -0.5770 0.4137
vn 0.6921 -0.4530 0.5620
vn 0.6618 -0.1621 0.7319
vn 0.6335 -0.0610 0.7714
vn 0.6790 -0.6092 0.4097
vn 0.6870 -0.4489 0.5714
vn 0.6697 -0.2149 0.7109
vn 0.6252 -0.0683 0.7775
vn 0.6950 -0.5830 0.4209
vn 0.7075 -0.3575 0.6097
vn 0.6642 -0.1460 0.7331
vn 0.6322 -0.0508 0.7732
vn 0.6305 -0.0454 0.7749
vn 0.6783 -0.5763 0.4558
vn 0.6479 -0.4595 0.6075
vn 0.6409 -0.1307 0.7564
vn 0.6312 -0.0541 0.7737
vn 0.6542 0.0111 0.7562
vn 0.0204 -0.9347 0.3547
vn 0.0285 -0.9376 0.3466
vn 0.0135 -0.9671 0.2540
vn -0.1027 -0.9944 0.0252
vn -0.1966 -0.9480 -0.2504
vn -0.1933 -0.9239 -0.3304
vn 0.0088 -0.9493 0.3143
vn -0.0565 -0.9909 0.1220
vn -0.1491 -0.9713 -0.1854
vn -0.1938 -0.9241 -0.3295
vn 0.0478 -0.9347 0.3523
vn 0.0307 -0.9369 0.3483
vn 0.0336 -0.9373 0.3470
vn 0.0287 -0.9377 0.3462
vn -0.0087 -0.9824 0.1864
vn -0.1181 -0.9899 -0.0783
vn -0.1795 -0.9306 -0.3191
vn 0.2330 -0.8964 0.3770
vn 0.0853 -0.9313 0.3543
vn 0.1936 -0.8977 0.3959
vn 0.1295 -0.9331 0.3354
vn 0.0998 -0.9261 0.3638
vn 0.0552 -0.9390 0.3394
vn 0.1203 -0.9173 0.3797
vn 0.0404 -0.9659 0.2557
vn -0.0755 -0.9966 0.0325
vn -0.1124 -0.9390 -0.3250
vn 0.5286 -0.7708 0.3554
vn 0.6667 -0.6468 0.3704
vn 0.3691 -0.8382 0.4015
vn 0.5567 -0.7257 0.4042
vn 0.6602 -0.6534 0.3704
vn 0.4186 -0.8394 0.3467
vn 0.5986 -0.7050 0.3803
vn 0.3546 -0.8498 0.3900
vn 0.1841 -0.9076 0.3772
vn 0.3253 -0.8418 0.4308
vn 0.1729 -0.9309 0.3218
vn -0.1717 -0.9715 0.1633
vn -0.0011 -0.9768 0.2142
vn -0.2111 -0.9363 -0.2806
vn -0.0173 -0.8843 -0.4665
vn 0.6587 -0.6514 0.3767
vn 0.5863 -0.7176 0.3759
vn 0.6661 -0.6425 0.3788
vn 0.5839 -0.7201 0.3749
vn 0.4682 -0.7811 0.4131
vn 0.6241 -0.6699 0.4021
vn 0.5128 -0.8017 0.3069
vn 0.6729 -0.6704 0.3127
vn 0.4272 -0.8702 0.2455
vn 0.6334 -0.7529 0.1787
vn 0.7092 -0.6991 0.0912
vn 0.4432 -0.8354 -0.3250
vn 0.5723 -0.6974 -0.4313
vn 0.6238 -0.7161 -0.3131
vn 0.6751 -0.6365 0.3730
vn 0.6664 -0.6397 0.3830
vn 0.6720 -0.6335 0.3836
vn 0.6590 -0.6479 0.3819
vn 0.6726 -0.6654 0.3238
vn 0.6296 -0.6852 0.3663
vn 0.7071 -0.6991 0.1062
vn 0.5447 -0.8239 0.1562
vn 0.6592 -0.7264 -0.1942
vn 0.3641 -0.9245 -0.1129
vn 0.6450 -0.6543 0.3948
vn 0.6143 -0.6575 0.4364
vn 0.5855 -0.6788 0.4432
vn 0.5332 -0.7001 0.4750
vn 0.4850 -0.6935 0.5328
vn 0.3763 -0.8616 0.3407
vn 0.1227 -0.9919 0.0341
vn 0.6665 -0.6424 0.3783
vn 0.6693 -0.6264 0.3995
vn 0.6755 -0.6361 0.3728
vn 0.6712 -0.6354 0.3818
vn 0.6726 -0.6335 0.3824
vn 0.6361 -0.6503 0.4153
vn 0.6573 -0.6227 0.4245
vn 0.5748 -0.6764 0.4606
vn -0.8569 0.4280 0.2873
vn -0.8564 0.4289 0.2875
vn -0.8737 0.4479 0.1899
vn -0.8415 0.5330 0.0879
vn -0.8216 0.5453 -0.1660
vn -0.7903 0.5980 -0.1334
vn -0.8537 0.4330 0.2892
vn -0.8528 0.4347 0.2894
vn -0.8522 0.4361 0.2892
vn -0.8521 0.4362 0.2891
vn -0.8517 0.4373 0.2887
vn -0.8523 0.4363 0.2885
vn -0.8527 0.4643 0.2395
vn -0.8718 0.4497 0.1942
vn -0.8415 0.4727 0.2615
vn -0.7999 0.5942 0.0843
vn -0.8333 0.5497 -0.0583
vn -0.7081 0.6136 -0.3494
vn -0.7027 0.6538 -0.2804
vn -0.7368 0.6156 -0.2794
vn -0.8368 0.4551 0.3046
vn -0.8523 0.4358 0.2892
vn -0.6398 0.5269 0.5594
vn -0.7911 0.4727 0.3881
vn -0.7057 0.5009 0.5011
vn -0.5903 0.6099 0.5287
vn -0.8429 0.4394 0.3107
vn -0.8474 0.4284 0.3135
vn -0.7428 0.5465 0.3868
vn -0.2680 0.4979 0.8248
vn -0.3719 0.5978 0.7102
vn -0.3200 0.6197 0.7166
vn -0.5528 0.5633 0.6141
vn -0.3986 0.6332 0.6635
vn -0.4258 0.6340 0.6456
vn -0.5472 0.6057 0.5777
vn -0.5368 0.5831 0.6098
vn -0.2266 0.4419 0.8679
vn -0.3088 0.6006 0.7375
vn -0.3148 0.6139 0.7239
vn -0.3226 0.6155 0.7191
vn -0.3261 0.6092 0.7228
vn -0.3751 0.6136 0.6949
vn -0.3502 0.6045 0.7155
vn -0.3162 0.6141 0.7232
vn -0.2168 0.3783 0.9000
vn -0.2756 0.5147 0.8119
vn -0.2935 0.5664 0.7701
vn -0.3148 0.6138 0.7240
vn -0.1478 0.2586 0.9546
vn -0.2382 0.4630 0.8538
vn -0.3102 0.6040 0.7342
vn -0.1106 0.1554 0.9817
vn -0.2293 0.4058 0.8847
vn -0.2829 0.5303 0.7992
vn -0.2965 0.5753 0.7623
vn -0.3098 0.6162 0.7241
vn -0.0616 0.0564 0.9965
vn -0.1613 0.2853 0.9448
vn -0.2507 0.4830 0.8390
vn -0.3118 0.6074 0.7307
vn -0.2691 0.6741 0.6878
vn -0.3125 0.6191 0.7205
vn -0.2256 0.6587 0.7178
vn -0.0831 0.8085 0.5827
vn -0.8522 0.4367 0.2880
vn -0.8577 0.4394 0.2671
vn -0.8467 0.5116 0.1460
vn -0.8571 0.4915 0.1540
vn -0.8459 0.5306 0.0539
vn -0.8179 0.5752 -0.0095
vn -0.7724 0.6122 -0.1692
vn -0.7503 0.6099 -0.2553
vn -0.7647 0.6123 -0.2008
vn -0.6755 0.6362 -0.3728
vn -0.6791 0.6400 -0.3594
vn -0.6868 0.6312 -0.3603
vn -0.8520 0.4363 0.2893
vn -0.8476 0.4414 0.2945
vn -0.8152 0.4778 0.3273
vn -0.8440 0.4466 0.2970
vn -0.8522 0.4363 0.2888
vn -0.8443 0.4701 0.2572
vn -0.8519 0.4368 0.2889
vn -0.8450 0.5057 0.1738
vn -0.8378 0.5397 0.0823
vn -0.7755 0.6245 -0.0934
vn -0.7708 0.6093 -0.1860
vn -0.6814 0.6318 -0.3695
vn -0.6862 0.6464 -0.3335
vn -0.7041 0.6213 -0.3438
vn -0.7381 0.5373 0.4081
vn -0.6999 0.5374 0.4704
vn -0.6401 0.5225 0.5633
vn -0.5230 0.5956 0.6096
vn -0.8134 0.4683 0.3451
vn -0.8117 0.4671 0.3507
vn -0.7004 0.5261 0.4824
vn -0.8445 0.4402 0.3050
vn -0.8494 0.4242 0.3140
vn -0.7912 0.5083 0.3400
vn -0.8558 0.4514 0.2529
vn -0.8668 0.4505 0.2138
vn -0.8137 0.5727 0.0998
vn -0.8338 0.5521 -0.0004
vn -0.8300 0.5428 -0.1281
vn -0.7855 0.6126 -0.0878
vn -0.7219 0.6480 -0.2427
vn -0.7117 0.6295 -0.3117
vn -0.4669 0.5815 0.6662
vn -0.3664 0.6150 0.6982
vn -0.3704 0.6219 0.6900
vn -0.4328 0.5990 0.6737
vn -0.4071 0.6261 0.6650
vn -0.6658 0.5629 0.4897
vn -0.5762 0.6188 0.5340
vn -0.4998 0.6829 0.5327
vn -0.7490 0.5460 0.3754
vn -0.6450 0.7115 0.2789
vn -0.7128 0.6263 -0.3157
vn -0.6233 0.7353 -0.2660
vn -0.6728 0.6446 -0.3630
vn -0.5352 0.7669 -0.3542
vn -0.6518 0.6523 -0.3869
vn -0.5131 0.7622 -0.3947
vn -0.6098 0.6938 -0.3830
vn -0.3150 0.6138 0.7239
vn -0.3113 0.6194 0.7207
vn -0.3329 0.6183 0.7119
vn -0.3220 0.6123 0.7221
vn -0.2276 0.7244 0.6507
vn -0.3773 0.6341 0.6749
vn -0.2197 0.7598 0.6119
vn -0.1417 0.8804 0.4526
vn -0.1893 0.8964 -0.4008
vn -0.2405 0.8931 -0.3803
vn -0.4701 0.7781 -0.4166
vn -0.2659 0.8894 -0.3719
vn -0.3955 0.8124 -0.4285
vn -0.2267 0.8905 -0.3944
vn -0.2986 0.6339 0.7135
vn -0.2285 0.6791 0.6976
vn -0.0910 0.8163 0.5704
vn 0.0397 0.8738 0.4846
vn 0.1339 0.9268 0.3508
vn 0.0344 0.9629 -0.2678
vn -0.0507 0.9403 -0.3365
vn -0.0736 0.9362 -0.3436
vn -0.1310 0.9183 -0.3737
vn -0.0514 0.9366 -0.3467
vn -0.3020 0.6383 0.7080
vn -0.1974 0.7377 0.6456
vn -0.0161 0.8402 0.5421
vn 0.0885 0.8970 0.4332
vn 0.1462 0.9177 0.3695
vn 0.2070 0.9392 0.2741
vn 0.1202 0.9905 -0.0667
vn -0.0027 0.9623 -0.2718
vn -0.0290 0.9374 -0.3471
vn -0.2359 0.7154 0.6577
vn -0.0170 0.8792 0.4762
vn 0.1527 0.9064 0.3939
vn 0.1621 0.9130 0.3743
vn 0.1936 0.9234 0.3315
vn 0.1939 0.9236 0.3308
vn 0.1888 0.9332 0.3059
vn 0.1160 0.9915 0.0590
vn 0.0037 0.9802 -0.1981
vn -0.4567 0.8656 0.2055
vn -0.4551 0.8623 -0.2221
vn -0.0082 0.9869 0.1611
vn -0.0333 0.9807 -0.1926
vn 0.0965 0.9814 0.1659
vn 0.0806 0.9877 -0.1337
vn 0.2174 0.9651 0.1461
vn 0.1428 0.9872 -0.0711
vn -0.0477 0.0187 0.9987
vn -0.1196 0.1723 0.9778
vn -0.2412 0.4325 0.8688
vn -0.2900 0.5453 0.7865
vn -0.2995 0.5844 0.7542
vn -0.3141 0.6142 0.7239
vn -0.3095 0.6254 0.7163
vn -0.2126 0.7618 0.6119
vn -0.0004 0.7987 0.6017
vn 0.0573 0.8788 0.4738
vn -0.0647 0.0628 0.9959
vn -0.1741 0.3101 0.9346
vn -0.2634 0.5023 0.8236
vn -0.3134 0.6122 0.7259
vn -0.2718 0.6262 0.7308
vn -0.0730 0.7713 0.6323
vn -0.2841 0.6865 0.6693
vn -0.0754 0.8860 0.4574
vn 0.1031 0.9012 0.4209
vn -0.0046 0.0081 1.0000
vn -0.0247 0.0156 0.9996
vn -0.1114 0.1919 0.9751
vn -0.2305 0.4623 0.8562
vn -0.1759 0.6941 0.6981
vn -0.2780 0.6284 0.7266
vn -0.0758 0.7611 0.6442
vn 0.0320 0.8412 0.5397
vn 0.1686 0.8893 0.4251
vn 0.1473 0.9342 0.3250
vn 0.1792 0.9222 0.3426
vn 0.2425 -0.0223 0.9699
vn 0.2167 -0.0221 0.9760
vn 0.1726 0.0862 0.9812
vn 0.0744 0.3538 0.9324
vn -0.0144 0.7449 0.6670
vn 0.1516 0.8954 0.4186
vn 0.2609 0.8980 0.3544
vn 0.2592 0.8862 0.3841
vn 0.1944 0.9236 0.3305
vn 0.5237 -0.0402 0.8510
vn 0.5384 -0.0477 0.8414
vn 0.4874 0.0354 0.8724
vn 0.5369 0.3376 0.7731
vn 0.4083 0.6742 0.6154
vn 0.6959 0.5813 0.4216
vn 0.4915 0.8071 0.3271
vn 0.6821 0.6256 0.3787
vn 0.4722 0.7974 0.3758
vn 0.3916 0.8075 0.4411
vn 0.2377 0.9024 0.3594
vn 0.6604 -0.0228 0.7505
vn 0.7241 0.0268 0.6892
vn 0.7949 0.2211 0.5651
vn 0.6300 -0.0479 0.7751
vn 0.6431 0.0023 0.7658
vn 0.7307 0.2445 0.6375
vn 0.7954 0.4248 0.4323
vn 0.7725 0.4796 0.4163
vn 0.7760 0.5124 0.3678
vn 0.6680 0.6385 0.3824
vn 0.7749 0.5181 0.3621
vn 0.6896 0.5981 0.4083
vn 0.5204 0.7630 0.3833
vn 0.6294 -0.0457 0.7757
vn 0.6912 0.0223 0.7223
vn 0.7485 0.2743 0.6038
vn 0.6496 0.0024 0.7603
vn 0.7559 0.2499 0.6052
vn 0.7926 0.4630 0.3966
vn 0.7781 0.5101 0.3667
vn 0.7702 0.4716 0.4293
vn 0.7773 0.5114 0.3664
vn 0.7774 0.5139 0.3627
vn 0.6963 0.0498 0.7160
vn 0.7450 0.2804 0.6053
vn 0.7552 0.2510 0.6055
vn 0.7918 0.4567 0.4057
vn 0.7780 0.5108 0.3658
vn 0.1577 0.9025 0.4009
vn 0.1309 0.9307 0.3417
vn 0.1758 0.9207 0.3485
vn 0.1929 0.9249 0.3277
vn 0.1426 0.9747 0.1720
vn 0.0484 0.9894 -0.1370
vn -0.0107 0.9476 -0.3194
vn 0.1929 0.9218 0.3363
vn 0.1817 0.9499 0.2544
vn 0.0860 0.9947 -0.0555
vn -0.0103 0.9644 -0.2643
vn -0.0247 0.9381 -0.3455
vn -0.0215 0.9374 -0.3476
vn 0.1927 0.9335 0.3024
vn 0.1213 0.9907 0.0622
vn 0.0189 0.9767 -0.2138
vn -0.0385 0.9417 -0.3342
vn -0.0213 0.9435 -0.3308
vn 0.1940 0.9235 0.3309
vn 0.1928 0.9236 0.3313
vn 0.1808 0.9309 0.3175
vn 0.1021 0.9762 0.1914
vn -0.0864 0.9898 -0.1136
vn -0.0710 0.9469 -0.3135
vn -0.1913 0.9265 -0.3241
vn 0.2552 0.9138 0.3159
vn 0.2723 0.9017 0.3357
vn 0.2778 0.8858 0.3717
vn 0.1989 0.9232 0.3289
vn 0.1855 0.9199 0.3456
vn 0.1484 0.9326 0.3290
vn 0.1777 0.9213 0.3460
vn 0.0764 0.9073 0.4135
vn 0.0213 0.9171 0.3981
vn -0.2410 0.9602 0.1411
vn -0.5268 0.8399 -0.1303
vn 0.7731 0.5202 0.3630
vn 0.7507 0.5541 0.3597
vn 0.5446 0.7834 0.2994
vn 0.7145 0.5973 0.3643
vn 0.5244 0.7740 0.3549
vn 0.4268 0.7804 0.4570
vn 0.2615 0.8886 0.3768
vn 0.4139 0.7843 0.4621
vn 0.2216 0.8916 0.3948
vn 0.0100 0.8806 0.4737
vn -0.2433 0.7883 0.5652
vn -0.0940 0.8466 0.5238
vn -0.2941 0.7803 0.5520
vn -0.4740 0.8243 0.3097
vn -0.6544 0.7531 0.0685
vn 0.7723 0.5202 0.3646
vn 0.7765 0.5118 0.3677
vn 0.7669 0.5155 0.3824
vn 0.6742 0.6211 0.3997
vn 0.7233 0.5169 0.4579
vn 0.7212 0.5071 0.4719
vn 0.6406 0.6026 0.4759
vn 0.5795 0.4920 0.6496
vn 0.5034 0.6124 0.6096
vn 0.3898 0.7261 0.5664
vn 0.2058 0.6026 0.7710
vn 0.1018 0.6803 0.7258
vn -0.1483 0.6231 0.7680
vn -0.2903 0.6476 0.7045
vn 0.7714 0.4617 0.4380
vn 0.7772 0.5124 0.3654
vn 0.7773 0.5140 0.3627
vn 0.7702 0.5043 0.3904
vn 0.7509 0.5100 0.4196
vn 0.6922 0.4669 0.5504
vn 0.6472 0.5017 0.5739
vn 0.6111 0.5106 0.6049
vn 0.4766 0.4269 0.7685
vn 0.4218 0.4414 0.7920
vn 0.2534 0.4808 0.8394
vn 0.0478 0.4606 0.8863
vn -0.0080 0.4847 0.8746
vn -0.0980 0.5048 0.8576
vn -0.1406 0.5778 0.8040
vn -0.4887 0.6825 0.5435
vn -0.6164 0.6767 0.4027
vn -0.7479 0.6463 0.1515
vn -0.6491 0.7586 0.0559
vn -0.3963 0.6372 0.6610
vn -0.5092 0.6877 0.5174
vn -0.4129 0.8118 0.4129
vn -0.6105 0.7299 0.3075
vn -0.4563 0.8778 0.1459
vn -0.1596 0.6175 0.7702
vn -0.0597 0.7519 0.6565
vn -0.3090 0.7192 0.6222
vn -0.1459 0.8778 0.4563
vn -0.1894 0.9635 0.1894
vn -0.8726 -0.2192 -0.4365
vn -0.8566 0.2701 -0.4396
vn -0.7980 -0.4929 -0.3469
vn -0.8194 -0.4400 -0.3674
vn -0.7938 -0.2307 -0.5627
vn -0.7487 0.3430 -0.5673
vn -0.7443 -0.2756 -0.6084
vn -0.7083 -0.0140 -0.7057
vn -0.7213 0.1499 -0.6762
vn -0.7772 -0.5104 -0.3679
vn -0.7703 -0.4678 -0.4334
vn -0.7783 -0.5085 -0.3683
vn -0.7929 -0.4589 -0.4009
vn -0.7542 -0.2452 -0.6091
vn -0.6505 0.0073 -0.7595
vn -0.6471 0.1289 -0.7515
vn -0.7483 -0.2698 -0.6060
vn -0.6904 -0.0193 -0.7232
vn -0.6306 0.0480 -0.7746
vn -0.6363 0.0506 -0.7698
vn -0.6664 -0.6426 -0.3782
vn -0.7703 -0.5215 -0.3671
vn -0.7609 -0.5325 -0.3707
vn -0.4615 -0.8087 -0.3646
vn -0.6782 -0.6296 -0.3790
vn -0.4968 -0.8118 -0.3070
vn -0.7124 -0.5921 -0.3767
vn -0.4809 -0.7904 -0.3795
vn -0.6549 -0.6445 -0.3947
vn -0.6435 -0.6759 -0.3593
vn -0.6476 -0.6635 -0.3746
vn -0.2575 -0.9055 -0.3372
vn -0.2519 -0.9172 -0.3086
vn -0.2228 -0.9098 -0.3502
vn -0.3562 -0.8394 -0.4105
vn -0.4003 -0.8380 -0.3709
vn -0.4687 -0.8105 -0.3513
vn -0.4270 -0.7855 -0.4479
vn -0.2337 -0.9019 -0.3633
vn -0.2385 -0.9095 -0.3404
vn -0.2104 -0.9065 -0.3660
vn -0.0825 -0.8810 -0.4658
vn -0.1891 -0.9230 -0.3351
vn -0.1776 -0.9283 -0.3266
vn -0.1871 -0.9170 -0.3524
vn -0.0878 -0.8777 -0.4712
vn -0.0489 -0.8644 -0.5004
vn 0.0795 -0.8048 -0.5882
vn -0.1677 -0.9147 -0.3676
vn -0.0781 -0.9239 -0.3745
vn -0.0212 -0.8320 -0.5543
vn 0.1532 -0.7258 -0.6706
vn 0.2432 -0.7155 -0.6549
vn -0.7775 -0.5090 -0.3693
vn -0.7728 -0.4752 -0.4207
vn -0.8036 -0.4095 -0.4319
vn -0.7292 -0.2417 -0.6402
vn -0.6435 -0.0019 -0.7655
vn -0.6300 0.0480 -0.7751
vn -0.6291 0.0633 -0.7747
vn -0.8137 -0.1938 -0.5481
vn -0.7259 -0.0243 -0.6874
vn -0.6625 0.0248 -0.7486
vn -0.7784 -0.5079 -0.3689
vn -0.7780 -0.5092 -0.3679
vn -0.7728 -0.4892 -0.4042
vn -0.6293 0.0490 -0.7756
vn -0.6291 0.0545 -0.7754
vn -0.7716 -0.4190 -0.4785
vn -0.7193 -0.2589 -0.6447
vn -0.6240 -0.0025 -0.7814
vn -0.6305 0.0507 -0.7746
vn -0.7774 -0.5090 -0.3695
vn -0.7787 -0.5089 -0.3669
vn -0.7851 -0.4101 -0.4641
vn -0.7125 -0.1132 -0.6925
vn -0.6418 0.0311 -0.7663
vn -0.7690 -0.4187 -0.4830
vn -0.7420 -0.2335 -0.6285
vn -0.6349 -0.0230 -0.7723
vn -0.7574 -0.5397 -0.3674
vn -0.7628 -0.5367 -0.3606
vn -0.7746 -0.5192 -0.3611
vn -0.7767 -0.5100 -0.3696
vn -0.7590 -0.5271 -0.3823
vn -0.7845 -0.4064 -0.4684
vn -0.7259 -0.1173 -0.6777
vn -0.6449 0.0220 -0.7639
vn -0.7356 -0.4511 -0.5054
vn -0.7404 -0.2370 -0.6290
vn -0.6457 -0.0370 -0.7627
vn -0.6594 -0.6340 -0.4039
vn -0.6333 -0.5651 -0.5287
vn -0.7193 -0.1506 -0.6781
vn -0.6412 0.0133 -0.7673
vn -0.6271 0.0481 -0.7775
vn -0.6288 0.0486 -0.7761
vn -0.6293 0.0489 -0.7757
vn -0.4800 -0.4297 -0.7648
vn -0.4904 -0.0550 -0.8698
vn -0.4689 0.0354 -0.8825
vn -0.4827 0.0397 -0.8749
vn -0.4952 0.0422 -0.8677
vn -0.5078 0.0434 -0.8604
vn -0.5212 0.0437 -0.8523
vn -0.5358 0.0438 -0.8432
vn -0.0867 -0.7544 -0.6507
vn -0.0247 -0.4515 -0.8919
vn -0.1040 -0.1151 -0.9879
vn -0.1737 0.0130 -0.9847
vn -0.2012 0.0183 -0.9794
vn -0.2314 0.0211 -0.9726
vn -0.2634 0.0225 -0.9644
vn -0.2965 0.0229 -0.9547
vn -0.3307 0.0229 -0.9435
vn 0.1869 -0.6708 -0.7177
vn 0.1778 -0.4554 -0.8724
vn 0.1060 -0.2065 -0.9727
vn 0.0212 -0.0333 -0.9992
vn -0.0011 -0.0089 -1.0000
vn -0.0181 -0.0084 -0.9998
vn -0.0363 -0.0082 -0.9993
vn -0.0548 -0.0081 -0.9985
vn -0.0731 -0.0081 -0.9973
vn 0.3001 -0.6377 -0.7094
vn 0.3116 -0.6130 -0.7260
vn 0.2882 -0.5460 -0.7867
vn 0.2621 -0.4848 -0.8344
vn 0.1942 -0.3252 -0.9255
vn 0.0849 -0.1038 -0.9910
vn 0.0457 -0.0128 -0.9989
vn -0.1919 -0.9233 -0.3326
vn -0.1886 -0.9249 -0.3301
vn -0.1908 -0.9213 -0.3388
vn -0.1284 -0.8978 -0.4213
vn -0.0903 -0.8824 -0.4617
vn 0.1139 -0.8421 -0.5272
vn 0.2956 -0.6582 -0.6924
vn 0.1363 -0.7727 -0.6200
vn 0.2911 -0.6181 -0.7302
vn -0.1932 -0.9231 -0.3324
vn -0.1924 -0.9218 -0.3365
vn -0.1053 -0.9128 -0.3945
vn -0.0241 -0.8592 -0.5111
vn 0.0754 -0.7400 -0.6683
vn 0.2352 -0.7048 -0.6692
vn 0.3139 -0.6164 -0.7222
vn 0.3148 -0.6139 -0.7239
vn -0.1648 -0.9269 -0.3372
vn -0.0853 -0.8887 -0.4505
vn 0.1083 -0.8310 -0.5456
vn 0.2776 -0.6776 -0.6810
vn 0.1654 -0.7790 -0.6048
vn 0.2869 -0.6275 -0.7238
vn 0.2997 -0.6334 -0.7134
vn 0.0154 -0.8776 -0.4791
vn 0.1059 -0.7675 -0.6322
vn 0.2079 -0.7034 -0.6797
vn 0.3117 -0.6250 -0.7157
vn 0.3157 -0.6136 -0.7237
vn 0.1605 -0.7662 -0.6223
vn 0.2700 -0.6583 -0.7027
vn 0.3062 -0.6183 -0.7238
vn 0.3108 -0.6133 -0.7261
vn 0.3066 -0.6102 -0.7305
vn 0.3169 -0.6119 -0.7247
vn 0.3169 -0.6125 -0.7242
vn 0.3183 -0.6143 -0.7220
vn 0.4128 -0.6868 -0.5982
vn 0.3892 -0.6603 -0.6422
vn 0.2793 -0.6997 -0.6575
vn 0.3082 -0.6259 -0.7164
vn 0.2210 -0.6444 -0.7320
vn 0.1563 -0.6367 -0.7551
vn 0.1459 -0.6337 -0.7597
vn 0.4956 -0.7320 -0.4676
vn 0.2431 -0.8605 -0.4478
vn 0.0018 -0.7913 -0.6114
vn -0.1379 -0.6851 -0.7153
vn -0.1319 -0.6384 -0.7583
vn 0.0114 -0.9645 -0.2639
vn -0.0808 -0.8742 -0.4788
vn -0.2090 -0.7141 -0.6681
vn -0.0595 -0.7516 -0.6569
vn -0.1334 -0.6284 -0.7664
vn 0.3145 -0.6119 -0.7257
vn 0.3042 -0.5945 -0.7444
vn 0.2021 -0.3996 -0.8941
vn 0.1139 -0.1750 -0.9780
vn 0.0517 -0.0307 -0.9982
vn 0.3141 -0.6133 -0.7247
vn 0.3155 -0.6088 -0.7279
vn 0.2854 -0.5266 -0.8008
vn 0.2553 -0.4580 -0.8515
vn 0.1808 -0.2872 -0.9407
vn 0.0766 -0.0864 -0.9933
vn 0.3140 -0.6084 -0.7289
vn 0.2973 -0.5874 -0.7527
vn 0.1795 -0.3714 -0.9110
vn 0.1094 -0.1313 -0.9853
vn 0.0609 -0.0369 -0.9975
vn 0.0462 -0.0123 -0.9989
vn 0.0670 0.0172 -0.9976
vn 0.3129 -0.6123 -0.7260
vn 0.3154 -0.6049 -0.7311
vn 0.2828 -0.5040 -0.8161
vn 0.2443 -0.4330 -0.8676
vn 0.1549 -0.2354 -0.9595
vn 0.0568 -0.0789 -0.9953
vn 0.0457 -0.0110 -0.9989
vn 0.0829 0.0795 -0.9934
vn 0.3154 -0.6157 -0.7221
vn 0.3155 -0.6151 -0.7226
vn 0.3109 -0.6168 -0.7231
vn 0.3108 -0.6153 -0.7244
vn 0.3119 -0.6131 -0.7258
vn 0.3133 -0.6035 -0.7333
vn 0.2882 -0.5799 -0.7620
vn 0.3456 0.4168 -0.8407
vn 0.1536 -0.3408 -0.9275
vn 0.0884 -0.0997 -0.9911
vn 0.0560 -0.0286 -0.9980
vn 0.0837 0.0345 -0.9959
vn 0.1943 0.1801 -0.9643
vn 0.1546 -0.6360 -0.7560
vn 0.1691 -0.6415 -0.7482
vn 0.2216 -0.6117 -0.7594
vn 0.2945 -0.6181 -0.7288
vn 0.2931 -0.6085 -0.7375
vn 0.2985 -0.6021 -0.7405
vn 0.3100 -0.6090 -0.7301
vn 0.3150 -0.5999 -0.7355
vn 0.2804 -0.4774 -0.8327
vn 0.2596 0.3425 -0.9029
vn 0.3327 0.4638 -0.8211
vn 0.2327 -0.4075 -0.8831
vn 0.1410 -0.1944 -0.9707
vn 0.0648 -0.0280 -0.9975
vn 0.1219 0.1132 -0.9861
vn 0.2188 0.2605 -0.9404
vn -0.1213 -0.6120 -0.7815
vn -0.0589 -0.5772 -0.8144
vn 0.0555 -0.5307 -0.8457
vn 0.0672 -0.5204 -0.8513
vn 0.2057 -0.5909 -0.7801
vn 0.1880 -0.5998 -0.7778
vn 0.2584 -0.5722 -0.7784
vn 0.1339 0.3446 -0.9291
vn 0.3088 -0.5895 -0.7464
vn 0.2836 -0.5698 -0.7713
vn 0.3048 0.4117 -0.8588
vn 0.2938 0.4948 -0.8178
vn 0.1255 -0.3023 -0.9449
vn 0.0826 -0.0100 -0.9965
vn 0.1385 0.1996 -0.9700
vn -0.1181 -0.5842 -0.8030
vn -0.0945 -0.4934 -0.8646
vn -0.0306 -0.4435 -0.8958
vn 0.0082 -0.4188 -0.9081
vn 0.1131 -0.4630 -0.8791
vn 0.2571 -0.4908 -0.8325
vn 0.3616 -0.4725 -0.8037
vn 0.0454 0.1650 -0.9852
vn 0.3101 -0.5658 -0.7640
vn 0.4191 -0.4982 -0.7590
vn 0.5533 -0.0325 -0.8324
vn 0.4532 0.3207 -0.8317
vn 0.2638 0.3617 -0.8942
vn 0.3410 -0.3268 -0.8814
vn 0.3033 -0.0038 -0.9529
vn 0.3361 0.2250 -0.9146
vn -0.7574 0.5255 -0.3876
vn -0.7508 0.3652 -0.5504
vn -0.6674 0.6232 -0.4078
vn -0.6759 0.4276 -0.6002
vn -0.6907 0.5732 -0.4408
vn -0.6730 0.1923 -0.7142
vn -0.7055 0.4230 -0.5686
vn -0.6885 0.5945 -0.4153
vn -0.6651 0.2284 -0.7110
vn -0.6807 0.4555 -0.5738
vn -0.6793 0.6087 -0.4099
vn -0.6582 0.1736 -0.7326
vn -0.7085 0.4477 -0.5455
vn -0.6956 0.6030 -0.3905
vn -0.6327 0.1127 -0.7662
vn -0.7003 0.2700 -0.6608
vn -0.6921 0.4906 -0.5294
vn -0.6733 0.6317 -0.3842
vn -0.6418 0.0781 -0.7629
vn -0.7003 0.2096 -0.6824
vn -0.7002 0.5176 -0.4918
vn -0.6823 0.6178 -0.3910
vn -0.6516 0.1114 -0.7504
vn -0.6913 0.3257 -0.6450
vn -0.6753 0.6363 -0.3729
vn -0.6167 0.6971 -0.3657
vn -0.6754 0.6363 -0.3728
vn -0.6976 0.5456 -0.4644
vn -0.6793 0.6271 -0.3812
vn -0.6398 0.0878 -0.7635
vn -0.7025 0.3131 -0.6392
vn -0.7314 0.5125 -0.4499
vn -0.6294 0.0493 -0.7755
vn -0.7035 0.1267 -0.6993
vn -0.7559 0.3148 -0.5740
vn -0.6419 0.6755 -0.3629
vn -0.4712 0.8170 -0.3324
vn -0.6753 0.6364 -0.3729
vn -0.6290 0.6727 -0.3898
vn -0.4310 0.8244 -0.3670
vn -0.6751 0.6366 -0.3728
vn -0.5656 0.7259 -0.3913
vn -0.6767 0.6327 -0.3767
vn -0.6659 0.6427 -0.3788
vn -0.5451 0.7449 -0.3848
vn -0.6738 0.6162 -0.4078
vn -0.6366 0.6686 -0.3844
vn -0.6208 0.1209 -0.7746
vn -0.6501 0.4395 -0.6198
vn -0.6423 0.6090 -0.4654
vn -0.5519 0.0438 -0.8328
vn -0.5650 0.0415 -0.8241
vn -0.1640 0.9294 -0.3307
vn -0.2888 0.8550 -0.4307
vn -0.0933 0.9350 -0.3423
vn -0.2174 0.8722 -0.4381
vn -0.0578 0.9242 -0.3775
vn -0.5287 0.7491 -0.3992
vn -0.3188 0.8726 -0.3700
vn -0.4480 0.7819 -0.4336
vn -0.2890 0.8710 -0.3973
vn -0.5811 0.0430 -0.8127
vn -0.5895 0.1093 -0.8004
vn -0.6760 0.3137 -0.6667
vn -0.5270 0.7270 -0.4402
vn -0.3646 0.0241 -0.9309
vn -0.4135 0.0249 -0.9101
vn -0.4308 0.0503 -0.9010
vn -0.4809 0.1514 -0.8636
vn -0.3929 0.5884 -0.7067
vn -0.0308 0.9372 -0.3474
vn -0.0535 0.9339 -0.3535
vn -0.0307 0.9374 -0.3470
vn -0.0929 0.9316 -0.3514
vn -0.1464 0.9006 -0.4093
vn -0.0844 0.9340 -0.3473
vn -0.0772 0.8648 -0.4962
vn -0.0912 -0.0082 -0.9958
vn -0.1140 -0.0041 -0.9935
vn -0.1031 0.0350 -0.9941
vn -0.0065 0.2227 -0.9749
vn 0.0720 0.6325 -0.7712
vn -0.0195 0.9350 -0.3542
vn 0.1363 0.8538 -0.5024
vn 0.0349 0.9257 -0.3766
vn 0.3790 0.5459 -0.7472
vn 0.2667 0.7178 -0.6431
vn 0.0458 -0.0127 -0.9989
vn 0.0488 -0.0013 -0.9988
vn 0.1373 0.1302 -0.9819
vn 0.2757 0.3445 -0.8974
vn 0.2668 0.5926 -0.7600
vn -0.0260 0.9361 -0.3508
vn 0.0342 0.9160 -0.3997
vn 0.2563 0.6787 -0.6883
vn 0.1124 0.8578 -0.5016
vn 0.3783 0.4769 -0.7933
vn 0.4126 0.5334 -0.7384
vn 0.3620 0.5852 -0.7255
vn 0.0457 -0.0124 -0.9989
vn 0.1103 0.0810 -0.9906
vn 0.2470 0.2739 -0.9295
vn 0.3225 0.4040 -0.8560
vn -0.0284 0.9376 -0.3465
vn -0.0272 0.9369 -0.3486
vn 0.0466 0.8988 -0.4359
vn -0.0220 0.9357 -0.3522
vn 0.3711 0.6370 -0.6756
vn 0.2057 0.8349 -0.5105
vn 0.4167 0.5363 -0.7340
vn 0.4049 0.5528 -0.7284
vn 0.2840 0.7588 -0.5861
vn 0.4092 0.5232 -0.7475
vn 0.4129 0.5413 -0.7325
vn 0.0892 0.0438 -0.9950
vn 0.1876 0.1846 -0.9647
vn 0.2942 0.3685 -0.8818
vn -0.0408 0.9365 -0.3482
vn -0.0106 0.9312 -0.3644
vn 0.1386 0.7869 -0.6013
vn 0.0369 0.9034 -0.4271
vn 0.4061 0.5585 -0.7233
vn 0.2850 0.7176 -0.6355
vn 0.4092 0.5337 -0.7401
vn 0.4104 0.5378 -0.7365
vn 0.4166 0.5363 -0.7340
vn 0.3969 0.5104 -0.7628
vn 0.1305 0.1255 -0.9835
vn 0.2623 0.3242 -0.9089
vn 0.3490 0.4347 -0.8302
vn -0.1512 0.9337 -0.3246
vn -0.3655 0.8797 -0.3042
vn -0.1627 0.8901 -0.4258
vn 0.1289 0.5761 -0.8071
vn 0.1327 0.6348 -0.7612
vn -0.0399 0.8059 -0.5907
vn 0.2938 0.5264 -0.7979
vn 0.2944 0.5662 -0.7699
vn 0.3451 0.6163 -0.7079
vn 0.4064 0.5238 -0.7487
vn 0.3944 0.5227 -0.7558
vn 0.3814 0.5493 -0.7435
vn 0.4007 0.5437 -0.7374
vn 0.3805 0.4872 -0.7861
vn 0.4142 0.5359 -0.7357
vn 0.4136 0.5327 -0.7383
vn 0.2150 0.2563 -0.9424
vn 0.3097 0.3949 -0.8650
vn -0.4774 0.8195 -0.3170
vn -0.6663 0.7052 -0.2424
vn -0.5281 0.7170 -0.4551
vn -0.6738 0.6391 -0.3708
vn -0.1130 0.5078 -0.8540
vn -0.3034 0.4918 -0.8161
vn -0.4135 0.6110 -0.6750
vn 0.1051 0.4591 -0.8822
vn 0.0745 0.3874 -0.9189
vn -0.1577 0.5066 -0.8476
vn -0.3985 0.4073 -0.8217
vn 0.3225 0.5020 -0.8025
vn 0.2535 0.5477 -0.7973
vn 0.3339 0.5014 -0.7982
vn 0.4000 0.5197 -0.7549
vn 0.4053 0.5381 -0.7390
vn 0.2881 0.3399 -0.8952
vn -0.7269 0.6568 -0.2008
vn -0.6266 0.5709 -0.5306
vn -0.7047 0.5797 -0.4091
vn -0.5042 0.4108 -0.7596
vn -0.5813 0.4607 -0.6707
vn -0.6086 0.5051 -0.6119
vn -0.1500 0.3777 -0.9137
vn -0.2583 0.2052 -0.9440
vn -0.3900 0.3050 -0.8688
vn -0.4622 0.3325 -0.8221
vn -0.4959 0.3656 -0.7877
vn 0.1938 0.4100 -0.8913
vn 0.1407 0.3961 -0.9073
vn -0.1362 0.3892 -0.9110
vn -0.3774 0.2091 -0.9021
vn -0.3940 0.2221 -0.8919
vn 0.3438 0.5285 -0.7762
vn 0.3349 0.5095 -0.7926
vn -0.4860 0.4527 -0.7476
vn -0.3952 0.5586 -0.7292
vn -0.3982 0.2788 -0.8739
vn -0.3549 0.3440 -0.8693
vn -0.3396 0.3724 -0.8637
vn -0.2966 0.4821 -0.8244
vn 0.0695 0.2522 -0.9652
vn -0.1195 0.2092 -0.9705
vn -0.2634 0.1707 -0.9495
vn -0.2990 0.1944 -0.9343
vn -0.3007 0.2258 -0.9266
vn -0.2660 0.3002 -0.9160
vn 0.2800 0.4660 -0.8393
vn -0.1398 0.5797 -0.8028
vn -0.1218 0.3580 -0.9257
vn -0.1272 0.4061 -0.9049
vn -0.1101 0.4800 -0.8703
vn -0.0117 0.0874 -0.9961
vn -0.0671 0.0984 -0.9929
vn -0.1004 0.1391 -0.9852
vn -0.1162 0.1928 -0.9743
vn -0.1118 0.2420 -0.9638
vn -0.0872 0.3021 -0.9493
vn -0.7630 0.6254 -0.1636
vn -0.6565 0.7519 -0.0597
vn -0.6784 0.6244 -0.3871
vn -0.5727 0.5862 -0.5731
vn -0.6198 0.7240 -0.3028
vn -0.4563 0.8778 -0.1459
vn -0.5074 0.6964 -0.5074
vn -0.4097 0.8151 -0.4097
vn -0.3867 0.6238 -0.6792
vn -0.1893 0.9635 -0.1894
vn -0.3028 0.7240 -0.6198
vn -0.1459 0.8778 -0.4563
vn -0.1526 0.6197 -0.7698
vn -0.0597 0.7519 -0.6565
vn 0.7537 -0.3474 0.5579
vn 0.7055 -0.1589 0.6907
vn 0.6290 -0.0593 0.7752
vn 0.6309 -0.0441 0.7746
vn 0.7000 0.0708 0.7106
vn 0.4627 -0.6832 0.5649
vn 0.2964 -0.7669 0.5692
vn 0.3241 -0.6894 0.6479
vn 0.2363 -0.8366 0.4942
vn 0.2750 -0.7457 0.6069
vn 0.2467 -0.9564 0.1561
vn 0.4041 -0.6362 0.6573
vn 0.3994 -0.8143 0.4211
vn 0.4958 -0.6996 0.5145
vn 0.4563 -0.8778 0.1459
vn 0.6198 -0.7240 0.3028
vn 0.5732 -0.5863 0.5724
vn 0.6792 -0.6238 0.3867
vn 0.6565 -0.7519 0.0597
vn 0.7698 -0.6197 0.1526
vn 0.7270 -0.5312 0.4352
vn 0.6994 -0.3486 0.6240
vn 0.6399 -0.1006 0.7619
vn 0.6312 -0.0465 0.7742
vn 0.6600 0.0163 0.7510
vn 0.7545 0.2499 0.6068
vn 0.6781 -0.6318 0.3755
vn 0.6904 -0.5707 0.4445
vn 0.7722 0.4514 0.4472
vn 0.6740 -0.6313 0.3837
vn 0.6283 -0.6175 0.4732
vn 0.6769 -0.5909 0.4389
vn 0.6853 -0.6174 0.3863
vn 0.5239 -0.6290 0.5744
vn 0.5991 -0.5599 0.5723
vn 0.4037 -0.6269 0.6664
vn 0.6890 -0.3598 0.6292
vn 0.6553 -0.1255 0.7448
vn 0.6295 -0.0405 0.7759
vn 0.6813 0.0787 0.7278
vn 0.7383 0.2858 0.6109
vn 0.6791 -0.6264 0.3827
vn 0.7006 -0.5402 0.4662
vn 0.7033 -0.2432 0.6680
vn 0.6593 -0.0264 0.7514
vn 0.7520 0.2128 0.6239
vn 0.7868 0.4367 0.4361
vn 0.6794 -0.6354 0.3670
vn 0.6779 -0.6372 0.3667
vn 0.7875 0.4520 0.4189
vn 0.6546 -0.5660 0.5012
vn 0.6954 -0.5975 0.3993
vn 0.7280 -0.6099 0.3131
vn 0.7821 0.3355 0.5251
vn 0.4607 -0.5496 0.6969
vn 0.5389 -0.4889 0.6860
vn 0.6437 -0.4822 0.5943
vn 0.4455 -0.5529 0.7042
vn 0.5365 -0.4797 0.6943
vn 0.6927 -0.5119 0.5080
vn 0.7196 -0.2987 0.6268
vn 0.7093 -0.0005 0.7050
vn 0.7627 0.3222 0.5609
vn 0.7741 0.4381 0.4569
vn 0.7371 -0.5990 0.3129
vn 0.7611 -0.4853 0.4304
vn 0.8000 0.0476 0.5980
vn 0.7869 0.4206 0.4516
vn 0.7687 0.4847 0.4172
vn 0.7348 -0.5189 0.4369
vn 0.7832 -0.5469 0.2957
vn 0.8506 -0.5077 0.1368
vn 0.8125 0.3955 0.4283
vn 0.7325 0.3197 0.6010
vn 0.6060 -0.4031 0.6858
vn 0.6634 -0.3825 0.6431
vn 0.7731 -0.3798 0.5080
vn 0.8703 -0.3962 0.2928
vn 0.7154 0.1316 0.6862
vn 0.6139 -0.4979 0.6125
vn 0.6501 -0.4100 0.6397
vn 0.6892 -0.3582 0.6298
vn 0.7292 -0.5586 0.3952
vn 0.7439 -0.4479 0.4960
vn 0.8028 -0.5797 0.1398
vn 0.8825 -0.3665 0.2948
vn 0.9494 0.0931 0.2998
vn 0.8955 0.3029 0.3260
vn 0.9408 -0.3346 0.0541
vn 0.9910 0.0074 0.1339
vn 0.9230 0.2054 0.3255
vn 0.8047 0.2098 0.5554
vn 0.7323 -0.3082 0.6072
vn 0.7677 -0.2662 0.5829
vn 0.8565 -0.2935 0.4246
vn 0.9096 -0.1163 0.3990
vn 0.8556 -0.0164 0.5173
vn 0.7593 0.0630 0.6477
vn 0.7745 -0.3497 0.5271
vn 0.7880 -0.3083 0.5330
vn 0.7992 -0.2612 0.5414
vn 0.8169 -0.1944 0.5431
vn 0.8374 -0.1349 0.5296
vn 0.8394 -0.0784 0.5378
vn 0.8134 -0.0081 0.5816
vn 0.8244 -0.4821 0.2966
vn 0.8635 -0.3715 0.3412
vn 0.8652 -0.3464 0.3625
vn 0.8583 -0.2925 0.4216
vn 0.8703 -0.4800 0.1101
vn 0.9049 -0.4062 0.1272
vn 0.9257 -0.3580 0.1218
vn 0.8650 -0.2259 0.4481
vn 0.8736 -0.1635 0.4583
vn 0.8782 -0.1260 0.4615
vn 0.8832 -0.0732 0.4632
vn 0.8858 -0.0245 0.4635
vn 0.9158 -0.3047 0.2618
vn 0.9272 -0.2354 0.2915
vn 0.9376 -0.1827 0.2959
vn 0.9423 -0.1306 0.3084
vn 0.9467 -0.0769 0.3129
vn 0.9489 -0.0255 0.3147
vn 0.9493 -0.3021 0.0872
vn 0.9639 -0.2437 0.1076
vn 0.9753 -0.1902 0.1124
vn 0.9850 -0.1335 0.1097
vn 0.9910 -0.0786 0.1080
vn 0.9939 -0.0263 0.1073
vn 0.7435 0.2826 0.6060
vn 0.7907 0.4498 0.4152
vn 0.7779 0.5117 0.3647
vn 0.7746 0.5078 0.3770
vn 0.7584 0.5112 0.4043
vn 0.7250 0.4878 0.4862
vn 0.7382 0.4527 0.5002
vn 0.6866 0.4303 0.5861
vn 0.6200 0.4310 0.6556
vn 0.5600 0.4324 0.7067
vn 0.4882 0.3399 0.8038
vn 0.4034 0.3357 0.8512
vn 0.2828 0.3189 0.9046
vn 0.1780 0.3193 0.9308
vn 0.1800 0.3694 0.9117
vn 0.1480 0.4148 0.8978
vn 0.1106 0.4802 0.8702
vn 0.1398 0.5797 0.8028
vn 0.7713 0.4972 0.3974
vn 0.7511 0.4077 0.5193
vn 0.6722 0.3491 0.6529
vn 0.5848 0.3471 0.7332
vn 0.7063 0.2647 0.6565
vn 0.5821 0.2232 0.7819
vn 0.4681 0.2444 0.8492
vn 0.3706 0.2236 0.9015
vn 0.3084 0.2400 0.9205
vn 0.2714 0.3148 0.9095
vn 0.4216 0.2925 0.8583
vn 0.3625 0.3464 0.8652
vn 0.3412 0.3715 0.8635
vn 0.2966 0.4821 0.8244
vn 0.4960 0.4479 0.7439
vn 0.3952 0.5586 0.7292
vn 0.6597 0.1611 0.7340
vn 0.5724 0.1235 0.8106
vn 0.5022 0.1611 0.8496
vn 0.4621 0.1612 0.8720
vn 0.4508 0.2266 0.8634
vn 0.6607 0.0717 0.7472
vn 0.6147 0.0815 0.7846
vn 0.5915 0.1388 0.7943
vn 0.5787 0.1866 0.7939
vn 0.5485 0.2579 0.7954
vn 0.5335 0.3079 0.7878
vn 0.5271 0.3497 0.7745
vn 0.6634 0.3462 0.6634
vn 0.6461 0.4065 0.6460
vn 0.6132 0.4980 0.6132
vn 0.7439 0.4479 0.4960
vn 0.7292 0.5586 0.3952
vn 0.8028 0.5797 0.1398
vn 0.7136 0.0414 0.6994
vn 0.7053 0.0737 0.7050
vn 0.7015 0.1256 0.7015
vn 0.6956 0.1796 0.6956
vn 0.6884 0.2282 0.6884
vn 0.6781 0.2833 0.6781
vn 0.7938 0.0264 0.6076
vn 0.7954 0.0796 0.6009
vn 0.7965 0.1353 0.5894
vn 0.7939 0.1866 0.5787
vn 0.7954 0.2579 0.5485
vn 0.7878 0.3079 0.5335
vn 0.7745 0.3497 0.5271
vn 0.8583 0.2925 0.4216
vn 0.8652 0.3464 0.3625
vn 0.8635 0.3715 0.3412
vn 0.8244 0.4821 0.2966
vn 0.9257 0.3580 0.1218
vn 0.9049 0.4062 0.1272
vn 0.8703 0.4800 0.1101
vn 0.8857 0.0248 0.4637
vn 0.8824 0.0739 0.4646
vn 0.8764 0.1260 0.4648
vn 0.8723 0.1638 0.4608
vn 0.8646 0.2253 0.4491
vn 0.9489 0.0255 0.3147
vn 0.9467 0.0769 0.3129
vn 0.9423 0.1306 0.3084
vn 0.9376 0.1827 0.2959
vn 0.9272 0.2354 0.2915
vn 0.9158 0.3047 0.2618
vn 0.9939 0.0263 0.1073
vn 0.9910 0.0786 0.1080
vn 0.9850 0.1335 0.1097
vn 0.9753 0.1902 0.1124
vn 0.9639 0.2437 0.1076
vn 0.9493 0.3021 0.0872
vn 0.1526 0.6197 0.7698
vn 0.0597 0.7519 0.6565
vn 0.3028 0.7240 0.6198
vn 0.1459 0.8778 0.4563
vn 0.1894 0.9635 0.1893
vn 0.3867 0.6238 0.6792
vn 0.5074 0.6964 0.5074
vn 0.4097 0.8151 0.4097
vn 0.6198 0.7240 0.3028
vn 0.4563 0.8778 0.1459
vn 0.5729 0.5861 0.5729
vn 0.6792 0.6238 0.3867
vn 0.7698 0.6197 0.1526
vn 0.6565 0.7519 0.0597
vn 0.1918 -0.9629 -0.1899
vn 0.1462 -0.8777 -0.4564
vn 0.3028 -0.7240 -0.6198
vn 0.0597 -0.7519 -0.6565
vn 0.1534 -0.6203 -0.7692
vn 0.4563 -0.8778 -0.1459
vn 0.6198 -0.7240 -0.3028
vn 0.4097 -0.8151 -0.4097
vn 0.5074 -0.6964 -0.5074
vn 0.3867 -0.6238 -0.6792
vn 0.6565 -0.7519 -0.0597
vn 0.7698 -0.6197 -0.1526
vn 0.6792 -0.6238 -0.3867
vn 0.5729 -0.5861 -0.5729
vn 0.1443 -0.5802 -0.8016
vn 0.1174 -0.4796 -0.8696
vn 0.1363 -0.4073 -0.9031
vn 0.1478 -0.3673 -0.9183
vn 0.1391 -0.3284 -0.9342
vn 0.2598 -0.3430 -0.9027
vn 0.4416 -0.3118 -0.8413
vn 0.5085 -0.1150 -0.8533
vn 0.3771 0.0530 -0.9247
vn 0.1604 0.0352 -0.9864
vn 0.5311 -0.3434 -0.7746
vn 0.5844 -0.0584 -0.8094
vn 0.4492 0.2096 -0.8685
vn 0.2168 0.1570 -0.9635
vn 0.3952 -0.5586 -0.7292
vn 0.4960 -0.4479 -0.7439
vn 0.2966 -0.4821 -0.8244
vn 0.3412 -0.3715 -0.8635
vn 0.3625 -0.3464 -0.8652
vn 0.4216 -0.2925 -0.8583
vn 0.2746 -0.3185 -0.9073
vn 0.3146 -0.2429 -0.9176
vn 0.3686 -0.1999 -0.9078
vn 0.4110 -0.1214 -0.9035
vn 0.3772 -0.0601 -0.9242
vn 0.3315 -0.0136 -0.9434
vn 0.8028 -0.5797 -0.1398
vn 0.7292 -0.5586 -0.3952
vn 0.7439 -0.4479 -0.4960
vn 0.6132 -0.4980 -0.6132
vn 0.6461 -0.4065 -0.6461
vn 0.6634 -0.3462 -0.6634
vn 0.5271 -0.3497 -0.7745
vn 0.5335 -0.3079 -0.7878
vn 0.5485 -0.2579 -0.7954
vn 0.5787 -0.1866 -0.7939
vn 0.5894 -0.1353 -0.7965
vn 0.6009 -0.0796 -0.7954
vn 0.6076 -0.0264 -0.7938
vn 0.4522 -0.2277 -0.8623
vn 0.4671 -0.1641 -0.8689
vn 0.4688 -0.1248 -0.8744
vn 0.4646 -0.0739 -0.8824
vn 0.4637 -0.0248 -0.8857
vn 0.8703 -0.4800 -0.1101
vn 0.9049 -0.4061 -0.1272
vn 0.9257 -0.3580 -0.1218
vn 0.8244 -0.4821 -0.2966
vn 0.8635 -0.3715 -0.3412
vn 0.8652 -0.3464 -0.3625
vn 0.8583 -0.2925 -0.4216
vn 0.7745 -0.3497 -0.5271
vn 0.7878 -0.3079 -0.5335
vn 0.7954 -0.2579 -0.5485
vn 0.7939 -0.1866 -0.5787
vn 0.7965 -0.1353 -0.5894
vn 0.7954 -0.0796 -0.6009
vn 0.7938 -0.0264 -0.6076
vn 0.6781 -0.2833 -0.6781
vn 0.6884 -0.2282 -0.6884
vn 0.6956 -0.1796 -0.6956
vn 0.7015 -0.1256 -0.7015
vn 0.7052 -0.0734 -0.7052
vn 0.7069 -0.0235 -0.7069
vn 0.9493 -0.3021 -0.0872
vn 0.9639 -0.2437 -0.1077
vn 0.9753 -0.1902 -0.1124
vn 0.9850 -0.1335 -0.1097
vn 0.9910 -0.0786 -0.1080
vn 0.9939 -0.0263 -0.1073
vn 0.9158 -0.3047 -0.2618
vn 0.9272 -0.2354 -0.2915
vn 0.9376 -0.1827 -0.2959
vn 0.9422 -0.1306 -0.3084
vn 0.9467 -0.0769 -0.3129
vn 0.9489 -0.0255 -0.3147
vn 0.8646 -0.2253 -0.4491
vn 0.8723 -0.1638 -0.4608
vn 0.8764 -0.1260 -0.4648
vn 0.8824 -0.0739 -0.4646
vn 0.8857 -0.0248 -0.4637
vn 0.1398 0.5797 -0.8028
vn 0.1218 0.3580 -0.9257
vn 0.1272 0.4061 -0.9049
vn 0.1101 0.4800 -0.8703
vn 0.1207 0.0437 -0.9917
vn 0.1080 0.0786 -0.9910
vn 0.1097 0.1335 -0.9850
vn 0.1124 0.1902 -0.9753
vn 0.1076 0.2437 -0.9639
vn 0.0872 0.3021 -0.9493
vn 0.4960 0.4479 -0.7439
vn 0.3952 0.5586 -0.7292
vn 0.4216 0.2925 -0.8583
vn 0.3625 0.3464 -0.8652
vn 0.3412 0.3715 -0.8635
vn 0.2966 0.4821 -0.8244
vn 0.3164 0.0272 -0.9482
vn 0.3129 0.0769 -0.9467
vn 0.3084 0.1306 -0.9423
vn 0.2959 0.1827 -0.9376
vn 0.2915 0.2354 -0.9272
vn 0.2618 0.3047 -0.9158
vn 0.8028 0.5797 -0.1398
vn 0.7439 0.4479 -0.4960
vn 0.7292 0.5586 -0.3952
vn 0.6634 0.3462 -0.6634
vn 0.6461 0.4065 -0.6461
vn 0.6132 0.4980 -0.6132
vn 0.6076 0.0264 -0.7938
vn 0.6009 0.0796 -0.7954
vn 0.5894 0.1353 -0.7965
vn 0.5787 0.1866 -0.7939
vn 0.5485 0.2579 -0.7954
vn 0.5335 0.3079 -0.7878
vn 0.5271 0.3497 -0.7745
vn 0.4637 0.0248 -0.8857
vn 0.4646 0.0739 -0.8824
vn 0.4648 0.1260 -0.8764
vn 0.4608 0.1638 -0.8723
vn 0.4491 0.2253 -0.8646
vn 0.9257 0.3580 -0.1218
vn 0.9049 0.4061 -0.1272
vn 0.8703 0.4800 -0.1101
vn 0.8583 0.2925 -0.4216
vn 0.8652 0.3464 -0.3625
vn 0.8635 0.3715 -0.3412
vn 0.8244 0.4821 -0.2966
vn 0.7938 0.0264 -0.6076
vn 0.7954 0.0796 -0.6009
vn 0.7965 0.1353 -0.5894
vn 0.7939 0.1866 -0.5787
vn 0.7954 0.2579 -0.5485
vn 0.7878 0.3079 -0.5335
vn 0.7745 0.3497 -0.5271
vn 0.7069 0.0235 -0.7069
vn 0.7052 0.0734 -0.7052
vn 0.7015 0.1256 -0.7015
vn 0.6956 0.1796 -0.6956
vn 0.6884 0.2282 -0.6884
vn 0.6781 0.2833 -0.6781
vn 0.9939 0.0263 -0.1073
vn 0.9910 0.0786 -0.1080
vn 0.9850 0.1335 -0.1097
vn 0.9753 0.1902 -0.1124
vn 0.9639 0.2437 -0.1077
vn 0.9493 0.3021 -0.0872
vn 0.9489 0.0255 -0.3147
vn 0.9467 0.0769 -0.3129
vn 0.9422 0.1306 -0.3084
vn 0.9376 0.1827 -0.2959
vn 0.9272 0.2354 -0.2915
vn 0.9158 0.3047 -0.2618
vn 0.8857 0.0248 -0.4637
vn 0.8824 0.0739 -0.4646
vn 0.8764 0.1260 -0.4648
vn 0.8723 0.1638 -0.4608
vn 0.8646 0.2253 -0.4491
vn 0.1894 0.9635 -0.1894
vn 0.3028 0.7240 -0.6198
vn 0.1459 0.8778 -0.4563
vn 0.1526 0.6197 -0.7698
vn 0.0597 0.7519 -0.6565
vn 0.6198 0.7240 -0.3028
vn 0.4563 0.8778 -0.1459
vn 0.5074 0.6964 -0.5074
vn 0.4097 0.8151 -0.4097
vn 0.3867 0.6238 -0.6792
vn 0.7698 0.6197 -0.1526
vn 0.6565 0.7519 -0.0597
vn 0.6792 0.6238 -0.3867
vn 0.5729 0.5861 -0.5729
s 1
f 4//4 1//1 2//2
f 8//8 6//6 9//9
f 13//13 7//7 8//8
f 13//13 9//9 14//14
f 15//15 11//11 16//16
f 17//17 11//11 12//12
f 17//17 13//13 18//18
f 19//19 13//13 14//14
f 2//2 18//18 19//19
f 20//20 17//17 21//21
f 22//22 17//17 18//18
f 22//22 1//1 3//3
f 23//23 2//2 19//19
f 28//28 25//25 29//29
f 32//30 26//26 27//27
f 33//31 27//27 28//28
f 33//31 29//29 34//32
f 37//26 30//26 31//26
f 38//33 31//26 32//30
f 38//33 33//31 39//34
f 40//35 33//31 34//32
f 6//6 39//34 40//35
f 43//38 35//26 36//26
f 43//38 37//26 44//26
f 44//26 38//33 45//39
f 46//40 38//33 39//34
f 46//40 7//7 45//39
f 46//40 5//5 8//8
f 47//41 6//6 40//35
f 49//43 41//36 42//37
f 49//43 43//38 50//44
f 51//45 43//38 44//26
f 51//45 10//10 50//44
f 52//26 44//26 45//39
f 52//26 11//11 51//45
f 52//26 7//7 12//12
f 53//46 49//43 54//47
f 54//47 50//44 55//48
f 55//48 10//10 15//15
f 56//49 15//15 16//16
f 57//50 55//48 58//51
f 58//51 56//49 59//52
f 20//20 56//49 16//16
f 68//59 65//56 66//57
f 68//59 63//54 67//58
f 68//59 62//53 64//55
f 71//62 65//56 70//61
f 72//63 65//56 67//58
f 78//69 73//64 74//65
f 78//69 75//66 79//70
f 82//73 76//67 77//68
f 83//74 77//68 78//69
f 84//75 78//69 79//70
f 90//81 85//76 86//77
f 90//81 73//64 89//80
f 90//81 87//78 91//82
f 75//66 90//81 91//82
f 95//86 88//79 89//80
f 95//86 76//67 94//85
f 95//86 73//64 77//68
f 96//87 75//66 91//82
f 99//90 92//83 93//84
f 100//91 93//84 94//85
f 100//91 80//71 99//90
f 100//91 76//67 81//72
f 103//94 85//76 102//93
f 87//78 103//94 104//95
f 107//97 101//92 102//93
f 107//97 88//79 106//96
f 107//97 85//76 89//80
f 108//98 87//78 104//95
f 110//100 92//83 109//99
f 111//101 105//53 106//96
f 111//101 93//84 110//100
f 111//101 88//79 94//85
f 114//104 97//88 113//103
f 114//104 92//83 98//89
f 116//106 101//92 115//105
f 117//107 102//93 116//106
f 118//108 103//94 117//107
f 121//109 105//53 120//53
f 121//109 101//92 106//96
f 124//53 119//53 120//53
f 124//53 109//99 123//53
f 124//53 105//53 110//100
f 126//53 112//102 125//53
f 127//53 122//53 123//53
f 127//53 113//103 126//53
f 127//53 109//99 114//104
f 130//112 115//105 129//111
f 117//107 130//112 131//113
f 132//114 117//107 131//113
f 135//115 119//53 134//53
f 136//116 128//110 129//111
f 136//116 120//53 135//115
f 136//116 115//105 121//109
f 139//53 133//53 134//53
f 139//53 122//53 138//53
f 139//53 119//53 123//53
f 140//53 60//53 61//53
f 141//53 137//53 138//53
f 141//53 125//53 140//53
f 141//53 122//53 126//53
f 144//119 128//110 143//118
f 130//112 144//119 145//120
f 146//121 130//112 145//120
f 147//122 131//113 146//121
f 149//53 133//53 148//53
f 150//123 142//117 143//118
f 150//123 134//53 149//53
f 150//123 128//110 135//115
f 152//53 137//53 151//53
f 152//53 133//53 138//53
f 153//53 62//53 151//53
f 153//53 61//53 64//55
f 153//53 137//53 140//53
f 156//126 142//117 155//125
f 144//119 156//126 157//127
f 145//120 157//127 158//128
f 159//128 145//120 158//128
f 160//129 146//121 159//128
f 163//130 154//124 155//125
f 163//130 148//53 162//53
f 163//130 142//117 149//53
f 164//53 62//53 66//57
f 165//53 161//53 162//53
f 165//53 151//53 164//53
f 165//53 148//53 152//53
f 168//133 154//124 167//132
f 156//126 168//133 169//134
f 157//127 169//134 170//135
f 171//128 157//127 170//135
f 172//128 158//128 171//128
f 173//128 159//128 172//128
f 175//136 166//131 167//132
f 175//136 161//53 174//53
f 175//136 154//124 162//53
f 176//137 69//60 174//53
f 176//137 66//57 71//62
f 176//137 161//53 164//53
f 184//145 180//141 181//142
f 186//147 182//143 183//144
f 186//147 184//145 187//148
f 188//149 186//147 189//150
f 190//151 186//147 187//148
f 190//151 177//138 178//139
f 191//152 190//151 192//153
f 179//140 190//151 178//139
f 193//154 192//153 194//155
f 199//159 180//141 198//158
f 201//161 197//157 198//158
f 201//161 182//143 200//160
f 201//161 180//141 183//144
f 203//163 182//143 185//146
f 204//164 203//163 205//165
f 188//149 203//163 185//146
f 206//166 188//149 189//150
f 207//167 206//166 208//168
f 191//152 206//166 189//150
f 209//169 208//168 210//170
f 193//154 208//168 191//152
f 211//171 193//154 194//155
f 212//172 211//171 213//173
f 195//155 211//171 194//155
f 217//176 197//157 216//175
f 218//177 214//174 215//53
f 218//177 198//158 217//176
f 218//177 196//156 199//159
f 219//178 197//157 200//160
f 221//180 202//162 220//179
f 221//180 200//160 203//163
f 204//164 220//179 202//162
f 223//182 204//164 205//165
f 207//167 223//182 205//165
f 209//169 224//183 207//167
f 226//185 209//169 210//170
f 227//186 226//185 228//187
f 212//172 226//185 210//170
f 231//190 214//174 230//189
f 231//190 60//53 215//53
f 233//192 229//188 230//189
f 233//192 216//175 232//191
f 233//192 214//174 217//176
f 234//193 216//175 219//178
f 221//180 235//194 236//195
f 236//195 219//178 221//180
f 222//181 235//194 220//179
f 238//197 222//181 223//182
f 239//198 238//197 240//199
f 224//183 238//197 223//182
f 241//200 224//183 225//184
f 227//186 241//200 225//184
f 243//201 227//186 228//187
f 245//203 229//188 244//202
f 246//204 63//54 64//55
f 246//204 230//189 245//203
f 246//204 61//53 231//190
f 247//205 229//188 232//191
f 248//206 232//191 234//193
f 250//208 235//194 249//207
f 236//195 248//206 234//193
f 237//196 249//207 235//194
f 239//198 251//209 237//196
f 253//200 239//198 240//199
f 241//200 253//200 240//199
f 255//200 241//200 242//200
f 257//212 244//202 256//211
f 257//212 63//54 245//203
f 258//213 244//202 247//205
f 259//214 247//205 248//206
f 261//214 249//207 260//215
f 250//208 259//214 248//206
f 251//209 260//215 249//207
f 252//210 262//216 251//209
f 264//218 252//210 253//200
f 265//219 264//218 266//200
f 254//200 264//218 253//200
f 267//200 254//200 255//200
f 257//212 268//220 269//221
f 257//212 72//63 67//58
f 258//213 268//220 256//211
f 271//214 268//220 270//214
f 272//214 258//213 259//214
f 274//214 260//215 273//222
f 261//214 272//214 259//214
f 262//216 273//222 260//215
f 276//224 262//216 263//217
f 265//219 276//224 263//217
f 278//200 265//219 266//200
f 279//200 278//200 280//200
f 267//200 278//200 266//200
f 283//26 80//71 81//72
f 283//26 82//73 284//227
f 284//227 83//74 285//228
f 286//229 83//74 84//75
f 25//25 285//228 286//229
f 289//26 281//226 282//26
f 289//26 283//26 290//26
f 291//230 283//26 284//227
f 291//230 26//26 290//26
f 292//231 284//227 285//228
f 292//231 27//27 291//230
f 292//231 24//24 28//28
f 293//232 25//25 286//229
f 296//26 287//26 288//26
f 296//26 289//26 297//26
f 298//26 289//26 290//26
f 298//26 30//26 297//26
f 298//26 26//26 31//26
f 300//234 294//26 295//26
f 300//234 296//26 301//26
f 302//26 296//26 297//26
f 302//26 35//26 301//26
f 302//26 30//26 36//26
f 303//235 177//138 299//233
f 303//235 300//234 304//236
f 305//26 300//234 301//26
f 305//26 41//36 304//236
f 305//26 35//26 42//37
f 179//140 303//235 306//237
f 307//238 303//235 304//236
f 307//238 41//36 48//42
f 308//239 307//238 309//240
f 53//46 307//238 48//42
f 310//241 53//46 54//47
f 311//155 309//240 312//155
f 312//155 310//241 313//155
f 57//50 310//241 54//47
f 314//155 57//50 58//51
f 317//244 97//88 98//89
f 318//245 98//89 99//90
f 318//245 281//226 317//244
f 318//245 80//71 282//26
f 320//247 315//242 316//243
f 321//248 316//243 317//244
f 321//248 287//26 320//247
f 321//248 281//226 288//26
f 184//145 319//246 322//249
f 323//250 319//246 320//247
f 323//250 294//26 322//249
f 323//250 287//26 295//26
f 324//251 184//145 322//249
f 324//251 177//138 187//148
f 324//251 294//26 299//233
f 325//252 179//140 306//237
f 194//155 325//252 326//155
f 308//239 325//252 306//237
f 195//155 326//155 327//155
f 311//155 326//155 308//239
f 328//155 311//155 312//155
f 330//254 112//102 113//103
f 330//254 315//242 329//253
f 330//254 97//88 316//243
f 331//255 196//156 329//253
f 331//255 181//142 199//159
f 331//255 315//242 319//246
f 332//155 195//155 327//155
f 333//256 60//53 125//53
f 333//256 196//156 215//53
f 333//256 112//102 329//253
f 336//259 70//61 335//258
f 336//259 69//60 71//62
f 337//260 70//61 72//63
f 341//264 335//258 340//263
f 341//264 334//257 336//259
f 342//265 335//258 337//260
f 344//267 338//261 339//262
f 346//269 340//263 345//268
f 341//264 344//267 339//262
f 342//265 345//268 340//263
f 344//267 348//271 343//266
f 346//269 350//273 351//274
f 346//269 349//272 344//267
f 347//270 350//273 345//268
f 353//276 350//273 352//275
f 351//274 354//277 349//272
f 353//276 356//279 357//280
f 353//276 355//278 351//274
f 360//283 166//131 359//282
f 168//133 360//283 361//284
f 169//134 361//284 362//285
f 363//286 169//134 362//285
f 364//128 170//135 363//286
f 365//128 171//128 364//128
f 366//128 172//128 365//128
f 367//287 69//60 334//257
f 367//287 166//131 174//53
f 369//289 359//282 368//288
f 361//284 369//289 370//290
f 371//291 361//284 370//290
f 372//128 362//285 371//291
f 373//128 363//286 372//128
f 374//128 364//128 373//128
f 375//128 365//128 374//128
f 376//292 338//261 368//288
f 376//292 334//257 339//262
f 376//292 359//282 367//287
f 377//293 338//261 343//266
f 369//289 377//293 378//294
f 370//290 378//294 379//295
f 380//296 370//290 379//295
f 381//297 371//291 380//296
f 382//298 372//128 381//297
f 383//299 373//128 382//298
f 384//300 374//128 383//299
f 377//293 348//271 385//301
f 386//302 377//293 385//301
f 387//303 378//294 386//302
f 388//304 379//295 387//303
f 389//305 380//296 388//304
f 390//306 381//297 389//305
f 391//307 382//298 390//306
f 392//308 383//299 391//307
f 393//309 348//271 349//272
f 386//302 394//310 395//311
f 396//312 386//302 395//311
f 388//304 396//312 397//313
f 389//305 397//313 398//314
f 390//306 398//314 399//315
f 391//307 399//315 400//316
f 392//308 400//316 401//317
f 393//309 354//277 402//318
f 393//309 394//310 385//301
f 403//319 394//310 402//318
f 404//320 395//311 403//319
f 404//320 397//313 396//312
f 405//321 398//314 397//313
f 406//321 399//315 398//314
f 407//321 400//316 399//315
f 408//321 401//317 400//316
f 410//322 354//277 355//278
f 411//281 355//278 357//280
f 403//319 412//323 413//324
f 414//325 403//319 413//324
f 405//321 414//325 415//326
f 406//321 415//326 416//321
f 407//321 416//321 417//321
f 408//321 417//321 418//321
f 419//321 408//321 418//321
f 410//322 412//323 402//318
f 420//327 413//324 412//323
f 422//329 413//324 421//328
f 422//329 415//326 414//325
f 423//330 416//321 415//326
f 424//321 417//321 416//321
f 426//321 417//321 425//321
f 411//281 358//281 427//281
f 411//281 420//327 410//322
f 428//331 420//327 427//281
f 419//321 429//321 430//321
f 422//329 431//332 432//333
f 423//330 432//333 433//334
f 434//321 423//330 433//334
f 435//321 424//321 434//321
f 426//321 435//321 436//321
f 426//321 429//321 418//321
f 437//321 429//321 436//321
f 428//331 438//281 439//335
f 428//331 431//332 421//328
f 440//336 431//332 439//335
f 441//337 432//333 440//336
f 434//321 442//338 443//321
f 444//321 434//321 443//321
f 445//321 435//321 444//321
f 437//321 445//321 446//339
f 440//336 447//340 448//341
f 441//337 448//341 449//342
f 441//337 442//338 433//334
f 450//343 442//338 449//342
f 450//343 444//321 443//321
f 451//321 445//321 444//321
f 452//321 446//339 445//321
f 454//345 72//63 269//221
f 271//214 455//214 456//214
f 271//214 454//345 269//221
f 272//214 455//214 270//214
f 459//214 273//222 458//346
f 274//214 457//214 272//214
f 275//223 458//346 273//222
f 276//224 460//347 275//223
f 277//225 461//348 276//224
f 279//200 462//349 277//225
f 464//200 279//200 280//200
f 465//214 337//260 454//345
f 467//214 455//214 466//214
f 456//214 465//214 454//345
f 457//214 466//214 455//214
f 470//214 458//346 469//214
f 459//214 468//214 457//214
f 460//347 469//214 458//346
f 461//348 471//351 460//347
f 473//353 461//348 462//349
f 463//350 473//353 462//349
f 475//200 463//350 464//200
f 476//355 342//265 465//214
f 478//357 466//214 477//356
f 467//214 476//355 465//214
f 468//214 477//356 466//214
f 481//214 469//214 480//214
f 470//214 479//214 468//214
f 471//351 480//214 469//214
f 483//359 471//351 472//352
f 473//353 483//359 472//352
f 485//361 473//353 474//354
f 486//362 347//270 476//355
f 488//364 477//356 487//363
f 488//364 476//355 478//357
f 479//214 487//363 477//356
f 481//214 490//214 491//366
f 481//214 489//365 479//214
f 482//358 490//214 480//214
f 493//368 490//214 492//367
f 494//369 482//358 483//359
f 484//360 494//369 483//359
f 496//371 484//360 485//361
f 486//362 356//279 352//275
f 498//373 356//279 497//372
f 488//364 499//374 500//375
f 488//364 497//372 486//362
f 501//376 497//372 500//375
f 489//365 499//374 487//363
f 503//378 499//374 502//377
f 504//379 489//365 491//366
f 493//368 505//380 506//381
f 493//368 504//379 491//366
f 494//369 505//380 492//367
f 495//370 507//382 494//369
f 510//385 509//384 511//386
f 511//386 495//370 496//371
f 498//373 358//281 357//280
f 501//376 513//387 514//281
f 501//376 512//281 498//373
f 503//378 515//388 516//389
f 503//378 513//387 500//375
f 517//281 513//387 516//389
f 504//379 515//388 502//377
f 519//281 515//388 518//390
f 520//281 516//389 519//281
f 506//381 521//391 522//392
f 506//381 518//390 504//379
f 523//281 518//390 522//392
f 507//382 521//391 505//380
f 525//394 521//391 524//393
f 509//384 526//395 527//396
f 527//396 507//382 509//384
f 528//397 524//393 527//396
f 529//398 508//383 510//385
f 529//398 527//396 526//395
f 511//386 529//398 510//385
f 531//400 527//396 530//399
f 517//281 532//281 514//281
f 520//281 534//281 535//401
f 520//281 533//281 517//281
f 523//281 536//402 537//403
f 523//281 534//281 519//281
f 538//404 534//281 537//403
f 525//394 536//402 522//392
f 540//406 536//402 539//405
f 541//407 525//394 528//397
f 542//408 539//405 541//407
f 543//409 528//397 531//400
f 543//409 542//408 541//407
f 538//404 546//412 547//413
f 538//404 545//411 535//401
f 540//406 546//412 537//403
f 549//415 546//412 548//414
f 550//416 540//406 542//408
f 551//417 542//408 544//410
f 552//281 358//281 512//281
f 553//281 512//281 514//281
f 552//281 438//281 427//281
f 555//281 438//281 554//281
f 553//281 532//281 556//281
f 553//281 554//281 552//281
f 557//281 554//281 556//281
f 558//281 532//281 533//281
f 559//418 533//281 535//401
f 555//281 447//340 439//335
f 561//419 447//340 560//281
f 557//281 562//281 563//281
f 557//281 560//281 555//281
f 564//420 560//281 563//281
f 558//281 562//281 556//281
f 566//422 562//281 565//421
f 559//418 545//411 567//423
f 559//418 565//421 558//281
f 568//424 565//421 567//423
f 569//425 545//411 547//413
f 14//14 570//426 571//427
f 19//19 571//427 572//428
f 23//23 572//428 574//430
f 575//431 572//428 573//429
f 34//32 576//432 577//433
f 40//35 577//433 578//434
f 47//41 578//434 580//435
f 570//426 47//41 580//435
f 580//435 579//435 581//435
f 583//437 570//426 580//435
f 583//437 581//435 584//438
f 584//438 582//436 585//439
f 586//440 571//427 583//437
f 586//440 584//438 587//441
f 573//429 586//440 587//441
f 588//442 584//438 585//439
f 575//431 589//443 574//430
f 575//431 587//441 590//444
f 591//445 587//441 588//442
f 84//75 592//446 593//447
f 96//87 594//448 595//449
f 592//446 96//87 595//449
f 598//452 592//446 595//449
f 598//452 596//450 599//453
f 599//453 597//451 600//454
f 108//98 601//455 602//456
f 594//448 108//98 602//456
f 604//458 594//448 602//456
f 604//458 603//457 605//459
f 596//450 604//458 605//459
f 606//460 596//450 605//459
f 600//454 606//460 607//461
f 601//455 118//108 609//463
f 610//464 601//455 609//463
f 603//457 610//464 611//465
f 612//466 603//457 611//465
f 606//460 612//466 613//467
f 615//468 606//460 613//467
f 615//468 614//465 616//469
f 608//462 615//468 616//469
f 609//463 132//114 618//471
f 620//473 609//463 618//471
f 620//473 619//472 621//474
f 611//465 620//473 621//474
f 623//465 611//465 621//474
f 623//465 622//465 624//465
f 613//467 623//465 624//465
f 614//465 624//465 625//465
f 626//465 614//465 625//465
f 617//470 626//465 627//465
f 628//475 132//114 147//122
f 619//472 628//475 629//476
f 630//477 619//472 629//476
f 622//465 630//477 631//465
f 633//465 622//465 631//465
f 633//465 632//465 634//465
f 625//465 633//465 634//465
f 636//465 625//465 634//465
f 636//465 635//465 637//465
f 627//465 636//465 637//465
f 639//478 147//122 160//129
f 629//476 639//478 640//479
f 642//481 629//476 640//479
f 642//481 641//480 643//465
f 631//465 642//481 643//465
f 632//465 643//465 644//465
f 645//465 632//465 644//465
f 635//465 645//465 646//465
f 647//465 635//465 646//465
f 638//465 647//465 648//482
f 649//483 160//129 173//128
f 650//484 639//478 649//483
f 641//480 650//484 651//485
f 652//486 641//480 651//485
f 644//465 652//486 653//465
f 655//465 644//465 653//465
f 655//465 654//465 656//465
f 646//465 655//465 656//465
f 658//488 646//465 656//465
f 658//488 657//487 659//489
f 648//482 658//488 659//489
f 286//229 593//447 661//435
f 293//232 661//435 663//435
f 576//432 293//232 663//435
f 663//435 662//435 664//435
f 666//435 576//432 663//435
f 666//435 664//435 667//435
f 667//435 665//435 668//435
f 669//435 577//433 666//435
f 669//435 667//435 670//435
f 579//435 669//435 670//435
f 670//435 668//435 671//435
f 673//435 579//435 670//435
f 673//435 671//435 674//491
f 582//436 673//435 674//491
f 674//491 672//435 675//492
f 677//494 582//436 674//491
f 677//494 675//492 678//495
f 678//495 676//493 679//496
f 588//442 677//494 680//497
f 680//497 678//495 681//498
f 682//499 678//495 679//496
f 591//445 683//500 590//444
f 591//445 680//497 684//501
f 685//502 680//497 681//498
f 686//435 593//447 598//452
f 686//435 599//453 687//503
f 662//435 686//435 687//503
f 687//503 600//454 688//504
f 690//435 662//435 687//503
f 690//435 688//504 691//435
f 665//435 690//435 691//435
f 691//435 689//505 692//435
f 694//435 665//435 691//435
f 694//435 692//435 695//435
f 695//435 693//506 696//435
f 697//435 668//435 694//435
f 697//435 695//435 698//435
f 672//435 697//435 698//435
f 698//435 696//435 699//507
f 701//509 672//435 698//435
f 701//509 699//507 702//510
f 676//493 701//509 702//510
f 702//510 700//508 703//511
f 704//512 676//493 702//510
f 705//513 702//510 703//511
f 682//499 706//514 681//498
f 682//499 704//512 707//515
f 708//516 704//512 705//513
f 685//502 709//500 684//501
f 685//502 706//514 710//500
f 711//500 706//514 707//515
f 712//517 600//454 607//461
f 712//517 608//462 713//518
f 689//505 712//517 713//518
f 716//521 689//505 713//518
f 716//521 714//519 717//522
f 693//506 716//521 717//522
f 718//523 714//519 715//520
f 719//524 693//506 717//522
f 719//524 718//523 720//525
f 722//435 696//435 719//524
f 722//435 720//525 723//527
f 700//508 722//435 723//527
f 723//527 721//526 724//528
f 726//530 700//508 723//527
f 726//530 724//528 727//531
f 728//532 724//528 725//529
f 729//533 703//511 726//530
f 730//534 726//530 727//531
f 708//516 731//500 707//515
f 708//516 729//533 732//500
f 733//500 729//533 730//534
f 711//500 734//500 710//500
f 711//500 731//500 735//500
f 736//500 731//500 732//500
f 737//535 608//462 616//469
f 737//535 617//470 738//536
f 714//519 737//535 738//536
f 739//537 714//519 738//536
f 718//523 739//537 740//538
f 742//540 718//523 740//538
f 742//540 741//539 743//541
f 721//526 742//540 743//541
f 745//543 721//526 743//541
f 745//543 744//542 746//544
f 725//529 745//543 746//544
f 728//532 747//545 727//531
f 748//546 725//529 746//544
f 730//534 747//545 749//547
f 750//548 747//545 748//546
f 733//500 751//500 732//500
f 733//500 749//547 752//549
f 753//550 749//547 750//548
f 736//500 754//500 735//500
f 736//500 751//500 755//500
f 756//551 751//500 752//549
f 757//552 617//470 627//465
f 739//537 757//552 758//465
f 760//554 739//537 758//465
f 760//554 759//553 761//555
f 741//539 760//554 761//555
f 763//557 741//539 761//555
f 763//557 762//556 764//558
f 744//542 763//557 764//558
f 765//559 744//542 764//558
f 750//548 766//560 767//561
f 753//550 768//562 752//549
f 753//550 767//561 769//563
f 756//551 768//562 770//564
f 771//565 768//562 769//563
f 772//465 627//465 637//465
f 772//465 638//465 773//465
f 758//465 772//465 773//465
f 759//553 773//465 774//566
f 775//567 759//553 774//566
f 762//556 775//567 776//568
f 777//569 762//556 776//568
f 765//559 777//569 778//570
f 780//572 766//560 779//571
f 781//573 767//561 780//572
f 771//565 782//574 770//564
f 771//565 781//573 783//575
f 784//576 638//465 648//482
f 774//566 784//576 785//577
f 775//567 785//577 786//578
f 776//568 786//578 787//579
f 788//580 776//568 787//579
f 778//570 788//580 789//581
f 791//583 779//571 790//582
f 792//584 780//572 791//583
f 794//584 782//574 783//575
f 783//575 792//584 794//584
f 795//585 648//482 659//489
f 795//585 660//490 796//586
f 785//577 795//585 796//586
f 786//578 796//586 797//587
f 798//588 786//578 797//587
f 799//589 798//588 797//587
f 788//580 798//588 800//590
f 801//591 788//580 800//590
f 802//592 789//581 801//591
f 791//583 802//592 803//593
f 804//584 791//583 803//593
f 806//584 793//584 794//584
f 794//584 804//584 806//584
f 808//595 746//544 807//594
f 807//594 765//559 809//596
f 808//595 766//560 748//546
f 810//597 807//594 809//596
f 809//596 778//570 811//598
f 810//597 779//571 766//560
f 810//597 811//598 812//599
f 813//600 778//570 789//581
f 790//582 813//600 789//581
f 814//601 779//571 812//599
f 812//599 813//600 814//601
f 815//602 173//128 366//128
f 816//603 649//483 815//602
f 651//485 816//603 817//604
f 819//606 651//485 817//604
f 819//606 818//605 820//465
f 653//465 819//606 820//465
f 654//465 820//465 821//607
f 822//608 654//465 821//607
f 657//487 822//608 823//609
f 824//610 657//487 823//609
f 660//490 824//610 825//611
f 826//128 366//128 375//128
f 827//612 815//602 826//128
f 828//613 816//603 827//612
f 818//605 828//613 829//614
f 830//615 818//605 829//614
f 821//607 830//615 831//616
f 833//618 821//607 831//616
f 833//618 832//617 834//619
f 823//609 833//618 834//619
f 835//620 823//609 834//619
f 836//621 375//128 384//300
f 837//622 826//128 836//621
f 838//623 827//612 837//622
f 829//614 838//623 839//624
f 841//626 829//614 839//624
f 841//626 840//625 842//627
f 831//616 841//626 842//627
f 843//628 831//616 842//627
f 844//629 843//628 842//627
f 845//630 832//617 843//628
f 846//631 834//619 845//630
f 847//632 384//300 392//308
f 848//633 836//621 847//632
f 849//634 837//622 848//633
f 850//635 838//623 849//634
f 840//625 850//635 851//636
f 852//637 840//625 851//636
f 844//629 852//637 853//638
f 854//590 844//629 853//638
f 855//639 854//590 853//638
f 846//631 854//590 856//640
f 847//632 401//317 857//641
f 848//633 857//641 858//642
f 859//643 848//633 858//642
f 850//635 859//643 860//644
f 861//645 850//635 860//644
f 409//321 857//641 401//317
f 863//321 857//641 862//321
f 864//646 861//645 860//644
f 852//637 861//645 865//647
f 866//648 865//647 864//646
f 853//638 865//647 867//649
f 855//639 867//649 868//650
f 869//651 855//639 868//650
f 859//643 870//652 871//653
f 872//654 859//643 871//653
f 873//655 409//321 419//321
f 863//321 873//655 874//656
f 863//321 870//652 858//642
f 875//657 870//652 874//656
f 876//658 871//653 875//657
f 864//646 872//654 876//658
f 877//659 876//658 875//657
f 866//648 876//658 878//660
f 879//661 866//648 878//660
f 880//662 879//661 878//660
f 868//650 879//661 881//663
f 882//664 868//650 881//663
f 883//665 419//321 430//321
f 884//666 873//655 883//665
f 885//667 874//656 884//666
f 437//321 883//665 430//321
f 886//668 884//666 883//665
f 887//669 885//667 884//666
f 877//659 885//667 888//670
f 889//671 877//659 888//670
f 890//672 888//670 887//669
f 891//673 889//671 888//670
f 880//662 889//671 892//674
f 886//668 446//339 893//675
f 894//676 886//668 893//675
f 453//344 893//675 446//339
f 895//677 894//676 893//675
f 890//672 894//676 896//678
f 897//679 890//672 896//678
f 898//680 825//611 824//610
f 899//681 660//490 825//611
f 900//682 796//586 899//681
f 799//589 900//682 901//590
f 902//590 799//589 901//590
f 801//591 902//590 903//683
f 904//684 801//591 903//683
f 803//593 904//684 905//685
f 906//686 803//593 905//685
f 908//584 805//584 806//584
f 806//584 906//686 908//584
f 898//680 835//620 909//687
f 910//590 898//680 909//687
f 900//682 910//590 911//590
f 901//590 911//590 912//590
f 913//590 901//590 912//590
f 914//590 913//590 912//590
f 903//683 913//590 915//590
f 916//688 903//683 915//590
f 917//689 904//684 916//688
f 906//686 917//689 918//690
f 920//692 907//584 908//584
f 908//584 918//690 920//692
f 909//687 846//631 921//590
f 922//590 909//687 921//590
f 923//590 922//590 921//590
f 911//590 922//590 924//590
f 925//590 911//590 924//590
f 914//590 925//590 926//590
f 927//590 914//590 926//590
f 928//590 927//590 926//590
f 916//688 927//590 929//693
f 930//694 916//688 929//693
f 918//690 930//694 931//695
f 933//697 919//691 920//692
f 920//692 931//695 933//697
f 934//698 846//631 856//640
f 923//590 934//698 935//590
f 936//590 923//590 935//590
f 925//590 936//590 937//590
f 938//590 925//590 937//590
f 928//590 938//590 939//699
f 940//700 928//590 939//699
f 930//694 940//700 941//701
f 931//695 941//701 942//702
f 933//697 943//703 932//696
f 933//697 942//702 944//704
f 934//698 869//651 945//705
f 935//590 945//705 946//706
f 947//590 935//590 946//706
f 948//707 947//590 946//706
f 937//590 947//590 949//708
f 950//709 937//590 949//708
f 939//699 950//709 951//710
f 952//711 939//699 951//710
f 953//712 952//711 951//710
f 941//701 952//711 954//713
f 955//714 941//701 954//713
f 956//715 942//702 955//714
f 957//716 881//663 880//662
f 958//717 882//664 881//663
f 945//705 882//664 959//718
f 960//719 959//718 958//717
f 946//706 959//718 961//720
f 948//707 961//720 962//721
f 963//722 948//707 962//721
f 964//723 963//722 962//721
f 950//709 963//722 965//724
f 966//725 950//709 965//724
f 953//712 966//725 968//727
f 968//727 967//726 969//728
f 954//713 968//727 969//728
f 970//729 954//713 969//728
f 971//730 955//714 970//729
f 972//674 892//674 891//673
f 957//716 892//674 973//674
f 974//731 957//716 973//674
f 975//674 973//674 972//674
f 976//732 974//731 973//674
f 960//719 974//731 977//733
f 978//734 960//719 977//733
f 979//735 977//733 976//732
f 980//736 978//734 977//733
f 962//721 978//734 981//737
f 982//738 981//737 980//736
f 964//723 981//737 983//739
f 984//740 964//723 983//739
f 985//741 984//740 983//739
f 986//742 965//724 984//740
f 987//743 966//725 986//742
f 988//744 967//726 987//743
f 989//745 896//678 895//677
f 990//746 897//679 896//678
f 972//674 897//679 991//674
f 992//747 991//674 990//746
f 975//674 991//674 993//748
f 994//749 975//674 993//748
f 995//750 994//749 993//748
f 979//735 994//749 996//751
f 997//752 979//735 996//751
f 998//753 997//752 996//751
f 982//738 997//752 999//754
f 1000//755 982//738 999//754
f 985//741 1000//755 1001//756
f 1002//757 985//741 1001//756
f 987//743 1002//757 1003//758
f 988//744 1003//758 1004//759
f 970//729 1005//760 1006//761
f 971//730 1006//761 1007//762
f 1005//760 988//744 1009//764
f 1010//765 1005//760 1009//764
f 1012//767 1006//761 1010//765
f 1012//767 1011//766 1013//768
f 1008//763 1012//767 1013//768
f 1009//764 1004//759 1014//769
f 1016//771 1009//764 1014//769
f 1016//771 1015//770 1017//772
f 1011//766 1016//771 1017//772
f 1018//773 1011//766 1017//772
f 1019//774 4//4 1020//775
f 1021//776 21//21 1022//777
f 1022//777 22//22 1023//778
f 1019//774 22//22 3//3
f 1020//775 1023//778 1019//774
f 1020//775 23//23 1024//779
f 1025//780 1023//778 1026//781
f 1026//781 1024//779 1027//782
f 1028//155 59//52 1029//783
f 1021//776 59//52 20//20
f 1030//784 1021//776 1022//777
f 1031//785 1029//783 1032//786
f 1032//786 1030//784 1033//787
f 1025//780 1030//784 1022//777
f 1034//788 1025//780 1026//781
f 1027//782 1034//788 1026//781
f 1036//790 1033//787 1037//791
f 1037//791 1034//788 1038//792
f 1038//792 1035//789 1039//793
f 1040//794 213//173 1041//795
f 1040//794 228//187 212//172
f 1044//798 1040//794 1041//795
f 1045//799 1044//798 1046//800
f 1042//796 1044//798 1041//795
f 1047//801 1046//800 1048//802
f 1051//200 243//201 1052//805
f 1043//797 243//201 228//187
f 1053//806 1043//797 1045//799
f 1047//801 1053//806 1045//799
f 1055//808 1047//801 1048//802
f 1049//803 1055//808 1048//802
f 1050//804 1056//809 1049//803
f 1051//200 255//200 242//200
f 1060//200 1051//200 1052//805
f 1053//806 1060//200 1052//805
f 1054//807 1061//200 1053//806
f 1063//812 1054//807 1055//808
f 1064//200 1063//812 1065//813
f 1056//809 1063//812 1055//808
f 1066//814 1056//809 1057//810
f 1058//811 1066//814 1057//810
f 1059//200 267//200 255//200
f 1069//200 1059//200 1060//200
f 1070//200 1069//200 1071//200
f 1061//200 1069//200 1060//200
f 1072//816 1061//200 1062//200
f 1064//200 1072//816 1062//200
f 1074//818 1064//200 1065//813
f 1075//819 1074//818 1076//820
f 1066//814 1074//818 1065//813
f 1077//821 1066//814 1067//815
f 1078//200 267//200 1068//200
f 1070//200 1078//200 1068//200
f 1080//200 1070//200 1071//200
f 1072//816 1080//200 1071//200
f 1082//823 1072//816 1073//817
f 1075//819 1082//823 1073//817
f 1084//825 1075//819 1076//820
f 1085//826 1076//820 1077//821
f 1086//155 313//155 1087//155
f 1087//155 314//155 1088//155
f 1028//155 314//155 58//51
f 1089//155 1088//155 1090//827
f 1031//785 1088//155 1028//155
f 1091//828 1031//785 1032//786
f 1092//829 1091//828 1093//830
f 1036//790 1091//828 1032//786
f 1094//831 1036//790 1037//791
f 1095//832 1037//791 1038//792
f 1096//833 1038//792 1039//793
f 1098//835 1092//829 1093//830
f 1099//836 1093//830 1094//831
f 1100//155 328//155 1101//155
f 1086//155 328//155 312//155
f 1102//155 1086//155 1087//155
f 1103//155 1101//155 1104//155
f 1104//155 1102//155 1105//155
f 1089//155 1102//155 1087//155
f 1106//837 1089//155 1090//827
f 1107//155 1105//155 1108//838
f 1108//838 1106//837 1109//839
f 1092//829 1106//837 1090//827
f 1095//832 1110//840 1094//831
f 1112//841 1095//832 1096//833
f 1113//842 1109//839 1114//843
f 1097//834 1109//839 1092//829
f 1115//844 1097//834 1098//835
f 1099//836 1115//844 1098//835
f 1099//836 1110//840 1116//840
f 1117//840 1110//840 1111//840
f 1117//840 1112//841 1118//845
f 1041//795 332//155 1119//155
f 1100//155 332//155 327//155
f 1042//796 1119//155 1120//155
f 1103//155 1119//155 1100//155
f 1121//155 1103//155 1104//155
f 1122//155 1121//155 1123//155
f 1107//155 1121//155 1104//155
f 1124//846 1107//155 1108//838
f 1125//155 1123//155 1126//847
f 1126//847 1124//846 1127//848
f 1113//842 1124//846 1108//838
f 1128//849 1113//842 1114//843
f 1129//850 1114//843 1115//844
f 1130//840 1115//844 1116//840
f 1117//840 1130//840 1116//840
f 1118//845 1131//840 1117//840
f 1133//851 1127//848 1134//852
f 1134//852 1128//849 1135//853
f 1135//853 1129//850 1136//840
f 1136//840 1130//840 1137//840
f 1137//840 1131//840 1138//840
f 1138//840 1132//840 1139//840
f 1140//854 1042//796 1120//155
f 1048//802 1140//854 1141//855
f 1122//155 1140//854 1120//155
f 1049//803 1141//855 1142//856
f 1125//155 1141//855 1122//155
f 1143//857 1125//155 1126//847
f 1050//804 1142//856 1144//858
f 1144//858 1143//857 1145//859
f 1133//851 1143//857 1126//847
f 1146//860 1133//851 1134//852
f 1147//861 1134//852 1135//853
f 1136//840 1147//861 1135//853
f 1137//840 1148//840 1136//840
f 1138//840 1149//840 1137//840
f 1139//840 1150//840 1138//840
f 1152//862 1145//859 1153//863
f 1153//863 1146//860 1154//864
f 1154//864 1147//861 1155//840
f 1155//840 1148//840 1156//840
f 1156//840 1149//840 1157//840
f 1157//840 1150//840 1158//840
f 1158//840 1151//840 1159//840
f 1160//865 1050//804 1144//858
f 1058//811 1160//865 1161//866
f 1152//862 1160//865 1144//858
f 1162//867 1152//862 1153//863
f 1163//868 1153//863 1154//864
f 1155//840 1163//868 1154//864
f 1156//840 1164//869 1155//840
f 1157//840 1165//870 1156//840
f 1158//840 1166//871 1157//840
f 1159//840 1167//840 1158//840
f 1169//872 1162//867 1170//873
f 1170//873 1163//868 1171//874
f 1171//874 1164//869 1172//875
f 1172//875 1165//870 1173//876
f 1173//876 1166//871 1174//877
f 1174//877 1167//840 1175//878
f 1175//878 1168//840 1176//879
f 1177//880 1058//811 1161//866
f 1169//872 1177//880 1161//866
f 1179//882 1169//872 1170//873
f 1171//874 1179//882 1170//873
f 1172//875 1180//883 1171//874
f 1173//876 1181//884 1172//875
f 1174//877 1182//885 1173//876
f 1175//878 1183//886 1174//877
f 1176//879 1184//887 1175//878
f 1186//889 1067//815 1177//880
f 1178//881 1186//889 1177//880
f 1179//882 1187//890 1178//881
f 1189//892 1179//882 1180//883
f 1190//893 1180//883 1181//884
f 1191//894 1181//884 1182//885
f 1192//895 1182//885 1183//886
f 1193//896 1183//886 1184//887
f 1194//897 1184//887 1185//888
f 1085//826 1195//898 1084//825
f 1186//889 1085//826 1077//821
f 1198//901 1186//889 1187//890
f 1198//901 1197//900 1196//899
f 1188//891 1198//901 1187//890
f 1200//903 1188//891 1189//892
f 1201//904 1189//892 1190//893
f 1202//904 1190//893 1191//894
f 1203//904 1191//894 1192//895
f 1204//904 1192//895 1193//896
f 1205//904 1193//896 1194//897
f 1078//200 464//200 280//200
f 1079//200 1206//905 1078//200
f 1208//907 1079//200 1080//200
f 1209//908 1208//907 1210//909
f 1081//822 1208//907 1080//200
f 1211//910 1081//822 1082//823
f 1213//912 1082//823 1083//824
f 1213//912 1212//911 1211//910
f 1084//825 1213//912 1083//824
f 1215//914 475//200 1216//915
f 1206//905 475//200 464//200
f 1217//916 1206//905 1207//906
f 1209//908 1217//916 1207//906
f 1219//918 1209//908 1210//909
f 1220//919 1210//909 1211//910
f 1212//911 1220//919 1211//910
f 1222//921 1212//911 1214//913
f 1215//914 485//361 474//354
f 1224//923 1215//914 1216//915
f 1217//916 1224//923 1216//915
f 1227//926 1217//916 1218//917
f 1227//926 1226//925 1225//924
f 1219//918 1227//926 1218//917
f 1230//928 1219//918 1220//919
f 1230//928 1229//921 1228//927
f 1221//920 1230//928 1220//919
f 1232//921 1221//920 1222//921
f 1233//929 485//361 1223//922
f 1224//923 1233//929 1223//922
f 1235//931 1224//923 1225//924
f 1226//925 1235//931 1225//924
f 1237//921 1226//925 1228//927
f 1229//921 1237//921 1228//927
f 1239//921 1229//921 1231//921
f 1240//934 496//371 1233//929
f 1241//935 1233//929 1234//930
f 1235//931 1241//935 1234//930
f 1236//932 1242//936 1235//931
f 1245//939 1236//932 1237//921
f 1245//939 1244//938 1243//937
f 1238//933 1245//939 1237//921
f 1247//941 1238//933 1239//921
f 1248//942 511//386 1240//934
f 1248//942 531//400 530//399
f 1241//935 1248//942 1240//934
f 1251//945 1241//935 1242//936
f 1251//945 1250//944 1249//943
f 1243//937 1251//945 1242//936
f 1244//938 1252//946 1243//937
f 1254//948 1244//938 1246//940
f 1255//949 531//400 1249//943
f 1255//949 544//410 543//409
f 1250//944 1255//949 1249//943
f 1257//951 1250//944 1252//946
f 1253//947 1257//951 1252//946
f 1259//953 1253//947 1254//948
f 1260//954 544//410 1256//950
f 1257//951 1260//954 1256//950
f 1262//956 1257//951 1258//952
f 1263//957 1262//956 1264//958
f 1259//953 1262//956 1258//952
f 1195//898 1214//913 1084//825
f 1266//959 1195//898 1196//899
f 1197//900 1266//959 1196//899
f 1268//961 1197//900 1199//902
f 1200//903 1268//961 1199//902
f 1270//963 1200//903 1201//904
f 1271//904 1201//904 1202//904
f 1272//904 1202//904 1203//904
f 1273//904 1203//904 1204//904
f 1274//904 1204//904 1205//904
f 1265//921 1222//921 1214//913
f 1277//964 1265//921 1266//959
f 1277//964 1276//921 1275//921
f 1267//960 1277//964 1266//959
f 1280//967 1267//960 1268//961
f 1280//967 1279//966 1278//965
f 1269//962 1280//967 1268//961
f 1282//969 1269//962 1270//963
f 1283//904 1270//963 1271//904
f 1284//904 1271//904 1272//904
f 1285//904 1272//904 1273//904
f 1286//904 1273//904 1274//904
f 1232//921 1287//921 1231//921
f 1275//921 1232//921 1222//921
f 1276//921 1288//921 1275//921
f 1290//970 1276//921 1278//965
f 1279//966 1290//970 1278//965
f 1292//972 1279//966 1281//968
f 1282//969 1292//972 1281//968
f 1294//974 1282//969 1283//904
f 1295//904 1283//904 1284//904
f 1296//975 1284//904 1285//904
f 1297//976 1285//904 1286//904
f 1287//921 1239//921 1231//921
f 1299//921 1287//921 1288//921
f 1289//921 1299//921 1288//921
f 1302//977 1289//921 1290//970
f 1302//977 1301//921 1300//921
f 1291//971 1302//977 1290//970
f 1305//980 1291//971 1292//972
f 1305//980 1304//979 1303//978
f 1293//973 1305//980 1292//972
f 1294//974 1306//981 1293//973
f 1308//904 1294//974 1295//904
f 1309//983 1295//904 1296//975
f 1310//984 1296//975 1297//976
f 1247//941 1311//985 1246//940
f 1298//921 1247//941 1239//921
f 1314//921 1298//921 1299//921
f 1314//921 1313//987 1312//986
f 1300//921 1314//921 1299//921
f 1301//921 1315//988 1300//921
f 1317//990 1301//921 1303//978
f 1304//979 1317//990 1303//978
f 1320//993 1304//979 1306//981
f 1307//982 1320//993 1306//981
f 1322//995 1307//982 1308//904
f 1323//996 1308//904 1309//983
f 1310//984 1323//996 1309//983
f 1311//985 1254//948 1246//940
f 1326//999 1311//985 1312//986
f 1313//987 1326//999 1312//986
f 1328//1001 1313//987 1315//988
f 1316//989 1328//1001 1315//988
f 1331//1004 1316//989 1317//990
f 1331//1004 1330//1003 1329//1002
f 1318//991 1331//1004 1317//990
f 1336//1009 1318//991 1320//993
f 1336//1009 1333//1006 1332//1005
f 1321//994 1336//1009 1320//993
f 1322//995 1337//1010 1321//994
f 1323//996 1338//1011 1322//995
f 1340//1013 1334//1007 1339//1012
f 1340//1013 1323//996 1324//997
f 1340//1013 1319//992 1335//1008
f 1325//998 1259//953 1254//948
f 1342//1015 1325//998 1326//999
f 1327//1000 1342//1015 1326//999
f 1345//1018 1327//1000 1328//1001
f 1345//1018 1344//1017 1343//1016
f 1329//1002 1345//1018 1328//1001
f 1330//1003 1346//1019 1329//1002
f 1349//1022 1330//1003 1332//1005
f 1333//1006 1349//1022 1332//1005
f 1352//1025 1334//1007 1335//1008
f 1353//1026 1333//1006 1337//1010
f 1338//1011 1353//1026 1337//1010
f 1355//1028 1338//1011 1339//1012
f 1355//1028 1334//1007 1351//1024
f 1356//1029 1259//953 1341//1014
f 1357//1030 1341//1014 1342//1015
f 1358//1031 1342//1015 1343//1016
f 1344//1017 1358//1031 1343//1016
f 1360//1033 1344//1017 1346//1019
f 1347//1020 1360//1033 1346//1019
f 1364//1037 1347//1020 1349//1022
f 1364//1037 1362//1035 1361//1034
f 1350//1023 1364//1037 1349//1022
f 1368//1041 1351//1024 1352//1025
f 1368//1041 1348//1021 1363//1036
f 1369//1042 1350//1023 1353//1026
f 1369//1042 1366//1039 1365//1038
f 1354//1027 1369//1042 1353//1026
f 1371//1044 1366//1039 1370//1043
f 1371//1044 1354//1027 1355//1028
f 1371//1044 1351//1024 1367//1040
f 1372//1045 23//23 574//430
f 1027//782 1372//1045 1373//1046
f 1372//1045 589//443 1374//1047
f 1375//500 589//443 590//444
f 1373//1046 1035//789 1027//782
f 1373//1046 1374//1047 1376//1048
f 1377//1049 1374//1047 1375//500
f 1378//1050 1035//789 1376//1048
f 1375//500 683//500 1379//500
f 1380//500 683//500 684//501
f 1377//1049 1381//1051 1376//1048
f 1377//1049 1379//500 1382//1052
f 1383//500 1379//500 1380//500
f 1378//1050 1096//833 1039//793
f 1378//1050 1381//1051 1384//1053
f 1385//1054 1381//1051 1382//1052
f 1380//500 709//500 1386//500
f 1387//500 709//500 710//500
f 1383//500 1388//1055 1382//1052
f 1383//500 1386//500 1389//500
f 1390//500 1386//500 1387//500
f 1391//1056 1096//833 1384//1053
f 1385//1054 1391//1056 1384//1053
f 1385//1054 1388//1055 1392//1057
f 1393//1058 1388//1055 1389//500
f 1118//845 1391//1056 1394//1059
f 1395//1060 1391//1056 1392//1057
f 1396//1061 1392//1057 1393//1058
f 1387//500 734//500 1397//500
f 1398//500 734//500 735//500
f 1390//500 1399//500 1389//500
f 1390//500 1397//500 1400//500
f 1401//500 1397//500 1398//500
f 1393//1058 1399//500 1402//1062
f 1403//500 1399//500 1400//500
f 1394//1059 1132//840 1118//845
f 1395//1060 1404//1063 1394//1059
f 1396//1061 1405//1064 1395//1060
f 1396//1061 1402//1062 1406//1065
f 1407//1066 1402//1062 1403//500
f 1139//840 1404//1063 1408//840
f 1409//1067 1404//1063 1405//1064
f 1410//1068 1405//1064 1406//1065
f 1398//500 754//500 1411//500
f 1412//1069 754//500 755//500
f 1413//1070 755//500 756//551
f 1401//500 1414//500 1400//500
f 1401//500 1411//500 1415//500
f 1416//1071 1411//500 1412//1069
f 1403//500 1414//500 1417//500
f 1418//500 1414//500 1415//500
f 1407//1066 1419//1072 1406//1065
f 1407//1066 1417//500 1420//1073
f 1421//500 1417//500 1418//500
f 1408//840 1151//840 1139//840
f 1409//1067 1422//840 1408//840
f 1410//1068 1423//1074 1409//1067
f 1410//1068 1419//1072 1424//1075
f 1425//1076 1419//1072 1420//1073
f 1159//840 1422//840 1426//840
f 1426//840 1423//1074 1427//1077
f 1428//1078 1423//1074 1424//1075
f 1428//1078 1425//1076 1429//1079
f 1413//1070 1430//1080 1412//1069
f 1413//1070 770//564 1431//1081
f 1416//1071 1432//1082 1415//500
f 1416//1071 1430//1080 1433//1083
f 1434//1084 1430//1080 1431//1081
f 1418//500 1432//1082 1435//1085
f 1436//1086 1432//1082 1433//1083
f 1421//500 1437//1087 1420//1073
f 1421//500 1435//1085 1438//1088
f 1439//1089 1435//1085 1436//1086
f 1425//1076 1437//1087 1440//1090
f 1441//1091 1437//1087 1438//1088
f 1426//840 1168//840 1159//840
f 1427//1077 1442//840 1426//840
f 1444//1092 1427//1077 1428//1078
f 1429//1079 1444//1092 1428//1078
f 1429//1079 1440//1090 1445//1093
f 1446//1094 1440//1090 1441//1091
f 1176//879 1442//840 1447//1095
f 1448//1096 1442//840 1443//840
f 1431//1081 782//574 1449//1097
f 1434//1084 1450//1098 1433//1083
f 1434//1084 1449//1097 1451//1099
f 1436//1086 1450//1098 1452//1100
f 1453//1101 1450//1098 1451//1099
f 1439//1089 1454//1102 1438//1088
f 1439//1089 1452//1100 1455//1103
f 1441//1091 1454//1102 1456//1104
f 1457//1105 1454//1102 1455//1103
f 1444//1092 1458//1106 1443//840
f 1460//1108 1444//1092 1445//1093
f 1446//1094 1460//1108 1445//1093
f 1446//1094 1456//1104 1461//1109
f 1447//1095 1185//888 1176//879
f 1448//1096 1462//1110 1447//1095
f 1448//1096 1458//1106 1463//1111
f 1464//1112 1458//1106 1459//1107
f 1464//1112 1460//1108 1465//1113
f 1466//1114 1460//1108 1461//1109
f 1449//1097 793//584 1467//584
f 1468//1115 1449//1097 1467//584
f 1453//1101 1469//1116 1452//1100
f 1453//1101 1468//1115 1470//1117
f 1471//1118 1452//1100 1469//1116
f 1457//1105 1472//1119 1456//1104
f 1457//1105 1471//1118 1473//1120
f 1461//1109 1472//1119 1474//1121
f 1475//1122 1185//888 1462//1110
f 1476//1123 1462//1110 1463//1111
f 1464//1112 1476//1123 1463//1111
f 1465//1113 1477//1124 1464//1112
f 1466//1114 1478//1125 1465//1113
f 1466//1114 1474//1121 1479//1126
f 1467//584 805//584 1480//584
f 1481//584 1467//584 1480//584
f 1483//584 1469//1116 1470//1117
f 1470//1117 1481//584 1483//584
f 1471//1118 1482//584 1484//1127
f 1486//1129 1472//1119 1473//1120
f 1473//1120 1484//1127 1486//1129
f 1474//1121 1485//1128 1488//1131
f 1489//1132 1194//897 1475//1122
f 1490//1133 1475//1122 1476//1123
f 1477//1124 1490//1133 1476//1123
f 1478//1125 1491//1134 1477//1124
f 1493//1136 1487//1130 1492//1135
f 1493//1136 1478//1125 1479//1126
f 1493//1136 1474//1121 1488//1131
f 1480//584 907//584 1494//584
f 1495//584 1480//584 1494//584
f 1497//584 1482//584 1483//584
f 1483//584 1495//584 1497//584
f 1484//1127 1496//1137 1498//1138
f 1486//1129 1499//1139 1485//1128
f 1500//1140 1484//1127 1498//1138
f 1503//1143 1487//1130 1488//1131
f 1503//1143 1485//1128 1499//1139
f 1504//1144 1205//904 1489//1132
f 1505//1145 1489//1132 1490//1133
f 1491//1134 1505//1145 1490//1133
f 1507//1147 1501//1141 1506//1146
f 1507//1147 1491//1134 1492//1135
f 1507//1147 1487//1130 1502//1142
f 1494//584 919//691 1508//1148
f 1509//1149 1494//584 1508//1148
f 1511//1151 1496//1137 1497//584
f 1497//584 1509//1149 1511//1151
f 1498//1138 1510//1150 1513//1153
f 1516//1156 1512//1152 1515//1155
f 1516//1156 1499//1139 1500//1140
f 1516//1156 1498//1138 1513//1153
f 1518//1154 1501//1141 1502//1142
f 1519//1158 1514//1154 1518//1154
f 1519//1158 1502//1142 1503//1143
f 1519//1158 1499//1139 1515//1155
f 1520//1159 1274//904 1504//1144
f 1505//1145 1520//1159 1504//1144
f 1522//1161 1505//1145 1506//1146
f 1522//1161 1501//1141 1517//1157
f 1508//1148 932//696 1523//1162
f 1524//1163 1508//1148 1523//1162
f 1526//1165 1510//1150 1511//1151
f 1526//1165 1509//1149 1524//1163
f 1528//1167 1512//1152 1513//1153
f 1528//1167 1510//1150 1525//1164
f 1531//1170 1514//1154 1515//1155
f 1531//1170 1512//1152 1527//1166
f 1534//1154 1529//1168 1533//1154
f 1534//1154 1517//1157 1518//1154
f 1534//1154 1514//1154 1530//1169
f 1520//1159 1297//976 1286//904
f 1536//1173 1520//1159 1521//1160
f 1537//1174 1532//1171 1536//1173
f 1537//1174 1521//1160 1522//1161
f 1537//1174 1517//1157 1533//1154
f 1523//1162 943//703 1538//1175
f 1539//1176 943//703 944//704
f 1540//1177 1523//1162 1538//1175
f 1543//1180 1525//1164 1526//1165
f 1543//1180 1524//1163 1540//1177
f 1546//1183 1541//1178 1545//1182
f 1546//1183 1527//1166 1528//1167
f 1546//1183 1525//1164 1542//1179
f 1549//1186 1529//1168 1530//1169
f 1550//1187 1544//1181 1549//1186
f 1550//1187 1530//1169 1531//1170
f 1550//1187 1527//1166 1545//1182
f 1553//1190 1547//1184 1552//1189
f 1553//1190 1532//1171 1533//1154
f 1553//1190 1529//1168 1548//1185
f 1554//1191 1297//976 1535//1172
f 1555//1192 1551//1188 1554//1191
f 1555//1192 1535//1172 1536//1173
f 1555//1192 1532//1171 1552//1189
f 1539//1176 1556//1193 1538//1175
f 1539//1176 956//715 1557//1194
f 1540//1177 1556//1193 1558//1195
f 1559//1196 1556//1193 1557//1194
f 1561//1198 1541//1178 1542//1179
f 1543//1180 1561//1198 1542//1179
f 1562//1199 1540//1177 1558//1195
f 1565//1202 1544//1181 1545//1182
f 1565//1202 1541//1178 1560//1197
f 1566//1203 1560//1197 1561//1198
f 1568//1205 1547//1184 1548//1185
f 1569//1206 1563//1200 1568//1205
f 1569//1206 1548//1185 1549//1186
f 1569//1206 1544//1181 1564//1201
f 1571//1208 1551//1188 1552//1189
f 1571//1208 1547//1184 1567//1204
f 1572//1209 1319//992 1324//997
f 1572//1209 1310//984 1554//1191
f 1572//1209 1551//1188 1570//1207
f 1573//1210 956//715 971//730
f 1559//1196 1574//1211 1558//1195
f 1559//1196 1573//1210 1575//1212
f 1562//1199 1576//1213 1561//1198
f 1562//1199 1574//1211 1577//1214
f 1578//1215 1574//1211 1575//1212
f 1580//1217 1563//1200 1564//1201
f 1581//1218 1564//1201 1565//1202
f 1566//1203 1581//1218 1565//1202
f 1566//1203 1576//1213 1582//1219
f 1583//1220 1576//1213 1577//1214
f 1586//1223 1567//1204 1568//1205
f 1586//1223 1563//1200 1579//1216
f 1587//1224 1579//1216 1580//1217
f 1588//1225 1580//1217 1581//1218
f 1589//1226 1319//992 1570//1207
f 1590//1227 1584//1221 1589//1226
f 1590//1227 1570//1207 1571//1208
f 1590//1227 1567//1204 1585//1222
f 1578//1215 1591//1228 1577//1214
f 1582//1219 1593//1230 1581//1218
f 1583//1220 1594//1231 1582//1219
f 1583//1220 1591//1228 1595//1232
f 1596//1233 1591//1228 1592//1229
f 1598//1235 1584//1221 1585//1222
f 1586//1223 1598//1235 1585//1222
f 1587//1224 1599//1236 1586//1223
f 1588//1225 1600//1237 1587//1224
f 1588//1225 1593//1230 1601//1238
f 1602//1239 1593//1230 1594//1231
f 1603//1240 1348//1021 1352//1025
f 1603//1240 1335//1008 1589//1226
f 1603//1240 1584//1221 1597//1234
f 1606//1243 1594//1231 1595//1232
f 1596//1233 1606//1243 1595//1232
f 1596//1233 1604//1241 1607//1244
f 1608//1245 1348//1021 1597//1234
f 1609//1246 1597//1234 1598//1235
f 1610//1247 1598//1235 1599//1236
f 1611//1248 1599//1236 1600//1237
f 1612//1249 1600//1237 1601//1238
f 1602//1239 1612//1249 1601//1238
f 1602//1239 1605//1242 1613//1250
f 1614//1251 971//730 1007//762
f 1614//1251 1008//763 1615//1252
f 1616//1253 1573//1210 1614//1251
f 1617//1254 1575//1212 1616//1253
f 1615//1252 1618//1255 1614//1251
f 1615//1252 1013//768 1619//1256
f 1616//1253 1618//1255 1620//1257
f 1621//1258 1618//1255 1619//1256
f 1617//1254 1592//1229 1578//1215
f 1617//1254 1620//1257 1622//1259
f 1619//1256 1018//773 1623//1260
f 1621//1258 1624//1261 1620//1257
f 1621//1258 1623//1260 1625//1262
f 1622//1259 1604//1241 1592//1229
f 1622//1259 1624//1261 1626//1263
f 1627//1264 1624//1261 1625//1262
f 449//342 1628//1265 1629//1266
f 450//343 1629//1266 1630//1267
f 451//321 1630//1267 1631//321
f 452//321 1631//321 1632//1268
f 453//344 1632//1268 1633//1269
f 549//415 1635//1271 1636//1272
f 549//415 1634//1270 547//413
f 550//416 1635//1271 548//414
f 1638//1274 1635//1271 1637//1273
f 1639//1275 550//416 551//417
f 1638//1274 1641//1277 1642//1278
f 1638//1274 1640//1276 1636//1272
f 1639//1275 1641//1277 1637//1273
f 1644//1280 1641//1277 1643//1279
f 1642//1278 1645//1281 1640//1276
f 1644//1280 1647//1283 1648//1284
f 1644//1280 1646//1282 1642//1278
f 561//419 1628//1265 448//341
f 1649//1285 1629//1266 1628//1265
f 1651//1287 1629//1266 1650//1286
f 1651//1287 1631//321 1630//1267
f 1652//1288 1632//1268 1631//321
f 1653//1289 1633//1269 1632//1268
f 564//420 1655//281 1656//1291
f 564//420 1649//1285 561//419
f 1657//1292 1649//1285 1656//1291
f 566//422 1655//281 563//281
f 1660//281 1655//281 1659//1294
f 568//424 1661//1295 1662//1296
f 568//424 1659//1294 566//422
f 1663//1297 1659//1294 1662//1296
f 569//425 1634//1270 1664//1298
f 569//425 1661//1295 567//423
f 1665//1299 1661//1295 1664//1298
f 1666//1300 1634//1270 1636//1272
f 1651//1287 1667//1301 1668//1302
f 1652//1288 1668//1302 1669//1303
f 1670//1304 1652//1288 1669//1303
f 1671//1305 1653//1289 1670//1304
f 1657//1292 1672//1306 1673//1307
f 1657//1292 1667//1301 1650//1286
f 1674//1308 1667//1301 1673//1307
f 1675//1309 1668//1302 1674//1308
f 1675//1309 1670//1304 1669//1303
f 1676//1310 1671//1305 1670//1304
f 1658//1293 1671//1305 1677//1311
f 1660//281 1672//1306 1656//1291
f 1679//1313 1672//1306 1678//1312
f 1663//1297 1681//1315 1682//1316
f 1663//1297 1678//1312 1660//281
f 1683//1317 1678//1312 1682//1316
f 1665//1299 1685//1319 1686//1320
f 1665//1299 1681//1315 1662//1296
f 1687//1321 1681//1315 1686//1320
f 1666//1300 1640//1276 1688//1322
f 1666//1300 1685//1319 1664//1298
f 1689//1323 1685//1319 1688//1322
f 1674//1308 1690//1324 1691//1325
f 1692//1326 1674//1308 1691//1325
f 1676//1310 1692//1326 1693//1327
f 1694//1328 1676//1310 1693//1327
f 1679//1313 1690//1324 1673//1307
f 1696//1330 1690//1324 1695//1329
f 1697//1331 1691//1325 1696//1330
f 1697//1331 1693//1327 1692//1326
f 1698//1332 1694//1328 1693//1327
f 1680//1314 1694//1328 1699//1333
f 1683//1317 1700//1334 1701//1335
f 1683//1317 1695//1329 1679//1313
f 1702//1336 1695//1329 1701//1335
f 1703//1337 1699//1333 1698//1332
f 1684//1318 1699//1333 1704//1338
f 1687//1321 1705//1339 1706//1340
f 1687//1321 1700//1334 1682//1316
f 1707//1341 1700//1334 1706//1340
f 1707//1341 1702//1336 1701//1335
f 1688//1322 1645//1281 1710//1344
f 1689//1323 1710//1344 1711//1345
f 1689//1323 1705//1339 1686//1320
f 1712//1346 1705//1339 1711//1345
f 1713//1347 1645//1281 1646//1282
f 1714//1348 1710//1344 1713//1347
f 1715//1349 1646//1282 1648//1284
f 1697//1331 1716//1350 1717//1351
f 1718//1352 1697//1331 1717//1351
f 1702//1336 1716//1350 1696//1330
f 1720//1354 1716//1350 1719//1353
f 1720//1354 1718//1352 1717//1351
f 1703//1337 1718//1352 1721//1355
f 1722//1356 1703//1337 1721//1355
f 1707//1341 1723//1357 1724//1358
f 1708//1342 1724//1358 1725//1359
f 1708//1342 1719//1353 1702//1336
f 1726//1360 1719//1353 1725//1359
f 1726//1360 1721//1355 1720//1354
f 1727//1361 1722//1356 1721//1355
f 1709//1343 1722//1356 1728//1362
f 1712//1346 1729//1363 1730//1364
f 1712//1346 1723//1357 1706//1340
f 1731//1365 1723//1357 1730//1364
f 1732//1366 1724//1358 1731//1365
f 1733//1367 1725//1359 1732//1366
f 1733//1367 1727//1361 1726//1360
f 1735//1369 1727//1361 1734//1368
f 1714//1348 1736//1370 1737//1371
f 1714//1348 1729//1363 1711//1345
f 1738//1372 1729//1363 1737//1371
f 1739//1373 1730//1364 1738//1372
f 1715//1349 1736//1370 1713//1347
f 1741//1375 1736//1370 1740//1374
f 1741//1375 1738//1372 1737//1371
f 1732//1366 1743//1377 1744//1378
f 1745//1379 1732//1366 1744//1378
f 1746//1380 1733//1367 1745//1379
f 1747//1381 1734//1368 1746//1380
f 1739//1373 1748//1382 1749//1383
f 1739//1373 1743//1377 1731//1365
f 1750//1384 1743//1377 1749//1383
f 1751//1385 1744//1378 1750//1384
f 1752//1386 1745//1379 1751//1385
f 1753//1387 1746//1380 1752//1386
f 1742//1376 1748//1382 1738//1372
f 1755//1389 1748//1382 1754//1388
f 1755//1389 1750//1384 1749//1383
f 1756//1390 1751//1385 1750//1384
f 1757//1391 1752//1386 1751//1385
f 1758//1392 1753//1387 1752//1386
f 1760//1394 453//344 1633//1269
f 1654//1290 1760//1394 1633//1269
f 989//745 1760//1394 1761//1395
f 1762//1396 989//745 1761//1395
f 1658//1293 1761//1395 1654//1290
f 1763//1397 1762//1396 1761//1395
f 992//747 1762//1396 1764//1398
f 1765//1399 992//747 1764//1398
f 1766//1400 1764//1398 1763//1397
f 1767//1401 1765//1399 1764//1398
f 995//750 1765//1399 1768//1402
f 1769//1403 995//750 1768//1402
f 1770//1404 1769//1403 1768//1402
f 998//753 1769//1403 1771//1405
f 1772//1406 998//753 1771//1405
f 1000//755 1772//1406 1773//1407
f 1774//1408 1000//755 1773//1407
f 1775//1409 1001//756 1774//1408
f 1003//758 1775//1409 1776//1410
f 1004//759 1776//1410 1777//1411
f 1778//1412 1658//1293 1677//1311
f 1680//1314 1778//1412 1677//1311
f 1766//1400 1778//1412 1779//1413
f 1780//1414 1766//1400 1779//1413
f 1781//1415 1767//1401 1780//1414
f 1782//1416 1680//1314 1684//1318
f 1782//1416 1780//1414 1779//1413
f 1783//1417 1781//1415 1780//1414
f 1770//1404 1781//1415 1784//1418
f 1785//1419 1770//1404 1784//1418
f 1772//1406 1785//1419 1786//1420
f 1787//1421 1772//1406 1786//1420
f 1788//1422 1787//1421 1786//1420
f 1774//1408 1787//1421 1789//1423
f 1775//1409 1789//1423 1790//1424
f 1791//1425 1775//1409 1790//1424
f 1792//1426 1791//1425 1790//1424
f 1777//1411 1791//1425 1793//1427
f 1794//1428 1684//1318 1704//1338
f 1795//1429 1782//1416 1794//1428
f 1796//1430 1783//1417 1795//1429
f 1785//1419 1796//1430 1797//1431
f 1798//1432 1785//1419 1797//1431
f 1709//1343 1794//1428 1704//1338
f 1799//1433 1795//1429 1794//1428
f 1801//1435 1795//1429 1800//1434
f 1802//1436 1796//1430 1801//1435
f 1802//1436 1798//1432 1797//1431
f 1788//1422 1798//1432 1803//1437
f 1804//1438 1788//1422 1803//1437
f 1805//1439 1789//1423 1804//1438
f 1806//1440 1805//1439 1804//1438
f 1792//1426 1805//1439 1807//1441
f 1808//1442 1792//1426 1807//1441
f 1809//1443 1808//1442 1807//1441
f 1812//1446 1709//1343 1728//1362
f 1813//1447 1799//1433 1812//1446
f 1814//1448 1800//1434 1813//1447
f 1815//1449 1801//1435 1814//1448
f 1816//1450 1802//1436 1815//1449
f 1817//1451 1803//1437 1816//1450
f 1735//1369 1812//1446 1728//1362
f 1818//1452 1813//1447 1812//1446
f 1819//1453 1814//1448 1813//1447
f 1820//1454 1815//1449 1814//1448
f 1821//1455 1816//1450 1815//1449
f 1822//1456 1817//1451 1816//1450
f 1806//1440 1817//1451 1823//1457
f 1824//1458 1806//1440 1823//1457
f 1825//1459 1823//1457 1822//1456
f 1826//1460 1824//1458 1823//1457
f 1809//1443 1824//1458 1827//1461
f 1828//1462 1809//1443 1827//1461
f 1830//1464 1826//1460 1829//1463
f 1830//1464 1828//1462 1827//1461
f 1811//1445 1828//1462 1831//1465
f 1832//1466 1735//1369 1747//1381
f 1819//1453 1832//1466 1833//1467
f 1820//1454 1833//1467 1834//1468
f 1821//1455 1834//1468 1835//1469
f 1836//1470 1821//1455 1835//1469
f 1837//1471 1747//1381 1753//1387
f 1837//1471 1833//1467 1832//1466
f 1838//1472 1834//1468 1833//1467
f 1839//1473 1835//1469 1834//1468
f 1840//1474 1836//1470 1835//1469
f 1825//1459 1836//1470 1841//1475
f 1842//1476 1825//1459 1841//1475
f 1843//1477 1753//1387 1759//1393
f 1844//1478 1837//1471 1843//1477
f 1845//1479 1838//1472 1844//1478
f 1846//1480 1839//1473 1845//1479
f 1847//1481 1840//1474 1846//1480
f 1847//1481 1842//1476 1841//1475
f 1829//1463 1842//1476 1848//1482
f 1849//1483 1004//759 1777//1411
f 1850//1484 1014//769 1849//1483
f 1851//1485 1850//1484 1849//1483
f 1017//772 1850//1484 1852//1486
f 1018//773 1852//1486 1853//1487
f 1854//1488 1777//1411 1793//1427
f 1851//1485 1854//1488 1855//1489
f 1856//1490 1851//1485 1855//1489
f 1857//1491 1856//1490 1855//1489
f 1853//1487 1856//1490 1858//1492
f 1859//1493 1793//1427 1808//1442
f 1810//1444 1859//1493 1808//1442
f 1855//1489 1859//1493 1860//1494
f 1811//1445 1860//1494 1810//1444
f 1857//1491 1860//1494 1861//1495
f 1862//1496 1857//1491 1861//1495
f 1260//954 1639//1275 551//417
f 1261//955 1863//1497 1260//954
f 1263//957 1864//1498 1261//955
f 1866//1500 1865//1499 1864//1498
f 1264//958 1866//1500 1263//957
f 1868//1502 1639//1275 1863//1497
f 1870//1504 1863//1497 1864//1498
f 1870//1504 1869//1503 1868//1502
f 1865//1499 1870//1504 1864//1498
f 1872//1506 1865//1499 1867//1501
f 1873//1507 1643//1279 1868//1502
f 1873//1507 1648//1284 1647//1283
f 1869//1503 1873//1507 1868//1502
f 1875//1509 1869//1503 1871//1505
f 1876//1510 1871//1505 1872//1506
f 1356//1029 1867//1501 1264//958
f 1357//1030 1877//1511 1356//1029
f 1879//1513 1357//1030 1358//1031
f 1359//1032 1879//1513 1358//1031
f 1360//1033 1880//1514 1359//1032
f 1882//1516 1360//1033 1361//1034
f 1362//1035 1882//1516 1361//1034
f 1887//1521 1362//1035 1365//1038
f 1887//1521 1884//1518 1883//1517
f 1366//1039 1887//1521 1365//1038
f 1888//1522 1885//1519 1884//1518
f 1367//1040 1888//1522 1366//1039
f 1890//1524 1885//1519 1889//1523
f 1368//1041 1889//1523 1367//1040
f 1890//1524 1363//1036 1886//1520
f 1877//1511 1872//1506 1867//1501
f 1893//1527 1877//1511 1878//1512
f 1893//1527 1892//1526 1891//1525
f 1879//1513 1893//1527 1878//1512
f 1895//1529 1879//1513 1880//1514
f 1897//1531 1880//1514 1881//1515
f 1897//1531 1896//1530 1895//1529
f 1882//1516 1897//1531 1881//1515
f 1899//1533 1882//1516 1883//1517
f 1884//1518 1899//1533 1883//1517
f 1901//1535 1884//1518 1885//1519
f 1902//1536 1885//1519 1886//1520
f 1874//1508 1715//1349 1648//1284
f 1875//1509 1903//1537 1874//1508
f 1876//1510 1904//1538 1875//1509
f 1891//1525 1876//1510 1872//1506
f 1906//1540 1905//1539 1904//1538
f 1892//1526 1906//1540 1891//1525
f 1909//1543 1892//1526 1894//1528
f 1909//1543 1908//1542 1907//1541
f 1895//1529 1909//1543 1894//1528
f 1896//1530 1910//1544 1895//1529
f 1916//1550 1896//1530 1898//1532
f 1916//1550 1912//1546 1911//1545
f 1899//1533 1916//1550 1898//1532
f 1918//1552 1912//1546 1917//1551
f 1900//1534 1917//1551 1899//1533
f 1919//1553 1913//1547 1918//1552
f 1901//1535 1918//1552 1900//1534
f 1920//1554 1914//1548 1919//1553
f 1902//1536 1919//1553 1901//1535
f 1903//1537 1740//1374 1715//1349
f 1921//1555 1741//1375 1740//1374
f 1922//1556 1742//1376 1741//1375
f 1924//1558 1903//1537 1904//1538
f 1924//1558 1922//1556 1921//1555
f 1905//1539 1924//1558 1904//1538
f 1926//1560 1922//1556 1925//1559
f 1928//1562 1905//1539 1907//1541
f 1928//1562 1926//1560 1925//1559
f 1908//1542 1928//1562 1907//1541
f 1929//1563 1927//1561 1926//1560
f 1935//1569 1908//1542 1910//1544
f 1935//1569 1930//1564 1929//1563
f 1911//1545 1935//1569 1910//1544
f 1936//1570 1931//1565 1930//1564
f 1912//1546 1936//1570 1911//1545
f 1937//1571 1932//1566 1931//1565
f 1913//1547 1937//1571 1912//1546
f 1938//1572 1933//1567 1932//1566
f 1914//1548 1938//1572 1913//1547
f 1939//1573 1934//1568 1933//1567
f 1915//1549 1939//1573 1914//1548
f 1923//1557 1754//1388 1742//1376
f 1941//1575 1755//1389 1754//1388
f 1943//1577 1755//1389 1942//1576
f 1944//1578 1756//1390 1943//1577
f 1945//1579 1757//1391 1944//1578
f 1946//1580 1758//1392 1945//1579
f 1947//1581 1923//1557 1926//1560
f 1947//1581 1942//1576 1941//1575
f 1927//1561 1947//1581 1926//1560
f 1949//1583 1942//1576 1948//1582
f 1950//1584 1943//1577 1949//1583
f 1951//1585 1944//1578 1950//1584
f 1952//1586 1945//1579 1951//1585
f 1953//1587 1927//1561 1930//1564
f 1953//1587 1949//1583 1948//1582
f 1931//1565 1953//1587 1930//1564
f 1954//1588 1950//1584 1949//1583
f 1955//1589 1931//1565 1932//1566
f 1955//1589 1951//1585 1950//1584
f 1956//1590 1932//1566 1933//1567
f 1956//1590 1952//1586 1951//1585
f 1957//1591 1933//1567 1934//1568
f 1960//1594 1605//1242 1606//1243
f 1607//1244 1960//1594 1606//1243
f 1607//1244 1958//1592 1961//1595
f 1962//1596 1363//1036 1608//1245
f 1609//1246 1962//1596 1608//1245
f 1610//1247 1963//1597 1609//1246
f 1611//1248 1964//1598 1610//1247
f 1612//1249 1965//1599 1611//1248
f 1967//1601 1612//1249 1613//1250
f 1613//1250 1959//1593 1967//1601
f 1960//1594 1971//1605 1959//1593
f 1973//1607 1968//1602 1972//1606
f 1973//1607 1960//1594 1961//1595
f 1973//1607 1958//1592 1969//1603
f 1974//1608 1886//1520 1962//1596
f 1963//1597 1974//1608 1962//1596
f 1964//1598 1975//1609 1963//1597
f 1965//1599 1976//1610 1964//1598
f 1966//1600 1977//1611 1965//1599
f 1979//1613 1970//1604 1978//1612
f 1979//1613 1966//1600 1967//1601
f 1979//1613 1959//1593 1971//1605
f 1985//1619 1981//1615 1984//1618
f 1985//1619 1968//1602 1969//1603
f 1991//1625 1970//1604 1971//1605
f 1992//1626 1983//1617 1991//1625
f 1992//1626 1971//1605 1972//1606
f 1992//1626 1968//1602 1984//1618
f 1993//1627 1915//1549 1920//1554
f 1993//1627 1902//1536 1974//1608
f 1993//1627 1987//1621 1986//1620
f 1994//1628 1974//1608 1975//1609
f 1994//1628 1988//1622 1987//1621
f 1995//1629 1975//1609 1976//1610
f 1995//1629 1989//1623 1988//1622
f 1996//1630 1976//1610 1977//1611
f 1997//1631 1989//1623 1996//1630
f 1997//1631 1977//1611 1978//1612
f 1997//1631 1970//1604 1990//1624
f 1999//1633 1829//1463 1998//1632
f 2000//1634 1830//1464 1999//1633
f 1980//1614 1831//1465 2000//1634
f 2002//1636 1999//1633 1998//1632
f 2004//1638 1999//1633 2003//1637
f 2004//1638 1981//1615 1982//1616
f 2004//1638 1980//1614 2000//1634
f 2010//1644 2001//1635 2009//1643
f 2011//1645 2002//1636 2010//1644
f 2011//1645 1983//1617 1984//1618
f 2011//1645 1981//1615 2003//1637
f 2012//1646 1934//1568 1940//1574
f 2012//1646 1915//1549 1986//1620
f 2013//1647 2005//1639 2012//1646
f 2013//1647 1986//1620 1987//1621
f 2014//1648 2006//1640 2013//1647
f 2014//1648 1987//1621 1988//1622
f 2015//1649 2007//1641 2014//1648
f 2015//1649 1988//1622 1989//1623
f 2016//1650 2008//1642 2015//1649
f 2016//1650 1989//1623 1990//1624
f 2017//1651 2009//1643 2016//1650
f 2017//1651 1990//1624 1991//1625
f 2017//1651 1983//1617 2010//1644
f 2018//1652 1759//1393 1946//1580
f 2018//1652 1844//1478 1843//1477
f 2019//1653 1845//1479 1844//1478
f 2020//1654 1846//1480 1845//1479
f 2021//1655 1847//1481 1846//1480
f 2023//1657 1847//1481 2022//1656
f 1998//1632 1848//1482 2023//1657
f 2024//1658 1946//1580 1952//1586
f 2024//1658 2019//1653 2018//1652
f 2025//1659 2020//1654 2019//1653
f 2026//1660 2021//1655 2020//1654
f 2027//1661 2022//1656 2021//1655
f 2029//1663 2022//1656 2028//1662
f 2029//1663 2001//1635 2002//1636
f 2029//1663 1998//1632 2023//1657
f 2030//1664 1952//1586 1957//1591
f 2030//1664 1934//1568 2005//1639
f 2031//1665 2024//1658 2030//1664
f 2006//1640 2030//1664 2005//1639
f 2032//1666 2025//1659 2031//1665
f 2007//1641 2031//1665 2006//1640
f 2033//1667 2026//1660 2032//1666
f 2008//1642 2032//1666 2007//1641
f 2034//1668 2027//1661 2033//1667
f 2034//1668 2008//1642 2009//1643
f 2034//1668 2001//1635 2028//1662
f 1623//1260 1853//1487 2035//1669
f 2037//1671 1623//1260 2035//1669
f 2038//1672 1604//1241 1626//1263
f 2039//1673 2036//1670 2038//1672
f 2039//1673 1626//1263 1627//1264
f 2039//1673 1625//1262 2037//1671
f 2041//1675 1853//1487 1858//1492
f 2043//1677 2040//1674 2042//1676
f 2043//1677 2036//1670 2037//1671
f 2043//1677 2035//1669 2041//1675
f 2044//1678 1958//1592 2038//1672
f 2044//1678 2036//1670 2042//1676
f 2045//1679 1811//1445 1980//1614
f 2046//1680 1861//1495 2045//1679
f 2046//1680 2040//1674 2041//1675
f 2046//1680 1858//1492 1862//1496
f 2047//1681 1980//1614 1982//1616
f 2047//1681 2040//1674 2045//1679
f 2048//1682 1982//1616 1985//1619
f 2048//1682 1969//1603 2044//1678
f 2048//1682 2042//1676 2047//1681
f 4//4 3//3 1//1
f 8//8 5//5 6//6
f 13//13 12//12 7//7
f 13//13 8//8 9//9
f 15//15 10//10 11//11
f 17//17 16//16 11//11
f 17//17 12//12 13//13
f 19//19 18//18 13//13
f 2//2 1//1 18//18
f 20//20 16//16 17//17
f 22//22 21//21 17//17
f 22//22 18//18 1//1
f 23//23 4//4 2//2
f 28//28 24//24 25//25
f 32//30 31//26 26//26
f 33//31 32//30 27//27
f 33//31 28//28 29//29
f 37//26 36//26 30//26
f 38//33 37//26 31//26
f 38//33 32//30 33//31
f 40//35 39//34 33//31
f 6//6 5//5 39//34
f 43//38 42//37 35//26
f 43//38 36//26 37//26
f 44//26 37//26 38//33
f 46//40 45//39 38//33
f 46//40 8//8 7//7
f 46//40 39//34 5//5
f 47//41 9//9 6//6
f 49//43 48//42 41//36
f 49//43 42//37 43//38
f 51//45 50//44 43//38
f 51//45 11//11 10//10
f 52//26 51//45 44//26
f 52//26 12//12 11//11
f 52//26 45//39 7//7
f 53//46 48//42 49//43
f 54//47 49//43 50//44
f 55//48 50//44 10//10
f 56//49 55//48 15//15
f 57//50 54//47 55//48
f 58//51 55//48 56//49
f 20//20 59//52 56//49
f 68//59 67//58 65//56
f 68//59 64//55 63//54
f 68//59 66//57 62//53
f 71//62 66//57 65//56
f 72//63 70//61 65//56
f 78//69 77//68 73//64
f 78//69 74//65 75//66
f 82//73 81//72 76//67
f 83//74 82//73 77//68
f 84//75 83//74 78//69
f 90//81 89//80 85//76
f 90//81 74//65 73//64
f 90//81 86//77 87//78
f 75//66 74//65 90//81
f 95//86 94//85 88//79
f 95//86 77//68 76//67
f 95//86 89//80 73//64
f 96//87 79//70 75//66
f 99//90 98//89 92//83
f 100//91 99//90 93//84
f 100//91 81//72 80//71
f 100//91 94//85 76//67
f 103//94 86//77 85//76
f 87//78 86//77 103//94
f 107//97 106//96 101//92
f 107//97 89//80 88//79
f 107//97 102//93 85//76
f 108//98 91//82 87//78
f 110//100 93//84 92//83
f 111//101 110//100 105//53
f 111//101 94//85 93//84
f 111//101 106//96 88//79
f 114//104 98//89 97//88
f 114//104 109//99 92//83
f 116//106 102//93 101//92
f 117//107 103//94 102//93
f 118//108 104//95 103//94
f 121//109 106//96 105//53
f 121//109 115//105 101//92
f 124//53 123//53 119//53
f 124//53 110//100 109//99
f 124//53 120//53 105//53
f 126//53 113//103 112//102
f 127//53 126//53 122//53
f 127//53 114//104 113//103
f 127//53 123//53 109//99
f 130//112 116//106 115//105
f 117//107 116//106 130//112
f 132//114 118//108 117//107
f 135//115 120//53 119//53
f 136//116 135//115 128//110
f 136//116 121//109 120//53
f 136//116 129//111 115//105
f 139//53 138//53 133//53
f 139//53 123//53 122//53
f 139//53 134//53 119//53
f 140//53 125//53 60//53
f 141//53 140//53 137//53
f 141//53 126//53 125//53
f 141//53 138//53 122//53
f 144//119 129//111 128//110
f 130//112 129//111 144//119
f 146//121 131//113 130//112
f 147//122 132//114 131//113
f 149//53 134//53 133//53
f 150//123 149//53 142//117
f 150//123 135//115 134//53
f 150//123 143//118 128//110
f 152//53 138//53 137//53
f 152//53 148//53 133//53
f 153//53 64//55 62//53
f 153//53 140//53 61//53
f 153//53 151//53 137//53
f 156//126 143//118 142//117
f 144//119 143//118 156//126
f 145//120 144//119 157//127
f 159//128 146//121 145//120
f 160//129 147//122 146//121
f 163//130 162//53 154//124
f 163//130 149//53 148//53
f 163//130 155//125 142//117
f 164//53 151//53 62//53
f 165//53 164//53 161//53
f 165//53 152//53 151//53
f 165//53 162//53 148//53
f 168//133 155//125 154//124
f 156//126 155//125 168//133
f 157//127 156//126 169//134
f 171//128 158//128 157//127
f 172//128 159//128 158//128
f 173//128 160//129 159//128
f 175//136 174//53 166//131
f 175//136 162//53 161//53
f 175//136 167//132 154//124
f 176//137 71//62 69//60
f 176//137 164//53 66//57
f 176//137 174//53 161//53
f 184//145 183//144 180//141
f 186//147 185//146 182//143
f 186//147 183//144 184//145
f 188//149 185//146 186//147
f 190//151 189//150 186//147
f 190//151 187//148 177//138
f 191//152 189//150 190//151
f 179//140 192//153 190//151
f 193//154 191//152 192//153
f 199//159 181//142 180//141
f 201//161 200//160 197//157
f 201//161 183//144 182//143
f 201//161 198//158 180//141
f 203//163 200//160 182//143
f 204//164 202//162 203//163
f 188//149 205//165 203//163
f 206//166 205//165 188//149
f 207//167 205//165 206//166
f 191//152 208//168 206//166
f 209//169 207//167 208//168
f 193//154 210//170 208//168
f 211//171 210//170 193//154
f 212//172 210//170 211//171
f 195//155 213//173 211//171
f 217//176 198//158 197//157
f 218//177 217//176 214//174
f 218//177 199//159 198//158
f 218//177 215//53 196//156
f 219//178 216//175 197//157
f 221//180 203//163 202//162
f 221//180 219//178 200//160
f 204//164 222//181 220//179
f 223//182 222//181 204//164
f 207//167 224//183 223//182
f 209//169 225//184 224//183
f 226//185 225//184 209//169
f 227//186 225//184 226//185
f 212//172 228//187 226//185
f 231//190 215//53 214//174
f 231//190 61//53 60//53
f 233//192 232//191 229//188
f 233//192 217//176 216//175
f 233//192 230//189 214//174
f 234//193 232//191 216//175
f 221//180 220//179 235//194
f 236//195 234//193 219//178
f 222//181 237//196 235//194
f 238//197 237//196 222//181
f 239//198 237//196 238//197
f 224//183 240//199 238//197
f 241//200 240//199 224//183
f 227//186 242//200 241//200
f 243//201 242//200 227//186
f 245//203 230//189 229//188
f 246//204 245//203 63//54
f 246//204 231//190 230//189
f 246//204 64//55 61//53
f 247//205 244//202 229//188
f 248//206 247//205 232//191
f 250//208 236//195 235//194
f 236//195 250//208 248//206
f 237//196 251//209 249//207
f 239//198 252//210 251//209
f 253//200 252//210 239//198
f 241//200 254//200 253//200
f 255//200 254//200 241//200
f 257//212 245//203 244//202
f 257//212 67//58 63//54
f 258//213 256//211 244//202
f 259//214 258//213 247//205
f 261//214 250//208 249//207
f 250//208 261//214 259//214
f 251//209 262//216 260//215
f 252//210 263//217 262//216
f 264//218 263//217 252//210
f 265//219 263//217 264//218
f 254//200 266//200 264//218
f 267//200 266//200 254//200
f 257//212 256//211 268//220
f 257//212 269//221 72//63
f 258//213 270//214 268//220
f 271//214 269//221 268//220
f 272//214 270//214 258//213
f 274//214 261//214 260//215
f 261//214 274//214 272//214
f 262//216 275//223 273//222
f 276//224 275//223 262//216
f 265//219 277//225 276//224
f 278//200 277//225 265//219
f 279//200 277//225 278//200
f 267//200 280//200 278//200
f 283//26 282//26 80//71
f 283//26 81//72 82//73
f 284//227 82//73 83//74
f 286//229 285//228 83//74
f 25//25 24//24 285//228
f 289//26 288//26 281//226
f 289//26 282//26 283//26
f 291//230 290//26 283//26
f 291//230 27//27 26//26
f 292//231 291//230 284//227
f 292//231 28//28 27//27
f 292//231 285//228 24//24
f 293//232 29//29 25//25
f 296//26 295//26 287//26
f 296//26 288//26 289//26
f 298//26 297//26 289//26
f 298//26 31//26 30//26
f 298//26 290//26 26//26
f 300//234 299//233 294//26
f 300//234 295//26 296//26
f 302//26 301//26 296//26
f 302//26 36//26 35//26
f 302//26 297//26 30//26
f 303//235 178//139 177//138
f 303//235 299//233 300//234
f 305//26 304//236 300//234
f 305//26 42//37 41//36
f 305//26 301//26 35//26
f 179//140 178//139 303//235
f 307//238 306//237 303//235
f 307//238 304//236 41//36
f 308//239 306//237 307//238
f 53//46 309//240 307//238
f 310//241 309//240 53//46
f 311//155 308//239 309//240
f 312//155 309//240 310//241
f 57//50 313//155 310//241
f 314//155 313//155 57//50
f 317//244 316//243 97//88
f 318//245 317//244 98//89
f 318//245 282//26 281//226
f 318//245 99//90 80//71
f 320//247 319//246 315//242
f 321//248 320//247 316//243
f 321//248 288//26 287//26
f 321//248 317//244 281//226
f 184//145 181//142 319//246
f 323//250 322//249 319//246
f 323//250 295//26 294//26
f 323//250 320//247 287//26
f 324//251 187//148 184//145
f 324//251 299//233 177//138
f 324//251 322//249 294//26
f 325//252 192//153 179//140
f 194//155 192//153 325//252
f 308//239 326//155 325//252
f 195//155 194//155 326//155
f 311//155 327//155 326//155
f 328//155 327//155 311//155
f 330//254 329//253 112//102
f 330//254 316//243 315//242
f 330//254 113//103 97//88
f 331//255 199//159 196//156
f 331//255 319//246 181//142
f 331//255 329//253 315//242
f 332//155 213//173 195//155
f 333//256 215//53 60//53
f 333//256 329//253 196//156
f 333//256 125//53 112//102
f 336//259 71//62 70//61
f 336//259 334//257 69//60
f 337//260 335//258 70//61
f 341//264 336//259 335//258
f 341//264 339//262 334//257
f 342//265 340//263 335//258
f 344//267 343//266 338//261
f 346//269 341//264 340//263
f 341//264 346//269 344//267
f 342//265 347//270 345//268
f 344//267 349//272 348//271
f 346//269 345//268 350//273
f 346//269 351//274 349//272
f 347//270 352//275 350//273
f 353//276 351//274 350//273
f 351//274 355//278 354//277
f 353//276 352//275 356//279
f 353//276 357//280 355//278
f 360//283 167//132 166//131
f 168//133 167//132 360//283
f 169//134 168//133 361//284
f 363//286 170//135 169//134
f 364//128 171//128 170//135
f 365//128 172//128 171//128
f 366//128 173//128 172//128
f 367//287 174//53 69//60
f 367//287 359//282 166//131
f 369//289 360//283 359//282
f 361//284 360//283 369//289
f 371//291 362//285 361//284
f 372//128 363//286 362//285
f 373//128 364//128 363//286
f 374//128 365//128 364//128
f 375//128 366//128 365//128
f 376//292 339//262 338//261
f 376//292 367//287 334//257
f 376//292 368//288 359//282
f 377//293 368//288 338//261
f 369//289 368//288 377//293
f 370//290 369//289 378//294
f 380//296 371//291 370//290
f 381//297 372//128 371//291
f 382//298 373//128 372//128
f 383//299 374//128 373//128
f 384//300 375//128 374//128
f 377//293 343//266 348//271
f 386//302 378//294 377//293
f 387//303 379//295 378//294
f 388//304 380//296 379//295
f 389//305 381//297 380//296
f 390//306 382//298 381//297
f 391//307 383//299 382//298
f 392//308 384//300 383//299
f 393//309 385//301 348//271
f 386//302 385//301 394//310
f 396//312 387//303 386//302
f 388//304 387//303 396//312
f 389//305 388//304 397//313
f 390//306 389//305 398//314
f 391//307 390//306 399//315
f 392//308 391//307 400//316
f 393//309 349//272 354//277
f 393//309 402//318 394//310
f 403//319 395//311 394//310
f 404//320 396//312 395//311
f 404//320 405//321 397//313
f 405//321 406//321 398//314
f 406//321 407//321 399//315
f 407//321 408//321 400//316
f 408//321 409//321 401//317
f 410//322 402//318 354//277
f 411//281 410//322 355//278
f 403//319 402//318 412//323
f 414//325 404//320 403//319
f 405//321 404//320 414//325
f 406//321 405//321 415//326
f 407//321 406//321 416//321
f 408//321 407//321 417//321
f 419//321 409//321 408//321
f 410//322 420//327 412//323
f 420//327 421//328 413//324
f 422//329 414//325 413//324
f 422//329 423//330 415//326
f 423//330 424//321 416//321
f 424//321 425//321 417//321
f 426//321 418//321 417//321
f 411//281 357//280 358//281
f 411//281 427//281 420//327
f 428//331 421//328 420//327
f 419//321 418//321 429//321
f 422//329 421//328 431//332
f 423//330 422//329 432//333
f 434//321 424//321 423//330
f 435//321 425//321 424//321
f 426//321 425//321 435//321
f 426//321 436//321 429//321
f 437//321 430//321 429//321
f 428//331 427//281 438//281
f 428//331 439//335 431//332
f 440//336 432//333 431//332
f 441//337 433//334 432//333
f 434//321 433//334 442//338
f 444//321 435//321 434//321
f 445//321 436//321 435//321
f 437//321 436//321 445//321
f 440//336 439//335 447//340
f 441//337 440//336 448//341
f 441//337 449//342 442//338
f 450//343 443//321 442//338
f 450//343 451//321 444//321
f 451//321 452//321 445//321
f 452//321 453//344 446//339
f 454//345 337//260 72//63
f 271//214 270//214 455//214
f 271//214 456//214 454//345
f 272//214 457//214 455//214
f 459//214 274//214 273//222
f 274//214 459//214 457//214
f 275//223 460//347 458//346
f 276//224 461//348 460//347
f 277//225 462//349 461//348
f 279//200 463//350 462//349
f 464//200 463//350 279//200
f 465//214 342//265 337//260
f 467//214 456//214 455//214
f 456//214 467//214 465//214
f 457//214 468//214 466//214
f 470//214 459//214 458//346
f 459//214 470//214 468//214
f 460//347 471//351 469//214
f 461//348 472//352 471//351
f 473//353 472//352 461//348
f 463//350 474//354 473//353
f 475//200 474//354 463//350
f 476//355 347//270 342//265
f 478//357 467//214 466//214
f 467//214 478//357 476//355
f 468//214 479//214 477//356
f 481//214 470//214 469//214
f 470//214 481//214 479//214
f 471//351 482//358 480//214
f 483//359 482//358 471//351
f 473//353 484//360 483//359
f 485//361 484//360 473//353
f 486//362 352//275 347//270
f 488//364 478//357 477//356
f 488//364 486//362 476//355
f 479//214 489//365 487//363
f 481//214 480//214 490//214
f 481//214 491//366 489//365
f 482//358 492//367 490//214
f 493//368 491//366 490//214
f 494//369 492//367 482//358
f 484//360 495//370 494//369
f 496//371 495//370 484//360
f 486//362 497//372 356//279
f 498//373 357//280 356//279
f 488//364 487//363 499//374
f 488//364 500//375 497//372
f 501//376 498//373 497//372
f 489//365 502//377 499//374
f 503//378 500//375 499//374
f 504//379 502//377 489//365
f 493//368 492//367 505//380
f 493//368 506//381 504//379
f 494//369 507//382 505//380
f 495//370 509//384 507//382
f 510//385 508//383 509//384
f 511//386 509//384 495//370
f 498//373 512//281 358//281
f 501//376 500//375 513//387
f 501//376 514//281 512//281
f 503//378 502//377 515//388
f 503//378 516//389 513//387
f 517//281 514//281 513//387
f 504//379 518//390 515//388
f 519//281 516//389 515//388
f 520//281 517//281 516//389
f 506//381 505//380 521//391
f 506//381 522//392 518//390
f 523//281 519//281 518//390
f 507//382 524//393 521//391
f 525//394 522//392 521//391
f 509//384 508//383 526//395
f 527//396 524//393 507//382
f 528//397 525//394 524//393
f 529//398 526//395 508//383
f 529//398 530//399 527//396
f 511//386 530//399 529//398
f 531//400 528//397 527//396
f 517//281 533//281 532//281
f 520//281 519//281 534//281
f 520//281 535//401 533//281
f 523//281 522//392 536//402
f 523//281 537//403 534//281
f 538//404 535//401 534//281
f 525//394 539//405 536//402
f 540//406 537//403 536//402
f 541//407 539//405 525//394
f 542//408 540//406 539//405
f 543//409 541//407 528//397
f 543//409 544//410 542//408
f 538//404 537//403 546//412
f 538//404 547//413 545//411
f 540//406 548//414 546//412
f 549//415 547//413 546//412
f 550//416 548//414 540//406
f 551//417 550//416 542//408
f 552//281 427//281 358//281
f 553//281 552//281 512//281
f 552//281 554//281 438//281
f 555//281 439//335 438//281
f 553//281 514//281 532//281
f 553//281 556//281 554//281
f 557//281 555//281 554//281
f 558//281 556//281 532//281
f 559//418 558//281 533//281
f 555//281 560//281 447//340
f 561//419 448//341 447//340
f 557//281 556//281 562//281
f 557//281 563//281 560//281
f 564//420 561//419 560//281
f 558//281 565//421 562//281
f 566//422 563//281 562//281
f 559//418 535//401 545//411
f 559//418 567//423 565//421
f 568//424 566//422 565//421
f 569//425 567//423 545//411
f 14//14 9//9 570//426
f 19//19 14//14 571//427
f 23//23 19//19 572//428
f 575//431 574//430 572//428
f 34//32 29//29 576//432
f 40//35 34//32 577//433
f 47//41 40//35 578//434
f 570//426 9//9 47//41
f 580//435 578//434 579//435
f 583//437 571//427 570//426
f 583//437 580//435 581//435
f 584//438 581//435 582//436
f 586//440 572//428 571//427
f 586//440 583//437 584//438
f 573//429 572//428 586//440
f 588//442 587//441 584//438
f 575//431 590//444 589//443
f 575//431 573//429 587//441
f 591//445 590//444 587//441
f 84//75 79//70 592//446
f 96//87 91//82 594//448
f 592//446 79//70 96//87
f 598//452 593//447 592//446
f 598//452 595//449 596//450
f 599//453 596//450 597//451
f 108//98 104//95 601//455
f 594//448 91//82 108//98
f 604//458 595//449 594//448
f 604//458 602//456 603//457
f 596//450 595//449 604//458
f 606//460 597//451 596//450
f 600//454 597//451 606//460
f 601//455 104//95 118//108
f 610//464 602//456 601//455
f 603//457 602//456 610//464
f 612//466 605//459 603//457
f 606//460 605//459 612//466
f 615//468 607//461 606//460
f 615//468 613//467 614//465
f 608//462 607//461 615//468
f 609//463 118//108 132//114
f 620//473 610//464 609//463
f 620//473 618//471 619//472
f 611//465 610//464 620//473
f 623//465 612//466 611//465
f 623//465 621//474 622//465
f 613//467 612//466 623//465
f 614//465 613//467 624//465
f 626//465 616//469 614//465
f 617//470 616//469 626//465
f 628//475 618//471 132//114
f 619//472 618//471 628//475
f 630//477 621//474 619//472
f 622//465 621//474 630//477
f 633//465 624//465 622//465
f 633//465 631//465 632//465
f 625//465 624//465 633//465
f 636//465 626//465 625//465
f 636//465 634//465 635//465
f 627//465 626//465 636//465
f 639//478 628//475 147//122
f 629//476 628//475 639//478
f 642//481 630//477 629//476
f 642//481 640//479 641//480
f 631//465 630//477 642//481
f 632//465 631//465 643//465
f 645//465 634//465 632//465
f 635//465 634//465 645//465
f 647//465 637//465 635//465
f 638//465 637//465 647//465
f 649//483 639//478 160//129
f 650//484 640//479 639//478
f 641//480 640//479 650//484
f 652//486 643//465 641//480
f 644//465 643//465 652//486
f 655//465 645//465 644//465
f 655//465 653//465 654//465
f 646//465 645//465 655//465
f 658//488 647//465 646//465
f 658//488 656//465 657//487
f 648//482 647//465 658//488
f 286//229 84//75 593//447
f 293//232 286//229 661//435
f 576//432 29//29 293//232
f 663//435 661//435 662//435
f 666//435 577//433 576//432
f 666//435 663//435 664//435
f 667//435 664//435 665//435
f 669//435 578//434 577//433
f 669//435 666//435 667//435
f 579//435 578//434 669//435
f 670//435 667//435 668//435
f 673//435 581//435 579//435
f 673//435 670//435 671//435
f 582//436 581//435 673//435
f 674//491 671//435 672//435
f 677//494 585//439 582//436
f 677//494 674//491 675//492
f 678//495 675//492 676//493
f 588//442 585//439 677//494
f 680//497 677//494 678//495
f 682//499 681//498 678//495
f 591//445 684//501 683//500
f 591//445 588//442 680//497
f 685//502 684//501 680//497
f 686//435 661//435 593//447
f 686//435 598//452 599//453
f 662//435 661//435 686//435
f 687//503 599//453 600//454
f 690//435 664//435 662//435
f 690//435 687//503 688//504
f 665//435 664//435 690//435
f 691//435 688//504 689//505
f 694//435 668//435 665//435
f 694//435 691//435 692//435
f 695//435 692//435 693//506
f 697//435 671//435 668//435
f 697//435 694//435 695//435
f 672//435 671//435 697//435
f 698//435 695//435 696//435
f 701//509 675//492 672//435
f 701//509 698//435 699//507
f 676//493 675//492 701//509
f 702//510 699//507 700//508
f 704//512 679//496 676//493
f 705//513 704//512 702//510
f 682//499 707//515 706//514
f 682//499 679//496 704//512
f 708//516 707//515 704//512
f 685//502 710//500 709//500
f 685//502 681//498 706//514
f 711//500 710//500 706//514
f 712//517 688//504 600//454
f 712//517 607//461 608//462
f 689//505 688//504 712//517
f 716//521 692//435 689//505
f 716//521 713//518 714//519
f 693//506 692//435 716//521
f 718//523 717//522 714//519
f 719//524 696//435 693//506
f 719//524 717//522 718//523
f 722//435 699//507 696//435
f 722//435 719//524 720//525
f 700//508 699//507 722//435
f 723//527 720//525 721//526
f 726//530 703//511 700//508
f 726//530 723//527 724//528
f 728//532 727//531 724//528
f 729//533 705//513 703//511
f 730//534 729//533 726//530
f 708//516 732//500 731//500
f 708//516 705//513 729//533
f 733//500 732//500 729//533
f 711//500 735//500 734//500
f 711//500 707//515 731//500
f 736//500 735//500 731//500
f 737//535 713//518 608//462
f 737//535 616//469 617//470
f 714//519 713//518 737//535
f 739//537 715//520 714//519
f 718//523 715//520 739//537
f 742//540 720//525 718//523
f 742//540 740//538 741//539
f 721//526 720//525 742//540
f 745//543 724//528 721//526
f 745//543 743//541 744//542
f 725//529 724//528 745//543
f 728//532 748//546 747//545
f 748//546 728//532 725//529
f 730//534 727//531 747//545
f 750//548 749//547 747//545
f 733//500 752//549 751//500
f 733//500 730//534 749//547
f 753//550 752//549 749//547
f 736//500 755//500 754//500
f 736//500 732//500 751//500
f 756//551 755//500 751//500
f 757//552 738//536 617//470
f 739//537 738//536 757//552
f 760//554 740//538 739//537
f 760//554 758//465 759//553
f 741//539 740//538 760//554
f 763//557 743//541 741//539
f 763//557 761//555 762//556
f 744//542 743//541 763//557
f 765//559 746//544 744//542
f 750//548 748//546 766//560
f 753//550 769//563 768//562
f 753//550 750//548 767//561
f 756//551 752//549 768//562
f 771//565 770//564 768//562
f 772//465 757//552 627//465
f 772//465 637//465 638//465
f 758//465 757//552 772//465
f 759//553 758//465 773//465
f 775//567 761//555 759//553
f 762//556 761//555 775//567
f 777//569 764//558 762//556
f 765//559 764//558 777//569
f 780//572 767//561 766//560
f 781//573 769//563 767//561
f 771//565 783//575 782//574
f 771//565 769//563 781//573
f 784//576 773//465 638//465
f 774//566 773//465 784//576
f 775//567 774//566 785//577
f 776//568 775//567 786//578
f 788//580 777//569 776//568
f 778//570 777//569 788//580
f 791//583 780//572 779//571
f 792//584 781//573 780//572
f 794//584 793//584 782//574
f 783//575 781//573 792//584
f 795//585 784//576 648//482
f 795//585 659//489 660//490
f 785//577 784//576 795//585
f 786//578 785//577 796//586
f 798//588 787//579 786//578
f 799//589 800//590 798//588
f 788//580 787//579 798//588
f 801//591 789//581 788//580
f 802//592 790//582 789//581
f 791//583 790//582 802//592
f 804//584 792//584 791//583
f 806//584 805//584 793//584
f 794//584 792//584 804//584
f 808//595 748//546 746//544
f 807//594 746//544 765//559
f 808//595 810//597 766//560
f 810//597 808//595 807//594
f 809//596 765//559 778//570
f 810//597 812//599 779//571
f 810//597 809//596 811//598
f 813//600 811//598 778//570
f 790//582 814//601 813//600
f 814//601 790//582 779//571
f 812//599 811//598 813//600
f 815//602 649//483 173//128
f 816//603 650//484 649//483
f 651//485 650//484 816//603
f 819//606 652//486 651//485
f 819//606 817//604 818//605
f 653//465 652//486 819//606
f 654//465 653//465 820//465
f 822//608 656//465 654//465
f 657//487 656//465 822//608
f 824//610 659//489 657//487
f 660//490 659//489 824//610
f 826//128 815//602 366//128
f 827//612 816//603 815//602
f 828//613 817//604 816//603
f 818//605 817//604 828//613
f 830//615 820//465 818//605
f 821//607 820//465 830//615
f 833//618 822//608 821//607
f 833//618 831//616 832//617
f 823//609 822//608 833//618
f 835//620 824//610 823//609
f 836//621 826//128 375//128
f 837//622 827//612 826//128
f 838//623 828//613 827//612
f 829//614 828//613 838//623
f 841//626 830//615 829//614
f 841//626 839//624 840//625
f 831//616 830//615 841//626
f 843//628 832//617 831//616
f 844//629 845//630 843//628
f 845//630 834//619 832//617
f 846//631 835//620 834//619
f 847//632 836//621 384//300
f 848//633 837//622 836//621
f 849//634 838//623 837//622
f 850//635 839//624 838//623
f 840//625 839//624 850//635
f 852//637 842//627 840//625
f 844//629 842//627 852//637
f 854//590 845//630 844//629
f 855//639 856//640 854//590
f 846//631 845//630 854//590
f 847//632 392//308 401//317
f 848//633 847//632 857//641
f 859//643 849//634 848//633
f 850//635 849//634 859//643
f 861//645 851//636 850//635
f 409//321 862//321 857//641
f 863//321 858//642 857//641
f 864//646 865//647 861//645
f 852//637 851//636 861//645
f 866//648 867//649 865//647
f 853//638 852//637 865//647
f 855//639 853//638 867//649
f 869//651 856//640 855//639
f 859//643 858//642 870//652
f 872//654 860//644 859//643
f 873//655 862//321 409//321
f 863//321 862//321 873//655
f 863//321 874//656 870//652
f 875//657 871//653 870//652
f 876//658 872//654 871//653
f 864//646 860//644 872//654
f 877//659 878//660 876//658
f 866//648 864//646 876//658
f 879//661 867//649 866//648
f 880//662 881//663 879//661
f 868//650 867//649 879//661
f 882//664 869//651 868//650
f 883//665 873//655 419//321
f 884//666 874//656 873//655
f 885//667 875//657 874//656
f 437//321 886//668 883//665
f 886//668 887//669 884//666
f 887//669 888//670 885//667
f 877//659 875//657 885//667
f 889//671 878//660 877//659
f 890//672 891//673 888//670
f 891//673 892//674 889//671
f 880//662 878//660 889//671
f 886//668 437//321 446//339
f 894//676 887//669 886//668
f 453//344 895//677 893//675
f 895//677 896//678 894//676
f 890//672 887//669 894//676
f 897//679 891//673 890//672
f 898//680 899//681 825//611
f 899//681 796//586 660//490
f 900//682 797//587 796//586
f 799//589 797//587 900//682
f 902//590 800//590 799//589
f 801//591 800//590 902//590
f 904//684 802//592 801//591
f 803//593 802//592 904//684
f 906//686 804//584 803//593
f 908//584 907//584 805//584
f 806//584 804//584 906//686
f 898//680 824//610 835//620
f 910//590 899//681 898//680
f 900//682 899//681 910//590
f 901//590 900//682 911//590
f 913//590 902//590 901//590
f 914//590 915//590 913//590
f 903//683 902//590 913//590
f 916//688 904//684 903//683
f 917//689 905//685 904//684
f 906//686 905//685 917//689
f 920//692 919//691 907//584
f 908//584 906//686 918//690
f 909//687 835//620 846//631
f 922//590 910//590 909//687
f 923//590 924//590 922//590
f 911//590 910//590 922//590
f 925//590 912//590 911//590
f 914//590 912//590 925//590
f 927//590 915//590 914//590
f 928//590 929//693 927//590
f 916//688 915//590 927//590
f 930//694 917//689 916//688
f 918//690 917//689 930//694
f 933//697 932//696 919//691
f 920//692 918//690 931//695
f 934//698 921//590 846//631
f 923//590 921//590 934//698
f 936//590 924//590 923//590
f 925//590 924//590 936//590
f 938//590 926//590 925//590
f 928//590 926//590 938//590
f 940//700 929//693 928//590
f 930//694 929//693 940//700
f 931//695 930//694 941//701
f 933//697 944//704 943//703
f 933//697 931//695 942//702
f 934//698 856//640 869//651
f 935//590 934//698 945//705
f 947//590 936//590 935//590
f 948//707 949//708 947//590
f 937//590 936//590 947//590
f 950//709 938//590 937//590
f 939//699 938//590 950//709
f 952//711 940//700 939//699
f 953//712 954//713 952//711
f 941//701 940//700 952//711
f 955//714 942//702 941//701
f 956//715 944//704 942//702
f 957//716 958//717 881//663
f 958//717 959//718 882//664
f 945//705 869//651 882//664
f 960//719 961//720 959//718
f 946//706 945//705 959//718
f 948//707 946//706 961//720
f 963//722 949//708 948//707
f 964//723 965//724 963//722
f 950//709 949//708 963//722
f 966//725 951//710 950//709
f 953//712 951//710 966//725
f 968//727 966//725 967//726
f 954//713 953//712 968//727
f 970//729 955//714 954//713
f 971//730 956//715 955//714
f 972//674 973//674 892//674
f 957//716 880//662 892//674
f 974//731 958//717 957//716
f 975//674 976//732 973//674
f 976//732 977//733 974//731
f 960//719 958//717 974//731
f 978//734 961//720 960//719
f 979//735 980//736 977//733
f 980//736 981//737 978//734
f 962//721 961//720 978//734
f 982//738 983//739 981//737
f 964//723 962//721 981//737
f 984//740 965//724 964//723
f 985//741 986//742 984//740
f 986//742 966//725 965//724
f 987//743 967//726 966//725
f 988//744 969//728 967//726
f 989//745 990//746 896//678
f 990//746 991//674 897//679
f 972//674 891//673 897//679
f 992//747 993//748 991//674
f 975//674 972//674 991//674
f 994//749 976//732 975//674
f 995//750 996//751 994//749
f 979//735 976//732 994//749
f 997//752 980//736 979//735
f 998//753 999//754 997//752
f 982//738 980//736 997//752
f 1000//755 983//739 982//738
f 985//741 983//739 1000//755
f 1002//757 986//742 985//741
f 987//743 986//742 1002//757
f 988//744 987//743 1003//758
f 970//729 969//728 1005//760
f 971//730 970//729 1006//761
f 1005//760 969//728 988//744
f 1010//765 1006//761 1005//760
f 1012//767 1007//762 1006//761
f 1012//767 1010//765 1011//766
f 1008//763 1007//762 1012//767
f 1009//764 988//744 1004//759
f 1016//771 1010//765 1009//764
f 1016//771 1014//769 1015//770
f 1011//766 1010//765 1016//771
f 1018//773 1013//768 1011//766
f 1019//774 3//3 4//4
f 1021//776 20//20 21//21
f 1022//777 21//21 22//22
f 1019//774 1023//778 22//22
f 1020//775 1024//779 1023//778
f 1020//775 4//4 23//23
f 1025//780 1022//777 1023//778
f 1026//781 1023//778 1024//779
f 1028//155 58//51 59//52
f 1021//776 1029//783 59//52
f 1030//784 1029//783 1021//776
f 1031//785 1028//155 1029//783
f 1032//786 1029//783 1030//784
f 1025//780 1033//787 1030//784
f 1034//788 1033//787 1025//780
f 1027//782 1035//789 1034//788
f 1036//790 1032//786 1033//787
f 1037//791 1033//787 1034//788
f 1038//792 1034//788 1035//789
f 1040//794 212//172 213//173
f 1040//794 1043//797 228//187
f 1044//798 1043//797 1040//794
f 1045//799 1043//797 1044//798
f 1042//796 1046//800 1044//798
f 1047//801 1045//799 1046//800
f 1051//200 242//200 243//201
f 1043//797 1052//805 243//201
f 1053//806 1052//805 1043//797
f 1047//801 1054//807 1053//806
f 1055//808 1054//807 1047//801
f 1049//803 1056//809 1055//808
f 1050//804 1057//810 1056//809
f 1051//200 1059//200 255//200
f 1060//200 1059//200 1051//200
f 1053//806 1061//200 1060//200
f 1054//807 1062//200 1061//200
f 1063//812 1062//200 1054//807
f 1064//200 1062//200 1063//812
f 1056//809 1065//813 1063//812
f 1066//814 1065//813 1056//809
f 1058//811 1067//815 1066//814
f 1059//200 1068//200 267//200
f 1069//200 1068//200 1059//200
f 1070//200 1068//200 1069//200
f 1061//200 1071//200 1069//200
f 1072//816 1071//200 1061//200
f 1064//200 1073//817 1072//816
f 1074//818 1073//817 1064//200
f 1075//819 1073//817 1074//818
f 1066//814 1076//820 1074//818
f 1077//821 1076//820 1066//814
f 1078//200 280//200 267//200
f 1070//200 1079//200 1078//200
f 1080//200 1079//200 1070//200
f 1072//816 1081//822 1080//200
f 1082//823 1081//822 1072//816
f 1075//819 1083//824 1082//823
f 1084//825 1083//824 1075//819
f 1085//826 1084//825 1076//820
f 1086//155 312//155 313//155
f 1087//155 313//155 314//155
f 1028//155 1088//155 314//155
f 1089//155 1087//155 1088//155
f 1031//785 1090//827 1088//155
f 1091//828 1090//827 1031//785
f 1092//829 1090//827 1091//828
f 1036//790 1093//830 1091//828
f 1094//831 1093//830 1036//790
f 1095//832 1094//831 1037//791
f 1096//833 1095//832 1038//792
f 1098//835 1097//834 1092//829
f 1099//836 1098//835 1093//830
f 1100//155 327//155 328//155
f 1086//155 1101//155 328//155
f 1102//155 1101//155 1086//155
f 1103//155 1100//155 1101//155
f 1104//155 1101//155 1102//155
f 1089//155 1105//155 1102//155
f 1106//837 1105//155 1089//155
f 1107//155 1104//155 1105//155
f 1108//838 1105//155 1106//837
f 1092//829 1109//839 1106//837
f 1095//832 1111//840 1110//840
f 1112//841 1111//840 1095//832
f 1113//842 1108//838 1109//839
f 1097//834 1114//843 1109//839
f 1115//844 1114//843 1097//834
f 1099//836 1116//840 1115//844
f 1099//836 1094//831 1110//840
f 1117//840 1116//840 1110//840
f 1117//840 1111//840 1112//841
f 1041//795 213//173 332//155
f 1100//155 1119//155 332//155
f 1042//796 1041//795 1119//155
f 1103//155 1120//155 1119//155
f 1121//155 1120//155 1103//155
f 1122//155 1120//155 1121//155
f 1107//155 1123//155 1121//155
f 1124//846 1123//155 1107//155
f 1125//155 1122//155 1123//155
f 1126//847 1123//155 1124//846
f 1113//842 1127//848 1124//846
f 1128//849 1127//848 1113//842
f 1129//850 1128//849 1114//843
f 1130//840 1129//850 1115//844
f 1117//840 1131//840 1130//840
f 1118//845 1132//840 1131//840
f 1133//851 1126//847 1127//848
f 1134//852 1127//848 1128//849
f 1135//853 1128//849 1129//850
f 1136//840 1129//850 1130//840
f 1137//840 1130//840 1131//840
f 1138//840 1131//840 1132//840
f 1140//854 1046//800 1042//796
f 1048//802 1046//800 1140//854
f 1122//155 1141//855 1140//854
f 1049//803 1048//802 1141//855
f 1125//155 1142//856 1141//855
f 1143//857 1142//856 1125//155
f 1050//804 1049//803 1142//856
f 1144//858 1142//856 1143//857
f 1133//851 1145//859 1143//857
f 1146//860 1145//859 1133//851
f 1147//861 1146//860 1134//852
f 1136//840 1148//840 1147//861
f 1137//840 1149//840 1148//840
f 1138//840 1150//840 1149//840
f 1139//840 1151//840 1150//840
f 1152//862 1144//858 1145//859
f 1153//863 1145//859 1146//860
f 1154//864 1146//860 1147//861
f 1155//840 1147//861 1148//840
f 1156//840 1148//840 1149//840
f 1157//840 1149//840 1150//840
f 1158//840 1150//840 1151//840
f 1160//865 1057//810 1050//804
f 1058//811 1057//810 1160//865
f 1152//862 1161//866 1160//865
f 1162//867 1161//866 1152//862
f 1163//868 1162//867 1153//863
f 1155//840 1164//869 1163//868
f 1156//840 1165//870 1164//869
f 1157//840 1166//871 1165//870
f 1158//840 1167//840 1166//871
f 1159//840 1168//840 1167//840
f 1169//872 1161//866 1162//867
f 1170//873 1162//867 1163//868
f 1171//874 1163//868 1164//869
f 1172//875 1164//869 1165//870
f 1173//876 1165//870 1166//871
f 1174//877 1166//871 1167//840
f 1175//878 1167//840 1168//840
f 1177//880 1067//815 1058//811
f 1169//872 1178//881 1177//880
f 1179//882 1178//881 1169//872
f 1171//874 1180//883 1179//882
f 1172//875 1181//884 1180//883
f 1173//876 1182//885 1181//884
f 1174//877 1183//886 1182//885
f 1175//878 1184//887 1183//886
f 1176//879 1185//888 1184//887
f 1186//889 1077//821 1067//815
f 1178//881 1187//890 1186//889
f 1179//882 1188//891 1187//890
f 1189//892 1188//891 1179//882
f 1190//893 1189//892 1180//883
f 1191//894 1190//893 1181//884
f 1192//895 1191//894 1182//885
f 1193//896 1192//895 1183//886
f 1194//897 1193//896 1184//887
f 1085//826 1196//899 1195//898
f 1186//889 1196//899 1085//826
f 1198//901 1196//899 1186//889
f 1198//901 1199//902 1197//900
f 1188//891 1199//902 1198//901
f 1200//903 1199//902 1188//891
f 1201//904 1200//903 1189//892
f 1202//904 1201//904 1190//893
f 1203//904 1202//904 1191//894
f 1204//904 1203//904 1192//895
f 1205//904 1204//904 1193//896
f 1078//200 1206//905 464//200
f 1079//200 1207//906 1206//905
f 1208//907 1207//906 1079//200
f 1209//908 1207//906 1208//907
f 1081//822 1210//909 1208//907
f 1211//910 1210//909 1081//822
f 1213//912 1211//910 1082//823
f 1213//912 1214//913 1212//911
f 1084//825 1214//913 1213//912
f 1215//914 474//354 475//200
f 1206//905 1216//915 475//200
f 1217//916 1216//915 1206//905
f 1209//908 1218//917 1217//916
f 1219//918 1218//917 1209//908
f 1220//919 1219//918 1210//909
f 1212//911 1221//920 1220//919
f 1222//921 1221//920 1212//911
f 1215//914 1223//922 485//361
f 1224//923 1223//922 1215//914
f 1217//916 1225//924 1224//923
f 1227//926 1225//924 1217//916
f 1227//926 1228//927 1226//925
f 1219//918 1228//927 1227//926
f 1230//928 1228//927 1219//918
f 1230//928 1231//921 1229//921
f 1221//920 1231//921 1230//928
f 1232//921 1231//921 1221//920
f 1233//929 496//371 485//361
f 1224//923 1234//930 1233//929
f 1235//931 1234//930 1224//923
f 1226//925 1236//932 1235//931
f 1237//921 1236//932 1226//925
f 1229//921 1238//933 1237//921
f 1239//921 1238//933 1229//921
f 1240//934 511//386 496//371
f 1241//935 1240//934 1233//929
f 1235//931 1242//936 1241//935
f 1236//932 1243//937 1242//936
f 1245//939 1243//937 1236//932
f 1245//939 1246//940 1244//938
f 1238//933 1246//940 1245//939
f 1247//941 1246//940 1238//933
f 1248//942 530//399 511//386
f 1248//942 1249//943 531//400
f 1241//935 1249//943 1248//942
f 1251//945 1249//943 1241//935
f 1251//945 1252//946 1250//944
f 1243//937 1252//946 1251//945
f 1244//938 1253//947 1252//946
f 1254//948 1253//947 1244//938
f 1255//949 543//409 531//400
f 1255//949 1256//950 544//410
f 1250//944 1256//950 1255//949
f 1257//951 1256//950 1250//944
f 1253//947 1258//952 1257//951
f 1259//953 1258//952 1253//947
f 1260//954 551//417 544//410
f 1257//951 1261//955 1260//954
f 1262//956 1261//955 1257//951
f 1263//957 1261//955 1262//956
f 1259//953 1264//958 1262//956
f 1195//898 1265//921 1214//913
f 1266//959 1265//921 1195//898
f 1197//900 1267//960 1266//959
f 1268//961 1267//960 1197//900
f 1200//903 1269//962 1268//961
f 1270//963 1269//962 1200//903
f 1271//904 1270//963 1201//904
f 1272//904 1271//904 1202//904
f 1273//904 1272//904 1203//904
f 1274//904 1273//904 1204//904
f 1265//921 1275//921 1222//921
f 1277//964 1275//921 1265//921
f 1277//964 1278//965 1276//921
f 1267//960 1278//965 1277//964
f 1280//967 1278//965 1267//960
f 1280//967 1281//968 1279//966
f 1269//962 1281//968 1280//967
f 1282//969 1281//968 1269//962
f 1283//904 1282//969 1270//963
f 1284//904 1283//904 1271//904
f 1285//904 1284//904 1272//904
f 1286//904 1285//904 1273//904
f 1232//921 1288//921 1287//921
f 1275//921 1288//921 1232//921
f 1276//921 1289//921 1288//921
f 1290//970 1289//921 1276//921
f 1279//966 1291//971 1290//970
f 1292//972 1291//971 1279//966
f 1282//969 1293//973 1292//972
f 1294//974 1293//973 1282//969
f 1295//904 1294//974 1283//904
f 1296//975 1295//904 1284//904
f 1297//976 1296//975 1285//904
f 1287//921 1298//921 1239//921
f 1299//921 1298//921 1287//921
f 1289//921 1300//921 1299//921
f 1302//977 1300//921 1289//921
f 1302//977 1303//978 1301//921
f 1291//971 1303//978 1302//977
f 1305//980 1303//978 1291//971
f 1305//980 1306//981 1304//979
f 1293//973 1306//981 1305//980
f 1294//974 1307//982 1306//981
f 1308//904 1307//982 1294//974
f 1309//983 1308//904 1295//904
f 1310//984 1309//983 1296//975
f 1247//941 1312//986 1311//985
f 1298//921 1312//986 1247//941
f 1314//921 1312//986 1298//921
f 1314//921 1315//988 1313//987
f 1300//921 1315//988 1314//921
f 1301//921 1316//989 1315//988
f 1317//990 1316//989 1301//921
f 1304//979 1318//991 1317//990
f 1320//993 1318//991 1304//979
f 1307//982 1321//994 1320//993
f 1322//995 1321//994 1307//982
f 1323//996 1322//995 1308//904
f 1310//984 1324//997 1323//996
f 1311//985 1325//998 1254//948
f 1326//999 1325//998 1311//985
f 1313//987 1327//1000 1326//999
f 1328//1001 1327//1000 1313//987
f 1316//989 1329//1002 1328//1001
f 1331//1004 1329//1002 1316//989
f 1331//1004 1332//1005 1330//1003
f 1318//991 1332//1005 1331//1004
f 1336//1009 1332//1005 1318//991
f 1336//1009 1337//1010 1333//1006
f 1321//994 1337//1010 1336//1009
f 1322//995 1338//1011 1337//1010
f 1323//996 1339//1012 1338//1011
f 1340//1013 1335//1008 1334//1007
f 1340//1013 1339//1012 1323//996
f 1340//1013 1324//997 1319//992
f 1325//998 1341//1014 1259//953
f 1342//1015 1341//1014 1325//998
f 1327//1000 1343//1016 1342//1015
f 1345//1018 1343//1016 1327//1000
f 1345//1018 1346//1019 1344//1017
f 1329//1002 1346//1019 1345//1018
f 1330//1003 1347//1020 1346//1019
f 1349//1022 1347//1020 1330//1003
f 1333//1006 1350//1023 1349//1022
f 1352//1025 1351//1024 1334//1007
f 1353//1026 1350//1023 1333//1006
f 1338//1011 1354//1027 1353//1026
f 1355//1028 1354//1027 1338//1011
f 1355//1028 1339//1012 1334//1007
f 1356//1029 1264//958 1259//953
f 1357//1030 1356//1029 1341//1014
f 1358//1031 1357//1030 1342//1015
f 1344//1017 1359//1032 1358//1031
f 1360//1033 1359//1032 1344//1017
f 1347//1020 1361//1034 1360//1033
f 1364//1037 1361//1034 1347//1020
f 1364//1037 1365//1038 1362//1035
f 1350//1023 1365//1038 1364//1037
f 1368//1041 1367//1040 1351//1024
f 1368//1041 1352//1025 1348//1021
f 1369//1042 1365//1038 1350//1023
f 1369//1042 1370//1043 1366//1039
f 1354//1027 1370//1043 1369//1042
f 1371//1044 1367//1040 1366//1039
f 1371//1044 1370//1043 1354//1027
f 1371//1044 1355//1028 1351//1024
f 1372//1045 1024//779 23//23
f 1027//782 1024//779 1372//1045
f 1372//1045 574//430 589//443
f 1375//500 1374//1047 589//443
f 1373//1046 1376//1048 1035//789
f 1373//1046 1372//1045 1374//1047
f 1377//1049 1376//1048 1374//1047
f 1378//1050 1039//793 1035//789
f 1375//500 590//444 683//500
f 1380//500 1379//500 683//500
f 1377//1049 1382//1052 1381//1051
f 1377//1049 1375//500 1379//500
f 1383//500 1382//1052 1379//500
f 1378//1050 1384//1053 1096//833
f 1378//1050 1376//1048 1381//1051
f 1385//1054 1384//1053 1381//1051
f 1380//500 684//501 709//500
f 1387//500 1386//500 709//500
f 1383//500 1389//500 1388//1055
f 1383//500 1380//500 1386//500
f 1390//500 1389//500 1386//500
f 1391//1056 1112//841 1096//833
f 1385//1054 1392//1057 1391//1056
f 1385//1054 1382//1052 1388//1055
f 1393//1058 1392//1057 1388//1055
f 1118//845 1112//841 1391//1056
f 1395//1060 1394//1059 1391//1056
f 1396//1061 1395//1060 1392//1057
f 1387//500 710//500 734//500
f 1398//500 1397//500 734//500
f 1390//500 1400//500 1399//500
f 1390//500 1387//500 1397//500
f 1401//500 1400//500 1397//500
f 1393//1058 1389//500 1399//500
f 1403//500 1402//1062 1399//500
f 1394//1059 1404//1063 1132//840
f 1395//1060 1405//1064 1404//1063
f 1396//1061 1406//1065 1405//1064
f 1396//1061 1393//1058 1402//1062
f 1407//1066 1406//1065 1402//1062
f 1139//840 1132//840 1404//1063
f 1409//1067 1408//840 1404//1063
f 1410//1068 1409//1067 1405//1064
f 1398//500 735//500 754//500
f 1412//1069 1411//500 754//500
f 1413//1070 1412//1069 755//500
f 1401//500 1415//500 1414//500
f 1401//500 1398//500 1411//500
f 1416//1071 1415//500 1411//500
f 1403//500 1400//500 1414//500
f 1418//500 1417//500 1414//500
f 1407//1066 1420//1073 1419//1072
f 1407//1066 1403//500 1417//500
f 1421//500 1420//1073 1417//500
f 1408//840 1422//840 1151//840
f 1409//1067 1423//1074 1422//840
f 1410//1068 1424//1075 1423//1074
f 1410//1068 1406//1065 1419//1072
f 1425//1076 1424//1075 1419//1072
f 1159//840 1151//840 1422//840
f 1426//840 1422//840 1423//1074
f 1428//1078 1427//1077 1423//1074
f 1428//1078 1424//1075 1425//1076
f 1413//1070 1431//1081 1430//1080
f 1413//1070 756//551 770//564
f 1416//1071 1433//1083 1432//1082
f 1416//1071 1412//1069 1430//1080
f 1434//1084 1433//1083 1430//1080
f 1418//500 1415//500 1432//1082
f 1436//1086 1435//1085 1432//1082
f 1421//500 1438//1088 1437//1087
f 1421//500 1418//500 1435//1085
f 1439//1089 1438//1088 1435//1085
f 1425//1076 1420//1073 1437//1087
f 1441//1091 1440//1090 1437//1087
f 1426//840 1442//840 1168//840
f 1427//1077 1443//840 1442//840
f 1444//1092 1443//840 1427//1077
f 1429//1079 1445//1093 1444//1092
f 1429//1079 1425//1076 1440//1090
f 1446//1094 1445//1093 1440//1090
f 1176//879 1168//840 1442//840
f 1448//1096 1447//1095 1442//840
f 1431//1081 770//564 782//574
f 1434//1084 1451//1099 1450//1098
f 1434//1084 1431//1081 1449//1097
f 1436//1086 1433//1083 1450//1098
f 1453//1101 1452//1100 1450//1098
f 1439//1089 1455//1103 1454//1102
f 1439//1089 1436//1086 1452//1100
f 1441//1091 1438//1088 1454//1102
f 1457//1105 1456//1104 1454//1102
f 1444//1092 1459//1107 1458//1106
f 1460//1108 1459//1107 1444//1092
f 1446//1094 1461//1109 1460//1108
f 1446//1094 1441//1091 1456//1104
f 1447//1095 1462//1110 1185//888
f 1448//1096 1463//1111 1462//1110
f 1448//1096 1443//840 1458//1106
f 1464//1112 1463//1111 1458//1106
f 1464//1112 1459//1107 1460//1108
f 1466//1114 1465//1113 1460//1108
f 1449//1097 782//574 793//584
f 1468//1115 1451//1099 1449//1097
f 1453//1101 1470//1117 1469//1116
f 1453//1101 1451//1099 1468//1115
f 1471//1118 1455//1103 1452//1100
f 1457//1105 1473//1120 1472//1119
f 1457//1105 1455//1103 1471//1118
f 1461//1109 1456//1104 1472//1119
f 1475//1122 1194//897 1185//888
f 1476//1123 1475//1122 1462//1110
f 1464//1112 1477//1124 1476//1123
f 1465//1113 1478//1125 1477//1124
f 1466//1114 1479//1126 1478//1125
f 1466//1114 1461//1109 1474//1121
f 1467//584 793//584 805//584
f 1481//584 1468//1115 1467//584
f 1483//584 1482//584 1469//1116
f 1470//1117 1468//1115 1481//584
f 1471//1118 1469//1116 1482//584
f 1486//1129 1485//1128 1472//1119
f 1473//1120 1471//1118 1484//1127
f 1474//1121 1472//1119 1485//1128
f 1489//1132 1205//904 1194//897
f 1490//1133 1489//1132 1475//1122
f 1477//1124 1491//1134 1490//1133
f 1478//1125 1492//1135 1491//1134
f 1493//1136 1488//1131 1487//1130
f 1493//1136 1492//1135 1478//1125
f 1493//1136 1479//1126 1474//1121
f 1480//584 805//584 907//584
f 1495//584 1481//584 1480//584
f 1497//584 1496//1137 1482//584
f 1483//584 1481//584 1495//584
f 1484//1127 1482//584 1496//1137
f 1486//1129 1500//1140 1499//1139
f 1500//1140 1486//1129 1484//1127
f 1503//1143 1502//1142 1487//1130
f 1503//1143 1488//1131 1485//1128
f 1504//1144 1274//904 1205//904
f 1505//1145 1504//1144 1489//1132
f 1491//1134 1506//1146 1505//1145
f 1507//1147 1502//1142 1501//1141
f 1507//1147 1506//1146 1491//1134
f 1507//1147 1492//1135 1487//1130
f 1494//584 907//584 919//691
f 1509//1149 1495//584 1494//584
f 1511//1151 1510//1150 1496//1137
f 1497//584 1495//584 1509//1149
f 1498//1138 1496//1137 1510//1150
f 1516//1156 1513//1153 1512//1152
f 1516//1156 1515//1155 1499//1139
f 1516//1156 1500//1140 1498//1138
f 1518//1154 1517//1157 1501//1141
f 1519//1158 1515//1155 1514//1154
f 1519//1158 1518//1154 1502//1142
f 1519//1158 1503//1143 1499//1139
f 1520//1159 1286//904 1274//904
f 1505//1145 1521//1160 1520//1159
f 1522//1161 1521//1160 1505//1145
f 1522//1161 1506//1146 1501//1141
f 1508//1148 919//691 932//696
f 1524//1163 1509//1149 1508//1148
f 1526//1165 1525//1164 1510//1150
f 1526//1165 1511//1151 1509//1149
f 1528//1167 1527//1166 1512//1152
f 1528//1167 1513//1153 1510//1150
f 1531//1170 1530//1169 1514//1154
f 1531//1170 1515//1155 1512//1152
f 1534//1154 1530//1169 1529//1168
f 1534//1154 1533//1154 1517//1157
f 1534//1154 1518//1154 1514//1154
f 1520//1159 1535//1172 1297//976
f 1536//1173 1535//1172 1520//1159
f 1537//1174 1533//1154 1532//1171
f 1537//1174 1536//1173 1521//1160
f 1537//1174 1522//1161 1517//1157
f 1523//1162 932//696 943//703
f 1539//1176 1538//1175 943//703
f 1540//1177 1524//1163 1523//1162
f 1543//1180 1542//1179 1525//1164
f 1543//1180 1526//1165 1524//1163
f 1546//1183 1542//1179 1541//1178
f 1546//1183 1545//1182 1527//1166
f 1546//1183 1528//1167 1525//1164
f 1549//1186 1548//1185 1529//1168
f 1550//1187 1545//1182 1544//1181
f 1550//1187 1549//1186 1530//1169
f 1550//1187 1531//1170 1527//1166
f 1553//1190 1548//1185 1547//1184
f 1553//1190 1552//1189 1532//1171
f 1553//1190 1533//1154 1529//1168
f 1554//1191 1310//984 1297//976
f 1555//1192 1552//1189 1551//1188
f 1555//1192 1554//1191 1535//1172
f 1555//1192 1536//1173 1532//1171
f 1539//1176 1557//1194 1556//1193
f 1539//1176 944//704 956//715
f 1540//1177 1538//1175 1556//1193
f 1559//1196 1558//1195 1556//1193
f 1561//1198 1560//1197 1541//1178
f 1543//1180 1562//1199 1561//1198
f 1562//1199 1543//1180 1540//1177
f 1565//1202 1564//1201 1544//1181
f 1565//1202 1545//1182 1541//1178
f 1566//1203 1565//1202 1560//1197
f 1568//1205 1567//1204 1547//1184
f 1569//1206 1564//1201 1563//1200
f 1569//1206 1568//1205 1548//1185
f 1569//1206 1549//1186 1544//1181
f 1571//1208 1570//1207 1551//1188
f 1571//1208 1552//1189 1547//1184
f 1572//1209 1570//1207 1319//992
f 1572//1209 1324//997 1310//984
f 1572//1209 1554//1191 1551//1188
f 1573//1210 1557//1194 956//715
f 1559//1196 1575//1212 1574//1211
f 1559//1196 1557//1194 1573//1210
f 1562//1199 1577//1214 1576//1213
f 1562//1199 1558//1195 1574//1211
f 1578//1215 1577//1214 1574//1211
f 1580//1217 1579//1216 1563//1200
f 1581//1218 1580//1217 1564//1201
f 1566//1203 1582//1219 1581//1218
f 1566//1203 1561//1198 1576//1213
f 1583//1220 1582//1219 1576//1213
f 1586//1223 1585//1222 1567//1204
f 1586//1223 1568//1205 1563//1200
f 1587//1224 1586//1223 1579//1216
f 1588//1225 1587//1224 1580//1217
f 1589//1226 1335//1008 1319//992
f 1590//1227 1585//1222 1584//1221
f 1590//1227 1589//1226 1570//1207
f 1590//1227 1571//1208 1567//1204
f 1578//1215 1592//1229 1591//1228
f 1582//1219 1594//1231 1593//1230
f 1583//1220 1595//1232 1594//1231
f 1583//1220 1577//1214 1591//1228
f 1596//1233 1595//1232 1591//1228
f 1598//1235 1597//1234 1584//1221
f 1586//1223 1599//1236 1598//1235
f 1587//1224 1600//1237 1599//1236
f 1588//1225 1601//1238 1600//1237
f 1588//1225 1581//1218 1593//1230
f 1602//1239 1601//1238 1593//1230
f 1603//1240 1597//1234 1348//1021
f 1603//1240 1352//1025 1335//1008
f 1603//1240 1589//1226 1584//1221
f 1606//1243 1605//1242 1594//1231
f 1596//1233 1607//1244 1606//1243
f 1596//1233 1592//1229 1604//1241
f 1608//1245 1363//1036 1348//1021
f 1609//1246 1608//1245 1597//1234
f 1610//1247 1609//1246 1598//1235
f 1611//1248 1610//1247 1599//1236
f 1612//1249 1611//1248 1600//1237
f 1602//1239 1613//1250 1612//1249
f 1602//1239 1594//1231 1605//1242
f 1614//1251 1573//1210 971//730
f 1614//1251 1007//762 1008//763
f 1616//1253 1575//1212 1573//1210
f 1617//1254 1578//1215 1575//1212
f 1615//1252 1619//1256 1618//1255
f 1615//1252 1008//763 1013//768
f 1616//1253 1614//1251 1618//1255
f 1621//1258 1620//1257 1618//1255
f 1617//1254 1622//1259 1592//1229
f 1617//1254 1616//1253 1620//1257
f 1619//1256 1013//768 1018//773
f 1621//1258 1625//1262 1624//1261
f 1621//1258 1619//1256 1623//1260
f 1622//1259 1626//1263 1604//1241
f 1622//1259 1620//1257 1624//1261
f 1627//1264 1626//1263 1624//1261
f 449//342 448//341 1628//1265
f 450//343 449//342 1629//1266
f 451//321 450//343 1630//1267
f 452//321 451//321 1631//321
f 453//344 452//321 1632//1268
f 549//415 548//414 1635//1271
f 549//415 1636//1272 1634//1270
f 550//416 1637//1273 1635//1271
f 1638//1274 1636//1272 1635//1271
f 1639//1275 1637//1273 550//416
f 1638//1274 1637//1273 1641//1277
f 1638//1274 1642//1278 1640//1276
f 1639//1275 1643//1279 1641//1277
f 1644//1280 1642//1278 1641//1277
f 1642//1278 1646//1282 1645//1281
f 1644//1280 1643//1279 1647//1283
f 1644//1280 1648//1284 1646//1282
f 561//419 1649//1285 1628//1265
f 1649//1285 1650//1286 1629//1266
f 1651//1287 1630//1267 1629//1266
f 1651//1287 1652//1288 1631//321
f 1652//1288 1653//1289 1632//1268
f 1653//1289 1654//1290 1633//1269
f 564//420 563//281 1655//281
f 564//420 1656//1291 1649//1285
f 1657//1292 1650//1286 1649//1285
f 566//422 1659//1294 1655//281
f 1660//281 1656//1291 1655//281
f 568//424 567//423 1661//1295
f 568//424 1662//1296 1659//1294
f 1663//1297 1660//281 1659//1294
f 569//425 547//413 1634//1270
f 569//425 1664//1298 1661//1295
f 1665//1299 1662//1296 1661//1295
f 1666//1300 1664//1298 1634//1270
f 1651//1287 1650//1286 1667//1301
f 1652//1288 1651//1287 1668//1302
f 1670//1304 1653//1289 1652//1288
f 1671//1305 1654//1290 1653//1289
f 1657//1292 1656//1291 1672//1306
f 1657//1292 1673//1307 1667//1301
f 1674//1308 1668//1302 1667//1301
f 1675//1309 1669//1303 1668//1302
f 1675//1309 1676//1310 1670//1304
f 1676//1310 1677//1311 1671//1305
f 1658//1293 1654//1290 1671//1305
f 1660//281 1678//1312 1672//1306
f 1679//1313 1673//1307 1672//1306
f 1663//1297 1662//1296 1681//1315
f 1663//1297 1682//1316 1678//1312
f 1683//1317 1679//1313 1678//1312
f 1665//1299 1664//1298 1685//1319
f 1665//1299 1686//1320 1681//1315
f 1687//1321 1682//1316 1681//1315
f 1666//1300 1636//1272 1640//1276
f 1666//1300 1688//1322 1685//1319
f 1689//1323 1686//1320 1685//1319
f 1674//1308 1673//1307 1690//1324
f 1692//1326 1675//1309 1674//1308
f 1676//1310 1675//1309 1692//1326
f 1694//1328 1677//1311 1676//1310
f 1679//1313 1695//1329 1690//1324
f 1696//1330 1691//1325 1690//1324
f 1697//1331 1692//1326 1691//1325
f 1697//1331 1698//1332 1693//1327
f 1698//1332 1699//1333 1694//1328
f 1680//1314 1677//1311 1694//1328
f 1683//1317 1682//1316 1700//1334
f 1683//1317 1701//1335 1695//1329
f 1702//1336 1696//1330 1695//1329
f 1703//1337 1704//1338 1699//1333
f 1684//1318 1680//1314 1699//1333
f 1687//1321 1686//1320 1705//1339
f 1687//1321 1706//1340 1700//1334
f 1707//1341 1701//1335 1700//1334
f 1707//1341 1708//1342 1702//1336
f 1688//1322 1640//1276 1645//1281
f 1689//1323 1688//1322 1710//1344
f 1689//1323 1711//1345 1705//1339
f 1712//1346 1706//1340 1705//1339
f 1713//1347 1710//1344 1645//1281
f 1714//1348 1711//1345 1710//1344
f 1715//1349 1713//1347 1646//1282
f 1697//1331 1696//1330 1716//1350
f 1718//1352 1698//1332 1697//1331
f 1702//1336 1719//1353 1716//1350
f 1720//1354 1717//1351 1716//1350
f 1720//1354 1721//1355 1718//1352
f 1703//1337 1698//1332 1718//1352
f 1722//1356 1704//1338 1703//1337
f 1707//1341 1706//1340 1723//1357
f 1708//1342 1707//1341 1724//1358
f 1708//1342 1725//1359 1719//1353
f 1726//1360 1720//1354 1719//1353
f 1726//1360 1727//1361 1721//1355
f 1727//1361 1728//1362 1722//1356
f 1709//1343 1704//1338 1722//1356
f 1712//1346 1711//1345 1729//1363
f 1712//1346 1730//1364 1723//1357
f 1731//1365 1724//1358 1723//1357
f 1732//1366 1725//1359 1724//1358
f 1733//1367 1726//1360 1725//1359
f 1733//1367 1734//1368 1727//1361
f 1735//1369 1728//1362 1727//1361
f 1714//1348 1713//1347 1736//1370
f 1714//1348 1737//1371 1729//1363
f 1738//1372 1730//1364 1729//1363
f 1739//1373 1731//1365 1730//1364
f 1715//1349 1740//1374 1736//1370
f 1741//1375 1737//1371 1736//1370
f 1741//1375 1742//1376 1738//1372
f 1732//1366 1731//1365 1743//1377
f 1745//1379 1733//1367 1732//1366
f 1746//1380 1734//1368 1733//1367
f 1747//1381 1735//1369 1734//1368
f 1739//1373 1738//1372 1748//1382
f 1739//1373 1749//1383 1743//1377
f 1750//1384 1744//1378 1743//1377
f 1751//1385 1745//1379 1744//1378
f 1752//1386 1746//1380 1745//1379
f 1753//1387 1747//1381 1746//1380
f 1742//1376 1754//1388 1748//1382
f 1755//1389 1749//1383 1748//1382
f 1755//1389 1756//1390 1750//1384
f 1756//1390 1757//1391 1751//1385
f 1757//1391 1758//1392 1752//1386
f 1758//1392 1759//1393 1753//1387
f 1760//1394 895//677 453//344
f 1654//1290 1761//1395 1760//1394
f 989//745 895//677 1760//1394
f 1762//1396 990//746 989//745
f 1658//1293 1763//1397 1761//1395
f 1763//1397 1764//1398 1762//1396
f 992//747 990//746 1762//1396
f 1765//1399 993//748 992//747
f 1766//1400 1767//1401 1764//1398
f 1767//1401 1768//1402 1765//1399
f 995//750 993//748 1765//1399
f 1769//1403 996//751 995//750
f 1770//1404 1771//1405 1769//1403
f 998//753 996//751 1769//1403
f 1772//1406 999//754 998//753
f 1000//755 999//754 1772//1406
f 1774//1408 1001//756 1000//755
f 1775//1409 1002//757 1001//756
f 1003//758 1002//757 1775//1409
f 1004//759 1003//758 1776//1410
f 1778//1412 1763//1397 1658//1293
f 1680//1314 1779//1413 1778//1412
f 1766//1400 1763//1397 1778//1412
f 1780//1414 1767//1401 1766//1400
f 1781//1415 1768//1402 1767//1401
f 1782//1416 1779//1413 1680//1314
f 1782//1416 1783//1417 1780//1414
f 1783//1417 1784//1418 1781//1415
f 1770//1404 1768//1402 1781//1415
f 1785//1419 1771//1405 1770//1404
f 1772//1406 1771//1405 1785//1419
f 1787//1421 1773//1407 1772//1406
f 1788//1422 1789//1423 1787//1421
f 1774//1408 1773//1407 1787//1421
f 1775//1409 1774//1408 1789//1423
f 1791//1425 1776//1410 1775//1409
f 1792//1426 1793//1427 1791//1425
f 1777//1411 1776//1410 1791//1425
f 1794//1428 1782//1416 1684//1318
f 1795//1429 1783//1417 1782//1416
f 1796//1430 1784//1418 1783//1417
f 1785//1419 1784//1418 1796//1430
f 1798//1432 1786//1420 1785//1419
f 1709//1343 1799//1433 1794//1428
f 1799//1433 1800//1434 1795//1429
f 1801//1435 1796//1430 1795//1429
f 1802//1436 1797//1431 1796//1430
f 1802//1436 1803//1437 1798//1432
f 1788//1422 1786//1420 1798//1432
f 1804//1438 1789//1423 1788//1422
f 1805//1439 1790//1424 1789//1423
f 1806//1440 1807//1441 1805//1439
f 1792//1426 1790//1424 1805//1439
f 1808//1442 1793//1427 1792//1426
f 1809//1443 1810//1444 1808//1442
f 1812//1446 1799//1433 1709//1343
f 1813//1447 1800//1434 1799//1433
f 1814//1448 1801//1435 1800//1434
f 1815//1449 1802//1436 1801//1435
f 1816//1450 1803//1437 1802//1436
f 1817//1451 1804//1438 1803//1437
f 1735//1369 1818//1452 1812//1446
f 1818//1452 1819//1453 1813//1447
f 1819//1453 1820//1454 1814//1448
f 1820//1454 1821//1455 1815//1449
f 1821//1455 1822//1456 1816//1450
f 1822//1456 1823//1457 1817//1451
f 1806//1440 1804//1438 1817//1451
f 1824//1458 1807//1441 1806//1440
f 1825//1459 1826//1460 1823//1457
f 1826//1460 1827//1461 1824//1458
f 1809//1443 1807//1441 1824//1458
f 1828//1462 1810//1444 1809//1443
f 1830//1464 1827//1461 1826//1460
f 1830//1464 1831//1465 1828//1462
f 1811//1445 1810//1444 1828//1462
f 1832//1466 1818//1452 1735//1369
f 1819//1453 1818//1452 1832//1466
f 1820//1454 1819//1453 1833//1467
f 1821//1455 1820//1454 1834//1468
f 1836//1470 1822//1456 1821//1455
f 1837//1471 1832//1466 1747//1381
f 1837//1471 1838//1472 1833//1467
f 1838//1472 1839//1473 1834//1468
f 1839//1473 1840//1474 1835//1469
f 1840//1474 1841//1475 1836//1470
f 1825//1459 1822//1456 1836//1470
f 1842//1476 1826//1460 1825//1459
f 1843//1477 1837//1471 1753//1387
f 1844//1478 1838//1472 1837//1471
f 1845//1479 1839//1473 1838//1472
f 1846//1480 1840//1474 1839//1473
f 1847//1481 1841//1475 1840//1474
f 1847//1481 1848//1482 1842//1476
f 1829//1463 1826//1460 1842//1476
f 1849//1483 1014//769 1004//759
f 1850//1484 1015//770 1014//769
f 1851//1485 1852//1486 1850//1484
f 1017//772 1015//770 1850//1484
f 1018//773 1017//772 1852//1486
f 1854//1488 1849//1483 1777//1411
f 1851//1485 1849//1483 1854//1488
f 1856//1490 1852//1486 1851//1485
f 1857//1491 1858//1492 1856//1490
f 1853//1487 1852//1486 1856//1490
f 1859//1493 1854//1488 1793//1427
f 1810//1444 1860//1494 1859//1493
f 1855//1489 1854//1488 1859//1493
f 1811//1445 1861//1495 1860//1494
f 1857//1491 1855//1489 1860//1494
f 1862//1496 1858//1492 1857//1491
f 1260//954 1863//1497 1639//1275
f 1261//955 1864//1498 1863//1497
f 1263//957 1866//1500 1864//1498
f 1866//1500 1867//1501 1865//1499
f 1264//958 1867//1501 1866//1500
f 1868//1502 1643//1279 1639//1275
f 1870//1504 1868//1502 1863//1497
f 1870//1504 1871//1505 1869//1503
f 1865//1499 1871//1505 1870//1504
f 1872//1506 1871//1505 1865//1499
f 1873//1507 1647//1283 1643//1279
f 1873//1507 1874//1508 1648//1284
f 1869//1503 1874//1508 1873//1507
f 1875//1509 1874//1508 1869//1503
f 1876//1510 1875//1509 1871//1505
f 1356//1029 1877//1511 1867//1501
f 1357//1030 1878//1512 1877//1511
f 1879//1513 1878//1512 1357//1030
f 1359//1032 1880//1514 1879//1513
f 1360//1033 1881//1515 1880//1514
f 1882//1516 1881//1515 1360//1033
f 1362//1035 1883//1517 1882//1516
f 1887//1521 1883//1517 1362//1035
f 1887//1521 1888//1522 1884//1518
f 1366//1039 1888//1522 1887//1521
f 1888//1522 1889//1523 1885//1519
f 1367//1040 1889//1523 1888//1522
f 1890//1524 1886//1520 1885//1519
f 1368//1041 1890//1524 1889//1523
f 1890//1524 1368//1041 1363//1036
f 1877//1511 1891//1525 1872//1506
f 1893//1527 1891//1525 1877//1511
f 1893//1527 1894//1528 1892//1526
f 1879//1513 1894//1528 1893//1527
f 1895//1529 1894//1528 1879//1513
f 1897//1531 1895//1529 1880//1514
f 1897//1531 1898//1532 1896//1530
f 1882//1516 1898//1532 1897//1531
f 1899//1533 1898//1532 1882//1516
f 1884//1518 1900//1534 1899//1533
f 1901//1535 1900//1534 1884//1518
f 1902//1536 1901//1535 1885//1519
f 1874//1508 1903//1537 1715//1349
f 1875//1509 1904//1538 1903//1537
f 1876//1510 1906//1540 1904//1538
f 1891//1525 1906//1540 1876//1510
f 1906//1540 1907//1541 1905//1539
f 1892//1526 1907//1541 1906//1540
f 1909//1543 1907//1541 1892//1526
f 1909//1543 1910//1544 1908//1542
f 1895//1529 1910//1544 1909//1543
f 1896//1530 1911//1545 1910//1544
f 1916//1550 1911//1545 1896//1530
f 1916//1550 1917//1551 1912//1546
f 1899//1533 1917//1551 1916//1550
f 1918//1552 1913//1547 1912//1546
f 1900//1534 1918//1552 1917//1551
f 1919//1553 1914//1548 1913//1547
f 1901//1535 1919//1553 1918//1552
f 1920//1554 1915//1549 1914//1548
f 1902//1536 1920//1554 1919//1553
f 1903//1537 1921//1555 1740//1374
f 1921//1555 1922//1556 1741//1375
f 1922//1556 1923//1557 1742//1376
f 1924//1558 1921//1555 1903//1537
f 1924//1558 1925//1559 1922//1556
f 1905//1539 1925//1559 1924//1558
f 1926//1560 1923//1557 1922//1556
f 1928//1562 1925//1559 1905//1539
f 1928//1562 1929//1563 1926//1560
f 1908//1542 1929//1563 1928//1562
f 1929//1563 1930//1564 1927//1561
f 1935//1569 1929//1563 1908//1542
f 1935//1569 1936//1570 1930//1564
f 1911//1545 1936//1570 1935//1569
f 1936//1570 1937//1571 1931//1565
f 1912//1546 1937//1571 1936//1570
f 1937//1571 1938//1572 1932//1566
f 1913//1547 1938//1572 1937//1571
f 1938//1572 1939//1573 1933//1567
f 1914//1548 1939//1573 1938//1572
f 1939//1573 1940//1574 1934//1568
f 1915//1549 1940//1574 1939//1573
f 1923//1557 1941//1575 1754//1388
f 1941//1575 1942//1576 1755//1389
f 1943//1577 1756//1390 1755//1389
f 1944//1578 1757//1391 1756//1390
f 1945//1579 1758//1392 1757//1391
f 1946//1580 1759//1393 1758//1392
f 1947//1581 1941//1575 1923//1557
f 1947//1581 1948//1582 1942//1576
f 1927//1561 1948//1582 1947//1581
f 1949//1583 1943//1577 1942//1576
f 1950//1584 1944//1578 1943//1577
f 1951//1585 1945//1579 1944//1578
f 1952//1586 1946//1580 1945//1579
f 1953//1587 1948//1582 1927//1561
f 1953//1587 1954//1588 1949//1583
f 1931//1565 1954//1588 1953//1587
f 1954//1588 1955//1589 1950//1584
f 1955//1589 1954//1588 1931//1565
f 1955//1589 1956//1590 1951//1585
f 1956//1590 1955//1589 1932//1566
f 1956//1590 1957//1591 1952//1586
f 1957//1591 1956//1590 1933//1567
f 1960//1594 1959//1593 1605//1242
f 1607//1244 1961//1595 1960//1594
f 1607//1244 1604//1241 1958//1592
f 1962//1596 1886//1520 1363//1036
f 1609//1246 1963//1597 1962//1596
f 1610//1247 1964//1598 1963//1597
f 1611//1248 1965//1599 1964//1598
f 1612//1249 1966//1600 1965//1599
f 1967//1601 1966//1600 1612//1249
f 1613//1250 1605//1242 1959//1593
f 1960//1594 1972//1606 1971//1605
f 1973//1607 1969//1603 1968//1602
f 1973//1607 1972//1606 1960//1594
f 1973//1607 1961//1595 1958//1592
f 1974//1608 1902//1536 1886//1520
f 1963//1597 1975//1609 1974//1608
f 1964//1598 1976//1610 1975//1609
f 1965//1599 1977//1611 1976//1610
f 1966//1600 1978//1612 1977//1611
f 1979//1613 1971//1605 1970//1604
f 1979//1613 1978//1612 1966//1600
f 1979//1613 1967//1601 1959//1593
f 1985//1619 1982//1616 1981//1615
f 1985//1619 1984//1618 1968//1602
f 1991//1625 1990//1624 1970//1604
f 1992//1626 1984//1618 1983//1617
f 1992//1626 1991//1625 1971//1605
f 1992//1626 1972//1606 1968//1602
f 1993//1627 1986//1620 1915//1549
f 1993//1627 1920//1554 1902//1536
f 1993//1627 1994//1628 1987//1621
f 1994//1628 1993//1627 1974//1608
f 1994//1628 1995//1629 1988//1622
f 1995//1629 1994//1628 1975//1609
f 1995//1629 1996//1630 1989//1623
f 1996//1630 1995//1629 1976//1610
f 1997//1631 1990//1624 1989//1623
f 1997//1631 1996//1630 1977//1611
f 1997//1631 1978//1612 1970//1604
f 1999//1633 1830//1464 1829//1463
f 2000//1634 1831//1465 1830//1464
f 1980//1614 1811//1445 1831//1465
f 2002//1636 2003//1637 1999//1633
f 2004//1638 2000//1634 1999//1633
f 2004//1638 2003//1637 1981//1615
f 2004//1638 1982//1616 1980//1614
f 2010//1644 2002//1636 2001//1635
f 2011//1645 2003//1637 2002//1636
f 2011//1645 2010//1644 1983//1617
f 2011//1645 1984//1618 1981//1615
f 2012//1646 2005//1639 1934//1568
f 2012//1646 1940//1574 1915//1549
f 2013//1647 2006//1640 2005//1639
f 2013//1647 2012//1646 1986//1620
f 2014//1648 2007//1641 2006//1640
f 2014//1648 2013//1647 1987//1621
f 2015//1649 2008//1642 2007//1641
f 2015//1649 2014//1648 1988//1622
f 2016//1650 2009//1643 2008//1642
f 2016//1650 2015//1649 1989//1623
f 2017//1651 2010//1644 2009//1643
f 2017//1651 2016//1650 1990//1624
f 2017//1651 1991//1625 1983//1617
f 2018//1652 1843//1477 1759//1393
f 2018//1652 2019//1653 1844//1478
f 2019//1653 2020//1654 1845//1479
f 2020//1654 2021//1655 1846//1480
f 2021//1655 2022//1656 1847//1481
f 2023//1657 1848//1482 1847//1481
f 1998//1632 1829//1463 1848//1482
f 2024//1658 2018//1652 1946//1580
f 2024//1658 2025//1659 2019//1653
f 2025//1659 2026//1660 2020//1654
f 2026//1660 2027//1661 2021//1655
f 2027//1661 2028//1662 2022//1656
f 2029//1663 2023//1657 2022//1656
f 2029//1663 2028//1662 2001//1635
f 2029//1663 2002//1636 1998//1632
f 2030//1664 2024//1658 1952//1586
f 2030//1664 1957//1591 1934//1568
f 2031//1665 2025//1659 2024//1658
f 2006//1640 2031//1665 2030//1664
f 2032//1666 2026//1660 2025//1659
f 2007//1641 2032//1666 2031//1665
f 2033//1667 2027//1661 2026//1660
f 2008//1642 2033//1667 2032//1666
f 2034//1668 2028//1662 2027//1661
f 2034//1668 2033//1667 2008//1642
f 2034//1668 2009//1643 2001//1635
f 1623//1260 1018//773 1853//1487
f 2037//1671 1625//1262 1623//1260
f 2038//1672 1958//1592 1604//1241
f 2039//1673 2037//1671 2036//1670
f 2039//1673 2038//1672 1626//1263
f 2039//1673 1627//1264 1625//1262
f 2041//1675 2035//1669 1853//1487
f 2043//1677 2041//1675 2040//1674
f 2043//1677 2042//1676 2036//1670
f 2043//1677 2037//1671 2035//1669
f 2044//1678 1969//1603 1958//1592
f 2044//1678 2038//1672 2036//1670
f 2045//1679 1861//1495 1811//1445
f 2046//1680 1862//1496 1861//1495
f 2046//1680 2045//1679 2040//1674
f 2046//1680 2041//1675 1858//1492
f 2047//1681 2045//1679 1980//1614
f 2047//1681 2042//1676 2040//1674
f 2048//1682 2047//1681 1982//1616
f 2048//1682 1985//1619 1969//1603
f 2048//1682 2044//1678 2042//1676
